datetime_utc,timestamp,open,high,low,close,volume,turnover
2025-09-25 06:00:00+00:00,1758780000000,153.4,153.48,153.01,153.01,90.0,13792.87
2025-09-25 07:00:00+00:00,1758783600000,152.99,152.99,152.99,152.99,230.0,35187.7
2025-09-25 08:00:00+00:00,1758787200000,152.98,152.98,152.64,152.64,5200.0,794555.84
2025-09-25 09:00:00+00:00,1758790800000,152.14,152.14,151.9,151.9,570.0,86636.295
2025-09-25 10:00:00+00:00,1758794400000,152.9,152.9,152.9,152.9,100.0,15290.0
2025-09-25 11:00:00+00:00,1758798000000,151.06,151.13,149.8,149.99,3969.0,596325.1833
2025-09-25 12:00:00+00:00,1758801600000,150.0,153.0,147.0,147.19,15910.0,2366427.944
2025-09-25 13:00:00+00:00,1758805200000,146.8,152.155,144.1,151.94,942904.0,139402887.5568
2025-09-25 14:00:00+00:00,1758808800000,152.25,157.0364,150.6183,156.21,958534.0,148269106.4288
2025-09-25 15:00:00+00:00,1758812400000,156.1,160.235,155.15,159.9,561836.0,88431581.81
2025-09-25 16:00:00+00:00,1758816000000,160.38,160.8299,158.615,159.205,496027.0,79048797.2253
2025-09-25 17:00:00+00:00,1758819600000,158.98,159.935,158.09,158.26,408683.0,65017378.47
2025-09-25 18:00:00+00:00,1758823200000,158.29,159.26,156.935,158.91,437724.0,69107996.4372
2025-09-25 19:00:00+00:00,1758826800000,158.79,159.39,158.39,159.16,708821.0,112725788.3288
2025-09-25 20:00:00+00:00,1758830400000,159.11,159.11,158.98,159.0,18110.0,2881458.557
2025-09-25 21:00:00+00:00,1758834000000,159.04,159.04,159.04,159.04,150.0,23854.005
2025-09-26 01:00:00+00:00,1758848400000,158.98,158.98,158.98,158.98,1.0,158.98
2025-09-26 02:00:00+00:00,1758852000000,159.0,159.59,159.0,159.4,80.0,12737.52
2025-09-26 04:00:00+00:00,1758859200000,159.58,159.58,159.46,159.51,45.0,7178.4
2025-09-26 08:00:00+00:00,1758873600000,159.02,159.02,158.99,158.99,421.0,66942.6206
2025-09-26 11:00:00+00:00,1758884400000,158.17,158.5,158.09,158.5,2196.0,347587.9308
2025-09-26 12:00:00+00:00,1758888000000,160.96,160.96,160.96,160.96,105.0,16896.0015
2025-09-26 13:00:00+00:00,1758891600000,157.775,159.21,156.07,157.45,253603.0,39827057.7747
2025-09-26 14:00:00+00:00,1758895200000,157.26,159.8,157.13,158.455,796920.0,126220014.816
2025-09-26 15:00:00+00:00,1758898800000,158.53,159.83,157.91,158.02,164053.0,26046137.0298
2025-09-26 16:00:00+00:00,1758902400000,158.49,159.03,157.91,158.81,181702.0,28801111.5948
2025-09-26 17:00:00+00:00,1758906000000,158.95,159.77,158.64,159.25,119317.0,18989169.3013
2025-09-26 18:00:00+00:00,1758909600000,159.37,159.76,158.54,159.33,243450.0,38731896.855
2025-09-26 19:00:00+00:00,1758913200000,159.33,160.85,158.96,160.67,427245.0,68372786.391
2025-09-26 20:00:00+00:00,1758916800000,160.75,161.0,160.75,161.0,2512.0,403906.4896
2025-09-29 00:00:00+00:00,1759104000000,161.98,161.98,161.98,161.98,3.0,485.94
2025-09-29 01:00:00+00:00,1759107600000,161.97,161.97,161.97,161.97,40.0,6478.8
2025-09-29 02:00:00+00:00,1759111200000,161.77,161.78,161.77,161.78,3.0,485.33
2025-09-29 03:00:00+00:00,1759114800000,161.26,161.26,161.26,161.26,5.0,806.3
2025-09-29 04:00:00+00:00,1759118400000,161.54,161.88,161.31,161.31,111.0,17953.6
2025-09-29 06:00:00+00:00,1759125600000,161.95,161.99,161.95,161.99,64.0,10365.76
2025-09-29 08:00:00+00:00,1759132800000,161.88,163.51,161.88,163.51,1059.0,172280.3439
2025-09-29 09:00:00+00:00,1759136400000,164.0,164.5,164.0,164.5,377.0,61887.5283
2025-09-29 10:00:00+00:00,1759140000000,164.3,164.3,164.3,164.3,873.0,143556.12
2025-09-29 11:00:00+00:00,1759143600000,164.08,164.19,164.05,164.19,1085.0,178053.274
2025-09-29 12:00:00+00:00,1759147200000,164.19,164.64,164.0,164.64,31008.0,5103588.1152
2025-09-29 13:00:00+00:00,1759150800000,165.125,165.55,163.0,164.02,511623.0,84128779.1673
2025-09-29 14:00:00+00:00,1759154400000,163.84,165.87,163.52,164.73,319393.0,52631654.5945
2025-09-29 15:00:00+00:00,1759158000000,164.73,164.85,163.67,164.23,125403.0,20605744.4286
2025-09-29 16:00:00+00:00,1759161600000,164.335,164.5,163.69,164.115,204252.0,33538648.1796
2025-09-29 17:00:00+00:00,1759165200000,164.1,164.6973,163.45,164.19,133983.0,21981237.5817
2025-09-29 18:00:00+00:00,1759168800000,164.085,164.28,162.46,163.39,214297.0,34965619.9971
2025-09-29 19:00:00+00:00,1759172400000,163.1,163.53,162.27,162.58,557701.0,90954284.9179
2025-09-29 20:00:00+00:00,1759176000000,162.58,162.58,162.58,162.58,19397.0,3153564.26
2025-09-29 21:00:00+00:00,1759179600000,162.58,162.58,162.58,162.58,1616.0,262729.28
2025-09-29 22:00:00+00:00,1759183200000,163.286,163.286,163.26,163.26,615.0,100418.061
2025-09-30 03:00:00+00:00,1759201200000,162.84,163.29,162.84,163.29,2.0,326.13
2025-09-30 06:00:00+00:00,1759212000000,163.22,163.22,163.21,163.21,188.0,30684.4
2025-09-30 07:00:00+00:00,1759215600000,162.95,163.01,162.95,163.01,73.0,11897.62
2025-09-30 10:00:00+00:00,1759226400000,162.35,162.35,162.35,162.35,100.0,16235.0
2025-09-30 12:00:00+00:00,1759233600000,161.47,162.15,160.86,160.86,3190.0,516567.546
2025-09-30 13:00:00+00:00,1759237200000,162.105,165.4999,161.01,161.91,148348.0,24198985.6388
2025-09-30 14:00:00+00:00,1759240800000,161.93,162.37,160.19,161.74,174092.0,28088455.9192
2025-09-30 15:00:00+00:00,1759244400000,161.385,161.61,160.0,161.41,126046.0,20265159.0914
2025-09-30 16:00:00+00:00,1759248000000,161.13,162.1,160.51,161.58,122938.0,19834558.7502
2025-09-30 17:00:00+00:00,1759251600000,161.71,161.8,160.13,160.48,181819.0,29221258.7678
2025-09-30 18:00:00+00:00,1759255200000,160.52,161.47,160.3,161.34,128154.0,20631230.5212
2025-09-30 19:00:00+00:00,1759258800000,161.26,162.96,161.23,162.71,445343.0,72310610.1158
2025-09-30 20:00:00+00:00,1759262400000,162.71,164.5,160.61,162.71,71763.0,11678165.2212
2025-10-01 03:00:00+00:00,1759287600000,162.69,162.69,160.92,160.92,34.0,5525.45
2025-10-01 06:00:00+00:00,1759298400000,160.17,160.17,160.11,160.16,431.0,69028.63
2025-10-01 07:00:00+00:00,1759302000000,159.46,159.86,159.45,159.49,77.0,12292.6
2025-10-01 11:00:00+00:00,1759316400000,161.08,161.08,161.08,161.08,380.0,61208.31
2025-10-01 12:00:00+00:00,1759320000000,158.909,160.15,158.909,160.15,692.0,110559.3176
2025-10-01 13:00:00+00:00,1759323600000,158.6,165.52,158.6,164.8,164120.0,26741154.792
2025-10-01 14:00:00+00:00,1759327200000,164.46,171.8,164.45,171.18,525893.0,88781992.5102
2025-10-01 15:00:00+00:00,1759330800000,171.07,173.44,170.2501,173.2,667595.0,114803174.4535
2025-10-01 16:00:00+00:00,1759334400000,173.14,173.6,172.34,173.01,253680.0,43899044.952
2025-10-01 17:00:00+00:00,1759338000000,173.01,173.1574,169.32,170.13,307335.0,52706508.0255
2025-10-01 18:00:00+00:00,1759341600000,170.135,171.15,170.135,170.64,154028.0,26292148.3216
2025-10-01 19:00:00+00:00,1759345200000,170.6,172.25,170.54,171.44,612611.0,105025723.5345
2025-10-01 20:00:00+00:00,1759348800000,171.4,172.29,171.4,171.7,11729.0,2010901.863
2025-10-01 22:00:00+00:00,1759356000000,172.27,173.79,172.25,173.79,482.0,83291.3834
2025-10-01 23:00:00+00:00,1759359600000,173.8,173.8,173.1,173.16,1714.0,297260.2198
2025-10-02 00:00:00+00:00,1759363200000,173.49,173.76,173.26,173.26,98.0,17004.18
2025-10-02 01:00:00+00:00,1759366800000,173.24,173.74,173.24,173.74,421.0,73125.71
2025-10-02 02:00:00+00:00,1759370400000,173.8,173.81,173.8,173.8,60.0,10428.45
2025-10-02 03:00:00+00:00,1759374000000,173.38,173.49,173.38,173.4,56.0,9710.87
2025-10-02 04:00:00+00:00,1759377600000,173.41,173.41,172.62,172.62,126.0,21775.63
2025-10-02 05:00:00+00:00,1759381200000,173.36,173.38,173.36,173.38,70.0,12136.0
2025-10-02 06:00:00+00:00,1759384800000,172.6,172.6,172.6,172.6,80.0,13808.0
2025-10-02 07:00:00+00:00,1759388400000,172.61,173.5,171.34,173.2,295.0,50860.92
2025-10-02 11:00:00+00:00,1759402800000,173.8,173.8,173.8,173.8,165.0,28676.967
2025-10-02 12:00:00+00:00,1759406400000,174.32,174.34,174.01,174.0101,2322.0,404459.1954
2025-10-02 13:00:00+00:00,1759410000000,176.75,179.0,166.58,167.32,439515.0,75834489.4695
2025-10-02 14:00:00+00:00,1759413600000,167.33,169.24,166.0589,166.9,361913.0,60778366.3332
2025-10-02 15:00:00+00:00,1759417200000,167.11,170.67,166.97,170.48,318463.0,53612895.7407
2025-10-02 16:00:00+00:00,1759420800000,170.57,171.88,170.23,171.53,210105.0,36001050.5295
2025-10-02 17:00:00+00:00,1759424400000,171.47,172.15,171.0,171.44,138333.0,23733184.1448
2025-10-02 18:00:00+00:00,1759428000000,171.415,171.68,170.08,170.96,95482.0,16328596.4286
2025-10-02 19:00:00+00:00,1759431600000,170.845,171.54,169.68,169.77,446872.0,76236810.072
2025-10-02 20:00:00+00:00,1759435200000,169.75,170.0,169.75,170.0,5755.0,976980.8855
2025-10-02 21:00:00+00:00,1759438800000,169.05,169.05,169.05,169.05,100.0,16905.0
2025-10-02 23:00:00+00:00,1759446000000,170.88,170.88,170.88,170.88,100.0,17088.0
2025-10-03 00:00:00+00:00,1759449600000,170.24,170.6,170.24,170.6,2.0,340.84
2025-10-03 01:00:00+00:00,1759453200000,170.48,170.48,170.48,170.48,27.0,4602.96
2025-10-03 04:00:00+00:00,1759464000000,170.46,170.46,170.46,170.46,1.0,170.46
2025-10-03 05:00:00+00:00,1759467600000,170.02,170.02,170.02,170.02,5.0,850.1
2025-10-03 06:00:00+00:00,1759471200000,170.39,170.48,170.39,170.48,34.0,5794.36
2025-10-03 07:00:00+00:00,1759474800000,171.51,171.8,171.01,171.14,115.0,19717.8
2025-10-03 08:00:00+00:00,1759478400000,170.0,173.13,170.0,173.13,1281.0,218366.3055
2025-10-03 09:00:00+00:00,1759482000000,170.82,170.85,170.82,170.85,350.0,59790.01
2025-10-03 12:00:00+00:00,1759492800000,170.0,170.5,169.81,169.98,12082.0,2054486.1064
2025-10-03 13:00:00+00:00,1759496400000,171.0,171.8,165.0,166.24,223522.0,37693721.8788
2025-10-03 14:00:00+00:00,1759500000000,165.86,166.3725,161.68,165.955,586691.0,96333019.4652
2025-10-03 15:00:00+00:00,1759503600000,165.81,165.81,162.0,162.35,284051.0,46398765.0766
2025-10-03 16:00:00+00:00,1759507200000,162.455,163.07,161.06,162.82,211360.0,34241144.304
2025-10-03 17:00:00+00:00,1759510800000,162.92,163.05,159.7,160.79,268018.0,43262715.1096
2025-10-03 18:00:00+00:00,1759514400000,160.79,162.0666,160.31,161.25,401004.0,64630937.4912
2025-10-03 19:00:00+00:00,1759518000000,161.2,164.425,161.12,163.77,684565.0,111487023.683
2025-10-03 20:00:00+00:00,1759521600000,163.81,163.81,162.05,162.05,57957.0,9493055.2236
2025-10-03 21:00:00+00:00,1759525200000,163.81,163.81,162.9,163.0,898.0,146433.8966
2025-10-03 23:00:00+00:00,1759532400000,163.6,166.01,163.48,163.7,55323.0,9108135.2988
2025-10-06 00:00:00+00:00,1759708800000,164.08,164.08,164.04,164.04,9.0,1476.68
2025-10-06 01:00:00+00:00,1759712400000,164.06,164.12,164.06,164.11,93.0,15260.12
2025-10-06 02:00:00+00:00,1759716000000,164.19,164.19,164.19,164.19,5.0,820.95
2025-10-06 03:00:00+00:00,1759719600000,164.2,164.2,164.2,164.2,17.0,2791.4
2025-10-06 05:00:00+00:00,1759726800000,164.19,164.19,164.19,164.19,16.0,2627.04
2025-10-06 06:00:00+00:00,1759730400000,165.11,165.11,164.21,164.21,60.0,9868.96
2025-10-06 07:00:00+00:00,1759734000000,165.5,165.5,165.5,165.5,1.0,165.5
2025-10-06 11:00:00+00:00,1759748400000,165.31,166.37,165.21,166.37,1276.0,211343.242
2025-10-06 12:00:00+00:00,1759752000000,165.09,168.975,165.09,168.7664,3975.0,662464.755
2025-10-06 13:00:00+00:00,1759755600000,169.5,170.76,161.15,162.21,502758.0,84067572.9024
2025-10-06 14:00:00+00:00,1759759200000,162.34,162.828,158.21,161.13,567863.0,90827017.8939
2025-10-06 15:00:00+00:00,1759762800000,160.89,162.46,160.66,162.4,260775.0,42197906.4075
2025-10-06 16:00:00+00:00,1759766400000,162.32,165.2,162.19,164.58,267767.0,43781698.5389
2025-10-06 17:00:00+00:00,1759770000000,164.56,165.96,164.36,165.46,161814.0,26742692.3334
2025-10-06 18:00:00+00:00,1759773600000,165.12,165.36,164.65,164.8,158613.0,26161041.3519
2025-10-06 19:00:00+00:00,1759777200000,164.72,164.78,160.35,160.52,625383.0,101264391.8154
2025-10-06 20:00:00+00:00,1759780800000,160.6,164.0,160.6,164.0,95824.0,15391480.8576
2025-10-06 21:00:00+00:00,1759784400000,160.6,163.8117,160.6,163.5764,597.0,96899.07
2025-10-06 23:00:00+00:00,1759791600000,160.0163,160.91,160.0163,160.89,1111.0,178581.029
2025-10-07 02:00:00+00:00,1759802400000,160.9,160.9,160.6,160.6,3.0,482.11
2025-10-07 03:00:00+00:00,1759806000000,160.58,160.87,160.58,160.82,12.0,1928.63
2025-10-07 04:00:00+00:00,1759809600000,160.83,160.83,160.6,160.6,53.0,8519.3
2025-10-07 05:00:00+00:00,1759813200000,160.5,160.5,160.5,160.5,2.0,321.0
2025-10-07 06:00:00+00:00,1759816800000,160.5,160.5,160.5,160.5,2.0,321.0
2025-10-07 07:00:00+00:00,1759820400000,160.01,160.01,160.01,160.01,15.0,2400.15
2025-10-07 12:00:00+00:00,1759838400000,163.3475,163.3475,163.3475,163.3475,454.0,73265.158
2025-10-07 13:00:00+00:00,1759842000000,160.99,162.749,157.49,160.83,245905.0,39559671.789
2025-10-07 14:00:00+00:00,1759845600000,161.14,162.165,158.6301,159.59,257424.0,41224239.7536
2025-10-07 15:00:00+00:00,1759849200000,159.635,159.78,154.11,155.495,478318.0,74726234.0178
2025-10-07 16:00:00+00:00,1759852800000,156.13,157.505,155.21,157.205,192971.0,30189560.3631
2025-10-07 17:00:00+00:00,1759856400000,157.365,158.37,157.219,157.43,188818.0,29793422.2838
2025-10-07 18:00:00+00:00,1759860000000,157.3,157.695,156.53,157.695,239330.0,37590007.455
2025-10-07 19:00:00+00:00,1759863600000,157.76,158.33,157.07,157.09,579233.0,91317298.8393
2025-10-07 20:00:00+00:00,1759867200000,157.15,157.15,157.1,157.1,56127.0,8819880.9705
2025-10-08 00:00:00+00:00,1759881600000,157.61,157.61,157.61,157.61,18.0,2836.98
2025-10-08 02:00:00+00:00,1759888800000,156.95,156.95,156.95,156.95,4.0,627.8
2025-10-08 04:00:00+00:00,1759896000000,158.26,158.26,158.26,158.26,1.0,158.26
2025-10-08 06:00:00+00:00,1759903200000,158.0,158.0,156.71,156.71,236.0,37173.84
2025-10-08 07:00:00+00:00,1759906800000,156.7,157.45,156.69,157.45,167.0,26188.45
2025-10-08 08:00:00+00:00,1759910400000,157.48,157.48,157.0,157.0,881.0,138443.9521
2025-10-08 11:00:00+00:00,1759921200000,157.37,157.39,157.37,157.39,278.0,43751.6678
2025-10-08 12:00:00+00:00,1759924800000,157.0051,157.0051,157.0051,157.0051,653.0,102524.5915
2025-10-08 13:00:00+00:00,1759928400000,159.5,163.3,158.47,162.97,293226.0,47248238.445
2025-10-08 14:00:00+00:00,1759932000000,162.72,162.99,159.5542,160.135,263882.0,42530732.7506
2025-10-08 15:00:00+00:00,1759935600000,160.4,162.2,160.23,162.04,192670.0,31062488.604
2025-10-08 16:00:00+00:00,1759939200000,162.065,163.38,162.04,163.18,216298.0,35185065.8812
2025-10-08 17:00:00+00:00,1759942800000,163.01,163.29,161.98,162.21,221209.0,35989089.4743
2025-10-08 18:00:00+00:00,1759946400000,162.22,163.19,162.02,162.71,246422.0,40096432.519
2025-10-08 19:00:00+00:00,1759950000000,162.74,163.66,162.51,163.07,394231.0,64323439.5758
2025-10-08 20:00:00+00:00,1759953600000,163.09,163.7539,161.9332,163.7539,32007.0,5233096.4895
2025-10-08 21:00:00+00:00,1759957200000,163.8,163.8,163.8,163.8,100.0,16380.0
2025-10-09 01:00:00+00:00,1759971600000,163.98,163.98,163.69,163.69,21.0,3443.29
2025-10-09 04:00:00+00:00,1759982400000,163.69,164.4,163.69,164.39,204.0,33486.27
2025-10-09 05:00:00+00:00,1759986000000,164.0,164.0,164.0,164.0,24.0,3936.0
2025-10-09 07:00:00+00:00,1759993200000,163.02,163.02,163.0,163.0,23.0,3749.18
2025-10-09 11:00:00+00:00,1760007600000,163.08,163.08,163.08,163.08,327.0,53369.2122
2025-10-09 12:00:00+00:00,1760011200000,163.72,163.72,163.72,163.72,1105.0,180914.2465
2025-10-09 13:00:00+00:00,1760014800000,163.01,165.03,161.0,162.825,187250.0,30526749.575
2025-10-09 14:00:00+00:00,1760018400000,162.77,163.5217,160.6,162.82,221882.0,35958263.4846
2025-10-09 15:00:00+00:00,1760022000000,162.495,163.07,161.26,162.17,163537.0,26561728.6011
2025-10-09 16:00:00+00:00,1760025600000,162.26,162.27,159.7,159.84,174592.0,28105034.496
2025-10-09 17:00:00+00:00,1760029200000,159.97,160.36,159.19,160.1,189270.0,30245232.438
2025-10-09 18:00:00+00:00,1760032800000,160.03,160.505,159.38,159.54,161303.0,25825787.8119
2025-10-09 19:00:00+00:00,1760036400000,159.625,159.9899,159.24,159.69,462653.0,73836272.7596
2025-10-09 20:00:00+00:00,1760040000000,159.76,162.0,159.1002,159.1002,29524.0,4716653.8584
2025-10-09 21:00:00+00:00,1760043600000,159.8718,159.8718,159.8718,159.8718,200.0,31974.36
2025-10-10 00:00:00+00:00,1760054400000,159.71,164.99,159.42,164.99,62.0,10176.81
2025-10-10 01:00:00+00:00,1760058000000,161.39,161.39,160.35,160.35,13.0,2091.14
2025-10-10 04:00:00+00:00,1760068800000,160.01,160.01,160.01,160.01,1.0,160.01
2025-10-10 06:00:00+00:00,1760076000000,160.8,160.8,160.8,160.8,2.0,321.6
2025-10-10 08:00:00+00:00,1760083200000,163.24,163.24,163.24,163.24,450.0,73412.415
2025-10-10 09:00:00+00:00,1760086800000,162.99,162.99,161.48,161.48,309.0,50146.5903
2025-10-10 10:00:00+00:00,1760090400000,162.95,162.95,161.8,162.91,748.0,121598.994
2025-10-10 11:00:00+00:00,1760094000000,160.35,160.99,160.0,160.99,1494.0,239536.755
2025-10-10 12:00:00+00:00,1760097600000,160.34,160.34,160.18,160.18,1089.0,174367.9575
2025-10-10 13:00:00+00:00,1760101200000,159.095,163.36,153.4102,154.28,407322.0,63506632.0572
2025-10-10 14:00:00+00:00,1760104800000,155.08,157.47,153.95,154.68,384113.0,59955276.2988
2025-10-10 15:00:00+00:00,1760108400000,154.48,155.4,150.05,153.405,697672.0,106499281.964
2025-10-10 16:00:00+00:00,1760112000000,153.405,153.59,149.782,150.0,279512.0,42378603.1968
2025-10-10 17:00:00+00:00,1760115600000,149.84,151.235,149.3101,150.19,239563.0,36025244.377
2025-10-10 18:00:00+00:00,1760119200000,150.26,150.52,148.8,148.98,417856.0,62572724.2176
2025-10-10 19:00:00+00:00,1760122800000,148.92,150.335,147.81,149.57,743135.0,110828552.9275
2025-10-10 20:00:00+00:00,1760126400000,149.61,149.91,149.61,149.91,2012.0,301061.1936
2025-10-10 21:00:00+00:00,1760130000000,148.98,148.98,146.56,146.56,1244.0,182915.1476
2025-10-10 22:00:00+00:00,1760133600000,149.08,149.25,146.6829,149.25,1434.0,212957.604
2025-10-13 00:00:00+00:00,1760313600000,149.07,154.52,149.07,154.29,270.0,41366.96
2025-10-13 01:00:00+00:00,1760317200000,154.29,154.29,154.29,154.29,2.0,308.58
2025-10-13 02:00:00+00:00,1760320800000,154.28,154.28,154.28,154.28,25.0,3857.0
2025-10-13 03:00:00+00:00,1760324400000,153.11,153.15,153.11,153.11,43.0,6584.39
2025-10-13 04:00:00+00:00,1760328000000,154.29,156.9,154.29,154.81,288.0,44616.16
2025-10-13 05:00:00+00:00,1760331600000,155.06,155.2,153.98,153.98,49.0,7588.04
2025-10-13 07:00:00+00:00,1760338800000,154.99,157.21,153.92,157.21,220.0,34282.11
2025-10-13 08:00:00+00:00,1760342400000,155.94,155.94,154.66,154.74,598.0,92840.8754
2025-10-13 09:00:00+00:00,1760346000000,154.94,154.94,154.94,154.94,600.0,92988.06
2025-10-13 10:00:00+00:00,1760349600000,155.15,156.0,154.88,154.88,1321.0,205045.0916
2025-10-13 11:00:00+00:00,1760353200000,155.88,156.1,154.94,154.94,4192.0,653678.2624
2025-10-13 12:00:00+00:00,1760356800000,156.0,157.61,154.29,157.0,6319.0,988313.7165
2025-10-13 13:00:00+00:00,1760360400000,158.435,160.2,155.0,158.88,386099.0,61206730.074
2025-10-13 14:00:00+00:00,1760364000000,158.89,160.23,156.67,156.765,474806.0,75402896.2868
2025-10-13 15:00:00+00:00,1760367600000,156.81,159.2127,155.41,159.11,224242.0,35322510.1432
2025-10-13 16:00:00+00:00,1760371200000,159.12,160.3135,158.48,160.18,244739.0,38986996.1217
2025-10-13 17:00:00+00:00,1760374800000,160.26,160.44,158.823,159.48,211691.0,33758660.1374
2025-10-13 18:00:00+00:00,1760378400000,159.41,159.65,158.17,158.345,154799.0,24595471.3135
2025-10-13 19:00:00+00:00,1760382000000,158.5,160.78,158.35,160.54,618361.0,98804503.2045
2025-10-13 20:00:00+00:00,1760385600000,160.56,161.5279,159.0381,160.56,98218.0,15733384.2712
2025-10-13 22:00:00+00:00,1760392800000,161.5,161.5,161.5,161.5,200.0,32300.0
2025-10-13 23:00:00+00:00,1760396400000,160.57,160.85,160.57,160.85,344.0,55265.6296
2025-10-14 00:00:00+00:00,1760400000000,161.77,161.77,161.77,161.77,2.0,323.54
2025-10-14 01:00:00+00:00,1760403600000,161.76,161.76,161.76,161.76,12.0,1941.12
2025-10-14 02:00:00+00:00,1760407200000,161.76,161.76,161.75,161.75,11.0,1779.34
2025-10-14 03:00:00+00:00,1760410800000,161.76,161.76,161.76,161.76,2.0,323.52
2025-10-14 04:00:00+00:00,1760414400000,160.87,160.87,156.4,156.4,442.0,69696.05
2025-10-14 05:00:00+00:00,1760418000000,159.39,159.4,158.32,158.32,71.0,11293.48
2025-10-14 06:00:00+00:00,1760421600000,157.98,157.98,156.4,156.4,91.0,14314.26
2025-10-14 07:00:00+00:00,1760425200000,156.41,156.41,156.39,156.39,42.0,6569.02
2025-10-14 08:00:00+00:00,1760428800000,154.94,156.27,154.94,154.94,759.0,117847.8807
2025-10-14 09:00:00+00:00,1760432400000,155.37,155.37,155.37,155.37,353.0,54861.848
2025-10-14 11:00:00+00:00,1760439600000,155.73,155.73,155.73,155.73,104.0,16195.0672
2025-10-14 12:00:00+00:00,1760443200000,154.88,156.39,154.88,155.0487,1710.0,267139.62
2025-10-14 13:00:00+00:00,1760446800000,156.435,157.35,152.78,155.39,303184.0,47019745.416
2025-10-14 14:00:00+00:00,1760450400000,155.43,160.87,155.29,158.94,324058.0,51400070.8004
2025-10-14 15:00:00+00:00,1760454000000,158.96,160.91,158.43,160.22,223774.0,35751253.11
2025-10-14 16:00:00+00:00,1760457600000,159.9,161.19,159.14,160.35,153746.0,24667577.1002
2025-10-14 17:00:00+00:00,1760461200000,160.0,160.98,159.6001,159.79,139622.0,22402657.0684
2025-10-14 18:00:00+00:00,1760464800000,159.795,160.01,157.5,159.25,253671.0,40277678.4432
2025-10-14 19:00:00+00:00,1760468400000,159.29,159.68,156.41,156.73,851513.0,134232764.7739
2025-10-14 20:00:00+00:00,1760472000000,156.78,158.1335,156.78,158.1335,25487.0,4015280.6001
2025-10-14 22:00:00+00:00,1760479200000,156.58,157.04,156.33,156.33,769.0,120374.4153
2025-10-15 02:00:00+00:00,1760493600000,157.04,157.04,157.04,157.04,1.0,157.04
2025-10-15 05:00:00+00:00,1760504400000,158.7,158.7,158.29,158.29,32.0,5077.99
2025-10-15 07:00:00+00:00,1760511600000,159.2,159.2,159.2,159.2,5001.0,796159.2
2025-10-15 08:00:00+00:00,1760515200000,159.2,159.2,159.2,159.2,124.0,19734.724
2025-10-15 12:00:00+00:00,1760529600000,161.5,165.406,159.19,161.95,6869.0,1100166.516
2025-10-15 13:00:00+00:00,1760533200000,161.085,162.45,158.6,159.8,301160.0,48300974.396
2025-10-15 14:00:00+00:00,1760536800000,158.96,159.66,155.94,157.76,529973.0,83531853.3869
2025-10-15 15:00:00+00:00,1760540400000,157.84,159.74,156.39,157.59,306376.0,48455417.1192
2025-10-15 16:00:00+00:00,1760544000000,158.5,159.12,157.07,157.48,169356.0,26798910.3756
2025-10-15 17:00:00+00:00,1760547600000,157.04,158.43,154.62,157.87,226017.0,35337983.967
2025-10-15 18:00:00+00:00,1760551200000,158.24,159.6499,157.5,159.59,229733.0,36426855.0261
2025-10-15 19:00:00+00:00,1760554800000,159.375,159.49,156.04,156.6,441929.0,69448700.421
2025-10-15 20:00:00+00:00,1760558400000,156.57,158.323,155.7,155.7,12143.0,1900764.4331
2025-10-15 21:00:00+00:00,1760562000000,155.5,155.5,155.5,155.5,298.0,46339.0
2025-10-16 01:00:00+00:00,1760576400000,157.0,157.0,157.0,157.0,15.0,2355.0
2025-10-16 02:00:00+00:00,1760580000000,157.01,157.01,157.01,157.01,2.0,314.02
2025-10-16 03:00:00+00:00,1760583600000,156.61,156.61,156.61,156.61,27.0,4228.47
2025-10-16 05:00:00+00:00,1760590800000,157.05,157.06,157.05,157.06,28.0,4397.43
2025-10-16 06:00:00+00:00,1760594400000,157.36,158.16,157.36,158.15,176.0,27746.15
2025-10-16 07:00:00+00:00,1760598000000,157.43,157.43,157.43,157.43,3.0,472.29
2025-10-16 11:00:00+00:00,1760612400000,158.0,158.69,157.99,158.69,2522.0,398695.1618
2025-10-16 12:00:00+00:00,1760616000000,159.0,159.9851,156.97,158.56,4574.0,724756.7036
2025-10-16 13:00:00+00:00,1760619600000,159.31,163.38,158.6201,161.96,262693.0,42422896.7639
2025-10-16 14:00:00+00:00,1760623200000,163.0,166.31,161.6401,165.72,345118.0,56638246.7986
2025-10-16 15:00:00+00:00,1760626800000,165.69,168.1,163.68,164.19,386054.0,64198116.4274
2025-10-16 16:00:00+00:00,1760630400000,164.01,166.205,161.8101,166.155,242698.0,39816475.6746
2025-10-16 17:00:00+00:00,1760634000000,166.07,166.5,164.585,165.49,124775.0,20652471.0175
2025-10-16 18:00:00+00:00,1760637600000,165.53,165.83,162.5037,163.28,199495.0,32642070.1325
2025-10-16 19:00:00+00:00,1760641200000,163.27,164.49,161.605,163.29,601963.0,98155484.817
2025-10-16 20:00:00+00:00,1760644800000,163.23,163.23,162.0,163.01,210193.0,34308479.1741
2025-10-16 21:00:00+00:00,1760648400000,163.24,163.5,163.22,163.5,2572.0,419871.0268
2025-10-16 22:00:00+00:00,1760652000000,163.22,163.22,163.22,163.22,2000.0,326441.8
2025-10-16 23:00:00+00:00,1760655600000,163.22,163.6,163.22,163.22,4779.0,780344.7498
2025-10-17 01:00:00+00:00,1760662800000,165.83,165.83,165.83,165.83,4.0,663.32
2025-10-17 03:00:00+00:00,1760670000000,163.93,163.94,163.93,163.94,4.0,655.74
2025-10-17 04:00:00+00:00,1760673600000,163.65,163.65,162.3,162.31,54.0,8788.87
2025-10-17 05:00:00+00:00,1760677200000,160.73,162.22,159.98,160.72,597.0,95755.13
2025-10-17 06:00:00+00:00,1760680800000,158.93,160.53,158.51,159.1,577.0,92020.07
2025-10-17 07:00:00+00:00,1760684400000,158.11,159.43,157.3,159.43,548.0,86544.49
2025-10-17 08:00:00+00:00,1760688000000,160.1,160.1,155.27,155.27,635.0,99748.6575
2025-10-17 10:00:00+00:00,1760695200000,158.99,158.99,158.96,158.96,203.0,32272.0062
2025-10-17 11:00:00+00:00,1760698800000,161.88,161.88,160.94,161.79,1117.0,180080.2826
2025-10-17 12:00:00+00:00,1760702400000,160.4301,162.88,156.0,160.4494,5387.0,864790.7323
2025-10-17 13:00:00+00:00,1760706000000,161.345,170.6,160.44,168.14,381651.0,63561073.5024
2025-10-17 14:00:00+00:00,1760709600000,167.95,168.72,162.7834,163.81,400860.0,66525001.902
2025-10-17 15:00:00+00:00,1760713200000,163.9,164.678,160.74,164.03,264136.0,42982772.0392
2025-10-17 16:00:00+00:00,1760716800000,164.04,164.98,161.86,162.48,119257.0,19528488.7841
2025-10-17 17:00:00+00:00,1760720400000,162.38,162.76,160.835,162.75,97210.0,15731990.071
2025-10-17 18:00:00+00:00,1760724000000,162.78,164.225,162.59,163.89,150246.0,24579178.8534
2025-10-17 19:00:00+00:00,1760727600000,164.05,165.635,163.97,164.75,478048.0,78797846.96
2025-10-17 20:00:00+00:00,1760731200000,164.77,165.0,164.77,165.0,7106.0,1170940.892
2025-10-20 00:00:00+00:00,1760918400000,160.44,164.96,160.44,164.96,42.0,6792.88
2025-10-20 01:00:00+00:00,1760922000000,164.96,169.99,164.96,167.02,20.0,3316.53
2025-10-20 02:00:00+00:00,1760925600000,168.57,168.57,168.5,168.5,16.0,2696.42
2025-10-20 03:00:00+00:00,1760929200000,169.69,170.01,168.9,170.01,61.0,10356.48
2025-10-20 04:00:00+00:00,1760932800000,168.5,168.5,166.99,166.99,251.0,42016.03
2025-10-20 05:00:00+00:00,1760936400000,167.01,167.01,163.35,164.76,1718.0,283235.8
2025-10-20 06:00:00+00:00,1760940000000,164.79,164.79,162.53,164.0,1168.0,191682.82
2025-10-20 07:00:00+00:00,1760943600000,163.95,163.95,163.64,163.64,70.0,11455.85
2025-10-20 08:00:00+00:00,1760947200000,164.35,165.0,164.0,164.85,4358.0,716690.0962
2025-10-20 09:00:00+00:00,1760950800000,164.35,164.8,162.0,163.4,21537.0,3521038.9023
2025-10-20 10:00:00+00:00,1760954400000,162.83,162.83,162.05,162.05,672.0,109053.84
2025-10-20 11:00:00+00:00,1760958000000,162.28,163.34,162.28,162.85,1916.0,311952.9652
2025-10-20 12:00:00+00:00,1760961600000,162.45,166.0,162.45,163.39,5692.0,934294.5564
2025-10-20 13:00:00+00:00,1760965200000,164.51,169.98,163.36,165.25,499122.0,83498019.5556
2025-10-20 14:00:00+00:00,1760968800000,166.09,167.0757,164.69,166.0,244738.0,40618382.6984
2025-10-20 15:00:00+00:00,1760972400000,165.935,168.305,163.3643,163.59,269694.0,44605769.436
2025-10-20 16:00:00+00:00,1760976000000,163.15,163.64,162.35,163.45,165583.0,26986369.6157
2025-10-20 17:00:00+00:00,1760979600000,163.43,164.08,161.93,163.145,198747.0,32400451.4292
2025-10-20 18:00:00+00:00,1760983200000,162.97,164.255,162.3,163.04,169951.0,27755241.6532
2025-10-20 19:00:00+00:00,1760986800000,163.21,163.31,160.6,160.99,512566.0,82824207.2684
2025-10-20 20:00:00+00:00,1760990400000,161.0,161.0,161.0,161.0,189166.0,30455726.0
2025-10-20 21:00:00+00:00,1760994000000,161.0,161.0,161.0,161.0,124.0,19964.0
2025-10-20 22:00:00+00:00,1760997600000,161.5,161.5,161.5,161.5,100.0,16150.0
2025-10-20 23:00:00+00:00,1761001200000,161.04,161.04,161.0,161.0,672.0,108265.4496
2025-10-21 00:00:00+00:00,1761004800000,161.71,161.71,161.71,161.71,1.0,161.71
2025-10-21 02:00:00+00:00,1761012000000,160.54,160.55,160.54,160.55,2.0,321.09
2025-10-21 03:00:00+00:00,1761015600000,161.01,161.01,161.01,161.01,1.0,161.01
2025-10-21 05:00:00+00:00,1761022800000,161.51,161.98,160.59,161.53,739.0,119390.61
2025-10-21 07:00:00+00:00,1761030000000,161.46,161.46,161.46,161.46,27.0,4359.42
2025-10-21 08:00:00+00:00,1761033600000,161.53,161.53,160.6,160.6,312.0,50305.0704
2025-10-21 11:00:00+00:00,1761044400000,160.62,160.62,160.62,160.62,229.0,36800.2771
2025-10-21 12:00:00+00:00,1761048000000,161.98,162.9425,161.0,161.0,2864.0,462847.0304
2025-10-21 13:00:00+00:00,1761051600000,160.49,164.5872,157.5,160.22,399670.0,64372728.649
2025-10-21 14:00:00+00:00,1761055200000,160.04,163.98,159.72,162.86,264095.0,42877355.001
2025-10-21 15:00:00+00:00,1761058800000,162.68,165.2367,161.8,164.21,315340.0,51455289.16
2025-10-21 16:00:00+00:00,1761062400000,164.41,165.7563,163.79,164.02,262251.0,43214191.8318
2025-10-21 17:00:00+00:00,1761066000000,164.2,164.57,161.34,162.91,243450.0,39758282.055
2025-10-21 18:00:00+00:00,1761069600000,162.49,162.995,161.97,162.24,162841.0,26466384.889
2025-10-21 19:00:00+00:00,1761073200000,162.51,163.368,161.61,163.0,592749.0,96355617.7428
2025-10-21 20:00:00+00:00,1761076800000,162.95,162.95,162.58,162.58,1585.0,258163.3735
2025-10-21 22:00:00+00:00,1761084000000,163.05,163.05,163.05,163.05,102.0,16631.1
2025-10-22 00:00:00+00:00,1761091200000,160.2,162.5,160.2,161.96,7.0,1127.76
2025-10-22 01:00:00+00:00,1761094800000,162.05,162.48,162.05,162.48,3.0,486.59
2025-10-22 02:00:00+00:00,1761098400000,162.46,163.53,162.46,163.53,123.0,20076.78
2025-10-22 04:00:00+00:00,1761105600000,163.62,164.08,163.62,163.62,97.0,15900.76
2025-10-22 07:00:00+00:00,1761116400000,164.66,164.66,164.66,164.66,7.0,1152.62
2025-10-22 09:00:00+00:00,1761123600000,161.0,161.0,161.0,161.0,593.0,95473.0
2025-10-22 11:00:00+00:00,1761130800000,162.49,162.49,162.49,162.49,4569.0,742416.81
2025-10-22 12:00:00+00:00,1761134400000,162.95,162.95,160.79,161.0,6308.0,1024241.9452
2025-10-22 13:00:00+00:00,1761138000000,164.58,166.91,158.53,165.08,156892.0,25838449.3448
2025-10-22 14:00:00+00:00,1761141600000,164.9,165.38,156.0,156.945,544440.0,86093168.304
2025-10-22 15:00:00+00:00,1761145200000,157.235,158.63,152.54,156.49,481199.0,74624100.3205
2025-10-22 16:00:00+00:00,1761148800000,156.435,156.74,154.01,155.78,233372.0,36330792.8672
2025-10-22 17:00:00+00:00,1761152400000,155.57,156.3488,154.23,155.99,232081.0,35997202.0022
2025-10-22 18:00:00+00:00,1761156000000,156.09,157.77,154.76,157.71,169032.0,26414816.5752
2025-10-22 19:00:00+00:00,1761159600000,157.86,158.54,157.37,158.08,421613.0,66612745.935
2025-10-22 20:00:00+00:00,1761163200000,158.06,158.06,158.06,158.06,5134.0,811480.04
2025-10-22 21:00:00+00:00,1761166800000,157.029,157.029,157.029,157.029,100.0,15702.9
2025-10-22 22:00:00+00:00,1761170400000,157.5,157.75,157.5,157.75,2410.0,379675.256
2025-10-22 23:00:00+00:00,1761174000000,157.8,157.8,157.8,157.8,201.0,31717.9206
2025-10-23 01:00:00+00:00,1761181200000,160.67,160.69,158.99,159.01,232.0,36893.15
2025-10-23 02:00:00+00:00,1761184800000,163.01,163.97,159.43,163.97,9.0,1448.63
2025-10-23 05:00:00+00:00,1761195600000,159.05,159.45,159.05,159.4,567.0,90372.45
2025-10-23 06:00:00+00:00,1761199200000,159.49,159.49,157.19,159.45,604.0,96304.36
2025-10-23 08:00:00+00:00,1761206400000,160.43,160.43,160.43,160.43,104.0,16685.3232
2025-10-23 10:00:00+00:00,1761213600000,158.6,158.6,158.6,158.6,141.0,22363.0935
2025-10-23 12:00:00+00:00,1761220800000,159.4,159.5,157.2,157.2,1588.0,252328.9124
2025-10-23 13:00:00+00:00,1761224400000,159.36,164.87,157.395,164.12,241238.0,39170079.4218
2025-10-23 14:00:00+00:00,1761228000000,163.9,166.95,162.16,166.49,344702.0,56753771.0218
2025-10-23 15:00:00+00:00,1761231600000,166.545,169.2399,165.745,168.63,352636.0,59047910.8192
2025-10-23 16:00:00+00:00,1761235200000,168.83,169.84,167.2,168.67,249027.0,42033217.5246
2025-10-23 17:00:00+00:00,1761238800000,167.995,169.25,167.34,168.85,158804.0,26762364.698
2025-10-23 18:00:00+00:00,1761242400000,168.2,169.0,167.58,168.19,132358.0,22248956.2544
2025-10-23 19:00:00+00:00,1761246000000,168.33,170.17,167.745,168.705,670888.0,113246900.732
2025-10-23 20:00:00+00:00,1761249600000,168.5,169.5,168.37,169.5,2287.0,385461.7289
2025-10-23 21:00:00+00:00,1761253200000,169.28,169.28,169.28,169.28,100.0,16928.0
2025-10-23 22:00:00+00:00,1761256800000,168.95,169.31,168.95,169.0,464.0,78434.792
2025-10-23 23:00:00+00:00,1761260400000,170.0,170.0,170.0,170.0,400.0,68000.0
2025-10-24 00:00:00+00:00,1761264000000,169.02,170.47,169.02,170.47,205.0,34944.69
2025-10-24 01:00:00+00:00,1761267600000,170.48,170.51,170.48,170.51,83.0,14150.81
2025-10-24 02:00:00+00:00,1761271200000,170.49,170.49,170.0,170.0,43.0,7328.62
2025-10-24 03:00:00+00:00,1761274800000,171.0,171.21,171.0,171.21,112.0,19152.63
2025-10-24 04:00:00+00:00,1761278400000,170.99,171.0,170.0,171.0,35.0,5970.97
2025-10-24 05:00:00+00:00,1761282000000,171.5,171.51,170.55,170.69,81.0,13843.84
2025-10-24 06:00:00+00:00,1761285600000,170.77,170.77,170.77,170.77,35.0,5976.95
2025-10-24 07:00:00+00:00,1761289200000,170.77,171.01,170.49,170.49,645.0,110031.93
2025-10-24 08:00:00+00:00,1761292800000,172.0,174.17,171.85,174.17,1199.0,207153.7479
2025-10-24 09:00:00+00:00,1761296400000,174.18,177.9,174.18,176.76,1477.0,259394.1371
2025-10-24 10:00:00+00:00,1761300000000,177.0,177.0,177.0,177.0,500.0,88500.0
2025-10-24 11:00:00+00:00,1761303600000,175.16,175.65,175.05,175.06,1414.0,247701.4092
2025-10-24 12:00:00+00:00,1761307200000,175.1,178.77,170.5,176.5,19788.0,3502911.336
2025-10-24 13:00:00+00:00,1761310800000,174.3,178.02,173.73,174.37,684366.0,120365470.8408
2025-10-24 14:00:00+00:00,1761314400000,174.58,179.0,174.02,177.65,800432.0,141814538.52
2025-10-24 15:00:00+00:00,1761318000000,177.98,181.53,177.52,181.38,605008.0,108657016.768
2025-10-24 16:00:00+00:00,1761321600000,181.03,182.09,179.21,179.8,554572.0,100188700.234
2025-10-24 17:00:00+00:00,1761325200000,179.9,180.33,178.865,180.045,310375.0,55789068.2375
2025-10-24 18:00:00+00:00,1761328800000,179.88,181.04,179.65,180.365,240724.0,43437177.3836
2025-10-24 19:00:00+00:00,1761332400000,180.585,180.9272,178.77,179.31,679209.0,122000267.7099
2025-10-24 20:00:00+00:00,1761336000000,179.3,179.99,179.3,179.55,20561.0,3687574.228
2025-10-24 21:00:00+00:00,1761339600000,179.56,180.0,179.56,180.0,662.0,118973.316
2025-10-24 22:00:00+00:00,1761343200000,180.0,182.98,180.0,182.98,1480.0,267187.064
2025-10-24 23:00:00+00:00,1761346800000,181.55,181.55,180.98,181.0645,3294.0,596908.3752
2025-10-27 00:00:00+00:00,1761523200000,184.99,191.87,184.99,188.46,969.0,180537.78
2025-10-27 01:00:00+00:00,1761526800000,189.01,189.03,186.0,189.0,2243.0,420881.0
2025-10-27 02:00:00+00:00,1761530400000,189.0,189.02,187.29,188.82,813.0,153495.15
2025-10-27 03:00:00+00:00,1761534000000,189.3,189.89,189.29,189.89,748.0,141780.02
2025-10-27 04:00:00+00:00,1761537600000,189.5,189.5,185.99,187.74,1891.0,354208.81
2025-10-27 05:00:00+00:00,1761541200000,187.75,190.2,186.88,188.89,3443.0,651035.33
2025-10-27 06:00:00+00:00,1761544800000,189.74,191.01,188.26,191.01,4360.0,828463.5
2025-10-27 07:00:00+00:00,1761548400000,189.02,190.8,189.02,190.01,641.0,121363.11
2025-10-27 08:00:00+00:00,1761552000000,190.5,191.75,189.16,190.85,6589.0,1254727.4564
2025-10-27 09:00:00+00:00,1761555600000,190.85,192.9,190.7,192.0,3914.0,750596.3908
2025-10-27 10:00:00+00:00,1761559200000,193.06,193.5,191.5,191.94,6680.0,1285461.792
2025-10-27 11:00:00+00:00,1761562800000,191.16,192.12,190.7,192.12,4805.0,919446.36
2025-10-27 12:00:00+00:00,1761566400000,192.0,193.06,186.0,190.96,42669.0,8138305.3059
2025-10-27 13:00:00+00:00,1761570000000,192.8,206.91,190.4,194.59,2103108.0,410808498.072
2025-10-27 14:00:00+00:00,1761573600000,194.48,195.0,190.21,193.2,710569.0,136996637.3465
2025-10-27 15:00:00+00:00,1761577200000,193.73,194.89,192.17,193.575,390667.0,75675479.5028
2025-10-27 16:00:00+00:00,1761580800000,193.68,193.78,191.11,191.87,403006.0,77469037.368
2025-10-27 17:00:00+00:00,1761584400000,191.96,194.08,191.6,191.72,300773.0,58060137.1372
2025-10-27 18:00:00+00:00,1761588000000,191.62,192.23,190.27,191.29,374171.0,71575170.59
2025-10-27 19:00:00+00:00,1761591600000,191.26,194.24,190.06,193.95,783744.0,150961477.5552
2025-10-27 20:00:00+00:00,1761595200000,193.8,196.14,192.95,195.9725,146761.0,28449766.611
2025-10-27 21:00:00+00:00,1761598800000,195.3,196.12,195.3,196.12,633.0,123817.6485
2025-10-27 22:00:00+00:00,1761602400000,196.01,196.14,196.01,196.14,1425.0,279364.41
2025-10-27 23:00:00+00:00,1761606000000,196.08,197.0,196.08,197.0,1599.0,314195.0253
2025-10-28 00:00:00+00:00,1761609600000,196.39,196.39,195.66,196.21,38.0,7453.65
2025-10-28 01:00:00+00:00,1761613200000,196.22,196.22,195.02,195.51,148.0,28955.93
2025-10-28 02:00:00+00:00,1761616800000,195.45,196.01,194.47,194.47,316.0,61698.53
2025-10-28 03:00:00+00:00,1761620400000,195.0,195.0,194.98,194.98,101.0,19694.98
2025-10-28 04:00:00+00:00,1761624000000,194.97,195.54,193.79,195.1,210.0,41027.16
2025-10-28 05:00:00+00:00,1761627600000,195.1,195.13,192.45,192.45,455.0,87958.34
2025-10-28 06:00:00+00:00,1761631200000,192.47,193.42,191.0,193.41,840.0,161453.61
2025-10-28 07:00:00+00:00,1761634800000,193.59,193.59,193.59,193.59,3.0,580.77
2025-10-28 08:00:00+00:00,1761638400000,194.13,194.13,194.13,194.13,102.0,19801.26
2025-10-28 09:00:00+00:00,1761642000000,195.25,195.25,195.25,195.25,286.0,55816.5036
2025-10-28 11:00:00+00:00,1761649200000,197.5,199.0,194.53,198.45,10425.0,2048457.2475
2025-10-28 12:00:00+00:00,1761652800000,194.75,200.0,191.86,197.71,15556.0,3065288.0216
2025-10-28 13:00:00+00:00,1761656400000,194.375,200.0,191.13,194.465,346818.0,67639845.1764
2025-10-28 14:00:00+00:00,1761660000000,194.535,196.98,193.0,193.55,442279.0,86153870.4887
2025-10-28 15:00:00+00:00,1761663600000,193.76,195.74,188.3,193.96,488881.0,94341957.6393
2025-10-28 16:00:00+00:00,1761667200000,193.685,198.99,193.01,197.21,567028.0,111681891.5828
2025-10-28 17:00:00+00:00,1761670800000,197.48,198.86,196.6,198.4,328860.0,65092410.81
2025-10-28 18:00:00+00:00,1761674400000,198.44,199.15,196.64,198.83,237053.0,46927983.7973
2025-10-28 19:00:00+00:00,1761678000000,199.01,199.82,197.665,198.44,543313.0,108002420.3737
2025-10-28 20:00:00+00:00,1761681600000,198.39,199.9849,198.0,198.0,17845.0,3541027.9625
2025-10-28 21:00:00+00:00,1761685200000,199.766,201.0999,199.766,201.0999,1594.0,318927.9982
2025-10-28 22:00:00+00:00,1761688800000,201.1,201.1,200.36,200.4,1568.0,314816.4544
2025-10-28 23:00:00+00:00,1761692400000,199.63,199.63,199.0,199.5,973.0,194130.3329
2025-10-29 00:00:00+00:00,1761696000000,200.77,201.1,200.52,201.1,904.0,181589.19
2025-10-29 01:00:00+00:00,1761699600000,201.1,201.1,200.54,201.1,309.0,61976.75
2025-10-29 02:00:00+00:00,1761703200000,201.32,201.5,200.53,201.09,246.0,49427.15
2025-10-29 03:00:00+00:00,1761706800000,201.08,201.08,201.08,201.08,6.0,1206.48
2025-10-29 05:00:00+00:00,1761714000000,201.08,201.73,201.08,201.73,13.0,2621.84
2025-10-29 06:00:00+00:00,1761717600000,201.72,202.0,201.72,202.0,8.0,1614.57
2025-10-29 07:00:00+00:00,1761721200000,202.57,203.02,202.57,202.99,448.0,90810.77
2025-10-29 08:00:00+00:00,1761724800000,205.0,205.0,201.0,201.0,2666.0,539086.528
2025-10-29 09:00:00+00:00,1761728400000,201.97,203.2,201.97,203.2,1328.0,268679.7648
2025-10-29 11:00:00+00:00,1761735600000,201.38,203.0,201.2,203.0,1746.0,353929.7394
2025-10-29 12:00:00+00:00,1761739200000,201.0,203.39,201.0,201.6,8908.0,1798053.9668
2025-10-29 13:00:00+00:00,1761742800000,201.495,208.67,198.11,207.285,817316.0,166846234.3872
2025-10-29 14:00:00+00:00,1761746400000,207.81,209.81,205.59,209.61,620433.0,128801208.3237
2025-10-29 15:00:00+00:00,1761750000000,209.995,213.88,209.41,212.59,890172.0,189125943.12
2025-10-29 16:00:00+00:00,1761753600000,212.53,214.01,209.78,212.93,778209.0,164723576.8509
2025-10-29 17:00:00+00:00,1761757200000,212.955,212.955,210.25,211.17,477211.0,100848571.1401
2025-10-29 18:00:00+00:00,1761760800000,211.39,212.7099,207.87,211.81,484323.0,102016150.0218
2025-10-29 19:00:00+00:00,1761764400000,212.53,214.51,210.38,214.28,1272406.0,270360954.1206
2025-10-29 20:00:00+00:00,1761768000000,214.28,216.93,214.28,216.0,382818.0,82049458.5036
2025-10-29 21:00:00+00:00,1761771600000,214.51,214.61,213.26,214.28,3670.0,785106.585
2025-10-29 22:00:00+00:00,1761775200000,214.81,215.05,214.81,215.0497,1979.0,425558.4209
2025-10-29 23:00:00+00:00,1761778800000,214.86,214.86,214.52,214.52,343.0,73660.7935
2025-10-30 00:00:00+00:00,1761782400000,216.01,219.8,216.01,219.8,51.0,11126.59
2025-10-30 01:00:00+00:00,1761786000000,216.91,217.14,216.5,217.14,101.0,21880.57
2025-10-30 02:00:00+00:00,1761789600000,217.14,219.78,217.14,219.78,75.0,16476.77
2025-10-30 03:00:00+00:00,1761793200000,219.79,219.8,216.2,216.2,39.0,8522.08
2025-10-30 04:00:00+00:00,1761796800000,217.0,217.0,215.01,216.72,2172.0,469287.62
2025-10-30 05:00:00+00:00,1761800400000,216.72,217.01,213.59,216.01,164.0,35231.59
2025-10-30 06:00:00+00:00,1761804000000,215.95,217.0,215.95,216.99,87.0,18867.77
2025-10-30 07:00:00+00:00,1761807600000,216.01,217.01,216.01,217.01,629.0,135949.98
2025-10-30 08:00:00+00:00,1761811200000,214.0,215.1,212.94,212.94,8574.0,1834440.7386
2025-10-30 09:00:00+00:00,1761814800000,215.97,216.0,215.47,216.0,3025.0,653217.5925
2025-10-30 10:00:00+00:00,1761818400000,216.5,217.1,215.97,217.1,2317.0,501663.4014
2025-10-30 11:00:00+00:00,1761822000000,217.05,217.47,216.88,217.47,2172.0,471337.2492
2025-10-30 12:00:00+00:00,1761825600000,218.5,218.5,206.97,206.9743,28155.0,5959791.2745
2025-10-30 13:00:00+00:00,1761829200000,206.39,212.94,200.15,211.28,589351.0,123006747.5756
2025-10-30 14:00:00+00:00,1761832800000,211.55,212.28,202.855,204.75,1084572.0,223696120.2588
2025-10-30 15:00:00+00:00,1761836400000,205.2,205.35,202.581,203.02,299432.0,61062359.2936
2025-10-30 16:00:00+00:00,1761840000000,202.95,204.88,202.19,203.82,357395.0,72787744.7505
2025-10-30 17:00:00+00:00,1761843600000,203.51,203.62,201.0201,202.23,274478.0,55521135.362
2025-10-30 18:00:00+00:00,1761847200000,202.36,203.49,201.0,202.01,281362.0,56796858.768
2025-10-30 19:00:00+00:00,1761850800000,201.67,201.805,198.54,199.97,884790.0,177035773.041
2025-10-30 20:00:00+00:00,1761854400000,200.13,204.0,198.2,204.0,47563.0,9492699.6408
2025-10-30 21:00:00+00:00,1761858000000,204.38,205.98,204.0,205.98,2160.0,442674.072
2025-10-30 22:00:00+00:00,1761861600000,205.856,205.88,205.6,205.6,332.0,68321.616
2025-10-30 23:00:00+00:00,1761865200000,205.88,207.0,205.8799,207.0,2864.0,590350.0192
2025-10-31 00:00:00+00:00,1761868800000,206.99,207.01,206.87,207.01,78.0,16146.08
2025-10-31 01:00:00+00:00,1761872400000,206.96,206.96,206.59,206.59,16.0,3307.06
2025-10-31 02:00:00+00:00,1761876000000,206.57,206.84,205.79,205.79,66.0,13604.91
2025-10-31 03:00:00+00:00,1761879600000,205.11,205.11,202.99,202.99,130.0,26548.45
2025-10-31 04:00:00+00:00,1761883200000,202.9,202.9,202.9,202.9,8.0,1623.2
2025-10-31 05:00:00+00:00,1761886800000,203.99,204.08,202.11,204.08,1258.0,254368.0
2025-10-31 06:00:00+00:00,1761890400000,204.08,205.79,204.08,205.79,475.0,97578.79
2025-10-31 07:00:00+00:00,1761894000000,204.16,204.92,202.99,203.99,427.0,86938.46
2025-10-31 08:00:00+00:00,1761897600000,203.95,204.1,200.0,203.48,15409.0,3109130.9433
2025-10-31 09:00:00+00:00,1761901200000,204.0,204.0,203.06,203.06,1577.0,320626.9665
2025-10-31 11:00:00+00:00,1761908400000,203.15,203.15,201.0,201.1,10894.0,2199999.724
2025-10-31 12:00:00+00:00,1761912000000,203.5,205.8,201.0,201.87,13426.0,2711953.9902
2025-10-31 13:00:00+00:00,1761915600000,201.01,206.99,200.59,202.24,420757.0,85769252.7407
2025-10-31 14:00:00+00:00,1761919200000,202.01,206.3,201.02,205.72,485836.0,99166706.6416
2025-10-31 15:00:00+00:00,1761922800000,205.51,205.7,198.71,199.31,518962.0,104749417.8242
2025-10-31 16:00:00+00:00,1761926400000,198.42,199.72,197.38,198.11,424743.0,84341599.7787
2025-10-31 17:00:00+00:00,1761930000000,198.51,200.101,197.19,199.45,254681.0,50666365.4805
2025-10-31 18:00:00+00:00,1761933600000,199.81,201.18,199.52,199.83,263848.0,52828701.952
2025-10-31 19:00:00+00:00,1761937200000,199.79,202.26,199.52,201.62,750462.0,150970665.6786
2025-10-31 20:00:00+00:00,1761940800000,201.56,201.56,201.24,201.56,9116.0,1837314.3028
2025-10-31 21:00:00+00:00,1761944400000,202.0,202.0,202.0,202.0,308.0,62216.5852
2025-10-31 22:00:00+00:00,1761948000000,202.2,202.2,202.2,202.2,217.0,43877.183
2025-10-31 23:00:00+00:00,1761951600000,202.19,202.2,202.19,202.2,333.0,67331.268
2025-11-03 01:00:00+00:00,1762131600000,204.14,204.51,204.12,204.51,89.0,18169.68
2025-11-03 02:00:00+00:00,1762135200000,204.51,205.01,202.2,202.2,767.0,156173.28
2025-11-03 03:00:00+00:00,1762138800000,202.47,202.8,201.04,202.8,507.0,102430.33
2025-11-03 04:00:00+00:00,1762142400000,200.9,200.95,200.88,200.9,4219.0,847626.78
2025-11-03 05:00:00+00:00,1762146000000,202.0,203.98,200.99,202.99,341.0,68889.55
2025-11-03 06:00:00+00:00,1762149600000,203.56,203.56,202.08,202.08,883.0,178450.08
2025-11-03 07:00:00+00:00,1762153200000,202.5,203.14,202.5,203.14,1879.0,381137.5
2025-11-03 08:00:00+00:00,1762156800000,203.07,203.51,203.06,203.12,648.0,131775.47
2025-11-03 09:00:00+00:00,1762160400000,203.49,204.89,203.49,204.89,1727.0,353052.337
2025-11-03 10:00:00+00:00,1762164000000,203.99,204.44,203.19,204.4,3907.0,797571.073
2025-11-03 11:00:00+00:00,1762167600000,205.0,209.16,205.0,209.16,9912.0,2057715.3408
2025-11-03 12:00:00+00:00,1762171200000,209.1,209.75,208.6,209.75,3696.0,772816.2288
2025-11-03 13:00:00+00:00,1762174800000,209.11,209.7794,202.09,207.852,23665.0,4898870.3515
2025-11-03 14:00:00+00:00,1762178400000,207.985,210.99,203.5,206.55,1305988.0,269674115.114
2025-11-03 15:00:00+00:00,1762182000000,206.32,207.06,200.31,200.77,983709.0,199621706.4684
2025-11-03 16:00:00+00:00,1762185600000,200.535,200.81,196.47,198.2,822299.0,162901707.8548
2025-11-03 17:00:00+00:00,1762189200000,198.01,200.07,197.05,199.65,323908.0,64211878.2188
2025-11-03 18:00:00+00:00,1762192800000,199.33,201.18,199.04,200.71,440005.0,87922327.106
2025-11-03 19:00:00+00:00,1762196400000,200.67,201.05,199.39,200.1,263374.0,52771905.9938
2025-11-03 20:00:00+00:00,1762200000000,200.24,202.05,199.34,199.52,798411.0,160378254.7098
2025-11-03 21:00:00+00:00,1762203600000,199.58,201.1,199.52,200.29,20269.0,4047853.0754
2025-11-03 22:00:00+00:00,1762207200000,201.0,201.87,201.0,201.87,1920.0,386897.664
2025-11-03 23:00:00+00:00,1762210800000,205.4813,205.4813,200.0,201.75,3595.0,731707.606
2025-11-04 00:00:00+00:00,1762214400000,201.6781,201.6781,198.92,198.92,2159.0,432544.855
2025-11-04 01:00:00+00:00,1762218000000,193.02,198.99,193.02,197.12,485.0,95562.97
2025-11-04 02:00:00+00:00,1762221600000,197.01,198.51,197.01,198.5,42.0,8335.15
2025-11-04 03:00:00+00:00,1762225200000,198.5,198.51,198.48,198.49,31.0,6153.7
2025-11-04 04:00:00+00:00,1762228800000,198.5,198.51,197.03,197.11,103.0,20423.87
2025-11-04 05:00:00+00:00,1762232400000,197.03,197.8,193.99,194.03,846.0,165387.22
2025-11-04 06:00:00+00:00,1762236000000,194.05,194.89,190.0,191.9,1443.0,278120.12
2025-11-04 07:00:00+00:00,1762239600000,193.02,195.49,191.98,195.48,2050.0,396390.48
2025-11-04 08:00:00+00:00,1762243200000,195.48,195.48,193.81,194.06,118.0,22910.11
2025-11-04 09:00:00+00:00,1762246800000,193.99,194.0,193.07,193.89,2172.0,420268.3164
2025-11-04 10:00:00+00:00,1762250400000,192.11,193.89,192.1,193.89,2918.0,562251.912
2025-11-04 11:00:00+00:00,1762254000000,193.5,193.9,193.5,193.83,1833.0,355327.4166
2025-11-04 12:00:00+00:00,1762257600000,192.1,193.01,190.61,191.52,12633.0,2421123.2931
2025-11-04 13:00:00+00:00,1762261200000,191.81,195.48,187.26,188.0,33212.0,6324391.7788
2025-11-04 14:00:00+00:00,1762264800000,188.56,197.07,184.2,196.09,1224339.0,232751618.8221
2025-11-04 15:00:00+00:00,1762268400000,195.77,197.0,191.0,192.64,941163.0,181655000.0256
2025-11-04 16:00:00+00:00,1762272000000,192.56,192.64,189.22,190.99,594003.0,113579670.0318
2025-11-04 17:00:00+00:00,1762275600000,191.66,194.52,190.48,194.045,346338.0,66653475.4098
2025-11-04 18:00:00+00:00,1762279200000,193.8,195.52,192.25,194.44,348867.0,67512113.8794
2025-11-04 19:00:00+00:00,1762282800000,194.925,196.11,191.62,192.3,396054.0,76789563.4764
2025-11-04 20:00:00+00:00,1762286400000,192.025,193.52,187.73,188.29,1178918.0,225389551.5612
2025-11-04 21:00:00+00:00,1762290000000,188.36,215.0,184.86,207.0,401380.0,82721648.478
2025-11-04 22:00:00+00:00,1762293600000,207.01,215.0,205.77,215.0,61925.0,13007569.18
2025-11-04 23:00:00+00:00,1762297200000,214.92,215.5,205.0,207.01,66060.0,13945490.604
2025-11-05 00:00:00+00:00,1762300800000,207.5,209.99,196.6127,197.1,44076.0,8939732.3304
2025-11-05 01:00:00+00:00,1762304400000,198.41,198.98,192.85,196.5,2892.0,569397.5
2025-11-05 02:00:00+00:00,1762308000000,197.99,204.34,197.99,204.17,939.0,188296.84
2025-11-05 03:00:00+00:00,1762311600000,204.35,207.99,204.35,206.0,2734.0,562917.53
2025-11-05 04:00:00+00:00,1762315200000,206.19,206.5,205.01,205.02,1413.0,291190.68
2025-11-05 05:00:00+00:00,1762318800000,205.87,205.88,204.0,204.19,1318.0,270194.1
2025-11-05 06:00:00+00:00,1762322400000,204.09,207.01,204.07,207.01,1076.0,221091.59
2025-11-05 07:00:00+00:00,1762326000000,207.0,207.01,205.99,206.5,410.0,84712.13
2025-11-05 08:00:00+00:00,1762329600000,206.48,206.49,204.12,205.0,440.0,90125.97
2025-11-05 09:00:00+00:00,1762333200000,206.49,224.0,205.0,222.0,122444.0,26145124.4768
2025-11-05 10:00:00+00:00,1762336800000,220.46,226.58,218.0,223.0,32164.0,7120861.9372
2025-11-05 11:00:00+00:00,1762340400000,221.06,222.0,217.5,218.0,14307.0,3137509.3623
2025-11-05 12:00:00+00:00,1762344000000,219.44,221.65,215.98,216.5,43531.0,9513647.8128
2025-11-05 13:00:00+00:00,1762347600000,217.08,226.0,204.08,219.85,178939.0,38976457.1922
2025-11-05 14:00:00+00:00,1762351200000,218.95,229.98,213.0,223.34,2969701.0,660824102.8921
2025-11-05 15:00:00+00:00,1762354800000,223.45,234.46,221.27,233.83,2101615.0,479637090.3065
2025-11-05 16:00:00+00:00,1762358400000,233.77,238.155,231.53,237.23,1174996.0,275390274.998
2025-11-05 17:00:00+00:00,1762362000000,237.23,240.7099,236.1463,237.89,1002606.0,238614513.1458
2025-11-05 18:00:00+00:00,1762365600000,238.21,238.99,235.31,238.01,763348.0,181339042.51
2025-11-05 19:00:00+00:00,1762369200000,237.33,237.54,232.75,234.14,620888.0,145906134.3592
2025-11-05 20:00:00+00:00,1762372800000,233.54,234.5,230.2001,232.66,1903345.0,443325785.0585
2025-11-05 21:00:00+00:00,1762376400000,232.75,235.1,231.21,235.0,7408.0,1728930.1552
2025-11-05 22:00:00+00:00,1762380000000,235.99,236.0,233.03,234.05,834.0,195956.0562
2025-11-05 23:00:00+00:00,1762383600000,236.4587,236.5,233.0,236.5,3349.0,789715.6336
2025-11-06 00:00:00+00:00,1762387200000,236.0,236.5,236.0,236.5,1434.0,338514.9156
2025-11-06 01:00:00+00:00,1762390800000,234.0,236.49,233.99,234.02,53.0,12447.24
2025-11-06 02:00:00+00:00,1762394400000,234.02,236.97,234.02,236.97,15.0,3545.42
2025-11-06 03:00:00+00:00,1762398000000,236.99,237.77,236.58,236.69,222.0,52632.1
2025-11-06 04:00:00+00:00,1762401600000,236.7,236.71,236.7,236.71,15.0,3550.53
2025-11-06 05:00:00+00:00,1762405200000,236.97,237.98,236.59,237.11,283.0,67080.96
2025-11-06 06:00:00+00:00,1762408800000,237.99,238.01,236.74,237.4,452.0,107409.41
2025-11-06 07:00:00+00:00,1762412400000,237.99,239.05,236.6,238.47,1588.0,377811.67
2025-11-06 08:00:00+00:00,1762416000000,237.88,239.98,237.88,239.98,3559.0,847159.2
2025-11-06 09:00:00+00:00,1762419600000,238.97,240.96,236.19,239.5,7751.0,1853088.1523
2025-11-06 10:00:00+00:00,1762423200000,238.17,239.94,238.17,239.81,7639.0,1827232.7581
2025-11-06 11:00:00+00:00,1762426800000,239.87,241.0,238.47,239.97,10629.0,2548945.8045
2025-11-06 12:00:00+00:00,1762430400000,239.94,244.89,239.94,243.5,24647.0,5979872.3929
2025-11-06 13:00:00+00:00,1762434000000,239.0,245.69,238.0,242.65,61923.0,15042756.2364
2025-11-06 14:00:00+00:00,1762437600000,249.33,258.35,240.5,247.16,2504751.0,631369328.3937
2025-11-06 15:00:00+00:00,1762441200000,247.175,249.9,241.2591,241.875,1267026.0,310564290.5328
2025-11-06 16:00:00+00:00,1762444800000,242.195,247.12,241.0001,243.25,501175.0,122215883.9725
2025-11-06 17:00:00+00:00,1762448400000,243.1,244.8899,236.98,244.47,578597.0,138669739.3035
2025-11-06 18:00:00+00:00,1762452000000,244.81,246.3299,241.17,245.81,378537.0,92368630.3476
2025-11-06 19:00:00+00:00,1762455600000,246.75,250.78,246.175,247.34,415009.0,103003822.7694
2025-11-06 20:00:00+00:00,1762459200000,247.75,248.38,239.02,239.1,1160909.0,282012657.916
2025-11-06 21:00:00+00:00,1762462800000,239.68,242.717,238.01,240.23,4491.0,1076664.7053
2025-11-06 22:00:00+00:00,1762466400000,240.37,242.99,240.24,242.99,1074.0,258481.0836
2025-11-06 23:00:00+00:00,1762470000000,240.5,240.5,240.4855,240.4855,200.0,48098.56
2025-11-07 00:00:00+00:00,1762473600000,240.49,240.49,240.39,240.48,1772.0,426085.7284
2025-11-07 01:00:00+00:00,1762477200000,240.37,243.73,238.18,238.18,515.0,124421.17
2025-11-07 02:00:00+00:00,1762480800000,238.34,242.3,236.91,238.81,795.0,190526.69
2025-11-07 03:00:00+00:00,1762484400000,238.8,239.34,238.8,238.8,21.0,5017.47
2025-11-07 04:00:00+00:00,1762488000000,238.8,240.21,238.16,240.21,92.0,21989.82
2025-11-07 05:00:00+00:00,1762491600000,240.19,241.19,239.3,241.19,111.0,26648.36
2025-11-07 06:00:00+00:00,1762495200000,241.5,244.19,241.5,243.1,88.0,21371.69
2025-11-07 07:00:00+00:00,1762498800000,242.05,244.0,239.99,239.99,263.0,63740.52
2025-11-07 08:00:00+00:00,1762502400000,242.89,242.9,240.63,242.79,20.0,4852.0
2025-11-07 09:00:00+00:00,1762506000000,241.99,242.06,240.99,240.99,2036.0,491759.3556
2025-11-07 10:00:00+00:00,1762509600000,240.02,240.02,238.12,238.12,1605.0,384497.331
2025-11-07 11:00:00+00:00,1762513200000,238.0,239.0,235.5,238.81,1301.0,308319.1763
2025-11-07 12:00:00+00:00,1762516800000,238.81,238.81,232.0,233.0,10312.0,2420526.4792
2025-11-07 13:00:00+00:00,1762520400000,238.0,238.2,229.0021,232.1,24722.0,5771076.4858
2025-11-07 14:00:00+00:00,1762524000000,233.605,238.88,227.12,236.74,1306075.0,305017882.135
2025-11-07 15:00:00+00:00,1762527600000,236.56,238.4999,231.91,234.67,1346422.0,316615172.566
2025-11-07 16:00:00+00:00,1762531200000,234.55,235.35,227.6564,228.37,705959.0,162754823.4837
2025-11-07 17:00:00+00:00,1762534800000,228.13,234.49,227.88,233.03,355067.0,82254608.1798
2025-11-07 18:00:00+00:00,1762538400000,233.11,238.87,232.52,237.6,319235.0,75598806.514
2025-11-07 19:00:00+00:00,1762542000000,237.43,243.51,237.215,243.18,355995.0,85675785.8715
2025-11-07 20:00:00+00:00,1762545600000,243.61,243.75,238.9,240.08,893249.0,214886678.8075
2025-11-07 21:00:00+00:00,1762549200000,240.11,242.5,240.11,242.4999,12336.0,2970960.2976
2025-11-07 22:00:00+00:00,1762552800000,242.5,243.6637,242.5,243.6637,1385.0,337077.422
2025-11-07 23:00:00+00:00,1762556400000,242.0,243.56,242.0,242.99,817.0,198404.1199
2025-11-08 00:00:00+00:00,1762560000000,243.9992,244.27,243.95,244.27,3713.0,905993.9067
2025-11-10 01:00:00+00:00,1762736400000,259.99,260.0,243.96,256.0,2920.0,746255.7
2025-11-10 02:00:00+00:00,1762740000000,256.0,256.98,254.01,255.01,2284.0,584707.66
2025-11-10 03:00:00+00:00,1762743600000,253.02,254.5,250.0,252.74,2248.0,564281.75
2025-11-10 04:00:00+00:00,1762747200000,252.04,254.46,252.04,253.99,665.0,168665.62
2025-11-10 05:00:00+00:00,1762750800000,252.6,255.0,252.51,253.99,5077.0,1289875.71
2025-11-10 06:00:00+00:00,1762754400000,252.66,254.89,252.66,254.88,324.0,82293.69
2025-11-10 07:00:00+00:00,1762758000000,254.81,255.29,253.07,255.29,539.0,137338.8
2025-11-10 08:00:00+00:00,1762761600000,255.3,255.3,252.37,253.96,1229.0,311725.84
2025-11-10 09:00:00+00:00,1762765200000,255.5,258.96,253.0,257.5,22300.0,5703318.66
2025-11-10 10:00:00+00:00,1762768800000,257.49,258.3,255.2,256.3,7635.0,1961896.4715
2025-11-10 11:00:00+00:00,1762772400000,256.07,256.07,256.0,256.0,858.0,219664.302
2025-11-10 12:00:00+00:00,1762776000000,256.15,256.15,253.89,253.94,8086.0,2059492.071
2025-11-10 13:00:00+00:00,1762779600000,256.34,259.0,253.05,254.22,33982.0,8645561.1138
2025-11-10 14:00:00+00:00,1762783200000,258.205,270.95,253.0,269.74,2145780.0,567918228.15
2025-11-10 15:00:00+00:00,1762786800000,270.44,273.892,263.95,264.71,1193621.0,322940845.8276
2025-11-10 16:00:00+00:00,1762790400000,264.12,266.45,260.31,264.35,1027258.0,270028222.3798
2025-11-10 17:00:00+00:00,1762794000000,266.15,269.0,264.99,268.0,380447.0,101719163.2725
2025-11-10 18:00:00+00:00,1762797600000,268.22,269.294,264.76,265.215,250594.0,67080029.3554
2025-11-10 19:00:00+00:00,1762801200000,265.6,267.12,263.77,264.735,285662.0,75827492.4576
2025-11-10 20:00:00+00:00,1762804800000,265.05,266.22,259.62,260.005,915801.0,240284477.9163
2025-11-10 21:00:00+00:00,1762808400000,259.89,263.5,259.89,262.91,7498.0,1955878.0434
2025-11-10 22:00:00+00:00,1762812000000,262.76,262.76,262.76,262.76,224.0,58866.4384
2025-11-10 23:00:00+00:00,1762815600000,262.75,262.75,262.3538,262.3538,960.0,252011.904
2025-11-11 00:00:00+00:00,1762819200000,262.1,262.48,262.0,262.0,1300.0,340659.02
2025-11-11 01:00:00+00:00,1762822800000,262.0,268.0,261.86,268.0,543.0,143664.0
2025-11-11 02:00:00+00:00,1762826400000,268.0,268.0,264.49,266.51,545.0,144881.82
2025-11-11 03:00:00+00:00,1762830000000,266.0,266.51,264.82,265.02,311.0,82617.63
2025-11-11 04:00:00+00:00,1762833600000,265.09,265.09,263.99,264.0,528.0,139721.56
2025-11-11 05:00:00+00:00,1762837200000,264.02,264.02,255.49,256.0,1163.0,299509.38
2025-11-11 06:00:00+00:00,1762840800000,255.01,260.72,255.0,258.08,483.0,124971.45
2025-11-11 07:00:00+00:00,1762844400000,257.99,258.08,256.99,257.1,548.0,141277.73
2025-11-11 08:00:00+00:00,1762848000000,258.06,261.2,258.06,259.11,1107.0,288336.91
2025-11-11 09:00:00+00:00,1762851600000,258.16,258.88,256.88,257.5,2159.0,556679.3667
2025-11-11 10:00:00+00:00,1762855200000,258.0,258.0,257.0,257.0,2219.0,570429.0102
2025-11-11 11:00:00+00:00,1762858800000,256.29,257.0,255.93,256.71,1287.0,330062.6043
2025-11-11 12:00:00+00:00,1762862400000,256.85,256.85,254.51,255.0,5275.0,1348839.655
2025-11-11 13:00:00+00:00,1762866000000,256.84,261.2,253.051,253.51,17215.0,4399029.8605
2025-11-11 14:00:00+00:00,1762869600000,252.01,259.1999,249.0,258.22,675723.0,172389370.6032
2025-11-11 15:00:00+00:00,1762873200000,258.42,258.97,248.895,250.795,689052.0,174312378.4584
2025-11-11 16:00:00+00:00,1762876800000,253.85,255.04,251.0,253.91,331217.0,83879148.5301
2025-11-11 17:00:00+00:00,1762880400000,253.48,255.38,252.06,254.425,200734.0,50923244.9368
2025-11-11 18:00:00+00:00,1762884000000,254.425,254.7,251.01,254.03,200200.0,50655785.18
2025-11-11 19:00:00+00:00,1762887600000,253.16,254.355,252.5,252.67,184472.0,46747805.8552
2025-11-11 20:00:00+00:00,1762891200000,252.92,253.46,250.61,252.39,505780.0,127556299.816
2025-11-11 21:00:00+00:00,1762894800000,252.47,255.4512,252.47,255.4512,97400.0,24592360.42
2025-11-11 23:00:00+00:00,1762902000000,253.53,254.75,253.5,254.75,903.0,229384.7556
2025-11-12 00:00:00+00:00,1762905600000,254.52,255.4299,254.5,254.86,5152.0,1314045.936
2025-11-12 01:00:00+00:00,1762909200000,252.46,254.63,252.46,254.0,146.0,37037.26
2025-11-12 02:00:00+00:00,1762912800000,254.0,254.01,250.92,250.94,602.0,152475.25
2025-11-12 03:00:00+00:00,1762916400000,250.94,251.98,250.92,251.98,54.0,13554.01
2025-11-12 04:00:00+00:00,1762920000000,251.97,252.19,251.97,252.18,70.0,17644.9
2025-11-12 05:00:00+00:00,1762923600000,252.98,258.01,252.98,258.01,1766.0,449427.59
2025-11-12 06:00:00+00:00,1762927200000,257.98,258.52,256.02,257.16,889.0,228703.55
2025-11-12 07:00:00+00:00,1762930800000,258.18,264.9,258.18,258.57,771.0,200288.63
2025-11-12 08:00:00+00:00,1762934400000,258.61,260.51,257.69,258.99,600.0,155097.85
2025-11-12 09:00:00+00:00,1762938000000,259.58,260.73,258.5,258.5,4265.0,1106182.7685
2025-11-12 10:00:00+00:00,1762941600000,258.06,259.06,257.14,257.14,10961.0,2823524.0053
2025-11-12 11:00:00+00:00,1762945200000,257.47,259.04,256.77,256.77,12475.0,3210473.685
2025-11-12 12:00:00+00:00,1762948800000,257.0,259.23,257.0,259.22,5536.0,1431418.0544
2025-11-12 13:00:00+00:00,1762952400000,259.09,261.0,253.0,260.9,17440.0,4515545.616
2025-11-12 14:00:00+00:00,1762956000000,261.96,268.05,260.1,263.34,987244.0,261032743.442
2025-11-12 15:00:00+00:00,1762959600000,263.44,270.0,259.0,259.995,965865.0,256591889.073
2025-11-12 16:00:00+00:00,1762963200000,260.53,263.63,257.47,258.615,528503.0,137301538.4299
2025-11-12 17:00:00+00:00,1762966800000,258.56,259.72,255.0,257.48,247321.0,63566047.7064
2025-11-12 18:00:00+00:00,1762970400000,257.82,258.1899,254.17,254.9,213942.0,54887119.6188
2025-11-12 19:00:00+00:00,1762974000000,254.805,255.17,252.13,254.17,324250.0,82161545.375
2025-11-12 20:00:00+00:00,1762977600000,253.8,254.905,250.795,253.655,821473.0,207658927.4605
2025-11-12 21:00:00+00:00,1762981200000,253.81,253.81,253.02,253.5,5944.0,1508207.9728
2025-11-12 22:00:00+00:00,1762984800000,253.77,253.77,253.77,253.77,319.0,80961.1154
2025-11-12 23:00:00+00:00,1762988400000,253.81,253.81,253.48,253.81,1501.0,380935.4878
2025-11-13 01:00:00+00:00,1762995600000,253.81,255.23,253.48,254.0,573.0,145531.94
2025-11-13 02:00:00+00:00,1762999200000,255.14,255.99,255.14,255.99,237.0,60608.16
2025-11-13 03:00:00+00:00,1763002800000,255.59,255.99,254.0,255.14,328.0,83437.29
2025-11-13 04:00:00+00:00,1763006400000,255.14,255.23,255.14,255.23,62.0,15820.75
2025-11-13 05:00:00+00:00,1763010000000,255.26,255.91,255.26,255.29,71.0,18143.36
2025-11-13 06:00:00+00:00,1763013600000,255.3,256.21,255.29,256.19,269.0,68755.63
2025-11-13 07:00:00+00:00,1763017200000,256.01,256.89,255.0,255.79,1082.0,276848.57
2025-11-13 08:00:00+00:00,1763020800000,256.09,256.69,254.04,255.01,931.0,237650.49
2025-11-13 09:00:00+00:00,1763024400000,253.53,253.53,249.03,250.5,1492.0,374865.4476
2025-11-13 10:00:00+00:00,1763028000000,250.5,252.0,250.5,252.0,275.0,69134.945
2025-11-13 11:00:00+00:00,1763031600000,250.66,250.66,250.61,250.63,800.0,200502.88
2025-11-13 12:00:00+00:00,1763035200000,251.0,252.5,250.73,251.99,1597.0,401552.3949
2025-11-13 13:00:00+00:00,1763038800000,251.0,255.8,245.4,247.94,8460.0,2118252.87
2025-11-13 14:00:00+00:00,1763042400000,246.95,249.39,237.0,239.12,705065.0,170649631.7035
2025-11-13 15:00:00+00:00,1763046000000,239.67,242.0,232.3,235.99,935357.0,221080325.7701
2025-11-13 16:00:00+00:00,1763049600000,236.74,238.2999,228.22,229.405,886711.0,206710777.6888
2025-11-13 17:00:00+00:00,1763053200000,229.12,232.0,224.68,225.01,530213.0,121338820.8796
2025-11-13 18:00:00+00:00,1763056800000,224.995,225.39,220.34,223.65,566306.0,126045897.7336
2025-11-13 19:00:00+00:00,1763060400000,224.26,224.98,221.69,223.43,528627.0,118000436.1162
2025-11-13 20:00:00+00:00,1763064000000,223.385,227.4,223.11,226.57,901521.0,203493123.162
2025-11-13 21:00:00+00:00,1763067600000,226.86,227.96,225.7,225.98,54999.0,12476198.6559
2025-11-13 22:00:00+00:00,1763071200000,226.0,227.5475,225.7,225.7,2596.0,588226.8612
2025-11-13 23:00:00+00:00,1763074800000,227.0,227.0,227.0,227.0,207.0,46988.9586
2025-11-14 00:00:00+00:00,1763078400000,226.83,226.9847,226.8,226.83,1630.0,369740.072
2025-11-14 01:00:00+00:00,1763082000000,226.27,227.59,215.59,215.59,3444.0,767342.03
2025-11-14 02:00:00+00:00,1763085600000,217.02,228.29,216.03,225.06,1990.0,446475.0
2025-11-14 03:00:00+00:00,1763089200000,227.0,227.0,225.01,225.01,146.0,33071.87
2025-11-14 04:00:00+00:00,1763092800000,225.0,225.0,216.75,216.75,284.0,62187.14
2025-11-14 05:00:00+00:00,1763096400000,216.02,224.61,216.02,224.61,1154.0,253345.57
2025-11-14 06:00:00+00:00,1763100000000,224.61,224.61,217.22,218.31,1137.0,247849.28
2025-11-14 07:00:00+00:00,1763103600000,219.03,219.03,209.99,217.49,5643.0,1208555.23
2025-11-14 08:00:00+00:00,1763107200000,217.49,220.01,215.99,219.0,8303.0,1816739.14
2025-11-14 09:00:00+00:00,1763110800000,223.2,223.2,217.0,221.2,11311.0,2488139.4872
2025-11-14 10:00:00+00:00,1763114400000,221.94,223.81,221.94,223.5,1981.0,441536.5717
2025-11-14 11:00:00+00:00,1763118000000,223.5,223.5,219.01,219.97,11700.0,2585971.44
2025-11-14 12:00:00+00:00,1763121600000,220.02,220.02,213.0,215.8,21991.0,4746286.7426
2025-11-14 13:00:00+00:00,1763125200000,223.0,223.0,210.5,215.03,55726.0,12048457.1614
2025-11-14 14:00:00+00:00,1763128800000,216.675,235.86,213.0,235.01,1220146.0,276141612.501
2025-11-14 15:00:00+00:00,1763132400000,234.85,235.91,224.2,232.83,989438.0,226914148.9432
2025-11-14 16:00:00+00:00,1763136000000,232.9,236.4199,231.31,235.235,457554.0,107165369.5344
2025-11-14 17:00:00+00:00,1763139600000,235.38,237.22,233.7,234.03,367921.0,86811916.5446
2025-11-14 18:00:00+00:00,1763143200000,233.71,235.3,231.95,234.16,299286.0,69939965.7684
2025-11-14 19:00:00+00:00,1763146800000,234.35,235.76,233.44,235.07,348576.0,81708759.0048
2025-11-14 20:00:00+00:00,1763150400000,234.71,235.68,230.64,231.88,531423.0,123409599.8904
2025-11-14 21:00:00+00:00,1763154000000,232.15,234.0,229.672,234.0,4046.0,939898.7472
2025-11-14 22:00:00+00:00,1763157600000,233.5,233.5,233.0,233.0,1035.0,241445.421
2025-11-14 23:00:00+00:00,1763161200000,233.0,233.0,232.5,232.5,572.0,133129.5108
2025-11-17 01:00:00+00:00,1763341200000,238.2,239.99,232.99,239.9,1177.0,278852.78
2025-11-17 02:00:00+00:00,1763344800000,239.9,239.95,237.29,239.15,457.0,109156.61
2025-11-17 03:00:00+00:00,1763348400000,237.02,239.39,237.02,238.99,670.0,159876.44
2025-11-17 04:00:00+00:00,1763352000000,238.5,239.01,238.5,238.98,309.0,73760.3
2025-11-17 05:00:00+00:00,1763355600000,238.99,239.0,236.0,236.0,1341.0,317465.26
2025-11-17 06:00:00+00:00,1763359200000,236.5,238.13,236.5,236.89,1775.0,420321.67
2025-11-17 07:00:00+00:00,1763362800000,236.9,238.11,236.9,238.09,170.0,40437.82
2025-11-17 08:00:00+00:00,1763366400000,238.29,239.0,238.29,238.54,291.0,69506.55
2025-11-17 09:00:00+00:00,1763370000000,237.44,240.0,236.0,238.0,20833.0,4968974.6618
2025-11-17 10:00:00+00:00,1763373600000,238.01,238.96,236.5,236.5,32643.0,7748041.2867
2025-11-17 11:00:00+00:00,1763377200000,236.5,238.5,236.0,238.46,15018.0,3558840.9906
2025-11-17 12:00:00+00:00,1763380800000,238.2,238.2,235.8,236.0,18712.0,4419345.8952
2025-11-17 13:00:00+00:00,1763384400000,237.6,239.96,232.15,234.49,83027.0,19506936.2663
2025-11-17 14:00:00+00:00,1763388000000,233.99,247.62,233.0,245.82,873497.0,211457551.3552
2025-11-17 15:00:00+00:00,1763391600000,246.25,247.9999,241.0,244.99,731027.0,179125300.2748
2025-11-17 16:00:00+00:00,1763395200000,245.54,251.99,244.24,251.585,613539.0,152431126.3323
2025-11-17 17:00:00+00:00,1763398800000,251.645,252.12,247.59,247.88,332156.0,83038501.766
2025-11-17 18:00:00+00:00,1763402400000,247.955,247.955,243.21,243.48,347853.0,85242073.356
2025-11-17 19:00:00+00:00,1763406000000,243.7,245.7019,239.91,240.42,281466.0,68203743.4026
2025-11-17 20:00:00+00:00,1763409600000,240.73,244.209,239.62,242.24,605629.0,146710718.2308
2025-11-17 21:00:00+00:00,1763413200000,242.07,242.3,241.8535,241.92,14509.0,3512550.5514
2025-11-17 22:00:00+00:00,1763416800000,242.07,242.52,242.07,242.29,1377.0,333660.1815
2025-11-18 00:00:00+00:00,1763424000000,242.28,242.28,239.0,239.0,3346.0,802816.4872
2025-11-18 01:00:00+00:00,1763427600000,241.5,244.34,238.99,242.49,991.0,237966.86
2025-11-18 02:00:00+00:00,1763431200000,242.49,243.52,241.1,242.76,791.0,192237.74
2025-11-18 03:00:00+00:00,1763434800000,241.49,241.5,239.0,239.0,1591.0,381736.05
2025-11-18 04:00:00+00:00,1763438400000,239.01,239.48,233.09,238.95,2339.0,555301.21
2025-11-18 05:00:00+00:00,1763442000000,236.59,238.0,236.58,237.7,628.0,149351.37
2025-11-18 06:00:00+00:00,1763445600000,237.0,237.0,233.11,236.34,530.0,124959.48
2025-11-18 07:00:00+00:00,1763449200000,233.62,236.81,233.62,234.18,335.0,78792.33
2025-11-18 08:00:00+00:00,1763452800000,234.17,241.01,234.17,241.01,1611.0,384268.82
2025-11-18 09:00:00+00:00,1763456400000,236.03,242.98,236.03,241.94,2055.0,493507.017
2025-11-18 11:00:00+00:00,1763463600000,239.49,239.49,239.49,239.49,237.0,56759.13
2025-11-18 12:00:00+00:00,1763467200000,239.0,243.1,239.0,240.2,18608.0,4506317.968
2025-11-18 13:00:00+00:00,1763470800000,237.0,251.5,236.96,248.3717,22387.0,5489865.5072
2025-11-18 14:00:00+00:00,1763474400000,246.05,248.0,240.0,241.74,1224088.0,298234596.9616
2025-11-18 15:00:00+00:00,1763478000000,240.53,244.099,232.11,237.92,1203584.0,286302423.6416
2025-11-18 16:00:00+00:00,1763481600000,237.27,250.99,234.258,248.24,855447.0,209294005.1988
2025-11-18 17:00:00+00:00,1763485200000,247.89,252.66,244.7,251.845,509253.0,126320410.3512
2025-11-18 18:00:00+00:00,1763488800000,252.04,252.83,246.0,246.63,404896.0,101523623.04
2025-11-18 19:00:00+00:00,1763492400000,247.345,250.4643,246.5901,249.48,272239.0,67718226.1745
2025-11-18 20:00:00+00:00,1763496000000,249.23,250.0,246.165,247.32,706837.0,175370288.6709
2025-11-18 21:00:00+00:00,1763499600000,247.43,249.05,246.0,246.0,3196.0,791423.5624
2025-11-18 23:00:00+00:00,1763506800000,247.0,247.0,247.0,247.0,140.0,34580.0
2025-11-19 00:00:00+00:00,1763510400000,250.0,250.95,250.0,250.95,1233.0,308724.0885
2025-11-19 01:00:00+00:00,1763514000000,249.22,249.22,247.6,248.51,340.0,84315.72
2025-11-19 02:00:00+00:00,1763517600000,248.74,252.6,248.74,251.31,1851.0,463995.01
2025-11-19 03:00:00+00:00,1763521200000,252.99,253.05,251.31,251.31,830.0,209607.2
2025-11-19 04:00:00+00:00,1763524800000,252.99,252.99,251.04,251.26,1448.0,363954.16
2025-11-19 05:00:00+00:00,1763528400000,251.26,252.1,248.5,251.71,3109.0,777890.73
2025-11-19 06:00:00+00:00,1763532000000,251.71,251.71,249.52,251.65,688.0,172086.32
2025-11-19 07:00:00+00:00,1763535600000,251.81,252.01,250.74,252.01,399.0,100412.83
2025-11-19 08:00:00+00:00,1763539200000,252.29,252.29,250.17,250.17,766.0,192758.58
2025-11-19 09:00:00+00:00,1763542800000,251.89,252.28,251.03,252.28,1226.0,308700.9152
2025-11-19 10:00:00+00:00,1763546400000,252.99,254.75,252.99,253.33,6446.0,1636531.7518
2025-11-19 11:00:00+00:00,1763550000000,254.18,254.82,252.5,252.8,12539.0,3178250.2988
2025-11-19 12:00:00+00:00,1763553600000,252.9,256.75,252.9,256.22,13829.0,3526343.8327
2025-11-19 13:00:00+00:00,1763557200000,253.0,260.5,248.5,259.34,82890.0,21329478.603
2025-11-19 14:00:00+00:00,1763560800000,259.26,274.0397,253.95,273.08,1766511.0,467412627.8115
2025-11-19 15:00:00+00:00,1763564400000,272.775,280.22,271.1689,275.16,1515704.0,418470717.36
2025-11-19 16:00:00+00:00,1763568000000,274.85,275.325,263.67,265.745,789003.0,211684455.2808
2025-11-19 17:00:00+00:00,1763571600000,266.5,267.27,257.42,265.66,607847.0,159713075.7287
2025-11-19 18:00:00+00:00,1763575200000,265.43,268.86,263.85,265.705,332142.0,88411417.5552
2025-11-19 19:00:00+00:00,1763578800000,265.63,268.27,263.48,265.98,223042.0,59169986.9246
2025-11-19 20:00:00+00:00,1763582400000,266.48,271.16,266.11,269.11,642361.0,172538742.7249
2025-11-19 21:00:00+00:00,1763586000000,268.92,281.0,266.125,278.4,35050.0,9667690.785
2025-11-19 22:00:00+00:00,1763589600000,280.9,284.54,278.4,279.5,15931.0,4488721.7462
2025-11-19 23:00:00+00:00,1763593200000,279.29,284.44,279.29,283.0,12465.0,3522661.353
2025-11-20 00:00:00+00:00,1763596800000,282.5,284.54,282.5,283.2,3068.0,869566.0012
2025-11-20 01:00:00+00:00,1763600400000,282.67,286.36,280.4,285.46,1005.0,285276.73
2025-11-20 02:00:00+00:00,1763604000000,285.0,285.99,284.0,284.79,1674.0,477137.5
2025-11-20 03:00:00+00:00,1763607600000,285.98,289.19,285.67,287.56,2214.0,635264.8
2025-11-20 04:00:00+00:00,1763611200000,287.56,287.56,284.5,284.79,450.0,128544.54
2025-11-20 05:00:00+00:00,1763614800000,284.79,286.67,284.1,286.67,2913.0,830096.43
2025-11-20 06:00:00+00:00,1763618400000,286.67,286.67,282.99,283.98,5308.0,1507255.71
2025-11-20 07:00:00+00:00,1763622000000,285.48,285.81,284.13,285.76,1429.0,407226.85
2025-11-20 08:00:00+00:00,1763625600000,285.76,285.77,282.99,282.99,1364.0,387416.48
2025-11-20 09:00:00+00:00,1763629200000,285.0,285.0,279.98,280.61,5338.0,1504269.2182
2025-11-20 10:00:00+00:00,1763632800000,280.61,281.2,277.4,281.2,15820.0,4427242.82
2025-11-20 11:00:00+00:00,1763636400000,281.19,282.0,280.45,282.0,2300.0,646388.55
2025-11-20 12:00:00+00:00,1763640000000,283.44,285.78,283.44,284.9,19178.0,5449938.8348
2025-11-20 13:00:00+00:00,1763643600000,285.0,289.6,280.06,287.0,54485.0,15601115.033
2025-11-20 14:00:00+00:00,1763647200000,281.565,287.37,269.765,280.215,1115544.0,308748889.7712
2025-11-20 15:00:00+00:00,1763650800000,280.0,282.6599,272.0,272.25,883478.0,246338050.3928
2025-11-20 16:00:00+00:00,1763654400000,272.56,274.5925,252.17,252.49,1374462.0,358710528.915
2025-11-20 17:00:00+00:00,1763658000000,253.44,255.52,244.13,246.67,947121.0,236284716.2928
2025-11-20 18:00:00+00:00,1763661600000,245.425,254.37,241.4001,243.28,909883.0,226374522.9616
2025-11-20 19:00:00+00:00,1763665200000,243.0,244.0899,238.121,241.9,486670.0,117297592.736
2025-11-20 20:00:00+00:00,1763668800000,241.65,242.3,229.585,233.265,1346917.0,316203447.1453
2025-11-20 21:00:00+00:00,1763672400000,233.24,236.0,228.5,231.0,39787.0,9254587.4971
2025-11-20 22:00:00+00:00,1763676000000,231.27,231.27,224.2,224.2,13707.0,3108589.9695
2025-11-20 23:00:00+00:00,1763679600000,228.8,228.98,223.87,225.0,40956.0,9256273.0668
2025-11-21 00:00:00+00:00,1763683200000,228.95,236.4,227.11,234.3,20730.0,4803103.686
2025-11-21 01:00:00+00:00,1763686800000,235.37,250.0,235.29,245.0,11545.0,2778966.78
2025-11-21 02:00:00+00:00,1763690400000,245.01,245.01,237.93,237.93,7995.0,1923118.17
2025-11-21 03:00:00+00:00,1763694000000,237.92,239.97,234.69,239.97,4007.0,949456.96
2025-11-21 04:00:00+00:00,1763697600000,238.99,239.7,235.0,236.0,1474.0,350375.0
2025-11-21 05:00:00+00:00,1763701200000,236.48,237.59,232.73,232.73,4575.0,1080116.75
2025-11-21 06:00:00+00:00,1763704800000,233.39,235.82,232.26,232.82,912.0,212365.04
2025-11-21 07:00:00+00:00,1763708400000,232.86,237.52,228.88,230.88,9789.0,2303171.84
2025-11-21 08:00:00+00:00,1763712000000,230.3,234.37,230.17,233.56,2245.0,521032.48
2025-11-21 09:00:00+00:00,1763715600000,233.06,234.95,231.45,231.51,11328.0,2640662.1504
2025-11-21 10:00:00+00:00,1763719200000,225.06,234.48,220.56,233.56,31370.0,7155189.574
2025-11-21 11:00:00+00:00,1763722800000,235.0,236.03,231.06,232.61,5421.0,1269143.3781
2025-11-21 12:00:00+00:00,1763726400000,232.01,243.42,230.06,240.0,46122.0,10957521.7818
2025-11-21 13:00:00+00:00,1763730000000,239.9,249.47,221.5,248.8,150923.0,36630626.9761
2025-11-21 14:00:00+00:00,1763733600000,249.88,259.0,240.11,246.01,2130578.0,533966310.5912
2025-11-21 15:00:00+00:00,1763737200000,247.465,249.15,233.72,240.5,1747277.0,421002898.596
2025-11-21 16:00:00+00:00,1763740800000,240.83,248.65,237.625,247.36,983140.0,240417743.798
2025-11-21 17:00:00+00:00,1763744400000,247.08,251.52,245.495,250.27,533777.0,132498930.933
2025-11-21 18:00:00+00:00,1763748000000,250.32,253.67,246.14,252.01,322569.0,80354970.0486
2025-11-21 19:00:00+00:00,1763751600000,252.61,255.91,250.45,252.9,413994.0,104884717.5096
2025-11-21 20:00:00+00:00,1763755200000,252.79,256.71,252.36,255.6,861279.0,219638719.6734
2025-11-21 21:00:00+00:00,1763758800000,255.59,257.57,255.3975,257.3501,173977.0,44471670.1837
2025-11-21 22:00:00+00:00,1763762400000,257.9,257.9,256.84,256.84,1454.0,374149.5322
2025-11-21 23:00:00+00:00,1763766000000,257.2,257.8,256.93,257.07,2173.0,559232.1977
2025-11-22 00:00:00+00:00,1763769600000,257.99,258.87,257.55,258.7,6060.0,1563653.922
2025-11-24 01:00:00+00:00,1763946000000,258.5,274.46,258.5,269.45,5191.0,1390440.99
2025-11-24 02:00:00+00:00,1763949600000,269.45,269.51,267.58,268.99,5046.0,1356454.92
2025-11-24 03:00:00+00:00,1763953200000,268.6,268.6,262.06,264.79,4839.0,1282852.06
2025-11-24 04:00:00+00:00,1763956800000,263.33,264.01,261.2,262.91,838.0,220399.06
2025-11-24 05:00:00+00:00,1763960400000,262.89,264.8,261.5,263.25,1909.0,501432.32
2025-11-24 06:00:00+00:00,1763964000000,263.25,264.81,261.96,261.96,1861.0,488868.71
2025-11-24 07:00:00+00:00,1763967600000,262.61,263.52,259.99,263.01,1825.0,477299.41
2025-11-24 08:00:00+00:00,1763971200000,263.01,265.0,259.21,263.5,4432.0,1163072.26
2025-11-24 09:00:00+00:00,1763974800000,263.47,267.36,261.47,262.05,28560.0,7541776.368
2025-11-24 10:00:00+00:00,1763978400000,263.5,263.94,260.94,261.0,6767.0,1776353.7408
2025-11-24 11:00:00+00:00,1763982000000,262.99,263.65,262.99,263.65,1271.0,334499.3651
2025-11-24 12:00:00+00:00,1763985600000,264.44,268.44,264.44,266.44,6426.0,1710153.9504
2025-11-24 13:00:00+00:00,1763989200000,265.0,268.48,260.05,265.2,63043.0,16688944.6976
2025-11-24 14:00:00+00:00,1763992800000,267.21,291.66,265.8555,289.72,2272734.0,634395968.7156
2025-11-24 15:00:00+00:00,1763996400000,289.68,292.46,284.55,285.01,1265342.0,364786583.9878
2025-11-24 16:00:00+00:00,1764000000000,285.04,292.6,284.835,289.84,775555.0,224325483.5305
2025-11-24 17:00:00+00:00,1764003600000,289.99,295.4,289.99,294.105,612400.0,179802293.48
2025-11-24 18:00:00+00:00,1764007200000,294.07,295.15,291.33,292.65,420902.0,123537599.1336
2025-11-24 19:00:00+00:00,1764010800000,292.33,294.9,291.97,292.5,460109.0,135102817.9098
2025-11-24 20:00:00+00:00,1764014400000,293.26,300.0,292.7684,299.48,1064940.0,316724657.352
2025-11-24 21:00:00+00:00,1764018000000,299.36,302.0,297.92,299.7929,27755.0,8317168.769
2025-11-24 22:00:00+00:00,1764021600000,300.6,303.9,300.3,303.8,7539.0,2276351.2926
2025-11-24 23:00:00+00:00,1764025200000,302.5,303.59,301.15,301.15,11111.0,3355661.9986
2025-11-25 00:00:00+00:00,1764028800000,301.25,302.99,300.3,302.99,11315.0,3405208.516
2025-11-25 01:00:00+00:00,1764032400000,302.26,308.0,302.24,305.01,6806.0,2077322.79
2025-11-25 02:00:00+00:00,1764036000000,305.01,308.0,304.92,305.51,1763.0,538923.77
2025-11-25 03:00:00+00:00,1764039600000,306.99,307.46,304.0,304.31,1674.0,512592.57
2025-11-25 04:00:00+00:00,1764043200000,304.95,304.95,301.99,301.99,1617.0,490071.11
2025-11-25 05:00:00+00:00,1764046800000,303.32,303.32,298.02,298.61,3295.0,992248.45
2025-11-25 06:00:00+00:00,1764050400000,298.9,299.98,297.56,298.0,8106.0,2424530.3
2025-11-25 07:00:00+00:00,1764054000000,298.01,300.54,297.99,299.03,1257.0,375581.76
2025-11-25 08:00:00+00:00,1764057600000,299.02,299.52,294.99,294.99,2484.0,743044.35
2025-11-25 09:00:00+00:00,1764061200000,299.55,301.92,295.95,296.94,11899.0,3539540.7946
2025-11-25 10:00:00+00:00,1764064800000,297.0,301.96,297.0,301.5,11438.0,3428046.3784
2025-11-25 11:00:00+00:00,1764068400000,301.96,303.0,297.93,299.0,13364.0,4017485.68
2025-11-25 12:00:00+00:00,1764072000000,299.83,303.5,298.98,301.3,22614.0,6819091.1406
2025-11-25 13:00:00+00:00,1764075600000,300.99,304.87,296.0,299.0,545898.0,163485533.04
2025-11-25 14:00:00+00:00,1764079200000,289.85,301.0,281.045,295.055,1475153.0,425228636.3871
2025-11-25 15:00:00+00:00,1764082800000,293.84,294.9,284.75,286.12,961616.0,278823347.8864
2025-11-25 16:00:00+00:00,1764086400000,285.98,287.02,281.55,282.63,693800.0,196704649.64
2025-11-25 17:00:00+00:00,1764090000000,282.62,287.1944,280.63,285.95,523725.0,148655413.3125
2025-11-25 18:00:00+00:00,1764093600000,286.0,290.84,285.76,289.21,473999.0,136701690.7992
2025-11-25 19:00:00+00:00,1764097200000,289.21,292.09,288.83,291.725,270890.0,78695522.497
2025-11-25 20:00:00+00:00,1764100800000,292.23,292.86,289.7242,291.275,540649.0,157380761.304
2025-11-25 21:00:00+00:00,1764104400000,291.27,292.5,291.27,292.0,12927.0,3768036.9366
2025-11-25 22:00:00+00:00,1764108000000,291.5,292.5,291.5,292.5,1821.0,531131.9805
2025-11-25 23:00:00+00:00,1764111600000,292.75,293.69,292.75,293.4,2201.0,645336.2814
2025-11-26 00:00:00+00:00,1764115200000,293.4982,295.0,293.45,294.1,2181.0,641095.1355
2025-11-26 01:00:00+00:00,1764118800000,294.03,295.35,292.0,293.92,409.0,120163.72
2025-11-26 02:00:00+00:00,1764122400000,294.39,296.99,294.39,296.99,899.0,265676.63
2025-11-26 03:00:00+00:00,1764126000000,297.0,300.0,297.0,299.87,8900.0,2660396.21
2025-11-26 04:00:00+00:00,1764129600000,299.8,299.8,297.01,298.39,881.0,262393.13
2025-11-26 05:00:00+00:00,1764133200000,298.0,299.97,298.0,299.0,2742.0,819282.8
2025-11-26 06:00:00+00:00,1764136800000,298.62,298.99,296.99,297.64,3304.0,984767.44
2025-11-26 07:00:00+00:00,1764140400000,297.64,299.44,297.24,298.0,1808.0,539435.44
2025-11-26 08:00:00+00:00,1764144000000,298.97,299.19,297.13,297.99,823.0,245977.06
2025-11-26 09:00:00+00:00,1764147600000,295.0,296.99,294.36,296.0,4442.0,1311694.1712
2025-11-26 10:00:00+00:00,1764151200000,296.5,298.06,296.5,297.03,1691.0,502093.411
2025-11-26 11:00:00+00:00,1764154800000,298.97,298.97,297.85,297.85,1816.0,541881.8696
2025-11-26 12:00:00+00:00,1764158400000,298.27,298.36,295.21,297.5,7971.0,2366200.9152
2025-11-26 13:00:00+00:00,1764162000000,297.1,299.6,289.11,291.0,50243.0,14821293.1046
2025-11-26 14:00:00+00:00,1764165600000,289.82,297.18,279.06,291.67,790051.0,228725215.8519
2025-11-26 15:00:00+00:00,1764169200000,291.705,304.85,291.115,298.615,1091960.0,326868398.36
2025-11-26 16:00:00+00:00,1764172800000,298.28,303.33,297.87,301.9,348062.0,104738503.7842
2025-11-26 17:00:00+00:00,1764176400000,302.185,302.43,296.735,298.62,165027.0,49353783.2523
2025-11-26 18:00:00+00:00,1764180000000,299.54,307.87,297.6,306.05,383499.0,116770153.2138
2025-11-26 19:00:00+00:00,1764183600000,306.59,312.0,306.3,310.06,383063.0,118693526.1894
2025-11-26 20:00:00+00:00,1764187200000,310.98,312.99,307.385,308.44,632001.0,195818937.0396
2025-11-26 21:00:00+00:00,1764190800000,308.28,311.0,308.27,310.49,6720.0,2083293.408
2025-11-26 22:00:00+00:00,1764194400000,310.41,311.8,310.41,310.5,3688.0,1146298.628
2025-11-26 23:00:00+00:00,1764198000000,310.0,310.0,308.93,309.01,4816.0,1488882.2928
2025-11-27 00:00:00+00:00,1764201600000,310.0,310.0,308.61,309.87,5919.0,1832769.2223
2025-11-28 01:00:00+00:00,1764291600000,311.01,318.0,310.01,317.1,2159.0,680905.65
2025-11-28 02:00:00+00:00,1764295200000,317.1,317.19,315.0,316.0,1418.0,448329.81
2025-11-28 03:00:00+00:00,1764298800000,315.99,315.99,313.0,313.5,191.0,60037.68
2025-11-28 04:00:00+00:00,1764302400000,313.99,314.01,313.01,313.49,414.0,129833.24
2025-11-28 05:00:00+00:00,1764306000000,314.0,314.0,311.99,312.99,796.0,249078.53
2025-11-28 06:00:00+00:00,1764309600000,312.89,312.89,307.98,309.25,2171.0,671937.49
2025-11-28 07:00:00+00:00,1764313200000,309.25,310.91,308.99,310.0,987.0,305917.59
2025-11-28 08:00:00+00:00,1764316800000,310.0,310.0,309.29,309.99,526.0,163046.36
2025-11-28 09:00:00+00:00,1764320400000,310.0,312.0,309.13,309.32,1955.0,606640.6055
2025-11-28 11:00:00+00:00,1764327600000,310.44,310.44,310.44,310.44,100.0,31044.0
2025-11-28 12:00:00+00:00,1764331200000,310.5,311.3,309.94,309.99,3322.0,1031594.9446
2025-11-28 13:00:00+00:00,1764334800000,310.6,313.0,308.0,309.0,26139.0,8102052.2817
2025-11-28 14:00:00+00:00,1764338400000,308.645,315.0,306.02,311.39,609133.0,188853767.921
2025-11-28 15:00:00+00:00,1764342000000,312.115,319.5,310.1,317.2,452539.0,142348088.3677
2025-11-28 16:00:00+00:00,1764345600000,317.865,320.515,317.0201,320.44,341825.0,109046105.9875
2025-11-28 17:00:00+00:00,1764349200000,320.32,325.46,319.52,325.15,633570.0,204618907.626
2025-11-28 18:00:00+00:00,1764352800000,325.16,325.16,325.16,325.16,88110.0,28649847.6
2025-11-28 21:00:00+00:00,1764363600000,326.5,326.5,326.5,326.5,385.0,125674.934
2025-12-01 01:00:00+00:00,1764550800000,318.99,326.21,315.53,318.98,3866.0,1233225.93
2025-12-01 02:00:00+00:00,1764554400000,318.51,318.98,316.32,317.29,1338.0,425572.31
2025-12-01 03:00:00+00:00,1764558000000,317.8,317.99,315.0,315.45,3701.0,1168844.41
2025-12-01 04:00:00+00:00,1764561600000,315.46,316.01,315.03,315.03,576.0,181701.57
2025-12-01 05:00:00+00:00,1764565200000,315.04,315.28,309.71,312.99,15757.0,4939818.01000001
2025-12-01 06:00:00+00:00,1764568800000,312.98,314.99,311.35,314.99,15844.0,4964955.59999999
2025-12-01 07:00:00+00:00,1764572400000,315.01,317.01,314.77,316.99,2130.0,672072.81
2025-12-01 08:00:00+00:00,1764576000000,316.95,318.71,316.95,318.01,681.0,216596.36
2025-12-01 09:00:00+00:00,1764579600000,318.25,319.87,317.48,317.97,4021.0,1280444.4253
2025-12-01 10:00:00+00:00,1764583200000,317.93,319.01,317.93,319.0,1188.0,378341.5284
2025-12-01 11:00:00+00:00,1764586800000,316.56,317.0,316.5,316.7,6918.0,2191009.4652
2025-12-01 12:00:00+00:00,1764590400000,317.0,317.0,311.02,312.0,26652.0,8348048.7132
2025-12-01 13:00:00+00:00,1764594000000,317.0,319.79,309.82,313.48,91901.0,28814768.2014
2025-12-01 14:00:00+00:00,1764597600000,314.1,317.0,307.51,310.38,1002791.0,313846808.4803
2025-12-01 15:00:00+00:00,1764601200000,310.595,321.32,306.1601,318.74,1095031.0,343574736.498
2025-12-01 16:00:00+00:00,1764604800000,315.51,318.77,313.54,315.74,449197.0,142222597.9944
2025-12-01 17:00:00+00:00,1764608400000,318.04,319.93,315.7401,317.71,216387.0,68741324.4699
2025-12-01 18:00:00+00:00,1764612000000,317.505,321.18,316.329,320.78,222986.0,71097346.8092
2025-12-01 19:00:00+00:00,1764615600000,320.38,320.535,316.0,318.91,229735.0,73034824.115
2025-12-01 20:00:00+00:00,1764619200000,319.75,322.0,317.54,317.87,712134.0,227667388.2516
2025-12-01 21:00:00+00:00,1764622800000,317.93,321.49,317.93,318.05,87076.0,27688757.3688
2025-12-01 22:00:00+00:00,1764626400000,318.5,319.92,318.0,319.86,2107.0,671798.8298
2025-12-01 23:00:00+00:00,1764630000000,319.9,319.9,319.8,319.8,200.0,63970.0
2025-12-02 00:00:00+00:00,1764633600000,318.79,319.0,318.7,318.7,2043.0,651357.432
2025-12-02 01:00:00+00:00,1764637200000,318.0,319.33,317.47,317.47,1196.0,381049.12
2025-12-02 02:00:00+00:00,1764640800000,317.46,317.46,315.78,315.79,1291.0,408138.13
2025-12-02 03:00:00+00:00,1764644400000,315.94,315.94,314.63,314.96,108.0,33997.55
2025-12-02 04:00:00+00:00,1764648000000,315.51,315.51,313.65,313.8,142.0,44678.07
2025-12-02 05:00:00+00:00,1764651600000,312.01,315.94,312.01,315.89,785.0,247231.49
2025-12-02 06:00:00+00:00,1764655200000,315.88,315.88,313.11,315.43,1826.0,574058.19
2025-12-02 07:00:00+00:00,1764658800000,315.92,315.92,314.76,314.77,154.0,48631.55
2025-12-02 08:00:00+00:00,1764662400000,314.8,318.43,314.24,318.43,337.0,106379.55
2025-12-02 09:00:00+00:00,1764666000000,317.99,317.99,316.0,317.93,2657.0,843956.4607
2025-12-02 10:00:00+00:00,1764669600000,317.65,319.0,317.65,319.0,1939.0,617359.1795
2025-12-02 11:00:00+00:00,1764673200000,319.0,319.22,318.71,319.0,657.0,209581.029
2025-12-02 12:00:00+00:00,1764676800000,319.0,321.12,318.1,319.0,9002.0,2881111.7048
2025-12-02 13:00:00+00:00,1764680400000,318.5,321.44,313.89,319.0,16529.0,5262501.3671
2025-12-02 14:00:00+00:00,1764684000000,319.445,323.5,310.35,322.42,817536.0,259147875.264
2025-12-02 15:00:00+00:00,1764687600000,321.965,322.95,297.0,300.32,1281923.0,391558252.658
2025-12-02 16:00:00+00:00,1764691200000,298.57,303.57,292.9001,295.68,999885.0,297617070.1005
2025-12-02 17:00:00+00:00,1764694800000,296.3,301.86,295.0,298.8,718762.0,214828689.7702
2025-12-02 18:00:00+00:00,1764698400000,300.12,308.77,298.16,307.33,366050.0,111955257.745
2025-12-02 19:00:00+00:00,1764702000000,307.795,310.85,307.2824,308.385,322077.0,99547333.7061
2025-12-02 20:00:00+00:00,1764705600000,307.85,308.315,300.94,302.95,809332.0,245677422.7256
2025-12-02 21:00:00+00:00,1764709200000,302.81,303.5,302.5,303.0,5290.0,1602208.75
2025-12-02 22:00:00+00:00,1764712800000,305.3,305.3,305.3,305.3,1205.0,367885.054
2025-12-02 23:00:00+00:00,1764716400000,303.11,304.9033,303.0,304.88,2536.0,771282.3024
2025-12-03 00:00:00+00:00,1764720000000,303.02,303.84,302.5,302.5,661.0,200332.6411
2025-12-03 01:00:00+00:00,1764723600000,302.24,303.37,301.78,301.78,387.0,116957.28
2025-12-03 02:00:00+00:00,1764727200000,301.79,302.4,300.82,300.82,709.0,213782.02
2025-12-03 03:00:00+00:00,1764730800000,300.83,301.64,300.48,300.49,541.0,162710.16
2025-12-03 04:00:00+00:00,1764734400000,300.06,301.41,300.05,301.0,707.0,212619.97
2025-12-03 05:00:00+00:00,1764738000000,301.0,302.0,300.26,300.35,623.0,187581.22
2025-12-03 06:00:00+00:00,1764741600000,300.5,301.06,294.49,298.81,3192.0,955313.42
2025-12-03 07:00:00+00:00,1764745200000,298.81,301.01,297.68,301.01,2527.0,758793.27
2025-12-03 08:00:00+00:00,1764748800000,300.99,304.0,299.44,302.66,1683.0,508291.79
2025-12-03 09:00:00+00:00,1764752400000,305.98,306.0,303.23,303.23,1457.0,445255.1204
2025-12-03 10:00:00+00:00,1764756000000,305.95,305.97,305.0,305.0,356.0,108772.8452
2025-12-03 11:00:00+00:00,1764759600000,306.0,306.0,306.0,306.0,630.0,192466.512
2025-12-03 12:00:00+00:00,1764763200000,306.47,309.39,306.47,308.7,4127.0,1270262.5364
2025-12-03 13:00:00+00:00,1764766800000,309.98,309.98,297.27,307.53,17649.0,5365479.5496
2025-12-03 14:00:00+00:00,1764770400000,305.745,306.97,288.5,290.63,678842.0,200044622.6542
2025-12-03 15:00:00+00:00,1764774000000,291.5,301.025,290.4,297.87,736944.0,217479027.9792
2025-12-03 16:00:00+00:00,1764777600000,298.445,299.8,290.7,291.51,303997.0,89593144.6484
2025-12-03 17:00:00+00:00,1764781200000,292.02,299.31,291.6,298.63,259880.0,76959901.644
2025-12-03 18:00:00+00:00,1764784800000,298.895,302.0,298.5659,300.44,250671.0,75258076.9815
2025-12-03 19:00:00+00:00,1764788400000,300.63,303.5,300.16,303.5,190811.0,57592770.3465
2025-12-03 20:00:00+00:00,1764792000000,303.595,305.99,302.1778,303.0,512571.0,155732755.4457
2025-12-03 21:00:00+00:00,1764795600000,302.98,306.0,302.0964,302.0964,6555.0,1991597.784
2025-12-03 22:00:00+00:00,1764799200000,303.5,304.8695,303.5,304.8695,300.0,91323.9
2025-12-03 23:00:00+00:00,1764802800000,303.84,304.24,303.0,303.01,1032.0,313250.5968
2025-12-04 00:00:00+00:00,1764806400000,303.0,304.2237,303.0,303.4,2728.0,828250.5352
2025-12-04 01:00:00+00:00,1764810000000,302.65,303.8,299.99,299.99,960.0,289869.31
2025-12-04 02:00:00+00:00,1764813600000,300.81,300.99,299.83,300.99,433.0,130046.48
2025-12-04 03:00:00+00:00,1764817200000,301.21,301.96,300.63,301.56,633.0,190824.38
2025-12-04 04:00:00+00:00,1764820800000,301.4,301.54,300.76,301.54,211.0,63534.4
2025-12-04 05:00:00+00:00,1764824400000,301.59,302.0,301.03,301.03,176.0,53114.87
2025-12-04 06:00:00+00:00,1764828000000,301.37,303.8,301.37,303.78,1421.0,429639.12
2025-12-04 07:00:00+00:00,1764831600000,303.37,304.14,303.0,303.8,570.0,173214.17
2025-12-04 08:00:00+00:00,1764835200000,303.69,303.69,300.96,301.73,1109.0,335656.37
2025-12-04 09:00:00+00:00,1764838800000,303.0,303.0,300.06,300.06,502.0,151580.0546
2025-12-04 10:00:00+00:00,1764842400000,302.08,302.08,302.0,302.0,200.0,60408.0
2025-12-04 11:00:00+00:00,1764846000000,302.87,302.87,302.87,302.87,375.0,113570.025
2025-12-04 12:00:00+00:00,1764849600000,303.84,305.0,303.84,304.0,3055.0,929743.1195
2025-12-04 13:00:00+00:00,1764853200000,304.5,305.0,301.5,304.8,16762.0,5093502.464
2025-12-04 14:00:00+00:00,1764856800000,306.77,318.85,304.0,314.23,761814.0,238327567.7508
2025-12-04 15:00:00+00:00,1764860400000,313.815,322.7299,311.0,321.085,656655.0,208364117.367
2025-12-04 16:00:00+00:00,1764864000000,321.1,325.0,319.55,324.435,473714.0,152528518.0616
2025-12-04 17:00:00+00:00,1764867600000,324.8,327.87,322.93,326.77,336333.0,109424058.0852
2025-12-04 18:00:00+00:00,1764871200000,326.28,327.73,323.8283,326.86,277369.0,90323994.4264
2025-12-04 19:00:00+00:00,1764874800000,326.71,329.88,324.7,328.95,468558.0,153394362.6732
2025-12-04 20:00:00+00:00,1764878400000,329.6,330.3,326.99,327.815,635723.0,208816060.9546
2025-12-04 21:00:00+00:00,1764882000000,327.85,328.4948,327.3,328.0,397805.0,130424625.7635
2025-12-04 22:00:00+00:00,1764885600000,328.2,328.2,327.25,327.99,1668.0,546884.8248
2025-12-04 23:00:00+00:00,1764889200000,328.0,328.0,327.4,327.4,1469.0,481514.696
2025-12-05 00:00:00+00:00,1764892800000,327.99,328.97,327.8,328.97,3378.0,1107790.4406
2025-12-05 01:00:00+00:00,1764896400000,330.37,330.39,329.08,329.81,144.0,47520.06
2025-12-05 02:00:00+00:00,1764900000000,329.85,331.72,328.2,331.7,828.0,273608.54
2025-12-05 03:00:00+00:00,1764903600000,330.51,331.2,329.29,330.96,1834.0,605473.28
2025-12-05 04:00:00+00:00,1764907200000,331.57,331.91,331.57,331.88,187.0,62044.29
2025-12-05 05:00:00+00:00,1764910800000,330.95,331.48,329.2,330.71,1285.0,424733.41
2025-12-05 06:00:00+00:00,1764914400000,330.75,331.51,330.75,331.51,53.0,17561.78
2025-12-05 07:00:00+00:00,1764918000000,330.99,331.87,330.05,330.98,309.0,102369.43
2025-12-05 08:00:00+00:00,1764921600000,330.97,331.44,330.01,330.62,941.0,311184.56
2025-12-05 09:00:00+00:00,1764925200000,330.0,331.0,330.0,331.0,917.0,302998.4412
2025-12-05 10:00:00+00:00,1764928800000,331.3,334.0,331.3,331.31,4859.0,1618316.6745
2025-12-05 12:00:00+00:00,1764936000000,332.6,334.26,332.5,334.26,3128.0,1041325.9016
2025-12-05 13:00:00+00:00,1764939600000,332.2984,336.91,330.0,335.73,47984.0,16039318.9776
2025-12-05 14:00:00+00:00,1764943200000,339.9,344.0,334.77,338.05,952837.0,323036897.8968
2025-12-05 15:00:00+00:00,1764946800000,340.3,341.15,326.4001,327.99,693258.0,230415596.4054
2025-12-05 16:00:00+00:00,1764950400000,328.54,332.18,325.68,330.73,337272.0,110756785.8072
2025-12-05 17:00:00+00:00,1764954000000,330.87,334.36,328.3,334.02,273210.0,90570617.655
2025-12-05 18:00:00+00:00,1764957600000,333.735,334.62,330.25,330.68,185165.0,61475502.1435
2025-12-05 19:00:00+00:00,1764961200000,330.29,331.76,327.66,328.245,430023.0,141784646.4243
2025-12-05 20:00:00+00:00,1764964800000,327.78,331.72,325.96,331.51,470208.0,154787254.2912
2025-12-05 21:00:00+00:00,1764968400000,331.41,332.99,329.4332,330.7953,13799.0,4571738.4106
2025-12-05 22:00:00+00:00,1764972000000,331.11,331.12,331.11,331.12,1000.0,331112.0
2025-12-06 00:00:00+00:00,1764979200000,331.16,331.16,330.0,330.525,2844.0,940349.2608
2025-12-08 01:00:00+00:00,1765155600000,332.08,339.02,331.42,339.0,1811.0,607534.36
2025-12-08 02:00:00+00:00,1765159200000,338.99,341.27,336.49,338.02,2301.0,780655.27
2025-12-08 03:00:00+00:00,1765162800000,339.01,345.83,337.99,342.59,3756.0,1282808.76
2025-12-08 04:00:00+00:00,1765166400000,342.61,348.51,342.61,347.99,1382.0,479759.7
2025-12-08 05:00:00+00:00,1765170000000,347.77,347.77,342.22,343.4,3339.0,1146974.32
2025-12-08 06:00:00+00:00,1765173600000,343.01,345.58,342.01,342.01,2367.0,812411.66
2025-12-08 07:00:00+00:00,1765177200000,341.69,342.5,340.2,342.01,1906.0,650119.21
2025-12-08 08:00:00+00:00,1765180800000,341.96,343.19,340.5,341.85,1017.0,347618.49
2025-12-08 09:00:00+00:00,1765184400000,342.0,346.0,340.6,344.18,12456.0,4282623.1656
2025-12-08 10:00:00+00:00,1765188000000,344.56,347.56,344.5,347.5,4861.0,1687065.4654
2025-12-08 11:00:00+00:00,1765191600000,346.6,347.03,345.5,346.5,2677.0,926894.1172
2025-12-08 12:00:00+00:00,1765195200000,346.0,346.25,342.77,345.06,18640.0,6421243.272
2025-12-08 13:00:00+00:00,1765198800000,346.01,347.9455,340.2,345.61,48586.0,16782925.9392
2025-12-08 14:00:00+00:00,1765202400000,343.81,346.5,330.19,331.6,693368.0,234633928.4432
2025-12-08 15:00:00+00:00,1765206000000,331.7,339.9599,329.34,331.0,438264.0,146558198.8368
2025-12-08 16:00:00+00:00,1765209600000,330.19,340.4699,328.554,338.01,230165.0,77120995.2695
2025-12-08 17:00:00+00:00,1765213200000,338.5,345.15,338.0,344.33,288798.0,98822372.5098
2025-12-08 18:00:00+00:00,1765216800000,343.66,345.13,341.59,342.32,287290.0,98657310.843
2025-12-08 19:00:00+00:00,1765220400000,341.42,344.92,340.5,343.72,367953.0,126075820.6683
2025-12-08 20:00:00+00:00,1765224000000,343.84,345.72,341.3,342.75,485565.0,166871550.0555
2025-12-08 21:00:00+00:00,1765227600000,342.56,344.15,342.56,344.15,220931.0,75684155.9252
2025-12-08 22:00:00+00:00,1765231200000,344.8,344.9,342.73,342.73,3129.0,1076155.7184
2025-12-08 23:00:00+00:00,1765234800000,344.5,344.5,344.5,344.5,150.0,51675.0
2025-12-09 01:00:00+00:00,1765242000000,344.49,344.76,341.22,342.51,298.0,102315.05
2025-12-09 02:00:00+00:00,1765245600000,342.0,344.49,341.61,343.93,811.0,278298.27
2025-12-09 03:00:00+00:00,1765249200000,344.48,344.64,344.01,344.32,243.0,83663.34
2025-12-09 04:00:00+00:00,1765252800000,345.19,345.98,344.02,345.98,416.0,143667.26
2025-12-09 05:00:00+00:00,1765256400000,346.7,346.72,344.01,344.01,1567.0,540858.25
2025-12-09 06:00:00+00:00,1765260000000,344.15,345.01,343.4,344.81,810.0,278707.17
2025-12-09 07:00:00+00:00,1765263600000,344.84,345.12,344.61,345.12,780.0,268942.7
2025-12-09 08:00:00+00:00,1765267200000,345.13,345.31,344.21,344.48,356.0,122673.38
2025-12-09 09:00:00+00:00,1765270800000,344.22,344.25,344.2,344.25,881.0,303251.2125
2025-12-09 10:00:00+00:00,1765274400000,344.6,346.29,344.6,346.29,2514.0,868496.496
2025-12-09 11:00:00+00:00,1765278000000,344.02,344.02,343.46,343.46,1055.0,362586.409
2025-12-09 12:00:00+00:00,1765281600000,342.5,342.5,342.5,342.5,100.0,34250.0
2025-12-09 13:00:00+00:00,1765285200000,343.59,345.15,339.0,339.0,11248.0,3848218.6256
2025-12-09 14:00:00+00:00,1765288800000,338.77,351.3044,335.51,349.94,1040431.0,360178068.2696
2025-12-09 15:00:00+00:00,1765292400000,348.74,357.99,345.84,356.39,808763.0,284484002.776
2025-12-09 16:00:00+00:00,1765296000000,356.65,361.0,355.65,356.32,609366.0,218674035.93
2025-12-09 17:00:00+00:00,1765299600000,356.01,359.87,355.15,357.08,305477.0,109075542.1251
2025-12-09 18:00:00+00:00,1765303200000,357.64,359.91,356.11,358.05,360375.0,129175517.8125
2025-12-09 19:00:00+00:00,1765306800000,358.01,361.47,356.38,360.71,274097.0,98633887.6791
2025-12-09 20:00:00+00:00,1765310400000,360.965,362.43,357.7,360.5,741083.0,267093427.5968
2025-12-09 21:00:00+00:00,1765314000000,360.33,361.9,342.56,360.33,23143.0,8209240.9883
2025-12-09 22:00:00+00:00,1765317600000,361.28,362.43,361.28,362.34,6892.0,2494373.316
2025-12-09 23:00:00+00:00,1765321200000,362.02,362.39,362.0,362.26,1516.0,549129.6132
2025-12-10 00:00:00+00:00,1765324800000,361.7,362.5,360.9995,360.9995,3295.0,1191489.134
2025-12-10 01:00:00+00:00,1765328400000,361.16,361.37,360.52,360.52,826.0,297988.24
2025-12-10 02:00:00+00:00,1765332000000,360.53,361.98,360.51,360.51,808.0,291874.65
2025-12-10 03:00:00+00:00,1765335600000,360.61,360.9,360.49,360.6,248.0,89430.83
2025-12-10 04:00:00+00:00,1765339200000,361.57,361.99,361.39,361.99,112.0,40488.83
2025-12-10 05:00:00+00:00,1765342800000,361.3,361.3,359.32,360.51,1477.0,532075.07
2025-12-10 06:00:00+00:00,1765346400000,360.49,361.61,360.26,361.12,319.0,115057.92
2025-12-10 07:00:00+00:00,1765350000000,361.72,362.01,361.05,361.05,144.0,52042.24
2025-12-10 08:00:00+00:00,1765353600000,361.06,361.22,359.57,360.33,1079.0,389024.19
2025-12-10 09:00:00+00:00,1765357200000,360.51,360.53,360.5,360.5,692.0,249540.1132
2025-12-10 10:00:00+00:00,1765360800000,360.91,361.3,360.0,360.0,3888.0,1403356.104
2025-12-10 11:00:00+00:00,1765364400000,359.0,359.0,358.16,359.0,799.0,286703.0926
2025-12-10 12:00:00+00:00,1765368000000,359.45,359.45,357.5,358.68,4221.0,1513125.0855
2025-12-10 13:00:00+00:00,1765371600000,357.75,362.54,357.11,357.35,12876.0,4625133.8808
2025-12-10 14:00:00+00:00,1765375200000,355.67,363.48,353.66,360.43,604464.0,217108780.3248
2025-12-10 15:00:00+00:00,1765378800000,361.7,367.98,359.7805,365.39,551616.0,200554173.3312
2025-12-10 16:00:00+00:00,1765382400000,365.79,373.0,363.28,364.27,597567.0,220071018.6528
2025-12-10 17:00:00+00:00,1765386000000,363.89,368.0,360.2726,367.21,397834.0,144777600.9764
2025-12-10 18:00:00+00:00,1765389600000,367.11,368.29,364.4471,365.47,368383.0,134897655.0338
2025-12-10 19:00:00+00:00,1765393200000,368.52,375.3,365.81,374.61,663549.0,246509913.3078
2025-12-10 20:00:00+00:00,1765396800000,374.57,376.53,365.77,365.9,883029.0,326552159.7639
2025-12-10 21:00:00+00:00,1765400400000,366.0,370.0,364.0,366.0,389225.0,142451134.385
2025-12-10 22:00:00+00:00,1765404000000,364.01,366.99,362.5,362.5,2619.0,953389.332
2025-12-10 23:00:00+00:00,1765407600000,364.97,364.97,363.0,363.01,863.0,314247.5557
2025-12-11 00:00:00+00:00,1765411200000,363.46,364.0,363.45,364.0,1551.0,563887.1436
2025-12-11 01:00:00+00:00,1765414800000,362.64,364.51,360.01,363.81,1059.0,383692.68
2025-12-11 02:00:00+00:00,1765418400000,363.65,363.65,359.34,359.78,1599.0,578180.5
2025-12-11 03:00:00+00:00,1765422000000,359.35,359.45,354.92,358.3,3808.0,1360778.18
2025-12-11 04:00:00+00:00,1765425600000,358.32,361.77,358.31,360.91,668.0,240629.42
2025-12-11 05:00:00+00:00,1765429200000,361.6,362.0,359.97,361.99,1469.0,530556.06
2025-12-11 06:00:00+00:00,1765432800000,361.97,362.11,359.81,362.1,1023.0,369427.7
2025-12-11 07:00:00+00:00,1765436400000,362.3,362.3,359.95,361.34,854.0,308515.54
2025-12-11 08:00:00+00:00,1765440000000,361.33,362.92,359.09,359.62,690.0,248891.94
2025-12-11 09:00:00+00:00,1765443600000,362.94,363.94,362.0,363.94,1792.0,650519.6544
2025-12-11 10:00:00+00:00,1765447200000,363.64,364.0,363.64,364.0,2912.0,1059889.376
2025-12-11 11:00:00+00:00,1765450800000,363.83,364.5,363.83,364.5,687.0,250053.9165
2025-12-11 12:00:00+00:00,1765454400000,364.68,376.0,364.68,372.0,34235.0,12723256.3045
2025-12-11 13:00:00+00:00,1765458000000,374.0639,376.9338,360.5,368.0,33497.0,12324477.5166
2025-12-11 14:00:00+00:00,1765461600000,361.63,368.0,349.3,351.02,709520.0,253991131.52
2025-12-11 15:00:00+00:00,1765465200000,351.98,368.18,348.01,367.495,598669.0,215980797.3927
2025-12-11 16:00:00+00:00,1765468800000,367.86,370.365,362.2175,365.3,287777.0,105326698.5547
2025-12-11 17:00:00+00:00,1765472400000,366.96,369.48,365.35,367.285,161751.0,59432380.2063
2025-12-11 18:00:00+00:00,1765476000000,366.85,370.1188,358.0,365.985,301418.0,109942577.2016
2025-12-11 19:00:00+00:00,1765479600000,366.26,370.1974,365.35,369.38,241236.0,88816871.3112
2025-12-11 20:00:00+00:00,1765483200000,369.33,374.97,368.82,372.145,547032.0,203588352.408
2025-12-11 21:00:00+00:00,1765486800000,372.09,378.0,372.0,378.0,147120.0,54761212.368
2025-12-11 22:00:00+00:00,1765490400000,377.68,378.0,364.55,365.34,17175.0,6365307.4725
2025-12-11 23:00:00+00:00,1765494000000,369.0,371.5,369.0,369.7,2140.0,793039.488
2025-12-12 00:00:00+00:00,1765497600000,368.05,369.47,366.53,369.47,737.0,271391.8482
2025-12-12 01:00:00+00:00,1765501200000,367.76,369.48,367.16,368.01,670.0,246359.05
2025-12-12 02:00:00+00:00,1765504800000,367.51,370.77,367.51,368.49,706.0,260284.69
2025-12-12 03:00:00+00:00,1765508400000,368.99,369.0,367.51,368.59,306.0,112738.97
2025-12-12 04:00:00+00:00,1765512000000,368.49,368.49,367.99,367.99,13.0,4784.66
2025-12-12 05:00:00+00:00,1765515600000,367.56,369.99,367.56,368.17,949.0,350119.32
2025-12-12 06:00:00+00:00,1765519200000,369.12,369.56,367.99,369.56,965.0,355723.67
2025-12-12 07:00:00+00:00,1765522800000,368.59,369.54,368.57,368.61,867.0,320028.98
2025-12-12 08:00:00+00:00,1765526400000,368.62,369.53,367.01,367.45,1792.0,658497.61
2025-12-12 09:00:00+00:00,1765530000000,368.24,368.24,366.6,366.6,2952.0,1083773.9592
2025-12-12 10:00:00+00:00,1765533600000,366.2,366.2,366.2,366.2,501.0,183471.5106
2025-12-12 11:00:00+00:00,1765537200000,366.0,366.0,365.2,365.2,525.0,191897.6325
2025-12-12 12:00:00+00:00,1765540800000,367.0,367.0,365.0,365.0,1351.0,493391.1444
2025-12-12 13:00:00+00:00,1765544400000,365.4561,369.99,364.5,366.0,8241.0,3024870.5874
2025-12-12 14:00:00+00:00,1765548000000,360.685,366.0,345.73,347.92,687050.0,243894299.285
2025-12-12 15:00:00+00:00,1765551600000,347.5,349.54,333.33,334.565,1593350.0,543953437.83
2025-12-12 16:00:00+00:00,1765555200000,334.31,335.72,326.31,332.94,1116738.0,369013564.6344
2025-12-12 17:00:00+00:00,1765558800000,333.25,340.09,332.49,336.06,531754.0,178981217.721
2025-12-12 18:00:00+00:00,1765562400000,335.83,338.155,327.78,329.385,664401.0,221679519.7332
2025-12-12 19:00:00+00:00,1765566000000,328.62,329.365,323.0,327.23,547041.0,178057906.8048
2025-12-12 20:00:00+00:00,1765569600000,325.855,327.16,319.29,324.21,1090964.0,352190780.5892
2025-12-12 21:00:00+00:00,1765573200000,324.1,324.51,323.12,324.5,127580.0,41376681.81
2025-12-12 22:00:00+00:00,1765576800000,323.71,324.5,323.12,324.3,260321.0,84434153.1623
2025-12-12 23:00:00+00:00,1765580400000,323.21,324.16,320.5789,320.5789,1609.0,520136.4421
2025-12-13 00:00:00+00:00,1765584000000,323.88,324.19,322.2323,322.8004,2562.0,827779.3818
2025-12-15 01:00:00+00:00,1765760400000,330.0,330.0,320.97,326.59,2824.0,913148.64
2025-12-15 02:00:00+00:00,1765764000000,327.5,330.59,327.0,327.98,3162.0,1040633.44
2025-12-15 03:00:00+00:00,1765767600000,327.89,328.11,326.99,328.11,1547.0,506880.74
2025-12-15 04:00:00+00:00,1765771200000,329.24,329.35,328.31,329.35,180.0,59137.77
2025-12-15 05:00:00+00:00,1765774800000,329.0,332.51,328.97,331.34,2091.0,691350.38
2025-12-15 06:00:00+00:00,1765778400000,332.49,332.49,324.34,327.06,1684.0,553486.12
2025-12-15 07:00:00+00:00,1765782000000,328.56,328.56,325.59,326.9,230.0,75240.68
2025-12-15 08:00:00+00:00,1765785600000,326.83,328.99,326.4,328.99,487.0,159764.82
2025-12-15 09:00:00+00:00,1765789200000,322.0,336.6,322.0,336.6,12231.0,4072371.3819
2025-12-15 10:00:00+00:00,1765792800000,336.62,336.96,333.35,335.41,15265.0,5126405.261
2025-12-15 11:00:00+00:00,1765796400000,335.47,340.59,335.47,340.0,60481.0,20444670.6426
2025-12-15 12:00:00+00:00,1765800000000,339.51,342.2,339.0,341.0,30524.0,10401849.6764
2025-12-15 13:00:00+00:00,1765803600000,326.28,342.8,325.3352,340.6,48544.0,16370857.2
2025-12-15 14:00:00+00:00,1765807200000,339.245,348.75,333.17,337.7,1374928.0,470113594.3536
2025-12-15 15:00:00+00:00,1765810800000,336.835,344.49,333.1764,336.03,695373.0,235613511.7392
2025-12-15 16:00:00+00:00,1765814400000,335.93,344.34,335.53,340.2,413867.0,140808438.1021
2025-12-15 17:00:00+00:00,1765818000000,339.48,343.22,335.38,341.64,370208.0,125581550.5312
2025-12-15 18:00:00+00:00,1765821600000,341.145,341.295,337.535,338.16,305849.0,103671892.1907
2025-12-15 19:00:00+00:00,1765825200000,337.8,339.3499,334.01,335.27,292528.0,98387521.8912
2025-12-15 20:00:00+00:00,1765828800000,335.03,339.515,333.03,334.575,763775.0,256229327.5625
2025-12-15 21:00:00+00:00,1765832400000,334.69,336.69,333.0,335.0,25989.0,8702705.1279
2025-12-15 22:00:00+00:00,1765836000000,335.0,335.02,329.1826,330.5564,4751.0,1579778.765
2025-12-15 23:00:00+00:00,1765839600000,332.22,333.0,331.5,331.5,2007.0,665777.0925
2025-12-16 00:00:00+00:00,1765843200000,331.0,331.0,327.03,330.33,3188.0,1050894.5516
2025-12-16 01:00:00+00:00,1765846800000,329.15,329.15,321.95,325.02,1794.0,584548.49
2025-12-16 02:00:00+00:00,1765850400000,325.02,326.57,323.25,324.0,1324.0,430502.41
2025-12-16 03:00:00+00:00,1765854000000,323.99,323.99,320.94,322.96,1076.0,346492.6
2025-12-16 04:00:00+00:00,1765857600000,322.94,324.0,321.9,324.0,1069.0,345059.75
2025-12-16 05:00:00+00:00,1765861200000,324.21,324.91,323.02,323.36,180.0,58266.92
2025-12-16 06:00:00+00:00,1765864800000,323.33,323.41,321.18,322.99,2419.0,779808.71
2025-12-16 07:00:00+00:00,1765868400000,323.41,323.49,321.79,323.03,1688.0,544764.46
2025-12-16 08:00:00+00:00,1765872000000,323.94,327.23,323.94,327.01,1741.0,568780.93
2025-12-16 09:00:00+00:00,1765875600000,327.01,328.27,327.01,328.0,2958.0,968850.8964
2025-12-16 10:00:00+00:00,1765879200000,329.4,332.5,329.4,332.5,3641.0,1208205.0453
2025-12-16 11:00:00+00:00,1765882800000,331.2,331.2,331.2,331.2,328.0,108528.8696
2025-12-16 12:00:00+00:00,1765886400000,333.0,334.63,333.0,333.69,1531.0,510971.7093
2025-12-16 13:00:00+00:00,1765890000000,334.65,338.99,321.23,332.91,25843.0,8578581.2657
2025-12-16 14:00:00+00:00,1765893600000,326.655,333.8822,320.0001,326.94,800691.0,261079873.1262
2025-12-16 15:00:00+00:00,1765897200000,326.38,328.5,313.0,318.62,869190.0,276975390.048
2025-12-16 16:00:00+00:00,1765900800000,318.615,321.5323,310.2,318.985,725420.0,227930446.016
2025-12-16 17:00:00+00:00,1765904400000,318.02,320.85,310.59,311.2,602368.0,190275762.8928
2025-12-16 18:00:00+00:00,1765908000000,309.86,317.93,309.07,317.92,431633.0,135138119.9481
2025-12-16 19:00:00+00:00,1765911600000,317.43,317.87,312.6901,314.09,264490.0,83228602.342
2025-12-16 20:00:00+00:00,1765915200000,314.25,317.77,313.2,316.01,773423.0,244178999.5183
2025-12-16 21:00:00+00:00,1765918800000,316.15,317.0,312.23,315.51,13021.0,4115195.903
2025-12-16 22:00:00+00:00,1765922400000,314.0382,316.0,313.0,316.0,787.0,247698.8847
2025-12-16 23:00:00+00:00,1765926000000,316.0,316.99,315.1658,315.1658,1426.0,451268.395
2025-12-17 00:00:00+00:00,1765929600000,315.12,315.6312,315.0,315.0,896.0,282477.0816
2025-12-17 01:00:00+00:00,1765933200000,316.15,317.81,313.21,317.81,2237.0,706701.52
2025-12-17 02:00:00+00:00,1765936800000,317.81,322.0,317.81,320.2,2988.0,954259.53
2025-12-17 03:00:00+00:00,1765940400000,320.01,322.63,320.01,322.0,1942.0,624008.98
2025-12-17 04:00:00+00:00,1765944000000,321.88,321.98,321.17,321.43,2605.0,837486.23
2025-12-17 05:00:00+00:00,1765947600000,321.45,330.75,319.18,329.56,9131.0,2969451.0
2025-12-17 06:00:00+00:00,1765951200000,329.54,331.0,326.68,328.16,12428.0,4085560.12000001
2025-12-17 07:00:00+00:00,1765954800000,328.09,330.5,327.43,330.0,6101.0,2008689.56
2025-12-17 08:00:00+00:00,1765958400000,330.0,330.0,327.65,327.65,5808.0,1909725.94
2025-12-17 09:00:00+00:00,1765962000000,328.0,332.5,327.99,332.49,9886.0,3260748.81
2025-12-17 10:00:00+00:00,1765965600000,331.03,334.02,330.5,334.0,8760.0,2912555.46
2025-12-17 11:00:00+00:00,1765969200000,333.5,334.0,332.14,333.0,5452.0,1814861.2148
2025-12-17 12:00:00+00:00,1765972800000,333.48,333.97,332.15,333.97,7385.0,2460421.3095
2025-12-17 13:00:00+00:00,1765976400000,328.0,335.0,320.56,334.95,81691.0,26942582.2319
2025-12-17 14:00:00+00:00,1765980000000,331.27,338.28,316.15,330.61,722036.0,238480620.6076
2025-12-17 15:00:00+00:00,1765983600000,329.89,331.55,315.0,319.17,744803.0,240912339.8134
2025-12-17 16:00:00+00:00,1765987200000,319.71,327.6799,316.75,322.25,504778.0,162274567.5838
2025-12-17 17:00:00+00:00,1765990800000,322.1,325.75,320.9,325.31,267888.0,86716229.6304
2025-12-17 18:00:00+00:00,1765994400000,325.61,327.53,319.0,323.15,250017.0,80961530.0097
2025-12-17 19:00:00+00:00,1765998000000,323.89,324.3956,319.14,321.25,227870.0,73180199.843
2025-12-17 20:00:00+00:00,1766001600000,321.41,322.22,318.72,319.925,679495.0,217713187.778
2025-12-17 21:00:00+00:00,1766005200000,320.25,324.3,320.0,321.95,15484.0,4970737.1644
2025-12-17 22:00:00+00:00,1766008800000,322.69,324.5427,321.95,323.97,12122.0,3916670.3246
2025-12-17 23:00:00+00:00,1766012400000,325.36,325.36,323.51,323.51,796.0,258177.9832
2025-12-18 00:00:00+00:00,1766016000000,323.0,324.69,322.0,324.67,1825.0,589712.7975
2025-12-18 01:00:00+00:00,1766019600000,324.7,326.5,324.7,326.5,328.0,106598.29
2025-12-18 02:00:00+00:00,1766023200000,325.03,329.02,325.03,327.02,1404.0,460345.52
2025-12-18 03:00:00+00:00,1766026800000,327.04,327.04,320.49,322.91,2224.0,721455.52
2025-12-18 04:00:00+00:00,1766030400000,322.28,325.77,322.28,324.86,576.0,186704.85
2025-12-18 05:00:00+00:00,1766034000000,325.01,325.57,324.28,324.28,222.0,72165.4
2025-12-18 06:00:00+00:00,1766037600000,324.52,324.52,323.36,323.36,480.0,155603.64
2025-12-18 07:00:00+00:00,1766041200000,324.01,327.01,323.98,326.37,2633.0,857814.89
2025-12-18 08:00:00+00:00,1766044800000,325.54,326.66,325.1,325.66,954.0,310539.41
2025-12-18 09:00:00+00:00,1766048400000,326.02,326.62,326.0,326.0,1042.0,339848.0916
2025-12-18 10:00:00+00:00,1766052000000,325.66,327.0,325.51,327.0,1546.0,504547.7674
2025-12-18 11:00:00+00:00,1766055600000,327.0,330.0,327.0,329.0,6234.0,2045334.2556
2025-12-18 12:00:00+00:00,1766059200000,329.44,330.6,328.02,328.02,4808.0,1584498.9976
2025-12-18 13:00:00+00:00,1766062800000,329.44,337.94,324.0,332.6,50493.0,16750007.5449
2025-12-18 14:00:00+00:00,1766066400000,335.76,343.65,333.98,336.5,732698.0,248170967.2632
2025-12-18 15:00:00+00:00,1766070000000,335.88,343.5,326.05,338.8,750595.0,251793022.4505
2025-12-18 16:00:00+00:00,1766073600000,339.41,342.34,337.45,340.765,277705.0,94578575.0305
2025-12-18 17:00:00+00:00,1766077200000,340.695,341.19,333.4,335.09,321487.0,108328645.3044
2025-12-18 18:00:00+00:00,1766080800000,334.86,340.14,334.38,336.58,177814.0,59880820.454
2025-12-18 19:00:00+00:00,1766084400000,336.09,338.95,329.28,332.05,201747.0,67429294.569
2025-12-18 20:00:00+00:00,1766088000000,329.03,337.88,328.66,337.08,672646.0,225194750.7524
2025-12-18 21:00:00+00:00,1766091600000,337.13,337.31,337.0,337.1,24508.0,8262372.2368
2025-12-18 22:00:00+00:00,1766095200000,337.98,339.26,336.5615,339.25,2123.0,717814.3236
2025-12-18 23:00:00+00:00,1766098800000,339.25,339.25,338.22,338.22,1667.0,564694.583
2025-12-19 00:00:00+00:00,1766102400000,339.18,339.99,339.14,339.7,1669.0,566786.8923
2025-12-19 01:00:00+00:00,1766106000000,337.81,338.9,335.99,338.29,308.0,104090.32
2025-12-19 02:00:00+00:00,1766109600000,337.99,339.33,337.61,338.78,706.0,238694.0
2025-12-19 03:00:00+00:00,1766113200000,338.5,343.74,338.42,343.52,1073.0,367326.25
2025-12-19 04:00:00+00:00,1766116800000,343.49,344.38,341.52,344.07,371.0,127473.63
2025-12-19 05:00:00+00:00,1766120400000,344.64,344.64,342.0,342.85,1010.0,345942.4
2025-12-19 06:00:00+00:00,1766124000000,342.39,343.51,341.64,342.19,830.0,284178.92
2025-12-19 07:00:00+00:00,1766127600000,342.19,343.29,342.0,343.29,415.0,142089.35
2025-12-19 08:00:00+00:00,1766131200000,343.85,343.87,342.31,342.73,999.0,342799.81
2025-12-19 09:00:00+00:00,1766134800000,342.4,345.0,342.4,345.0,2274.0,780434.9808
2025-12-19 10:00:00+00:00,1766138400000,344.87,345.1,344.87,344.87,2334.0,805149.7104
2025-12-19 11:00:00+00:00,1766142000000,343.94,343.94,343.09,343.09,344.0,118154.4024
2025-12-19 12:00:00+00:00,1766145600000,341.89,342.0,341.0,341.0,1703.0,581912.7158
2025-12-19 13:00:00+00:00,1766149200000,341.0,346.0,340.0,342.0,11144.0,3812601.996
2025-12-19 14:00:00+00:00,1766152800000,339.615,358.43,339.03,358.05,524465.0,183014788.968
2025-12-19 15:00:00+00:00,1766156400000,358.46,363.23,353.039,354.29,609576.0,217924761.0672
2025-12-19 16:00:00+00:00,1766160000000,354.06,359.98,353.37,355.22,278511.0,99288196.7115
2025-12-19 17:00:00+00:00,1766163600000,357.88,362.74,356.925,362.08,257205.0,92706275.7465
2025-12-19 18:00:00+00:00,1766167200000,362.02,366.095,361.05,366.0,426547.0,155145636.9562
2025-12-19 19:00:00+00:00,1766170800000,366.11,368.41,365.5101,368.12,261232.0,95882436.5408
2025-12-19 20:00:00+00:00,1766174400000,368.27,373.34,366.16,371.33,705672.0,261099839.6424
2025-12-19 21:00:00+00:00,1766178000000,371.43,373.95,368.1,373.92,157435.0,58482536.885
2025-12-19 22:00:00+00:00,1766181600000,372.77,374.9,372.17,374.9,5368.0,2007571.8784
2025-12-19 23:00:00+00:00,1766185200000,374.0,374.05,373.9,374.05,928.0,347049.5424
2025-12-20 00:00:00+00:00,1766188800000,373.51,374.5,373.5,374.5,1619.0,605944.2633
2025-12-22 01:00:00+00:00,1766365200000,374.51,380.89,374.51,379.62,2856.0,1079887.86
2025-12-22 02:00:00+00:00,1766368800000,380.21,381.25,380.01,380.45,2251.0,857138.36
2025-12-22 03:00:00+00:00,1766372400000,380.61,381.23,379.63,380.19,667.0,253550.21
2025-12-22 04:00:00+00:00,1766376000000,380.18,380.51,379.82,380.28,442.0,168100.88
2025-12-22 05:00:00+00:00,1766379600000,380.28,380.28,378.01,379.81,2827.0,1071006.14
2025-12-22 06:00:00+00:00,1766383200000,379.6,379.88,377.74,378.07,1443.0,546268.05
2025-12-22 07:00:00+00:00,1766386800000,378.32,378.9,377.49,378.9,568.0,214831.95
2025-12-22 08:00:00+00:00,1766390400000,379.08,379.9,378.55,378.55,1310.0,496698.39
2025-12-22 09:00:00+00:00,1766394000000,372.0,379.94,372.0,379.0,5644.0,2135014.0132
2025-12-22 10:00:00+00:00,1766397600000,379.0,379.0,376.0,376.0,6922.0,2610695.9824
2025-12-22 11:00:00+00:00,1766401200000,376.0,376.0,375.99,376.0,1830.0,688100.13
2025-12-22 12:00:00+00:00,1766404800000,377.0,379.03,377.0,378.88,4809.0,1818848.4384
2025-12-22 13:00:00+00:00,1766408400000,379.2,380.8284,377.0,379.2,25529.0,9674503.0277
2025-12-22 14:00:00+00:00,1766412000000,382.89,387.02,375.15,384.79,671806.0,257010402.9184
2025-12-22 15:00:00+00:00,1766415600000,384.625,387.85,379.12,384.995,511530.0,196270173.372
2025-12-22 16:00:00+00:00,1766419200000,384.98,387.3,383.12,386.34,285936.0,110188783.0512
2025-12-22 17:00:00+00:00,1766422800000,386.93,389.76,383.25,386.28,260111.0,100589969.8534
2025-12-22 18:00:00+00:00,1766426400000,386.05,388.0,385.15,387.235,152315.0,58879571.8175
2025-12-22 19:00:00+00:00,1766430000000,386.82,389.73,385.055,389.71,257213.0,99661215.0941
2025-12-22 20:00:00+00:00,1766433600000,389.76,391.2,387.85,389.81,471343.0,183582819.4584
2025-12-22 21:00:00+00:00,1766437200000,389.88,391.0,389.6,389.88,12324.0,4805324.784
2025-12-22 22:00:00+00:00,1766440800000,390.0,391.0,390.0,391.0,900.0,351375.48
2025-12-22 23:00:00+00:00,1766444400000,389.88,389.88,388.88,389.4,787.0,306525.6394
2025-12-23 00:00:00+00:00,1766448000000,389.2368,389.788,389.2,389.25,3016.0,1173973.7776
2025-12-23 01:00:00+00:00,1766451600000,390.15,391.01,388.71,388.8,329.0,128053.88
2025-12-23 02:00:00+00:00,1766455200000,389.48,390.99,389.15,390.99,271.0,105690.22
2025-12-23 03:00:00+00:00,1766458800000,390.98,393.87,390.98,392.55,901.0,353391.63
2025-12-23 04:00:00+00:00,1766462400000,392.55,392.55,391.5,391.77,416.0,162970.47
2025-12-23 05:00:00+00:00,1766466000000,391.78,391.78,389.15,389.15,1631.0,636710.8
2025-12-23 06:00:00+00:00,1766469600000,389.41,389.41,383.01,385.0,1561.0,602704.21
2025-12-23 07:00:00+00:00,1766473200000,385.0,388.02,385.0,387.99,1227.0,474442.3
2025-12-23 08:00:00+00:00,1766476800000,389.01,389.01,387.78,387.78,357.0,138604.17
2025-12-23 09:00:00+00:00,1766480400000,388.0,388.7,388.0,388.7,1225.0,475738.1825
2025-12-23 11:00:00+00:00,1766487600000,385.15,385.15,385.15,385.15,350.0,134808.625
2025-12-23 12:00:00+00:00,1766491200000,386.79,387.05,386.52,386.52,1270.0,491337.346
2025-12-23 13:00:00+00:00,1766494800000,387.0,391.76,378.31,379.0,24341.0,9313324.2108
2025-12-23 14:00:00+00:00,1766498400000,383.82,390.41,379.01,383.19,356823.0,137529860.7024
2025-12-23 15:00:00+00:00,1766502000000,382.9,385.9,381.01,384.47,287203.0,109922554.0441
2025-12-23 16:00:00+00:00,1766505600000,383.92,388.36,382.0,387.81,147080.0,56590030.144
2025-12-23 17:00:00+00:00,1766509200000,387.92,388.35,385.8575,386.32,100806.0,39033675.9348
2025-12-23 18:00:00+00:00,1766512800000,386.7,387.37,384.43,385.25,109823.0,42346474.8532
2025-12-23 19:00:00+00:00,1766516400000,385.95,387.93,385.2704,386.58,87742.0,33933797.3384
2025-12-23 20:00:00+00:00,1766520000000,387.04,390.0,386.01,387.335,344508.0,133536502.8708
2025-12-23 21:00:00+00:00,1766523600000,387.41,388.79,387.0,388.79,10053.0,3895392.7368
2025-12-23 22:00:00+00:00,1766527200000,387.89,387.9,387.23,387.23,1437.0,556974.8772
2025-12-23 23:00:00+00:00,1766530800000,386.9,386.9,386.9,386.9,372.0,143954.2164
2025-12-24 00:00:00+00:00,1766534400000,387.79,387.79,386.8596,387.75,1134.0,439387.9182
2025-12-24 01:00:00+00:00,1766538000000,388.21,388.4,386.99,387.01,159.0,61586.88
2025-12-24 02:00:00+00:00,1766541600000,385.54,387.01,385.53,387.01,197.0,76145.44
2025-12-24 03:00:00+00:00,1766545200000,387.87,387.9,386.8,386.8,929.0,359833.08
2025-12-24 04:00:00+00:00,1766548800000,386.8,386.8,386.01,386.35,49.0,18933.02
2025-12-24 05:00:00+00:00,1766552400000,386.0,387.36,385.52,387.36,163.0,62930.77
2025-12-24 06:00:00+00:00,1766556000000,386.36,386.36,385.72,385.72,14.0,5404.52
2025-12-24 07:00:00+00:00,1766559600000,385.74,386.35,385.72,386.14,169.0,65281.5
2025-12-24 08:00:00+00:00,1766563200000,386.36,387.31,386.36,386.69,112.0,43323.02
2025-12-24 09:00:00+00:00,1766566800000,386.83,386.83,386.83,386.83,200.0,77383.0
2025-12-24 12:00:00+00:00,1766577600000,385.2,388.0,385.2,388.0,1569.0,605256.6555
2025-12-24 13:00:00+00:00,1766581200000,387.0,388.0,385.02,387.0,3123.0,1206193.7916
2025-12-24 14:00:00+00:00,1766584800000,386.24,401.6,385.2,397.91,555337.0,219303081.1033
2025-12-24 15:00:00+00:00,1766588400000,397.08,400.8999,391.82,394.66,397773.0,157957169.8374
2025-12-24 16:00:00+00:00,1766592000000,394.98,395.5,393.155,393.605,191105.0,75337737.9785
2025-12-24 17:00:00+00:00,1766595600000,393.44,396.295,392.7,396.16,308371.0,121675641.5105
2025-12-24 18:00:00+00:00,1766599200000,395.92,395.92,395.92,395.92,54662.0,21641779.04
2025-12-24 21:00:00+00:00,1766610000000,396.5,396.5,396.0,396.0,400.0,158451.72
2025-12-26 01:00:00+00:00,1766710800000,396.5,399.16,396.5,397.41,603.0,239613.59
2025-12-26 02:00:00+00:00,1766714400000,397.44,397.97,397.28,397.91,297.0,118148.7
2025-12-26 03:00:00+00:00,1766718000000,399.04,399.67,398.22,399.67,237.0,94620.43
2025-12-26 04:00:00+00:00,1766721600000,399.39,399.63,396.76,396.81,1196.0,475447.12
2025-12-26 05:00:00+00:00,1766725200000,397.19,397.82,396.8,396.99,46.0,18267.53
2025-12-26 06:00:00+00:00,1766728800000,396.99,398.82,396.99,398.01,159.0,63294.63
2025-12-26 07:00:00+00:00,1766732400000,398.01,398.01,397.87,397.87,12.0,4775.76
2025-12-26 08:00:00+00:00,1766736000000,397.5,397.5,396.51,396.52,141.0,55970.9
2025-12-26 09:00:00+00:00,1766739600000,396.99,397.0,394.97,394.97,2324.0,921454.1476
2025-12-26 10:00:00+00:00,1766743200000,395.5,399.24,395.5,399.24,2215.0,877897.087
2025-12-26 11:00:00+00:00,1766746800000,397.25,397.25,397.25,397.25,100.0,39725.0
2025-12-26 12:00:00+00:00,1766750400000,397.0,397.0,397.0,397.0,110.0,43667.283
2025-12-26 13:00:00+00:00,1766754000000,395.8,397.43,395.3092,396.22,4308.0,1709559.1488
2025-12-26 14:00:00+00:00,1766757600000,397.98,400.89,390.5743,393.23,337605.0,133524735.609
2025-12-26 15:00:00+00:00,1766761200000,393.49,396.0,384.63,389.29,405333.0,157907806.1415
2025-12-26 16:00:00+00:00,1766764800000,390.01,391.08,387.43,388.44,123130.0,47906693.933
2025-12-26 17:00:00+00:00,1766768400000,388.32,390.58,386.07,390.56,161150.0,62498933.42
2025-12-26 18:00:00+00:00,1766772000000,392.15,392.5,388.59,389.91,146205.0,57091137.2145
2025-12-26 19:00:00+00:00,1766775600000,389.66,391.51,388.42,390.86,98291.0,38331121.1869
2025-12-26 20:00:00+00:00,1766779200000,390.99,392.7,390.68,390.78,227393.0,89053852.3721
2025-12-26 21:00:00+00:00,1766782800000,390.77,390.96,390.77,390.95,4449.0,1738573.1016
2025-12-26 22:00:00+00:00,1766786400000,390.0,390.5,389.25,390.4999,977.0,381122.3265
2025-12-26 23:00:00+00:00,1766790000000,390.53,390.53,389.642,389.642,321.0,125219.9814
2025-12-27 00:00:00+00:00,1766793600000,389.9,389.9,389.9,389.9,841.0,327918.7673
2025-12-29 01:00:00+00:00,1766970000000,390.01,394.45,389.61,389.72,178.0,69590.35
2025-12-29 02:00:00+00:00,1766973600000,389.86,392.92,389.86,391.34,45.0,17613.56
2025-12-29 03:00:00+00:00,1766977200000,391.8,392.88,389.8,390.76,499.0,195290.25
2025-12-29 04:00:00+00:00,1766980800000,390.18,390.88,390.12,390.56,103.0,40227.35
2025-12-29 05:00:00+00:00,1766984400000,390.53,390.53,388.28,388.29,234.0,91118.56
2025-12-29 06:00:00+00:00,1766988000000,388.28,389.07,387.68,389.0,964.0,374925.92
2025-12-29 07:00:00+00:00,1766991600000,389.0,389.08,388.53,388.58,232.0,90210.82
2025-12-29 08:00:00+00:00,1766995200000,389.0,389.12,386.1,386.49,1048.0,406112.6
2025-12-29 10:00:00+00:00,1767002400000,385.89,385.89,385.89,385.89,255.0,98481.612
2025-12-29 12:00:00+00:00,1767009600000,386.0,386.0,383.5,383.5,1213.0,467160.5066
2025-12-29 13:00:00+00:00,1767013200000,386.0,386.0,379.0,380.2,23072.0,8825224.576
2025-12-29 14:00:00+00:00,1767016800000,376.485,387.105,371.2201,373.16,766977.0,291520824.8139
2025-12-29 15:00:00+00:00,1767020400000,374.02,374.66,364.02,371.44,686087.0,253412888.4939
2025-12-29 16:00:00+00:00,1767024000000,371.35,377.55,370.54,375.52,268888.0,100763842.0064
2025-12-29 17:00:00+00:00,1767027600000,374.26,375.92,373.1401,375.29,145533.0,54486958.5147
2025-12-29 18:00:00+00:00,1767031200000,375.2,380.0,373.19,375.12,185177.0,69629292.6196
2025-12-29 19:00:00+00:00,1767034800000,375.01,377.22,373.68,376.49,179198.0,67249891.3548
2025-12-29 20:00:00+00:00,1767038400000,376.06,376.72,372.01,372.465,399566.0,149545886.4728
2025-12-29 21:00:00+00:00,1767042000000,372.61,372.65,372.0,372.61,6491.0,2418315.5204
2025-12-29 22:00:00+00:00,1767045600000,372.84,372.84,372.84,372.84,207.0,77174.154
2025-12-29 23:00:00+00:00,1767049200000,372.98,372.98,372.5,372.51,1053.0,392305.4694
2025-12-30 00:00:00+00:00,1767052800000,372.01,372.61,372.01,372.61,902.0,335914.722
2025-12-30 01:00:00+00:00,1767056400000,372.69,373.63,371.34,373.59,244.0,91134.17
2025-12-30 02:00:00+00:00,1767060000000,373.62,374.46,373.6,374.28,715.0,267581.54
2025-12-30 03:00:00+00:00,1767063600000,374.41,374.78,373.96,374.78,293.0,109670.47
2025-12-30 04:00:00+00:00,1767067200000,374.78,375.55,374.35,375.55,181.0,67858.43
2025-12-30 05:00:00+00:00,1767070800000,375.57,377.01,375.57,376.9,223.0,83945.83
2025-12-30 06:00:00+00:00,1767074400000,376.76,377.0,376.41,376.41,56.0,21101.38
2025-12-30 07:00:00+00:00,1767078000000,375.97,376.7,374.79,374.79,516.0,193898.2
2025-12-30 08:00:00+00:00,1767081600000,375.67,376.69,375.05,375.39,204.0,76660.52
2025-12-30 09:00:00+00:00,1767085200000,378.69,378.7,374.0,374.0,2294.0,860435.3552
2025-12-30 10:00:00+00:00,1767088800000,373.97,374.0,373.97,374.0,4566.0,1707671.6718
2025-12-30 12:00:00+00:00,1767096000000,373.97,373.97,373.63,373.63,715.0,267265.999
2025-12-30 13:00:00+00:00,1767099600000,370.0,375.0001,370.0,373.0,6440.0,2409872.472
2025-12-30 14:00:00+00:00,1767103200000,373.53,380.32,372.92,376.49,325711.0,122833500.3062
2025-12-30 15:00:00+00:00,1767106800000,375.66,377.255,370.0,375.88,312570.0,116811034.812
2025-12-30 16:00:00+00:00,1767110400000,376.78,379.175,374.8001,376.55,165925.0,62624890.2325
2025-12-30 17:00:00+00:00,1767114000000,376.77,378.12,375.92,376.7,94421.0,35581864.5767
2025-12-30 18:00:00+00:00,1767117600000,376.74,377.18,374.0,374.18,99413.0,37328746.4308
2025-12-30 19:00:00+00:00,1767121200000,374.08,376.0,371.68,371.8,175450.0,65513065.09
2025-12-30 20:00:00+00:00,1767124800000,372.1,373.2,370.02,371.07,296600.0,110079619.78
2025-12-30 21:00:00+00:00,1767128400000,371.18,371.18,371.18,371.18,4577.0,1698926.5606
2025-12-30 22:00:00+00:00,1767132000000,371.5,371.5,371.49,371.4999,400.0,148599.0
2025-12-30 23:00:00+00:00,1767135600000,370.6345,370.6345,370.6345,370.6345,100.0,37063.45
2025-12-31 00:00:00+00:00,1767139200000,371.2,371.2,371.0,371.0,217.0,80527.2895
2025-12-31 01:00:00+00:00,1767142800000,370.98,371.01,370.81,371.01,131.0,48596.13
2025-12-31 02:00:00+00:00,1767146400000,371.0,371.41,370.01,370.98,310.0,114782.13
2025-12-31 03:00:00+00:00,1767150000000,370.1,370.1,369.49,369.49,137.0,50636.29
2025-12-31 04:00:00+00:00,1767153600000,369.9,371.19,369.89,370.51,57.0,21108.45
2025-12-31 05:00:00+00:00,1767157200000,371.12,371.12,370.5,370.8,41.0,15203.2
2025-12-31 06:00:00+00:00,1767160800000,370.77,370.77,370.01,370.4,188.0,69611.47
2025-12-31 07:00:00+00:00,1767164400000,370.39,370.6,370.39,370.59,156.0,57787.11
2025-12-31 08:00:00+00:00,1767168000000,370.54,370.54,367.01,367.01,922.0,339984.09
2025-12-31 11:00:00+00:00,1767178800000,367.15,367.15,367.15,367.15,420.0,154200.606
2025-12-31 12:00:00+00:00,1767182400000,369.49,369.5,369.49,369.5,944.0,348548.4
2025-12-31 13:00:00+00:00,1767186000000,369.5,371.48,367.3,371.0513,4576.0,1689653.68
2025-12-31 14:00:00+00:00,1767189600000,372.46,378.51,369.72,377.245,215885.0,80697467.584
2025-12-31 15:00:00+00:00,1767193200000,377.835,379.5,372.0,374.75,325141.0,122211397.952
2025-12-31 16:00:00+00:00,1767196800000,376.43,378.11,367.41,370.06,238485.0,88550482.137
2025-12-31 17:00:00+00:00,1767200400000,370.08,371.365,368.35,369.52,121884.0,45088828.4532
2025-12-31 18:00:00+00:00,1767204000000,369.59,370.76,369.02,369.85,103528.0,38295990.716
2025-12-31 19:00:00+00:00,1767207600000,370.31,372.285,367.841,369.26,138978.0,51401430.234
2025-12-31 20:00:00+00:00,1767211200000,368.33,370.31,367.1201,368.595,295851.0,109172983.4034
2025-12-31 21:00:00+00:00,1767214800000,368.59,369.0,366.52,366.52,2421.0,891878.9688
2025-12-31 22:00:00+00:00,1767218400000,368.8,368.8,368.8,368.8,100.0,36880.0
2026-01-01 00:00:00+00:00,1767225600000,368.8,368.8,368.8,368.8,1983.0,731330.7966
2026-01-02 01:00:00+00:00,1767315600000,370.37,375.77,370.36,375.73,1208.0,452532.6
2026-01-02 02:00:00+00:00,1767319200000,375.66,376.18,374.0,376.01,1580.0,592888.69
2026-01-02 03:00:00+00:00,1767322800000,376.57,377.65,376.01,376.32,539.0,203081.49
2026-01-02 04:00:00+00:00,1767326400000,376.99,377.75,376.6,376.99,411.0,155034.17
2026-01-02 05:00:00+00:00,1767330000000,377.07,378.82,377.01,378.81,412.0,155676.17
2026-01-02 06:00:00+00:00,1767333600000,379.22,379.22,378.01,378.68,373.0,141233.82
2026-01-02 07:00:00+00:00,1767337200000,378.59,378.74,377.97,378.21,406.0,153592.32
2026-01-02 08:00:00+00:00,1767340800000,377.82,379.64,377.82,378.99,390.0,147662.96
2026-01-02 09:00:00+00:00,1767344400000,378.97,383.0,378.97,383.0,1404.0,534384.4428
2026-01-02 11:00:00+00:00,1767351600000,382.99,382.99,382.99,382.99,464.0,177702.3488
2026-01-02 12:00:00+00:00,1767355200000,382.35,382.84,381.05,382.0,1028.0,392617.0496
2026-01-02 13:00:00+00:00,1767358800000,382.57,383.0,377.98,380.04,6991.0,2661747.0481
2026-01-02 14:00:00+00:00,1767362400000,380.01,383.45,375.0,381.48,460124.0,174406689.3072
2026-01-02 15:00:00+00:00,1767366000000,382.2,392.0,377.156,386.76,598207.0,230132386.4452
2026-01-02 16:00:00+00:00,1767369600000,385.6,386.95,375.14,376.26,395637.0,150609747.9942
2026-01-02 17:00:00+00:00,1767373200000,376.67,387.23,375.71,386.645,236880.0,90388386.144
2026-01-02 18:00:00+00:00,1767376800000,386.28,389.0,384.6701,386.16,174775.0,67560726.8825
2026-01-02 19:00:00+00:00,1767380400000,385.61,389.3,383.98,384.04,271179.0,104923222.785
2026-01-02 20:00:00+00:00,1767384000000,383.34,387.41,380.76,386.07,518790.0,199397403.411
2026-01-02 21:00:00+00:00,1767387600000,386.11,387.0,384.39,386.85,18342.0,7078706.0496
2026-01-02 22:00:00+00:00,1767391200000,386.72,386.72,385.02,386.45,950.0,366682.045
2026-01-02 23:00:00+00:00,1767394800000,386.39,386.41,386.39,386.41,244.0,94282.0392
2026-01-03 00:00:00+00:00,1767398400000,386.848,387.0,386.848,387.0,681.0,263519.8281
2026-01-05 01:00:00+00:00,1767574800000,387.0,390.03,384.99,388.58,1918.0,745277.63
2026-01-05 02:00:00+00:00,1767578400000,388.63,388.63,386.22,387.03,1221.0,472828.04
2026-01-05 03:00:00+00:00,1767582000000,387.42,388.0,387.29,387.29,142.0,55057.55
2026-01-05 04:00:00+00:00,1767585600000,387.7,388.43,387.48,387.88,660.0,256148.02
2026-01-05 05:00:00+00:00,1767589200000,388.84,389.01,387.99,389.01,2049.0,796217.68
2026-01-05 06:00:00+00:00,1767592800000,389.89,393.47,389.89,391.73,5412.0,2122192.13
2026-01-05 07:00:00+00:00,1767596400000,391.89,391.89,389.67,389.67,265.0,103559.89
2026-01-05 08:00:00+00:00,1767600000000,390.21,391.99,390.21,391.6,677.0,265158.44
2026-01-05 09:00:00+00:00,1767603600000,391.37,391.37,390.5,390.5,2930.0,1146016.467
2026-01-05 10:00:00+00:00,1767607200000,391.48,392.5,390.0,390.0,1906.0,745569.6388
2026-01-05 11:00:00+00:00,1767610800000,391.0,392.0,391.0,392.0,339.0,132785.0118
2026-01-05 12:00:00+00:00,1767614400000,391.04,391.5,390.5,390.53,2642.0,1032845.2502
2026-01-05 13:00:00+00:00,1767618000000,391.872,392.08,388.0,391.99,16645.0,6509250.293
2026-01-05 14:00:00+00:00,1767621600000,388.75,395.2,344.67,353.03,1618337.0,581675631.236
2026-01-05 15:00:00+00:00,1767625200000,351.25,365.81,345.02,359.54,1368001.0,487035442.4198
2026-01-05 16:00:00+00:00,1767628800000,356.99,361.9501,347.3,352.18,659190.0,233722604.157
2026-01-05 17:00:00+00:00,1767632400000,351.46,356.9799,347.3001,355.64,491022.0,172993384.7838
2026-01-05 18:00:00+00:00,1767636000000,355.39,356.91,351.74,352.58,325751.0,115535833.6503
2026-01-05 19:00:00+00:00,1767639600000,351.21,360.0,349.8066,356.08,376874.0,133829615.6456
2026-01-05 20:00:00+00:00,1767643200000,355.36,359.38,353.86,356.98,739945.0,264197362.25
2026-01-05 21:00:00+00:00,1767646800000,357.05,358.8065,355.3719,357.05,8523.0,3044544.2973
2026-01-05 22:00:00+00:00,1767650400000,357.11,358.99,357.11,358.7,2331.0,835646.4837
2026-01-05 23:00:00+00:00,1767654000000,358.4001,359.65,357.5,357.5,4274.0,1530209.9624
2026-01-06 00:00:00+00:00,1767657600000,358.0,358.0,357.6,357.9999,835.0,298874.4725
2026-01-06 01:00:00+00:00,1767661200000,358.01,359.71,354.79,358.65,974.0,349326.36
2026-01-06 02:00:00+00:00,1767664800000,358.99,361.99,358.97,361.03,1229.0,442625.65
2026-01-06 03:00:00+00:00,1767668400000,361.95,361.97,361.04,361.15,272.0,98295.62
2026-01-06 04:00:00+00:00,1767672000000,361.47,361.98,361.31,361.31,749.0,270869.53
2026-01-06 05:00:00+00:00,1767675600000,361.28,361.28,359.58,359.85,1474.0,531607.53
2026-01-06 06:00:00+00:00,1767679200000,359.8,359.99,358.05,358.99,1269.0,455804.05
2026-01-06 07:00:00+00:00,1767682800000,359.0,359.29,358.0,359.0,1185.0,425293.64
2026-01-06 08:00:00+00:00,1767686400000,359.12,359.18,355.01,356.9,1674.0,598514.94
2026-01-06 09:00:00+00:00,1767690000000,357.0,357.0,351.1,354.0,2108.0,746515.526
2026-01-06 10:00:00+00:00,1767693600000,354.1,354.1,354.1,354.1,154.0,54531.4
2026-01-06 11:00:00+00:00,1767697200000,356.79,356.8,356.79,356.8,399.0,142365.195
2026-01-06 12:00:00+00:00,1767700800000,356.81,358.0,356.8,358.0,1585.0,566162.951
2026-01-06 13:00:00+00:00,1767704400000,357.99,361.2,352.12,354.0797,14680.0,5244102.636
2026-01-06 14:00:00+00:00,1767708000000,355.665,364.0,339.0205,361.54,1122579.0,391934537.8704
2026-01-06 15:00:00+00:00,1767711600000,360.645,377.99,359.17,361.435,1302892.0,480732881.9404
2026-01-06 16:00:00+00:00,1767715200000,361.52,375.5,360.7801,374.65,574998.0,212793994.8444
2026-01-06 17:00:00+00:00,1767718800000,373.96,386.01,373.52,384.64,491142.0,186864060.027
2026-01-06 18:00:00+00:00,1767722400000,385.14,392.77,383.31,390.52,490164.0,190772318.964
2026-01-06 19:00:00+00:00,1767726000000,390.55,396.45,389.33,395.95,453190.0,178403681.78
2026-01-06 20:00:00+00:00,1767729600000,394.62,399.7199,393.305,397.18,975560.0,386798028.392
2026-01-06 21:00:00+00:00,1767733200000,397.42,398.9,397.42,397.99,22479.0,8937041.2191
2026-01-06 22:00:00+00:00,1767736800000,397.99,398.88,397.5,398.59,3537.0,1408462.4034
2026-01-06 23:00:00+00:00,1767740400000,398.8767,399.49,398.49,399.49,1524.0,607928.934
2026-01-07 00:00:00+00:00,1767744000000,399.86,400.0,399.1,399.99,3110.0,1242490.717
2026-01-07 01:00:00+00:00,1767747600000,400.99,400.99,395.55,396.89,1361.0,539799.26
2026-01-07 02:00:00+00:00,1767751200000,396.83,396.83,392.35,395.55,559.0,220679.78
2026-01-07 03:00:00+00:00,1767754800000,394.54,395.43,393.0,394.01,500.0,196892.28
2026-01-07 04:00:00+00:00,1767758400000,394.01,394.32,392.91,393.51,549.0,215924.09
2026-01-07 05:00:00+00:00,1767762000000,393.04,393.49,391.49,392.33,954.0,374568.99
2026-01-07 06:00:00+00:00,1767765600000,392.32,393.67,392.06,393.03,751.0,295148.03
2026-01-07 07:00:00+00:00,1767769200000,393.45,393.99,393.05,393.06,655.0,257871.08
2026-01-07 08:00:00+00:00,1767772800000,393.06,393.46,390.52,390.98,3580.0,1403621.52
2026-01-07 09:00:00+00:00,1767776400000,391.78,391.78,391.78,391.78,206.0,80668.879
2026-01-07 11:00:00+00:00,1767783600000,391.0,391.17,391.0,391.17,345.0,134928.603
2026-01-07 12:00:00+00:00,1767787200000,392.89,392.89,390.94,391.0,1099.0,430104.4202
2026-01-07 13:00:00+00:00,1767790800000,392.88,393.39,387.93,389.97,104964.0,40846677.6216
2026-01-07 14:00:00+00:00,1767794400000,384.15,389.03,365.47,371.32,970254.0,362065901.1894
2026-01-07 15:00:00+00:00,1767798000000,371.68,384.99,369.88,376.93,602850.0,227917751.235
2026-01-07 16:00:00+00:00,1767801600000,375.91,379.41,371.5333,378.04,336205.0,126286868.643
2026-01-07 17:00:00+00:00,1767805200000,377.69,379.73,375.03,376.72,271714.0,102678193.6598
2026-01-07 18:00:00+00:00,1767808800000,376.2,384.5,376.08,383.42,241130.0,91623010.055
2026-01-07 19:00:00+00:00,1767812400000,383.79,402.7949,383.49,399.0,933057.0,369147860.1639
2026-01-07 20:00:00+00:00,1767816000000,399.85,401.12,392.54,392.7,910219.0,360406765.3859
2026-01-07 21:00:00+00:00,1767819600000,392.88,393.27,391.9999,392.0352,7041.0,2764293.7836
2026-01-07 22:00:00+00:00,1767823200000,392.0,393.17,391.85,393.17,1698.0,665782.404
2026-01-07 23:00:00+00:00,1767826800000,392.0,392.54,392.0,392.54,488.0,191427.5648
2026-01-08 01:00:00+00:00,1767834000000,396.28,396.28,389.99,390.8,426.0,166738.49
2026-01-08 02:00:00+00:00,1767837600000,390.29,390.51,387.35,387.35,479.0,186452.34
2026-01-08 03:00:00+00:00,1767841200000,387.09,388.07,386.9,386.9,115.0,44566.43
2026-01-08 04:00:00+00:00,1767844800000,387.0,388.39,387.0,388.39,185.0,71706.77
2026-01-08 05:00:00+00:00,1767848400000,388.37,388.38,385.01,385.41,1280.0,493919.49
2026-01-08 06:00:00+00:00,1767852000000,385.4,385.4,380.0,384.08,2254.0,863096.19
2026-01-08 07:00:00+00:00,1767855600000,383.01,388.76,383.01,385.8,593.0,228583.62
2026-01-08 08:00:00+00:00,1767859200000,388.35,388.35,388.0,388.0,292.0,113354.07
2026-01-08 10:00:00+00:00,1767866400000,385.06,389.73,385.06,389.73,1992.0,773347.7856
2026-01-08 11:00:00+00:00,1767870000000,390.0,397.04,390.0,395.0,2836.0,1117010.4988
2026-01-08 12:00:00+00:00,1767873600000,395.0,396.0,393.0,395.5,6391.0,2518679.0398
2026-01-08 13:00:00+00:00,1767877200000,392.02,400.0,380.99,395.39,17559.0,6897586.0806
2026-01-08 14:00:00+00:00,1767880800000,394.1,397.0,353.02,355.83,1252601.0,459799263.6356
2026-01-08 15:00:00+00:00,1767884400000,354.075,360.1094,343.65,349.4,1282707.0,448722078.3801
2026-01-08 16:00:00+00:00,1767888000000,349.01,352.4999,343.0,349.73,642688.0,223904529.8688
2026-01-08 17:00:00+00:00,1767891600000,349.66,357.6,346.79,352.66,402016.0,141692870.8928
2026-01-08 18:00:00+00:00,1767895200000,352.52,352.99,346.0101,346.95,334272.0,116961338.2464
2026-01-08 19:00:00+00:00,1767898800000,347.85,350.5741,345.595,348.11,334623.0,116429529.7152
2026-01-08 20:00:00+00:00,1767902400000,348.33,355.51,346.01,348.59,682412.0,239108634.65
2026-01-08 21:00:00+00:00,1767906000000,348.26,349.62,346.78,346.78,20070.0,6992490.357
2026-01-08 22:00:00+00:00,1767909600000,346.01,346.01,343.5195,345.0,17971.0,6201155.9266
2026-01-08 23:00:00+00:00,1767913200000,345.0,346.4,344.0,345.7,15249.0,5262774.5274
2026-01-09 00:00:00+00:00,1767916800000,345.5,346.4,345.2,345.99,1705.0,589995.472
2026-01-09 01:00:00+00:00,1767920400000,346.99,347.41,343.21,344.99,1189.0,409692.89
2026-01-09 02:00:00+00:00,1767924000000,345.39,347.03,345.39,346.6,1651.0,572264.43
2026-01-09 03:00:00+00:00,1767927600000,346.81,352.98,346.8,351.81,7250.0,2536273.05
2026-01-09 04:00:00+00:00,1767931200000,352.8,354.46,352.0,354.22,670.0,236801.55
2026-01-09 05:00:00+00:00,1767934800000,354.23,354.23,351.99,352.07,3378.0,1193384.28
2026-01-09 06:00:00+00:00,1767938400000,353.08,354.09,352.83,353.5,1003.0,354222.09
2026-01-09 07:00:00+00:00,1767942000000,352.85,353.34,349.99,351.78,2122.0,744205.07
2026-01-09 08:00:00+00:00,1767945600000,351.53,351.74,348.99,350.49,1949.0,681780.77
2026-01-09 09:00:00+00:00,1767949200000,348.31,348.31,348.26,348.26,2885.0,1004874.35
2026-01-09 10:00:00+00:00,1767952800000,350.0,351.0,349.0,349.35,2269.0,793649.9124
2026-01-09 11:00:00+00:00,1767956400000,350.0,350.0,344.0,344.9,3680.0,1274151.424
2026-01-09 12:00:00+00:00,1767960000000,345.83,352.0,345.83,349.9,6322.0,2214667.4064
2026-01-09 13:00:00+00:00,1767963600000,348.26,353.87,344.03,346.0,35127.0,12283620.3459
2026-01-09 14:00:00+00:00,1767967200000,336.18,360.17,333.01,359.26,1509849.0,528546498.0642
2026-01-09 15:00:00+00:00,1767970800000,358.64,362.72,349.02,355.67,935591.0,332233977.646
2026-01-09 16:00:00+00:00,1767974400000,354.76,356.0,337.02,340.63,836008.0,287795335.996
2026-01-09 17:00:00+00:00,1767978000000,341.23,342.71,337.0,341.385,422420.0,143730221.406
2026-01-09 18:00:00+00:00,1767981600000,340.985,348.9799,340.51,346.18,322496.0,111375799.5776
2026-01-09 19:00:00+00:00,1767985200000,346.95,351.7499,346.25,350.94,860681.0,300189179.861
2026-01-09 20:00:00+00:00,1767988800000,351.7,354.69,348.685,351.32,798477.0,280274210.247
2026-01-09 21:00:00+00:00,1767992400000,351.42,354.0,349.6,349.6,20700.0,7254575.82
2026-01-09 22:00:00+00:00,1767996000000,350.01,350.01,349.01,349.9,1251.0,437637.5802
2026-01-09 23:00:00+00:00,1767999600000,350.0438,350.0438,350.0438,350.0438,1178.0,412351.5964
2026-01-10 00:00:00+00:00,1768003200000,350.5,350.5,350.5,350.5,544.0,190676.624
2026-01-12 01:00:00+00:00,1768179600000,351.3,351.41,343.21,343.23,1871.0,645822.63
2026-01-12 02:00:00+00:00,1768183200000,343.22,344.95,343.0,344.53,1645.0,565138.88
2026-01-12 03:00:00+00:00,1768186800000,344.52,344.98,344.2,344.26,604.0,208130.55
2026-01-12 04:00:00+00:00,1768190400000,344.27,344.27,342.43,343.6,1113.0,382359.36
2026-01-12 05:00:00+00:00,1768194000000,343.61,343.61,339.29,340.11,2619.0,894421.4
2026-01-12 06:00:00+00:00,1768197600000,339.69,340.88,337.5,339.88,6226.0,2108822.86
2026-01-12 07:00:00+00:00,1768201200000,339.0,341.6,339.0,341.31,1613.0,549413.61
2026-01-12 08:00:00+00:00,1768204800000,341.32,341.66,338.98,340.0,2787.0,947974.87
2026-01-12 09:00:00+00:00,1768208400000,338.03,338.03,334.87,334.87,18824.0,6335000.724
2026-01-12 10:00:00+00:00,1768212000000,334.96,337.5,334.21,335.04,6678.0,2240634.6144
2026-01-12 11:00:00+00:00,1768215600000,337.02,338.0,336.97,336.97,1474.0,497014.375
2026-01-12 12:00:00+00:00,1768219200000,337.4,341.41,336.99,341.41,12659.0,4290265.4877
2026-01-12 13:00:00+00:00,1768222800000,336.0,342.43,334.01,339.84,48000.0,16250366.4
2026-01-12 14:00:00+00:00,1768226400000,338.535,343.8,326.59,336.68,1279040.0,428063991.04
2026-01-12 15:00:00+00:00,1768230000000,335.24,340.98,322.69,327.635,1219680.0,402772730.976
2026-01-12 16:00:00+00:00,1768233600000,327.21,334.69,325.655,333.95,612237.0,203037074.6655
2026-01-12 17:00:00+00:00,1768237200000,333.99,340.975,333.01,338.79,686522.0,230432207.7352
2026-01-12 18:00:00+00:00,1768240800000,338.63,341.47,336.76,337.15,408620.0,138668016.478
2026-01-12 19:00:00+00:00,1768244400000,337.01,338.79,335.29,337.715,359356.0,121005083.4256
2026-01-12 20:00:00+00:00,1768248000000,337.99,341.99,336.1,339.785,773886.0,262930477.101
2026-01-12 21:00:00+00:00,1768251600000,339.87,340.8122,339.0,339.0,2948.0,1001630.7576
2026-01-12 22:00:00+00:00,1768255200000,339.98,339.98,339.98,339.98,200.0,67988.7
2026-01-12 23:00:00+00:00,1768258800000,337.01,339.25,336.3,336.3,1721.0,582974.4657
2026-01-13 00:00:00+00:00,1768262400000,339.0,339.0,338.99,339.0,685.0,232219.1785
2026-01-13 01:00:00+00:00,1768266000000,336.21,337.0,334.72,336.51,784.0,262999.1
2026-01-13 02:00:00+00:00,1768269600000,336.96,337.79,336.96,337.52,39.0,13161.32
2026-01-13 03:00:00+00:00,1768273200000,337.23,337.53,337.19,337.3,114.0,38445.05
2026-01-13 04:00:00+00:00,1768276800000,337.3,337.98,336.78,336.79,913.0,308160.76
2026-01-13 05:00:00+00:00,1768280400000,337.2,337.51,336.87,337.5,884.0,298206.21
2026-01-13 06:00:00+00:00,1768284000000,337.13,338.69,337.13,338.12,2961.0,999436.72
2026-01-13 07:00:00+00:00,1768287600000,338.49,338.99,338.01,338.48,352.0,119231.69
2026-01-13 08:00:00+00:00,1768291200000,338.47,339.29,338.09,338.91,1323.0,448488.45
2026-01-13 09:00:00+00:00,1768294800000,338.5,339.0,336.49,338.88,2079.0,703687.6539
2026-01-13 10:00:00+00:00,1768298400000,339.0,339.0,337.52,337.52,397.0,134286.9968
2026-01-13 11:00:00+00:00,1768302000000,337.59,337.59,337.59,337.59,180.0,60737.364
2026-01-13 12:00:00+00:00,1768305600000,337.0,338.5,337.0,338.38,1865.0,629536.345
2026-01-13 13:00:00+00:00,1768309200000,339.0,343.8,337.0,337.47,28567.0,9684058.7382
2026-01-13 14:00:00+00:00,1768312800000,336.945,355.6235,333.34,353.49,829054.0,287393393.0188
2026-01-13 15:00:00+00:00,1768316400000,352.4,355.455,349.03,354.52,691798.0,244138350.5718
2026-01-13 16:00:00+00:00,1768320000000,353.9,360.355,352.62,359.26,421105.0,150057608.4625
2026-01-13 17:00:00+00:00,1768323600000,358.31,359.81,356.57,358.14,205629.0,73624085.7357
2026-01-13 18:00:00+00:00,1768327200000,358.52,362.48,358.18,360.47,232474.0,83847373.9708
2026-01-13 19:00:00+00:00,1768330800000,360.48,364.505,360.0099,361.81,300963.0,108970636.4916
2026-01-13 20:00:00+00:00,1768334400000,360.89,362.62,357.708,361.35,652549.0,235402614.4168
2026-01-13 21:00:00+00:00,1768338000000,361.33,363.5,358.1119,360.9,10023.0,3621504.3462
2026-01-13 22:00:00+00:00,1768341600000,360.0,360.7,360.0,360.7,348.0,125392.6476
2026-01-13 23:00:00+00:00,1768345200000,360.5,360.5,360.5,360.5,280.0,100944.592
2026-01-14 00:00:00+00:00,1768348800000,361.0,361.49,360.61,361.49,1155.0,416821.1355
2026-01-14 01:00:00+00:00,1768352400000,361.98,363.59,360.05,362.0,508.0,183944.12
2026-01-14 02:00:00+00:00,1768356000000,362.09,362.48,362.08,362.11,406.0,147038.75
2026-01-14 03:00:00+00:00,1768359600000,362.11,362.99,362.11,362.7,80.0,28997.16
2026-01-14 04:00:00+00:00,1768363200000,362.72,362.72,360.22,360.94,926.0,334526.78
2026-01-14 05:00:00+00:00,1768366800000,360.52,360.52,358.89,359.63,430.0,154696.27
2026-01-14 06:00:00+00:00,1768370400000,359.55,362.0,359.04,361.01,1946.0,702011.23
2026-01-14 07:00:00+00:00,1768374000000,361.98,362.36,361.13,361.17,468.0,169422.54
2026-01-14 08:00:00+00:00,1768377600000,362.0,362.0,361.15,361.55,148.0,53516.17
2026-01-14 10:00:00+00:00,1768384800000,360.0,360.02,355.0,355.0,1600.0,571159.84
2026-01-14 11:00:00+00:00,1768388400000,354.78,359.92,354.78,359.92,994.0,356135.5882
2026-01-14 12:00:00+00:00,1768392000000,357.5,358.45,357.5,358.45,451.0,161563.4438
2026-01-14 13:00:00+00:00,1768395600000,363.0,363.0,354.0,356.5,14410.0,5165221.27
2026-01-14 14:00:00+00:00,1768399200000,354.68,357.0,339.82,340.23,573495.0,199001101.8645
2026-01-14 15:00:00+00:00,1768402800000,339.71,350.6899,338.1,341.83,436459.0,150023353.7356
2026-01-14 16:00:00+00:00,1768406400000,341.42,341.89,334.75,336.17,381900.0,129179240.79
2026-01-14 17:00:00+00:00,1768410000000,335.965,339.33,334.56,334.885,224946.0,75816587.151
2026-01-14 18:00:00+00:00,1768413600000,334.15,336.21,329.54,332.055,430694.0,143078743.3394
2026-01-14 19:00:00+00:00,1768417200000,332.03,332.595,327.38,329.56,687316.0,226505468.9212
2026-01-14 20:00:00+00:00,1768420800000,328.27,333.47,328.27,331.26,630225.0,208602710.37
2026-01-14 21:00:00+00:00,1768424400000,331.62,332.0,331.0,332.0,107654.0,35698636.9662
2026-01-14 22:00:00+00:00,1768428000000,331.53,332.0,331.48,332.0,2977.0,987273.2272
2026-01-14 23:00:00+00:00,1768431600000,331.59,331.59,329.35,331.0,2361.0,780888.2367
2026-01-15 00:00:00+00:00,1768435200000,331.57,331.57,330.14,330.99,887.0,293485.3267
2026-01-15 01:00:00+00:00,1768438800000,332.01,332.94,330.0,330.24,563.0,186253.14
2026-01-15 02:00:00+00:00,1768442400000,330.4,332.27,330.4,331.72,299.0,99031.4
2026-01-15 03:00:00+00:00,1768446000000,331.79,332.5,331.79,331.99,249.0,82740.46
2026-01-15 04:00:00+00:00,1768449600000,332.24,332.24,331.32,331.7,1104.0,366241.99
2026-01-15 05:00:00+00:00,1768453200000,331.32,332.4,331.32,332.38,204.0,67707.85
2026-01-15 06:00:00+00:00,1768456800000,332.02,345.15,332.02,340.52,11235.0,3825872.03
2026-01-15 07:00:00+00:00,1768460400000,340.71,343.66,340.53,343.58,5131.0,1755109.57
2026-01-15 08:00:00+00:00,1768464000000,343.97,344.9,342.51,343.54,5808.0,1995761.87
2026-01-15 09:00:00+00:00,1768467600000,343.0,347.0,343.0,346.94,11065.0,3815584.8905
2026-01-15 10:00:00+00:00,1768471200000,345.21,345.96,341.04,344.56,18417.0,6337641.4647
2026-01-15 11:00:00+00:00,1768474800000,344.5,345.69,344.2,344.2,3612.0,1244780.082
2026-01-15 12:00:00+00:00,1768478400000,344.2,346.36,340.88,344.48,17181.0,5907463.497
2026-01-15 13:00:00+00:00,1768482000000,344.99,348.0,335.0,345.01,63672.0,21875757.204
2026-01-15 14:00:00+00:00,1768485600000,336.225,354.5,329.0,349.66,1227978.0,420260120.775
2026-01-15 15:00:00+00:00,1768489200000,348.24,350.35,342.2101,347.15,574337.0,198822029.9142
2026-01-15 16:00:00+00:00,1768492800000,348.03,352.75,344.6391,352.53,304215.0,106336984.2825
2026-01-15 17:00:00+00:00,1768496400000,352.71,354.48,349.39,350.14,233345.0,82143880.322
2026-01-15 18:00:00+00:00,1768500000000,349.99,353.29,349.1601,350.14,189421.0,66526170.568
2026-01-15 19:00:00+00:00,1768503600000,349.6,350.46,342.17,344.915,304050.0,105352960.14
2026-01-15 20:00:00+00:00,1768507200000,343.96,346.34,342.625,343.08,414483.0,142763156.7261
2026-01-15 21:00:00+00:00,1768510800000,343.27,345.59,342.01,345.59,133454.0,45815358.743
2026-01-15 22:00:00+00:00,1768514400000,346.0,348.7301,344.5,344.5,3500.0,1216186.3
2026-01-15 23:00:00+00:00,1768518000000,345.4,346.2675,345.0,346.2675,889.0,306952.3198
2026-01-16 00:00:00+00:00,1768521600000,345.4,346.7,345.25,345.25,1471.0,509026.6052
2026-01-16 01:00:00+00:00,1768525200000,345.61,346.68,343.83,346.4,264.0,91349.47
2026-01-16 02:00:00+00:00,1768528800000,346.49,347.44,346.49,347.34,124.0,43032.96
2026-01-16 03:00:00+00:00,1768532400000,348.06,348.06,343.85,346.28,311.0,107642.54
2026-01-16 04:00:00+00:00,1768536000000,346.76,346.95,344.5,344.81,648.0,223446.2
2026-01-16 05:00:00+00:00,1768539600000,344.92,345.99,344.92,345.99,88.0,30417.96
2026-01-16 06:00:00+00:00,1768543200000,346.0,346.02,344.01,345.01,854.0,294526.28
2026-01-16 07:00:00+00:00,1768546800000,345.88,346.59,343.38,345.0,1218.0,420549.7
2026-01-16 08:00:00+00:00,1768550400000,345.01,346.38,344.6,345.99,334.0,115571.6
2026-01-16 09:00:00+00:00,1768554000000,345.28,348.73,345.28,348.73,753.0,261385.5768
2026-01-16 10:00:00+00:00,1768557600000,348.04,352.0,347.01,350.01,3497.0,1224434.3345
2026-01-16 11:00:00+00:00,1768561200000,350.12,352.12,349.91,349.91,4188.0,1468274.6892
2026-01-16 12:00:00+00:00,1768564800000,349.95,350.01,349.86,349.9,2293.0,802240.445
2026-01-16 13:00:00+00:00,1768568400000,352.0,352.0,344.0,348.25,8409.0,2927084.6055
2026-01-16 14:00:00+00:00,1768572000000,349.71,354.0,324.11,325.045,840780.0,286358401.548
2026-01-16 15:00:00+00:00,1768575600000,324.695,336.1687,324.11,331.1,927022.0,304552590.9138
2026-01-16 16:00:00+00:00,1768579200000,329.57,334.2,326.71,330.34,308012.0,101805419.8904
2026-01-16 17:00:00+00:00,1768582800000,329.94,331.66,324.5,325.48,206655.0,67923117.414
2026-01-16 18:00:00+00:00,1768586400000,324.25,325.44,317.44,322.78,478337.0,153627829.1259
2026-01-16 19:00:00+00:00,1768590000000,323.03,326.0,320.7732,325.31,280249.0,90658281.4831
2026-01-16 20:00:00+00:00,1768593600000,324.9,328.39,323.99,324.01,480616.0,156449783.8888
2026-01-16 21:00:00+00:00,1768597200000,324.25,327.0,322.0,324.0,13931.0,4516388.407
2026-01-16 22:00:00+00:00,1768600800000,324.28,324.5,324.1009,324.28,1263.0,409502.2374
2026-01-16 23:00:00+00:00,1768604400000,324.942,324.942,324.3,324.3,325.0,105462.695
2026-01-17 00:00:00+00:00,1768608000000,324.3,324.92,324.23,324.92,620.0,201209.84
2026-01-20 01:00:00+00:00,1768870800000,318.0,319.9,311.99,318.0,6050.0,1918673.95
2026-01-20 02:00:00+00:00,1768874400000,318.35,318.38,314.5,316.01,13119.0,4143156.61999999
2026-01-20 03:00:00+00:00,1768878000000,316.0,316.97,315.2,316.97,849.0,268392.58
2026-01-20 04:00:00+00:00,1768881600000,316.96,316.96,316.18,316.19,380.0,120212.54
2026-01-20 05:00:00+00:00,1768885200000,316.21,317.03,316.18,316.18,1118.0,353790.46
2026-01-20 06:00:00+00:00,1768888800000,316.2,316.2,310.18,315.52,4608.0,1442015.33
2026-01-20 07:00:00+00:00,1768892400000,314.85,314.85,311.99,313.02,1058.0,330835.48
2026-01-20 08:00:00+00:00,1768896000000,313.03,313.03,310.0,312.0,1372.0,427345.99
2026-01-20 09:00:00+00:00,1768899600000,311.99,313.77,305.26,311.0,11414.0,3535645.1546
2026-01-20 10:00:00+00:00,1768903200000,311.2,313.24,311.12,311.52,3833.0,1196826.6524
2026-01-20 11:00:00+00:00,1768906800000,312.79,316.8,312.79,314.19,4098.0,1289969.2596
2026-01-20 12:00:00+00:00,1768910400000,314.0,318.99,313.49,317.9,11464.0,3628884.4904
2026-01-20 13:00:00+00:00,1768914000000,313.87,319.4,309.97,316.5,38062.0,11985700.9628
2026-01-20 14:00:00+00:00,1768917600000,323.815,342.0,316.5,338.68,1228333.0,409404494.3997
2026-01-20 15:00:00+00:00,1768921200000,337.46,350.75,337.12,347.99,940936.0,326158433.4584
2026-01-20 16:00:00+00:00,1768924800000,348.28,351.6,345.4,351.25,692994.0,241819632.6054
2026-01-20 17:00:00+00:00,1768928400000,350.955,356.0,350.945,353.01,582236.0,205886684.4568
2026-01-20 18:00:00+00:00,1768932000000,353.41,354.7,347.69,348.99,438857.0,153808714.2749
2026-01-20 19:00:00+00:00,1768935600000,349.48,353.29,346.09,352.65,344118.0,120273645.7104
2026-01-20 20:00:00+00:00,1768939200000,353.08,357.66,353.0,356.88,753455.0,267960845.874
2026-01-20 21:00:00+00:00,1768942800000,356.83,357.0012,355.5,357.0012,103428.0,36905809.8708
2026-01-20 22:00:00+00:00,1768946400000,357.045,357.045,355.0,355.0,2410.0,858221.244
2026-01-20 23:00:00+00:00,1768950000000,356.21,356.21,354.0,354.0,2618.0,929798.9316
2026-01-21 00:00:00+00:00,1768953600000,355.5,356.0,355.1737,355.75,3052.0,1086144.8444
2026-01-21 01:00:00+00:00,1768957200000,356.83,356.83,350.01,356.19,1274.0,451265.59
2026-01-21 02:00:00+00:00,1768960800000,356.49,356.49,355.01,355.69,413.0,147082.08
2026-01-21 03:00:00+00:00,1768964400000,355.94,356.16,355.06,355.12,470.0,167034.54
2026-01-21 04:00:00+00:00,1768968000000,355.59,355.72,354.5,354.87,768.0,272718.52
2026-01-21 05:00:00+00:00,1768971600000,355.59,356.82,354.94,356.81,857.0,304927.29
2026-01-21 06:00:00+00:00,1768975200000,356.63,357.51,356.07,356.1,468.0,166980.39
2026-01-21 07:00:00+00:00,1768978800000,356.12,358.96,356.12,357.52,426.0,152372.29
2026-01-21 08:00:00+00:00,1768982400000,358.19,358.32,357.49,357.99,537.0,192180.5
2026-01-21 09:00:00+00:00,1768986000000,357.99,362.02,357.99,362.0,12715.0,4585727.0535
2026-01-21 10:00:00+00:00,1768989600000,362.0,365.0,361.5,364.0,8761.0,3186804.989
2026-01-21 11:00:00+00:00,1768993200000,364.0,365.0,363.5,364.0,18066.0,6576229.9524
2026-01-21 12:00:00+00:00,1768996800000,364.0,366.86,364.0,366.86,16563.0,6042588.1935
2026-01-21 13:00:00+00:00,1769000400000,364.01,371.5,358.6215,369.5,57910.0,21235932.878
2026-01-21 14:00:00+00:00,1769004000000,370.02,375.98,355.32,362.15,1097216.0,399562398.0032
2026-01-21 15:00:00+00:00,1769007600000,361.38,376.54,359.0,369.775,782274.0,287754014.982
2026-01-21 16:00:00+00:00,1769011200000,369.69,375.88,368.21,370.47,492686.0,182973233.994
2026-01-21 17:00:00+00:00,1769014800000,370.31,370.6,351.905,360.8,737171.0,265455055.9487
2026-01-21 18:00:00+00:00,1769018400000,359.72,360.82,350.275,354.7,314563.0,111437780.4186
2026-01-21 19:00:00+00:00,1769022000000,355.315,368.11,350.01,365.77,415242.0,149537696.4756
2026-01-21 20:00:00+00:00,1769025600000,365.135,369.66,360.9,362.33,550624.0,200621065.7728
2026-01-21 21:00:00+00:00,1769029200000,362.44,365.95,362.44,364.18,7446.0,2700013.4196
2026-01-21 22:00:00+00:00,1769032800000,364.75,364.75,364.75,364.75,115.0,41943.2485
2026-01-21 23:00:00+00:00,1769036400000,365.22,366.97,365.22,366.5097,1013.0,370837.4192
2026-01-22 00:00:00+00:00,1769040000000,365.72,368.7208,365.72,368.7208,1657.0,608902.5953
2026-01-22 01:00:00+00:00,1769043600000,366.56,371.09,366.56,371.09,526.0,194297.05
2026-01-22 02:00:00+00:00,1769047200000,371.09,371.22,369.39,369.46,443.0,163932.05
2026-01-22 03:00:00+00:00,1769050800000,370.09,370.98,369.8,369.99,232.0,85855.77
2026-01-22 04:00:00+00:00,1769054400000,370.02,372.0,370.0,370.04,998.0,370032.15
2026-01-22 05:00:00+00:00,1769058000000,370.75,370.75,367.06,367.49,1066.0,394035.44
2026-01-22 06:00:00+00:00,1769061600000,367.0,367.0,365.16,366.71,459.0,168183.96
2026-01-22 07:00:00+00:00,1769065200000,366.74,369.93,366.52,369.18,1804.0,662495.06
2026-01-22 08:00:00+00:00,1769068800000,369.92,373.35,369.89,373.05,1913.0,710186.57
2026-01-22 09:00:00+00:00,1769072400000,373.99,374.71,373.0,373.2,4745.0,1772057.261
2026-01-22 10:00:00+00:00,1769076000000,373.0,373.67,373.0,373.67,912.0,340373.448
2026-01-22 11:00:00+00:00,1769079600000,373.0,373.5,372.91,373.0,1779.0,663647.7666
2026-01-22 12:00:00+00:00,1769083200000,372.93,375.11,372.87,373.93,3446.0,1288897.042
2026-01-22 13:00:00+00:00,1769086800000,373.0,375.9999,366.65,374.67,20604.0,7670178.966
2026-01-22 14:00:00+00:00,1769090400000,379.905,391.46,360.88,362.155,1397235.0,530760812.9985
2026-01-22 15:00:00+00:00,1769094000000,361.0,364.0,350.0,360.85,998354.0,355996164.2174
2026-01-22 16:00:00+00:00,1769097600000,360.87,361.7,354.6201,357.55,473123.0,169758424.892
2026-01-22 17:00:00+00:00,1769101200000,357.55,360.48,354.58,356.95,245945.0,87799512.038
2026-01-22 18:00:00+00:00,1769104800000,356.94,358.88,354.0,354.42,230631.0,82264278.7782
2026-01-22 19:00:00+00:00,1769108400000,356.005,358.62,355.01,357.54,201698.0,72004733.7744
2026-01-22 20:00:00+00:00,1769112000000,357.72,358.25,352.0,354.54,651992.0,231209989.8328
2026-01-22 21:00:00+00:00,1769115600000,354.49,354.88,353.0,353.95,15534.0,5510835.6264
2026-01-22 22:00:00+00:00,1769119200000,354.2,354.7401,352.15,352.15,3899.0,1379407.715
2026-01-22 23:00:00+00:00,1769122800000,352.0,352.0,351.64,351.64,370.0,130197.561
2026-01-23 00:00:00+00:00,1769126400000,352.0,353.36,351.5,353.36,2065.0,727809.4565
2026-01-23 01:00:00+00:00,1769130000000,353.25,355.96,353.25,354.96,463.0,164418.02
2026-01-23 02:00:00+00:00,1769133600000,354.96,355.3,354.5,354.5,239.0,84813.89
2026-01-23 03:00:00+00:00,1769137200000,354.49,354.54,354.44,354.54,96.0,34028.92
2026-01-23 04:00:00+00:00,1769140800000,354.6,356.2,354.6,356.2,388.0,137848.3
2026-01-23 05:00:00+00:00,1769144400000,356.19,356.81,356.18,356.72,102.0,36339.51
2026-01-23 06:00:00+00:00,1769148000000,356.8,358.44,356.8,358.15,503.0,180094.51
2026-01-23 07:00:00+00:00,1769151600000,357.99,358.87,357.01,357.49,795.0,284219.05
2026-01-23 08:00:00+00:00,1769155200000,357.01,357.02,351.5,351.65,2098.0,741389.31
2026-01-23 09:00:00+00:00,1769158800000,347.76,353.09,347.76,353.09,381.0,133408.0644
2026-01-23 11:00:00+00:00,1769166000000,353.0,353.96,352.99,353.96,925.0,326658.2
2026-01-23 12:00:00+00:00,1769169600000,351.8,351.8,351.8,351.8,126.0,44326.8
2026-01-23 13:00:00+00:00,1769173200000,351.6,357.5,350.0,350.5179,11136.0,3929366.5536
2026-01-23 14:00:00+00:00,1769176800000,352.405,354.9675,334.0,343.335,708027.0,241112647.4232
2026-01-23 15:00:00+00:00,1769180400000,344.985,348.0499,338.11,339.45,605304.0,208655915.6304
2026-01-23 16:00:00+00:00,1769184000000,339.56,344.04,337.04,340.4,308954.0,104977780.413
2026-01-23 17:00:00+00:00,1769187600000,339.61,342.75,339.32,339.61,379859.0,129496060.3104
2026-01-23 18:00:00+00:00,1769191200000,340.1,344.23,339.7601,344.04,199150.0,68356783.705
2026-01-23 19:00:00+00:00,1769194800000,344.0,345.0699,341.5,342.26,372187.0,127859782.1068
2026-01-23 20:00:00+00:00,1769198400000,341.98,342.25,338.62,339.2,712134.0,242019950.5278
2026-01-23 21:00:00+00:00,1769202000000,339.19,341.0,338.25,338.54,8515.0,2889470.7335
2026-01-23 22:00:00+00:00,1769205600000,337.46,338.4,337.46,338.4,1032.0,348520.5384
2026-01-23 23:00:00+00:00,1769209200000,338.0,338.0,338.0,338.0,245.0,82805.002
2026-01-24 00:00:00+00:00,1769212800000,337.0375,337.36,337.0375,337.1,929.0,313260.0077
2026-01-26 01:00:00+00:00,1769389200000,338.0,338.0,332.31,335.0,2668.0,890957.95
2026-01-26 02:00:00+00:00,1769392800000,335.0,336.91,334.51,335.15,1396.0,468862.42
2026-01-26 03:00:00+00:00,1769396400000,335.71,335.81,335.16,335.58,353.0,118395.4
2026-01-26 04:00:00+00:00,1769400000000,335.6,335.84,335.22,335.49,165.0,55357.3
2026-01-26 05:00:00+00:00,1769403600000,335.98,336.99,335.49,336.99,105.0,35286.82
2026-01-26 06:00:00+00:00,1769407200000,336.97,337.61,336.74,336.74,973.0,328124.33
2026-01-26 07:00:00+00:00,1769410800000,337.36,341.05,336.51,339.1,799.0,270932.42
2026-01-26 08:00:00+00:00,1769414400000,339.1,340.7,338.69,339.2,447.0,151656.84
2026-01-26 09:00:00+00:00,1769418000000,337.25,337.25,334.94,334.95,3208.0,1077777.6448
2026-01-26 10:00:00+00:00,1769421600000,335.4,336.34,335.39,336.0,1377.0,462480.0462
2026-01-26 11:00:00+00:00,1769425200000,334.96,335.56,334.96,335.56,426.0,142928.2824
2026-01-26 12:00:00+00:00,1769428800000,335.99,336.0,335.5,335.5,2302.0,773072.1426
2026-01-26 13:00:00+00:00,1769432400000,337.25,342.59,331.36,336.0,9606.0,3231443.991
2026-01-26 14:00:00+00:00,1769436000000,336.105,350.68,327.29,346.11,574945.0,195932344.3525
2026-01-26 15:00:00+00:00,1769439600000,346.325,347.0499,332.94,338.42,443060.0,150303231.34
2026-01-26 16:00:00+00:00,1769443200000,336.61,339.265,335.0001,338.82,271230.0,91388181.954
2026-01-26 17:00:00+00:00,1769446800000,339.04,341.27,336.96,339.93,270744.0,91983162.1968
2026-01-26 18:00:00+00:00,1769450400000,339.92,341.0,338.62,338.88,175831.0,59739180.0754
2026-01-26 19:00:00+00:00,1769454000000,338.23,338.92,333.49,333.72,253395.0,85384257.9345
2026-01-26 20:00:00+00:00,1769457600000,333.51,333.52,328.62,332.33,585408.0,193617607.7568
2026-01-26 21:00:00+00:00,1769461200000,332.45,332.58,331.07,332.58,3839.0,1275849.8049
2026-01-26 22:00:00+00:00,1769464800000,331.25,331.25,331.0,331.0,750.0,248309.1
2026-01-26 23:00:00+00:00,1769468400000,331.24,332.0,331.24,332.0,275.0,91223.0
2026-01-27 00:00:00+00:00,1769472000000,331.98,331.98,331.96,331.98,1360.0,451443.976
2026-01-27 01:00:00+00:00,1769475600000,333.04,333.82,333.04,333.8,59.0,19668.52
2026-01-27 02:00:00+00:00,1769479200000,334.66,337.93,334.66,336.89,335.0,112789.88
2026-01-27 03:00:00+00:00,1769482800000,337.39,344.98,337.39,339.98,1344.0,458065.82
2026-01-27 04:00:00+00:00,1769486400000,339.96,339.99,338.49,338.98,500.0,169552.27
2026-01-27 05:00:00+00:00,1769490000000,338.52,339.99,338.44,339.99,538.0,182253.56
2026-01-27 06:00:00+00:00,1769493600000,340.51,341.87,338.43,338.43,3118.0,1058793.77
2026-01-27 07:00:00+00:00,1769497200000,339.0,341.01,338.96,339.87,1875.0,637643.77
2026-01-27 08:00:00+00:00,1769500800000,339.02,339.95,339.0,339.56,445.0,151122.8
2026-01-27 09:00:00+00:00,1769504400000,339.09,340.11,339.09,339.99,3471.0,1179448.5768
2026-01-27 10:00:00+00:00,1769508000000,341.33,344.08,341.3,343.0,3683.0,1262112.538
2026-01-27 11:00:00+00:00,1769511600000,343.71,343.76,343.71,343.73,513.0,176337.1323
2026-01-27 12:00:00+00:00,1769515200000,343.17,343.17,341.95,341.99,4684.0,1604270.4684
2026-01-27 13:00:00+00:00,1769518800000,341.5,345.89,338.44,344.5,31990.0,10985900.233
2026-01-27 14:00:00+00:00,1769522400000,341.765,362.45,340.0,362.01,873277.0,307225922.1437
2026-01-27 15:00:00+00:00,1769526000000,360.89,373.9999,359.02,370.9,855864.0,313897878.8496
2026-01-27 16:00:00+00:00,1769529600000,371.18,371.9599,362.0,363.32,371577.0,136286120.2752
2026-01-27 17:00:00+00:00,1769533200000,362.51,370.58,361.9,366.49,241480.0,88468226.432
2026-01-27 18:00:00+00:00,1769536800000,366.57,371.88,366.39,368.5,158926.0,58666150.2438
2026-01-27 19:00:00+00:00,1769540400000,368.4,369.27,365.04,366.83,323065.0,118777625.609
2026-01-27 20:00:00+00:00,1769544000000,367.18,370.7,362.95,370.56,502564.0,185100150.9424
2026-01-27 21:00:00+00:00,1769547600000,370.66,372.77,368.8,371.95,32314.0,11978463.7344
2026-01-27 22:00:00+00:00,1769551200000,372.77,373.88,370.66,373.88,2220.0,827711.238
2026-01-27 23:00:00+00:00,1769554800000,374.0,374.0,372.0,373.99,971.0,362483.5245
2026-01-28 00:00:00+00:00,1769558400000,372.0,374.0,372.0,373.845,3786.0,1415607.7374
2026-01-28 01:00:00+00:00,1769562000000,373.58,373.92,372.05,373.79,745.0,278363.43
2026-01-28 02:00:00+00:00,1769565600000,372.9,376.81,372.81,376.81,936.0,350895.83
2026-01-28 03:00:00+00:00,1769569200000,376.0,376.79,375.89,376.49,592.0,222697.24
2026-01-28 04:00:00+00:00,1769572800000,376.06,376.06,375.17,375.19,667.0,250452.9
2026-01-28 05:00:00+00:00,1769576400000,375.2,377.81,374.96,377.19,1815.0,683220.03
2026-01-28 06:00:00+00:00,1769580000000,377.81,382.0,377.81,380.96,6069.0,2309135.76
2026-01-28 07:00:00+00:00,1769583600000,380.43,381.48,378.01,381.48,2083.0,790610.28
2026-01-28 08:00:00+00:00,1769587200000,381.67,384.0,380.99,381.03,3933.0,1503399.52
2026-01-28 09:00:00+00:00,1769590800000,377.5,377.5,373.94,373.94,4877.0,1829882.5882
2026-01-28 10:00:00+00:00,1769594400000,374.26,376.94,374.26,376.94,9948.0,3727885.6656
2026-01-28 11:00:00+00:00,1769598000000,376.5,376.5,372.8,375.0,11339.0,4250622.5825
2026-01-28 12:00:00+00:00,1769601600000,375.0,377.5,375.0,377.5,10137.0,3808025.8857
2026-01-28 13:00:00+00:00,1769605200000,375.0,382.51,373.0,375.0,39648.0,14939180.0544
2026-01-28 14:00:00+00:00,1769608800000,376.81,394.0,371.6001,387.24,946650.0,366320322.585
2026-01-28 15:00:00+00:00,1769612400000,387.47,388.95,373.57,379.51,745408.0,283313554.528
2026-01-28 16:00:00+00:00,1769616000000,378.53,382.0,376.88,378.09,290385.0,110160656.8695
2026-01-28 17:00:00+00:00,1769619600000,378.32,383.49,376.935,383.0,210753.0,80092631.1924
2026-01-28 18:00:00+00:00,1769623200000,382.74,389.52,381.0001,383.31,242840.0,93500223.804
2026-01-28 19:00:00+00:00,1769626800000,383.02,391.9899,378.0,388.87,352839.0,136637079.1695
2026-01-28 20:00:00+00:00,1769630400000,388.7,394.88,384.94,385.68,1005568.0,390920895.0784
2026-01-28 21:00:00+00:00,1769634000000,385.0,392.0,378.0,391.5,95815.0,36916523.024
2026-01-28 22:00:00+00:00,1769637600000,394.0,394.0,385.0,393.3,4210.0,1652895.678
2026-01-28 23:00:00+00:00,1769641200000,393.1113,393.1113,392.11,392.2,2894.0,1135938.6994
2026-01-29 00:00:00+00:00,1769644800000,391.64,391.64,387.02,391.0,2469.0,961426.8717
2026-01-29 01:00:00+00:00,1769648400000,389.91,391.0,385.98,387.47,896.0,347054.05
2026-01-29 02:00:00+00:00,1769652000000,386.8,389.0,386.8,388.99,653.0,253479.74
2026-01-29 03:00:00+00:00,1769655600000,389.6,391.18,389.6,390.49,598.0,233332.67
2026-01-29 04:00:00+00:00,1769659200000,391.42,393.99,391.3,393.4,352.0,138415.77
2026-01-29 05:00:00+00:00,1769662800000,393.39,393.39,392.24,392.99,664.0,260692.12
2026-01-29 06:00:00+00:00,1769666400000,393.09,393.39,392.02,392.02,1074.0,421775.06
2026-01-29 07:00:00+00:00,1769670000000,392.73,393.01,392.03,392.71,177.0,69477.1
2026-01-29 08:00:00+00:00,1769673600000,392.17,392.54,391.94,392.5,757.0,296919.75
2026-01-29 09:00:00+00:00,1769677200000,393.0,393.0,391.0,391.0,1705.0,668757.0945
2026-01-29 11:00:00+00:00,1769684400000,389.67,389.67,387.03,387.03,694.0,269412.6738
2026-01-29 12:00:00+00:00,1769688000000,389.1,389.1,388.0,388.0,694.0,269608.59
2026-01-29 13:00:00+00:00,1769691600000,388.0,394.0,386.0,389.82,8143.0,3180921.2618
2026-01-29 14:00:00+00:00,1769695200000,388.675,398.16,379.0287,387.09,802026.0,311198920.416
2026-01-29 15:00:00+00:00,1769698800000,386.38,386.8,364.19,368.595,902363.0,338041963.7518
2026-01-29 16:00:00+00:00,1769702400000,368.92,378.6137,365.0,373.13,384274.0,143350994.7738
2026-01-29 17:00:00+00:00,1769706000000,373.095,377.96,372.66,375.21,301072.0,112931866.3424
2026-01-29 18:00:00+00:00,1769709600000,378.88,382.74,375.22,379.81,218050.0,82964230.93
2026-01-29 19:00:00+00:00,1769713200000,379.05,382.0,377.6075,380.61,195568.0,74215924.3088
2026-01-29 20:00:00+00:00,1769716800000,380.96,381.72,373.88,381.485,655249.0,248034090.4909
2026-01-29 21:00:00+00:00,1769720400000,381.44,386.5,381.44,385.88,95612.0,36528402.0596
2026-01-29 22:00:00+00:00,1769724000000,385.88,387.0,385.88,386.79,2668.0,1030112.6656
2026-01-29 23:00:00+00:00,1769727600000,386.0,390.0,385.56,390.0,9162.0,3555528.4908
2026-01-30 00:00:00+00:00,1769731200000,389.6916,390.0,386.0,389.14,7342.0,2849001.4272
2026-01-30 01:00:00+00:00,1769734800000,387.0,387.5,385.21,385.85,5068.0,1958861.16
2026-01-30 02:00:00+00:00,1769738400000,385.21,385.21,378.88,380.85,3128.0,1198037.13
2026-01-30 03:00:00+00:00,1769742000000,383.52,387.09,382.33,387.0,2131.0,821194.54
2026-01-30 04:00:00+00:00,1769745600000,387.41,391.99,386.82,391.28,2066.0,805690.93
2026-01-30 05:00:00+00:00,1769749200000,391.04,397.14,390.01,396.5,9037.0,3570076.46
2026-01-30 06:00:00+00:00,1769752800000,396.32,403.01,396.32,396.7,9591.0,3822293.48
2026-01-30 07:00:00+00:00,1769756400000,398.88,399.0,396.59,396.61,3922.0,1559069.95
2026-01-30 08:00:00+00:00,1769760000000,396.73,400.91,396.51,400.21,5978.0,2389151.08
2026-01-30 09:00:00+00:00,1769763600000,396.03,402.79,396.03,400.53,17399.0,6967624.4188
2026-01-30 10:00:00+00:00,1769767200000,400.03,401.5,397.5,401.49,8275.0,3310242.4575
2026-01-30 11:00:00+00:00,1769770800000,401.05,409.4,401.05,407.83,7980.0,3241417.746
2026-01-30 12:00:00+00:00,1769774400000,406.03,424.2,406.0,416.0,57184.0,23871089.104
2026-01-30 13:00:00+00:00,1769778000000,397.6,424.45,391.01,409.9631,160078.0,64556463.9414
2026-01-30 14:00:00+00:00,1769781600000,406.95,448.01,403.6,423.0,1871406.0,804846806.856
2026-01-30 15:00:00+00:00,1769785200000,422.75,424.42,400.015,406.64,1558319.0,640903724.1691
2026-01-30 16:00:00+00:00,1769788800000,406.335,414.235,398.43,399.63,766752.0,310228702.6272
2026-01-30 17:00:00+00:00,1769792400000,398.03,407.12,395.09,401.94,472877.0,189866310.1887
2026-01-30 18:00:00+00:00,1769796000000,401.91,405.0,397.77,404.0,317802.0,127639579.9848
2026-01-30 19:00:00+00:00,1769799600000,403.03,405.99,395.71,396.76,414281.0,165651376.4087
2026-01-30 20:00:00+00:00,1769803200000,396.56,396.88,384.33,391.71,830376.0,323822559.096
2026-01-30 21:00:00+00:00,1769806800000,392.49,397.0,391.0,395.3,132237.0,51849281.3832
2026-01-30 22:00:00+00:00,1769810400000,394.0,396.0,393.55,395.74,7722.0,3053288.8386
2026-01-30 23:00:00+00:00,1769814000000,395.0,395.7426,393.55,394.0,6411.0,2526447.5211
2026-01-31 00:00:00+00:00,1769817600000,393.6,394.0,393.6,394.0,1343.0,528735.8768
2026-02-02 01:00:00+00:00,1769994000000,394.03,415.01,393.99,404.0,12108.0,4886356.12
2026-02-02 02:00:00+00:00,1769997600000,403.52,403.98,385.59,385.59,12198.0,4808042.16
2026-02-02 03:00:00+00:00,1770001200000,385.13,388.13,377.99,379.28,8603.0,3286395.03
2026-02-02 04:00:00+00:00,1770004800000,379.28,388.92,373.26,385.11,5914.0,2256964.33
2026-02-02 05:00:00+00:00,1770008400000,385.09,385.09,376.5,376.51,3956.0,1506081.38
2026-02-02 06:00:00+00:00,1770012000000,376.27,378.63,371.89,373.27,5089.0,1906257.38
2026-02-02 07:00:00+00:00,1770015600000,374.53,388.54,374.05,387.03,4191.0,1587122.14
2026-02-02 08:00:00+00:00,1770019200000,388.98,390.01,386.01,389.72,3858.0,1499212.64
2026-02-02 09:00:00+00:00,1770022800000,388.0,399.0,385.0,398.0,11984.0,4696983.7936
2026-02-02 10:00:00+00:00,1770026400000,399.0,407.2,393.46,396.0,27495.0,11016325.4175
2026-02-02 11:00:00+00:00,1770030000000,397.88,401.89,397.56,400.0,5142.0,2054902.602
2026-02-02 12:00:00+00:00,1770033600000,400.0,415.0,400.0,408.0,32709.0,13386956.3496
2026-02-02 13:00:00+00:00,1770037200000,408.0,415.0,372.0,408.0,126899.0,51018854.657
2026-02-02 14:00:00+00:00,1770040800000,405.815,434.0,404.99,416.765,1270081.0,534336285.5424
2026-02-02 15:00:00+00:00,1770044400000,418.24,445.0,416.11,438.3,1026735.0,446174778.7215
2026-02-02 16:00:00+00:00,1770048000000,438.74,445.0,437.2201,439.91,642249.0,283741176.6819
2026-02-02 17:00:00+00:00,1770051600000,439.905,441.88,433.91,436.41,505160.0,221016188.752
2026-02-02 18:00:00+00:00,1770055200000,436.86,440.005,432.5,436.035,362708.0,158199736.8624
2026-02-02 19:00:00+00:00,1770058800000,436.185,436.76,425.65,426.57,381223.0,165121824.6733
2026-02-02 20:00:00+00:00,1770062400000,423.31,429.36,417.0,423.72,896306.0,378109106.1262
2026-02-02 21:00:00+00:00,1770066000000,423.42,429.49,416.5857,422.49,77312.0,32715972.1472
2026-02-02 22:00:00+00:00,1770069600000,422.5,428.0,422.42,428.0,8047.0,3429570.2428
2026-02-02 23:00:00+00:00,1770073200000,431.1227,434.98,431.1227,434.95,8372.0,3622576.1208
2026-02-03 00:00:00+00:00,1770076800000,434.0,436.0,433.6,436.0,14572.0,6324258.2004
2026-02-03 01:00:00+00:00,1770080400000,433.53,443.09,433.52,442.05,2846.0,1257110.42
2026-02-03 02:00:00+00:00,1770084000000,442.05,442.05,434.18,439.61,6201.0,2717745.99
2026-02-03 03:00:00+00:00,1770087600000,440.64,444.89,440.58,444.49,3473.0,1538501.23
2026-02-03 04:00:00+00:00,1770091200000,444.47,444.99,443.17,444.26,1756.0,780703.62
2026-02-03 05:00:00+00:00,1770094800000,444.05,444.26,441.01,441.99,4345.0,1921075.56
2026-02-03 06:00:00+00:00,1770098400000,441.98,443.49,440.99,442.0,14737.0,6510216.49
2026-02-03 07:00:00+00:00,1770102000000,442.49,444.02,439.96,442.59,8274.0,3651358.48
2026-02-03 08:00:00+00:00,1770105600000,442.56,443.01,440.5,440.62,5055.0,2235041.88
2026-02-03 09:00:00+00:00,1770109200000,441.93,453.0,441.93,451.0,34233.0,15349878.6486
2026-02-03 10:00:00+00:00,1770112800000,452.9,455.09,449.6,451.0,21297.0,9647566.5564
2026-02-03 11:00:00+00:00,1770116400000,449.05,450.8,447.46,447.67,10079.0,4517574.1035
2026-02-03 12:00:00+00:00,1770120000000,447.41,454.03,446.5,451.24,33513.0,15120710.3622
2026-02-03 13:00:00+00:00,1770123600000,441.93,456.0,440.0,450.64,105502.0,47228677.1634
2026-02-03 14:00:00+00:00,1770127200000,453.355,464.0,432.2001,434.51,1718190.0,772782584.445
2026-02-03 15:00:00+00:00,1770130800000,436.055,456.99,431.1,454.8,1061018.0,469147570.4132
2026-02-03 16:00:00+00:00,1770134400000,454.69,456.17,439.85,446.95,946907.0,422370518.6896
2026-02-03 17:00:00+00:00,1770138000000,446.09,448.59,432.55,435.26,630418.0,276633785.6218
2026-02-03 18:00:00+00:00,1770141600000,432.82,434.5397,426.0,426.98,382642.0,164773718.9462
2026-02-03 19:00:00+00:00,1770145200000,426.595,439.89,424.52,438.87,605867.0,262442984.2831
2026-02-03 20:00:00+00:00,1770148800000,437.99,439.9499,432.13,435.55,1083679.0,472294183.4392
2026-02-03 21:00:00+00:00,1770152400000,486.61,496.69,433.0,493.1,894977.0,428794936.4056
2026-02-03 22:00:00+00:00,1770156000000,483.845,489.99,473.5,474.01,111124.0,53561734.6628
2026-02-03 23:00:00+00:00,1770159600000,474.1,474.1,452.13,452.13,110681.0,51136835.62
2026-02-04 00:00:00+00:00,1770163200000,454.3847,473.0,453.0082,472.0,86794.0,40124874.8794
2026-02-04 01:00:00+00:00,1770166800000,470.99,477.73,465.0,473.52,12000.0,5685595.91
2026-02-04 02:00:00+00:00,1770170400000,473.56,478.95,473.56,475.09,5243.0,2500094.34
2026-02-04 03:00:00+00:00,1770174000000,476.5,477.12,473.93,474.6,5847.0,2778313.41
2026-02-04 04:00:00+00:00,1770177600000,474.61,476.98,473.79,476.18,3336.0,1585025.03
2026-02-04 05:00:00+00:00,1770181200000,475.51,481.0,475.47,480.0,4137.0,1980486.67
2026-02-04 06:00:00+00:00,1770184800000,479.6,481.0,478.01,479.89,9654.0,4635219.35
2026-02-04 07:00:00+00:00,1770188400000,479.28,483.95,479.0,480.76,14726.0,7084029.31
2026-02-04 08:00:00+00:00,1770192000000,480.76,480.76,471.99,475.0,10196.0,4861049.71
2026-02-04 09:00:00+00:00,1770195600000,421.0,479.54,421.0,470.0,56635.0,26476817.192
2026-02-04 10:00:00+00:00,1770199200000,468.27,478.97,468.27,476.95,15399.0,7322306.1147
2026-02-04 11:00:00+00:00,1770202800000,476.0,482.36,476.0,479.77,24110.0,11553299.832
2026-02-04 12:00:00+00:00,1770206400000,477.24,490.51,476.2,484.0,54812.0,26511479.1224
2026-02-04 13:00:00+00:00,1770210000000,476.2,509.93,467.82,487.2111,376648.0,185860948.0688
2026-02-04 14:00:00+00:00,1770213600000,483.0,504.58,452.21,490.61,3245342.0,1555750749.8232
2026-02-04 15:00:00+00:00,1770217200000,488.92,491.93,443.4,444.17,2305608.0,1085741471.7864
2026-02-04 16:00:00+00:00,1770220800000,444.53,468.9799,443.5,460.46,1255998.0,574049992.3062
2026-02-04 17:00:00+00:00,1770224400000,460.525,461.76,436.0,442.77,868788.0,387029415.816
2026-02-04 18:00:00+00:00,1770228000000,442.78,445.0,426.05,433.54,851363.0,370745088.8812
2026-02-04 19:00:00+00:00,1770231600000,433.1,461.73,429.0,460.28,892874.0,399360039.7752
2026-02-04 20:00:00+00:00,1770235200000,460.42,467.49,453.15,465.355,1465726.0,676922394.6292
2026-02-04 21:00:00+00:00,1770238800000,465.54,496.0,465.19,495.0,199965.0,96455117.4
2026-02-04 22:00:00+00:00,1770242400000,493.0,493.3898,475.85,478.6,51505.0,24969881.525
2026-02-04 23:00:00+00:00,1770246000000,477.27,487.0,476.42,481.2,38170.0,18387886.022
2026-02-05 00:00:00+00:00,1770249600000,480.0,487.0,479.98,486.99,24981.0,12058551.0309
2026-02-05 01:00:00+00:00,1770253200000,486.46,490.0,483.5,483.5,1831.0,893134.9
2026-02-05 02:00:00+00:00,1770256800000,483.93,485.01,475.0,478.04,10564.0,5068206.06
2026-02-05 03:00:00+00:00,1770260400000,478.04,480.26,476.05,477.79,7760.0,3719689.12
2026-02-05 04:00:00+00:00,1770264000000,479.8,481.78,475.99,480.63,2087.0,997588.64
2026-02-05 05:00:00+00:00,1770267600000,480.81,481.77,478.84,480.72,1140.0,546841.63
2026-02-05 06:00:00+00:00,1770271200000,480.7,488.0,480.14,487.01,4521.0,2184960.88
2026-02-05 07:00:00+00:00,1770274800000,486.55,489.99,484.5,485.81,2699.0,1314074.8
2026-02-05 08:00:00+00:00,1770278400000,486.39,492.98,486.39,486.6,4847.0,2375752.21
2026-02-05 09:00:00+00:00,1770282000000,483.57,486.76,482.11,486.76,6082.0,2946278.3238
2026-02-05 10:00:00+00:00,1770285600000,484.1,487.89,483.0,487.89,8305.0,4031579.2
2026-02-05 11:00:00+00:00,1770289200000,486.5,487.19,471.4,475.32,48641.0,23324103.7073
2026-02-05 12:00:00+00:00,1770292800000,476.8,476.8,430.0,440.0,127684.0,57163858.6636
2026-02-05 13:00:00+00:00,1770296400000,439.86,490.63,430.35,437.15,190904.0,85252610.1728
2026-02-05 14:00:00+00:00,1770300000000,436.17,504.33,425.01,486.29,2022469.0,951849349.4937
2026-02-05 15:00:00+00:00,1770303600000,481.41,498.0,462.1987,479.06,1507665.0,720340928.157
2026-02-05 16:00:00+00:00,1770307200000,478.83,497.0,467.41,490.84,807335.0,391825994.621
2026-02-05 17:00:00+00:00,1770310800000,491.04,494.67,481.61,487.37,342844.0,167352030.3072
2026-02-05 18:00:00+00:00,1770314400000,487.09,488.78,479.0401,484.49,302958.0,146470104.4986
2026-02-05 19:00:00+00:00,1770318000000,484.52,499.6,482.715,497.175,504861.0,249192977.8653
2026-02-05 20:00:00+00:00,1770321600000,499.18,507.55,494.0,504.72,1374048.0,689181942.384
2026-02-05 21:00:00+00:00,1770325200000,507.29,510.33,485.0,507.29,996637.0,502579621.4935
2026-02-05 22:00:00+00:00,1770328800000,487.92,493.99,485.1,485.1,25511.0,12466348.1216
2026-02-05 23:00:00+00:00,1770332400000,486.3,494.0,486.0,491.18,32354.0,15842048.7442
2026-02-06 00:00:00+00:00,1770336000000,492.9395,492.9395,475.0,492.0,82693.0,40080354.3998
2026-02-06 01:00:00+00:00,1770339600000,485.0,502.98,485.0,499.99,7064.0,3489928.18
2026-02-06 02:00:00+00:00,1770343200000,500.08,504.33,497.49,499.13,7231.0,3623652.47
2026-02-06 03:00:00+00:00,1770346800000,500.23,502.83,497.99,502.81,2016.0,1009027.8
2026-02-06 04:00:00+00:00,1770350400000,502.79,504.16,495.99,496.99,3750.0,1879355.61
2026-02-06 05:00:00+00:00,1770354000000,496.99,502.49,491.79,502.25,2265.0,1125491.0
2026-02-06 06:00:00+00:00,1770357600000,502.13,505.0,500.08,501.99,3507.0,1763226.17
2026-02-06 07:00:00+00:00,1770361200000,500.15,507.12,498.17,503.08,3739.0,1876977.0
2026-02-06 08:00:00+00:00,1770364800000,504.01,504.79,497.29,502.19,4519.0,2262831.94
2026-02-06 09:00:00+00:00,1770368400000,504.0,544.7,504.0,535.14,63644.0,33839285.6816
2026-02-06 10:00:00+00:00,1770372000000,535.0,541.0,529.31,541.0,20495.0,10938318.8165
2026-02-06 11:00:00+00:00,1770375600000,542.4,543.0,535.02,536.67,17155.0,9250837.181
2026-02-06 12:00:00+00:00,1770379200000,535.21,544.62,534.02,542.9,54866.0,29658683.1828
2026-02-06 13:00:00+00:00,1770382800000,549.02,554.92,491.8,549.02,168257.0,90671122.9679
2026-02-06 14:00:00+00:00,1770386400000,537.48,558.0,523.06,542.0,1442458.0,781642025.956
2026-02-06 15:00:00+00:00,1770390000000,537.74,541.2512,513.28,521.41,847427.0,444177760.3949
2026-02-06 16:00:00+00:00,1770393600000,520.08,542.14,517.33,532.485,476359.0,253834657.4478
2026-02-06 17:00:00+00:00,1770397200000,535.82,545.64,533.27,538.535,786193.0,424502315.9131
2026-02-06 18:00:00+00:00,1770400800000,539.265,556.65,538.54,555.38,854338.0,467189267.5368
2026-02-06 19:00:00+00:00,1770404400000,556.62,558.38,549.0,555.09,589714.0,326706155.7692
2026-02-06 20:00:00+00:00,1770408000000,551.71,556.0,542.69,552.0,891182.0,489597388.9236
2026-02-06 21:00:00+00:00,1770411600000,551.99,556.96,551.1303,554.08,27553.0,15242341.6424
2026-02-06 22:00:00+00:00,1770415200000,555.01,555.01,553.36,554.0,4211.0,2336090.9912
2026-02-06 23:00:00+00:00,1770418800000,553.81,554.78,553.81,554.21,3304.0,1832167.12
2026-02-07 00:00:00+00:00,1770422400000,553.7661,555.73,553.7661,555.11,2626.0,1457504.5784
2026-02-09 01:00:00+00:00,1770598800000,555.11,589.88,555.11,576.28,9932.0,5719807.64
2026-02-09 02:00:00+00:00,1770602400000,575.14,577.86,570.89,573.84,6478.0,3711945.73
2026-02-09 03:00:00+00:00,1770606000000,572.68,573.95,563.09,569.47,3427.0,1953148.99
2026-02-09 04:00:00+00:00,1770609600000,570.01,573.0,569.28,571.01,3045.0,1740841.61
2026-02-09 05:00:00+00:00,1770613200000,570.05,571.71,565.01,571.56,3306.0,1879591.06
2026-02-09 06:00:00+00:00,1770616800000,571.56,571.6,561.04,564.42,6612.0,3730334.02
2026-02-09 07:00:00+00:00,1770620400000,565.21,565.29,556.74,560.24,3497.0,1956690.17
2026-02-09 08:00:00+00:00,1770624000000,560.22,568.94,560.22,561.09,2778.0,1565244.27
2026-02-09 09:00:00+00:00,1770627600000,562.5,566.59,557.01,557.13,20155.0,11314615.9155
2026-02-09 10:00:00+00:00,1770631200000,558.01,560.0,550.0,558.16,12678.0,7033846.9494
2026-02-09 11:00:00+00:00,1770634800000,559.75,561.85,557.15,561.85,4833.0,2705764.2327
2026-02-09 12:00:00+00:00,1770638400000,559.59,562.24,557.0,562.24,9292.0,5197741.3052
2026-02-09 13:00:00+00:00,1770642000000,560.5,571.0,550.0,559.0,61087.0,34428431.6129
2026-02-09 14:00:00+00:00,1770645600000,556.26,598.4,553.1,585.24,1839407.0,1063204837.105
2026-02-09 15:00:00+00:00,1770649200000,582.36,599.5,579.3201,590.295,1162067.0,684293495.3463
2026-02-09 16:00:00+00:00,1770652800000,590.5,592.79,567.0301,576.64,869375.0,501972865.0625
2026-02-09 17:00:00+00:00,1770656400000,575.84,579.405,569.21,574.565,363199.0,208873493.0662
2026-02-09 18:00:00+00:00,1770660000000,575.015,575.5011,561.0,570.77,306138.0,174187470.723
2026-02-09 19:00:00+00:00,1770663600000,569.17,583.83,568.0194,578.92,332388.0,192101816.466
2026-02-09 20:00:00+00:00,1770667200000,578.895,580.83,572.445,577.315,478766.0,276248221.383
2026-02-09 21:00:00+00:00,1770670800000,577.15,580.0,574.396,579.0,151583.0,87485825.284
2026-02-09 22:00:00+00:00,1770674400000,576.048,577.15,575.0,576.0,3369.0,1938933.618
2026-02-09 23:00:00+00:00,1770678000000,576.88,579.0,576.88,578.0,4684.0,2707776.3704
2026-02-10 00:00:00+00:00,1770681600000,578.0,578.8,577.51,578.1,4752.0,2747066.0976
2026-02-10 01:00:00+00:00,1770685200000,577.9,580.85,577.17,580.31,1286.0,744490.77
2026-02-10 02:00:00+00:00,1770688800000,579.95,580.31,578.53,578.57,514.0,297788.22
2026-02-10 03:00:00+00:00,1770692400000,578.63,579.29,577.92,578.0,707.0,408791.48
2026-02-10 04:00:00+00:00,1770696000000,578.02,578.32,577.19,577.9,681.0,393510.28
2026-02-10 05:00:00+00:00,1770699600000,578.19,578.97,577.09,578.96,902.0,521370.96
2026-02-10 06:00:00+00:00,1770703200000,578.96,579.25,573.88,575.75,2361.0,1361261.01
2026-02-10 07:00:00+00:00,1770706800000,575.39,576.37,574.89,574.89,969.0,557582.29
2026-02-10 08:00:00+00:00,1770710400000,574.79,577.2,574.02,575.99,1366.0,787190.97
2026-02-10 09:00:00+00:00,1770714000000,576.0,578.82,576.0,577.58,3289.0,1899613.2584
2026-02-10 10:00:00+00:00,1770717600000,577.99,578.47,577.99,578.47,1008.0,582662.4048
2026-02-10 11:00:00+00:00,1770721200000,578.0,578.0,574.0,574.0,3419.0,1969786.0767
2026-02-10 12:00:00+00:00,1770724800000,573.84,577.0,565.0,565.0,11754.0,6723764.037
2026-02-10 13:00:00+00:00,1770728400000,572.0,578.0,557.0,563.5,50395.0,28499929.7055
2026-02-10 14:00:00+00:00,1770732000000,548.55,568.88,530.2901,559.51,1624591.0,889023308.339
2026-02-10 15:00:00+00:00,1770735600000,560.99,574.69,550.8,554.7,745417.0,419556840.3245
2026-02-10 16:00:00+00:00,1770739200000,554.665,566.35,549.0,554.615,528921.0,295098672.0618
2026-02-10 17:00:00+00:00,1770742800000,555.62,565.5,551.79,564.45,343750.0,192854234.375
2026-02-10 18:00:00+00:00,1770746400000,564.45,565.56,555.75,560.835,218003.0,122180086.5542
2026-02-10 19:00:00+00:00,1770750000000,562.61,565.5,560.35,561.855,217767.0,122508745.656
2026-02-10 20:00:00+00:00,1770753600000,560.2,564.28,556.655,560.73,639019.0,358420517.1442
2026-02-10 21:00:00+00:00,1770757200000,561.13,561.13,553.5,556.0,71741.0,40231456.0375
2026-02-10 22:00:00+00:00,1770760800000,559.0,559.0,556.7,558.81,5959.0,3326264.3403
2026-02-10 23:00:00+00:00,1770764400000,559.7302,560.0,559.7302,560.0,383.0,214440.9723
2026-02-11 00:00:00+00:00,1770768000000,561.03,561.5,560.0,560.01,2807.0,1573033.2562
2026-02-11 01:00:00+00:00,1770771600000,560.97,562.02,556.81,561.02,380.0,213137.32
2026-02-11 02:00:00+00:00,1770775200000,561.99,564.88,561.01,561.31,887.0,498895.68
2026-02-11 03:00:00+00:00,1770778800000,561.23,563.73,561.23,563.73,351.0,197586.39
2026-02-11 04:00:00+00:00,1770782400000,564.42,564.69,562.41,562.41,244.0,137649.32
2026-02-11 05:00:00+00:00,1770786000000,562.43,563.41,560.91,560.98,926.0,520802.17
2026-02-11 06:00:00+00:00,1770789600000,560.95,562.3,559.29,561.14,2435.0,1365011.13
2026-02-11 07:00:00+00:00,1770793200000,562.06,563.01,559.41,560.82,942.0,529377.65
2026-02-11 08:00:00+00:00,1770796800000,560.99,560.99,555.78,558.28,1858.0,1038996.26
2026-02-11 09:00:00+00:00,1770800400000,557.99,560.04,556.43,560.0,3094.0,1729155.5372
2026-02-11 10:00:00+00:00,1770804000000,558.89,560.09,555.96,560.09,2248.0,1253732.08
2026-02-11 11:00:00+00:00,1770807600000,561.0,567.08,560.0,565.0,7289.0,4103693.8798
2026-02-11 12:00:00+00:00,1770811200000,565.0,574.0,563.7,564.0,12000.0,6822048.0
2026-02-11 13:00:00+00:00,1770814800000,567.98,574.79,556.0,570.0,72307.0,40888118.9758
2026-02-11 14:00:00+00:00,1770818400000,563.695,597.0,560.88,578.45,791774.0,461401151.969
2026-02-11 15:00:00+00:00,1770822000000,578.76,580.48,545.88,560.23,944772.0,529503891.8496
2026-02-11 16:00:00+00:00,1770825600000,560.65,561.06,547.5397,551.875,333430.0,184642864.24
2026-02-11 17:00:00+00:00,1770829200000,551.43,565.99,550.11,559.04,294229.0,163791223.1826
2026-02-11 18:00:00+00:00,1770832800000,559.96,560.7381,552.44,558.405,212900.0,118573100.83
2026-02-11 19:00:00+00:00,1770836400000,558.285,570.9999,555.41,564.53,289229.0,162383139.0005
2026-02-11 20:00:00+00:00,1770840000000,565.195,575.3999,564.4,573.96,489805.0,280005991.6815
2026-02-11 21:00:00+00:00,1770843600000,573.81,576.99,570.03,573.81,10805.0,6203301.77
2026-02-11 22:00:00+00:00,1770847200000,572.95,574.11,572.95,574.11,911.0,522432.4454
2026-02-11 23:00:00+00:00,1770850800000,572.6,572.6,570.5,570.5,485.0,277155.093
2026-02-12 00:00:00+00:00,1770854400000,571.05,572.0,571.0,572.0,384.0,219388.3008
2026-02-12 01:00:00+00:00,1770858000000,571.66,578.0,569.56,576.18,1477.0,845623.78
2026-02-12 02:00:00+00:00,1770861600000,576.15,582.0,576.0,576.79,2152.0,1246695.81
2026-02-12 03:00:00+00:00,1770865200000,577.98,580.99,577.07,580.03,576.0,333882.84
2026-02-12 04:00:00+00:00,1770868800000,579.96,580.51,578.91,579.01,917.0,531356.13
2026-02-12 05:00:00+00:00,1770872400000,579.11,581.38,578.61,581.21,1817.0,1053862.5
2026-02-12 06:00:00+00:00,1770876000000,581.06,582.24,577.02,581.0,4611.0,2673042.72
2026-02-12 07:00:00+00:00,1770879600000,581.01,584.01,578.96,581.05,6710.0,3907215.88
2026-02-12 08:00:00+00:00,1770883200000,581.78,583.98,581.01,582.52,1403.0,817554.14
2026-02-12 09:00:00+00:00,1770886800000,585.98,588.0,579.0,580.08,18609.0,10827406.5939
2026-02-12 10:00:00+00:00,1770890400000,580.0,580.05,572.03,577.48,8779.0,5073759.8412
2026-02-12 11:00:00+00:00,1770894000000,579.0,583.0,576.18,582.04,12301.0,7138615.9581
2026-02-12 12:00:00+00:00,1770897600000,581.0,584.0,581.0,583.94,2745.0,1599943.8375
2026-02-12 13:00:00+00:00,1770901200000,581.51,588.97,572.0,583.2,53706.0,31289674.1424
2026-02-12 14:00:00+00:00,1770904800000,590.835,603.83,576.75,578.01,1018481.0,603081302.378
2026-02-12 15:00:00+00:00,1770908400000,576.46,600.0,575.41,597.19,915411.0,539789580.5001
2026-02-12 16:00:00+00:00,1770912000000,595.86,600.8799,568.2,589.18,755093.0,441300285.6481
2026-02-12 17:00:00+00:00,1770915600000,587.79,598.97,584.06,585.875,472943.0,279802112.0113
2026-02-12 18:00:00+00:00,1770919200000,584.08,594.77,582.0,594.15,247272.0,145244432.4456
2026-02-12 19:00:00+00:00,1770922800000,589.455,591.6,583.5401,587.025,226127.0,133073659.1316
2026-02-12 20:00:00+00:00,1770926400000,586.4,588.505,576.0001,582.82,511006.0,297634984.7946
2026-02-12 21:00:00+00:00,1770930000000,583.46,589.29,580.06,588.0,109168.0,63760803.9984
2026-02-12 22:00:00+00:00,1770933600000,587.0,594.0,587.0,593.8354,9374.0,5545472.7948
2026-02-12 23:00:00+00:00,1770937200000,592.78,592.78,587.0,589.0,1684.0,995594.9456
2026-02-13 00:00:00+00:00,1770940800000,589.0,589.0,583.0,586.0,7115.0,4174613.833
2026-02-13 01:00:00+00:00,1770944400000,583.64,590.77,581.21,583.45,1210.0,707688.19
2026-02-13 02:00:00+00:00,1770948000000,583.88,586.47,583.87,584.8,1392.0,814138.68
2026-02-13 03:00:00+00:00,1770951600000,585.01,585.01,577.0,577.0,2328.0,1357359.91
2026-02-13 04:00:00+00:00,1770955200000,577.04,582.38,577.04,579.94,733.0,425021.42
2026-02-13 05:00:00+00:00,1770958800000,579.0,580.92,569.99,569.99,6993.0,4015452.24
2026-02-13 06:00:00+00:00,1770962400000,570.01,574.8,568.89,574.8,3620.0,2069119.26
2026-02-13 07:00:00+00:00,1770966000000,574.71,577.89,574.71,576.82,2103.0,1210703.8
2026-02-13 08:00:00+00:00,1770969600000,576.86,580.43,575.19,579.74,1792.0,1036480.15
2026-02-13 09:00:00+00:00,1770973200000,579.9,579.9,579.9,579.9,308.0,178618.7172
2026-02-13 10:00:00+00:00,1770976800000,581.37,581.37,581.37,581.37,206.0,119726.6026
2026-02-13 11:00:00+00:00,1770980400000,577.6,577.6,576.0,576.0,1269.0,731813.1381
2026-02-13 12:00:00+00:00,1770984000000,575.0,578.0,575.0,578.0,3192.0,1841654.4048
2026-02-13 13:00:00+00:00,1770987600000,579.9,595.96,569.29,588.1369,61377.0,35731866.5031
2026-02-13 14:00:00+00:00,1770991200000,580.5,590.45,539.18,543.0,1295558.0,717374302.8672
2026-02-13 15:00:00+00:00,1770994800000,542.7,569.445,540.0,563.095,786230.0,437856047.134
2026-02-13 16:00:00+00:00,1770998400000,564.03,580.88,563.86,579.18,300190.0,171757881.141
2026-02-13 17:00:00+00:00,1771002000000,578.66,593.4,577.38,585.06,481354.0,282640527.1474
2026-02-13 18:00:00+00:00,1771005600000,585.275,588.0,574.2824,575.34,264496.0,153721319.3568
2026-02-13 19:00:00+00:00,1771009200000,575.24,575.68,558.3001,560.17,414572.0,235019167.0548
2026-02-13 20:00:00+00:00,1771012800000,561.44,562.98,550.55,562.365,833846.0,465507620.8822
2026-02-13 21:00:00+00:00,1771016400000,562.74,574.11,548.21,553.49,268394.0,149746030.6384
2026-02-13 22:00:00+00:00,1771020000000,552.2309,553.49,548.55,549.79,8562.0,4710442.5216
2026-02-13 23:00:00+00:00,1771023600000,549.63,562.74,548.9,562.74,3636.0,2003796.6912
2026-02-14 00:00:00+00:00,1771027200000,548.68,549.0,547.0,547.5,4035.0,2211935.352
2026-02-17 01:00:00+00:00,1771290000000,552.0,560.01,546.1,553.01,1135.0,629795.91
2026-02-17 02:00:00+00:00,1771293600000,553.0,553.0,545.01,549.96,5041.0,2765437.64
2026-02-17 03:00:00+00:00,1771297200000,549.96,549.96,542.02,546.8,2464.0,1344544.87
2026-02-17 04:00:00+00:00,1771300800000,546.79,546.81,544.99,546.79,452.0,246729.27
2026-02-17 05:00:00+00:00,1771304400000,546.06,546.06,537.98,538.0,4044.0,2190151.61
2026-02-17 06:00:00+00:00,1771308000000,538.78,547.65,537.23,547.01,3965.0,2152668.68
2026-02-17 07:00:00+00:00,1771311600000,547.01,548.97,544.02,548.79,1140.0,623162.84
2026-02-17 08:00:00+00:00,1771315200000,548.97,551.34,547.08,548.52,1186.0,652269.41
2026-02-17 09:00:00+00:00,1771318800000,549.0,549.0,547.67,547.67,875.0,479692.85
2026-02-17 10:00:00+00:00,1771322400000,545.0,545.0,539.0,539.0,3354.0,1817590.2888
2026-02-17 11:00:00+00:00,1771326000000,538.0,544.1,537.22,544.1,9016.0,4871929.9384
2026-02-17 12:00:00+00:00,1771329600000,542.5,543.61,537.0,537.0,10869.0,5871680.5263
2026-02-17 13:00:00+00:00,1771333200000,543.5,551.0,533.6812,544.4654,40743.0,22009804.5501
2026-02-17 14:00:00+00:00,1771336800000,538.51,559.19,528.01,548.28,864223.0,471059697.2079
2026-02-17 15:00:00+00:00,1771340400000,547.13,587.25,544.01,587.25,962947.0,547197232.7069
2026-02-17 16:00:00+00:00,1771344000000,588.79,597.98,586.15,595.77,754670.0,446732340.124
2026-02-17 17:00:00+00:00,1771347600000,597.245,603.4,592.35,599.51,621747.0,371722821.9201
2026-02-17 18:00:00+00:00,1771351200000,599.38,613.5,595.37,610.01,575839.0,348904996.1408
2026-02-17 19:00:00+00:00,1771354800000,610.14,616.52,604.48,610.56,535409.0,327038953.7072
2026-02-17 20:00:00+00:00,1771358400000,610.95,612.0,596.61,599.7,842221.0,507446069.3774
2026-02-17 21:00:00+00:00,1771362000000,604.36,605.5,598.94,604.36,83521.0,50167381.4239
2026-02-17 22:00:00+00:00,1771365600000,602.09,602.25,601.25,601.25,1469.0,884160.1041
2026-02-17 23:00:00+00:00,1771369200000,601.0,601.0,599.5,601.0,810.0,486540.027
2026-02-18 00:00:00+00:00,1771372800000,599.51,604.5,599.51,604.5,5114.0,3078764.5438
2026-02-18 01:00:00+00:00,1771376400000,601.99,604.31,601.99,603.77,312.0,188121.93
2026-02-18 02:00:00+00:00,1771380000000,603.03,608.81,603.03,606.39,1410.0,855462.26
2026-02-18 03:00:00+00:00,1771383600000,607.8,611.24,605.76,611.24,1227.0,746466.02
2026-02-18 04:00:00+00:00,1771387200000,610.09,617.77,610.0,615.05,1585.0,973299.59
2026-02-18 05:00:00+00:00,1771390800000,616.24,616.97,611.38,611.99,2141.0,1314801.44
2026-02-18 06:00:00+00:00,1771394400000,611.69,613.99,609.0,612.01,2502.0,1529187.59
2026-02-18 07:00:00+00:00,1771398000000,610.81,611.99,609.01,611.98,1201.0,733038.45
2026-02-18 08:00:00+00:00,1771401600000,612.47,614.98,611.84,613.18,1529.0,937989.34
2026-02-18 09:00:00+00:00,1771405200000,610.82,614.1,610.8,612.28,8026.0,4916124.0448
2026-02-18 10:00:00+00:00,1771408800000,612.58,614.63,611.64,613.32,5280.0,3238767.312
2026-02-18 11:00:00+00:00,1771412400000,611.98,612.99,609.08,611.05,6887.0,4213326.7939
2026-02-18 12:00:00+00:00,1771416000000,611.55,614.99,607.17,609.55,15309.0,9367857.2547
2026-02-18 13:00:00+00:00,1771419600000,614.5,616.08,606.465,606.465,39175.0,23934197.3825
2026-02-18 14:00:00+00:00,1771423200000,606.71,610.3,587.0,604.14,625368.0,375694828.944
2026-02-18 15:00:00+00:00,1771426800000,604.86,608.85,593.88,606.22,528601.0,317332025.3043
2026-02-18 16:00:00+00:00,1771430400000,606.95,608.23,596.635,599.13,295478.0,177602400.0518
2026-02-18 17:00:00+00:00,1771434000000,599.84,602.025,595.0,600.205,200282.0,119880793.92
2026-02-18 18:00:00+00:00,1771437600000,603.0,604.36,592.88,596.41,211145.0,126278730.028
2026-02-18 19:00:00+00:00,1771441200000,596.28,604.3,592.77,593.01,271025.0,162227434.25
2026-02-18 20:00:00+00:00,1771444800000,593.12,600.8899,588.01,594.2,486107.0,288790335.416
2026-02-18 21:00:00+00:00,1771448400000,594.26,599.0848,594.26,596.2,106788.0,63461513.4516
2026-02-18 23:00:00+00:00,1771455600000,596.59,597.75,596.59,597.75,2839.0,1696377.7335
2026-02-19 00:00:00+00:00,1771459200000,597.0282,597.0282,594.1131,594.1131,3046.0,1814048.9552
2026-02-19 01:00:00+00:00,1771462800000,594.62,598.12,594.62,597.99,1115.0,664021.75
2026-02-19 02:00:00+00:00,1771466400000,597.95,598.99,595.32,598.4,909.0,543254.52
2026-02-19 03:00:00+00:00,1771470000000,597.5,601.49,597.5,600.57,1167.0,701058.31
2026-02-19 04:00:00+00:00,1771473600000,599.54,599.54,597.02,598.9,657.0,392989.35
2026-02-19 05:00:00+00:00,1771477200000,598.63,600.01,597.56,599.38,437.0,261764.31
2026-02-19 06:00:00+00:00,1771480800000,598.69,601.89,598.69,601.42,1490.0,894648.13
2026-02-19 07:00:00+00:00,1771484400000,601.16,604.0,599.13,603.13,383.0,230711.59
2026-02-19 08:00:00+00:00,1771488000000,603.15,604.48,600.25,600.5,530.0,319267.4
2026-02-19 09:00:00+00:00,1771491600000,600.7,600.7,593.5,593.5,2870.0,1714727.42
2026-02-19 10:00:00+00:00,1771495200000,594.12,602.0,594.03,597.98,3793.0,2268281.5154
2026-02-19 11:00:00+00:00,1771498800000,599.0,599.0,599.0,599.0,164.0,98236.0
2026-02-19 12:00:00+00:00,1771502400000,597.99,600.0,595.2,598.0,3772.0,2255285.2124
2026-02-19 13:00:00+00:00,1771506000000,595.01,600.65,591.0,593.9,17274.0,10299841.8798
2026-02-19 14:00:00+00:00,1771509600000,592.565,598.0,578.3,592.12,408770.0,240870420.382
2026-02-19 15:00:00+00:00,1771513200000,587.935,608.8499,586.5,607.36,488428.0,291700240.0728
2026-02-19 16:00:00+00:00,1771516800000,607.915,625.6,606.83,617.945,686798.0,423753061.0838
2026-02-19 17:00:00+00:00,1771520400000,617.46,624.8023,612.0,620.74,469511.0,290487582.5264
2026-02-19 18:00:00+00:00,1771524000000,621.09,630.8,620.0,625.48,448963.0,281124467.932
2026-02-19 19:00:00+00:00,1771527600000,625.0,633.37,620.3201,628.065,367811.0,231275290.1924
2026-02-19 20:00:00+00:00,1771531200000,629.95,636.68,626.0,635.87,647728.0,409013739.9248
2026-02-19 21:00:00+00:00,1771534800000,637.49,639.0,635.64,637.49,98375.0,62551537.1625
2026-02-19 22:00:00+00:00,1771538400000,635.88,636.7,635.25,636.7,6655.0,4230608.789
2026-02-19 23:00:00+00:00,1771542000000,636.64,637.8,636.64,637.7,1580.0,1007042.704
2026-02-20 00:00:00+00:00,1771545600000,637.7,639.03,637.0,638.0,5344.0,3410376.7392
2026-02-20 01:00:00+00:00,1771549200000,638.34,643.82,637.0,640.88,2256.0,1443711.7
2026-02-20 02:00:00+00:00,1771552800000,640.62,641.22,637.96,640.31,1695.0,1083641.59
2026-02-20 03:00:00+00:00,1771556400000,640.83,641.55,639.02,639.5,822.0,526703.29
2026-02-20 04:00:00+00:00,1771560000000,640.38,640.47,639.0,639.97,372.0,238034.72
2026-02-20 05:00:00+00:00,1771563600000,639.6,640.97,639.0,640.25,1051.0,672658.49
2026-02-20 06:00:00+00:00,1771567200000,640.7,640.98,638.04,638.9,1336.0,854830.12
2026-02-20 07:00:00+00:00,1771570800000,638.9,640.01,638.0,638.0,1943.0,1242643.14
2026-02-20 08:00:00+00:00,1771574400000,637.9,639.99,637.9,638.99,1053.0,672744.63
2026-02-20 09:00:00+00:00,1771578000000,639.26,643.0,639.26,640.6,4669.0,2997497.0662
2026-02-20 10:00:00+00:00,1771581600000,641.4,641.4,640.0,640.0,1876.0,1202028.0524
2026-02-20 11:00:00+00:00,1771585200000,637.8,640.09,637.0,637.0,3167.0,2019658.2899
2026-02-20 12:00:00+00:00,1771588800000,636.55,637.63,631.13,632.03,11957.0,7584890.6661
2026-02-20 13:00:00+00:00,1771592400000,643.0,643.7995,626.05,628.23,31743.0,20108555.64
2026-02-20 14:00:00+00:00,1771596000000,637.56,662.0,628.2434,658.75,924334.0,600251962.1924
2026-02-20 15:00:00+00:00,1771599600000,658.26,674.0,650.5,671.17,911250.0,603501100.875
2026-02-20 16:00:00+00:00,1771603200000,672.49,678.0,670.84,673.23,587598.0,396031885.4712
2026-02-20 17:00:00+00:00,1771606800000,672.0,676.75,666.8662,672.61,408678.0,274282400.649
2026-02-20 18:00:00+00:00,1771610400000,672.68,674.76,665.58,674.31,247930.0,166280130.441
2026-02-20 19:00:00+00:00,1771614000000,669.28,671.72,659.2,659.98,282201.0,187601411.4594
2026-02-20 20:00:00+00:00,1771617600000,659.36,668.88,656.15,667.37,594656.0,394776419.4816
2026-02-20 21:00:00+00:00,1771621200000,667.77,673.5,667.7699,669.25,10409.0,6960618.0035
2026-02-20 22:00:00+00:00,1771624800000,666.7894,668.47,666.7894,668.0,10440.0,6962722.056
2026-02-20 23:00:00+00:00,1771628400000,669.0,669.0,667.0,668.0,3657.0,2443979.3169
2026-02-21 00:00:00+00:00,1771632000000,668.25,669.69,668.05,669.69,4089.0,2735093.2545
2026-02-23 01:00:00+00:00,1771808400000,670.01,670.01,651.99,658.32,6955.0,4561268.54
2026-02-23 02:00:00+00:00,1771812000000,658.32,658.32,654.36,656.48,2279.0,1496343.01
2026-02-23 03:00:00+00:00,1771815600000,656.43,659.35,656.33,658.02,1828.0,1201691.43
2026-02-23 04:00:00+00:00,1771819200000,658.71,661.68,658.71,659.34,1134.0,748508.62
2026-02-23 05:00:00+00:00,1771822800000,660.79,660.85,655.76,657.78,1802.0,1183944.95
2026-02-23 06:00:00+00:00,1771826400000,656.92,659.78,656.1,658.31,1253.0,823937.61
2026-02-23 07:00:00+00:00,1771830000000,658.46,661.93,658.01,661.25,2712.0,1790247.92
2026-02-23 08:00:00+00:00,1771833600000,661.26,661.91,658.51,661.16,1579.0,1042593.87
2026-02-23 09:00:00+00:00,1771837200000,661.0,668.0,661.0,666.07,6631.0,4413590.2845
2026-02-23 10:00:00+00:00,1771840800000,666.41,666.41,664.13,665.5,814.0,541526.931
2026-02-23 11:00:00+00:00,1771844400000,666.59,666.59,663.0,663.0,2544.0,1691223.216
2026-02-23 12:00:00+00:00,1771848000000,661.2,663.46,658.5,662.24,3316.0,2191764.2508
2026-02-23 13:00:00+00:00,1771851600000,662.0,669.4992,656.0,665.0,21754.859743,14398012.297251768
2026-02-23 14:00:00+00:00,1771855200000,664.05,679.88,652.2,673.57,922287.278339,614114022.6973509
2026-02-23 15:00:00+00:00,1771858800000,672.11,688.07,665.36,668.8,873575.3460809999,592481512.6711322
2026-02-23 16:00:00+00:00,1771862400000,669.9,679.4699,669.0,672.98,384756.6163729999,259529457.2098016
2026-02-23 17:00:00+00:00,1771866000000,673.96,674.5,666.31,670.78,342461.262568,229774452.6122521
2026-02-23 18:00:00+00:00,1771869600000,669.53,673.95,658.01,661.055,486754.04369499977,325211523.26023
2026-02-23 19:00:00+00:00,1771873200000,661.01,673.23,660.0,666.605,294000.1177790001,196208769.6029369
2026-02-23 20:00:00+00:00,1771876800000,666.95,679.685,664.8,675.0,653678.8496669999,439339581.26562464
2026-02-23 21:00:00+00:00,1771880400000,674.73,674.73,667.98,674.25,124766.174389,84162083.44658226
2026-02-23 22:00:00+00:00,1771884000000,673.0,674.6,673.0,673.32,969.0,652886.6184
2026-02-23 23:00:00+00:00,1771887600000,674.5,674.58,674.5,674.58,469.0,316361.5581
2026-02-24 00:00:00+00:00,1771891200000,674.59,674.6,673.0,674.4605,2085.0,1405830.6405
2026-02-24 01:00:00+00:00,1771894800000,676.98,680.01,673.2,675.02,1310.0,887820.11
2026-02-24 02:00:00+00:00,1771898400000,675.99,681.01,675.99,679.01,1888.0,1281649.24
2026-02-24 03:00:00+00:00,1771902000000,679.71,680.78,678.21,679.46,1474.0,1001982.86
2026-02-24 04:00:00+00:00,1771905600000,679.44,683.75,679.44,683.0,598.0,407777.01
2026-02-24 05:00:00+00:00,1771909200000,683.01,686.0,680.58,680.58,1413.0,965664.07
2026-02-24 06:00:00+00:00,1771912800000,681.03,682.45,679.89,681.96,1062.0,723395.08
2026-02-24 07:00:00+00:00,1771916400000,681.9,683.01,680.01,681.0,630.0,429199.91
2026-02-24 08:00:00+00:00,1771920000000,681.0,682.04,678.81,678.99,2751.0,1869800.36
2026-02-24 09:00:00+00:00,1771923600000,680.03,680.03,678.77,678.77,1099.0,746488.4966
2026-02-24 10:00:00+00:00,1771927200000,679.13,679.13,676.04,676.04,1564.0,1059322.6932
2026-02-24 11:00:00+00:00,1771930800000,679.5,679.5,679.5,679.5,187.0,127066.5
2026-02-24 12:00:00+00:00,1771934400000,681.9,687.5,681.9,684.78,11583.0,7930810.602
2026-02-24 13:00:00+00:00,1771938000000,687.0,688.0,679.24,685.0,30249.444894,20711199.004857387
2026-02-24 14:00:00+00:00,1771941600000,677.8,697.0,666.57,677.53,701299.2407150001,477490668.5688111
2026-02-24 15:00:00+00:00,1771945200000,678.2,686.9,662.0,678.27,829955.4358970001,561840573.2101511
2026-02-24 16:00:00+00:00,1771948800000,681.26,683.44,672.4,681.0,329589.10027800006,223807742.21505615
2026-02-24 17:00:00+00:00,1771952400000,681.07,697.31,680.545,694.75,319869.58788799995,221147309.35632163
2026-02-24 18:00:00+00:00,1771956000000,694.03,698.5,676.02,683.88,550645.6844409999,379782421.01255846
2026-02-24 19:00:00+00:00,1771959600000,681.59,693.4,679.65,684.38,262307.71483500005,179966962.37886
2026-02-24 20:00:00+00:00,1771963200000,685.97,691.199,682.0,688.31,340810.159611,234325013.59000593
2026-02-24 21:00:00+00:00,1771966800000,688.27,690.02,687.2,690.02,19572.6066,13471169.4404589
2026-02-24 23:00:00+00:00,1771974000000,689.9999,689.9999,688.98,689.01,1163.0,801655.4348
2026-02-25 00:00:00+00:00,1771977600000,690.0,690.0,688.02,688.8,3093.0,2131989.7443
2026-02-25 01:00:00+00:00,1771981200000,688.25,693.03,688.24,692.34,709.0,489753.36
2026-02-25 02:00:00+00:00,1771984800000,692.78,694.27,688.98,690.02,4485.0,3098979.04
2026-02-25 03:00:00+00:00,1771988400000,690.66,693.49,689.37,693.01,8783.0,6084033.25
2026-02-25 04:00:00+00:00,1771992000000,693.01,693.2,691.1,692.1,1686.0,1166797.46
2026-02-25 05:00:00+00:00,1771995600000,692.1,693.34,692.06,692.25,635.0,439790.71
2026-02-25 06:00:00+00:00,1771999200000,693.04,693.28,692.0,692.02,661.0,457897.18
2026-02-25 07:00:00+00:00,1772002800000,692.06,692.97,691.37,692.0,629.0,435531.86
2026-02-25 08:00:00+00:00,1772006400000,692.0,693.72,691.99,692.74,473.0,327863.27
2026-02-25 09:00:00+00:00,1772010000000,692.46,694.16,691.0,691.0,2196.0,1520475.264
2026-02-25 10:00:00+00:00,1772013600000,692.28,694.89,692.28,693.88,4152.0,2881789.4352
2026-02-25 11:00:00+00:00,1772017200000,693.88,697.98,693.88,697.97,3306.0,2302384.0254
2026-02-25 12:00:00+00:00,1772020800000,696.76,704.0,696.76,702.0,21418.0,14992674.963
2026-02-25 13:00:00+00:00,1772024400000,696.92,705.9322,693.0,702.23,39037.621699,27391032.239741754
2026-02-25 14:00:00+00:00,1772028000000,715.195,765.0,702.0,756.06,1251301.8890439998,931438344.1778829
2026-02-25 15:00:00+00:00,1772031600000,754.98,757.0,740.0201,747.5,958033.667745,717820617.0461234
2026-02-25 16:00:00+00:00,1772035200000,748.13,751.6119,736.28,737.42,372568.6445140001,276835380.2334985
2026-02-25 17:00:00+00:00,1772038800000,737.2,746.35,732.3951,741.19,408948.106076,302159650.71561646
2026-02-25 18:00:00+00:00,1772042400000,741.51,743.5,729.1,730.32,285316.456059,210656814.52102768
2026-02-25 19:00:00+00:00,1772046000000,730.1,733.6443,719.1,721.2,468312.505698,340159209.9949974
2026-02-25 20:00:00+00:00,1772049600000,721.36,724.99,716.94,722.83,504035.7183099999,363466809.74482256
2026-02-25 21:00:00+00:00,1772053200000,723.39,739.99,722.1,732.51,50663.616331,37035073.1397912
2026-02-25 22:00:00+00:00,1772056800000,728.88,729.98,717.52,721.0,11350.0,8204668.705
2026-02-25 23:00:00+00:00,1772060400000,725.01,728.0,717.6,723.259,11696.197034,8446630.915846746
2026-02-26 00:00:00+00:00,1772064000000,718.03,722.0,714.67,717.0,10418.027778,7474161.913053872
2026-02-26 01:00:00+00:00,1772067600000,730.0,730.0,715.03,722.0,1174.0,845819.18
2026-02-26 02:00:00+00:00,1772071200000,720.44,730.74,720.0,730.74,2708.0,1967053.16
2026-02-26 03:00:00+00:00,1772074800000,730.97,734.96,729.58,729.88,3023.0,2210889.95
2026-02-26 04:00:00+00:00,1772078400000,731.81,737.46,730.54,734.3,2496.0,1831013.22
2026-02-26 05:00:00+00:00,1772082000000,733.82,734.31,730.53,732.91,1160.0,849242.04
2026-02-26 06:00:00+00:00,1772085600000,732.98,733.02,727.98,729.22,2403.0,1755619.18
2026-02-26 07:00:00+00:00,1772089200000,730.01,732.56,729.32,730.17,2148.0,1568821.9
2026-02-26 08:00:00+00:00,1772092800000,730.99,732.38,729.67,731.0,1420.0,1038185.05
2026-02-26 09:00:00+00:00,1772096400000,725.4,737.0,725.4,737.0,6287.0,4598133.2492
2026-02-26 10:00:00+00:00,1772100000000,737.4,738.0,735.83,736.0,5285.0,3895286.5245
2026-02-26 11:00:00+00:00,1772103600000,735.0,735.0,732.0,733.88,1953.0,1431572.0454
2026-02-26 12:00:00+00:00,1772107200000,734.0,737.0,734.0,736.89,2310.0,1700939.856
2026-02-26 13:00:00+00:00,1772110800000,725.5,738.0,725.5,733.0,28982.234453,21263268.42930092
2026-02-26 14:00:00+00:00,1772114400000,718.51,733.0,683.44,687.24,1011681.130181,713190682.807877
2026-02-26 15:00:00+00:00,1772118000000,686.495,695.0,662.0,682.33,1467432.3212790007,991338578.9632416
2026-02-26 16:00:00+00:00,1772121600000,680.785,699.8499,678.2477,694.93,775252.8805390002,536575931.25803435
2026-02-26 17:00:00+00:00,1772125200000,697.92,703.095,682.9,686.115,440966.88699700014,305009960.74907655
2026-02-26 18:00:00+00:00,1772128800000,683.69,689.0,675.33,677.48,358741.55647599994,244701669.45186773
2026-02-26 19:00:00+00:00,1772132400000,678.41,683.8,674.57,680.145,339673.965578,230824288.41704693
2026-02-26 20:00:00+00:00,1772136000000,679.02,679.77,669.01,676.995,723532.119896,488015107.19544107
2026-02-26 21:00:00+00:00,1772139600000,677.0,682.5,675.62,680.13,15730.96297,10669915.762284156
2026-02-26 22:00:00+00:00,1772143200000,680.3,680.3,674.89,674.89,5070.095913,3441754.5030246247
2026-02-26 23:00:00+00:00,1772146800000,673.0,678.0,673.0,675.07,3234.0,2186569.1694
2026-02-27 00:00:00+00:00,1772150400000,677.0,677.0,670.88,674.94,9455.0,6371008.7565
2026-02-27 01:00:00+00:00,1772154000000,670.82,674.02,666.99,668.11,1239.0,830281.34
2026-02-27 02:00:00+00:00,1772157600000,669.75,681.02,669.75,680.76,1987.0,1340539.93
2026-02-27 03:00:00+00:00,1772161200000,680.75,684.0,676.98,684.0,2760.0,1877489.83
2026-02-27 04:00:00+00:00,1772164800000,683.99,690.01,681.5,687.0,2768.0,1901168.85
2026-02-27 05:00:00+00:00,1772168400000,687.11,692.8,687.02,691.02,4502.0,3104505.76
2026-02-27 06:00:00+00:00,1772172000000,691.02,691.8,686.58,688.48,2181.0,1501367.15
2026-02-27 07:00:00+00:00,1772175600000,688.0,694.01,687.99,692.31,4437.0,3068039.74
2026-02-27 08:00:00+00:00,1772179200000,692.49,693.49,688.99,691.79,4320.0,2983690.29
2026-02-27 09:00:00+00:00,1772182800000,690.01,695.5,688.95,692.24,3243.0,2245824.1992
2026-02-27 10:00:00+00:00,1772186400000,691.4,693.0,687.0,687.26,9169.0,6317920.5387
2026-02-27 11:00:00+00:00,1772190000000,685.56,686.5,677.9,680.05,5150.0,3510733.885
2026-02-27 12:00:00+00:00,1772193600000,680.11,682.0,670.15,672.0,8553.0,5785482.6969
2026-02-27 13:00:00+00:00,1772197200000,695.0,695.0,660.6,670.5,68518.533869,46208625.167118125
2026-02-27 14:00:00+00:00,1772200800000,677.86,702.0,666.0,690.335,853479.857203,588834444.6932224
2026-02-27 15:00:00+00:00,1772204400000,693.67,720.0999,689.0,702.82,892910.2784130004,633134998.2040278
2026-02-27 16:00:00+00:00,1772208000000,702.22,707.236,695.27,697.99,422288.530219,296143091.67592263
2026-02-27 17:00:00+00:00,1772211600000,697.49,703.53,687.61,688.02,259490.771502,180767966.29019797
2026-02-27 18:00:00+00:00,1772215200000,687.77,688.7,672.01,684.61,458319.504786,311860711.28265446
2026-02-27 19:00:00+00:00,1772218800000,685.49,691.51,677.99,678.395,343783.4907990001,235434416.86774796
2026-02-27 20:00:00+00:00,1772222400000,677.99,707.0,677.99,701.35,1110947.1330020002,771393029.6721634
2026-02-27 21:00:00+00:00,1772226000000,700.91,707.92,699.5,700.89,1062266.603979,744583878.6731155
2026-02-27 22:00:00+00:00,1772229600000,700.7585,702.0,699.05,700.84,9358.14463,6556942.187653747
2026-02-27 23:00:00+00:00,1772233200000,701.0,702.5,700.0,701.3096,7228.152072,5064670.022427842
2026-02-28 00:00:00+00:00,1772236800000,700.82,701.0,700.0929,700.2,4634.058539,3246987.039642127
2026-03-02 01:00:00+00:00,1772413200000,680.01,696.8,680.01,692.35,9462.0,6522900.19
2026-03-02 02:00:00+00:00,1772416800000,692.5,696.0,688.02,692.84,5152.0,3568648.6
2026-03-02 03:00:00+00:00,1772420400000,693.04,695.77,690.75,691.47,3539.0,2455706.98
2026-03-02 04:00:00+00:00,1772424000000,691.49,691.5,683.01,683.01,8629.0,5928015.37
2026-03-02 05:00:00+00:00,1772427600000,682.85,685.46,680.13,680.19,4147.0,2832658.88
2026-03-02 06:00:00+00:00,1772431200000,680.2,681.9,673.49,675.0,10242.0,6931236.34
2026-03-02 07:00:00+00:00,1772434800000,676.01,679.92,672.0,675.61,7370.0,4973354.36
2026-03-02 08:00:00+00:00,1772438400000,674.21,681.11,672.15,678.53,5446.0,3680207.48
2026-03-02 09:00:00+00:00,1772442000000,672.46,684.0,672.46,684.0,15364.0,10445252.2736
2026-03-02 10:00:00+00:00,1772445600000,684.37,685.5,682.17,682.17,4687.0,3210183.9501
2026-03-02 11:00:00+00:00,1772449200000,683.97,687.7,683.0,687.0,6759.0,4638737.5227
2026-03-02 12:00:00+00:00,1772452800000,686.0,686.9,684.32,685.0,6437.0,4413360.4006
2026-03-02 13:00:00+00:00,1772456400000,684.01,759.5,673.0,748.74,487784.7778530001,361548760.1609218
2026-03-02 14:00:00+00:00,1772460000000,750.45,780.0,700.91,732.22,1555209.4296669995,1159273482.1173103
2026-03-02 15:00:00+00:00,1772463600000,733.64,754.0,714.0,740.485,1200300.8531300006,881225717.5530498
2026-03-02 16:00:00+00:00,1772467200000,742.345,763.585,739.39,752.045,709882.4930119999,533775199.08682954
2026-03-02 17:00:00+00:00,1772470800000,755.26,775.64,754.255,766.155,615720.5283349998,472091339.1182416
2026-03-02 18:00:00+00:00,1772474400000,767.76,769.7099,758.64,760.5,314876.90150399995,240601817.22813728
2026-03-02 19:00:00+00:00,1772478000000,760.21,774.86,753.38,772.2,522883.3469039999,399581911.1405595
2026-03-02 20:00:00+00:00,1772481600000,772.67,783.8,767.0,783.43,1091962.3354550002,847119373.9085072
2026-03-02 21:00:00+00:00,1772485200000,783.25,784.9,782.0,784.0,24202.093246,18966246.276090905
2026-03-02 22:00:00+00:00,1772488800000,784.74,788.0,784.74,787.75,9216.386,7252522.5272146
2026-03-02 23:00:00+00:00,1772492400000,787.0,787.5,784.0,784.0,5002.0,3928374.2214
2026-03-03 00:00:00+00:00,1772496000000,784.0,786.88,782.1,783.85,4922.0,3856948.6002
2026-03-03 01:00:00+00:00,1772499600000,782.31,784.63,777.99,778.99,3602.0,2812376.57
2026-03-03 02:00:00+00:00,1772503200000,777.7,778.0,770.0,774.12,6051.0,4680791.24
2026-03-03 03:00:00+00:00,1772506800000,774.54,775.98,768.99,773.05,5449.0,4200094.41
2026-03-03 04:00:00+00:00,1772510400000,774.99,775.74,769.99,772.99,2956.0,2283945.9
2026-03-03 05:00:00+00:00,1772514000000,770.04,775.01,758.01,759.04,10207.0,7818820.31
2026-03-03 06:00:00+00:00,1772517600000,760.02,761.01,743.99,753.99,23680.0,17823741.31
2026-03-03 07:00:00+00:00,1772521200000,753.99,754.51,744.97,749.61,12013.0,8991074.34
2026-03-03 08:00:00+00:00,1772524800000,749.05,751.19,743.44,743.6,8565.0,6396793.54
2026-03-03 09:00:00+00:00,1772528400000,752.25,753.75,721.2,724.0,64426.0,47355680.5974
2026-03-03 10:00:00+00:00,1772532000000,726.0,732.0,710.0,719.98,60405.0,43490168.4015
2026-03-03 11:00:00+00:00,1772535600000,725.07,728.3,719.89,727.0,26013.0,18834959.7735
2026-03-03 12:00:00+00:00,1772539200000,728.99,744.99,727.0,740.0,68667.0,50602525.1088
2026-03-03 13:00:00+00:00,1772542800000,736.42,773.0,718.0,736.42,173134.782277,128071849.80420218
2026-03-03 14:00:00+00:00,1772546400000,729.72,736.0,693.0,709.68,1483679.8461609995,1056167884.2486308
2026-03-03 15:00:00+00:00,1772550000000,706.71,715.0,681.1,712.15,1427071.9432750002,992222001.4943472
2026-03-03 16:00:00+00:00,1772553600000,710.73,728.1199,710.0001,717.43,1002380.9054600004,721255662.6669521
2026-03-03 17:00:00+00:00,1772557200000,718.515,723.376,701.0,704.335,650865.994553,462922450.6586714
2026-03-03 18:00:00+00:00,1772560800000,707.52,716.9999,701.5001,710.82,450336.86862100015,319488654.32089627
2026-03-03 19:00:00+00:00,1772564400000,711.5,716.79,690.09,697.14,558239.2393560003,391846153.2314078
2026-03-03 20:00:00+00:00,1772568000000,700.58,707.03,690.2,693.61,764276.1396450001,532415547.18770546
2026-03-03 21:00:00+00:00,1772571600000,693.21,694.43,685.44,691.8,26398.02662,18235899.338439748
2026-03-03 22:00:00+00:00,1772575200000,686.0,690.0,685.6,688.73,8786.2,6043716.82714
2026-03-03 23:00:00+00:00,1772578800000,688.69,688.69,685.28,685.4,9936.524647,6818892.343685444
2026-03-04 00:00:00+00:00,1772582400000,685.8,695.59,685.28,690.11,11422.01301,7879425.418091256
2026-03-04 01:00:00+00:00,1772586000000,685.99,699.97,685.99,699.05,9028.0,6279637.99
2026-03-04 02:00:00+00:00,1772589600000,699.12,699.54,683.05,686.33,15276.0,10514653.75
2026-03-04 03:00:00+00:00,1772593200000,685.25,685.25,661.56,671.42,21224.0,14263992.33999999
2026-03-04 04:00:00+00:00,1772596800000,672.99,678.51,671.59,673.59,4873.0,3293873.54
2026-03-04 05:00:00+00:00,1772600400000,673.59,678.21,671.81,676.99,3420.0,2307701.26
2026-03-04 06:00:00+00:00,1772604000000,676.41,677.99,670.72,677.0,2143.0,1446411.72
2026-03-04 07:00:00+00:00,1772607600000,675.99,693.0,675.99,691.01,7467.0,5125601.03
2026-03-04 08:00:00+00:00,1772611200000,692.57,693.0,688.92,691.07,3187.0,2200720.34
2026-03-04 09:00:00+00:00,1772614800000,692.0,714.91,688.04,709.5,59045.0,41358731.554
2026-03-04 10:00:00+00:00,1772618400000,713.5,725.0,709.8,723.21,43573.0,31378028.4115
2026-03-04 11:00:00+00:00,1772622000000,723.62,733.9,719.52,719.52,31388.0,22843411.1164
2026-03-04 12:00:00+00:00,1772625600000,720.0,726.0,717.55,723.0,45319.0,32690285.0987
2026-03-04 13:00:00+00:00,1772629200000,721.5,733.5,672.5,720.06,90461.987007,64388969.78845156
2026-03-04 14:00:00+00:00,1772632800000,725.83,736.0,660.5,661.51,1568975.7760970006,1086518078.410837
2026-03-04 15:00:00+00:00,1772636400000,666.03,688.9744,661.25,674.89,1259466.0410339998,851256094.3433266
2026-03-04 16:00:00+00:00,1772640000000,669.8,677.36,648.0,650.995,1102251.7304910002,723360965.0226974
2026-03-04 17:00:00+00:00,1772643600000,649.015,658.85,646.02,651.51,564655.401896,368673111.03973055
2026-03-04 18:00:00+00:00,1772647200000,654.49,664.9999,643.18,664.03,564580.4881099998,369307566.77812505
2026-03-04 19:00:00+00:00,1772650800000,663.36,670.91,661.131,665.96,507082.9495730002,337665369.8298768
2026-03-04 20:00:00+00:00,1772654400000,665.6,680.8,664.28,680.19,1687171.7919089997,1139685220.303246
2026-03-04 21:00:00+00:00,1772658000000,680.8,687.62,675.7801,675.7801,49552.80654899999,33819953.99395411
2026-03-04 22:00:00+00:00,1772661600000,678.25,684.62,656.0,659.98,59248.764469,39520839.635915354
2026-03-04 23:00:00+00:00,1772665200000,660.0,670.5,660.0,667.81,12021.302328999998,8024964.625351896
2026-03-05 00:00:00+00:00,1772668800000,670.0,670.0,666.217,666.217,5139.004201,3437783.625197179
2026-03-05 01:00:00+00:00,1772672400000,676.75,676.75,665.53,665.96,4582.0,3063151.64
2026-03-05 02:00:00+00:00,1772676000000,665.91,667.54,661.01,664.99,4840.0,3215005.64
2026-03-05 03:00:00+00:00,1772679600000,665.03,666.91,661.48,661.48,2594.0,1721427.13
2026-03-05 04:00:00+00:00,1772683200000,661.47,665.0,659.51,664.99,3357.0,2222463.32
2026-03-05 05:00:00+00:00,1772686800000,664.99,666.0,663.69,664.49,1024.0,680734.72
2026-03-05 06:00:00+00:00,1772690400000,663.24,663.99,660.1,662.63,2982.0,1972493.76
2026-03-05 07:00:00+00:00,1772694000000,662.64,667.01,661.18,663.02,3425.0,2275862.05
2026-03-05 08:00:00+00:00,1772697600000,663.98,663.98,655.97,657.89,5934.0,3909011.26
2026-03-05 09:00:00+00:00,1772701200000,655.99,663.0,654.74,657.0,11606.0,7634419.8364
2026-03-05 10:00:00+00:00,1772704800000,657.0,657.0,654.5,655.1,4312.0,2825278.8872
2026-03-05 11:00:00+00:00,1772708400000,655.01,659.0,655.01,659.0,2413.0,1584381.8325
2026-03-05 12:00:00+00:00,1772712000000,658.0,658.0,641.38,652.04,57731.0,37483924.2929
2026-03-05 13:00:00+00:00,1772715600000,644.0,666.98,637.02,641.0,99252.061132,64511030.90246997
2026-03-05 14:00:00+00:00,1772719200000,641.46,669.09,633.33,662.65,1415288.084397,921858083.8461936
2026-03-05 15:00:00+00:00,1772722800000,663.93,681.75,659.09,680.52,1037464.8197759998,695582605.433332
2026-03-05 16:00:00+00:00,1772726400000,674.715,675.565,643.5101,644.49,665635.1631400002,438562380.49191
2026-03-05 17:00:00+00:00,1772730000000,646.38,650.1399,615.05,615.39,1071252.900633,675671449.1415422
2026-03-05 18:00:00+00:00,1772733600000,616.12,633.22,614.13,631.42,682268.1520080002,426840396.5787994
2026-03-05 19:00:00+00:00,1772737200000,630.0,644.82,628.5,639.11,476886.2243220001,303969663.8139645
2026-03-05 20:00:00+00:00,1772740800000,636.365,651.51,635.51,651.095,788853.708733,509344617.2082264
2026-03-05 21:00:00+00:00,1772744400000,650.82,650.83,644.0,644.0,18726.713899,12166444.520086529
2026-03-05 22:00:00+00:00,1772748000000,643.45,645.24,642.0,645.0,4459.0,2869007.5505
2026-03-05 23:00:00+00:00,1772751600000,645.5,648.0,645.5,647.0,2176.0,1408032.3712
2026-03-06 00:00:00+00:00,1772755200000,647.88,650.0,647.88,649.891,4975.0,3228476.9975
2026-03-06 01:00:00+00:00,1772758800000,650.99,650.99,632.99,638.26,7215.0,4600414.98
2026-03-06 02:00:00+00:00,1772762400000,640.67,647.0,638.63,645.02,2788.0,1793462.51
2026-03-06 03:00:00+00:00,1772766000000,645.65,647.88,642.0,646.36,3021.0,1946996.57
2026-03-06 04:00:00+00:00,1772769600000,646.34,650.77,645.88,649.51,1121.0,726742.8
2026-03-06 05:00:00+00:00,1772773200000,649.44,658.31,649.44,657.91,4220.0,2761312.23
2026-03-06 06:00:00+00:00,1772776800000,657.8,661.97,655.4,656.5,2794.0,1841530.01
2026-03-06 07:00:00+00:00,1772780400000,657.01,664.15,656.5,664.15,1645.0,1086121.52
2026-03-06 08:00:00+00:00,1772784000000,664.15,664.15,658.0,660.99,4502.0,2972794.16
2026-03-06 09:00:00+00:00,1772787600000,658.5,659.0,640.39,640.97,8755.0,5669050.7325
2026-03-06 10:00:00+00:00,1772791200000,644.99,646.12,643.83,644.0,5133.0,3309841.5546
2026-03-06 11:00:00+00:00,1772794800000,643.92,645.0,635.0,635.01,9240.0,5920004.244
2026-03-06 12:00:00+00:00,1772798400000,637.7,637.7,627.3,630.0,24591.0,15533195.3238
2026-03-06 13:00:00+00:00,1772802000000,633.0,662.58,616.35,619.0,89309.21842899999,56464092.20027246
2026-03-06 14:00:00+00:00,1772805600000,612.74,650.82,608.87,624.48,1218489.6346049998,763938168.8637776
2026-03-06 15:00:00+00:00,1772809200000,630.295,642.0,613.6867,614.12,956085.5643099998,601319689.9486798
2026-03-06 16:00:00+00:00,1772812800000,612.8,619.8,608.3301,615.34,800753.9626709999,491915090.502839
2026-03-06 17:00:00+00:00,1772816400000,614.73,620.76,601.5,602.71,577032.8329009998,351277046.3012774
2026-03-06 18:00:00+00:00,1772820000000,601.93,606.5,583.6693,584.48,931718.283115,555696070.6182464
2026-03-06 19:00:00+00:00,1772823600000,584.51,592.88,574.365,574.73,1103397.7080259994,643035909.487976
2026-03-06 20:00:00+00:00,1772827200000,574.14,575.475,548.2397,558.235,2311295.905996,1292335450.4531069
2026-03-06 21:00:00+00:00,1772830800000,558.44,567.5808,555.1,562.0,61200.284575,34365820.27751358
2026-03-06 22:00:00+00:00,1772834400000,561.0,584.1,545.0,567.5,199027.57804,113382388.90746768
2026-03-06 23:00:00+00:00,1772838000000,569.0,573.0,566.06,572.0,29016.5,16534089.1772
2026-03-07 00:00:00+00:00,1772841600000,571.0,573.1195,567.3237,568.0,22225.111934,12675108.019098224
2026-03-09 00:00:00+00:00,1773014400000,549.99,569.99,527.5,534.0,48767.0,26245236.81000002
2026-03-09 01:00:00+00:00,1773018000000,535.0,535.0,520.77,524.37,28781.0,15195324.00000001
2026-03-09 02:00:00+00:00,1773021600000,524.0,538.51,522.94,534.0,26803.0,14235041.74
2026-03-09 03:00:00+00:00,1773025200000,534.86,538.69,524.99,525.0,18056.0,9578402.47000001
2026-03-09 04:00:00+00:00,1773028800000,525.99,528.14,523.53,525.99,9177.0,4824787.72
2026-03-09 05:00:00+00:00,1773032400000,525.79,550.01,524.1,549.74,33574.0,18183989.25000001
2026-03-09 06:00:00+00:00,1773036000000,549.7,561.48,545.02,554.03,39125.0,21724487.97000001
2026-03-09 07:00:00+00:00,1773039600000,554.01,557.55,550.07,556.69,17406.0,9642217.68000001
2026-03-09 08:00:00+00:00,1773043200000,555.0,581.05,551.5,578.0,65090.0,37125051.341
2026-03-09 09:00:00+00:00,1773046800000,581.53,590.99,580.0,584.0,93604.0,54842742.7268
2026-03-09 10:00:00+00:00,1773050400000,585.28,587.3,571.06,573.0,55001.0,31843692.4657
2026-03-09 11:00:00+00:00,1773054000000,571.21,577.0,564.2,576.61,50367.0,28791177.4026
2026-03-09 12:00:00+00:00,1773057600000,576.71,591.8,524.01,576.71,209363.672454,117166820.10644938
2026-03-09 13:00:00+00:00,1773061200000,578.27,624.0,569.9999,609.665,2274316.715236001,1370064536.906845
2026-03-09 14:00:00+00:00,1773064800000,609.94,628.7,603.23,615.36,1647127.246559,1016759789.9846954
2026-03-09 15:00:00+00:00,1773068400000,616.37,624.06,609.89,622.145,785073.5750710001,483969046.8310665
2026-03-09 16:00:00+00:00,1773072000000,623.4,624.0,610.0,618.72,468873.8125520001,289812544.5967352
2026-03-09 17:00:00+00:00,1773075600000,619.47,623.0,614.0,619.81,293479.118883,181599684.18439615
2026-03-09 18:00:00+00:00,1773079200000,619.53,623.88,614.57,615.66,344062.904062,213177005.7579336
2026-03-09 19:00:00+00:00,1773082800000,615.19,641.02,613.9301,640.73,1085945.763609,686898052.0169606
2026-03-09 20:00:00+00:00,1773086400000,639.34,646.9868,638.34,640.05,41078.267861,26365322.170800637
2026-03-09 21:00:00+00:00,1773090000000,646.739,646.9,643.0,644.99,8836.0,5700232.6056
2026-03-09 22:00:00+00:00,1773093600000,643.01,643.01,639.75,639.75,5914.90483,3791919.4990401207
2026-03-09 23:00:00+00:00,1773097200000,639.0,645.4299,638.1993,643.0,11035.38,7092413.344626001
2026-03-10 00:00:00+00:00,1773100800000,640.49,660.92,640.49,659.31,12532.0,8183938.61000001
2026-03-10 01:00:00+00:00,1773104400000,659.0,669.02,653.01,667.37,17212.0,11348539.53000001
2026-03-10 02:00:00+00:00,1773108000000,666.99,667.8,651.51,654.39,7828.0,5166946.16
2026-03-10 03:00:00+00:00,1773111600000,654.37,656.97,646.13,648.6,7170.0,4671662.89
2026-03-10 04:00:00+00:00,1773115200000,649.03,650.99,646.91,649.71,2050.0,1330240.74
2026-03-10 05:00:00+00:00,1773118800000,649.7,654.76,649.7,653.99,3873.0,2528928.58
2026-03-10 06:00:00+00:00,1773122400000,653.99,655.84,650.01,652.91,5509.0,3600318.27
2026-03-10 07:00:00+00:00,1773126000000,652.91,663.13,651.99,661.49,7110.0,4671244.77
2026-03-10 08:00:00+00:00,1773129600000,660.0,675.92,659.86,668.0,56245.0,37631645.2925
2026-03-10 09:00:00+00:00,1773133200000,668.0,671.0,666.0,666.0,10832.0,7240092.552
2026-03-10 10:00:00+00:00,1773136800000,665.66,667.0,661.5,665.08,7066.0,4698120.5126
2026-03-10 11:00:00+00:00,1773140400000,664.96,668.09,659.25,662.22,21305.0,14123606.4725
2026-03-10 12:00:00+00:00,1773144000000,663.5,675.0,649.01,662.0,102447.053295,67552091.21574488
2026-03-10 13:00:00+00:00,1773147600000,677.075,715.73,660.01,704.62,2271271.44199,1580223705.2630343
2026-03-10 14:00:00+00:00,1773151200000,705.96,706.61,683.0,688.93,1557670.9033159998,1079627466.4706616
2026-03-10 15:00:00+00:00,1773154800000,687.82,696.0,683.0,687.045,614278.2316339999,423044633.9476234
2026-03-10 16:00:00+00:00,1773158400000,687.0,687.835,677.53,687.67,499156.12587100005,340512379.2377879
2026-03-10 17:00:00+00:00,1773162000000,687.83,699.54,686.85,696.41,478489.7740769999,332139418.11656016
2026-03-10 18:00:00+00:00,1773165600000,695.56,700.45,684.88,685.5,420395.902905,291136564.4408482
2026-03-10 19:00:00+00:00,1773169200000,685.33,689.7526,669.0,672.87,755623.191692,511535592.2014783
2026-03-10 20:00:00+00:00,1773172800000,681.51,685.0,672.0,681.51,37662.65529,25502973.260912236
2026-03-10 21:00:00+00:00,1773176400000,683.1,686.14,680.4,686.14,3419.0,2335884.3911
2026-03-10 22:00:00+00:00,1773180000000,684.33,687.99,681.13,683.6,2549.0,1741761.2684
2026-03-10 23:00:00+00:00,1773183600000,683.53,687.0,681.17,686.49,11425.0,7811940.8625
2026-03-11 00:00:00+00:00,1773187200000,686.01,694.94,686.01,690.08,4673.0,3231605.58
2026-03-11 01:00:00+00:00,1773190800000,690.08,691.84,685.0,690.04,5743.0,3957109.55
2026-03-11 02:00:00+00:00,1773194400000,690.51,691.16,686.5,690.0,3580.0,2464986.69
2026-03-11 03:00:00+00:00,1773198000000,690.72,694.9,690.16,694.02,2884.0,1998870.22
2026-03-11 04:00:00+00:00,1773201600000,694.03,694.94,690.42,690.99,1687.0,1167141.39
2026-03-11 05:00:00+00:00,1773205200000,691.01,691.99,672.01,678.25,8847.0,6035172.78
2026-03-11 06:00:00+00:00,1773208800000,678.27,683.78,675.01,682.28,4608.0,3132003.64
2026-03-11 07:00:00+00:00,1773212400000,681.62,682.15,675.31,678.03,3422.0,2319647.53
2026-03-11 08:00:00+00:00,1773216000000,677.0,687.0,671.98,675.0,14539.0,9858243.0989
2026-03-11 09:00:00+00:00,1773219600000,671.22,671.98,657.0,658.0,28274.0,18728423.3422
2026-03-11 10:00:00+00:00,1773223200000,658.0,674.0,658.0,673.3,26194.0,17466785.2366
2026-03-11 11:00:00+00:00,1773226800000,672.5,677.0,660.0,660.0,26525.0,17735686.61
2026-03-11 12:00:00+00:00,1773230400000,672.11,691.54,650.0,654.0,124700.95215,82846125.04885057
2026-03-11 13:00:00+00:00,1773234000000,652.605,670.01,637.0101,658.99,1032403.1164500002,675441789.433416
2026-03-11 14:00:00+00:00,1773237600000,659.02,675.58,656.0,670.75,805310.3517870004,536457168.7187696
2026-03-11 15:00:00+00:00,1773241200000,673.98,675.1,661.57,663.795,431727.22682099976,288907672.43451285
2026-03-11 16:00:00+00:00,1773244800000,662.63,670.0,652.455,667.72,390101.8961619999,257790372.86751089
2026-03-11 17:00:00+00:00,1773248400000,668.495,669.26,657.0001,667.115,199061.952347,132216431.18780129
2026-03-11 18:00:00+00:00,1773252000000,666.53,673.9,663.95,668.75,241108.277966,161687404.09062195
2026-03-11 19:00:00+00:00,1773255600000,669.71,672.25,665.44,672.01,468341.78851300006,313428702.96580696
2026-03-11 20:00:00+00:00,1773259200000,672.0,674.97,670.0,670.01,14851.967798,9985214.096883388
2026-03-11 21:00:00+00:00,1773262800000,669.53,671.0,667.3083,669.0,3356.6403949999994,2245863.976462955
2026-03-11 22:00:00+00:00,1773266400000,669.0,669.0,661.6,662.482,10619.0,7065265.6361
2026-03-11 23:00:00+00:00,1773270000000,664.872,664.872,657.0,657.9,7578.929689,5010923.805720654
2026-03-12 00:00:00+00:00,1773273600000,663.79,663.79,654.54,661.0,2384.0,1567590.63
2026-03-12 01:00:00+00:00,1773277200000,661.51,663.98,657.42,658.96,3614.0,2389810.26
2026-03-12 02:00:00+00:00,1773280800000,659.71,661.0,652.5,654.01,3565.0,2338832.29
2026-03-12 03:00:00+00:00,1773284400000,654.0,655.18,649.01,650.52,3589.0,2338314.13
2026-03-12 04:00:00+00:00,1773288000000,651.49,653.94,650.91,651.56,2060.0,1343747.83
2026-03-12 05:00:00+00:00,1773291600000,651.52,655.91,651.01,652.21,2659.0,1736742.89
2026-03-12 06:00:00+00:00,1773295200000,652.07,662.01,652.07,661.96,3629.0,2389334.69
2026-03-12 07:00:00+00:00,1773298800000,661.97,668.93,660.75,667.0,8555.0,5687508.8
2026-03-12 08:00:00+00:00,1773302400000,650.0,668.0,650.0,667.0,4321.0,2872628.4544
2026-03-12 09:00:00+00:00,1773306000000,666.81,672.89,663.47,671.85,8710.0,5813749.058
2026-03-12 10:00:00+00:00,1773309600000,673.2,673.2,668.4,669.56,1847.0,1238122.4128
2026-03-12 11:00:00+00:00,1773313200000,668.4,673.0,668.0,670.0,4582.0,3066588.267
2026-03-12 12:00:00+00:00,1773316800000,650.0,672.0,643.0,652.0,139082.39376400004,91287285.47657648
2026-03-12 13:00:00+00:00,1773320400000,641.01,664.995,634.16,642.455,926869.626922,598957334.0222884
2026-03-12 14:00:00+00:00,1773324000000,642.67,656.005,627.3599,628.9,903944.688263,578330161.9858745
2026-03-12 15:00:00+00:00,1773327600000,627.75,640.64,621.36,640.02,780839.9531309997,491539062.8319456
2026-03-12 16:00:00+00:00,1773331200000,638.0,641.78,628.12,634.0,423492.7539470001,268579146.90246284
2026-03-12 17:00:00+00:00,1773334800000,631.63,640.0,626.26,630.64,345479.982195,218566908.8437184
2026-03-12 18:00:00+00:00,1773338400000,633.6,635.88,624.5014,625.66,303879.872669,191608141.42082584
2026-03-12 19:00:00+00:00,1773342000000,625.39,626.2309,616.04,616.28,679497.0969530001,421458821.83190495
2026-03-12 20:00:00+00:00,1773345600000,616.09,617.995,609.93,616.0,73361.21043600001,45130818.94776528
2026-03-12 21:00:00+00:00,1773349200000,616.5,616.6,613.0,615.01,4902.0,3017680.0236
2026-03-12 22:00:00+00:00,1773352800000,615.2131,619.87,614.75,616.99,8418.503239,5188901.897368219
2026-03-12 23:00:00+00:00,1773356400000,616.69,618.8,615.0,615.9065,6792.178291,4187609.529681223
2026-03-13 00:00:00+00:00,1773360000000,616.11,628.02,615.0,624.5,3029.0,1889213.01
2026-03-13 01:00:00+00:00,1773363600000,624.51,629.98,624.04,624.99,7113.0,4459173.44
2026-03-13 02:00:00+00:00,1773367200000,625.07,630.0,625.07,625.31,2541.0,1595530.88
2026-03-13 03:00:00+00:00,1773370800000,625.45,626.78,622.9,625.09,3470.0,2167014.33
2026-03-13 04:00:00+00:00,1773374400000,625.1,625.48,618.99,619.81,2490.0,1548326.17
2026-03-13 05:00:00+00:00,1773378000000,619.83,621.24,616.99,619.69,1650.0,1021175.54
2026-03-13 06:00:00+00:00,1773381600000,620.89,621.24,613.39,614.43,4358.0,2687485.89
2026-03-13 07:00:00+00:00,1773385200000,613.95,614.02,608.59,610.99,5018.0,3066085.44
2026-03-13 08:00:00+00:00,1773388800000,608.79,614.0,605.0,614.0,2754.0,1679659.3674
2026-03-13 09:00:00+00:00,1773392400000,618.0,621.0,615.08,621.0,5473.0,3383630.8038
2026-03-13 10:00:00+00:00,1773396000000,623.0,626.8,622.5,622.97,8776.0,5473599.976
2026-03-13 11:00:00+00:00,1773399600000,624.01,627.24,621.0,627.24,28857.0,18037699.8183
2026-03-13 12:00:00+00:00,1773403200000,629.87,633.0,604.5,629.87,78661.304654,49135894.07794762
2026-03-13 13:00:00+00:00,1773406800000,636.84,639.56,620.8,625.34,757585.0361239997,479150413.865375
2026-03-13 14:00:00+00:00,1773410400000,623.84,630.7146,611.25,615.11,675380.4092210002,420226891.0464573
2026-03-13 15:00:00+00:00,1773414000000,616.07,624.0,611.08,618.99,414357.382309,255893155.47025457
2026-03-13 16:00:00+00:00,1773417600000,619.5,626.89,615.625,622.21,285865.6051540001,177585459.82032844
2026-03-13 17:00:00+00:00,1773421200000,618.36,627.47,617.35,621.78,229866.971803,143121612.9197583
2026-03-13 18:00:00+00:00,1773424800000,621.72,635.2294,621.39,632.2,303021.5457990001,190930270.05155492
2026-03-13 19:00:00+00:00,1773428400000,631.5,632.295,620.55,622.14,498568.786087,311797589.85765433
2026-03-13 20:00:00+00:00,1773432000000,622.5,622.52,615.0,619.5,231667.437519,144163611.52464217
2026-03-13 21:00:00+00:00,1773435600000,619.72,619.75,617.06,618.5,7549.0,4672087.4235
2026-03-13 22:00:00+00:00,1773439200000,618.25,621.88,618.0659,621.88,1666.0,1031718.1476
2026-03-13 23:00:00+00:00,1773442800000,621.5,621.5,619.0,619.99,2416.0,1498023.6464
2026-03-16 00:00:00+00:00,1773619200000,622.93,637.32,622.92,634.47,8605.0,5450990.71
2026-03-16 01:00:00+00:00,1773622800000,633.89,634.51,627.99,632.76,7444.0,4705353.97
2026-03-16 02:00:00+00:00,1773626400000,632.81,633.15,628.65,629.51,2821.0,1779463.35
2026-03-16 03:00:00+00:00,1773630000000,629.51,632.99,628.97,632.51,1945.0,1227672.86
2026-03-16 04:00:00+00:00,1773633600000,632.75,634.99,632.48,633.01,2753.0,1744908.27
2026-03-16 05:00:00+00:00,1773637200000,633.26,639.22,633.18,638.54,9955.0,6335099.33
2026-03-16 06:00:00+00:00,1773640800000,638.8,645.0,637.63,641.49,10512.0,6740420.21000001
2026-03-16 07:00:00+00:00,1773644400000,641.69,642.74,635.01,637.95,4915.0,3137897.94
2026-03-16 08:00:00+00:00,1773648000000,637.0,641.0,635.0,638.06,8784.0,5600452.6512
2026-03-16 09:00:00+00:00,1773651600000,637.0,637.0,635.2,635.2,1393.0,886867.7979
2026-03-16 10:00:00+00:00,1773655200000,635.12,647.03,635.12,644.8,11855.0,7617284.4335
2026-03-16 11:00:00+00:00,1773658800000,643.62,646.5,641.32,643.07,12141.0,7824670.5312
2026-03-16 12:00:00+00:00,1773662400000,643.5,651.51,633.0,650.52,103755.375235,66884450.06998946
2026-03-16 13:00:00+00:00,1773666000000,657.43,672.9899,645.49,660.36,976081.841002,642871902.5299423
2026-03-16 14:00:00+00:00,1773669600000,661.09,671.8,654.13,657.855,657250.6061249998,436375624.6812385
2026-03-16 15:00:00+00:00,1773673200000,657.66,661.25,650.48,651.16,328704.35872300004,215593211.5636752
2026-03-16 16:00:00+00:00,1773676800000,652.38,660.0,646.0452,648.0,412167.1860839999,268961799.33176315
2026-03-16 17:00:00+00:00,1773680400000,649.66,656.1,645.7001,654.81,221216.84491,143944650.65534347
2026-03-16 18:00:00+00:00,1773684000000,654.715,664.6849,650.24,651.465,317360.78462199995,209222445.73185968
2026-03-16 19:00:00+00:00,1773687600000,651.12,660.72,607.27,625.37,1681696.290015,1055148048.6011434
2026-03-16 20:00:00+00:00,1773691200000,624.74,631.09,624.55,627.55,62460.308341,39175954.85166864
2026-03-16 21:00:00+00:00,1773694800000,626.3,629.4,626.3,628.0,5800.206541,3642048.870625751
2026-03-16 22:00:00+00:00,1773698400000,628.0,628.3,620.01,621.01,18818.885795,11772208.583831055
2026-03-16 23:00:00+00:00,1773702000000,620.0592,622.3,618.0,619.8,19126.733714,11851622.33497496
2026-03-17 00:00:00+00:00,1773705600000,621.68,623.98,610.01,615.3,11300.0,6934608.68000001
2026-03-17 01:00:00+00:00,1773709200000,615.43,616.41,611.71,614.14,6143.0,3772112.82
2026-03-17 02:00:00+00:00,1773712800000,614.51,614.52,606.34,606.34,15829.0,9656054.01000001
2026-03-17 03:00:00+00:00,1773716400000,606.34,607.97,602.0,603.0,12465.0,7548074.54
2026-03-17 04:00:00+00:00,1773720000000,603.23,611.49,603.11,610.28,8826.0,5364432.77
2026-03-17 05:00:00+00:00,1773723600000,610.69,611.84,605.01,605.01,7332.0,4467927.2
2026-03-17 06:00:00+00:00,1773727200000,605.11,605.11,595.11,595.6,27244.0,16327132.63000001
2026-03-17 07:00:00+00:00,1773730800000,596.0,601.09,595.1,599.99,12554.0,7501448.40000001
2026-03-17 08:00:00+00:00,1773734400000,600.87,606.0,597.26,597.26,49525.0,29834503.825
2026-03-17 09:00:00+00:00,1773738000000,598.84,602.76,597.27,598.42,24833.0,14923989.8253
2026-03-17 10:00:00+00:00,1773741600000,596.99,598.88,593.98,598.88,35931.0,21410474.4525
2026-03-17 11:00:00+00:00,1773745200000,597.62,605.0,597.62,600.0,40607.0,24399796.0962
2026-03-17 12:00:00+00:00,1773748800000,603.11,611.61,592.5,604.87,163205.344456,98242713.77644151
2026-03-17 13:00:00+00:00,1773752400000,597.375,622.85,573.73,617.07,1698305.280687,1018197022.89777
2026-03-17 14:00:00+00:00,1773756000000,618.56,647.42,614.3343,642.44,1153360.951956,728601872.5862155
2026-03-17 15:00:00+00:00,1773759600000,641.875,642.0,615.35,619.4,670298.1944629999,419438290.8273888
2026-03-17 16:00:00+00:00,1773763200000,619.83,629.0,614.14,627.44,404652.1928949998,251730730.12155905
2026-03-17 17:00:00+00:00,1773766800000,626.96,662.6099,621.67,662.28,1349210.132938,872535812.0231643
2026-03-17 18:00:00+00:00,1773770400000,661.39,669.9,640.5,645.495,1269221.2356849995,833123419.0540591
2026-03-17 19:00:00+00:00,1773774000000,645.5,654.86,638.14,648.26,1059794.993599,686517498.2770392
2026-03-17 20:00:00+00:00,1773777600000,649.51,654.0,647.4,649.51,33199.979437,21576105.556453813
2026-03-17 21:00:00+00:00,1773781200000,649.56,654.59,649.0,650.0,284686.074,184936770.990621
2026-03-17 22:00:00+00:00,1773784800000,652.57,653.4,651.0,651.06,3655.0,2382676.956
2026-03-17 23:00:00+00:00,1773788400000,652.7478,658.0,651.8109,655.02,8509.12394,5568920.395742524
2026-03-18 00:00:00+00:00,1773792000000,658.0,670.86,654.29,668.25,13647.0,9062734.32
2026-03-18 01:00:00+00:00,1773795600000,667.99,668.69,661.04,665.01,10084.0,6704834.98
2026-03-18 02:00:00+00:00,1773799200000,665.03,668.73,664.54,665.32,6056.0,4037098.64
2026-03-18 03:00:00+00:00,1773802800000,665.7,670.61,665.51,668.9,10335.0,6914181.18
2026-03-18 04:00:00+00:00,1773806400000,668.31,671.0,666.67,668.99,4631.0,3098989.53
2026-03-18 05:00:00+00:00,1773810000000,668.96,669.75,665.3,668.95,5151.0,3439200.85
2026-03-18 06:00:00+00:00,1773813600000,668.94,673.91,668.45,670.01,6792.0,4554461.62
2026-03-18 07:00:00+00:00,1773817200000,670.06,671.84,668.55,671.46,4114.0,2756729.72
2026-03-18 08:00:00+00:00,1773820800000,670.0,698.99,670.0,691.02,58907.0,40624434.9776
2026-03-18 09:00:00+00:00,1773824400000,694.78,697.08,690.6,695.51,25717.0,17864743.5239
2026-03-18 10:00:00+00:00,1773828000000,696.38,708.63,695.21,700.53,66681.0,46792018.1214
2026-03-18 11:00:00+00:00,1773831600000,700.6,706.65,698.02,700.0,71725.0,50315058.81
2026-03-18 12:00:00+00:00,1773835200000,693.54,708.15,666.98,693.54,428421.696729,295520488.0806608
2026-03-18 13:00:00+00:00,1773838800000,694.06,743.86,688.0,737.245,2870813.3218559995,2078179467.0409005
2026-03-18 14:00:00+00:00,1773842400000,734.2,737.58,698.01,716.0,1809114.4392590004,1291028748.9818723
2026-03-18 15:00:00+00:00,1773846000000,717.27,720.15,703.4,710.465,679136.5160460001,483143897.65742046
2026-03-18 16:00:00+00:00,1773849600000,710.31,723.14,707.0,711.96,791868.6718380001,566758067.1058387
2026-03-18 17:00:00+00:00,1773853200000,712.78,716.13,707.42,710.23,343918.081759,244604478.9795636
2026-03-18 18:00:00+00:00,1773856800000,715.04,719.14,700.07,703.64,546571.975555,388222640.85784894
2026-03-18 19:00:00+00:00,1773860400000,704.92,707.3247,696.0,700.64,1045954.00641,733490099.5419035
2026-03-18 20:00:00+00:00,1773864000000,700.81,706.29,696.72,706.29,303513.60968100006,212673807.3851348
2026-03-18 21:00:00+00:00,1773867600000,705.95,706.79,703.06,706.79,10562.0,7453688.9522
2026-03-18 22:00:00+00:00,1773871200000,705.2705,710.0,700.0,700.25,14808.015724,10434343.892584518
2026-03-18 23:00:00+00:00,1773874800000,701.13,707.5,701.13,704.98,12488.279268,8805037.382641079
2026-03-19 00:00:00+00:00,1773878400000,706.0,708.51,703.01,706.0,3349.0,2365346.74
2026-03-19 01:00:00+00:00,1773882000000,706.0,707.52,702.61,704.3,2679.0,1887486.6
2026-03-19 02:00:00+00:00,1773885600000,704.5,716.98,701.51,714.63,9045.0,6410325.46
2026-03-19 03:00:00+00:00,1773889200000,714.36,717.61,712.05,713.8,2439.0,1743879.34
2026-03-19 04:00:00+00:00,1773892800000,713.01,713.79,707.01,710.01,3171.0,2251086.57
2026-03-19 05:00:00+00:00,1773896400000,710.42,710.99,702.51,705.3,3573.0,2523723.8
2026-03-19 06:00:00+00:00,1773900000000,705.01,706.91,694.3,695.51,5054.0,3531012.45
2026-03-19 07:00:00+00:00,1773903600000,695.45,696.54,685.01,685.01,10642.0,7350381.32
2026-03-19 08:00:00+00:00,1773907200000,715.0,715.0,676.02,677.5,14898.0,10230203.334
2026-03-19 09:00:00+00:00,1773910800000,681.68,688.77,679.98,688.11,16166.0,11041036.8974
2026-03-19 10:00:00+00:00,1773914400000,687.99,692.01,685.59,687.0,7189.0,4949387.1063
2026-03-19 11:00:00+00:00,1773918000000,689.13,689.13,680.3,683.0,12557.0,8566760.8543
2026-03-19 12:00:00+00:00,1773921600000,690.0,710.0,677.0,683.1,103866.616755,71381813.03178997
2026-03-19 13:00:00+00:00,1773925200000,677.22,715.5,670.0,712.82,1042044.0494390004,722780301.0749707
2026-03-19 14:00:00+00:00,1773928800000,712.01,739.5,711.7,734.4,1197074.7628970002,868734752.4333677
2026-03-19 15:00:00+00:00,1773932400000,733.99,744.5,723.17,726.72,1058417.22636,776177360.2609444
2026-03-19 16:00:00+00:00,1773936000000,730.565,759.5,727.29,751.91,1055023.2215769996,787548881.3359793
2026-03-19 17:00:00+00:00,1773939600000,754.005,756.0,745.7,748.32,672036.661914,503577702.297681
2026-03-19 18:00:00+00:00,1773943200000,750.32,753.99,741.33,748.51,529187.275708,395855154.7948049
2026-03-19 19:00:00+00:00,1773946800000,753.69,775.0,749.0,772.0,1033877.5325890002,791845561.5568762
2026-03-19 20:00:00+00:00,1773950400000,772.13,780.0,770.33,775.0,78671.924687,60656014.597714655
2026-03-19 21:00:00+00:00,1773954000000,774.72,778.0,773.63,776.0,11349.501997,8804267.218953578
2026-03-19 22:00:00+00:00,1773957600000,776.31,784.0,775.0,782.87,16483.15598,12883462.181520524
2026-03-19 23:00:00+00:00,1773961200000,783.0,785.0,780.0001,785.0,12850.735016,10065760.990464026
2026-03-20 00:00:00+00:00,1773964800000,783.02,795.99,783.02,786.4,10606.0,8376151.33
2026-03-20 01:00:00+00:00,1773968400000,786.41,789.57,782.82,786.41,11392.0,8954922.09
2026-03-20 02:00:00+00:00,1773972000000,786.41,792.0,786.4,790.01,5804.0,4581980.16
2026-03-20 03:00:00+00:00,1773975600000,791.32,791.32,783.34,786.99,4072.0,3203011.64
2026-03-20 04:00:00+00:00,1773979200000,785.02,785.9,782.83,784.81,3104.0,2435250.07
2026-03-20 05:00:00+00:00,1773982800000,785.0,785.0,777.49,778.01,7501.0,5861900.86
2026-03-20 06:00:00+00:00,1773986400000,777.49,778.95,767.53,767.99,8895.0,6871183.66
2026-03-20 07:00:00+00:00,1773990000000,767.52,783.0,764.09,779.85,12290.0,9521004.63
2026-03-20 08:00:00+00:00,1773993600000,779.0,785.3,774.68,775.0,11438.0,8920887.3796
2026-03-20 09:00:00+00:00,1773997200000,774.85,778.9,766.01,768.0,13835.0,10663575.28
2026-03-20 10:00:00+00:00,1774000800000,768.63,768.63,755.0,764.0,27273.0,20736804.6387
2026-03-20 11:00:00+00:00,1774004400000,764.0,769.0,764.0,768.0,8230.0,6310355.792
2026-03-20 12:00:00+00:00,1774008000000,766.0,785.8,754.0,776.11,105526.24631,81429528.46497948
2026-03-20 13:00:00+00:00,1774011600000,785.495,787.4499,735.5001,736.35,1046911.378379,797976581.4457656
2026-03-20 14:00:00+00:00,1774015200000,736.165,739.0,694.715,706.0,2199012.332203999,1571334388.4453187
2026-03-20 15:00:00+00:00,1774018800000,707.0,712.9102,697.29,712.08,933391.616403,658171577.7120881
2026-03-20 16:00:00+00:00,1774022400000,708.99,714.92,699.98,701.465,831537.0937969999,589703156.4970435
2026-03-20 17:00:00+00:00,1774026000000,702.13,709.76,691.5006,698.29,703500.5126640003,492435233.60377795
2026-03-20 18:00:00+00:00,1774029600000,698.2,699.85,686.99,690.0,714340.044798,494821420.3134536
2026-03-20 19:00:00+00:00,1774033200000,693.4,707.5,680.66,705.655,1717159.081919,1195344487.2077494
2026-03-20 20:00:00+00:00,1774036800000,706.35,710.0,702.01,709.64,517466.8359959999,365514096.76623166
2026-03-20 21:00:00+00:00,1774040400000,709.6401,720.99,707.0,717.9999,1911993.0,1350987485.898
2026-03-20 22:00:00+00:00,1774044000000,718.33,719.8,715.1,716.47,20382.20261,14631174.589104228
2026-03-20 23:00:00+00:00,1774047600000,716.0,717.0,708.3001,710.1,18892.192797,13479520.994861826
2026-03-23 00:00:00+00:00,1774224000000,703.0,707.0,681.05,685.91,25086.0,17299867.34000001
2026-03-23 01:00:00+00:00,1774227600000,686.02,699.01,683.21,693.86,16516.0,11440760.37000001
2026-03-23 02:00:00+00:00,1774231200000,693.7,697.94,690.72,692.34,7113.0,4939365.26
2026-03-23 03:00:00+00:00,1774234800000,692.35,695.0,685.05,685.05,8041.0,5541550.85
2026-03-23 04:00:00+00:00,1774238400000,685.45,688.01,684.11,688.01,6109.0,4187457.79
2026-03-23 05:00:00+00:00,1774242000000,689.34,691.98,685.06,687.99,10017.0,6900693.84
2026-03-23 06:00:00+00:00,1774245600000,687.0,689.27,675.26,676.59,10278.0,7001442.37
2026-03-23 07:00:00+00:00,1774249200000,676.86,682.0,668.01,677.99,19938.0,13450937.35000001
2026-03-23 08:00:00+00:00,1774252800000,675.0,691.32,673.0,689.0,73254.0,49691784.9714
2026-03-23 09:00:00+00:00,1774256400000,685.05,689.97,680.58,682.0,10614.0,7267207.3182
2026-03-23 10:00:00+00:00,1774260000000,683.96,683.96,680.0,682.0,4596.0,3132303.6072
2026-03-23 11:00:00+00:00,1774263600000,683.21,749.89,683.21,717.13,278360.0,204343463.608
2026-03-23 12:00:00+00:00,1774267200000,733.57,749.99,669.12,733.57,365575.526355,263944689.20459935
2026-03-23 13:00:00+00:00,1774270800000,740.15,743.88,711.056,738.01,1589114.55862,1162065923.5581803
2026-03-23 14:00:00+00:00,1774274400000,739.87,766.0,737.94,749.04,1526833.4349830004,1151932921.1571524
2026-03-23 15:00:00+00:00,1774278000000,745.65,753.14,715.0201,716.97,949063.219776,697814012.2581425
2026-03-23 16:00:00+00:00,1774281600000,716.76,727.61,710.03,727.07,658520.829798,473389551.8752287
2026-03-23 17:00:00+00:00,1774285200000,727.75,728.6999,717.0001,720.685,333958.97150700004,241316548.68174627
2026-03-23 18:00:00+00:00,1774288800000,724.23,731.8537,715.739,725.36,363192.737774,263337289.15516576
2026-03-23 19:00:00+00:00,1774292400000,725.33,731.0599,722.6404,728.75,501868.2935239999,365069084.26205736
2026-03-23 20:00:00+00:00,1774296000000,728.95,734.6,728.75,728.7501,19279.132233,14070699.220151728
2026-03-23 21:00:00+00:00,1774299600000,727.0,728.05,725.91,726.3,5097.00159,3705080.794392942
2026-03-23 22:00:00+00:00,1774303200000,726.15,730.0,726.01,729.0,2728.027778,1986417.245789589
2026-03-23 23:00:00+00:00,1774306800000,730.29,730.5,728.1,728.76,5245.0,3827514.0985
2026-03-24 00:00:00+00:00,1774310400000,729.81,730.59,714.99,715.03,4979.0,3586104.94
2026-03-24 01:00:00+00:00,1774314000000,715.34,717.26,708.49,712.0,7935.0,5644866.52
2026-03-24 02:00:00+00:00,1774317600000,710.51,718.01,705.21,716.0,6871.0,4890429.28
2026-03-24 03:00:00+00:00,1774321200000,714.99,719.92,713.57,719.0,3123.0,2237286.67
2026-03-24 04:00:00+00:00,1774324800000,719.09,724.2,717.0,717.51,3868.0,2784464.08
2026-03-24 05:00:00+00:00,1774328400000,718.84,718.97,710.0,715.51,5177.0,3690775.38
2026-03-24 06:00:00+00:00,1774332000000,715.11,744.99,714.99,737.99,27507.0,20135796.26000002
2026-03-24 07:00:00+00:00,1774335600000,738.82,749.01,735.01,739.74,12563.0,9337144.14
2026-03-24 08:00:00+00:00,1774339200000,740.0,745.14,733.0,733.0,14620.0,10836520.902
2026-03-24 09:00:00+00:00,1774342800000,732.2,740.98,731.0,740.98,9919.0,7288404.8237
2026-03-24 10:00:00+00:00,1774346400000,739.36,741.89,735.0,738.0,5984.0,4419488.5856
2026-03-24 11:00:00+00:00,1774350000000,736.0,739.0,731.0,735.45,7871.0,5794490.8833
2026-03-24 12:00:00+00:00,1774353600000,740.0,749.0,710.3,733.86,110791.858453,81217678.03359182
2026-03-24 13:00:00+00:00,1774357200000,739.24,774.95,722.85,758.36,1484576.5066210006,1127602365.8061464
2026-03-24 14:00:00+00:00,1774360800000,761.09,787.78,751.0,782.51,1338989.6484250005,1031379539.5233796
2026-03-24 15:00:00+00:00,1774364400000,784.7,803.0,781.63,793.75,1173609.9104400002,930599543.0814996
2026-03-24 16:00:00+00:00,1774368000000,794.53,797.5,787.0,792.49,515500.7418060001,408474642.8953539
2026-03-24 17:00:00+00:00,1774371600000,792.8,793.99,781.55,791.67,453822.2565629999,357334198.9506274
2026-03-24 18:00:00+00:00,1774375200000,792.99,797.7499,782.6,794.4,434356.0010349999,343273198.1707644
2026-03-24 19:00:00+00:00,1774378800000,794.32,803.58,792.0001,801.86,693794.951253,553695063.5001132
2026-03-24 20:00:00+00:00,1774382400000,801.99,818.0,801.99,815.06,124238.79227799998,100629247.32175943
2026-03-24 21:00:00+00:00,1774386000000,814.0,815.83,811.02,812.67,12012.856508,9768755.205596585
2026-03-24 22:00:00+00:00,1774389600000,814.9,817.2,812.01,817.2,7122.5,5803556.8745
2026-03-24 23:00:00+00:00,1774393200000,817.0,823.55,815.01,820.0,20936.190646,17166106.11542155
2026-03-25 00:00:00+00:00,1774396800000,819.05,834.89,819.05,830.49,16940.0,14025608.99
2026-03-25 01:00:00+00:00,1774400400000,830.05,831.0,826.14,826.2,10484.0,8680648.67
2026-03-25 02:00:00+00:00,1774404000000,826.2,826.54,820.4,820.52,6689.0,5508841.61
2026-03-25 03:00:00+00:00,1774407600000,820.56,823.29,816.66,821.05,6061.0,4967188.63
2026-03-25 04:00:00+00:00,1774411200000,821.05,826.5,820.33,825.0,3377.0,2780017.47
2026-03-25 05:00:00+00:00,1774414800000,824.8,825.91,820.72,821.63,3277.0,2700638.96
2026-03-25 06:00:00+00:00,1774418400000,821.63,821.68,814.99,816.86,10057.0,8220731.78
2026-03-25 07:00:00+00:00,1774422000000,816.99,820.99,815.77,820.2,8717.0,7126933.92
2026-03-25 08:00:00+00:00,1774425600000,821.5,830.0,821.5,824.01,23106.0,19115249.5206
2026-03-25 09:00:00+00:00,1774429200000,823.03,827.0,820.03,821.01,5144.0,4235273.82
2026-03-25 10:00:00+00:00,1774432800000,824.42,824.99,816.0,819.0,11242.0,9222689.476
2026-03-25 11:00:00+00:00,1774436400000,819.47,822.0,815.0,817.15,21540.0,17629574.55
2026-03-25 12:00:00+00:00,1774440000000,825.11,830.5,802.5,808.0,128146.485885,104308228.0679717
2026-03-25 13:00:00+00:00,1774443600000,795.51,810.15,763.11,771.55,1427635.845105,1122503381.3139265
2026-03-25 14:00:00+00:00,1774447200000,768.44,805.9899,766.92,801.73,883852.884764,701967716.3229362
2026-03-25 15:00:00+00:00,1774450800000,799.03,801.71,786.0,795.05,472440.419256,375603408.88430107
2026-03-25 16:00:00+00:00,1774454400000,796.32,798.0,781.09,781.09,350688.9905340001,276717565.58937955
2026-03-25 17:00:00+00:00,1774458000000,781.42,783.71,771.0,782.43,391219.3576849997,304340140.3877545
2026-03-25 18:00:00+00:00,1774461600000,781.76,788.87,779.0001,781.23,264965.532563,207875740.95833692
2026-03-25 19:00:00+00:00,1774465200000,779.355,780.9999,770.78,777.3,422743.1404,327939440.12292063
2026-03-25 20:00:00+00:00,1774468800000,777.17,784.96,776.83,781.0,29514.364122,23019946.7032484
2026-03-25 21:00:00+00:00,1774472400000,782.0,782.0,780.05,780.06,2579.063877,2013760.1553323085
2026-03-25 22:00:00+00:00,1774476000000,777.2,778.35,776.0,776.0,3207.671295,2494141.816085113
2026-03-25 23:00:00+00:00,1774479600000,776.9922,777.9,774.02,776.67,2056.0,1595127.4512
2026-03-26 00:00:00+00:00,1774483200000,777.72,784.22,777.72,781.19,1551.0,1213257.91
2026-03-26 01:00:00+00:00,1774486800000,782.49,782.91,779.01,780.29,1191.0,930460.71
2026-03-26 02:00:00+00:00,1774490400000,780.39,781.48,772.0,774.24,3628.0,2811865.36
2026-03-26 03:00:00+00:00,1774494000000,774.25,780.01,772.46,778.91,3128.0,2425850.58
2026-03-26 04:00:00+00:00,1774497600000,778.11,780.82,778.01,778.55,1138.0,886382.74
2026-03-26 05:00:00+00:00,1774501200000,778.55,778.55,767.0,767.0,5670.0,4372192.2
2026-03-26 06:00:00+00:00,1774504800000,767.25,770.01,764.87,767.95,4817.0,3693672.19
2026-03-26 07:00:00+00:00,1774508400000,767.47,768.14,761.3,765.01,3173.0,2424438.08
2026-03-26 08:00:00+00:00,1774512000000,770.0,770.0,753.2,757.99,7420.0,5652784.536
2026-03-26 09:00:00+00:00,1774515600000,756.0,756.0,747.0,753.48,10874.0,8162041.7984
2026-03-26 10:00:00+00:00,1774519200000,751.83,759.98,748.21,755.97,7535.0,5667408.8075
2026-03-26 11:00:00+00:00,1774522800000,757.88,758.5,752.0,752.01,7888.0,5952274.5456
2026-03-26 12:00:00+00:00,1774526400000,757.99,778.72,745.0,747.5303,82718.451479,62603234.87553637
2026-03-26 13:00:00+00:00,1774530000000,743.12,757.0,725.99,728.31,1047663.4902689998,777373433.8913316
2026-03-26 14:00:00+00:00,1774533600000,730.0,734.77,703.14,711.57,1199462.713625,865670832.0952237
2026-03-26 15:00:00+00:00,1774537200000,711.04,727.89,708.56,725.49,702880.2232079998,505799356.27061945
2026-03-26 16:00:00+00:00,1774540800000,726.92,728.8,703.67,708.075,503648.8285089999,359791311.43267715
2026-03-26 17:00:00+00:00,1774544400000,707.84,712.8999,695.97,698.0,564931.6361609999,397616285.42450553
2026-03-26 18:00:00+00:00,1774548000000,697.44,702.1258,693.33,697.73,539565.6749900001,376401338.612429
2026-03-26 19:00:00+00:00,1774551600000,700.26,704.97,687.5801,689.39,937001.6170719998,651128795.3143288
2026-03-26 20:00:00+00:00,1774555200000,688.8,703.8,681.91,694.0,136036.115899,94283285.44114578
2026-03-26 21:00:00+00:00,1774558800000,693.98,703.96,693.5,701.5,16014.243925,11215868.793537576
2026-03-26 22:00:00+00:00,1774562400000,701.62,713.5,701.62,706.27,26626.875609,18808359.556740306
2026-03-26 23:00:00+00:00,1774566000000,706.0,706.315,698.0,699.1,18713.131884,13134998.025346847
2026-03-27 00:00:00+00:00,1774569600000,708.05,713.1,701.66,703.19,7565.0,5342581.72
2026-03-27 01:00:00+00:00,1774573200000,702.95,708.0,695.0,705.86,6533.0,4592295.42
2026-03-27 02:00:00+00:00,1774576800000,706.15,710.26,704.22,707.0,5251.0,3719119.17
2026-03-27 03:00:00+00:00,1774580400000,707.25,722.09,707.25,719.99,10792.0,7704126.17
2026-03-27 04:00:00+00:00,1774584000000,720.51,728.0,717.2,726.89,12967.0,9377087.61000001
2026-03-27 05:00:00+00:00,1774587600000,726.87,734.99,720.8,721.0,19652.0,14304946.91000001
2026-03-27 06:00:00+00:00,1774591200000,721.0,722.6,711.14,713.01,9161.0,6568942.16
2026-03-27 07:00:00+00:00,1774594800000,713.01,714.68,708.99,713.69,7599.0,5407032.57
2026-03-27 08:00:00+00:00,1774598400000,715.0,715.02,699.9,705.0,46147.0,32609943.6792
2026-03-27 09:00:00+00:00,1774602000000,704.89,705.13,695.0,700.0,15337.0,10741252.613
2026-03-27 10:00:00+00:00,1774605600000,698.27,703.0,688.01,688.02,24576.0,17078056.5504
2026-03-27 11:00:00+00:00,1774609200000,692.99,695.51,680.66,693.1,43878.0,30078268.0806
2026-03-27 12:00:00+00:00,1774612800000,693.0,733.98,680.66,698.39,138969.13532300002,98227831.85862675
2026-03-27 13:00:00+00:00,1774616400000,708.195,732.83,692.0,713.47,1217191.681134,873008215.2472605
2026-03-27 14:00:00+00:00,1774620000000,710.16,723.98,692.51,709.21,998719.7176829998,709065232.5862136
2026-03-27 15:00:00+00:00,1774623600000,706.99,726.81,700.86,713.3,577913.0843379999,412916471.52454674
2026-03-27 16:00:00+00:00,1774627200000,714.31,716.4499,703.76,708.86,326497.8115970001,231664465.28243837
2026-03-27 17:00:00+00:00,1774630800000,707.28,712.0,692.3301,694.0,521776.48579000006,365547318.32302696
2026-03-27 18:00:00+00:00,1774634400000,695.23,702.69,692.88,701.06,363506.23176,253607065.5563906
2026-03-27 19:00:00+00:00,1774638000000,701.105,706.79,698.7501,702.36,593407.5587289999,416570504.02734935
2026-03-27 20:00:00+00:00,1774641600000,702.73,704.268,698.06,699.0,20233.375327,14179925.769942682
2026-03-27 21:00:00+00:00,1774645200000,700.3,700.94,698.0,698.0,7804.618093999999,5457303.497433988
2026-03-27 22:00:00+00:00,1774648800000,698.4401,698.79,694.5,694.5,7572.013281,5272208.847637572
2026-03-27 23:00:00+00:00,1774652400000,695.89,698.0,695.0,697.0,7467.991771,5200815.514807548
2026-03-30 00:00:00+00:00,1774828800000,697.01,697.01,680.99,689.03,14059.0,9685430.84
2026-03-30 01:00:00+00:00,1774832400000,689.14,692.97,684.99,691.53,7563.0,5209202.77
2026-03-30 02:00:00+00:00,1774836000000,691.53,695.5,689.5,694.01,4227.0,2925765.94
2026-03-30 03:00:00+00:00,1774839600000,694.0,716.84,694.0,711.29,17868.0,12657652.03
2026-03-30 04:00:00+00:00,1774843200000,712.53,712.54,697.31,702.47,13212.0,9307289.45
2026-03-30 05:00:00+00:00,1774846800000,703.03,706.8,702.51,704.37,3864.0,2724341.5
2026-03-30 06:00:00+00:00,1774850400000,703.89,719.28,703.32,715.08,12883.0,9207910.96
2026-03-30 07:00:00+00:00,1774854000000,714.75,716.53,710.99,713.45,6405.0,4570852.87
2026-03-30 08:00:00+00:00,1774857600000,703.54,724.0,698.0,722.5,61533.484191,43852126.71609184
2026-03-30 09:00:00+00:00,1774861200000,721.1,722.0,716.0,716.0,5183.869624999999,3728075.2240198487
2026-03-30 10:00:00+00:00,1774864800000,716.28,717.4,712.0,712.0,3539.0,2527283.7743
2026-03-30 11:00:00+00:00,1774868400000,714.0,723.0,713.6799,720.4784,27898.042973,20064211.130487055
2026-03-30 12:00:00+00:00,1774872000000,719.7717,732.0,702.73,726.0,132248.81628799997,94255569.62700398
2026-03-30 13:00:00+00:00,1774875600000,729.435,735.0,656.5,664.995,1658291.873393,1140754567.6506543
2026-03-30 14:00:00+00:00,1774879200000,665.93,681.01,648.26,657.9,1421462.1852559992,940626304.0427302
2026-03-30 15:00:00+00:00,1774882800000,657.475,669.46,644.0,658.915,921715.5639900004,606353717.6037393
2026-03-30 16:00:00+00:00,1774886400000,656.77,663.1458,652.2,660.48,555112.126467,364985112.9277996
2026-03-30 17:00:00+00:00,1774890000000,661.24,664.0,652.0,661.25,511248.5932760001,336657249.7971054
2026-03-30 18:00:00+00:00,1774893600000,661.06,663.9999,648.61,649.29,454092.3538139999,296918502.61924464
2026-03-30 19:00:00+00:00,1774897200000,650.14,655.9,642.37,654.7,1129793.5779959997,732814732.0941691
2026-03-30 20:00:00+00:00,1774900800000,654.79,654.79,649.0,649.05,77351.34970500002,50614120.84164457
2026-03-30 21:00:00+00:00,1774904400000,651.14,651.14,648.01,648.01,1826.015362,1187030.8675169644
2026-03-30 22:00:00+00:00,1774908000000,651.0,651.92,642.0101,643.51,13756.0,8890700.8864
2026-03-30 23:00:00+00:00,1774911600000,642.01,643.0,634.0,634.5,26263.939327,16736700.588918615
2026-03-31 00:00:00+00:00,1774915200000,643.06,670.01,635.14,668.98,23605.0,15551393.71
2026-03-31 01:00:00+00:00,1774918800000,667.58,674.01,660.01,664.0,39412.0,26300800.82000001
2026-03-31 02:00:00+00:00,1774922400000,663.57,665.14,655.35,657.65,16586.0,10959501.06
2026-03-31 03:00:00+00:00,1774926000000,657.05,659.49,646.09,647.99,10764.0,7029240.68
2026-03-31 04:00:00+00:00,1774929600000,647.59,653.34,643.92,644.43,13470.0,8731827.65000001
2026-03-31 05:00:00+00:00,1774933200000,644.32,657.02,640.9,653.24,12308.0,7960093.71
2026-03-31 06:00:00+00:00,1774936800000,653.45,653.48,647.01,650.22,3512.0,2283259.12
2026-03-31 07:00:00+00:00,1774940400000,650.67,664.2,649.2,664.2,8869.0,5822056.9
2026-03-31 08:00:00+00:00,1774944000000,648.5,668.03,641.0,660.8,65485.747601,42862628.67454865
2026-03-31 09:00:00+00:00,1774947600000,662.5,664.0,654.01,655.0,11596.252541,7655557.18087993
2026-03-31 10:00:00+00:00,1774951200000,658.0,658.0,642.01,645.97,21940.404653,14204356.196901511
2026-03-31 11:00:00+00:00,1774954800000,645.0,662.142,642.0,658.0,78498.343164,51308173.40703116
2026-03-31 12:00:00+00:00,1774958400000,661.88,667.23,653.0,662.0,62713.320056,41480640.610604234
2026-03-31 13:00:00+00:00,1774962000000,672.47,696.9999,659.8657,693.01,993449.219687,678985187.9654042
2026-03-31 14:00:00+00:00,1774965600000,689.42,693.38,666.46,667.01,1040547.483374,707589249.6182991
2026-03-31 15:00:00+00:00,1774969200000,670.63,676.365,649.5001,650.475,726396.6563380002,480679912.1918576
2026-03-31 16:00:00+00:00,1774972800000,650.0,693.9899,649.88,682.185,830152.1769650001,561076944.2105592
2026-03-31 17:00:00+00:00,1774976400000,685.68,697.8799,682.155,683.75,701341.2934940003,484281353.0831791
2026-03-31 18:00:00+00:00,1774980000000,683.505,695.69,682.58,694.37,450698.370391,310869110.83751816
2026-03-31 19:00:00+00:00,1774983600000,694.435,703.4304,691.46,702.59,620158.6647829999,433381076.5837839
2026-03-31 20:00:00+00:00,1774987200000,702.76,712.05,702.76,709.0,69290.86076499999,48820358.77640111
2026-03-31 21:00:00+00:00,1774990800000,709.0,711.45,708.0,708.0,12547.0,8878451.6785
2026-03-31 22:00:00+00:00,1774994400000,709.2,716.0,709.0,714.55,21079.825392,15026892.657534787
2026-03-31 23:00:00+00:00,1774998000000,714.3531,719.78,712.0,719.06,17327.25,12392868.51945
2026-04-01 00:00:00+00:00,1775001600000,717.83,722.84,715.65,719.36,6487.0,4664406.05
2026-04-01 01:00:00+00:00,1775005200000,719.36,719.36,710.99,713.13,11172.0,7970622.89
2026-04-01 02:00:00+00:00,1775008800000,713.01,716.58,713.01,714.99,2670.0,1909389.68
2026-04-01 03:00:00+00:00,1775012400000,714.99,720.41,714.02,719.47,5161.0,3704912.24
2026-04-01 04:00:00+00:00,1775016000000,719.54,719.83,715.49,717.78,6400.0,4591616.79
2026-04-01 05:00:00+00:00,1775019600000,717.07,729.31,716.54,727.9,13292.0,9616671.37
2026-04-01 06:00:00+00:00,1775023200000,728.0,741.9,724.49,735.37,31758.0,23272465.68
2026-04-01 07:00:00+00:00,1775026800000,735.99,739.52,729.64,729.64,12477.0,9168960.54
2026-04-01 08:00:00+00:00,1775030400000,719.21,740.0,715.5,727.0,150719.155463,109766289.1295533
2026-04-01 09:00:00+00:00,1775034000000,725.5,725.5,719.13,724.9,16579.0,11971921.3744
2026-04-01 10:00:00+00:00,1775037600000,724.9,733.0,724.9,729.0,20219.319947,14722103.371401608
2026-04-01 11:00:00+00:00,1775041200000,729.0,737.97,728.2523,734.0,45812.789297,33642530.19467336
2026-04-01 12:00:00+00:00,1775044800000,735.0,743.5778,702.76,732.12,103175.266349,75160540.24842797
2026-04-01 13:00:00+00:00,1775048400000,734.39,760.5,730.0,750.39,1343132.7070970004,1003868667.5990376
2026-04-01 14:00:00+00:00,1775052000000,748.55,772.2012,747.01,769.73,1169672.1448790005,893294641.5524772
2026-04-01 15:00:00+00:00,1775055600000,770.24,782.42,766.61,780.6,1032574.098683,800292631.4026842
2026-04-01 16:00:00+00:00,1775059200000,780.92,782.0,769.0,772.41,504473.4454589999,390490949.5349344
2026-04-01 17:00:00+00:00,1775062800000,772.22,784.8938,771.0,778.57,515409.7501429999,402060064.7769261
2026-04-01 18:00:00+00:00,1775066400000,775.08,779.3,753.9402,758.805,807566.3715099999,615866912.2940533
2026-04-01 19:00:00+00:00,1775070000000,759.99,772.88,759.05,764.23,666991.1332299999,510547495.84243023
2026-04-01 20:00:00+00:00,1775073600000,764.65,769.48,764.0,766.0,13993.27265,10726568.337748269
2026-04-01 21:00:00+00:00,1775077200000,766.0,766.0,765.58,766.0,1401.0123,1073034.19976016
2026-04-01 22:00:00+00:00,1775080800000,764.88,764.88,762.822,763.99,2346.0,1791402.081
2026-04-01 23:00:00+00:00,1775084400000,763.39,767.37,763.39,766.0,6772.003909,5182614.5915577
2026-04-02 00:00:00+00:00,1775088000000,764.65,769.97,761.0,769.01,6312.0,4828406.99
2026-04-02 01:00:00+00:00,1775091600000,769.26,769.26,730.0,735.01,64593.0,47828182.18000002
2026-04-02 02:00:00+00:00,1775095200000,735.2,738.81,721.01,738.52,21274.0,15555577.94999999
2026-04-02 03:00:00+00:00,1775098800000,738.45,738.45,726.66,727.83,11203.0,8206409.87
2026-04-02 04:00:00+00:00,1775102400000,727.83,730.99,724.19,725.87,9808.0,7130855.71
2026-04-02 05:00:00+00:00,1775106000000,726.1,730.0,715.11,720.61,11834.0,8541766.7
2026-04-02 06:00:00+00:00,1775109600000,721.75,734.15,721.02,734.08,12206.0,8889765.22
2026-04-02 07:00:00+00:00,1775113200000,734.08,737.63,730.25,735.7,10375.0,7612691.91
2026-04-02 08:00:00+00:00,1775116800000,734.62,737.29,715.36,733.2,65481.779842,47695206.266102955
2026-04-02 09:00:00+00:00,1775120400000,730.76,732.5,729.0,732.0,4712.0,3444459.7488
2026-04-02 10:00:00+00:00,1775124000000,727.0,728.12,723.0,725.0,25512.110019,18489702.7418121
2026-04-02 11:00:00+00:00,1775127600000,723.52,726.55,712.32,712.32,89204.55182,64112881.39314603
2026-04-02 12:00:00+00:00,1775131200000,714.64,715.0,705.99,710.31,95426.709532,67812662.71720323
2026-04-02 13:00:00+00:00,1775134800000,708.595,771.4499,705.0,768.74,1498619.428799,1106957339.1495817
2026-04-02 14:00:00+00:00,1775138400000,768.43,817.0,765.01,804.55,1975780.0993650004,1568093484.5238175
2026-04-02 15:00:00+00:00,1775142000000,802.8,814.87,793.78,814.0,928621.100347,746874257.3124962
2026-04-02 16:00:00+00:00,1775145600000,812.65,816.4,799.0101,807.8,634104.080223,512840425.5166583
2026-04-02 17:00:00+00:00,1775149200000,806.02,812.5,801.265,811.16,456300.2378090001,368440402.7292814
2026-04-02 18:00:00+00:00,1775152800000,808.745,819.14,808.4,818.415,458271.188676,373106437.5894031
2026-04-02 19:00:00+00:00,1775156400000,816.89,827.56,813.61,826.68,937876.153983,770306759.4270114
2026-04-02 20:00:00+00:00,1775160000000,826.88,829.99,826.1,827.49,218919.812013,181060979.99847543
2026-04-02 21:00:00+00:00,1775163600000,827.0,827.5,824.49,824.5,11853.096,9791277.2129208
2026-04-02 22:00:00+00:00,1775167200000,825.0,826.4899,823.58,825.5,7138.0,5890179.0956
2026-04-02 23:00:00+00:00,1775170800000,825.5147,828.44,825.0,826.85,15997.749577,13224598.879500484
2026-04-06 00:00:00+00:00,1775433600000,820.05,845.0,811.05,833.03,16040.0,13371469.36
2026-04-06 01:00:00+00:00,1775437200000,833.32,834.51,826.28,827.94,9887.0,8210488.3
2026-04-06 02:00:00+00:00,1775440800000,828.34,839.93,827.94,830.01,9066.0,7564803.78
2026-04-06 03:00:00+00:00,1775444400000,830.02,830.99,824.84,830.49,3479.0,2881636.35
2026-04-06 04:00:00+00:00,1775448000000,830.75,833.71,830.11,833.46,2706.0,2250138.14
2026-04-06 05:00:00+00:00,1775451600000,833.33,836.01,831.02,832.16,2661.0,2219713.44
2026-04-06 06:00:00+00:00,1775455200000,831.72,834.61,830.29,832.52,2455.0,2043375.15
2026-04-06 07:00:00+00:00,1775458800000,832.52,841.28,831.01,840.66,3850.0,3223565.56
2026-04-06 08:00:00+00:00,1775462400000,831.19,860.0,830.79,852.01,57403.831951,48630413.9678714
2026-04-06 09:00:00+00:00,1775466000000,852.0,855.04,845.01,845.01,11891.336485,10131310.474057985
2026-04-06 10:00:00+00:00,1775469600000,845.02,850.0,842.16,842.16,10554.5,8917204.69035
2026-04-06 11:00:00+00:00,1775473200000,844.44,849.14,840.0,846.74,39860.935747,33674801.5317094
2026-04-06 12:00:00+00:00,1775476800000,846.0,850.03,844.0,844.03,35794.5,30329470.90845
2026-04-06 13:00:00+00:00,1775480400000,831.51,845.0,804.05,805.25,1133291.5930769998,928164114.7926732
2026-04-06 14:00:00+00:00,1775484000000,805.73,814.49,791.0,812.86,1027646.444439,823462653.040904
2026-04-06 15:00:00+00:00,1775487600000,816.34,817.9999,795.0,797.19,548630.165163,443558052.09544474
2026-04-06 16:00:00+00:00,1775491200000,792.51,797.2399,775.08,779.5,722830.7160649999,566371983.6467257
2026-04-06 17:00:00+00:00,1775494800000,779.9,782.75,768.86,772.66,582653.2423650001,451625307.2420953
2026-04-06 18:00:00+00:00,1775498400000,772.665,778.57,767.01,775.23,452156.4781869999,349938141.39798206
2026-04-06 19:00:00+00:00,1775502000000,775.72,778.072,769.0,772.32,648294.4589689998,501100887.6256817
2026-04-06 20:00:00+00:00,1775505600000,775.0,775.0,772.01,775.0,27314.355214000003,21114878.83409541
2026-04-06 21:00:00+00:00,1775509200000,774.97,785.0,774.97,783.95,22500.0,17571192.75
2026-04-06 22:00:00+00:00,1775512800000,783.0,784.5,778.0,780.2167,12394.0,9691373.0358
2026-04-06 23:00:00+00:00,1775516400000,780.5,781.5,778.88,779.5,2883.0,2249604.0351
2026-04-07 00:00:00+00:00,1775520000000,777.51,782.18,774.99,775.85,4190.0,3262046.41
2026-04-07 01:00:00+00:00,1775523600000,775.51,775.51,765.08,765.08,5228.0,4027282.2
2026-04-07 02:00:00+00:00,1775527200000,765.49,771.61,765.0,768.61,3726.0,2862708.52
2026-04-07 03:00:00+00:00,1775530800000,769.93,772.62,768.7,769.65,1763.0,1358542.5
2026-04-07 04:00:00+00:00,1775534400000,770.26,772.89,766.84,772.3,1952.0,1502414.87
2026-04-07 05:00:00+00:00,1775538000000,772.28,775.39,769.02,772.26,2362.0,1824545.25
2026-04-07 06:00:00+00:00,1775541600000,772.31,780.72,772.0,780.35,5137.0,3992193.94
2026-04-07 07:00:00+00:00,1775545200000,780.56,783.0,778.78,781.99,4088.0,3194491.37
2026-04-07 08:00:00+00:00,1775548800000,783.09,793.65,770.0,793.65,31197.87592,24406884.518689185
2026-04-07 09:00:00+00:00,1775552400000,792.3,797.0,790.87,793.0,16005.08492,12689730.810348503
2026-04-07 10:00:00+00:00,1775556000000,792.26,794.0,771.79,773.0,22462.228899,17558257.1159872
2026-04-07 11:00:00+00:00,1775559600000,774.0,777.77,768.0,770.0,32030.728736,24742552.81159677
2026-04-07 12:00:00+00:00,1775563200000,770.1,777.8,763.2663,775.5,52826.850083,40696273.32529079
2026-04-07 13:00:00+00:00,1775566800000,776.47,808.99,770.0,795.68,1137094.884681,902531085.7463953
2026-04-07 14:00:00+00:00,1775570400000,790.515,808.475,782.0,790.15,874833.5924379999,696747217.359766
2026-04-07 15:00:00+00:00,1775574000000,788.48,799.9,776.77,796.56,703259.676665,555015560.8406277
2026-04-07 16:00:00+00:00,1775577600000,800.87,810.8799,797.9,800.75,515487.3390159999,415284384.1701086
2026-04-07 17:00:00+00:00,1775581200000,799.195,804.5,793.1501,794.35,269189.4826429999,215065653.04593647
2026-04-07 18:00:00+00:00,1775584800000,794.39,806.25,791.5,793.91,374824.729293,299826349.068547
2026-04-07 19:00:00+00:00,1775588400000,794.52,816.92,790.9001,815.525,758121.4428689999,611383626.055212
2026-04-07 20:00:00+00:00,1775592000000,815.75,818.1,813.7,815.0,89698.99681800001,73161515.69105388
2026-04-07 21:00:00+00:00,1775595600000,816.14,821.0,815.86,819.0,11453.215344,9377620.137142012
2026-04-07 22:00:00+00:00,1775599200000,820.99,855.0,820.99,854.6,122820.471278,103074550.41835316
2026-04-07 23:00:00+00:00,1775602800000,854.4,868.31,847.0,862.5,128260.520683,110010741.62868212
2026-04-08 00:00:00+00:00,1775606400000,850.0,876.9,849.99,865.46,16803.0,14602198.54
2026-04-08 01:00:00+00:00,1775610000000,866.26,869.37,862.14,867.8,8064.0,6982357.38
2026-04-08 02:00:00+00:00,1775613600000,867.8,871.06,866.07,868.6,5609.0,4872709.62
2026-04-08 03:00:00+00:00,1775617200000,868.78,868.78,865.81,867.01,3431.0,2974840.45
2026-04-08 04:00:00+00:00,1775620800000,867.48,871.31,866.01,869.66,5268.0,4579150.96
2026-04-08 05:00:00+00:00,1775624400000,868.99,872.0,867.44,872.0,8141.0,7085646.71
2026-04-08 06:00:00+00:00,1775628000000,872.05,873.53,870.1,873.52,6859.0,5982761.13
2026-04-08 07:00:00+00:00,1775631600000,873.53,873.53,868.93,869.2,9473.0,8245824.72
2026-04-08 08:00:00+00:00,1775635200000,870.0,876.99,866.84,871.09,67134.14226,58510204.47332224
2026-04-08 09:00:00+00:00,1775638800000,875.5,875.5,872.0,872.4952,6230.529099,5441746.60727824
2026-04-08 10:00:00+00:00,1775642400000,872.53,873.7295,855.09,859.0,42926.19729899999,37121193.20062216
2026-04-08 11:00:00+00:00,1775646000000,860.0,868.09,857.9004,865.0,59387.921752,51307547.6692933
2026-04-08 12:00:00+00:00,1775649600000,866.0,872.43,861.21,868.0,87973.497112,76360089.36619574
2026-04-08 13:00:00+00:00,1775653200000,877.425,887.8,850.36,859.74,1248508.501436,1081624614.9779549
2026-04-08 14:00:00+00:00,1775656800000,866.02,878.6599,842.0,847.79,1106100.5908459995,957697065.5532552
2026-04-08 15:00:00+00:00,1775660400000,848.74,882.98,847.165,882.49,827354.088864,719749574.3620726
2026-04-08 16:00:00+00:00,1775664000000,882.88,899.879,881.78,896.35,720331.0699830002,641842644.0679405
2026-04-08 17:00:00+00:00,1775667600000,895.22,900.87,890.255,895.2,553824.2176290001,495688514.1505793
2026-04-08 18:00:00+00:00,1775671200000,895.29,898.72,888.99,890.15,568630.3192420002,508671265.8186233
2026-04-08 19:00:00+00:00,1775674800000,891.41,901.3,888.33,895.63,1000715.66901,896295392.0977502
2026-04-08 20:00:00+00:00,1775678400000,896.02,899.99,894.01,894.01,65938.00805,59123605.04526792
2026-04-08 21:00:00+00:00,1775682000000,896.0,897.0,895.01,897.0,4478.0,4012030.9628
2026-04-08 22:00:00+00:00,1775685600000,897.0,898.49,893.0,893.0,11460.032244,10265728.421701211
2026-04-08 23:00:00+00:00,1775689200000,894.0,894.0,889.05,890.35,12030.243595,10715085.334951004
2026-04-09 00:00:00+00:00,1775692800000,893.71,893.72,883.1,883.7,6231.0,5520531.21
2026-04-09 01:00:00+00:00,1775696400000,883.99,885.48,877.71,885.48,6319.0,5568268.23
2026-04-09 02:00:00+00:00,1775700000000,885.47,892.79,884.99,891.34,4948.0,4398480.14
2026-04-09 03:00:00+00:00,1775703600000,891.08,891.95,885.04,887.0,1690.0,1500266.68
2026-04-09 04:00:00+00:00,1775707200000,886.96,889.99,885.0,885.0,1830.0,1624213.46
2026-04-09 05:00:00+00:00,1775710800000,885.12,890.93,883.11,889.31,4159.0,3693550.73
2026-04-09 06:00:00+00:00,1775714400000,889.92,892.01,889.24,890.85,2088.0,1859965.93
2026-04-09 07:00:00+00:00,1775718000000,890.83,892.02,882.51,884.97,2329.0,2065157.23
2026-04-09 08:00:00+00:00,1775721600000,887.0,892.0,883.0,887.0,18931.786687,16791796.208440248
2026-04-09 09:00:00+00:00,1775725200000,885.0,896.0,885.0,896.0,5223.734469,4659674.576290486
2026-04-09 10:00:00+00:00,1775728800000,897.2072,905.8,897.2072,903.0,4441.638892,4009743.6977474815
2026-04-09 11:00:00+00:00,1775732400000,898.03,914.0,896.9,909.6,53959.536519,48976902.12492824
2026-04-09 12:00:00+00:00,1775736000000,909.91,912.9299,903.4101,909.91,46732.339682,42441128.570998445
2026-04-09 13:00:00+00:00,1775739600000,918.125,960.01,902.6544,951.8,1466681.07536,1383483151.3558815
2026-04-09 14:00:00+00:00,1775743200000,949.84,955.0,909.57,924.66,1445215.5343089993,1345448403.8937063
2026-04-09 15:00:00+00:00,1775746800000,922.71,923.62,895.0,903.01,990554.1877880002,895995389.7446638
2026-04-09 16:00:00+00:00,1775750400000,902.5,909.02,883.0657,889.03,875758.1201399998,783364149.6764256
2026-04-09 17:00:00+00:00,1775754000000,887.34,889.1,878.66,880.0,461951.37588700006,408380537.85033786
2026-04-09 18:00:00+00:00,1775757600000,877.33,885.7,871.7301,885.13,463436.062898,407314326.4299025
2026-04-09 19:00:00+00:00,1775761200000,884.25,901.0,882.35,894.235,712307.3356439999,635657937.7158889
2026-04-09 20:00:00+00:00,1775764800000,894.13,897.98,894.0,896.0,152728.29518500002,136575995.05150673
2026-04-09 21:00:00+00:00,1775768400000,897.0,897.98,895.3876,896.7697,6375.0,5719519.3125
2026-04-09 22:00:00+00:00,1775772000000,897.0,897.9,895.2674,895.89,6052.56,5429016.18996
2026-04-09 23:00:00+00:00,1775775600000,895.88,896.931,895.5,896.5,5593.068103,5011851.567020118
2026-04-10 00:00:00+00:00,1775779200000,895.98,915.99,895.76,910.44,9406.0,8547422.33
2026-04-10 01:00:00+00:00,1775782800000,911.43,924.3,910.45,921.51,15695.0,14384577.42999999
2026-04-10 02:00:00+00:00,1775786400000,921.99,921.99,912.01,919.58,10577.0,9708111.17
2026-04-10 03:00:00+00:00,1775790000000,919.52,919.52,913.99,917.08,7484.0,6857265.49
2026-04-10 04:00:00+00:00,1775793600000,917.09,962.99,915.32,951.0,45445.0,42838955.9
2026-04-10 05:00:00+00:00,1775797200000,951.0,957.98,940.52,947.02,27050.0,25678222.99999999
2026-04-10 06:00:00+00:00,1775800800000,947.22,950.01,932.99,932.99,16983.0,16010705.61000001
2026-04-10 07:00:00+00:00,1775804400000,933.0,939.99,924.41,937.89,19294.0,17990092.24999999
2026-04-10 08:00:00+00:00,1775808000000,935.97,962.43,918.0,933.01,172057.11600999997,161958584.90573663
2026-04-10 09:00:00+00:00,1775811600000,933.08,944.0893,933.0,942.5,13490.0,12673082.023
2026-04-10 10:00:00+00:00,1775815200000,943.17,944.05,937.01,940.0,19819.093386,18649471.571734548
2026-04-10 11:00:00+00:00,1775818800000,937.6,945.078,936.39,938.9426,52412.43328900001,49310366.73608724
2026-04-10 12:00:00+00:00,1775822400000,939.2206,950.0,938.6058,944.07,78692.95567800001,74323694.56918599
2026-04-10 13:00:00+00:00,1775826000000,905.435,945.0,863.0001,903.76,2113363.3513820004,1893145395.4232824
2026-04-10 14:00:00+00:00,1775829600000,901.67,921.68,895.59,917.12,1016628.9384250002,924334280.2500864
2026-04-10 15:00:00+00:00,1775833200000,922.05,931.75,899.0,902.08,883633.3374310002,811733153.1242447
2026-04-10 16:00:00+00:00,1775836800000,904.87,904.88,892.0,899.64,608728.4644460003,546883661.2622193
2026-04-10 17:00:00+00:00,1775840400000,899.58,902.54,885.09,898.575,522446.318626,467140099.0916197
2026-04-10 18:00:00+00:00,1775844000000,900.59,905.02,892.4948,904.44,468995.942523,421780620.2021935
2026-04-10 19:00:00+00:00,1775847600000,905.0,911.0199,892.5001,898.0,827775.913337,745898942.1970105
2026-04-10 20:00:00+00:00,1775851200000,897.3,898.0,896.13,897.3,18564.614329,16657423.230984574
2026-04-10 21:00:00+00:00,1775854800000,896.25,896.545,893.0684,893.55,2044.0,1830137.9152
2026-04-10 22:00:00+00:00,1775858400000,895.81,896.2,894.77,894.77,1799.0,1611311.0496
2026-04-10 23:00:00+00:00,1775862000000,894.8,894.88,892.0,894.88,7975.0,7129693.065
2026-04-13 00:00:00+00:00,1776038400000,883.76,884.99,854.99,883.51,23304.0,20381182.28000001
2026-04-13 01:00:00+00:00,1776042000000,884.01,890.99,876.99,887.39,24372.0,21566046.33
2026-04-13 02:00:00+00:00,1776045600000,887.38,887.89,883.63,887.81,4501.0,3984307.12
2026-04-13 03:00:00+00:00,1776049200000,887.02,888.01,877.74,880.0,5835.0,5140239.43
2026-04-13 04:00:00+00:00,1776052800000,880.5,881.98,878.05,880.02,2247.0,1976776.04
2026-04-13 05:00:00+00:00,1776056400000,880.05,884.89,879.28,883.17,3618.0,3186912.03
2026-04-13 06:00:00+00:00,1776060000000,884.0,890.36,884.0,889.3,3299.0,2926623.61
2026-04-13 07:00:00+00:00,1776063600000,889.9,890.78,884.62,887.11,2744.0,2434383.01
2026-04-13 08:00:00+00:00,1776067200000,885.5,895.2,879.0,887.83,24986.423112,22123376.30749228
2026-04-13 09:00:00+00:00,1776070800000,886.99,889.0,886.53,888.0,2387.0,2119286.9698
2026-04-13 10:00:00+00:00,1776074400000,887.0,889.0,886.0,889.0,4683.837687,4156671.75532815
2026-04-13 11:00:00+00:00,1776078000000,889.7685,891.3645,881.0201,882.5,25793.491333,22851124.60267936
2026-04-13 12:00:00+00:00,1776081600000,881.53,884.99,880.1,883.2,16699.48312,14740291.41062004
2026-04-13 13:00:00+00:00,1776085200000,888.11,905.9,851.02,860.84,1334222.1092600003,1167989108.4897113
2026-04-13 14:00:00+00:00,1776088800000,867.095,873.0,841.05,870.9,1358048.218232,1167180516.5716527
2026-04-13 15:00:00+00:00,1776092400000,867.73,876.4646,863.3301,864.13,711757.1908649997,619110390.8317089
2026-04-13 16:00:00+00:00,1776096000000,863.81,865.9,853.99,864.0,576548.2136859999,495546475.9879349
2026-04-13 17:00:00+00:00,1776099600000,864.21,864.69,853.0683,860.01,452081.92678,388281186.7402824
2026-04-13 18:00:00+00:00,1776103200000,863.79,873.9899,856.06,873.01,481330.916774,415584145.92744726
2026-04-13 19:00:00+00:00,1776106800000,873.14,878.0,866.2,870.76,761796.3598700002,663979955.1310645
2026-04-13 20:00:00+00:00,1776110400000,871.18,874.0,870.74,873.5,338920.1426939999,294793621.30761206
2026-04-13 21:00:00+00:00,1776114000000,873.0,877.0,872.8748,875.31,13297.697955,11633522.970406841
2026-04-13 22:00:00+00:00,1776117600000,876.0,886.0,875.0,882.5,42190.945512000006,37257524.50052544
2026-04-13 23:00:00+00:00,1776121200000,882.23,883.1,878.11,881.5,22624.266348,19924582.77991884
2026-04-14 00:00:00+00:00,1776124800000,886.56,891.92,880.01,889.49,9506.0,8422660.01
2026-04-14 01:00:00+00:00,1776128400000,889.25,889.58,881.49,881.64,5258.0,4662550.65
2026-04-14 02:00:00+00:00,1776132000000,881.71,885.26,878.11,881.7,3850.0,3396807.49
2026-04-14 03:00:00+00:00,1776135600000,881.7,885.01,879.99,885.01,3523.0,3107769.32
2026-04-14 04:00:00+00:00,1776139200000,885.19,887.49,884.01,884.01,4857.0,4305881.28
2026-04-14 05:00:00+00:00,1776142800000,884.02,884.49,877.01,877.59,4881.0,4295993.99
2026-04-14 06:00:00+00:00,1776146400000,877.59,877.99,871.19,875.01,4135.0,3615362.28
2026-04-14 07:00:00+00:00,1776150000000,875.05,882.97,875.03,881.1,10135.0,8927712.37
2026-04-14 08:00:00+00:00,1776153600000,882.89,894.0,875.68,892.5,53739.53455599999,47424784.56474192
2026-04-14 09:00:00+00:00,1776157200000,892.0,893.0,889.0,889.0,9212.5,8205839.07
2026-04-14 10:00:00+00:00,1776160800000,889.8421,890.7,883.0,883.02,12300.351135,10903440.847756794
2026-04-14 11:00:00+00:00,1776164400000,883.8602,888.8,882.0465,885.1,17062.501511,15119836.751463886
2026-04-14 12:00:00+00:00,1776168000000,888.0,888.99,880.0,885.0,49097.61736,43426395.766602024
2026-04-14 13:00:00+00:00,1776171600000,902.97,904.99,836.0,845.08,1218948.6426980004,1053616787.3353856
2026-04-14 14:00:00+00:00,1776175200000,843.99,874.35,836.94,863.0,1081198.620598,929527321.2614781
2026-04-14 15:00:00+00:00,1776178800000,858.59,862.78,852.0421,856.6,424492.974203,363945079.2331757
2026-04-14 16:00:00+00:00,1776182400000,853.98,866.6842,853.3,859.8,343491.33902500005,295817592.14644396
2026-04-14 17:00:00+00:00,1776186000000,860.355,871.33,859.755,867.69,352560.315484,306035469.083848
2026-04-14 18:00:00+00:00,1776189600000,867.74,869.99,861.5501,864.26,361198.934553,312700464.651421
2026-04-14 19:00:00+00:00,1776193200000,862.25,864.62,849.88,852.84,924561.665534,790480068.5872613
2026-04-14 20:00:00+00:00,1776196800000,852.79,862.6536,850.4,852.0099,270664.178915,230895274.57567593
2026-04-14 21:00:00+00:00,1776200400000,851.0,853.0,848.3082,852.0986,4029.0,3426415.1049
2026-04-14 22:00:00+00:00,1776204000000,852.01,854.0,852.01,852.51,1824.0,1555289.232
2026-04-14 23:00:00+00:00,1776207600000,851.74,852.7691,850.5,851.01,2527.0,2152549.3927
2026-04-15 00:00:00+00:00,1776211200000,856.0,857.0,849.49,854.17,4104.0,3502611.39
2026-04-15 01:00:00+00:00,1776214800000,854.59,861.7,853.8,860.87,4289.0,3680512.31
2026-04-15 02:00:00+00:00,1776218400000,861.16,861.61,856.37,858.4,2955.0,2539550.23
2026-04-15 03:00:00+00:00,1776222000000,858.96,860.98,855.0,859.1,2717.0,2332705.08
2026-04-15 04:00:00+00:00,1776225600000,859.1,859.81,854.01,854.01,2746.0,2353493.33
2026-04-15 05:00:00+00:00,1776229200000,854.99,856.64,840.99,843.89,8746.0,7409881.72
2026-04-15 06:00:00+00:00,1776232800000,844.45,849.91,844.45,846.07,4252.0,3603928.74
2026-04-15 07:00:00+00:00,1776236400000,846.42,859.49,846.23,856.29,7974.0,6803234.1
2026-04-15 08:00:00+00:00,1776240000000,857.28,868.0,842.0,866.0,36582.714467,31212287.843001124
2026-04-15 09:00:00+00:00,1776243600000,863.0,863.0,856.52,856.52,1174.0,1010081.3066
2026-04-15 10:00:00+00:00,1776247200000,857.0,858.3,850.0,855.01,8856.235043,7553630.767299918
2026-04-15 11:00:00+00:00,1776250800000,852.87,861.0,852.87,859.0,11788.947709,10114143.779352289
2026-04-15 12:00:00+00:00,1776254400000,855.02,856.24,851.6973,855.97,8064.035623,6890303.948422478
2026-04-15 13:00:00+00:00,1776258000000,850.655,861.0,823.0,833.245,1057840.868045,887840868.6980886
2026-04-15 14:00:00+00:00,1776261600000,835.23,855.4225,826.0,845.96,864012.4504779998,726361788.5226269
2026-04-15 15:00:00+00:00,1776265200000,843.61,850.0,829.11,832.2,672260.5260669999,564271822.0101222
2026-04-15 16:00:00+00:00,1776268800000,828.1,831.08,800.56,808.84,1198970.0504140004,977638740.3435154
2026-04-15 17:00:00+00:00,1776272400000,808.24,816.7987,805.94,814.95,460145.407939,373735115.9130023
2026-04-15 18:00:00+00:00,1776276000000,815.69,818.99,810.6,812.63,555095.4822039999,452571511.5133017
2026-04-15 19:00:00+00:00,1776279600000,813.05,825.89,811.46,823.73,739553.9340279998,606989704.8628082
2026-04-15 20:00:00+00:00,1776283200000,824.01,825.0,816.7159,820.61,16793.407751,13810199.928659959
2026-04-15 21:00:00+00:00,1776286800000,821.0,822.36,820.0,821.5,1823.0,1497741.4338
2026-04-15 22:00:00+00:00,1776290400000,820.8,822.0,820.25,820.31,6761.350367,5552556.14838774
2026-04-15 23:00:00+00:00,1776294000000,821.0,821.0,820.01,820.5,3434.0,2818679.0534
2026-04-16 00:00:00+00:00,1776297600000,820.49,822.06,817.61,820.01,3388.0,2777893.29
2026-04-16 01:00:00+00:00,1776301200000,819.65,823.58,817.11,822.5,4296.0,3523943.77
2026-04-16 02:00:00+00:00,1776304800000,822.68,830.91,822.68,830.48,10327.0,8540462.21
2026-04-16 03:00:00+00:00,1776308400000,830.0,836.36,830.0,833.73,7042.0,5872485.13
2026-04-16 04:00:00+00:00,1776312000000,832.99,834.99,829.99,832.11,1974.0,1642047.03
2026-04-16 05:00:00+00:00,1776315600000,832.32,839.91,830.28,838.04,8859.0,7407311.59
2026-04-16 06:00:00+00:00,1776319200000,838.28,845.47,837.3,839.01,11893.0,10008581.05
2026-04-16 07:00:00+00:00,1776322800000,838.51,841.01,837.01,840.59,2459.0,2062390.83
2026-04-16 08:00:00+00:00,1776326400000,837.0,848.0,832.0,844.05,38493.754420000005,32303346.65856873
2026-04-16 09:00:00+00:00,1776330000000,844.9,845.0,841.5,844.0,7332.0,6184974.588
2026-04-16 10:00:00+00:00,1776333600000,844.0,844.0,828.0,839.0,31524.389549,26316223.084537026
2026-04-16 11:00:00+00:00,1776337200000,835.3,839.98,828.6518,836.12,33977.395715000006,28335870.47623112
2026-04-16 12:00:00+00:00,1776340800000,836.66,838.0,824.01,825.0838,22161.705711,18381559.189998448
2026-04-16 13:00:00+00:00,1776344400000,828.26,885.34,820.16,876.81,1836666.805903,1584391069.444832
2026-04-16 14:00:00+00:00,1776348000000,882.69,897.0,876.3,892.81,1167208.9605970003,1038543198.1972388
2026-04-16 15:00:00+00:00,1776351600000,892.68,903.0,878.9298,881.64,731002.895536,651044409.9167708
2026-04-16 16:00:00+00:00,1776355200000,881.695,882.83,864.22,879.74,483514.934225,423169320.9926213
2026-04-16 17:00:00+00:00,1776358800000,882.06,889.24,879.05,880.62,372950.494577,329947139.4394033
2026-04-16 18:00:00+00:00,1776362400000,878.89,891.88,878.5301,891.15,372250.327417,330316923.6339988
2026-04-16 19:00:00+00:00,1776366000000,891.88,896.66,886.15,891.15,610969.7466870002,544908887.2143669
2026-04-16 20:00:00+00:00,1776369600000,891.22,891.5,879.7943,889.0,26287.71879,23335905.021105327
2026-04-16 21:00:00+00:00,1776373200000,888.912,889.5,888.6,888.66,3936.0,3499165.4016
2026-04-16 22:00:00+00:00,1776376800000,888.74,888.99,888.652,888.79,978.0,869316.7182
2026-04-16 23:00:00+00:00,1776380400000,888.55,889.5,888.55,889.0,3856.0,3428117.032
2026-04-17 00:00:00+00:00,1776384000000,892.0,892.0,884.49,887.01,1285.0,1139841.95
2026-04-17 01:00:00+00:00,1776387600000,886.81,891.89,882.43,891.07,4576.0,4056555.76
2026-04-17 02:00:00+00:00,1776391200000,891.12,891.12,886.51,887.11,775.0,688134.18
2026-04-17 03:00:00+00:00,1776394800000,887.11,891.99,883.62,886.72,2762.0,2450735.47
2026-04-17 04:00:00+00:00,1776398400000,886.51,889.63,886.51,887.0,1206.0,1071208.5
2026-04-17 05:00:00+00:00,1776402000000,888.01,888.62,885.0,888.45,2289.0,2030404.41
2026-04-17 06:00:00+00:00,1776405600000,887.98,905.79,887.96,898.14,15433.0,13841228.16
2026-04-17 07:00:00+00:00,1776409200000,898.76,908.01,898.21,905.06,9601.0,8692592.08
2026-04-17 08:00:00+00:00,1776412800000,904.88,912.03,885.2,908.66,61747.115736,55681079.08609536
2026-04-17 09:00:00+00:00,1776416400000,907.0,912.0,907.0,910.0,10103.430889,9198822.225039562
2026-04-17 10:00:00+00:00,1776420000000,908.82,908.88,903.0,905.0,5770.0,5223543.495
2026-04-17 11:00:00+00:00,1776423600000,903.0,911.0,901.64,910.0,27277.022428,24764413.145555995
2026-04-17 12:00:00+00:00,1776427200000,909.7059,911.6,899.99,905.0,45901.6328,41611142.91989808
2026-04-17 13:00:00+00:00,1776430800000,912.01,920.88,887.0001,891.03,857029.9983390002,773347532.4291842
2026-04-17 14:00:00+00:00,1776434400000,889.635,898.96,866.62,869.21,861206.8655470001,760657605.2876122
2026-04-17 15:00:00+00:00,1776438000000,868.06,876.9499,865.02,870.3,478100.8494119999,417129221.8075068
2026-04-17 16:00:00+00:00,1776441600000,868.995,879.7799,865.38,876.02,381984.728288,333854155.9435653
2026-04-17 17:00:00+00:00,1776445200000,877.97,888.0,875.0,886.8,311718.04318,274604113.66388124
2026-04-17 18:00:00+00:00,1776448800000,886.61,890.8,883.722,887.17,272232.012238,241542535.248776
2026-04-17 19:00:00+00:00,1776452400000,887.73,895.0,883.38,894.125,487503.3876569999,434054637.492078
2026-04-17 20:00:00+00:00,1776456000000,894.07,894.6785,888.0,889.85,56509.50924,50509651.65309946
2026-04-17 21:00:00+00:00,1776459600000,890.1,890.52,889.65,889.65,1603.877381,1428292.7443272867
2026-04-17 22:00:00+00:00,1776463200000,889.02,889.8,888.11,888.9,2679.010518,2381512.29379924
2026-04-17 23:00:00+00:00,1776466800000,888.7973,890.0,888.7,889.169,2015.0,1791847.4145
2026-04-20 00:00:00+00:00,1776643200000,877.99,886.01,869.99,882.98,8530.0,7478531.45
2026-04-20 01:00:00+00:00,1776646800000,882.98,898.01,880.29,895.57,8356.0,7438348.94
2026-04-20 02:00:00+00:00,1776650400000,895.0,895.6,889.14,890.01,3617.0,3226800.62
2026-04-20 03:00:00+00:00,1776654000000,890.78,891.05,886.11,886.11,1772.0,1574729.71
2026-04-20 04:00:00+00:00,1776657600000,886.55,888.08,882.11,883.73,2460.0,2176834.01
2026-04-20 05:00:00+00:00,1776661200000,884.06,885.91,873.01,877.77,4352.0,3817429.84
2026-04-20 06:00:00+00:00,1776664800000,877.99,882.93,877.05,882.75,1922.0,1691340.64
2026-04-20 07:00:00+00:00,1776668400000,882.62,886.86,879.01,879.71,2342.0,2067636.17
2026-04-20 08:00:00+00:00,1776672000000,885.0,885.0,874.5,878.98,18497.08476,16284983.249090554
2026-04-20 09:00:00+00:00,1776675600000,882.2,882.5,880.0,882.5,1964.0,1730634.9668
2026-04-20 10:00:00+00:00,1776679200000,881.22,889.99,880.0,880.0,4014.120683,3548926.2441074713
2026-04-20 11:00:00+00:00,1776682800000,882.5,888.0,879.0,888.0,8454.530327999999,7470625.9065486705
2026-04-20 12:00:00+00:00,1776686400000,885.15,889.54,885.15,886.0,11943.128611,10598976.064033533
2026-04-20 13:00:00+00:00,1776690000000,898.3,906.2,861.97,881.56,890825.029933,782160411.1317128
2026-04-20 14:00:00+00:00,1776693600000,880.595,892.9999,878.0,879.215,752698.10352,666623387.1617808
2026-04-20 15:00:00+00:00,1776697200000,882.07,891.9999,873.5,880.77,302047.629726,266990048.71517012
2026-04-20 16:00:00+00:00,1776700800000,879.76,890.6399,879.01,888.99,226960.37339000005,201114625.3811683
2026-04-20 17:00:00+00:00,1776704400000,890.78,892.04,885.73,889.505,191228.843851,170073694.05075788
2026-04-20 18:00:00+00:00,1776708000000,888.76,899.49,888.35,896.735,290783.354333,260558227.50688148
2026-04-20 19:00:00+00:00,1776711600000,899.69,904.0,893.76,894.915,496359.9099439998,445802972.7726897
2026-04-20 20:00:00+00:00,1776715200000,895.11,895.11,890.0,893.49,18695.35596,16722550.956748152
2026-04-20 21:00:00+00:00,1776718800000,892.7,892.7,891.092,891.092,1812.0,1616801.9376
2026-04-20 22:00:00+00:00,1776722400000,893.0,893.0,892.2314,892.2314,441.89802,395441.590486014
2026-04-20 23:00:00+00:00,1776726000000,892.5,892.535,890.8,892.535,2626.41,2341787.524146
2026-04-21 00:00:00+00:00,1776729600000,894.19,902.98,890.02,901.98,2928.0,2635823.34
2026-04-21 01:00:00+00:00,1776733200000,901.99,904.54,901.25,902.6,2407.0,2173008.46
2026-04-21 02:00:00+00:00,1776736800000,902.33,912.0,899.96,909.0,4810.0,4357706.18
2026-04-21 03:00:00+00:00,1776740400000,909.26,909.74,905.01,906.61,2080.0,1888267.94
2026-04-21 04:00:00+00:00,1776744000000,907.5,908.8,907.06,907.41,1833.0,1663678.04
2026-04-21 05:00:00+00:00,1776747600000,907.41,912.01,906.19,910.96,6433.0,5848275.54
2026-04-21 06:00:00+00:00,1776751200000,910.7,910.95,908.99,909.56,1618.0,1472104.63
2026-04-21 07:00:00+00:00,1776754800000,909.93,910.96,908.32,908.59,2272.0,2066194.32
2026-04-21 08:00:00+00:00,1776758400000,909.0,913.0,906.61,912.89,23665.82211,21533536.271053422
2026-04-21 09:00:00+00:00,1776762000000,909.47,909.5,902.0,903.63,5463.333553,4951157.505406711
2026-04-21 10:00:00+00:00,1776765600000,903.0,909.5,903.0,909.0,6055.0,5488300.44
2026-04-21 11:00:00+00:00,1776769200000,907.5,911.99,907.25,910.0,21394.563243,19461637.195509978
2026-04-21 12:00:00+00:00,1776772800000,910.0,910.0,899.0,901.8,22863.264112,20655011.175089657
2026-04-21 13:00:00+00:00,1776776400000,910.17,925.5,890.3,892.66,887905.9832330003,807270623.7844987
2026-04-21 14:00:00+00:00,1776780000000,888.875,893.4499,849.0,849.45,1410275.8940270003,1225590816.8556745
2026-04-21 15:00:00+00:00,1776783600000,850.68,860.0,844.1101,851.7,761803.1148400002,648706433.8533456
2026-04-21 16:00:00+00:00,1776787200000,854.32,859.8699,842.0,848.77,555155.393912,471721478.36974126
2026-04-21 17:00:00+00:00,1776790800000,847.145,854.26,845.0,848.325,382122.361334,324658036.3918704
2026-04-21 18:00:00+00:00,1776794400000,848.895,853.35,846.58,851.26,332210.9259469999,282265205.8229797
2026-04-21 19:00:00+00:00,1776798000000,852.01,856.9999,832.18,837.43,835646.5526930001,703732641.3547121
2026-04-21 20:00:00+00:00,1776801600000,836.92,852.0,836.19,851.5,64121.161116,54057524.41809492
2026-04-21 21:00:00+00:00,1776805200000,849.0,851.0,848.0,850.7,14034.002216,11928226.84809341
2026-04-21 22:00:00+00:00,1776808800000,851.6,851.6,849.0,850.85,6277.06739,5336055.269483147
2026-04-21 23:00:00+00:00,1776812400000,850.0,853.43,850.0,853.0,9720.0,8280386.352
2026-04-22 00:00:00+00:00,1776816000000,852.11,859.88,852.11,858.01,9619.0,8248563.73
2026-04-22 01:00:00+00:00,1776819600000,858.01,864.81,855.99,863.0,7798.0,6702009.2
2026-04-22 02:00:00+00:00,1776823200000,863.0,864.12,861.0,862.04,4579.0,3949818.73
2026-04-22 03:00:00+00:00,1776826800000,862.03,862.67,859.05,859.21,1368.0,1177809.4
2026-04-22 04:00:00+00:00,1776830400000,859.21,860.98,858.91,860.89,3031.0,2604748.31
2026-04-22 05:00:00+00:00,1776834000000,860.21,863.41,854.96,855.0,7565.0,6499912.56
2026-04-22 06:00:00+00:00,1776837600000,855.01,855.47,849.49,851.76,15658.0,13324527.98999999
2026-04-22 07:00:00+00:00,1776841200000,851.77,853.25,849.11,853.0,13101.0,11165685.77
2026-04-22 08:00:00+00:00,1776844800000,859.0,862.99,849.1,857.5,77848.17733,66507846.5027133
2026-04-22 09:00:00+00:00,1776848400000,860.0,861.13,851.0,851.0,15595.164036,13373247.71852011
2026-04-22 10:00:00+00:00,1776852000000,851.03,853.29,850.0,850.2,22227.117377,18929766.74564507
2026-04-22 11:00:00+00:00,1776855600000,851.99,854.5,850.99,854.0,16986.261525,14489615.710177042
2026-04-22 12:00:00+00:00,1776859200000,853.01,854.5,846.03,848.01,71503.49821199999,60804272.46684237
2026-04-22 13:00:00+00:00,1776862800000,847.1,868.1638,822.22,834.99,1094041.528685,926304284.9526973
2026-04-22 14:00:00+00:00,1776866400000,836.96,852.5,818.0,845.39,1022353.195974,855362433.8848851
2026-04-22 15:00:00+00:00,1776870000000,846.11,859.5775,840.5,856.245,458452.9807100001,389675864.5438858
2026-04-22 16:00:00+00:00,1776873600000,856.65,860.0,851.05,854.62,331613.934416,284074258.19902384
2026-04-22 17:00:00+00:00,1776877200000,854.3,867.95,853.95,864.26,351303.887362,303190395.9909513
2026-04-22 18:00:00+00:00,1776880800000,865.34,870.9999,863.5,867.47,233583.763161,202667737.4710732
2026-04-22 19:00:00+00:00,1776884400000,865.56,874.17,864.0001,873.37,424444.726476,368979987.39902234
2026-04-22 20:00:00+00:00,1776888000000,873.6,877.0,851.4535,868.02,208302.523154,181898970.18959615
2026-04-22 21:00:00+00:00,1776891600000,867.7687,870.76,867.7687,868.4,3434.0,2985249.6876
2026-04-22 22:00:00+00:00,1776895200000,868.53,869.99,865.1,867.0,2994.001793,2598989.3640412623
2026-04-22 23:00:00+00:00,1776898800000,866.8578,867.73,863.31,865.0669,6850.210393,5928523.489895361
2026-04-23 00:00:00+00:00,1776902400000,864.2,868.44,856.29,867.21,4136.0,3574547.49
2026-04-23 01:00:00+00:00,1776906000000,867.34,869.31,844.02,852.96,7521.0,6448532.15
2026-04-23 02:00:00+00:00,1776909600000,852.99,853.0,841.79,845.0,6234.0,5279326.9
2026-04-23 03:00:00+00:00,1776913200000,845.0,845.01,831.99,842.01,13291.0,11125494.45
2026-04-23 04:00:00+00:00,1776916800000,842.03,849.01,840.49,848.02,4632.0,3920061.21
2026-04-23 05:00:00+00:00,1776920400000,848.95,849.44,837.0,841.48,11536.0,9711380.08000001
2026-04-23 06:00:00+00:00,1776924000000,841.49,848.88,840.99,846.99,6034.0,5106846.74
2026-04-23 07:00:00+00:00,1776927600000,847.0,852.08,847.0,850.0,3050.0,2593275.38
2026-04-23 08:00:00+00:00,1776931200000,847.0,855.0,838.0,851.0,42787.50075600001,36191358.24570467
2026-04-23 09:00:00+00:00,1776934800000,848.0,850.55,845.1,849.5,6321.0,5369038.437
2026-04-23 10:00:00+00:00,1776938400000,849.5,853.68,845.0,845.0,14939.396984,12705665.816650812
2026-04-23 11:00:00+00:00,1776942000000,848.49,848.49,840.87,846.0,30792.134927,25998141.311563782
2026-04-23 12:00:00+00:00,1776945600000,847.37,853.68,847.03,849.59,25509.135163,21685277.538363557
2026-04-23 13:00:00+00:00,1776949200000,853.0,881.85,836.95,870.51,760951.2086500002,655240703.7906717
2026-04-23 14:00:00+00:00,1776952800000,868.85,873.0,859.1901,862.515,477133.13790800015,413065608.6822655
2026-04-23 15:00:00+00:00,1776956400000,868.07,871.2,848.78,852.475,434977.009445,373301662.7734944
2026-04-23 16:00:00+00:00,1776960000000,849.705,857.88,842.39,852.68,346213.229708,294230248.043064
2026-04-23 17:00:00+00:00,1776963600000,853.04,858.8064,831.915,846.26,547953.9631020001,461438936.5481294
2026-04-23 18:00:00+00:00,1776967200000,845.955,852.68,843.0,851.165,202645.24451400005,172139150.9920092
2026-04-23 19:00:00+00:00,1776970800000,844.525,848.96,842.25,846.47,359761.334307,304439790.6227431
2026-04-23 20:00:00+00:00,1776974400000,846.89,850.0,841.0,846.0,144054.356528,121994362.15411428
2026-04-23 21:00:00+00:00,1776978000000,847.02,853.75,847.02,853.0,8216.0,6992399.336
2026-04-23 22:00:00+00:00,1776981600000,853.75,854.08,850.0,851.88,7070.350728,6030671.208219201
2026-04-23 23:00:00+00:00,1776985200000,852.0,853.0,851.99,851.99,1402.0,1194780.194
2026-04-24 00:00:00+00:00,1776988800000,851.53,853.49,848.64,850.53,3231.0,2747786.8
2026-04-24 01:00:00+00:00,1776992400000,851.0,852.11,847.35,848.51,4317.0,3666885.91
2026-04-24 02:00:00+00:00,1776996000000,849.98,850.01,846.81,847.5,1074.0,910752.3
2026-04-24 03:00:00+00:00,1776999600000,847.98,847.99,839.15,842.4,5147.0,4335977.54
2026-04-24 04:00:00+00:00,1777003200000,841.89,844.26,840.0,844.17,1346.0,1133074.47
2026-04-24 05:00:00+00:00,1777006800000,844.25,846.0,841.34,846.0,3569.0,3011234.6
2026-04-24 06:00:00+00:00,1777010400000,846.0,850.0,844.05,848.51,3242.0,2747959.38
2026-04-24 07:00:00+00:00,1777014000000,848.99,852.01,848.99,851.62,4192.0,3567942.22
2026-04-24 08:00:00+00:00,1777017600000,841.3335,853.8,840.02,844.0,29703.99284,25202655.705824967
2026-04-24 09:00:00+00:00,1777021200000,846.46,846.46,837.23,837.23,14925.966934000002,12555774.133168375
2026-04-24 10:00:00+00:00,1777024800000,837.23,843.0,834.0,842.0,14793.115903,12424072.356714064
2026-04-24 11:00:00+00:00,1777028400000,840.06,850.3122,840.03,848.0,26181.984203,22179531.18689529
2026-04-24 12:00:00+00:00,1777032000000,847.8,853.73,845.0,846.192,26225.908584,22269772.235557333
2026-04-24 13:00:00+00:00,1777035600000,844.01,852.872,829.13,843.95,649014.0329099998,546417829.6861837
2026-04-24 14:00:00+00:00,1777039200000,839.92,871.0,837.6601,865.24,757941.242919,647838150.3251284
2026-04-24 15:00:00+00:00,1777042800000,863.9,892.9999,863.0,892.02,833002.9583160002,730979171.6900355
2026-04-24 16:00:00+00:00,1777046400000,891.28,893.99,881.8341,887.01,461776.817225,410218650.56123936
2026-04-24 17:00:00+00:00,1777050000000,889.7,893.39,885.0,892.965,292832.99698800006,260407423.53172064
2026-04-24 18:00:00+00:00,1777053600000,893.21,896.11,885.1001,888.725,316276.50171,281805114.6291749
2026-04-24 19:00:00+00:00,1777057200000,887.575,888.89,876.885,881.41,448192.232176,395417596.837276
2026-04-24 20:00:00+00:00,1777060800000,881.64,881.64,876.6029,880.305,42708.15545,37602779.83935155
2026-04-24 21:00:00+00:00,1777064400000,880.0,880.0,876.0,876.75,2782.011376,2441332.9397223424
2026-04-24 22:00:00+00:00,1777068000000,876.0,877.0,876.0,877.0,1511.938679,1326121.264157032
2026-04-24 23:00:00+00:00,1777071600000,877.01,877.93,875.01,877.0,3793.45366,3324312.693723408
2026-04-27 00:00:00+00:00,1777248000000,874.99,893.19,874.99,890.87,8201.0,7289523.75
2026-04-27 01:00:00+00:00,1777251600000,889.66,891.7,885.15,885.61,8406.0,7473779.97
2026-04-27 02:00:00+00:00,1777255200000,885.67,887.7,885.41,886.63,2812.0,2493381.42
2026-04-27 03:00:00+00:00,1777258800000,886.48,886.96,883.03,883.03,2952.0,2612380.24
2026-04-27 04:00:00+00:00,1777262400000,883.02,886.27,881.99,885.22,3437.0,3038928.72
2026-04-27 05:00:00+00:00,1777266000000,885.24,885.24,876.91,877.99,4011.0,3532160.54
2026-04-27 06:00:00+00:00,1777269600000,877.81,878.05,874.72,876.85,2015.0,1765022.67
2026-04-27 07:00:00+00:00,1777273200000,876.72,877.8,874.69,874.69,802.0,702630.68
2026-04-27 08:00:00+00:00,1777276800000,890.83,890.83,873.99,878.0,24288.250523,21357309.60998792
2026-04-27 09:00:00+00:00,1777280400000,876.98,878.23,872.88,872.88,4403.173633,3852209.80011107
2026-04-27 10:00:00+00:00,1777284000000,874.9,877.6,873.5,877.6,5579.434641,4882790.895272452
2026-04-27 11:00:00+00:00,1777287600000,877.0,878.8,875.01,876.04,12991.515203,11396767.73728614
2026-04-27 12:00:00+00:00,1777291200000,878.0,878.0,870.17,872.6782,10586.214346,9247616.124727033
2026-04-27 13:00:00+00:00,1777294800000,855.745,871.5535,811.45,847.76,1851215.858595,1553140300.7858813
2026-04-27 14:00:00+00:00,1777298400000,846.52,853.0,833.5,837.03,845621.192505,713476307.0007207
2026-04-27 15:00:00+00:00,1777302000000,837.29,849.8699,836.0,848.415,389701.273082,328432555.83842987
2026-04-27 16:00:00+00:00,1777305600000,847.915,847.915,840.0,844.72,222901.397965,188176948.87456024
2026-04-27 17:00:00+00:00,1777309200000,844.0,865.37,842.94,864.3,402683.309227,344665382.5951995
2026-04-27 18:00:00+00:00,1777312800000,864.86,867.8548,859.0,860.0,308341.189993,266512610.8503576
2026-04-27 19:00:00+00:00,1777316400000,859.99,861.4233,849.94,859.665,702521.292856,601943145.913168
2026-04-27 20:00:00+00:00,1777320000000,860.0,860.0,855.2,856.0101,10419.141314,8945556.948390324
2026-04-27 21:00:00+00:00,1777323600000,856.41,856.41,856.0,856.0,1269.02,1086352.312022
2026-04-27 22:00:00+00:00,1777327200000,856.25,856.25,854.0,854.0776,4516.0,3861471.7336
2026-04-27 23:00:00+00:00,1777330800000,854.89,857.1,854.1,857.1,4567.0,3906965.2858
2026-04-28 00:00:00+00:00,1777334400000,857.99,857.99,854.98,855.02,1030.0,881052.4
2026-04-28 01:00:00+00:00,1777338000000,854.99,856.54,850.01,851.09,2315.0,1974693.44
2026-04-28 02:00:00+00:00,1777341600000,851.95,852.01,846.48,848.0,2332.0,1981041.07
2026-04-28 03:00:00+00:00,1777345200000,847.99,851.07,847.49,848.99,878.0,745512.61
2026-04-28 04:00:00+00:00,1777348800000,849.92,854.97,848.99,851.52,1058.0,901750.95
2026-04-28 05:00:00+00:00,1777352400000,852.25,852.56,847.32,847.32,871.0,739992.93
2026-04-28 06:00:00+00:00,1777356000000,847.66,852.33,846.0,847.0,3245.0,2758916.97
2026-04-28 07:00:00+00:00,1777359600000,846.92,847.48,844.23,844.26,2189.0,1850719.67
2026-04-28 08:00:00+00:00,1777363200000,851.9,852.0,838.5,846.0,18939.307873,16019927.200224286
2026-04-28 09:00:00+00:00,1777366800000,840.88,840.88,832.02,834.0,8738.177659,7304358.0491032
2026-04-28 10:00:00+00:00,1777370400000,834.2,840.0,831.0,839.97,6520.313331,5445879.799534493
2026-04-28 11:00:00+00:00,1777374000000,838.0,841.32,812.0,814.97,92492.27947100005,76289435.7071305
2026-04-28 12:00:00+00:00,1777377600000,814.96,825.0,809.0,825.0,60011.310749,48928955.98054034
2026-04-28 13:00:00+00:00,1777381200000,814.675,842.0,800.505,825.45,1191638.651893,977673258.7691612
2026-04-28 14:00:00+00:00,1777384800000,821.645,824.2915,780.48,790.0,1548670.7876150005,1236805349.3540845
2026-04-28 15:00:00+00:00,1777388400000,794.99,803.895,790.9567,797.52,534466.9119880002,426093911.3912526
2026-04-28 16:00:00+00:00,1777392000000,796.11,797.99,787.77,789.64,477156.17013500014,378846968.6678309
2026-04-28 17:00:00+00:00,1777395600000,788.555,794.91,782.6,790.19,346807.46152599994,273400737.6280684
2026-04-28 18:00:00+00:00,1777399200000,792.04,797.215,790.0101,796.67,272224.094418,215945192.92066815
2026-04-28 19:00:00+00:00,1777402800000,797.18,800.7699,785.5106,791.83,603673.27643,478047780.99301934
2026-04-28 20:00:00+00:00,1777406400000,791.37,796.65,790.0,795.26,77665.037941,61501677.60535946
2026-04-28 21:00:00+00:00,1777410000000,796.0,800.03,795.1,800.0,12846.208599,10244187.208717933
2026-04-28 22:00:00+00:00,1777413600000,799.805,799.805,796.1079,798.0,2887.1441640000003,2305434.8512624535
2026-04-28 23:00:00+00:00,1777417200000,797.2,802.0,797.0,800.99,12826.5,10261135.8675
2026-04-29 00:00:00+00:00,1777420800000,802.01,810.0,801.03,808.89,8719.0,7039759.53
2026-04-29 01:00:00+00:00,1777424400000,808.89,808.89,797.99,803.49,4157.0,3333416.12
2026-04-29 02:00:00+00:00,1777428000000,803.99,806.99,801.72,805.82,2707.0,2177280.48
2026-04-29 03:00:00+00:00,1777431600000,805.98,809.0,805.01,807.51,3647.0,2942361.86
2026-04-29 04:00:00+00:00,1777435200000,807.79,809.99,806.0,807.49,5843.0,4725032.28
2026-04-29 05:00:00+00:00,1777438800000,807.54,807.54,801.49,803.93,2684.0,2158760.98
2026-04-29 06:00:00+00:00,1777442400000,803.51,806.98,800.99,803.43,3101.0,2492471.88
2026-04-29 07:00:00+00:00,1777446000000,803.45,805.98,801.5,801.53,2925.0,2352043.18
2026-04-29 08:00:00+00:00,1777449600000,803.837,823.99,800.0,818.5,51385.144053,41608714.45427873
2026-04-29 09:00:00+00:00,1777453200000,818.47,822.44,816.0,816.0,7474.085663,6121333.708456605
2026-04-29 10:00:00+00:00,1777456800000,816.0,819.98,816.0,817.7,5925.0,4848793.0725
2026-04-29 11:00:00+00:00,1777460400000,817.0,822.1,815.0,820.0,42179.252636,34549021.61622234
2026-04-29 12:00:00+00:00,1777464000000,820.8566,820.8566,811.69,811.88,16103.0,13119402.3437
2026-04-29 13:00:00+00:00,1777467600000,818.51,854.6616,810.0,851.93,1342441.893156,1116279767.7066834
2026-04-29 14:00:00+00:00,1777471200000,847.5,887.9,840.01,877.29,1671173.9452170003,1452265533.193869
2026-04-29 15:00:00+00:00,1777474800000,879.57,881.0,852.87,853.98,596316.6231819999,514032860.1939722
2026-04-29 16:00:00+00:00,1777478400000,858.08,859.52,840.39,841.51,503876.9790760001,427837004.9390368
2026-04-29 17:00:00+00:00,1777482000000,841.99,849.29,839.41,848.565,345524.88699,291461195.31498253
2026-04-29 18:00:00+00:00,1777485600000,847.7,854.15,841.02,853.18,356212.845992,302058661.92666656
2026-04-29 19:00:00+00:00,1777489200000,854.73,859.93,851.2001,857.71,573598.9430870002,490798214.8555625
2026-04-29 20:00:00+00:00,1777492800000,858.32,881.0,845.0,870.0,118836.522711,103001045.0627116
2026-04-29 21:00:00+00:00,1777496400000,872.3115,882.27,870.72,880.0,30542.30331,26852744.202466704
2026-04-29 22:00:00+00:00,1777500000000,880.01,889.0,880.01,886.5,29464.0,26099888.872
2026-04-29 23:00:00+00:00,1777503600000,885.33,888.0,884.0,887.0,5875.0,5205816.9375
2026-04-30 00:00:00+00:00,1777507200000,883.99,896.11,883.74,895.47,8217.0,7334590.71
2026-04-30 01:00:00+00:00,1777510800000,894.04,894.04,885.34,887.89,4964.0,4413275.68
2026-04-30 02:00:00+00:00,1777514400000,887.89,888.01,876.0,879.99,2195.0,1933880.46
2026-04-30 03:00:00+00:00,1777518000000,880.0,880.61,873.17,874.49,1521.0,1332599.54
2026-04-30 04:00:00+00:00,1777521600000,875.21,876.99,865.99,866.51,8215.0,7158135.94
2026-04-30 05:00:00+00:00,1777525200000,866.9,871.68,865.7,865.83,3740.0,3245640.56
2026-04-30 06:00:00+00:00,1777528800000,866.0,867.76,858.01,866.09,4905.0,4234076.09
2026-04-30 07:00:00+00:00,1777532400000,868.01,873.84,867.05,872.99,4053.0,3530448.86
2026-04-30 08:00:00+00:00,1777536000000,877.0,885.45,860.0,885.0,40726.98721099999,35468909.16363023
2026-04-30 09:00:00+00:00,1777539600000,884.95,885.45,881.9,884.53,3832.029735,3385778.7594730183
2026-04-30 10:00:00+00:00,1777543200000,887.45,888.0,882.98,883.09,2192.0,1939795.9328
2026-04-30 11:00:00+00:00,1777546800000,887.215,892.37,883.01,890.0,22708.579639000003,20191485.733500436
2026-04-30 12:00:00+00:00,1777550400000,890.35,905.0,890.32,902.17,64554.173531,58087291.35668089
2026-04-30 13:00:00+00:00,1777554000000,895.175,904.48,866.21,875.0,958350.274838,847531536.6421354
2026-04-30 14:00:00+00:00,1777557600000,872.86,878.58,856.0,875.69,800865.0028169999,695878248.1272146
2026-04-30 15:00:00+00:00,1777561200000,878.06,893.0,874.9,881.825,637044.2856800002,564113226.2003539
2026-04-30 16:00:00+00:00,1777564800000,878.04,899.78,877.39,890.955,452791.4042309998,403352288.06066793
2026-04-30 17:00:00+00:00,1777568400000,891.83,917.56,891.33,916.8,654087.5894579998,592491245.4361147
2026-04-30 18:00:00+00:00,1777572000000,915.82,919.84,905.0001,906.49,611595.973231,557522021.0557678
2026-04-30 19:00:00+00:00,1777575600000,911.0,921.37,898.01,901.95,962835.272511,876001588.3254864
2026-04-30 20:00:00+00:00,1777579200000,902.32,903.22,881.08,892.7,86915.497884,77754839.07887068
2026-04-30 21:00:00+00:00,1777582800000,891.5,891.5,886.0,889.0,7577.0,6731413.6193
2026-04-30 22:00:00+00:00,1777586400000,889.71,893.73,886.2,886.21,7322.18,6509023.354498
2026-04-30 23:00:00+00:00,1777590000000,886.2,896.0,886.2,893.0,9441.0,8418116.7432
2026-05-01 00:00:00+00:00,1777593600000,894.0,898.63,891.0,896.0,1141.0,1020820.24
2026-05-01 01:00:00+00:00,1777597200000,895.81,902.01,895.8,901.36,1661.0,1494129.98
2026-05-01 02:00:00+00:00,1777600800000,900.01,900.98,898.5,898.69,1368.0,1230983.12
2026-05-01 03:00:00+00:00,1777604400000,898.7,918.98,898.7,913.28,6564.0,5985646.58
2026-05-01 04:00:00+00:00,1777608000000,913.69,919.9,913.69,914.99,2313.0,2120034.68
2026-05-01 05:00:00+00:00,1777611600000,914.99,915.28,908.68,908.69,2469.0,2251581.14
2026-05-01 06:00:00+00:00,1777615200000,909.01,913.46,906.2,912.98,2925.0,2658121.89
2026-05-01 07:00:00+00:00,1777618800000,912.99,913.9,903.94,904.99,1606.0,1459751.4
2026-05-01 08:00:00+00:00,1777622400000,906.0,919.25,902.098,903.0,17894.343549999998,16274039.372497179
2026-05-01 09:00:00+00:00,1777626000000,902.5,914.98,900.49,914.0,11199.065669,10161308.728408381
2026-05-01 10:00:00+00:00,1777629600000,913.0,917.1,911.7,912.91,5344.422183000001,4888804.847477068
2026-05-01 11:00:00+00:00,1777633200000,911.28,913.9497,908.1,910.13,9410.848257,8570813.355544364
2026-05-01 12:00:00+00:00,1777636800000,911.0,914.4,908.0,909.97,19850.0,18107104.495
2026-05-01 13:00:00+00:00,1777640400000,912.71,978.36,905.7,962.495,1459762.2823920008,1395814768.0397108
2026-05-01 14:00:00+00:00,1777644000000,962.805,971.25,949.021,959.92,820575.2559940005,786871029.9868284
2026-05-01 15:00:00+00:00,1777647600000,961.13,985.13,959.0,975.98,614880.43257,599255152.5055743
2026-05-01 16:00:00+00:00,1777651200000,980.54,981.5,963.97,975.45,367641.2732259999,357200297.8305088
2026-05-01 17:00:00+00:00,1777654800000,972.41,974.98,964.36,966.21,204101.573098,197582650.49387908
2026-05-01 18:00:00+00:00,1777658400000,965.38,966.59,949.18,950.11,327835.08568399993,314284087.9842689
2026-05-01 19:00:00+00:00,1777662000000,949.59,953.8,944.6601,949.6,552216.9201929999,524263589.2494462
2026-05-01 20:00:00+00:00,1777665600000,949.93,977.08,945.0,950.5,31551.431205000004,30010860.00812411
2026-05-01 21:00:00+00:00,1777669200000,950.05,952.2499,950.0,952.2499,8777.01614,8345444.990186516
2026-05-01 22:00:00+00:00,1777672800000,952.25,955.98,952.1,954.0,6228.183673,5942726.085078656
2026-05-01 23:00:00+00:00,1777676400000,954.65,956.0,954.35,955.3654,10178.089194,9721654.819712909
2026-05-04 00:00:00+00:00,1777852800000,958.01,984.43,955.53,981.22,22022.0,21427566.44999999
2026-05-04 01:00:00+00:00,1777856400000,981.29,982.98,973.99,981.99,13699.0,13393643.66000001
2026-05-04 02:00:00+00:00,1777860000000,981.79,986.51,978.02,984.99,9507.0,9333070.88
2026-05-04 03:00:00+00:00,1777863600000,984.99,988.85,984.02,984.14,12727.0,12554968.84
2026-05-04 04:00:00+00:00,1777867200000,984.14,986.72,982.55,983.0,4499.0,4428286.45
2026-05-04 05:00:00+00:00,1777870800000,983.03,985.57,979.71,980.98,9643.0,9481682.92
2026-05-04 06:00:00+00:00,1777874400000,981.01,982.91,976.99,980.61,3964.0,3883142.78
2026-05-04 07:00:00+00:00,1777878000000,980.51,984.9,978.57,981.52,4971.0,4873470.84
2026-05-04 08:00:00+00:00,1777881600000,981.97,987.33,977.2,982.2567,41020.47400200002,40303124.36084264
2026-05-04 09:00:00+00:00,1777885200000,982.97,988.0,981.1237,985.0,8412.808281,8282335.719931628
2026-05-04 10:00:00+00:00,1777888800000,985.5,985.5,951.97,973.03,69195.7219,67056515.39874493
2026-05-04 11:00:00+00:00,1777892400000,973.98,983.0,973.98,979.97,44908.53636400001,43947866.42666223
2026-05-04 12:00:00+00:00,1777896000000,982.78,990.0,979.6,987.79,69692.851266,68797528.11364108
2026-05-04 13:00:00+00:00,1777899600000,987.5,997.0,955.4501,966.51,1119728.9505739997,1091972885.4013813
2026-05-04 14:00:00+00:00,1777903200000,965.74,978.4199,952.0,965.0,965619.2926049996,932390980.879452
2026-05-04 15:00:00+00:00,1777906800000,960.33,989.68,960.0,984.23,690640.0242910002,675351809.5212873
2026-05-04 16:00:00+00:00,1777910400000,983.7,984.3099,966.22,983.27,374822.937992,366099196.4862928
2026-05-04 17:00:00+00:00,1777914000000,982.64,993.9999,981.0,993.405,384167.8278800002,379633456.59074974
2026-05-04 18:00:00+00:00,1777917600000,993.31,1004.94,992.465,997.63,592643.8362970001,591830610.4248334
2026-05-04 19:00:00+00:00,1777921200000,995.9,999.44,974.1108,976.21,700476.5559909998,691752680.8673767
2026-05-04 20:00:00+00:00,1777924800000,976.18,976.82,968.41,974.7,41435.100292,40314334.69473178
2026-05-04 21:00:00+00:00,1777928400000,974.75,975.25,968.0,971.53,10289.798592,9997046.619198585
2026-05-04 22:00:00+00:00,1777932000000,972.6,973.95,971.0,972.0,4192.631201,4076130.557817813
2026-05-04 23:00:00+00:00,1777935600000,971.28,973.5,971.28,972.6,5250.552651999999,5108246.398417577
2026-05-05 00:00:00+00:00,1777939200000,976.0,983.01,973.39,979.46,1530.0,1496129.14
2026-05-05 01:00:00+00:00,1777942800000,979.12,983.59,976.01,981.21,4293.0,4206944.23
2026-05-05 02:00:00+00:00,1777946400000,981.49,981.49,976.99,978.99,3785.0,3706353.43
2026-05-05 03:00:00+00:00,1777950000000,978.2,980.58,977.74,979.14,1597.0,1563862.41
2026-05-05 04:00:00+00:00,1777953600000,979.49,980.47,976.99,977.0,1656.0,1620593.5
2026-05-05 05:00:00+00:00,1777957200000,976.99,981.99,975.55,980.0,1977.0,1932529.38
2026-05-05 06:00:00+00:00,1777960800000,980.0,980.68,977.19,979.81,1524.0,1492446.82
2026-05-05 07:00:00+00:00,1777964400000,980.59,986.9,980.58,982.96,6412.0,6313459.03
2026-05-05 08:00:00+00:00,1777968000000,980.0,990.2,976.0048,989.4,23922.820023,23538382.697512392
2026-05-05 09:00:00+00:00,1777971600000,988.0,990.6268,985.0,986.0,5657.26523,5590907.771758192
2026-05-05 10:00:00+00:00,1777975200000,984.0,988.46,983.85,986.8,7324.045536,7227019.510357287
2026-05-05 11:00:00+00:00,1777978800000,987.01,991.0,980.0,982.5,31378.696692,30955153.31979072
2026-05-05 12:00:00+00:00,1777982400000,981.16,986.81,978.05,984.94,44901.877157,44143601.19669888
2026-05-05 13:00:00+00:00,1777986000000,975.835,1004.122,966.06,984.63,1096708.231826,1083810394.6656103
2026-05-05 14:00:00+00:00,1777989600000,982.24,1010.9999,977.273,998.86,1146850.043582,1137929958.6280236
2026-05-05 15:00:00+00:00,1777993200000,993.755,1018.06,988.21,1010.82,614333.663983,615735327.6707436
2026-05-05 16:00:00+00:00,1777996800000,1009.495,1016.1899,1001.9601,1012.905,396526.7259260001,400101414.36022294
2026-05-05 17:00:00+00:00,1778000400000,1012.35,1021.0,1008.97,1019.47,381958.9209249999,388225338.98169535
2026-05-05 18:00:00+00:00,1778004000000,1019.0,1020.0,1006.2301,1011.39,329993.24101700005,333719293.6992953
2026-05-05 19:00:00+00:00,1778007600000,1011.5,1016.99,990.29,995.37,798149.9597030001,803608028.3874332
2026-05-05 20:00:00+00:00,1778011200000,994.56,1035.0,911.85,987.0,888493.5136809999,859371272.9337264
2026-05-05 21:00:00+00:00,1778014800000,988.0,990.0,931.0,940.0,276256.982338,263693477.79802537
2026-05-05 22:00:00+00:00,1778018400000,942.17,975.0,936.25,972.66,119491.71461999998,114389466.20241182
2026-05-05 23:00:00+00:00,1778022000000,972.5,972.8,950.0,959.99,64088.58000399999,61537726.34268078
2026-05-06 00:00:00+00:00,1778025600000,983.0,983.0,955.43,955.81,9901.0,9503890.58
2026-05-06 01:00:00+00:00,1778029200000,955.81,956.16,935.33,947.24,28184.0,26650411.36
2026-05-06 02:00:00+00:00,1778032800000,947.95,953.59,944.49,951.99,6713.0,6371110.69
2026-05-06 03:00:00+00:00,1778036400000,951.99,965.51,951.99,965.51,12150.0,11652849.17
2026-05-06 04:00:00+00:00,1778040000000,965.91,974.27,964.99,969.48,10946.0,10622792.44
2026-05-06 05:00:00+00:00,1778043600000,969.04,972.61,963.04,968.49,4761.0,4607951.8
2026-05-06 06:00:00+00:00,1778047200000,968.49,969.42,960.33,962.04,4789.0,4616117.91
2026-05-06 07:00:00+00:00,1778050800000,962.1,967.49,961.86,966.01,4937.0,4766045.02
2026-05-06 08:00:00+00:00,1778054400000,964.5,1009.4342,961.2148,1002.89,153080.50861699998,150731090.20294973
2026-05-06 09:00:00+00:00,1778058000000,1001.95,1001.95,988.0,993.0,30114.903433,29929630.524099495
2026-05-06 10:00:00+00:00,1778061600000,991.21,1000.0,977.0,985.0,34241.385891000005,33817011.85082131
2026-05-06 11:00:00+00:00,1778065200000,985.0,1005.0,984.0,996.61,137151.93456300002,136398435.54970437
2026-05-06 12:00:00+00:00,1778068800000,996.0,999.01,984.0,986.0,116154.294599,115062467.46062832
2026-05-06 13:00:00+00:00,1778072400000,996.0,1013.5,938.39,938.6,2315195.282059999,2265789477.7798953
2026-05-06 14:00:00+00:00,1778076000000,940.02,944.56,906.0,923.76,2152356.553309001,1985661488.6752913
2026-05-06 15:00:00+00:00,1778079600000,923.77,943.62,913.41,916.565,1142908.817737,1060141075.519713
2026-05-06 16:00:00+00:00,1778083200000,914.47,919.31,902.01,909.31,827893.9172130001,752191628.5806103
2026-05-06 17:00:00+00:00,1778086800000,908.75,933.45,904.32,925.08,718526.4182129999,660317084.1680865
2026-05-06 18:00:00+00:00,1778090400000,925.5,942.5,922.0001,937.595,685429.3015889999,639889310.2484965
2026-05-06 19:00:00+00:00,1778094000000,938.21,948.0,924.0,945.09,1062820.989176,997876674.939807
2026-05-06 20:00:00+00:00,1778097600000,944.28,953.72,930.0,930.0,113356.74606399998,106648373.1816547
2026-05-06 21:00:00+00:00,1778101200000,929.175,930.0,906.0,910.4902,63674.86913,58303671.05684255
2026-05-06 22:00:00+00:00,1778104800000,910.68,924.0,910.0,920.3,20048.455971,18392820.39453967
2026-05-06 23:00:00+00:00,1778108400000,920.6,927.45,920.6,922.0,11274.654572,10420120.31535169
2026-05-07 00:00:00+00:00,1778112000000,929.47,929.48,912.27,917.67,5103.0,4680894.43
2026-05-07 01:00:00+00:00,1778115600000,917.68,924.99,915.49,923.13,5554.0,5115074.31
2026-05-07 02:00:00+00:00,1778119200000,923.53,935.01,920.05,935.01,5074.0,4701145.95
2026-05-07 03:00:00+00:00,1778122800000,933.5,940.01,930.21,936.09,11573.0,10843001.69
2026-05-07 04:00:00+00:00,1778126400000,936.12,941.01,934.8,936.69,5977.0,5605998.94
2026-05-07 05:00:00+00:00,1778130000000,936.01,945.22,934.5,941.73,8103.0,7613278.27
2026-05-07 06:00:00+00:00,1778133600000,941.56,943.66,939.27,941.01,4479.0,4214146.46
2026-05-07 07:00:00+00:00,1778137200000,941.0,942.9,936.66,939.37,6720.0,6318712.57
2026-05-07 08:00:00+00:00,1778140800000,935.99,945.02,930.0,935.35,52024.91733899999,48813949.845820375
2026-05-07 09:00:00+00:00,1778144400000,934.5,934.5,928.0,929.9395,6253.964569,5821972.591792782
2026-05-07 10:00:00+00:00,1778148000000,929.14,932.8,920.91,932.77,17393.145246,16109565.913135692
2026-05-07 11:00:00+00:00,1778151600000,932.62,932.62,923.93,930.3371,22420.517447,20802000.470966768
2026-05-07 12:00:00+00:00,1778155200000,922.25,930.45,921.45,922.25,20107.531997,18610632.80974293
2026-05-07 13:00:00+00:00,1778158800000,920.84,932.0,872.87,875.825,1421882.583704,1270917044.144395
2026-05-07 14:00:00+00:00,1778162400000,874.66,908.98,873.5,895.895,1094857.351901,975944566.4538269
2026-05-07 15:00:00+00:00,1778166000000,895.24,896.17,861.11,861.29,867758.224474,762026831.0437225
2026-05-07 16:00:00+00:00,1778169600000,861.63,874.01,854.62,872.58,1004836.000025,865582812.6335355
2026-05-07 17:00:00+00:00,1778173200000,871.2,872.775,860.3,871.13,557888.772209,483126599.9451669
2026-05-07 18:00:00+00:00,1778176800000,871.115,876.75,866.78,873.96,511167.87320500007,445533918.28547806
2026-05-07 19:00:00+00:00,1778180400000,873.99,893.65,865.0101,892.865,876460.8046190001,772588892.927269
2026-05-07 20:00:00+00:00,1778184000000,892.58,901.72,876.01,884.1387,151803.149648,135356189.2025371
2026-05-07 21:00:00+00:00,1778187600000,885.0,886.92,866.85,870.0,20305.079542,17819577.39593082
2026-05-07 22:00:00+00:00,1778191200000,873.45,880.0,870.0,876.0,9464.040985,8293663.731761285
2026-05-07 23:00:00+00:00,1778194800000,876.0,882.42,876.0,881.667,6563.0,5774485.0835
2026-05-08 00:00:00+00:00,1778198400000,882.62,889.96,882.0,889.96,3217.0,2853592.59
2026-05-08 01:00:00+00:00,1778202000000,889.75,897.4,889.75,890.87,5427.0,4845438.32
2026-05-08 02:00:00+00:00,1778205600000,890.5,891.53,883.24,886.01,3250.0,2884872.78
2026-05-08 03:00:00+00:00,1778209200000,886.0,894.45,884.98,893.0,5520.0,4920720.52
2026-05-08 04:00:00+00:00,1778212800000,893.0,895.86,892.87,895.09,2270.0,2030294.31
2026-05-08 05:00:00+00:00,1778216400000,895.14,906.49,895.1,903.51,9884.0,8902904.61
2026-05-08 06:00:00+00:00,1778220000000,904.19,906.01,901.61,904.48,5269.0,4760194.36
2026-05-08 07:00:00+00:00,1778223600000,904.18,906.49,903.29,904.56,4125.0,3731368.99
2026-05-08 08:00:00+00:00,1778227200000,894.0,924.9507,893.12,921.11,75229.71746700002,68379442.33091818
2026-05-08 09:00:00+00:00,1778230800000,923.0,924.0,910.01,912.01,13170.092284,12088730.248800699
2026-05-08 10:00:00+00:00,1778234400000,914.99,914.99,908.0,908.0,10259.081657,9346266.529762272
2026-05-08 11:00:00+00:00,1778238000000,908.5,916.3,905.0,913.5,37627.095773,34252329.07853878
2026-05-08 12:00:00+00:00,1778241600000,913.7,923.86,913.0,916.0,75886.22013700001,69647788.51784356
2026-05-08 13:00:00+00:00,1778245200000,919.77,929.99,895.76,929.09,1153948.4939459998,1053836423.0103712
2026-05-08 14:00:00+00:00,1778248800000,929.55,934.92,900.1,907.53,1208578.6541010002,1108307475.7691257
2026-05-08 15:00:00+00:00,1778252400000,906.42,908.6599,867.01,869.02,1106550.978393,977738042.9288578
2026-05-08 16:00:00+00:00,1778256000000,869.95,881.8456,867.13,871.78,627580.2623490001,548026807.6170636
2026-05-08 17:00:00+00:00,1778259600000,871.47,884.0,866.0,880.05,627131.2263589998,548683318.5406299
2026-05-08 18:00:00+00:00,1778263200000,880.81,902.0,877.2,899.29,630045.5053410002,562415412.7248887
2026-05-08 19:00:00+00:00,1778266800000,899.97,913.26,898.3205,903.11,870233.2965169997,788739951.3713466
2026-05-08 20:00:00+00:00,1778270400000,903.8,903.8,898.05,902.16,65391.437249,59017047.25024886
2026-05-08 21:00:00+00:00,1778274000000,902.1475,902.8,900.4424,902.8,4817.2,4344744.92076
2026-05-08 22:00:00+00:00,1778277600000,902.0,904.5,899.4432,899.54,12817.013134,11570361.224716237
2026-05-08 23:00:00+00:00,1778281200000,900.0,902.0,899.88,901.5,6570.829826,5920681.69719836
2026-05-11 00:00:00+00:00,1778457600000,908.0,992.89,908.0,946.04,99062.0,94727868.34999998
2026-05-11 01:00:00+00:00,1778461200000,946.04,954.89,937.29,950.31,34607.0,32778589.0
2026-05-11 02:00:00+00:00,1778464800000,949.99,950.99,938.59,942.37,26130.0,24676232.99
2026-05-11 03:00:00+00:00,1778468400000,942.99,943.67,931.0,936.41,18433.0,17278944.98
2026-05-11 04:00:00+00:00,1778472000000,937.49,950.01,935.82,949.21,13815.0,13062483.56
2026-05-11 05:00:00+00:00,1778475600000,949.2,949.51,943.0,943.0,9446.0,8942368.62
2026-05-11 06:00:00+00:00,1778479200000,942.6,948.01,939.36,941.53,7069.0,6665031.66
2026-05-11 07:00:00+00:00,1778482800000,941.77,948.8,937.01,943.89,11173.0,10522783.62
2026-05-11 08:00:00+00:00,1778486400000,945.0,950.0,935.81,943.0,100245.247547,94544981.98668543
2026-05-11 09:00:00+00:00,1778490000000,943.57,954.09,942.67,948.5589,53884.639632,51171779.73047922
2026-05-11 10:00:00+00:00,1778493600000,949.98,950.0,943.0,947.7654,26658.773017,25241038.14093753
2026-05-11 11:00:00+00:00,1778497200000,945.13,953.5,943.0,952.8115,105893.746335,100344035.1089514
2026-05-11 12:00:00+00:00,1778500800000,951.6183,966.99,950.0,957.0,186278.369483,178552958.43245324
2026-05-11 13:00:00+00:00,1778504400000,951.01,1009.19,949.45,967.08,2100495.37193,2052842273.6251729
2026-05-11 14:00:00+00:00,1778508000000,965.33,1064.17,964.24,1063.625,2278065.7549510007,2302336039.697673
2026-05-11 15:00:00+00:00,1778511600000,1064.47,1072.703,1043.0,1064.36,1450634.601125,1534935039.5732567
2026-05-11 16:00:00+00:00,1778515200000,1063.815,1073.33,1050.0,1061.79,774011.2542290001,821079110.8020418
2026-05-11 17:00:00+00:00,1778518800000,1063.97,1065.8199,1050.0,1050.505,442800.90611299983,467211723.02537847
2026-05-11 18:00:00+00:00,1778522400000,1051.57,1060.65,1050.5,1052.37,445224.7215470002,469887811.4296798
2026-05-11 19:00:00+00:00,1778526000000,1053.46,1057.65,1033.0,1053.34,1080957.837522,1132694209.1583428
2026-05-11 20:00:00+00:00,1778529600000,1053.09,1063.62,1047.501,1055.0,44151.776084000005,46565143.070994705
2026-05-11 21:00:00+00:00,1778533200000,1055.5,1055.5,1050.5,1054.01,76802.34990100001,80876729.92371805
2026-05-11 22:00:00+00:00,1778536800000,1052.9857,1059.7,1052.9857,1059.4273,10589.13,11198324.766726
2026-05-11 23:00:00+00:00,1778540400000,1058.5,1060.0,1057.0,1060.0,15985.13826,16930216.399749197
2026-05-12 00:00:00+00:00,1778544000000,1059.66,1065.01,1050.11,1054.38,7504.0,7933019.7
2026-05-12 01:00:00+00:00,1778547600000,1054.99,1057.7,999.99,1017.81,30439.0,31183614.76000001
2026-05-12 02:00:00+00:00,1778551200000,1017.81,1043.59,1014.34,1042.01,10148.0,10464547.07
2026-05-12 03:00:00+00:00,1778554800000,1042.41,1043.33,1029.99,1029.99,4462.0,4626311.35
2026-05-12 04:00:00+00:00,1778558400000,1029.67,1032.85,1017.9,1017.91,5673.0,5804566.54
2026-05-12 05:00:00+00:00,1778562000000,1017.93,1030.81,1015.19,1029.29,9918.0,10135468.57
2026-05-12 06:00:00+00:00,1778565600000,1030.66,1031.27,1022.31,1022.31,3009.0,3088176.69
2026-05-12 07:00:00+00:00,1778569200000,1022.0,1030.78,1017.2,1024.69,6867.0,7035028.93
2026-05-12 08:00:00+00:00,1778572800000,1032.17,1041.1,1015.2,1039.9619,77522.57567800001,79442523.04401407
2026-05-12 09:00:00+00:00,1778576400000,1038.28,1045.6097,1035.0,1038.92,13438.70767,13977308.22761056
2026-05-12 10:00:00+00:00,1778580000000,1040.0,1044.53,1026.0,1032.0,16907.942005999997,17488367.98394717
2026-05-12 11:00:00+00:00,1778583600000,1034.225,1035.45,1018.5,1027.0,40388.44450199999,41386471.23755556
2026-05-12 12:00:00+00:00,1778587200000,1027.0966,1032.45,1012.94,1022.0,65133.54844200001,66560819.88900956
2026-05-12 13:00:00+00:00,1778590800000,1029.97,1085.68,1001.51,1029.32,1638230.2460919996,1709254899.2961953
2026-05-12 14:00:00+00:00,1778594400000,1028.81,1051.08,992.9,994.8,1278438.205677,1305648484.4466293
2026-05-12 15:00:00+00:00,1778598000000,995.49,997.9145,956.53,957.82,1137618.173314,1109786117.1802385
2026-05-12 16:00:00+00:00,1778601600000,957.72,967.7,937.6401,942.495,812866.3802780004,773648097.3153658
2026-05-12 17:00:00+00:00,1778605200000,945.18,981.12,939.99,980.17,741174.9285839999,715419989.2256202
2026-05-12 18:00:00+00:00,1778608800000,980.48,986.88,965.3901,965.91,484063.336824,474508023.3677616
2026-05-12 19:00:00+00:00,1778612400000,966.385,994.0,964.0,992.81,782747.3759379999,768484622.9020832
2026-05-12 20:00:00+00:00,1778616000000,992.37,998.0,986.0,992.0,189087.76430900005,187632242.33445507
2026-05-12 21:00:00+00:00,1778619600000,991.99,994.47,991.99,992.0,8949.62546,8891069.850540312
2026-05-12 22:00:00+00:00,1778623200000,992.0,996.0,991.5001,992.0,11336.952457,11273203.639639044
2026-05-12 23:00:00+00:00,1778626800000,991.0,991.49,969.44,979.6533,25740.100841,25231844.531823862
2026-05-13 00:00:00+00:00,1778630400000,990.99,993.79,974.99,993.32,4593.0,4535121.22
2026-05-13 01:00:00+00:00,1778634000000,993.33,1010.74,993.33,1006.52,18128.0,18175698.43000001
2026-05-13 02:00:00+00:00,1778637600000,1007.01,1007.92,1003.0,1005.0,4956.0,4983965.47
2026-05-13 03:00:00+00:00,1778641200000,1005.36,1013.94,1002.01,1013.93,6945.0,7001381.04
2026-05-13 04:00:00+00:00,1778644800000,1013.95,1024.77,1013.8,1015.01,11117.0,11334175.97
2026-05-13 05:00:00+00:00,1778648400000,1015.49,1022.8,1013.27,1018.22,7382.0,7514635.52
2026-05-13 06:00:00+00:00,1778652000000,1018.23,1029.99,1017.71,1029.03,8022.0,8218951.26
2026-05-13 07:00:00+00:00,1778655600000,1029.52,1032.85,1025.04,1031.01,6944.0,7147416.54
2026-05-13 08:00:00+00:00,1778659200000,1021.98,1050.65,1013.79,1050.65,92405.1631,95426423.83168498
2026-05-13 09:00:00+00:00,1778662800000,1049.5519,1050.0,1038.0,1046.0,27993.064065,29249647.517120194
2026-05-13 10:00:00+00:00,1778666400000,1045.0645,1046.4526,1038.52,1041.2,10104.880646,10534656.37719535
2026-05-13 11:00:00+00:00,1778670000000,1041.55,1055.0,1036.99,1051.99,94700.742713,98985383.11630696
2026-05-13 12:00:00+00:00,1778673600000,1052.9712,1055.0,1013.85,1023.92,103601.610141,107086198.49728748
2026-05-13 13:00:00+00:00,1778677200000,1032.56,1062.1,998.2,1023.78,1067569.7645959998,1096691359.6625552
2026-05-13 14:00:00+00:00,1778680800000,1025.86,1037.03,1007.5,1034.7,636212.168567,651237973.079348
2026-05-13 15:00:00+00:00,1778684400000,1034.86,1036.999,1014.1,1017.515,431658.8050799999,443319592.87455046
2026-05-13 16:00:00+00:00,1778688000000,1018.01,1035.9999,1016.13,1029.95,291281.157877,299440001.36536634
2026-05-13 17:00:00+00:00,1778691600000,1034.06,1056.88,1029.09,1046.045,496887.3151839999,518430162.86619127
2026-05-13 18:00:00+00:00,1778695200000,1047.06,1052.0,1040.35,1042.79,299461.075597,313603514.1914666
2026-05-13 19:00:00+00:00,1778698800000,1041.955,1052.97,1024.38,1030.39,548136.082625,568113669.5467838
2026-05-13 20:00:00+00:00,1778702400000,1030.37,1032.8167,1024.98,1030.25,19562.194497,20149682.409695003
2026-05-13 21:00:00+00:00,1778706000000,1031.3964,1033.0,1030.48,1031.18,2643.998672,2728247.045684608
2026-05-13 22:00:00+00:00,1778709600000,1031.2501,1037.77,1031.2501,1037.0,4968.0305,5141596.09756325
2026-05-13 23:00:00+00:00,1778713200000,1036.31,1040.5,1033.5,1037.0,13436.775089,13946239.822241995
2026-05-14 00:00:00+00:00,1778716800000,1038.48,1043.81,1035.91,1043.01,2784.0,2896177.29
2026-05-14 01:00:00+00:00,1778720400000,1042.44,1042.86,1030.53,1030.72,4432.0,4595920.18
2026-05-14 02:00:00+00:00,1778724000000,1030.46,1034.89,1024.22,1025.0,6645.0,6847686.01
2026-05-14 03:00:00+00:00,1778727600000,1024.62,1027.26,1016.85,1018.01,6341.0,6472718.96
2026-05-14 04:00:00+00:00,1778731200000,1018.26,1026.99,1015.35,1024.09,3289.0,3359477.0
2026-05-14 05:00:00+00:00,1778734800000,1023.99,1028.45,1019.83,1027.0,3162.0,3235069.95
2026-05-14 06:00:00+00:00,1778738400000,1027.55,1031.06,1026.01,1029.0,4835.0,4976187.29
2026-05-14 07:00:00+00:00,1778742000000,1028.61,1029.82,1023.5,1024.01,4995.0,5126641.12
2026-05-14 08:00:00+00:00,1778745600000,1010.0,1035.0,1010.0,1018.0,37473.217840000005,38382037.05566461
2026-05-14 09:00:00+00:00,1778749200000,1020.0,1020.45,1007.85,1014.04,7780.263394,7892561.381749977
2026-05-14 10:00:00+00:00,1778752800000,1011.0,1020.0,1011.0,1020.0,3414.0,3464586.945
2026-05-14 11:00:00+00:00,1778756400000,1019.7,1029.0,1016.9995,1027.0,16752.271817,17139874.155711476
2026-05-14 12:00:00+00:00,1778760000000,1027.47,1028.05,1013.86,1015.0,18495.679749,18876196.9171801
2026-05-14 13:00:00+00:00,1778763600000,1004.11,1024.85,985.0,987.66,758808.7885210002,761836587.3489568
2026-05-14 14:00:00+00:00,1778767200000,987.5,1002.6,983.02,990.37,729454.986343,724107205.9471222
2026-05-14 15:00:00+00:00,1778770800000,991.56,1002.2488,988.37,998.48,341185.431179,339300859.33133966
2026-05-14 16:00:00+00:00,1778774400000,999.275,1011.73,995.9323,1010.0,342551.314293,343438659.21754456
2026-05-14 17:00:00+00:00,1778778000000,1010.55,1014.4399,995.0,1010.17,293042.80548999994,294516371.2374064
2026-05-14 18:00:00+00:00,1778781600000,1009.14,1009.32,996.0,1004.84,256206.0504089999,257354494.02995825
2026-05-14 19:00:00+00:00,1778785200000,1005.67,1013.84,999.51,1001.53,517077.3435529999,519732432.29667586
2026-05-14 20:00:00+00:00,1778788800000,1001.81,1001.81,991.79,995.0,44617.24792,44546261.87855928
2026-05-14 21:00:00+00:00,1778792400000,995.5535,997.71,995.0,997.0,1918.2223,1911510.24835007
2026-05-14 22:00:00+00:00,1778796000000,998.0,998.9,995.02,995.02,3759.248552000001,3746181.404033248
2026-05-14 23:00:00+00:00,1778799600000,996.25,998.8,995.0,995.5126,7008.561018999999,6986936.103975874
2026-05-15 00:00:00+00:00,1778803200000,997.94,1001.81,991.99,1000.51,3031.0,3018792.42
2026-05-15 01:00:00+00:00,1778806800000,999.21,999.21,980.26,980.51,9053.0,8963290.85
2026-05-15 02:00:00+00:00,1778810400000,981.0,985.0,969.99,980.91,13120.0,12816074.19
2026-05-15 03:00:00+00:00,1778814000000,981.01,983.08,978.08,979.11,3319.0,3253210.7
2026-05-15 04:00:00+00:00,1778817600000,978.99,980.0,966.61,968.16,8323.0,8084205.68
2026-05-15 05:00:00+00:00,1778821200000,968.12,968.22,945.0,945.22,25832.0,24663153.71
2026-05-15 06:00:00+00:00,1778824800000,945.23,972.82,943.48,972.82,19795.0,18953810.03
2026-05-15 07:00:00+00:00,1778828400000,972.98,976.99,965.52,971.56,7344.0,7143373.32
2026-05-15 08:00:00+00:00,1778832000000,974.78,978.0,944.25,961.11,110795.46124699998,106490558.9979784
2026-05-15 09:00:00+00:00,1778835600000,962.5,964.0417,957.0,957.64,9799.093157,9406048.590744784
2026-05-15 10:00:00+00:00,1778839200000,957.0,971.45,957.0,967.5,14842.190796,14301681.249562988
2026-05-15 11:00:00+00:00,1778842800000,971.39,971.45,959.07,963.25,30085.834195,28995902.645284057
2026-05-15 12:00:00+00:00,1778846400000,962.74,964.0,952.0,957.0316,55053.295489,52697256.67657096
2026-05-15 13:00:00+00:00,1778850000000,941.11,958.8715,923.0,927.77,1048068.197795,982332207.55428
2026-05-15 14:00:00+00:00,1778853600000,927.82,965.0,924.075,957.19,975349.087572,924018610.8610784
2026-05-15 15:00:00+00:00,1778857200000,958.46,985.3,953.1901,975.13,557294.489912,540801136.5652584
2026-05-15 16:00:00+00:00,1778860800000,973.99,980.6699,968.0001,970.795,260224.277975,253651611.22919083
2026-05-15 17:00:00+00:00,1778864400000,970.69,974.83,966.72,971.96,336444.680341,326410184.1053616
2026-05-15 18:00:00+00:00,1778868000000,971.85,975.8975,963.57,974.49,303710.7734109999,294801660.8416069
2026-05-15 19:00:00+00:00,1778871600000,975.25,987.85,960.08,970.46,1079018.186663,1051488764.0593922
2026-05-15 20:00:00+00:00,1778875200000,970.7,970.7,960.0,964.5,65105.022426,62968412.310525775
2026-05-15 21:00:00+00:00,1778878800000,964.2,964.8,961.0,963.1328,3239.158503,3119290.203437982
2026-05-15 22:00:00+00:00,1778882400000,961.86,963.0,953.5,955.7421,5381.576065,5161238.196170705
2026-05-15 23:00:00+00:00,1778886000000,956.01,957.9,951.0,953.8961,5754.104327,5495286.440602838
2026-05-18 00:00:00+00:00,1779062400000,960.01,963.5,929.98,940.6,14108.0,13237289.6
2026-05-18 01:00:00+00:00,1779066000000,941.0,948.59,935.5,947.0,12341.0,11613961.33
2026-05-18 02:00:00+00:00,1779069600000,946.3,961.97,945.91,951.52,6963.0,6649315.55
2026-05-18 03:00:00+00:00,1779073200000,952.98,957.99,950.38,956.49,2580.0,2461819.23
2026-05-18 04:00:00+00:00,1779076800000,956.94,961.02,955.1,957.01,3782.0,3624424.87
2026-05-18 05:00:00+00:00,1779080400000,957.24,961.25,954.1,958.75,3600.0,3449597.07
2026-05-18 06:00:00+00:00,1779084000000,958.89,962.0,953.24,960.15,4038.0,3865637.53
2026-05-18 07:00:00+00:00,1779087600000,961.97,968.59,960.01,963.36,4948.0,4773706.69
2026-05-18 08:00:00+00:00,1779091200000,966.19,980.0,953.03,977.0,38490.000013,37145440.38954588
2026-05-18 09:00:00+00:00,1779094800000,972.0,978.63,969.0,972.0,7003.420545,6818487.521746676
2026-05-18 10:00:00+00:00,1779098400000,956.02,971.2,936.9,938.05,46137.737868,43711077.40709467
2026-05-18 11:00:00+00:00,1779102000000,943.04,945.6,928.0,935.01,90445.328029,84668431.17073011
2026-05-18 12:00:00+00:00,1779105600000,935.39,955.0,930.0,949.99,78945.54922300001,74439795.15753666
2026-05-18 13:00:00+00:00,1779109200000,953.68,955.26,889.25,893.05,1738895.038449,1588974985.4825923
2026-05-18 14:00:00+00:00,1779112800000,893.045,899.45,857.0,875.47,1778054.8108910008,1560283280.5955791
2026-05-18 15:00:00+00:00,1779116400000,875.935,886.0,869.99,871.0,715624.7780520001,629151542.3713087
2026-05-18 16:00:00+00:00,1779120000000,871.95,891.89,869.0,888.26,675606.796419,593233505.326293
2026-05-18 17:00:00+00:00,1779123600000,888.91,889.13,873.0,883.29,344121.95723700005,302844184.34446466
2026-05-18 18:00:00+00:00,1779127200000,882.305,883.99,861.0,866.63,461720.607131,401675781.40016335
2026-05-18 19:00:00+00:00,1779130800000,867.1,885.79,863.8,884.965,824752.6433149998,724289028.9812138
2026-05-18 20:00:00+00:00,1779134400000,882.01,890.01,879.0,879.55,26329.56011,23270257.431006804
2026-05-18 21:00:00+00:00,1779138000000,878.73,883.0,878.6992,883.0,4253.711875999999,3746490.33911082
2026-05-18 22:00:00+00:00,1779141600000,883.0,889.0,883.0,888.56,9465.243278,8386961.817245912
2026-05-18 23:00:00+00:00,1779145200000,889.01,896.7,886.35,888.47,14685.441889000002,13085393.973616572
2026-05-19 00:00:00+00:00,1779148800000,880.0,892.48,880.0,880.17,2757.0,2445445.42
2026-05-19 01:00:00+00:00,1779152400000,880.16,881.86,866.52,867.01,5574.0,4866165.28
2026-05-19 02:00:00+00:00,1779156000000,866.04,869.46,857.13,868.11,7830.0,6753831.36
2026-05-19 03:00:00+00:00,1779159600000,868.1,874.99,865.44,869.11,4953.0,4311689.63
2026-05-19 04:00:00+00:00,1779163200000,868.61,871.51,864.67,871.14,3632.0,3153060.09
2026-05-19 05:00:00+00:00,1779166800000,871.14,874.79,868.7,873.51,4256.0,3708617.54
2026-05-19 06:00:00+00:00,1779170400000,873.52,886.98,872.32,884.99,5566.0,4903343.3
2026-05-19 07:00:00+00:00,1779174000000,885.29,895.06,885.11,891.68,7497.0,6674800.83
2026-05-19 08:00:00+00:00,1779177600000,890.0,896.0,865.85,880.0,45050.06344599999,39711716.52276953
2026-05-19 09:00:00+00:00,1779181200000,874.04,879.0,864.43,871.99,19266.951649,16760232.611487515
2026-05-19 10:00:00+00:00,1779184800000,870.0,877.9,865.25,872.5526,15746.268342,13722468.180956611
2026-05-19 11:00:00+00:00,1779188400000,870.01,873.0,858.59,860.07,26772.909054000003,23132513.613909557
2026-05-19 12:00:00+00:00,1779192000000,859.67,865.48,857.01,865.0,26392.715902,22718084.45968044
2026-05-19 13:00:00+00:00,1779195600000,857.95,909.43,855.01,875.99,1139432.3646250004,1008728761.7382852
2026-05-19 14:00:00+00:00,1779199200000,877.01,882.7,845.0,860.97,1003370.5113049996,862055607.8187011
2026-05-19 15:00:00+00:00,1779202800000,861.0,878.4,856.22,871.44,558273.311674,484035075.7522213
2026-05-19 16:00:00+00:00,1779206400000,872.77,895.56,869.1201,894.53,498259.041963,439955608.9490289
2026-05-19 17:00:00+00:00,1779210000000,894.74,910.0,890.42,892.8,592908.9690810003,534739796.65150464
2026-05-19 18:00:00+00:00,1779213600000,893.01,898.9632,880.43,882.52,300409.010698,267455854.5557904
2026-05-19 19:00:00+00:00,1779217200000,882.73,892.19,882.17,890.51,575407.5777930001,510333756.62750745
2026-05-19 20:00:00+00:00,1779220800000,891.94,898.99,889.85,892.49,24018.371445,21465670.105779663
2026-05-19 21:00:00+00:00,1779224400000,888.0,893.0,888.0,892.57,5221.0,4643244.6621
2026-05-19 22:00:00+00:00,1779228000000,888.31,894.0,886.85,890.87,5195.022624,4626058.031694634
2026-05-19 23:00:00+00:00,1779231600000,889.58,894.67,889.57,893.253,5163.121475,4610682.966539425
2026-05-20 00:00:00+00:00,1779235200000,890.6,895.01,880.01,893.22,4102.0,3642804.94
2026-05-20 01:00:00+00:00,1779238800000,893.02,897.56,887.02,894.98,5521.0,4929653.11
2026-05-20 02:00:00+00:00,1779242400000,894.01,898.49,887.7,890.09,5030.0,4490541.96
2026-05-20 03:00:00+00:00,1779246000000,888.13,891.28,887.49,890.11,3199.0,2845689.52
2026-05-20 04:00:00+00:00,1779249600000,891.14,892.89,884.98,888.87,18661.0,16558844.40999999
2026-05-20 05:00:00+00:00,1779253200000,890.01,890.18,887.52,890.16,2599.0,2311869.61
2026-05-20 06:00:00+00:00,1779256800000,890.3,899.0,890.3,899.0,2972.0,2661351.05
2026-05-20 07:00:00+00:00,1779260400000,898.5,903.97,897.78,898.57,5482.0,4934070.7
2026-05-20 08:00:00+00:00,1779264000000,907.49,916.0,884.99,915.01,82356.35848899999,74027075.22486216
2026-05-20 09:00:00+00:00,1779267600000,911.0,917.0,910.56,911.0,6177.980936,5645846.108260482
2026-05-20 10:00:00+00:00,1779271200000,914.9612,917.8,912.0,912.0,12949.520982,11851191.820486492
2026-05-20 11:00:00+00:00,1779274800000,915.52,917.21,910.02,912.49,31453.113609,28749227.82573415
2026-05-20 12:00:00+00:00,1779278400000,913.01,916.0,910.02,914.25,26477.168820000006,24191913.78827828
2026-05-20 13:00:00+00:00,1779282000000,913.53,929.26,885.52,890.94,804847.1837320001,728134703.6242336
2026-05-20 14:00:00+00:00,1779285600000,890.59,898.5,872.0,876.175,913902.3645439998,807251512.2357347
2026-05-20 15:00:00+00:00,1779289200000,876.73,890.45,873.001,878.165,546503.6023380001,480946123.2087383
2026-05-20 16:00:00+00:00,1779292800000,878.39,879.02,860.85,867.9,511031.2964539998,444598965.42138773
2026-05-20 17:00:00+00:00,1779296400000,867.9,869.45,859.1701,865.43,379523.548666,327777524.2801988
2026-05-20 18:00:00+00:00,1779300000000,865.95,873.44,860.36,861.305,356318.9667600001,308652931.4601312
2026-05-20 19:00:00+00:00,1779303600000,861.51,869.45,856.23,867.87,864002.3560390002,745661249.3358723
2026-05-20 20:00:00+00:00,1779307200000,870.01,879.7698,860.0,874.01,293434.790526,255040374.0465836
2026-05-20 21:00:00+00:00,1779310800000,870.21,875.9669,868.85,875.01,17945.959836,15673665.731313465
2026-05-20 22:00:00+00:00,1779314400000,867.07,874.0,862.1061,867.07,24906.024815,21609607.825430527
2026-05-20 23:00:00+00:00,1779318000000,869.99,873.0,869.01,869.99,8533.414411,7432376.109816225
2026-05-21 00:00:00+00:00,1779321600000,870.82,877.26,869.7,877.23,2888.0,2522158.29
2026-05-21 01:00:00+00:00,1779325200000,877.23,883.0,875.52,880.25,12827.0,11287551.61999999
2026-05-21 02:00:00+00:00,1779328800000,880.31,887.45,880.01,884.36,4898.0,4330826.93
2026-05-21 03:00:00+00:00,1779332400000,884.48,887.1,882.99,884.99,4500.0,3982246.62
2026-05-21 04:00:00+00:00,1779336000000,885.45,888.01,884.8,887.44,3134.0,2778317.66
2026-05-21 05:00:00+00:00,1779339600000,887.44,890.79,884.03,886.84,7984.0,7087303.54
2026-05-21 06:00:00+00:00,1779343200000,886.99,887.0,864.18,866.66,16760.0,14646288.54
2026-05-21 07:00:00+00:00,1779346800000,867.42,872.25,861.99,870.71,7359.0,6380719.95
2026-05-21 08:00:00+00:00,1779350400000,881.01,890.81,862.0,880.01,73546.70802399999,64513326.25628138
2026-05-21 09:00:00+00:00,1779354000000,877.99,884.32,877.99,881.5,12639.960394,11146380.96197566
2026-05-21 10:00:00+00:00,1779357600000,882.52,884.0,869.284,874.21,20724.068738,18149424.420368936
2026-05-21 11:00:00+00:00,1779361200000,880.0,880.0,870.9,876.51,24596.136121,21546613.69940116
2026-05-21 12:00:00+00:00,1779364800000,873.01,877.5146,870.12,870.99,16858.038596,14731666.755732136
2026-05-21 13:00:00+00:00,1779368400000,868.48,939.4,859.0,938.68,1460938.0930380004,1312954268.123237
2026-05-21 14:00:00+00:00,1779372000000,939.89,951.5,923.34,948.87,1306494.4944690005,1230897848.731136
2026-05-21 15:00:00+00:00,1779375600000,948.51,956.0,939.56,951.8,644668.0831539999,611415265.3564085
2026-05-21 16:00:00+00:00,1779379200000,953.32,959.87,947.1101,948.88,344485.68343299994,328404299.4132756
2026-05-21 17:00:00+00:00,1779382800000,949.99,977.28,948.79,968.08,618952.4710489999,598551859.498472
2026-05-21 18:00:00+00:00,1779386400000,969.54,971.8,958.8,962.0,287158.641935,277569007.80344486
2026-05-21 19:00:00+00:00,1779390000000,964.97,974.94,960.11,964.52,546895.0704930001,528771295.9939044
2026-05-21 20:00:00+00:00,1779393600000,964.99,966.0,960.01,961.38,20744.458238,19978612.254323687
2026-05-21 21:00:00+00:00,1779397200000,962.45,963.87,961.0001,962.66,3862.04,3717970.846044
2026-05-21 22:00:00+00:00,1779400800000,962.4,968.45,962.0,968.3746,5486.011806,5295292.251367952
2026-05-21 23:00:00+00:00,1779404400000,967.65,971.55,967.0,971.13,6033.132664,5843514.924250078
2026-05-22 00:00:00+00:00,1779408000000,967.99,977.02,967.99,969.19,3103.0,3018036.07
2026-05-22 01:00:00+00:00,1779411600000,969.19,969.95,961.5,966.02,6103.0,5891894.2
2026-05-22 02:00:00+00:00,1779415200000,966.02,970.7,964.28,970.7,1584.0,1531226.74
2026-05-22 03:00:00+00:00,1779418800000,969.12,973.56,969.12,971.99,1254.0,1218211.03
2026-05-22 04:00:00+00:00,1779422400000,971.55,976.03,969.99,976.03,3769.0,3667294.04
2026-05-22 05:00:00+00:00,1779426000000,976.18,980.0,974.07,976.57,4008.0,3915578.14
2026-05-22 06:00:00+00:00,1779429600000,976.43,981.0,976.0,977.99,3742.0,3661551.69
2026-05-22 07:00:00+00:00,1779433200000,977.67,980.01,975.23,979.99,2644.0,2586348.3
2026-05-22 08:00:00+00:00,1779436800000,978.01,984.0,968.0,979.85,50231.344379,49013214.185271494
2026-05-22 09:00:00+00:00,1779440400000,968.58,970.1,953.0,961.0,30117.579728000004,28946644.36927104
2026-05-22 10:00:00+00:00,1779444000000,950.0,958.16,934.85,943.35,28055.35858,26545048.850491144
2026-05-22 11:00:00+00:00,1779447600000,949.86,954.9988,945.0,952.01,28948.133611,27499189.784555253
2026-05-22 12:00:00+00:00,1779451200000,951.01,962.21,949.36,959.62,29463.873704,28186729.688039046
2026-05-22 13:00:00+00:00,1779454800000,965.15,971.44,935.11,943.08,629648.6127520001,598054419.4856366
2026-05-22 14:00:00+00:00,1779458400000,941.1,959.889,934.85,957.68,545316.9625550002,515490578.6295732
2026-05-22 15:00:00+00:00,1779462000000,955.33,961.77,950.07,960.72,305889.711984,292512512.5105445
2026-05-22 16:00:00+00:00,1779465600000,960.17,967.0999,953.25,964.995,218469.69740100004,209801191.20661396
2026-05-22 17:00:00+00:00,1779469200000,965.44,966.9999,959.01,965.04,212935.53332300007,205209550.78033495
2026-05-22 18:00:00+00:00,1779472800000,963.76,966.19,954.594,958.1,231405.871826,222203785.92696723
2026-05-22 19:00:00+00:00,1779476400000,955.43,958.19,943.64,946.69,421840.750405,400000536.1298316
2026-05-22 20:00:00+00:00,1779480000000,945.44,950.45,945.0,945.44,27989.59092,26507502.89535871
2026-05-22 21:00:00+00:00,1779483600000,946.0,946.84,944.5,945.2299,3419.010582,3231629.997548199
2026-05-22 22:00:00+00:00,1779487200000,942.01,945.3676,940.0,940.01,6666.501553,6276868.536632741
2026-05-22 23:00:00+00:00,1779490800000,937.99,940.45,935.03,937.99,7489.242846999999,7019465.859860515
2026-05-26 00:00:00+00:00,1779753600000,935.4,999.99,935.4,958.39,17522.0,16914018.65
2026-05-26 01:00:00+00:00,1779757200000,958.4,960.88,956.33,959.53,8449.0,8099561.65
2026-05-26 02:00:00+00:00,1779760800000,959.53,960.81,957.01,957.99,3732.0,3580654.52
2026-05-26 03:00:00+00:00,1779764400000,958.2,961.22,958.18,961.21,2650.0,2544179.58
2026-05-26 04:00:00+00:00,1779768000000,961.2,962.47,959.6,960.56,1580.0,1518447.56
2026-05-26 05:00:00+00:00,1779771600000,959.99,961.19,956.45,959.5,3713.0,3560316.21
2026-05-26 06:00:00+00:00,1779775200000,959.3,967.3,958.93,966.74,3387.0,3265144.13
2026-05-26 07:00:00+00:00,1779778800000,966.01,966.55,959.99,961.12,1804.0,1737296.62
2026-05-26 08:00:00+00:00,1779782400000,967.5,969.97,956.45,967.5,30751.675977000003,29644667.919677164
2026-05-26 09:00:00+00:00,1779786000000,974.0,978.69,969.97,978.68,16285.181599,15865930.998360865
2026-05-26 10:00:00+00:00,1779789600000,955.34,983.0,953.0,955.27,49365.919191,47598076.258851096
2026-05-26 11:00:00+00:00,1779793200000,954.0,958.875,951.47,952.0,51109.171773,48765294.933655865
2026-05-26 12:00:00+00:00,1779796800000,953.06,965.0,952.001,962.0,38965.193309,37325436.66505468
2026-05-26 13:00:00+00:00,1779800400000,963.99,968.0,917.0,921.18,997939.014002,930958544.9090024
2026-05-26 14:00:00+00:00,1779804000000,925.57,939.99,912.0001,923.57,1060705.4535499995,980553352.0230392
2026-05-26 15:00:00+00:00,1779807600000,923.345,926.3703,903.5,907.2,733325.1733900002,669285279.3156809
2026-05-26 16:00:00+00:00,1779811200000,909.35,915.43,903.0201,915.205,496034.55112699984,450487021.7285
2026-05-26 17:00:00+00:00,1779814800000,914.905,924.2292,910.5,914.55,369279.8953519999,338296979.7800613
2026-05-26 18:00:00+00:00,1779818400000,912.99,917.04,906.5,906.845,311217.97707100003,283835774.5763852
2026-05-26 19:00:00+00:00,1779822000000,906.875,914.17,903.04,910.77,646440.092489,587591418.669264
2026-05-26 20:00:00+00:00,1779825600000,910.85,915.0,909.5,915.0,31676.764878,28905447.07841246
2026-05-26 21:00:00+00:00,1779829200000,916.0,916.2,910.81,915.29,12852.187,11757418.4330595
2026-05-26 22:00:00+00:00,1779832800000,915.94,915.94,913.51,914.52,6831.847036,6248793.981667838
2026-05-26 23:00:00+00:00,1779836400000,914.19,917.4285,914.04,917.36,13718.064627000002,12559007.513180755
2026-05-27 00:00:00+00:00,1779840000000,915.26,918.13,911.67,913.58,4978.0,4553492.92
2026-05-27 01:00:00+00:00,1779843600000,913.2,916.51,912.8,916.42,4839.0,4424476.76
2026-05-27 02:00:00+00:00,1779847200000,916.44,918.9,913.31,914.99,4304.0,3942149.81
2026-05-27 03:00:00+00:00,1779850800000,914.81,915.08,910.01,910.45,3460.0,3158557.62
2026-05-27 04:00:00+00:00,1779854400000,910.29,913.04,908.01,909.23,2877.0,2617404.42
2026-05-27 05:00:00+00:00,1779858000000,909.24,909.42,904.39,909.4,4934.0,4471026.82
2026-05-27 06:00:00+00:00,1779861600000,909.42,910.0,905.75,905.98,3059.0,2776398.47
2026-05-27 07:00:00+00:00,1779865200000,905.98,907.98,904.61,905.19,4757.0,4311308.99
2026-05-27 08:00:00+00:00,1779868800000,909.0,916.99,904.4,909.0,39266.340678,35697313.02802268
2026-05-27 09:00:00+00:00,1779872400000,908.65,911.45,904.0,905.5,12337.287568,11197716.989918975
2026-05-27 10:00:00+00:00,1779876000000,907.01,911.0,901.91,903.04,13794.099116,12495696.430868622
2026-05-27 11:00:00+00:00,1779879600000,912.99,914.8465,903.6,904.51,98254.687125,89468753.0022825
2026-05-27 12:00:00+00:00,1779883200000,907.08,910.0,895.78,897.24,62650.79432900002,56597762.774585955
2026-05-27 13:00:00+00:00,1779886800000,900.24,906.99,858.0,893.99,1229440.760088,1078406298.6486332
2026-05-27 14:00:00+00:00,1779890400000,893.27,898.0,875.57,887.14,794388.2236479996,706343714.2175984
2026-05-27 15:00:00+00:00,1779894000000,887.63,895.88,879.42,886.985,418624.035003,370830608.03718096
2026-05-27 16:00:00+00:00,1779897600000,886.71,904.0,883.9401,896.99,333557.50633599993,298649846.048421
2026-05-27 17:00:00+00:00,1779901200000,897.99,901.67,891.65,898.955,193842.399665,173904817.1844163
2026-05-27 18:00:00+00:00,1779904800000,897.55,913.55,896.0001,910.025,289093.882973,262207891.67201632
2026-05-27 19:00:00+00:00,1779908400000,910.44,915.0,900.56,902.22,425046.3821189999,386197865.3721729
2026-05-27 20:00:00+00:00,1779912000000,902.62,905.0,894.1,902.62,23093.963602,20791726.37051662
2026-05-27 21:00:00+00:00,1779915600000,900.99,902.45,897.0506,897.99,3467.9093460000004,3119045.641983896
2026-05-27 22:00:00+00:00,1779919200000,899.66,899.66,896.55,896.88,3336.924573,2996745.4680225453
2026-05-27 23:00:00+00:00,1779922800000,898.54,899.8,893.5,894.01,6873.532612,6154000.220523661
2026-05-28 00:00:00+00:00,1779926400000,893.0,899.24,890.76,899.15,2575.0,2302855.72
2026-05-28 01:00:00+00:00,1779930000000,898.8,899.9,894.03,894.62,2327.0,2086440.72
2026-05-28 02:00:00+00:00,1779933600000,894.84,895.89,890.06,890.16,2621.0,2337820.39
2026-05-28 03:00:00+00:00,1779937200000,890.38,890.98,866.53,870.98,13178.0,11549136.44999999
2026-05-28 04:00:00+00:00,1779940800000,870.99,873.01,864.98,869.8,9613.0,8344079.81
2026-05-28 05:00:00+00:00,1779944400000,869.48,884.99,868.0,879.0,6632.0,5818092.21
2026-05-28 06:00:00+00:00,1779948000000,879.65,883.99,879.05,880.02,8607.0,7587710.59
2026-05-28 07:00:00+00:00,1779951600000,882.05,891.01,882.05,886.64,7195.0,6385936.13
2026-05-28 08:00:00+00:00,1779955200000,889.61,892.4,865.0,889.63,55448.672096,48798230.44807949
2026-05-28 09:00:00+00:00,1779958800000,887.99,890.04,886.3,887.99,5570.956553,4946749.255392975
2026-05-28 10:00:00+00:00,1779962400000,888.25,889.51,884.03,888.25,5413.614275,4805868.4024528125
2026-05-28 11:00:00+00:00,1779966000000,886.24,894.9,884.05,891.33,12813.419056999996,11378686.430426745
2026-05-28 12:00:00+00:00,1779969600000,910.01,922.7789,892.85,921.51,94741.91691300002,86278792.01061217
2026-05-28 13:00:00+00:00,1779973200000,919.57,948.49,890.06,896.44,1012610.4547550002,935034874.1214471
2026-05-28 14:00:00+00:00,1779976800000,898.555,903.85,876.1006,876.8,756026.0298800002,671942175.6836004
2026-05-28 15:00:00+00:00,1779980400000,876.56,899.8,876.0001,899.3,584052.865461,518877763.74605507
2026-05-28 16:00:00+00:00,1779984000000,899.46,901.95,893.0,894.99,360356.838505,322985095.6400589
2026-05-28 17:00:00+00:00,1779987600000,893.07,894.32,867.0,872.53,675201.9749240001,591865238.6892029
2026-05-28 18:00:00+00:00,1779991200000,873.52,874.45,859.02,861.04,834704.7154290001,723448927.2007858
2026-05-28 19:00:00+00:00,1779994800000,860.16,870.4409,854.51,860.45,846485.5274949998,728959730.8032521
2026-05-28 20:00:00+00:00,1779998400000,861.05,863.01,854.5,861.79,253302.230628,217998941.48046827
2026-05-28 21:00:00+00:00,1780002000000,862.0,867.0,861.9,867.0,17803.717231,15407260.335723305
2026-05-28 22:00:00+00:00,1780005600000,865.15,867.8,864.8,866.34,16665.124929999998,14439195.856837263
2026-05-28 23:00:00+00:00,1780009200000,868.38,868.5,866.0715,867.51,16488.535261,14304661.742751071
2026-05-29 00:00:00+00:00,1780012800000,866.64,867.5,863.99,864.99,4050.0,3505399.08
2026-05-29 01:00:00+00:00,1780016400000,864.93,869.81,862.78,869.41,6632.0,5749206.7
2026-05-29 02:00:00+00:00,1780020000000,869.32,870.76,867.13,867.95,4998.0,4344357.85
2026-05-29 03:00:00+00:00,1780023600000,867.54,869.03,865.17,865.86,2844.0,2465881.0
2026-05-29 04:00:00+00:00,1780027200000,865.86,868.79,865.1,867.96,3100.0,2689283.41
2026-05-29 05:00:00+00:00,1780030800000,868.09,873.49,868.0,871.98,6585.0,5737348.83
2026-05-29 06:00:00+00:00,1780034400000,871.96,873.85,870.8,873.38,5997.0,5229461.1
2026-05-29 07:00:00+00:00,1780038000000,873.37,873.78,870.2,870.86,3814.0,3326091.32
2026-05-29 08:00:00+00:00,1780041600000,873.81,879.29,865.71,876.79,45738.45452299999,39931367.695241794
2026-05-29 09:00:00+00:00,1780045200000,877.45,877.99,873.0,875.35,6176.1482940000005,5412111.811305166
2026-05-29 10:00:00+00:00,1780048800000,872.53,874.6,870.27,874.6,5132.582241,4480036.000043742
2026-05-29 11:00:00+00:00,1780052400000,871.81,874.12,870.01,871.99,24731.636583,21566882.3856203
2026-05-29 12:00:00+00:00,1780056000000,870.01,871.0,866.3,869.0,132794.777234,114490584.17066446
2026-05-29 13:00:00+00:00,1780059600000,869.01,869.6,833.51,838.99,995714.818997,843849091.8039509
2026-05-29 14:00:00+00:00,1780063200000,838.99,840.99,822.5,836.295,1329417.7731649994,1104455027.0077913
2026-05-29 15:00:00+00:00,1780066800000,836.91,842.69,827.06,827.07,569248.867344,474357528.9278848
2026-05-29 16:00:00+00:00,1780070400000,827.4,835.66,827.1,834.38,366792.18205599993,305185253.64881927
2026-05-29 17:00:00+00:00,1780074000000,833.43,834.76,827.48,827.885,305129.39969700004,253610985.69687888
2026-05-29 18:00:00+00:00,1780077600000,827.54,837.0,827.31,831.88,297416.58112700004,247715444.9631576
2026-05-29 19:00:00+00:00,1780081200000,832.18,859.64,831.23,854.96,975945.133102,827795100.3849033
2026-05-29 20:00:00+00:00,1780084800000,850.2,861.0,847.469,850.59,169206.24543500002,144604689.50684816
2026-05-29 21:00:00+00:00,1780088400000,851.45,852.935,850.5,851.5,5952.023474,5068789.02103915
2026-05-29 22:00:00+00:00,1780092000000,851.0,851.5,848.0,849.883,4605.923639,3915705.7156318384
2026-05-29 23:00:00+00:00,1780095600000,849.52,850.766,849.05,849.52,5077.054782,4313263.168301398
2026-06-01 00:00:00+00:00,1780272000000,855.0,860.0,841.17,852.79,12783.0,10876115.86
2026-06-01 01:00:00+00:00,1780275600000,852.36,855.5,847.2,848.13,8347.0,7105999.26
2026-06-01 02:00:00+00:00,1780279200000,848.37,849.49,844.51,845.85,8589.0,7268818.56
2026-06-01 03:00:00+00:00,1780282800000,845.99,847.96,843.67,846.5,4183.0,3535794.42
2026-06-01 04:00:00+00:00,1780286400000,846.29,848.5,844.33,845.3,3508.0,2967870.92
2026-06-01 05:00:00+00:00,1780290000000,845.41,847.46,843.32,846.97,3560.0,3009929.33
2026-06-01 06:00:00+00:00,1780293600000,847.72,852.38,846.92,852.36,4271.0,3629418.77
2026-06-01 07:00:00+00:00,1780297200000,852.79,853.49,847.22,848.88,3145.0,2674296.05
2026-06-01 08:00:00+00:00,1780300800000,842.91,853.44,831.01,834.99,49812.281235,41922768.05282264
2026-06-01 09:00:00+00:00,1780304400000,828.01,836.5,823.0,825.01,34891.07479400001,28935224.15238388
2026-06-01 10:00:00+00:00,1780308000000,828.34,828.9619,825.2767,827.97,19239.048226,15921122.370945314
2026-06-01 11:00:00+00:00,1780311600000,827.86,829.0,807.5,815.01,128584.613013,104655646.59588446
2026-06-01 12:00:00+00:00,1780315200000,817.0,832.0,815.5107,830.22,93992.332098,77489853.97149068
2026-06-01 13:00:00+00:00,1780318800000,832.85,886.58,806.62,835.825,1551327.5314429996,1319101401.4908867
2026-06-01 14:00:00+00:00,1780322400000,835.505,878.92,828.0,866.06,1398171.12067,1193533816.7289543
2026-06-01 15:00:00+00:00,1780326000000,865.58,896.93,860.24,883.23,1185200.0335240003,1050794557.0822712
2026-06-01 16:00:00+00:00,1780329600000,881.79,902.0,879.31,901.65,568378.625179,506332709.3185848
2026-06-01 17:00:00+00:00,1780333200000,902.51,931.85,901.81,921.71,1120354.423372,1031074051.5861392
2026-06-01 18:00:00+00:00,1780336800000,921.75,924.185,906.0,913.34,510859.18186,466092693.92544454
2026-06-01 19:00:00+00:00,1780340400000,914.29,917.45,899.05,905.205,695479.4191500002,630950821.7509477
2026-06-01 20:00:00+00:00,1780344000000,898.94,918.0,898.0,915.01,62843.04075500001,57063806.198047936
2026-06-01 21:00:00+00:00,1780347600000,921.0,923.36,915.1807,920.99,41825.675125,38330265.81169613
2026-06-01 22:00:00+00:00,1780351200000,919.99,921.8,915.0,919.99,21357.299813,19639732.947658647
2026-06-01 23:00:00+00:00,1780354800000,916.19,916.19,913.0,913.0,7555.476506999999,6912757.053621982
2026-06-02 00:00:00+00:00,1780358400000,912.54,912.93,888.01,893.01,9446.0,8474001.68
2026-06-02 01:00:00+00:00,1780362000000,893.51,901.65,893.01,893.01,7899.0,7092837.54
2026-06-02 02:00:00+00:00,1780365600000,893.0,898.55,887.28,898.21,6138.0,5478418.87
2026-06-02 03:00:00+00:00,1780369200000,897.99,901.07,892.2,900.44,10498.0,9429456.93
2026-06-02 04:00:00+00:00,1780372800000,900.12,915.95,900.01,912.1,10685.0,9704928.62
2026-06-02 05:00:00+00:00,1780376400000,912.68,924.39,910.69,922.99,18445.0,16954922.33
2026-06-02 06:00:00+00:00,1780380000000,923.23,925.51,918.17,923.69,13083.0,12055486.16
2026-06-02 07:00:00+00:00,1780383600000,923.69,926.98,920.99,923.97,9713.0,8978179.22
2026-06-02 08:00:00+00:00,1780387200000,945.01,961.0,900.29,953.48,177544.01093599998,166259704.19773188
2026-06-02 09:00:00+00:00,1780390800000,951.51,972.45,950.0,960.49,62380.055745,59984437.03619132
2026-06-02 10:00:00+00:00,1780394400000,970.99,980.5,963.5,964.71,78450.05435500001,76338610.36706237
2026-06-02 11:00:00+00:00,1780398000000,965.99,973.8,960.11,967.13,82342.95399999998,79647836.17839839
2026-06-02 12:00:00+00:00,1780401600000,965.1,968.0585,954.0,957.38,52743.41953700001,50736527.149275206
2026-06-02 13:00:00+00:00,1780405200000,956.9,988.88,935.012,984.55,1608429.5483659997,1559237339.058774
2026-06-02 14:00:00+00:00,1780408800000,984.545,1017.97,957.0001,1009.1,2000982.9193289997,1985222377.4631965
2026-06-02 15:00:00+00:00,1780412400000,1010.28,1018.0,992.89,1015.315,811930.3163549999,815665114.6172013
2026-06-02 16:00:00+00:00,1780416000000,1015.62,1031.0,1012.85,1024.245,709740.3327410005,726308582.0425395
2026-06-02 17:00:00+00:00,1780419600000,1023.84,1035.0,1022.43,1027.605,513727.99602900015,528743083.778537
2026-06-02 18:00:00+00:00,1780423200000,1027.18,1034.75,1018.001,1029.06,446307.9360420001,458488929.2788072
2026-06-02 19:00:00+00:00,1780426800000,1029.12,1032.4999,1023.66,1029.005,854776.4838390001,879545171.0559059
2026-06-02 20:00:00+00:00,1780430400000,1029.14,1031.0,1013.259,1028.98,149367.02087600002,153618484.26459777
2026-06-02 21:00:00+00:00,1780434000000,1030.0,1031.0,1028.0,1030.0,11374.488506,11711033.459568975
2026-06-02 22:00:00+00:00,1780437600000,1028.0,1032.507,1026.0,1028.02,14182.676805999998,14605493.603475831
2026-06-02 23:00:00+00:00,1780441200000,1020.01,1028.0691,1015.99,1019.18,27929.586535,28556812.431651108
2026-06-03 00:00:00+00:00,1780444800000,1027.99,1048.2,1025.58,1043.07,13142.0,13662571.15
2026-06-03 01:00:00+00:00,1780448400000,1042.83,1042.83,1032.18,1041.6,10538.0,10943123.12
2026-06-03 02:00:00+00:00,1780452000000,1041.6,1050.99,1038.99,1049.24,12945.0,13539663.56
2026-06-03 03:00:00+00:00,1780455600000,1049.35,1059.94,1048.49,1056.48,20548.0,21687612.54000001
2026-06-03 04:00:00+00:00,1780459200000,1056.48,1062.73,1051.1,1052.98,9854.0,10425142.31
2026-06-03 05:00:00+00:00,1780462800000,1052.19,1054.79,1037.91,1038.51,9840.0,10280785.75
2026-06-03 06:00:00+00:00,1780466400000,1038.99,1046.21,1034.01,1042.3,5872.0,6102194.5
2026-06-03 07:00:00+00:00,1780470000000,1042.48,1052.01,1042.29,1043.37,6049.0,6328809.16
2026-06-03 08:00:00+00:00,1780473600000,1047.21,1062.62,1033.5934,1048.61,85238.94278599999,89311761.75904642
2026-06-03 09:00:00+00:00,1780477200000,1031.5,1040.0,992.07,1008.86,66072.64619,67061330.838528685
2026-06-03 10:00:00+00:00,1780480800000,1002.89,1019.01,990.0,1012.99,36027.57146799999,36293101.87523344
2026-06-03 11:00:00+00:00,1780484400000,1021.6,1024.0,1008.0,1010.49,25609.829017000004,26030232.287194367
2026-06-03 12:00:00+00:00,1780488000000,1007.43,1010.24,996.0,1002.01,47072.309562,47160852.57628612
2026-06-03 13:00:00+00:00,1780491600000,1006.54,1049.53,959.0,960.99,1346065.309008,1337676091.5761385
2026-06-03 14:00:00+00:00,1780495200000,964.3,991.0,960.2001,981.02,945759.316199,925477129.359386
2026-06-03 15:00:00+00:00,1780498800000,981.8,982.19,961.29,963.6,533798.274359,517591091.152912
2026-06-03 16:00:00+00:00,1780502400000,964.1,965.0,935.29,945.01,801949.3821610005,758519973.7599479
2026-06-03 17:00:00+00:00,1780506000000,945.31,947.21,935.0,942.54,430615.404542,405131800.2089067
2026-06-03 18:00:00+00:00,1780509600000,942.64,944.3999,933.62,935.58,426601.907211,400200581.67847925
2026-06-03 19:00:00+00:00,1780513200000,935.23,951.0399,932.5,938.145,746227.199534,702598354.7087651
2026-06-03 20:00:00+00:00,1780516800000,934.06,938.51,916.85,922.65,188151.927607,175785303.49156025
2026-06-03 21:00:00+00:00,1780520400000,922.49,928.16,908.8979,912.01,38709.500141,35467385.95669055
2026-06-03 22:00:00+00:00,1780524000000,917.2,921.0,905.0,905.0,32536.447094,29652370.87256191
2026-06-03 23:00:00+00:00,1780527600000,905.0,909.2142,898.0735,900.02,32480.269737,29287426.741583165
2026-06-04 00:00:00+00:00,1780531200000,902.5,919.61,898.0,918.77,11879.0,10769713.56
2026-06-04 01:00:00+00:00,1780534800000,919.01,920.75,908.02,909.95,8782.0,8029947.78
2026-06-04 02:00:00+00:00,1780538400000,909.98,915.59,902.99,912.69,5366.0,4873374.58
2026-06-04 03:00:00+00:00,1780542000000,912.71,916.92,912.68,915.3,2605.0,2383963.69
2026-06-04 04:00:00+00:00,1780545600000,915.31,921.28,914.73,920.01,5044.0,4633490.06
2026-06-04 05:00:00+00:00,1780549200000,920.5,920.5,914.36,916.33,3336.0,3058896.7
2026-06-04 06:00:00+00:00,1780552800000,918.32,918.32,908.73,910.12,4446.0,4051496.06
2026-06-04 07:00:00+00:00,1780556400000,910.23,913.3,907.61,909.89,4809.0,4378797.57
2026-06-04 08:00:00+00:00,1780560000000,909.87,921.0,902.1,910.0,55345.52447200001,50352500.30899629
2026-06-04 09:00:00+00:00,1780563600000,900.94,913.5,896.0,910.0,32129.250497000005,28993535.249169342
2026-06-04 10:00:00+00:00,1780567200000,909.09,910.03,897.4,902.95,7966.018426,7200814.64502608
2026-06-04 11:00:00+00:00,1780570800000,902.99,907.58,893.0,900.0,59017.660415,53005619.875014566
2026-06-04 12:00:00+00:00,1780574400000,902.35,909.69,898.0,904.01,34249.882234000004,30927376.508220576
2026-06-04 13:00:00+00:00,1780578000000,903.12,908.0,866.0,877.035,1119148.4834369998,988311072.535347
2026-06-04 14:00:00+00:00,1780581600000,877.79,896.64,864.2001,896.38,1018009.7747349998,896253158.8512795
2026-06-04 15:00:00+00:00,1780585200000,896.31,906.8999,892.7,902.265,638743.8938010001,574922711.7872537
2026-06-04 16:00:00+00:00,1780588800000,904.24,927.2879,900.99,924.43,644343.723533,589327594.5178372
2026-06-04 17:00:00+00:00,1780592400000,924.57,943.7364,923.0,941.01,661477.0893600002,617598734.2621028
2026-06-04 18:00:00+00:00,1780596000000,941.185,950.01,931.9101,943.69,452794.817367,426511617.7212247
2026-06-04 19:00:00+00:00,1780599600000,942.99,955.4768,939.65,945.115,870393.3356179999,825542576.3089393
2026-06-04 20:00:00+00:00,1780603200000,934.14,945.61,930.06,934.14,145116.56527899997,136097919.0266668
2026-06-04 21:00:00+00:00,1780606800000,929.99,932.44,928.01,929.99,13825.733289999998,12857674.801060803
2026-06-04 22:00:00+00:00,1780610400000,921.99,929.53,917.0,920.02,10663.236229,9844569.466489391
2026-06-04 23:00:00+00:00,1780614000000,917.99,925.15,916.0,917.99,15729.326283,14462393.54114211
2026-06-05 00:00:00+00:00,1780617600000,920.71,920.71,906.12,908.93,8741.0,7965039.58
2026-06-05 01:00:00+00:00,1780621200000,908.74,919.72,895.11,919.51,13986.0,12674892.74
2026-06-05 02:00:00+00:00,1780624800000,919.35,934.0,916.99,924.21,14213.0,13156177.96
2026-06-05 03:00:00+00:00,1780628400000,924.98,925.99,913.35,917.97,5271.0,4850138.73
2026-06-05 04:00:00+00:00,1780632000000,918.0,924.25,916.61,921.99,3034.0,2788619.53
2026-06-05 05:00:00+00:00,1780635600000,920.99,920.99,913.15,914.04,4807.0,4406088.19
2026-06-05 06:00:00+00:00,1780639200000,914.54,915.61,906.29,908.0,9300.0,8465994.61
2026-06-05 07:00:00+00:00,1780642800000,907.8,909.4,901.51,905.24,4449.0,4029943.08
2026-06-05 08:00:00+00:00,1780646400000,904.85,922.92,900.0,909.51,50550.16386,46045916.78433663
2026-06-05 09:00:00+00:00,1780650000000,908.79,914.46,907.88,908.9,7109.485328,6466068.374433607
2026-06-05 10:00:00+00:00,1780653600000,909.97,915.5,908.97,909.97,4135.273198,3773615.0234498335
2026-06-05 11:00:00+00:00,1780657200000,910.15,912.2,904.6,907.07,10546.797715,9572783.016463632
2026-06-05 12:00:00+00:00,1780660800000,902.26,907.9053,896.99,903.63,35432.756043,32015507.665393744
2026-06-05 13:00:00+00:00,1780664400000,902.02,930.9999,889.11,903.98,904223.744009,819894481.3071045
2026-06-05 14:00:00+00:00,1780668000000,903.5,974.0,898.56,961.03,1571616.703186,1477719520.2841303
2026-06-05 15:00:00+00:00,1780671600000,960.17,961.0099,913.85,919.945,839690.9871780002,779188732.4788637
2026-06-05 16:00:00+00:00,1780675200000,916.765,919.935,878.0,887.93,813550.7994739998,728284574.0581285
2026-06-05 17:00:00+00:00,1780678800000,888.96,889.9,871.8,889.41,739264.2281219998,649556510.0528111
2026-06-05 18:00:00+00:00,1780682400000,889.05,890.0,853.1,869.81,897804.395582,779224096.8418809
2026-06-05 19:00:00+00:00,1780686000000,868.5,880.81,861.01,863.26,1179945.250733,1025434016.0290653
2026-06-05 20:00:00+00:00,1780689600000,853.01,866.0,847.92,854.21,62908.42578,53911791.15572095
2026-06-05 21:00:00+00:00,1780693200000,852.49,859.436,850.1,852.39,29979.851726,25615393.90568444
2026-06-05 22:00:00+00:00,1780696800000,853.49,858.99,850.0,853.49,11666.224096,9956908.774035044
2026-06-05 23:00:00+00:00,1780700400000,847.49,853.98,842.0,846.0,24253.766673,20551024.152463112
2026-06-06 00:00:00+00:00,1780704000000,848.279,848.309,848.279,848.309,0.0,0.0
2026-06-08 00:00:00+00:00,1780876800000,870.01,894.6,856.25,878.39,20384.0,17892721.21000001
2026-06-08 01:00:00+00:00,1780880400000,878.61,880.0,850.0,864.3,17120.0,14808716.56999999
2026-06-08 02:00:00+00:00,1780884000000,864.3,874.78,857.0,868.0,11041.0,9558672.54
2026-06-08 03:00:00+00:00,1780887600000,868.55,871.0,864.65,866.55,3374.0,2928729.56
2026-06-08 04:00:00+00:00,1780891200000,867.39,867.39,856.99,857.0,2546.0,2193280.18
2026-06-08 05:00:00+00:00,1780894800000,857.51,859.99,843.8,847.39,5192.0,4417900.15
2026-06-08 06:00:00+00:00,1780898400000,847.18,858.92,846.87,854.56,6652.0,5660476.33
2026-06-08 07:00:00+00:00,1780902000000,854.0,871.01,854.0,869.14,5824.0,5034946.33
2026-06-08 08:00:00+00:00,1780905600000,878.43,885.87,844.0,878.43,60370.31971299999,52291774.82512533
2026-06-08 09:00:00+00:00,1780909200000,873.5,877.0,869.31,875.0,4967.363244000001,4334715.887353566
2026-06-08 10:00:00+00:00,1780912800000,875.56,879.89,871.85,877.0,6549.028318,5736993.994863394
2026-06-08 11:00:00+00:00,1780916400000,876.01,887.93,875.0,885.0,54952.715488,48498475.091762
2026-06-08 12:00:00+00:00,1780920000000,887.1,906.6895,883.0,896.97,94606.542684,84645684.70312116
2026-06-08 13:00:00+00:00,1780923600000,896.99,900.89,841.93,865.5,932352.699536,811531257.6143388
2026-06-08 14:00:00+00:00,1780927200000,866.41,914.0,863.0,911.515,952033.434931,849831598.4543788
2026-06-08 15:00:00+00:00,1780930800000,911.53,912.2,889.0,894.995,699673.5083110003,630019471.2769219
2026-06-08 16:00:00+00:00,1780934400000,895.08,900.4,884.1701,893.14,587141.381849,523840964.90220106
2026-06-08 17:00:00+00:00,1780938000000,892.14,894.87,885.4701,894.02,329646.09153,293507089.40939355
2026-06-08 18:00:00+00:00,1780941600000,894.07,905.8,893.5,898.84,380566.776997,342529926.82638156
2026-06-08 19:00:00+00:00,1780945200000,898.93,900.83,884.61,895.56,672288.0589590002,599485178.3086593
2026-06-08 20:00:00+00:00,1780948800000,895.4,904.35,894.0,894.85,56013.45621499999,50215828.24023139
2026-06-08 21:00:00+00:00,1780952400000,895.39,896.5,892.0,895.39,10346.345656,9249452.990049584
2026-06-08 22:00:00+00:00,1780956000000,892.0,892.0,887.0954,890.95,3432.0,3056179.1832
2026-06-08 23:00:00+00:00,1780959600000,893.8,896.28,889.19,893.82,4599.232,4110082.5203328
2026-06-09 00:00:00+00:00,1780963200000,892.47,895.27,883.52,883.63,2966.0,2633612.82
2026-06-09 01:00:00+00:00,1780966800000,884.98,898.45,884.17,893.62,4014.0,3582565.04
2026-06-09 02:00:00+00:00,1780970400000,893.6,897.92,891.93,896.48,1882.0,1683717.47
2026-06-09 03:00:00+00:00,1780974000000,895.46,905.54,895.39,902.28,3113.0,2804710.72
2026-06-09 04:00:00+00:00,1780977600000,903.55,911.8,902.58,906.7,4064.0,3687490.08
2026-06-09 05:00:00+00:00,1780981200000,906.8,911.67,904.05,908.98,3082.0,2798126.44
2026-06-09 06:00:00+00:00,1780984800000,909.7,913.8,906.99,909.23,4147.0,3780388.27
2026-06-09 07:00:00+00:00,1780988400000,909.23,911.61,905.1,906.66,3233.0,2938233.03
2026-06-09 08:00:00+00:00,1780992000000,916.86,919.99,902.97,916.86,33662.855345,30676051.17880418
2026-06-09 09:00:00+00:00,1780995600000,917.2,918.5,916.3,918.0,6695.648056,6144256.751634761
2026-06-09 10:00:00+00:00,1780999200000,918.0,918.35,911.8,911.8,4206.320298,3849167.109713208
2026-06-09 11:00:00+00:00,1781002800000,913.19,916.48,909.7,912.5,14862.460897,13571639.819388565
2026-06-09 12:00:00+00:00,1781006400000,910.63,929.0,905.68,924.0,63394.080043,58196145.84395426
2026-06-09 13:00:00+00:00,1781010000000,915.44,926.45,876.205,878.3,739908.553832,663210373.0503287
2026-06-09 14:00:00+00:00,1781013600000,878.01,887.2599,836.01,847.19,1489826.9789370005,1277168629.0154393
2026-06-09 15:00:00+00:00,1781017200000,847.33,852.0,800.502,802.055,1387169.495868,1141899340.9272928
2026-06-09 16:00:00+00:00,1781020800000,801.57,809.6133,776.01,794.94,1221489.9488720002,968282289.2615328
2026-06-09 17:00:00+00:00,1781024400000,795.13,822.5599,793.659,810.675,947122.382095,766641108.7689319
2026-06-09 18:00:00+00:00,1781028000000,811.5,825.0,805.181,822.74,545209.403713,444991846.21137565
2026-06-09 19:00:00+00:00,1781031600000,823.22,826.689,803.0001,821.67,943133.5321090004,766889414.4569658
2026-06-09 20:00:00+00:00,1781035200000,830.0,833.0,819.01,827.65,149787.76021300003,123404952.98298736
2026-06-09 21:00:00+00:00,1781038800000,825.01,827.0,816.51,818.99,10740.186329,8817255.850525409
2026-06-09 22:00:00+00:00,1781042400000,820.99,822.0,816.51,821.0,6682.952867,5477874.78647912
2026-06-09 23:00:00+00:00,1781046000000,819.0,820.52,814.4912,819.3,8230.377279999999,6729755.635593983
2026-06-10 00:00:00+00:00,1781049600000,819.12,837.4,811.54,826.19,9884.0,8187877.4
2026-06-10 01:00:00+00:00,1781053200000,826.13,833.12,822.44,823.11,4759.0,3937695.87
2026-06-10 02:00:00+00:00,1781056800000,823.0,823.46,812.29,813.02,5624.0,4600581.49
2026-06-10 03:00:00+00:00,1781060400000,812.98,820.9,811.1,814.49,3756.0,3063690.76
2026-06-10 04:00:00+00:00,1781064000000,814.48,815.93,800.0,806.18,10702.0,8646209.38
2026-06-10 05:00:00+00:00,1781067600000,805.11,817.6,805.1,815.03,3964.0,3217122.3
2026-06-10 06:00:00+00:00,1781071200000,816.76,822.08,813.43,815.98,3040.0,2484762.46
2026-06-10 07:00:00+00:00,1781074800000,815.99,818.98,812.8,814.09,2067.0,1685526.4
2026-06-10 08:00:00+00:00,1781078400000,814.2,821.59,800.0,812.01,40655.26307200001,32955977.482477263
2026-06-10 09:00:00+00:00,1781082000000,804.0,810.0,802.8,807.02,15240.565428000002,12266897.932346152
2026-06-10 10:00:00+00:00,1781085600000,806.77,811.0,801.33,811.0,7008.431845000001,5649998.7139746025
2026-06-10 11:00:00+00:00,1781089200000,809.57,811.0,795.07,796.0,42167.23093599999,33810436.34119545
2026-06-10 12:00:00+00:00,1781092800000,803.0,835.0,795.6928,815.68,91468.26052900002,74682032.79719609
2026-06-10 13:00:00+00:00,1781096400000,814.53,883.32,812.5,873.01,1330430.1780579996,1141072179.5032895
2026-06-10 14:00:00+00:00,1781100000000,871.01,884.18,853.8501,857.16,894831.9847550003,781373016.0127687
2026-06-10 15:00:00+00:00,1781103600000,857.25,863.19,831.35,849.12,695662.4161929999,587211636.8569008
2026-06-10 16:00:00+00:00,1781107200000,851.38,861.3395,845.2201,849.45,414085.229715,353011757.7758116
2026-06-10 17:00:00+00:00,1781110800000,849.1,867.36,845.751,866.62,534589.576752,457199128.62496233
2026-06-10 18:00:00+00:00,1781114400000,867.99,874.0,860.111,863.9,656392.236263,569221049.9144466
2026-06-10 19:00:00+00:00,1781118000000,863.78,870.44,850.861,853.45,883134.564641,759606205.7252966
2026-06-10 20:00:00+00:00,1781121600000,844.01,853.92,838.0001,838.37,35914.173256,30355025.560538407
2026-06-10 21:00:00+00:00,1781125200000,842.08,845.0,838.33,840.32,6494.06,5459599.752202
2026-06-10 22:00:00+00:00,1781128800000,835.9,839.0,827.3272,835.99,13220.958548,11019953.20036678
2026-06-10 23:00:00+00:00,1781132400000,834.99,836.83,825.8,835.92,10192.992099,8471873.784808343
2026-06-11 00:00:00+00:00,1781136000000,827.47,848.25,827.47,844.01,5444.0,4562050.97
2026-06-11 01:00:00+00:00,1781139600000,844.51,864.0,843.99,851.01,10610.0,9091198.7
2026-06-11 02:00:00+00:00,1781143200000,851.25,855.69,841.12,849.97,4101.0,3472817.44
2026-06-11 03:00:00+00:00,1781146800000,849.56,854.42,843.02,853.13,1235.0,1048598.18
2026-06-11 04:00:00+00:00,1781150400000,853.8,857.89,850.0,856.81,2876.0,2458239.29
2026-06-11 05:00:00+00:00,1781154000000,856.5,857.59,853.0,857.29,2028.0,1734211.4
2026-06-11 06:00:00+00:00,1781157600000,857.15,865.67,855.0,864.22,3580.0,3082600.24
2026-06-11 07:00:00+00:00,1781161200000,864.26,868.0,862.46,865.7,5358.0,4638255.32
2026-06-11 08:00:00+00:00,1781164800000,851.2089,878.42,850.01,869.0,38813.568437,33630377.33842511
2026-06-11 09:00:00+00:00,1781168400000,872.62,875.0,866.7,872.62,8633.806957,7524130.513618356
2026-06-11 10:00:00+00:00,1781172000000,875.43,880.0,875.0,875.43,15117.841916,13279332.4366956
2026-06-11 11:00:00+00:00,1781175600000,875.73,881.45,873.0,880.01,19736.822054,17320758.719081644
2026-06-11 12:00:00+00:00,1781179200000,864.01,878.4047,856.06,866.88,30391.966888,26318267.155889437
2026-06-11 13:00:00+00:00,1781182800000,866.0,882.1999,840.52,872.37,658305.447075,569337440.819155
2026-06-11 14:00:00+00:00,1781186400000,875.445,885.98,845.0,847.67,633277.7970570003,550214801.3949348
2026-06-11 15:00:00+00:00,1781190000000,847.63,868.86,842.0,866.76,584806.9224060001,502473066.9336119
2026-06-11 16:00:00+00:00,1781193600000,865.61,871.98,851.35,854.47,426037.5843180001,368661015.2537319
2026-06-11 17:00:00+00:00,1781197200000,852.12,880.115,849.4,879.01,560469.0983589999,486463469.53275126
2026-06-11 18:00:00+00:00,1781200800000,878.45,882.18,865.86,876.12,435134.53394500015,380185396.8907984
2026-06-11 19:00:00+00:00,1781204400000,880.02,890.8,872.5701,889.95,814257.5665060001,720340447.3791448
2026-06-11 20:00:00+00:00,1781208000000,892.23,898.22,884.0,885.31,33015.259743,29408864.257181186
2026-06-11 21:00:00+00:00,1781211600000,885.9,891.08,884.7699,890.0,7377.306481,6561150.638623081
2026-06-11 22:00:00+00:00,1781215200000,891.99,898.24,890.36,891.99,9983.545,8939750.3949325
2026-06-11 23:00:00+00:00,1781218800000,895.01,904.0,894.01,900.01,14937.362445,13423475.698561694
2026-06-12 00:00:00+00:00,1781222400000,900.44,914.09,896.96,908.66,9026.0,8215443.7
2026-06-12 01:00:00+00:00,1781226000000,908.91,908.91,894.27,900.81,4908.0,4425573.7
2026-06-12 02:00:00+00:00,1781229600000,901.98,905.0,899.9,904.62,3168.0,2858698.37
2026-06-12 03:00:00+00:00,1781233200000,904.68,905.61,900.02,905.51,1911.0,1726413.0
2026-06-12 04:00:00+00:00,1781236800000,905.14,905.14,901.01,903.14,1468.0,1325418.79
2026-06-12 05:00:00+00:00,1781240400000,903.21,904.01,883.42,883.42,8111.0,7226679.92
2026-06-12 06:00:00+00:00,1781244000000,884.94,892.54,878.17,882.72,3676.0,3258165.44
2026-06-12 07:00:00+00:00,1781247600000,882.72,888.0,873.12,887.0,5628.0,4938161.67
2026-06-12 08:00:00+00:00,1781251200000,891.42,905.0,873.227,896.7885,36727.604069,32644956.255169146
2026-06-12 09:00:00+00:00,1781254800000,895.46,904.0,895.46,903.92,11112.988168,10009858.508802297
2026-06-12 10:00:00+00:00,1781258400000,903.94,904.5,895.85,897.5,5008.965289000001,4514997.6617842745
2026-06-12 11:00:00+00:00,1781262000000,902.0,902.0,897.1,902.0,13620.754400999998,12270526.293077989
2026-06-12 12:00:00+00:00,1781265600000,894.54,900.0,881.1035,889.99,22609.770641000003,20168824.32455177
2026-06-12 13:00:00+00:00,1781269200000,884.56,895.62,863.0,887.95,508703.6619640001,446159564.1328502
2026-06-12 14:00:00+00:00,1781272800000,891.03,924.31,888.29,915.0,912709.230535,830268130.3904647
2026-06-12 15:00:00+00:00,1781276400000,914.0,932.08,904.0001,904.99,809119.5968829999,746331997.0768389
2026-06-12 16:00:00+00:00,1781280000000,906.17,925.725,904.14,925.215,412591.1906930001,378265872.8788913
2026-06-12 17:00:00+00:00,1781283600000,925.3,934.26,922.0,926.795,558822.0440650001,519290078.5525714
2026-06-12 18:00:00+00:00,1781287200000,925.615,928.63,919.63,923.385,244413.577911,225845136.21809223
2026-06-12 19:00:00+00:00,1781290800000,922.23,928.55,917.27,921.11,592944.8225049999,547160172.9739006
2026-06-12 20:00:00+00:00,1781294400000,921.56,921.81,915.0,920.79,78474.49559800001,72297917.15102306
2026-06-12 21:00:00+00:00,1781298000000,920.54,923.0015,920.1,920.54,4803.063255,4426205.786192516
2026-06-12 22:00:00+00:00,1781301600000,918.8,920.99,918.0,918.8,2727.0,2507540.8572
2026-06-12 23:00:00+00:00,1781305200000,920.0,921.99,917.4818,921.5,5377.0,4948653.6621
2026-06-13 00:00:00+00:00,1781308800000,919.501,919.501,919.501,919.501,0.0,0.0
2026-06-13 13:00:00+00:00,1781355600000,920.07,920.07,920.06,920.06,0.0516,47.475231
2026-06-13 14:00:00+00:00,1781359200000,919.98,919.98,919.98,919.98,0.0134,12.327732
2026-06-15 00:00:00+00:00,1781481600000,932.61,953.98,930.3,947.75,12633.0,11960637.31
2026-06-15 01:00:00+00:00,1781485200000,947.49,950.58,944.31,948.11,7138.0,6769433.18
2026-06-15 02:00:00+00:00,1781488800000,947.64,953.72,946.31,952.44,3685.0,3506574.62
2026-06-15 03:00:00+00:00,1781492400000,952.0,962.99,951.52,960.45,8417.0,8075004.13
2026-06-15 04:00:00+00:00,1781496000000,961.19,969.86,958.41,968.74,6447.0,6216103.11
2026-06-15 05:00:00+00:00,1781499600000,968.01,973.51,962.49,968.59,9153.0,8868868.38
2026-06-15 06:00:00+00:00,1781503200000,969.01,970.74,966.5,969.24,2897.0,2805335.88
2026-06-15 07:00:00+00:00,1781506800000,969.97,970.99,966.01,967.53,2705.0,2619568.67
2026-06-15 08:00:00+00:00,1781510400000,959.62,973.07,958.3,958.3,44048.730924,42535934.52376542
2026-06-15 09:00:00+00:00,1781514000000,954.72,962.23,954.28,956.86,12562.999026,12026605.450686196
2026-06-15 10:00:00+00:00,1781517600000,956.66,958.782,952.0,956.41,12559.485935,11992520.597127857
2026-06-15 11:00:00+00:00,1781521200000,957.98,968.0,954.0,961.46,52565.900795,50565153.24871095
2026-06-15 12:00:00+00:00,1781524800000,961.39,961.99,954.0,957.99,27808.840379,26640641.050590888
2026-06-15 13:00:00+00:00,1781528400000,955.0,998.5,926.7401,928.0,1068709.6851970002,1030312442.4014312
2026-06-15 14:00:00+00:00,1781532000000,927.74,949.99,923.95,937.365,863922.3295870002,812954281.4384525
2026-06-15 15:00:00+00:00,1781535600000,938.95,949.709,934.0503,943.02,567605.0047639998,535365210.7749061
2026-06-15 16:00:00+00:00,1781539200000,943.11,953.8799,941.52,948.065,486326.560888,461089908.4597755
2026-06-15 17:00:00+00:00,1781542800000,947.49,958.23,946.66,958.12,478459.013514,455303750.3254832
2026-06-15 18:00:00+00:00,1781546400000,958.6,963.0,955.63,957.13,558046.7741620002,535329415.4466716
2026-06-15 19:00:00+00:00,1781550000000,957.67,965.34,952.6,957.44,757060.300981,726608458.8464003
2026-06-15 20:00:00+00:00,1781553600000,952.51,957.3288,948.4,952.5,37532.13968199999,35856172.01021203
2026-06-15 21:00:00+00:00,1781557200000,952.81,953.0,950.6237,952.81,1973.054805,1878251.494674555
2026-06-15 22:00:00+00:00,1781560800000,952.0,953.74,950.0,951.74,5309.669935,5051233.963154726
2026-06-15 23:00:00+00:00,1781564400000,953.0,953.76,950.0,953.0,3736.104979,3556960.2396989414
2026-06-16 00:00:00+00:00,1781568000000,959.48,959.49,942.3,942.42,3418.0,3236597.16
2026-06-16 01:00:00+00:00,1781571600000,942.42,947.85,936.91,944.24,3026.0,2854859.1
2026-06-16 02:00:00+00:00,1781575200000,944.42,945.1,942.9,944.7,1405.0,1326238.41
2026-06-16 03:00:00+00:00,1781578800000,944.69,951.89,944.69,950.84,2187.0,2074369.92
2026-06-16 04:00:00+00:00,1781582400000,950.59,955.72,950.5,951.83,2213.0,2107802.88
2026-06-16 05:00:00+00:00,1781586000000,951.83,960.0,951.83,959.24,4922.0,4712973.64
2026-06-16 06:00:00+00:00,1781589600000,959.08,964.08,958.72,960.23,4729.0,4548448.29
2026-06-16 07:00:00+00:00,1781593200000,961.0,962.0,958.0,958.0,2411.0,2315023.67
2026-06-16 08:00:00+00:00,1781596800000,955.99,967.0,950.34,964.01,37040.760236,35550284.49301564
2026-06-16 09:00:00+00:00,1781600400000,964.17,968.13,960.36,960.36,4229.656669,4076847.632862368
2026-06-16 10:00:00+00:00,1781604000000,960.36,962.5,959.29,960.5,3892.125328,3739146.1204080256
2026-06-16 11:00:00+00:00,1781607600000,956.37,961.0,953.246,956.37,9041.965612,8663700.405801347
2026-06-16 12:00:00+00:00,1781611200000,956.56,956.56,945.0,947.0,35439.274914,33785703.1540052
2026-06-16 13:00:00+00:00,1781614800000,944.0,961.68,931.24,933.0,668645.1265159999,633366406.673326
2026-06-16 14:00:00+00:00,1781618400000,932.99,934.8298,870.67,873.72,1489481.1242749998,1333999402.8958676
2026-06-16 15:00:00+00:00,1781622000000,875.01,885.8899,863.41,880.175,1114749.3994850004,973649548.3454266
2026-06-16 16:00:00+00:00,1781625600000,880.0,894.4248,879.02,891.59,462698.05682,410401979.1063649
2026-06-16 17:00:00+00:00,1781629200000,891.2,892.999,875.51,881.04,409146.376326,361216433.0956391
2026-06-16 18:00:00+00:00,1781632800000,881.065,888.365,878.23,879.13,335134.611532,296253366.3328142
2026-06-16 19:00:00+00:00,1781636400000,878.84,884.44,871.4701,875.06,754732.513582,662174306.8405929
2026-06-16 20:00:00+00:00,1781640000000,875.36,875.45,870.0,873.7228,68906.336291,60289020.124585606
2026-06-16 21:00:00+00:00,1781643600000,875.31,878.8,874.1531,875.31,5792.0,5078729.68
2026-06-16 22:00:00+00:00,1781647200000,881.71,883.21,878.0,882.77,8397.292683,7405239.884347453
2026-06-16 23:00:00+00:00,1781650800000,882.25,882.94,880.02,880.42,4106.010198,3619847.0937282457
2026-06-17 00:00:00+00:00,1781654400000,882.52,888.39,882.5,885.0,2862.0,2535939.01
2026-06-17 01:00:00+00:00,1781658000000,886.68,888.27,884.76,887.5,1545.0,1369984.72
2026-06-17 02:00:00+00:00,1781661600000,887.16,888.79,885.63,888.79,3194.0,2833324.78
2026-06-17 03:00:00+00:00,1781665200000,888.8,890.02,887.24,889.03,3653.0,3247215.75
2026-06-17 04:00:00+00:00,1781668800000,889.74,890.49,887.81,889.02,2676.0,2380078.52
2026-06-17 05:00:00+00:00,1781672400000,889.43,893.2,887.21,891.71,3064.0,2726376.17
2026-06-17 06:00:00+00:00,1781676000000,891.21,894.0,889.89,892.99,1743.0,1554554.98
2026-06-17 07:00:00+00:00,1781679600000,892.96,894.13,891.89,892.8,3751.0,3349724.38
2026-06-17 08:00:00+00:00,1781683200000,897.39,900.65,887.21,891.68,30345.8738,27098868.337987375
2026-06-17 09:00:00+00:00,1781686800000,893.8,893.8,889.85,889.85,3301.582521,2946406.5273471223
2026-06-17 10:00:00+00:00,1781690400000,888.66,890.45,886.85,888.66,4931.25053,4382334.294753686
2026-06-17 11:00:00+00:00,1781694000000,890.01,892.0,882.0,890.01,18280.681183,16232407.635305818
2026-06-17 12:00:00+00:00,1781697600000,890.01,893.65,881.36,890.49,11499.513656,10225439.989851233
2026-06-17 13:00:00+00:00,1781701200000,883.99,890.73,853.78,858.35,736067.9286780001,638160515.6060317
2026-06-17 14:00:00+00:00,1781704800000,857.745,885.4299,857.0,867.895,723245.0899989998,632005769.133883
2026-06-17 15:00:00+00:00,1781708400000,867.9,882.2475,867.15,878.27,410838.469163,360036073.9232615
2026-06-17 16:00:00+00:00,1781712000000,878.68,879.84,873.58,877.53,325719.52360200003,285719504.934104
2026-06-17 17:00:00+00:00,1781715600000,877.73,882.18,873.52,879.0,294986.181082,259043117.87017396
2026-06-17 18:00:00+00:00,1781719200000,879.51,891.545,857.5,879.525,560900.893149,492122047.739194
2026-06-17 19:00:00+00:00,1781722800000,880.435,885.285,859.2493,870.5,675306.730192,587924740.532076
2026-06-17 20:00:00+00:00,1781726400000,869.98,879.12,869.98,876.9932,100860.270548,87913957.16675632
2026-06-17 21:00:00+00:00,1781730000000,875.0,877.6,873.0,875.0,8911.015253,7804208.34587673
2026-06-17 22:00:00+00:00,1781733600000,873.99,877.61,871.85,876.01,10547.112356,9232614.141248127
2026-06-17 23:00:00+00:00,1781737200000,878.12,880.0,876.0,878.52,12530.21,11006580.319735
2026-06-18 00:00:00+00:00,1781740800000,884.7,889.02,879.69,880.26,3874.0,3423609.75
2026-06-18 01:00:00+00:00,1781744400000,880.74,884.18,876.99,878.51,4439.0,3911815.77
2026-06-18 02:00:00+00:00,1781748000000,878.9,884.5,878.9,882.74,2639.0,2329383.65
2026-06-18 03:00:00+00:00,1781751600000,883.14,884.89,880.0,884.01,3019.0,2664616.15
2026-06-18 04:00:00+00:00,1781755200000,884.56,885.64,878.03,880.52,2374.0,2094639.2
2026-06-18 05:00:00+00:00,1781758800000,880.48,883.97,877.81,883.97,4865.0,4281058.39
2026-06-18 06:00:00+00:00,1781762400000,882.51,886.0,881.43,884.59,2107.0,1862823.21
2026-06-18 07:00:00+00:00,1781766000000,884.63,890.89,884.63,890.89,5281.0,4686102.47
2026-06-18 08:00:00+00:00,1781769600000,894.01,895.11,878.0,892.01,41180.157089,36585007.489988305
2026-06-18 09:00:00+00:00,1781773200000,892.89,895.0,890.0,892.89,6558.498831,5855944.5660246825
2026-06-18 10:00:00+00:00,1781776800000,892.0,894.0,889.73,889.96,7303.16008,6516021.83499756
2026-06-18 11:00:00+00:00,1781780400000,885.11,891.5,882.1,886.65,18925.812651,16784103.343649827
2026-06-18 12:00:00+00:00,1781784000000,888.44,897.795,884.7832,894.12,30906.574034,27558297.973397
2026-06-18 13:00:00+00:00,1781787600000,896.01,896.5,849.53,853.31,886477.0059469999,772151701.0457397
2026-06-18 14:00:00+00:00,1781791200000,853.9,878.329,846.73,877.26,982703.5300489996,848382894.5849581
2026-06-18 15:00:00+00:00,1781794800000,874.96,878.09,851.28,856.83,488377.8974850001,421726621.60131425
2026-06-18 16:00:00+00:00,1781798400000,857.94,860.81,840.0,841.79,581101.355224,494204155.88542926
2026-06-18 17:00:00+00:00,1781802000000,840.81,849.99,836.69,840.34,519963.5203869999,437822075.2684554
2026-06-18 18:00:00+00:00,1781805600000,839.43,843.0,831.17,835.64,528021.18783,441846017.8913927
2026-06-18 19:00:00+00:00,1781809200000,834.595,854.17,832.5,850.16,1002728.697169,846973244.2718236
2026-06-18 20:00:00+00:00,1781812800000,845.25,854.17,842.0,851.77,602670.3775559999,512243363.6930252
2026-06-18 21:00:00+00:00,1781816400000,853.01,853.7,852.06,852.52,8786.268939,7495781.295449906
2026-06-18 22:00:00+00:00,1781820000000,846.7,852.9999,840.25,842.0,28779.523016000003,24330988.682800137
2026-06-18 23:00:00+00:00,1781823600000,847.61,848.8971,842.9,848.66,14533.381555,12290886.594416123
2026-06-19 00:00:00+00:00,1781827200000,848.19,848.19,848.01,848.01,0.0129,10.939329
2026-06-19 04:00:00+00:00,1781841600000,848.01,848.01,848.01,848.01,0.0118,10.006518
2026-06-19 13:00:00+00:00,1781874000000,846.41,846.41,845.99,845.99,0.0513,43.41075
2026-06-19 14:00:00+00:00,1781877600000,845.99,845.99,845.99,845.99,0.0147,12.436053
2026-06-19 22:00:00+00:00,1781906400000,846.72,847.01,846.72,847.01,0.023,19.477402
2026-06-21 11:00:00+00:00,1782039600000,847.01,848.46,845.82,845.82,0.0497,42.132309
2026-06-22 00:00:00+00:00,1782086400000,848.2,848.2,831.0,843.56,11509.0,9662902.1
2026-06-22 01:00:00+00:00,1782090000000,843.98,847.49,840.01,840.87,7354.0,6202740.63
2026-06-22 02:00:00+00:00,1782093600000,840.66,845.12,839.59,843.03,5796.0,4886629.57
2026-06-22 03:00:00+00:00,1782097200000,842.83,845.5,841.23,844.51,2350.0,1982083.13
2026-06-22 04:00:00+00:00,1782100800000,844.16,844.87,839.0,839.83,3325.0,2798770.26
2026-06-22 05:00:00+00:00,1782104400000,839.84,844.5,839.84,840.4,5706.0,4804150.49
2026-06-22 06:00:00+00:00,1782108000000,840.4,846.29,838.01,846.29,7282.0,6128417.57
2026-06-22 07:00:00+00:00,1782111600000,846.48,849.51,843.17,849.51,10500.0,8882984.15000001
2026-06-22 08:00:00+00:00,1782115200000,844.99,848.999,843.95,844.99,49693.65210000001,41952250.74173176
2026-06-22 09:00:00+00:00,1782118800000,846.0,847.25,844.8,846.0,5662.942658,4790958.783461299
2026-06-22 10:00:00+00:00,1782122400000,847.17,850.0,844.8,847.17,10019.211511,8494504.935915587
2026-06-22 11:00:00+00:00,1782126000000,850.0,857.494,847.75,850.0,28790.899937,24541806.486157827
2026-06-22 12:00:00+00:00,1782129600000,859.9,860.475,852.5,858.74,25286.781679000007,21690144.10234729
2026-06-22 13:00:00+00:00,1782133200000,854.0,875.0,829.64,839.77,1162509.9382769996,982883901.4071722
2026-06-22 14:00:00+00:00,1782136800000,840.195,845.99,831.21,836.48,830262.7412030002,695823775.2540903
2026-06-22 15:00:00+00:00,1782140400000,834.95,847.29,831.57,832.28,620585.2592030002,521398730.74625856
2026-06-22 16:00:00+00:00,1782144000000,832.26,873.05,831.0,872.81,656480.540002,556490347.7529453
2026-06-22 17:00:00+00:00,1782147600000,874.0,894.88,867.07,892.01,1095413.734866,968322737.9331118
2026-06-22 18:00:00+00:00,1782151200000,893.02,905.77,893.02,898.965,701121.7139300001,631833570.887382
2026-06-22 19:00:00+00:00,1782154800000,899.775,900.01,881.79,893.75,754745.572364,672090063.8539
2026-06-22 20:00:00+00:00,1782158400000,894.99,897.443,892.046,893.99,143405.433759,128229553.73145382
2026-06-22 21:00:00+00:00,1782162000000,893.7,894.15,887.655,893.7,4263.815557,3797759.6239236714
2026-06-22 22:00:00+00:00,1782165600000,888.995,891.754,882.001,885.25,9850.539913,8746976.046114678
2026-06-22 23:00:00+00:00,1782169200000,885.25,890.14,880.5,889.995,13802.204423,12211264.345553616
2026-06-23 00:00:00+00:00,1782172800000,887.97,893.87,870.18,881.56,7137.0,6266539.52
2026-06-23 01:00:00+00:00,1782176400000,882.0,882.7,864.99,867.37,7380.0,6434371.78
2026-06-23 02:00:00+00:00,1782180000000,866.69,868.91,859.21,865.87,6402.0,5527209.53
2026-06-23 03:00:00+00:00,1782183600000,865.78,865.78,848.0,859.11,11487.0,9829880.45
2026-06-23 04:00:00+00:00,1782187200000,859.83,861.61,852.13,854.99,3769.0,3235774.51
2026-06-23 05:00:00+00:00,1782190800000,854.54,857.0,841.12,841.79,13575.0,11516320.09
2026-06-23 06:00:00+00:00,1782194400000,841.8,845.75,838.24,842.88,13595.0,11438412.41
2026-06-23 07:00:00+00:00,1782198000000,842.77,851.82,841.51,843.48,5070.0,4294301.13
2026-06-23 08:00:00+00:00,1782201600000,882.679,882.679,833.0,838.253,63258.28935499999,53437572.77504389
2026-06-23 09:00:00+00:00,1782205200000,838.252,847.36,838.251,843.165,10683.215152,9003575.49440771
2026-06-23 10:00:00+00:00,1782208800000,843.165,845.155,835.985,837.0,9218.432991,7733663.315774687
2026-06-23 11:00:00+00:00,1782212400000,836.05,844.0,835.941,842.901,35186.016573999994,29521690.698079355
2026-06-23 12:00:00+00:00,1782216000000,842.9,844.5,833.253,835.029,29582.068153,24780309.80861185
2026-06-23 13:00:00+00:00,1782219600000,834.952,845.288,815.0,845.095,733876.748262,608381035.5775546
2026-06-23 14:00:00+00:00,1782223200000,845.182,855.866,830.052,833.844,630963.000825,532893872.82167214
2026-06-23 15:00:00+00:00,1782226800000,833.941,835.72,821.8,826.58,456440.488487,377762152.6566884
2026-06-23 16:00:00+00:00,1782230400000,826.479,840.71,824.99,830.947,327891.71639799984,273478250.00761
2026-06-23 17:00:00+00:00,1782234000000,830.945,833.889,820.75,821.071,284322.84727500007,235659456.6205085
2026-06-23 18:00:00+00:00,1782237600000,821.131,825.662,812.9,816.746,416754.9517569998,341348936.13040006
2026-06-23 19:00:00+00:00,1782241200000,816.826,830.96,815.565,827.585,655001.7885479999,539945549.8754141
2026-06-23 20:00:00+00:00,1782244800000,827.682,833.1,827.54,832.024,164270.36434399997,136091968.13663256
2026-06-23 21:00:00+00:00,1782248400000,832.025,833.592,832.025,832.91,2534.183,2111159.1809407
2026-06-23 22:00:00+00:00,1782252000000,832.91,833.39,829.05,830.675,3523.7713029999995,2932501.506721636
2026-06-23 23:00:00+00:00,1782255600000,830.342,830.939,825.002,829.5,4466.582815,3702934.277727421
2026-06-24 00:00:00+00:00,1782259200000,830.06,839.2,825.13,837.09,4154.0,3472289.57
2026-06-24 01:00:00+00:00,1782262800000,836.01,837.98,831.41,835.99,2462.0,2056913.75
2026-06-24 02:00:00+00:00,1782266400000,836.52,836.57,823.85,824.07,2320.0,1926644.14
2026-06-24 03:00:00+00:00,1782270000000,823.25,831.74,822.95,829.99,1334.0,1103995.8
2026-06-24 04:00:00+00:00,1782273600000,830.01,834.89,828.37,833.81,576.0,479275.45
2026-06-24 05:00:00+00:00,1782277200000,834.44,842.0,833.89,837.0,3054.0,2559870.84
2026-06-24 06:00:00+00:00,1782280800000,837.01,840.9,836.15,838.78,2410.0,2020028.23
2026-06-24 07:00:00+00:00,1782284400000,838.38,839.09,832.82,835.01,3223.0,2695608.65
2026-06-24 08:00:00+00:00,1782288000000,830.218,842.0,830.218,838.805,17003.130236,14245401.044588277
2026-06-24 09:00:00+00:00,1782291600000,838.805,838.805,834.455,837.1,761.298689,637301.0230810915
2026-06-24 10:00:00+00:00,1782295200000,837.1,838.749,837.1,838.0,2525.291561,2116970.3502146956
2026-06-24 11:00:00+00:00,1782298800000,838.0,838.0,834.175,836.0,11722.693337,9799603.079105156
2026-06-24 12:00:00+00:00,1782302400000,836.0,839.275,832.11,832.752,7763.697141,6486817.399614012
2026-06-24 13:00:00+00:00,1782306000000,832.793,836.95,803.28,831.526,605575.862036,497859661.1522085
2026-06-24 14:00:00+00:00,1782309600000,831.444,866.42,816.075,862.039,788163.5994780002,662933388.58598
2026-06-24 15:00:00+00:00,1782313200000,862.034,862.034,840.489,847.405,508023.023804,430956185.1044451
2026-06-24 16:00:00+00:00,1782316800000,847.415,852.994,840.267,840.478,398803.795297,337971500.65416104
2026-06-24 17:00:00+00:00,1782320400000,840.469,847.605,829.354,831.959,354082.7006939999,296052724.22612154
2026-06-24 18:00:00+00:00,1782324000000,831.957,845.253,829.38,831.69,417836.4863150001,349617618.4874576
2026-06-24 19:00:00+00:00,1782327600000,831.95,844.615,824.745,842.65,675577.6282259999,564430583.463816
2026-06-24 20:00:00+00:00,1782331200000,842.162,868.855,838.511,865.452,243901.774801,207539312.85213068
2026-06-24 21:00:00+00:00,1782334800000,865.426,865.994,861.001,862.0,27634.481809,23871607.72244389
2026-06-24 22:00:00+00:00,1782338400000,862.0,864.431,862.0,864.15,8946.384242999999,7725752.101823019
2026-06-24 23:00:00+00:00,1782342000000,864.15,869.01,863.467,868.199,16534.327895000002,14326631.365803812
2026-06-25 00:00:00+00:00,1782345600000,866.01,878.88,855.09,855.99,5572.0,4793740.0
2026-06-25 01:00:00+00:00,1782349200000,857.42,862.87,855.45,860.21,3499.0,3008814.05
2026-06-25 02:00:00+00:00,1782352800000,860.3,861.94,856.08,860.94,2067.0,1774854.17
2026-06-25 03:00:00+00:00,1782356400000,861.56,868.79,860.88,864.51,2416.0,2088824.32
2026-06-25 04:00:00+00:00,1782360000000,864.36,875.15,860.4,874.9,8316.0,7216737.12
2026-06-25 05:00:00+00:00,1782363600000,875.0,876.71,871.02,871.02,5305.0,4636638.01
2026-06-25 06:00:00+00:00,1782367200000,871.25,872.63,868.85,869.17,2610.0,2272636.97
2026-06-25 07:00:00+00:00,1782370800000,868.77,872.9,868.52,870.08,3278.0,2855921.6
2026-06-25 08:00:00+00:00,1782374400000,868.2,872.229,865.35,865.35,35558.26962199999,30936747.0959208
2026-06-25 09:00:00+00:00,1782378000000,865.35,867.875,863.63,863.63,3591.0,3110360.8095
2026-06-25 10:00:00+00:00,1782381600000,863.63,867.85,863.63,867.743,6943.479917000001,6019419.390509905
2026-06-25 11:00:00+00:00,1782385200000,867.703,875.1,866.402,874.619,29243.902142,25476109.01685408
2026-06-25 12:00:00+00:00,1782388800000,874.619,887.13,874.11,882.172,55433.268352,48851094.351249345
2026-06-25 13:00:00+00:00,1782392400000,882.173,899.0,812.0,813.931,953389.924665,824557390.7550939
2026-06-25 14:00:00+00:00,1782396000000,813.874,856.61,811.0,853.238,879709.0531450004,732732982.654379
2026-06-25 15:00:00+00:00,1782399600000,853.231,857.68,835.542,841.5,430703.912447,363767011.4426569
2026-06-25 16:00:00+00:00,1782403200000,841.5,869.01,840.85,858.44,580216.9966879997,499303531.67527074
2026-06-25 17:00:00+00:00,1782406800000,858.441,862.794,845.513,855.948,358818.57108399994,307202232.57870966
2026-06-25 18:00:00+00:00,1782410400000,855.981,864.053,849.57,861.983,293468.71794899995,251156838.39819008
2026-06-25 19:00:00+00:00,1782414000000,861.983,862.861,849.75,861.882,426646.6293450001,366158035.5056799
2026-06-25 20:00:00+00:00,1782417600000,861.926,865.24,858.485,858.485,57708.28834600001,49748405.23874236
2026-06-25 21:00:00+00:00,1782421200000,858.485,858.505,852.5,854.505,1945.753,1665223.6720744
2026-06-25 22:00:00+00:00,1782424800000,854.505,857.054,850.11,854.491,2281.7,1946408.97657
2026-06-25 23:00:00+00:00,1782428400000,854.49,856.0,851.0,855.5,3361.263413,2878266.6668689647
2026-06-26 00:00:00+00:00,1782432000000,855.73,858.02,842.9,843.94,2240.0,1904371.31
2026-06-26 01:00:00+00:00,1782435600000,843.95,846.23,839.53,840.36,2315.0,1949380.21
2026-06-26 02:00:00+00:00,1782439200000,840.09,840.53,821.76,825.1,9430.0,7833259.12
2026-06-26 03:00:00+00:00,1782442800000,825.09,828.01,818.39,827.7,12638.0,10391580.01
2026-06-26 04:00:00+00:00,1782446400000,826.99,832.0,824.12,825.98,3024.0,2503703.6
2026-06-26 05:00:00+00:00,1782450000000,825.83,833.55,824.12,828.99,1877.0,1555377.08
2026-06-26 06:00:00+00:00,1782453600000,829.5,838.39,827.89,837.01,1618.0,1348115.98
2026-06-26 07:00:00+00:00,1782457200000,836.56,840.0,834.01,837.03,1552.0,1299126.59
2026-06-26 08:00:00+00:00,1782460800000,852.278,852.278,829.33,832.0,20737.231686,17232589.76170995
2026-06-26 09:00:00+00:00,1782464400000,832.0,832.0,826.1,827.35,4842.158206,4006940.631852728
2026-06-26 10:00:00+00:00,1782468000000,827.35,828.749,824.5,828.749,1565.247848,1293369.3055955137
2026-06-26 11:00:00+00:00,1782471600000,830.39,835.953,827.75,828.01,10426.806735,8663992.398263184
2026-06-26 12:00:00+00:00,1782475200000,827.75,830.495,824.097,825.735,12280.837896,10164731.6304754
2026-06-26 13:00:00+00:00,1782478800000,821.84,825.964,774.83,785.19,1328128.595824,1050998892.3878917
2026-06-26 14:00:00+00:00,1782482400000,784.2,802.563,783.2,783.5,845083.372263,669650317.798156
2026-06-26 15:00:00+00:00,1782486000000,783.435,796.132,776.01,793.73,766088.4671150002,602064099.9483359
2026-06-26 16:00:00+00:00,1782489600000,793.996,806.595,791.31,804.992,590082.217263,471872167.834916
2026-06-26 17:00:00+00:00,1782493200000,804.21,819.5,803.92,810.32,491087.636206,399338666.2001418
2026-06-26 18:00:00+00:00,1782496800000,809.65,815.73,800.01,800.01,539117.424181,436811590.53432286
2026-06-26 19:00:00+00:00,1782500400000,799.74,824.82,798.185,814.62,1511641.200387,1231733169.1013799
2026-06-26 20:00:00+00:00,1782504000000,816.48,816.49,807.024,813.29,147444.29443299997,120366577.34883338
2026-06-26 21:00:00+00:00,1782507600000,808.0,812.81,807.2,808.0,8503.214039999999,6887306.6102300035
2026-06-26 22:00:00+00:00,1782511200000,808.85,811.45,808.85,811.45,1877.0,1520192.0604
2026-06-26 23:00:00+00:00,1782514800000,811.45,813.765,810.995,812.14,6278.295923,5100483.213038053
2026-06-27 00:00:00+00:00,1782518400000,812.024,814.13,811.49,813.05,0.5034,409.578726
2026-06-27 13:00:00+00:00,1782565200000,813.05,813.05,813.05,813.05,0.0202,16.42361
2026-06-27 16:00:00+00:00,1782576000000,814.13,814.13,814.13,814.13,0.2468,200.927284
2026-06-28 17:00:00+00:00,1782666000000,814.23,814.23,813.74,813.74,0.0372,30.280242
2026-06-28 19:00:00+00:00,1782673200000,814.33,814.33,813.56,813.56,0.125,101.749061
2026-06-29 00:00:00+00:00,1782691200000,829.9,829.9,806.9,812.77,5424.0,4414969.17
2026-06-29 01:00:00+00:00,1782694800000,812.79,816.01,810.6,814.79,4410.0,3592586.38
2026-06-29 02:00:00+00:00,1782698400000,814.79,815.46,810.0,813.0,2894.0,2351325.31
2026-06-29 03:00:00+00:00,1782702000000,813.89,816.01,812.14,816.0,2504.0,2041557.45
2026-06-29 04:00:00+00:00,1782705600000,815.96,815.97,812.96,813.69,992.0,807661.27
2026-06-29 05:00:00+00:00,1782709200000,813.5,819.06,811.32,817.99,3249.0,2649248.0
2026-06-29 06:00:00+00:00,1782712800000,817.8,822.22,816.98,818.62,1681.0,1377252.96
2026-06-29 07:00:00+00:00,1782716400000,818.5,821.39,817.51,819.65,2095.0,1717676.12
2026-06-29 08:00:00+00:00,1782720000000,816.97,821.83,812.587,816.99,22868.470364,18752035.929822247
2026-06-29 09:00:00+00:00,1782723600000,816.5,816.825,814.27,816.5,9475.38027,7718676.036696891
2026-06-29 10:00:00+00:00,1782727200000,814.17,820.75,813.49,814.17,8720.531700999998,7128751.248287216
2026-06-29 11:00:00+00:00,1782730800000,817.625,820.63,813.52,815.0,19618.020227,16039936.601046013
2026-06-29 12:00:00+00:00,1782734400000,815.0,816.515,812.04,814.5,64457.130562000006,52580311.250350334
2026-06-29 13:00:00+00:00,1782738000000,813.65,823.178,773.06,773.06,784586.512757,625913540.9660037
2026-06-29 14:00:00+00:00,1782741600000,773.36,804.6,754.0,804.02,1477584.616314,1141779427.6273975
2026-06-29 15:00:00+00:00,1782745200000,802.96,819.28,792.73,816.74,701931.949609,569192687.1190202
2026-06-29 16:00:00+00:00,1782748800000,816.746,843.99,816.608,839.786,575709.41285,478228451.3504504
2026-06-29 17:00:00+00:00,1782752400000,839.045,844.25,835.588,837.37,383786.526052,322144499.6555476
2026-06-29 18:00:00+00:00,1782756000000,837.25,845.48,835.726,843.51,333112.89018,280078419.98119944
2026-06-29 19:00:00+00:00,1782759600000,843.93,852.76,838.357,851.46,759925.0833909999,644471489.2916055
2026-06-29 20:00:00+00:00,1782763200000,851.782,855.997,846.015,848.54,388272.386117,330655559.57841724
2026-06-29 21:00:00+00:00,1782766800000,848.54,849.49,847.99,848.341,41042.987748,34821100.64613459
2026-06-29 22:00:00+00:00,1782770400000,848.355,848.986,845.417,847.0,3671.0,3109955.5635
2026-06-29 23:00:00+00:00,1782774000000,847.0,847.725,846.08,847.0,5273.145061,4466520.49805093
2026-06-30 00:00:00+00:00,1782777600000,846.29,848.01,838.99,843.35,1830.0,1542997.96
2026-06-30 01:00:00+00:00,1782781200000,843.6,846.0,837.19,845.08,3245.0,2728107.63
2026-06-30 02:00:00+00:00,1782784800000,845.08,845.08,840.12,843.71,1060.0,893624.62
2026-06-30 03:00:00+00:00,1782788400000,843.72,849.99,843.7,848.66,2000.0,1693247.18
2026-06-30 04:00:00+00:00,1782792000000,848.97,858.45,848.97,857.6,4598.0,3922750.11
2026-06-30 05:00:00+00:00,1782795600000,857.6,858.87,850.67,852.64,2280.0,1949072.59
2026-06-30 06:00:00+00:00,1782799200000,852.27,852.56,847.04,847.24,2005.0,1704413.68
2026-06-30 07:00:00+00:00,1782802800000,848.02,849.92,846.1,849.73,1071.0,908736.48
2026-06-30 08:00:00+00:00,1782806400000,846.1,850.5,842.495,845.485,20041.724339,17008637.83594981
2026-06-30 09:00:00+00:00,1782810000000,845.665,847.25,843.575,845.0,1245.084653,1053896.55066784
2026-06-30 10:00:00+00:00,1782813600000,845.0,846.273,844.0,846.273,3480.414516,2941892.41422948
2026-06-30 11:00:00+00:00,1782817200000,846.11,848.435,841.95,845.01,5006.696803000001,4240539.51467572
2026-06-30 12:00:00+00:00,1782820800000,846.0,847.485,833.3,836.0,15111.778637999998,12671221.85442941
2026-06-30 13:00:00+00:00,1782824400000,847.08,865.699,830.84,855.02,430283.388321,365732403.4901001
2026-06-30 14:00:00+00:00,1782828000000,857.655,865.36,846.311,847.175,518070.28726100014,443667208.4997818
2026-06-30 15:00:00+00:00,1782831600000,849.11,859.335,844.414,855.93,383982.77517300006,326994893.1543597
2026-06-30 16:00:00+00:00,1782835200000,856.175,858.38,845.994,849.31,212335.4402830001,181300131.3609883
2026-06-30 17:00:00+00:00,1782838800000,846.35,863.55,846.016,863.29,308792.8885669999,264232808.69593868
2026-06-30 18:00:00+00:00,1782842400000,863.74,874.53,862.53,869.86,515401.597097,447243910.63385826
2026-06-30 19:00:00+00:00,1782846000000,869.49,869.958,854.68,858.15,1081894.333624,930726972.4266868
2026-06-30 20:00:00+00:00,1782849600000,855.03,858.595,852.62,855.03,684046.814824,586715572.0644116
2026-06-30 21:00:00+00:00,1782853200000,858.06,858.06,855.51,856.755,61187.280071,52421602.56548455
2026-06-30 22:00:00+00:00,1782856800000,856.755,857.2,855.511,857.2,2547.4594,2182084.43114432
2026-06-30 23:00:00+00:00,1782860400000,857.2,857.75,856.355,856.965,3421.2872930000003,2932512.26858887
2026-07-01 00:00:00+00:00,1782864000000,858.45,858.77,853.87,854.41,6.151303,5271.4513754
2026-07-01 01:00:00+00:00,1782867600000,854.39,854.39,848.71,849.02,1801.0,1531601.51
2026-07-01 02:00:00+00:00,1782871200000,849.55,851.12,844.7,851.01,1450.0,1229016.46
2026-07-01 03:00:00+00:00,1782874800000,851.0,855.0,850.31,853.83,446.0,380324.91
2026-07-01 04:00:00+00:00,1782878400000,853.85,853.85,850.77,851.22,365.0,310966.88
2026-07-01 05:00:00+00:00,1782882000000,850.58,851.01,849.16,850.78,239.0,203249.88
2026-07-01 06:00:00+00:00,1782885600000,850.1,850.38,846.21,847.85,2690.0,2280802.78
2026-07-01 07:00:00+00:00,1782889200000,848.34,848.34,842.38,844.49,2148.0,1812886.64
2026-07-01 08:00:00+00:00,1782892800000,844.51,856.965,839.6,840.56,13132.324635,11093201.61406791
2026-07-01 09:00:00+00:00,1782896400000,842.0,843.161,839.75,842.401,2325.012283,1956206.51210544
2026-07-01 10:00:00+00:00,1782900000000,842.4,844.387,840.85,842.25,2904.82777,2444247.57423766
2026-07-01 11:00:00+00:00,1782903600000,845.61,846.245,842.25,845.61,6702.848443000001,5665002.17977059
2026-07-01 12:00:00+00:00,1782907200000,829.01,845.025,820.576,821.0,40582.156537,33772267.75930872
2026-07-01 13:00:00+00:00,1782910800000,820.563,840.236,805.01,824.424,346464.537165,287094752.283843
2026-07-01 14:00:00+00:00,1782914400000,824.63,827.77,784.11,789.46,904100.9224789996,730796438.5416753
2026-07-01 15:00:00+00:00,1782918000000,794.6,807.514,790.584,805.365,430147.198401,344963213.0392572
2026-07-01 16:00:00+00:00,1782921600000,805.52,809.633,801.59,801.95,346494.767822,279168512.91924095
2026-07-01 17:00:00+00:00,1782925200000,802.19,808.75,798.405,798.85,359936.5623100001,289570440.1183005
2026-07-01 18:00:00+00:00,1782928800000,799.7,805.3,794.598,796.63,358303.9396680001,286607464.6620092
2026-07-01 19:00:00+00:00,1782932400000,796.65,805.76,796.072,801.26,687629.4872999999,550842035.1464114
2026-07-01 20:00:00+00:00,1782936000000,801.329,801.329,797.079,798.84,364407.400007,291977976.321367
2026-07-01 21:00:00+00:00,1782939600000,801.48,802.495,798.84,801.48,73809.07349200001,59137224.67327941
2026-07-01 22:00:00+00:00,1782943200000,802.57,803.65,801.0,803.49,14152.615037,11355023.7495296
2026-07-01 23:00:00+00:00,1782946800000,801.905,802.1,798.58,798.58,3055.90228,2447041.86501098
2026-07-02 00:00:00+00:00,1782950400000,798.68,798.71,792.0,798.01,2677.0,2129976.01
2026-07-02 01:00:00+00:00,1782954000000,797.99,806.4,797.99,803.11,6730.0,5391908.15
2026-07-02 02:00:00+00:00,1782957600000,802.53,804.34,799.15,800.49,1111.0,891309.97
2026-07-02 03:00:00+00:00,1782961200000,801.8,801.8,796.0,798.47,1064.0,848679.13
2026-07-02 04:00:00+00:00,1782964800000,799.41,799.61,793.01,796.71,1765.0,1403768.97
2026-07-02 05:00:00+00:00,1782968400000,797.04,800.49,795.57,796.0,3168.0,2530243.07
2026-07-02 06:00:00+00:00,1782972000000,795.58,795.58,785.16,785.21,5280.0,4166292.77
2026-07-02 07:00:00+00:00,1782975600000,785.2,785.99,774.99,780.18,7036.0,5493565.31
2026-07-02 08:00:00+00:00,1782979200000,776.74,798.58,774.064,776.74,36636.491957000006,28723965.90672808
2026-07-02 09:00:00+00:00,1782982800000,793.39,793.39,786.5,786.96,5019.50565,3958314.39226373
2026-07-02 10:00:00+00:00,1782986400000,788.5,789.58,783.5,789.0,5409.689153,4257173.81286539
2026-07-02 11:00:00+00:00,1782990000000,789.0,794.059,786.4,793.995,11595.074825999998,9143037.68387368
2026-07-02 12:00:00+00:00,1782993600000,796.36,808.758,789.315,797.38,29785.356216,23836258.51265902
2026-07-02 13:00:00+00:00,1782997200000,799.49,805.17,776.61,801.555,451466.24101700017,354931065.7119232
2026-07-02 14:00:00+00:00,1783000800000,800.01,802.386,750.985,756.355,830706.730585,639227998.4784269
2026-07-02 15:00:00+00:00,1783004400000,755.0,759.98,737.9,740.09,765867.2314160002,573327443.5707864
2026-07-02 16:00:00+00:00,1783008000000,740.09,740.212,724.062,728.5,691458.3620269999,505434489.14084166
2026-07-02 17:00:00+00:00,1783011600000,728.484,729.79,710.1,710.265,463285.537877,333660478.30702204
2026-07-02 18:00:00+00:00,1783015200000,710.34,723.979,710.229,720.5,464384.874016,333091381.878902
2026-07-02 19:00:00+00:00,1783018800000,720.57,730.364,711.63,728.665,918028.862445,663958132.1670816
2026-07-02 20:00:00+00:00,1783022400000,730.01,732.272,722.5,729.93,523965.748371,381794296.9155334
2026-07-02 21:00:00+00:00,1783026000000,723.96,726.715,722.45,724.401,30618.067161,22153748.42144229
2026-07-02 22:00:00+00:00,1783029600000,728.39,728.465,723.75,728.39,5565.016525999999,4038210.27846134
2026-07-02 23:00:00+00:00,1783033200000,728.33,728.465,723.067,726.29,6200.338148999999,4502635.34106479
2026-07-03 00:00:00+00:00,1783036800000,725.54,725.54,725.54,725.54,0.1378,99.979412
2026-07-03 02:00:00+00:00,1783044000000,725.6,727.48,725.6,727.48,4.596,3339.273495
2026-07-03 03:00:00+00:00,1783047600000,727.48,727.48,727.48,727.48,1.3512,982.970976
2026-07-03 04:00:00+00:00,1783051200000,727.92,727.92,727.92,727.92,0.0686,49.935312
2026-07-03 06:00:00+00:00,1783058400000,727.94,735.53,727.94,735.53,21.3098,15602.133526
2026-07-03 08:00:00+00:00,1783065600000,736.15,739.9,736.15,739.9,20.5176,15132.789294
2026-07-03 09:00:00+00:00,1783069200000,740.47,740.47,740.47,740.47,0.0943,69.826321
2026-07-03 10:00:00+00:00,1783072800000,740.47,740.68,740.47,740.68,0.6829,505.687309
2026-07-03 11:00:00+00:00,1783076400000,740.85,742.1,740.85,742.1,4.7629,3533.131513
2026-07-03 12:00:00+00:00,1783080000000,743.16,744.48,743.16,744.48,6.1013,4540.148867
2026-07-03 13:00:00+00:00,1783083600000,745.71,747.94,745.71,747.94,6.5037,4857.68797
2026-07-03 21:00:00+00:00,1783112400000,747.49,747.49,747.49,747.49,0.0229,17.117521
2026-07-04 01:00:00+00:00,1783126800000,748.03,748.03,748.03,748.03,0.2416,180.724048
2026-07-04 03:00:00+00:00,1783134000000,748.03,748.03,748.03,748.03,0.0321,24.011763
2026-07-04 04:00:00+00:00,1783137600000,748.11,748.4,748.11,748.4,0.6328,473.46416
2026-07-04 07:00:00+00:00,1783148400000,748.4,748.4,748.4,748.4,0.0668,49.99312
2026-07-04 11:00:00+00:00,1783162800000,748.46,750.65,748.46,750.65,4.3088,3231.231418
2026-07-04 15:00:00+00:00,1783177200000,750.56,751.34,750.56,751.34,4.3796,3290.025928
2026-07-04 18:00:00+00:00,1783188000000,750.68,752.28,750.68,752.28,0.2828,212.481504
2026-07-05 03:00:00+00:00,1783220400000,752.28,753.22,752.28,753.22,0.898,676.31448
2026-07-05 08:00:00+00:00,1783238400000,752.45,752.45,752.45,752.45,0.0753,56.659485
2026-07-05 09:00:00+00:00,1783242000000,753.24,753.24,752.43,752.43,0.0329,24.768312
2026-07-05 15:00:00+00:00,1783263600000,752.43,752.43,752.01,752.01,0.809,608.527828
2026-07-05 20:00:00+00:00,1783281600000,751.95,751.95,750.67,750.67,0.6406,481.368777
2026-07-05 22:00:00+00:00,1783288800000,752.86,752.86,752.86,752.86,0.18,135.5148
2026-07-06 00:00:00+00:00,1783296000000,750.01,756.42,743.08,748.02,10784.0,8091450.65
2026-07-06 01:00:00+00:00,1783299600000,747.99,747.99,731.99,737.01,5152.0,3810068.23
2026-07-06 02:00:00+00:00,1783303200000,737.01,740.19,728.35,732.83,3684.0,2700467.44
2026-07-06 03:00:00+00:00,1783306800000,732.82,737.39,732.74,735.94,3278.0,2409108.71
2026-07-06 04:00:00+00:00,1783310400000,735.5,739.51,734.04,738.04,1567.0,1154655.39
2026-07-06 05:00:00+00:00,1783314000000,739.0,739.49,736.46,737.93,1065.0,786288.38
2026-07-06 06:00:00+00:00,1783317600000,737.94,739.27,735.62,739.27,2312.0,1703123.99
2026-07-06 07:00:00+00:00,1783321200000,738.99,739.72,734.76,735.67,2608.0,1921408.97
2026-07-06 08:00:00+00:00,1783324800000,725.65,739.19,725.65,734.675,21101.713773,15499263.728189375
2026-07-06 09:00:00+00:00,1783328400000,734.556,734.85,729.25,729.25,9877.728018,7240978.806226183
2026-07-06 10:00:00+00:00,1783332000000,726.98,730.446,723.38,723.38,10477.510343000002,7613223.04848445
2026-07-06 11:00:00+00:00,1783335600000,734.99,736.965,724.603,735.39,32636.06547000001,23832346.47438599
2026-07-06 12:00:00+00:00,1783339200000,736.87,738.63,730.876,733.47,23649.966346,17408856.1121257
2026-07-06 13:00:00+00:00,1783342800000,734.02,746.281,716.56,738.69,644644.0992549998,469752412.9847581
2026-07-06 14:00:00+00:00,1783346400000,738.44,745.505,731.232,736.0,507212.451131,375600203.4928514
2026-07-06 15:00:00+00:00,1783350000000,736.01,740.83,728.776,735.385,388722.7246879999,285956059.0899609
2026-07-06 16:00:00+00:00,1783353600000,735.605,738.98,724.6,728.53,468393.0987210002,342944592.91261137
2026-07-06 17:00:00+00:00,1783357200000,728.6,742.351,727.11,729.48,472111.8025739997,346964642.0035852
2026-07-06 18:00:00+00:00,1783360800000,729.311,734.846,726.591,731.45,280384.268117,204849316.8516796
2026-07-06 19:00:00+00:00,1783364400000,732.14,734.63,727.7,730.93,535905.9220700001,391991816.4960028
2026-07-06 20:00:00+00:00,1783368000000,733.01,734.988,729.625,733.38,356774.563886,260894575.13525608
2026-07-06 21:00:00+00:00,1783371600000,732.155,732.5,730.545,732.5,1683.24454,1231517.25253382
2026-07-06 22:00:00+00:00,1783375200000,732.5,732.5,726.5,726.5,42873.919403,31402633.55102048
2026-07-06 23:00:00+00:00,1783378800000,726.5,729.565,723.99,724.194,6723.183109,4880345.17245688
2026-07-07 00:00:00+00:00,1783382400000,725.9,729.99,721.76,726.08,2631.0,1907855.46
2026-07-07 01:00:00+00:00,1783386000000,724.99,726.0,715.7,718.31,4800.0,3450589.83
2026-07-07 02:00:00+00:00,1783389600000,719.95,722.25,715.9,717.29,982.0,705419.7
2026-07-07 03:00:00+00:00,1783393200000,717.18,718.0,707.88,710.34,4028.0,2864766.73
2026-07-07 04:00:00+00:00,1783396800000,710.23,710.99,706.49,707.03,4377.0,3100781.96
2026-07-07 05:00:00+00:00,1783400400000,707.12,717.3,702.0,716.86,6541.0,4634383.67
2026-07-07 06:00:00+00:00,1783404000000,716.88,717.17,712.29,717.16,1228.0,877854.65
2026-07-07 07:00:00+00:00,1783407600000,717.23,721.56,714.69,714.69,6421.0,4610316.3
2026-07-07 08:00:00+00:00,1783411200000,724.001,724.001,710.097,714.636,29932.936945000005,21330992.11666127
2026-07-07 09:00:00+00:00,1783414800000,713.43,714.918,711.25,713.43,2947.774068,2104648.78129657
2026-07-07 10:00:00+00:00,1783418400000,711.25,715.285,710.275,713.25,4601.777955,3277971.14552908
2026-07-07 11:00:00+00:00,1783422000000,706.75,713.25,702.65,703.99,36804.61201800001,26031434.66175878
2026-07-07 12:00:00+00:00,1783425600000,706.01,710.245,703.0,706.01,14573.745779,10286138.11182158
2026-07-07 13:00:00+00:00,1783429200000,703.0,732.0,696.057,708.177,512169.698606,364587461.0854056
2026-07-07 14:00:00+00:00,1783432800000,709.46,710.03,680.938,694.01,849676.6028170001,588678551.8292526
2026-07-07 15:00:00+00:00,1783436400000,692.77,700.998,690.825,694.805,443679.737064,308579967.0155913
2026-07-07 16:00:00+00:00,1783440000000,695.87,709.215,695.131,703.55,337029.031566,236749952.76030284
2026-07-07 17:00:00+00:00,1783443600000,703.78,706.441,700.672,704.2,193314.882782,136026307.24187848
2026-07-07 18:00:00+00:00,1783447200000,703.75,704.89,693.396,693.705,285239.843431,199085031.30563307
2026-07-07 19:00:00+00:00,1783450800000,694.16,700.03,690.8,699.28,546397.9588750002,380528094.4187041
2026-07-07 20:00:00+00:00,1783454400000,699.197,702.94,698.829,699.175,324789.925337,227105638.72364375
2026-07-07 21:00:00+00:00,1783458000000,699.175,700.0,694.25,697.0,78180.902422,54378515.59118556
2026-07-07 22:00:00+00:00,1783461600000,697.0,698.825,693.506,695.65,6714.3007290000005,4667875.86701101
2026-07-07 23:00:00+00:00,1783465200000,691.01,695.65,687.519,688.09,7537.802783999999,5204182.7116845
2026-07-08 00:00:00+00:00,1783468800000,688.41,707.64,687.75,705.98,5.0,3438.75
2026-07-08 01:00:00+00:00,1783472400000,705.58,707.0,696.14,698.0,2361.0,1659500.33
2026-07-08 02:00:00+00:00,1783476000000,698.01,700.99,694.74,699.76,1826.0,1276881.41
2026-07-08 03:00:00+00:00,1783479600000,699.77,706.0,699.77,702.09,1426.0,1002835.15
2026-07-08 04:00:00+00:00,1783483200000,702.91,703.0,694.0,696.92,708.0,494379.42
2026-07-08 05:00:00+00:00,1783486800000,696.91,697.84,692.06,694.2,1868.0,1300296.72
2026-07-08 06:00:00+00:00,1783490400000,693.91,693.91,686.0,686.01,4384.0,3017555.37
2026-07-08 07:00:00+00:00,1783494000000,687.21,694.35,685.01,691.34,1125.0,775204.7
2026-07-08 08:00:00+00:00,1783497600000,687.75,694.6,673.514,678.55,23940.87641299999,16426285.39543586
2026-07-08 09:00:00+00:00,1783501200000,678.55,678.55,668.6,675.151,13996.997560999998,9412987.85827128
2026-07-08 10:00:00+00:00,1783504800000,675.176,684.27,675.176,684.27,7768.198229,5288666.25946567
2026-07-08 11:00:00+00:00,1783508400000,681.0,686.76,676.0,678.0,13367.375722,9096354.8111632
2026-07-08 12:00:00+00:00,1783512000000,682.39,688.965,679.992,682.39,14272.372623000005,9774260.26791555
2026-07-08 13:00:00+00:00,1783515600000,687.53,717.5,679.11,716.815,383895.4164110001,270760439.0665957
2026-07-08 14:00:00+00:00,1783519200000,717.33,718.46,699.63,701.26,441359.40937,313327797.5107264
2026-07-08 15:00:00+00:00,1783522800000,702.74,704.295,683.652,686.58,377818.8756829999,262164852.99333948
2026-07-08 16:00:00+00:00,1783526400000,686.25,700.49,686.22,700.49,241141.083047,167220682.6572238
2026-07-08 17:00:00+00:00,1783530000000,699.95,707.04,696.52,699.84,170728.241081,119724630.24810044
2026-07-08 18:00:00+00:00,1783533600000,699.76,703.57,696.35,697.966,159150.237758,111373307.0063322
2026-07-08 19:00:00+00:00,1783537200000,698.045,707.943,695.61,706.91,418347.7637510001,293749324.8733264
2026-07-08 20:00:00+00:00,1783540800000,706.6,709.23,702.0,707.3,306293.45226,216490754.29302177
2026-07-08 21:00:00+00:00,1783544400000,702.01,704.25,700.835,702.01,1749.196943,1227681.5709111
2026-07-08 22:00:00+00:00,1783548000000,704.25,705.25,703.901,705.25,5209.0,3669747.2717
2026-07-08 23:00:00+00:00,1783551600000,706.25,709.6,704.73,706.25,5610.4473720000005,3965248.20030578
2026-07-09 00:00:00+00:00,1783555200000,710.0,714.0,707.91,711.95,1429.0,1016557.68
2026-07-09 01:00:00+00:00,1783558800000,712.91,715.01,703.99,703.99,2623.0,1862170.01
2026-07-09 02:00:00+00:00,1783562400000,705.0,709.98,701.31,701.33,1201.0,848694.74
2026-07-09 03:00:00+00:00,1783566000000,702.7,709.4,697.49,707.34,1242.0,872342.13
2026-07-09 04:00:00+00:00,1783569600000,707.32,708.57,704.17,707.65,660.0,466579.8
2026-07-09 05:00:00+00:00,1783573200000,707.76,715.92,707.57,715.09,1657.0,1180893.8
2026-07-09 06:00:00+00:00,1783576800000,715.73,722.97,714.49,722.0,5347.0,3844596.0
2026-07-09 07:00:00+00:00,1783580400000,721.57,727.47,721.57,725.58,5482.0,3973704.51
2026-07-09 08:00:00+00:00,1783584000000,728.07,732.5,709.6,728.07,31234.769026,22683916.79310392
2026-07-09 09:00:00+00:00,1783587600000,728.755,728.755,726.035,726.035,3703.378863,2692016.09288349
2026-07-09 10:00:00+00:00,1783591200000,724.99,728.23,724.61,724.99,5778.502433000001,4194580.82295035
2026-07-09 11:00:00+00:00,1783594800000,727.01,738.0,724.3,736.04,37733.25351,27619828.42458506
2026-07-09 12:00:00+00:00,1783598400000,738.67,743.585,737.451,741.0,35548.802240000005,26300216.11130839
2026-07-09 13:00:00+00:00,1783602000000,745.99,801.85,741.5,791.735,1514596.7477949995,1180019297.0135887
2026-07-09 14:00:00+00:00,1783605600000,792.44,800.01,767.99,786.221,1128363.656742,886114341.4012704
2026-07-09 15:00:00+00:00,1783609200000,787.775,793.63,786.181,791.915,516726.85918999993,408095216.5644285
2026-07-09 16:00:00+00:00,1783612800000,793.325,795.63,784.29,785.86,334417.1748689998,264290160.83271044
2026-07-09 17:00:00+00:00,1783616400000,786.265,796.0,786.265,790.98,325115.5792150001,257298290.0379947
2026-07-09 18:00:00+00:00,1783620000000,792.13,804.64,785.97,800.92,586951.79031,467257822.5565704
2026-07-09 19:00:00+00:00,1783623600000,801.17,803.285,784.01,785.41,876524.1239879995,696445310.549099
2026-07-09 20:00:00+00:00,1783627200000,783.11,786.92,781.451,785.56,361964.415133,284338142.0030825
2026-07-09 21:00:00+00:00,1783630800000,786.92,786.999,784.8,786.0,25895.014,20369038.7284112
2026-07-09 22:00:00+00:00,1783634400000,786.0,787.5,785.59,787.5,7089.428326,5576326.04441882
2026-07-09 23:00:00+00:00,1783638000000,787.5,793.766,787.5,792.75,6029.2,4764679.00224
2026-07-10 00:00:00+00:00,1783641600000,791.05,796.12,778.59,791.79,3478.0,2738899.63
2026-07-10 01:00:00+00:00,1783645200000,791.06,796.0,786.09,791.29,3502.0,2771171.9
2026-07-10 02:00:00+00:00,1783648800000,791.18,799.29,787.76,797.46,5002.0,3972766.46
2026-07-10 03:00:00+00:00,1783652400000,797.33,800.85,796.53,796.68,3176.0,2536562.33
2026-07-10 04:00:00+00:00,1783656000000,797.98,799.0,791.03,791.03,3385.0,2692855.83
2026-07-10 05:00:00+00:00,1783659600000,791.51,791.56,781.71,781.71,2817.0,2218086.06
2026-07-10 06:00:00+00:00,1783663200000,782.81,784.34,774.19,780.48,4545.0,3541422.04
2026-07-10 07:00:00+00:00,1783666800000,780.01,780.01,772.29,772.6,2570.0,1991906.5
2026-07-10 08:00:00+00:00,1783670400000,792.75,792.75,759.945,770.5,37889.321352,29321386.38107943
2026-07-10 09:00:00+00:00,1783674000000,764.62,773.855,759.875,767.84,5312.467135,4078812.39187086
2026-07-10 10:00:00+00:00,1783677600000,771.059,773.0,771.059,772.0,3598.767084,2778335.99876485
2026-07-10 11:00:00+00:00,1783681200000,772.0,780.462,772.0,773.0,17930.673478,13918335.47419254
2026-07-10 12:00:00+00:00,1783684800000,779.34,779.34,770.0,770.0,11971.796033,9254594.59995769
2026-07-10 13:00:00+00:00,1783688400000,771.34,805.54,766.045,773.575,635742.0685209999,498874811.518492
2026-07-10 14:00:00+00:00,1783692000000,773.64,781.58,761.93,765.62,511370.2731449999,394358936.3401795
2026-07-10 15:00:00+00:00,1783695600000,765.24,782.5,764.67,769.74,343996.212944,266000747.5964616
2026-07-10 16:00:00+00:00,1783699200000,770.83,781.085,769.01,774.71,209589.12134300004,162445758.22433996
2026-07-10 17:00:00+00:00,1783702800000,775.55,786.77,774.618,781.87,358187.010369,279900152.9973078
2026-07-10 18:00:00+00:00,1783706400000,782.27,789.84,781.612,788.57,407421.948859,320666089.4596929
2026-07-10 19:00:00+00:00,1783710000000,789.435,805.02,788.123,801.915,799944.4322340001,637544033.3017875
2026-07-10 20:00:00+00:00,1783713600000,804.59,805.25,800.903,804.16,216382.358422,173722403.35321596
2026-07-10 21:00:00+00:00,1783717200000,804.11,804.305,802.0,804.11,117304.378422,94272191.5885432
2026-07-10 22:00:00+00:00,1783720800000,803.51,804.5,802.5,804.355,2101.31345,1688040.77919142
2026-07-10 23:00:00+00:00,1783724400000,804.355,804.748,803.945,804.6,5782.828243,4651413.22662322
2026-07-11 05:00:00+00:00,1783746000000,789.55,789.55,789.55,789.55,0.0487,38.451085
2026-07-11 13:00:00+00:00,1783774800000,789.44,789.44,789.44,789.44,0.0949,74.917856
2026-07-11 14:00:00+00:00,1783778400000,789.93,790.56,789.93,790.56,0.0622,49.15765
2026-07-11 20:00:00+00:00,1783800000000,789.85,789.85,789.85,789.85,0.0043,3.396355
2026-07-11 21:00:00+00:00,1783803600000,789.85,790.22,788.66,790.22,2.1076,1664.000853
2026-07-11 22:00:00+00:00,1783807200000,789.77,790.49,789.03,790.49,0.0827,65.301341
2026-07-12 00:00:00+00:00,1783814400000,789.03,789.03,788.84,788.84,0.2,157.802618
2026-07-12 01:00:00+00:00,1783818000000,789.45,790.27,789.45,790.27,0.089,70.292815
2026-07-12 11:00:00+00:00,1783854000000,789.57,812.63,789.57,803.24,0.8624,696.750337
2026-07-12 15:00:00+00:00,1783868400000,803.19,803.19,802.58,802.58,1.2632,1014.181124
2026-07-12 20:00:00+00:00,1783886400000,802.44,802.44,802.44,802.44,0.03,24.0732
2026-07-13 00:00:00+00:00,1783900800000,801.43,808.59,791.44,793.11,4543.0,3635707.7
2026-07-13 01:00:00+00:00,1783904400000,791.46,793.64,780.05,782.6,4562.0,3594704.92
2026-07-13 02:00:00+00:00,1783908000000,781.0,788.03,779.86,781.01,2860.0,2236905.4
2026-07-13 03:00:00+00:00,1783911600000,781.01,781.01,770.01,774.15,5272.0,4081297.52
2026-07-13 04:00:00+00:00,1783915200000,775.25,775.63,771.09,773.16,2673.0,2066575.83
2026-07-13 05:00:00+00:00,1783918800000,772.18,777.19,765.01,770.99,3922.0,3022770.5
2026-07-13 06:00:00+00:00,1783922400000,773.12,773.52,764.42,765.53,6495.0,4980081.62
2026-07-13 07:00:00+00:00,1783926000000,764.87,770.68,763.03,766.11,2938.0,2254404.15
2026-07-13 08:00:00+00:00,1783929600000,804.6,804.6,769.5,773.04,27785.343251,21426939.74437251
2026-07-13 09:00:00+00:00,1783933200000,773.04,778.0,773.04,778.0,3566.094858,2762699.68911627
2026-07-13 10:00:00+00:00,1783936800000,778.0,778.495,778.0,778.495,4125.79392,3210446.51864698
2026-07-13 11:00:00+00:00,1783940400000,783.94,786.999,778.495,783.94,12054.941944,9442866.27412633
2026-07-13 12:00:00+00:00,1783944000000,776.99,781.002,772.885,777.0,11141.141762,8652099.28095158
2026-07-13 13:00:00+00:00,1783947600000,770.0,800.01,765.35,772.99,501473.3607319999,390992761.6824115
2026-07-13 14:00:00+00:00,1783951200000,773.58,802.777,762.515,797.735,627993.298343,493015621.56297714
2026-07-13 15:00:00+00:00,1783954800000,797.306,809.01,781.701,786.778,790888.273039,630905643.988037
2026-07-13 16:00:00+00:00,1783958400000,786.765,793.61,771.5,777.71,317343.660661,248080360.2225944
2026-07-13 17:00:00+00:00,1783962000000,775.0,776.95,764.775,769.01,269349.289288,207404205.0629011
2026-07-13 18:00:00+00:00,1783965600000,769.51,773.52,761.939,764.12,235251.57513900008,180425325.1220281
2026-07-13 19:00:00+00:00,1783969200000,764.12,772.43,762.67,768.27,742936.7573289999,570016221.1314304
2026-07-13 20:00:00+00:00,1783972800000,765.06,768.876,759.487,760.0,365562.6597679999,280975042.8117504
2026-07-13 21:00:00+00:00,1783976400000,761.49,764.515,761.49,764.515,5224.013494,3985912.37029636
2026-07-13 22:00:00+00:00,1783980000000,764.515,767.94,764.515,765.5,6276.669503,4809742.79678437
2026-07-13 23:00:00+00:00,1783983600000,760.1,765.5,760.1,760.16,6926.853052,5280123.27103907
2026-07-14 00:00:00+00:00,1783987200000,766.48,771.25,758.99,770.38,1603.0,1226616.7
2026-07-14 01:00:00+00:00,1783990800000,770.56,775.68,764.0,767.21,2089.0,1611638.19
2026-07-14 02:00:00+00:00,1783994400000,766.6,768.25,761.0,761.99,1681.0,1285313.79
2026-07-14 03:00:00+00:00,1783998000000,761.7,763.56,754.48,763.5,3040.0,2305112.04
2026-07-14 04:00:00+00:00,1784001600000,762.52,768.16,760.09,768.16,437.0,334491.35
2026-07-14 05:00:00+00:00,1784005200000,768.38,784.66,767.03,779.72,7008.0,5459430.29
2026-07-14 06:00:00+00:00,1784008800000,779.01,784.25,778.18,782.69,1628.0,1272409.52
2026-07-14 07:00:00+00:00,1784012400000,781.99,790.46,781.19,789.0,6954.0,5466050.85
2026-07-14 08:00:00+00:00,1784016000000,767.471,796.5,767.471,792.221,35508.388506,27991926.66614486
2026-07-14 09:00:00+00:00,1784019600000,794.6,796.0,792.22,794.58,4291.272584,3405738.87651077
2026-07-14 10:00:00+00:00,1784023200000,794.43,803.0,794.43,800.99,21595.021712,17268169.73870986
2026-07-14 11:00:00+00:00,1784026800000,802.01,807.89,797.75,802.5,48088.81954099999,38628262.79276148
2026-07-14 12:00:00+00:00,1784030400000,799.99,813.0,795.54,808.99,55428.96871899999,44733383.82918801
2026-07-14 13:00:00+00:00,1784034000000,809.98,838.99,808.383,823.24,899207.862838,742914925.6239741
2026-07-14 14:00:00+00:00,1784037600000,821.06,826.0,797.416,806.08,636391.5301150002,515272603.1553712
2026-07-14 15:00:00+00:00,1784041200000,806.35,828.5,806.35,814.01,447231.834517,366241414.0783633
2026-07-14 16:00:00+00:00,1784044800000,815.45,822.383,804.551,805.01,239820.0319,195281255.12561172
2026-07-14 17:00:00+00:00,1784048400000,805.13,812.935,800.01,811.9,312601.8320000001,252218317.9430025
2026-07-14 18:00:00+00:00,1784052000000,812.67,812.985,807.402,807.98,179262.844103,145213928.38834232
2026-07-14 19:00:00+00:00,1784055600000,807.9,817.09,804.99,814.47,420738.1251969999,341832139.8689292
2026-07-14 20:00:00+00:00,1784059200000,816.49,819.65,813.173,819.65,364836.14300400007,297211064.11075044
2026-07-14 21:00:00+00:00,1784062800000,815.63,817.525,815.135,815.63,19262.103459,15715231.73573908
2026-07-14 22:00:00+00:00,1784066400000,815.855,815.855,813.35,814.985,1711.226,1394659.9707238
2026-07-14 23:00:00+00:00,1784070000000,817.71,817.93,814.356,817.71,2965.36844,2420899.21648951
2026-07-15 00:00:00+00:00,1784073600000,817.43,831.5,814.84,828.74,6577.0,5431091.67
2026-07-15 01:00:00+00:00,1784077200000,828.07,828.07,821.58,826.27,3081.0,2542470.41
2026-07-15 02:00:00+00:00,1784080800000,827.02,828.52,823.49,823.49,2651.0,2192824.74
2026-07-15 03:00:00+00:00,1784084400000,823.2,827.01,821.97,826.93,793.0,653993.33
2026-07-15 04:00:00+00:00,1784088000000,826.98,827.26,824.12,825.09,1115.0,920750.47
2026-07-15 05:00:00+00:00,1784091600000,825.98,829.29,821.81,826.19,3074.0,2539330.73
2026-07-15 06:00:00+00:00,1784095200000,826.19,827.61,824.9,825.99,1117.0,922392.92
2026-07-15 07:00:00+00:00,1784098800000,825.12,827.99,822.01,825.11,799.0,658703.04
2026-07-15 08:00:00+00:00,1784102400000,818.99,825.204,817.03,818.99,12537.984023,10305876.81854697
2026-07-15 09:00:00+00:00,1784106000000,817.54,819.825,815.516,817.54,2665.303803,2178665.97138875
2026-07-15 10:00:00+00:00,1784109600000,816.5,817.725,813.5,815.0,1968.396715,1606212.11311934
2026-07-15 11:00:00+00:00,1784113200000,815.0,818.927,815.0,816.839,8540.273035,6979351.95990159
2026-07-15 12:00:00+00:00,1784116800000,811.8,816.84,810.9,811.8,17548.099226,14282048.7528668
2026-07-15 13:00:00+00:00,1784120400000,810.89,820.99,759.89,766.66,718057.4786660001,562192475.6708605
2026-07-15 14:00:00+00:00,1784124000000,767.93,781.24,743.893,752.61,762762.5767720001,581660163.2740548
2026-07-15 15:00:00+00:00,1784127600000,752.815,753.772,735.512,739.91,442425.7214079999,329891907.6432581
2026-07-15 16:00:00+00:00,1784131200000,739.886,741.772,716.73,730.573,740327.592745,536169200.4788469
2026-07-15 17:00:00+00:00,1784134800000,730.88,754.563,730.539,750.405,448608.70115,333768283.0817288
2026-07-15 18:00:00+00:00,1784138400000,750.405,758.26,746.49,747.295,365843.272719,275845827.630126
2026-07-15 19:00:00+00:00,1784142000000,746.935,757.24,744.048,752.16,610399.63465,458679433.9409576
2026-07-15 20:00:00+00:00,1784145600000,746.02,754.535,745.5,749.32,269687.893012,202677139.85826468
2026-07-15 21:00:00+00:00,1784149200000,749.0,750.895,747.465,748.845,4060.417458,3042502.47253557
2026-07-15 22:00:00+00:00,1784152800000,748.845,751.521,747.745,751.25,6461.916748,4838925.77476046
2026-07-15 23:00:00+00:00,1784156400000,748.99,751.25,746.257,749.49,5101.192244,3822972.22008264
2026-07-16 00:00:00+00:00,1784160000000,746.79,751.35,740.37,743.28,5.0,3731.28
2026-07-16 01:00:00+00:00,1784163600000,744.39,747.0,739.4,745.99,1643.0,1221525.8
2026-07-16 02:00:00+00:00,1784167200000,744.01,751.89,742.28,751.89,1735.0,1298827.66
2026-07-16 03:00:00+00:00,1784170800000,751.51,751.71,747.93,748.52,667.0,500068.55
2026-07-16 04:00:00+00:00,1784174400000,749.98,750.0,747.24,747.69,237.0,177377.08
2026-07-16 05:00:00+00:00,1784178000000,748.49,755.03,748.07,749.81,978.0,735741.69
2026-07-16 06:00:00+00:00,1784181600000,750.2,751.98,744.51,744.51,1059.0,791161.83
2026-07-16 07:00:00+00:00,1784185200000,743.55,746.256,733.39,733.93,1747.0,1291878.27
2026-07-16 08:00:00+00:00,1784188800000,746.256,746.256,725.505,727.0,25605.722997,18754301.219115432
2026-07-16 09:00:00+00:00,1784192400000,727.0,738.97,727.0,738.03,10472.124968,7688590.16858073
2026-07-16 10:00:00+00:00,1784196000000,738.03,741.17,734.885,738.03,6638.681801000001,4901411.79917811
2026-07-16 11:00:00+00:00,1784199600000,729.01,738.03,726.11,731.72,22327.95685,16303309.1945617
2026-07-16 12:00:00+00:00,1784203200000,725.01,728.5,721.11,725.01,14656.846811,10618195.1770847
2026-07-16 13:00:00+00:00,1784206800000,728.99,737.99,708.11,719.95,543277.1126700001,393119773.600336
2026-07-16 14:00:00+00:00,1784210400000,718.03,736.879,711.01,718.015,508593.495169,367285725.89319646
2026-07-16 15:00:00+00:00,1784214000000,718.968,722.235,698.38,702.02,856670.158356,604985447.1884505
2026-07-16 16:00:00+00:00,1784217600000,701.655,704.9,695.53,701.05,474545.772527,332610413.23776007
2026-07-16 17:00:00+00:00,1784221200000,699.645,700.819,693.378,694.41,327457.1646,228375699.6667953
2026-07-16 18:00:00+00:00,1784224800000,694.11,711.455,694.11,697.125,419338.148544,294202906.4973918
2026-07-16 19:00:00+00:00,1784228400000,697.115,707.82,696.08,706.36,680957.5966200002,477818344.0461418
2026-07-16 20:00:00+00:00,1784232000000,704.83,710.498,704.01,705.0,320165.0893780001,226393857.34061393
2026-07-16 21:00:00+00:00,1784235600000,704.615,705.865,704.501,705.385,24944.20147,17576224.52140005
2026-07-16 22:00:00+00:00,1784239200000,704.81,705.75,702.0,702.26,5777.089102,4063963.23158003
2026-07-16 23:00:00+00:00,1784242800000,696.99,702.0,694.0,696.99,6528.814329999999,4549469.11940387
2026-07-17 00:00:00+00:00,1784246400000,694.93,696.47,685.99,695.65,46.0,31985.87
2026-07-17 01:00:00+00:00,1784250000000,695.07,701.99,687.42,689.27,3562.0,2470695.36
2026-07-17 02:00:00+00:00,1784253600000,689.28,690.41,683.49,686.56,3695.0,2536723.67
2026-07-17 03:00:00+00:00,1784257200000,686.5,700.21,685.84,691.43,3359.0,2335237.84
2026-07-17 04:00:00+00:00,1784260800000,690.77,690.78,681.53,683.25,4482.0,3068188.54
2026-07-17 05:00:00+00:00,1784264400000,682.08,683.38,671.29,672.59,7862.0,5318090.54
2026-07-17 06:00:00+00:00,1784268000000,673.0,682.49,672.81,676.6,5366.0,3630357.89
2026-07-17 07:00:00+00:00,1784271600000,676.53,677.75,671.49,672.01,2859.0,1927316.7
2026-07-17 08:00:00+00:00,1784275200000,671.01,691.142,669.59,669.59,42820.59906100001,28996302.65482883
2026-07-17 09:00:00+00:00,1784278800000,686.6,686.6,673.7,686.6,12638.154226,8605518.89532017
2026-07-17 10:00:00+00:00,1784282400000,699.99,700.924,684.205,699.99,17612.849223,12247640.70553896
2026-07-17 11:00:00+00:00,1784286000000,696.44,702.449,686.442,686.442,24818.522579,17165624.968060296
2026-07-17 12:00:00+00:00,1784289600000,681.94,686.59,679.525,680.01,13015.747257,8890672.98671262
2026-07-17 13:00:00+00:00,1784293200000,680.0,694.99,650.82,691.36,741903.1058530002,498234749.66626894
2026-07-17 14:00:00+00:00,1784296800000,692.23,731.49,692.135,716.24,1069286.2229139998,765906197.1763939
2026-07-17 15:00:00+00:00,1784300400000,715.12,736.4,710.98,735.02,532264.491421,383221119.19452006
2026-07-17 16:00:00+00:00,1784304000000,735.319,738.287,725.42,732.897,521112.817398,380756836.21713024
2026-07-17 17:00:00+00:00,1784307600000,732.57,746.939,732.57,740.41,561503.7004869999,416430909.21141624
2026-07-17 18:00:00+00:00,1784311200000,739.5,740.996,732.01,736.27,408871.4370910002,301016549.08936393
2026-07-17 19:00:00+00:00,1784314800000,735.93,740.55,731.23,732.49,682303.2948380001,501498243.6716298
2026-07-17 20:00:00+00:00,1784318400000,726.07,732.643,724.695,726.49,419662.207784,307280613.364198
2026-07-17 21:00:00+00:00,1784322000000,728.345,728.345,726.175,728.3,8955.0,6509098.4625
2026-07-17 22:00:00+00:00,1784325600000,728.3,728.615,726.125,728.615,3404.707,2475133.8070887
2026-07-17 23:00:00+00:00,1784329200000,728.615,728.615,725.245,726.725,2560.013728,1859382.77088664
2026-07-18 00:00:00+00:00,1784332800000,726.725,726.725,726.725,726.725,0.0686,49.853335
2026-07-18 01:00:00+00:00,1784336400000,728.63,728.63,728.63,728.63,1.0,728.63
2026-07-18 02:00:00+00:00,1784340000000,728.73,729.26,728.73,729.26,5.3286,3884.65877
2026-07-18 10:00:00+00:00,1784368800000,729.54,729.54,729.54,729.54,0.0575,41.94855
2026-07-18 20:00:00+00:00,1784404800000,729.16,729.16,729.16,729.16,0.0181,13.197796
2026-07-19 14:00:00+00:00,1784469600000,729.6,729.6,729.6,729.6,1.3706,999.98976
2026-07-19 15:00:00+00:00,1784473200000,729.92,729.92,729.92,729.92,0.25,182.48
2026-07-19 20:00:00+00:00,1784491200000,729.92,729.92,729.92,729.92,2.5744,1879.106048
2026-07-19 21:00:00+00:00,1784494800000,730.17,730.25,730.17,730.25,13.0,9492.54152
2026-07-19 22:00:00+00:00,1784498400000,730.98,735.52,730.98,735.52,66.01,48389.70314
2026-07-19 23:00:00+00:00,1784502000000,734.97,735.05,733.49,733.58,5.2936,3886.858384
2026-07-20 00:00:00+00:00,1784505600000,745.0,747.01,729.99,730.22,3713.0,2747206.65
2026-07-20 01:00:00+00:00,1784509200000,730.08,736.55,721.18,724.1,4534.0,3307359.14
2026-07-20 02:00:00+00:00,1784512800000,725.49,732.02,724.88,729.0,3404.0,2481132.83
2026-07-20 03:00:00+00:00,1784516400000,729.56,732.98,725.99,730.1,2198.0,1602335.89
2026-07-20 04:00:00+00:00,1784520000000,730.75,747.8,729.5,743.67,10145.0,7491089.92
2026-07-20 05:00:00+00:00,1784523600000,744.34,744.43,738.66,739.57,2520.0,1867357.82
2026-07-20 06:00:00+00:00,1784527200000,740.33,740.99,736.01,739.34,3272.0,2416020.8
2026-07-20 07:00:00+00:00,1784530800000,739.35,752.99,739.35,750.12,9022.0,6753105.55
2026-07-20 08:00:00+00:00,1784534400000,726.725,755.5,726.725,748.495,39818.360621,29917588.96196534
2026-07-20 09:00:00+00:00,1784538000000,748.495,756.23,748.495,756.23,4422.309198999999,3332489.47138788
2026-07-20 10:00:00+00:00,1784541600000,756.23,757.515,754.945,757.515,9999.36024,7561951.164451427
2026-07-20 11:00:00+00:00,1784545200000,758.89,764.495,755.044,761.7,57727.376624,43898315.96197015
2026-07-20 12:00:00+00:00,1784548800000,761.01,763.0,755.005,762.99,26660.580837999994,20226585.53042354
2026-07-20 13:00:00+00:00,1784552400000,767.21,797.1,761.0,792.01,946516.2497339998,739889764.7329432
2026-07-20 14:00:00+00:00,1784556000000,792.115,801.39,782.129,785.93,967414.034277,765933228.6346183
2026-07-20 15:00:00+00:00,1784559600000,786.37,793.01,780.767,790.79,421051.361729,331672936.5487935
2026-07-20 16:00:00+00:00,1784563200000,790.095,795.25,782.0,786.68,299723.889057,236792122.91203573
2026-07-20 17:00:00+00:00,1784566800000,786.38,790.68,779.669,779.73,279386.479192,219495461.31623188
2026-07-20 18:00:00+00:00,1784570400000,781.13,781.597,772.931,775.55,588925.258766,456936330.944304
2026-07-20 19:00:00+00:00,1784574000000,775.713,777.578,765.05,765.28,658085.426976,506761467.6316384
2026-07-20 20:00:00+00:00,1784577600000,764.61,767.999,761.56,761.56,268252.535794,205350910.73428664
2026-07-20 21:00:00+00:00,1784581200000,768.0,769.499,766.005,767.1,16240.914067000002,12474170.23608054
2026-07-20 22:00:00+00:00,1784584800000,767.1,769.0,766.0,769.0,2652.7371689999995,2035226.64423097
2026-07-20 23:00:00+00:00,1784588400000,769.0,773.0,768.0,772.025,4034.247193,3109721.99117794
2026-07-21 00:00:00+00:00,1784592000000,770.4,781.07,769.1,777.0,1867.0,1450872.73
2026-07-21 01:00:00+00:00,1784595600000,776.6,783.32,775.92,780.01,2254.0,1759704.24
2026-07-21 02:00:00+00:00,1784599200000,779.25,784.01,775.92,784.01,1070.0,834920.64
2026-07-21 03:00:00+00:00,1784602800000,784.01,794.49,783.76,792.11,3597.0,2841407.01
2026-07-21 04:00:00+00:00,1784606400000,792.57,794.99,786.41,788.7,10213.0,8069074.08
2026-07-21 05:00:00+00:00,1784610000000,788.72,792.0,786.93,791.18,4098.0,3235417.61
2026-07-21 06:00:00+00:00,1784613600000,791.02,797.39,790.99,797.36,3762.0,2988186.85
2026-07-21 07:00:00+00:00,1784617200000,797.48,799.01,793.99,795.76,1975.0,1573545.67
2026-07-21 08:00:00+00:00,1784620800000,772.025,803.135,772.025,801.825,37279.300190000016,29692205.83154116
2026-07-21 09:00:00+00:00,1784624400000,801.825,802.715,801.0,802.5,4928.068381,3951797.82964354
2026-07-21 10:00:00+00:00,1784628000000,806.5,806.5,801.648,806.5,5566.583502,4472897.91497815
2026-07-21 11:00:00+00:00,1784631600000,803.36,811.388,801.573,809.0,34951.981568,28180283.29826913
2026-07-21 12:00:00+00:00,1784635200000,804.28,810.74,803.115,810.74,29638.455219,23912661.33215182
2026-07-21 13:00:00+00:00,1784638800000,810.0,823.3,799.81,816.94,627895.925475,509942724.7636715
2026-07-21 14:00:00+00:00,1784642400000,816.625,832.575,802.76,827.565,1147887.034668,942124055.126881
2026-07-21 15:00:00+00:00,1784646000000,827.49,829.78,822.77,825.115,373517.8201810001,308630902.087669
2026-07-21 16:00:00+00:00,1784649600000,825.04,839.43,824.961,832.69,450450.505816,375208604.6760128
2026-07-21 17:00:00+00:00,1784653200000,834.01,842.46,832.737,837.76,374948.8594269999,314079774.07227856
2026-07-21 18:00:00+00:00,1784656800000,839.27,840.159,833.83,835.96,258102.517231,216094551.64428583
2026-07-21 19:00:00+00:00,1784660400000,836.355,839.49,831.14,837.01,509179.2632310001,425497942.62566966
2026-07-21 20:00:00+00:00,1784664000000,838.61,839.89,835.62,838.61,500347.6070800001,419062785.98088664
2026-07-21 21:00:00+00:00,1784667600000,841.27,842.499,839.884,842.0,6361.492298,5353536.10860494
2026-07-21 22:00:00+00:00,1784671200000,841.1,842.5,841.06,841.731,8821.272756,7425649.37237899
2026-07-21 23:00:00+00:00,1784674800000,844.81,844.825,841.73,843.0,8200.684025999999,6917700.13122674
2026-07-22 00:00:00+00:00,1784678400000,842.08,848.37,834.57,836.83,6227.0,5237288.28
2026-07-22 01:00:00+00:00,1784682000000,836.61,836.99,830.45,831.97,3567.0,2970538.09
2026-07-22 02:00:00+00:00,1784685600000,833.26,834.37,825.41,825.41,3192.0,2651591.28
2026-07-22 03:00:00+00:00,1784689200000,826.1,831.54,824.49,828.17,2017.0,1667493.85
2026-07-22 04:00:00+00:00,1784692800000,830.34,831.99,825.49,826.0,810.0,672291.86
2026-07-22 05:00:00+00:00,1784696400000,827.25,827.29,807.99,810.95,7364.0,6010526.74
2026-07-22 06:00:00+00:00,1784700000000,810.99,817.99,806.55,816.02,4022.0,3264502.66
2026-07-22 07:00:00+00:00,1784703600000,816.45,818.91,811.32,814.94,1762.0,1436637.32
2026-07-22 08:00:00+00:00,1784707200000,814.01,839.211,812.485,813.99,25702.641128,20918860.42072841
2026-07-22 09:00:00+00:00,1784710800000,813.605,819.499,813.605,816.625,13056.556562,10670755.364246553
2026-07-22 10:00:00+00:00,1784714400000,817.22,821.935,815.471,820.69,12978.08755,10612162.72250368
2026-07-22 11:00:00+00:00,1784718000000,817.71,822.211,811.664,815.0,29131.439606,23820676.20578758
2026-07-22 12:00:00+00:00,1784721600000,811.77,817.122,808.218,814.0,34617.546894,28127670.754613
2026-07-22 13:00:00+00:00,1784725200000,812.83,848.0,809.031,844.97,446686.901692,371407026.16198826
2026-07-22 14:00:00+00:00,1784728800000,844.725,845.051,829.33,843.99,410160.9897089999,343502815.1283634
2026-07-22 15:00:00+00:00,1784732400000,843.02,859.277,841.03,845.64,561902.9502509999,477184449.1095914
2026-07-22 16:00:00+00:00,1784736000000,845.62,848.23,832.787,834.99,292064.64327600005,245734282.88080648
2026-07-22 17:00:00+00:00,1784739600000,834.97,836.761,824.51,829.659,382150.51317,317537139.9195319
2026-07-22 18:00:00+00:00,1784743200000,828.51,829.666,822.645,828.01,310558.422619,256633648.17643985
2026-07-22 19:00:00+00:00,1784746800000,826.77,834.83,815.14,829.11,880398.997872,727532502.5946914
2026-07-22 20:00:00+00:00,1784750400000,841.99,848.476,829.015,846.42,543145.3955710001,452481991.0206416
2026-07-22 21:00:00+00:00,1784754000000,859.99,864.373,847.5,850.22,39187.982821,33550278.12962419
2026-07-22 22:00:00+00:00,1784757600000,842.01,851.75,837.14,839.99,16571.401432,14034092.84456118
2026-07-22 23:00:00+00:00,1784761200000,839.242,848.799,838.5,846.9,5200.384255999999,4377773.95338685
2026-07-23 00:00:00+00:00,1784764800000,846.2,856.13,845.23,855.1,2290.0,1954008.45
2026-07-23 01:00:00+00:00,1784768400000,855.09,862.12,848.3,848.8,4474.0,3833462.6
2026-07-23 02:00:00+00:00,1784772000000,848.73,851.0,838.98,844.06,3341.0,2822034.06
2026-07-23 03:00:00+00:00,1784775600000,844.0,846.69,836.49,844.0,1928.0,1620166.38
2026-07-23 04:00:00+00:00,1784779200000,843.8,847.49,842.06,845.0,1126.0,952443.23
2026-07-23 05:00:00+00:00,1784782800000,844.74,854.89,843.7,849.25,3046.0,2583618.31
2026-07-23 06:00:00+00:00,1784786400000,849.23,850.99,847.66,847.99,1911.0,1623100.79
2026-07-23 07:00:00+00:00,1784790000000,848.16,849.99,841.0,842.94,2995.0,2533604.81
2026-07-23 08:00:00+00:00,1784793600000,849.0,856.5,842.45,848.08,19819.735731,16778476.56202097
2026-07-23 09:00:00+00:00,1784797200000,856.5,857.625,853.0,853.0,5035.677261999999,4306259.91416703
2026-07-23 10:00:00+00:00,1784800800000,853.0,856.5,850.5,856.5,5881.940173999999,5027670.71088894
2026-07-23 11:00:00+00:00,1784804400000,847.53,856.5,841.808,847.53,20413.754309,17343507.28854752
2026-07-23 12:00:00+00:00,1784808000000,848.99,850.05,836.525,840.0,39042.55626,32857024.55045007
2026-07-23 13:00:00+00:00,1784811600000,840.29,895.99,831.233,878.7,1010726.41817,881445412.7482934
2026-07-23 14:00:00+00:00,1784815200000,878.422,881.69,841.98,845.062,1150416.370594,992512340.8116064
2026-07-23 15:00:00+00:00,1784818800000,844.11,845.052,824.483,834.2,559112.7249239999,465632208.3479666
2026-07-23 16:00:00+00:00,1784822400000,835.3,854.22,830.51,849.03,378965.89671900007,320218300.2369033
2026-07-23 17:00:00+00:00,1784826000000,847.95,849.8,835.445,836.4,248207.08776600004,209495841.63320747
2026-07-23 18:00:00+00:00,1784829600000,834.82,838.82,830.738,834.54,251269.24883200004,209800249.41633955
2026-07-23 19:00:00+00:00,1784833200000,834.995,836.4,826.629,833.51,635998.8883890001,529241959.3807989
2026-07-23 20:00:00+00:00,1784836800000,833.525,840.25,831.028,835.04,467536.282912,389216895.726368
2026-07-23 21:00:00+00:00,1784840400000,835.04,835.199,832.5,834.7,4341.798935,3620470.5068069194
2026-07-23 22:00:00+00:00,1784844000000,832.31,834.7,830.0,832.31,5519.55414,4595503.50320604
2026-07-23 23:00:00+00:00,1784847600000,834.67,835.32,831.0,832.5,5176.636186,4310947.83427884
2026-07-24 00:00:00+00:00,1784851200000,831.57,833.95,826.46,829.99,807.0,668976.4
2026-07-24 01:00:00+00:00,1784854800000,830.0,833.01,825.98,825.98,855.0,708781.46
2026-07-24 02:00:00+00:00,1784858400000,825.33,825.8,814.0,815.24,3356.0,2750129.34
2026-07-24 03:00:00+00:00,1784862000000,816.61,822.19,815.49,815.49,1432.0,1172475.88
2026-07-24 04:00:00+00:00,1784865600000,815.51,822.17,814.29,822.17,1386.0,1132872.51
2026-07-24 05:00:00+00:00,1784869200000,822.99,825.99,821.06,822.99,1473.0,1214413.98
2026-07-24 06:00:00+00:00,1784872800000,822.72,824.68,820.0,822.01,866.0,711826.59
2026-07-24 07:00:00+00:00,1784876400000,822.31,831.21,822.31,828.36,1775.0,1470043.4
2026-07-24 08:00:00+00:00,1784880000000,832.5,832.5,822.9,826.149,11399.264011,9419181.07427647
2026-07-24 09:00:00+00:00,1784883600000,826.15,830.1,825.65,830.1,3661.555604,3032536.96678884
2026-07-24 10:00:00+00:00,1784887200000,830.1,830.1,826.15,826.25,1466.990261,1213752.24078708
2026-07-24 11:00:00+00:00,1784890800000,829.0,829.0,825.0,829.0,7280.298048000001,6018865.5582364
2026-07-24 12:00:00+00:00,1784894400000,828.5,829.277,820.006,826.33,14402.666593999998,11901483.6703527
2026-07-24 13:00:00+00:00,1784898000000,820.0,830.105,779.194,786.91,537768.853021,429817294.7962204
2026-07-24 14:00:00+00:00,1784901600000,785.01,789.94,771.44,784.32,570969.1275159998,445216717.18919134
2026-07-24 15:00:00+00:00,1784905200000,784.01,789.0,773.6,786.31,534244.7477659999,417343021.6430367
2026-07-24 16:00:00+00:00,1784908800000,786.54,789.508,770.61,774.06,371254.8388579999,289568639.0521391
2026-07-24 17:00:00+00:00,1784912400000,774.18,780.82,769.89,774.64,266078.899557,206422626.6660429
2026-07-24 18:00:00+00:00,1784916000000,773.77,774.44,758.494,763.33,410628.1583269999,313984932.37521213
2026-07-24 19:00:00+00:00,1784919600000,764.08,766.0,755.15,763.29,567559.479182,431566098.3276176
2026-07-24 20:00:00+00:00,1784923200000,766.69,768.19,761.901,768.19,344557.9828980001,263092175.02092344
2026-07-24 21:00:00+00:00,1784926800000,767.73,767.998,766.0,766.0,4046.013343,3102014.90766861
2026-07-24 22:00:00+00:00,1784930400000,766.0,767.005,765.5,766.0,2290.663877,1754754.35845312
2026-07-24 23:00:00+00:00,1784934000000,765.01,766.499,763.701,764.01,3548.9606109999995,2714618.78084514
2026-07-25 00:00:00+00:00,1784937600000,765.888,765.888,765.888,765.888,0.0,0.0
2026-07-25 02:00:00+00:00,1784944800000,767.0,767.0,767.0,767.0,0.0391,29.9897
2026-07-25 13:00:00+00:00,1784984400000,764.8,764.8,763.01,763.01,0.0825,62.987705
2026-07-25 16:00:00+00:00,1784995200000,766.05,766.81,762.75,766.81,0.1973,150.807143
2026-07-25 17:00:00+00:00,1784998800000,762.58,766.81,762.01,766.81,0.4069,311.06004
2026-07-25 19:00:00+00:00,1785006000000,766.81,767.22,766.81,767.22,20.0,15340.3
2026-07-25 20:00:00+00:00,1785009600000,767.63,768.83,767.63,768.83,45.0,34573.4204
2026-07-25 23:00:00+00:00,1785020400000,769.66,769.66,769.66,769.66,30.0,23089.8
2026-07-26 01:00:00+00:00,1785027600000,771.02,771.02,771.02,771.02,0.1374,105.938148
2026-07-26 03:00:00+00:00,1785034800000,771.04,771.04,771.04,771.04,1.0,771.04
2026-07-26 04:00:00+00:00,1785038400000,771.3,771.3,771.3,771.3,3.0,2313.9
2026-07-26 05:00:00+00:00,1785042000000,771.44,771.44,771.44,771.44,6.0,4628.64
2026-07-26 06:00:00+00:00,1785045600000,771.83,772.94,771.83,772.94,81.5254,62982.799035
2026-07-26 10:00:00+00:00,1785060000000,775.18,775.18,775.18,775.18,5.0,3875.9
2026-07-26 11:00:00+00:00,1785063600000,775.43,776.98,775.43,776.98,64.4384,50016.517491
2026-07-26 12:00:00+00:00,1785067200000,776.69,776.85,774.78,776.16,12.7252,9877.759944
2026-07-26 13:00:00+00:00,1785070800000,776.49,776.49,776.49,776.49,0.0438,34.010262
2026-07-26 15:00:00+00:00,1785078000000,776.49,776.69,776.0,776.0,5.162,4007.474264
2026-07-26 20:00:00+00:00,1785096000000,776.18,776.35,774.78,775.91,2.731,2118.609742
2026-07-26 22:00:00+00:00,1785103200000,777.51,777.51,777.51,777.51,10.0,7775.1
2026-07-27 00:00:00+00:00,1785110400000,786.0,791.01,775.01,785.83,4887.0,3838636.74
2026-07-27 01:00:00+00:00,1785114000000,786.0,787.97,776.76,782.4,2045.0,1595294.42
2026-07-27 02:00:00+00:00,1785117600000,783.11,787.62,782.13,785.01,1223.0,960255.14
2026-07-27 03:00:00+00:00,1785121200000,785.44,786.86,782.86,784.0,1296.0,1016979.23
2026-07-27 04:00:00+00:00,1785124800000,783.99,788.9,783.17,787.59,1194.0,938928.8
2026-07-27 05:00:00+00:00,1785128400000,787.22,792.0,787.22,789.2,2052.0,1620103.06
2026-07-27 06:00:00+00:00,1785132000000,789.28,794.34,789.18,794.0,3622.0,2871229.91
2026-07-27 07:00:00+00:00,1785135600000,794.0,797.48,791.99,792.26,1401.0,1113493.55
2026-07-27 08:00:00+00:00,1785139200000,766.014,795.29,766.014,789.174,21866.377161,17299857.496284824
2026-07-27 09:00:00+00:00,1785142800000,789.175,791.9,786.495,789.505,3460.701321,2723876.82741338
2026-07-27 10:00:00+00:00,1785146400000,789.505,789.505,788.5,788.5,4465.179076,3521479.55293207
2026-07-27 11:00:00+00:00,1785150000000,784.23,788.5,773.5,781.01,22129.645063,17311111.80437281
2026-07-27 12:00:00+00:00,1785153600000,777.01,781.925,773.5,781.08,13841.329749,10758781.18178623
2026-07-27 13:00:00+00:00,1785157200000,777.48,781.0,725.381,726.11,451884.89554100006,339221405.2696135
2026-07-27 14:00:00+00:00,1785160800000,726.59,727.81,697.87,720.2,974024.509824,696972101.6276027
2026-07-27 15:00:00+00:00,1785164400000,718.71,719.994,698.35,704.89,448184.602537,316170528.1243793
2026-07-27 16:00:00+00:00,1785168000000,704.673,717.034,701.752,704.05,509799.569951,361405320.59429455
2026-07-27 17:00:00+00:00,1785171600000,703.72,706.757,699.41,705.01,268301.883531,188685124.04598376
2026-07-27 18:00:00+00:00,1785175200000,705.425,712.0,699.33,712.0,302682.423502,213337079.75631487
2026-07-27 19:00:00+00:00,1785178800000,712.26,721.75,711.12,711.865,629250.255062,450667019.0745882
2026-07-27 20:00:00+00:00,1785182400000,709.59,713.499,705.093,709.99,210525.1903780001,149784967.7105964
2026-07-27 21:00:00+00:00,1785186000000,713.01,714.0,709.18,713.01,8673.168066999999,6170789.95289319
2026-07-27 22:00:00+00:00,1785189600000,710.083,712.953,703.2,703.519,4323.072375,3058494.59308804
2026-07-27 23:00:00+00:00,1785193200000,703.52,708.45,702.0,705.575,6489.20611,4572435.44087859
2026-07-28 00:00:00+00:00,1785196800000,710.44,710.45,698.38,699.73,2336.0,1640388.92
2026-07-28 01:00:00+00:00,1785200400000,699.97,701.5,692.99,696.5,3581.0,2494430.57
2026-07-28 02:00:00+00:00,1785204000000,695.5,698.64,692.8,695.01,2414.0,1677209.17
2026-07-28 03:00:00+00:00,1785207600000,694.52,700.51,690.29,698.44,4485.0,3122304.65
2026-07-28 04:00:00+00:00,1785211200000,698.94,699.02,691.61,691.61,2472.0,1718637.24
2026-07-28 05:00:00+00:00,1785214800000,691.77,695.02,688.39,688.78,3861.0,2670792.45
2026-07-28 06:00:00+00:00,1785218400000,688.9,692.24,686.05,691.72,3307.0,2278549.3
2026-07-28 07:00:00+00:00,1785222000000,692.33,695.01,689.54,690.04,1533.0,1061403.39
2026-07-28 08:00:00+00:00,1785225600000,702.563,702.563,688.739,696.0,22554.952743000005,15583787.4904431
2026-07-28 09:00:00+00:00,1785229200000,695.01,696.568,690.455,695.01,3819.458526,2651231.68426644
2026-07-28 10:00:00+00:00,1785232800000,690.455,691.01,688.511,689.5,5581.034282,3853702.49741072
2026-07-28 11:00:00+00:00,1785236400000,673.5,690.543,669.1,670.01,57150.541833,38622947.68153901
2026-07-28 12:00:00+00:00,1785240000000,674.5,678.094,669.0,673.8,52553.195702,35511586.9955275
2026-07-28 13:00:00+00:00,1785243600000,673.01,677.491,615.39,622.6,1273128.2514719998,813837558.9787648
2026-07-28 14:00:00+00:00,1785247200000,622.22,637.635,602.29,634.87,1180384.829254,728029492.2934773
2026-07-28 15:00:00+00:00,1785250800000,635.44,646.305,623.58,645.644,889905.615718,563853422.72466
2026-07-28 16:00:00+00:00,1785254400000,645.721,655.78,639.69,651.198,761593.040079,492337071.96624446
2026-07-28 17:00:00+00:00,1785258000000,650.0,652.15,639.504,642.48,435254.46564399975,281117192.36923826
2026-07-28 18:00:00+00:00,1785261600000,642.97,647.6,638.29,643.53,327199.03831800004,210277177.7270808
2026-07-28 19:00:00+00:00,1785265200000,643.56,657.405,643.242,651.55,777685.5330479998,507148878.15590656
2026-07-28 20:00:00+00:00,1785268800000,651.709,663.35,649.278,661.525,231611.285968,151137875.1750326
2026-07-28 21:00:00+00:00,1785272400000,659.61,662.615,656.0,659.99,7137.556774999999,4705745.50139414
2026-07-28 22:00:00+00:00,1785276000000,631.31,659.145,629.028,631.31,22231.986476,14248291.16058335
2026-07-28 23:00:00+00:00,1785279600000,635.0,659.99,627.019,659.99,17790.985045,11527604.71236159
2026-07-29 00:00:00+00:00,1785283200000,662.91,674.97,658.0,660.01,8268.0,5521531.46
2026-07-29 01:00:00+00:00,1785286800000,658.1,660.74,634.11,634.11,8922.0,5778914.62
2026-07-29 02:00:00+00:00,1785290400000,634.5,645.31,633.27,637.59,4088.0,2609544.69
2026-07-29 03:00:00+00:00,1785294000000,639.01,641.22,625.26,627.13,2870.0,1813095.53
2026-07-29 04:00:00+00:00,1785297600000,627.11,635.95,615.35,633.99,5533.0,3452102.45
2026-07-29 05:00:00+00:00,1785301200000,636.21,649.0,634.74,645.46,6344.0,4082368.47
2026-07-29 06:00:00+00:00,1785304800000,645.15,654.5,639.08,654.35,2589.0,1675711.74
2026-07-29 07:00:00+00:00,1785308400000,654.93,656.09,651.54,651.91,2115.0,1382487.41
2026-07-29 08:00:00+00:00,1785312000000,659.395,659.395,640.869,649.5,33244.593622,21717575.9949069
2026-07-29 09:00:00+00:00,1785315600000,663.69,671.995,649.5,670.01,11333.030028,7546655.62922118
2026-07-29 10:00:00+00:00,1785319200000,669.655,669.655,660.06,660.1,14447.592006,9593293.169589872
2026-07-29 11:00:00+00:00,1785322800000,660.1,663.12,646.519,658.256,32399.737921,21354680.22362627
2026-07-29 12:00:00+00:00,1785326400000,657.0,659.005,646.5,654.99,14152.203577,9246575.71839197
2026-07-29 13:00:00+00:00,1785330000000,653.72,656.972,619.505,623.34,480701.128896,306118410.4495996
2026-07-29 14:00:00+00:00,1785333600000,623.41,634.586,608.914,612.13,643670.990592,398594805.73447347
2026-07-29 15:00:00+00:00,1785337200000,611.955,615.99,600.762,602.76,634026.623891,384587742.714478
2026-07-29 16:00:00+00:00,1785340800000,602.83,607.439,595.0,607.439,867797.004041,521177583.70633274
2026-07-29 17:00:00+00:00,1785344400000,607.462,618.3,607.462,611.502,992883.337923,609075153.6300391
2026-07-29 18:00:00+00:00,1785348000000,612.26,637.785,607.88,635.62,1126349.390692,700925311.0336673
2026-07-29 19:00:00+00:00,1785351600000,636.35,641.99,597.62,602.22,1495133.624431,917345215.8041376
2026-07-29 20:00:00+00:00,1785355200000,605.48,605.48,592.99,598.17,487704.473461,293410082.9490028
2026-07-29 21:00:00+00:00,1785358800000,590.99,598.467,581.997,590.0,40413.117576,23831336.58405593
2026-07-29 22:00:00+00:00,1785362400000,595.5,599.49,589.8,595.5,13500.785651,8040953.17705757
2026-07-29 23:00:00+00:00,1785366000000,595.5,598.931,594.945,598.75,9862.866925,5883574.90970565
2026-07-30 00:00:00+00:00,1785369600000,597.65,612.85,595.0,606.66,6206.0,3753210.62
2026-07-30 01:00:00+00:00,1785373200000,606.36,629.44,605.99,621.99,12507.0,7764074.06
2026-07-30 02:00:00+00:00,1785376800000,622.07,622.89,608.26,608.26,5851.0,3602271.65
2026-07-30 03:00:00+00:00,1785380400000,608.26,609.79,601.26,606.48,4553.0,2752520.16
2026-07-30 04:00:00+00:00,1785384000000,606.01,607.1,598.0,599.63,1344.0,808868.98
2026-07-30 05:00:00+00:00,1785387600000,599.93,612.23,596.41,609.66,5517.0,3336368.0
2026-07-30 06:00:00+00:00,1785391200000,609.39,609.4,601.24,601.51,1679.0,1016378.99
2026-07-30 07:00:00+00:00,1785394800000,601.53,607.1,600.44,602.32,2461.0,1487132.56
2026-07-30 08:00:00+00:00,1785398400000,598.75,609.49,598.75,605.835,32234.970672000003,19418600.98908111
2026-07-30 09:00:00+00:00,1785402000000,608.01,614.0,605.835,608.01,4676.553527,2857702.4990546
2026-07-30 10:00:00+00:00,1785405600000,611.742,624.883,611.742,623.421,10324.82746,6388436.39922045
2026-07-30 11:00:00+00:00,1785409200000,631.01,636.5,623.422,635.0,38428.090097,24259230.56924503
2026-07-30 12:00:00+00:00,1785412800000,635.01,651.083,635.01,650.0,40101.270283,25817173.74743323
2026-07-30 13:00:00+00:00,1785416400000,651.013,692.9,650.0,692.19,939041.969032,634512525.759394
2026-07-30 14:00:00+00:00,1785420000000,692.29,695.653,671.55,678.01,881785.893094,604775588.3147885
2026-07-30 15:00:00+00:00,1785423600000,677.81,687.359,676.01,685.35,468338.638023,319160370.8387669
2026-07-30 16:00:00+00:00,1785427200000,684.95,690.235,675.01,680.32,515188.67663,351847385.4403112
2026-07-30 17:00:00+00:00,1785430800000,680.472,687.21,680.472,682.393,404378.187554,276593184.3178506
2026-07-30 18:00:00+00:00,1785434400000,682.54,686.093,679.237,684.96,380799.273459,260256730.32657072
2026-07-30 19:00:00+00:00,1785438000000,685.755,698.27,684.584,693.05,1117240.722323,774766890.6094302
2026-07-30 20:00:00+00:00,1785441600000,700.0,707.005,687.007,703.01,747041.9350129999,519027106.257366
2026-07-30 21:00:00+00:00,1785445200000,706.51,714.0,706.0,712.01,15506.618428,11016900.35747796
2026-07-30 22:00:00+00:00,1785448800000,710.0,712.469,706.498,710.0,9260.01739,6576531.02250321
2026-07-30 23:00:00+00:00,1785452400000,711.0,714.605,706.5,714.21,12894.391860000002,9167392.96846804
2026-07-31 00:00:00+00:00,1785456000000,713.37,729.85,707.71,727.5,8160.0,5877833.59
2026-07-31 01:00:00+00:00,1785459600000,727.53,733.99,709.12,713.57,6914.0,4991806.65
2026-07-31 02:00:00+00:00,1785463200000,714.99,716.51,703.0,707.99,4914.0,3482154.28
2026-07-31 03:00:00+00:00,1785466800000,709.75,712.95,703.32,711.6,2569.0,1820130.63
2026-07-31 04:00:00+00:00,1785470400000,711.6,725.22,708.0,723.77,4009.0,2891198.24
2026-07-31 05:00:00+00:00,1785474000000,724.03,732.06,722.68,731.12,5128.0,3737163.18
2026-07-31 06:00:00+00:00,1785477600000,731.16,734.3,709.46,716.01,6128.0,4423701.12
2026-07-31 07:00:00+00:00,1785481200000,715.01,729.36,713.99,727.97,3353.0,2422737.22
2026-07-31 08:00:00+00:00,1785484800000,714.0,730.95,714.0,730.95,36484.732238,26412775.29874384
2026-07-31 09:00:00+00:00,1785488400000,731.99,732.742,721.926,728.01,9584.063335,6985363.72984142
2026-07-31 10:00:00+00:00,1785492000000,723.98,733.0,721.182,728.79,11536.074799,8391089.32236198
2026-07-31 11:00:00+00:00,1785495600000,739.01,741.5,731.001,737.99,37816.56341199999,27884455.23237938
2026-07-31 12:00:00+00:00,1785499200000,736.06,737.78,729.5,730.24,34586.841474999994,25345825.40918507
2026-07-31 13:00:00+00:00,1785502800000,738.4,772.51,709.385,711.49,992294.756176,737703476.7144848
2026-07-31 14:00:00+00:00,1785506400000,711.634,714.46,691.99,711.905,879277.454625,620668145.2662754
2026-07-31 15:00:00+00:00,1785510000000,711.894,715.439,702.0,709.345,954456.259208,675023313.7612596
2026-07-31 16:00:00+00:00,1785513600000,709.316,722.18,707.37,719.828,511738.597173,365483709.7714395
2026-07-31 17:00:00+00:00,1785517200000,719.74,729.911,718.913,726.29,411271.86801199993,298279199.50313026
2026-07-31 18:00:00+00:00,1785520800000,726.415,730.79,722.189,727.2,365343.1736599999,265612780.540862
2026-07-31 19:00:00+00:00,1785524400000,727.8,729.273,713.27,713.72,774279.1907959998,557396311.2296468
2026-07-31 20:00:00+00:00,1785528000000,713.616,713.616,708.395,710.504,229986.66440999997,164052937.52361912
2026-07-31 21:00:00+00:00,1785531600000,710.501,711.234,702.385,707.15,7412.742088999999,5246977.54088947
2026-07-31 22:00:00+00:00,1785535200000,707.15,711.31,704.12,711.31,8553.104397,6056218.86845522
2026-07-31 23:00:00+00:00,1785538800000,711.31,711.805,705.445,706.125,4243.866353,3002298.018801175
2026-08-01 00:00:00+00:00,1785542400000,706.67,706.68,706.67,706.68,9.9765,7050.10566
2026-08-01 05:00:00+00:00,1785560400000,707.3,707.3,707.3,707.3,5.7361,4057.14353
2026-08-01 07:00:00+00:00,1785567600000,707.55,708.73,707.55,708.73,81.592,57797.77784
2026-08-01 09:00:00+00:00,1785574800000,711.0,711.0,711.0,711.0,0.0142,10.0962
2026-08-01 11:00:00+00:00,1785582000000,711.0,713.89,711.0,713.89,26.5721,18906.796508
2026-08-01 12:00:00+00:00,1785585600000,714.02,714.02,713.57,713.57,0.647,461.89885
2026-08-01 13:00:00+00:00,1785589200000,713.9,713.9,711.42,711.42,4.0604,2891.303607
2026-08-01 14:00:00+00:00,1785592800000,711.25,711.36,710.71,710.71,4.038,2871.435876
2026-08-01 17:00:00+00:00,1785603600000,713.77,713.77,713.77,713.77,0.028,19.98556
2026-08-01 21:00:00+00:00,1785618000000,713.77,714.07,713.77,714.07,1.883,1344.396873
2026-08-01 22:00:00+00:00,1785621600000,714.1,714.1,713.17,713.17,4.5383,3237.897754
2026-08-01 23:00:00+00:00,1785625200000,711.35,711.35,708.84,708.84,10.55,7484.750304
2026-08-02 00:00:00+00:00,1785628800000,713.53,715.19,713.53,715.19,5.328,3805.755333
2026-08-02 01:00:00+00:00,1785632400000,715.26,715.26,715.26,715.26,0.3,214.578
2026-08-02 02:00:00+00:00,1785636000000,715.36,721.83,715.36,721.83,138.2918,99435.510446
2026-08-02 03:00:00+00:00,1785639600000,721.61,721.7,720.18,721.43,10.6296,7665.555152
2026-08-02 07:00:00+00:00,1785654000000,720.96,720.96,719.39,719.39,7.5899,5463.626473
2026-08-02 09:00:00+00:00,1785661200000,721.81,721.81,721.81,721.81,0.0277,19.994137
2026-08-02 10:00:00+00:00,1785664800000,721.81,721.81,721.81,721.81,0.0277,19.994137
2026-08-02 11:00:00+00:00,1785668400000,722.02,722.02,720.73,720.73,1.2333,889.716474
2026-08-02 12:00:00+00:00,1785672000000,720.73,722.02,719.95,722.02,3.8517,2775.157914
2026-08-02 13:00:00+00:00,1785675600000,721.4,722.02,720.39,720.39,1.418,1022.199187
2026-08-02 14:00:00+00:00,1785679200000,722.02,722.02,720.61,720.61,1.6161,1165.415478
2026-08-02 15:00:00+00:00,1785682800000,721.7,721.7,721.7,721.7,0.0277,19.99109
2026-08-02 16:00:00+00:00,1785686400000,721.7,724.1,721.7,724.1,22.1574,16015.026293
2026-08-02 17:00:00+00:00,1785690000000,724.47,725.75,724.47,725.75,19.8154,14361.157725
2026-08-02 18:00:00+00:00,1785693600000,725.75,725.75,725.75,725.75,0.0275,19.958125
2026-08-02 19:00:00+00:00,1785697200000,725.75,728.17,725.75,728.17,28.5064,20726.97726
2026-08-02 21:00:00+00:00,1785704400000,728.24,728.24,728.24,728.24,1.0,728.24
2026-08-02 22:00:00+00:00,1785708000000,728.42,729.46,728.42,729.46,30.0841,21928.785802
2026-08-02 23:00:00+00:00,1785711600000,730.04,730.26,730.04,730.26,12.7635,9320.28554
2026-08-03 00:00:00+00:00,1785715200000,721.76,734.02,715.96,730.99,6667.0,4852289.36
2026-08-03 01:00:00+00:00,1785718800000,730.14,730.99,723.01,728.21,1591.0,1156214.49
2026-08-03 02:00:00+00:00,1785722400000,728.74,731.79,727.6,730.0,3083.0,2248963.36
2026-08-03 03:00:00+00:00,1785726000000,729.98,732.23,726.08,731.99,3017.0,2204413.33
2026-08-03 04:00:00+00:00,1785729600000,731.82,732.67,728.01,728.56,1547.0,1131308.65
2026-08-03 05:00:00+00:00,1785733200000,728.99,730.5,726.45,730.5,1353.0,986102.99
2026-08-03 06:00:00+00:00,1785736800000,729.92,730.77,723.56,724.45,2109.0,1533916.23
2026-08-03 07:00:00+00:00,1785740400000,724.47,727.17,721.11,722.18,2137.0,1547378.24
2026-08-03 08:00:00+00:00,1785744000000,718.27,723.5,705.5,718.27,19331.257782000004,13895281.02994071
2026-08-03 09:00:00+00:00,1785747600000,716.04,718.98,710.24,712.579,4171.707981,2988000.02519839
2026-08-03 10:00:00+00:00,1785751200000,712.875,714.25,699.5,707.75,6971.740617,4917511.66680846
2026-08-03 11:00:00+00:00,1785754800000,700.01,707.75,693.039,700.01,19618.641838000003,13715894.74617685
2026-08-03 12:00:00+00:00,1785758400000,694.806,698.5,687.0,691.99,21114.765977,14656077.093774704
2026-08-03 13:00:00+00:00,1785762000000,691.14,719.295,671.52,719.295,597460.546481,411555798.2669557
2026-08-03 14:00:00+00:00,1785765600000,719.63,767.02,711.518,765.4,912049.385917,676427081.7715356
2026-08-03 15:00:00+00:00,1785769200000,765.995,766.442,751.88,762.3,494675.883946,375746254.20082146
2026-08-03 16:00:00+00:00,1785772800000,763.44,767.51,758.346,760.02,398523.46247999993,303815995.56782407
2026-08-03 17:00:00+00:00,1785776400000,759.71,780.2,759.655,780.11,364026.638908,280284749.6056953
2026-08-03 18:00:00+00:00,1785780000000,780.795,784.99,776.68,778.015,379603.34441,296239337.23013985
2026-08-03 19:00:00+00:00,1785783600000,777.982,782.93,776.991,779.421,731662.025188,570631901.094796
2026-08-03 20:00:00+00:00,1785787200000,780.93,781.82,777.695,781.09,414527.8807360001,323105000.2233175
2026-08-03 21:00:00+00:00,1785790800000,781.79,783.25,780.5,783.0,8653.756655000001,6763385.91712286
2026-08-03 22:00:00+00:00,1785794400000,785.99,786.0,781.944,785.99,6596.900993000001,5174766.80484293
2026-08-03 23:00:00+00:00,1785798000000,787.0,789.75,784.242,789.0,9420.730137,7420958.77826353
2026-08-04 00:00:00+00:00,1785801600000,785.09,793.98,767.99,771.41,15.0,11821.875
2026-08-04 01:00:00+00:00,1785805200000,771.11,795.0,766.97,793.99,5234.0,4072931.52
2026-08-04 02:00:00+00:00,1785808800000,793.66,793.66,783.75,792.67,2378.0,1875870.67
2026-08-04 03:00:00+00:00,1785812400000,792.48,800.48,786.52,798.91,5477.0,4360486.78
2026-08-04 04:00:00+00:00,1785816000000,797.99,798.87,791.08,795.08,2677.0,2131631.21
2026-08-04 05:00:00+00:00,1785819600000,796.97,810.39,792.44,810.39,6192.0,4973247.53
2026-08-04 06:00:00+00:00,1785823200000,811.0,818.99,804.89,810.0,10642.0,8636524.43
2026-08-04 07:00:00+00:00,1785826800000,811.01,814.78,806.37,806.37,5144.0,4174358.56
2026-08-04 08:00:00+00:00,1785830400000,818.01,822.046,788.125,821.95,61999.800599,50136709.15254686
2026-08-04 09:00:00+00:00,1785834000000,813.4,813.4,805.835,812.5,7643.417269,6190616.89750491
2026-08-04 10:00:00+00:00,1785837600000,832.99,872.599,812.5,857.99,154931.42758000002,132554433.60433649
2026-08-04 11:00:00+00:00,1785841200000,857.01,894.0,849.449,894.0,233141.32856599995,204544096.6334301
2026-08-04 12:00:00+00:00,1785844800000,893.53,893.532,871.288,874.183,309591.792101,272727544.4451132
2026-08-04 13:00:00+00:00,1785848400000,871.77,880.91,824.99,826.285,1646569.8131259996,1383540329.5549812
2026-08-04 14:00:00+00:00,1785852000000,829.99,840.228,814.03,838.73,1036119.5820710004,855616049.946871
2026-08-04 15:00:00+00:00,1785855600000,838.99,868.2,838.53,853.23,933148.1174250004,797299574.6569632
2026-08-04 16:00:00+00:00,1785859200000,854.01,859.83,850.272,856.76,557725.6337629999,476606225.0541996
2026-08-04 17:00:00+00:00,1785862800000,856.685,864.335,855.182,861.236,524379.50451,450383535.25437766
2026-08-04 18:00:00+00:00,1785866400000,861.23,863.99,854.9,856.586,525086.79002,451712815.49205995
2026-08-04 19:00:00+00:00,1785870000000,856.84,860.151,847.585,849.87,612774.9188929999,523458930.14988047
2026-08-04 20:00:00+00:00,1785873600000,840.01,853.25,839.059,840.01,451813.189096,383674519.1473297
2026-08-04 21:00:00+00:00,1785877200000,842.0,846.5,841.175,842.0,12848.878161,10847314.61305045
2026-08-04 22:00:00+00:00,1785880800000,843.87,848.978,842.166,843.87,5128.264051,4341286.8036504
2026-08-04 23:00:00+00:00,1785884400000,848.0,850.4,847.681,849.25,4740.440337,4024934.8640744
2026-08-05 00:00:00+00:00,1785888000000,848.53,860.99,847.0,850.28,3332.0,2843411.96
2026-08-05 01:00:00+00:00,1785891600000,850.72,855.91,839.01,853.62,4242.0,3587441.36
2026-08-05 02:00:00+00:00,1785895200000,854.4,856.3,850.79,852.21,1159.0,988546.92
2026-08-05 03:00:00+00:00,1785898800000,852.19,867.2,852.19,866.0,4073.0,3509209.4
2026-08-05 04:00:00+00:00,1785902400000,865.01,873.88,864.01,871.07,3030.0,2634722.26
2026-08-05 05:00:00+00:00,1785906000000,871.06,874.0,867.85,873.0,4250.0,3700143.32
2026-08-05 06:00:00+00:00,1785909600000,873.0,873.0,859.4,863.07,3168.0,2741996.16
2026-08-05 07:00:00+00:00,1785913200000,863.09,863.9,853.98,854.91,6736.0,5772762.74
2026-08-05 08:00:00+00:00,1785916800000,859.32,859.93,830.11,840.0,51270.64522200001,43565892.61355421
2026-08-05 09:00:00+00:00,1785920400000,836.6,839.63,832.995,836.6,13035.105574,10903395.24533978
2026-08-05 10:00:00+00:00,1785924000000,831.56,836.58,827.5,831.27,11631.36701,9672247.01276426
2026-08-05 11:00:00+00:00,1785927600000,830.18,833.612,825.02,828.01,23574.465259,19551822.23485138
2026-08-05 12:00:00+00:00,1785931200000,828.2,831.75,824.15,829.479,21234.898549,17604173.492600825
2026-08-05 13:00:00+00:00,1785934800000,828.06,883.64,819.921,877.575,683912.024493,586370029.4765202
2026-08-05 14:00:00+00:00,1785938400000,876.87,878.943,825.01,836.02,709087.6970319998,600735835.1221039
2026-08-05 15:00:00+00:00,1785942000000,835.01,854.99,834.675,849.14,349150.62969000003,295697763.1882392
2026-08-05 16:00:00+00:00,1785945600000,849.083,854.99,845.804,850.512,363791.312669,309377865.62911767
2026-08-05 17:00:00+00:00,1785949200000,850.97,853.5,845.307,850.685,239124.39859000008,203068217.44812575
2026-08-05 18:00:00+00:00,1785952800000,850.615,852.969,840.65,841.98,228533.718041,193471686.5118291
2026-08-05 19:00:00+00:00,1785956400000,842.605,845.934,825.49,825.49,514530.1863279999,429571116.3205765
2026-08-05 20:00:00+00:00,1785960000000,826.0,832.943,817.502,821.805,309896.947387,256083644.49926353
2026-08-05 21:00:00+00:00,1785963600000,821.805,823.945,816.765,819.235,6158.762285,5063037.17883634
2026-08-05 22:00:00+00:00,1785967200000,822.51,831.0,819.235,830.29,4676.033874000001,3859975.24792985
2026-08-05 23:00:00+00:00,1785970800000,823.01,828.0,821.03,823.02,5954.8531760000005,4909383.42330238
2026-08-06 00:00:00+00:00,1785974400000,823.25,827.01,815.58,815.58,2518.0,2066488.95
2026-08-06 01:00:00+00:00,1785978000000,816.07,821.3,809.98,819.55,6848.0,5574805.68
2026-08-06 02:00:00+00:00,1785981600000,819.55,829.53,816.99,826.78,3392.0,2796985.1
2026-08-06 03:00:00+00:00,1785985200000,826.77,828.0,820.61,823.92,1636.0,1348397.99
2026-08-06 04:00:00+00:00,1785988800000,824.72,826.98,821.0,823.05,1018.0,838269.56
2026-08-06 05:00:00+00:00,1785992400000,825.89,827.76,822.69,823.41,1218.0,1005556.98
2026-08-06 06:00:00+00:00,1785996000000,823.49,824.17,819.0,820.5,1363.0,1118655.64
2026-08-06 07:00:00+00:00,1785999600000,820.7,824.14,818.7,820.77,1163.0,956671.37
2026-08-06 08:00:00+00:00,1786003200000,821.62,847.65,820.109,834.42,34857.025333,28824421.04399116
2026-08-06 09:00:00+00:00,1786006800000,836.58,848.504,831.9,833.52,10231.653513,8575770.89377889
2026-08-06 10:00:00+00:00,1786010400000,837.93,840.0,830.505,830.505,4288.232845,3576440.65328713
2026-08-06 11:00:00+00:00,1786014000000,825.01,834.948,818.014,834.01,41527.35393899999,34234660.56453511
2026-08-06 12:00:00+00:00,1786017600000,824.14,830.5,813.0,815.0,21961.854685,18047061.84760907
2026-08-06 13:00:00+00:00,1786021200000,811.88,847.51,794.99,847.51,518829.6313110001,424071313.8098429
2026-08-06 14:00:00+00:00,1786024800000,847.003,881.01,844.198,873.764,1066193.333112,921472040.5921203
2026-08-06 15:00:00+00:00,1786028400000,873.843,880.074,859.212,860.04,803415.603783,700841170.8782147
2026-08-06 16:00:00+00:00,1786032000000,860.112,868.395,848.06,868.395,537023.65801,461115206.25520414
2026-08-06 17:00:00+00:00,1786035600000,868.58,870.854,854.503,855.72,317700.4629289999,274570083.48268473
2026-08-06 18:00:00+00:00,1786039200000,854.51,856.57,847.17,851.09,399394.46722000017,340175730.35248333
2026-08-06 19:00:00+00:00,1786042800000,851.41,856.361,836.68,837.87,646246.7282629998,545158036.1671698
2026-08-06 20:00:00+00:00,1786046400000,837.525,863.464,831.0,850.0,319721.553157,268616501.43283266
2026-08-06 21:00:00+00:00,1786050000000,857.69,865.5,847.903,864.01,25590.5248,21992471.4225952
2026-08-06 22:00:00+00:00,1786053600000,867.99,870.499,864.505,866.51,19442.287797,16868747.15742914
2026-08-06 23:00:00+00:00,1786057200000,864.863,869.88,863.988,867.0,7598.590114,6585350.79623559
2026-08-07 00:00:00+00:00,1786060800000,865.03,872.98,858.85,866.7,4999.0,4318281.63
2026-08-07 01:00:00+00:00,1786064400000,867.83,868.92,851.97,858.08,6402.0,5505410.85
2026-08-07 02:00:00+00:00,1786068000000,857.99,863.97,856.69,863.97,2021.0,1737037.77
2026-08-07 03:00:00+00:00,1786071600000,863.19,864.16,858.02,858.04,2201.0,1894562.99
2026-08-07 04:00:00+00:00,1786075200000,858.04,858.65,854.69,856.51,3248.0,2779253.91
2026-08-07 05:00:00+00:00,1786078800000,857.87,862.0,857.85,861.48,3438.0,2953375.97
2026-08-07 06:00:00+00:00,1786082400000,861.41,866.11,861.01,863.8,2110.0,1823004.67
2026-08-07 07:00:00+00:00,1786086000000,864.16,870.16,864.16,868.99,2920.0,2534103.05
2026-08-07 08:00:00+00:00,1786089600000,882.0,888.854,857.854,880.99,48207.050828,42239842.27606276
2026-08-07 09:00:00+00:00,1786093200000,882.5,882.755,876.1,876.1,30044.220528,26458869.459371272
2026-08-07 10:00:00+00:00,1786096800000,876.1,879.15,872.554,874.2,9142.262415,8012847.42922821
2026-08-07 11:00:00+00:00,1786100400000,875.51,878.505,873.365,875.51,30742.555064,26942012.84272401
2026-08-07 12:00:00+00:00,1786104000000,879.99,886.719,873.35,885.56,121257.690284,106494275.47346632
2026-08-07 13:00:00+00:00,1786107600000,884.495,928.01,866.01,896.798,1102996.269862,990800762.9734952
2026-08-07 14:00:00+00:00,1786111200000,896.832,908.41,862.9,868.749,1335117.268356,1180998953.0802565
2026-08-07 15:00:00+00:00,1786114800000,868.761,893.755,868.761,893.755,762155.031905,674407820.3892876
2026-08-07 16:00:00+00:00,1786118400000,895.0,901.0,881.02,888.47,429063.583132,382709269.8647513
2026-08-07 17:00:00+00:00,1786122000000,887.45,891.517,883.502,888.21,350167.09266499995,310713661.2843066
2026-08-07 18:00:00+00:00,1786125600000,888.02,893.87,883.15,892.036,581108.492308,516794030.93474025
2026-08-07 19:00:00+00:00,1786129200000,892.069,898.189,884.32,890.933,879001.841524,783135172.1064378
2026-08-07 20:00:00+00:00,1786132800000,891.21,894.484,889.612,891.21,240876.947532,214507666.3317769
2026-08-07 21:00:00+00:00,1786136400000,891.0,891.5,889.74,891.0,75775.253171,67499678.64416343
2026-08-07 22:00:00+00:00,1786140000000,891.0,894.499,891.0,893.335,3426.2338170000003,3055395.05719362
2026-08-07 23:00:00+00:00,1786143600000,893.335,894.124,891.0,894.0,5599.325034,4998694.95645538
2026-08-08 00:00:00+00:00,1786147200000,894.0,894.0,894.0,894.0,0.0,0.0
2026-08-08 05:00:00+00:00,1786165200000,895.62,895.62,894.96,894.96,0.1359,121.639782
2026-08-08 08:00:00+00:00,1786176000000,894.96,894.96,894.96,894.96,0.0135,12.08196
2026-08-08 09:00:00+00:00,1786179600000,894.5,894.5,894.5,894.5,0.0134,11.9863
2026-08-08 13:00:00+00:00,1786194000000,894.5,894.5,894.38,894.38,0.1935,173.075745
2026-08-08 16:00:00+00:00,1786204800000,894.96,894.96,894.96,894.96,0.4347,389.039112
2026-08-08 17:00:00+00:00,1786208400000,894.96,896.03,894.96,896.03,0.7715,690.713119
2026-08-08 19:00:00+00:00,1786215600000,896.21,896.21,896.21,896.21,0.0128,11.471488
2026-08-08 20:00:00+00:00,1786219200000,896.21,898.85,896.21,898.85,2.5993,2333.818696
2026-08-08 21:00:00+00:00,1786222800000,898.95,899.62,898.95,899.62,1.3048,1173.418976
2026-08-08 23:00:00+00:00,1786230000000,899.85,899.87,899.85,899.87,0.4236,381.184152
2026-08-09 00:00:00+00:00,1786233600000,900.04,900.04,900.04,900.04,0.38,342.0152
2026-08-09 04:00:00+00:00,1786248000000,899.43,899.43,899.38,899.38,0.3583,322.263654
2026-08-09 06:00:00+00:00,1786255200000,900.07,901.76,900.07,901.76,11.7736,10611.804508
2026-08-09 07:00:00+00:00,1786258800000,901.84,907.48,901.84,907.48,14.354,12978.634063
2026-08-09 08:00:00+00:00,1786262400000,907.76,912.66,907.76,911.01,126.4462,115205.025217
2026-08-09 09:00:00+00:00,1786266000000,911.01,911.24,910.71,910.71,9.8416,8965.079125
2026-08-09 10:00:00+00:00,1786269600000,910.71,910.71,908.83,908.83,11.4351,10402.266156
2026-08-09 11:00:00+00:00,1786273200000,908.83,908.83,908.76,908.76,3.2872,2987.485872
2026-08-09 12:00:00+00:00,1786276800000,908.76,908.76,906.95,907.58,35.3867,32140.935373
2026-08-09 16:00:00+00:00,1786291200000,907.58,907.58,906.87,907.29,1.3698,1242.889461
2026-08-09 17:00:00+00:00,1786294800000,906.85,906.85,906.52,906.52,0.9588,869.335402
2026-08-09 18:00:00+00:00,1786298400000,907.04,907.29,907.04,907.29,0.9237,837.964148
2026-08-09 19:00:00+00:00,1786302000000,907.4,907.4,907.4,907.4,0.0264,23.95536
2026-08-09 20:00:00+00:00,1786305600000,907.43,907.43,907.43,907.43,0.065,58.98295
2026-08-09 22:00:00+00:00,1786312800000,907.17,907.17,901.41,901.41,12.1689,11000.099604
2026-08-09 23:00:00+00:00,1786316400000,901.53,902.36,901.24,901.24,23.0762,20811.774642
2026-08-10 00:00:00+00:00,1786320000000,900.0,918.76,895.21,910.0,13915.0,12654285.95
2026-08-10 01:00:00+00:00,1786323600000,909.63,916.81,905.22,915.27,7938.0,7229268.07
2026-08-10 02:00:00+00:00,1786327200000,915.08,917.01,907.76,910.13,3740.0,3408893.7
2026-08-10 03:00:00+00:00,1786330800000,910.51,912.99,906.32,912.99,5740.0,5223002.7
2026-08-10 04:00:00+00:00,1786334400000,913.81,914.99,904.99,906.0,4064.0,3701242.28
2026-08-10 05:00:00+00:00,1786338000000,905.74,911.07,905.74,910.28,3076.0,2795834.82
2026-08-10 06:00:00+00:00,1786341600000,909.81,916.0,909.06,913.17,6892.0,6294097.41
2026-08-10 07:00:00+00:00,1786345200000,914.01,919.36,912.82,918.99,7144.0,6544868.33
2026-08-10 08:00:00+00:00,1786348800000,921.02,922.5,894.0,921.02,48702.00988600001,44669624.70326788
2026-08-10 09:00:00+00:00,1786352400000,923.92,925.49,919.005,924.01,23944.557164,22109472.64196392
2026-08-10 10:00:00+00:00,1786356000000,923.139,924.0,919.002,919.002,10144.466486999998,9358504.67143335
2026-08-10 11:00:00+00:00,1786359600000,919.84,932.615,917.754,930.01,67550.24707699999,62511018.91012991
2026-08-10 12:00:00+00:00,1786363200000,923.04,933.939,913.23,915.69,63311.75179099999,58388629.97173183
2026-08-10 13:00:00+00:00,1786366800000,914.48,934.67,840.0,858.27,1366759.617795,1196634947.8892028
2026-08-10 14:00:00+00:00,1786370400000,856.19,873.354,825.18,826.122,1324887.38994,1125509225.2706645
2026-08-10 15:00:00+00:00,1786374000000,826.093,844.99,824.99,840.092,976629.675136,816004905.9796598
2026-08-10 16:00:00+00:00,1786377600000,840.086,840.086,823.89,828.515,817819.106517,677932872.4132748
2026-08-10 17:00:00+00:00,1786381200000,828.1,832.06,826.29,829.015,499660.3240379999,414306348.84453267
2026-08-10 18:00:00+00:00,1786384800000,829.46,829.46,824.52,827.09,347602.340168,287275988.7920776
2026-08-10 19:00:00+00:00,1786388400000,827.12,827.98,810.875,813.71,887353.2307150001,727329990.0002877
2026-08-10 20:00:00+00:00,1786392000000,813.852,821.724,810.279,821.0,523175.5001,426789925.0936392
2026-08-10 21:00:00+00:00,1786395600000,819.51,821.0,818.59,820.14,11299.361366999998,9264075.20013049
2026-08-10 22:00:00+00:00,1786399200000,820.65,820.65,816.5,819.97,10915.596617999998,8936041.16416942
2026-08-10 23:00:00+00:00,1786402800000,815.99,818.0,814.55,814.55,9220.718386000002,7526486.99246327
2026-08-11 00:00:00+00:00,1786406400000,816.32,823.04,815.51,820.27,3124.0,2563213.28
2026-08-11 01:00:00+00:00,1786410000000,821.27,825.54,818.37,821.49,4301.0,3541218.5
2026-08-11 02:00:00+00:00,1786413600000,821.2,824.99,819.39,819.39,4031.0,3309300.06
2026-08-11 03:00:00+00:00,1786417200000,820.09,824.9,819.8,823.18,1441.0,1186244.33
2026-08-11 04:00:00+00:00,1786420800000,823.62,825.57,823.38,824.7,2019.0,1665217.21
2026-08-11 05:00:00+00:00,1786424400000,824.64,824.98,817.76,818.89,3293.0,2702975.66
2026-08-11 06:00:00+00:00,1786428000000,818.53,821.05,814.0,814.99,4409.0,3602456.91
2026-08-11 07:00:00+00:00,1786431600000,815.0,817.51,813.5,817.42,3361.0,2739904.94
2026-08-11 08:00:00+00:00,1786435200000,806.01,822.332,803.39,806.01,45602.242522,37141964.00191824
2026-08-11 09:00:00+00:00,1786438800000,801.01,808.46,801.01,801.01,16184.897951,13020784.3898652
2026-08-11 10:00:00+00:00,1786442400000,805.9,815.015,803.63,814.215,22942.037219,18548000.427602153
2026-08-11 11:00:00+00:00,1786446000000,816.5,817.166,811.38,812.38,32894.498643,26798595.4168749
2026-08-11 12:00:00+00:00,1786449600000,818.53,819.175,807.775,810.0,29932.764525,24344724.47378004
2026-08-11 13:00:00+00:00,1786453200000,812.09,817.87,788.0,800.905,868175.9668759998,698754118.2856457
2026-08-11 14:00:00+00:00,1786456800000,799.22,813.64,796.84,810.65,901814.385388,726336997.5618008
2026-08-11 15:00:00+00:00,1786460400000,810.103,820.99,810.039,811.854,724369.537965,591052414.7533472
2026-08-11 16:00:00+00:00,1786464000000,811.857,813.7,805.619,809.477,508951.711118,412166996.2621469
2026-08-11 17:00:00+00:00,1786467600000,809.472,821.08,808.44,819.104,572895.361989,466073411.7172659
2026-08-11 18:00:00+00:00,1786471200000,818.0,823.48,814.687,820.0,467487.0989359999,382691063.2700056
2026-08-11 19:00:00+00:00,1786474800000,818.87,822.69,812.5,820.49,779233.1761739999,637469154.5922868
2026-08-11 20:00:00+00:00,1786478400000,820.452,840.01,783.721,817.248,1435474.342162,1172286200.7470253
2026-08-11 21:00:00+00:00,1786482000000,828.0,832.703,812.154,819.01,171093.809587,140911287.512805
2026-08-11 22:00:00+00:00,1786485600000,824.01,847.976,818.99,845.74,146912.79431499998,122960617.14210363
2026-08-11 23:00:00+00:00,1786489200000,838.68,842.872,833.5,841.01,44766.448007,37527189.59682642
2026-08-12 00:00:00+00:00,1786492800000,841.01,849.79,836.48,848.05,22140.0,18728844.84
2026-08-12 01:00:00+00:00,1786496400000,848.05,853.65,846.14,848.97,21338.0,18131554.19
2026-08-12 02:00:00+00:00,1786500000000,848.98,855.68,847.01,855.32,10023.0,8538171.13
2026-08-12 03:00:00+00:00,1786503600000,855.13,868.01,855.0,863.62,27934.0,24092824.22
2026-08-12 04:00:00+00:00,1786507200000,864.47,880.02,863.6,874.98,33210.0,29039655.75
2026-08-12 05:00:00+00:00,1786510800000,874.98,876.75,865.01,875.98,12859.0,11208109.33
2026-08-12 06:00:00+00:00,1786514400000,875.07,878.39,871.06,876.71,10381.0,9090426.48
2026-08-12 07:00:00+00:00,1786518000000,876.98,878.52,873.0,874.99,8779.0,7683673.06
2026-08-12 08:00:00+00:00,1786521600000,882.01,897.0,846.519,882.0,157123.73940400005,138230913.8677061
2026-08-12 09:00:00+00:00,1786525200000,885.5,888.885,881.55,883.02,34408.361499,30440193.12327478
2026-08-12 10:00:00+00:00,1786528800000,886.95,891.78,883.25,884.01,26413.821614,23422437.82653937
2026-08-12 11:00:00+00:00,1786532400000,884.13,892.599,884.01,892.01,103132.011942,91735017.06070392
2026-08-12 12:00:00+00:00,1786536000000,890.916,899.198,881.08,887.495,260035.827127,231166398.38251576
2026-08-12 13:00:00+00:00,1786539600000,892.58,917.65,836.51,878.49,2504935.7293190006,2188910282.278813
2026-08-12 14:00:00+00:00,1786543200000,879.15,921.79,862.99,921.51,2200498.500252001,1956220061.489776
2026-08-12 15:00:00+00:00,1786546800000,921.767,944.29,914.505,942.96,2088147.496028,1945316151.9432049
2026-08-12 16:00:00+00:00,1786550400000,942.959,949.21,934.94,937.183,1356638.550381,1278232647.0724874
2026-08-12 17:00:00+00:00,1786554000000,937.295,966.372,936.16,963.285,1047478.461185,995482363.6066992
2026-08-12 18:00:00+00:00,1786557600000,963.355,964.455,931.01,933.82,985895.860497,935568144.3791074
2026-08-12 19:00:00+00:00,1786561200000,934.06,939.09,922.235,932.085,1444533.865936,1344266170.1404235
2026-08-12 20:00:00+00:00,1786564800000,931.488,942.856,922.401,929.05,417271.935517,388780927.8598539
2026-08-12 21:00:00+00:00,1786568400000,929.05,931.5,927.957,929.25,13591.006947000002,12625215.04323854
2026-08-12 22:00:00+00:00,1786572000000,926.99,929.25,925.51,928.0,7791.673876000001,7223075.69573151
2026-08-12 23:00:00+00:00,1786575600000,931.5,935.5,927.89,932.99,14282.911397,13311769.11751036
2026-08-13 00:00:00+00:00,1786579200000,933.98,941.58,932.49,934.45,4.0,3736.74
2026-08-13 01:00:00+00:00,1786582800000,934.69,936.79,929.8,936.65,2359.0,2201851.79
2026-08-13 02:00:00+00:00,1786586400000,936.99,937.96,932.01,933.11,2805.0,2623015.19
2026-08-13 03:00:00+00:00,1786590000000,933.11,934.4,931.02,934.39,1323.0,1234059.15
2026-08-13 04:00:00+00:00,1786593600000,934.21,938.98,933.01,937.4,2964.0,2774041.38
2026-08-13 05:00:00+00:00,1786597200000,937.52,941.0,930.59,930.59,3271.0,3062128.1
2026-08-13 06:00:00+00:00,1786600800000,931.0,931.4,923.01,923.88,4642.0,4305233.17
2026-08-13 07:00:00+00:00,1786604400000,924.08,929.42,918.99,925.99,7652.0,7066660.09
2026-08-13 08:00:00+00:00,1786608000000,934.185,934.185,913.5,922.0,66894.762766,61587425.88247158
2026-08-13 09:00:00+00:00,1786611600000,922.0,922.0,916.25,921.46,5827.933085000001,5354288.80407573
2026-08-13 10:00:00+00:00,1786615200000,921.46,923.5,919.5,921.0,4278.236539,3942336.78667157
2026-08-13 11:00:00+00:00,1786618800000,922.99,925.245,919.075,921.01,20614.044933,19020004.12782547
2026-08-13 12:00:00+00:00,1786622400000,917.5,921.435,912.0,919.0,39356.753658,36106090.46096822
2026-08-13 13:00:00+00:00,1786626000000,919.44,942.24,910.01,925.77,840028.4800080003,778876422.7317699
2026-08-13 14:00:00+00:00,1786629600000,925.423,945.825,916.01,929.493,1003340.633233,939070216.1335565
2026-08-13 15:00:00+00:00,1786633200000,929.402,939.67,912.1,914.928,766934.960237,708602972.0295795
2026-08-13 16:00:00+00:00,1786636800000,916.83,923.346,907.6,909.04,363230.2840390001,332382153.06036305
2026-08-13 17:00:00+00:00,1786640400000,909.32,917.169,908.79,911.99,337613.15959900006,308418534.2811
2026-08-13 18:00:00+00:00,1786644000000,911.51,911.82,889.36,890.87,473054.4068659999,425604211.53089887
2026-08-13 19:00:00+00:00,1786647600000,890.804,895.025,875.715,881.017,1002478.792211,886633523.0882707
2026-08-13 20:00:00+00:00,1786651200000,889.22,892.6,880.928,891.12,218820.466684,193080243.1931677
2026-08-13 21:00:00+00:00,1786654800000,888.99,893.0,888.99,892.18,12179.696505,10858406.48904809
2026-08-13 22:00:00+00:00,1786658400000,889.99,892.01,887.796,889.06,16976.292748999997,15117743.49750295
2026-08-13 23:00:00+00:00,1786662000000,889.88,890.274,887.415,889.88,8965.810095,7968161.0946231
2026-08-14 00:00:00+00:00,1786665600000,889.441,892.75,884.7,886.13,4352.0,3863922.0
2026-08-14 01:00:00+00:00,1786669200000,886.05,888.32,881.98,886.0,4214.0,3729587.2
2026-08-14 02:00:00+00:00,1786672800000,885.92,886.78,882.85,882.99,3223.0,2854257.48
2026-08-14 03:00:00+00:00,1786676400000,882.51,885.98,882.02,885.21,465.0,411317.29
2026-08-14 04:00:00+00:00,1786680000000,885.31,886.51,883.59,883.59,1249.0,1105240.41
2026-08-14 05:00:00+00:00,1786683600000,884.45,886.07,882.49,885.99,1317.0,1164915.78
2026-08-14 06:00:00+00:00,1786687200000,886.01,886.01,882.14,884.59,1284.0,1135379.9
2026-08-14 07:00:00+00:00,1786690800000,885.66,886.49,884.49,885.08,1010.0,894391.05
2026-08-14 08:00:00+00:00,1786694400000,887.64,896.548,885.855,894.65,29112.594144,25967645.0251467
2026-08-14 09:00:00+00:00,1786698000000,890.8,894.92,890.5,894.92,6226.842833000001,5553622.11595166
2026-08-14 10:00:00+00:00,1786701600000,894.92,895.815,894.473,895.416,10855.542912,9718292.148865059
2026-08-14 11:00:00+00:00,1786705200000,893.94,899.194,891.302,893.99,27314.625133,24443841.64274662
2026-08-14 12:00:00+00:00,1786708800000,890.54,896.837,887.005,893.99,28183.874441000004,25148307.69723255
2026-08-14 13:00:00+00:00,1786712400000,890.05,950.99,885.99,941.865,1103883.938191,1015991926.313476
2026-08-14 14:00:00+00:00,1786716000000,938.97,956.425,929.83,939.395,886685.2708869997,835577529.8898168
2026-08-14 15:00:00+00:00,1786719600000,939.343,942.64,910.03,917.256,711037.251382,656817164.9366423
2026-08-14 16:00:00+00:00,1786723200000,917.206,925.94,916.48,918.1,434519.29091,400352123.745838
2026-08-14 17:00:00+00:00,1786726800000,918.365,919.908,913.357,914.505,200705.241755,183984748.9812052
2026-08-14 18:00:00+00:00,1786730400000,914.515,917.472,910.738,914.365,261037.59972,238529162.81646347
2026-08-14 19:00:00+00:00,1786734000000,913.69,926.71,913.391,926.16,553740.5989800001,509839545.9263266
2026-08-14 20:00:00+00:00,1786737600000,925.819,929.998,924.425,925.35,268430.532456,248563572.57207647
2026-08-14 21:00:00+00:00,1786741200000,925.35,927.249,922.5,925.774,5483.075914,5073702.88656966
2026-08-14 22:00:00+00:00,1786744800000,925.775,926.5,923.0,924.697,8365.193219,7733437.933234
2026-08-14 23:00:00+00:00,1786748400000,924.715,925.95,923.9,925.235,5867.636538000001,5427947.54107959
2026-08-15 00:00:00+00:00,1786752000000,925.69,925.69,923.7,924.61,17.7963,16462.857552
2026-08-15 02:00:00+00:00,1786759200000,924.52,924.52,923.93,923.93,1.5796,1460.250879
2026-08-15 04:00:00+00:00,1786766400000,923.87,923.87,923.79,923.79,0.4614,426.254874
2026-08-15 06:00:00+00:00,1786773600000,924.06,924.06,924.06,924.06,0.0541,49.991646
2026-08-15 11:00:00+00:00,1786791600000,924.06,924.06,924.06,924.06,2.0,1848.12
2026-08-15 12:00:00+00:00,1786795200000,924.5,924.5,924.5,924.5,0.6998,646.9651
2026-08-15 13:00:00+00:00,1786798800000,924.21,924.21,924.12,924.12,1.0577,977.446962
2026-08-15 19:00:00+00:00,1786820400000,924.31,924.31,924.31,924.31,0.0259,23.939629
2026-08-15 20:00:00+00:00,1786824000000,924.1,924.1,924.1,924.1,0.04,36.964
2026-08-15 22:00:00+00:00,1786831200000,924.31,925.22,924.31,925.22,2.5162,2326.371917
2026-08-15 23:00:00+00:00,1786834800000,925.08,925.08,924.52,924.52,2.4033,2222.740283
2026-08-16 01:00:00+00:00,1786842000000,924.5,924.5,924.5,924.5,0.158,146.071
2026-08-16 03:00:00+00:00,1786849200000,924.81,925.51,924.81,925.51,6.0343,5583.659532
2026-08-16 05:00:00+00:00,1786856400000,925.51,925.62,925.51,925.62,1.8035,1669.245032
2026-08-16 06:00:00+00:00,1786860000000,925.62,925.69,925.62,925.69,1.7976,1663.926691
2026-08-16 07:00:00+00:00,1786863600000,925.69,925.69,925.43,925.43,0.9885,914.893999
2026-08-16 08:00:00+00:00,1786867200000,925.43,929.59,925.43,929.59,74.8065,69454.033998
2026-08-16 09:00:00+00:00,1786870800000,929.67,929.77,929.39,929.39,9.4128,8748.348156
2026-08-16 10:00:00+00:00,1786874400000,929.61,930.56,929.61,930.56,1.7222,1602.09109
2026-08-16 11:00:00+00:00,1786878000000,930.57,931.05,930.57,931.05,1.246,1159.772509
2026-08-16 12:00:00+00:00,1786881600000,931.07,933.62,931.07,933.62,2.9167,2720.121581
2026-08-16 13:00:00+00:00,1786885200000,932.99,932.99,932.63,932.74,1.2714,1185.990245
2026-08-16 14:00:00+00:00,1786888800000,932.49,932.49,927.96,929.64,38.122,35410.551047
2026-08-16 15:00:00+00:00,1786892400000,929.19,929.81,928.15,929.81,4.5758,4251.401834
2026-08-16 16:00:00+00:00,1786896000000,929.66,929.7,928.62,929.7,0.7354,683.34396
2026-08-16 18:00:00+00:00,1786903200000,929.96,929.96,929.96,929.96,0.026,24.17896
2026-08-16 19:00:00+00:00,1786906800000,929.96,929.96,929.96,929.96,0.0165,15.34434
2026-08-16 20:00:00+00:00,1786910400000,929.67,929.67,929.2,929.2,0.5942,552.2473
2026-08-16 21:00:00+00:00,1786914000000,929.78,930.16,929.78,930.16,0.6028,560.624496
2026-08-16 22:00:00+00:00,1786917600000,929.91,929.91,927.2,928.49,15.3982,14288.151626
2026-08-16 23:00:00+00:00,1786921200000,928.51,929.23,927.31,927.31,4.4913,4167.860083
2026-08-17 00:00:00+00:00,1786924800000,930.02,936.02,929.99,932.73,3876.0,3614403.53
2026-08-17 01:00:00+00:00,1786928400000,932.42,937.62,931.6,933.99,4464.0,4177257.55
2026-08-17 02:00:00+00:00,1786932000000,933.99,942.48,933.39,940.77,2208.0,2072405.55
2026-08-17 03:00:00+00:00,1786935600000,941.01,942.55,939.0,940.0,2287.0,2151243.44
2026-08-17 04:00:00+00:00,1786939200000,939.57,941.22,937.17,937.56,1723.0,1618416.86
2026-08-17 05:00:00+00:00,1786942800000,937.71,941.22,933.01,939.31,6831.0,6396397.64
2026-08-17 06:00:00+00:00,1786946400000,939.82,943.34,938.03,942.89,3973.0,3738065.57
2026-08-17 07:00:00+00:00,1786950000000,942.88,944.73,939.01,943.35,2931.0,2761257.09
2026-08-17 08:00:00+00:00,1786953600000,925.235,950.849,925.235,948.563,32857.331536,30983188.7739844
2026-08-17 09:00:00+00:00,1786957200000,941.99,948.552,940.0,943.49,7727.217622,7297299.96060831
2026-08-17 10:00:00+00:00,1786960800000,944.217,949.0,942.552,948.1,4937.54029,4669593.80357451
2026-08-17 11:00:00+00:00,1786964400000,948.5,948.682,943.569,944.89,23903.38486,22625887.57886519
2026-08-17 12:00:00+00:00,1786968000000,942.99,944.806,934.45,937.38,33641.555526,31590507.26115749
2026-08-17 13:00:00+00:00,1786971600000,938.716,962.46,929.081,954.02,920275.178611,873229063.2221626
2026-08-17 14:00:00+00:00,1786975200000,953.04,987.0,943.765,985.695,1035729.9361209996,1000450178.0258908
2026-08-17 15:00:00+00:00,1786978800000,985.64,999.6,984.61,991.45,878745.2799040001,871063815.9142472
2026-08-17 16:00:00+00:00,1786982400000,991.16,995.99,986.298,987.86,515629.6338550001,511092402.4548564
2026-08-17 17:00:00+00:00,1786986000000,987.73,991.22,983.245,988.51,306939.633362,303015072.5158701
2026-08-17 18:00:00+00:00,1786989600000,988.386,988.57,978.685,983.41,631387.775594,620380917.0149463
2026-08-17 19:00:00+00:00,1786993200000,983.443,985.01,965.982,967.955,1038393.093196,1010146188.7366211
2026-08-17 20:00:00+00:00,1786996800000,967.25,969.709,964.256,967.25,495175.984988,479183434.753638
2026-08-17 21:00:00+00:00,1787000400000,966.97,973.248,966.97,970.5,2619.8375800000003,2538040.74909348
2026-08-17 22:00:00+00:00,1787004000000,971.62,973.595,970.5,971.62,6751.406695000001,6562544.19439541
2026-08-17 23:00:00+00:00,1787007600000,971.01,972.51,970.0,971.01,4998.484803,4855250.72172763
2026-08-18 00:00:00+00:00,1787011200000,970.98,980.75,969.04,971.01,2601.0,2531678.98
2026-08-18 01:00:00+00:00,1787014800000,970.27,971.01,953.76,957.02,7708.0,7406653.41
2026-08-18 02:00:00+00:00,1787018400000,957.93,958.5,940.59,943.96,13138.0,12453621.98
2026-08-18 03:00:00+00:00,1787022000000,946.15,949.07,937.99,948.58,8120.0,7663137.6
2026-08-18 04:00:00+00:00,1787025600000,947.99,954.23,944.42,950.77,3648.0,3466419.97
2026-08-18 05:00:00+00:00,1787029200000,950.32,950.32,942.0,942.0,6620.0,6250949.2
2026-08-18 06:00:00+00:00,1787032800000,941.99,953.0,941.64,953.0,7376.0,6983807.35
2026-08-18 07:00:00+00:00,1787036400000,952.99,953.97,945.26,946.3,4537.0,4310050.69
2026-08-18 08:00:00+00:00,1787040000000,932.01,966.627,924.855,927.01,55504.997243,52309430.23872766
2026-08-18 09:00:00+00:00,1787043600000,916.42,925.75,906.852,910.0,39715.727141,36278867.11926285
2026-08-18 10:00:00+00:00,1787047200000,904.52,916.64,902.86,904.52,17429.454190000004,15861753.21815336
2026-08-18 11:00:00+00:00,1787050800000,916.46,917.401,907.279,907.51,49602.207759,45287877.17121304
2026-08-18 12:00:00+00:00,1787054400000,911.51,914.5,905.875,907.587,60391.543887,54875083.76154717
2026-08-18 13:00:00+00:00,1787058000000,907.589,942.9,900.0,915.016,1143358.190797,1052687546.4302876
2026-08-18 14:00:00+00:00,1787061600000,915.52,925.17,874.85,876.185,1038628.954832,931885214.2167825
2026-08-18 15:00:00+00:00,1787065200000,877.26,884.685,868.422,880.54,821365.8117930001,720268986.4874328
2026-08-18 16:00:00+00:00,1787068800000,881.56,884.331,872.66,876.715,367318.84207,322469799.1634003
2026-08-18 17:00:00+00:00,1787072400000,877.183,879.185,865.22,865.582,474809.403034,414096217.9144036
2026-08-18 18:00:00+00:00,1787076000000,865.548,873.85,863.355,869.43,728202.308676,633269962.0032319
2026-08-18 19:00:00+00:00,1787079600000,869.713,876.04,866.76,873.033,1232242.414844,1074127796.0290976
2026-08-18 20:00:00+00:00,1787083200000,873.021,874.138,871.0,871.5,559132.767269,488019913.5701061
2026-08-18 21:00:00+00:00,1787086800000,871.5,872.0,868.661,868.925,5102.838043999999,4443534.01906585
2026-08-18 22:00:00+00:00,1787090400000,869.172,872.42,863.244,866.495,17328.656094,15075140.5659735
2026-08-18 23:00:00+00:00,1787094000000,863.81,868.715,862.004,864.0,9312.660642,8055889.15038017
2026-08-19 00:00:00+00:00,1787097600000,862.97,870.0,853.1,863.0,8482.0,7285985.16
2026-08-19 01:00:00+00:00,1787101200000,863.0,880.56,863.0,875.01,4891.0,4279014.31
2026-08-19 02:00:00+00:00,1787104800000,874.99,874.99,866.49,869.14,2665.0,2318517.99
2026-08-19 03:00:00+00:00,1787108400000,869.27,873.24,865.1,866.31,2794.0,2427488.95
2026-08-19 04:00:00+00:00,1787112000000,865.99,867.0,856.99,860.71,3601.0,3103071.21
2026-08-19 05:00:00+00:00,1787115600000,860.73,864.82,854.99,855.53,2627.0,2257366.88
2026-08-19 06:00:00+00:00,1787119200000,855.49,871.0,850.99,870.34,7139.0,6146433.26
2026-08-19 07:00:00+00:00,1787122800000,869.38,882.51,865.91,880.0,9212.0,8073105.62
2026-08-19 08:00:00+00:00,1787126400000,893.58,894.674,859.001,893.58,72609.21431499996,63808447.49275747
2026-08-19 09:00:00+00:00,1787130000000,882.0,889.0,869.005,871.0,13931.869294000004,12229897.80675472
2026-08-19 10:00:00+00:00,1787133600000,864.71,869.005,861.009,864.71,9339.015862,8083620.52255382
2026-08-19 11:00:00+00:00,1787137200000,866.7,874.825,862.03,864.285,44094.333414,38231897.3035685
2026-08-19 12:00:00+00:00,1787140800000,882.0,909.256,862.505,904.99,91358.202219,81583596.31136453
2026-08-19 13:00:00+00:00,1787144400000,908.465,908.465,833.52,837.096,264413.400445,235527794.38691872
2026-08-19 14:00:00+00:00,1787148000000,834.56,858.25,826.66,844.97,727410.3852090002,611249566.1256282
2026-08-19 15:00:00+00:00,1787151600000,844.65,848.479,833.698,837.688,11584.0,9736106.995
2026-08-19 16:00:00+00:00,1787155200000,837.689,843.01,835.103,836.856,18239.420718,15297602.68746964
2026-08-19 17:00:00+00:00,1787158800000,836.854,837.3,831.0,833.845,170699.49315,142173702.21120873
2026-08-19 18:00:00+00:00,1787162400000,833.865,835.167,821.3,824.373,538680.250233,445817477.86792654
2026-08-19 19:00:00+00:00,1787166000000,824.286,830.03,821.8,827.45,666944.71928,550550096.1074508
2026-08-19 20:00:00+00:00,1787169600000,835.16,836.989,827.545,835.16,359606.799599,298277046.6298292
2026-08-19 21:00:00+00:00,1787173200000,835.964,837.212,833.808,835.49,9103.65053,7607736.923719971
2026-08-19 22:00:00+00:00,1787176800000,841.0,841.5,835.49,841.0,14678.610763,12309955.63711837
2026-08-19 23:00:00+00:00,1787180400000,839.505,842.998,839.0,841.12,12885.639248,10833808.65654789
2026-08-20 00:00:00+00:00,1787184000000,840.61,845.01,834.39,844.0,2141.0,1800773.22
2026-08-20 01:00:00+00:00,1787187600000,844.48,845.41,840.35,841.09,2706.0,2281262.41
2026-08-20 02:00:00+00:00,1787191200000,844.01,845.01,840.22,841.51,2350.0,1979979.63
2026-08-20 03:00:00+00:00,1787194800000,841.33,844.03,840.78,843.76,1198.0,1009354.35
2026-08-20 04:00:00+00:00,1787198400000,843.98,847.15,843.36,843.38,4388.0,3712520.13
2026-08-20 05:00:00+00:00,1787202000000,843.6,846.06,841.0,841.61,1910.0,1610751.88
2026-08-20 06:00:00+00:00,1787205600000,841.88,848.98,841.88,847.43,2282.0,1932070.66
2026-08-20 07:00:00+00:00,1787209200000,847.08,847.27,843.28,844.0,5882.0,4974048.07
2026-08-20 08:00:00+00:00,1787212800000,842.183,846.593,829.45,835.0,37492.248488,31571414.745075915
2026-08-20 09:00:00+00:00,1787216400000,835.0,840.905,835.0,840.905,2061.8361130000003,1728329.5856828
2026-08-20 10:00:00+00:00,1787220000000,840.905,840.905,837.137,839.5,1776.462237,1491385.34774854
2026-08-20 11:00:00+00:00,1787223600000,839.5,839.5,825.048,825.8,25541.038684000003,21216833.56243633
2026-08-20 12:00:00+00:00,1787227200000,818.99,825.8,814.666,822.01,39915.87992099999,32729528.68131095
2026-08-20 13:00:00+00:00,1787230800000,822.5,844.0,816.3,828.955,33329.688883,27555861.600220207
2026-08-20 14:00:00+00:00,1787234400000,831.0,868.462,825.912,862.07,803202.9682059998,684927556.0837158
2026-08-20 15:00:00+00:00,1787238000000,861.96,866.407,852.776,859.095,13515.0,11629760.385
2026-08-20 16:00:00+00:00,1787241600000,859.163,871.909,856.76,868.766,201323.235411,174857205.62811524
2026-08-20 17:00:00+00:00,1787245200000,868.425,878.27,866.006,874.38,427457.2727169999,373378969.2139359
2026-08-20 18:00:00+00:00,1787248800000,874.323,874.334,866.754,872.724,428339.727841,372801230.866704
2026-08-20 19:00:00+00:00,1787252400000,872.736,881.62,872.736,879.657,808411.612051,710070637.671124
2026-08-20 20:00:00+00:00,1787256000000,880.89,880.89,875.0,878.32,372821.7754190001,327785352.33451533
2026-08-20 21:00:00+00:00,1787259600000,876.76,876.76,871.032,876.76,51433.78343,45090213.18079598
2026-08-20 22:00:00+00:00,1787263200000,872.51,876.34,871.255,872.51,4071.08098,3555393.89539862
2026-08-20 23:00:00+00:00,1787266800000,876.195,876.195,871.5,873.123,9083.912584,7943185.876353738
2026-08-21 00:00:00+00:00,1787270400000,874.46,881.99,870.43,876.38,2162.0,1894924.94
2026-08-21 01:00:00+00:00,1787274000000,875.92,882.33,872.97,878.4,2245.0,1971508.68
2026-08-21 02:00:00+00:00,1787277600000,880.0,887.89,878.83,887.0,5530.0,4892148.29
2026-08-21 03:00:00+00:00,1787281200000,887.11,887.19,880.99,882.8,2679.0,2368383.38
2026-08-21 04:00:00+00:00,1787284800000,881.51,883.52,878.38,882.16,1418.0,1249503.7
2026-08-21 05:00:00+00:00,1787288400000,882.26,886.01,882.01,885.08,3360.0,2973224.58
2026-08-21 06:00:00+00:00,1787292000000,885.16,889.12,885.01,889.12,1820.0,1614952.82
2026-08-21 07:00:00+00:00,1787295600000,888.65,897.97,888.65,893.0,4508.0,4029684.21
2026-08-21 08:00:00+00:00,1787299200000,879.92,895.5,876.652,880.0,30265.168956,26855540.41917047
2026-08-21 09:00:00+00:00,1787302800000,885.245,891.489,882.819,889.995,11417.858451,10165898.26434877
2026-08-21 10:00:00+00:00,1787306400000,889.995,893.748,889.85,891.7,6392.313402,5696295.30646199
2026-08-21 11:00:00+00:00,1787310000000,891.7,897.5,887.051,896.315,38977.09212,34803470.130611576
2026-08-21 12:00:00+00:00,1787313600000,893.6,899.333,892.75,898.0,22410.424931,20091503.97022228
2026-08-21 13:00:00+00:00,1787317200000,894.89,922.33,885.24,900.47,1000485.019611,905806921.138168
2026-08-21 14:00:00+00:00,1787320800000,900.03,901.34,855.945,858.99,750630.6318859996,657597996.8114911
2026-08-21 15:00:00+00:00,1787324400000,859.7,873.79,857.801,868.55,524482.7918340001,454945552.0856688
2026-08-21 16:00:00+00:00,1787328000000,868.534,870.75,862.455,864.011,345213.868825,298835912.8745158
2026-08-21 17:00:00+00:00,1787331600000,863.973,870.56,863.489,868.897,261175.310425,226654073.2830287
2026-08-21 18:00:00+00:00,1787335200000,868.895,873.33,868.458,868.74,275257.597151,239729989.67765284
2026-08-21 19:00:00+00:00,1787338800000,868.015,871.438,865.52,866.81,385921.702011,335042093.55523133
2026-08-21 20:00:00+00:00,1787342400000,866.99,868.44,864.375,866.99,249571.24553500005,216309263.42945465
2026-08-21 21:00:00+00:00,1787346000000,866.625,867.499,865.51,866.439,3596.363408,3116631.99516214
2026-08-21 22:00:00+00:00,1787349600000,866.406,866.62,865.5,865.65,2547.2736700000005,2206185.31958389
2026-08-21 23:00:00+00:00,1787353200000,865.65,867.01,865.001,865.749,9040.51417,7828920.795368962
2026-08-22 00:00:00+00:00,1787356800000,866.88,867.76,866.88,867.76,1.4673,1272.507449
2026-08-22 01:00:00+00:00,1787360400000,867.76,868.23,866.95,866.95,1.6822,1459.723155
2026-08-22 02:00:00+00:00,1787364000000,866.09,866.09,866.09,866.09,0.0782,67.728238
2026-08-22 04:00:00+00:00,1787371200000,866.09,866.09,861.97,861.97,2.6742,2309.714777
2026-08-22 05:00:00+00:00,1787374800000,861.97,861.97,861.51,861.51,0.3475,299.451935
2026-08-22 07:00:00+00:00,1787382000000,861.42,861.42,861.42,861.42,0.3441,296.414622
2026-08-22 13:00:00+00:00,1787403600000,861.32,861.32,861.32,861.32,0.0607,52.282124
2026-08-22 17:00:00+00:00,1787418000000,861.74,861.74,861.28,861.28,0.1189,102.433562
2026-08-22 20:00:00+00:00,1787428800000,861.09,861.09,861.0,861.0,0.1711,147.324399
2026-08-22 21:00:00+00:00,1787432400000,860.89,860.89,860.89,860.89,0.9638,829.725782
2026-08-22 23:00:00+00:00,1787439600000,860.55,860.55,860.54,860.54,0.1189,102.318495
2026-08-23 02:00:00+00:00,1787450400000,860.99,860.99,860.99,860.99,0.0354,30.479046
2026-08-23 05:00:00+00:00,1787461200000,860.99,861.56,860.99,861.56,0.9651,831.224696
2026-08-23 08:00:00+00:00,1787472000000,861.15,861.15,858.99,858.99,1.214,1044.443066
2026-08-23 12:00:00+00:00,1787486400000,859.24,861.59,859.24,861.59,1.2416,1068.810675
2026-08-23 13:00:00+00:00,1787490000000,861.59,861.93,861.59,861.93,0.3164,272.681904
2026-08-23 15:00:00+00:00,1787497200000,862.23,864.87,862.23,864.87,1.7226,1487.84892
2026-08-23 18:00:00+00:00,1787508000000,864.87,866.31,863.31,864.74,0.5803,501.895
2026-08-23 19:00:00+00:00,1787511600000,864.74,867.56,864.07,867.56,0.3535,305.879793
2026-08-23 20:00:00+00:00,1787515200000,867.21,867.21,867.21,867.21,0.023,19.94583
2026-08-23 21:00:00+00:00,1787518800000,867.21,867.21,867.21,867.21,0.023,19.94583
2026-08-23 22:00:00+00:00,1787522400000,866.52,866.52,860.02,862.46,6.6434,5724.819189
2026-08-23 23:00:00+00:00,1787526000000,862.46,867.69,862.46,867.69,2.9137,2520.795014
2026-08-24 00:00:00+00:00,1787529600000,868.38,874.55,852.06,858.05,6222.0,5344967.7
2026-08-24 01:00:00+00:00,1787533200000,858.48,862.26,847.81,847.81,3402.0,2911692.31
2026-08-24 02:00:00+00:00,1787536800000,847.8,851.15,842.57,843.99,3621.0,3068170.57
2026-08-24 03:00:00+00:00,1787540400000,844.9,845.07,830.1,831.3,8163.0,6818744.15
2026-08-24 04:00:00+00:00,1787544000000,831.93,837.99,831.33,833.74,2812.0,2345507.65
2026-08-24 05:00:00+00:00,1787547600000,834.01,838.92,830.01,832.49,4353.0,3626189.39
2026-08-24 06:00:00+00:00,1787551200000,831.6,832.33,826.02,829.99,5925.0,4912466.4
2026-08-24 07:00:00+00:00,1787554800000,831.45,835.5,828.51,830.32,2716.0,2260094.25
2026-08-24 08:00:00+00:00,1787558400000,828.57,860.125,827.5,831.09,43541.15245,36187204.19522858
2026-08-24 09:00:00+00:00,1787562000000,827.06,832.25,826.505,827.06,6956.684653,5765517.27960003
2026-08-24 10:00:00+00:00,1787565600000,825.5,828.998,825.5,825.5,7051.231237000002,5829016.64738146
2026-08-24 11:00:00+00:00,1787569200000,822.0,827.01,816.99,825.0,50045.47491700001,41108018.7016402
2026-08-24 12:00:00+00:00,1787572800000,822.0,824.94,816.323,821.063,48335.078297,39637466.69178207
2026-08-24 13:00:00+00:00,1787576400000,821.01,827.935,790.0,799.45,826137.5782439999,666651801.3777536
2026-08-24 14:00:00+00:00,1787580000000,799.831,821.143,785.01,817.254,1109515.020742,892734452.5887291
2026-08-24 15:00:00+00:00,1787583600000,816.49,832.99,813.18,825.87,467094.006268,383949918.57967776
2026-08-24 16:00:00+00:00,1787587200000,826.88,836.04,821.686,834.555,295765.702684,245468023.89812112
2026-08-24 17:00:00+00:00,1787590800000,834.68,835.655,829.525,829.794,274252.043833,228374937.13945207
2026-08-24 18:00:00+00:00,1787594400000,829.756,843.871,829.443,836.344,394489.600476,330989592.62841684
2026-08-24 19:00:00+00:00,1787598000000,836.338,837.6,824.6,829.83,564417.029601,469086175.87049645
2026-08-24 20:00:00+00:00,1787601600000,829.64,832.498,827.961,829.84,455349.1322290001,378148466.25737053
2026-08-24 21:00:00+00:00,1787605200000,830.97,831.25,829.326,829.55,2631.1936940000005,2185007.7077431
2026-08-24 22:00:00+00:00,1787608800000,829.625,830.0,826.3,827.177,3485.162434000001,2886326.48987541
2026-08-24 23:00:00+00:00,1787612400000,826.02,828.759,822.5,824.01,7298.918456,6026133.78553457
2026-08-25 00:00:00+00:00,1787616000000,829.42,836.8,817.0,828.65,3570.0,2934236.44
2026-08-25 01:00:00+00:00,1787619600000,828.01,832.77,824.59,830.08,750.0,622251.76
2026-08-25 02:00:00+00:00,1787623200000,831.5,837.62,829.01,831.15,1537.0,1279243.4
2026-08-25 03:00:00+00:00,1787626800000,832.0,840.01,832.0,838.14,1509.0,1262097.79
2026-08-25 04:00:00+00:00,1787630400000,838.93,845.01,838.93,842.36,3875.0,3264829.9
2026-08-25 05:00:00+00:00,1787634000000,842.11,851.59,842.01,848.63,7321.0,6211448.75
2026-08-25 06:00:00+00:00,1787637600000,849.0,852.01,847.79,849.51,3554.0,3022574.43
2026-08-25 07:00:00+00:00,1787641200000,849.97,850.42,843.01,845.92,3552.0,3012255.52
2026-08-25 08:00:00+00:00,1787644800000,827.746,847.5,827.746,847.5,32701.363352,27590150.0704914
2026-08-25 09:00:00+00:00,1787648400000,847.5,857.76,845.402,856.499,23918.402733,20383315.823861733
2026-08-25 10:00:00+00:00,1787652000000,858.88,858.999,854.0,858.88,8085.344294000002,6919113.42449901
2026-08-25 11:00:00+00:00,1787655600000,854.53,857.75,847.514,855.81,20970.638989000006,17888833.72739064
2026-08-25 12:00:00+00:00,1787659200000,858.01,861.25,852.63,854.5,12998.563969,11135421.30178537
2026-08-25 13:00:00+00:00,1787662800000,853.99,865.01,841.94,864.03,591989.0058559999,505234201.0258148
2026-08-25 14:00:00+00:00,1787666400000,864.91,872.8,853.43,867.16,664083.5103940002,573498070.2167389
2026-08-25 15:00:00+00:00,1787670000000,867.677,868.79,860.011,861.186,492799.099151,425961505.30078614
2026-08-25 16:00:00+00:00,1787673600000,861.187,863.21,857.192,858.065,241889.421425,208371781.35468063
2026-08-25 17:00:00+00:00,1787677200000,858.074,863.034,848.952,862.905,345655.27662,295907113.48234046
2026-08-25 18:00:00+00:00,1787680800000,863.115,871.65,859.999,868.99,244350.498599,211714044.1690733
2026-08-25 19:00:00+00:00,1787684400000,868.02,887.25,867.68,885.86,627258.507363,551896220.3666186
2026-08-25 20:00:00+00:00,1787688000000,885.965,886.745,882.138,883.216,255334.804577,226133897.2796734
2026-08-25 21:00:00+00:00,1787691600000,883.213,883.5,882.0,882.375,5732.286369,5061075.76119468
2026-08-25 22:00:00+00:00,1787695200000,882.79,882.79,882.067,882.79,4339.06828,3828682.77012403
2026-08-25 23:00:00+00:00,1787698800000,882.67,882.67,879.5,882.67,6921.159446000001,6098156.76300075
2026-08-26 00:00:00+00:00,1787702400000,878.73,882.15,870.01,870.02,4493.0,3934262.29
2026-08-26 01:00:00+00:00,1787706000000,868.72,874.34,866.95,871.87,3846.0,3344951.1
2026-08-26 02:00:00+00:00,1787709600000,870.61,879.99,868.99,878.69,3229.0,2824740.51
2026-08-26 03:00:00+00:00,1787713200000,878.39,882.99,876.0,881.76,2812.0,2473201.3
2026-08-26 04:00:00+00:00,1787716800000,881.76,885.0,878.17,880.0,3738.0,3292627.86
2026-08-26 05:00:00+00:00,1787720400000,880.01,882.0,877.99,878.02,1623.0,1428786.73
2026-08-26 06:00:00+00:00,1787724000000,879.0,879.68,874.13,878.08,1524.0,1335925.33
2026-08-26 07:00:00+00:00,1787727600000,877.51,877.51,874.61,877.17,1507.0,1318769.17
2026-08-26 08:00:00+00:00,1787731200000,874.62,881.636,872.5,872.99,19027.432992999995,16672750.10525026
2026-08-26 09:00:00+00:00,1787734800000,877.61,878.25,876.005,877.75,590.280006,518101.68839833
2026-08-26 10:00:00+00:00,1787738400000,877.75,879.0,877.06,878.299,1335.4202259999995,1172179.79299399
2026-08-26 11:00:00+00:00,1787742000000,878.333,884.495,874.401,876.2,24282.953886,21380483.61922261
2026-08-26 12:00:00+00:00,1787745600000,876.51,881.495,871.281,872.56,13247.960478,11599692.95359682
2026-08-26 13:00:00+00:00,1787749200000,882.585,909.99,869.001,901.955,641098.0278799998,574070523.8573152
2026-08-26 14:00:00+00:00,1787752800000,902.365,912.25,890.82,901.14,631246.279976,569584312.7337323
2026-08-26 15:00:00+00:00,1787756400000,903.53,928.13,902.225,922.55,679258.0924430002,622736686.9417719
2026-08-26 16:00:00+00:00,1787760000000,923.514,928.87,914.38,928.444,764566.004995,702879036.8817477
2026-08-26 17:00:00+00:00,1787763600000,928.441,942.7,926.695,941.358,704540.871809,658324575.8887845
2026-08-26 18:00:00+00:00,1787767200000,941.358,947.41,938.69,942.351,650753.648593,613334119.4587299
2026-08-26 19:00:00+00:00,1787770800000,942.205,945.709,934.36,939.45,580997.0479679998,546276548.1820226
2026-08-26 20:00:00+00:00,1787774400000,937.01,946.0,932.5,945.0,373335.346467,350675944.2808587
2026-08-26 21:00:00+00:00,1787778000000,944.6,967.99,944.6,965.748,140606.473068,134893590.53259704
2026-08-26 22:00:00+00:00,1787781600000,965.5,968.0,962.9,964.94,16281.975635000004,15709362.97488051
2026-08-26 23:00:00+00:00,1787785200000,963.01,966.413,959.903,963.01,10345.026272000005,9973566.37914867
2026-08-27 00:00:00+00:00,1787788800000,965.58,968.52,946.5,947.3,6938.0,6615915.91
2026-08-27 01:00:00+00:00,1787792400000,947.27,962.41,945.87,962.18,10621.0,10123014.13
2026-08-27 02:00:00+00:00,1787796000000,961.74,966.78,958.58,966.0,4270.0,4113742.25
2026-08-27 03:00:00+00:00,1787799600000,965.99,967.75,962.0,964.0,1852.0,1787148.41
2026-08-27 04:00:00+00:00,1787803200000,964.76,964.76,959.21,960.01,2087.0,2005875.86
2026-08-27 05:00:00+00:00,1787806800000,960.61,966.0,958.17,962.91,4624.0,4446143.63
2026-08-27 06:00:00+00:00,1787810400000,961.98,965.74,957.99,965.26,3929.0,3780334.58
2026-08-27 07:00:00+00:00,1787814000000,964.72,970.49,964.04,969.91,6440.0,6231518.69
2026-08-27 08:00:00+00:00,1787817600000,971.02,976.32,966.708,976.31,46411.739441,45063789.3688932
2026-08-27 09:00:00+00:00,1787821200000,972.0,972.0,966.352,970.9,9023.678111,8748431.5646836
2026-08-27 10:00:00+00:00,1787824800000,970.9,970.9,963.0,965.5,6225.676176,6021604.11405928
2026-08-27 11:00:00+00:00,1787828400000,965.5,970.758,960.502,962.1,28468.17038399999,27497926.74142362
2026-08-27 12:00:00+00:00,1787832000000,962.1,965.125,957.536,961.497,25734.92066,24767369.168466303
2026-08-27 13:00:00+00:00,1787835600000,961.84,969.99,919.64,925.8,864444.5416449996,815527008.1445757
2026-08-27 14:00:00+00:00,1787839200000,925.92,938.21,920.99,922.98,465618.01056,432427920.65486413
2026-08-27 15:00:00+00:00,1787842800000,923.54,932.0,918.714,929.03,446434.6346759999,412700649.73251384
2026-08-27 16:00:00+00:00,1787846400000,930.23,938.471,922.482,936.38,328170.342648,305656905.4483535
2026-08-27 17:00:00+00:00,1787850000000,935.933,951.61,932.495,943.443,833846.981284,786571481.1791404
2026-08-27 18:00:00+00:00,1787853600000,943.482,958.543,937.85,949.426,636637.68559,604293637.2492719
2026-08-27 19:00:00+00:00,1787857200000,949.416,961.14,943.575,955.05,817803.69742,779500026.0058881
2026-08-27 20:00:00+00:00,1787860800000,948.01,955.99,943.927,944.01,224603.002012,214397648.02868012
2026-08-27 21:00:00+00:00,1787864400000,941.0,946.521,936.75,937.84,10944.2002,10300672.47287984
2026-08-27 22:00:00+00:00,1787868000000,937.884,943.997,937.865,943.025,7132.305584,6713475.4992736
2026-08-27 23:00:00+00:00,1787871600000,935.51,943.025,935.51,935.51,4892.868182,4591011.97596106
2026-08-28 00:00:00+00:00,1787875200000,936.61,948.31,934.97,948.0,3176.0,2998919.61
2026-08-28 01:00:00+00:00,1787878800000,946.62,952.01,945.99,948.97,3177.0,3013138.21
2026-08-28 02:00:00+00:00,1787882400000,948.99,949.44,945.74,946.72,1355.0,1282524.04
2026-08-28 03:00:00+00:00,1787886000000,946.01,948.0,942.03,942.07,1776.0,1679607.46
2026-08-28 04:00:00+00:00,1787889600000,942.21,944.2,941.1,942.0,357.0,336484.59
2026-08-28 05:00:00+00:00,1787893200000,942.08,942.08,933.99,934.14,1829.0,1715922.06
2026-08-28 06:00:00+00:00,1787896800000,934.24,937.85,930.01,931.0,4750.0,4434336.7
2026-08-28 07:00:00+00:00,1787900400000,930.99,936.37,929.99,930.74,1710.0,1593135.26
2026-08-28 08:00:00+00:00,1787904000000,934.57,938.507,928.42,934.57,22694.09518,21195849.17149254
2026-08-28 09:00:00+00:00,1787907600000,937.79,937.79,932.5,932.5,2728.011166,2554897.57903021
2026-08-28 10:00:00+00:00,1787911200000,932.5,942.499,932.5,940.884,1716.022798,1604988.91567365
2026-08-28 11:00:00+00:00,1787914800000,940.883,943.313,934.005,935.005,19408.815139,18214905.618238848
2026-08-28 12:00:00+00:00,1787918400000,933.0,942.495,932.946,938.55,14769.19215,13864465.40803295
2026-08-28 13:00:00+00:00,1787922000000,941.72,947.602,918.46,931.54,446669.2259560001,415276821.4196639
2026-08-28 14:00:00+00:00,1787925600000,930.12,939.31,921.624,922.42,543979.366714,506636869.52512074
2026-08-28 15:00:00+00:00,1787929200000,922.02,923.405,900.5,903.08,601864.899623,549600215.6560279
2026-08-28 16:00:00+00:00,1787932800000,903.115,907.4,897.895,902.176,603418.1274,544417548.8917783
2026-08-28 17:00:00+00:00,1787936400000,902.173,909.482,894.81,908.722,400998.097527,361539781.4591312
2026-08-28 18:00:00+00:00,1787940000000,908.722,910.7,900.63,901.113,271937.353726,246415708.08842352
2026-08-28 19:00:00+00:00,1787943600000,901.111,904.135,893.76,894.299,624679.290329,561953800.8943741
2026-08-28 20:00:00+00:00,1787947200000,893.0,897.475,891.561,893.0,325556.3939690001,291162272.5040784
2026-08-28 21:00:00+00:00,1787950800000,895.9,896.3,894.9,895.305,2964.68291,2654980.048473
2026-08-28 22:00:00+00:00,1787954400000,895.305,895.798,894.306,895.45,2655.2356749999994,2376364.50328534
2026-08-28 23:00:00+00:00,1787958000000,895.45,896.1,894.996,894.996,2947.5183290000004,2639781.79360526
2026-08-29 00:00:00+00:00,1787961600000,895.104,895.464,895.104,895.464,0.0,0.0
2026-08-29 06:00:00+00:00,1787983200000,894.51,895.32,894.31,894.43,4.9771,4451.785123
2026-08-29 09:00:00+00:00,1787994000000,894.15,894.15,893.22,893.22,0.714,638.013406
2026-08-29 16:00:00+00:00,1788019200000,893.72,893.72,892.68,892.68,0.8957,799.789578
2026-08-29 19:00:00+00:00,1788030000000,893.01,894.49,893.01,894.49,1.8392,1643.786249
2026-08-29 22:00:00+00:00,1788040800000,894.07,894.07,894.07,894.07,0.1948,174.164836
2026-08-29 23:00:00+00:00,1788044400000,893.99,893.99,893.73,893.73,0.8368,747.987089
2026-08-30 00:00:00+00:00,1788048000000,893.46,893.46,893.45,893.45,0.6789,606.565454
2026-08-30 01:00:00+00:00,1788051600000,893.67,894.14,893.67,893.78,0.9433,843.168269
2026-08-30 02:00:00+00:00,1788055200000,893.96,894.84,893.96,894.84,1.1502,1028.729076
2026-08-30 05:00:00+00:00,1788066000000,894.2,894.2,893.92,893.92,0.1309,117.03666
2026-08-30 08:00:00+00:00,1788076800000,893.92,893.92,893.56,893.56,0.4661,416.542646
2026-08-30 16:00:00+00:00,1788105600000,893.95,893.95,893.95,893.95,0.0671,59.984045
2026-08-30 23:00:00+00:00,1788130800000,893.48,893.48,892.32,892.48,3.237,2891.649294
2026-08-31 00:00:00+00:00,1788134400000,886.06,887.67,874.66,879.93,4732.0,4170019.46
2026-08-31 01:00:00+00:00,1788138000000,879.01,879.01,874.88,877.82,1616.0,1417436.84
2026-08-31 02:00:00+00:00,1788141600000,877.72,881.36,874.6,879.11,1678.0,1473120.49
2026-08-31 03:00:00+00:00,1788145200000,879.11,880.97,878.52,880.04,881.0,775216.87
2026-08-31 04:00:00+00:00,1788148800000,879.61,887.8,877.99,887.5,1887.0,1666259.09
2026-08-31 05:00:00+00:00,1788152400000,887.22,893.68,886.46,890.42,1698.0,1511387.5
2026-08-31 06:00:00+00:00,1788156000000,891.65,899.79,889.0,899.34,7474.0,6681073.54
2026-08-31 07:00:00+00:00,1788159600000,899.23,899.9,895.644,898.62,1975.0,1775101.66
2026-08-31 08:00:00+00:00,1788163200000,904.99,904.99,895.837,902.52,25399.193164,22868867.12285804
2026-08-31 09:00:00+00:00,1788166800000,900.45,900.45,894.49,894.49,3343.892727,3004807.2913542
2026-08-31 10:00:00+00:00,1788170400000,894.49,895.75,891.0,895.75,6337.168013999999,5658764.03863248
2026-08-31 11:00:00+00:00,1788174000000,895.75,898.747,891.855,896.5,8699.248727000002,7793891.81423493
2026-08-31 12:00:00+00:00,1788177600000,896.99,898.0,887.53,896.99,9434.736939,8443426.29839819
2026-08-31 13:00:00+00:00,1788181200000,889.0,912.018,886.835,904.516,589882.641279,530246603.9057372
2026-08-31 14:00:00+00:00,1788184800000,904.13,909.41,894.028,898.6,493583.06767800014,445214937.90226895
2026-08-31 15:00:00+00:00,1788188400000,899.53,909.43,898.028,906.105,373794.576816,337751509.50543255
2026-08-31 16:00:00+00:00,1788192000000,907.0,907.238,901.92,905.0,255867.411689,231640324.35907415
2026-08-31 17:00:00+00:00,1788195600000,905.17,910.53,904.33,907.37,301350.7271840001,273311578.9082376
2026-08-31 18:00:00+00:00,1788199200000,908.68,910.326,901.131,902.71,188823.291042,171142822.18528232
2026-08-31 19:00:00+00:00,1788202800000,902.611,918.275,901.23,914.45,656406.217149,595940034.6268077
2026-08-31 20:00:00+00:00,1788206400000,912.55,916.212,912.4,912.55,637217.72464,582675137.2212117
2026-08-31 21:00:00+00:00,1788210000000,913.57,914.875,912.32,914.29,3844.04473,3511648.26017453
2026-08-31 22:00:00+00:00,1788213600000,914.05,914.525,912.771,914.5,1093.269275,999762.9378516
2026-08-31 23:00:00+00:00,1788217200000,914.5,914.622,912.35,914.025,2071.09188,1892517.57459508
2026-09-01 00:00:00+00:00,1788220800000,913.44,915.15,910.97,912.94,1557.0,1420986.11
2026-09-01 01:00:00+00:00,1788224400000,914.38,916.0,912.67,912.67,1100.0,1005774.91
2026-09-01 02:00:00+00:00,1788228000000,913.01,913.13,907.23,912.0,1558.0,1420214.1
2026-09-01 03:00:00+00:00,1788231600000,911.74,912.71,908.94,912.44,197.0,179381.11
2026-09-01 04:00:00+00:00,1788235200000,913.01,915.05,912.1,912.1,1013.0,925394.65
2026-09-01 05:00:00+00:00,1788238800000,912.05,917.56,910.08,917.0,1332.0,1216784.02
2026-09-01 06:00:00+00:00,1788242400000,917.52,920.62,914.99,920.01,3017.0,2771703.66
2026-09-01 07:00:00+00:00,1788246000000,919.56,924.99,918.16,918.6,3002.0,2766517.84
2026-09-01 08:00:00+00:00,1788249600000,903.05,920.0,901.645,903.05,24025.921967,21978060.49518177
2026-09-01 09:00:00+00:00,1788253200000,905.0,905.0,898.03,902.555,4779.653813,4303533.37807182
2026-09-01 10:00:00+00:00,1788256800000,902.555,903.3,900.0,900.0,4063.344715,3663065.84612876
2026-09-01 11:00:00+00:00,1788260400000,899.55,904.977,896.95,899.54,15576.620367999994,13998065.4103004
2026-09-01 12:00:00+00:00,1788264000000,894.01,900.5,892.61,893.99,17170.783024999997,15361439.23699346
2026-09-01 13:00:00+00:00,1788267600000,901.49,908.09,863.03,863.8,745618.0483599999,655647748.3074212
2026-09-01 14:00:00+00:00,1788271200000,863.209,870.922,854.16,868.762,962215.174494,830357458.4471412
2026-09-01 15:00:00+00:00,1788274800000,870.01,875.75,865.78,868.625,455953.1159509999,396325163.282834
2026-09-01 16:00:00+00:00,1788278400000,867.795,870.95,856.891,861.895,425599.992645,367525341.48861617
2026-09-01 17:00:00+00:00,1788282000000,861.899,869.334,859.23,865.441,393091.414165,339731126.4765294
2026-09-01 18:00:00+00:00,1788285600000,865.44,872.554,860.0,866.695,341692.01301799994,295868448.8745846
2026-09-01 19:00:00+00:00,1788289200000,866.79,873.26,866.21,868.46,483946.53156200016,420627596.50291914
2026-09-01 20:00:00+00:00,1788292800000,868.56,870.372,868.56,869.39,314846.42276,273589829.09151334
2026-09-01 21:00:00+00:00,1788296400000,868.96,869.634,867.291,868.94,16260.3581,14134088.6334116
2026-09-01 22:00:00+00:00,1788300000000,867.99,868.999,866.5,867.99,3285.7403780000004,2850084.06128098
2026-09-01 23:00:00+00:00,1788303600000,868.042,868.42,866.965,867.89,1613.8665259999998,1400690.0896474
2026-09-02 00:00:00+00:00,1788307200000,867.51,871.03,864.77,864.97,2402.0,2084100.25
2026-09-02 01:00:00+00:00,1788310800000,863.74,865.41,857.91,860.23,1832.0,1579332.84
2026-09-02 02:00:00+00:00,1788314400000,860.33,866.05,858.2,862.62,1779.0,1534073.47
2026-09-02 03:00:00+00:00,1788318000000,862.39,863.11,860.0,860.01,981.0,845238.08
2026-09-02 04:00:00+00:00,1788321600000,859.85,860.29,857.51,859.18,429.0,368262.38
2026-09-02 05:00:00+00:00,1788325200000,858.95,864.03,854.99,861.72,2892.0,2484104.14
2026-09-02 06:00:00+00:00,1788328800000,861.6,861.6,855.12,856.27,1975.0,1694459.01
2026-09-02 07:00:00+00:00,1788332400000,856.05,863.5,855.99,858.53,3513.0,3023222.6
2026-09-02 08:00:00+00:00,1788336000000,867.89,867.89,851.83,851.83,21203.802859,18212537.984214246
2026-09-02 09:00:00+00:00,1788339600000,854.29,855.504,845.909,847.69,8500.013330000002,7220832.72394697
2026-09-02 10:00:00+00:00,1788343200000,847.142,854.255,845.495,854.255,6816.284315999999,5794458.5423306
2026-09-02 11:00:00+00:00,1788346800000,854.56,859.997,851.268,856.92,38522.103752,32935689.90125096
2026-09-02 12:00:00+00:00,1788350400000,859.998,872.023,859.005,860.015,36346.387096,31482582.88434716
2026-09-02 13:00:00+00:00,1788354000000,862.21,886.76,858.01,860.15,500887.8673089999,436054444.4281249
2026-09-02 14:00:00+00:00,1788357600000,860.14,873.56,850.99,852.52,514913.38687500014,443914297.0690473
2026-09-02 15:00:00+00:00,1788361200000,852.01,865.0,849.462,861.505,373062.069359,319541838.7646192
2026-09-02 16:00:00+00:00,1788364800000,861.03,862.225,855.0,856.62,188603.118234,162102494.09094065
2026-09-02 17:00:00+00:00,1788368400000,857.9,860.182,856.366,857.49,130254.23960999996,111788226.31472988
2026-09-02 18:00:00+00:00,1788372000000,858.0,864.105,855.91,863.025,175750.685552,151097433.88687876
2026-09-02 19:00:00+00:00,1788375600000,862.45,872.39,859.683,870.425,418697.5028419999,362462073.7562898
2026-09-02 20:00:00+00:00,1788379200000,870.386,870.602,860.224,865.0,374397.812229,325716474.61545575
2026-09-02 21:00:00+00:00,1788382800000,866.94,870.51,864.751,868.09,20175.080786,17497274.59340348
2026-09-02 22:00:00+00:00,1788386400000,870.0,870.69,867.435,870.0,2406.018208,2091207.08640701
2026-09-02 23:00:00+00:00,1788390000000,870.01,870.7,865.626,870.7,3359.168937,2922443.71941752
2026-09-03 00:00:00+00:00,1788393600000,870.58,870.97,863.98,865.19,1019.0,883504.15
2026-09-03 01:00:00+00:00,1788397200000,865.38,870.91,865.2,867.78,310.0,269151.76
2026-09-03 02:00:00+00:00,1788400800000,867.05,869.09,866.99,869.01,212.0,184139.6
2026-09-03 03:00:00+00:00,1788404400000,869.19,873.01,868.56,873.01,779.0,679039.3
2026-09-03 04:00:00+00:00,1788408000000,872.88,874.94,871.06,871.06,1433.0,1251433.44
2026-09-03 05:00:00+00:00,1788411600000,870.42,870.47,860.58,869.29,1718.0,1487884.0
2026-09-03 06:00:00+00:00,1788415200000,868.11,870.19,866.21,867.7,685.0,594883.05
2026-09-03 07:00:00+00:00,1788418800000,868.62,871.11,868.62,868.72,1114.0,969256.84
2026-09-03 08:00:00+00:00,1788422400000,869.226,874.3,866.95,866.95,11519.425201,10011429.162384048
2026-09-03 09:00:00+00:00,1788426000000,866.95,869.495,864.964,864.995,3398.728651,2947830.5257950663
2026-09-03 10:00:00+00:00,1788429600000,864.995,867.255,863.35,865.445,1645.716807,1423942.4882809734
2026-09-03 11:00:00+00:00,1788433200000,865.445,869.906,859.075,862.51,23543.209246,20365997.87291436
2026-09-03 12:00:00+00:00,1788436800000,862.51,877.449,862.51,875.023,28290.353652,24645730.892313056
2026-09-03 13:00:00+00:00,1788440400000,875.017,879.826,832.1,837.366,760302.235334,642758042.0408841
2026-09-03 14:00:00+00:00,1788444000000,837.458,844.174,819.3,844.174,990021.386578,822357811.1132855
2026-09-03 15:00:00+00:00,1788447600000,844.262,859.5,843.953,853.316,661066.265027,563383567.3835332
2026-09-03 16:00:00+00:00,1788451200000,853.35,857.99,846.84,854.423,369427.954119,314813180.45034754
2026-09-03 17:00:00+00:00,1788454800000,854.418,854.495,846.81,847.596,274695.88765,233668475.22425917
2026-09-03 18:00:00+00:00,1788458400000,847.595,850.105,844.592,847.76,318864.503436,270085245.76374155
2026-09-03 19:00:00+00:00,1788462000000,847.759,848.53,842.42,846.93,570944.256267,483224459.19443953
2026-09-03 20:00:00+00:00,1788465600000,847.288,848.698,845.307,846.65,256592.444958,217403162.5391632
2026-09-03 21:00:00+00:00,1788469200000,846.65,847.5,846.395,847.0,19985.52439,16923564.85568765
2026-09-03 22:00:00+00:00,1788472800000,847.0,847.871,846.3,847.275,3180.634477,2695022.065564915
2026-09-03 23:00:00+00:00,1788476400000,847.275,847.725,846.585,847.15,2907.621874,2463387.2870965
2026-09-04 00:00:00+00:00,1788480000000,847.15,852.45,847.06,851.51,1384.0,1176760.71
2026-09-04 01:00:00+00:00,1788483600000,852.01,852.64,849.17,850.82,1405.0,1195489.74
2026-09-04 02:00:00+00:00,1788487200000,851.55,853.01,850.26,853.01,2044.0,1741024.33
2026-09-04 03:00:00+00:00,1788490800000,853.21,854.15,852.79,853.32,1164.0,993368.84
2026-09-04 04:00:00+00:00,1788494400000,853.62,857.26,852.51,857.26,3993.0,3416606.21
2026-09-04 05:00:00+00:00,1788498000000,857.03,862.58,856.21,858.11,4029.0,3458845.69
2026-09-04 06:00:00+00:00,1788501600000,858.07,858.41,853.0,853.67,2140.0,1829912.98
2026-09-04 07:00:00+00:00,1788505200000,853.47,861.15,853.47,860.66,2049.0,1759196.95
2026-09-04 08:00:00+00:00,1788508800000,847.15,866.5,847.15,863.991,32693.097066,28098699.96843797
2026-09-04 09:00:00+00:00,1788512400000,863.784,866.077,862.001,865.495,4794.002147,4139046.015284925
2026-09-04 10:00:00+00:00,1788516000000,865.495,867.12,863.995,866.644,10436.473297,9037658.61539626
2026-09-04 11:00:00+00:00,1788519600000,866.645,869.888,863.549,868.008,58059.716756,50392606.13948828
2026-09-04 12:00:00+00:00,1788523200000,868.007,868.249,852.01,858.0,64385.422117,55268208.498480976
2026-09-04 13:00:00+00:00,1788526800000,858.0,877.65,841.04,867.885,1008574.841499,870074328.812998
2026-09-04 14:00:00+00:00,1788530400000,868.77,877.37,858.0,866.4646,920060.608917,798137996.4407951
2026-09-04 15:00:00+00:00,1788534000000,866.485,876.41,861.89,870.865,532464.0576,462690695.4173224
2026-09-04 16:00:00+00:00,1788537600000,871.078,885.83,870.119,883.82,650402.185902,571096604.8422424
2026-09-04 17:00:00+00:00,1788541200000,883.37,885.6,876.18,876.94,415750.104219,366279014.02882385
2026-09-04 18:00:00+00:00,1788544800000,876.95,877.53,871.99,873.44,266941.475071,233441421.25542393
2026-09-04 19:00:00+00:00,1788548400000,872.96,881.88,871.5001,881.255,504832.961352,442866249.3950572
2026-09-04 20:00:00+00:00,1788552000000,880.0,881.27,876.06,879.74,235646.234551,207545917.30676693
2026-09-04 21:00:00+00:00,1788555600000,879.99,880.99,879.27,880.0,5957.912,5243037.2983456
2026-09-04 22:00:00+00:00,1788559200000,879.99,881.0,879.3,880.1,3970.586626,3493484.5757848984
2026-09-04 23:00:00+00:00,1788562800000,879.5375,881.0,879.5,879.9,4465.474292,3930406.3638860406
2026-09-05 00:00:00+00:00,1788566400000,879.67,879.9,879.67,879.9,1.857,1633.877037
2026-09-05 02:00:00+00:00,1788573600000,879.9,879.9,879.9,879.9,0.1873,164.80527
2026-09-05 05:00:00+00:00,1788584400000,880.0,880.0,880.0,880.0,0.1186,104.368
2026-09-05 07:00:00+00:00,1788591600000,879.9,879.9,879.9,879.9,0.1186,104.35614
2026-09-05 08:00:00+00:00,1788595200000,879.9,879.9,879.9,879.9,0.2359,207.56841
2026-09-05 11:00:00+00:00,1788606000000,880.13,880.13,879.9,879.9,0.7182,631.952
2026-09-05 12:00:00+00:00,1788609600000,879.9,879.9,879.9,879.9,0.0854,75.14346
2026-09-05 13:00:00+00:00,1788613200000,879.9,879.9,879.9,879.9,0.5585,491.42415
2026-09-05 14:00:00+00:00,1788616800000,879.9,879.9,879.42,879.42,25.3776,22318.15128
2026-09-06 03:00:00+00:00,1788663600000,879.8,879.8,879.8,879.8,3.0,2639.4
2026-09-06 04:00:00+00:00,1788667200000,879.8,879.8,879.8,879.8,1.2313,1083.29774
2026-09-06 05:00:00+00:00,1788670800000,879.8,879.8,879.8,879.8,8.0302,7064.96996
2026-09-06 06:00:00+00:00,1788674400000,879.8,879.8,879.68,879.68,11.2043,9857.5417
2026-09-06 08:00:00+00:00,1788681600000,879.68,879.68,879.68,879.68,0.2533,222.822944
2026-09-06 09:00:00+00:00,1788685200000,879.68,879.68,879.68,879.68,0.0294,25.862592
2026-09-06 10:00:00+00:00,1788688800000,879.68,880.13,879.68,880.13,4.0639,3575.405033
2026-09-06 12:00:00+00:00,1788696000000,879.68,880.13,879.68,879.68,16.0739,14141.089231
2026-09-06 13:00:00+00:00,1788699600000,879.68,879.77,879.68,879.77,0.0806,70.905322
2026-09-06 15:00:00+00:00,1788706800000,879.58,879.58,879.58,879.58,0.18,158.3244
2026-09-06 16:00:00+00:00,1788710400000,879.68,879.77,879.16,879.16,1.4888,1309.473117
2026-09-06 17:00:00+00:00,1788714000000,879.3,879.3,879.3,879.3,0.0615,54.07695
2026-09-06 18:00:00+00:00,1788717600000,879.3,879.85,879.3,879.68,4.2968,3779.709263
2026-09-06 19:00:00+00:00,1788721200000,879.59,879.77,879.59,879.59,1.1744,1033.027207
2026-09-06 20:00:00+00:00,1788724800000,879.59,879.85,879.59,879.59,7.1677,6304.954169
2026-09-06 21:00:00+00:00,1788728400000,879.59,879.59,879.22,879.57,0.5943,522.638
2026-09-06 22:00:00+00:00,1788732000000,879.57,879.85,879.22,879.22,2.7279,2399.339931
2026-09-06 23:00:00+00:00,1788735600000,879.22,879.22,877.44,877.86,1.9453,1708.788714
2026-09-07 00:00:00+00:00,1788739200000,878.05,879.93,876.94,877.3,33.8582,29777.026568
2026-09-07 01:00:00+00:00,1788742800000,877.12,880.14,876.72,878.89,74.4777,65499.294781
2026-09-07 02:00:00+00:00,1788746400000,878.89,879.99,878.08,879.02,55.6175,48883.548802
2026-09-07 03:00:00+00:00,1788750000000,879.02,879.93,878.69,879.68,12.9657,11404.028821
2026-09-07 04:00:00+00:00,1788753600000,879.68,879.97,879.59,879.97,82.0729,72206.816985
2026-09-07 05:00:00+00:00,1788757200000,879.77,880.24,879.68,880.24,294.3686,259035.220129
2026-09-07 06:00:00+00:00,1788760800000,879.77,880.52,879.77,880.52,203.0215,178714.498068
2026-09-07 07:00:00+00:00,1788764400000,880.52,880.69,880.52,880.69,79.645,70134.233743
2026-09-07 09:00:00+00:00,1788771600000,879.52,887.14,879.33,886.98,114.1913,100638.199238
2026-09-07 10:00:00+00:00,1788775200000,886.98,888.63,886.98,888.38,1.5742,1397.209979
2026-09-07 11:00:00+00:00,1788778800000,888.22,888.22,886.67,886.67,1.568,1391.599011
2026-09-07 12:00:00+00:00,1788782400000,886.52,886.52,885.86,885.86,1.3804,1223.317726
2026-09-07 14:00:00+00:00,1788789600000,886.2,889.83,886.2,889.63,52.0934,46323.93406
2026-09-07 15:00:00+00:00,1788793200000,889.66,889.66,888.52,888.52,40.2951,35813.674059
2026-09-07 16:00:00+00:00,1788796800000,889.55,889.55,889.55,889.55,0.169,150.33395
2026-09-07 17:00:00+00:00,1788800400000,889.67,891.07,889.67,890.41,5.8082,5170.709154
2026-09-07 18:00:00+00:00,1788804000000,891.17,892.46,891.17,892.46,20.5555,18337.950065
2026-09-07 22:00:00+00:00,1788818400000,892.02,892.02,890.13,890.13,21.6167,19270.394546
2026-09-07 23:00:00+00:00,1788822000000,890.13,890.83,889.12,890.83,5.9183,5265.680718
2026-09-08 00:00:00+00:00,1788825600000,886.84,905.99,885.59,903.99,12402.6644,11172959.985715
2026-09-08 01:00:00+00:00,1788829200000,903.51,907.44,896.9,905.0,5915.0,5342855.35
2026-09-08 02:00:00+00:00,1788832800000,904.67,906.5,901.94,905.76,4458.0,4033849.38
2026-09-08 03:00:00+00:00,1788836400000,905.55,912.0,905.55,912.0,7694.0,6999009.03
2026-09-08 04:00:00+00:00,1788840000000,911.58,912.21,908.77,910.1,2343.0,2133751.82
2026-09-08 05:00:00+00:00,1788843600000,909.27,910.5,899.49,899.51,8806.0,7972421.62
2026-09-08 06:00:00+00:00,1788847200000,899.46,903.16,889.5,896.0,6986.0,6260430.43
2026-09-08 07:00:00+00:00,1788850800000,896.0,900.85,891.24,892.4,3215.0,2883787.03
2026-09-08 08:00:00+00:00,1788854400000,892.14,912.8,875.5,878.06,65432.928824,58185772.34185053
2026-09-08 09:00:00+00:00,1788858000000,878.3,888.06,876.66,882.19,15843.856975,13971322.58712084
2026-09-08 10:00:00+00:00,1788861600000,882.5,888.6812,878.0,887.0,13417.465452,11847061.398955276
2026-09-08 11:00:00+00:00,1788865200000,887.34,888.5,878.5178,883.88,18567.883148,16385334.00814124
2026-09-08 12:00:00+00:00,1788868800000,883.61,886.05,877.0275,883.7,32418.954198,28614184.947558783
2026-09-08 13:00:00+00:00,1788872400000,885.24,933.2347,875.75,922.88,1101489.437176,1002323110.63748
2026-09-08 14:00:00+00:00,1788876000000,922.0604,977.76,920.41,972.295,1932396.360711,1846990755.0099669
2026-09-08 15:00:00+00:00,1788879600000,972.59,993.98,968.01,987.45,1316993.893104,1294829497.967077
2026-09-08 16:00:00+00:00,1788883200000,987.07,996.0,979.0,992.205,987740.47644,975263083.9955084
2026-09-08 17:00:00+00:00,1788886800000,992.205,998.5,982.99,985.975,655400.709609,648684078.0317395
2026-09-08 18:00:00+00:00,1788890400000,985.5501,1000.15,983.49,997.44,859566.833608,854610594.8784579
2026-09-08 19:00:00+00:00,1788894000000,998.0,998.2,973.01,978.535,1136911.988662,1116128464.4075024
2026-09-08 20:00:00+00:00,1788897600000,978.535,979.0,975.01,977.2844,325912.01225499995,318886597.4316737
2026-09-08 21:00:00+00:00,1788901200000,977.66,978.5,977.1,977.8,12968.941633,12685416.439045992
2026-09-08 22:00:00+00:00,1788904800000,977.15,978.0,976.15,977.99,11235.763236,10980931.338129537
2026-09-08 23:00:00+00:00,1788908400000,977.99,978.9367,973.78,975.5588,13408.216379,13086345.804148896
2026-09-09 00:00:00+00:00,1788912000000,975.05,981.79,973.96,978.53,2320.0,2268039.17
2026-09-09 01:00:00+00:00,1788915600000,978.64,984.7,978.49,981.04,2866.0,2815114.17
2026-09-09 02:00:00+00:00,1788919200000,982.84,989.91,982.17,986.5,3003.0,2958357.13
2026-09-09 03:00:00+00:00,1788922800000,985.52,985.52,978.11,978.11,2081.0,2044604.83
2026-09-09 04:00:00+00:00,1788926400000,978.08,984.3,976.97,984.05,1554.0,1522822.58
2026-09-09 05:00:00+00:00,1788930000000,983.62,983.63,977.75,981.7,1039.0,1017789.41
2026-09-09 06:00:00+00:00,1788933600000,982.85,984.0,980.96,982.83,1165.0,1145091.47
2026-09-09 07:00:00+00:00,1788937200000,982.86,985.73,980.12,981.7,1820.0,1789300.04
2026-09-09 08:00:00+00:00,1788940800000,977.0222,986.0,976.92,984.0,14453.722316,14184355.525391854
2026-09-09 09:00:00+00:00,1788944400000,984.0,984.0,962.0,963.44,15109.012491,14697216.569629516
2026-09-09 10:00:00+00:00,1788948000000,963.25,972.0,962.0,965.68,16692.418791,16144156.690341871
2026-09-09 11:00:00+00:00,1788951600000,965.97,973.3,962.0,967.75,32296.682176,31216135.019195873
2026-09-09 12:00:00+00:00,1788955200000,968.0,974.9,963.01,971.7,24565.142348,23799696.95395963
2026-09-09 13:00:00+00:00,1788958800000,971.82,1020.2,970.17,1012.08,862116.613926,860837955.8161123
2026-09-09 14:00:00+00:00,1788962400000,1010.4297,1020.2,997.0,1018.2887,842701.254463,849939378.6097531
2026-09-09 15:00:00+00:00,1788966000000,1019.83,1026.76,1005.41,1012.1699,863548.689282,876606401.9819107
2026-09-09 16:00:00+00:00,1788969600000,1010.46,1018.9,1010.4201,1018.41,446584.289038,453304767.8507337
2026-09-09 17:00:00+00:00,1788973200000,1018.255,1018.93,1005.6797,1007.02,325664.972549,328949385.4010616
2026-09-09 18:00:00+00:00,1788976800000,1006.85,1007.39,999.08,1000.5001,431532.561385,433160030.27142984
2026-09-09 19:00:00+00:00,1788980400000,1001.27,1008.82,988.0,988.98,706942.156704,705790917.2671397
2026-09-09 20:00:00+00:00,1788984000000,988.98,991.655,983.55,988.65,610967.720555,602928716.7105353
2026-09-09 21:00:00+00:00,1788987600000,988.76,988.8,986.11,987.38,9926.983502,9809241.317612467
2026-09-09 22:00:00+00:00,1788991200000,987.6602,987.7,980.01,981.0,10585.171533,10419214.812051753
2026-09-09 23:00:00+00:00,1788994800000,981.01,985.91,980.4347,984.0,4583.320756,4506164.15216055
2026-09-10 00:00:00+00:00,1788998400000,985.32,986.66,974.01,975.0,2613.0,2565030.68
2026-09-10 01:00:00+00:00,1789002000000,974.51,978.11,971.11,978.11,4709.0,4587840.55
2026-09-10 02:00:00+00:00,1789005600000,978.0,987.12,977.3,987.12,3526.0,3458424.64
2026-09-10 03:00:00+00:00,1789009200000,987.12,988.7,984.46,985.41,4465.0,4403557.47
2026-09-10 04:00:00+00:00,1789012800000,985.15,986.19,984.0,986.19,1278.0,1258881.0
2026-09-10 05:00:00+00:00,1789016400000,986.88,994.6,985.0,988.57,2672.0,2644148.03
2026-09-10 06:00:00+00:00,1789020000000,988.8,989.56,983.56,988.9,2050.0,2021325.85
2026-09-10 07:00:00+00:00,1789023600000,988.9,988.9,981.54,982.6,1541.0,1517587.33
2026-09-10 08:00:00+00:00,1789027200000,985.39,993.99,977.1,981.93,19229.336666,18969726.08404384
2026-09-10 09:00:00+00:00,1789030800000,980.0,983.8627,975.01,978.0,6075.989645,5953114.585325183
2026-09-10 10:00:00+00:00,1789034400000,979.0,980.0,976.8,978.92,5202.313066,5093186.605876056
2026-09-10 11:00:00+00:00,1789038000000,980.0,982.8,966.7825,968.5,29924.293017,29135895.74460564
2026-09-10 12:00:00+00:00,1789041600000,968.87,976.0,956.01,958.0,90116.369994,86749041.57038935
2026-09-10 13:00:00+00:00,1789045200000,959.535,994.5,951.14,973.17,791596.836459,769296051.8439697
2026-09-10 14:00:00+00:00,1789048800000,974.0,986.92,966.01,973.365,631112.787064,616177967.2218833
2026-09-10 15:00:00+00:00,1789052400000,973.01,973.5976,956.6,959.43,425090.768906,409028387.26092696
2026-09-10 16:00:00+00:00,1789056000000,959.18,959.4899,936.63,944.02,642802.067872,607525494.9781195
2026-09-10 17:00:00+00:00,1789059600000,944.405,947.79,935.4757,938.3531,328958.038064,309773364.5068212
2026-09-10 18:00:00+00:00,1789063200000,939.021,947.23,937.0101,941.4134,298421.319391,280852531.1319137
2026-09-10 19:00:00+00:00,1789066800000,941.665,947.97,933.82,935.7,538299.132099,505212679.51507473
2026-09-10 20:00:00+00:00,1789070400000,935.54,938.55,933.1901,936.1,524864.941035,490943408.98580974
2026-09-10 21:00:00+00:00,1789074000000,938.0,938.55,935.0,938.16,7236.485847,6781890.393251968
2026-09-10 22:00:00+00:00,1789077600000,937.85,939.15,935.0,935.0,5469.339533,5121415.821927809
2026-09-10 23:00:00+00:00,1789081200000,935.98,936.94,931.0,932.0,8147.21086,7606936.287815251
2026-09-11 00:00:00+00:00,1789084800000,931.75,941.0,931.75,940.0,2316.0,2171221.48
2026-09-11 01:00:00+00:00,1789088400000,940.14,941.6,936.25,936.4,1763.0,1656040.43
2026-09-11 02:00:00+00:00,1789092000000,938.77,939.43,933.79,935.73,1676.0,1568142.83
2026-09-11 03:00:00+00:00,1789095600000,935.0,935.98,931.07,933.58,1849.0,1725178.45
2026-09-11 04:00:00+00:00,1789099200000,932.61,941.52,932.0,939.6,1646.0,1543797.96
2026-09-11 05:00:00+00:00,1789102800000,939.31,950.8,939.02,949.31,3913.0,3699538.88
2026-09-11 06:00:00+00:00,1789106400000,950.0,950.92,945.0,946.0,3552.0,3365489.43
2026-09-11 07:00:00+00:00,1789110000000,945.92,949.0,944.01,945.81,2770.0,2622175.54
2026-09-11 08:00:00+00:00,1789113600000,948.0847,954.99,931.65,953.28,28693.240727999997,27157221.927529834
2026-09-11 09:00:00+00:00,1789117200000,952.6,954.99,948.41,951.08,9021.040414,8584143.171198074
2026-09-11 10:00:00+00:00,1789120800000,950.02,952.0,948.0,948.2925,6410.016521,6090663.35635903
2026-09-11 11:00:00+00:00,1789124400000,948.75,953.0,945.01,948.33,18959.053992,17985775.415741123
2026-09-11 12:00:00+00:00,1789128000000,948.37,960.0,937.01,958.8,70742.253592,67422359.48154683
2026-09-11 13:00:00+00:00,1789131600000,957.0602,973.5,931.86,936.07,901764.3574300002,860379106.9005264
2026-09-11 14:00:00+00:00,1789135200000,935.6,946.67,914.82,937.63,733167.052092,684257018.8547292
2026-09-11 15:00:00+00:00,1789138800000,938.17,943.9999,927.5,939.495,376871.399702,353360090.02065146
2026-09-11 16:00:00+00:00,1789142400000,939.26,940.98,923.825,928.14,302692.066722,281298918.40488803
2026-09-11 17:00:00+00:00,1789146000000,928.47,937.6531,925.46,935.59,238664.155144,222250173.391384
2026-09-11 18:00:00+00:00,1789149600000,935.24,937.49,926.6926,929.51,236926.445016,220586180.3811331
2026-09-11 19:00:00+00:00,1789153200000,929.63,935.77,925.7001,927.03,557997.748071,519002228.0732386
2026-09-11 20:00:00+00:00,1789156800000,926.62,928.86,926.0,927.5,207975.157357,192651496.89543948
2026-09-11 21:00:00+00:00,1789160400000,927.674,929.0,927.0,927.62,2339.21,2170926.97748
2026-09-11 22:00:00+00:00,1789164000000,928.0,928.3485,926.5,926.64,2142.045072,1986732.8651290317
2026-09-11 23:00:00+00:00,1789167600000,927.02,927.98,926.8561,927.55,3243.966,3007920.4787
2026-09-12 00:00:00+00:00,1789171200000,927.7,933.36,927.7,933.28,23.1556,21552.800659
2026-09-12 01:00:00+00:00,1789174800000,933.11,933.61,933.11,933.61,5.3739,5015.91029
2026-09-12 02:00:00+00:00,1789178400000,933.09,933.09,933.01,933.01,0.3225,300.917405
2026-09-12 06:00:00+00:00,1789192800000,933.01,933.01,932.96,932.96,1.4928,1392.789228
2026-09-12 07:00:00+00:00,1789196400000,933.6,933.6,933.6,933.6,0.1607,150.02952
2026-09-12 12:00:00+00:00,1789214400000,933.67,933.74,933.58,933.58,0.2999,279.997442
2026-09-12 13:00:00+00:00,1789218000000,933.44,933.44,933.35,933.35,0.3206,299.249722
2026-09-12 16:00:00+00:00,1789228800000,933.56,934.23,933.49,934.16,3.6457,3404.43099
2026-09-12 17:00:00+00:00,1789232400000,934.16,934.34,933.84,933.84,0.5875,548.66272
2026-09-12 19:00:00+00:00,1789239600000,933.84,933.84,932.82,932.92,8.472,7906.25744
2026-09-12 20:00:00+00:00,1789243200000,933.17,933.18,930.76,930.76,11.1259,10370.707685
2026-09-13 00:00:00+00:00,1789257600000,930.76,930.76,930.02,930.02,0.9355,870.122806
2026-09-13 01:00:00+00:00,1789261200000,930.02,930.02,929.21,929.21,3.2748,3044.675806
2026-09-13 02:00:00+00:00,1789264800000,929.21,929.21,927.33,927.33,2.4376,2260.81192
2026-09-13 04:00:00+00:00,1789272000000,927.33,928.59,927.33,928.3,6.305,5850.978781
2026-09-13 05:00:00+00:00,1789275600000,928.3,928.3,924.61,924.61,9.1578,8477.36394
2026-09-13 06:00:00+00:00,1789279200000,924.52,924.52,915.35,915.35,27.9494,25694.142091
2026-09-13 07:00:00+00:00,1789282800000,915.43,915.43,914.63,914.63,3.8921,3561.025905
2026-09-13 08:00:00+00:00,1789286400000,914.53,914.53,902.56,902.56,50.4339,45804.803021
2026-09-13 09:00:00+00:00,1789290000000,902.83,904.32,901.71,901.99,18.3112,16535.063306
2026-09-13 10:00:00+00:00,1789293600000,901.65,901.65,899.29,899.65,12.8001,11528.141638
2026-09-13 11:00:00+00:00,1789297200000,899.65,899.65,898.99,898.99,4.0664,3656.762193
2026-09-13 12:00:00+00:00,1789300800000,898.79,898.79,898.46,898.46,1.8818,1691.019202
2026-09-13 13:00:00+00:00,1789304400000,899.27,902.61,898.4,902.61,28.3202,25493.574716
2026-09-13 14:00:00+00:00,1789308000000,902.61,902.61,902.61,902.61,0.0132,11.914452
2026-09-13 15:00:00+00:00,1789311600000,902.18,902.18,902.17,902.17,0.3332,300.604706
2026-09-13 16:00:00+00:00,1789315200000,902.61,908.67,902.61,906.31,50.5496,45814.975608
2026-09-13 17:00:00+00:00,1789318800000,906.39,906.48,906.39,906.48,0.4342,393.571953
2026-09-13 18:00:00+00:00,1789322400000,907.12,908.02,907.05,907.77,6.3497,5761.835439
2026-09-13 19:00:00+00:00,1789326000000,907.77,907.77,905.49,905.49,11.0778,10046.676154
2026-09-13 20:00:00+00:00,1789329600000,906.28,907.15,906.28,907.15,4.2847,3884.463048
2026-09-13 21:00:00+00:00,1789333200000,907.15,907.55,907.06,907.54,3.7917,3439.958738
2026-09-13 22:00:00+00:00,1789336800000,907.4,907.4,895.14,895.14,81.2468,73288.375144
2026-09-13 23:00:00+00:00,1789340400000,895.59,895.59,889.24,889.24,35.5054,31672.864928
2026-09-14 00:00:00+00:00,1789344000000,903.33,904.0,892.09,894.86,8683.0,7792844.54
2026-09-14 01:00:00+00:00,1789347600000,894.56,900.53,888.34,900.0,6505.0,5814920.68
2026-09-14 02:00:00+00:00,1789351200000,900.05,901.6,897.76,898.0,2987.0,2689539.56
2026-09-14 03:00:00+00:00,1789354800000,897.73,898.43,892.0,894.0,1771.0,1584604.39
2026-09-14 04:00:00+00:00,1789358400000,894.0,894.0,890.0,891.0,1602.0,1428187.08
2026-09-14 05:00:00+00:00,1789362000000,891.72,892.0,885.43,887.0,2915.0,2589778.05
2026-09-14 06:00:00+00:00,1789365600000,886.76,888.98,883.0,883.98,3727.0,3302524.1
2026-09-14 07:00:00+00:00,1789369200000,883.99,884.93,876.02,878.31,5960.0,5245226.45
2026-09-14 08:00:00+00:00,1789372800000,883.98,894.0,867.62,875.0,47966.047673,42102298.73387963
2026-09-14 09:00:00+00:00,1789376400000,874.21,874.67,865.0,871.0,20598.251626,17898857.043879174
2026-09-14 10:00:00+00:00,1789380000000,873.06,873.26,866.6,869.87,17163.383296,14939646.68096697
2026-09-14 11:00:00+00:00,1789383600000,869.79,869.87,859.0,861.03,69835.893151,60284479.631961994
2026-09-14 12:00:00+00:00,1789387200000,861.45,865.5,854.66,857.12,50339.257667,43254354.18985743
2026-09-14 13:00:00+00:00,1789390800000,857.1,878.99,842.0306,858.49,1104561.185831,946879884.2294127
2026-09-14 14:00:00+00:00,1789394400000,857.625,867.182,840.0,843.1601,1074532.954318,917660770.1072881
2026-09-14 15:00:00+00:00,1789398000000,843.845,853.98,837.15,844.99,687421.784447,580791596.2222173
2026-09-14 16:00:00+00:00,1789401600000,844.99,846.079,835.18,838.685,557866.460888,468976762.5754852
2026-09-14 17:00:00+00:00,1789405200000,838.42,848.5,838.42,845.84,337414.974053,284860024.25332975
2026-09-14 18:00:00+00:00,1789408800000,846.21,848.9999,841.2,842.0301,330370.393903,279382825.7065357
2026-09-14 19:00:00+00:00,1789412400000,842.782,844.8,833.71,835.03,821932.727551,687613093.5485969
2026-09-14 20:00:00+00:00,1789416000000,835.44,839.95,834.9,839.55,258296.73186,215776828.20474756
2026-09-14 21:00:00+00:00,1789419600000,839.4891,843.0,839.0,841.41,10794.046027,9067408.35663856
2026-09-14 22:00:00+00:00,1789423200000,841.47,841.75,840.2101,841.51,6076.747902,5111599.0873647
2026-09-14 23:00:00+00:00,1789426800000,841.51,846.47,841.0,846.0741,9571.471619,8087387.590747539
2026-09-15 00:00:00+00:00,1789430400000,846.39,850.99,842.5,847.49,5184.0,4393702.14
2026-09-15 01:00:00+00:00,1789434000000,847.07,850.0,845.01,847.51,3820.0,3236349.81
2026-09-15 02:00:00+00:00,1789437600000,847.51,854.0,846.92,852.76,5360.0,4564748.11
2026-09-15 03:00:00+00:00,1789441200000,852.5,853.32,847.29,847.29,1958.0,1666109.6
2026-09-15 04:00:00+00:00,1789444800000,847.01,848.12,842.06,842.06,1975.0,1669175.13
2026-09-15 05:00:00+00:00,1789448400000,842.5,845.81,837.5,843.94,3451.0,2901409.48
2026-09-15 06:00:00+00:00,1789452000000,844.72,845.0,840.0,840.97,1543.0,1298451.18
2026-09-15 07:00:00+00:00,1789455600000,840.7,843.36,839.0,839.06,2845.0,2393856.32
2026-09-15 08:00:00+00:00,1789459200000,837.79,848.033,834.3999,837.5,30205.093949,25354313.774135973
2026-09-15 09:00:00+00:00,1789462800000,837.0,848.0937,835.097,844.59,7487.377228,6300578.647406061
2026-09-15 10:00:00+00:00,1789466400000,844.59,851.96,843.1312,850.32,11075.029172,9398359.237410968
2026-09-15 11:00:00+00:00,1789470000000,849.99,854.22,848.0,850.04,31938.401744,27183127.707348417
2026-09-15 12:00:00+00:00,1789473600000,849.9,850.4625,841.5,846.12,34961.664827,29580029.401418705
2026-09-15 13:00:00+00:00,1789477200000,846.91,855.9999,835.5501,850.83,556158.332826,471273039.8533464
2026-09-15 14:00:00+00:00,1789480800000,851.06,855.33,839.0,841.81,560967.89528,475868863.28290105
2026-09-15 15:00:00+00:00,1789484400000,842.27,847.79,838.15,838.26,342233.73891,288437508.488575
2026-09-15 16:00:00+00:00,1789488000000,838.62,844.0,838.015,842.675,306907.454951,257868078.46135625
2026-09-15 17:00:00+00:00,1789491600000,842.625,843.78,837.88,840.21,248581.874154,208956441.04720935
2026-09-15 18:00:00+00:00,1789495200000,840.185,840.561,832.16,834.88,289780.675916,242225633.447904
2026-09-15 19:00:00+00:00,1789498800000,835.05,842.89,834.27,838.96,427754.54032,358923747.96144766
2026-09-15 20:00:00+00:00,1789502400000,838.966,842.5995,834.0,839.5,186225.218971,156239960.07638097
2026-09-15 21:00:00+00:00,1789506000000,840.52,840.52,837.38,838.49,40253.217944,33756831.61981794
2026-09-15 22:00:00+00:00,1789509600000,838.49,840.52,837.38,839.33,3174.083236,2661184.30290936
2026-09-15 23:00:00+00:00,1789513200000,839.3472,840.85,838.0,839.8668,5525.980557,4639457.142347383
2026-09-16 00:00:00+00:00,1789516800000,838.9,842.7,838.67,841.67,1360.0,1144411.83
2026-09-16 01:00:00+00:00,1789520400000,841.15,841.83,836.02,836.02,1166.0,978307.21
2026-09-16 02:00:00+00:00,1789524000000,836.5,847.02,836.5,847.02,3836.0,3233569.85
2026-09-16 03:00:00+00:00,1789527600000,847.7,854.24,847.7,852.56,7177.0,6108295.18
2026-09-16 04:00:00+00:00,1789531200000,852.61,853.98,850.0,850.64,2544.0,2168999.4
2026-09-16 05:00:00+00:00,1789534800000,850.66,854.71,848.33,854.5,2426.0,2067593.02
2026-09-16 06:00:00+00:00,1789538400000,853.86,857.5,853.01,857.04,3724.0,3186306.26
2026-09-16 07:00:00+00:00,1789542000000,856.86,860.0,856.06,857.36,2336.0,2005256.19
2026-09-16 08:00:00+00:00,1789545600000,858.9,860.0,848.33,858.5,27323.464922,23389071.50340216
2026-09-16 09:00:00+00:00,1789549200000,857.49,861.47,856.0,860.0,5626.984401,4832540.290088906
2026-09-16 10:00:00+00:00,1789552800000,859.1,860.8,856.61,858.925,2946.049249,2528579.977147453
2026-09-16 11:00:00+00:00,1789556400000,857.5,868.5,856.0,862.65,53118.314341,45861569.33050882
2026-09-16 12:00:00+00:00,1789560000000,862.95,863.021,855.49,857.79,47819.211211,41045882.7794152
2026-09-16 13:00:00+00:00,1789563600000,858.56,898.0,853.0,882.94,815050.217202,717221551.645266
2026-09-16 14:00:00+00:00,1789567200000,882.945,900.4799,872.5601,899.035,867564.042095,772615614.4626514
2026-09-16 15:00:00+00:00,1789570800000,899.04,914.62,894.38,910.3738,776124.132161,702707533.3837923
2026-09-16 16:00:00+00:00,1789574400000,911.0,913.49,904.19,911.8305,417269.186321,379196622.40450007
2026-09-16 17:00:00+00:00,1789578000000,912.19,923.4,904.4701,923.4,590601.869657,538151995.2064047
2026-09-16 18:00:00+00:00,1789581600000,923.18,937.88,900.1201,905.89,1437200.0,1317258867.2597
2026-09-16 19:00:00+00:00,1789585200000,905.98,922.31,889.77,919.4,1055645.0,957704184.0051
2026-09-16 20:00:00+00:00,1789588800000,919.35,920.71,914.01,917.0859,554582.422107,509159154.822296
2026-09-16 21:00:00+00:00,1789592400000,917.5,919.24,915.3,918.66,8697.55223,7975295.671655664
2026-09-16 22:00:00+00:00,1789596000000,916.72,925.9727,915.3675,924.57,10715.110202,9873671.034820657
2026-09-16 23:00:00+00:00,1789599600000,923.8,929.99,923.1,929.0,13210.234349,12250669.584350929
2026-09-17 00:00:00+00:00,1789603200000,928.91,931.82,920.35,924.08,4138.0,3824889.72
2026-09-17 01:00:00+00:00,1789606800000,923.39,928.93,922.79,922.9,3255.0,3012195.27
2026-09-17 02:00:00+00:00,1789610400000,922.84,925.91,918.56,923.97,4457.0,4114463.17
2026-09-17 03:00:00+00:00,1789614000000,925.0,927.68,924.01,927.68,1762.0,1632024.29
2026-09-17 04:00:00+00:00,1789617600000,927.64,929.73,924.79,929.01,3233.0,2996152.48
2026-09-17 05:00:00+00:00,1789621200000,929.0,929.0,919.89,920.0,3820.0,3523445.22
2026-09-17 06:00:00+00:00,1789624800000,920.0,925.59,919.0,925.59,3222.0,2969921.81
2026-09-17 07:00:00+00:00,1789628400000,925.5,930.47,924.78,928.19,3446.0,3200560.93
2026-09-17 08:00:00+00:00,1789632000000,923.16,938.0,919.0422,935.78,35845.857339,33384496.439415835
2026-09-17 09:00:00+00:00,1789635600000,935.0747,940.0,935.0625,938.71,7836.779462,7335925.94521395
2026-09-17 10:00:00+00:00,1789639200000,939.99,939.99,935.56,936.85,5079.46853,4762177.04144
2026-09-17 11:00:00+00:00,1789642800000,936.67,944.0,935.07,941.34,32690.855094,30692694.38191076
2026-09-17 12:00:00+00:00,1789646400000,941.42,949.0,939.06,946.1195,48952.659372,46253900.39941141
2026-09-17 13:00:00+00:00,1789650000000,946.13,954.0,916.0,921.8,664029.410386,617625888.1030977
2026-09-17 14:00:00+00:00,1789653600000,920.66,922.78,902.0,910.0,972648.374959,885301677.2650868
2026-09-17 15:00:00+00:00,1789657200000,910.195,919.0,906.743,919.0,387140.89579,353147937.73821217
2026-09-17 16:00:00+00:00,1789660800000,918.0414,924.7235,908.0,908.16,486230.019416,446715491.48199
2026-09-17 17:00:00+00:00,1789664400000,907.88,913.8299,900.5,901.3343,386884.508519,351132514.63933814
2026-09-17 18:00:00+00:00,1789668000000,901.08,908.52,895.1681,907.3,442603.20523,399391564.1273478
2026-09-17 19:00:00+00:00,1789671600000,907.3,907.84,886.1,893.61,968768.099673,866643499.975868
2026-09-17 20:00:00+00:00,1789675200000,893.61,898.0,892.5,896.8,540837.203893,483197738.6500541
2026-09-17 21:00:00+00:00,1789678800000,896.5,898.9,896.0,897.6,8030.899941,7202606.2391319685
2026-09-17 22:00:00+00:00,1789682400000,897.3075,898.0,895.0,897.0,6074.254863,5445545.3684942555
2026-09-17 23:00:00+00:00,1789686000000,897.0,898.25,896.0,897.0,4947.024465,4437032.917006521
2026-09-18 00:00:00+00:00,1789689600000,897.0,899.6,893.61,894.01,2701.0,2424620.61
2026-09-18 01:00:00+00:00,1789693200000,894.56,901.0,893.61,894.0,5151.0,4619777.22
2026-09-18 02:00:00+00:00,1789696800000,894.42,900.23,894.42,899.25,2301.0,2064636.01
2026-09-18 03:00:00+00:00,1789700400000,899.26,908.75,899.25,908.01,4573.0,4139306.66
2026-09-18 04:00:00+00:00,1789704000000,908.0,912.48,907.63,911.26,3934.0,3579835.99
2026-09-18 05:00:00+00:00,1789707600000,911.0,913.98,910.52,911.49,4427.0,4037388.28
2026-09-18 06:00:00+00:00,1789711200000,911.5,918.16,911.0,917.69,6528.0,5980815.73
2026-09-18 07:00:00+00:00,1789714800000,917.79,922.0,915.61,916.79,4265.0,3921155.84
2026-09-18 08:00:00+00:00,1789718400000,910.49,922.0,907.57,917.24,49658.147305,45582511.72165429
2026-09-18 09:00:00+00:00,1789722000000,916.83,918.0212,910.9,913.18,7475.09236,6833302.069584191
2026-09-18 10:00:00+00:00,1789725600000,913.1,917.99,912.05,916.897,8417.374647,7702437.145802422
2026-09-18 11:00:00+00:00,1789729200000,915.51,916.0,908.0,912.0,25704.440478,23427720.02070445
2026-09-18 12:00:00+00:00,1789732800000,908.33,911.79,907.0,907.61,18600.044108,16905408.535261855
2026-09-18 13:00:00+00:00,1789736400000,907.5,951.6,907.06,919.74,1126415.385603,1048880985.5552636
2026-09-18 14:00:00+00:00,1789740000000,918.93,919.8828,896.01,901.85,804487.264092,728414129.6852307
2026-09-18 15:00:00+00:00,1789743600000,901.93,912.88,900.8063,911.5,582394.591447,528698952.64678
2026-09-18 16:00:00+00:00,1789747200000,910.83,915.0,905.55,907.79,336096.583031,305870682.84892946
2026-09-18 17:00:00+00:00,1789750800000,907.0857,916.335,906.505,916.23,260827.829315,237998722.4663005
2026-09-18 18:00:00+00:00,1789754400000,915.84,919.79,910.0,917.64,287546.998662,262847422.5680977
2026-09-18 19:00:00+00:00,1789758000000,917.64,942.9999,916.88,930.91,1058957.771584,982606425.387652
2026-09-18 20:00:00+00:00,1789761600000,931.66,933.9,925.0,930.2,4883249.36687,4545985131.238891
2026-09-18 21:00:00+00:00,1789765200000,930.2,931.0125,929.05,929.5,7118.55273,6620814.621627471
2026-09-18 22:00:00+00:00,1789768800000,929.7683,930.79,927.5,928.11,5792.198361,5382907.9674126925
2026-09-18 23:00:00+00:00,1789772400000,928.1,930.8,928.0,930.3873,4857.513978,4514776.0966
2026-09-19 00:00:00+00:00,1789776000000,930.06,930.06,926.64,926.88,21.1968,19684.82015
2026-09-19 01:00:00+00:00,1789779600000,926.83,926.83,922.63,922.63,16.627,15373.255889
2026-09-19 03:00:00+00:00,1789786800000,923.03,923.03,920.94,921.28,10.0552,9271.911004
2026-09-19 04:00:00+00:00,1789790400000,921.13,921.13,919.61,919.76,7.4798,6883.579145
2026-09-19 06:00:00+00:00,1789797600000,919.69,919.84,917.53,917.55,10.023,9208.346002
2026-09-19 07:00:00+00:00,1789801200000,918.21,918.42,918.21,918.42,0.9611,882.573783
2026-09-19 09:00:00+00:00,1789808400000,917.37,917.4,917.37,917.4,0.3264,299.434458
2026-09-19 10:00:00+00:00,1789812000000,918.41,918.41,917.36,917.36,0.4324,396.780599
2026-09-19 11:00:00+00:00,1789815600000,918.41,918.43,918.41,918.43,1.6368,1503.271519
2026-09-19 13:00:00+00:00,1789822800000,918.43,918.97,918.29,918.97,4.1029,3769.345791
2026-09-19 16:00:00+00:00,1789833600000,919.19,921.93,919.19,921.93,36.9792,34064.14305
2026-09-19 20:00:00+00:00,1789848000000,921.33,921.33,921.33,921.33,0.1127,103.833891
2026-09-19 21:00:00+00:00,1789851600000,921.33,921.33,921.33,921.33,0.1627,149.900391
2026-09-20 00:00:00+00:00,1789862400000,921.93,922.25,921.93,922.25,7.3616,6787.599017
2026-09-20 01:00:00+00:00,1789866000000,922.25,922.47,922.25,922.47,7.788,7183.287286
2026-09-20 02:00:00+00:00,1789869600000,922.47,923.22,917.77,917.77,31.0782,28627.019529
2026-09-20 03:00:00+00:00,1789873200000,918.0,918.0,916.42,917.76,10.7541,9861.060191
2026-09-20 04:00:00+00:00,1789876800000,917.76,917.87,917.76,917.87,0.8771,804.98945
2026-09-20 05:00:00+00:00,1789880400000,917.87,920.6,917.87,918.81,17.2917,15897.2093
2026-09-20 07:00:00+00:00,1789887600000,918.75,918.75,918.75,918.75,0.0126,11.57625
2026-09-20 09:00:00+00:00,1789894800000,918.75,918.75,918.75,918.75,0.1632,149.94
2026-09-20 10:00:00+00:00,1789898400000,918.72,918.94,918.72,918.94,0.7144,656.458572
2026-09-20 11:00:00+00:00,1789902000000,918.87,918.87,918.87,918.87,0.0732,67.261284
2026-09-20 12:00:00+00:00,1789905600000,918.69,918.69,918.69,918.69,0.0648,59.531112
2026-09-20 15:00:00+00:00,1789916400000,919.2,919.21,919.2,919.21,1.178,1082.823139
2026-09-20 16:00:00+00:00,1789920000000,919.21,920.68,919.21,920.68,22.4184,20617.192229
2026-09-20 17:00:00+00:00,1789923600000,920.68,921.6,920.01,921.6,12.1386,11176.233911
2026-09-20 20:00:00+00:00,1789934400000,921.78,922.28,921.78,922.28,2.4307,2241.125429
2026-09-20 21:00:00+00:00,1789938000000,922.69,922.69,922.69,922.69,1.2461,1149.764009
2026-09-20 22:00:00+00:00,1789941600000,922.69,926.1,922.69,926.1,14.1754,13101.013302
2026-09-21 00:00:00+00:00,1789948800000,928.88,938.82,928.44,936.54,5051.5033,4726543.48683
2026-09-21 01:00:00+00:00,1789952400000,936.54,944.06,936.54,938.14,5817.0,5474033.44
2026-09-21 02:00:00+00:00,1789956000000,937.7,944.0,937.7,943.2,3998.0,3768256.5
2026-09-21 03:00:00+00:00,1789959600000,943.31,944.18,942.61,943.5,1574.0,1485095.74
2026-09-21 04:00:00+00:00,1789963200000,943.49,943.49,940.32,942.38,1629.0,1534085.14
2026-09-21 05:00:00+00:00,1789966800000,941.09,943.71,937.65,943.64,2500.0,2352067.52
2026-09-21 06:00:00+00:00,1789970400000,943.5,947.75,943.5,947.75,2777.0,2625833.43
2026-09-21 07:00:00+00:00,1789974000000,946.81,948.98,946.01,948.5,2287.0,2166553.56
2026-09-21 08:00:00+00:00,1789977600000,947.38,954.8,938.0,953.41,29937.849494,28425454.04342291
2026-09-21 09:00:00+00:00,1789981200000,953.45,954.8,950.329,953.22,7019.895346,6690875.3281961735
2026-09-21 10:00:00+00:00,1789984800000,950.76,953.22,950.29,950.6,4575.6971,4357557.416332991
2026-09-21 11:00:00+00:00,1789988400000,950.505,952.0,946.6703,951.32,36213.226228,34387955.062824205
2026-09-21 12:00:00+00:00,1789992000000,951.5,954.8,948.1581,952.74,17352.110031,16514115.37605028
2026-09-21 13:00:00+00:00,1789995600000,952.64,981.49,946.01,976.73,1006343.93631,970169923.7165656
2026-09-21 14:00:00+00:00,1789999200000,976.7301,983.4499,960.79,966.7968,1023604.876825,996556437.7131293
2026-09-21 15:00:00+00:00,1790002800000,967.43,976.42,965.7139,965.77,520755.152188,505382059.2579654
2026-09-21 16:00:00+00:00,1790006400000,966.6,971.7746,960.69,963.08,391976.44284,379331937.99609095
2026-09-21 17:00:00+00:00,1790010000000,963.31,964.73,954.13,956.735,336807.510902,322642073.9326636
2026-09-21 18:00:00+00:00,1790013600000,956.0,966.83,953.81,966.44,294122.690159,282234758.2610572
2026-09-21 19:00:00+00:00,1790017200000,966.44,967.8,952.5,954.49,601395.283063,577357756.913398
2026-09-21 20:00:00+00:00,1790020800000,954.82,958.66,953.01,956.33,134397.0,128284550.425
2026-09-21 21:00:00+00:00,1790024400000,956.5,958.0,956.0,957.45,3705.102418,3546764.732903733
2026-09-21 22:00:00+00:00,1790028000000,957.39,960.69,957.06,958.78,3101.890579,2973980.107674731
2026-09-21 23:00:00+00:00,1790031600000,958.96,962.92,957.796,962.0,2630.928619,2526843.038049398
2026-09-22 00:00:00+00:00,1790035200000,958.11,966.94,958.11,964.8,4376.0,4223617.3
2026-09-22 01:00:00+00:00,1790038800000,964.01,964.25,954.0,956.0,3860.0,3703063.94
2026-09-22 02:00:00+00:00,1790042400000,957.98,961.14,957.1,960.87,1335.0,1280581.79
2026-09-22 03:00:00+00:00,1790046000000,960.85,960.85,957.02,957.02,910.0,873385.19
2026-09-22 04:00:00+00:00,1790049600000,957.12,957.75,941.0,941.61,3833.0,3640211.01
2026-09-22 05:00:00+00:00,1790053200000,942.65,947.93,939.39,945.67,5837.0,5508431.34
2026-09-22 06:00:00+00:00,1790056800000,946.0,949.75,941.64,948.4,7742.0,7314984.94
2026-09-22 07:00:00+00:00,1790060400000,948.03,950.99,945.69,946.55,2930.0,2776910.5
2026-09-22 08:00:00+00:00,1790064000000,949.0,957.0,931.44,943.48,54515.997138,51411364.92988354
2026-09-22 09:00:00+00:00,1790067600000,943.5,948.742,938.175,947.98,6246.319632,5881074.061720837
2026-09-22 10:00:00+00:00,1790071200000,947.98,953.0,944.15,950.88,5820.170021,5518524.808740309
2026-09-22 11:00:00+00:00,1790074800000,949.69,954.49,940.9901,941.85,13340.040232,12610852.593623672
2026-09-22 12:00:00+00:00,1790078400000,941.7,944.0,940.0,941.44,10414.88041,9810823.9989505
2026-09-22 13:00:00+00:00,1790082000000,941.51,1002.0,934.1961,998.69,769713.418336,751264511.6215616
2026-09-22 14:00:00+00:00,1790085600000,999.15,1000.0,946.4,949.015,872896.276516,851108994.9997652
2026-09-22 15:00:00+00:00,1790089200000,949.85,961.7299,944.03,958.41,613071.983929,584385189.7823645
2026-09-22 16:00:00+00:00,1790092800000,958.5822,960.71,947.2224,950.375,344802.470516,328559559.1546462
2026-09-22 17:00:00+00:00,1790096400000,950.24,956.7914,947.75,951.112,231466.974529,220416682.43437007
2026-09-22 18:00:00+00:00,1790100000000,951.51,957.07,942.78,943.355,299621.532992,284428499.30659574
2026-09-22 19:00:00+00:00,1790103600000,943.93,947.7,940.1,945.67,528403.473583,498945728.08039135
2026-09-22 20:00:00+00:00,1790107200000,945.32,946.15,942.51,945.91,35079.0,33171183.1903
2026-09-22 21:00:00+00:00,1790110800000,945.94,946.2,944.71,945.0237,8723.172358,8246945.908036695
2026-09-22 22:00:00+00:00,1790114400000,945.55,948.08,945.0,947.2,5890.349884,5573088.33269236
2026-09-22 23:00:00+00:00,1790118000000,946.26,950.0,946.26,949.89,7218.821109,6842199.412147368
2026-09-23 00:00:00+00:00,1790121600000,950.0,956.76,945.98,946.99,4086.0,3882253.27
2026-09-23 01:00:00+00:00,1790125200000,946.66,948.51,943.38,943.5,3704.0,3503895.17
2026-09-23 02:00:00+00:00,1790128800000,943.51,945.59,941.11,943.5,1737.0,1637818.81
2026-09-23 03:00:00+00:00,1790132400000,943.5,944.9,941.5,943.94,1383.0,1304572.47
2026-09-23 04:00:00+00:00,1790136000000,943.92,947.87,943.92,947.11,1056.0,999583.97
2026-09-23 05:00:00+00:00,1790139600000,946.93,947.29,944.6,945.31,1536.0,1453050.84
2026-09-23 06:00:00+00:00,1790143200000,946.84,950.72,946.07,947.5,2566.0,2434046.39
2026-09-23 07:00:00+00:00,1790146800000,947.0,947.58,943.11,943.35,905.0,855649.63
2026-09-23 08:00:00+00:00,1790150400000,949.4688,950.74,942.0,945.28,16037.164197,15191315.759562047
2026-09-23 09:00:00+00:00,1790154000000,945.7,949.875,945.0,945.8,817.177421,773585.4623765
2026-09-23 10:00:00+00:00,1790157600000,946.11,950.7425,946.11,949.8,3433.1328,3254645.64517352
2026-09-23 11:00:00+00:00,1790161200000,949.75,950.0,939.4875,943.88,23796.095932,22448115.874831486
2026-09-23 12:00:00+00:00,1790164800000,944.47,947.0,940.0,944.57,10172.06987,9598996.405908912
2026-09-23 13:00:00+00:00,1790168400000,944.57,950.14,924.55,935.19,470612.586103,441528415.41318816
2026-09-23 14:00:00+00:00,1790172000000,935.86,960.0,928.2,954.98,649189.154773,612116839.7328675
2026-09-23 15:00:00+00:00,1790175600000,955.5403,960.0,942.0,949.11,467477.998792,444467303.70556873
2026-09-23 16:00:00+00:00,1790179200000,948.595,949.0,938.09,942.28,236986.867365,223568267.47946933
2026-09-23 17:00:00+00:00,1790182800000,942.275,943.77,933.17,942.91,230120.113573,216221867.25722608
2026-09-23 18:00:00+00:00,1790186400000,942.845,944.49,933.6101,934.525,270344.096198,253691190.79176757
2026-09-23 19:00:00+00:00,1790190000000,934.525,941.0,932.41,937.0,506353.396259,474099382.6721188
2026-09-23 20:00:00+00:00,1790193600000,937.0,939.06,935.32,938.4196,451670.608134,422973107.4855957
2026-09-23 21:00:00+00:00,1790197200000,937.37,937.5,935.05,937.07,5272.19219,4940178.788168278
2026-09-23 22:00:00+00:00,1790200800000,937.21,938.68,936.01,937.9752,2880.137676,2700148.8552399343
2026-09-23 23:00:00+00:00,1790204400000,937.9448,938.3,935.0,936.2255,3311.782224,3104752.462011701
2026-09-24 00:00:00+00:00,1790208000000,934.0,935.0,930.23,932.44,1672.0,1558874.87
2026-09-24 01:00:00+00:00,1790211600000,932.01,935.56,932.0,934.24,717.0,669187.39
2026-09-24 02:00:00+00:00,1790215200000,933.62,935.99,930.52,935.9,981.0,915487.44
2026-09-24 03:00:00+00:00,1790218800000,934.78,934.78,931.0,931.66,942.0,877982.03
2026-09-24 04:00:00+00:00,1790222400000,931.66,931.66,926.17,929.28,1824.0,1694497.89
2026-09-24 05:00:00+00:00,1790226000000,930.15,933.04,926.37,926.37,1476.0,1372145.17
2026-09-24 06:00:00+00:00,1790229600000,926.37,928.93,922.27,922.27,3617.0,3343570.78
2026-09-24 07:00:00+00:00,1790233200000,922.11,928.91,921.0,925.86,2552.0,2360829.29
2026-09-24 08:00:00+00:00,1790236800000,928.23,933.58,910.0487,915.99,35406.566311,32671423.399567105
2026-09-24 09:00:00+00:00,1790240400000,915.99,917.16,909.5,912.17,7849.238545,7164479.544463626
2026-09-24 10:00:00+00:00,1790244000000,912.88,917.21,910.53,915.6,4726.190114,4318506.900819959
2026-09-24 11:00:00+00:00,1790247600000,915.5,918.0,911.0,913.87,15709.201517,14378408.911001872
2026-09-24 12:00:00+00:00,1790251200000,914.12,918.0,911.0,913.929,65247.774944,59623278.27567809
2026-09-24 13:00:00+00:00,1790254800000,914.0,954.4499,914.0,927.23,682047.368336,636920494.2958937
2026-09-24 14:00:00+00:00,1790258400000,927.335,933.94,912.0,915.0312,677436.330528,623715675.0034304
2026-09-24 15:00:00+00:00,1790262000000,915.49,928.6,914.89,922.1564,455694.06322,419637853.44289446
2026-09-24 16:00:00+00:00,1790265600000,921.9,936.599,916.54,933.19,741154.324829,687601973.4137559
2026-09-24 17:00:00+00:00,1790269200000,932.525,936.3499,925.4712,928.5,300709.152041,279817397.61154807
2026-09-24 18:00:00+00:00,1790272800000,928.625,937.98,923.2597,934.775,224400.108655,208602032.10930663
2026-09-24 19:00:00+00:00,1790276400000,934.64,935.47,925.82,929.04,385992.820005,358720528.4931169
2026-09-24 20:00:00+00:00,1790280000000,928.67,931.0,926.5,928.0,222818.05206099997,206930680.648426
2026-09-24 21:00:00+00:00,1790283600000,928.9,931.0,927.05,929.2,6080.456721,5652848.731916332
2026-09-24 22:00:00+00:00,1790287200000,929.975,930.75,927.2325,929.8518,2659.690399,2471629.2000340163
2026-09-24 23:00:00+00:00,1790290800000,929.85,929.99,927.5,928.0,5235.248942,4864781.081885513
2026-09-25 00:00:00+00:00,1790294400000,928.04,930.5,928.0,929.41,590.0,548252.9
2026-09-25 01:00:00+00:00,1790298000000,928.83,937.49,928.7,935.14,1991.0,1861112.45
2026-09-25 02:00:00+00:00,1790301600000,936.07,937.34,932.58,932.82,815.0,762109.94
2026-09-25 03:00:00+00:00,1790305200000,932.93,935.11,932.37,933.48,624.0,582784.55
2026-09-25 04:00:00+00:00,1790308800000,933.01,933.7,932.0,932.8,218.0,203305.98
2026-09-25 05:00:00+00:00,1790312400000,933.07,937.93,933.06,937.0,1088.0,1018048.23
