datetime_utc,timestamp,open,high,low,close,volume,turnover
2025-09-25 06:00:00+00:00,1758780000000,113.3,113.51,113.14,113.38,2133.0,241853.39
2025-09-25 07:00:00+00:00,1758783600000,113.45,113.57,112.89,113.15,8060.0,911786.27
2025-09-25 08:00:00+00:00,1758787200000,113.3,113.5,111.75,112.23,63214.0,7110708.9682
2025-09-25 09:00:00+00:00,1758790800000,111.89,112.1,110.75,111.4,25647.0,2856401.2839
2025-09-25 10:00:00+00:00,1758794400000,111.2,111.5,110.7,111.27,32361.0,3593782.8969
2025-09-25 11:00:00+00:00,1758798000000,111.39,111.7,108.42,108.45,148532.0,16307506.5184
2025-09-25 12:00:00+00:00,1758801600000,111.41,113.85,106.6002,107.0,830589.0,90023970.1773
2025-09-25 13:00:00+00:00,1758805200000,108.205,110.99,105.88,109.605,4932993.0,534324536.2845
2025-09-25 14:00:00+00:00,1758808800000,109.99,113.255,109.3113,111.9,3833740.0,429061062.954
2025-09-25 15:00:00+00:00,1758812400000,111.78,114.08,111.2911,113.41,2184666.0,246902868.0558
2025-09-25 16:00:00+00:00,1758816000000,113.19,113.43,110.17,111.07,1365963.0,152422620.5106
2025-09-25 17:00:00+00:00,1758819600000,111.04,111.3,106.8,106.9,2002012.0,217699986.0872
2025-09-25 18:00:00+00:00,1758823200000,106.93,109.76,106.11,109.665,1946600.0,210399818.28
2025-09-25 19:00:00+00:00,1758826800000,109.49,109.76,107.7,107.89,1621944.0,176149930.5648
2025-09-25 20:00:00+00:00,1758830400000,107.94,109.1,107.81,107.95,327511.0,35361460.9233
2025-09-25 21:00:00+00:00,1758834000000,107.83,108.43,107.56,108.04,27930.0,3010773.003
2025-09-25 22:00:00+00:00,1758837600000,108.43,108.43,107.8,108.0,21495.0,2323572.9585
2025-09-25 23:00:00+00:00,1758841200000,108.0,108.0,107.51,107.8,22116.0,2383018.9044
2025-09-26 00:00:00+00:00,1758844800000,107.71,108.36,106.79,107.29,7985.0,857602.9
2025-09-26 01:00:00+00:00,1758848400000,107.32,108.01,107.05,107.4,7038.0,756652.65
2025-09-26 02:00:00+00:00,1758852000000,107.4,107.54,106.99,107.02,7824.0,838784.48
2025-09-26 03:00:00+00:00,1758855600000,107.0,107.8,106.54,107.8,7879.0,842977.11
2025-09-26 04:00:00+00:00,1758859200000,107.68,108.01,107.09,107.51,3359.0,361356.33
2025-09-26 05:00:00+00:00,1758862800000,107.52,107.95,106.87,107.01,8546.0,917617.91
2025-09-26 06:00:00+00:00,1758866400000,106.89,107.51,106.89,107.09,3361.0,360076.16
2025-09-26 07:00:00+00:00,1758870000000,107.13,107.4,106.87,107.18,3641.0,389805.2
2025-09-26 08:00:00+00:00,1758873600000,107.48,107.74,105.9,106.12,59830.0,6393774.831
2025-09-26 09:00:00+00:00,1758877200000,106.0,106.65,105.03,106.52,36191.0,3829937.9087
2025-09-26 10:00:00+00:00,1758880800000,106.65,106.99,106.13,106.75,8514.0,907518.3282
2025-09-26 11:00:00+00:00,1758884400000,106.8,108.43,106.58,108.07,60182.0,6469956.183
2025-09-26 12:00:00+00:00,1758888000000,107.0,110.96,105.05,109.5,376517.0,41020435.2507
2025-09-26 13:00:00+00:00,1758891600000,109.76,110.55,106.2315,107.81,2290858.0,248009432.509
2025-09-26 14:00:00+00:00,1758895200000,107.96,108.25,103.2,104.57,3621907.0,381184342.4987
2025-09-26 15:00:00+00:00,1758898800000,104.525,105.0,102.8,104.535,2191668.0,227909144.4852
2025-09-26 16:00:00+00:00,1758902400000,104.655,107.48,104.11,107.3,1718915.0,182319985.4135
2025-09-26 17:00:00+00:00,1758906000000,107.38,107.98,106.84,107.28,1260133.0,135365503.0728
2025-09-26 18:00:00+00:00,1758909600000,107.5,108.03,106.99,107.46,992397.0,106775367.3798
2025-09-26 19:00:00+00:00,1758913200000,107.35,107.7,106.67,107.67,1508007.0,161699669.7918
2025-09-26 20:00:00+00:00,1758916800000,107.74,107.75,107.2,107.5,303884.0,32712656.774
2025-09-26 21:00:00+00:00,1758920400000,107.5,107.5,107.09,107.4287,11658.0,1250785.6542
2025-09-26 22:00:00+00:00,1758924000000,107.4,107.68,107.1,107.6788,14125.0,1518150.7625
2025-09-26 23:00:00+00:00,1758927600000,107.66,107.7,107.24,107.3,23716.0,2549330.0756
2025-09-29 00:00:00+00:00,1759104000000,107.38,109.54,107.3,109.45,15028.0,1638923.34
2025-09-29 01:00:00+00:00,1759107600000,109.45,109.45,108.51,108.99,16252.0,1771153.5
2025-09-29 02:00:00+00:00,1759111200000,109.08,109.11,108.58,108.96,4900.0,534081.23
2025-09-29 03:00:00+00:00,1759114800000,108.97,109.26,108.96,109.19,3850.0,420138.57
2025-09-29 04:00:00+00:00,1759118400000,109.21,109.51,109.12,109.34,3152.0,344511.68
2025-09-29 05:00:00+00:00,1759122000000,109.34,109.35,109.1,109.35,2766.0,302126.48
2025-09-29 06:00:00+00:00,1759125600000,109.19,109.51,109.0,109.25,4399.0,480741.95
2025-09-29 07:00:00+00:00,1759129200000,109.2,109.51,109.0,109.39,3537.0,386559.72
2025-09-29 08:00:00+00:00,1759132800000,109.3,110.65,108.53,110.47,60107.0,6619619.9742
2025-09-29 09:00:00+00:00,1759136400000,110.31,110.5,109.85,110.14,40983.0,4516228.2408
2025-09-29 10:00:00+00:00,1759140000000,110.14,110.21,109.72,109.95,32978.0,3627734.9966
2025-09-29 11:00:00+00:00,1759143600000,109.79,109.93,109.36,109.87,37191.0,4078629.1161
2025-09-29 12:00:00+00:00,1759147200000,109.9,110.63,109.0,109.77,140558.0,15419001.763
2025-09-29 13:00:00+00:00,1759150800000,110.835,112.52,108.4,110.105,3373232.0,373417794.3696
2025-09-29 14:00:00+00:00,1759154400000,110.23,111.9,108.33,110.59,2393539.0,265219679.2035
2025-09-29 15:00:00+00:00,1759158000000,110.22,110.97,109.01,109.88,1441430.0,158748001.189
2025-09-29 16:00:00+00:00,1759161600000,110.53,111.44,109.62,109.855,1099456.0,121485160.3392
2025-09-29 17:00:00+00:00,1759165200000,109.4,110.29,109.02,109.265,796798.0,87276153.4128
2025-09-29 18:00:00+00:00,1759168800000,109.475,110.165,109.17,109.87,880531.0,96653950.7018
2025-09-29 19:00:00+00:00,1759172400000,109.885,110.38,109.0279,110.17,1534651.0,168497773.8705
2025-09-29 20:00:00+00:00,1759176000000,110.17,110.27,109.8901,109.95,25152.0,2769169.8048
2025-09-29 21:00:00+00:00,1759179600000,110.0,110.18,109.95,110.1199,10871.0,1196366.5952
2025-09-29 22:00:00+00:00,1759183200000,110.17,110.24,109.9,110.24,12612.0,1388554.7148
2025-09-29 23:00:00+00:00,1759186800000,110.2792,110.29,110.01,110.01,28553.0,3146848.9724
2025-09-30 00:00:00+00:00,1759190400000,110.29,110.31,109.8,110.24,1399.0,153974.72
2025-09-30 01:00:00+00:00,1759194000000,109.99,110.2,109.89,110.04,1150.0,126515.49
2025-09-30 02:00:00+00:00,1759197600000,109.99,110.19,109.48,110.19,3614.0,397028.55
2025-09-30 03:00:00+00:00,1759201200000,110.19,110.29,110.11,110.12,1035.0,114040.02
2025-09-30 04:00:00+00:00,1759204800000,110.26,110.75,110.1,110.39,1967.0,217158.99
2025-09-30 05:00:00+00:00,1759208400000,110.39,110.68,110.18,110.46,1512.0,166945.97
2025-09-30 06:00:00+00:00,1759212000000,110.53,110.81,110.45,110.45,1754.0,194047.63
2025-09-30 07:00:00+00:00,1759215600000,110.22,110.36,110.0,110.0,1685.0,185562.74
2025-09-30 08:00:00+00:00,1759219200000,110.2,110.3,109.71,109.94,10078.0,1107982.3746
2025-09-30 09:00:00+00:00,1759222800000,109.68,109.68,109.0,109.0,19259.0,2105386.1764
2025-09-30 10:00:00+00:00,1759226400000,109.01,109.64,108.85,109.45,13093.0,1429413.8727
2025-09-30 11:00:00+00:00,1759230000000,109.64,109.8,109.55,109.68,14323.0,1571561.0967
2025-09-30 12:00:00+00:00,1759233600000,109.84,112.93,108.91,112.79,455236.0,50816993.1608
2025-09-30 13:00:00+00:00,1759237200000,113.55,117.4,112.26,114.035,5287277.0,606248697.9186
2025-09-30 14:00:00+00:00,1759240800000,114.6,117.65,113.56,117.11,4316311.0,499596596.2682
2025-09-30 15:00:00+00:00,1759244400000,117.31,117.41,114.32,114.65,2727581.0,315973075.0897
2025-09-30 16:00:00+00:00,1759248000000,114.5,114.624,113.11,113.97,2109113.0,240006935.6576
2025-09-30 17:00:00+00:00,1759251600000,113.69,114.35,112.4,112.77,1427661.0,161789968.3572
2025-09-30 18:00:00+00:00,1759255200000,112.69,112.97,111.66,112.53,1290893.0,144879632.2653
2025-09-30 19:00:00+00:00,1759258800000,112.475,113.3699,111.99,112.255,2034658.0,229213990.0584
2025-09-30 20:00:00+00:00,1759262400000,112.27,112.3,111.05,111.8072,79346.0,8867780.3714
2025-09-30 21:00:00+00:00,1759266000000,112.15,112.3315,112.0,112.16,9966.0,1117367.988
2025-09-30 22:00:00+00:00,1759269600000,112.16,112.39,112.12,112.12,13737.0,1542107.3778
2025-09-30 23:00:00+00:00,1759273200000,112.1,112.15,111.6999,112.15,27674.0,3095749.2426
2025-10-01 00:00:00+00:00,1759276800000,112.02,112.14,111.67,111.85,1593.0,178291.8
2025-10-01 01:00:00+00:00,1759280400000,111.84,111.98,110.89,111.56,7199.0,801070.28
2025-10-01 02:00:00+00:00,1759284000000,111.54,111.73,111.11,111.69,2362.0,263276.57
2025-10-01 03:00:00+00:00,1759287600000,111.7,111.73,111.1,111.31,2743.0,305438.85
2025-10-01 04:00:00+00:00,1759291200000,111.28,111.44,110.99,111.42,3914.0,435054.02
2025-10-01 05:00:00+00:00,1759294800000,111.19,111.41,110.86,110.99,6134.0,681240.87
2025-10-01 06:00:00+00:00,1759298400000,110.98,111.01,110.24,110.35,5700.0,631372.97
2025-10-01 07:00:00+00:00,1759302000000,110.35,110.45,108.99,110.0,9646.0,1059036.52
2025-10-01 08:00:00+00:00,1759305600000,111.01,111.32,109.5,110.92,31651.0,3492042.1696
2025-10-01 09:00:00+00:00,1759309200000,110.76,111.5,110.76,111.1,15474.0,1720170.3048
2025-10-01 10:00:00+00:00,1759312800000,111.44,111.44,110.7,111.35,22956.0,2550058.0776
2025-10-01 11:00:00+00:00,1759316400000,111.25,112.46,111.25,112.44,39440.0,4416992.088
2025-10-01 12:00:00+00:00,1759320000000,111.35,112.5,109.0,111.7,141464.0,15790070.216
2025-10-01 13:00:00+00:00,1759323600000,111.75,112.67,109.76,110.49,2081869.0,230961089.5517
2025-10-01 14:00:00+00:00,1759327200000,110.615,113.42,110.01,111.92,1766749.0,198198496.3674
2025-10-01 15:00:00+00:00,1759330800000,111.72,112.98,111.455,112.5,1435987.0,160960788.0209
2025-10-01 16:00:00+00:00,1759334400000,112.535,114.2307,111.7,114.14,1247152.0,140664278.6368
2025-10-01 17:00:00+00:00,1759338000000,114.16,114.8,112.58,113.47,1427649.0,162590804.4279
2025-10-01 18:00:00+00:00,1759341600000,113.54,114.1,112.715,113.8,910397.0,103384137.0818
2025-10-01 19:00:00+00:00,1759345200000,113.745,115.88,113.61,115.73,2012915.0,230873298.84
2025-10-01 20:00:00+00:00,1759348800000,115.61,115.82,115.0,115.1111,151942.0,17321220.8638
2025-10-01 21:00:00+00:00,1759352400000,115.19,115.35,115.15,115.3,9374.0,1080309.4422
2025-10-01 22:00:00+00:00,1759356000000,115.35,115.6,115.22,115.6,16400.0,1893250.44
2025-10-01 23:00:00+00:00,1759359600000,115.58,115.978,115.5,115.9501,13931.0,1611801.3759
2025-10-02 00:00:00+00:00,1759363200000,115.96,115.96,115.49,115.79,786.0,91010.07
2025-10-02 01:00:00+00:00,1759366800000,115.68,115.92,115.59,115.9,3937.0,455829.95
2025-10-02 02:00:00+00:00,1759370400000,115.89,115.97,115.77,115.97,3529.0,409108.52
2025-10-02 03:00:00+00:00,1759374000000,115.91,115.97,115.82,115.91,852.0,98756.7
2025-10-02 04:00:00+00:00,1759377600000,115.94,115.99,115.83,115.87,2684.0,311169.27
2025-10-02 05:00:00+00:00,1759381200000,115.94,116.71,115.89,116.36,7099.0,825347.8
2025-10-02 06:00:00+00:00,1759384800000,116.48,116.48,115.99,116.44,2997.0,348567.81
2025-10-02 07:00:00+00:00,1759388400000,116.3,116.45,116.12,116.43,917.0,106709.75
2025-10-02 08:00:00+00:00,1759392000000,115.0,117.8,114.89,117.62,68487.0,7970681.4288
2025-10-02 09:00:00+00:00,1759395600000,117.34,117.69,117.3,117.5,26697.0,3138032.1225
2025-10-02 10:00:00+00:00,1759399200000,117.56,126.24,117.56,122.6,546194.0,66764296.687
2025-10-02 11:00:00+00:00,1759402800000,122.5,124.65,120.8,122.25,364834.0,44668012.9892
2025-10-02 12:00:00+00:00,1759406400000,122.35,124.68,115.0,122.45,961102.0,117665987.8764
2025-10-02 13:00:00+00:00,1759410000000,123.725,125.7499,119.5,121.58,6827181.0,838113614.8953
2025-10-02 14:00:00+00:00,1759413600000,121.565,122.89,119.03,119.5,4224960.0,512819729.856
2025-10-02 15:00:00+00:00,1759417200000,119.45,122.08,118.57,121.815,2537014.0,305121599.752
2025-10-02 16:00:00+00:00,1759420800000,122.04,123.98,121.735,123.91,2094400.0,257955728.8
2025-10-02 17:00:00+00:00,1759424400000,123.75,126.0789,123.393,125.905,2424051.0,302989649.0481
2025-10-02 18:00:00+00:00,1759428000000,126.09,126.36,124.6,125.145,2072536.0,260178501.0568
2025-10-02 19:00:00+00:00,1759431600000,125.34,126.74,125.0,125.83,3715437.0,467779462.9992
2025-10-02 20:00:00+00:00,1759435200000,125.87,125.87,124.6,125.68,196134.0,24622995.7878
2025-10-02 21:00:00+00:00,1759438800000,125.63,125.84,125.5002,125.65,23325.0,2930464.365
2025-10-02 22:00:00+00:00,1759442400000,125.72,125.85,125.5,125.6,29888.0,3754766.6752
2025-10-02 23:00:00+00:00,1759446000000,125.55,126.3391,125.55,126.3391,37137.0,4674189.0858
2025-10-03 00:00:00+00:00,1759449600000,126.51,128.01,126.12,126.98,8368.0,1060245.11
2025-10-03 01:00:00+00:00,1759453200000,126.98,127.51,126.18,126.8,13495.0,1711427.17
2025-10-03 02:00:00+00:00,1759456800000,126.57,127.05,126.19,126.63,4395.0,555867.7
2025-10-03 03:00:00+00:00,1759460400000,126.57,126.96,126.54,126.56,3919.0,496601.98
2025-10-03 04:00:00+00:00,1759464000000,126.57,126.9,126.37,126.67,4564.0,577488.43
2025-10-03 05:00:00+00:00,1759467600000,126.65,126.72,126.38,126.52,4323.0,546874.98
2025-10-03 06:00:00+00:00,1759471200000,126.44,127.3,126.41,127.19,4414.0,559461.3
2025-10-03 07:00:00+00:00,1759474800000,127.29,127.8,126.99,127.33,10682.0,1358161.9
2025-10-03 08:00:00+00:00,1759478400000,127.38,128.91,127.03,128.89,70010.0,8977683.343
2025-10-03 09:00:00+00:00,1759482000000,128.94,129.0,128.06,128.09,34785.0,4474651.959
2025-10-03 10:00:00+00:00,1759485600000,128.2,128.5,127.3,127.4,38857.0,4970906.0674
2025-10-03 11:00:00+00:00,1759489200000,127.4,127.7,126.0,126.38,84814.0,10754703.5676
2025-10-03 12:00:00+00:00,1759492800000,127.92,129.0,126.05,126.47,275007.0,34954379.7252
2025-10-03 13:00:00+00:00,1759496400000,127.295,128.3,125.18,125.51,2786777.0,353575397.3297
2025-10-03 14:00:00+00:00,1759500000000,125.09,127.5,123.6,126.73,3333089.0,418757636.1485
2025-10-03 15:00:00+00:00,1759503600000,126.915,130.86,126.5301,130.795,2397634.0,308431877.5234
2025-10-03 16:00:00+00:00,1759507200000,130.835,132.9792,130.66,131.83,3460506.0,456723118.6896
2025-10-03 17:00:00+00:00,1759510800000,131.51,131.96,126.53,128.275,3167298.0,410045683.8654
2025-10-03 18:00:00+00:00,1759514400000,128.28,130.21,126.92,129.47,2190895.0,282419949.049
2025-10-03 19:00:00+00:00,1759518000000,129.495,130.625,127.88,127.96,2663346.0,344238535.8384
2025-10-03 20:00:00+00:00,1759521600000,127.98,128.18,126.6,127.84,232331.0,29703332.4852
2025-10-03 21:00:00+00:00,1759525200000,127.64,128.5,127.62,128.4,19310.0,2471851.859
2025-10-03 22:00:00+00:00,1759528800000,128.3751,128.79,128.11,128.79,24948.0,3206117.376
2025-10-03 23:00:00+00:00,1759532400000,128.81,129.0,128.1,128.7928,20116.0,2589890.7448
2025-10-06 00:00:00+00:00,1759708800000,128.79,131.01,128.79,130.8,25867.0,3377268.23
2025-10-06 01:00:00+00:00,1759712400000,130.78,130.81,130.19,130.61,16788.0,2190602.0
2025-10-06 02:00:00+00:00,1759716000000,130.62,130.76,130.02,130.09,14085.0,1835696.41
2025-10-06 03:00:00+00:00,1759719600000,130.11,130.44,129.59,130.07,10587.0,1375984.21
2025-10-06 04:00:00+00:00,1759723200000,130.31,130.59,129.8,130.24,4957.0,644888.34
2025-10-06 05:00:00+00:00,1759726800000,130.16,130.27,129.2,129.5,7239.0,939050.9
2025-10-06 06:00:00+00:00,1759730400000,129.51,130.29,129.34,130.28,2880.0,374231.5
2025-10-06 07:00:00+00:00,1759734000000,130.1,130.31,129.6,130.29,6497.0,845963.8
2025-10-06 08:00:00+00:00,1759737600000,130.79,130.8,129.44,130.6,64088.0,8329658.3536
2025-10-06 09:00:00+00:00,1759741200000,130.54,130.72,130.2,130.59,19609.0,2558027.3853
2025-10-06 10:00:00+00:00,1759744800000,130.6,130.73,129.65,130.0,29418.0,3832871.22
2025-10-06 11:00:00+00:00,1759748400000,130.06,132.2,129.96,132.2,91795.0,12030551.7255
2025-10-06 12:00:00+00:00,1759752000000,130.54,133.48,129.25,132.39,323737.0,42601587.7884
2025-10-06 13:00:00+00:00,1759755600000,132.455,135.76,131.1001,132.895,3465512.0,462812543.1272
2025-10-06 14:00:00+00:00,1759759200000,132.805,133.5,130.16,131.66,2747190.0,362495566.566
2025-10-06 15:00:00+00:00,1759762800000,131.69,132.95,130.63,131.23,1453279.0,191255440.2533
2025-10-06 16:00:00+00:00,1759766400000,131.03,132.71,130.87,131.2,1167458.0,153862441.9566
2025-10-06 17:00:00+00:00,1759770000000,131.24,131.79,128.85,130.01,1845691.0,239779070.3139
2025-10-06 18:00:00+00:00,1759773600000,129.93,130.752,127.701,127.9,1654906.0,213231328.288
2025-10-06 19:00:00+00:00,1759777200000,127.98,128.12,124.93,125.015,2902812.0,366676825.6536
2025-10-06 20:00:00+00:00,1759780800000,124.94,127.0483,124.94,126.64,147956.0,18691680.9612
2025-10-06 21:00:00+00:00,1759784400000,126.524,126.92,126.4,126.48,49109.0,6220966.0603
2025-10-06 22:00:00+00:00,1759788000000,126.53,126.8,126.0,126.4,35944.0,4545496.212
2025-10-06 23:00:00+00:00,1759791600000,126.54,126.88,126.0001,126.87,36306.0,4595326.6626
2025-10-07 00:00:00+00:00,1759795200000,126.37,127.76,126.0,127.17,5756.0,731845.81
2025-10-07 01:00:00+00:00,1759798800000,127.18,127.44,126.61,126.99,4156.0,528614.6
2025-10-07 02:00:00+00:00,1759802400000,126.99,127.19,126.5,126.81,3716.0,470995.56
2025-10-07 03:00:00+00:00,1759806000000,126.98,127.21,126.79,127.21,3663.0,465621.62
2025-10-07 04:00:00+00:00,1759809600000,127.16,127.16,126.49,126.6,7809.0,990527.29
2025-10-07 05:00:00+00:00,1759813200000,126.61,126.81,126.0,126.16,4416.0,557974.84
2025-10-07 06:00:00+00:00,1759816800000,126.3,127.0,126.19,126.25,4002.0,506547.85
2025-10-07 07:00:00+00:00,1759820400000,126.25,126.43,126.14,126.37,3525.0,444902.85
2025-10-07 08:00:00+00:00,1759824000000,126.0,127.2,126.0,126.86,20439.0,2586561.5817
2025-10-07 09:00:00+00:00,1759827600000,126.87,127.79,126.87,127.46,21985.0,2801737.621
2025-10-07 10:00:00+00:00,1759831200000,127.3,127.6,127.06,127.37,18255.0,2326110.516
2025-10-07 11:00:00+00:00,1759834800000,127.35,127.6,127.0,127.6,25876.0,3294340.8376
2025-10-07 12:00:00+00:00,1759838400000,126.39,128.48,126.01,128.17,154538.0,19686425.8282
2025-10-07 13:00:00+00:00,1759842000000,127.78,128.28,124.6119,124.93,2225630.0,280677760.308
2025-10-07 14:00:00+00:00,1759845600000,125.86,127.7,124.62,124.81,1849691.0,233256208.4005
2025-10-07 15:00:00+00:00,1759849200000,125.735,125.75,115.72,118.91,6775291.0,808013751.8399
2025-10-07 16:00:00+00:00,1759852800000,119.32,121.09,117.01,118.63,3323419.0,396077432.5563
2025-10-07 17:00:00+00:00,1759856400000,118.73,119.25,117.71,117.98,1434290.0,169940129.502
2025-10-07 18:00:00+00:00,1759860000000,118.03,119.8,117.57,119.54,1165190.0,138125001.651
2025-10-07 19:00:00+00:00,1759863600000,119.57,119.9089,117.66,117.73,1900344.0,226013232.8832
2025-10-07 20:00:00+00:00,1759867200000,117.7,118.803,116.52,118.79,198640.0,23418007.288
2025-10-07 21:00:00+00:00,1759870800000,118.7697,118.7697,118.4,118.68,31006.0,3676617.0656
2025-10-07 22:00:00+00:00,1759874400000,118.69,119.32,118.5288,119.27,48229.0,5741464.7111
2025-10-07 23:00:00+00:00,1759878000000,119.18,119.25,118.5148,118.5148,26984.0,3209485.0552
2025-10-08 00:00:00+00:00,1759881600000,118.98,119.14,118.33,119.06,3783.0,449795.38
2025-10-08 01:00:00+00:00,1759885200000,119.05,119.4,118.74,118.81,7231.0,860146.28
2025-10-08 02:00:00+00:00,1759888800000,118.96,119.19,118.83,119.09,5415.0,644648.72
2025-10-08 03:00:00+00:00,1759892400000,119.08,119.08,118.54,118.74,5114.0,607308.29
2025-10-08 04:00:00+00:00,1759896000000,118.73,119.3,118.58,119.0,4346.0,517125.34
2025-10-08 05:00:00+00:00,1759899600000,118.99,119.32,118.61,118.72,13514.0,1607534.92
2025-10-08 06:00:00+00:00,1759903200000,118.69,118.88,118.5,118.73,6687.0,793338.7
2025-10-08 07:00:00+00:00,1759906800000,118.68,118.99,118.4,118.5,2957.0,350667.43
2025-10-08 08:00:00+00:00,1759910400000,119.69,121.75,119.01,120.27,81796.0,9859992.4852
2025-10-08 09:00:00+00:00,1759914000000,120.96,121.3,120.31,120.75,39264.0,4743271.8144
2025-10-08 10:00:00+00:00,1759917600000,120.74,121.35,120.33,120.88,49056.0,5930875.3056
2025-10-08 11:00:00+00:00,1759921200000,120.91,120.91,120.09,120.55,98557.0,11873388.4711
2025-10-08 12:00:00+00:00,1759924800000,120.85,121.75,118.4,120.05,263195.0,31624379.4615
2025-10-08 13:00:00+00:00,1759928400000,121.17,125.31,119.51,121.855,4232025.0,518779822.2075
2025-10-08 14:00:00+00:00,1759932000000,121.91,122.4599,119.0275,119.04,3145760.0,379861844.736
2025-10-08 15:00:00+00:00,1759935600000,119.375,120.1323,117.5,120.015,2417774.0,286821738.507
2025-10-08 16:00:00+00:00,1759939200000,120.03,122.395,119.98,122.36,1322648.0,160028371.9032
2025-10-08 17:00:00+00:00,1759942800000,122.335,124.21,121.56,122.57,1868076.0,229385909.0376
2025-10-08 18:00:00+00:00,1759946400000,122.54,122.81,120.7,121.79,1040309.0,126558375.2714
2025-10-08 19:00:00+00:00,1759950000000,122.01,123.6799,121.795,121.97,2139955.0,262652726.8125
2025-10-08 20:00:00+00:00,1759953600000,122.0,122.43,121.8024,121.89,135024.0,16466271.3168
2025-10-08 21:00:00+00:00,1759957200000,121.8108,122.49,121.8108,122.0132,76760.0,9363645.36
2025-10-08 22:00:00+00:00,1759960800000,122.0,122.77,122.0,122.76,19456.0,2381186.7648
2025-10-08 23:00:00+00:00,1759964400000,122.77,123.4,122.66,123.2122,32461.0,3994050.1315
2025-10-09 00:00:00+00:00,1759968000000,122.0,123.22,122.0,123.0,3458.0,425344.09
2025-10-09 01:00:00+00:00,1759971600000,123.01,123.11,122.05,122.13,6151.0,753759.92
2025-10-09 02:00:00+00:00,1759975200000,122.21,122.67,122.14,122.17,6125.0,749282.21
2025-10-09 03:00:00+00:00,1759978800000,122.17,123.23,121.99,123.23,6519.0,799571.08
2025-10-09 04:00:00+00:00,1759982400000,123.24,123.26,122.51,123.21,5020.0,617888.75
2025-10-09 05:00:00+00:00,1759986000000,123.21,123.62,122.4,122.8,8092.0,995375.83
2025-10-09 06:00:00+00:00,1759989600000,122.65,123.81,122.65,123.25,4683.0,577315.21
2025-10-09 07:00:00+00:00,1759993200000,123.35,123.8,123.02,123.12,5832.0,719887.65
2025-10-09 08:00:00+00:00,1759996800000,123.62,123.62,120.49,120.69,43110.0,5255044.335
2025-10-09 09:00:00+00:00,1760000400000,120.83,121.88,120.82,121.3,19978.0,2421898.9774
2025-10-09 10:00:00+00:00,1760004000000,121.15,121.67,120.82,121.35,11190.0,1355816.208
2025-10-09 11:00:00+00:00,1760007600000,121.55,121.95,121.0,121.7,29299.0,3561088.357
2025-10-09 12:00:00+00:00,1760011200000,121.5,123.78,120.5,122.49,164501.0,20104720.0164
2025-10-09 13:00:00+00:00,1760014800000,121.0,125.04,119.87,124.29,2707264.0,332978040.5952
2025-10-09 14:00:00+00:00,1760018400000,124.245,126.47,123.03,125.02,3167721.0,395547302.6001
2025-10-09 15:00:00+00:00,1760022000000,125.215,128.455,124.99,127.93,2238639.0,282753313.6701
2025-10-09 16:00:00+00:00,1760025600000,127.835,129.45,126.9,127.17,2247345.0,288813946.923
2025-10-09 17:00:00+00:00,1760029200000,127.385,127.5,125.58,126.94,1267820.0,160682238.98
2025-10-09 18:00:00+00:00,1760032800000,127.02,128.82,126.58,128.71,1008960.0,128685785.28
2025-10-09 19:00:00+00:00,1760036400000,128.75,133.32,128.65,132.71,4318048.0,568560834.5984
2025-10-09 20:00:00+00:00,1760040000000,132.57,132.64,131.75,132.28,167387.0,22146471.809
2025-10-09 21:00:00+00:00,1760043600000,132.25,132.75,132.0221,132.1551,42477.0,5626813.5021
2025-10-09 22:00:00+00:00,1760047200000,132.45,134.5,132.45,134.05,116232.0,15525491.8056
2025-10-09 23:00:00+00:00,1760050800000,133.9,134.2338,133.3503,134.08,59624.0,7982031.8272
2025-10-10 00:00:00+00:00,1760054400000,134.01,135.18,133.12,134.46,12804.0,1722190.96
2025-10-10 01:00:00+00:00,1760058000000,134.63,134.84,133.97,134.14,8357.0,1121639.03
2025-10-10 02:00:00+00:00,1760061600000,134.14,134.51,134.02,134.15,5163.0,693321.94
2025-10-10 03:00:00+00:00,1760065200000,134.17,134.65,134.13,134.46,7056.0,948868.58
2025-10-10 04:00:00+00:00,1760068800000,134.39,134.51,133.96,134.2,6805.0,912945.59
2025-10-10 05:00:00+00:00,1760072400000,134.19,134.48,133.97,134.4,8978.0,1204307.5
2025-10-10 06:00:00+00:00,1760076000000,134.4,134.7,134.22,134.49,5361.0,720761.93
2025-10-10 07:00:00+00:00,1760079600000,134.5,134.51,132.74,133.44,20191.0,2698473.4
2025-10-10 08:00:00+00:00,1760083200000,134.35,135.35,133.1,135.35,79698.0,10700396.9364
2025-10-10 09:00:00+00:00,1760086800000,135.35,135.38,133.5,134.04,50729.0,6835027.6169
2025-10-10 10:00:00+00:00,1760090400000,134.0,134.47,133.5,134.47,21638.0,2896540.5768
2025-10-10 11:00:00+00:00,1760094000000,134.49,135.5,134.1,135.1,72800.0,9822292.48
2025-10-10 12:00:00+00:00,1760097600000,134.3,136.15,132.75,135.38,371785.0,50258193.728
2025-10-10 13:00:00+00:00,1760101200000,134.95,137.67,133.4601,137.55,3722471.0,506069932.45
2025-10-10 14:00:00+00:00,1760104800000,137.04,141.1,135.0,137.28,5374506.0,742842721.296
2025-10-10 15:00:00+00:00,1760108400000,137.1,139.75,131.59,137.73,6923822.0,940631683.5168
2025-10-10 16:00:00+00:00,1760112000000,137.33,137.8,131.12,131.31,2824249.0,380586475.2183
2025-10-10 17:00:00+00:00,1760115600000,131.185,134.6,129.5,131.53,2559267.0,337519459.0071
2025-10-10 18:00:00+00:00,1760119200000,131.71,133.8,131.0311,131.63,1536421.0,203269266.5105
2025-10-10 19:00:00+00:00,1760122800000,131.625,132.56,128.01,129.61,3105610.0,403897624.062
2025-10-10 20:00:00+00:00,1760126400000,129.27,130.0,124.01,124.49,291097.0,37365705.7849
2025-10-10 21:00:00+00:00,1760130000000,124.06,125.98,120.33,124.0,564920.0,69502616.028
2025-10-10 22:00:00+00:00,1760133600000,124.05,128.2,124.05,126.6539,269126.0,34069925.2322
2025-10-10 23:00:00+00:00,1760137200000,126.85,127.0,126.0,126.92,109721.0,13873924.2033
2025-10-13 00:00:00+00:00,1760313600000,130.01,135.76,130.01,133.99,100794.0,13470397.32
2025-10-13 01:00:00+00:00,1760317200000,133.99,134.2,132.99,133.83,27271.0,3649894.95
2025-10-13 02:00:00+00:00,1760320800000,133.8,134.01,132.99,133.02,16071.0,2147109.38
2025-10-13 03:00:00+00:00,1760324400000,133.02,133.36,129.24,130.33,48328.0,6333280.0
2025-10-13 04:00:00+00:00,1760328000000,130.58,131.76,129.82,131.76,23122.0,3031461.79
2025-10-13 05:00:00+00:00,1760331600000,131.76,133.74,131.43,132.55,47524.0,6317703.87
2025-10-13 06:00:00+00:00,1760335200000,132.55,133.75,132.21,133.7,8647.0,1150852.46
2025-10-13 07:00:00+00:00,1760338800000,133.49,133.7,132.77,133.01,8800.0,1172772.04
2025-10-13 08:00:00+00:00,1760342400000,133.75,136.9,130.4,135.8,158558.0,21455640.4534
2025-10-13 09:00:00+00:00,1760346000000,135.75,136.98,135.39,136.9,77430.0,10526964.678
2025-10-13 10:00:00+00:00,1760349600000,136.62,136.62,135.5,136.0,69706.0,9482811.2106
2025-10-13 11:00:00+00:00,1760353200000,135.85,136.2,133.75,134.9,159691.0,21539808.7513
2025-10-13 12:00:00+00:00,1760356800000,134.96,136.99,130.0,134.96,407783.0,54809664.4687
2025-10-13 13:00:00+00:00,1760360400000,135.3,138.53,132.65,135.985,3272053.0,443571284.0708
2025-10-13 14:00:00+00:00,1760364000000,136.34,137.5,133.3101,133.78,2499810.0,338695507.185
2025-10-13 15:00:00+00:00,1760367600000,133.71,137.1799,132.9,137.03,1683052.0,227177180.8236
2025-10-13 16:00:00+00:00,1760371200000,137.115,137.38,134.85,135.14,1291959.0,176131866.0987
2025-10-13 17:00:00+00:00,1760374800000,135.06,136.7,134.59,136.595,903585.0,122789159.5935
2025-10-13 18:00:00+00:00,1760378400000,136.71,136.96,135.34,135.94,620035.0,84383787.332
2025-10-13 19:00:00+00:00,1760382000000,136.06,136.79,135.23,135.525,1157264.0,157364642.9936
2025-10-13 20:00:00+00:00,1760385600000,135.58,135.79,134.24,135.37,130189.0,17605250.1676
2025-10-13 21:00:00+00:00,1760389200000,135.38,135.81,135.1,135.81,26882.0,3639984.092
2025-10-13 22:00:00+00:00,1760392800000,135.94,136.9,135.75,136.89,27305.0,3725070.9725
2025-10-13 23:00:00+00:00,1760396400000,136.75,136.8548,135.6,136.68,26884.0,3668843.3496
2025-10-14 00:00:00+00:00,1760400000000,135.73,136.8,135.59,136.8,5327.0,726626.69
2025-10-14 01:00:00+00:00,1760403600000,136.51,136.59,135.66,136.25,3533.0,481262.45
2025-10-14 02:00:00+00:00,1760407200000,136.11,136.47,135.89,136.17,2796.0,380392.84
2025-10-14 03:00:00+00:00,1760410800000,136.18,136.27,135.79,135.89,3753.0,510467.08
2025-10-14 04:00:00+00:00,1760414400000,135.93,135.93,132.74,133.81,21135.0,2836780.83
2025-10-14 05:00:00+00:00,1760418000000,133.79,134.01,130.72,131.39,15111.0,1996892.46
2025-10-14 06:00:00+00:00,1760421600000,131.45,132.73,131.0,131.11,21105.0,2780970.9
2025-10-14 07:00:00+00:00,1760425200000,131.09,132.81,130.8,131.71,11581.0,1523897.73
2025-10-14 08:00:00+00:00,1760428800000,135.5,135.5,130.48,132.14,86344.0,11366021.956
2025-10-14 09:00:00+00:00,1760432400000,132.0,132.1,130.9,131.11,21382.0,2814065.7762
2025-10-14 10:00:00+00:00,1760436000000,130.94,131.08,127.52,129.69,140428.0,18086985.972
2025-10-14 11:00:00+00:00,1760439600000,129.74,131.45,129.35,131.3,115580.0,15113888.048
2025-10-14 12:00:00+00:00,1760443200000,131.48,135.5,127.37,131.48,308308.0,40454295.0812
2025-10-14 13:00:00+00:00,1760446800000,131.33,132.37,125.75,127.37,3064290.0,393366278.019
2025-10-14 14:00:00+00:00,1760450400000,127.495,131.4,127.01,129.42,2135507.0,276524238.8216
2025-10-14 15:00:00+00:00,1760454000000,129.725,132.54,129.2,132.4,1372324.0,179424501.38
2025-10-14 16:00:00+00:00,1760457600000,132.64,133.73,131.8311,132.12,967147.0,128457334.9723
2025-10-14 17:00:00+00:00,1760461200000,132.05,133.7843,131.435,133.005,1117983.0,148465012.0476
2025-10-14 18:00:00+00:00,1760464800000,133.12,133.58,131.93,132.33,663796.0,88128278.5236
2025-10-14 19:00:00+00:00,1760468400000,132.43,132.78,128.11,128.19,2288507.0,298441451.6616
2025-10-14 20:00:00+00:00,1760472000000,128.15,129.1725,126.28,128.55,290641.0,37209517.4737
2025-10-14 21:00:00+00:00,1760475600000,128.5,129.23,128.0,129.15,46998.0,6053572.6902
2025-10-14 22:00:00+00:00,1760479200000,129.21,129.5,127.989,128.85,38330.0,4937183.809
2025-10-14 23:00:00+00:00,1760482800000,128.61,129.0,128.5911,128.9,25193.0,3246468.2327
2025-10-15 00:00:00+00:00,1760486400000,129.39,129.51,128.39,129.4,4555.0,587746.86
2025-10-15 01:00:00+00:00,1760490000000,129.4,129.6,128.9,129.4,3258.0,420861.36
2025-10-15 02:00:00+00:00,1760493600000,129.4,129.95,129.35,129.89,3820.0,495345.81
2025-10-15 03:00:00+00:00,1760497200000,129.86,130.01,129.39,129.79,4561.0,591450.83
2025-10-15 04:00:00+00:00,1760500800000,129.73,130.11,129.35,130.1,5900.0,766601.41
2025-10-15 05:00:00+00:00,1760504400000,130.1,130.11,129.42,129.54,8249.0,1071678.02
2025-10-15 06:00:00+00:00,1760508000000,129.57,130.06,129.37,130.01,10169.0,1317992.56
2025-10-15 07:00:00+00:00,1760511600000,130.0,130.5,129.82,130.42,3585.0,466468.92
2025-10-15 08:00:00+00:00,1760515200000,129.98,132.1,129.98,131.87,32286.0,4244956.8228
2025-10-15 09:00:00+00:00,1760518800000,131.8,132.75,131.63,132.09,26243.0,3466550.7149
2025-10-15 10:00:00+00:00,1760522400000,132.08,132.08,131.0,131.74,15797.0,2078962.6053
2025-10-15 11:00:00+00:00,1760526000000,131.62,131.62,130.5,131.33,32874.0,4307486.7948
2025-10-15 12:00:00+00:00,1760529600000,130.75,132.75,129.4,131.85,181279.0,23792469.9362
2025-10-15 13:00:00+00:00,1760533200000,131.875,132.53,129.3909,129.58,1553391.0,203180280.6789
2025-10-15 14:00:00+00:00,1760536800000,129.74,131.33,128.56,129.97,1922521.0,249237737.2131
2025-10-15 15:00:00+00:00,1760540400000,129.6,130.072,124.84,126.44,2421350.0,307942208.165
2025-10-15 16:00:00+00:00,1760544000000,126.45,127.49,124.76,125.38,1373137.0,172887697.5727
2025-10-15 17:00:00+00:00,1760547600000,125.345,125.6,122.2,125.58,1951817.0,241878140.9982
2025-10-15 18:00:00+00:00,1760551200000,125.59,126.5,124.42,126.385,763843.0,95851068.0079
2025-10-15 19:00:00+00:00,1760554800000,126.405,126.9,125.525,125.83,1127216.0,142210359.6112
2025-10-15 20:00:00+00:00,1760558400000,125.83,126.29,124.75,125.92,57309.0,7211936.487
2025-10-15 21:00:00+00:00,1760562000000,126.16,126.5,125.9137,126.4,24442.0,3085159.6754
2025-10-15 22:00:00+00:00,1760565600000,126.4,126.8,126.0,126.6,25539.0,3230182.9356
2025-10-15 23:00:00+00:00,1760569200000,126.42,126.5,126.0,126.18,18109.0,2286675.9461
2025-10-16 00:00:00+00:00,1760572800000,126.18,126.74,124.94,125.51,2752.0,345866.64
2025-10-16 01:00:00+00:00,1760576400000,125.51,126.36,125.39,126.06,3690.0,464873.33
2025-10-16 02:00:00+00:00,1760580000000,126.04,126.29,125.81,125.99,5523.0,695621.72
2025-10-16 03:00:00+00:00,1760583600000,125.99,126.46,125.98,126.46,863.0,108817.46
2025-10-16 04:00:00+00:00,1760587200000,126.44,126.79,126.19,126.51,1655.0,209389.22
2025-10-16 05:00:00+00:00,1760590800000,126.66,126.83,126.02,126.03,3824.0,484103.97
2025-10-16 06:00:00+00:00,1760594400000,126.1,126.82,126.03,126.6,5333.0,675355.18
2025-10-16 07:00:00+00:00,1760598000000,126.6,126.83,126.55,126.83,3393.0,429961.87
2025-10-16 08:00:00+00:00,1760601600000,126.6,127.8,126.6,127.53,36417.0,4627584.6657
2025-10-16 09:00:00+00:00,1760605200000,127.49,128.09,127.48,127.75,10266.0,1312084.1142
2025-10-16 10:00:00+00:00,1760608800000,127.62,127.9,127.22,127.58,8996.0,1147348.0408
2025-10-16 11:00:00+00:00,1760612400000,127.5,128.95,127.38,128.62,58175.0,7461432.42
2025-10-16 12:00:00+00:00,1760616000000,127.37,128.95,126.2,128.83,248467.0,31874887.2554
2025-10-16 13:00:00+00:00,1760619600000,128.085,129.21,123.32,124.13,2034274.0,256965016.2772
2025-10-16 14:00:00+00:00,1760623200000,124.25,129.82,124.14,128.13,2358671.0,299745099.7562
2025-10-16 15:00:00+00:00,1760626800000,128.1,129.33,123.93,124.37,1657786.0,209923617.6154
2025-10-16 16:00:00+00:00,1760630400000,124.365,125.9999,122.53,125.845,1484655.0,184144728.96
2025-10-16 17:00:00+00:00,1760634000000,125.815,130.97,124.15,125.99,2891349.0,369875820.825
2025-10-16 18:00:00+00:00,1760637600000,126.17,126.198,123.171,125.44,1127502.0,140158307.8674
2025-10-16 19:00:00+00:00,1760641200000,125.465,125.9599,122.02,123.03,1752031.0,216172768.1071
2025-10-16 20:00:00+00:00,1760644800000,123.04,123.5,122.5,123.15,163295.0,20078540.9165
2025-10-16 21:00:00+00:00,1760648400000,123.0214,123.3429,122.77,123.16,23566.0,2900491.497
2025-10-16 22:00:00+00:00,1760652000000,123.3,123.8,122.8,122.8,28423.0,3506178.8533
2025-10-16 23:00:00+00:00,1760655600000,122.76,123.24,121.0,121.25,97489.0,11902617.2391
2025-10-17 00:00:00+00:00,1760659200000,121.77,122.46,121.77,122.04,4459.0,544293.74
2025-10-17 01:00:00+00:00,1760662800000,122.12,123.01,121.89,121.89,8577.0,1049317.52
2025-10-17 02:00:00+00:00,1760666400000,121.94,122.2,120.25,120.55,16943.0,2049500.79
2025-10-17 03:00:00+00:00,1760670000000,120.55,120.55,118.88,119.77,19272.0,2310614.2
2025-10-17 04:00:00+00:00,1760673600000,119.76,120.0,118.79,119.88,10464.0,1247642.76
2025-10-17 05:00:00+00:00,1760677200000,119.88,119.95,117.65,117.98,31380.0,3730802.72
2025-10-17 06:00:00+00:00,1760680800000,117.69,118.61,115.95,115.95,43051.0,5050566.0
2025-10-17 07:00:00+00:00,1760684400000,115.92,117.79,114.98,117.6,56944.0,6596399.46
2025-10-17 08:00:00+00:00,1760688000000,116.0,120.5,110.85,114.0,388933.0,44315687.2061
2025-10-17 09:00:00+00:00,1760691600000,114.11,116.5,114.11,114.6,113246.0,13072869.0988
2025-10-17 10:00:00+00:00,1760695200000,114.57,116.42,114.0,116.42,75535.0,8703845.1755
2025-10-17 11:00:00+00:00,1760698800000,116.43,119.2,115.75,119.13,221384.0,26068984.3664
2025-10-17 12:00:00+00:00,1760702400000,117.19,122.18,110.5,119.85,724945.0,85890033.71
2025-10-17 13:00:00+00:00,1760706000000,117.925,121.39,115.15,117.855,3113017.0,366623747.7104
2025-10-17 14:00:00+00:00,1760709600000,117.98,118.38,112.1,113.35,4343577.0,498411995.6613
2025-10-17 15:00:00+00:00,1760713200000,113.36,114.66,110.88,112.78,3089426.0,347333043.2464
2025-10-17 16:00:00+00:00,1760716800000,112.77,114.18,111.88,112.41,2303866.0,260423252.975
2025-10-17 17:00:00+00:00,1760720400000,113.14,113.3,112.01,112.94,1044451.0,117696258.7272
2025-10-17 18:00:00+00:00,1760724000000,113.11,114.3,112.49,113.465,1550449.0,175909292.193
2025-10-17 19:00:00+00:00,1760727600000,113.49,114.98,112.75,113.47,3109269.0,354465371.9532
2025-10-17 20:00:00+00:00,1760731200000,113.44,113.9,112.3,113.54,457286.0,51864509.2766
2025-10-17 21:00:00+00:00,1760734800000,113.54,113.6,113.25,113.52,42283.0,4799644.8092
2025-10-17 22:00:00+00:00,1760738400000,113.43,113.6,113.43,113.5176,53925.0,6124731.3975
2025-10-17 23:00:00+00:00,1760742000000,113.58,113.9,113.42,113.9,36495.0,4146737.076
2025-10-20 00:00:00+00:00,1760918400000,118.75,118.75,113.89,116.21,43027.0,4981056.93
2025-10-20 01:00:00+00:00,1760922000000,116.3,117.26,115.94,116.48,30686.0,3577928.82
2025-10-20 02:00:00+00:00,1760925600000,116.49,117.01,116.3,116.68,6139.0,716945.55
2025-10-20 03:00:00+00:00,1760929200000,116.69,117.01,116.56,117.0,8964.0,1047093.35
2025-10-20 04:00:00+00:00,1760932800000,117.16,117.87,116.77,117.44,15125.0,1775217.8
2025-10-20 05:00:00+00:00,1760936400000,117.44,118.01,116.17,116.37,26036.0,3044782.43
2025-10-20 06:00:00+00:00,1760940000000,116.4,116.55,115.78,116.3,14238.0,1653836.92
2025-10-20 07:00:00+00:00,1760943600000,116.3,116.8,116.13,116.51,9410.0,1095974.31
2025-10-20 08:00:00+00:00,1760947200000,117.0,117.75,116.68,117.29,84629.0,9925805.3569
2025-10-20 09:00:00+00:00,1760950800000,117.11,117.37,116.83,117.24,26003.0,3043944.9839
2025-10-20 10:00:00+00:00,1760954400000,117.43,117.68,116.88,117.0,27883.0,3271439.8942
2025-10-20 11:00:00+00:00,1760958000000,116.95,117.2,116.49,116.89,48408.0,5650995.0144
2025-10-20 12:00:00+00:00,1760961600000,116.78,118.0,115.78,116.65,323190.0,37723544.775
2025-10-20 13:00:00+00:00,1760965200000,116.91,117.47,110.7,111.68,2952443.0,336296543.6935
2025-10-20 14:00:00+00:00,1760968800000,111.75,112.3,107.51,111.01,5813898.0,635871838.158
2025-10-20 15:00:00+00:00,1760972400000,111.03,112.05,109.81,111.61,1996132.0,221854701.5836
2025-10-20 16:00:00+00:00,1760976000000,111.51,113.69,109.71,111.63,1761239.0,196504077.0885
2025-10-20 17:00:00+00:00,1760979600000,111.715,111.78,110.9,111.245,623258.0,69403829.477
2025-10-20 18:00:00+00:00,1760983200000,111.04,111.3488,110.0,110.605,1106904.0,122390818.0416
2025-10-20 19:00:00+00:00,1760986800000,110.49,110.59,107.65,108.96,2542006.0,276223268.981
2025-10-20 20:00:00+00:00,1760990400000,109.0,110.1959,108.88,109.57,129310.0,14164268.263
2025-10-20 21:00:00+00:00,1760994000000,109.5895,109.75,109.41,109.67,32330.0,3543995.202
2025-10-20 22:00:00+00:00,1760997600000,109.46,109.95,109.42,109.83,25164.0,2761265.8512
2025-10-20 23:00:00+00:00,1761001200000,109.83,109.9498,109.64,109.64,13642.0,1498442.7368
2025-10-21 00:00:00+00:00,1761004800000,109.5,110.76,109.5,110.7,5505.0,606797.7
2025-10-21 01:00:00+00:00,1761008400000,110.56,110.69,109.99,110.29,6504.0,717434.11
2025-10-21 02:00:00+00:00,1761012000000,110.03,110.34,110.01,110.32,2982.0,328612.11
2025-10-21 03:00:00+00:00,1761015600000,110.21,110.33,109.85,109.85,3697.0,407229.05
2025-10-21 04:00:00+00:00,1761019200000,109.87,109.99,109.26,109.26,5205.0,570739.6
2025-10-21 05:00:00+00:00,1761022800000,109.25,109.25,108.07,108.78,6641.0,721791.65
2025-10-21 06:00:00+00:00,1761026400000,108.8,109.19,108.42,109.14,3084.0,335950.02
2025-10-21 07:00:00+00:00,1761030000000,109.17,109.2,108.49,108.94,4790.0,521314.16
2025-10-21 08:00:00+00:00,1761033600000,108.8,110.1,108.0,108.19,25354.0,2751682.297
2025-10-21 09:00:00+00:00,1761037200000,107.9,108.44,107.73,108.09,24738.0,2670566.052
2025-10-21 10:00:00+00:00,1761040800000,107.81,108.21,107.6,108.21,16997.0,1833593.8675
2025-10-21 11:00:00+00:00,1761044400000,108.24,108.62,108.0,108.2,25304.0,2739567.9248
2025-10-21 12:00:00+00:00,1761048000000,108.175,109.95,107.6,108.35,172546.0,18683263.6254
2025-10-21 13:00:00+00:00,1761051600000,107.56,108.5912,102.71,105.13,4148704.0,435838779.7568
2025-10-21 14:00:00+00:00,1761055200000,104.71,107.6491,104.0,105.785,2733488.0,289393827.8624
2025-10-21 15:00:00+00:00,1761058800000,105.52,106.97,104.98,106.56,1441512.0,152740449.252
2025-10-21 16:00:00+00:00,1761062400000,106.37,106.66,104.35,104.51,1462660.0,154403801.442
2025-10-21 17:00:00+00:00,1761066000000,104.47,104.8699,103.35,104.01,1370663.0,142631328.8463
2025-10-21 18:00:00+00:00,1761069600000,103.94,104.17,102.09,102.545,2325020.0,239322678.672
2025-10-21 19:00:00+00:00,1761073200000,102.535,104.37,101.4,104.21,3562868.0,365409523.514
2025-10-21 20:00:00+00:00,1761076800000,104.28,105.32,103.5,104.0,286842.0,29876458.773
2025-10-21 21:00:00+00:00,1761080400000,104.0,104.05,103.0,103.19,61318.0,6349828.4126
2025-10-21 22:00:00+00:00,1761084000000,103.6,103.6,101.513,102.7499,89234.0,9148171.5226
2025-10-21 23:00:00+00:00,1761087600000,102.5,102.75,102.0,102.6,55745.0,5707368.2075
2025-10-22 00:00:00+00:00,1761091200000,102.97,102.99,101.0,102.31,10706.0,1092989.17
2025-10-22 01:00:00+00:00,1761094800000,102.38,103.52,101.89,103.5,9655.0,991752.6
2025-10-22 02:00:00+00:00,1761098400000,103.52,104.01,103.01,103.79,5424.0,563181.97
2025-10-22 03:00:00+00:00,1761102000000,103.81,104.62,103.5,104.1,10476.0,1089619.9
2025-10-22 04:00:00+00:00,1761105600000,104.1,104.91,104.05,104.06,13772.0,1438270.22
2025-10-22 05:00:00+00:00,1761109200000,104.24,104.69,104.01,104.01,8761.0,915036.69
2025-10-22 06:00:00+00:00,1761112800000,104.02,104.45,104.0,104.19,4165.0,433528.61
2025-10-22 07:00:00+00:00,1761116400000,104.29,104.49,103.39,103.78,8263.0,858216.43
2025-10-22 08:00:00+00:00,1761120000000,102.62,104.0,102.62,103.13,15750.0,1624823.55
2025-10-22 09:00:00+00:00,1761123600000,102.92,103.02,102.23,103.0,19520.0,2004245.28
2025-10-22 10:00:00+00:00,1761127200000,103.0,104.36,103.0,104.05,31605.0,3280210.2585
2025-10-22 11:00:00+00:00,1761130800000,103.92,104.17,102.9,103.22,60984.0,6311734.2288
2025-10-22 12:00:00+00:00,1761134400000,105.5,106.9,102.47,105.92,556812.0,58570386.1056
2025-10-22 13:00:00+00:00,1761138000000,106.58,107.8,101.4,102.18,3476974.0,360796204.1502
2025-10-22 14:00:00+00:00,1761141600000,102.07,103.18,96.89,98.935,6010882.0,597591669.9406
2025-10-22 15:00:00+00:00,1761145200000,98.93,99.75,96.11,97.25,4155633.0,406239306.2379
2025-10-22 16:00:00+00:00,1761148800000,97.18,97.51,95.55,96.53,2675550.0,257961280.365
2025-10-22 17:00:00+00:00,1761152400000,96.48,96.9,94.63,95.5,2547466.0,243397893.7166
2025-10-22 18:00:00+00:00,1761156000000,95.74,99.27,95.6874,99.11,2539046.0,247018453.3434
2025-10-22 19:00:00+00:00,1761159600000,99.175,100.6446,98.5,98.59,3449490.0,343292554.902
2025-10-22 20:00:00+00:00,1761163200000,98.62,98.6323,97.4,97.8,223205.0,21867349.209
2025-10-22 21:00:00+00:00,1761166800000,97.7901,98.0,97.5343,97.5343,52297.0,5116639.1157
2025-10-22 22:00:00+00:00,1761170400000,97.9688,98.0,97.5,97.6,45703.0,4466316.5344
2025-10-22 23:00:00+00:00,1761174000000,97.74,98.45,97.61,98.413,43849.0,4299105.0466
2025-10-23 00:00:00+00:00,1761177600000,98.3,98.74,97.7,98.63,11416.0,1123510.65
2025-10-23 01:00:00+00:00,1761181200000,98.63,101.3,98.59,100.72,36471.0,3655909.57
2025-10-23 02:00:00+00:00,1761184800000,100.87,101.49,100.49,101.49,18770.0,1893115.19
2025-10-23 03:00:00+00:00,1761188400000,101.38,101.71,101.05,101.37,20988.0,2129870.42
2025-10-23 04:00:00+00:00,1761192000000,101.37,101.7,100.64,101.15,12860.0,1299926.07
2025-10-23 05:00:00+00:00,1761195600000,101.16,101.6,100.13,100.37,12428.0,1253163.82
2025-10-23 06:00:00+00:00,1761199200000,100.38,101.14,100.12,100.71,17646.0,1774474.81
2025-10-23 07:00:00+00:00,1761202800000,100.71,101.51,100.64,101.19,9378.0,948229.51
2025-10-23 08:00:00+00:00,1761206400000,100.29,102.24,100.12,101.62,112267.0,11404003.2731
2025-10-23 09:00:00+00:00,1761210000000,101.69,101.85,100.98,101.75,74533.0,7548031.443
2025-10-23 10:00:00+00:00,1761213600000,101.74,101.8,101.0,101.04,34022.0,3447898.3504
2025-10-23 11:00:00+00:00,1761217200000,101.03,101.24,99.63,99.8,123002.0,12361172.0914
2025-10-23 12:00:00+00:00,1761220800000,101.75,102.22,99.6,100.6,296576.0,29781242.5344
2025-10-23 13:00:00+00:00,1761224400000,100.34,105.15,99.46,104.51,3304179.0,338249465.0658
2025-10-23 14:00:00+00:00,1761228000000,104.61,105.9,102.42,105.67,3269803.0,340853093.1881
2025-10-23 15:00:00+00:00,1761231600000,105.65,106.11,103.28,104.5,2090302.0,219203490.8038
2025-10-23 16:00:00+00:00,1761235200000,104.36,104.95,102.81,104.67,1365550.0,141772629.995
2025-10-23 17:00:00+00:00,1761238800000,104.58,105.69,103.95,105.02,1084551.0,113766688.5225
2025-10-23 18:00:00+00:00,1761242400000,105.04,106.62,105.0,105.99,1111850.0,117807512.155
2025-10-23 19:00:00+00:00,1761246000000,106.0,106.34,105.02,106.16,1451055.0,153428171.058
2025-10-23 20:00:00+00:00,1761249600000,106.16,107.44,106.16,107.0,133158.0,14193471.0096
2025-10-23 21:00:00+00:00,1761253200000,107.25,108.44,106.89,108.42,108495.0,11688643.728
2025-10-23 22:00:00+00:00,1761256800000,108.4,109.5059,108.35,109.25,115545.0,12574554.369
2025-10-23 23:00:00+00:00,1761260400000,109.2,110.75,109.06,110.4699,166784.0,18353995.456
2025-10-24 00:00:00+00:00,1761264000000,110.79,111.27,110.02,110.2,32672.0,3619442.11
2025-10-24 01:00:00+00:00,1761267600000,110.16,111.01,109.76,110.9,20293.0,2239774.67
2025-10-24 02:00:00+00:00,1761271200000,110.9,110.96,110.34,110.37,10178.0,1127241.49
2025-10-24 03:00:00+00:00,1761274800000,110.49,112.15,110.0,111.78,25540.0,2843557.35
2025-10-24 04:00:00+00:00,1761278400000,111.81,111.81,110.81,110.81,14384.0,1600877.93
2025-10-24 05:00:00+00:00,1761282000000,111.01,111.21,110.49,110.79,6389.0,708080.22
2025-10-24 06:00:00+00:00,1761285600000,110.76,111.09,109.61,110.26,23428.0,2584191.87
2025-10-24 07:00:00+00:00,1761289200000,110.26,110.57,109.89,110.02,11472.0,1263513.08
2025-10-24 08:00:00+00:00,1761292800000,110.75,112.39,110.0,111.23,96161.0,10674188.3313
2025-10-24 09:00:00+00:00,1761296400000,111.3,111.64,111.11,111.64,32701.0,3642207.9491
2025-10-24 10:00:00+00:00,1761300000000,111.63,111.64,111.05,111.06,41219.0,4588742.2721
2025-10-24 11:00:00+00:00,1761303600000,111.26,111.47,110.79,111.0,88822.0,9858575.835
2025-10-24 12:00:00+00:00,1761307200000,111.25,113.45,109.68,112.7499,759049.0,84973865.6422
2025-10-24 13:00:00+00:00,1761310800000,110.86,114.14,110.01,113.225,3715178.0,417843840.5532
2025-10-24 14:00:00+00:00,1761314400000,113.23,114.99,112.3,113.05,3418246.0,388965972.4106
2025-10-24 15:00:00+00:00,1761318000000,113.115,114.87,112.66,114.835,1894544.0,215482971.6528
2025-10-24 16:00:00+00:00,1761321600000,114.905,115.94,114.45,115.395,1667656.0,192371290.5208
2025-10-24 17:00:00+00:00,1761325200000,115.39,116.25,115.24,115.84,1010628.0,117037190.4192
2025-10-24 18:00:00+00:00,1761328800000,115.78,116.4299,115.36,115.69,1220635.0,141518713.011
2025-10-24 19:00:00+00:00,1761332400000,115.76,117.45,115.56,117.3,2401789.0,279836279.2524
2025-10-24 20:00:00+00:00,1761336000000,117.26,118.37,117.05,117.67,234913.0,27636598.2893
2025-10-24 21:00:00+00:00,1761339600000,117.8,117.85,117.4871,117.74,49171.0,5787318.5238
2025-10-24 22:00:00+00:00,1761343200000,117.78,118.5,117.66,118.46,72240.0,8527065.12
2025-10-24 23:00:00+00:00,1761346800000,118.58,118.58,117.8616,118.2,49729.0,5876028.369
2025-10-27 00:00:00+00:00,1761523200000,118.5,124.01,118.27,122.81,79275.0,9733807.27
2025-10-27 01:00:00+00:00,1761526800000,122.81,123.0,122.02,122.48,28353.0,3474006.05
2025-10-27 02:00:00+00:00,1761530400000,122.47,122.95,122.11,122.87,19133.0,2344798.15
2025-10-27 03:00:00+00:00,1761534000000,122.89,122.91,122.42,122.56,12679.0,1555480.67
2025-10-27 04:00:00+00:00,1761537600000,122.51,122.65,121.33,122.03,34744.0,4238835.01
2025-10-27 05:00:00+00:00,1761541200000,121.92,122.09,121.16,121.56,12339.0,1499566.99
2025-10-27 06:00:00+00:00,1761544800000,121.55,122.09,121.15,121.27,19692.0,2395353.93
2025-10-27 07:00:00+00:00,1761548400000,121.33,121.97,120.76,121.06,19604.0,2379780.99
2025-10-27 08:00:00+00:00,1761552000000,120.9,122.61,119.31,120.9,121521.0,14749234.6599
2025-10-27 09:00:00+00:00,1761555600000,120.9,122.22,120.9,121.5,27683.0,3367733.8405
2025-10-27 10:00:00+00:00,1761559200000,121.5,122.16,121.1,121.66,38910.0,4731650.55
2025-10-27 11:00:00+00:00,1761562800000,121.5,122.7,121.5,122.48,113753.0,13883633.2771
2025-10-27 12:00:00+00:00,1761566400000,122.43,122.96,120.4,122.43,440287.0,53773175.9127
2025-10-27 13:00:00+00:00,1761570000000,121.8,124.79,120.11,122.15,4463873.0,544922386.2147
2025-10-27 14:00:00+00:00,1761573600000,122.25,123.35,120.8,121.545,2314455.0,283002993.9165
2025-10-27 15:00:00+00:00,1761577200000,121.54,123.7,120.9,121.155,1667718.0,202966950.8412
2025-10-27 16:00:00+00:00,1761580800000,121.105,124.21,120.8,123.69,1373530.0,168371290.637
2025-10-27 17:00:00+00:00,1761584400000,123.715,125.5299,123.22,123.34,1559174.0,193740622.479
2025-10-27 18:00:00+00:00,1761588000000,123.14,125.35,122.5,125.065,1222910.0,151648911.206
2025-10-27 19:00:00+00:00,1761591600000,124.53,126.5,123.99,125.415,2512675.0,316106324.5725
2025-10-27 20:00:00+00:00,1761595200000,125.43,126.56,125.43,126.25,259672.0,32649183.7728
2025-10-27 21:00:00+00:00,1761598800000,126.25,126.5,126.16,126.46,50954.0,6433090.2666
2025-10-27 22:00:00+00:00,1761602400000,126.4982,126.5,126.32,126.4301,20244.0,2559722.214
2025-10-27 23:00:00+00:00,1761606000000,126.43,126.5,126.25,126.5,34808.0,4399494.5056
2025-10-28 00:00:00+00:00,1761609600000,126.51,126.92,126.49,126.76,10390.0,1317182.63
2025-10-28 01:00:00+00:00,1761613200000,126.73,127.81,126.33,127.09,22275.0,2829601.49
2025-10-28 02:00:00+00:00,1761616800000,127.1,127.8,127.0,127.7,7419.0,945798.08
2025-10-28 03:00:00+00:00,1761620400000,127.7,127.8,127.24,127.59,8891.0,1134585.19
2025-10-28 04:00:00+00:00,1761624000000,127.59,127.69,127.11,127.11,9819.0,1250077.05
2025-10-28 05:00:00+00:00,1761627600000,127.14,127.17,126.17,126.6,17191.0,2177862.56
2025-10-28 06:00:00+00:00,1761631200000,126.49,126.7,126.15,126.2,4137.0,523086.79
2025-10-28 07:00:00+00:00,1761634800000,126.21,126.4,125.5,125.61,7494.0,944182.42
2025-10-28 08:00:00+00:00,1761638400000,125.71,126.26,124.19,124.79,52501.0,6556041.3746
2025-10-28 09:00:00+00:00,1761642000000,124.67,124.71,123.14,124.12,46144.0,5722202.08
2025-10-28 10:00:00+00:00,1761645600000,124.14,124.7,123.51,124.65,14819.0,1839208.3185
2025-10-28 11:00:00+00:00,1761649200000,124.7,124.92,124.11,124.6,53939.0,6717083.0029
2025-10-28 12:00:00+00:00,1761652800000,124.89,127.67,123.2,125.19,290519.0,36288553.9786
2025-10-28 13:00:00+00:00,1761656400000,127.09,128.47,124.2,125.1,2484058.0,313181338.437
2025-10-28 14:00:00+00:00,1761660000000,125.78,126.66,124.05,125.44,2084348.0,261233627.6228
2025-10-28 15:00:00+00:00,1761663600000,125.44,126.75,125.01,125.8,1306895.0,164658314.84
2025-10-28 16:00:00+00:00,1761667200000,125.77,129.03,125.4,126.035,1731846.0,220588515.5274
2025-10-28 17:00:00+00:00,1761670800000,126.135,126.3584,124.22,126.165,1249164.0,156606566.4324
2025-10-28 18:00:00+00:00,1761674400000,126.23,126.4,123.5083,124.05,907791.0,113553669.8289
2025-10-28 19:00:00+00:00,1761678000000,124.13,124.58,120.78,121.86,2579997.0,315334973.331
2025-10-28 20:00:00+00:00,1761681600000,121.83,122.7346,121.5,122.44,137804.0,16828555.578
2025-10-28 21:00:00+00:00,1761685200000,122.44,123.5603,122.32,122.75,72180.0,8880334.272
2025-10-28 22:00:00+00:00,1761688800000,122.6,123.3,122.3657,122.8,23029.0,2826924.895
2025-10-28 23:00:00+00:00,1761692400000,123.09,123.49,122.75,123.36,72071.0,8881842.6554
2025-10-29 00:00:00+00:00,1761696000000,122.68,123.41,122.19,123.28,3253.0,400447.66
2025-10-29 01:00:00+00:00,1761699600000,123.28,123.57,123.2,123.49,4273.0,527326.06
2025-10-29 02:00:00+00:00,1761703200000,123.51,124.88,123.0,123.66,21523.0,2666234.69
2025-10-29 03:00:00+00:00,1761706800000,123.53,124.07,123.24,123.66,8624.0,1065897.34
2025-10-29 04:00:00+00:00,1761710400000,123.65,124.14,123.65,123.99,2208.0,273522.65
2025-10-29 05:00:00+00:00,1761714000000,123.81,124.02,123.29,123.8,5216.0,645594.58
2025-10-29 06:00:00+00:00,1761717600000,123.85,123.9,123.5,123.64,1788.0,221254.95
2025-10-29 07:00:00+00:00,1761721200000,123.63,123.76,123.29,123.5,4225.0,521734.74
2025-10-29 08:00:00+00:00,1761724800000,123.66,124.32,123.03,123.19,38576.0,4775890.1072
2025-10-29 09:00:00+00:00,1761728400000,123.3,123.49,122.65,123.14,31388.0,3863310.3712
2025-10-29 10:00:00+00:00,1761732000000,123.06,123.27,122.35,122.88,35132.0,4312853.5048
2025-10-29 11:00:00+00:00,1761735600000,122.88,123.63,122.64,122.91,38358.0,4725674.9136
2025-10-29 12:00:00+00:00,1761739200000,122.83,124.5,122.5,122.83,113855.0,14013421.4115
2025-10-29 13:00:00+00:00,1761742800000,123.46,125.0,120.19,123.49,2352868.0,288580201.3472
2025-10-29 14:00:00+00:00,1761746400000,123.275,125.0,122.402,123.555,1538513.0,190173284.1605
2025-10-29 15:00:00+00:00,1761750000000,123.99,124.7,122.8,123.195,1351526.0,167039017.7654
2025-10-29 16:00:00+00:00,1761753600000,123.08,123.29,120.03,122.01,1453384.0,176637896.4704
2025-10-29 17:00:00+00:00,1761757200000,122.14,123.0,121.55,121.85,710724.0,86849193.4968
2025-10-29 18:00:00+00:00,1761760800000,121.905,122.86,117.5,122.72,2828542.0,340254934.2228
2025-10-29 19:00:00+00:00,1761764400000,123.0,125.95,122.4018,125.095,2816307.0,350431671.8565
2025-10-29 20:00:00+00:00,1761768000000,125.1,125.99,123.21,124.01,222748.0,27774915.8908
2025-10-29 21:00:00+00:00,1761771600000,124.0,124.84,122.263,122.8,49556.0,6124621.0844
2025-10-29 22:00:00+00:00,1761775200000,122.2655,124.27,122.25,123.6,57401.0,7088541.3316
2025-10-29 23:00:00+00:00,1761778800000,123.59,123.76,123.04,123.41,26762.0,3299591.3518
2025-10-30 00:00:00+00:00,1761782400000,123.57,124.26,123.37,124.11,4843.0,600626.61
2025-10-30 01:00:00+00:00,1761786000000,124.11,124.51,123.99,124.23,4259.0,529422.82
2025-10-30 02:00:00+00:00,1761789600000,124.3,124.97,124.3,124.9,5474.0,682081.77
2025-10-30 03:00:00+00:00,1761793200000,124.91,125.0,124.69,124.95,8631.0,1077981.71
2025-10-30 04:00:00+00:00,1761796800000,124.91,124.91,122.99,124.05,15262.0,1890356.21
2025-10-30 05:00:00+00:00,1761800400000,123.87,124.51,123.59,123.99,3860.0,478715.06
2025-10-30 06:00:00+00:00,1761804000000,123.98,124.53,123.72,124.37,9588.0,1190584.7
2025-10-30 07:00:00+00:00,1761807600000,124.51,125.04,124.09,124.72,37305.0,4660224.88
2025-10-30 08:00:00+00:00,1761811200000,124.59,124.93,123.5,124.43,36289.0,4507191.7803
2025-10-30 09:00:00+00:00,1761814800000,124.25,124.25,122.7,123.46,21201.0,2619714.2856
2025-10-30 10:00:00+00:00,1761818400000,123.46,123.65,123.01,123.45,11640.0,1436040.768
2025-10-30 11:00:00+00:00,1761822000000,123.5,124.22,123.38,123.53,27753.0,3436270.9986
2025-10-30 12:00:00+00:00,1761825600000,120.47,125.0,120.21,121.19,442180.0,53849918.504
2025-10-30 13:00:00+00:00,1761829200000,121.1,123.6499,117.76,123.13,2857250.0,344433487.2
2025-10-30 14:00:00+00:00,1761832800000,123.13,125.3,122.4,123.47,1882078.0,233045108.8174
2025-10-30 15:00:00+00:00,1761836400000,123.945,124.88,122.64,123.08,1017731.0,126044864.8459
2025-10-30 16:00:00+00:00,1761840000000,122.95,125.78,122.67,125.56,1081464.0,134833146.396
2025-10-30 17:00:00+00:00,1761843600000,125.515,128.37,124.48,128.31,1330764.0,168512116.8684
2025-10-30 18:00:00+00:00,1761847200000,128.29,128.44,126.05,126.91,1309793.0,166696831.1928
2025-10-30 19:00:00+00:00,1761850800000,126.91,127.18,124.15,124.23,1499793.0,188300210.9844
2025-10-30 20:00:00+00:00,1761854400000,124.18,127.65,124.0,127.13,163725.0,20574845.9475
2025-10-30 21:00:00+00:00,1761858000000,127.13,128.0899,124.18,127.0,88156.0,11241212.34
2025-10-30 22:00:00+00:00,1761861600000,127.2,127.38,126.5,127.0,26159.0,3323432.9366
2025-10-30 23:00:00+00:00,1761865200000,127.0,127.3,126.43,127.15,21091.0,2677055.3208
2025-10-31 00:00:00+00:00,1761868800000,127.21,127.51,126.39,126.78,8926.0,1133521.96
2025-10-31 01:00:00+00:00,1761872400000,126.75,127.32,126.61,127.32,4225.0,536410.98
2025-10-31 02:00:00+00:00,1761876000000,127.37,127.51,126.5,126.86,4866.0,617909.97
2025-10-31 03:00:00+00:00,1761879600000,126.79,126.99,126.65,126.96,2150.0,272830.47
2025-10-31 04:00:00+00:00,1761883200000,126.94,127.2,126.86,126.97,1140.0,144875.48
2025-10-31 05:00:00+00:00,1761886800000,127.0,127.06,126.83,126.83,790.0,100301.87
2025-10-31 06:00:00+00:00,1761890400000,126.85,127.08,125.97,125.99,10311.0,1305212.76
2025-10-31 07:00:00+00:00,1761894000000,125.99,126.88,125.71,126.72,5660.0,714937.16
2025-10-31 08:00:00+00:00,1761897600000,126.5,126.69,125.57,126.69,32561.0,4106883.1129
2025-10-31 09:00:00+00:00,1761901200000,126.47,126.47,125.87,125.87,7033.0,887694.7105
2025-10-31 10:00:00+00:00,1761904800000,125.68,126.3,125.6,125.98,22204.0,2796844.7052
2025-10-31 11:00:00+00:00,1761908400000,126.0,126.59,125.8,126.19,47279.0,5965442.0087
2025-10-31 12:00:00+00:00,1761912000000,127.19,127.5,125.62,127.2,120579.0,15258404.2812
2025-10-31 13:00:00+00:00,1761915600000,126.8,130.41,126.0675,129.76,2396186.0,308438020.3944
2025-10-31 14:00:00+00:00,1761919200000,129.88,132.1499,128.5527,131.66,3252926.0,423838691.9996
2025-10-31 15:00:00+00:00,1761922800000,131.69,131.98,128.63,129.04,1677032.0,219120665.7136
2025-10-31 16:00:00+00:00,1761926400000,128.46,130.355,126.9,129.04,1623357.0,208654295.9382
2025-10-31 17:00:00+00:00,1761930000000,129.05,129.95,127.51,129.53,988126.0,127227250.0686
2025-10-31 18:00:00+00:00,1761933600000,129.99,131.25,129.54,131.07,940901.0,122814960.7191
2025-10-31 19:00:00+00:00,1761937200000,131.095,131.98,130.68,130.76,1539004.0,202152792.412
2025-10-31 20:00:00+00:00,1761940800000,131.0,131.0,129.1,130.78,73007.0,9510986.925
2025-10-31 21:00:00+00:00,1761944400000,130.78,130.78,130.3,130.6,13869.0,1811029.2759
2025-10-31 22:00:00+00:00,1761948000000,130.5999,130.5999,130.1,130.4912,18645.0,2429544.183
2025-10-31 23:00:00+00:00,1761951600000,130.48,130.5,130.1095,130.1538,46657.0,6081124.0776
2025-11-03 01:00:00+00:00,1762131600000,129.6,132.54,129.6,132.05,13682.0,1804048.95
2025-11-03 02:00:00+00:00,1762135200000,132.11,132.15,130.11,130.6,23438.0,3072242.82
2025-11-03 03:00:00+00:00,1762138800000,130.9,131.51,130.6,131.21,9032.0,1184293.74
2025-11-03 04:00:00+00:00,1762142400000,131.26,131.56,131.08,131.41,2505.0,328907.17
2025-11-03 05:00:00+00:00,1762146000000,131.33,131.49,131.06,131.11,4807.0,630781.85
2025-11-03 06:00:00+00:00,1762149600000,131.12,131.2,130.99,131.17,6687.0,876479.22
2025-11-03 07:00:00+00:00,1762153200000,131.15,131.19,130.68,131.0,10270.0,1344442.66
2025-11-03 08:00:00+00:00,1762156800000,130.98,131.21,130.81,131.11,6484.0,850117.54
2025-11-03 09:00:00+00:00,1762160400000,130.5,131.61,130.37,131.01,68926.0,9034496.1278
2025-11-03 10:00:00+00:00,1762164000000,131.09,131.21,130.41,130.46,31123.0,4073515.1812
2025-11-03 11:00:00+00:00,1762167600000,130.46,134.0,130.46,132.75,169104.0,22376669.8896
2025-11-03 12:00:00+00:00,1762171200000,132.5,134.0,132.1,133.29,135892.0,18075742.326
2025-11-03 13:00:00+00:00,1762174800000,133.05,134.0,130.4,133.04,269896.0,35801704.4
2025-11-03 14:00:00+00:00,1762178400000,132.96,134.93,126.812,126.99,3514571.0,460224988.9367
2025-11-03 15:00:00+00:00,1762182000000,126.87,127.14,122.71,124.03,4558189.0,569480989.2662
2025-11-03 16:00:00+00:00,1762185600000,124.08,124.7,122.0218,124.55,1759573.0,217123566.0788
2025-11-03 17:00:00+00:00,1762189200000,124.395,125.49,123.49,124.885,1108088.0,137731903.3272
2025-11-03 18:00:00+00:00,1762192800000,124.905,125.18,122.59,123.18,909764.0,112450742.3852
2025-11-03 19:00:00+00:00,1762196400000,123.05,123.1999,121.5,122.18,1393028.0,170426110.1816
2025-11-03 20:00:00+00:00,1762200000000,122.22,122.27,119.7501,120.46,2285243.0,275990168.2558
2025-11-03 21:00:00+00:00,1762203600000,120.47,121.45,120.12,121.25,302605.0,36499458.5875
2025-11-03 22:00:00+00:00,1762207200000,121.2,121.3,120.6,120.6,53888.0,6514951.424
2025-11-03 23:00:00+00:00,1762210800000,120.79,120.8614,120.3849,120.7614,32735.0,3947022.625
2025-11-04 00:00:00+00:00,1762214400000,120.4004,120.75,119.0,119.6,79336.0,9496987.2824
2025-11-04 01:00:00+00:00,1762218000000,121.0,121.0,118.31,118.79,14851.0,1766241.17
2025-11-04 02:00:00+00:00,1762221600000,118.74,118.82,118.01,118.44,11628.0,1377634.2
2025-11-04 03:00:00+00:00,1762225200000,118.44,119.32,117.13,118.99,20445.0,2412622.46
2025-11-04 04:00:00+00:00,1762228800000,119.05,119.07,118.06,118.48,5416.0,641830.84
2025-11-04 05:00:00+00:00,1762232400000,118.21,118.49,113.88,116.37,49030.0,5679672.61
2025-11-04 06:00:00+00:00,1762236000000,116.39,120.76,114.49,118.99,67229.0,7925712.08
2025-11-04 07:00:00+00:00,1762239600000,118.78,119.1,117.13,117.5,22931.0,2702926.57
2025-11-04 08:00:00+00:00,1762243200000,117.45,117.96,116.04,117.42,37394.0,4375505.54
2025-11-04 09:00:00+00:00,1762246800000,116.75,119.0,114.5,114.72,169861.0,19658675.9879
2025-11-04 10:00:00+00:00,1762250400000,114.88,115.71,114.49,115.19,57925.0,6665904.735
2025-11-04 11:00:00+00:00,1762254000000,115.68,115.8,115.03,115.29,36406.0,4200658.9822
2025-11-04 12:00:00+00:00,1762257600000,115.32,115.48,113.5,113.5,166744.0,19083617.3584
2025-11-04 13:00:00+00:00,1762261200000,115.27,120.75,113.4,114.3,642950.0,73967861.275
2025-11-04 14:00:00+00:00,1762264800000,112.345,116.2,109.0,115.66,4646109.0,524161008.2748
2025-11-04 15:00:00+00:00,1762268400000,115.72,116.78,112.56,113.15,2210384.0,254095797.912
2025-11-04 16:00:00+00:00,1762272000000,113.28,114.23,111.66,112.155,2722362.0,307960667.5812
2025-11-04 17:00:00+00:00,1762275600000,111.75,112.14,110.22,111.27,1336457.0,148486119.4651
2025-11-04 18:00:00+00:00,1762279200000,111.25,111.5707,109.4,111.5,1427964.0,157504714.7928
2025-11-04 19:00:00+00:00,1762282800000,111.235,112.1799,110.0,110.67,1090761.0,121129772.5827
2025-11-04 20:00:00+00:00,1762286400000,111.1,111.83,109.83,110.61,2227442.0,246767830.2026
2025-11-04 21:00:00+00:00,1762290000000,110.54,110.87,106.09,109.5,304152.0,33018497.7984
2025-11-04 22:00:00+00:00,1762293600000,108.99,109.5,108.11,108.3,84034.0,9135378.157
2025-11-04 23:00:00+00:00,1762297200000,108.4,108.97,107.2,107.7,73304.0,7897728.9776
2025-11-05 00:00:00+00:00,1762300800000,107.75,107.8,105.35,105.94,113755.0,12123097.86
2025-11-05 01:00:00+00:00,1762304400000,108.1,108.1,103.7,106.01,64387.0,6746213.45
2025-11-05 02:00:00+00:00,1762308000000,105.52,111.19,105.52,110.78,55420.0,6005939.0
2025-11-05 03:00:00+00:00,1762311600000,111.01,113.75,110.71,111.86,77285.0,8692092.46
2025-11-05 04:00:00+00:00,1762315200000,111.84,112.21,109.11,109.58,26013.0,2877173.29
2025-11-05 05:00:00+00:00,1762318800000,109.67,111.25,108.87,110.37,27803.0,3054343.47
2025-11-05 06:00:00+00:00,1762322400000,110.24,111.44,109.78,110.06,13418.0,1486178.35
2025-11-05 07:00:00+00:00,1762326000000,110.08,110.41,108.09,108.45,24984.0,2725535.42
2025-11-05 08:00:00+00:00,1762329600000,108.46,109.48,107.8,108.9,16002.0,1735994.99
2025-11-05 09:00:00+00:00,1762333200000,109.0,111.2,109.0,110.55,75876.0,8390170.8024
2025-11-05 10:00:00+00:00,1762336800000,110.74,110.75,109.15,109.15,12374.0,1362492.4782
2025-11-05 11:00:00+00:00,1762340400000,109.65,111.25,109.65,110.8,41037.0,4539488.3178
2025-11-05 12:00:00+00:00,1762344000000,110.96,114.66,110.49,113.9,155334.0,17589183.3564
2025-11-05 13:00:00+00:00,1762347600000,109.0,115.7,108.0,114.65,802602.0,90190794.546
2025-11-05 14:00:00+00:00,1762351200000,113.59,115.93,111.43,115.47,3788850.0,430371682.65
2025-11-05 15:00:00+00:00,1762354800000,115.05,117.39,113.1,116.49,2032643.0,234445856.6772
2025-11-05 16:00:00+00:00,1762358400000,116.33,116.9,114.14,116.21,1211405.0,139922486.5415
2025-11-05 17:00:00+00:00,1762362000000,116.355,116.48,115.0,115.98,578272.0,66998825.2288
2025-11-05 18:00:00+00:00,1762365600000,116.02,116.2,114.6,115.645,709535.0,81875159.3945
2025-11-05 19:00:00+00:00,1762369200000,115.32,116.66,113.8,116.5,961100.0,110561868.48
2025-11-05 20:00:00+00:00,1762372800000,116.42,118.21,115.88,116.945,2205205.0,258003471.9875
2025-11-05 21:00:00+00:00,1762376400000,117.03,117.9,116.1762,117.14,188373.0,22076241.8739
2025-11-05 22:00:00+00:00,1762380000000,117.15,123.4999,116.9984,122.49,233187.0,28117012.2177
2025-11-05 23:00:00+00:00,1762383600000,122.49,122.79,120.68,121.81,110181.0,13426524.4428
2025-11-06 00:00:00+00:00,1762387200000,121.81,122.35,121.11,121.82,90770.0,11072142.754
2025-11-06 01:00:00+00:00,1762390800000,118.3,121.56,118.3,121.24,27666.0,3327662.96
2025-11-06 02:00:00+00:00,1762394400000,121.24,121.36,120.02,120.87,17962.0,2166103.97
2025-11-06 03:00:00+00:00,1762398000000,120.98,121.37,120.64,120.69,8640.0,1045539.51
2025-11-06 04:00:00+00:00,1762401600000,120.69,121.45,120.61,121.39,7333.0,887533.44
2025-11-06 05:00:00+00:00,1762405200000,121.39,121.44,120.7,120.73,5406.0,653892.44
2025-11-06 06:00:00+00:00,1762408800000,120.73,121.15,120.59,120.62,3756.0,453767.54
2025-11-06 07:00:00+00:00,1762412400000,120.72,121.23,120.63,120.67,10245.0,1239201.56
2025-11-06 08:00:00+00:00,1762416000000,120.69,120.79,119.74,120.71,17427.0,2095939.66
2025-11-06 09:00:00+00:00,1762419600000,120.0,121.91,120.0,121.26,33087.0,4010481.8874
2025-11-06 10:00:00+00:00,1762423200000,121.38,121.97,121.25,121.55,13936.0,1694225.9984
2025-11-06 11:00:00+00:00,1762426800000,121.3,122.47,121.3,122.0,23473.0,2863039.3668
2025-11-06 12:00:00+00:00,1762430400000,122.0,123.02,121.6,121.7,64546.0,7899242.7536
2025-11-06 13:00:00+00:00,1762434000000,122.95,123.0335,120.0,120.55,210972.0,25613751.8676
2025-11-06 14:00:00+00:00,1762437600000,119.17,121.0,116.4601,116.7,2824986.0,335504942.3124
2025-11-06 15:00:00+00:00,1762441200000,116.65,118.91,112.04,112.76,3628529.0,417971344.0687
2025-11-06 16:00:00+00:00,1762444800000,112.92,115.35,109.28,111.0,2635949.0,295335943.4784
2025-11-06 17:00:00+00:00,1762448400000,111.17,111.515,108.41,110.705,2285591.0,251369069.6209
2025-11-06 18:00:00+00:00,1762452000000,110.72,111.3,109.45,109.46,1304742.0,144092444.625
2025-11-06 19:00:00+00:00,1762455600000,109.44,111.87,109.43,110.91,1380227.0,152961310.8891
2025-11-06 20:00:00+00:00,1762459200000,110.99,111.0997,108.51,109.39,1825316.0,200138963.1992
2025-11-06 21:00:00+00:00,1762462800000,109.88,112.71,109.09,109.88,177221.0,19539412.7445
2025-11-06 22:00:00+00:00,1762466400000,110.7,110.9846,109.5,109.5,87796.0,9667401.9316
2025-11-06 23:00:00+00:00,1762470000000,109.3543,110.34,109.1377,110.34,46822.0,5148565.8488
2025-11-07 00:00:00+00:00,1762473600000,110.25,110.99,110.0,110.99,32300.0,3564702.29
2025-11-07 01:00:00+00:00,1762477200000,110.74,110.95,108.77,109.87,13344.0,1467997.97
2025-11-07 02:00:00+00:00,1762480800000,109.89,110.01,108.23,109.0,19120.0,2082639.08
2025-11-07 03:00:00+00:00,1762484400000,108.98,110.01,108.73,108.77,19285.0,2106446.5
2025-11-07 04:00:00+00:00,1762488000000,108.74,109.51,108.23,108.97,7870.0,856175.97
2025-11-07 05:00:00+00:00,1762491600000,108.97,110.84,108.97,110.15,12068.0,1330644.41
2025-11-07 06:00:00+00:00,1762495200000,110.43,111.45,110.43,110.86,10829.0,1201188.6
2025-11-07 07:00:00+00:00,1762498800000,110.9,111.34,110.61,111.28,4576.0,508177.4
2025-11-07 08:00:00+00:00,1762502400000,111.28,113.99,110.65,110.84,33185.0,3712150.77
2025-11-07 09:00:00+00:00,1762506000000,111.19,111.37,109.03,109.21,26963.0,2969359.6936
2025-11-07 10:00:00+00:00,1762509600000,109.27,109.27,107.69,108.4,41422.0,4488608.0438
2025-11-07 11:00:00+00:00,1762513200000,107.73,107.73,104.86,107.49,119162.0,12671079.3538
2025-11-07 12:00:00+00:00,1762516800000,107.56,108.25,104.72,105.55,169168.0,17961547.7344
2025-11-07 13:00:00+00:00,1762520400000,106.0,113.75,104.5,105.0,409169.0,43641597.2879
2025-11-07 14:00:00+00:00,1762524000000,104.6,106.62,101.26,105.33,3336583.0,346070055.1017
2025-11-07 15:00:00+00:00,1762527600000,105.53,107.5,102.675,104.76,2599900.0,272853005.25
2025-11-07 16:00:00+00:00,1762531200000,104.91,105.14,102.245,102.81,1684482.0,174559669.1442
2025-11-07 17:00:00+00:00,1762534800000,103.005,106.1399,101.78,105.21,1824530.0,190325664.497
2025-11-07 18:00:00+00:00,1762538400000,105.185,108.75,104.72,107.15,2001456.0,213691854.4992
2025-11-07 19:00:00+00:00,1762542000000,107.11,110.47,106.88,110.44,1786877.0,194586259.4198
2025-11-07 20:00:00+00:00,1762545600000,110.38,111.3,109.2401,111.17,2476214.0,273551322.5224
2025-11-07 21:00:00+00:00,1762549200000,112.12,113.999,111.2,113.56,298352.0,33655239.3376
2025-11-07 22:00:00+00:00,1762552800000,113.75,115.96,113.46,115.0,211941.0,24304885.2216
2025-11-07 23:00:00+00:00,1762556400000,114.97,115.3,114.55,114.9,51768.0,5946817.9392
2025-11-08 00:00:00+00:00,1762560000000,114.9,115.2,114.31,114.81,48911.0,5618391.8967
2025-11-10 01:00:00+00:00,1762736400000,115.15,120.0,114.99,118.64,88491.0,10488530.99000001
2025-11-10 02:00:00+00:00,1762740000000,118.67,118.9,117.9,118.19,29468.0,3491816.66
2025-11-10 03:00:00+00:00,1762743600000,118.31,119.0,118.2,118.7,20507.0,2431926.1
2025-11-10 04:00:00+00:00,1762747200000,118.7,118.85,118.53,118.61,9028.0,1071741.84
2025-11-10 05:00:00+00:00,1762750800000,118.62,118.76,117.51,117.86,32065.0,3783854.4
2025-11-10 06:00:00+00:00,1762754400000,117.81,117.86,116.77,116.77,19376.0,2272705.29
2025-11-10 07:00:00+00:00,1762758000000,116.76,117.26,116.27,117.25,20522.0,2394410.0
2025-11-10 08:00:00+00:00,1762761600000,117.25,117.3,116.44,116.99,11116.0,1300016.42
2025-11-10 09:00:00+00:00,1762765200000,116.4,118.0,116.4,117.4,65112.0,7627076.4336
2025-11-10 10:00:00+00:00,1762768800000,117.3,117.34,116.5,116.74,34562.0,4041044.3392
2025-11-10 11:00:00+00:00,1762772400000,116.74,117.04,115.93,116.75,33936.0,3952956.9072
2025-11-10 12:00:00+00:00,1762776000000,116.84,117.5,116.3,116.88,78617.0,9187119.7264
2025-11-10 13:00:00+00:00,1762779600000,117.15,118.75,115.7901,115.8789,371368.0,43334597.6888
2025-11-10 14:00:00+00:00,1762783200000,115.4,118.37,113.1,115.14,3579737.0,414140847.4511
2025-11-10 15:00:00+00:00,1762786800000,114.9,116.96,111.52,111.56,2784025.0,319253334.0325
2025-11-10 16:00:00+00:00,1762790400000,111.49,111.67,108.72,110.13,3119463.0,344870672.2335
2025-11-10 17:00:00+00:00,1762794000000,110.02,113.3,109.9001,112.65,1767408.0,197897910.9456
2025-11-10 18:00:00+00:00,1762797600000,112.7,114.455,112.554,113.255,2315786.0,263093900.0954
2025-11-10 19:00:00+00:00,1762801200000,113.17,113.99,112.44,113.385,1525327.0,172491451.2623
2025-11-10 20:00:00+00:00,1762804800000,113.64,113.83,109.45,110.04,4312287.0,479806613.055
2025-11-10 21:00:00+00:00,1762808400000,109.3,113.0,108.7627,112.97,557701.0,61657080.2158
2025-11-10 22:00:00+00:00,1762812000000,112.47,112.65,109.4,111.6,245625.0,27229447.125
2025-11-10 23:00:00+00:00,1762815600000,111.77,111.8,110.9,111.15,68572.0,7629608.7224
2025-11-11 00:00:00+00:00,1762819200000,111.2612,111.5,110.2278,110.5,87143.0,9647958.8163
2025-11-11 01:00:00+00:00,1762822800000,112.05,112.48,110.69,112.2,14257.0,1590217.39
2025-11-11 02:00:00+00:00,1762826400000,112.2,112.49,111.52,112.46,15596.0,1747788.84
2025-11-11 03:00:00+00:00,1762830000000,112.45,112.48,111.79,112.08,11705.0,1311503.26
2025-11-11 04:00:00+00:00,1762833600000,112.1,112.2,111.46,111.49,7085.0,792296.74
2025-11-11 05:00:00+00:00,1762837200000,111.77,111.79,109.94,110.13,19896.0,2205152.0
2025-11-11 06:00:00+00:00,1762840800000,110.07,111.77,110.07,111.6,14666.0,1629279.15
2025-11-11 07:00:00+00:00,1762844400000,111.16,111.39,110.49,110.55,9267.0,1027275.97
2025-11-11 08:00:00+00:00,1762848000000,110.89,111.7,110.2,111.26,18174.0,2021452.64
2025-11-11 09:00:00+00:00,1762851600000,111.0,111.38,109.0,109.4,58211.0,6425493.1708
2025-11-11 10:00:00+00:00,1762855200000,109.48,110.49,108.69,110.1,53358.0,5848879.8564
2025-11-11 11:00:00+00:00,1762858800000,110.1,111.3,110.1,110.98,63272.0,7012315.5432
2025-11-11 12:00:00+00:00,1762862400000,111.0,114.0,99.62,109.95,1739510.0,189377322.582
2025-11-11 13:00:00+00:00,1762866000000,103.01,118.53,100.0,114.5726,2762287.0,313188652.5174
2025-11-11 14:00:00+00:00,1762869600000,113.99,115.2,104.0,108.29,7449832.0,804971482.2136
2025-11-11 15:00:00+00:00,1762873200000,107.89,109.11,102.62,104.165,5729781.0,600062201.8089
2025-11-11 16:00:00+00:00,1762876800000,104.39,112.78,104.1,111.8,4690103.0,512639514.1472
2025-11-11 17:00:00+00:00,1762880400000,111.8,114.56,105.68,106.1,6328722.0,693576035.6796
2025-11-11 18:00:00+00:00,1762884000000,105.62,106.4798,102.51,104.3,4669592.0,487070198.8256
2025-11-11 19:00:00+00:00,1762887600000,104.18,104.4,100.91,101.46,4581606.0,468582379.1682
2025-11-11 20:00:00+00:00,1762891200000,101.3,102.8999,99.83,102.16,5468982.0,552757120.4166
2025-11-11 21:00:00+00:00,1762894800000,102.22,103.55,101.66,102.8002,536769.0,55453014.9441
2025-11-11 22:00:00+00:00,1762898400000,102.8,103.98,102.8,103.65,166904.0,17273863.0032
2025-11-11 23:00:00+00:00,1762902000000,103.64,103.69,102.75,102.95,83858.0,8655638.2724
2025-11-12 00:00:00+00:00,1762905600000,103.0,103.0,102.35,102.75,71983.0,7394928.7628
2025-11-12 01:00:00+00:00,1762909200000,103.31,104.26,102.35,104.2,31365.0,3238305.59
2025-11-12 02:00:00+00:00,1762912800000,104.21,104.21,103.21,103.58,26266.0,2727870.83
2025-11-12 03:00:00+00:00,1762916400000,103.51,103.92,103.11,103.65,16641.0,1722481.3
2025-11-12 04:00:00+00:00,1762920000000,103.64,103.71,102.75,103.25,19048.0,1965477.06
2025-11-12 05:00:00+00:00,1762923600000,103.19,103.62,102.99,103.57,8129.0,839639.13
2025-11-12 06:00:00+00:00,1762927200000,103.56,104.09,103.56,104.0,16716.0,1737164.07
2025-11-12 07:00:00+00:00,1762930800000,103.99,104.16,103.65,103.72,15406.0,1601845.14
2025-11-12 08:00:00+00:00,1762934400000,103.7,103.97,103.52,103.6,16805.0,1743653.56
2025-11-12 09:00:00+00:00,1762938000000,103.8,104.03,102.91,102.93,52461.0,5436281.6172
2025-11-12 10:00:00+00:00,1762941600000,102.9,103.19,101.29,101.58,89982.0,9185686.4952
2025-11-12 11:00:00+00:00,1762945200000,101.5,102.16,100.62,101.37,75755.0,7675292.0615
2025-11-12 12:00:00+00:00,1762948800000,101.53,103.83,100.8,103.3,215326.0,22113118.896
2025-11-12 13:00:00+00:00,1762952400000,102.66,104.16,100.7597,102.66,473320.0,48713715.744
2025-11-12 14:00:00+00:00,1762956000000,104.28,105.6499,97.82,97.94,4911125.0,499564055.0125
2025-11-12 15:00:00+00:00,1762959600000,98.18,100.2085,94.0,95.93,8080060.0,782461698.316
2025-11-12 16:00:00+00:00,1762963200000,96.04,96.2999,91.71,93.37,7818430.0,731360179.333
2025-11-12 17:00:00+00:00,1762966800000,93.54,95.7802,92.7,94.36,3788529.0,356932471.206
2025-11-12 18:00:00+00:00,1762970400000,94.44,94.8,92.51,94.555,2655974.0,248473007.635
2025-11-12 19:00:00+00:00,1762974000000,94.61,94.7,92.37,93.68,2724776.0,254454569.148
2025-11-12 20:00:00+00:00,1762977600000,93.82,95.62,92.95,94.375,3688222.0,347146888.1282
2025-11-12 21:00:00+00:00,1762981200000,93.69,94.57,93.5,94.46,364076.0,34298325.694
2025-11-12 22:00:00+00:00,1762984800000,94.35,94.4,93.98,94.28,93748.0,8830649.1088
2025-11-12 23:00:00+00:00,1762988400000,94.32,95.06,93.3501,93.99,227996.0,21493046.1224
2025-11-13 00:00:00+00:00,1762992000000,94.0,94.3868,93.1,93.68,68537.0,6424706.3559
2025-11-13 01:00:00+00:00,1762995600000,94.99,95.96,93.43,95.06,56968.0,5409155.66
2025-11-13 02:00:00+00:00,1762999200000,95.1,95.51,94.89,94.95,26436.0,2516897.42
2025-11-13 03:00:00+00:00,1763002800000,94.91,94.93,93.99,94.16,23712.0,2239747.56
2025-11-13 04:00:00+00:00,1763006400000,94.24,94.41,94.1,94.21,10654.0,1004079.22
2025-11-13 05:00:00+00:00,1763010000000,94.29,94.4,94.08,94.2,16532.0,1557896.25
2025-11-13 06:00:00+00:00,1763013600000,94.36,95.01,94.19,94.82,17310.0,1639596.68
2025-11-13 07:00:00+00:00,1763017200000,94.9,94.97,94.08,94.19,11274.0,1066325.31
2025-11-13 08:00:00+00:00,1763020800000,94.09,94.47,93.8,94.04,9922.0,933639.87
2025-11-13 09:00:00+00:00,1763024400000,94.86,94.97,92.25,93.08,64330.0,5999570.192
2025-11-13 10:00:00+00:00,1763028000000,93.11,94.0,93.11,93.49,19735.0,1846278.3225
2025-11-13 11:00:00+00:00,1763031600000,93.47,93.84,92.71,93.12,18481.0,1722246.2381
2025-11-13 12:00:00+00:00,1763035200000,93.28,93.46,92.47,92.91,70799.0,6579004.1549
2025-11-13 13:00:00+00:00,1763038800000,92.84,95.13,91.15,91.83,479431.0,44343484.1089
2025-11-13 14:00:00+00:00,1763042400000,90.855,92.17,84.5,88.21,11634812.0,1019109471.8168
2025-11-13 15:00:00+00:00,1763046000000,88.52,91.0,86.83,88.18,6850450.0,608960477.075
2025-11-13 16:00:00+00:00,1763049600000,87.98,89.61,87.38,87.8,3548483.0,313367953.1232
2025-11-13 17:00:00+00:00,1763053200000,88.0,90.27,87.63,88.73,4991197.0,444046832.302
2025-11-13 18:00:00+00:00,1763056800000,88.84,89.62,86.52,87.115,3996337.0,350283334.0207
2025-11-13 19:00:00+00:00,1763060400000,87.06,88.2499,86.04,86.69,2888485.0,250948977.1635
2025-11-13 20:00:00+00:00,1763064000000,86.76,89.48,86.23,88.61,5979604.0,526676344.7952
2025-11-13 21:00:00+00:00,1763067600000,88.64,91.25,87.7,88.55,322536.0,28680191.4024
2025-11-13 22:00:00+00:00,1763071200000,87.82,88.5,87.28,88.1,82979.0,7282784.7014
2025-11-13 23:00:00+00:00,1763074800000,88.1,88.99,87.87,88.0041,64532.0,5703596.288
2025-11-14 00:00:00+00:00,1763078400000,88.0059,88.125,87.12,87.4,85605.0,7501078.2015
2025-11-14 01:00:00+00:00,1763082000000,87.06,87.94,85.7,86.29,43916.0,3791771.23
2025-11-14 02:00:00+00:00,1763085600000,86.27,86.87,86.16,86.87,22970.0,1985692.27
2025-11-14 03:00:00+00:00,1763089200000,86.91,87.01,85.95,86.12,19614.0,1694981.48
2025-11-14 04:00:00+00:00,1763092800000,86.11,86.14,84.5,84.84,87930.0,7485429.36
2025-11-14 05:00:00+00:00,1763096400000,84.97,86.49,84.73,86.43,49084.0,4197397.82
2025-11-14 06:00:00+00:00,1763100000000,86.43,86.5,85.52,86.5,32486.0,2789175.32
2025-11-14 07:00:00+00:00,1763103600000,86.31,86.68,85.53,86.13,24222.0,2087076.38
2025-11-14 08:00:00+00:00,1763107200000,86.12,86.4,84.92,85.89,61353.0,5242225.55
2025-11-14 09:00:00+00:00,1763110800000,85.4,86.5,84.98,85.8,102989.0,8814323.8639
2025-11-14 10:00:00+00:00,1763114400000,85.58,86.09,85.38,85.7,34409.0,2954040.1772
2025-11-14 11:00:00+00:00,1763118000000,85.6,85.6,83.53,84.38,195582.0,16500118.9644
2025-11-14 12:00:00+00:00,1763121600000,84.43,84.47,80.0,81.42,622492.0,50880379.6072
2025-11-14 13:00:00+00:00,1763125200000,82.41,86.65,80.0225,82.43,1133128.0,93692008.8032
2025-11-14 14:00:00+00:00,1763128800000,82.85,88.95,81.7105,88.27,6733665.0,574753322.808
2025-11-14 15:00:00+00:00,1763132400000,88.35,89.0,83.55,87.57,7619334.0,656823163.6032
2025-11-14 16:00:00+00:00,1763136000000,87.49,88.28,85.5,86.835,3376316.0,293402873.2948
2025-11-14 17:00:00+00:00,1763139600000,86.895,87.4,84.2501,84.4,2442184.0,209914018.2256
2025-11-14 18:00:00+00:00,1763143200000,84.45,85.59,83.382,84.33,2458482.0,207286418.1336
2025-11-14 19:00:00+00:00,1763146800000,84.115,86.39,83.29,86.36,2450372.0,207596741.026
2025-11-14 20:00:00+00:00,1763150400000,86.335,86.53,82.82,83.51,3934345.0,331714069.378
2025-11-14 21:00:00+00:00,1763154000000,83.39,84.31,83.03,83.93,146418.0,12243517.0854
2025-11-14 22:00:00+00:00,1763157600000,83.7525,84.75,83.7525,84.746,58905.0,4962475.287
2025-11-14 23:00:00+00:00,1763161200000,84.75,85.22,84.2,85.19,57119.0,4852567.4926
2025-11-15 00:00:00+00:00,1763164800000,85.18,85.9598,84.8,85.9,58411.0,4989146.3595
2025-11-17 01:00:00+00:00,1763341200000,85.92,88.46,85.49,87.46,112364.0,9803717.07
2025-11-17 02:00:00+00:00,1763344800000,87.46,87.96,87.13,87.52,36617.0,3206170.63
2025-11-17 03:00:00+00:00,1763348400000,87.52,87.7,87.13,87.33,15291.0,1336280.56
2025-11-17 04:00:00+00:00,1763352000000,87.36,87.51,87.15,87.33,14965.0,1307963.84
2025-11-17 05:00:00+00:00,1763355600000,87.31,87.41,85.99,86.22,41924.0,3634830.25
2025-11-17 06:00:00+00:00,1763359200000,86.19,86.41,85.13,85.42,22799.0,1956306.49
2025-11-17 07:00:00+00:00,1763362800000,85.53,86.21,85.49,85.88,20893.0,1793562.25
2025-11-17 08:00:00+00:00,1763366400000,85.88,87.12,85.72,86.43,31648.0,2730690.29
2025-11-17 09:00:00+00:00,1763370000000,86.6,86.9,85.98,86.34,87699.0,7584832.1829
2025-11-17 10:00:00+00:00,1763373600000,86.34,86.6,85.27,85.6,75342.0,6473459.982
2025-11-17 11:00:00+00:00,1763377200000,85.54,86.67,85.15,85.71,79614.0,6846350.2002
2025-11-17 12:00:00+00:00,1763380800000,86.13,86.5,85.1,85.5,139849.0,11970375.155
2025-11-17 13:00:00+00:00,1763384400000,86.49,87.35,83.9,84.91,537462.0,45873940.3398
2025-11-17 14:00:00+00:00,1763388000000,84.71,89.03,83.59,87.81,4765044.0,410791107.7092
2025-11-17 15:00:00+00:00,1763391600000,87.925,89.65,86.51,87.465,4813713.0,424638322.6959
2025-11-17 16:00:00+00:00,1763395200000,88.035,88.85,86.55,88.69,2123207.0,186031363.2467
2025-11-17 17:00:00+00:00,1763398800000,88.78,89.1,87.1,87.5,1559119.0,137520532.276
2025-11-17 18:00:00+00:00,1763402400000,87.595,88.24,85.8301,86.135,1928707.0,167801366.414
2025-11-17 19:00:00+00:00,1763406000000,85.98,87.0,84.32,84.48,2831501.0,241511462.0445
2025-11-17 20:00:00+00:00,1763409600000,84.44,86.44,84.1,85.96,3286229.0,280465185.7424
2025-11-17 21:00:00+00:00,1763413200000,86.21,86.92,85.6,86.2,384137.0,33114145.948
2025-11-17 22:00:00+00:00,1763416800000,86.351,86.6,86.2,86.6,45865.0,3961896.6705
2025-11-17 23:00:00+00:00,1763420400000,86.65,86.84,86.0205,86.4,46497.0,4021623.1737
2025-11-18 00:00:00+00:00,1763424000000,86.35,86.3978,85.01,85.3,63751.0,5463715.704
2025-11-18 01:00:00+00:00,1763427600000,86.0,87.59,85.21,86.89,14370.0,1242886.81
2025-11-18 02:00:00+00:00,1763431200000,86.89,86.89,85.14,85.14,13799.0,1187186.84
2025-11-18 03:00:00+00:00,1763434800000,85.12,85.74,83.54,83.75,35923.0,3032603.11
2025-11-18 04:00:00+00:00,1763438400000,83.8,84.51,81.97,84.29,83096.0,6903059.34
2025-11-18 05:00:00+00:00,1763442000000,84.21,84.84,83.59,84.0,17386.0,1465217.61
2025-11-18 06:00:00+00:00,1763445600000,84.0,84.58,83.17,83.81,13665.0,1144981.35
2025-11-18 07:00:00+00:00,1763449200000,83.69,84.67,83.15,84.1,16792.0,1407130.36
2025-11-18 08:00:00+00:00,1763452800000,84.04,85.6,84.04,85.05,24142.0,2053503.87
2025-11-18 09:00:00+00:00,1763456400000,85.4,85.89,84.89,85.41,25146.0,2145124.7928
2025-11-18 10:00:00+00:00,1763460000000,85.47,85.7,85.14,85.58,18326.0,1567613.3704
2025-11-18 11:00:00+00:00,1763463600000,85.56,85.9,85.0,85.65,24950.0,2131064.33
2025-11-18 12:00:00+00:00,1763467200000,85.62,85.7,83.28,83.68,85247.0,7182886.6459
2025-11-18 13:00:00+00:00,1763470800000,85.01,86.0,83.16,84.4506,748772.0,63975903.3292
2025-11-18 14:00:00+00:00,1763474400000,84.53,85.6,82.65,83.3,3050816.0,256139799.5648
2025-11-18 15:00:00+00:00,1763478000000,83.2,85.95,81.71,85.5,3492601.0,293736126.3424
2025-11-18 16:00:00+00:00,1763481600000,85.37,90.3133,84.52,88.085,4430573.0,389874473.9372
2025-11-18 17:00:00+00:00,1763485200000,88.14,92.4,88.01,91.83,4591781.0,414723231.4266
2025-11-18 18:00:00+00:00,1763488800000,91.9,93.45,91.3,92.29,2928271.0,270764042.1505
2025-11-18 19:00:00+00:00,1763492400000,92.31,93.69,91.7201,93.33,2171156.0,201320005.8688
2025-11-18 20:00:00+00:00,1763496000000,93.23,93.61,90.38,90.545,3612391.0,331375463.603
2025-11-18 21:00:00+00:00,1763499600000,90.19,90.85,89.05,89.93,226524.0,20372979.5976
2025-11-18 22:00:00+00:00,1763503200000,89.565,90.3,89.33,90.0,30750.0,2764508.025
2025-11-18 23:00:00+00:00,1763506800000,90.0,91.6,90.0,91.0,71673.0,6523081.5741
2025-11-19 00:00:00+00:00,1763510400000,90.96,90.98,89.7,89.9,64026.0,5770157.5746
2025-11-19 01:00:00+00:00,1763514000000,90.01,90.96,89.52,89.97,22413.0,2024020.7
2025-11-19 02:00:00+00:00,1763517600000,89.98,91.35,89.98,91.05,17077.0,1549431.47
2025-11-19 03:00:00+00:00,1763521200000,91.05,91.1,89.96,90.09,7740.0,700610.39
2025-11-19 04:00:00+00:00,1763524800000,90.1,90.29,89.59,89.86,9366.0,842044.2
2025-11-19 05:00:00+00:00,1763528400000,89.86,90.06,88.71,89.63,17391.0,1554479.97
2025-11-19 06:00:00+00:00,1763532000000,89.8,89.98,89.29,89.8,16806.0,1504920.45
2025-11-19 07:00:00+00:00,1763535600000,89.62,90.89,89.6,90.88,16601.0,1502517.58
2025-11-19 08:00:00+00:00,1763539200000,90.87,91.37,90.17,90.47,11932.0,1083487.25
2025-11-19 09:00:00+00:00,1763542800000,90.71,91.66,90.33,91.32,59909.0,5459716.8515
2025-11-19 10:00:00+00:00,1763546400000,91.27,92.15,91.27,91.86,47134.0,4324483.2258
2025-11-19 11:00:00+00:00,1763550000000,91.89,92.22,91.2,91.5,64579.0,5923269.8327
2025-11-19 12:00:00+00:00,1763553600000,91.92,92.5,91.34,92.0,75294.0,6923870.5932
2025-11-19 13:00:00+00:00,1763557200000,92.03,92.58,88.72,92.03,314497.0,28782167.8957
2025-11-19 14:00:00+00:00,1763560800000,91.61,96.21,91.48,96.155,4245337.0,399231916.0137
2025-11-19 15:00:00+00:00,1763564400000,95.88,96.72,92.8218,93.24,3627599.0,345534246.1485
2025-11-19 16:00:00+00:00,1763568000000,93.37,94.48,92.03,94.32,3025721.0,282075865.946
2025-11-19 17:00:00+00:00,1763571600000,94.3,94.8,92.41,94.52,2470877.0,232052660.5427
2025-11-19 18:00:00+00:00,1763575200000,94.58,94.61,92.03,93.14,1471541.0,137016212.5887
2025-11-19 19:00:00+00:00,1763578800000,93.21,94.58,91.8,93.94,1346633.0,125150415.1614
2025-11-19 20:00:00+00:00,1763582400000,94.09,95.9626,93.8,95.09,2248285.0,213621024.1035
2025-11-19 21:00:00+00:00,1763586000000,99.65,102.85,95.04,101.37,1316736.0,131691112.5888
2025-11-19 22:00:00+00:00,1763589600000,101.75,104.49,100.1,101.18,675747.0,69171557.7357
2025-11-19 23:00:00+00:00,1763593200000,101.0,102.85,101.0,102.75,159356.0,16296142.95
2025-11-20 00:00:00+00:00,1763596800000,102.79,103.8,102.55,103.5,211567.0,21849201.1044
2025-11-20 01:00:00+00:00,1763600400000,102.4,103.96,101.71,103.64,29695.0,3074753.59
2025-11-20 02:00:00+00:00,1763604000000,103.61,103.71,102.71,102.97,24693.0,2546674.31
2025-11-20 03:00:00+00:00,1763607600000,102.97,103.32,102.37,102.66,17829.0,1834568.94
2025-11-20 04:00:00+00:00,1763611200000,102.65,103.32,102.52,102.96,16244.0,1673230.21
2025-11-20 05:00:00+00:00,1763614800000,102.97,103.29,102.29,102.93,19921.0,2046156.18
2025-11-20 06:00:00+00:00,1763618400000,102.92,103.1,102.01,102.32,16939.0,1736644.43
2025-11-20 07:00:00+00:00,1763622000000,102.58,102.75,102.01,102.19,15468.0,1581651.91
2025-11-20 08:00:00+00:00,1763625600000,102.17,102.73,102.02,102.41,12164.0,1245295.13
2025-11-20 09:00:00+00:00,1763629200000,102.01,103.0,100.88,101.27,115178.0,11718658.9142
2025-11-20 10:00:00+00:00,1763632800000,101.06,102.35,100.74,102.06,57186.0,5798643.2442
2025-11-20 11:00:00+00:00,1763636400000,102.2,102.23,100.88,101.6,107678.0,10914371.2936
2025-11-20 12:00:00+00:00,1763640000000,101.54,102.7,101.31,102.12,225476.0,22973185.95
2025-11-20 13:00:00+00:00,1763643600000,102.1798,103.4442,99.53,100.79,806992.0,81724644.7344
2025-11-20 14:00:00+00:00,1763647200000,100.71,102.69,97.97,101.46,5691967.0,571329480.0349
2025-11-20 15:00:00+00:00,1763650800000,101.75,101.88,96.41,96.5,4765207.0,474772822.0724
2025-11-20 16:00:00+00:00,1763654400000,96.44,96.52,90.5419,90.76,6123912.0,573746253.324
2025-11-20 17:00:00+00:00,1763658000000,90.71,92.17,87.51,88.93,5192788.0,465493979.0112
2025-11-20 18:00:00+00:00,1763661600000,88.82,91.69,87.61,88.6,3092851.0,277382032.6499
2025-11-20 19:00:00+00:00,1763665200000,88.645,89.74,87.3,89.74,2459743.0,217080928.8505
2025-11-20 20:00:00+00:00,1763668800000,89.62,89.62,84.21,84.6,4787492.0,412737824.0564
2025-11-20 21:00:00+00:00,1763672400000,84.45,84.9421,83.18,83.39,507632.0,42768452.8688
2025-11-20 22:00:00+00:00,1763676000000,83.4,83.41,80.4286,82.18,481057.0,39340264.1916
2025-11-20 23:00:00+00:00,1763679600000,82.2,84.95,82.0,84.4981,266782.0,22322957.1718
2025-11-21 00:00:00+00:00,1763683200000,84.4988,84.65,83.37,84.2,189324.0,15919971.174
2025-11-21 01:00:00+00:00,1763686800000,84.61,84.61,83.71,84.08,40535.0,3421395.28
2025-11-21 02:00:00+00:00,1763690400000,84.06,84.12,82.17,82.37,46186.0,3841477.18
2025-11-21 03:00:00+00:00,1763694000000,82.37,83.34,82.0,83.03,30705.0,2530875.09
2025-11-21 04:00:00+00:00,1763697600000,83.0,83.07,81.69,82.38,29995.0,2466363.25
2025-11-21 05:00:00+00:00,1763701200000,82.5,83.99,82.46,83.33,29935.0,2497684.62
2025-11-21 06:00:00+00:00,1763704800000,83.44,84.3,83.27,84.01,35967.0,3020657.63
2025-11-21 07:00:00+00:00,1763708400000,84.01,84.41,82.56,82.67,20355.0,1702197.44
2025-11-21 08:00:00+00:00,1763712000000,82.67,84.33,82.39,84.29,28918.0,2416882.16
2025-11-21 09:00:00+00:00,1763715600000,84.2,84.43,81.52,81.85,98619.0,8151116.7594
2025-11-21 10:00:00+00:00,1763719200000,81.73,83.5,80.0,83.28,137553.0,11198987.5374
2025-11-21 11:00:00+00:00,1763722800000,83.26,84.5,82.42,82.76,46907.0,3913718.3799
2025-11-21 12:00:00+00:00,1763726400000,82.85,87.29,81.8,86.19,299156.0,25328700.8832
2025-11-21 13:00:00+00:00,1763730000000,87.01,87.5,80.0,87.0,748801.0,63866285.6114
2025-11-21 14:00:00+00:00,1763733600000,85.31,88.74,84.2175,87.545,4350388.0,377517534.8252
2025-11-21 15:00:00+00:00,1763737200000,87.72,88.4,79.55,79.685,8115744.0,675708729.696
2025-11-21 16:00:00+00:00,1763740800000,79.77,87.39,78.21,87.15,6821982.0,562524945.1614
2025-11-21 17:00:00+00:00,1763744400000,87.19,87.28,84.2,84.405,3668863.0,314246921.2212
2025-11-21 18:00:00+00:00,1763748000000,84.47,85.7,81.77,85.04,3622130.0,302296087.753
2025-11-21 19:00:00+00:00,1763751600000,85.25,86.53,84.33,85.18,2311057.0,198004199.4833
2025-11-21 20:00:00+00:00,1763755200000,85.48,85.82,83.13,83.26,3826019.0,322296188.522
2025-11-21 21:00:00+00:00,1763758800000,83.62,84.95,82.83,84.22,310230.0,25954927.605
2025-11-21 22:00:00+00:00,1763762400000,84.1704,84.65,83.8,84.3992,71570.0,6027525.202
2025-11-21 23:00:00+00:00,1763766000000,84.38,84.8,84.305,84.8,17222.0,1456476.5954
2025-11-22 00:00:00+00:00,1763769600000,84.75,85.48,84.7,85.2,56031.0,4763940.5223
2025-11-24 01:00:00+00:00,1763946000000,85.99,86.76,85.19,85.92,53379.0,4593854.36
2025-11-24 02:00:00+00:00,1763949600000,85.92,87.47,85.81,86.98,60904.0,5276997.84
2025-11-24 03:00:00+00:00,1763953200000,87.0,87.51,86.61,86.92,21951.0,1910024.95
2025-11-24 04:00:00+00:00,1763956800000,86.94,86.94,86.17,86.4,16022.0,1386792.03
2025-11-24 05:00:00+00:00,1763960400000,86.49,86.71,85.98,86.7,12028.0,1038561.35
2025-11-24 06:00:00+00:00,1763964000000,86.7,86.71,85.96,86.13,7724.0,666122.19
2025-11-24 07:00:00+00:00,1763967600000,86.07,86.33,85.79,86.25,9454.0,813072.39
2025-11-24 08:00:00+00:00,1763971200000,86.25,86.39,85.75,85.86,8981.0,773513.87
2025-11-24 09:00:00+00:00,1763974800000,87.0,87.0,84.38,85.63,55521.0,4762208.2851
2025-11-24 10:00:00+00:00,1763978400000,85.5,85.75,84.77,85.5,31202.0,2664638.3192
2025-11-24 11:00:00+00:00,1763982000000,85.61,85.79,85.1,85.62,31486.0,2688939.0346
2025-11-24 12:00:00+00:00,1763985600000,85.55,86.2,85.15,86.2,46720.0,4003623.68
2025-11-24 13:00:00+00:00,1763989200000,86.68,86.9,84.37,85.8,374478.0,31998808.0698
2025-11-24 14:00:00+00:00,1763992800000,86.43,89.9,85.15,89.71,3524061.0,309638095.704
2025-11-24 15:00:00+00:00,1763996400000,89.82,90.66,88.4,89.965,3385511.0,304240300.2194
2025-11-24 16:00:00+00:00,1764000000000,90.25,91.45,89.43,90.4,2668348.0,241606103.3296
2025-11-24 17:00:00+00:00,1764003600000,90.43,92.37,90.09,91.11,1784595.0,162746141.025
2025-11-24 18:00:00+00:00,1764007200000,91.16,92.07,91.06,92.03,1285832.0,117772696.0432
2025-11-24 19:00:00+00:00,1764010800000,91.98,92.4799,90.54,90.79,1424575.0,130362858.25
2025-11-24 20:00:00+00:00,1764014400000,90.92,93.0,90.25,91.82,4356323.0,400350440.023
2025-11-24 21:00:00+00:00,1764018000000,92.17,93.0,91.38,92.35,6327636.0,581538855.5256
2025-11-24 22:00:00+00:00,1764021600000,92.78,93.63,92.51,93.35,195053.0,18033664.1256
2025-11-24 23:00:00+00:00,1764025200000,93.35,93.5,92.5,93.05,162998.0,15065253.148
2025-11-25 00:00:00+00:00,1764028800000,93.05,93.2499,92.5418,92.88,41921.0,3889560.3351
2025-11-25 01:00:00+00:00,1764032400000,93.11,93.14,91.71,91.9,10681.0,986684.06
2025-11-25 02:00:00+00:00,1764036000000,91.9,92.15,91.2,92.01,9695.0,889557.02
2025-11-25 03:00:00+00:00,1764039600000,92.05,92.73,91.91,92.02,12379.0,1141135.7
2025-11-25 04:00:00+00:00,1764043200000,92.03,92.49,91.98,92.01,5281.0,486521.72
2025-11-25 05:00:00+00:00,1764046800000,92.11,92.31,91.78,92.0,5811.0,534328.47
2025-11-25 06:00:00+00:00,1764050400000,91.99,92.12,91.15,91.15,10672.0,976346.64
2025-11-25 07:00:00+00:00,1764054000000,91.28,91.56,90.7,91.19,12678.0,1154865.28
2025-11-25 08:00:00+00:00,1764057600000,91.2,91.54,90.99,91.09,8259.0,752995.05
2025-11-25 09:00:00+00:00,1764061200000,91.1,91.7,90.1,90.89,65923.0,5994892.5894
2025-11-25 10:00:00+00:00,1764064800000,90.87,91.2,90.46,90.99,15641.0,1420140.236
2025-11-25 11:00:00+00:00,1764068400000,90.66,91.44,90.5,90.82,21757.0,1979615.0375
2025-11-25 12:00:00+00:00,1764072000000,90.82,92.33,90.7,91.77,59342.0,5425033.7716
2025-11-25 13:00:00+00:00,1764075600000,90.73,92.38,90.16,90.57,268095.0,24457448.946
2025-11-25 14:00:00+00:00,1764079200000,89.53,90.99,84.7211,87.56,3894437.0,339959815.1469
2025-11-25 15:00:00+00:00,1764082800000,87.335,88.8,85.3772,88.61,2687230.0,233547159.3
2025-11-25 16:00:00+00:00,1764086400000,88.43,89.06,87.07,88.76,1543550.0,136336369.075
2025-11-25 17:00:00+00:00,1764090000000,88.825,91.28,88.65,89.59,1877625.0,169275779.775
2025-11-25 18:00:00+00:00,1764093600000,89.48,90.12,88.9101,89.75,935795.0,83778451.0675
2025-11-25 19:00:00+00:00,1764097200000,89.91,90.3,88.33,90.03,869365.0,77556747.142
2025-11-25 20:00:00+00:00,1764100800000,90.29,90.3999,87.9,88.895,2116478.0,188456280.6672
2025-11-25 21:00:00+00:00,1764104400000,88.88,89.77,88.2547,88.55,126090.0,11210787.99
2025-11-25 22:00:00+00:00,1764108000000,88.54,88.79,88.2785,88.5631,25543.0,2262157.0461
2025-11-25 23:00:00+00:00,1764111600000,88.6,88.7736,88.5,88.61,33563.0,2973124.6542
2025-11-26 00:00:00+00:00,1764115200000,88.6516,88.9,88.5,88.9,32833.0,2912303.5165
2025-11-26 01:00:00+00:00,1764118800000,88.98,89.58,88.87,89.58,8061.0,719673.73
2025-11-26 02:00:00+00:00,1764122400000,89.58,90.18,89.54,90.01,8182.0,735338.54
2025-11-26 03:00:00+00:00,1764126000000,89.91,90.04,89.8,89.85,4110.0,369485.12
2025-11-26 04:00:00+00:00,1764129600000,89.85,89.86,89.65,89.74,4076.0,365889.48
2025-11-26 05:00:00+00:00,1764133200000,89.74,90.21,89.74,90.01,10567.0,951303.0
2025-11-26 06:00:00+00:00,1764136800000,90.03,90.03,89.66,89.79,7235.0,649973.58
2025-11-26 07:00:00+00:00,1764140400000,89.81,89.96,89.72,89.78,10775.0,967931.31
2025-11-26 08:00:00+00:00,1764144000000,89.78,89.85,89.49,89.59,5971.0,535444.08
2025-11-26 09:00:00+00:00,1764147600000,89.57,90.0,89.06,89.65,17797.0,1592792.3466
2025-11-26 10:00:00+00:00,1764151200000,89.53,89.67,89.27,89.65,9364.0,837963.7592
2025-11-26 11:00:00+00:00,1764154800000,89.8,89.91,89.5,89.63,20046.0,1799828.1054
2025-11-26 12:00:00+00:00,1764158400000,89.7,89.98,88.88,89.8,28284.0,2530634.5332
2025-11-26 13:00:00+00:00,1764162000000,90.0,92.6,88.8,92.5499,325165.0,29581072.9625
2025-11-26 14:00:00+00:00,1764165600000,92.78,95.634,90.76,92.68,3602694.0,336284104.4256
2025-11-26 15:00:00+00:00,1764169200000,92.62,94.1999,91.92,93.9,2002123.0,186544607.1282
2025-11-26 16:00:00+00:00,1764172800000,93.94,94.74,93.301,94.05,1179455.0,110996858.813
2025-11-26 17:00:00+00:00,1764176400000,93.7,93.9399,91.71,93.1,1324041.0,122509674.0111
2025-11-26 18:00:00+00:00,1764180000000,93.26,93.49,92.23,92.765,822488.0,76424022.2328
2025-11-26 19:00:00+00:00,1764183600000,92.805,94.5,92.1,94.35,1278217.0,119215848.4041
2025-11-26 20:00:00+00:00,1764187200000,94.715,95.55,94.34,94.82,2125686.0,201948460.1754
2025-11-26 21:00:00+00:00,1764190800000,94.69,94.88,94.07,94.4503,95866.0,9074531.761
2025-11-26 22:00:00+00:00,1764194400000,94.5,94.77,94.18,94.77,17602.0,1663399.5612
2025-11-26 23:00:00+00:00,1764198000000,94.81,94.85,94.4,94.79,18213.0,1725117.147
2025-11-27 00:00:00+00:00,1764201600000,94.77,95.0,94.66,94.95,22095.0,2095458.867
2025-11-28 01:00:00+00:00,1764291600000,95.32,97.26,95.19,96.75,21571.0,2075529.88
2025-11-28 02:00:00+00:00,1764295200000,96.65,97.03,96.36,96.79,10197.0,986642.66
2025-11-28 03:00:00+00:00,1764298800000,96.79,97.86,96.7,97.86,11826.0,1152491.77
2025-11-28 04:00:00+00:00,1764302400000,97.79,98.75,97.49,97.94,26263.0,2578567.59
2025-11-28 05:00:00+00:00,1764306000000,98.16,98.16,97.0,97.09,21066.0,2051622.15
2025-11-28 06:00:00+00:00,1764309600000,97.2,97.39,96.29,96.48,15447.0,1494758.15
2025-11-28 07:00:00+00:00,1764313200000,96.5,96.72,95.99,96.51,8267.0,797201.61
2025-11-28 08:00:00+00:00,1764316800000,96.53,96.7,96.01,96.23,9138.0,879740.73
2025-11-28 09:00:00+00:00,1764320400000,95.67,96.95,95.67,96.4,32056.0,3089576.5136
2025-11-28 10:00:00+00:00,1764324000000,96.5,96.65,96.34,96.65,7883.0,760904.9984
2025-11-28 11:00:00+00:00,1764327600000,96.7,96.73,96.18,96.18,9511.0,917041.109
2025-11-28 12:00:00+00:00,1764331200000,96.21,97.11,96.21,96.64,35146.0,3398850.1636
2025-11-28 13:00:00+00:00,1764334800000,96.45,98.15,95.9,96.75,183141.0,17726272.3323
2025-11-28 14:00:00+00:00,1764338400000,96.42,97.08,94.47,95.695,1705048.0,163337289.7224
2025-11-28 15:00:00+00:00,1764342000000,94.88,95.55,93.92,94.16,1473985.0,139555573.2135
2025-11-28 16:00:00+00:00,1764345600000,94.5,95.8039,93.4402,94.71,1111585.0,105058232.6785
2025-11-28 17:00:00+00:00,1764349200000,95.04,95.4411,94.24,94.94,1149564.0,109055458.0752
2025-11-28 18:00:00+00:00,1764352800000,94.87,94.87,94.87,94.87,175049.0,16606898.63
2025-11-28 21:00:00+00:00,1764363600000,94.9892,95.0,94.96,95.0,7488.0,711213.984
2025-12-01 01:00:00+00:00,1764550800000,94.51,95.01,91.7,92.45,55261.0,5110999.47
2025-12-01 02:00:00+00:00,1764554400000,92.41,92.56,90.79,91.25,29797.0,2731480.67
2025-12-01 03:00:00+00:00,1764558000000,91.21,91.61,90.71,91.31,18407.0,1676554.04
2025-12-01 04:00:00+00:00,1764561600000,91.3,91.33,90.56,90.69,9741.0,886270.78
2025-12-01 05:00:00+00:00,1764565200000,90.7,91.21,90.12,91.16,31549.0,2855442.83
2025-12-01 06:00:00+00:00,1764568800000,91.1,91.81,91.04,91.81,16680.0,1525072.6
2025-12-01 07:00:00+00:00,1764572400000,91.79,92.6,91.73,92.24,16430.0,1513372.48
2025-12-01 08:00:00+00:00,1764576000000,92.22,92.8,92.03,92.6,10173.0,941866.76
2025-12-01 09:00:00+00:00,1764579600000,92.7,93.89,91.77,92.09,30864.0,2852092.8576
2025-12-01 10:00:00+00:00,1764583200000,92.09,92.82,92.09,92.52,9782.0,904438.829
2025-12-01 11:00:00+00:00,1764586800000,92.59,92.68,92.06,92.45,27945.0,2580938.721
2025-12-01 12:00:00+00:00,1764590400000,92.45,92.8,91.24,91.33,86410.0,7948562.106
2025-12-01 13:00:00+00:00,1764594000000,91.53,92.94,90.13,91.53,221701.0,20305683.2704
2025-12-01 14:00:00+00:00,1764597600000,91.475,94.84,89.01,94.655,2136013.0,196294895.4714
2025-12-01 15:00:00+00:00,1764601200000,94.65,95.23,92.921,95.02,1427084.0,134540199.3092
2025-12-01 16:00:00+00:00,1764604800000,94.95,97.0783,94.58,96.43,1271195.0,121820777.8815
2025-12-01 17:00:00+00:00,1764608400000,96.61,98.43,96.3,98.11,2232060.0,216785925.822
2025-12-01 18:00:00+00:00,1764612000000,98.24,99.27,98.0,99.265,1224280.0,120816725.092
2025-12-01 19:00:00+00:00,1764615600000,99.22,99.6,97.5,99.505,1429144.0,141137259.436
2025-12-01 20:00:00+00:00,1764619200000,99.5,101.6,99.5,100.195,2833163.0,285464120.8703
2025-12-01 21:00:00+00:00,1764622800000,100.21,100.39,99.73,100.21,148224.0,14820013.5936
2025-12-01 22:00:00+00:00,1764626400000,99.9,100.25,99.85,100.06,225663.0,22595636.19
2025-12-01 23:00:00+00:00,1764630000000,100.05,100.3,100.03,100.07,43851.0,4391094.4317
2025-12-02 00:00:00+00:00,1764633600000,100.1,100.1,99.61,99.75,29748.0,2969912.4036
2025-12-02 01:00:00+00:00,1764637200000,99.61,100.31,99.6,99.78,7848.0,784272.23
2025-12-02 02:00:00+00:00,1764640800000,99.69,99.99,99.43,99.96,3963.0,394894.73
2025-12-02 03:00:00+00:00,1764644400000,99.99,100.0,99.51,99.68,6512.0,649331.27
2025-12-02 04:00:00+00:00,1764648000000,99.67,99.71,99.53,99.57,2834.0,282290.64
2025-12-02 05:00:00+00:00,1764651600000,99.55,99.6,99.26,99.39,10425.0,1036780.28
2025-12-02 06:00:00+00:00,1764655200000,99.37,99.5,99.24,99.4,4854.0,482133.12
2025-12-02 07:00:00+00:00,1764658800000,99.46,99.47,99.24,99.32,5205.0,516879.61
2025-12-02 08:00:00+00:00,1764662400000,99.31,99.95,99.19,99.82,5798.0,576722.87
2025-12-02 09:00:00+00:00,1764666000000,99.94,100.58,99.69,100.36,19556.0,1956937.6304
2025-12-02 10:00:00+00:00,1764669600000,100.2,100.85,100.15,100.85,10227.0,1027293.9684
2025-12-02 11:00:00+00:00,1764673200000,100.67,100.84,100.43,100.59,14027.0,1411462.6669
2025-12-02 12:00:00+00:00,1764676800000,100.6,100.71,100.1,100.54,35241.0,3538908.2682
2025-12-02 13:00:00+00:00,1764680400000,100.49,101.1997,99.2,100.49,143537.0,14407296.7158
2025-12-02 14:00:00+00:00,1764684000000,101.02,102.21,99.1001,102.1,2444192.0,246090049.6512
2025-12-02 15:00:00+00:00,1764687600000,101.75,102.96,99.3,100.2,2252301.0,228585352.7997
2025-12-02 16:00:00+00:00,1764691200000,99.49,100.7,98.71,99.595,1667995.0,166132302.0
2025-12-02 17:00:00+00:00,1764694800000,99.7,100.68,98.1063,98.19,878660.0,87597130.04
2025-12-02 18:00:00+00:00,1764698400000,98.07,99.6,98.06,98.675,722288.0,71418898.4656
2025-12-02 19:00:00+00:00,1764702000000,98.7,99.57,97.65,99.19,804385.0,79331585.8015
2025-12-02 20:00:00+00:00,1764705600000,99.18,99.33,96.06,96.46,1778563.0,173132970.2409
2025-12-02 21:00:00+00:00,1764709200000,96.36,96.66,95.83,95.99,127764.0,12295253.5524
2025-12-02 22:00:00+00:00,1764712800000,96.59,97.0,96.59,96.99,34737.0,3360811.6974
2025-12-02 23:00:00+00:00,1764716400000,96.85,97.28,96.7,96.96,17874.0,1733379.4098
2025-12-03 00:00:00+00:00,1764720000000,97.0,97.16,96.6,97.16,18433.0,1786817.6014
2025-12-03 01:00:00+00:00,1764723600000,97.31,97.75,97.19,97.55,8835.0,860768.02
2025-12-03 02:00:00+00:00,1764727200000,97.55,98.21,97.52,97.8,11359.0,1112199.1
2025-12-03 03:00:00+00:00,1764730800000,97.85,98.0,97.23,97.65,4143.0,404372.7
2025-12-03 04:00:00+00:00,1764734400000,97.62,98.21,97.51,98.21,5966.0,584563.31
2025-12-03 05:00:00+00:00,1764738000000,98.2,98.2,97.94,98.08,8125.0,796076.1
2025-12-03 06:00:00+00:00,1764741600000,98.05,98.05,97.37,97.5,8543.0,834316.6
2025-12-03 07:00:00+00:00,1764745200000,97.57,97.57,97.24,97.53,2021.0,196863.05
2025-12-03 08:00:00+00:00,1764748800000,97.58,97.78,97.39,97.57,5146.0,501998.22
2025-12-03 09:00:00+00:00,1764752400000,97.4,97.5,96.9,97.2,19118.0,1857577.5284
2025-12-03 10:00:00+00:00,1764756000000,97.3,97.7,97.3,97.31,14698.0,1433037.3624
2025-12-03 11:00:00+00:00,1764759600000,97.22,97.44,97.18,97.35,5564.0,541310.9884
2025-12-03 12:00:00+00:00,1764763200000,97.36,98.2,97.01,98.0,32862.0,3216345.2466
2025-12-03 13:00:00+00:00,1764766800000,97.58,98.25,97.13,97.59,151808.0,14838776.576
2025-12-03 14:00:00+00:00,1764770400000,95.18,97.67,91.0,93.565,3043727.0,283529257.504
2025-12-03 15:00:00+00:00,1764774000000,93.35,95.98,92.5,95.32,2100373.0,198132805.9106
2025-12-03 16:00:00+00:00,1764777600000,95.46,95.75,94.15,94.4,912683.0,86703698.5121
2025-12-03 17:00:00+00:00,1764781200000,94.81,97.1695,94.575,96.875,1086767.0,104088587.0794
2025-12-03 18:00:00+00:00,1764784800000,97.08,98.27,96.71,96.85,946477.0,92389121.9349
2025-12-03 19:00:00+00:00,1764788400000,97.18,97.76,96.8501,97.32,646500.0,62964251.25
2025-12-03 20:00:00+00:00,1764792000000,97.43,99.06,96.98,98.88,1502162.0,147609498.2814
2025-12-03 21:00:00+00:00,1764795600000,98.92,99.5,96.45,98.79,165750.0,16378834.875
2025-12-03 22:00:00+00:00,1764799200000,98.7,99.15,98.6,98.68,33412.0,3304563.742
2025-12-03 23:00:00+00:00,1764802800000,98.82,98.82,98.4824,98.7998,5568.0,549398.4576
2025-12-04 00:00:00+00:00,1764806400000,98.76,98.8,98.3,98.4,25677.0,2529474.6501
2025-12-04 01:00:00+00:00,1764810000000,98.77,98.87,98.45,98.68,2296.0,226556.08
2025-12-04 02:00:00+00:00,1764813600000,98.61,98.66,98.08,98.18,3346.0,329018.57
2025-12-04 03:00:00+00:00,1764817200000,98.12,98.39,98.07,98.14,3223.0,316472.42
2025-12-04 04:00:00+00:00,1764820800000,98.15,98.36,98.11,98.36,2522.0,247678.68
2025-12-04 05:00:00+00:00,1764824400000,98.34,98.52,98.16,98.3,3985.0,391868.5
2025-12-04 06:00:00+00:00,1764828000000,98.26,98.63,98.21,98.54,1079.0,106191.03
2025-12-04 07:00:00+00:00,1764831600000,98.53,99.09,98.53,99.01,6772.0,669353.45
2025-12-04 08:00:00+00:00,1764835200000,99.01,99.02,98.33,98.4,5277.0,521085.99
2025-12-04 09:00:00+00:00,1764838800000,98.76,99.44,98.55,99.12,12565.0,1243951.3345
2025-12-04 10:00:00+00:00,1764842400000,99.08,99.2,98.65,98.7,5058.0,500036.409
2025-12-04 11:00:00+00:00,1764846000000,98.62,98.72,98.61,98.72,494.0,48734.4338
2025-12-04 12:00:00+00:00,1764849600000,98.73,98.99,98.59,98.99,10200.0,1007410.14
2025-12-04 13:00:00+00:00,1764853200000,98.22,99.5,97.71,98.09,102616.0,10098881.8088
2025-12-04 14:00:00+00:00,1764856800000,98.61,99.82,97.47,97.84,1262750.0,124605897.05
2025-12-04 15:00:00+00:00,1764860400000,97.98,100.99,97.7548,100.87,1747743.0,173731596.5262
2025-12-04 16:00:00+00:00,1764864000000,100.9,103.84,100.0473,102.58,2140412.0,218991544.8736
2025-12-04 17:00:00+00:00,1764867600000,102.19,102.52,100.04,100.7,1503438.0,152135597.4084
2025-12-04 18:00:00+00:00,1764871200000,101.005,102.09,100.85,101.54,919386.0,93243576.4884
2025-12-04 19:00:00+00:00,1764874800000,101.45,102.95,99.75,102.74,1131290.0,114841094.286
2025-12-04 20:00:00+00:00,1764878400000,102.64,103.36,102.0,102.8,1795612.0,184309157.2504
2025-12-04 21:00:00+00:00,1764882000000,102.66,103.29,101.77,102.82,96461.0,9912708.5579
2025-12-04 22:00:00+00:00,1764885600000,102.69,102.85,102.5,102.84,7959.0,817056.6138
2025-12-04 23:00:00+00:00,1764889200000,102.7,102.8,102.37,102.4,11084.0,1137475.5488
2025-12-05 00:00:00+00:00,1764892800000,102.4006,103.0,102.4,102.9,11694.0,1200150.5424
2025-12-05 01:00:00+00:00,1764896400000,102.95,103.39,102.5,102.98,8901.0,916063.19
2025-12-05 02:00:00+00:00,1764900000000,102.92,103.11,102.73,102.9,5734.0,590406.29
2025-12-05 03:00:00+00:00,1764903600000,102.9,102.9,102.53,102.79,2841.0,291793.08
2025-12-05 04:00:00+00:00,1764907200000,102.8,103.0,102.8,102.89,1663.0,171168.8
2025-12-05 05:00:00+00:00,1764910800000,102.93,103.51,102.9,103.49,12642.0,1306218.46
2025-12-05 06:00:00+00:00,1764914400000,103.49,103.49,103.38,103.43,3010.0,311348.34
2025-12-05 07:00:00+00:00,1764918000000,103.43,103.72,103.42,103.43,5144.0,532441.48
2025-12-05 08:00:00+00:00,1764921600000,103.46,103.74,103.21,103.58,13490.0,1396375.87
2025-12-05 09:00:00+00:00,1764925200000,103.5,103.5,102.8,103.03,16149.0,1665360.7803
2025-12-05 10:00:00+00:00,1764928800000,103.3,103.65,103.2,103.33,17385.0,1797671.586
2025-12-05 11:00:00+00:00,1764932400000,103.2,103.3,102.82,103.07,50843.0,5238918.6473
2025-12-05 12:00:00+00:00,1764936000000,103.1,103.35,102.6,103.35,21207.0,2182520.5257
2025-12-05 13:00:00+00:00,1764939600000,100.85,103.73,100.01,100.61,309603.0,31441237.3002
2025-12-05 14:00:00+00:00,1764943200000,101.03,101.55,96.8,96.95,2516895.0,248835341.07
2025-12-05 15:00:00+00:00,1764946800000,97.52,99.63,96.74,98.265,2429195.0,239702759.981
2025-12-05 16:00:00+00:00,1764950400000,98.33,98.55,96.2,97.01,1857034.0,180493862.5198
2025-12-05 17:00:00+00:00,1764954000000,96.99,97.549,96.24,97.155,1009322.0,97658665.9574
2025-12-05 18:00:00+00:00,1764957600000,97.385,98.48,96.84,97.255,1061190.0,103841686.26
2025-12-05 19:00:00+00:00,1764961200000,97.295,98.31,96.6046,98.235,820197.0,79986841.7355
2025-12-05 20:00:00+00:00,1764964800000,98.31,99.2,97.78,98.015,2032411.0,200020338.2883
2025-12-05 21:00:00+00:00,1764968400000,98.0,98.41,97.78,97.97,417425.0,40922009.42
2025-12-05 22:00:00+00:00,1764972000000,97.95,98.0,97.87,97.9003,9536.0,943915.2384
2025-12-05 23:00:00+00:00,1764975600000,97.87,97.99,97.85,97.85,14670.0,1436787.135
2025-12-06 00:00:00+00:00,1764979200000,97.88,97.88,97.6,97.66,33574.0,3281563.0488
2025-12-08 01:00:00+00:00,1765155600000,97.66,98.54,96.8,97.39,27397.0,2666286.4
2025-12-08 02:00:00+00:00,1765159200000,97.4,97.61,97.0,97.31,10362.0,1008673.09
2025-12-08 03:00:00+00:00,1765162800000,97.31,97.35,97.02,97.07,7361.0,715552.2
2025-12-08 04:00:00+00:00,1765166400000,97.07,97.21,97.05,97.07,4286.0,416216.45
2025-12-08 05:00:00+00:00,1765170000000,97.09,97.5,97.09,97.2,13088.0,1271984.98
2025-12-08 06:00:00+00:00,1765173600000,97.19,97.5,97.13,97.28,6502.0,632700.27
2025-12-08 07:00:00+00:00,1765177200000,97.27,97.54,97.14,97.54,4461.0,434562.3
2025-12-08 08:00:00+00:00,1765180800000,97.54,97.63,97.22,97.37,5718.0,557357.92
2025-12-08 09:00:00+00:00,1765184400000,97.5,97.91,97.4,97.8,15860.0,1549247.622
2025-12-08 10:00:00+00:00,1765188000000,97.7,97.92,97.61,97.61,7197.0,703788.1527
2025-12-08 11:00:00+00:00,1765191600000,97.64,97.82,97.2,97.3,8126.0,792781.4986
2025-12-08 12:00:00+00:00,1765195200000,97.47,97.47,96.1,96.61,56782.0,5487781.563
2025-12-08 13:00:00+00:00,1765198800000,97.3,97.8958,96.1,97.07,170217.0,16499252.9619
2025-12-08 14:00:00+00:00,1765202400000,97.04,99.36,95.3,97.9,1797773.0,175457970.5902
2025-12-08 15:00:00+00:00,1765206000000,97.97,98.89,96.5,96.71,1688310.0,164844562.428
2025-12-08 16:00:00+00:00,1765209600000,96.68,99.4,96.31,98.835,1331544.0,130502496.9696
2025-12-08 17:00:00+00:00,1765213200000,98.66,99.38,97.5,99.12,539035.0,53050261.4985
2025-12-08 18:00:00+00:00,1765216800000,99.24,100.27,98.15,98.49,964085.0,95806043.2835
2025-12-08 19:00:00+00:00,1765220400000,98.475,99.6872,98.095,99.25,509884.0,50417839.804
2025-12-08 20:00:00+00:00,1765224000000,99.385,100.5,99.11,100.33,1178835.0,117870650.6985
2025-12-08 21:00:00+00:00,1765227600000,100.34,100.75,100.0,100.34,57979.0,5811681.6083
2025-12-08 22:00:00+00:00,1765231200000,100.3941,100.43,100.0893,100.3,19380.0,1943730.666
2025-12-08 23:00:00+00:00,1765234800000,100.3,100.51,99.85,100.1,22929.0,2294910.8733
2025-12-09 00:00:00+00:00,1765238400000,100.1,100.2,99.99,100.1,12239.0,1225033.3314
2025-12-09 01:00:00+00:00,1765242000000,100.0,100.35,99.78,100.16,3376.0,337918.41
2025-12-09 02:00:00+00:00,1765245600000,100.09,100.19,99.58,99.65,2800.0,279822.16
2025-12-09 03:00:00+00:00,1765249200000,99.59,99.65,99.47,99.59,2458.0,244634.84
2025-12-09 04:00:00+00:00,1765252800000,99.5,99.77,99.47,99.63,1668.0,166182.77
2025-12-09 05:00:00+00:00,1765256400000,99.64,99.72,98.73,98.74,5768.0,573042.76
2025-12-09 06:00:00+00:00,1765260000000,98.76,99.3,98.7,99.28,2362.0,233714.71
2025-12-09 07:00:00+00:00,1765263600000,99.28,99.4,99.16,99.4,1298.0,128856.15
2025-12-09 08:00:00+00:00,1765267200000,99.41,99.69,99.41,99.69,2134.0,212501.58
2025-12-09 09:00:00+00:00,1765270800000,99.53,99.7,99.34,99.34,4263.0,424052.9727
2025-12-09 10:00:00+00:00,1765274400000,99.33,99.6,98.7,98.7,14742.0,1459605.42
2025-12-09 11:00:00+00:00,1765278000000,98.99,99.0,98.49,98.9,12371.0,1222863.4532
2025-12-09 12:00:00+00:00,1765281600000,98.99,99.23,98.85,99.16,32919.0,3261673.7742
2025-12-09 13:00:00+00:00,1765285200000,98.89,99.71,98.1,98.16,100001.0,9883708.8361
2025-12-09 14:00:00+00:00,1765288800000,97.8,98.8991,96.61,97.47,1511698.0,147923126.2054
2025-12-09 15:00:00+00:00,1765292400000,96.78,99.55,96.72,99.45,1529629.0,150202225.5808
2025-12-09 16:00:00+00:00,1765296000000,99.405,100.8826,98.71,98.94,1266564.0,126293782.7268
2025-12-09 17:00:00+00:00,1765299600000,98.85,99.36,96.33,97.48,1463856.0,143004239.0256
2025-12-09 18:00:00+00:00,1765303200000,97.46,97.73,96.26,97.07,1201438.0,116678131.9452
2025-12-09 19:00:00+00:00,1765306800000,97.18,97.85,96.3,97.61,985464.0,95656231.1808
2025-12-09 20:00:00+00:00,1765310400000,97.59,97.89,96.1,96.43,1301449.0,126216736.4833
2025-12-09 21:00:00+00:00,1765314000000,96.24,96.7,96.07,96.24,111912.0,10778490.9264
2025-12-09 22:00:00+00:00,1765317600000,96.23,96.7,96.23,96.65,20850.0,2011251.465
2025-12-09 23:00:00+00:00,1765321200000,96.65,96.72,96.3,96.65,15405.0,1488115.2975
2025-12-10 00:00:00+00:00,1765324800000,96.7,96.72,96.45,96.47,20796.0,2009434.296
2025-12-10 01:00:00+00:00,1765328400000,96.38,96.66,96.19,96.29,8075.0,777340.1
2025-12-10 02:00:00+00:00,1765332000000,96.25,96.6,96.22,96.41,4364.0,420643.07
2025-12-10 03:00:00+00:00,1765335600000,96.42,96.6,96.33,96.36,2191.0,211326.37
2025-12-10 04:00:00+00:00,1765339200000,96.38,96.51,96.33,96.5,1393.0,134329.99
2025-12-10 05:00:00+00:00,1765342800000,96.5,96.59,96.38,96.44,3878.0,374157.14
2025-12-10 06:00:00+00:00,1765346400000,96.51,96.58,96.4,96.49,1317.0,127052.45
2025-12-10 07:00:00+00:00,1765350000000,96.49,96.61,96.49,96.58,1926.0,186002.46
2025-12-10 08:00:00+00:00,1765353600000,96.59,96.71,96.45,96.45,3258.0,314616.35
2025-12-10 09:00:00+00:00,1765357200000,96.6,96.72,96.33,96.37,11065.0,1067042.21
2025-12-10 10:00:00+00:00,1765360800000,96.3,96.5,95.84,96.19,13283.0,1276695.545
2025-12-10 11:00:00+00:00,1765364400000,96.17,96.2,95.8,95.88,10410.0,999797.22
2025-12-10 12:00:00+00:00,1765368000000,96.24,96.29,95.84,96.0,37781.0,3628290.7788
2025-12-10 13:00:00+00:00,1765371600000,96.2,96.69,95.78,96.2063,85619.0,8236427.9334
2025-12-10 14:00:00+00:00,1765375200000,96.09,96.33,92.2,93.12,2065515.0,193831645.527
2025-12-10 15:00:00+00:00,1765378800000,93.32,94.4773,92.94,93.365,1459831.0,136584562.0389
2025-12-10 16:00:00+00:00,1765382400000,93.49,95.35,93.03,95.14,966320.0,91121946.728
2025-12-10 17:00:00+00:00,1765386000000,95.23,95.67,94.08,95.23,575484.0,54652334.3184
2025-12-10 18:00:00+00:00,1765389600000,95.4,95.98,94.59,94.885,503260.0,47933300.656
2025-12-10 19:00:00+00:00,1765393200000,94.905,97.09,94.6,95.66,1467412.0,140729213.036
2025-12-10 20:00:00+00:00,1765396800000,95.69,95.77,93.37,93.62,1832769.0,172542371.967
2025-12-10 21:00:00+00:00,1765400400000,92.12,94.12,92.01,92.12,246200.0,22894285.72
2025-12-10 22:00:00+00:00,1765404000000,92.98,93.0,90.88,91.6,253164.0,23282455.1076
2025-12-10 23:00:00+00:00,1765407600000,91.56,92.39,91.26,91.38,56514.0,5177219.283
2025-12-11 00:00:00+00:00,1765411200000,91.32,91.38,91.0,91.13,56641.0,5167398.0787
2025-12-11 01:00:00+00:00,1765414800000,91.27,91.59,90.86,91.09,18412.0,1676709.54
2025-12-11 02:00:00+00:00,1765418400000,91.07,91.13,89.99,89.99,34716.0,3143342.81
2025-12-11 03:00:00+00:00,1765422000000,89.99,90.57,89.16,90.28,65182.0,5847807.85
2025-12-11 04:00:00+00:00,1765425600000,90.29,90.78,90.17,90.77,10080.0,912790.81
2025-12-11 05:00:00+00:00,1765429200000,90.74,90.76,90.37,90.6,8550.0,774191.08
2025-12-11 06:00:00+00:00,1765432800000,90.62,90.75,90.24,90.74,6069.0,549482.56
2025-12-11 07:00:00+00:00,1765436400000,90.73,91.16,90.43,90.99,13771.0,1252573.59
2025-12-11 08:00:00+00:00,1765440000000,91.0,91.06,90.69,90.98,9561.0,868670.84
2025-12-11 09:00:00+00:00,1765443600000,91.0,92.19,91.0,91.98,56380.0,5172684.584
2025-12-11 10:00:00+00:00,1765447200000,91.88,92.25,91.26,92.2,22842.0,2099065.59
2025-12-11 11:00:00+00:00,1765450800000,92.19,92.21,91.65,92.0,39565.0,3642112.5535
2025-12-11 12:00:00+00:00,1765454400000,92.01,92.25,91.49,91.49,66116.0,6079366.2
2025-12-11 13:00:00+00:00,1765458000000,92.01,92.33,89.8,90.286,237694.0,21561175.2012
2025-12-11 14:00:00+00:00,1765461600000,89.195,90.39,86.7,87.255,3271059.0,289068390.4185
2025-12-11 15:00:00+00:00,1765465200000,87.18,91.95,86.95,90.48,2862639.0,257384452.7124
2025-12-11 16:00:00+00:00,1765468800000,90.36,92.8,90.3,91.97,1110047.0,101594387.5622
2025-12-11 17:00:00+00:00,1765472400000,92.24,93.1,91.91,92.16,583301.0,54006089.687
2025-12-11 18:00:00+00:00,1765476000000,92.6,93.29,92.23,93.05,639483.0,59260569.8685
2025-12-11 19:00:00+00:00,1765479600000,93.03,95.1858,92.94,94.83,903228.0,85259032.8636
2025-12-11 20:00:00+00:00,1765483200000,94.83,95.45,93.89,94.27,1370464.0,129578193.4784
2025-12-11 21:00:00+00:00,1765486800000,94.28,95.17,94.14,95.0097,101603.0,9623084.2978
2025-12-11 22:00:00+00:00,1765490400000,94.75,94.95,92.72,93.5,199962.0,18790589.1096
2025-12-11 23:00:00+00:00,1765494000000,93.78,93.8,93.1,93.66,12922.0,1207210.7138
2025-12-12 00:00:00+00:00,1765497600000,93.68,93.9,93.38,93.73,12430.0,1163645.637
2025-12-12 01:00:00+00:00,1765501200000,94.95,94.95,93.29,93.95,2534.0,237479.4
2025-12-12 02:00:00+00:00,1765504800000,93.96,94.28,93.84,94.13,4824.0,453504.91
2025-12-12 03:00:00+00:00,1765508400000,94.13,94.14,93.87,93.9,4480.0,421163.21
2025-12-12 04:00:00+00:00,1765512000000,93.91,94.09,93.82,93.99,2586.0,243023.46
2025-12-12 05:00:00+00:00,1765515600000,94.0,94.13,93.9,94.1,2657.0,249734.58
2025-12-12 06:00:00+00:00,1765519200000,94.08,94.09,93.82,93.82,5891.0,553577.28
2025-12-12 07:00:00+00:00,1765522800000,93.81,93.96,93.78,93.95,2714.0,254760.67
2025-12-12 08:00:00+00:00,1765526400000,93.91,93.96,93.89,93.96,1592.0,149523.86
2025-12-12 09:00:00+00:00,1765530000000,93.93,93.93,92.93,93.6,26521.0,2475669.0475
2025-12-12 10:00:00+00:00,1765533600000,93.3,93.53,93.3,93.3,818.0,76414.288
2025-12-12 11:00:00+00:00,1765537200000,93.3,93.38,92.94,93.0,3310.0,308369.53
2025-12-12 12:00:00+00:00,1765540800000,93.01,93.9,92.9,93.61,26235.0,2453683.4685
2025-12-12 13:00:00+00:00,1765544400000,93.0,94.09,92.71,93.63,58399.0,5466712.8703
2025-12-12 14:00:00+00:00,1765548000000,93.7,95.65,92.56,94.41,1317845.0,123977190.8665
2025-12-12 15:00:00+00:00,1765551600000,94.16,94.78,90.21,90.57,2044712.0,189646015.644
2025-12-12 16:00:00+00:00,1765555200000,90.67,91.65,86.2,88.415,4226321.0,373735679.1905
2025-12-12 17:00:00+00:00,1765558800000,88.55,91.4,88.26,91.12,1733611.0,156463246.8608
2025-12-12 18:00:00+00:00,1765562400000,90.89,92.75,90.53,91.96,1027253.0,94414104.1529
2025-12-12 19:00:00+00:00,1765566000000,91.97,92.1,90.1036,90.535,859441.0,78108404.5148
2025-12-12 20:00:00+00:00,1765569600000,90.46,90.46,87.5,87.68,2498948.0,221224619.4908
2025-12-12 21:00:00+00:00,1765573200000,87.69,88.09,86.99,87.6,126274.0,11067524.6506
2025-12-12 22:00:00+00:00,1765576800000,87.74,88.0,87.57,87.57,65371.0,5732624.8627
2025-12-12 23:00:00+00:00,1765580400000,87.57,87.85,87.35,87.5,13553.0,1186607.1643
2025-12-13 00:00:00+00:00,1765584000000,87.3,87.59,87.1,87.29,33332.0,2909893.5996
2025-12-15 01:00:00+00:00,1765760400000,87.57,88.14,87.37,88.06,15725.0,1382358.24
2025-12-15 02:00:00+00:00,1765764000000,88.06,88.6,87.99,88.02,15353.0,1356183.23
2025-12-15 03:00:00+00:00,1765767600000,88.07,88.07,87.59,87.77,7155.0,628059.53
2025-12-15 04:00:00+00:00,1765771200000,87.78,87.9,87.67,87.79,5100.0,447661.7
2025-12-15 05:00:00+00:00,1765774800000,87.77,87.85,87.69,87.85,2418.0,212237.32
2025-12-15 06:00:00+00:00,1765778400000,87.84,87.94,87.69,87.82,2983.0,261925.96
2025-12-15 07:00:00+00:00,1765782000000,87.78,87.91,87.69,87.74,2386.0,209490.07
2025-12-15 08:00:00+00:00,1765785600000,87.75,88.11,87.66,88.04,4339.0,380762.1
2025-12-15 09:00:00+00:00,1765789200000,88.03,89.2,88.03,88.9,23821.0,2113968.4419
2025-12-15 10:00:00+00:00,1765792800000,88.85,89.08,88.7,88.7,12260.0,1089536.392
2025-12-15 11:00:00+00:00,1765796400000,88.62,88.67,88.5,88.59,5524.0,489482.1924
2025-12-15 12:00:00+00:00,1765800000000,88.6,88.7,88.0,88.64,38188.0,3373833.424
2025-12-15 13:00:00+00:00,1765803600000,88.76,89.0,87.67,88.76,163720.0,14494344.436
2025-12-15 14:00:00+00:00,1765807200000,89.06,89.29,81.31,81.39,3187530.0,269020200.681
2025-12-15 15:00:00+00:00,1765810800000,81.51,82.9559,80.5724,81.57,4441035.0,362297414.7825
2025-12-15 16:00:00+00:00,1765814400000,81.57,82.6,80.0635,81.58,2741183.0,222960424.0259
2025-12-15 17:00:00+00:00,1765818000000,81.63,82.4,81.3,81.91,1241573.0,101635662.4092
2025-12-15 18:00:00+00:00,1765821600000,81.73,82.25,80.85,82.11,992566.0,80937504.1342
2025-12-15 19:00:00+00:00,1765825200000,82.0,82.715,81.88,82.44,951603.0,78310075.3584
2025-12-15 20:00:00+00:00,1765828800000,82.51,82.52,80.82,81.1,2281737.0,185444752.0695
2025-12-15 21:00:00+00:00,1765832400000,80.96,81.14,80.39,80.85,141883.0,11471524.316
2025-12-15 22:00:00+00:00,1765836000000,80.74,80.8,80.15,80.1937,152693.0,12344923.664
2025-12-15 23:00:00+00:00,1765839600000,80.28,80.65,80.1,80.11,35822.0,2875249.2478
2025-12-16 00:00:00+00:00,1765843200000,80.13,80.4108,80.0,80.1,72910.0,5837830.79
2025-12-16 01:00:00+00:00,1765846800000,80.66,80.66,78.58,79.17,33759.0,2676088.16
2025-12-16 02:00:00+00:00,1765850400000,79.17,79.42,78.77,79.04,13589.0,1075156.59
2025-12-16 03:00:00+00:00,1765854000000,79.04,79.2,78.49,79.13,17498.0,1378635.57
2025-12-16 04:00:00+00:00,1765857600000,79.11,79.27,78.96,79.03,9003.0,711676.04
2025-12-16 05:00:00+00:00,1765861200000,79.06,79.13,78.59,78.71,11157.0,880093.37
2025-12-16 06:00:00+00:00,1765864800000,78.75,78.98,78.62,78.82,8036.0,633390.41
2025-12-16 07:00:00+00:00,1765868400000,78.94,79.13,78.81,79.04,7712.0,608900.71
2025-12-16 08:00:00+00:00,1765872000000,79.05,79.9,79.02,79.89,15316.0,1217795.7
2025-12-16 09:00:00+00:00,1765875600000,79.75,80.0,79.21,79.26,39810.0,3175341.144
2025-12-16 10:00:00+00:00,1765879200000,79.64,80.5,79.3,80.28,162186.0,12965716.491
2025-12-16 11:00:00+00:00,1765882800000,80.25,80.6,80.16,80.6,12138.0,975827.2272
2025-12-16 12:00:00+00:00,1765886400000,80.54,80.86,80.35,80.59,71958.0,5799649.2966
2025-12-16 13:00:00+00:00,1765890000000,80.39,81.9,78.6,80.39,373234.0,29922692.3076
2025-12-16 14:00:00+00:00,1765893600000,79.57,81.56,78.5,80.93,2237803.0,179735861.354
2025-12-16 15:00:00+00:00,1765897200000,81.05,81.1,76.88,79.82,4157375.0,325487124.8125
2025-12-16 16:00:00+00:00,1765900800000,79.85,80.01,78.7,79.47,1607246.0,127531434.1588
2025-12-16 17:00:00+00:00,1765904400000,79.3,79.5,78.26,78.605,963674.0,75925176.1728
2025-12-16 18:00:00+00:00,1765908000000,78.605,79.446,78.3101,79.08,838781.0,66190473.4187
2025-12-16 19:00:00+00:00,1765911600000,79.025,79.8313,78.37,79.61,787402.0,62245151.7226
2025-12-16 20:00:00+00:00,1765915200000,79.61,81.2763,79.16,80.93,1908759.0,153437310.0981
2025-12-16 21:00:00+00:00,1765918800000,80.95,81.6999,80.58,81.2,99525.0,8068053.84
2025-12-16 22:00:00+00:00,1765922400000,81.06,81.49,80.81,81.22,35573.0,2886240.2561
2025-12-16 23:00:00+00:00,1765926000000,81.3,81.3999,80.9173,81.1499,55478.0,4496031.4326
2025-12-17 00:00:00+00:00,1765929600000,81.2,81.2,80.72,80.73,20122.0,1625801.2584
2025-12-17 01:00:00+00:00,1765933200000,80.46,81.4,80.46,81.16,7078.0,574552.04
2025-12-17 02:00:00+00:00,1765936800000,81.16,81.32,80.8,81.27,13505.0,1095888.57
2025-12-17 03:00:00+00:00,1765940400000,81.26,81.94,81.23,81.55,13103.0,1069170.72
2025-12-17 04:00:00+00:00,1765944000000,81.53,81.63,80.99,81.17,3166.0,257416.29
2025-12-17 05:00:00+00:00,1765947600000,81.1,81.17,80.86,81.15,3395.0,274845.48
2025-12-17 06:00:00+00:00,1765951200000,81.18,81.75,81.18,81.43,14027.0,1144342.1
2025-12-17 07:00:00+00:00,1765954800000,81.48,81.67,81.4,81.49,5836.0,475823.67
2025-12-17 08:00:00+00:00,1765958400000,81.52,81.72,81.4,81.61,4639.0,378305.14
2025-12-17 09:00:00+00:00,1765962000000,81.55,82.61,81.51,82.59,37585.0,3082872.04
2025-12-17 10:00:00+00:00,1765965600000,82.45,82.58,82.17,82.43,18350.0,1511377.565
2025-12-17 11:00:00+00:00,1765969200000,82.41,82.5,82.11,82.48,89635.0,7378914.543
2025-12-17 12:00:00+00:00,1765972800000,82.45,83.5,82.11,83.2,86370.0,7167699.471
2025-12-17 13:00:00+00:00,1765976400000,83.93,83.93,80.88,82.74,478304.0,39666850.8192
2025-12-17 14:00:00+00:00,1765980000000,83.44,84.3,77.85,79.79,3831516.0,308822105.358
2025-12-17 15:00:00+00:00,1765983600000,79.66,79.73,76.12,76.43,3254597.0,253606660.1922
2025-12-17 16:00:00+00:00,1765987200000,76.26,77.75,75.48,77.69,2626564.0,200798716.5488
2025-12-17 17:00:00+00:00,1765990800000,77.74,78.33,77.01,77.395,1441223.0,111833860.5195
2025-12-17 18:00:00+00:00,1765994400000,77.39,77.695,75.9518,76.58,898291.0,68930539.5432
2025-12-17 19:00:00+00:00,1765998000000,76.67,76.7446,75.46,76.43,1390401.0,105598592.2683
2025-12-17 20:00:00+00:00,1766001600000,76.46,76.52,75.25,75.29,1985193.0,150462740.4525
2025-12-17 21:00:00+00:00,1766005200000,75.99,76.2476,75.19,75.99,99383.0,7520907.908
2025-12-17 22:00:00+00:00,1766008800000,75.38,76.37,75.23,76.02,72078.0,5460427.4616
2025-12-17 23:00:00+00:00,1766012400000,76.02,76.02,75.55,75.55,76965.0,5821855.7985
2025-12-18 00:00:00+00:00,1766016000000,75.6,75.99,75.45,75.9199,44733.0,3384270.6417
2025-12-18 01:00:00+00:00,1766019600000,75.91,76.06,75.59,75.85,11032.0,836613.86
2025-12-18 02:00:00+00:00,1766023200000,75.89,76.24,75.89,76.0,8884.0,675330.67
2025-12-18 03:00:00+00:00,1766026800000,76.06,76.06,75.3,75.59,10314.0,780187.59
2025-12-18 04:00:00+00:00,1766030400000,75.6,75.96,75.6,75.82,6854.0,519399.48
2025-12-18 05:00:00+00:00,1766034000000,75.94,75.95,75.68,75.81,3365.0,255056.19
2025-12-18 06:00:00+00:00,1766037600000,75.81,76.07,75.81,75.96,8454.0,641890.55
2025-12-18 07:00:00+00:00,1766041200000,75.96,76.07,75.91,76.05,10648.0,809194.96
2025-12-18 08:00:00+00:00,1766044800000,76.05,76.4,75.99,76.17,13178.0,1003606.6
2025-12-18 09:00:00+00:00,1766048400000,76.5,77.24,76.23,76.74,37942.0,2906983.243
2025-12-18 10:00:00+00:00,1766052000000,76.65,76.68,76.41,76.65,11290.0,864067.731
2025-12-18 11:00:00+00:00,1766055600000,76.65,76.8,76.3,76.55,14804.0,1133184.0232
2025-12-18 12:00:00+00:00,1766059200000,76.45,76.93,76.25,76.88,38036.0,2914618.8044
2025-12-18 13:00:00+00:00,1766062800000,79.11,79.5,75.75,79.13,495524.0,38504444.658
2025-12-18 14:00:00+00:00,1766066400000,78.94,80.35,78.2669,79.245,2258579.0,179267706.5301
2025-12-18 15:00:00+00:00,1766070000000,78.83,79.95,77.01,79.21,2060243.0,162077874.6399
2025-12-18 16:00:00+00:00,1766073600000,79.45,79.5423,78.04,78.23,1114624.0,87597296.9984
2025-12-18 17:00:00+00:00,1766077200000,78.28,78.97,77.55,78.85,1046525.0,81734125.7625
2025-12-18 18:00:00+00:00,1766080800000,78.545,79.43,78.04,78.49,720049.0,56649423.0456
2025-12-18 19:00:00+00:00,1766084400000,78.4,78.845,77.46,77.6,667958.0,52233781.2336
2025-12-18 20:00:00+00:00,1766088000000,77.585,78.7037,77.43,78.025,1006885.0,78848862.2845
2025-12-18 21:00:00+00:00,1766091600000,78.09,78.23,77.7,78.09,81677.0,6376907.2719
2025-12-18 22:00:00+00:00,1766095200000,78.0,79.4,77.9999,79.03,38012.0,2991723.0564
2025-12-18 23:00:00+00:00,1766098800000,79.18,79.75,79.0,79.75,49679.0,3938074.2016
2025-12-19 00:00:00+00:00,1766102400000,79.78,80.5,79.71,80.01,132721.0,10634017.9551
2025-12-19 01:00:00+00:00,1766106000000,79.85,80.25,79.66,80.22,13187.0,1054366.54
2025-12-19 02:00:00+00:00,1766109600000,80.11,80.47,80.04,80.37,8942.0,718173.79
2025-12-19 03:00:00+00:00,1766113200000,80.37,81.37,80.24,80.91,26151.0,2114907.46
2025-12-19 04:00:00+00:00,1766116800000,80.83,80.99,80.38,80.45,11525.0,930211.51
2025-12-19 05:00:00+00:00,1766120400000,80.65,80.7,80.09,80.48,14142.0,1136140.84
2025-12-19 06:00:00+00:00,1766124000000,80.52,80.63,80.39,80.61,5772.0,464717.0
2025-12-19 07:00:00+00:00,1766127600000,80.63,81.99,80.55,81.18,17704.0,1436490.61
2025-12-19 08:00:00+00:00,1766131200000,81.18,81.83,80.98,81.13,16908.0,1374073.33
2025-12-19 09:00:00+00:00,1766134800000,81.35,81.41,80.8,81.29,32908.0,2671099.5796
2025-12-19 10:00:00+00:00,1766138400000,81.25,81.26,80.71,80.87,9763.0,790255.2957
2025-12-19 11:00:00+00:00,1766142000000,80.72,81.1,80.48,80.5,22977.0,1855719.0234
2025-12-19 12:00:00+00:00,1766145600000,80.65,81.0,80.15,80.4,51373.0,4141927.5758
2025-12-19 13:00:00+00:00,1766149200000,81.1,81.82,80.15,81.15,181705.0,14690140.6005
2025-12-19 14:00:00+00:00,1766152800000,81.28,85.38,80.1601,85.28,3527090.0,291906906.326
2025-12-19 15:00:00+00:00,1766156400000,85.44,87.3,84.5485,86.69,3356902.0,288765745.393
2025-12-19 16:00:00+00:00,1766160000000,86.72,88.58,86.1,87.53,2242710.0,196489878.417
2025-12-19 17:00:00+00:00,1766163600000,87.73,88.88,87.61,88.05,1227991.0,108341102.3633
2025-12-19 18:00:00+00:00,1766167200000,88.05,88.7,87.73,88.6,932847.0,82321882.056
2025-12-19 19:00:00+00:00,1766170800000,88.645,89.23,88.41,88.83,1684542.0,149665492.3488
2025-12-19 20:00:00+00:00,1766174400000,88.86,90.54,88.8,89.475,2868094.0,257670999.007
2025-12-19 21:00:00+00:00,1766178000000,89.46,90.0,89.2338,89.8,85806.0,7689178.6272
2025-12-19 22:00:00+00:00,1766181600000,89.8,90.0,89.61,89.9,21990.0,1976762.463
2025-12-19 23:00:00+00:00,1766185200000,89.86,90.4981,89.86,90.46,46283.0,4175448.6148
2025-12-20 00:00:00+00:00,1766188800000,90.5,90.69,90.41,90.69,30148.0,2730031.0364
2025-12-22 01:00:00+00:00,1766365200000,90.7,93.03,90.7,92.85,87052.0,8065264.44
2025-12-22 02:00:00+00:00,1766368800000,92.85,93.21,92.54,92.92,21605.0,2006050.45
2025-12-22 03:00:00+00:00,1766372400000,92.92,93.42,92.86,92.99,19323.0,1798696.44
2025-12-22 04:00:00+00:00,1766376000000,92.97,93.36,92.88,93.25,9157.0,852417.52
2025-12-22 05:00:00+00:00,1766379600000,93.12,93.17,91.87,92.24,34574.0,3192109.72
2025-12-22 06:00:00+00:00,1766383200000,92.18,92.29,91.83,91.92,11534.0,1061468.11
2025-12-22 07:00:00+00:00,1766386800000,91.93,92.0,91.82,91.91,8355.0,768060.66
2025-12-22 08:00:00+00:00,1766390400000,91.9,91.99,91.39,91.39,17518.0,1608689.31
2025-12-22 09:00:00+00:00,1766394000000,91.9,92.8,90.73,92.07,69716.0,6408873.3628
2025-12-22 10:00:00+00:00,1766397600000,92.15,92.41,92.1,92.37,15551.0,1434567.3092
2025-12-22 11:00:00+00:00,1766401200000,92.2,92.29,92.02,92.11,21744.0,2003831.3664
2025-12-22 12:00:00+00:00,1766404800000,92.06,93.25,92.06,92.96,106301.0,9858886.245
2025-12-22 13:00:00+00:00,1766408400000,92.36,93.3,91.4,92.62,267946.0,24785326.5352
2025-12-22 14:00:00+00:00,1766412000000,92.58,95.9,91.1,95.32,2989135.0,278891377.0295
2025-12-22 15:00:00+00:00,1766415600000,95.32,95.75,91.35,92.43,2613714.0,244074102.1194
2025-12-22 16:00:00+00:00,1766419200000,92.49,94.38,92.03,94.24,1205040.0,112274540.832
2025-12-22 17:00:00+00:00,1766422800000,94.21,94.66,92.88,93.97,881951.0,82716773.1684
2025-12-22 18:00:00+00:00,1766426400000,93.88,93.95,92.7701,93.16,533283.0,49703202.1509
2025-12-22 19:00:00+00:00,1766430000000,93.13,93.425,92.63,92.85,573228.0,53346603.978
2025-12-22 20:00:00+00:00,1766433600000,92.77,93.5589,92.61,93.21,1114675.0,103819603.3575
2025-12-22 21:00:00+00:00,1766437200000,93.23,93.73,93.23,93.3509,69722.0,6522465.2112
2025-12-22 22:00:00+00:00,1766440800000,93.3815,93.69,93.3512,93.49,10897.0,1017323.2157
2025-12-22 23:00:00+00:00,1766444400000,93.5196,93.82,93.38,93.4,26665.0,2497697.2175
2025-12-23 00:00:00+00:00,1766448000000,93.4124,93.5,93.2,93.3,29589.0,2763224.9841
2025-12-23 01:00:00+00:00,1766451600000,93.29,93.72,93.23,93.31,4552.0,425445.31
2025-12-23 02:00:00+00:00,1766455200000,93.29,93.65,93.21,93.41,6908.0,646075.99
2025-12-23 03:00:00+00:00,1766458800000,93.45,93.77,93.33,93.71,3922.0,367295.26
2025-12-23 04:00:00+00:00,1766462400000,93.68,93.69,93.26,93.26,11951.0,1118258.68
2025-12-23 05:00:00+00:00,1766466000000,93.3,93.43,92.91,92.99,11004.0,1024173.9
2025-12-23 06:00:00+00:00,1766469600000,92.99,92.99,91.77,91.87,28364.0,2613050.05
2025-12-23 07:00:00+00:00,1766473200000,91.9,91.97,91.52,91.92,12908.0,1184205.19
2025-12-23 08:00:00+00:00,1766476800000,91.91,92.38,91.71,91.99,18333.0,1686296.53
2025-12-23 09:00:00+00:00,1766480400000,92.02,92.61,91.71,92.18,99018.0,9154392.3324
2025-12-23 10:00:00+00:00,1766484000000,92.17,92.17,91.7,91.76,12486.0,1148548.4334
2025-12-23 11:00:00+00:00,1766487600000,91.94,91.95,91.75,91.89,4188.0,384716.3808
2025-12-23 12:00:00+00:00,1766491200000,91.89,91.92,90.27,91.13,75141.0,6855737.1003
2025-12-23 13:00:00+00:00,1766494800000,91.01,93.26,90.02,91.01,239606.0,21849359.6522
2025-12-23 14:00:00+00:00,1766498400000,90.57,92.97,90.09,90.28,1436555.0,131582835.4355
2025-12-23 15:00:00+00:00,1766502000000,90.62,90.88,88.31,89.69,2935840.0,262793790.832
2025-12-23 16:00:00+00:00,1766505600000,89.15,91.14,89.1,91.11,1141313.0,103206651.964
2025-12-23 17:00:00+00:00,1766509200000,90.91,91.46,90.36,90.455,613726.0,55842376.3866
2025-12-23 18:00:00+00:00,1766512800000,90.65,91.1999,90.43,90.685,358354.0,32547215.3668
2025-12-23 19:00:00+00:00,1766516400000,90.695,90.9899,89.54,89.855,545344.0,49256179.0272
2025-12-23 20:00:00+00:00,1766520000000,89.7,90.34,89.5,90.04,840969.0,75619343.8017
2025-12-23 21:00:00+00:00,1766523600000,90.09,90.29,89.7,90.18,40153.0,3616580.71
2025-12-23 22:00:00+00:00,1766527200000,89.94,90.0,89.72,90.0,21155.0,1900512.3125
2025-12-23 23:00:00+00:00,1766530800000,89.98,90.05,89.8412,89.97,3689.0,331885.6807
2025-12-24 00:00:00+00:00,1766534400000,89.97,90.59,89.97,90.28,14274.0,1288481.1498
2025-12-24 01:00:00+00:00,1766538000000,90.24,90.71,90.03,90.63,4886.0,442097.25
2025-12-24 02:00:00+00:00,1766541600000,90.66,90.66,90.39,90.4,2037.0,184322.82
2025-12-24 03:00:00+00:00,1766545200000,90.39,90.39,90.09,90.17,5346.0,482213.94
2025-12-24 04:00:00+00:00,1766548800000,90.19,90.36,90.07,90.07,4020.0,362543.53
2025-12-24 05:00:00+00:00,1766552400000,90.22,90.24,89.71,89.98,4355.0,391453.18
2025-12-24 06:00:00+00:00,1766556000000,89.96,90.11,89.74,90.1,1993.0,179234.85
2025-12-24 07:00:00+00:00,1766559600000,90.09,90.16,90.0,90.05,3086.0,277996.19
2025-12-24 08:00:00+00:00,1766563200000,90.02,90.13,89.84,89.99,1520.0,136790.62
2025-12-24 09:00:00+00:00,1766566800000,90.46,90.49,89.96,90.09,3285.0,296009.0505
2025-12-24 10:00:00+00:00,1766570400000,89.95,90.05,89.82,90.05,3067.0,276021.7191
2025-12-24 11:00:00+00:00,1766574000000,90.0,90.0,89.9,89.94,1546.0,139109.5438
2025-12-24 12:00:00+00:00,1766577600000,90.03,90.41,90.0,90.41,5203.0,469420.3833
2025-12-24 13:00:00+00:00,1766581200000,89.9,90.5,89.72,90.23,44056.0,3972106.5824
2025-12-24 14:00:00+00:00,1766584800000,90.25,91.1997,88.8,88.91,838502.0,75448242.2596
2025-12-24 15:00:00+00:00,1766588400000,88.715,91.3697,88.65,90.61,1003358.0,90782828.482
2025-12-24 16:00:00+00:00,1766592000000,90.64,91.1,90.2,90.54,436617.0,39573611.3673
2025-12-24 17:00:00+00:00,1766595600000,90.59,91.42,90.505,91.105,802171.0,73000849.9011
2025-12-24 18:00:00+00:00,1766599200000,91.31,91.31,91.13,91.31,113024.0,10299877.12
2025-12-24 21:00:00+00:00,1766610000000,91.25,91.37,91.25,91.3592,5636.0,514734.1892
2025-12-26 01:00:00+00:00,1766710800000,91.62,92.25,91.39,91.75,9257.0,851979.05
2025-12-26 02:00:00+00:00,1766714400000,91.77,92.02,91.74,91.96,5477.0,503455.74
2025-12-26 03:00:00+00:00,1766718000000,91.95,91.97,91.77,91.81,1943.0,178558.85
2025-12-26 04:00:00+00:00,1766721600000,91.81,92.03,91.77,92.01,3090.0,283956.79
2025-12-26 05:00:00+00:00,1766725200000,91.99,92.14,91.89,92.06,4247.0,390910.58
2025-12-26 06:00:00+00:00,1766728800000,92.1,92.1,91.92,92.07,2193.0,201791.0
2025-12-26 07:00:00+00:00,1766732400000,92.09,92.16,91.71,91.81,5902.0,542406.59
2025-12-26 08:00:00+00:00,1766736000000,91.83,91.83,91.58,91.64,1875.0,171848.68
2025-12-26 09:00:00+00:00,1766739600000,91.98,92.25,91.57,92.1,8894.0,817852.217
2025-12-26 10:00:00+00:00,1766743200000,92.23,92.3,91.71,91.71,7332.0,675060.906
2025-12-26 11:00:00+00:00,1766746800000,91.84,91.9,91.8,91.8,1576.0,144779.5552
2025-12-26 12:00:00+00:00,1766750400000,91.77,91.87,91.59,91.65,12318.0,1129255.1136
2025-12-26 13:00:00+00:00,1766754000000,91.65,92.25,91.5,91.8,58835.0,5400093.9895
2025-12-26 14:00:00+00:00,1766757600000,91.235,91.74,87.6336,87.88,1309387.0,116693355.0722
2025-12-26 15:00:00+00:00,1766761200000,87.7,88.29,86.74,88.15,1308482.0,114522270.086
2025-12-26 16:00:00+00:00,1766764800000,88.32,88.98,87.75,88.19,820056.0,72452849.6616
2025-12-26 17:00:00+00:00,1766768400000,88.32,88.79,87.71,88.31,520343.0,45879422.8245
2025-12-26 18:00:00+00:00,1766772000000,88.285,88.58,88.14,88.28,267184.0,23601190.9904
2025-12-26 19:00:00+00:00,1766775600000,88.32,88.3256,87.4,87.47,460654.0,40479970.25
2025-12-26 20:00:00+00:00,1766779200000,87.495,87.91,87.15,87.61,950812.0,83166860.0716
2025-12-26 21:00:00+00:00,1766782800000,87.48,87.64,87.4,87.48,77947.0,6820479.4205
2025-12-26 22:00:00+00:00,1766786400000,87.46,87.59,87.16,87.3,16306.0,1424754.6866
2025-12-26 23:00:00+00:00,1766790000000,87.4,87.4,87.15,87.22,49685.0,4349409.9945
2025-12-27 00:00:00+00:00,1766793600000,87.26,87.27,87.1207,87.24,9708.0,846519.1548
2025-12-29 01:00:00+00:00,1766970000000,87.24,88.01,86.22,86.34,18501.0,1606338.2
2025-12-29 02:00:00+00:00,1766973600000,86.26,86.52,86.21,86.49,10542.0,911179.26
2025-12-29 03:00:00+00:00,1766977200000,86.49,86.51,86.29,86.5,6784.0,586253.65
2025-12-29 04:00:00+00:00,1766980800000,86.48,86.8,86.47,86.72,6737.0,583472.92
2025-12-29 05:00:00+00:00,1766984400000,86.73,86.87,86.47,86.69,6404.0,554967.36
2025-12-29 06:00:00+00:00,1766988000000,86.67,86.89,86.5,86.76,7696.0,666889.7
2025-12-29 07:00:00+00:00,1766991600000,86.78,86.78,86.51,86.77,5294.0,458818.5
2025-12-29 08:00:00+00:00,1766995200000,86.76,86.76,86.01,86.15,8518.0,736555.92
2025-12-29 09:00:00+00:00,1766998800000,86.0,86.7,85.2,85.41,30186.0,2590731.5616
2025-12-29 10:00:00+00:00,1767002400000,85.44,85.66,85.36,85.46,13739.0,1174255.8432
2025-12-29 11:00:00+00:00,1767006000000,85.42,85.42,85.1,85.33,13848.0,1180985.136
2025-12-29 12:00:00+00:00,1767009600000,85.4,85.89,85.26,85.33,26505.0,2266948.7955
2025-12-29 13:00:00+00:00,1767013200000,85.17,86.87,84.5,84.99,215297.0,18383026.6965
2025-12-29 14:00:00+00:00,1767016800000,84.52,88.61,84.2,86.38,1962017.0,169748413.3941
2025-12-29 15:00:00+00:00,1767020400000,85.85,86.57,85.25,85.56,1450758.0,124607780.757
2025-12-29 16:00:00+00:00,1767024000000,85.47,86.51,85.3401,86.21,823591.0,70840768.0695
2025-12-29 17:00:00+00:00,1767027600000,86.17,86.61,85.97,86.26,459464.0,39649399.9336
2025-12-29 18:00:00+00:00,1767031200000,86.29,86.95,86.07,86.14,418160.0,36141736.064
2025-12-29 19:00:00+00:00,1767034800000,86.09,87.68,86.08,87.25,675647.0,58682509.4086
2025-12-29 20:00:00+00:00,1767038400000,87.15,87.21,85.79,86.175,1254597.0,108235337.787
2025-12-29 21:00:00+00:00,1767042000000,86.04,86.04,85.71,85.8,25256.0,2169273.1984
2025-12-29 22:00:00+00:00,1767045600000,85.8025,85.95,85.75,85.75,7403.0,635665.998
2025-12-29 23:00:00+00:00,1767049200000,85.77,85.92,85.71,85.91,10225.0,876927.6975
2025-12-30 00:00:00+00:00,1767052800000,85.72,85.8,85.6192,85.6605,9881.0,847172.2375
2025-12-30 01:00:00+00:00,1767056400000,85.66,85.99,85.62,85.72,1485.0,127302.0
2025-12-30 02:00:00+00:00,1767060000000,85.72,85.75,85.62,85.64,1635.0,140074.44
2025-12-30 03:00:00+00:00,1767063600000,85.64,85.8,85.64,85.74,683.0,58546.88
2025-12-30 04:00:00+00:00,1767067200000,85.75,86.27,85.74,86.27,3783.0,324806.44
2025-12-30 05:00:00+00:00,1767070800000,86.26,86.26,86.09,86.17,1628.0,140271.53
2025-12-30 06:00:00+00:00,1767074400000,86.27,86.3,86.06,86.08,3873.0,333888.68
2025-12-30 07:00:00+00:00,1767078000000,86.06,86.06,85.79,85.93,1686.0,144869.18
2025-12-30 08:00:00+00:00,1767081600000,85.91,86.15,85.9,86.02,1724.0,148244.15
2025-12-30 09:00:00+00:00,1767085200000,86.2,86.55,86.0,86.5,5476.0,472078.2936
2025-12-30 10:00:00+00:00,1767088800000,86.5,86.5,86.35,86.4,4022.0,347588.0774
2025-12-30 11:00:00+00:00,1767092400000,86.34,86.4,86.28,86.4,2495.0,215387.861
2025-12-30 12:00:00+00:00,1767096000000,86.47,86.55,86.3,86.4,10927.0,944679.5799
2025-12-30 13:00:00+00:00,1767099600000,86.49,86.6,85.83,86.42,35845.0,3094402.0685
2025-12-30 14:00:00+00:00,1767103200000,85.97,87.06,85.16,86.0,734052.0,63044863.4772
2025-12-30 15:00:00+00:00,1767106800000,85.885,86.7499,84.56,86.66,1001565.0,85739472.6075
2025-12-30 16:00:00+00:00,1767110400000,86.67,86.96,85.81,85.97,883718.0,76314616.7234
2025-12-30 17:00:00+00:00,1767114000000,86.085,86.31,85.45,86.14,560892.0,48228635.1552
2025-12-30 18:00:00+00:00,1767117600000,86.07,86.25,85.6,86.14,437071.0,37570186.089
2025-12-30 19:00:00+00:00,1767121200000,86.2,86.48,85.5,85.7,697618.0,59974917.078
2025-12-30 20:00:00+00:00,1767124800000,85.585,85.675,84.95,85.17,1022160.0,87169293.72
2025-12-30 21:00:00+00:00,1767128400000,85.17,85.4,84.82,84.93,26566.0,2258564.2786
2025-12-30 22:00:00+00:00,1767132000000,84.93,85.13,84.9,85.13,7358.0,625084.9098
2025-12-30 23:00:00+00:00,1767135600000,85.04,85.17,85.01,85.0301,9540.0,811332.162
2025-12-31 00:00:00+00:00,1767139200000,85.011,85.08,85.0,85.0,6881.0,584984.0864
2025-12-31 01:00:00+00:00,1767142800000,85.17,85.31,84.67,84.79,12230.0,1036863.7
2025-12-31 02:00:00+00:00,1767146400000,84.71,84.85,84.7,84.81,2028.0,171915.69
2025-12-31 03:00:00+00:00,1767150000000,84.81,84.91,84.74,84.82,755.0,64047.01
2025-12-31 04:00:00+00:00,1767153600000,84.93,84.99,84.84,84.9,1095.0,92965.96
2025-12-31 05:00:00+00:00,1767157200000,84.96,84.96,84.41,84.41,7974.0,674890.64
2025-12-31 06:00:00+00:00,1767160800000,84.4,84.54,83.87,84.05,11154.0,939811.1
2025-12-31 07:00:00+00:00,1767164400000,84.04,84.35,84.01,84.31,2298.0,193367.38
2025-12-31 08:00:00+00:00,1767168000000,84.18,84.33,84.1,84.12,1419.0,119420.1
2025-12-31 09:00:00+00:00,1767171600000,84.8,84.8,84.31,84.4,3340.0,282015.906
2025-12-31 10:00:00+00:00,1767175200000,84.24,84.29,84.16,84.28,2451.0,206461.7007
2025-12-31 11:00:00+00:00,1767178800000,84.29,84.45,84.29,84.3,3171.0,267440.8716
2025-12-31 12:00:00+00:00,1767182400000,84.35,84.76,84.35,84.59,4418.0,373483.5824
2025-12-31 13:00:00+00:00,1767186000000,84.2457,85.45,84.0,85.3388,60374.0,5114003.8196
2025-12-31 14:00:00+00:00,1767189600000,85.4,86.47,83.8,85.09,1218357.0,103501376.5212
2025-12-31 15:00:00+00:00,1767193200000,85.06,85.575,84.41,84.86,885057.0,75207453.0579
2025-12-31 16:00:00+00:00,1767196800000,84.86,85.24,84.55,85.02,448925.0,38117683.04
2025-12-31 17:00:00+00:00,1767200400000,84.93,84.985,84.245,84.56,445706.0,37686314.2652
2025-12-31 18:00:00+00:00,1767204000000,84.585,84.87,84.36,84.51,392382.0,33194457.7686
2025-12-31 19:00:00+00:00,1767207600000,84.63,84.67,83.69,83.745,553113.0,46484667.4347
2025-12-31 20:00:00+00:00,1767211200000,83.66,83.87,82.9,83.71,1345785.0,112295126.5485
2025-12-31 21:00:00+00:00,1767214800000,83.705,83.8,83.36,83.45,25592.0,2140409.9528
2025-12-31 22:00:00+00:00,1767218400000,83.44,83.6,83.36,83.54,10707.0,893959.551
2025-12-31 23:00:00+00:00,1767222000000,83.65,83.65,83.4976,83.5046,5247.0,438436.6965
2026-01-01 00:00:00+00:00,1767225600000,83.5,83.61,83.37,83.4613,9556.0,797634.542
2026-01-02 01:00:00+00:00,1767315600000,84.01,85.15,84.0,84.86,16316.0,1380540.47
2026-01-02 02:00:00+00:00,1767319200000,84.85,85.12,84.62,85.11,9325.0,791134.58
2026-01-02 03:00:00+00:00,1767322800000,85.12,85.32,84.99,85.19,7858.0,669220.0
2026-01-02 04:00:00+00:00,1767326400000,85.2,85.33,85.12,85.31,4053.0,345430.28
2026-01-02 05:00:00+00:00,1767330000000,85.28,85.91,85.28,85.82,8034.0,687453.08
2026-01-02 06:00:00+00:00,1767333600000,85.91,85.91,85.61,85.69,6496.0,557165.84
2026-01-02 07:00:00+00:00,1767337200000,85.69,85.79,85.39,85.5,5864.0,502138.12
2026-01-02 08:00:00+00:00,1767340800000,85.5,85.87,85.39,85.68,4590.0,393212.56
2026-01-02 09:00:00+00:00,1767344400000,85.74,86.5,85.67,86.5,30283.0,2608747.2048
2026-01-02 10:00:00+00:00,1767348000000,86.46,86.77,86.35,86.77,21941.0,1899289.7535
2026-01-02 11:00:00+00:00,1767351600000,86.76,87.0,86.58,86.64,12253.0,1063890.0057
2026-01-02 12:00:00+00:00,1767355200000,86.74,86.77,86.24,86.41,33591.0,2903814.3042
2026-01-02 13:00:00+00:00,1767358800000,86.58,87.37,85.29,87.06,167758.0,14532087.0774
2026-01-02 14:00:00+00:00,1767362400000,87.21,89.48,86.01,88.59,1757283.0,154219507.5366
2026-01-02 15:00:00+00:00,1767366000000,88.59,90.76,87.8637,89.44,2113916.0,189000156.1616
2026-01-02 16:00:00+00:00,1767369600000,89.42,90.76,88.72,89.12,1405469.0,126251453.1603
2026-01-02 17:00:00+00:00,1767373200000,89.125,90.1299,89.0,89.505,594954.0,53271169.7382
2026-01-02 18:00:00+00:00,1767376800000,89.43,90.33,88.89,89.93,470431.0,42164448.2714
2026-01-02 19:00:00+00:00,1767380400000,90.02,90.48,89.5,89.525,552888.0,49796244.7416
2026-01-02 20:00:00+00:00,1767384000000,89.61,90.71,89.36,89.9,1061123.0,95692921.0384
2026-01-02 21:00:00+00:00,1767387600000,89.95,90.35,89.95,90.03,49402.0,4448872.409
2026-01-02 22:00:00+00:00,1767391200000,90.1,90.1924,90.01,90.1481,10563.0,951743.2008
2026-01-02 23:00:00+00:00,1767394800000,90.15,90.55,90.0612,90.11,14503.0,1309145.2016
2026-01-03 00:00:00+00:00,1767398400000,90.25,90.5199,90.19,90.5,8648.0,781319.9912
2026-01-05 01:00:00+00:00,1767574800000,91.2,91.9,90.51,91.57,33415.0,3056972.26
2026-01-05 02:00:00+00:00,1767578400000,91.55,91.63,91.0,91.39,11117.0,1015521.36
2026-01-05 03:00:00+00:00,1767582000000,91.39,91.69,91.31,91.57,11707.0,1070494.4
2026-01-05 04:00:00+00:00,1767585600000,91.57,91.71,91.41,91.7,5515.0,505042.5
2026-01-05 05:00:00+00:00,1767589200000,91.63,91.63,91.13,91.24,8260.0,754454.81
2026-01-05 06:00:00+00:00,1767592800000,91.33,91.36,91.0,91.18,9060.0,826138.17
2026-01-05 07:00:00+00:00,1767596400000,91.15,91.29,90.88,90.95,8886.0,808688.64
2026-01-05 08:00:00+00:00,1767600000000,90.96,91.3,90.82,91.24,6350.0,578325.35
2026-01-05 09:00:00+00:00,1767603600000,91.45,92.56,91.36,91.7,51492.0,4734251.718
2026-01-05 10:00:00+00:00,1767607200000,91.79,92.25,91.79,92.25,13311.0,1224899.5176
2026-01-05 11:00:00+00:00,1767610800000,92.3,92.75,92.3,92.5,21085.0,1951948.092
2026-01-05 12:00:00+00:00,1767614400000,92.59,93.3,92.37,93.17,66697.0,6199352.756
2026-01-05 13:00:00+00:00,1767618000000,92.66,93.5,90.89,93.28,234714.0,21631336.1256
2026-01-05 14:00:00+00:00,1767621600000,95.01,95.44,91.76,92.69,2975603.0,278949688.5968
2026-01-05 15:00:00+00:00,1767625200000,92.295,94.13,90.89,94.06,2162120.0,199471137.264
2026-01-05 16:00:00+00:00,1767628800000,94.095,94.5,92.08,92.145,1022297.0,95535085.8658
2026-01-05 17:00:00+00:00,1767632400000,92.14,92.6994,91.7,91.79,649202.0,59792997.3646
2026-01-05 18:00:00+00:00,1767636000000,91.62,92.14,91.1769,92.09,526736.0,48267242.6656
2026-01-05 19:00:00+00:00,1767639600000,92.27,93.26,91.8226,93.17,714801.0,66093931.5048
2026-01-05 20:00:00+00:00,1767643200000,93.12,93.7,92.54,92.82,831375.0,77331093.8625
2026-01-05 21:00:00+00:00,1767646800000,93.17,93.25,92.53,93.17,136220.0,12655519.1
2026-01-05 22:00:00+00:00,1767650400000,93.0015,93.21,93.0,93.0013,18042.0,1678400.3508
2026-01-05 23:00:00+00:00,1767654000000,93.08,93.9,93.08,93.75,67725.0,6337095.975
2026-01-06 00:00:00+00:00,1767657600000,93.731,93.75,93.2013,93.2924,26703.0,2496546.2493
2026-01-06 01:00:00+00:00,1767661200000,93.52,93.61,92.87,93.59,4879.0,455170.0
2026-01-06 02:00:00+00:00,1767664800000,93.51,93.61,93.22,93.59,7099.0,663588.03
2026-01-06 03:00:00+00:00,1767668400000,93.59,93.91,93.51,93.89,5154.0,483056.91
2026-01-06 04:00:00+00:00,1767672000000,93.89,94.46,93.85,94.36,8272.0,779273.13
2026-01-06 05:00:00+00:00,1767675600000,94.3,94.4,94.02,94.35,12504.0,1178789.04
2026-01-06 06:00:00+00:00,1767679200000,94.32,94.39,94.14,94.16,5275.0,496985.79
2026-01-06 07:00:00+00:00,1767682800000,94.19,94.24,94.0,94.05,4668.0,439362.89
2026-01-06 08:00:00+00:00,1767686400000,94.01,94.01,92.99,93.2,12174.0,1137050.71
2026-01-06 09:00:00+00:00,1767690000000,93.5,94.04,93.3,93.72,11980.0,1121451.394
2026-01-06 10:00:00+00:00,1767693600000,93.72,93.9,93.62,93.8,8623.0,808438.1551
2026-01-06 11:00:00+00:00,1767697200000,93.81,94.16,93.81,94.14,29529.0,2775599.0253
2026-01-06 12:00:00+00:00,1767700800000,94.08,95.13,94.04,94.98,69209.0,6555068.1469
2026-01-06 13:00:00+00:00,1767704400000,95.12,95.2493,93.0,94.77,192003.0,18173813.5614
2026-01-06 14:00:00+00:00,1767708000000,95.03,96.6757,91.67,94.89,2514763.0,236565012.7915
2026-01-06 15:00:00+00:00,1767711600000,94.9,100.19,93.9,96.17,4397601.0,429129339.3426
2026-01-06 16:00:00+00:00,1767715200000,96.11,96.18,90.94,91.735,2848938.0,265178864.1462
2026-01-06 17:00:00+00:00,1767718800000,91.735,94.95,91.33,93.45,1948985.0,182213920.9245
2026-01-06 18:00:00+00:00,1767722400000,93.31,95.95,93.2028,95.7,1114259.0,105644344.3267
2026-01-06 19:00:00+00:00,1767726000000,95.83,97.8799,95.6172,97.42,1099004.0,106502939.0344
2026-01-06 20:00:00+00:00,1767729600000,97.6,100.68,97.4272,100.22,3462614.0,345101424.31
2026-01-06 21:00:00+00:00,1767733200000,100.64,100.73,100.17,100.64,132912.0,13351874.328
2026-01-06 22:00:00+00:00,1767736800000,100.28,100.4,99.75,99.98,40039.0,4004748.8268
2026-01-06 23:00:00+00:00,1767740400000,99.97,100.4,99.75,100.32,30324.0,3033337.0116
2026-01-07 00:00:00+00:00,1767744000000,100.39,100.4,99.9148,100.35,21623.0,2165089.367
2026-01-07 01:00:00+00:00,1767747600000,99.99,100.08,99.2,99.41,12437.0,1237206.35
2026-01-07 02:00:00+00:00,1767751200000,99.43,99.49,99.26,99.46,5424.0,538941.76
2026-01-07 03:00:00+00:00,1767754800000,99.46,99.77,99.39,99.75,5641.0,561636.27
2026-01-07 04:00:00+00:00,1767758400000,99.75,99.89,99.5,99.68,9401.0,936668.9
2026-01-07 05:00:00+00:00,1767762000000,99.63,99.64,99.47,99.48,2512.0,250033.54
2026-01-07 06:00:00+00:00,1767765600000,99.51,99.62,99.45,99.6,4342.0,432151.62
2026-01-07 07:00:00+00:00,1767769200000,99.55,99.78,99.5,99.54,4488.0,447244.22
2026-01-07 08:00:00+00:00,1767772800000,99.69,99.69,99.48,99.48,5586.0,555966.23
2026-01-07 09:00:00+00:00,1767776400000,99.7,99.7,98.2,98.74,41932.0,4138700.9796
2026-01-07 10:00:00+00:00,1767780000000,98.33,98.5,97.5,97.73,30747.0,3013657.9809
2026-01-07 11:00:00+00:00,1767783600000,97.74,98.45,97.73,98.45,18669.0,1830674.6724
2026-01-07 12:00:00+00:00,1767787200000,98.41,98.73,97.84,98.27,30545.0,3004339.001
2026-01-07 13:00:00+00:00,1767790800000,98.42,99.76,97.77,98.42,110573.0,10905206.8385
2026-01-07 14:00:00+00:00,1767794400000,98.45,102.35,98.2207,100.06,1989149.0,199795297.3474
2026-01-07 15:00:00+00:00,1767798000000,100.075,100.43,97.71,100.03,1785246.0,177027314.1798
2026-01-07 16:00:00+00:00,1767801600000,100.01,100.22,98.95,99.785,821854.0,81980676.1686
2026-01-07 17:00:00+00:00,1767805200000,99.72,101.5,99.382,99.745,993959.0,99493407.3779
2026-01-07 18:00:00+00:00,1767808800000,99.835,99.99,97.31,97.555,1181782.0,116568494.7378
2026-01-07 19:00:00+00:00,1767812400000,97.57,98.85,97.52,97.85,753387.0,74021402.8305
2026-01-07 20:00:00+00:00,1767816000000,97.73,98.14,95.555,96.22,1615584.0,155926312.6176
2026-01-07 21:00:00+00:00,1767819600000,96.57,97.5,96.0001,96.57,118980.0,11517323.49
2026-01-07 22:00:00+00:00,1767823200000,97.1,97.27,96.5,96.8,33737.0,3268302.2383
2026-01-07 23:00:00+00:00,1767826800000,96.7115,96.95,96.5,96.56,21693.0,2096806.3326
2026-01-08 00:00:00+00:00,1767830400000,96.57,96.58,96.22,96.31,35525.0,3423448.3325
2026-01-08 01:00:00+00:00,1767834000000,96.32,96.98,96.08,96.91,3055.0,295215.87
2026-01-08 02:00:00+00:00,1767837600000,96.9,97.2,96.28,96.36,9901.0,957108.64
2026-01-08 03:00:00+00:00,1767841200000,96.41,96.44,96.19,96.3,2697.0,259759.84
2026-01-08 04:00:00+00:00,1767844800000,96.4,96.43,96.19,96.23,5004.0,481657.28
2026-01-08 05:00:00+00:00,1767848400000,96.22,96.23,95.75,95.75,4592.0,440829.17
2026-01-08 06:00:00+00:00,1767852000000,95.79,95.79,94.81,95.0,16703.0,1589861.86
2026-01-08 07:00:00+00:00,1767855600000,95.19,96.0,95.0,95.77,6777.0,647354.21
2026-01-08 08:00:00+00:00,1767859200000,95.78,96.44,95.76,96.36,4080.0,392453.34
2026-01-08 09:00:00+00:00,1767862800000,96.45,97.0,96.4,96.67,14852.0,1435676.006
2026-01-08 10:00:00+00:00,1767866400000,96.6,96.75,96.3,96.75,8077.0,779428.8846
2026-01-08 11:00:00+00:00,1767870000000,96.79,96.94,96.78,96.82,4079.0,395031.1629
2026-01-08 12:00:00+00:00,1767873600000,96.6,96.6,96.27,96.45,11784.0,1135731.3144
2026-01-08 13:00:00+00:00,1767877200000,96.5,97.2,94.8,97.0,122639.0,11820731.7096
2026-01-08 14:00:00+00:00,1767880800000,96.74,101.3,96.0211,97.43,2390970.0,235191828.699
2026-01-08 15:00:00+00:00,1767884400000,97.3,102.44,96.3,100.065,3158040.0,315104809.944
2026-01-08 16:00:00+00:00,1767888000000,100.115,102.54,99.56,102.365,1887159.0,190834047.2616
2026-01-08 17:00:00+00:00,1767891600000,102.11,102.319,99.4,100.18,1046039.0,105511861.852
2026-01-08 18:00:00+00:00,1767895200000,100.26,100.43,98.9,99.01,657973.0,65560758.7065
2026-01-08 19:00:00+00:00,1767898800000,99.62,100.09,98.26,98.405,650311.0,64515078.2215
2026-01-08 20:00:00+00:00,1767902400000,97.82,99.25,97.0,97.25,2425896.0,237272763.7368
2026-01-08 21:00:00+00:00,1767906000000,97.01,97.5,96.7,97.11,126660.0,12291656.37
2026-01-08 22:00:00+00:00,1767909600000,97.4002,97.5,97.25,97.48,14657.0,1427179.9383
2026-01-08 23:00:00+00:00,1767913200000,97.45,97.5,97.2,97.2156,8796.0,856368.0048
2026-01-09 00:00:00+00:00,1767916800000,97.21,97.4,97.15,97.3,16513.0,1605448.3529
2026-01-09 01:00:00+00:00,1767920400000,97.31,97.5,96.88,97.08,5837.0,567169.99
2026-01-09 02:00:00+00:00,1767924000000,97.14,97.73,97.02,97.51,2685.0,261351.54
2026-01-09 03:00:00+00:00,1767927600000,97.65,97.95,97.48,97.73,4041.0,394647.58
2026-01-09 04:00:00+00:00,1767931200000,97.54,97.73,97.26,97.32,3034.0,295399.54
2026-01-09 05:00:00+00:00,1767934800000,97.48,97.59,97.33,97.48,1403.0,136726.75
2026-01-09 06:00:00+00:00,1767938400000,97.48,97.6,97.35,97.47,3085.0,300622.04
2026-01-09 07:00:00+00:00,1767942000000,97.47,97.75,97.35,97.57,5369.0,524194.25
2026-01-09 08:00:00+00:00,1767945600000,97.63,97.93,97.61,97.69,3687.0,360501.42
2026-01-09 09:00:00+00:00,1767949200000,97.69,98.27,97.69,98.2,11607.0,1136975.292
2026-01-09 10:00:00+00:00,1767952800000,98.27,98.85,98.24,98.77,15759.0,1552589.2872
2026-01-09 11:00:00+00:00,1767956400000,99.0,99.56,98.95,99.2,26623.0,2641536.7223
2026-01-09 12:00:00+00:00,1767960000000,99.07,99.6,98.87,99.57,36737.0,3645765.1852
2026-01-09 13:00:00+00:00,1767963600000,98.52,99.69,97.34,98.52,117013.0,11579571.3761
2026-01-09 14:00:00+00:00,1767967200000,98.415,101.9,97.1,101.3,1652280.0,165038813.94
2026-01-09 15:00:00+00:00,1767970800000,101.395,104.97,100.1,103.015,3330760.0,342885754.352
2026-01-09 16:00:00+00:00,1767974400000,103.08,103.7,102.08,102.57,1254881.0,129043930.8016
2026-01-09 17:00:00+00:00,1767978000000,102.18,102.5,99.78,99.925,1228900.0,124085228.14
2026-01-09 18:00:00+00:00,1767981600000,99.925,100.71,99.1,100.23,1065958.0,106468737.8064
2026-01-09 19:00:00+00:00,1767985200000,99.95,100.24,98.63,98.83,901297.0,89516818.04
2026-01-09 20:00:00+00:00,1767988800000,98.7,99.4,97.57,97.91,1619450.0,159000030.175
2026-01-09 21:00:00+00:00,1767992400000,97.93,99.0,97.8,98.92,97464.0,9595369.7856
2026-01-09 22:00:00+00:00,1767996000000,98.92,99.0,98.6,98.95,28296.0,2797441.596
2026-01-09 23:00:00+00:00,1767999600000,98.94,98.95,98.7,98.88,15635.0,1546115.4435
2026-01-10 00:00:00+00:00,1768003200000,98.89,98.95,98.76,98.95,19221.0,1901199.0846
2026-01-12 01:00:00+00:00,1768179600000,98.21,98.96,97.29,98.65,32272.0,3172173.98
2026-01-12 02:00:00+00:00,1768183200000,98.57,98.69,97.68,97.76,14369.0,1412734.78
2026-01-12 03:00:00+00:00,1768186800000,97.74,98.66,97.5,98.08,12017.0,1178733.21
2026-01-12 04:00:00+00:00,1768190400000,98.12,98.19,97.54,97.57,6734.0,658790.55
2026-01-12 05:00:00+00:00,1768194000000,97.58,97.84,96.22,96.28,38350.0,3712832.57
2026-01-12 06:00:00+00:00,1768197600000,96.28,96.96,96.23,96.94,15411.0,1487969.75
2026-01-12 07:00:00+00:00,1768201200000,96.89,97.42,96.87,97.18,8434.0,818823.63
2026-01-12 08:00:00+00:00,1768204800000,97.16,97.3,96.1,96.3,20306.0,1962915.29
2026-01-12 09:00:00+00:00,1768208400000,97.0,97.23,96.38,96.67,27055.0,2621180.387
2026-01-12 10:00:00+00:00,1768212000000,96.69,97.04,96.55,96.9,15103.0,1462843.3534
2026-01-12 11:00:00+00:00,1768215600000,97.03,97.3,96.9,97.19,13613.0,1322345.0392
2026-01-12 12:00:00+00:00,1768219200000,97.28,98.8,97.22,98.28,75899.0,7439141.8163
2026-01-12 13:00:00+00:00,1768222800000,97.345,98.87,96.11,97.95,195303.0,19033976.4861
2026-01-12 14:00:00+00:00,1768226400000,97.605,102.0,96.55,101.31,2593188.0,259392187.2204
2026-01-12 15:00:00+00:00,1768230000000,100.96,104.97,100.12,104.765,3229776.0,331969942.3392
2026-01-12 16:00:00+00:00,1768233600000,104.78,106.45,104.34,106.285,2585504.0,272520395.2128
2026-01-12 17:00:00+00:00,1768237200000,106.17,106.295,104.9,105.94,1246179.0,131843495.0778
2026-01-12 18:00:00+00:00,1768240800000,105.92,107.99,104.35,107.77,1630056.0,173587923.552
2026-01-12 19:00:00+00:00,1768244400000,107.63,107.9,106.33,107.38,1218344.0,130436395.9776
2026-01-12 20:00:00+00:00,1768248000000,107.41,108.6799,107.27,107.4,2153134.0,232226267.57
2026-01-12 21:00:00+00:00,1768251600000,107.18,107.6,106.7,107.28,108412.0,11626991.8584
2026-01-12 22:00:00+00:00,1768255200000,106.79,107.33,106.38,106.9252,29424.0,3143092.2768
2026-01-12 23:00:00+00:00,1768258800000,106.97,107.34,106.5,106.51,34745.0,3714640.0675
2026-01-13 00:00:00+00:00,1768262400000,106.75,107.0,105.8999,106.528,48743.0,5176891.6697
2026-01-13 01:00:00+00:00,1768266000000,106.52,106.66,105.62,106.06,8120.0,861239.17
2026-01-13 02:00:00+00:00,1768269600000,106.18,106.5,106.06,106.31,4891.0,519998.45
2026-01-13 03:00:00+00:00,1768273200000,106.31,106.69,106.28,106.55,4175.0,444824.08
2026-01-13 04:00:00+00:00,1768276800000,106.62,106.9,106.55,106.83,4001.0,427073.3
2026-01-13 05:00:00+00:00,1768280400000,106.82,106.99,106.39,106.99,9050.0,965173.7
2026-01-13 06:00:00+00:00,1768284000000,106.95,107.74,106.95,107.19,17781.0,1909502.76
2026-01-13 07:00:00+00:00,1768287600000,107.29,107.59,107.2,107.36,7177.0,770606.92
2026-01-13 08:00:00+00:00,1768291200000,107.35,107.51,107.09,107.5,5694.0,610975.12
2026-01-13 09:00:00+00:00,1768294800000,107.3,107.3,106.8,106.8,19102.0,2045625.5392
2026-01-13 10:00:00+00:00,1768298400000,106.71,106.9,106.56,106.83,6938.0,740891.675
2026-01-13 11:00:00+00:00,1768302000000,106.79,106.97,106.5,106.97,8678.0,925890.532
2026-01-13 12:00:00+00:00,1768305600000,106.85,107.19,106.75,106.75,29752.0,3182812.4312
2026-01-13 13:00:00+00:00,1768309200000,106.9988,108.45,106.4,107.6,219919.0,23621719.709
2026-01-13 14:00:00+00:00,1768312800000,107.23,107.95,105.8,107.365,1778402.0,190031501.3904
2026-01-13 15:00:00+00:00,1768316400000,107.155,107.65,105.07,106.61,1791827.0,190430893.9925
2026-01-13 16:00:00+00:00,1768320000000,106.52,106.9699,104.51,105.445,1317453.0,139395222.5898
2026-01-13 17:00:00+00:00,1768323600000,105.46,105.7199,104.27,104.85,795023.0,83573851.2899
2026-01-13 18:00:00+00:00,1768327200000,104.87,106.03,104.7,105.54,637534.0,67268252.4488
2026-01-13 19:00:00+00:00,1768330800000,105.635,106.45,105.01,106.39,822364.0,87005700.018
2026-01-13 20:00:00+00:00,1768334400000,106.465,106.5,103.92,105.46,2200721.0,230773986.1509
2026-01-13 21:00:00+00:00,1768338000000,105.68,105.96,104.61,105.59,134422.0,14205327.1362
2026-01-13 22:00:00+00:00,1768341600000,105.42,105.94,105.31,105.7,24558.0,2595697.1028
2026-01-13 23:00:00+00:00,1768345200000,105.73,105.74,105.5,105.73,16666.0,1760157.9242
2026-01-14 00:00:00+00:00,1768348800000,105.7,105.99,105.65,105.9,20327.0,2151493.0207
2026-01-14 01:00:00+00:00,1768352400000,105.53,105.98,105.2,105.87,5925.0,626739.74
2026-01-14 02:00:00+00:00,1768356000000,105.79,105.98,105.73,105.9,4864.0,514899.62
2026-01-14 03:00:00+00:00,1768359600000,105.82,106.24,105.81,106.09,1477.0,156564.01
2026-01-14 04:00:00+00:00,1768363200000,106.06,106.1,105.99,106.07,3753.0,397958.61
2026-01-14 05:00:00+00:00,1768366800000,106.07,106.07,105.26,105.72,4311.0,456070.53
2026-01-14 06:00:00+00:00,1768370400000,105.53,105.78,105.31,105.68,2702.0,285052.26
2026-01-14 07:00:00+00:00,1768374000000,105.53,105.7,105.36,105.53,2773.0,292704.17
2026-01-14 08:00:00+00:00,1768377600000,105.51,105.59,105.13,105.14,6094.0,642111.53
2026-01-14 09:00:00+00:00,1768381200000,105.48,105.98,105.41,105.81,7543.0,797712.2279
2026-01-14 10:00:00+00:00,1768384800000,105.81,105.89,104.2,105.2,31468.0,3306594.504
2026-01-14 11:00:00+00:00,1768388400000,104.73,105.25,104.63,104.82,9875.0,1035650.5
2026-01-14 12:00:00+00:00,1768392000000,104.77,105.21,104.38,105.04,21717.0,2279553.1371
2026-01-14 13:00:00+00:00,1768395600000,105.2315,106.0244,104.29,104.52,88382.0,9282372.5792
2026-01-14 14:00:00+00:00,1768399200000,105.77,106.6999,101.93,103.74,1965846.0,204272827.1214
2026-01-14 15:00:00+00:00,1768402800000,103.37,103.74,99.383,101.025,3040709.0,308668452.008
2026-01-14 16:00:00+00:00,1768406400000,101.025,102.25,100.52,100.58,1177160.0,119250663.492
2026-01-14 17:00:00+00:00,1768410000000,100.48,102.8,100.46,100.845,923016.0,93797439.7296
2026-01-14 18:00:00+00:00,1768413600000,100.47,102.14,100.395,102.115,725258.0,73450649.0016
2026-01-14 19:00:00+00:00,1768417200000,102.06,103.31,102.0,102.63,550942.0,56535684.6488
2026-01-14 20:00:00+00:00,1768420800000,101.94,102.62,101.32,101.99,1315210.0,134180486.141
2026-01-14 21:00:00+00:00,1768424400000,102.16,102.5,101.6416,101.8749,71257.0,7271620.0846
2026-01-14 22:00:00+00:00,1768428000000,102.17,102.35,101.5001,101.8,7645.0,780193.656
2026-01-14 23:00:00+00:00,1768431600000,102.169,102.25,101.2,101.75,19580.0,1989799.878
2026-01-15 00:00:00+00:00,1768435200000,101.6,101.75,101.25,101.67,14333.0,1454444.0416
2026-01-15 01:00:00+00:00,1768438800000,101.87,102.14,101.41,101.66,5512.0,560999.54
2026-01-15 02:00:00+00:00,1768442400000,101.66,101.79,101.54,101.68,1929.0,196065.83
2026-01-15 03:00:00+00:00,1768446000000,101.7,101.85,101.35,101.35,2842.0,288760.22
2026-01-15 04:00:00+00:00,1768449600000,101.42,101.43,101.08,101.34,3804.0,384983.92
2026-01-15 05:00:00+00:00,1768453200000,101.34,101.98,101.14,101.54,5743.0,582655.74
2026-01-15 06:00:00+00:00,1768456800000,101.54,102.99,101.54,102.25,18713.0,1919080.66
2026-01-15 07:00:00+00:00,1768460400000,102.25,102.49,102.01,102.04,6895.0,704057.56
2026-01-15 08:00:00+00:00,1768464000000,102.05,102.61,102.02,102.39,14618.0,1495695.98
2026-01-15 09:00:00+00:00,1768467600000,101.51,103.75,101.51,103.29,40797.0,4207329.3348
2026-01-15 10:00:00+00:00,1768471200000,103.6,103.75,101.75,103.3,40390.0,4174585.191
2026-01-15 11:00:00+00:00,1768474800000,103.6,104.06,103.58,103.58,24799.0,2576308.5924
2026-01-15 12:00:00+00:00,1768478400000,103.78,104.1,103.5,103.95,43236.0,4487343.3792
2026-01-15 13:00:00+00:00,1768482000000,104.72,104.9,101.23,104.51,235376.0,24417247.1872
2026-01-15 14:00:00+00:00,1768485600000,104.87,105.7599,103.01,103.11,2049912.0,214221748.7448
2026-01-15 15:00:00+00:00,1768489200000,103.215,104.0,101.1,103.885,1961287.0,201269429.3557
2026-01-15 16:00:00+00:00,1768492800000,103.92,105.28,103.83,104.76,1186058.0,123981370.6734
2026-01-15 17:00:00+00:00,1768496400000,104.72,106.858,104.41,105.7,1198264.0,126744697.0304
2026-01-15 18:00:00+00:00,1768500000000,105.17,107.26,104.9801,107.145,1088393.0,116013768.9774
2026-01-15 19:00:00+00:00,1768503600000,107.12,108.13,106.01,107.19,1330671.0,142659641.1048
2026-01-15 20:00:00+00:00,1768507200000,107.195,107.21,103.745,103.915,1468273.0,154345885.5511
2026-01-15 21:00:00+00:00,1768510800000,103.885,104.8,103.8,104.35,57246.0,5959491.7872
2026-01-15 22:00:00+00:00,1768514400000,104.4,104.8203,104.29,104.74,14623.0,1528944.3225
2026-01-15 23:00:00+00:00,1768518000000,104.79,104.99,104.51,104.95,14121.0,1480229.5887
2026-01-16 00:00:00+00:00,1768521600000,104.87,104.99,104.61,104.99,26770.0,2807479.657
2026-01-16 01:00:00+00:00,1768525200000,104.85,105.08,104.72,104.78,4082.0,428151.29
2026-01-16 02:00:00+00:00,1768528800000,104.78,105.23,104.76,105.16,5744.0,602877.34
2026-01-16 03:00:00+00:00,1768532400000,105.14,105.21,105.0,105.21,1485.0,156060.06
2026-01-16 04:00:00+00:00,1768536000000,105.19,105.22,105.09,105.21,1991.0,209424.7
2026-01-16 05:00:00+00:00,1768539600000,105.21,105.66,105.2,105.45,3591.0,378637.85
2026-01-16 06:00:00+00:00,1768543200000,105.44,105.58,105.12,105.12,6003.0,631983.8
2026-01-16 07:00:00+00:00,1768546800000,105.14,105.31,105.09,105.12,3027.0,318353.59
2026-01-16 08:00:00+00:00,1768550400000,105.14,105.24,104.79,105.06,7097.0,745821.83
2026-01-16 09:00:00+00:00,1768554000000,105.71,105.75,105.0,105.22,16358.0,1724214.99
2026-01-16 10:00:00+00:00,1768557600000,105.12,105.59,105.11,105.39,12163.0,1281153.116
2026-01-16 11:00:00+00:00,1768561200000,105.46,105.84,105.45,105.5,9486.0,1002303.0918
2026-01-16 12:00:00+00:00,1768564800000,105.5,106.3,105.5,105.5,28273.0,2993033.4987
2026-01-16 13:00:00+00:00,1768568400000,105.0,106.3,104.85,105.25,74902.0,7898206.1744
2026-01-16 14:00:00+00:00,1768572000000,105.5,106.75,100.88,101.01,2427767.0,250390905.6421
2026-01-16 15:00:00+00:00,1768575600000,100.87,106.61,100.71,106.4,3304660.0,341742160.852
2026-01-16 16:00:00+00:00,1768579200000,106.605,108.45,105.55,108.355,2151337.0,230319557.6156
2026-01-16 17:00:00+00:00,1768582800000,108.34,110.5,107.19,108.83,2143549.0,232892526.1069
2026-01-16 18:00:00+00:00,1768586400000,108.93,109.69,108.55,108.81,1691587.0,184546390.3042
2026-01-16 19:00:00+00:00,1768590000000,108.71,109.2,107.96,108.765,1187251.0,128870515.9703
2026-01-16 20:00:00+00:00,1768593600000,108.655,109.0,107.6,108.77,1819599.0,197267640.5073
2026-01-16 21:00:00+00:00,1768597200000,108.93,109.15,108.5,109.02,70021.0,7617556.5816
2026-01-16 22:00:00+00:00,1768600800000,108.62,108.8999,108.21,108.67,11804.0,1281038.5432
2026-01-16 23:00:00+00:00,1768604400000,108.4901,108.75,108.4901,108.74,11914.0,1294483.5022
2026-01-17 00:00:00+00:00,1768608000000,108.74,108.98,108.67,108.9324,20789.0,2262209.0864
2026-01-20 01:00:00+00:00,1768870800000,109.0,109.0,103.01,104.79,84041.0,8767913.56
2026-01-20 02:00:00+00:00,1768874400000,104.8,104.85,104.25,104.84,26977.0,2818825.13
2026-01-20 03:00:00+00:00,1768878000000,104.81,104.87,104.42,104.71,10299.0,1078242.76
2026-01-20 04:00:00+00:00,1768881600000,104.75,105.01,104.13,104.13,29917.0,3133763.82
2026-01-20 05:00:00+00:00,1768885200000,104.12,104.79,103.78,104.35,20677.0,2154963.86
2026-01-20 06:00:00+00:00,1768888800000,104.36,104.56,103.33,104.0,36513.0,3784970.57
2026-01-20 07:00:00+00:00,1768892400000,104.0,104.19,103.35,103.56,20055.0,2080495.14
2026-01-20 08:00:00+00:00,1768896000000,103.61,103.83,102.41,102.79,39816.0,4105528.12
2026-01-20 09:00:00+00:00,1768899600000,103.0,104.79,101.0,102.41,190527.0,19385588.7744
2026-01-20 10:00:00+00:00,1768903200000,102.2,103.26,101.56,102.86,85000.0,8720974.5
2026-01-20 11:00:00+00:00,1768906800000,102.87,103.3,102.6,102.84,40987.0,4217853.3077
2026-01-20 12:00:00+00:00,1768910400000,102.87,104.5,102.75,103.59,104849.0,10849397.0636
2026-01-20 13:00:00+00:00,1768914000000,103.49,104.75,101.0,103.66,394934.0,40732939.8524
2026-01-20 14:00:00+00:00,1768917600000,101.82,103.27,99.83,101.45,4105339.0,416190236.0742
2026-01-20 15:00:00+00:00,1768921200000,101.73,103.0,100.49,102.35,2543630.0,258849200.231
2026-01-20 16:00:00+00:00,1768924800000,102.48,104.47,102.1,104.21,1622647.0,167483944.0755
2026-01-20 17:00:00+00:00,1768928400000,103.96,104.19,100.01,100.32,1624233.0,165210321.4047
2026-01-20 18:00:00+00:00,1768932000000,100.07,101.6487,99.61,100.58,1697457.0,170784034.4469
2026-01-20 19:00:00+00:00,1768935600000,100.735,100.95,98.34,100.16,1867423.0,185580015.9248
2026-01-20 20:00:00+00:00,1768939200000,99.94,100.3,99.15,99.27,1562422.0,155821908.482
2026-01-20 21:00:00+00:00,1768942800000,98.96,99.56,98.83,99.02,110985.0,11002142.823
2026-01-20 22:00:00+00:00,1768946400000,99.29,99.45,98.5581,98.6,33255.0,3288769.8525
2026-01-20 23:00:00+00:00,1768950000000,98.62,99.0,98.5301,98.82,43357.0,4279999.2621
2026-01-21 00:00:00+00:00,1768953600000,98.7506,98.92,98.51,98.92,47764.0,4714521.738
2026-01-21 01:00:00+00:00,1768957200000,99.12,100.0,99.12,99.68,12755.0,1269773.37
2026-01-21 02:00:00+00:00,1768960800000,99.65,99.84,99.31,99.58,10572.0,1052612.39
2026-01-21 03:00:00+00:00,1768964400000,99.58,99.86,99.58,99.76,8055.0,803468.87
2026-01-21 04:00:00+00:00,1768968000000,99.76,99.95,99.44,99.91,8606.0,857956.92
2026-01-21 05:00:00+00:00,1768971600000,99.89,100.5,99.67,100.49,12363.0,1236747.82
2026-01-21 06:00:00+00:00,1768975200000,100.5,100.55,99.99,99.99,7095.0,711410.25
2026-01-21 07:00:00+00:00,1768978800000,99.97,100.38,99.73,100.26,5809.0,581615.47
2026-01-21 08:00:00+00:00,1768982400000,100.18,100.32,99.98,100.16,4480.0,448774.71
2026-01-21 09:00:00+00:00,1768986000000,100.32,100.74,99.53,99.55,46878.0,4704254.178
2026-01-21 10:00:00+00:00,1768989600000,99.55,100.27,99.52,99.8,14059.0,1404904.6228
2026-01-21 11:00:00+00:00,1768993200000,99.71,99.93,98.8,98.82,28086.0,2791383.282
2026-01-21 12:00:00+00:00,1768996800000,98.88,99.67,98.63,99.3,45528.0,4514524.6104
2026-01-21 13:00:00+00:00,1769000400000,99.15,100.75,98.51,99.5,158152.0,15752461.1016
2026-01-21 14:00:00+00:00,1769004000000,101.1,101.41,95.52,99.225,2855028.0,280095376.968
2026-01-21 15:00:00+00:00,1769007600000,99.085,101.8,98.98,101.56,2116293.0,212345665.1805
2026-01-21 16:00:00+00:00,1769011200000,101.59,102.4,95.88,95.99,2359538.0,233443723.4756
2026-01-21 17:00:00+00:00,1769014800000,96.07,96.24,93.1,94.92,2565053.0,242300549.4966
2026-01-21 18:00:00+00:00,1769018400000,94.92,95.25,93.56,94.81,1045397.0,98790539.1985
2026-01-21 19:00:00+00:00,1769022000000,94.78,99.56,93.83,99.365,2121151.0,206431263.7804
2026-01-21 20:00:00+00:00,1769025600000,99.42,99.65,97.8476,98.895,1521255.0,150182096.7375
2026-01-21 21:00:00+00:00,1769029200000,99.34,99.65,98.84,99.42,83780.0,8327773.89
2026-01-21 22:00:00+00:00,1769032800000,99.43,99.9,99.43,99.8,39319.0,3924366.4796
2026-01-21 23:00:00+00:00,1769036400000,99.85,100.5,99.85,100.4,47016.0,4711289.9976
2026-01-22 00:00:00+00:00,1769040000000,100.4,101.0,100.36,100.9,30026.0,3023891.4366
2026-01-22 01:00:00+00:00,1769043600000,100.26,100.95,100.24,100.85,6932.0,697195.54
2026-01-22 02:00:00+00:00,1769047200000,100.83,101.01,100.81,100.93,5814.0,586699.71
2026-01-22 03:00:00+00:00,1769050800000,100.93,101.41,100.9,101.1,9019.0,911987.57
2026-01-22 04:00:00+00:00,1769054400000,101.12,101.29,101.06,101.18,4916.0,497445.51
2026-01-22 05:00:00+00:00,1769058000000,101.12,101.15,100.24,100.24,9272.0,934353.66
2026-01-22 06:00:00+00:00,1769061600000,100.28,100.68,99.9,100.56,11537.0,1155841.44
2026-01-22 07:00:00+00:00,1769065200000,100.65,101.17,100.4,101.08,8213.0,828288.91
2026-01-22 08:00:00+00:00,1769068800000,101.08,101.46,100.97,101.44,12598.0,1275796.89
2026-01-22 09:00:00+00:00,1769072400000,101.27,101.97,100.96,101.7,29399.0,2987535.1997
2026-01-22 10:00:00+00:00,1769076000000,101.79,101.92,101.6,101.7,19802.0,2014863.401
2026-01-22 11:00:00+00:00,1769079600000,101.86,101.86,101.26,101.45,11148.0,1131705.942
2026-01-22 12:00:00+00:00,1769083200000,101.55,101.75,101.42,101.74,25261.0,2564456.3024
2026-01-22 13:00:00+00:00,1769086800000,101.54,101.99,99.95,101.61,175265.0,17783578.702
2026-01-22 14:00:00+00:00,1769090400000,101.64,103.98,99.03,99.41,2386693.0,241977733.8366
2026-01-22 15:00:00+00:00,1769094000000,98.81,99.69,97.72,98.86,2147544.0,211814412.264
2026-01-22 16:00:00+00:00,1769097600000,98.83,99.55,97.03,97.26,1167210.0,114957462.411
2026-01-22 17:00:00+00:00,1769101200000,96.91,97.88,96.82,97.79,960911.0,93608586.4315
2026-01-22 18:00:00+00:00,1769104800000,97.69,98.52,97.19,97.76,697486.0,68346653.14
2026-01-22 19:00:00+00:00,1769108400000,98.07,99.26,97.82,98.42,651205.0,64250555.2405
2026-01-22 20:00:00+00:00,1769112000000,98.24,98.57,96.5,96.79,1378302.0,133907965.9986
2026-01-22 21:00:00+00:00,1769115600000,97.3,97.3,96.5,97.3,60428.0,5860978.1908
2026-01-22 22:00:00+00:00,1769119200000,97.05,97.22,96.6,96.77,26429.0,2560919.8849
2026-01-22 23:00:00+00:00,1769122800000,96.77,96.87,96.37,96.87,26182.0,2528704.6876
2026-01-23 00:00:00+00:00,1769126400000,96.69,97.0,96.69,96.99,17829.0,1726792.137
2026-01-23 01:00:00+00:00,1769130000000,96.99,97.6,96.98,97.4,11579.0,1126484.32
2026-01-23 02:00:00+00:00,1769133600000,97.32,97.48,97.26,97.29,4338.0,422407.14
2026-01-23 03:00:00+00:00,1769137200000,97.32,97.49,97.3,97.34,3613.0,351833.04
2026-01-23 04:00:00+00:00,1769140800000,97.35,97.51,97.35,97.44,2374.0,231326.01
2026-01-23 05:00:00+00:00,1769144400000,97.48,97.54,97.38,97.41,3414.0,332665.91
2026-01-23 06:00:00+00:00,1769148000000,97.42,97.55,97.36,97.38,5022.0,489260.71
2026-01-23 07:00:00+00:00,1769151600000,97.41,97.49,97.24,97.24,7824.0,761464.42
2026-01-23 08:00:00+00:00,1769155200000,97.23,97.24,96.39,96.61,14262.0,1379910.66
2026-01-23 09:00:00+00:00,1769158800000,97.0,97.35,96.51,96.61,6197.0,601248.4325
2026-01-23 10:00:00+00:00,1769162400000,96.7,96.85,96.6,96.8,9200.0,890154.28
2026-01-23 11:00:00+00:00,1769166000000,97.05,97.8,97.05,97.24,22549.0,2198353.8727
2026-01-23 12:00:00+00:00,1769169600000,97.29,97.44,96.92,97.1,27595.0,2680125.742
2026-01-23 13:00:00+00:00,1769173200000,96.9,97.71,95.71,95.9995,151284.0,14620116.0168
2026-01-23 14:00:00+00:00,1769176800000,95.97,96.99,93.5301,94.545,1722012.0,163293059.7228
2026-01-23 15:00:00+00:00,1769180400000,94.41,97.68,94.31,97.11,1691808.0,162111072.7296
2026-01-23 16:00:00+00:00,1769184000000,97.45,98.04,96.8201,97.085,949739.0,92495271.1578
2026-01-23 17:00:00+00:00,1769187600000,96.84,98.8854,96.36,96.82,1376644.0,134487518.6412
2026-01-23 18:00:00+00:00,1769191200000,96.72,98.6,96.59,97.765,841547.0,82406722.7263
2026-01-23 19:00:00+00:00,1769194800000,97.41,98.25,96.91,97.065,481745.0,47056658.902
2026-01-23 20:00:00+00:00,1769198400000,96.99,97.1001,94.22,94.45,2145818.0,204011715.1138
2026-01-23 21:00:00+00:00,1769202000000,94.6,94.83,94.02,94.54,129206.0,12193544.9174
2026-01-23 22:00:00+00:00,1769205600000,94.5795,94.7,94.35,94.37,33451.0,3162233.4183
2026-01-23 23:00:00+00:00,1769209200000,94.4517,94.59,94.2,94.4,27817.0,2624183.4558
2026-01-24 00:00:00+00:00,1769212800000,94.2479,94.4,94.11,94.3,17635.0,1662555.4965
2026-01-26 01:00:00+00:00,1769389200000,94.51,94.51,91.89,92.8,73197.0,6778831.46
2026-01-26 02:00:00+00:00,1769392800000,92.8,93.24,92.72,92.77,13981.0,1300376.83
2026-01-26 03:00:00+00:00,1769396400000,92.79,92.99,92.61,92.64,4627.0,429660.85
2026-01-26 04:00:00+00:00,1769400000000,92.65,92.8,92.6,92.65,5621.0,521104.32
2026-01-26 05:00:00+00:00,1769403600000,92.64,93.15,92.49,93.15,6411.0,594958.24
2026-01-26 06:00:00+00:00,1769407200000,93.12,93.77,93.11,93.33,11172.0,1044079.23
2026-01-26 07:00:00+00:00,1769410800000,93.34,93.84,93.28,93.84,7454.0,698204.41
2026-01-26 08:00:00+00:00,1769414400000,93.81,94.21,93.81,93.9,9945.0,935449.03
2026-01-26 09:00:00+00:00,1769418000000,94.3,94.3,92.7,93.05,26802.0,2500883.8992
2026-01-26 10:00:00+00:00,1769421600000,93.15,93.69,93.04,93.04,9633.0,898980.459
2026-01-26 11:00:00+00:00,1769425200000,93.0,93.2,92.62,93.17,10909.0,1013713.3705
2026-01-26 12:00:00+00:00,1769428800000,93.35,93.75,93.09,93.7,54463.0,5089774.3094
2026-01-26 13:00:00+00:00,1769432400000,97.62,98.0,92.58,97.62,767433.0,73957057.7502
2026-01-26 14:00:00+00:00,1769436000000,97.54,100.88,97.06,98.83,3594295.0,357004429.1635
2026-01-26 15:00:00+00:00,1769439600000,98.17,98.64,94.36,95.09,2737812.0,264167373.162
2026-01-26 16:00:00+00:00,1769443200000,94.75,95.06,93.39,94.53,1696020.0,160011515.706
2026-01-26 17:00:00+00:00,1769446800000,94.82,94.945,93.6,94.345,961648.0,90620226.1264
2026-01-26 18:00:00+00:00,1769450400000,94.27,95.8101,93.95,95.72,686011.0,65144633.5765
2026-01-26 19:00:00+00:00,1769454000000,95.7,95.85,92.78,93.02,1297611.0,121763923.407
2026-01-26 20:00:00+00:00,1769457600000,92.74,92.96,91.36,91.38,2190056.0,201819135.54
2026-01-26 21:00:00+00:00,1769461200000,91.56,92.0,91.34,91.56,101942.0,9360171.7212
2026-01-26 22:00:00+00:00,1769464800000,91.58,91.79,91.4593,91.6899,33914.0,3108224.8828
2026-01-26 23:00:00+00:00,1769468400000,91.6,92.24,91.52,92.05,35369.0,3248373.8456
2026-01-27 00:00:00+00:00,1769472000000,92.2,92.6,92.0,92.6,26010.0,2398153.212
2026-01-27 01:00:00+00:00,1769475600000,92.52,92.87,92.31,92.64,9882.0,915660.93
2026-01-27 02:00:00+00:00,1769479200000,92.63,92.73,92.59,92.68,6985.0,647505.23
2026-01-27 03:00:00+00:00,1769482800000,92.67,92.73,92.5,92.72,10075.0,933075.82
2026-01-27 04:00:00+00:00,1769486400000,92.72,93.4,92.71,93.2,10311.0,960089.77
2026-01-27 05:00:00+00:00,1769490000000,93.2,93.49,93.19,93.38,5589.0,521767.85
2026-01-27 06:00:00+00:00,1769493600000,93.38,93.74,93.37,93.48,5220.0,488207.8
2026-01-27 07:00:00+00:00,1769497200000,93.45,93.63,93.44,93.53,2961.0,276963.14
2026-01-27 08:00:00+00:00,1769500800000,93.53,93.73,93.42,93.71,3248.0,303726.74
2026-01-27 09:00:00+00:00,1769504400000,93.55,93.92,93.46,93.64,18391.0,1724384.2984
2026-01-27 10:00:00+00:00,1769508000000,93.59,94.4,93.53,94.25,24721.0,2325902.4781
2026-01-27 11:00:00+00:00,1769511600000,94.2,94.33,93.8,93.98,15407.0,1449250.2108
2026-01-27 12:00:00+00:00,1769515200000,93.88,94.16,93.32,94.05,75244.0,7051092.6668
2026-01-27 13:00:00+00:00,1769518800000,93.58,94.74,93.21,94.32,200375.0,18860296.875
2026-01-27 14:00:00+00:00,1769522400000,94.185,96.5,93.53,95.4,1698135.0,160921046.259
2026-01-27 15:00:00+00:00,1769526000000,95.085,97.98,94.61,95.76,2318053.0,223338147.8069
2026-01-27 16:00:00+00:00,1769529600000,95.68,97.45,95.4,95.75,1453672.0,140107669.3368
2026-01-27 17:00:00+00:00,1769533200000,95.72,97.63,95.25,96.69,929894.0,89767131.3112
2026-01-27 18:00:00+00:00,1769536800000,96.85,97.91,96.45,97.75,729552.0,71016123.7392
2026-01-27 19:00:00+00:00,1769540400000,97.24,98.79,97.2,98.33,930497.0,91412955.777
2026-01-27 20:00:00+00:00,1769544000000,98.15,99.54,97.59,97.89,2223962.0,219159668.1014
2026-01-27 21:00:00+00:00,1769547600000,98.33,98.5,97.87,98.33,153732.0,15065858.9856
2026-01-27 22:00:00+00:00,1769551200000,98.35,98.5,98.09,98.2,11585.0,1138908.6065
2026-01-27 23:00:00+00:00,1769554800000,98.4,98.75,98.22,98.75,13673.0,1347676.5104
2026-01-28 00:00:00+00:00,1769558400000,98.8395,99.37,98.59,98.99,36455.0,3605924.452
2026-01-28 01:00:00+00:00,1769562000000,98.76,99.7,98.76,99.48,12381.0,1231415.58
2026-01-28 02:00:00+00:00,1769565600000,99.51,99.68,99.39,99.53,12420.0,1236287.06
2026-01-28 03:00:00+00:00,1769569200000,99.61,99.62,99.03,99.11,9661.0,960206.7
2026-01-28 04:00:00+00:00,1769572800000,99.18,99.49,99.18,99.46,4039.0,401483.33
2026-01-28 05:00:00+00:00,1769576400000,99.45,99.74,99.33,99.74,7314.0,727857.26
2026-01-28 06:00:00+00:00,1769580000000,99.71,100.66,99.71,100.09,34770.0,3481098.19
2026-01-28 07:00:00+00:00,1769583600000,100.1,100.4,99.9,100.2,14040.0,1406285.3
2026-01-28 08:00:00+00:00,1769587200000,100.2,100.26,99.87,100.0,10258.0,1026550.43
2026-01-28 09:00:00+00:00,1769590800000,99.98,100.23,99.49,99.61,26209.0,2614376.5799
2026-01-28 10:00:00+00:00,1769594400000,99.89,100.16,99.82,100.15,17565.0,1756552.695
2026-01-28 11:00:00+00:00,1769598000000,100.14,100.22,100.0,100.17,15401.0,1542239.1989
2026-01-28 12:00:00+00:00,1769601600000,100.05,100.3,100.0,100.02,55058.0,5509973.3964
2026-01-28 13:00:00+00:00,1769605200000,100.06,100.66,99.35,99.49,280887.0,28064010.0327
2026-01-28 14:00:00+00:00,1769608800000,99.97,101.85,98.43,99.135,2332867.0,234507489.3011
2026-01-28 15:00:00+00:00,1769612400000,99.115,99.29,96.85,97.02,1779301.0,174334488.5392
2026-01-28 16:00:00+00:00,1769616000000,97.23,97.67,96.45,96.49,941428.0,91270879.7432
2026-01-28 17:00:00+00:00,1769619600000,96.64,99.0,96.44,97.965,1036195.0,101102375.106
2026-01-28 18:00:00+00:00,1769623200000,97.87,99.71,97.6665,99.24,1035431.0,102467080.1048
2026-01-28 19:00:00+00:00,1769626800000,99.175,101.475,97.74,99.84,1709559.0,170693653.6494
2026-01-28 20:00:00+00:00,1769630400000,99.855,101.73,99.45,100.43,1922856.0,193621023.492
2026-01-28 21:00:00+00:00,1769634000000,101.19,101.3916,98.53,101.19,163528.0,16416902.976
2026-01-28 22:00:00+00:00,1769637600000,101.0167,101.15,100.54,100.61,36130.0,3645415.836
2026-01-28 23:00:00+00:00,1769641200000,100.8,100.8,98.81,99.09,46990.0,4685476.278
2026-01-29 00:00:00+00:00,1769644800000,99.1814,99.54,99.0,99.2,22256.0,2207385.6896
2026-01-29 01:00:00+00:00,1769648400000,100.22,100.24,98.41,99.07,11597.0,1148442.89
2026-01-29 02:00:00+00:00,1769652000000,98.97,99.68,98.96,99.33,5750.0,571159.67
2026-01-29 03:00:00+00:00,1769655600000,99.37,99.59,99.35,99.5,2409.0,239621.15
2026-01-29 04:00:00+00:00,1769659200000,99.52,100.0,99.51,99.96,2920.0,291464.78
2026-01-29 05:00:00+00:00,1769662800000,99.94,99.99,99.75,99.99,5096.0,508807.27
2026-01-29 06:00:00+00:00,1769666400000,100.0,100.31,99.91,100.08,8926.0,894032.24
2026-01-29 07:00:00+00:00,1769670000000,100.0,100.13,99.89,99.95,3359.0,335950.06
2026-01-29 08:00:00+00:00,1769673600000,99.99,100.15,99.88,99.94,4640.0,463993.78
2026-01-29 09:00:00+00:00,1769677200000,100.15,100.8,99.99,100.45,47344.0,4757735.8576
2026-01-29 10:00:00+00:00,1769680800000,100.37,100.75,100.04,100.41,13194.0,1325987.7642
2026-01-29 11:00:00+00:00,1769684400000,100.49,100.86,99.95,100.53,38644.0,3880352.2432
2026-01-29 12:00:00+00:00,1769688000000,100.6,100.7,98.99,99.04,45516.0,4532874.7176
2026-01-29 13:00:00+00:00,1769691600000,100.5,100.8,98.8,99.3999,124926.0,12435571.281
2026-01-29 14:00:00+00:00,1769695200000,98.97,99.47,94.08,94.33,2592000.0,250161955.2
2026-01-29 15:00:00+00:00,1769698800000,94.41,95.25,91.16,92.37,3560316.0,332393950.0128
2026-01-29 16:00:00+00:00,1769702400000,92.385,94.0899,91.85,93.02,1787761.0,166491679.0646
2026-01-29 17:00:00+00:00,1769706000000,93.6,95.88,93.33,95.12,1194775.0,113200749.5375
2026-01-29 18:00:00+00:00,1769709600000,95.42,95.97,93.8,93.99,764206.0,72460025.9844
2026-01-29 19:00:00+00:00,1769713200000,93.905,94.59,92.952,93.56,686117.0,64262953.2306
2026-01-29 20:00:00+00:00,1769716800000,93.11,95.0499,92.18,94.89,1574309.0,147836431.2304
2026-01-29 21:00:00+00:00,1769720400000,94.87,95.2,94.5,94.87,52736.0,5004894.2592
2026-01-29 22:00:00+00:00,1769724000000,94.86,95.0,94.6,94.86,15806.0,1499655.8934
2026-01-29 23:00:00+00:00,1769727600000,94.8503,95.1,94.3454,95.0,27469.0,2603781.0162
2026-01-30 00:00:00+00:00,1769731200000,94.95,95.1,94.3,94.75,21162.0,2005275.1446
2026-01-30 01:00:00+00:00,1769734800000,94.6,94.6,93.07,93.07,8493.0,794493.29
2026-01-30 02:00:00+00:00,1769738400000,93.07,93.32,91.76,93.17,16856.0,1558065.19
2026-01-30 03:00:00+00:00,1769742000000,93.15,93.39,93.02,93.02,4364.0,406751.12
2026-01-30 04:00:00+00:00,1769745600000,93.03,93.65,92.86,93.65,5871.0,547350.99
2026-01-30 05:00:00+00:00,1769749200000,93.61,93.61,93.22,93.26,2035.0,190002.28
2026-01-30 06:00:00+00:00,1769752800000,93.27,93.28,92.29,92.35,5651.0,523539.91
2026-01-30 07:00:00+00:00,1769756400000,92.3,92.72,92.01,92.05,9464.0,873262.69
2026-01-30 08:00:00+00:00,1769760000000,92.05,92.49,91.94,92.31,10542.0,972134.26
2026-01-30 09:00:00+00:00,1769763600000,92.84,92.99,91.58,91.7,30509.0,2812484.3686
2026-01-30 10:00:00+00:00,1769767200000,91.8,92.5,91.76,92.4,18730.0,1728475.574
2026-01-30 11:00:00+00:00,1769770800000,92.51,93.5,92.51,93.5,32644.0,3034063.936
2026-01-30 12:00:00+00:00,1769774400000,93.27,94.1,93.05,93.3,50203.0,4698438.5264
2026-01-30 13:00:00+00:00,1769778000000,92.93,94.18,91.5,92.93,107775.0,10026006.48
2026-01-30 14:00:00+00:00,1769781600000,92.94,93.36,87.73,87.855,3474094.0,313088130.5552
2026-01-30 15:00:00+00:00,1769785200000,88.17,89.3,86.3327,88.08,4232665.0,370326442.5125
2026-01-30 16:00:00+00:00,1769788800000,87.97,88.49,87.02,87.205,1130572.0,99254611.738
2026-01-30 17:00:00+00:00,1769792400000,87.01,88.08,85.8,86.035,1767360.0,153155706.144
2026-01-30 18:00:00+00:00,1769796000000,86.01,86.4963,84.99,86.12,1604306.0,137299716.092
2026-01-30 19:00:00+00:00,1769799600000,85.93,86.41,85.035,85.6,1390941.0,119382657.8067
2026-01-30 20:00:00+00:00,1769803200000,85.46,86.07,84.12,85.22,3078970.0,261627470.428
2026-01-30 21:00:00+00:00,1769806800000,85.19,85.7,84.7992,85.05,128133.0,10915906.536
2026-01-30 22:00:00+00:00,1769810400000,85.14,85.6269,85.0,85.4,23029.0,1965338.6151
2026-01-30 23:00:00+00:00,1769814000000,85.4,85.8,85.39,85.64,29836.0,2553681.1416
2026-01-31 00:00:00+00:00,1769817600000,85.71,85.8,85.5,85.72,33988.0,2910276.8808
2026-02-02 01:00:00+00:00,1769994000000,86.3,86.3,81.71,82.74,82067.0,6803399.19
2026-02-02 02:00:00+00:00,1769997600000,82.74,82.91,82.29,82.3,17633.0,1455624.01
2026-02-02 03:00:00+00:00,1770001200000,82.29,82.36,80.59,81.02,65356.0,5311630.98
2026-02-02 04:00:00+00:00,1770004800000,81.05,82.77,80.05,82.61,49828.0,4050960.37
2026-02-02 05:00:00+00:00,1770008400000,82.61,82.61,80.91,81.29,24694.0,2010116.93
2026-02-02 06:00:00+00:00,1770012000000,81.29,81.4,80.58,81.38,20210.0,1637351.47
2026-02-02 07:00:00+00:00,1770015600000,81.41,82.32,81.31,82.31,13347.0,1091423.8
2026-02-02 08:00:00+00:00,1770019200000,82.33,83.37,82.31,83.06,12916.0,1070562.75
2026-02-02 09:00:00+00:00,1770022800000,83.3,84.5,82.4,84.0,74375.0,6205158.3125
2026-02-02 10:00:00+00:00,1770026400000,84.17,84.39,83.02,83.16,37945.0,3182689.998
2026-02-02 11:00:00+00:00,1770030000000,83.3,84.4,83.25,84.2,21197.0,1780024.4341
2026-02-02 12:00:00+00:00,1770033600000,84.19,85.8,83.88,85.34,77832.0,6617945.9952
2026-02-02 13:00:00+00:00,1770037200000,83.3,85.8,80.66,85.5,346382.0,29032457.6266
2026-02-02 14:00:00+00:00,1770040800000,85.55,87.22,84.22,85.76,1865918.0,160321353.8862
2026-02-02 15:00:00+00:00,1770044400000,85.82,87.9,85.59,87.46,1612300.0,140198836.34
2026-02-02 16:00:00+00:00,1770048000000,87.44,87.84,86.5001,87.75,1317970.0,114934101.038
2026-02-02 17:00:00+00:00,1770051600000,87.75,89.2299,87.5801,88.645,1449950.0,128396407.385
2026-02-02 18:00:00+00:00,1770055200000,88.54,88.83,87.41,88.45,817958.0,72090237.5552
2026-02-02 19:00:00+00:00,1770058800000,88.37,89.25,87.75,87.8,740717.0,65585823.8329
2026-02-02 20:00:00+00:00,1770062400000,87.86,88.75,87.45,88.17,1620744.0,142992084.2928
2026-02-02 21:00:00+00:00,1770066000000,88.18,88.95,87.6,88.52,68943.0,6085309.0494
2026-02-02 22:00:00+00:00,1770069600000,88.5135,89.09,88.5,89.0,13053.0,1159101.1788
2026-02-02 23:00:00+00:00,1770073200000,89.1966,89.359,89.0,89.3,21203.0,1890516.7281
2026-02-03 00:00:00+00:00,1770076800000,89.36,89.72,89.3,89.7,14452.0,1294073.9908
2026-02-03 01:00:00+00:00,1770080400000,89.86,89.86,88.89,89.51,6511.0,581874.06
2026-02-03 02:00:00+00:00,1770084000000,89.57,90.57,89.53,90.12,21435.0,1930836.59
2026-02-03 03:00:00+00:00,1770087600000,90.1,90.56,89.99,90.54,7843.0,707133.26
2026-02-03 04:00:00+00:00,1770091200000,90.55,90.99,90.53,90.98,5049.0,458380.13
2026-02-03 05:00:00+00:00,1770094800000,90.95,91.38,90.86,91.28,9125.0,830750.93
2026-02-03 06:00:00+00:00,1770098400000,91.27,91.36,90.7,90.84,11434.0,1040886.61
2026-02-03 07:00:00+00:00,1770102000000,90.79,90.99,90.69,90.96,8826.0,801706.74
2026-02-03 08:00:00+00:00,1770105600000,90.88,90.97,90.49,90.49,4909.0,445881.59
2026-02-03 09:00:00+00:00,1770109200000,90.34,91.0,89.98,90.4,45253.0,4100867.5877
2026-02-03 10:00:00+00:00,1770112800000,90.5,90.8,90.49,90.7,8047.0,729514.4649
2026-02-03 11:00:00+00:00,1770116400000,90.67,90.8,90.25,90.47,7148.0,646970.4836
2026-02-03 12:00:00+00:00,1770120000000,90.4,90.92,90.0,90.82,41638.0,3769725.4766
2026-02-03 13:00:00+00:00,1770123600000,90.56,91.31,90.01,90.45,152628.0,13865963.8068
2026-02-03 14:00:00+00:00,1770127200000,90.065,91.06,87.11,88.09,1926059.0,171736280.3114
2026-02-03 15:00:00+00:00,1770130800000,87.95,91.39,87.57,91.04,1584419.0,141723586.0377
2026-02-03 16:00:00+00:00,1770134400000,90.77,91.0,89.06,90.08,909923.0,81978420.7774
2026-02-03 17:00:00+00:00,1770138000000,89.9,90.0599,88.02,88.06,759195.0,67413251.4615
2026-02-03 18:00:00+00:00,1770141600000,88.05,88.17,85.11,85.3,1024838.0,88821787.1058
2026-02-03 19:00:00+00:00,1770145200000,84.99,88.28,84.75,88.08,1168984.0,101142950.5464
2026-02-03 20:00:00+00:00,1770148800000,88.025,90.1,87.54,89.97,1413182.0,126023472.5322
2026-02-03 21:00:00+00:00,1770152400000,90.47,90.67,88.91,90.49,190359.0,17181784.3041
2026-02-03 22:00:00+00:00,1770156000000,89.8,89.8,89.1394,89.21,19609.0,1753474.0371
2026-02-03 23:00:00+00:00,1770159600000,89.21,89.79,89.15,89.45,18215.0,1627943.767
2026-02-04 00:00:00+00:00,1770163200000,89.52,89.89,89.21,89.78,12161.0,1089314.2784
2026-02-04 01:00:00+00:00,1770166800000,89.35,89.99,89.35,89.55,1833.0,164423.66
2026-02-04 02:00:00+00:00,1770170400000,89.7,90.0,89.68,89.69,3054.0,274353.73
2026-02-04 03:00:00+00:00,1770174000000,89.62,89.79,89.38,89.72,3452.0,309289.2
2026-02-04 04:00:00+00:00,1770177600000,89.7,89.7,89.37,89.41,1282.0,114716.9
2026-02-04 05:00:00+00:00,1770181200000,89.44,89.57,89.35,89.36,1973.0,176504.25
2026-02-04 06:00:00+00:00,1770184800000,89.4,89.73,89.33,89.73,2702.0,242130.15
2026-02-04 07:00:00+00:00,1770188400000,89.65,90.2,89.65,90.18,7589.0,683329.44
2026-02-04 08:00:00+00:00,1770192000000,90.15,90.17,89.49,89.8,5368.0,482468.91
2026-02-04 09:00:00+00:00,1770195600000,89.96,89.96,88.71,88.97,10846.0,965956.6906
2026-02-04 10:00:00+00:00,1770199200000,89.19,89.52,89.07,89.52,4508.0,402766.3584
2026-02-04 11:00:00+00:00,1770202800000,89.37,89.95,89.0,89.94,13262.0,1186463.6108
2026-02-04 12:00:00+00:00,1770206400000,89.61,89.7,89.02,89.29,4857.0,434375.5953
2026-02-04 13:00:00+00:00,1770210000000,89.6,90.2,88.02,88.0258,89850.0,7996730.865
2026-02-04 14:00:00+00:00,1770213600000,87.64,89.76,83.26,83.46,1899370.0,162763093.284
2026-02-04 15:00:00+00:00,1770217200000,83.37,84.83,80.88,81.65,3044685.0,251801843.3385
2026-02-04 16:00:00+00:00,1770220800000,81.69,82.0865,79.5,81.07,2376802.0,191907984.7642
2026-02-04 17:00:00+00:00,1770224400000,81.03,81.9596,78.44,79.355,2492807.0,199145864.1774
2026-02-04 18:00:00+00:00,1770228000000,79.46,80.2727,79.04,79.47,1684601.0,133818638.8764
2026-02-04 19:00:00+00:00,1770231600000,79.34,82.54,79.215,82.48,1578204.0,127055838.1464
2026-02-04 20:00:00+00:00,1770235200000,82.51,82.62,81.0,82.39,1822807.0,149346587.6854
2026-02-04 21:00:00+00:00,1770238800000,82.34,84.25,82.0,82.34,145702.0,12147102.889
2026-02-04 22:00:00+00:00,1770242400000,83.78,84.12,83.0,83.31,27853.0,2322469.4843
2026-02-04 23:00:00+00:00,1770246000000,83.47,83.83,83.3356,83.82,14991.0,1253388.5154
2026-02-05 00:00:00+00:00,1770249600000,83.66,83.79,83.28,83.5,17410.0,1454107.574
2026-02-05 01:00:00+00:00,1770253200000,83.5,83.95,83.35,83.55,6000.0,502586.45
2026-02-05 02:00:00+00:00,1770256800000,83.55,83.68,81.8,81.87,12062.0,996584.98
2026-02-05 03:00:00+00:00,1770260400000,81.87,82.19,81.01,81.11,17263.0,1410034.88
2026-02-05 04:00:00+00:00,1770264000000,81.1,81.69,80.29,81.69,11409.0,923443.55
2026-02-05 05:00:00+00:00,1770267600000,81.71,82.45,81.29,82.01,4590.0,376524.76
2026-02-05 06:00:00+00:00,1770271200000,82.19,82.74,81.74,82.59,8862.0,728952.88
2026-02-05 07:00:00+00:00,1770274800000,82.74,82.88,82.51,82.72,4976.0,411716.85
2026-02-05 08:00:00+00:00,1770278400000,82.69,83.25,82.51,82.57,12839.0,1066159.11
2026-02-05 09:00:00+00:00,1770282000000,83.25,83.25,82.47,82.65,7904.0,653592.8256
2026-02-05 10:00:00+00:00,1770285600000,82.9,82.95,82.5,82.59,4844.0,400467.0432
2026-02-05 11:00:00+00:00,1770289200000,82.5,82.5,80.79,81.21,43892.0,3570776.6004
2026-02-05 12:00:00+00:00,1770292800000,81.21,81.22,77.72,79.1,163664.0,12959390.1456
2026-02-05 13:00:00+00:00,1770296400000,80.7,83.25,77.72,78.4,352716.0,28224898.6656
2026-02-05 14:00:00+00:00,1770300000000,79.15,80.8199,77.06,77.62,3035761.0,240270161.5626
2026-02-05 15:00:00+00:00,1770303600000,77.395,77.56,74.33,76.29,3887504.0,294387460.4064
2026-02-05 16:00:00+00:00,1770307200000,76.27,78.73,75.32,78.305,1804660.0,139484156.526
2026-02-05 17:00:00+00:00,1770310800000,78.05,78.99,77.15,77.65,1144461.0,89308471.9194
2026-02-05 18:00:00+00:00,1770314400000,77.75,78.0,75.625,76.18,1068086.0,81642464.4766
2026-02-05 19:00:00+00:00,1770318000000,75.91,76.6,75.2,75.6,1047563.0,79495365.818
2026-02-05 20:00:00+00:00,1770321600000,75.16,75.46,73.52,73.825,2954047.0,219037267.7654
2026-02-05 21:00:00+00:00,1770325200000,71.13,73.89,68.12,68.12,547814.0,38913693.583
2026-02-05 22:00:00+00:00,1770328800000,69.0,70.5,68.5,69.4458,250974.0,17432076.7998
2026-02-05 23:00:00+00:00,1770332400000,69.38,70.8,69.15,69.77,134275.0,9422560.14
2026-02-06 00:00:00+00:00,1770336000000,69.74,70.0,68.5,70.0,172857.0,11966267.8248
2026-02-06 01:00:00+00:00,1770339600000,70.0,72.99,69.24,72.27,33910.0,2408249.92
2026-02-06 02:00:00+00:00,1770343200000,72.16,73.04,72.01,72.68,26905.0,1954373.04
2026-02-06 03:00:00+00:00,1770346800000,72.7,72.9,71.74,71.98,11304.0,817976.77
2026-02-06 04:00:00+00:00,1770350400000,71.87,71.88,70.5,70.79,16969.0,1208104.2
2026-02-06 05:00:00+00:00,1770354000000,70.81,72.39,70.55,72.29,20974.0,1502100.54
2026-02-06 06:00:00+00:00,1770357600000,72.25,72.28,71.33,71.67,12104.0,869992.49
2026-02-06 07:00:00+00:00,1770361200000,71.65,72.0,71.27,71.62,6054.0,434012.81
2026-02-06 08:00:00+00:00,1770364800000,71.67,72.38,71.31,72.32,10558.0,757436.7
2026-02-06 09:00:00+00:00,1770368400000,72.2,75.75,70.99,75.65,139922.0,10369521.4746
2026-02-06 10:00:00+00:00,1770372000000,75.65,76.9,75.1,76.75,95321.0,7223120.3528
2026-02-06 11:00:00+00:00,1770375600000,76.83,78.54,76.78,77.84,104109.0,8075620.6101
2026-02-06 12:00:00+00:00,1770379200000,77.81,78.06,77.18,77.5,119530.0,9266109.036
2026-02-06 13:00:00+00:00,1770382800000,78.05,78.58,70.57,78.03,438344.0,33528450.3816
2026-02-06 14:00:00+00:00,1770386400000,78.6,80.25,77.12,79.06,3028939.0,239123526.9757
2026-02-06 15:00:00+00:00,1770390000000,78.72,82.86,78.55,82.74,3387807.0,273936718.8972
2026-02-06 16:00:00+00:00,1770393600000,82.77,85.8,82.31,85.02,2850035.0,240682320.7115
2026-02-06 17:00:00+00:00,1770397200000,84.8,86.25,84.7018,85.995,1533521.0,131416308.9118
2026-02-06 18:00:00+00:00,1770400800000,86.075,86.6,85.63,85.955,1333105.0,114769409.039
2026-02-06 19:00:00+00:00,1770404400000,85.96,86.66,85.4626,86.05,1042003.0,89718333.9054
2026-02-06 20:00:00+00:00,1770408000000,85.755,86.45,85.53,86.12,1979706.0,170413884.3624
2026-02-06 21:00:00+00:00,1770411600000,86.1,86.39,86.0,86.1,70952.0,6110052.7656
2026-02-06 22:00:00+00:00,1770415200000,86.06,86.35,86.02,86.17,22441.0,1933754.4346
2026-02-06 23:00:00+00:00,1770418800000,86.2,86.4,86.1645,86.31,20677.0,1784050.8463
2026-02-07 00:00:00+00:00,1770422400000,86.3,86.65,86.02,86.5,26424.0,2281427.0208
2026-02-09 01:00:00+00:00,1770598800000,86.5,90.0,86.5,88.22,43342.0,3854509.83
2026-02-09 02:00:00+00:00,1770602400000,88.22,88.23,87.2,87.75,18078.0,1589531.26
2026-02-09 03:00:00+00:00,1770606000000,87.78,88.05,87.75,87.9,11738.0,1030965.01
2026-02-09 04:00:00+00:00,1770609600000,87.81,88.14,87.41,87.43,14359.0,1260406.39
2026-02-09 05:00:00+00:00,1770613200000,87.44,88.12,87.41,87.76,13926.0,1222750.81
2026-02-09 06:00:00+00:00,1770616800000,87.84,87.84,86.99,86.99,13632.0,1189258.33
2026-02-09 07:00:00+00:00,1770620400000,86.97,87.23,86.08,86.44,14731.0,1273655.87
2026-02-09 08:00:00+00:00,1770624000000,86.4,87.18,86.31,86.5,12749.0,1107156.06
2026-02-09 09:00:00+00:00,1770627600000,87.9,87.9,85.79,85.79,50443.0,4383269.7065
2026-02-09 10:00:00+00:00,1770631200000,85.9,85.9,84.1,84.64,75938.0,6431599.2852
2026-02-09 11:00:00+00:00,1770634800000,84.61,84.61,80.5,83.73,122255.0,10146578.176
2026-02-09 12:00:00+00:00,1770638400000,83.76,84.88,83.39,84.78,56703.0,4781123.2461
2026-02-09 13:00:00+00:00,1770642000000,84.45,88.03,80.6914,84.43,280144.0,23912447.5088
2026-02-09 14:00:00+00:00,1770645600000,84.72,90.99,83.81,90.65,2771335.0,244540937.599
2026-02-09 15:00:00+00:00,1770649200000,90.6,93.13,90.0,93.0,2854424.0,260941451.596
2026-02-09 16:00:00+00:00,1770652800000,93.115,93.23,91.62,92.36,1332264.0,123217766.7
2026-02-09 17:00:00+00:00,1770656400000,92.39,93.68,92.3208,92.84,1194056.0,110999565.1656
2026-02-09 18:00:00+00:00,1770660000000,92.81,93.01,90.975,92.24,1055622.0,97154381.8944
2026-02-09 19:00:00+00:00,1770663600000,92.23,93.45,92.12,93.185,815658.0,75769978.9494
2026-02-09 20:00:00+00:00,1770667200000,93.15,93.68,92.51,92.89,1670300.0,155513114.47
2026-02-09 21:00:00+00:00,1770670800000,93.27,93.6,92.8,93.27,53905.0,5020442.175
2026-02-09 22:00:00+00:00,1770674400000,92.89,93.24,92.81,93.0992,11402.0,1060432.7482
2026-02-09 23:00:00+00:00,1770678000000,93.1982,93.2,92.6,92.682,17792.0,1652222.0544
2026-02-10 00:00:00+00:00,1770681600000,92.6506,92.8009,92.46,92.8,28297.0,2620251.2654
2026-02-10 01:00:00+00:00,1770685200000,92.73,92.79,91.99,92.04,6401.0,590799.66
2026-02-10 02:00:00+00:00,1770688800000,92.22,92.3,91.99,92.02,5069.0,466991.61
2026-02-10 03:00:00+00:00,1770692400000,92.03,92.51,91.88,92.15,4706.0,433755.24
2026-02-10 04:00:00+00:00,1770696000000,92.15,92.48,92.12,92.48,2274.0,209961.43
2026-02-10 05:00:00+00:00,1770699600000,92.79,93.0,92.5,92.91,3097.0,287293.96
2026-02-10 06:00:00+00:00,1770703200000,92.92,92.92,92.2,92.2,5708.0,527819.3
2026-02-10 07:00:00+00:00,1770706800000,92.31,92.62,92.29,92.55,2864.0,264751.62
2026-02-10 08:00:00+00:00,1770710400000,92.53,92.71,92.46,92.46,4186.0,387540.4
2026-02-10 09:00:00+00:00,1770714000000,92.88,93.29,91.97,93.07,14214.0,1321332.0186
2026-02-10 10:00:00+00:00,1770717600000,92.98,93.12,92.92,93.12,3005.0,279450.8765
2026-02-10 11:00:00+00:00,1770721200000,92.96,93.0,92.83,92.85,6771.0,629177.5704
2026-02-10 12:00:00+00:00,1770724800000,93.0,93.52,92.53,92.53,34052.0,3171497.7188
2026-02-10 13:00:00+00:00,1770728400000,92.01,93.75,91.92,92.01,130193.0,12041993.2262
2026-02-10 14:00:00+00:00,1770732000000,93.11,95.5522,91.66,92.66,2406961.0,224799326.0755
2026-02-10 15:00:00+00:00,1770735600000,92.73,94.28,92.25,93.4,1473694.0,137343122.871
2026-02-10 16:00:00+00:00,1770739200000,93.45,93.88,92.44,92.83,817605.0,76082069.754
2026-02-10 17:00:00+00:00,1770742800000,92.995,95.4,92.83,95.36,1582185.0,149184698.3055
2026-02-10 18:00:00+00:00,1770746400000,95.39,95.51,92.56,93.33,1164712.0,109700030.3168
2026-02-10 19:00:00+00:00,1770750000000,93.31,94.34,93.19,93.85,706987.0,66246237.2714
2026-02-10 20:00:00+00:00,1770753600000,93.71,94.24,91.685,91.79,1601922.0,148232891.1168
2026-02-10 21:00:00+00:00,1770757200000,91.79,92.88,91.3009,91.6988,91475.0,8387141.505
2026-02-10 22:00:00+00:00,1770760800000,91.5658,91.7,91.3,91.35,22335.0,2043500.622
2026-02-10 23:00:00+00:00,1770764400000,91.45,91.8,91.3271,91.4,14422.0,1321166.2494
2026-02-11 00:00:00+00:00,1770768000000,91.4,91.8,91.4,91.7998,15811.0,1450379.3953
2026-02-11 01:00:00+00:00,1770771600000,91.85,92.69,91.85,92.17,6079.0,559909.57
2026-02-11 02:00:00+00:00,1770775200000,92.31,92.71,92.24,92.69,4504.0,416608.14
2026-02-11 03:00:00+00:00,1770778800000,92.67,92.7,92.46,92.7,2202.0,203833.3
2026-02-11 04:00:00+00:00,1770782400000,92.69,92.74,92.22,92.31,2917.0,269720.5
2026-02-11 05:00:00+00:00,1770786000000,92.26,92.47,91.9,91.98,4701.0,433258.11
2026-02-11 06:00:00+00:00,1770789600000,91.9,92.25,91.51,91.51,5292.0,485369.7
2026-02-11 07:00:00+00:00,1770793200000,91.52,91.93,91.48,91.63,6318.0,579145.45
2026-02-11 08:00:00+00:00,1770796800000,91.63,91.63,91.07,91.28,21336.0,1950353.92
2026-02-11 09:00:00+00:00,1770800400000,91.8,92.06,91.45,91.45,59345.0,5449146.9175
2026-02-11 10:00:00+00:00,1770804000000,91.34,91.38,91.12,91.3,14516.0,1323917.264
2026-02-11 11:00:00+00:00,1770807600000,91.4,91.67,91.4,91.5,9139.0,836552.9874
2026-02-11 12:00:00+00:00,1770811200000,91.5,91.9,91.5,91.71,22104.0,2026753.3368
2026-02-11 13:00:00+00:00,1770814800000,91.58,93.5,91.0,93.33,332127.0,30615798.987
2026-02-11 14:00:00+00:00,1770818400000,92.83,94.75,91.98,92.94,3139935.0,292653245.766
2026-02-11 15:00:00+00:00,1770822000000,92.945,93.265,87.14,90.39,3202468.0,286363727.8196
2026-02-11 16:00:00+00:00,1770825600000,90.7,91.67,88.82,88.86,1232064.0,111154965.984
2026-02-11 17:00:00+00:00,1770829200000,88.675,89.65,88.15,89.11,1168453.0,103929454.2286
2026-02-11 18:00:00+00:00,1770832800000,89.17,89.25,87.6,88.7,967594.0,85566175.8486
2026-02-11 19:00:00+00:00,1770836400000,88.71,90.18,88.5401,89.145,1290011.0,115465401.5803
2026-02-11 20:00:00+00:00,1770840000000,88.93,89.35,88.3,88.6,1750252.0,155424477.9024
2026-02-11 21:00:00+00:00,1770843600000,88.61,89.39,88.45,89.27,167619.0,14908670.8122
2026-02-11 22:00:00+00:00,1770847200000,89.2,89.24,88.8,88.95,54414.0,4844059.4322
2026-02-11 23:00:00+00:00,1770850800000,88.88,89.0,88.06,88.68,68458.0,6066693.1936
2026-02-12 00:00:00+00:00,1770854400000,88.6753,88.7,88.0,88.01,43562.0,3848088.4758
2026-02-12 01:00:00+00:00,1770858000000,88.23,89.45,88.02,89.26,10249.0,910043.88
2026-02-12 02:00:00+00:00,1770861600000,89.21,89.26,88.2,88.56,20538.0,1820403.95
2026-02-12 03:00:00+00:00,1770865200000,88.56,88.66,88.44,88.5,5493.0,486406.49
2026-02-12 04:00:00+00:00,1770868800000,88.56,88.71,88.33,88.61,8825.0,781858.85
2026-02-12 05:00:00+00:00,1770872400000,88.59,88.71,88.24,88.5,9491.0,840062.35
2026-02-12 06:00:00+00:00,1770876000000,88.51,88.7,88.14,88.34,14907.0,1316786.81
2026-02-12 07:00:00+00:00,1770879600000,88.35,88.9,88.24,88.58,12909.0,1144717.5
2026-02-12 08:00:00+00:00,1770883200000,88.76,89.16,88.58,88.79,18975.0,1686664.31
2026-02-12 09:00:00+00:00,1770886800000,88.48,89.67,88.2,89.41,81961.0,7292996.3293
2026-02-12 10:00:00+00:00,1770890400000,89.55,89.6,88.8,89.18,21454.0,1913480.1146
2026-02-12 11:00:00+00:00,1770894000000,89.18,91.37,89.0,91.1,82357.0,7446011.6698
2026-02-12 12:00:00+00:00,1770897600000,90.7,92.75,80.25,91.78,1103233.0,96330113.2746
2026-02-12 13:00:00+00:00,1770901200000,90.23,92.9,80.25,87.36,2123963.0,187265569.784
2026-02-12 14:00:00+00:00,1770904800000,85.26,87.57,79.6901,87.11,7226853.0,605000335.0068
2026-02-12 15:00:00+00:00,1770908400000,87.12,90.76,84.925,87.23,4869681.0,427849198.7238
2026-02-12 16:00:00+00:00,1770912000000,87.3,88.2799,84.5501,86.51,2298637.0,198538334.6914
2026-02-12 17:00:00+00:00,1770915600000,86.73,88.1,84.7,87.04,1973379.0,171235621.2912
2026-02-12 18:00:00+00:00,1770919200000,86.79,89.38,86.06,88.7,1424033.0,124845257.9166
2026-02-12 19:00:00+00:00,1770922800000,88.875,89.81,87.5,88.13,1590683.0,141246128.5997
2026-02-12 20:00:00+00:00,1770926400000,87.88,90.0,86.92,89.82,2237651.0,198317414.0025
2026-02-12 21:00:00+00:00,1770930000000,89.92,90.18,89.0232,89.53,160512.0,14421056.1792
2026-02-12 22:00:00+00:00,1770933600000,89.65,89.77,89.12,89.55,23417.0,2094950.3876
2026-02-12 23:00:00+00:00,1770937200000,89.53,89.53,89.0,89.28,14977.0,1337088.1497
2026-02-13 00:00:00+00:00,1770940800000,89.28,89.3,88.22,88.5,57704.0,5124317.164
2026-02-13 01:00:00+00:00,1770944400000,88.52,89.14,88.29,89.01,6349.0,564214.02
2026-02-13 02:00:00+00:00,1770948000000,89.0,89.48,88.99,89.2,4222.0,376933.56
2026-02-13 03:00:00+00:00,1770951600000,89.22,89.3,88.44,88.6,6647.0,591279.54
2026-02-13 04:00:00+00:00,1770955200000,88.47,88.98,88.45,88.47,4603.0,407837.49
2026-02-13 05:00:00+00:00,1770958800000,88.48,88.67,87.72,87.78,8355.0,736099.45
2026-02-13 06:00:00+00:00,1770962400000,87.77,87.9,87.31,87.73,11351.0,994379.32
2026-02-13 07:00:00+00:00,1770966000000,87.9,88.09,87.63,87.98,12447.0,1093254.96
2026-02-13 08:00:00+00:00,1770969600000,88.01,88.59,87.71,88.46,9437.0,833645.37
2026-02-13 09:00:00+00:00,1770973200000,88.13,88.81,88.1,88.7,14891.0,1318088.7778
2026-02-13 10:00:00+00:00,1770976800000,88.71,88.86,88.64,88.7,12411.0,1101241.6821
2026-02-13 11:00:00+00:00,1770980400000,88.7,88.72,88.11,88.43,39141.0,3466898.4186
2026-02-13 12:00:00+00:00,1770984000000,88.5,88.7,88.1,88.3,9925.0,877285.6375
2026-02-13 13:00:00+00:00,1770987600000,89.89,90.5,87.32,89.89,220915.0,19676457.22
2026-02-13 14:00:00+00:00,1770991200000,89.71,94.65,88.86,92.14,3369675.0,310255075.3725
2026-02-13 15:00:00+00:00,1770994800000,92.03,100.32,92.0,96.845,6055530.0,587272566.036
2026-02-13 16:00:00+00:00,1770998400000,96.68,97.97,96.02,97.16,2038445.0,197815187.379
2026-02-13 17:00:00+00:00,1771002000000,97.08,98.01,96.475,96.57,1471901.0,143297952.1857
2026-02-13 18:00:00+00:00,1771005600000,96.62,97.75,95.9,97.54,1396318.0,135174613.3122
2026-02-13 19:00:00+00:00,1771009200000,97.57,97.76,95.55,95.76,1239881.0,119986756.0368
2026-02-13 20:00:00+00:00,1771012800000,95.89,98.3,94.755,98.0,3781058.0,366524419.346
2026-02-13 21:00:00+00:00,1771016400000,98.01,98.2,96.87,97.06,416882.0,40584921.787
2026-02-13 22:00:00+00:00,1771020000000,97.0607,97.42,97.01,97.4149,14327.0,1388357.935
2026-02-13 23:00:00+00:00,1771023600000,97.3,97.3,97.01,97.1,24335.0,2364008.974
2026-02-14 00:00:00+00:00,1771027200000,97.02,97.18,97.0,97.17,19493.0,1892789.793
2026-02-17 01:00:00+00:00,1771290000000,97.9,99.18,97.33,97.33,27888.0,2745604.89
2026-02-17 02:00:00+00:00,1771293600000,97.33,97.38,96.21,96.52,21872.0,2118844.08
2026-02-17 03:00:00+00:00,1771297200000,96.52,96.52,95.37,95.8,24345.0,2333628.83
2026-02-17 04:00:00+00:00,1771300800000,95.78,96.11,95.54,95.86,9570.0,916517.57
2026-02-17 05:00:00+00:00,1771304400000,95.87,95.91,95.23,95.47,6930.0,661658.74
2026-02-17 06:00:00+00:00,1771308000000,95.45,96.01,95.4,96.0,5242.0,501827.48
2026-02-17 07:00:00+00:00,1771311600000,96.05,96.29,95.66,96.29,7430.0,712861.05
2026-02-17 08:00:00+00:00,1771315200000,96.36,96.96,96.01,96.02,12836.0,1238551.06
2026-02-17 09:00:00+00:00,1771318800000,95.8,97.2,95.8,96.66,23891.0,2309189.3832
2026-02-17 10:00:00+00:00,1771322400000,96.89,97.0,95.6,95.74,21597.0,2082665.6607
2026-02-17 11:00:00+00:00,1771326000000,95.83,96.49,95.8,96.49,7516.0,721872.7168
2026-02-17 12:00:00+00:00,1771329600000,96.5,97.0,95.81,95.81,32526.0,3139123.2912
2026-02-17 13:00:00+00:00,1771333200000,95.43,97.25,95.2,95.43,278113.0,26654711.4669
2026-02-17 14:00:00+00:00,1771336800000,95.95,98.4299,93.5,93.885,2185742.0,208782075.84
2026-02-17 15:00:00+00:00,1771340400000,93.96,97.4,93.91,97.18,2382620.0,227890693.402
2026-02-17 16:00:00+00:00,1771344000000,97.22,98.65,95.2,95.64,1625603.0,157449891.8489
2026-02-17 17:00:00+00:00,1771347600000,95.555,96.75,94.21,96.6,959526.0,91365298.0992
2026-02-17 18:00:00+00:00,1771351200000,96.48,99.29,96.0,98.96,956690.0,93469856.697
2026-02-17 19:00:00+00:00,1771354800000,98.94,99.0639,97.26,97.54,1022321.0,100334774.4561
2026-02-17 20:00:00+00:00,1771358400000,97.46,97.88,96.71,97.5,1615974.0,157312806.5364
2026-02-17 21:00:00+00:00,1771362000000,97.68,98.5,96.02,98.26,73510.0,7166886.854
2026-02-17 22:00:00+00:00,1771365600000,96.9619,97.25,96.52,97.25,13304.0,1290124.8008
2026-02-17 23:00:00+00:00,1771369200000,97.15,97.3,96.71,96.86,8449.0,819634.9553
2026-02-18 00:00:00+00:00,1771372800000,96.71,97.29,96.71,96.98,4896.0,474865.9776
2026-02-18 01:00:00+00:00,1771376400000,96.82,97.19,96.78,96.92,1074.0,104063.28
2026-02-18 02:00:00+00:00,1771380000000,96.99,97.5,96.91,97.44,6231.0,606805.69
2026-02-18 03:00:00+00:00,1771383600000,97.48,97.53,97.12,97.51,4065.0,395494.7
2026-02-18 04:00:00+00:00,1771387200000,97.48,98.01,97.46,97.91,3599.0,351850.63
2026-02-18 05:00:00+00:00,1771390800000,97.99,97.99,97.69,97.72,2696.0,263784.59
2026-02-18 06:00:00+00:00,1771394400000,97.71,97.85,97.52,97.72,3637.0,355317.68
2026-02-18 07:00:00+00:00,1771398000000,97.72,97.85,97.53,97.76,2349.0,229540.62
2026-02-18 08:00:00+00:00,1771401600000,97.84,98.86,97.84,98.39,7914.0,779086.2
2026-02-18 09:00:00+00:00,1771405200000,98.23,99.28,98.2,98.61,26617.0,2631465.7497
2026-02-18 10:00:00+00:00,1771408800000,98.9,99.5,98.7,99.0,15369.0,1523996.1876
2026-02-18 11:00:00+00:00,1771412400000,99.02,99.02,98.52,98.55,14219.0,1404176.0165
2026-02-18 12:00:00+00:00,1771416000000,98.71,99.5,98.55,99.15,59811.0,5930775.0246
2026-02-18 13:00:00+00:00,1771419600000,98.52,99.5852,97.59,98.79,96577.0,9537818.9699
2026-02-18 14:00:00+00:00,1771423200000,99.785,100.47,96.8571,100.27,2171659.0,214871542.2665
2026-02-18 15:00:00+00:00,1771426800000,100.44,102.88,100.25,102.745,2949507.0,300008514.6036
2026-02-18 16:00:00+00:00,1771430400000,102.8,104.4,102.4,102.58,2285102.0,236368208.7576
2026-02-18 17:00:00+00:00,1771434000000,102.52,103.5,101.82,102.25,997522.0,102273037.8462
2026-02-18 18:00:00+00:00,1771437600000,102.25,102.53,101.36,101.76,754577.0,76938859.1933
2026-02-18 19:00:00+00:00,1771441200000,101.66,101.98,99.11,99.57,1111158.0,111687935.2542
2026-02-18 20:00:00+00:00,1771444800000,99.59,101.93,99.54,101.81,2034209.0,205591604.4239
2026-02-18 21:00:00+00:00,1771448400000,101.8,102.25,101.49,101.8,46103.0,4698112.3841
2026-02-18 22:00:00+00:00,1771452000000,101.629,101.98,101.62,101.64,14957.0,1522519.3967
2026-02-18 23:00:00+00:00,1771455600000,101.7,102.0881,101.65,102.0,14408.0,1468450.3928
2026-02-19 00:00:00+00:00,1771459200000,102.0599,102.08,101.26,101.65,19080.0,1939522.068
2026-02-19 01:00:00+00:00,1771462800000,101.74,101.79,101.24,101.24,3115.0,315750.94
2026-02-19 02:00:00+00:00,1771466400000,101.23,101.63,101.15,101.53,4637.0,470156.93
2026-02-19 03:00:00+00:00,1771470000000,101.54,101.97,101.45,101.75,4398.0,446883.79
2026-02-19 04:00:00+00:00,1771473600000,101.75,101.91,101.49,101.65,4296.0,437088.15
2026-02-19 05:00:00+00:00,1771477200000,101.66,101.99,101.42,101.91,2352.0,239241.8
2026-02-19 06:00:00+00:00,1771480800000,101.91,102.43,101.82,102.42,5005.0,510832.83
2026-02-19 07:00:00+00:00,1771484400000,102.43,102.63,102.26,102.36,4270.0,437673.62
2026-02-19 08:00:00+00:00,1771488000000,102.36,102.6,101.82,101.82,4494.0,459388.7
2026-02-19 09:00:00+00:00,1771491600000,102.49,102.49,100.63,101.0,12467.0,1265491.5091
2026-02-19 10:00:00+00:00,1771495200000,101.0,101.0,100.51,100.6,5979.0,602276.628
2026-02-19 11:00:00+00:00,1771498800000,100.56,101.5,100.56,101.22,6210.0,628984.818
2026-02-19 12:00:00+00:00,1771502400000,101.34,101.51,100.95,101.29,15171.0,1536464.2644
2026-02-19 13:00:00+00:00,1771506000000,101.37,102.61,100.0,100.02,118468.0,11958681.1792
2026-02-19 14:00:00+00:00,1771509600000,100.955,106.38,99.55,105.89,2711030.0,280501869.907
2026-02-19 15:00:00+00:00,1771513200000,105.57,107.98,105.28,105.58,3074211.0,327699825.4404
2026-02-19 16:00:00+00:00,1771516800000,105.71,107.88,104.39,106.93,2332545.0,248096950.344
2026-02-19 17:00:00+00:00,1771520400000,106.79,107.4,105.06,105.645,1239646.0,131676189.8368
2026-02-19 18:00:00+00:00,1771524000000,105.79,106.85,105.56,106.81,1038978.0,110467361.7918
2026-02-19 19:00:00+00:00,1771527600000,106.68,107.19,105.37,105.45,980231.0,104204436.686
2026-02-19 20:00:00+00:00,1771531200000,105.49,107.75,105.36,107.65,1810235.0,193615856.707
2026-02-19 21:00:00+00:00,1771534800000,107.61,107.68,107.051,107.4721,57125.0,6141388.7875
2026-02-19 22:00:00+00:00,1771538400000,107.44,107.44,106.6073,107.0,36724.0,3927014.8368
2026-02-19 23:00:00+00:00,1771542000000,107.0,107.34,107.0,107.1,8780.0,940216.836
2026-02-20 00:00:00+00:00,1771545600000,107.0993,107.44,107.01,107.28,22727.0,2435841.2241
2026-02-20 01:00:00+00:00,1771549200000,107.07,107.67,106.94,106.94,7011.0,751858.4
2026-02-20 02:00:00+00:00,1771552800000,107.01,107.45,107.01,107.01,3872.0,414930.01
2026-02-20 03:00:00+00:00,1771556400000,107.17,107.17,106.02,106.81,8543.0,910764.49
2026-02-20 04:00:00+00:00,1771560000000,106.7,107.11,106.7,106.9,4148.0,443828.92
2026-02-20 05:00:00+00:00,1771563600000,106.82,107.41,106.64,107.14,4961.0,531539.23
2026-02-20 06:00:00+00:00,1771567200000,107.14,107.55,107.14,107.31,3630.0,389874.52
2026-02-20 07:00:00+00:00,1771570800000,107.49,107.5,106.84,106.88,7197.0,771132.99
2026-02-20 08:00:00+00:00,1771574400000,106.86,107.2,106.77,107.2,5732.0,612730.99
2026-02-20 09:00:00+00:00,1771578000000,107.2,108.3,107.2,107.99,37349.0,4029180.2408
2026-02-20 10:00:00+00:00,1771581600000,108.0,108.05,107.35,107.35,10963.0,1181692.9996
2026-02-20 11:00:00+00:00,1771585200000,107.36,107.36,106.33,106.45,28507.0,3047375.4944
2026-02-20 12:00:00+00:00,1771588800000,106.879,107.0,106.11,107.0,47879.0,5101560.1169
2026-02-20 13:00:00+00:00,1771592400000,106.82,108.48,105.8,106.82,231059.0,24633870.0611
2026-02-20 14:00:00+00:00,1771596000000,105.51,108.32,103.71,103.97,2811747.0,297292758.5028
2026-02-20 15:00:00+00:00,1771599600000,103.98,106.0,102.12,103.02,2725040.0,281788483.784
2026-02-20 16:00:00+00:00,1771603200000,103.0,104.4,101.62,102.09,1593857.0,164058251.1812
2026-02-20 17:00:00+00:00,1771606800000,101.84,102.18,97.89,100.51,3363126.0,334063005.0186
2026-02-20 18:00:00+00:00,1771610400000,100.475,101.2,98.01,99.69,1476203.0,146697525.5047
2026-02-20 19:00:00+00:00,1771614000000,99.62,99.94,97.12,97.19,1152425.0,113791481.6825
2026-02-20 20:00:00+00:00,1771617600000,97.19,98.41,97.03,97.96,2081153.0,203467044.7745
2026-02-20 21:00:00+00:00,1771621200000,97.92,98.1,97.5908,97.66,94758.0,9273160.017
2026-02-20 22:00:00+00:00,1771624800000,97.75,97.8,97.55,97.6,38538.0,3764399.5476
2026-02-20 23:00:00+00:00,1771628400000,97.7,97.8,97.55,97.75,22177.0,2166712.8593
2026-02-21 00:00:00+00:00,1771632000000,97.86,97.98,97.01,97.2069,26923.0,2627049.4172
2026-02-23 01:00:00+00:00,1771808400000,97.2,97.21,94.64,95.42,41903.0,4000832.61
2026-02-23 02:00:00+00:00,1771812000000,95.49,95.84,94.74,95.03,11596.0,1103077.62
2026-02-23 03:00:00+00:00,1771815600000,95.02,95.26,94.8,95.04,7126.0,676643.75
2026-02-23 04:00:00+00:00,1771819200000,94.99,95.11,94.8,95.01,5508.0,522719.96
2026-02-23 05:00:00+00:00,1771822800000,95.03,95.09,94.74,95.03,4049.0,383967.63
2026-02-23 06:00:00+00:00,1771826400000,95.06,95.52,94.99,95.5,5534.0,527473.11
2026-02-23 07:00:00+00:00,1771830000000,95.48,96.18,95.48,96.17,5328.0,510577.65
2026-02-23 08:00:00+00:00,1771833600000,96.16,96.2,95.79,95.99,6254.0,600427.45
2026-02-23 09:00:00+00:00,1771837200000,96.54,97.0,96.02,96.36,31192.0,3012894.5448
2026-02-23 10:00:00+00:00,1771840800000,96.45,96.5,96.0,96.0,19204.0,1848043.1688
2026-02-23 11:00:00+00:00,1771844400000,95.95,96.45,95.5,95.84,21802.0,2092510.1758
2026-02-23 12:00:00+00:00,1771848000000,95.84,95.99,95.39,95.7,21480.0,2054755.32
2026-02-23 13:00:00+00:00,1771851600000,95.5,97.4,94.8,96.7086,167636.66573700003,16164298.439023932
2026-02-23 14:00:00+00:00,1771855200000,96.0,100.0,95.3,98.98,2099997.186175,206975512.66968936
2026-02-23 15:00:00+00:00,1771858800000,99.09,99.85,97.475,97.97,1410624.360203,139124238.14938107
2026-02-23 16:00:00+00:00,1771862400000,98.14,98.48,97.06,97.285,822689.1221179999,80456281.26903741
2026-02-23 17:00:00+00:00,1771866000000,97.33,98.82,97.0601,98.68,712973.1324879996,69849407.41134332
2026-02-23 18:00:00+00:00,1771869600000,98.87,100.99,98.6336,100.215,1140211.968288001,114228829.42822532
2026-02-23 19:00:00+00:00,1771873200000,100.285,101.1627,99.07,100.04,787115.958329,78713406.19960414
2026-02-23 20:00:00+00:00,1771876800000,99.3,100.705,99.06,100.61,1177882.3723000004,117816270.83046079
2026-02-23 21:00:00+00:00,1771880400000,100.53,100.65,99.9676,100.58,51718.020736,5190596.402335462
2026-02-23 22:00:00+00:00,1771884000000,100.28,100.61,100.0945,100.21,10299.995295,1034810.6573022944
2026-02-23 23:00:00+00:00,1771887600000,100.1793,100.53,100.0529,100.2,2380.989996,238908.7742976396
2026-02-24 00:00:00+00:00,1771891200000,100.05,100.61,100.01,100.01,4437.0,444628.2204
2026-02-24 01:00:00+00:00,1771894800000,99.49,100.5,99.49,99.93,1452.0,145531.07
2026-02-24 02:00:00+00:00,1771898400000,99.88,100.84,99.88,100.82,8057.0,809362.38
2026-02-24 03:00:00+00:00,1771902000000,100.75,101.2,100.74,100.82,4591.0,463531.94
2026-02-24 04:00:00+00:00,1771905600000,100.81,101.31,100.79,101.28,2582.0,260944.01
2026-02-24 05:00:00+00:00,1771909200000,101.27,101.51,100.86,100.89,5531.0,559924.96
2026-02-24 06:00:00+00:00,1771912800000,100.91,101.03,100.51,100.51,7582.0,763595.11
2026-02-24 07:00:00+00:00,1771916400000,100.59,100.87,100.5,100.5,2093.0,210736.89
2026-02-24 08:00:00+00:00,1771920000000,100.5,100.52,100.2,100.4,3435.0,344705.32
2026-02-24 09:00:00+00:00,1771923600000,100.42,100.75,100.42,100.75,4384.0,440601.2064
2026-02-24 10:00:00+00:00,1771927200000,100.69,100.84,100.59,100.6,3304.0,332683.7248
2026-02-24 11:00:00+00:00,1771930800000,100.45,100.7,100.4,100.41,1897.0,190652.4837
2026-02-24 12:00:00+00:00,1771934400000,100.43,101.03,99.75,100.0,40393.0,4053857.6372
2026-02-24 13:00:00+00:00,1771938000000,100.43,101.5,99.6,100.8,89436.38354599998,8985172.61111876
2026-02-24 14:00:00+00:00,1771941600000,98.84,103.75,97.7477,102.675,1771704.7958720005,179606750.85200363
2026-02-24 15:00:00+00:00,1771945200000,102.545,103.45,100.67,100.72,1440011.9533469998,147122853.2471656
2026-02-24 16:00:00+00:00,1771948800000,100.75,101.81,100.22,101.14,757450.52787,76492959.43821885
2026-02-24 17:00:00+00:00,1771952400000,100.83,101.1513,99.5901,99.9,654526.1253340004,65640919.69965863
2026-02-24 18:00:00+00:00,1771956000000,100.47,101.09,99.72,101.07,506880.987283,50926332.79232301
2026-02-24 19:00:00+00:00,1771959600000,101.16,101.96,100.76,101.24,588657.477085,59624998.122444235
2026-02-24 20:00:00+00:00,1771963200000,101.18,102.62,100.68,102.56,1058734.292517,107952254.03505711
2026-02-24 21:00:00+00:00,1771966800000,102.4,102.94,102.0,102.14,48650.596871,4986871.05154561
2026-02-24 22:00:00+00:00,1771970400000,102.02,102.2,101.9,102.16,17882.332248,1824049.748059519
2026-02-24 23:00:00+00:00,1771974000000,102.16,102.49,101.99,102.35,6799.429424,695316.452327664
2026-02-25 00:00:00+00:00,1771977600000,102.25,102.53,102.1706,102.53,8345.095003999999,854258.167726966
2026-02-25 01:00:00+00:00,1771981200000,102.59,102.87,102.06,102.77,3878.0,398065.24
2026-02-25 02:00:00+00:00,1771984800000,102.77,102.93,102.65,102.69,3572.0,367164.4
2026-02-25 03:00:00+00:00,1771988400000,102.68,102.68,101.98,102.36,5211.0,533492.99
2026-02-25 04:00:00+00:00,1771992000000,102.31,102.46,102.01,102.19,2081.0,212743.0
2026-02-25 05:00:00+00:00,1771995600000,102.24,102.41,102.1,102.32,2614.0,267343.77
2026-02-25 06:00:00+00:00,1771999200000,102.32,102.44,102.1,102.23,1484.0,151867.04
2026-02-25 07:00:00+00:00,1772002800000,102.24,102.4,102.24,102.39,2177.0,222769.2
2026-02-25 08:00:00+00:00,1772006400000,102.41,102.91,102.41,102.91,4795.0,491956.41
2026-02-25 09:00:00+00:00,1772010000000,102.5,103.35,102.5,103.1,13223.0,1362409.3259
2026-02-25 10:00:00+00:00,1772013600000,103.02,103.4,103.02,103.3,10834.0,1118942.0204
2026-02-25 11:00:00+00:00,1772017200000,103.3,104.04,103.3,103.99,19429.0,2015968.5832
2026-02-25 12:00:00+00:00,1772020800000,103.87,104.4,103.75,104.0,27766.0,2891090.3244
2026-02-25 13:00:00+00:00,1772024400000,103.6,104.47,102.11,104.0001,73752.054445,7643205.659942241
2026-02-25 14:00:00+00:00,1772028000000,104.97,105.25,102.8,102.93,1355215.925354,141503651.15150508
2026-02-25 15:00:00+00:00,1772031600000,102.91,105.81,102.82,105.64,1483718.0990290002,154741560.07384142
2026-02-25 16:00:00+00:00,1772035200000,105.6,105.7699,104.5,104.78,797475.1936050002,83847897.56345886
2026-02-25 17:00:00+00:00,1772038800000,104.76,105.52,104.01,104.745,757116.5170160002,79441283.37607254
2026-02-25 18:00:00+00:00,1772042400000,104.85,107.44,104.79,106.745,1165244.9798999997,123890128.03244583
2026-02-25 19:00:00+00:00,1772046000000,106.56,107.38,106.21,106.895,692083.0631150001,73925406.05307922
2026-02-25 20:00:00+00:00,1772049600000,107.115,107.44,105.49,106.2,1507475.5631910004,160668403.74801633
2026-02-25 21:00:00+00:00,1772053200000,106.63,108.2,105.78,107.43,216451.615203,23255323.44063359
2026-02-25 22:00:00+00:00,1772056800000,107.59,107.66,104.2,104.9,130135.996502,13765069.9620008
2026-02-25 23:00:00+00:00,1772060400000,104.99,105.39,104.1,104.7,46620.626484,4872941.728175077
2026-02-26 00:00:00+00:00,1772064000000,104.62,105.25,104.4,105.25,15399.0,1615295.0439
2026-02-26 01:00:00+00:00,1772067600000,104.61,105.23,104.61,104.85,2568.0,269175.6
2026-02-26 02:00:00+00:00,1772071200000,104.85,104.92,104.44,104.75,4425.0,463188.16
2026-02-26 03:00:00+00:00,1772074800000,104.75,105.11,104.65,105.09,4370.0,458372.36
2026-02-26 04:00:00+00:00,1772078400000,104.92,105.15,104.92,105.15,979.0,102819.04
2026-02-26 05:00:00+00:00,1772082000000,105.16,105.25,105.02,105.19,1309.0,137634.05
2026-02-26 06:00:00+00:00,1772085600000,105.13,105.65,105.13,105.5,5251.0,553784.28
2026-02-26 07:00:00+00:00,1772089200000,105.55,105.68,105.44,105.65,2424.0,256047.41
2026-02-26 08:00:00+00:00,1772092800000,105.58,105.97,105.52,105.89,3667.0,387625.72
2026-02-26 09:00:00+00:00,1772096400000,105.0,106.2,104.9,106.0,18724.0,1982549.5472
2026-02-26 10:00:00+00:00,1772100000000,106.05,106.05,105.5,105.5,4644.0,491019.408
2026-02-26 11:00:00+00:00,1772103600000,105.53,105.89,105.43,105.88,4867.0,514567.9553
2026-02-26 12:00:00+00:00,1772107200000,105.9,106.1,105.75,105.75,12651.0,1339520.7726
2026-02-26 13:00:00+00:00,1772110800000,105.98,106.1888,105.01,105.68,46752.214243,4939549.093187073
2026-02-26 14:00:00+00:00,1772114400000,106.46,108.32,104.89,106.72,1491572.872192,158468132.55928412
2026-02-26 15:00:00+00:00,1772118000000,107.17,107.88,103.15,105.18,2303309.049986,242098280.6040735
2026-02-26 16:00:00+00:00,1772121600000,105.185,106.95,103.84,104.1,835324.239654,88188855.40692724
2026-02-26 17:00:00+00:00,1772125200000,104.17,105.0,102.8584,103.18,741385.6665040001,77011955.07806957
2026-02-26 18:00:00+00:00,1772128800000,103.025,103.74,102.0,103.17,648835.6451699998,66684602.500862874
2026-02-26 19:00:00+00:00,1772132400000,103.34,104.68,102.82,103.58,489312.3834889998,50875814.692123614
2026-02-26 20:00:00+00:00,1772136000000,103.69,105.25,103.08,104.84,1166947.6937650004,121738200.614183
2026-02-26 21:00:00+00:00,1772139600000,103.87,106.12,102.21,103.87,110744.754268,11502238.114635576
2026-02-26 22:00:00+00:00,1772143200000,102.63,102.8,101.88,102.11,65677.085236,6711790.913190736
2026-02-26 23:00:00+00:00,1772146800000,102.11,102.55,101.9,102.4,25263.606442,2581071.510310795
2026-02-27 00:00:00+00:00,1772150400000,102.43,102.8,101.96,102.1845,22625.116834,2313805.085774361
2026-02-27 01:00:00+00:00,1772154000000,102.44,102.51,102.04,102.24,1291.0,132059.55
2026-02-27 02:00:00+00:00,1772157600000,102.21,102.38,102.16,102.28,2876.0,293986.03
2026-02-27 03:00:00+00:00,1772161200000,102.3,102.41,102.14,102.36,1982.0,202777.74
2026-02-27 04:00:00+00:00,1772164800000,102.31,102.45,102.22,102.37,1240.0,126935.43
2026-02-27 05:00:00+00:00,1772168400000,102.24,102.47,102.21,102.46,1943.0,198915.16
2026-02-27 06:00:00+00:00,1772172000000,102.38,102.42,101.7,101.89,4277.0,436219.24
2026-02-27 07:00:00+00:00,1772175600000,101.89,102.34,101.89,102.33,1952.0,199492.51
2026-02-27 08:00:00+00:00,1772179200000,102.32,103.11,102.24,102.99,8136.0,836118.47
2026-02-27 09:00:00+00:00,1772182800000,102.0,102.69,101.59,101.59,25836.0,2637995.1144
2026-02-27 10:00:00+00:00,1772186400000,101.52,101.52,100.71,101.26,37926.0,3834891.2826
2026-02-27 11:00:00+00:00,1772190000000,101.19,101.4,100.33,100.33,15397.0,1551960.6311
2026-02-27 12:00:00+00:00,1772193600000,100.53,100.74,98.95,99.59,89178.0,8896049.4858
2026-02-27 13:00:00+00:00,1772197200000,98.33,103.1,97.94,98.33,274456.22469,27280235.14800181
2026-02-27 14:00:00+00:00,1772200800000,98.71,99.42,95.05,95.77,3328772.117444,321679888.09574187
2026-02-27 15:00:00+00:00,1772204400000,96.01,99.07,95.38,95.96,2461825.135662,240233759.30838633
2026-02-27 16:00:00+00:00,1772208000000,95.92,96.57,90.6,91.98,4132715.842119,385995659.6539146
2026-02-27 17:00:00+00:00,1772211600000,92.0,92.9,89.45,89.645,3261017.583154001,295899191.7655027
2026-02-27 18:00:00+00:00,1772215200000,89.585,90.4599,88.82,89.23,1920434.3310060003,172139667.60718763
2026-02-27 19:00:00+00:00,1772218800000,89.35,89.64,88.7301,88.995,1718886.5871719995,153262975.54726288
2026-02-27 20:00:00+00:00,1772222400000,89.11,91.24,88.4,91.21,3984983.757319,359589791.32218874
2026-02-27 21:00:00+00:00,1772226000000,91.25,92.19,90.0,91.11,234236.642285,21357088.02827636
2026-02-27 22:00:00+00:00,1772229600000,91.07,91.19,90.7704,91.05,20232.158654,1841751.611216409
2026-02-27 23:00:00+00:00,1772233200000,91.12,91.1487,90.9,90.9,24127.20719,2196823.230901723
2026-02-28 00:00:00+00:00,1772236800000,90.9,91.1345,90.7818,90.87,14079.0,1280356.9311
2026-03-02 01:00:00+00:00,1772413200000,88.9,90.01,85.01,88.47,60590.0,5321522.34
2026-03-02 02:00:00+00:00,1772416800000,88.53,88.68,87.82,88.44,14486.0,1277468.82
2026-03-02 03:00:00+00:00,1772420400000,88.31,88.71,88.1,88.2,7173.0,634066.86
2026-03-02 04:00:00+00:00,1772424000000,88.22,88.68,88.04,88.04,10962.0,969272.6
2026-03-02 05:00:00+00:00,1772427600000,88.01,88.2,87.29,87.33,16387.0,1438090.32
2026-03-02 06:00:00+00:00,1772431200000,87.33,87.6,86.42,87.11,31416.0,2733238.21
2026-03-02 07:00:00+00:00,1772434800000,87.1,87.34,86.44,86.44,22720.0,1971253.36
2026-03-02 08:00:00+00:00,1772438400000,86.4,87.11,85.84,86.5,30018.0,2589914.65
2026-03-02 09:00:00+00:00,1772442000000,86.58,88.0,86.14,86.81,61468.0,5356985.3744
2026-03-02 10:00:00+00:00,1772445600000,87.12,87.45,86.82,86.9,10375.0,903970.6375
2026-03-02 11:00:00+00:00,1772449200000,86.91,87.99,86.85,87.65,26226.0,2287625.7924
2026-03-02 12:00:00+00:00,1772452800000,87.21,87.63,85.85,86.0,120649.0,10426679.6184
2026-03-02 13:00:00+00:00,1772456400000,86.93,88.19,85.69,86.93,417165.93644,36336404.56173332
2026-03-02 14:00:00+00:00,1772460000000,88.0,91.387,86.33,89.95,1916741.743784,171638856.2789746
2026-03-02 15:00:00+00:00,1772463600000,89.7,91.0,87.39,88.44,3089851.8020049995,276225953.42528254
2026-03-02 16:00:00+00:00,1772467200000,88.34,89.98,87.2601,89.21,1416255.5398359995,124979311.24502955
2026-03-02 17:00:00+00:00,1772470800000,89.01,89.183,88.1,88.64,650244.8328219999,57620405.46878901
2026-03-02 18:00:00+00:00,1772474400000,88.55,89.75,88.15,89.69,720019.680504,64117392.53904095
2026-03-02 19:00:00+00:00,1772478000000,89.5,90.355,89.31,89.955,720737.2411979999,64788800.38066709
2026-03-02 20:00:00+00:00,1772481600000,90.06,91.22,89.25,90.99,1328238.928045,120138945.39388464
2026-03-02 21:00:00+00:00,1772485200000,91.04,91.04,90.3188,90.57,55135.84652300001,5004763.492662496
2026-03-02 22:00:00+00:00,1772488800000,90.5941,90.74,90.5,90.51,19038.742502,1727706.8619547437
2026-03-02 23:00:00+00:00,1772492400000,90.68,90.77,90.0985,90.0985,11698.0,1059498.3882
2026-03-03 00:00:00+00:00,1772496000000,90.4,90.43,89.83,90.01,15242.0,1373023.7472
2026-03-03 01:00:00+00:00,1772499600000,89.84,90.14,89.76,89.86,7162.0,644388.39
2026-03-03 02:00:00+00:00,1772503200000,89.86,89.86,88.59,89.31,12237.0,1090291.45
2026-03-03 03:00:00+00:00,1772506800000,89.27,89.39,88.59,88.71,6692.0,594831.46
2026-03-03 04:00:00+00:00,1772510400000,88.88,88.88,88.39,88.5,9006.0,798269.59
2026-03-03 05:00:00+00:00,1772514000000,88.62,89.49,88.5,88.7,12564.0,1116376.76
2026-03-03 06:00:00+00:00,1772517600000,88.84,88.84,88.04,88.19,20639.0,1823091.85
2026-03-03 07:00:00+00:00,1772521200000,88.29,88.3,87.04,87.26,11545.0,1011584.41
2026-03-03 08:00:00+00:00,1772524800000,87.18,87.24,85.82,85.82,26203.0,2269137.51
2026-03-03 09:00:00+00:00,1772528400000,86.03,88.02,85.41,85.41,48374.0,4182164.4952
2026-03-03 10:00:00+00:00,1772532000000,85.47,85.62,85.0,85.3,62012.0,5281977.5204
2026-03-03 11:00:00+00:00,1772535600000,85.41,86.5,85.0,86.3,35821.0,3072786.2757
2026-03-03 12:00:00+00:00,1772539200000,86.21,87.6,86.21,87.0,65784.0,5726089.3392
2026-03-03 13:00:00+00:00,1772542800000,87.14,89.1,85.0,86.36,324922.391195,28180908.895211782
2026-03-03 14:00:00+00:00,1772546400000,86.14,88.26,85.5,86.63,1430392.539719,124239175.70461126
2026-03-03 15:00:00+00:00,1772550000000,86.74,87.4778,83.53,84.92,2423449.947347,206205055.0498931
2026-03-03 16:00:00+00:00,1772553600000,84.98,87.2,84.85,86.465,1190134.4097009995,102685153.90932514
2026-03-03 17:00:00+00:00,1772557200000,86.3,88.07,86.12,87.815,809185.5735219998,70512349.95814972
2026-03-03 18:00:00+00:00,1772560800000,87.82,89.87,87.662,89.12,1039384.9346580002,92248738.98268841
2026-03-03 19:00:00+00:00,1772564400000,89.24,89.35,87.3349,88.22,833727.3563489997,73668899.56161831
2026-03-03 20:00:00+00:00,1772568000000,88.3,88.68,86.56,86.795,1062606.778041,92708190.95696509
2026-03-03 21:00:00+00:00,1772571600000,87.71,88.8,86.4,87.71,166483.37257900002,14538060.620437628
2026-03-03 22:00:00+00:00,1772575200000,87.2021,87.25,86.61,86.61,13516.846475,1174965.39668585
2026-03-03 23:00:00+00:00,1772578800000,86.68,87.25,86.62,87.05,27015.0,2349029.892
2026-03-04 00:00:00+00:00,1772582400000,87.04,87.4,86.62,87.1,12037.0,1048002.6087
2026-03-04 01:00:00+00:00,1772586000000,88.02,88.02,85.56,86.35,6245.0,537556.57
2026-03-04 02:00:00+00:00,1772589600000,86.19,86.6,85.64,85.96,7356.0,633314.84
2026-03-04 03:00:00+00:00,1772593200000,85.91,85.91,84.72,85.27,10330.0,880223.57
2026-03-04 04:00:00+00:00,1772596800000,85.39,85.83,85.23,85.25,5469.0,467890.66
2026-03-04 05:00:00+00:00,1772600400000,85.43,85.5,84.94,85.48,7723.0,658039.29
2026-03-04 06:00:00+00:00,1772604000000,85.4,85.63,84.85,85.5,8367.0,712363.17
2026-03-04 07:00:00+00:00,1772607600000,85.59,86.51,85.27,86.46,6838.0,588973.04
2026-03-04 08:00:00+00:00,1772611200000,86.53,87.0,86.4,86.66,17605.0,1526630.96
2026-03-04 09:00:00+00:00,1772614800000,86.86,89.56,86.5,89.0,70174.0,6204778.0626
2026-03-04 10:00:00+00:00,1772618400000,88.99,90.09,88.75,89.68,42571.0,3816328.3802
2026-03-04 11:00:00+00:00,1772622000000,89.68,90.5,89.36,89.56,35440.0,3189879.976
2026-03-04 12:00:00+00:00,1772625600000,89.32,89.5,88.56,89.18,69529.0,6192509.9973
2026-03-04 13:00:00+00:00,1772629200000,90.1337,90.8,84.85,90.3,232099.48790299997,20658177.39044804
2026-03-04 14:00:00+00:00,1772632800000,90.39,94.6,88.63,94.11,2246875.17656,207127514.08863065
2026-03-04 15:00:00+00:00,1772636400000,94.45,95.68,93.58,94.285,2081344.039917,197007330.6198997
2026-03-04 16:00:00+00:00,1772640000000,94.25,97.2,93.85,96.585,1955517.416229,187455899.5197119
2026-03-04 17:00:00+00:00,1772643600000,96.57,97.35,95.74,96.21,1335601.4422040002,128722729.35688137
2026-03-04 18:00:00+00:00,1772647200000,96.17,97.45,96.17,97.325,831783.8148399998,80580554.2734917
2026-03-04 19:00:00+00:00,1772650800000,97.3,98.11,97.26,97.81,1144402.4933869997,111825175.20106132
2026-03-04 20:00:00+00:00,1772654400000,97.82,98.48,97.0,97.73,1931422.38362,189026956.68922085
2026-03-04 21:00:00+00:00,1772658000000,97.78,98.1,97.34,97.66,53285.356332,5203810.599633688
2026-03-04 22:00:00+00:00,1772661600000,97.55,97.9419,97.4239,97.6419,22659.0,2213233.6863
2026-03-04 23:00:00+00:00,1772665200000,97.65,97.982,97.51,97.6,25739.34967,2513007.352396143
2026-03-05 00:00:00+00:00,1772668800000,97.65,98.16,97.51,98.15,25363.0,2482051.0793
2026-03-05 01:00:00+00:00,1772672400000,98.1,98.34,96.67,96.82,10894.0,1061029.77
2026-03-05 02:00:00+00:00,1772676000000,96.82,97.23,96.4,96.77,8925.0,863611.94
2026-03-05 03:00:00+00:00,1772679600000,96.77,96.9,96.19,96.24,10673.0,1029480.47
2026-03-05 04:00:00+00:00,1772683200000,96.24,96.98,96.07,96.87,3955.0,381381.22
2026-03-05 05:00:00+00:00,1772686800000,96.92,97.2,96.72,96.81,9658.0,936567.27
2026-03-05 06:00:00+00:00,1772690400000,96.72,96.72,96.06,96.62,13656.0,1316638.39
2026-03-05 07:00:00+00:00,1772694000000,96.61,96.98,96.49,96.57,7990.0,772502.3
2026-03-05 08:00:00+00:00,1772697600000,96.69,96.69,95.82,96.14,12706.0,1222222.78
2026-03-05 09:00:00+00:00,1772701200000,96.5,97.95,96.5,96.86,21941.0,2129907.2163
2026-03-05 10:00:00+00:00,1772704800000,96.98,97.03,96.5,96.74,18595.0,1799220.5885
2026-03-05 11:00:00+00:00,1772708400000,96.55,97.06,96.5,96.7,7132.0,690058.7996
2026-03-05 12:00:00+00:00,1772712000000,96.76,96.98,96.43,96.83,12578.0,1216315.2404
2026-03-05 13:00:00+00:00,1772715600000,96.01,97.6,95.8,96.05,182861.467085,17608352.39460274
2026-03-05 14:00:00+00:00,1772719200000,95.94,99.25,95.2979,99.06,1346504.901005,131538851.92476754
2026-03-05 15:00:00+00:00,1772722800000,98.94,99.02,95.8001,96.835,1538728.1325770004,149390344.33468997
2026-03-05 16:00:00+00:00,1772726400000,96.8,96.9199,94.53,95.41,1011684.9709369997,96329506.7092112
2026-03-05 17:00:00+00:00,1772730000000,95.45,96.22,91.62,91.81,1356693.5094120002,126908773.94287392
2026-03-05 18:00:00+00:00,1772733600000,91.89,93.5041,91.84,93.1,753220.5166889998,69882745.02968204
2026-03-05 19:00:00+00:00,1772737200000,93.155,94.59,92.57,93.07,696861.0668590001,65249749.76206224
2026-03-05 20:00:00+00:00,1772740800000,93.31,95.7,93.0431,95.68,1188937.0901429998,112797909.6594278
2026-03-05 21:00:00+00:00,1772744400000,95.62,95.98,94.71,95.18,53814.76364600001,5134240.577457548
2026-03-05 22:00:00+00:00,1772748000000,94.8,95.3,94.8,95.25,5719.558231999999,544271.4454896504
2026-03-05 23:00:00+00:00,1772751600000,95.37,97.78,95.1,95.5,10335.0,989263.0995
2026-03-06 00:00:00+00:00,1772755200000,95.46,95.7,95.32,95.49,6474.067825,618083.139693445
2026-03-06 01:00:00+00:00,1772758800000,95.54,95.54,95.11,95.35,1968.0,187762.62
2026-03-06 02:00:00+00:00,1772762400000,95.35,95.84,95.25,95.4,2052.0,196048.78
2026-03-06 03:00:00+00:00,1772766000000,95.41,95.71,95.41,95.63,2041.0,195022.25
2026-03-06 04:00:00+00:00,1772769600000,95.66,96.36,95.66,96.27,4790.0,460021.43
2026-03-06 05:00:00+00:00,1772773200000,96.33,96.5,96.24,96.36,10671.0,1027740.93
2026-03-06 06:00:00+00:00,1772776800000,96.49,96.49,96.17,96.17,1527.0,147058.44
2026-03-06 07:00:00+00:00,1772780400000,96.21,96.47,96.0,96.45,7184.0,691022.66
2026-03-06 08:00:00+00:00,1772784000000,96.29,96.29,95.76,95.77,4449.0,427360.83
2026-03-06 09:00:00+00:00,1772787600000,95.98,95.98,93.9,94.25,25095.0,2374634.451
2026-03-06 10:00:00+00:00,1772791200000,94.28,94.76,94.25,94.4,13694.0,1293227.125
2026-03-06 11:00:00+00:00,1772794800000,94.5,94.55,93.6,93.75,20909.0,1967396.8097
2026-03-06 12:00:00+00:00,1772798400000,93.62,93.64,93.0,93.34,22057.0,2058851.1111
2026-03-06 13:00:00+00:00,1772802000000,93.65,96.5,91.21,93.65,253737.594765,23560093.896638732
2026-03-06 14:00:00+00:00,1772805600000,91.64,93.2399,91.13,92.04,1182954.2932979998,109044253.5744923
2026-03-06 15:00:00+00:00,1772809200000,93.33,94.9499,92.7,93.73,1138244.101138,106853120.2919702
2026-03-06 16:00:00+00:00,1772812800000,93.82,94.68,92.09,94.525,809597.7768069997,75711560.0925486
2026-03-06 17:00:00+00:00,1772816400000,94.38,94.44,92.7601,93.46,526151.9291380001,49271234.328163445
2026-03-06 18:00:00+00:00,1772820000000,93.295,94.5,92.83,92.83,342572.266071,32095698.379871808
2026-03-06 19:00:00+00:00,1772823600000,92.755,93.64,91.6001,91.77,431325.715298,39962543.18521735
2026-03-06 20:00:00+00:00,1772827200000,91.56,92.045,88.8,89.38,2324051.627941,208350531.22942224
2026-03-06 21:00:00+00:00,1772830800000,89.33,90.0,89.0,89.5,73489.204094,6574344.19824924
2026-03-06 22:00:00+00:00,1772834400000,89.58,89.74,89.36,89.55,21937.846471,1962827.3870226063
2026-03-06 23:00:00+00:00,1772838000000,89.42,89.6697,89.4,89.6697,10119.47,905996.1491
2026-03-07 00:00:00+00:00,1772841600000,89.68,89.68,89.12,89.19,22355.462901,1998187.1627486325
2026-03-09 00:00:00+00:00,1773014400000,89.99,95.35,84.12,85.28,46286.0,3953894.67
2026-03-09 01:00:00+00:00,1773018000000,85.28,85.44,84.33,84.72,45103.0,3824216.06
2026-03-09 02:00:00+00:00,1773021600000,84.59,85.74,84.42,85.69,14509.0,1232358.05
2026-03-09 03:00:00+00:00,1773025200000,85.6,85.9,85.28,85.52,21921.0,1876051.62
2026-03-09 04:00:00+00:00,1773028800000,85.52,85.69,85.11,85.21,5241.0,447527.38
2026-03-09 05:00:00+00:00,1773032400000,85.2,86.75,85.1,86.6,9054.0,778386.63
2026-03-09 06:00:00+00:00,1773036000000,86.65,87.41,85.92,86.78,18880.0,1634669.67
2026-03-09 07:00:00+00:00,1773039600000,86.76,87.27,86.44,86.44,9748.0,845991.36
2026-03-09 08:00:00+00:00,1773043200000,86.8,88.02,86.8,87.3,39582.0,3453612.6222
2026-03-09 09:00:00+00:00,1773046800000,87.41,88.9,87.23,88.31,25802.0,2278084.382
2026-03-09 10:00:00+00:00,1773050400000,88.39,88.39,87.62,87.77,21236.0,1867712.5708
2026-03-09 11:00:00+00:00,1773054000000,87.8,87.97,86.93,87.1,29675.0,2592396.13
2026-03-09 12:00:00+00:00,1773057600000,87.5,88.9,85.1,87.33,229041.154122,19998041.248700064
2026-03-09 13:00:00+00:00,1773061200000,87.31,91.12,86.5,90.075,1417948.8359219998,125925342.01544456
2026-03-09 14:00:00+00:00,1773064800000,89.935,91.75,88.72,91.64,2101966.9020660003,190213921.4587292
2026-03-09 15:00:00+00:00,1773068400000,91.65,93.59,90.98,93.55,1137676.7703890002,104938281.39158802
2026-03-09 16:00:00+00:00,1773072000000,93.46,94.44,93.14,94.0,832605.3132359998,78130267.16503373
2026-03-09 17:00:00+00:00,1773075600000,94.11,94.2873,92.22,92.58,821862.2150289998,76673580.69559295
2026-03-09 18:00:00+00:00,1773079200000,92.535,93.24,91.44,91.56,496419.5492419998,45903915.71840772
2026-03-09 19:00:00+00:00,1773082800000,91.76,95.21,91.51,94.96,2212845.540981,207656966.1185226
2026-03-09 20:00:00+00:00,1773086400000,94.94,95.35,94.5,95.35,124431.785632,11805005.26422916
2026-03-09 21:00:00+00:00,1773090000000,95.34,95.4,94.8,94.94,14824.92609,1409175.937021905
2026-03-09 22:00:00+00:00,1773093600000,94.88,95.1523,94.0,94.24,15191.01292,1435184.617528628
2026-03-09 23:00:00+00:00,1773097200000,94.02,94.7399,94.01,94.5,5020.0,473311.202
2026-03-10 00:00:00+00:00,1773100800000,93.7,94.4,93.7,94.25,4011.0,377720.63
2026-03-10 01:00:00+00:00,1773104400000,94.35,95.5,94.29,95.42,10931.0,1039693.01
2026-03-10 02:00:00+00:00,1773108000000,95.46,95.65,94.87,94.87,5753.0,548367.57
2026-03-10 03:00:00+00:00,1773111600000,94.87,94.9,93.99,94.06,5651.0,534544.61
2026-03-10 04:00:00+00:00,1773115200000,94.04,94.21,93.81,94.18,3622.0,340451.34
2026-03-10 05:00:00+00:00,1773118800000,94.16,94.71,94.1,94.71,2336.0,220635.9
2026-03-10 06:00:00+00:00,1773122400000,94.69,94.97,94.59,94.81,939.0,88930.81
2026-03-10 07:00:00+00:00,1773126000000,94.78,95.65,94.62,95.55,9028.0,859817.84
2026-03-10 08:00:00+00:00,1773129600000,95.55,96.58,95.55,96.2,32319.0,3104640.7056
2026-03-10 09:00:00+00:00,1773133200000,96.19,96.58,96.19,96.19,15887.0,1530896.7392
2026-03-10 10:00:00+00:00,1773136800000,96.1,96.15,95.68,96.04,12301.0,1180251.4276
2026-03-10 11:00:00+00:00,1773140400000,95.85,96.3,95.4,95.52,24849.0,2378501.5518
2026-03-10 12:00:00+00:00,1773144000000,95.9,96.53,93.81,95.5,91367.261135,8706852.28658594
2026-03-10 13:00:00+00:00,1773147600000,95.13,98.4,95.0,97.065,1429547.847961,138234274.84734797
2026-03-10 14:00:00+00:00,1773151200000,97.08,97.88,95.8,97.71,1098854.0913100005,106500608.87353784
2026-03-10 15:00:00+00:00,1773154800000,97.53,98.0,96.15,96.59,665746.5225480002,64789652.67854432
2026-03-10 16:00:00+00:00,1773158400000,96.585,97.11,96.12,96.78,479437.03501200007,46308823.21180909
2026-03-10 17:00:00+00:00,1773162000000,96.785,97.66,96.51,97.28,383434.5398449999,37275665.477939636
2026-03-10 18:00:00+00:00,1773165600000,97.27,97.88,95.59,97.11,711001.721068,68832289.9171094
2026-03-10 19:00:00+00:00,1773169200000,97.11,97.7,95.81,96.405,1217436.9706790005,117729198.65708604
2026-03-10 20:00:00+00:00,1773172800000,96.72,98.32,96.4,98.23,201025.232248,19578028.291341744
2026-03-10 21:00:00+00:00,1773176400000,98.0,98.1,97.35,97.35,24904.416837,2435619.590916712
2026-03-10 22:00:00+00:00,1773180000000,97.4,98.36,97.0,98.1,63382.998312,6214747.3525904175
2026-03-10 23:00:00+00:00,1773183600000,98.1,98.31,97.77,98.31,10802.0,1059199.8318
2026-03-11 00:00:00+00:00,1773187200000,98.15,98.95,97.72,98.76,15152.0,1492490.71
2026-03-11 01:00:00+00:00,1773190800000,98.76,99.07,98.53,98.93,7039.0,695896.25
2026-03-11 02:00:00+00:00,1773194400000,98.88,99.0,98.74,98.88,1600.0,158215.39
2026-03-11 03:00:00+00:00,1773198000000,98.89,99.18,98.87,99.12,4167.0,412477.22
2026-03-11 04:00:00+00:00,1773201600000,99.22,99.63,99.08,99.53,11411.0,1135320.0
2026-03-11 05:00:00+00:00,1773205200000,99.57,99.6,98.67,98.72,5657.0,560523.52
2026-03-11 06:00:00+00:00,1773208800000,98.72,99.46,98.71,99.46,3479.0,345102.9
2026-03-11 07:00:00+00:00,1773212400000,99.31,99.31,98.69,98.75,7812.0,772786.13
2026-03-11 08:00:00+00:00,1773216000000,98.73,98.99,98.0,98.09,29740.0,2931947.64
2026-03-11 09:00:00+00:00,1773219600000,98.11,98.11,97.71,97.73,9420.0,921873.228
2026-03-11 10:00:00+00:00,1773223200000,97.57,98.6,97.5,98.31,20896.0,2048146.5152
2026-03-11 11:00:00+00:00,1773226800000,98.25,98.75,98.1,98.37,27642.0,2723685.1206
2026-03-11 12:00:00+00:00,1773230400000,104.77,107.51,97.5,105.75,2972758.8081479995,313600488.5338639
2026-03-11 13:00:00+00:00,1773234000000,106.47,112.67,104.49,111.23,9912753.567820998,1081232604.1347184
2026-03-11 14:00:00+00:00,1773237600000,111.37,114.08,110.47,111.43,6986749.607389,782965204.027323
2026-03-11 15:00:00+00:00,1773241200000,111.46,111.75,108.4,109.8,4036991.610915001,443982685.5801765
2026-03-11 16:00:00+00:00,1773244800000,109.785,110.1499,108.78,109.795,2165990.694882,236965230.19496697
2026-03-11 17:00:00+00:00,1773248400000,109.885,110.7,108.47,109.99,2145348.820633999,235117573.18344453
2026-03-11 18:00:00+00:00,1773252000000,110.28,112.3,109.0,111.54,2614486.748431,290043839.30803955
2026-03-11 19:00:00+00:00,1773255600000,111.66,112.16,110.08,111.995,2601700.237081,289640522.9736113
2026-03-11 20:00:00+00:00,1773259200000,111.995,112.49,111.33,111.61,205796.062472,23041894.395858735
2026-03-11 21:00:00+00:00,1773262800000,111.63,111.811,111.3735,111.45,47323.243002,5280971.050267987
2026-03-11 22:00:00+00:00,1773266400000,111.42,111.42,109.25,109.81,109515.053396,12071614.354228947
2026-03-11 23:00:00+00:00,1773270000000,109.57,110.25,108.41,109.01,111348.77800900002,12161925.524621615
2026-03-12 00:00:00+00:00,1773273600000,112.26,112.26,108.42,109.49,15708.0,1714983.65
2026-03-12 01:00:00+00:00,1773277200000,109.43,110.29,109.01,109.36,15596.0,1710246.78
2026-03-12 02:00:00+00:00,1773280800000,109.36,109.49,108.29,108.47,11730.0,1274996.57
2026-03-12 03:00:00+00:00,1773284400000,108.47,108.93,108.09,108.47,15196.0,1647302.74
2026-03-12 04:00:00+00:00,1773288000000,108.41,108.68,108.29,108.36,6566.0,712576.86
2026-03-12 05:00:00+00:00,1773291600000,108.37,109.24,108.31,109.24,11425.0,1241846.7
2026-03-12 06:00:00+00:00,1773295200000,109.17,109.8,108.89,109.61,10266.0,1122346.65
2026-03-12 07:00:00+00:00,1773298800000,109.61,110.51,109.58,110.09,10002.0,1100229.41
2026-03-12 08:00:00+00:00,1773302400000,110.11,110.69,108.23,110.0,58423.0,6426243.7273
2026-03-12 09:00:00+00:00,1773306000000,110.0,110.54,109.3,110.46,24732.0,2719689.0048
2026-03-12 10:00:00+00:00,1773309600000,110.5,110.5,109.88,110.05,12395.0,1365766.6255
2026-03-12 11:00:00+00:00,1773313200000,110.05,110.65,109.66,109.8,62055.0,6831212.976
2026-03-12 12:00:00+00:00,1773316800000,110.11,111.995,108.3,109.5,246249.266975,27031052.910039425
2026-03-12 13:00:00+00:00,1773320400000,109.01,110.7,106.52,107.44,2906967.608041001,315262381.2726114
2026-03-12 14:00:00+00:00,1773324000000,107.615,109.6999,106.88,107.5,2190452.8908900004,236929679.8072496
2026-03-12 15:00:00+00:00,1773327600000,107.5,110.96,107.4,110.39,1952353.5097799995,213337963.19138208
2026-03-12 16:00:00+00:00,1773331200000,110.28,111.04,109.04,109.54,1535746.4283380003,168890949.11290056
2026-03-12 17:00:00+00:00,1773334800000,109.6,110.44,107.64,108.51,1132179.293519,123343348.42762849
2026-03-12 18:00:00+00:00,1773338400000,108.595,109.4399,108.135,108.59,781540.1271000002,84996474.67677324
2026-03-12 19:00:00+00:00,1773342000000,108.8,109.13,107.51,107.985,1526153.171143999,165103218.0526028
2026-03-12 20:00:00+00:00,1773345600000,108.04,108.5,107.7,107.82,153424.485781,16584020.886834163
2026-03-12 21:00:00+00:00,1773349200000,107.86,108.1,107.8,107.8,11226.492225,1211618.0507339025
2026-03-12 22:00:00+00:00,1773352800000,107.79,107.98,107.5,107.94,15182.817889999998,1636270.5033867676
2026-03-12 23:00:00+00:00,1773356400000,107.98,108.5,107.97,108.44,28978.501004,3140139.347294444
2026-03-13 00:00:00+00:00,1773360000000,107.82,108.91,107.78,108.61,7684.0,833641.48
2026-03-13 01:00:00+00:00,1773363600000,108.66,109.4,108.66,109.0,7114.0,776284.84
2026-03-13 02:00:00+00:00,1773367200000,108.99,109.11,108.68,108.86,13849.0,1506189.27
2026-03-13 03:00:00+00:00,1773370800000,108.69,108.76,108.27,108.47,1367.0,148300.02
2026-03-13 04:00:00+00:00,1773374400000,108.59,108.76,108.34,108.66,2048.0,222304.69
2026-03-13 05:00:00+00:00,1773378000000,108.59,108.59,108.11,108.44,2094.0,226922.98
2026-03-13 06:00:00+00:00,1773381600000,108.47,108.64,107.63,107.74,5077.0,549366.66
2026-03-13 07:00:00+00:00,1773385200000,107.73,107.74,106.58,106.79,19076.0,2042416.58
2026-03-13 08:00:00+00:00,1773388800000,107.04,107.99,106.0,107.99,74309.0,7935562.1426
2026-03-13 09:00:00+00:00,1773392400000,107.76,108.3,107.7,108.28,34342.0,3708946.3026
2026-03-13 10:00:00+00:00,1773396000000,108.2,109.07,108.2,109.0,32000.0,3479334.4
2026-03-13 11:00:00+00:00,1773399600000,108.84,109.6,108.84,109.59,49883.0,5454391.7871
2026-03-13 12:00:00+00:00,1773403200000,109.11,111.4,106.0,111.05,246141.711803,27001179.65885195
2026-03-13 13:00:00+00:00,1773406800000,111.33,116.57,110.0,115.9,3851447.137474,436601202.93819386
2026-03-13 14:00:00+00:00,1773410400000,116.17,116.29,113.34,113.99,3686730.67955,424185277.81618816
2026-03-13 15:00:00+00:00,1773414000000,114.05,115.5999,113.53,114.89,1856091.497465,212669107.68804216
2026-03-13 16:00:00+00:00,1773417600000,114.97,115.2899,113.0,113.85,1653250.1706050006,188777362.68063435
2026-03-13 17:00:00+00:00,1773421200000,113.9,114.28,112.0501,112.59,1175319.103364,133186455.60174644
2026-03-13 18:00:00+00:00,1773424800000,112.55,113.16,111.785,112.8,903849.967544,101795650.66965923
2026-03-13 19:00:00+00:00,1773428400000,112.5,113.09,111.7301,112.845,1373173.8415780002,154532452.6575109
2026-03-13 20:00:00+00:00,1773432000000,112.95,113.25,112.5603,112.8,53733.928484,6071756.596728003
2026-03-13 21:00:00+00:00,1773435600000,112.5942,112.97,112.5942,112.8829,10146.0,1143889.4634
2026-03-13 22:00:00+00:00,1773439200000,112.81,112.9,112.65,112.726,18634.008858,2101070.2151802466
2026-03-13 23:00:00+00:00,1773442800000,112.73,112.9,112.65,112.66,21315.062069000003,2403337.1934659574
2026-03-16 00:00:00+00:00,1773619200000,113.89,115.97,112.99,115.34,19691.0,2267212.72
2026-03-16 01:00:00+00:00,1773622800000,115.34,115.35,114.5,114.97,12985.0,1492391.29
2026-03-16 02:00:00+00:00,1773626400000,114.96,115.02,114.54,114.56,3233.0,371147.5
2026-03-16 03:00:00+00:00,1773630000000,114.65,115.49,114.57,115.33,10531.0,1212748.45
2026-03-16 04:00:00+00:00,1773633600000,115.42,115.6,115.11,115.35,12737.0,1470920.07
2026-03-16 05:00:00+00:00,1773637200000,115.26,115.68,115.08,115.68,6568.0,757415.98
2026-03-16 06:00:00+00:00,1773640800000,115.62,115.69,115.21,115.69,9024.0,1041832.97
2026-03-16 07:00:00+00:00,1773644400000,115.66,115.72,114.74,114.74,10579.0,1217474.69
2026-03-16 08:00:00+00:00,1773648000000,114.39,115.52,114.39,115.14,31360.0,3610357.632
2026-03-16 09:00:00+00:00,1773651600000,114.85,115.2,114.6,114.76,20509.0,2355846.2701
2026-03-16 10:00:00+00:00,1773655200000,114.79,133.0,114.79,129.06,961546.0,123230966.1232
2026-03-16 11:00:00+00:00,1773658800000,129.08,130.17,127.64,128.65,466692.0,60130137.3636
2026-03-16 12:00:00+00:00,1773662400000,128.76,132.52,114.7,126.0,1483196.3316320002,189194892.54701316
2026-03-16 13:00:00+00:00,1773666000000,125.45,132.1,123.5,128.35,8931890.537241999,1145601600.7394977
2026-03-16 14:00:00+00:00,1773669600000,128.46,129.25,126.1001,126.9,4531201.996355998,579895075.3300472
2026-03-16 15:00:00+00:00,1773673200000,126.74,128.74,125.3,127.74,2896217.064085001,367637105.46375775
2026-03-16 16:00:00+00:00,1773676800000,128.21,132.3,127.64,131.4,4636674.911994001,603891204.8903962
2026-03-16 17:00:00+00:00,1773680400000,131.335,131.5983,129.12,129.22,2691638.477972,350261030.9915618
2026-03-16 18:00:00+00:00,1773684000000,129.205,130.9,129.16,130.295,1719570.6563560003,223979236.70233807
2026-03-16 19:00:00+00:00,1773687600000,130.285,132.11,128.3113,129.805,4262029.051263999,555685904.9212309
2026-03-16 20:00:00+00:00,1773691200000,129.85,130.45,129.56,130.0273,210171.286944,27317118.106189877
2026-03-16 21:00:00+00:00,1773694800000,130.011,130.25,129.94,130.03,40650.75059799999,5286959.386349742
2026-03-16 22:00:00+00:00,1773698400000,130.03,130.2,129.55,129.68,38054.666665,4939990.4437836455
2026-03-16 23:00:00+00:00,1773702000000,129.68,130.46,129.5,130.12,53350.27655900001,6929747.44766335
2026-03-17 00:00:00+00:00,1773705600000,130.01,130.49,129.56,129.56,16097.0,2090662.91
2026-03-17 01:00:00+00:00,1773709200000,129.56,129.88,129.51,129.65,6584.0,853605.66
2026-03-17 02:00:00+00:00,1773712800000,129.65,129.84,129.0,129.0,13273.0,1719802.59
2026-03-17 03:00:00+00:00,1773716400000,128.99,129.22,128.52,128.79,10374.0,1337343.39
2026-03-17 04:00:00+00:00,1773720000000,128.84,129.75,128.75,129.58,4048.0,523670.11
2026-03-17 05:00:00+00:00,1773723600000,129.56,129.87,128.62,128.62,9256.0,1198559.94
2026-03-17 06:00:00+00:00,1773727200000,128.6,128.67,127.99,128.1,16671.0,2139294.71
2026-03-17 07:00:00+00:00,1773730800000,128.14,128.76,127.97,128.08,12429.0,1595056.74
2026-03-17 08:00:00+00:00,1773734400000,129.28,129.28,128.18,128.26,18201.0,2339955.1419
2026-03-17 09:00:00+00:00,1773738000000,128.41,129.94,128.34,129.7,27506.0,3558376.9538
2026-03-17 10:00:00+00:00,1773741600000,129.7,129.7,128.98,129.5,30745.0,3975223.967
2026-03-17 11:00:00+00:00,1773745200000,129.35,129.5,120.21,121.9,1106143.0,136143084.9113
2026-03-17 12:00:00+00:00,1773748800000,121.93,129.99,119.6,122.29,1721300.5444269995,209344916.47332057
2026-03-17 13:00:00+00:00,1773752400000,122.44,122.5,116.7,116.99,10706853.410249,1269096182.940906
2026-03-17 14:00:00+00:00,1773756000000,116.89,117.1,114.41,115.765,10490295.070852997,1215293340.75177
2026-03-17 15:00:00+00:00,1773759600000,115.75,116.7,114.04,114.31,4703357.0991790015,540699813.4644576
2026-03-17 16:00:00+00:00,1773763200000,114.255,116.0299,113.72,115.375,3341549.3533720025,384383100.2874762
2026-03-17 17:00:00+00:00,1773766800000,115.365,116.7,114.575,114.62,3393506.4266080013,392250996.2932642
2026-03-17 18:00:00+00:00,1773770400000,114.6,115.12,113.31,113.505,3939966.33588,450306238.46376336
2026-03-17 19:00:00+00:00,1773774000000,113.495,116.58,113.11,116.275,12648402.53167,1450852720.1587515
2026-03-17 20:00:00+00:00,1773777600000,116.62,116.93,115.701,116.56,636038.3959870001,73997088.61216518
2026-03-17 21:00:00+00:00,1773781200000,115.7501,116.0,115.6,115.8,99031.003934,11462848.608460894
2026-03-17 22:00:00+00:00,1773784800000,115.85,115.99,115.7,115.9283,26285.542717,3046058.0608911975
2026-03-17 23:00:00+00:00,1773788400000,115.93,115.98,115.64,115.9,40497.905825,4691350.306998485
2026-03-18 00:00:00+00:00,1773792000000,115.87,116.81,115.81,116.56,11973.0,1393387.64
2026-03-18 01:00:00+00:00,1773795600000,116.61,116.93,116.61,116.87,10445.0,1219922.22
2026-03-18 02:00:00+00:00,1773799200000,116.87,117.16,116.7,116.81,20404.0,2386273.44
2026-03-18 03:00:00+00:00,1773802800000,116.81,117.01,116.53,117.01,15054.0,1757944.29
2026-03-18 04:00:00+00:00,1773806400000,117.11,117.46,117.01,117.32,18441.0,2162258.29
2026-03-18 05:00:00+00:00,1773810000000,117.31,117.99,117.26,117.92,30679.0,3608861.82
2026-03-18 06:00:00+00:00,1773813600000,117.91,118.17,117.76,117.83,20374.0,2403195.7
2026-03-18 07:00:00+00:00,1773817200000,117.84,117.88,117.01,117.41,22308.0,2619766.38
2026-03-18 08:00:00+00:00,1773820800000,117.79,119.26,117.0,118.1,139771.0,16572913.0349
2026-03-18 09:00:00+00:00,1773824400000,118.3,119.07,117.78,117.8,83376.0,9873052.416
2026-03-18 10:00:00+00:00,1773828000000,117.74,118.6,116.71,116.73,80783.0,9509483.9412
2026-03-18 11:00:00+00:00,1773831600000,116.89,117.0,115.58,116.79,281294.0,32743718.6466
2026-03-18 12:00:00+00:00,1773835200000,116.67,119.2,112.6,114.02,1717517.178379,197095916.57721403
2026-03-18 13:00:00+00:00,1773838800000,114.775,116.8,113.51,116.64,5364401.837600999,618279498.1945409
2026-03-18 14:00:00+00:00,1773842400000,116.64,119.27,116.44,118.89,8016008.218136998,946155902.8138295
2026-03-18 15:00:00+00:00,1773846000000,119.0,120.34,118.64,119.835,5087565.316079004,608056648.9601936
2026-03-18 16:00:00+00:00,1773849600000,119.78,121.01,118.93,120.22,3766244.615798,452336523.842264
2026-03-18 17:00:00+00:00,1773853200000,120.37,121.65,119.8,121.46,2462489.723379,297217584.63239855
2026-03-18 18:00:00+00:00,1773856800000,121.49,122.7736,120.3614,120.73,3824174.033500001,466013465.3049068
2026-03-18 19:00:00+00:00,1773860400000,121.1,121.31,118.02,118.51,3947579.0596130006,470103373.6826036
2026-03-18 20:00:00+00:00,1773864000000,117.32,118.75,116.47,117.32,391115.0323809998,46185679.0517816
2026-03-18 21:00:00+00:00,1773867600000,117.86,118.2,117.63,117.961,29664.714947,3497514.3893237202
2026-03-18 22:00:00+00:00,1773871200000,117.8,117.85,117.0,117.2,37435.503605,4390095.199711595
2026-03-18 23:00:00+00:00,1773874800000,117.37,117.8,117.2,117.6,29180.078056,3423844.45870076
2026-03-19 00:00:00+00:00,1773878400000,117.58,118.58,117.3,117.89,9976.0,1178349.8
2026-03-19 01:00:00+00:00,1773882000000,117.72,118.6,117.58,118.58,11231.0,1326032.9
2026-03-19 02:00:00+00:00,1773885600000,118.44,119.52,118.14,119.34,15415.0,1832952.32
2026-03-19 03:00:00+00:00,1773889200000,119.19,119.45,118.8,118.8,5929.0,706492.7
2026-03-19 04:00:00+00:00,1773892800000,118.8,118.8,117.99,118.11,4251.0,502899.22
2026-03-19 05:00:00+00:00,1773896400000,118.27,118.39,117.51,117.72,8395.0,990301.83
2026-03-19 06:00:00+00:00,1773900000000,117.72,118.11,117.31,117.39,8882.0,1045349.73
2026-03-19 07:00:00+00:00,1773903600000,117.38,117.67,116.23,116.34,18916.0,2213722.71
2026-03-19 08:00:00+00:00,1773907200000,116.7,117.47,115.2,115.8,34993.0,4070522.2327
2026-03-19 09:00:00+00:00,1773910800000,116.0,117.11,115.41,116.84,31119.0,3617692.6665
2026-03-19 10:00:00+00:00,1773914400000,116.67,116.99,116.12,116.26,17587.0,2049256.5857
2026-03-19 11:00:00+00:00,1773918000000,116.63,116.75,115.31,116.16,41759.0,4838719.7275
2026-03-19 12:00:00+00:00,1773921600000,117.16,118.8,114.31,114.48,514951.267781,59468529.21816744
2026-03-19 13:00:00+00:00,1773925200000,114.26,120.6,114.01,119.82,2721301.223272,319427698.238279
2026-03-19 14:00:00+00:00,1773928800000,119.96,121.75,117.53,118.93,2976141.591618999,355667967.50465673
2026-03-19 15:00:00+00:00,1773932400000,118.79,119.5,116.7,118.61,2021583.5839860004,238382103.8482532
2026-03-19 16:00:00+00:00,1773936000000,118.71,120.63,118.4,119.635,1137123.6184259998,135831121.90641332
2026-03-19 17:00:00+00:00,1773939600000,119.735,119.7899,118.0,118.67,777205.3349959999,92214402.63033988
2026-03-19 18:00:00+00:00,1773943200000,118.9,119.69,118.01,118.69,682816.1681849998,81205414.9969711
2026-03-19 19:00:00+00:00,1773946800000,118.74,121.75,118.63,121.53,2763780.4592069997,333212980.0399245
2026-03-19 20:00:00+00:00,1773950400000,121.48,121.8,121.0,121.48,117404.885828,14257402.784692083
2026-03-19 21:00:00+00:00,1773954000000,121.43,121.52,121.3,121.35,12196.263505,1481367.9223281038
2026-03-19 22:00:00+00:00,1773957600000,121.5,121.91,121.25,121.61,21955.548755,2670293.1195647386
2026-03-19 23:00:00+00:00,1773961200000,121.8,121.92,121.4,121.85,20350.360771,2477200.57578798
2026-03-20 00:00:00+00:00,1773964800000,121.7,121.88,121.4,121.45,8931.0,1086918.73
2026-03-20 01:00:00+00:00,1773968400000,121.53,122.24,121.41,121.81,6132.0,746945.39
2026-03-20 02:00:00+00:00,1773972000000,121.8,122.13,121.75,121.82,3494.0,426117.16
2026-03-20 03:00:00+00:00,1773975600000,121.83,121.84,121.59,121.63,1826.0,222297.36
2026-03-20 04:00:00+00:00,1773979200000,121.63,121.69,121.11,121.29,6313.0,766666.4
2026-03-20 05:00:00+00:00,1773982800000,121.28,121.35,120.66,121.04,4653.0,563129.42
2026-03-20 06:00:00+00:00,1773986400000,120.9,121.04,120.0,120.01,13156.0,1584543.12
2026-03-20 07:00:00+00:00,1773990000000,120.0,121.25,119.52,120.72,8551.0,1028892.6
2026-03-20 08:00:00+00:00,1773993600000,121.0,121.78,120.8,120.8,10257.0,1242488.8749
2026-03-20 09:00:00+00:00,1773997200000,120.89,120.89,119.71,119.81,24141.0,2900591.8461
2026-03-20 10:00:00+00:00,1774000800000,119.71,119.86,118.71,119.83,21785.0,2597704.398
2026-03-20 11:00:00+00:00,1774004400000,119.76,120.31,119.76,120.04,30370.0,3647440.037
2026-03-20 12:00:00+00:00,1774008000000,119.27,121.69,118.83,120.15,252878.022751,30381878.31660524
2026-03-20 13:00:00+00:00,1774011600000,120.465,123.7236,119.21,120.56,1969164.446121,239445276.8207537
2026-03-20 14:00:00+00:00,1774015200000,120.75,122.83,117.15,117.925,2219819.014594999,265721881.2687841
2026-03-20 15:00:00+00:00,1774018800000,118.58,119.64,117.07,118.09,1706022.6796280004,201627825.8122469
2026-03-20 16:00:00+00:00,1774022400000,118.385,118.96,116.4201,117.11,1410573.6563409998,165982202.14164543
2026-03-20 17:00:00+00:00,1774026000000,117.045,117.12,114.96,115.88,1236555.328983,143073532.19591874
2026-03-20 18:00:00+00:00,1774029600000,115.89,116.63,113.53,114.06,1721743.5453159993,197887561.3347672
2026-03-20 19:00:00+00:00,1774033200000,114.2,118.05,112.634,117.78,4881652.111911999,563935774.446242
2026-03-20 20:00:00+00:00,1774036800000,117.73,118.25,117.26,117.73,238453.4611330001,28081829.53051945
2026-03-20 21:00:00+00:00,1774040400000,117.66,119.1092,117.5,118.8,92641.60232099998,10970303.565404925
2026-03-20 22:00:00+00:00,1774044000000,118.8,118.83,118.24,118.7,34136.88176800001,4052539.43695906
2026-03-20 23:00:00+00:00,1774047600000,118.72,118.9,118.24,118.68,37414.683781,4440382.154065836
2026-03-23 00:00:00+00:00,1774224000000,118.26,118.26,114.02,114.03,44218.0,5091825.31
2026-03-23 01:00:00+00:00,1774227600000,114.14,116.03,113.86,115.59,22658.0,2607526.62
2026-03-23 02:00:00+00:00,1774231200000,115.7,115.99,114.81,115.1,15572.0,1794569.33
2026-03-23 03:00:00+00:00,1774234800000,115.12,115.18,114.03,114.04,16220.0,1859762.94
2026-03-23 04:00:00+00:00,1774238400000,114.09,114.61,114.05,114.59,11180.0,1278844.55
2026-03-23 05:00:00+00:00,1774242000000,114.67,115.26,114.12,114.27,13878.0,1590623.09
2026-03-23 06:00:00+00:00,1774245600000,114.27,114.27,113.01,113.05,19543.0,2219733.86
2026-03-23 07:00:00+00:00,1774249200000,113.06,114.11,112.59,113.2,26805.0,3035134.35
2026-03-23 08:00:00+00:00,1774252800000,114.07,114.97,112.85,114.0,59391.0,6749288.2656
2026-03-23 09:00:00+00:00,1774256400000,113.93,114.75,113.1,113.1,29735.0,3378951.5925
2026-03-23 10:00:00+00:00,1774260000000,113.3,113.91,112.57,113.35,35937.0,4067108.8821
2026-03-23 11:00:00+00:00,1774263600000,113.56,122.16,113.07,116.63,450708.0,53594274.2004
2026-03-23 12:00:00+00:00,1774267200000,118.66,122.0,112.7,119.05,447682.0586980001,52497078.467574015
2026-03-23 13:00:00+00:00,1774270800000,116.16,119.715,115.5,119.31,2163775.34978,255148278.072893
2026-03-23 14:00:00+00:00,1774274400000,119.875,121.31,117.48,118.695,2442384.8632960008,292398896.4949886
2026-03-23 15:00:00+00:00,1774278000000,118.635,120.18,116.23,116.5,1706503.6181939992,202793552.02061665
2026-03-23 16:00:00+00:00,1774281600000,116.5,117.2,114.87,115.51,1241410.9841960005,144036074.99342355
2026-03-23 17:00:00+00:00,1774285200000,115.8,116.1975,114.4,115.005,1164043.7356639998,133912056.9682808
2026-03-23 18:00:00+00:00,1774288800000,114.94,116.4,114.7,115.755,1041520.047161,120370659.0424958
2026-03-23 19:00:00+00:00,1774292400000,115.695,115.88,113.5501,114.13,1808256.960472,206818124.07411265
2026-03-23 20:00:00+00:00,1774296000000,113.65,114.27,113.61,113.8,87672.819155,9985197.650073597
2026-03-23 21:00:00+00:00,1774299600000,113.85,113.97,113.8,113.97,12511.280336,1424752.0753348065
2026-03-23 22:00:00+00:00,1774303200000,114.04,114.73,113.81,114.7,33223.226999000006,3793687.1999164126
2026-03-23 23:00:00+00:00,1774306800000,114.6995,114.7,114.03,114.4,20893.033148,2390614.281647197
2026-03-24 00:00:00+00:00,1774310400000,120.24,120.24,113.49,113.51,6983.0,795920.44
2026-03-24 01:00:00+00:00,1774314000000,113.51,113.56,112.86,112.88,14626.0,1654281.61
2026-03-24 02:00:00+00:00,1774317600000,112.88,113.51,112.62,113.06,11455.0,1294721.61
2026-03-24 03:00:00+00:00,1774321200000,113.11,113.59,112.95,113.22,4796.0,542152.68
2026-03-24 04:00:00+00:00,1774324800000,113.23,113.61,113.13,113.27,1975.0,223879.77
2026-03-24 05:00:00+00:00,1774328400000,113.29,113.49,112.82,113.19,7225.0,816469.42
2026-03-24 06:00:00+00:00,1774332000000,113.19,115.26,113.18,115.02,17377.0,1992033.64
2026-03-24 07:00:00+00:00,1774335600000,115.04,116.13,114.7,114.7,26847.0,3105481.51
2026-03-24 08:00:00+00:00,1774339200000,114.99,115.85,114.2,114.22,43024.0,4948723.7376
2026-03-24 09:00:00+00:00,1774342800000,114.17,114.75,113.79,114.7,16636.0,1898902.9112
2026-03-24 10:00:00+00:00,1774346400000,114.5,117.79,114.5,116.55,137590.0,16055432.136
2026-03-24 11:00:00+00:00,1774350000000,116.55,117.0,115.71,116.32,65881.0,7671295.6377
2026-03-24 12:00:00+00:00,1774353600000,116.31,117.67,112.86,116.31,207463.204478,23999405.732976384
2026-03-24 13:00:00+00:00,1774357200000,116.165,117.8,113.13,114.71,2201174.6128239995,253695719.6486462
2026-03-24 14:00:00+00:00,1774360800000,114.64,115.8797,112.0101,114.86,2614611.492699,298997034.7813853
2026-03-24 15:00:00+00:00,1774364400000,115.29,115.95,113.62,113.62,1116116.1153060002,128111490.8980032
2026-03-24 16:00:00+00:00,1774368000000,113.705,115.445,113.1701,114.77,1246177.966269,142251588.70299625
2026-03-24 17:00:00+00:00,1774371600000,114.89,114.9,112.8,113.64,1085180.165917,123124216.07089303
2026-03-24 18:00:00+00:00,1774375200000,113.94,115.23,113.41,114.44,913637.787648,104534050.20130344
2026-03-24 19:00:00+00:00,1774378800000,114.56,115.9499,114.36,114.89,1524984.757191,175806037.7510558
2026-03-24 20:00:00+00:00,1774382400000,116.52,116.6,114.66,116.07,218438.26436700005,25289558.99413081
2026-03-24 21:00:00+00:00,1774386000000,116.12,116.15,115.57,116.0786,57645.577965,6689285.099983344
2026-03-24 22:00:00+00:00,1774389600000,116.0,116.3,115.88,116.15,17038.34566,1979211.716226052
2026-03-24 23:00:00+00:00,1774393200000,116.18,116.53,116.1513,116.53,34186.248688,3978937.48479632
2026-03-25 00:00:00+00:00,1774396800000,116.56,117.19,116.16,116.68,10992.0,1283999.15
2026-03-25 01:00:00+00:00,1774400400000,116.67,116.81,116.25,116.35,13693.0,1595897.52
2026-03-25 02:00:00+00:00,1774404000000,116.32,116.32,115.65,115.65,6549.0,759220.83
2026-03-25 03:00:00+00:00,1774407600000,115.66,116.19,115.6,116.19,4154.0,481391.97
2026-03-25 04:00:00+00:00,1774411200000,116.18,116.65,116.17,116.47,4476.0,521023.55
2026-03-25 05:00:00+00:00,1774414800000,116.53,116.56,116.36,116.36,1797.0,209285.31
2026-03-25 06:00:00+00:00,1774418400000,116.28,116.46,115.84,116.22,3250.0,377267.99
2026-03-25 07:00:00+00:00,1774422000000,116.23,116.57,116.17,116.22,3269.0,380213.42
2026-03-25 08:00:00+00:00,1774425600000,116.5,118.3,116.5,117.6,51482.0,6061861.3504
2026-03-25 09:00:00+00:00,1774429200000,117.58,117.76,116.89,117.35,7923.0,929167.4481
2026-03-25 10:00:00+00:00,1774432800000,117.27,117.45,116.77,117.04,25435.0,2978153.628
2026-03-25 11:00:00+00:00,1774436400000,117.03,118.6,117.03,118.1,78871.0,9305169.0316
2026-03-25 12:00:00+00:00,1774440000000,117.42,118.69,115.5,116.36,281076.79531699995,32941947.442036606
2026-03-25 13:00:00+00:00,1774443600000,117.095,118.45,114.06,114.82,2370825.296689,274931095.9528322
2026-03-25 14:00:00+00:00,1774447200000,114.855,118.8,114.8,117.01,2947546.261927999,344770949.2022037
2026-03-25 15:00:00+00:00,1774450800000,117.02,117.55,114.22,114.88,1732282.9077039992,199816581.43587628
2026-03-25 16:00:00+00:00,1774454400000,114.7,115.1,113.33,114.79,1073863.635591,122826267.52526385
2026-03-25 17:00:00+00:00,1774458000000,114.81,116.06,113.7,115.57,1104188.8130550005,126906628.66203728
2026-03-25 18:00:00+00:00,1774461600000,115.42,115.6899,114.54,114.9,685486.810886,78899326.28693533
2026-03-25 19:00:00+00:00,1774465200000,114.42,115.68,114.2,115.15,1263510.541806,145332141.29488063
2026-03-25 20:00:00+00:00,1774468800000,115.09,115.5,114.73,114.88,210589.20085100003,24216220.796698794
2026-03-25 21:00:00+00:00,1774472400000,114.98,114.98,114.85,114.9,4221.0,484962.9309
2026-03-25 22:00:00+00:00,1774476000000,114.92,115.0,114.71,114.8981,15622.0,1794305.4272
2026-03-25 23:00:00+00:00,1774479600000,114.75,114.8,114.43,114.68,20336.077486,2331696.0059975367
2026-03-26 00:00:00+00:00,1774483200000,115.66,115.66,114.59,114.68,4593.0,528208.74
2026-03-26 01:00:00+00:00,1774486800000,114.78,115.01,114.71,115.01,3958.0,454604.69
2026-03-26 02:00:00+00:00,1774490400000,115.01,115.05,114.19,114.28,4604.0,527070.64
2026-03-26 03:00:00+00:00,1774494000000,114.32,115.03,114.32,114.7,2871.0,329159.56
2026-03-26 04:00:00+00:00,1774497600000,114.92,114.93,114.52,114.52,1668.0,191190.89
2026-03-26 05:00:00+00:00,1774501200000,114.52,114.52,114.02,114.03,6543.0,747641.28
2026-03-26 06:00:00+00:00,1774504800000,114.05,114.25,113.89,114.23,2849.0,324971.77
2026-03-26 07:00:00+00:00,1774508400000,114.22,114.25,113.74,113.89,3550.0,404471.2
2026-03-26 08:00:00+00:00,1774512000000,114.5,114.5,113.25,113.71,18728.0,2127691.8256
2026-03-26 09:00:00+00:00,1774515600000,113.47,113.67,112.82,112.9,36665.0,4145557.557
2026-03-26 10:00:00+00:00,1774519200000,112.81,113.45,112.81,113.3,24662.0,2787183.3286
2026-03-26 11:00:00+00:00,1774522800000,113.3,113.85,112.63,112.65,42185.0,4771376.61
2026-03-26 12:00:00+00:00,1774526400000,113.29,114.62,112.5105,112.72,138552.710827,15681063.284893876
2026-03-26 13:00:00+00:00,1774530000000,113.225,113.6,110.0102,111.46,1994733.460626,222700022.4781291
2026-03-26 14:00:00+00:00,1774533600000,111.76,111.9899,108.2701,108.77,2325345.538963,256623971.0071872
2026-03-26 15:00:00+00:00,1774537200000,108.94,109.5,107.54,109.35,1958140.992225,212348054.31855023
2026-03-26 16:00:00+00:00,1774540800000,109.345,109.45,106.1033,106.685,1800549.6609460004,193560889.101356
2026-03-26 17:00:00+00:00,1774544400000,106.72,107.52,105.87,106.36,1314589.4024240002,140243552.46515816
2026-03-26 18:00:00+00:00,1774548000000,106.215,106.6,105.65,106.02,893792.0269170001,94818195.31309804
2026-03-26 19:00:00+00:00,1774551600000,105.965,106.36,105.41,106.08,1886692.967301,199910213.42927927
2026-03-26 20:00:00+00:00,1774555200000,105.98,107.5,105.51,106.46,160997.200565,17186354.561993413
2026-03-26 21:00:00+00:00,1774558800000,106.6,106.77,106.35,106.58,14882.440066,1585799.8894766367
2026-03-26 22:00:00+00:00,1774562400000,106.7,107.0,106.5,106.95,13195.108232,1409432.8467794335
2026-03-26 23:00:00+00:00,1774566000000,106.86,107.0,106.38,106.49,14983.556576,1599194.99335648
2026-03-27 00:00:00+00:00,1774569600000,106.98,107.2,106.19,106.2,4875.0,520333.05
2026-03-27 01:00:00+00:00,1774573200000,106.07,107.03,106.0,106.78,3650.0,389119.95
2026-03-27 02:00:00+00:00,1774576800000,106.81,107.0,106.36,106.45,10643.0,1135230.38
2026-03-27 03:00:00+00:00,1774580400000,106.49,107.28,106.21,107.2,10003.0,1066684.5
2026-03-27 04:00:00+00:00,1774584000000,107.21,107.59,107.02,107.42,7018.0,752988.33
2026-03-27 05:00:00+00:00,1774587600000,107.57,108.24,107.52,107.6,6355.0,686238.76
2026-03-27 06:00:00+00:00,1774591200000,107.84,107.99,107.07,107.26,6032.0,647751.07
2026-03-27 07:00:00+00:00,1774594800000,107.26,107.43,106.73,106.73,10512.0,1125599.29
2026-03-27 08:00:00+00:00,1774598400000,107.15,108.0,105.78,105.78,17480.0,1860532.744
2026-03-27 09:00:00+00:00,1774602000000,105.84,105.84,104.28,105.5,86507.0,9085587.9904
2026-03-27 10:00:00+00:00,1774605600000,105.2,105.75,103.65,103.73,37332.0,3903172.596
2026-03-27 11:00:00+00:00,1774609200000,103.93,104.28,102.8,103.79,82559.0,8528245.6292
2026-03-27 12:00:00+00:00,1774612800000,103.2,108.2,102.8,103.3,186034.0298740001,19443383.839087088
2026-03-27 13:00:00+00:00,1774616400000,105.42,106.3,101.89,102.45,2349089.0867929994,244596786.98214293
2026-03-27 14:00:00+00:00,1774620000000,102.37,103.36,101.08,102.27,1722088.8103500002,175751217.71788996
2026-03-27 15:00:00+00:00,1774623600000,102.19,104.285,101.96,104.095,1022608.107846,105659142.0485938
2026-03-27 16:00:00+00:00,1774627200000,104.245,104.68,101.9,102.05,1072431.846513,110635501.06818992
2026-03-27 17:00:00+00:00,1774630800000,101.91,102.72,100.35,100.63,1200247.743622,121601179.74867313
2026-03-27 18:00:00+00:00,1774634400000,100.5,102.11,100.36,101.04,1224429.4153279995,124041189.2486276
2026-03-27 19:00:00+00:00,1774638000000,101.0,101.5121,100.27,100.85,1812530.892238,182785946.59936568
2026-03-27 20:00:00+00:00,1774641600000,100.91,101.0,100.3805,100.61,57762.695526,5820486.896025153
2026-03-27 21:00:00+00:00,1774645200000,100.8218,100.85,100.41,100.8,18983.144474,1909421.4852317371
2026-03-27 22:00:00+00:00,1774648800000,100.5503,100.5503,100.21,100.21,11711.550842,1174672.0629178525
2026-03-27 23:00:00+00:00,1774652400000,100.35,100.35,99.9,99.97,46859.410573,4689043.150279932
2026-03-30 00:00:00+00:00,1774828800000,99.95,99.95,97.42,98.24,58895.0,5793424.0
2026-03-30 01:00:00+00:00,1774832400000,98.39,99.3,98.25,99.13,19797.0,1957011.08
2026-03-30 02:00:00+00:00,1774836000000,99.12,99.72,98.9,99.48,18200.0,1806829.36
2026-03-30 03:00:00+00:00,1774839600000,99.51,100.44,99.45,99.87,42627.0,4263312.25
2026-03-30 04:00:00+00:00,1774843200000,99.92,101.4,99.91,100.73,19023.0,1917927.02
2026-03-30 05:00:00+00:00,1774846800000,100.73,101.36,100.29,100.9,9618.0,968905.71
2026-03-30 06:00:00+00:00,1774850400000,100.79,101.64,100.59,101.26,8695.0,879545.29
2026-03-30 07:00:00+00:00,1774854000000,101.29,101.66,100.99,101.51,7236.0,732606.93
2026-03-30 08:00:00+00:00,1774857600000,101.92,102.86,100.21,102.6382,97653.080915,9913613.825485613
2026-03-30 09:00:00+00:00,1774861200000,102.71,102.96,101.32,101.65,20173.495459000005,2063595.266890212
2026-03-30 10:00:00+00:00,1774864800000,101.67,102.0,101.32,101.42,8503.548966999999,865441.8932772514
2026-03-30 11:00:00+00:00,1774868400000,101.27,102.5,101.02,102.21,77162.494049,7859949.117567453
2026-03-30 12:00:00+00:00,1774872000000,102.13,102.6,102.1218,102.45,97186.03373000002,10181597.637689723
2026-03-30 13:00:00+00:00,1774875600000,102.44,102.6,94.96,95.33,2651359.7089700005,259555388.98156
2026-03-30 14:00:00+00:00,1774879200000,95.41,96.4,92.9,94.13,2997249.756267999,283671705.9322285
2026-03-30 15:00:00+00:00,1774882800000,93.95,95.1199,92.522,93.34,2014657.1016939995,188978059.59025985
2026-03-30 16:00:00+00:00,1774886400000,93.23,93.285,91.45,91.925,1970954.8345329992,181915189.3177268
2026-03-30 17:00:00+00:00,1774890000000,91.98,92.13,90.17,91.24,1732953.074649,157670482.6579422
2026-03-30 18:00:00+00:00,1774893600000,91.13,91.8099,89.804,90.45,1613095.8832650003,146412002.60619444
2026-03-30 19:00:00+00:00,1774897200000,90.51,92.33,89.6525,92.24,2475817.393035,225431838.99671236
2026-03-30 20:00:00+00:00,1774900800000,92.47,92.6,91.5,92.08,100440.55902300002,9268383.59713308
2026-03-30 21:00:00+00:00,1774904400000,91.8708,92.2,91.8,92.1,14991.278742,1379314.5762381875
2026-03-30 22:00:00+00:00,1774908000000,92.1,92.2584,91.71,91.71,15583.0,1434346.5848
2026-03-30 23:00:00+00:00,1774911600000,91.65,91.68,90.44,90.44,69430.234734,6327531.385506563
2026-03-31 00:00:00+00:00,1774915200000,94.01,94.01,90.13,92.62,19335.0,1779219.61
2026-03-31 01:00:00+00:00,1774918800000,92.73,94.92,92.49,94.33,46202.0,4339283.88
2026-03-31 02:00:00+00:00,1774922400000,94.34,94.34,93.57,94.01,17621.0,1656267.32
2026-03-31 03:00:00+00:00,1774926000000,93.93,94.3,93.11,93.25,11389.0,1066234.64
2026-03-31 04:00:00+00:00,1774929600000,93.16,93.53,92.69,92.75,12343.0,1149682.08
2026-03-31 05:00:00+00:00,1774933200000,92.71,93.78,92.15,93.46,10051.0,933422.68
2026-03-31 06:00:00+00:00,1774936800000,93.08,93.51,92.77,93.38,7750.0,721848.77
2026-03-31 07:00:00+00:00,1774940400000,93.24,94.46,93.18,94.19,17053.0,1600372.6
2026-03-31 08:00:00+00:00,1774944000000,94.2,94.8,92.21,94.44,159463.836442,14990557.408566652
2026-03-31 09:00:00+00:00,1774947600000,94.51,95.73,94.5,94.83,84584.70644200001,8050374.811029283
2026-03-31 10:00:00+00:00,1774951200000,94.8171,95.36,94.1,94.49,78598.658227,7439976.07071972
2026-03-31 11:00:00+00:00,1774954800000,94.69,96.47,94.2,96.12,245360.371823,23439325.39232556
2026-03-31 12:00:00+00:00,1774958400000,96.69,98.96,95.75,97.43,569338.7169809999,55447328.3080626
2026-03-31 13:00:00+00:00,1774962000000,97.06,99.85,96.34,98.83,3353229.871950001,329781774.8316027
2026-03-31 14:00:00+00:00,1774965600000,98.445,99.49,96.06,96.72,3705970.990425,364071995.9196587
2026-03-31 15:00:00+00:00,1774969200000,96.87,97.38,95.73,96.37,2133961.090889001,205749486.31191757
2026-03-31 16:00:00+00:00,1774972800000,96.37,101.44,96.36,100.81,2836599.874767,281371418.697738
2026-03-31 17:00:00+00:00,1774976400000,100.77,102.59,100.6749,101.07,2138908.457342,217552015.34063232
2026-03-31 18:00:00+00:00,1774980000000,101.16,102.98,100.9701,102.67,1492695.474424,152520936.72479036
2026-03-31 19:00:00+00:00,1774983600000,102.7,103.89,101.76,103.73,3026090.189102,311458214.4501909
2026-03-31 20:00:00+00:00,1774987200000,103.62,104.45,103.17,103.62,263162.743474,27346477.53927767
2026-03-31 21:00:00+00:00,1774990800000,103.49,103.58,103.01,103.3,30261.137212,3126184.2758463626
2026-03-31 22:00:00+00:00,1774994400000,103.3,104.12,103.02,104.12,52325.467443,5433816.654819499
2026-03-31 23:00:00+00:00,1774998000000,104.14,105.0,104.0,104.99,73668.70832400002,7705761.624432067
2026-04-01 00:00:00+00:00,1775001600000,104.47,106.15,104.01,106.1,36437.0,3847741.8
2026-04-01 01:00:00+00:00,1775005200000,106.07,106.07,104.23,104.53,40815.0,4277437.88
2026-04-01 02:00:00+00:00,1775008800000,104.5,105.0,103.92,104.26,16826.0,1757045.85
2026-04-01 03:00:00+00:00,1775012400000,104.25,104.57,103.89,104.4,12721.0,1325168.62
2026-04-01 04:00:00+00:00,1775016000000,104.41,105.39,104.36,105.38,11963.0,1254872.86
2026-04-01 05:00:00+00:00,1775019600000,105.27,105.6,105.19,105.3,9780.0,1030642.27
2026-04-01 06:00:00+00:00,1775023200000,105.4,106.24,105.26,105.94,33892.0,3586728.21
2026-04-01 07:00:00+00:00,1775026800000,105.89,106.38,105.4,105.53,32443.0,3435856.65
2026-04-01 08:00:00+00:00,1775030400000,106.0,106.75,104.4,105.3,221878.468034,23446940.545952536
2026-04-01 09:00:00+00:00,1775034000000,105.05,105.44,104.59,105.14,53893.405998,5658608.224187807
2026-04-01 10:00:00+00:00,1775037600000,105.02,105.7,104.85,105.55,30260.662512,3182193.113364413
2026-04-01 11:00:00+00:00,1775041200000,105.51,106.6441,105.48,106.4,169934.58028400005,18031452.431690726
2026-04-01 12:00:00+00:00,1775044800000,106.3,107.1494,104.94,105.21,327711.470639,34734499.25564531
2026-04-01 13:00:00+00:00,1775048400000,105.935,107.87,104.98,106.97,3231859.5196990008,344012701.0867444
2026-04-01 14:00:00+00:00,1775052000000,107.0,107.68,104.36,104.75,2643001.765549001,279685089.83216083
2026-04-01 15:00:00+00:00,1775055600000,104.9,105.4,102.4661,105.35,3246904.996294999,337179070.31674933
2026-04-01 16:00:00+00:00,1775059200000,105.14,105.42,104.12,104.5,1187893.2300949998,124394159.6370572
2026-04-01 17:00:00+00:00,1775062800000,104.51,105.01,103.75,103.96,775017.6911860001,80862710.83819722
2026-04-01 18:00:00+00:00,1775066400000,103.77,103.935,101.35,102.19,1327513.694953,135690086.56181744
2026-04-01 19:00:00+00:00,1775070000000,102.22,102.96,101.83,102.07,1159774.314767,118647811.836451
2026-04-01 20:00:00+00:00,1775073600000,102.3,102.6,101.59,102.3,110539.753772,11269793.192464452
2026-04-01 21:00:00+00:00,1775077200000,102.38,102.49,102.0,102.24,6973.775867,713027.4371231347
2026-04-01 22:00:00+00:00,1775080800000,102.1,102.2016,102.0,102.0,14226.020951,1451647.362075657
2026-04-01 23:00:00+00:00,1775084400000,101.99,102.1,101.95,102.0,17608.020688,1796375.5529959665
2026-04-02 00:00:00+00:00,1775088000000,101.99,102.66,101.67,102.46,5769.0,589376.79
2026-04-02 01:00:00+00:00,1775091600000,102.54,102.54,97.84,98.75,93089.0,9199854.78
2026-04-02 02:00:00+00:00,1775095200000,98.73,98.94,98.0,98.65,32751.0,3220684.95
2026-04-02 03:00:00+00:00,1775098800000,98.64,98.9,98.09,98.09,20101.0,1980621.09
2026-04-02 04:00:00+00:00,1775102400000,98.11,98.25,97.71,97.72,27029.0,2648159.32
2026-04-02 05:00:00+00:00,1775106000000,97.74,98.15,97.09,97.28,15225.0,1485699.35
2026-04-02 06:00:00+00:00,1775109600000,97.22,98.06,97.2,98.06,21547.0,2103929.9
2026-04-02 07:00:00+00:00,1775113200000,98.15,98.37,97.8,98.23,16811.0,1648733.94
2026-04-02 08:00:00+00:00,1775116800000,98.04,99.33,97.13,98.0,131454.634996,12878242.517580131
2026-04-02 09:00:00+00:00,1775120400000,98.01,98.21,97.53,97.79,37626.957432,3681128.0248789103
2026-04-02 10:00:00+00:00,1775124000000,97.79,97.8,97.05,97.67,23409.173884000003,2280521.71977928
2026-04-02 11:00:00+00:00,1775127600000,97.75,97.99,96.1,96.6,182213.238015,17643470.95978303
2026-04-02 12:00:00+00:00,1775131200000,96.67,101.95,96.2,96.67,175368.456471,16996254.843182497
2026-04-02 13:00:00+00:00,1775134800000,96.45,103.22,95.79,102.92,2155614.6827250007,214023437.19637576
2026-04-02 14:00:00+00:00,1775138400000,102.91,108.96,102.02,108.57,4282512.292963,454827644.0839698
2026-04-02 15:00:00+00:00,1775142000000,108.28,108.57,105.6006,106.52,2102481.768134,225200816.9001922
2026-04-02 16:00:00+00:00,1775145600000,106.82,107.69,105.9,107.18,1019371.3748300005,108857343.93530844
2026-04-02 17:00:00+00:00,1775149200000,107.13,107.9,105.71,105.78,699713.7228859997,74866709.43665501
2026-04-02 18:00:00+00:00,1775152800000,105.92,106.88,105.59,106.78,533947.954459,56679750.051322654
2026-04-02 19:00:00+00:00,1775156400000,106.61,108.95,106.5,108.84,1548146.185451,167183222.86452368
2026-04-02 20:00:00+00:00,1775160000000,108.82,108.9,108.3,108.6,93008.303369,10109146.899819303
2026-04-02 21:00:00+00:00,1775163600000,108.5999,108.82,108.25,108.7,17497.375481,1899868.529202076
2026-04-02 22:00:00+00:00,1775167200000,108.5,108.52,108.0,108.4,18652.858619,2020636.1949083416
2026-04-02 23:00:00+00:00,1775170800000,108.5,108.75,108.3,108.51,20615.592451,2237098.95326102
2026-04-06 00:00:00+00:00,1775433600000,108.2,109.6,106.19,109.59,29951.0,3251127.1
2026-04-06 01:00:00+00:00,1775437200000,109.48,109.48,108.4,108.41,12429.0,1356158.53
2026-04-06 02:00:00+00:00,1775440800000,108.61,110.41,108.58,109.0,21896.0,2403664.97
2026-04-06 03:00:00+00:00,1775444400000,109.0,109.41,108.6,109.41,7034.0,766406.54
2026-04-06 04:00:00+00:00,1775448000000,109.13,109.61,108.97,109.57,11141.0,1219224.99
2026-04-06 05:00:00+00:00,1775451600000,109.54,109.62,109.01,109.14,8918.0,975717.33
2026-04-06 06:00:00+00:00,1775455200000,109.15,109.55,109.1,109.29,3882.0,424251.83
2026-04-06 07:00:00+00:00,1775458800000,109.2,110.01,109.01,109.91,9656.0,1057523.04
2026-04-06 08:00:00+00:00,1775462400000,109.12,111.55,108.97,111.1,125256.60794299998,13811783.118997928
2026-04-06 09:00:00+00:00,1775466000000,111.05,111.5,110.557,110.7,33097.432906,3672659.9521575808
2026-04-06 10:00:00+00:00,1775469600000,110.7,111.0,110.21,110.24,28648.617518000003,3167843.8009468648
2026-04-06 11:00:00+00:00,1775473200000,110.28,110.5,109.7,110.26,72469.447207,7980139.858927381
2026-04-06 12:00:00+00:00,1775476800000,109.86,110.44,108.1802,109.86,140169.97227,15294828.745205
2026-04-06 13:00:00+00:00,1775480400000,107.76,111.92,107.45,111.265,2487115.6957690003,275100613.24371785
2026-04-06 14:00:00+00:00,1775484000000,111.0,112.77,109.3,112.47,2408420.739738,268480147.01473737
2026-04-06 15:00:00+00:00,1775487600000,112.31,113.74,112.16,113.41,1555092.820432,175798889.0899404
2026-04-06 16:00:00+00:00,1775491200000,113.6,113.84,112.37,112.475,840130.0456199999,95094403.87673235
2026-04-06 17:00:00+00:00,1775494800000,112.46,112.8999,111.4001,112.34,818289.44526,91840634.05981155
2026-04-06 18:00:00+00:00,1775498400000,112.27,113.55,112.05,113.49,705051.2001379998,79658870.25031164
2026-04-06 19:00:00+00:00,1775502000000,113.61,113.8,112.51,112.56,1214642.6050309998,137352636.02672896
2026-04-06 20:00:00+00:00,1775505600000,112.52,112.84,112.2,112.54,45634.455794,5132931.643590064
2026-04-06 21:00:00+00:00,1775509200000,112.51,112.6,112.2,112.36,9403.621035,1057175.764720977
2026-04-06 22:00:00+00:00,1775512800000,112.38,112.55,111.7146,112.11,13546.368743,1516911.5347461456
2026-04-06 23:00:00+00:00,1775516400000,112.01,112.432,112.0,112.0451,13840.692436,1551776.913847012
2026-04-07 00:00:00+00:00,1775520000000,112.01,112.57,111.91,112.03,1468.0,164766.82
2026-04-07 01:00:00+00:00,1775523600000,112.09,112.09,110.43,110.43,11868.0,1320054.21
2026-04-07 02:00:00+00:00,1775527200000,110.43,111.25,110.28,110.98,7724.0,854476.12
2026-04-07 03:00:00+00:00,1775530800000,110.94,111.32,110.76,111.24,3285.0,364799.87
2026-04-07 04:00:00+00:00,1775534400000,111.25,111.6,110.97,111.3,3307.0,367937.09
2026-04-07 05:00:00+00:00,1775538000000,111.3,111.51,111.02,111.32,5389.0,599122.33
2026-04-07 06:00:00+00:00,1775541600000,111.19,111.38,111.05,111.18,3068.0,341116.92
2026-04-07 07:00:00+00:00,1775545200000,111.18,111.33,111.07,111.13,3303.0,367449.38
2026-04-07 08:00:00+00:00,1775548800000,110.99,112.89,110.99,112.86,62939.617903000006,7048343.462561778
2026-04-07 09:00:00+00:00,1775552400000,112.63,112.91,112.3,112.76,16201.641722,1827081.8192883509
2026-04-07 10:00:00+00:00,1775556000000,112.72,112.75,110.75,110.8,39879.07237,4450340.972295283
2026-04-07 11:00:00+00:00,1775559600000,111.0,111.24,110.26,110.57,68119.61395200001,7539281.325326899
2026-04-07 12:00:00+00:00,1775563200000,109.4,110.75,109.26,109.4,125841.01775900002,13842423.86477757
2026-04-07 13:00:00+00:00,1775566800000,112.2,114.74,110.0,112.435,2085969.443591,236376842.4241231
2026-04-07 14:00:00+00:00,1775570400000,112.535,113.6,110.8799,112.495,1772615.4196050002,199146251.9309433
2026-04-07 15:00:00+00:00,1775574000000,112.49,115.48,111.8,115.36,1502040.224195,170958463.2173144
2026-04-07 16:00:00+00:00,1775577600000,115.27,117.9,115.0326,117.5,2134017.3576280004,248844776.44870043
2026-04-07 17:00:00+00:00,1775581200000,117.35,117.65,116.3,116.71,1118065.7780499996,130609201.8010446
2026-04-07 18:00:00+00:00,1775584800000,116.855,116.94,113.9,114.55,864082.593046,99780974.3310985
2026-04-07 19:00:00+00:00,1775588400000,114.47,117.59,113.9201,117.44,1765821.871491,205231057.77435717
2026-04-07 20:00:00+00:00,1775592000000,117.64,117.89,117.0,117.64,113593.533852,13350295.893670619
2026-04-07 21:00:00+00:00,1775595600000,117.38,118.25,117.38,118.0,70494.552324,8314042.907629771
2026-04-07 22:00:00+00:00,1775599200000,118.25,124.8,118.25,124.5,506491.996971,61610446.2495479
2026-04-07 23:00:00+00:00,1775602800000,124.406,125.88,122.32,124.15,412635.0568259999,51157669.07517382
2026-04-08 00:00:00+00:00,1775606400000,124.19,125.68,124.06,125.14,47269.0,5906248.85
2026-04-08 01:00:00+00:00,1775610000000,125.12,125.5,124.78,125.08,38718.0,4846784.57
2026-04-08 02:00:00+00:00,1775613600000,125.06,125.19,124.7,125.02,20610.0,2576126.28
2026-04-08 03:00:00+00:00,1775617200000,125.03,125.16,124.76,124.98,10628.0,1327739.94
2026-04-08 04:00:00+00:00,1775620800000,124.97,125.5,124.89,125.24,16715.0,2094125.85
2026-04-08 05:00:00+00:00,1775624400000,125.19,125.91,125.11,125.75,24116.0,3027867.9
2026-04-08 06:00:00+00:00,1775628000000,125.74,125.79,125.2,125.51,12755.0,1600971.12
2026-04-08 07:00:00+00:00,1775631600000,125.31,125.49,124.84,124.9,11384.0,1424349.19
2026-04-08 08:00:00+00:00,1775635200000,123.13,126.74,123.13,126.55,257944.71716800003,32372113.59352744
2026-04-08 09:00:00+00:00,1775638800000,126.74,127.42,126.2,126.6,129504.856945,16409236.661358587
2026-04-08 10:00:00+00:00,1775642400000,126.6,127.19,126.32,126.49,68867.63477100001,8729434.120377218
2026-04-08 11:00:00+00:00,1775646000000,126.31,128.22,126.21,127.74,366039.78939200006,46693206.862169586
2026-04-08 12:00:00+00:00,1775649600000,126.92,127.74,126.21,126.23,511208.33466,64782569.484787695
2026-04-08 13:00:00+00:00,1775653200000,126.51,127.75,120.55,121.33,5116033.211220999,635309515.7727448
2026-04-08 14:00:00+00:00,1775656800000,121.42,123.29,119.35,120.05,3233909.155189,394297284.26465845
2026-04-08 15:00:00+00:00,1775660400000,120.2,124.39,119.78,124.17,1685005.888998,205940240.24921328
2026-04-08 16:00:00+00:00,1775664000000,124.175,125.75,123.11,125.32,1432838.9701350003,178378851.76070765
2026-04-08 17:00:00+00:00,1775667600000,125.45,125.83,124.18,125.6,1280253.2468359992,160320096.91101205
2026-04-08 18:00:00+00:00,1775671200000,125.555,125.83,122.71,122.815,1484749.7866660005,184777704.8504984
2026-04-08 19:00:00+00:00,1775674800000,122.78,125.07,122.4,125.035,2239710.0997629995,277924058.4825208
2026-04-08 20:00:00+00:00,1775678400000,125.0,125.0,124.1,124.43,116537.582494,14554332.062642662
2026-04-08 21:00:00+00:00,1775682000000,124.29,124.43,124.02,124.4,20126.043255,2500489.8030660823
2026-04-08 22:00:00+00:00,1775685600000,124.4,124.49,124.02,124.05,17222.033607999998,2139343.40342945
2026-04-08 23:00:00+00:00,1775689200000,124.2,124.3,123.29,123.7399,46776.712375,5784342.764895175
2026-04-09 00:00:00+00:00,1775692800000,123.29,123.59,122.4,122.74,7021.0,863169.68
2026-04-09 01:00:00+00:00,1775696400000,122.76,122.89,120.64,121.46,15029.0,1825494.18
2026-04-09 02:00:00+00:00,1775700000000,121.16,122.33,121.11,121.99,9753.0,1189375.81
2026-04-09 03:00:00+00:00,1775703600000,122.0,122.2,121.83,122.08,2797.0,341377.56
2026-04-09 04:00:00+00:00,1775707200000,122.1,122.78,121.96,122.4,7592.0,929414.69
2026-04-09 05:00:00+00:00,1775710800000,122.46,122.78,121.99,122.52,6940.0,848371.35
2026-04-09 06:00:00+00:00,1775714400000,122.71,123.19,122.71,123.06,9966.0,1225328.85
2026-04-09 07:00:00+00:00,1775718000000,123.08,123.11,121.77,121.78,11476.0,1402048.66
2026-04-09 08:00:00+00:00,1775721600000,122.35,123.19,121.21,122.24,78190.96022699999,9555904.90764621
2026-04-09 09:00:00+00:00,1775725200000,122.01,122.78,122.0,122.78,14061.40452,1722789.22038588
2026-04-09 10:00:00+00:00,1775728800000,123.0,125.75,122.3,124.6,60690.800396,7542531.291614088
2026-04-09 11:00:00+00:00,1775732400000,124.4102,127.4999,124.31,125.5,170715.656197,21527722.250279047
2026-04-09 12:00:00+00:00,1775736000000,125.4,125.678,123.6,124.3,261842.80339,32536848.592044793
2026-04-09 13:00:00+00:00,1775739600000,124.19,129.1999,123.76,126.3,3106740.809653,394066149.80024874
2026-04-09 14:00:00+00:00,1775743200000,126.58,128.25,124.55,128.105,2521790.0162850004,318459965.1635236
2026-04-09 15:00:00+00:00,1775746800000,128.27,132.17,128.01,131.99,3411880.0636079987,444792473.9963076
2026-04-09 16:00:00+00:00,1775750400000,132.5,133.32,131.155,131.67,2279200.949533,301812473.49744475
2026-04-09 17:00:00+00:00,1775754000000,131.74,132.215,130.9601,131.04,1156589.155838,152060014.7676582
2026-04-09 18:00:00+00:00,1775757600000,131.21,132.5,130.17,132.29,1692240.827781,222554375.56928712
2026-04-09 19:00:00+00:00,1775761200000,132.5,136.55,132.17,136.3,4129231.112019,557224047.4887383
2026-04-09 20:00:00+00:00,1775764800000,136.33,137.59,134.6,135.33,309139.465074,41978666.241328605
2026-04-09 21:00:00+00:00,1775768400000,135.35,135.98,135.17,135.97,19842.479698,2689136.1870876914
2026-04-09 22:00:00+00:00,1775772000000,135.9,135.96,134.75,134.77,49956.73646,6763018.09011365
2026-04-09 23:00:00+00:00,1775775600000,134.76,134.99,134.6,134.9027,32031.265995,4319384.1881597545
2026-04-10 00:00:00+00:00,1775779200000,135.08,135.51,134.92,135.46,6787.0,917329.12
2026-04-10 01:00:00+00:00,1775782800000,135.67,137.06,135.64,136.63,25289.0,3452390.5
2026-04-10 02:00:00+00:00,1775786400000,136.63,136.7,136.4,136.43,9437.0,1288449.24
2026-04-10 03:00:00+00:00,1775790000000,136.47,136.85,136.31,136.73,6130.0,837286.5
2026-04-10 04:00:00+00:00,1775793600000,136.75,136.79,136.32,136.79,7395.0,1009865.7
2026-04-10 05:00:00+00:00,1775797200000,136.79,136.85,135.8,135.82,14476.0,1974937.13
2026-04-10 06:00:00+00:00,1775800800000,135.81,135.93,134.77,134.85,14154.0,1913051.17
2026-04-10 07:00:00+00:00,1775804400000,134.93,135.35,134.75,135.28,14401.0,1944223.72
2026-04-10 08:00:00+00:00,1775808000000,135.96,136.8,134.15,134.75,84785.904346,11480867.786082294
2026-04-10 09:00:00+00:00,1775811600000,134.65,135.17,134.36,135.11,19801.114111,2668891.185339724
2026-04-10 10:00:00+00:00,1775815200000,135.24,135.5,133.422,134.31,44290.92316399999,5962085.3198600495
2026-04-10 11:00:00+00:00,1775818800000,134.26,135.3,131.72,134.57,297539.54544300004,39813855.83759146
2026-04-10 12:00:00+00:00,1775822400000,134.59,135.47,133.75,135.36,353490.943642,47549198.00030507
2026-04-10 13:00:00+00:00,1775826000000,134.88,148.2699,134.1,146.49,6295719.895966,897723068.8375214
2026-04-10 14:00:00+00:00,1775829600000,146.6,149.82,144.8,149.265,6147293.806344002,905125695.8579488
2026-04-10 15:00:00+00:00,1775833200000,149.06,149.74,145.3101,145.59,3275856.9906220003,482193045.591596
2026-04-10 16:00:00+00:00,1775836800000,145.69,146.56,143.5,146.17,2423930.165481,351081317.9892184
2026-04-10 17:00:00+00:00,1775840400000,146.16,147.4,145.07,147.23,1639203.7509220005,240149086.72320127
2026-04-10 18:00:00+00:00,1775844000000,147.265,148.65,145.71,146.04,1548773.6823090003,228338801.53018057
2026-04-10 19:00:00+00:00,1775847600000,145.85,146.65,144.41,144.91,2565863.258103,373208659.68596846
2026-04-10 20:00:00+00:00,1775851200000,144.52,145.25,144.0,144.52,124900.77625300002,18094949.99934288
2026-04-10 21:00:00+00:00,1775854800000,144.78,145.18,144.56,145.0,19312.969398,2799161.9143409864
2026-04-10 22:00:00+00:00,1775858400000,144.99,145.25,144.8,145.17,13959.055466,2024821.019281804
2026-04-10 23:00:00+00:00,1775862000000,145.11,145.3,144.9,145.3,29224.172368,4240582.29871035
2026-04-13 00:00:00+00:00,1776038400000,140.12,142.31,138.48,141.86,68893.0,9699448.86
2026-04-13 01:00:00+00:00,1776042000000,141.89,142.3,141.11,141.84,23731.0,3362995.97
2026-04-13 02:00:00+00:00,1776045600000,141.79,141.95,140.91,141.83,7924.0,1120665.03
2026-04-13 03:00:00+00:00,1776049200000,141.78,141.88,141.62,141.63,10189.0,1443487.24
2026-04-13 04:00:00+00:00,1776052800000,141.63,141.99,141.34,141.66,14710.0,2085162.52
2026-04-13 05:00:00+00:00,1776056400000,141.6,141.62,141.09,141.39,9652.0,1363755.73
2026-04-13 06:00:00+00:00,1776060000000,141.4,142.28,141.28,142.28,16271.0,2308552.48
2026-04-13 07:00:00+00:00,1776063600000,142.29,143.06,142.24,142.61,32384.0,4620098.73
2026-04-13 08:00:00+00:00,1776067200000,142.45,143.05,140.2,140.7,180431.674695,25564028.79314181
2026-04-13 09:00:00+00:00,1776070800000,140.93,142.0,140.6,141.62,61645.848208,8723257.396521248
2026-04-13 10:00:00+00:00,1776074400000,141.55,142.0,141.1,141.71,30190.323186,4280833.857126552
2026-04-13 11:00:00+00:00,1776078000000,141.99,142.0,140.78,140.9,132072.74631499997,18686854.010637663
2026-04-13 12:00:00+00:00,1776081600000,140.98,142.0,140.5565,141.48,488339.107368,70350571.31263071
2026-04-13 13:00:00+00:00,1776085200000,143.13,154.7,141.55,154.41,4715968.945854002,701580552.1678623
2026-04-13 14:00:00+00:00,1776088800000,154.29,159.5,150.66,157.775,6864720.73837,1065891367.2953744
2026-04-13 15:00:00+00:00,1776092400000,157.4,158.25,155.62,156.49,2679481.386266001,420655802.0519789
2026-04-13 16:00:00+00:00,1776096000000,156.44,158.74,155.2101,158.19,1690015.826198999,265452137.83373773
2026-04-13 17:00:00+00:00,1776099600000,158.09,158.28,155.0,156.74,1183867.8938449998,186405564.06499627
2026-04-13 18:00:00+00:00,1776103200000,156.7,157.0,155.46,156.83,1730763.0619789993,270695496.72486424
2026-04-13 19:00:00+00:00,1776106800000,157.055,158.115,153.75,154.58,2698317.069105,420137411.7693904
2026-04-13 20:00:00+00:00,1776110400000,154.45,155.53,154.0,154.45,123622.51695099998,19148818.81941752
2026-04-13 21:00:00+00:00,1776114000000,155.4,155.9856,155.25,155.61,39070.28901,6077094.335366826
2026-04-13 22:00:00+00:00,1776117600000,155.61,157.6,155.61,156.75,63863.99020900001,9997083.821745256
2026-04-13 23:00:00+00:00,1776121200000,157.0,157.12,156.37,156.85,24409.653928,3825000.0934137776
2026-04-14 00:00:00+00:00,1776124800000,156.51,157.49,155.99,157.18,8962.0,1408379.25
2026-04-14 01:00:00+00:00,1776128400000,157.16,157.16,156.01,156.31,9195.0,1440251.26
2026-04-14 02:00:00+00:00,1776132000000,156.56,156.75,155.98,156.66,11931.0,1863438.2
2026-04-14 03:00:00+00:00,1776135600000,156.64,157.15,156.5,157.09,5365.0,841137.87
2026-04-14 04:00:00+00:00,1776139200000,157.09,157.2,156.88,157.07,6666.0,1046736.9
2026-04-14 05:00:00+00:00,1776142800000,157.01,157.29,156.38,156.42,6104.0,958134.95
2026-04-14 06:00:00+00:00,1776146400000,156.44,156.53,155.72,156.4,12153.0,1898426.52
2026-04-14 07:00:00+00:00,1776150000000,156.37,157.49,156.25,157.26,12466.0,1958643.76
2026-04-14 08:00:00+00:00,1776153600000,156.0,159.4,155.83,159.3,124062.073853,19554986.64210188
2026-04-14 09:00:00+00:00,1776157200000,159.46,159.8,159.0,159.6,76586.332446,12207623.974261817
2026-04-14 10:00:00+00:00,1776160800000,159.6,160.42,157.86,157.87,72678.06207599999,11574475.596425116
2026-04-14 11:00:00+00:00,1776164400000,158.205,159.75,157.77,159.44,129978.722476,20675715.38425732
2026-04-14 12:00:00+00:00,1776168000000,159.46,160.1,158.4,159.4,184277.161201,29355757.189073943
2026-04-14 13:00:00+00:00,1776171600000,159.71,163.9257,159.21,160.79,5189230.037959,840813537.6655157
2026-04-14 14:00:00+00:00,1776175200000,161.13,163.49,158.5201,162.19,4403995.909995,706533504.2400888
2026-04-14 15:00:00+00:00,1776178800000,161.705,164.25,160.31,162.3,2758732.300966,449351696.87116534
2026-04-14 16:00:00+00:00,1776182400000,162.43,164.98,161.56,163.73,1978876.662879,323889867.36939234
2026-04-14 17:00:00+00:00,1776186000000,163.715,166.0999,163.5,164.395,2240164.635715001,369843788.8132488
2026-04-14 18:00:00+00:00,1776189600000,164.76,164.96,163.34,164.53,1482393.3505679998,243327160.0503142
2026-04-14 19:00:00+00:00,1776193200000,164.79,165.41,161.41,161.89,2377464.991433,388200329.435652
2026-04-14 20:00:00+00:00,1776196800000,161.32,162.295,160.5,161.0,245971.655693,39743977.14104709
2026-04-14 21:00:00+00:00,1776200400000,160.94,161.66,160.75,161.0,23293.853953,3751875.8334186417
2026-04-14 22:00:00+00:00,1776204000000,161.2,161.5,160.91,160.9595,36009.690242,5803361.290059986
2026-04-14 23:00:00+00:00,1776207600000,160.92,161.35,160.52,161.0623,34305.914334999994,5520964.003448855
2026-04-15 00:00:00+00:00,1776211200000,161.04,162.4,161.02,161.49,7063.0,1141608.39
2026-04-15 01:00:00+00:00,1776214800000,161.45,161.61,161.21,161.44,3871.0,624679.51
2026-04-15 02:00:00+00:00,1776218400000,161.48,161.48,158.79,158.79,12607.0,2018517.14
2026-04-15 03:00:00+00:00,1776222000000,158.81,159.93,157.99,159.77,19640.0,3122523.14
2026-04-15 04:00:00+00:00,1776225600000,159.8,160.39,159.7,159.97,7862.0,1258440.55
2026-04-15 05:00:00+00:00,1776229200000,159.98,160.38,158.15,158.53,17474.0,2775407.53
2026-04-15 06:00:00+00:00,1776232800000,158.55,158.91,158.26,158.35,10269.0,1628348.85
2026-04-15 07:00:00+00:00,1776236400000,158.39,158.99,157.7,158.94,30448.0,4814092.4
2026-04-15 08:00:00+00:00,1776240000000,159.1,160.31,157.71,158.95,126094.012417,20022770.857325234
2026-04-15 09:00:00+00:00,1776243600000,158.82,158.93,154.2,156.5,145546.71194,22736099.301557697
2026-04-15 10:00:00+00:00,1776247200000,156.4,157.75,156.0,157.5,69070.370485,10830558.72278928
2026-04-15 11:00:00+00:00,1776250800000,157.5,158.96,157.3,158.75,127716.055808,20216353.276326448
2026-04-15 12:00:00+00:00,1776254400000,159.49,159.7,157.38,158.74,193063.67489199995,30615998.95163837
2026-04-15 13:00:00+00:00,1776258000000,159.17,162.03,157.86,159.33,2185271.672491,348460580.0422406
2026-04-15 14:00:00+00:00,1776261600000,159.6,160.5,156.5,159.935,2253550.227039,357262078.14317375
2026-04-15 15:00:00+00:00,1776265200000,159.6,162.39,158.72,162.01,1775514.752505,284817423.5083371
2026-04-15 16:00:00+00:00,1776268800000,161.775,165.57,160.116,160.72,2352647.390411,383781957.70874846
2026-04-15 17:00:00+00:00,1776272400000,160.79,163.48,160.35,162.75,1031526.507107,166858077.34721693
2026-04-15 18:00:00+00:00,1776276000000,162.755,164.57,162.55,164.41,883043.138907,144662511.2322198
2026-04-15 19:00:00+00:00,1776279600000,164.13,166.81,163.455,166.77,2321958.0779659995,383907440.3031268
2026-04-15 20:00:00+00:00,1776283200000,166.77,166.7714,165.0,165.79,167532.24885700003,27883179.578840144
2026-04-15 21:00:00+00:00,1776286800000,165.55,165.95,165.0,165.28,17250.882474,2852795.685607854
2026-04-15 22:00:00+00:00,1776290400000,165.16,165.5,164.8389,165.33,23868.996677,3942969.685966652
2026-04-15 23:00:00+00:00,1776294000000,165.47,165.9,165.26,165.51,14040.675891,2323483.3399972287
2026-04-16 00:00:00+00:00,1776297600000,165.9,165.99,165.49,165.98,4636.0,768192.09
2026-04-16 01:00:00+00:00,1776301200000,165.99,166.39,165.72,166.2,3574.0,593357.53
2026-04-16 02:00:00+00:00,1776304800000,166.16,166.82,166.1,166.5,4616.0,768009.64
2026-04-16 03:00:00+00:00,1776308400000,166.5,166.89,166.49,166.79,2049.0,341518.61
2026-04-16 04:00:00+00:00,1776312000000,166.78,167.24,166.78,167.0,11973.0,1999913.71
2026-04-16 05:00:00+00:00,1776315600000,167.0,168.09,166.63,168.04,7454.0,1248349.96
2026-04-16 06:00:00+00:00,1776319200000,168.09,168.99,168.01,168.84,9966.0,1678770.35
2026-04-16 07:00:00+00:00,1776322800000,168.79,170.01,168.66,169.27,20257.0,3431605.21
2026-04-16 08:00:00+00:00,1776326400000,169.41,170.03,166.64,168.9,160684.53685,27126490.347304355
2026-04-16 09:00:00+00:00,1776330000000,168.9,169.75,167.51,167.75,51676.339009,8725508.500598442
2026-04-16 10:00:00+00:00,1776333600000,167.81,167.99,165.5,166.78,53190.03779199999,8873465.28767685
2026-04-16 11:00:00+00:00,1776337200000,166.595,167.4,166.39,166.8,70945.384659,11845665.74205164
2026-04-16 12:00:00+00:00,1776340800000,167.0,168.76,164.85,164.9101,513880.9227139999,85536301.79522161
2026-04-16 13:00:00+00:00,1776344400000,167.11,168.71,161.2101,163.225,3272183.017402,539831011.0423088
2026-04-16 14:00:00+00:00,1776348000000,163.225,164.27,160.0901,161.895,2501005.6885549994,404691732.0741861
2026-04-16 15:00:00+00:00,1776351600000,161.88,164.59,161.66,163.92,1338421.2787800003,218374540.52957088
2026-04-16 16:00:00+00:00,1776355200000,163.97,164.5799,161.55,161.87,1305409.9153130003,213212862.5500554
2026-04-16 17:00:00+00:00,1776358800000,162.2,163.94,161.42,162.23,1013288.1315799996,164818711.6048475
2026-04-16 18:00:00+00:00,1776362400000,162.485,165.04,162.03,164.415,1293081.1045880003,211375054.45880297
2026-04-16 19:00:00+00:00,1776366000000,164.58,165.7,164.0,165.33,1477329.3852940002,243733790.77514443
2026-04-16 20:00:00+00:00,1776369600000,165.34,166.49,164.2,164.44,298892.505212,49377251.085776046
2026-04-16 21:00:00+00:00,1776373200000,164.21,164.896,164.01,164.3,15906.575499,2613154.4921814185
2026-04-16 22:00:00+00:00,1776376800000,164.2,164.5,164.0,164.2,12755.608489,2095199.2591385215
2026-04-16 23:00:00+00:00,1776380400000,164.2,164.34,163.71,164.03,7977.155442000001,1309010.524539446
2026-04-17 00:00:00+00:00,1776384000000,164.51,164.7,163.6,164.36,1434.0,235579.65
2026-04-17 01:00:00+00:00,1776387600000,164.47,164.47,163.81,164.18,5805.0,952401.47
2026-04-17 02:00:00+00:00,1776391200000,164.1,164.1,163.21,163.45,1564.0,256122.07
2026-04-17 03:00:00+00:00,1776394800000,163.48,163.82,163.36,163.52,5882.0,962656.13
2026-04-17 04:00:00+00:00,1776398400000,163.5,163.71,163.24,163.34,3482.0,569105.06
2026-04-17 05:00:00+00:00,1776402000000,163.16,163.16,162.01,162.51,9652.0,1568413.09
2026-04-17 06:00:00+00:00,1776405600000,162.5,162.8,162.08,162.08,3373.0,547576.26
2026-04-17 07:00:00+00:00,1776409200000,162.08,162.65,162.08,162.55,7962.0,1293003.29
2026-04-17 08:00:00+00:00,1776412800000,162.41,163.8,162.0,163.2,53544.654492,8714778.04008534
2026-04-17 09:00:00+00:00,1776416400000,163.17,163.2,162.47,163.08,13656.231989,2224514.156746569
2026-04-17 10:00:00+00:00,1776420000000,163.0,163.33,162.35,162.35,10849.531691,1765947.8946553352
2026-04-17 11:00:00+00:00,1776423600000,162.95,164.5,162.9,164.4071,39218.533373,6413222.435379837
2026-04-17 12:00:00+00:00,1776427200000,164.57,166.95,163.8,165.4,894359.4427300001,147891903.50144273
2026-04-17 13:00:00+00:00,1776430800000,166.17,167.2,156.51,159.64,3895850.3628909993,621517085.5281261
2026-04-17 14:00:00+00:00,1776434400000,159.645,160.35,154.73,157.2,3368825.918493001,529888692.6064174
2026-04-17 15:00:00+00:00,1776438000000,157.01,159.25,156.25,156.53,1785541.091519,281514300.77448756
2026-04-17 16:00:00+00:00,1776441600000,156.415,158.87,156.1,157.985,1412690.410836,222606810.52309892
2026-04-17 17:00:00+00:00,1776445200000,158.075,159.41,156.7,158.46,1038443.785609,164256468.85497493
2026-04-17 18:00:00+00:00,1776448800000,158.36,158.8,156.86,157.84,2012428.87994,317448178.7514794
2026-04-17 19:00:00+00:00,1776452400000,157.93,158.1,156.48,157.1,1825967.752981,286785034.50899345
2026-04-17 20:00:00+00:00,1776456000000,157.14,157.14,156.31,156.7734,97343.199331,15277333.732605131
2026-04-17 21:00:00+00:00,1776459600000,156.75,156.75,156.3,156.4784,19373.998667,3032993.67911925
2026-04-17 22:00:00+00:00,1776463200000,156.35,156.74,156.3,156.57,15845.15899,2480247.490252397
2026-04-17 23:00:00+00:00,1776466800000,156.57,156.57,156.0,156.2,21372.826311,3339863.174575775
2026-04-20 00:00:00+00:00,1776643200000,154.99,154.99,150.92,154.67,39250.0,6003038.16
2026-04-20 01:00:00+00:00,1776646800000,154.69,155.84,154.58,155.73,24376.0,3782195.37
2026-04-20 02:00:00+00:00,1776650400000,155.73,155.73,154.82,154.91,5208.0,807802.6
2026-04-20 03:00:00+00:00,1776654000000,155.05,155.19,154.54,154.72,3167.0,490564.66
2026-04-20 04:00:00+00:00,1776657600000,154.63,154.63,153.4,153.82,9728.0,1498088.46
2026-04-20 05:00:00+00:00,1776661200000,153.9,154.0,152.76,153.26,9058.0,1388370.52
2026-04-20 06:00:00+00:00,1776664800000,153.24,154.05,153.05,154.05,8577.0,1317506.02
2026-04-20 07:00:00+00:00,1776668400000,154.15,155.25,154.08,154.18,19606.0,3034603.62
2026-04-20 08:00:00+00:00,1776672000000,154.21,155.25,152.85,153.74,75935.671457,11691557.152951336
2026-04-20 09:00:00+00:00,1776675600000,153.86,153.9,153.4,153.65,6290.033192,966907.047290836
2026-04-20 10:00:00+00:00,1776679200000,153.54,154.05,153.51,153.6,13494.519977,2076988.8004799893
2026-04-20 11:00:00+00:00,1776682800000,153.9,153.9,152.21,152.52,155744.39399500002,23809128.31763704
2026-04-20 12:00:00+00:00,1776686400000,152.53,155.0,152.0,152.28,159066.804825,24440089.640905328
2026-04-20 13:00:00+00:00,1776690000000,157.055,159.79,154.0401,157.17,2508702.518791,392851776.1515879
2026-04-20 14:00:00+00:00,1776693600000,156.73,158.2999,155.71,156.59,1751250.3083870006,274942620.79111147
2026-04-20 15:00:00+00:00,1776697200000,156.81,159.7,155.35,159.18,1914079.303632,302831271.8258778
2026-04-20 16:00:00+00:00,1776700800000,159.14,161.75,156.82,157.23,1686515.247517,268767623.4354774
2026-04-20 17:00:00+00:00,1776704400000,157.37,159.1,157.3101,158.45,763533.8085580001,120969944.48522076
2026-04-20 18:00:00+00:00,1776708000000,158.55,159.31,158.05,158.545,942170.10665,149499312.75774205
2026-04-20 19:00:00+00:00,1776711600000,158.61,159.31,157.25,159.21,2452822.070496,388500525.48820496
2026-04-20 20:00:00+00:00,1776715200000,159.16,159.75,158.5,159.18,72670.919245,11566775.868009292
2026-04-20 21:00:00+00:00,1776718800000,159.18,159.198,158.861,159.1,9157.030262,1456866.1163267023
2026-04-20 22:00:00+00:00,1776722400000,159.1,159.22,159.0,159.22,9650.289072,1535884.0370229024
2026-04-20 23:00:00+00:00,1776726000000,159.22,159.69,158.8222,159.0001,18171.779903,2892858.3188360757
2026-04-21 00:00:00+00:00,1776729600000,159.05,159.9,159.04,159.9,2022.0,322614.91
2026-04-21 01:00:00+00:00,1776733200000,159.9,159.93,159.52,159.58,3992.0,637405.57
2026-04-21 02:00:00+00:00,1776736800000,159.68,159.98,159.67,159.9,3422.0,547154.03
2026-04-21 03:00:00+00:00,1776740400000,159.88,159.96,159.62,159.8,1191.0,190379.39
2026-04-21 04:00:00+00:00,1776744000000,159.79,160.16,159.7,160.15,2227.0,356275.68
2026-04-21 05:00:00+00:00,1776747600000,160.16,160.76,160.16,160.5,4345.0,697312.17
2026-04-21 06:00:00+00:00,1776751200000,160.56,161.2,160.51,161.11,3164.0,509066.9
2026-04-21 07:00:00+00:00,1776754800000,161.11,161.16,160.53,160.67,3761.0,604526.58
2026-04-21 08:00:00+00:00,1776758400000,160.9,161.4,159.86,161.11,39274.148057,6315118.056143761
2026-04-21 09:00:00+00:00,1776762000000,161.25,161.49,160.8,161.3,11369.776774000002,1832674.9895805444
2026-04-21 10:00:00+00:00,1776765600000,161.3295,161.75,161.31,161.54,15094.720337,2438669.8092609784
2026-04-21 11:00:00+00:00,1776769200000,161.35,162.0883,161.0026,161.84,62808.925466,10147755.447377024
2026-04-21 12:00:00+00:00,1776772800000,161.9405,161.9599,160.5,160.75,47569.59967699999,7681158.399044543
2026-04-21 13:00:00+00:00,1776776400000,161.45,163.25,156.88,159.5,1944161.303628,310132027.90634745
2026-04-21 14:00:00+00:00,1776780000000,159.68,161.85,159.0003,159.49,1786616.794754,286828105.4334736
2026-04-21 15:00:00+00:00,1776783600000,159.95,162.24,158.11,160.43,1687051.229567,270966408.0573956
2026-04-21 16:00:00+00:00,1776787200000,161.11,161.75,159.53,160.64,736789.521882,118265475.38908048
2026-04-21 17:00:00+00:00,1776790800000,161.06,161.85,157.37,159.33,961080.5688259996,153075627.05947667
2026-04-21 18:00:00+00:00,1776794400000,159.795,160.1,158.37,159.515,440978.6898489999,70181317.51077849
2026-04-21 19:00:00+00:00,1776798000000,159.795,160.0,155.4,156.52,1744133.7057130004,274534668.29427254
2026-04-21 20:00:00+00:00,1776801600000,156.44,159.2,155.57,158.75,228223.600501,35840348.33447729
2026-04-21 21:00:00+00:00,1776805200000,158.75,158.8,158.55,158.5912,10200.8918,1618277.63586544
2026-04-21 22:00:00+00:00,1776808800000,158.6,158.8,158.0676,158.74,13012.730875,2063453.459037413
2026-04-21 23:00:00+00:00,1776812400000,158.55,159.0,158.36,159.0,21331.021606,3387669.131539605
2026-04-22 00:00:00+00:00,1776816000000,159.02,160.36,158.96,160.0,9143.0,1463795.56
2026-04-22 01:00:00+00:00,1776819600000,159.96,160.02,159.35,159.35,4462.0,712266.49
2026-04-22 02:00:00+00:00,1776823200000,159.59,160.09,159.42,159.99,1994.0,318930.08
2026-04-22 03:00:00+00:00,1776826800000,159.78,160.08,159.7,160.0,682.0,109077.75
2026-04-22 04:00:00+00:00,1776830400000,159.99,160.29,159.7,160.27,7160.0,1147070.6
2026-04-22 05:00:00+00:00,1776834000000,160.27,161.4,160.27,161.34,13344.0,2144826.38
2026-04-22 06:00:00+00:00,1776837600000,161.12,161.29,160.64,161.03,13702.0,2206028.14
2026-04-22 07:00:00+00:00,1776841200000,161.04,161.66,161.04,161.4,3200.0,516503.44
2026-04-22 08:00:00+00:00,1776844800000,161.5,161.65,159.97,160.55,77156.71003100001,12407686.275150158
2026-04-22 09:00:00+00:00,1776848400000,160.8,161.15,160.52,160.9,17351.183471,2792492.527349352
2026-04-22 10:00:00+00:00,1776852000000,160.8175,161.95,160.8175,161.64,31432.11494,5071527.740608084
2026-04-22 11:00:00+00:00,1776855600000,161.04,162.5,161.0,162.25,90312.515477,14621533.036965465
2026-04-22 12:00:00+00:00,1776859200000,162.25,162.34,161.0,161.0,98858.766648,15964237.589782272
2026-04-22 13:00:00+00:00,1776862800000,161.2,167.43,158.6688,159.78,3114196.818138,508125121.0543504
2026-04-22 14:00:00+00:00,1776866400000,159.395,159.83,155.84,158.645,2542846.930003,401604275.6053308
2026-04-22 15:00:00+00:00,1776870000000,158.79,160.92,157.93,158.25,1957006.6023300004,312304397.51764774
2026-04-22 16:00:00+00:00,1776873600000,158.49,159.24,157.1518,157.5,961998.624628,152493616.979469
2026-04-22 17:00:00+00:00,1776877200000,157.64,159.025,156.88,158.44,952378.476238,150566751.3900847
2026-04-22 18:00:00+00:00,1776880800000,158.385,158.9899,157.2101,157.44,630152.7263150001,99478429.98699117
2026-04-22 19:00:00+00:00,1776884400000,157.46,158.3,155.35,156.065,1856585.782756,290731679.3335192
2026-04-22 20:00:00+00:00,1776888000000,156.14,156.7266,155.5,156.5,164407.94906799996,25686506.09376767
2026-04-22 21:00:00+00:00,1776891600000,156.68,156.9,156.5,156.6448,19833.409604,3108234.4362510284
2026-04-22 22:00:00+00:00,1776895200000,156.39,156.8,156.2,156.3,21218.086566,3319542.059738164
2026-04-22 23:00:00+00:00,1776898800000,156.3,156.59,156.3,156.47,31905.585805,4991935.192815978
2026-04-23 00:00:00+00:00,1776902400000,156.09,156.84,154.31,156.7,14807.0,2301958.43
2026-04-23 01:00:00+00:00,1776906000000,156.66,156.67,155.8,155.8,3021.0,472228.05
2026-04-23 02:00:00+00:00,1776909600000,155.82,156.0,153.35,153.8,32116.0,4958493.84
2026-04-23 03:00:00+00:00,1776913200000,153.71,153.94,152.58,153.45,11297.0,1729613.72
2026-04-23 04:00:00+00:00,1776916800000,153.45,154.46,153.22,154.16,6417.0,986747.86
2026-04-23 05:00:00+00:00,1776920400000,154.15,154.5,154.03,154.29,8048.0,1241380.73
2026-04-23 06:00:00+00:00,1776924000000,154.5,154.8,153.92,154.37,12305.0,1898323.18
2026-04-23 07:00:00+00:00,1776927600000,154.37,154.72,154.21,154.56,1760.0,271933.38
2026-04-23 08:00:00+00:00,1776931200000,155.01,155.23,153.27,153.4,60108.35483699999,9269922.504633104
2026-04-23 09:00:00+00:00,1776934800000,153.98,154.5,153.35,154.31,10429.54408,1606232.181718232
2026-04-23 10:00:00+00:00,1776938400000,154.75,154.75,153.9217,153.9217,9866.631295,1522112.3832589665
2026-04-23 11:00:00+00:00,1776942000000,154.74,155.42,154.44,155.0,37832.61636,5857589.941664076
2026-04-23 12:00:00+00:00,1776945600000,155.32,157.18,155.0,155.14,83620.93052400002,13061313.398778072
2026-04-23 13:00:00+00:00,1776949200000,155.76,160.43,154.8455,158.355,1891969.527246,299470207.4231804
2026-04-23 14:00:00+00:00,1776952800000,158.08,165.57,156.48,165.24,3287685.261859,531250157.3247459
2026-04-23 15:00:00+00:00,1776956400000,165.31,165.81,159.5,160.62,1883373.2303919997,307302288.17281795
2026-04-23 16:00:00+00:00,1776960000000,160.79,160.89,157.35,159.905,1438843.792154,229372995.35747147
2026-04-23 17:00:00+00:00,1776963600000,159.87,160.75,154.07,158.24,1937675.81413,304301329.3921388
2026-04-23 18:00:00+00:00,1776967200000,158.06,159.9,156.21,156.63,1424971.63021,225493210.6509512
2026-04-23 19:00:00+00:00,1776970800000,156.71,157.22,155.57,156.95,1171983.056472,183432459.29049248
2026-04-23 20:00:00+00:00,1776974400000,157.39,158.0,156.6,157.82,235493.191336,37024192.44320765
2026-04-23 21:00:00+00:00,1776978000000,157.52,159.25,157.5,158.98,35506.79403499999,5624645.445801961
2026-04-23 22:00:00+00:00,1776981600000,158.7704,159.4324,158.5,159.25,26122.751041000003,4153849.174457221
2026-04-23 23:00:00+00:00,1776985200000,158.8,159.5,158.5,159.0,30760.473684,4892804.008840198
2026-04-24 00:00:00+00:00,1776988800000,158.71,160.3,158.71,159.91,6015.0,961404.69
2026-04-24 01:00:00+00:00,1776992400000,159.91,160.01,159.3,160.01,4235.0,676751.28
2026-04-24 02:00:00+00:00,1776996000000,159.91,159.94,159.37,159.48,2792.0,445881.12
2026-04-24 03:00:00+00:00,1776999600000,159.46,159.71,158.34,158.5,8333.0,1322177.84
2026-04-24 04:00:00+00:00,1777003200000,158.39,159.11,158.24,158.99,3866.0,613103.27
2026-04-24 05:00:00+00:00,1777006800000,159.0,159.34,158.93,159.25,4762.0,757814.19
2026-04-24 06:00:00+00:00,1777010400000,159.1,159.3,158.81,159.01,2856.0,454328.2
2026-04-24 07:00:00+00:00,1777014000000,159.01,159.79,159.01,159.61,3712.0,592137.75
2026-04-24 08:00:00+00:00,1777017600000,158.5,160.86,158.25,160.46,51035.713737,8157354.548009878
2026-04-24 09:00:00+00:00,1777021200000,160.53,161.5,160.5,161.03,29284.532097000003,4719093.994662792
2026-04-24 10:00:00+00:00,1777024800000,161.13,161.43,160.8,160.8,24328.826569,3920806.9281508145
2026-04-24 11:00:00+00:00,1777028400000,160.89,162.55,160.89,162.46,135000.29663499998,21877959.072252806
2026-04-24 12:00:00+00:00,1777032000000,161.93,162.98,161.2,161.93,83948.317267,13615082.282462854
2026-04-24 13:00:00+00:00,1777035600000,163.4,165.25,154.405,156.31,2745101.8702670005,437423473.2112487
2026-04-24 14:00:00+00:00,1777039200000,155.52,157.6999,148.52,150.15,3956377.320048999,602824903.8634938
2026-04-24 15:00:00+00:00,1777042800000,150.08,154.89,149.9,154.56,2162739.290461,329236613.7479556
2026-04-24 16:00:00+00:00,1777046400000,154.43,154.5699,150.408,150.89,1449788.1505569995,221345680.99221465
2026-04-24 17:00:00+00:00,1777050000000,151.035,151.16,147.5,149.13,2099758.189227001,312802867.23151666
2026-04-24 18:00:00+00:00,1777053600000,149.17,152.7294,148.82,151.16,1214363.1571169998,182864025.96025345
2026-04-24 19:00:00+00:00,1777057200000,151.38,152.0999,145.81,147.19,3303954.000041,487633874.8200512
2026-04-24 20:00:00+00:00,1777060800000,147.82,148.25,146.88,147.49,204135.513419,30104701.119504947
2026-04-24 21:00:00+00:00,1777064400000,148.15,148.2,147.84,148.08,36707.015227,5434025.77877158
2026-04-24 22:00:00+00:00,1777068000000,148.04,148.04,146.7,146.7,84138.62720499998,12392727.917848123
2026-04-24 23:00:00+00:00,1777071600000,146.65,146.75,146.0,146.0,94445.932756,13808363.708064947
2026-04-27 00:00:00+00:00,1777248000000,145.99,148.31,145.99,148.18,23799.0,3516728.5
2026-04-27 01:00:00+00:00,1777251600000,148.22,148.59,147.81,148.28,13043.0,1932628.97
2026-04-27 02:00:00+00:00,1777255200000,148.4,148.6,147.98,148.24,10852.0,1607677.75
2026-04-27 03:00:00+00:00,1777258800000,148.31,148.82,148.16,148.65,5612.0,833795.39
2026-04-27 04:00:00+00:00,1777262400000,148.64,148.9,148.33,148.75,4756.0,707111.47
2026-04-27 05:00:00+00:00,1777266000000,148.62,148.74,147.46,147.77,6864.0,1014852.12
2026-04-27 06:00:00+00:00,1777269600000,147.54,147.71,147.25,147.49,3795.0,559520.88
2026-04-27 07:00:00+00:00,1777273200000,147.49,147.58,146.98,147.0,7414.0,1092117.17
2026-04-27 08:00:00+00:00,1777276800000,148.605,148.83,146.34,146.8,58172.090036,8572489.327692116
2026-04-27 09:00:00+00:00,1777280400000,147.14,147.3,146.39,147.1,6634.1758660000005,975193.9985106031
2026-04-27 10:00:00+00:00,1777284000000,146.9,147.51,146.9,147.51,6250.918637,919921.4419490146
2026-04-27 11:00:00+00:00,1777287600000,147.3,149.39,147.28,149.21,100228.389806,14880648.440683322
2026-04-27 12:00:00+00:00,1777291200000,147.89,149.15,147.56,147.89,67333.558172,9983735.20412532
2026-04-27 13:00:00+00:00,1777294800000,148.035,148.97,141.62,145.57,2972268.2544370005,430232263.1078505
2026-04-27 14:00:00+00:00,1777298400000,144.98,145.32,141.17,141.6,1998147.417693,286751138.69199586
2026-04-27 15:00:00+00:00,1777302000000,141.43,141.91,138.56,140.76,2834761.528372999,397367232.85813046
2026-04-27 16:00:00+00:00,1777305600000,140.94,141.27,139.964,141.19,918877.1468439996,129221417.49752761
2026-04-27 17:00:00+00:00,1777309200000,141.29,147.14,141.1923,146.33,2091839.297175,302416579.64080065
2026-04-27 18:00:00+00:00,1777312800000,146.305,147.56,144.2,145.09,846710.2603760002,123546796.26147763
2026-04-27 19:00:00+00:00,1777316400000,145.31,145.576,143.2601,144.9,1444993.582473,208690886.15893105
2026-04-27 20:00:00+00:00,1777320000000,144.96,145.45,144.2,145.0,220973.77109300005,32048599.429816622
2026-04-27 21:00:00+00:00,1777323600000,144.99,145.1968,144.3,145.1968,9744.02855,1412124.1055231
2026-04-27 22:00:00+00:00,1777327200000,145.15,145.35,144.8778,145.35,8058.022639,1168377.0215531243
2026-04-27 23:00:00+00:00,1777330800000,145.44,145.44,145.07,145.3,6763.050797,982742.9691425482
2026-04-28 00:00:00+00:00,1777334400000,145.21,145.86,145.2,145.86,3873.0,563852.85
2026-04-28 01:00:00+00:00,1777338000000,145.85,145.86,143.9,144.0,7844.0,1138616.07
2026-04-28 02:00:00+00:00,1777341600000,143.89,144.53,142.61,142.9,9081.0,1304123.31
2026-04-28 03:00:00+00:00,1777345200000,143.1,143.99,142.98,143.69,3602.0,516846.38
2026-04-28 04:00:00+00:00,1777348800000,143.7,144.88,143.19,144.8,5946.0,858564.55
2026-04-28 05:00:00+00:00,1777352400000,144.64,144.65,143.1,143.1,9354.0,1346742.61
2026-04-28 06:00:00+00:00,1777356000000,143.15,143.55,142.6,142.7,4492.0,642342.73
2026-04-28 07:00:00+00:00,1777359600000,142.69,142.9,140.97,141.94,18858.0,2674556.15
2026-04-28 08:00:00+00:00,1777363200000,142.0,144.78,140.98,142.6,80737.58214,11524676.244860737
2026-04-28 09:00:00+00:00,1777366800000,142.66,142.66,139.525,140.18,85098.63599899999,12013706.328659223
2026-04-28 10:00:00+00:00,1777370400000,140.21,140.21,138.63,138.94,139509.27899800002,19453690.04781341
2026-04-28 11:00:00+00:00,1777374000000,138.8,139.0,135.6529,136.85,320938.1067099999,44026417.85372047
2026-04-28 12:00:00+00:00,1777377600000,136.77,137.0,135.82,136.78,288783.04048499995,39458477.18105298
2026-04-28 13:00:00+00:00,1777381200000,137.77,141.46,136.68,138.84,2901347.773715,402369934.38033634
2026-04-28 14:00:00+00:00,1777384800000,138.29,139.47,132.7,134.705,3741946.794901999,509472043.24077904
2026-04-28 15:00:00+00:00,1777388400000,134.81,135.49,132.92,134.35,1946112.412042,260690125.87639767
2026-04-28 16:00:00+00:00,1777392000000,134.43,134.67,133.11,134.29,1042010.781863,139437714.7857792
2026-04-28 17:00:00+00:00,1777395600000,134.17,136.94,133.22,136.795,1349335.6655139995,182022952.4736406
2026-04-28 18:00:00+00:00,1777399200000,136.97,137.06,135.53,136.625,1020023.824817,138994362.50774837
2026-04-28 19:00:00+00:00,1777402800000,136.59,136.7793,133.81,135.545,2192688.753567,295943254.2291816
2026-04-28 20:00:00+00:00,1777406400000,135.51,136.25,135.0,136.0,213224.69989,28925209.88827784
2026-04-28 21:00:00+00:00,1777410000000,136.174,136.55,136.06,136.33,30137.438282,4108983.541525303
2026-04-28 22:00:00+00:00,1777413600000,136.3,136.98,136.24,136.9,30423.590293,4158025.551293632
2026-04-28 23:00:00+00:00,1777417200000,136.9999,137.0,136.2,136.2,27976.06012,3819255.358704244
2026-04-29 00:00:00+00:00,1777420800000,136.26,137.4,136.26,136.9,7222.0,989833.6
2026-04-29 01:00:00+00:00,1777424400000,136.95,136.96,135.52,136.51,9226.0,1257372.88
2026-04-29 02:00:00+00:00,1777428000000,136.37,137.31,136.37,137.02,7964.0,1091815.41
2026-04-29 03:00:00+00:00,1777431600000,137.11,137.45,137.07,137.21,4382.0,601163.6
2026-04-29 04:00:00+00:00,1777435200000,137.22,137.81,137.18,137.7,3864.0,531483.73
2026-04-29 05:00:00+00:00,1777438800000,137.7,137.7,136.88,137.61,9019.0,1237846.15
2026-04-29 06:00:00+00:00,1777442400000,137.37,137.45,136.75,136.77,6562.0,900409.28
2026-04-29 07:00:00+00:00,1777446000000,136.8,136.91,136.11,136.11,7249.0,989752.4
2026-04-29 08:00:00+00:00,1777449600000,137.0,137.8,136.06,137.1,61882.908628000005,8477092.121315207
2026-04-29 09:00:00+00:00,1777453200000,136.91,137.85,136.91,137.25,12362.615289,1700230.48069617
2026-04-29 10:00:00+00:00,1777456800000,137.25,138.48,137.25,137.85,36164.467737,4990569.972068921
2026-04-29 11:00:00+00:00,1777460400000,137.88,141.16,137.3,140.0,201913.945846,28162533.147313803
2026-04-29 12:00:00+00:00,1777464000000,140.0,140.4,138.2,138.22,109965.496753,15319414.314706858
2026-04-29 13:00:00+00:00,1777467600000,140.15,140.28,134.69,135.925,2061662.231525,282008797.82983327
2026-04-29 14:00:00+00:00,1777471200000,135.4,139.7937,134.22,137.24,3293760.499215,451461588.45725346
2026-04-29 15:00:00+00:00,1777474800000,137.315,137.42,134.801,135.22,1287634.7351879997,174997672.61088085
2026-04-29 16:00:00+00:00,1777478400000,135.06,135.82,134.48,134.93,779010.0528760001,105272302.50545114
2026-04-29 17:00:00+00:00,1777482000000,135.09,138.97,134.67,138.79,1203360.2350430002,163713670.23291856
2026-04-29 18:00:00+00:00,1777485600000,138.77,143.7,138.24,141.56,2425626.210533,342663120.9469548
2026-04-29 19:00:00+00:00,1777489200000,141.71,143.28,140.71,141.27,2195548.952875001,311990799.5269669
2026-04-29 20:00:00+00:00,1777492800000,141.19,141.99,134.01,139.0,554446.647697,77235526.91748749
2026-04-29 21:00:00+00:00,1777496400000,138.4001,140.7,137.99,140.2,53504.912099,7436920.607691714
2026-04-29 22:00:00+00:00,1777500000000,140.04,143.8,139.89,143.04,156316.72558299996,22272663.59131328
2026-04-29 23:00:00+00:00,1777503600000,142.9675,143.75,142.6,143.74,69124.68702099999,9907793.465031374
2026-04-30 00:00:00+00:00,1777507200000,143.69,145.03,143.52,144.71,16020.0,2313823.1
2026-04-30 01:00:00+00:00,1777510800000,144.73,144.76,143.74,144.0,8766.0,1263294.89
2026-04-30 02:00:00+00:00,1777514400000,144.18,144.19,141.99,142.21,7081.0,1013039.58
2026-04-30 03:00:00+00:00,1777518000000,142.32,142.8,141.22,141.64,8864.0,1257292.1
2026-04-30 04:00:00+00:00,1777521600000,141.51,141.66,139.17,139.72,13376.0,1873457.71
2026-04-30 05:00:00+00:00,1777525200000,139.56,140.75,139.56,139.85,4801.0,672942.83
2026-04-30 06:00:00+00:00,1777528800000,139.86,140.25,139.18,140.0,8611.0,1202688.47
2026-04-30 07:00:00+00:00,1777532400000,140.1,142.35,140.08,141.96,15082.0,2133132.14
2026-04-30 08:00:00+00:00,1777536000000,142.25,143.5,139.19,143.0,124645.108965,17644412.618780296
2026-04-30 09:00:00+00:00,1777539600000,143.36,143.9,142.96,143.35,38854.350061,5564459.691591011
2026-04-30 10:00:00+00:00,1777543200000,142.96,144.35,142.21,142.68,36964.060646,5301185.971921832
2026-04-30 11:00:00+00:00,1777546800000,142.73,145.12,142.73,145.0926,109137.865092,15735115.406436738
2026-04-30 12:00:00+00:00,1777550400000,145.0,146.25,145.0,146.01,254046.45216,37025466.67250967
2026-04-30 13:00:00+00:00,1777554000000,145.415,146.98,137.11,137.79,3052387.4877389995,431930533.36249727
2026-04-30 14:00:00+00:00,1777557600000,137.89,139.31,135.0,137.22,2477605.221173,339579828.332405
2026-04-30 15:00:00+00:00,1777561200000,137.22,138.331,135.5,137.91,1394289.9165550005,191120756.59286848
2026-04-30 16:00:00+00:00,1777564800000,137.71,138.9997,137.04,138.15,1340318.9565570003,184703994.127294
2026-04-30 17:00:00+00:00,1777568400000,138.12,139.02,137.75,139.0,569540.3107689999,78791744.35062253
2026-04-30 18:00:00+00:00,1777572000000,139.05,140.67,137.47,139.845,925586.409744,128631797.79727584
2026-04-30 19:00:00+00:00,1777575600000,139.65,140.1099,136.6,138.235,1569853.051988,216575985.14043328
2026-04-30 20:00:00+00:00,1777579200000,138.06,139.75,137.6,138.06,136280.09787,18869601.283266157
2026-04-30 21:00:00+00:00,1777582800000,138.38,138.5,137.28,137.9,27438.954187000003,3780925.997138897
2026-04-30 22:00:00+00:00,1777586400000,137.6206,138.5,137.54,137.75,15760.693361999998,2174877.967657156
2026-04-30 23:00:00+00:00,1777590000000,137.5,138.0,137.3,137.3,22331.056356,3071228.143436485
2026-05-01 00:00:00+00:00,1777593600000,138.01,138.4,137.49,138.03,7323.0,1010430.6
2026-05-01 01:00:00+00:00,1777597200000,138.04,138.59,138.04,138.45,1371.0,189734.8
2026-05-01 02:00:00+00:00,1777600800000,138.48,138.7,138.35,138.7,1780.0,246603.3
2026-05-01 03:00:00+00:00,1777604400000,138.62,139.19,138.54,138.86,2971.0,412401.53
2026-05-01 04:00:00+00:00,1777608000000,138.6,139.21,138.6,139.12,3255.0,452273.87
2026-05-01 05:00:00+00:00,1777611600000,139.15,139.39,138.9,139.0,3786.0,526886.85
2026-05-01 06:00:00+00:00,1777615200000,138.9,139.11,138.5,138.55,1188.0,164996.94
2026-05-01 07:00:00+00:00,1777618800000,138.5,139.2,138.5,138.97,3151.0,437505.15
2026-05-01 08:00:00+00:00,1777622400000,139.21,139.65,138.53,138.75,33573.92385000001,4670025.37097868
2026-05-01 09:00:00+00:00,1777626000000,138.76,139.5,138.75,139.32,15918.071801,2217000.592734536
2026-05-01 10:00:00+00:00,1777629600000,138.8,140.88,138.8,139.7,12699.688519,1778592.647054802
2026-05-01 11:00:00+00:00,1777633200000,139.51,140.7,139.21,140.12,66068.168584,9266820.427844716
2026-05-01 12:00:00+00:00,1777636800000,140.66,141.65,140.0,140.66,110172.071635,15525966.143540883
2026-05-01 13:00:00+00:00,1777640400000,141.32,151.64,140.0,150.96,3849256.323669001,566874204.9022481
2026-05-01 14:00:00+00:00,1777644000000,150.91,153.47,148.38,152.62,3463262.1480440004,523418739.4397708
2026-05-01 15:00:00+00:00,1777647600000,152.31,155.5699,151.8801,155.48,1863341.279629,286955302.3993778
2026-05-01 16:00:00+00:00,1777651200000,155.37,156.0,152.71,154.325,1377687.829913,212568966.0285964
2026-05-01 17:00:00+00:00,1777654800000,154.31,155.8,154.1221,155.5,951444.421048,147328504.55490386
2026-05-01 18:00:00+00:00,1777658400000,155.44,155.55,151.75,152.24,1105502.1880510005,169863506.60016277
2026-05-01 19:00:00+00:00,1777662000000,152.17,154.68,151.7,154.58,1892512.3640710004,290403372.7493853
2026-05-01 20:00:00+00:00,1777665600000,154.6,155.21,153.62,154.05,100071.257286,15471316.590187458
2026-05-01 21:00:00+00:00,1777669200000,153.9,154.5,153.8,154.49,17818.225272,2748530.739284561
2026-05-01 22:00:00+00:00,1777672800000,154.57,154.7242,154.31,154.52,5732.647327000001,886040.8371847837
2026-05-01 23:00:00+00:00,1777676400000,154.65,155.0,154.58,155.0,111700.070072,17261436.288492434
2026-05-04 00:00:00+00:00,1777852800000,156.01,160.57,156.01,160.49,75649.0,12016859.05
2026-05-04 01:00:00+00:00,1777856400000,160.41,160.74,159.38,160.73,23704.0,3794971.68
2026-05-04 02:00:00+00:00,1777860000000,160.73,161.18,159.98,160.89,17627.0,2830251.35
2026-05-04 03:00:00+00:00,1777863600000,160.87,161.26,160.68,161.04,13774.0,2217226.66
2026-05-04 04:00:00+00:00,1777867200000,161.0,161.64,160.92,161.2,14370.0,2318861.01
2026-05-04 05:00:00+00:00,1777870800000,161.2,161.54,160.86,160.86,17929.0,2888468.39
2026-05-04 06:00:00+00:00,1777874400000,160.85,160.88,160.0,160.44,18876.0,3028456.05
2026-05-04 07:00:00+00:00,1777878000000,160.44,160.53,160.01,160.21,13714.0,2198342.44
2026-05-04 08:00:00+00:00,1777881600000,160.3,161.7173,159.12,159.35,148532.669161,23821090.202631447
2026-05-04 09:00:00+00:00,1777885200000,159.4,160.3,159.0,159.75,37028.621402,5917421.791802994
2026-05-04 10:00:00+00:00,1777888800000,160.25,160.25,155.0,158.02,174925.67363600005,27492368.422675584
2026-05-04 11:00:00+00:00,1777892400000,158.01,159.75,158.0,159.6,166510.542481,26474610.118634563
2026-05-04 12:00:00+00:00,1777896000000,160.1,160.58,159.3,160.46,172237.38292799998,27548008.724008463
2026-05-04 13:00:00+00:00,1777899600000,159.59,176.66,158.97,176.235,6928477.1794,1176656350.9003227
2026-05-04 14:00:00+00:00,1777903200000,176.095,176.53,171.19,172.26,3760897.816084,651018181.5802095
2026-05-04 15:00:00+00:00,1777906800000,171.99,173.47,168.6,169.73,2688255.425298,459276342.26274943
2026-05-04 16:00:00+00:00,1777910400000,169.29,173.8099,167.5,173.69,1809589.054385,309087220.3520408
2026-05-04 17:00:00+00:00,1777914000000,173.5,175.713,172.94,174.89,1914480.0364419995,334000570.05367845
2026-05-04 18:00:00+00:00,1777917600000,174.91,175.96,173.33,175.8,1529619.900635,267021616.08012024
2026-05-04 19:00:00+00:00,1777921200000,175.9,179.41,175.58,176.375,4054379.606657001,720040789.7479354
2026-05-04 20:00:00+00:00,1777924800000,176.13,176.61,175.16,175.94,190227.820668,33477319.11138624
2026-05-04 21:00:00+00:00,1777928400000,175.91,176.07,175.77,175.84,15169.751647,2667995.240667772
2026-05-04 22:00:00+00:00,1777932000000,175.9305,176.22,175.5001,175.5601,31317.085903,5507748.424594971
2026-05-04 23:00:00+00:00,1777935600000,175.56,176.2008,175.1701,175.4,32670.400753,5738238.989377146
2026-05-05 00:00:00+00:00,1777939200000,176.1,177.41,175.45,177.3,3756.0,661701.5
2026-05-05 01:00:00+00:00,1777942800000,177.3,177.74,176.47,177.59,7723.0,1367595.5
2026-05-05 02:00:00+00:00,1777946400000,177.59,179.14,177.58,178.19,20860.0,3718298.14
2026-05-05 03:00:00+00:00,1777950000000,178.22,178.91,178.16,178.57,7360.0,1314214.39
2026-05-05 04:00:00+00:00,1777953600000,178.49,178.99,178.14,178.38,10458.0,1867233.16
2026-05-05 05:00:00+00:00,1777957200000,178.23,178.75,177.72,178.55,9871.0,1759487.04
2026-05-05 06:00:00+00:00,1777960800000,178.71,178.74,177.74,178.17,11281.0,2010062.19
2026-05-05 07:00:00+00:00,1777964400000,178.25,179.01,178.25,178.7,11149.0,1991688.58
2026-05-05 08:00:00+00:00,1777968000000,177.82,179.32,176.81,178.39,128792.932085,22985056.383135945
2026-05-05 09:00:00+00:00,1777971600000,178.25,178.55,176.74,177.0,31103.734036,5531898.630251515
2026-05-05 10:00:00+00:00,1777975200000,176.85,177.0,172.0,174.35,176257.80294899995,30649486.980581895
2026-05-05 11:00:00+00:00,1777978800000,174.5,174.75,172.35,173.59,169472.96989200005,29437336.239161484
2026-05-05 12:00:00+00:00,1777982400000,173.86,174.99,173.6,174.99,112547.87976,19674168.471994296
2026-05-05 13:00:00+00:00,1777986000000,171.61,175.91,168.71,173.49,2401242.816578,415165998.3879149
2026-05-05 14:00:00+00:00,1777989600000,173.28,179.96,172.54,178.29,2523204.278323,448459693.8443156
2026-05-05 15:00:00+00:00,1777993200000,178.23,178.265,174.3,177.295,1578433.9319019995,278130792.1518693
2026-05-05 16:00:00+00:00,1777996800000,177.54,178.3,174.32,176.86,826662.0081140002,145835247.49662808
2026-05-05 17:00:00+00:00,1778000400000,176.77,177.45,175.42,176.01,802645.128575,141516850.81895685
2026-05-05 18:00:00+00:00,1778004000000,175.78,177.99,175.4,177.485,637054.3526949997,112797990.38601148
2026-05-05 19:00:00+00:00,1778007600000,177.16,177.5,175.0401,175.87,1281439.412779,226089353.2103088
2026-05-05 20:00:00+00:00,1778011200000,175.92,176.94,175.3,176.38,315627.796836,55530449.87803691
2026-05-05 21:00:00+00:00,1778014800000,176.37,176.72,175.71,175.7398,32505.54761,5724132.668032931
2026-05-05 22:00:00+00:00,1778018400000,175.5,176.67,175.3,176.31,56286.481484,9897600.649535457
2026-05-05 23:00:00+00:00,1778022000000,176.68,176.79,176.0,176.0,21280.877352000003,3756253.6119977566
2026-05-06 00:00:00+00:00,1778025600000,176.17,176.2,175.01,175.65,5125.0,899069.71
2026-05-06 01:00:00+00:00,1778029200000,175.86,176.63,175.86,176.31,3434.0,605467.02
2026-05-06 02:00:00+00:00,1778032800000,176.39,176.57,176.31,176.46,3646.0,643253.05
2026-05-06 03:00:00+00:00,1778036400000,176.5,177.73,176.38,177.4,6598.0,1167860.33
2026-05-06 04:00:00+00:00,1778040000000,177.54,177.85,176.87,177.12,7725.0,1369845.3
2026-05-06 05:00:00+00:00,1778043600000,177.14,177.48,176.92,177.21,2478.0,439159.75
2026-05-06 06:00:00+00:00,1778047200000,177.2,177.49,176.89,177.41,4922.0,872284.57
2026-05-06 07:00:00+00:00,1778050800000,177.33,178.01,177.12,178.0,5999.0,1065426.81
2026-05-06 08:00:00+00:00,1778054400000,176.71,180.75,176.4,180.3,110331.743158,19669237.04705203
2026-05-06 09:00:00+00:00,1778058000000,180.22,180.64,179.0,179.3,52520.84405600001,9446855.943255449
2026-05-06 10:00:00+00:00,1778061600000,179.3,181.99,179.0,180.6,63174.10653300001,11410835.627344431
2026-05-06 11:00:00+00:00,1778065200000,180.39,183.73,180.01,181.99,279827.659765,50980905.8840741
2026-05-06 12:00:00+00:00,1778068800000,181.82,182.6512,180.0,181.82,203132.121235,36777984.644142315
2026-05-06 13:00:00+00:00,1778072400000,178.97,182.95,176.81,178.33,2754821.733445001,495831272.89104533
2026-05-06 14:00:00+00:00,1778076000000,177.975,187.91,175.11,187.11,3494746.672526,632622886.8819962
2026-05-06 15:00:00+00:00,1778079600000,187.74,194.44,187.26,191.66,3280831.449357999,625839268.2031692
2026-05-06 16:00:00+00:00,1778083200000,191.51,193.19,189.71,191.56,1699148.664817,325296234.7737543
2026-05-06 17:00:00+00:00,1778086800000,191.39,194.0,191.34,192.06,1274215.0231930004,245520337.8429108
2026-05-06 18:00:00+00:00,1778090400000,191.89,195.99,191.58,195.16,1708812.14632,331855590.8457098
2026-05-06 19:00:00+00:00,1778094000000,194.98,195.83,193.98,195.13,3101956.7939250004,604605500.6607158
2026-05-06 20:00:00+00:00,1778097600000,195.47,195.8,193.92,194.26,187632.400903,36571168.57464247
2026-05-06 21:00:00+00:00,1778101200000,194.04,194.79,192.2982,192.6118,81093.803649,15709280.798994793
2026-05-06 22:00:00+00:00,1778104800000,192.53,195.09,192.01,192.8,41963.725291,8080534.94203496
2026-05-06 23:00:00+00:00,1778108400000,193.03,194.0,192.7,193.3,26429.355079,5108958.198772189
2026-05-07 00:00:00+00:00,1778112000000,193.97,194.47,192.4,192.66,5009.0,966488.75
2026-05-07 01:00:00+00:00,1778115600000,192.46,193.18,191.79,193.05,5822.0,1120038.26
2026-05-07 02:00:00+00:00,1778119200000,193.09,193.52,192.51,193.52,6066.0,1172091.71
2026-05-07 03:00:00+00:00,1778122800000,193.5,194.3,192.98,194.11,4640.0,899456.37
2026-05-07 04:00:00+00:00,1778126400000,194.08,194.7,193.81,194.41,5614.0,1091146.69
2026-05-07 05:00:00+00:00,1778130000000,194.29,194.61,193.75,194.43,4779.0,927543.69
2026-05-07 06:00:00+00:00,1778133600000,194.41,194.58,193.63,194.23,12612.0,2447071.75
2026-05-07 07:00:00+00:00,1778137200000,193.97,195.0,193.88,194.94,13530.0,2631208.75
2026-05-07 08:00:00+00:00,1778140800000,195.08,195.08,192.49,192.94,92432.369322,17929605.81218268
2026-05-07 09:00:00+00:00,1778144400000,192.42,192.42,190.77,191.0,33989.14459,6514277.878172384
2026-05-07 10:00:00+00:00,1778148000000,190.84,193.0,190.61,192.69,26531.734636,5085854.946507522
2026-05-07 11:00:00+00:00,1778151600000,193.05,193.2,190.28,190.8,161973.804706,31045324.77943337
2026-05-07 12:00:00+00:00,1778155200000,189.75,190.99,188.3001,189.75,122645.233093,23257031.58357595
2026-05-07 13:00:00+00:00,1778158800000,190.64,191.4,184.5,188.47,2504215.698032999,468734336.34799045
2026-05-07 14:00:00+00:00,1778162400000,188.06,197.89,187.6601,193.66,2974144.7901079995,576340186.9338936
2026-05-07 15:00:00+00:00,1778166000000,193.61,194.8399,186.58,186.93,2570929.9776909994,491126810.38229376
2026-05-07 16:00:00+00:00,1778169600000,186.99,187.33,177.0,180.02,3909766.732053001,706110127.4355433
2026-05-07 17:00:00+00:00,1778173200000,180.47,185.1899,179.32,184.91,1793737.3122049998,326375526.4201739
2026-05-07 18:00:00+00:00,1778176800000,184.895,184.98,180.0601,183.12,1402845.2697770002,256402098.2084247
2026-05-07 19:00:00+00:00,1778180400000,182.93,185.4499,182.1601,184.71,1887019.7436189996,347174269.83497226
2026-05-07 20:00:00+00:00,1778184000000,185.85,193.0,181.72,187.46,441264.6564630001,82716074.76269922
2026-05-07 21:00:00+00:00,1778187600000,186.37,187.0,174.0,175.656,293065.79278200003,52542417.88523799
2026-05-07 22:00:00+00:00,1778191200000,175.717,179.74,175.6,179.14,111085.395487,19734920.369401176
2026-05-07 23:00:00+00:00,1778194800000,178.9,180.52,178.08,179.29,71734.89445200001,12892539.558406811
2026-05-08 00:00:00+00:00,1778198400000,182.8,184.64,178.59,181.7,12645.0,2285378.28
2026-05-08 01:00:00+00:00,1778202000000,181.87,182.48,180.95,180.95,9540.0,1735529.55
2026-05-08 02:00:00+00:00,1778205600000,180.63,180.78,178.74,179.54,14453.0,2593894.96
2026-05-08 03:00:00+00:00,1778209200000,179.56,180.97,179.34,180.82,4733.0,852655.09
2026-05-08 04:00:00+00:00,1778212800000,180.82,181.35,180.39,181.01,4005.0,724472.97
2026-05-08 05:00:00+00:00,1778216400000,181.01,182.14,180.98,180.98,9317.0,1690967.12
2026-05-08 06:00:00+00:00,1778220000000,181.09,181.41,180.77,181.01,13701.0,2480336.64
2026-05-08 07:00:00+00:00,1778223600000,181.01,182.75,181.0,182.29,21449.0,3909037.55
2026-05-08 08:00:00+00:00,1778227200000,181.02,184.73,179.29,183.1654,125049.00640699998,22771198.978503164
2026-05-08 09:00:00+00:00,1778230800000,184.2,187.25,181.5,182.75,84417.161383,15606107.765997687
2026-05-08 10:00:00+00:00,1778234400000,183.02,183.5,181.71,183.0,22632.754997,4136298.931537728
2026-05-08 11:00:00+00:00,1778238000000,183.35,185.7,181.98,184.4,106574.918987,19594097.265533116
2026-05-08 12:00:00+00:00,1778241600000,186.93,187.75,183.2,185.84,151881.83050699998,28197150.409102507
2026-05-08 13:00:00+00:00,1778245200000,183.34,188.2499,177.71,183.65,2129473.078709999,386875854.6261808
2026-05-08 14:00:00+00:00,1778248800000,183.77,186.4,179.0,182.44,2443461.266083,446773453.46631306
2026-05-08 15:00:00+00:00,1778252400000,181.42,182.0,176.51,177.21,1834346.861909001,328876563.61262715
2026-05-08 16:00:00+00:00,1778256000000,177.29,180.5,177.25,178.3,1545469.751172,276205735.7415594
2026-05-08 17:00:00+00:00,1778259600000,178.24,181.9,177.5901,180.23,1131111.723783,203601806.94852567
2026-05-08 18:00:00+00:00,1778263200000,179.8,182.1,178.7,178.85,788373.0901490003,142331773.9731743
2026-05-08 19:00:00+00:00,1778266800000,178.81,179.09,176.5,176.93,1794338.107973,318480659.46034366
2026-05-08 20:00:00+00:00,1778270400000,176.6,177.65,176.22,176.6,92746.64775199998,16408449.405675804
2026-05-08 21:00:00+00:00,1778274000000,177.17,178.1,177.17,178.0,25944.659879,4610189.636811122
2026-05-08 22:00:00+00:00,1778277600000,177.63,178.45,177.63,177.89,26697.62536,4753781.841364136
2026-05-08 23:00:00+00:00,1778281200000,177.85,178.55,177.6781,178.34,30546.006441,5442320.875580088
2026-05-11 00:00:00+00:00,1778457600000,178.5,179.52,175.6,175.96,35026.0,6231091.87
2026-05-11 01:00:00+00:00,1778461200000,175.85,176.96,175.02,175.71,12816.0,2253719.58
2026-05-11 02:00:00+00:00,1778464800000,175.75,176.47,175.75,176.0,5793.0,1019441.72
2026-05-11 03:00:00+00:00,1778468400000,175.9,175.91,175.38,175.51,6021.0,1057423.73
2026-05-11 04:00:00+00:00,1778472000000,175.6,176.22,175.08,176.22,7045.0,1237124.8
2026-05-11 05:00:00+00:00,1778475600000,176.22,176.73,175.99,176.23,7835.0,1381538.17
2026-05-11 06:00:00+00:00,1778479200000,176.23,176.3,175.54,175.73,7608.0,1338831.32
2026-05-11 07:00:00+00:00,1778482800000,175.73,175.96,175.14,175.53,5496.0,964190.28
2026-05-11 08:00:00+00:00,1778486400000,175.43,177.25,175.14,176.0,70106.17060299999,12351319.158070657
2026-05-11 09:00:00+00:00,1778490000000,175.2,177.05,175.18,176.1288,13829.432956,2436093.3376116767
2026-05-11 10:00:00+00:00,1778493600000,176.15,176.32,175.73,176.01,12975.974136,2283606.6530644726
2026-05-11 11:00:00+00:00,1778497200000,176.18,180.75,176.0,179.38,156332.40547399997,27930519.527630854
2026-05-11 12:00:00+00:00,1778500800000,179.15,180.32,177.8,178.625,137558.05905,24630279.437720984
2026-05-11 13:00:00+00:00,1778504400000,181.58,195.09,178.0,190.86,3299838.5268820007,621945645.934255
2026-05-11 14:00:00+00:00,1778508000000,190.93,196.456,187.64,190.63,3178732.716854999,610495962.1613904
2026-05-11 15:00:00+00:00,1778511600000,191.14,193.98,190.16,192.02,1448674.069091,278978553.72260624
2026-05-11 16:00:00+00:00,1778515200000,192.41,193.46,189.441,189.86,1242238.9704039998,238758827.00723687
2026-05-11 17:00:00+00:00,1778518800000,189.86,190.5663,187.4101,187.74,1052084.196687,198566583.77959633
2026-05-11 18:00:00+00:00,1778522400000,188.04,190.0,185.04,185.235,1117710.8856100002,210366265.88916367
2026-05-11 19:00:00+00:00,1778526000000,185.235,188.75,185.15,186.13,1584180.0965280004,295703056.8179165
2026-05-11 20:00:00+00:00,1778529600000,186.1,187.75,186.02,187.6,98989.56598800002,18484777.008942787
2026-05-11 21:00:00+00:00,1778533200000,187.57,187.6,187.0,187.2,21753.608394,4073139.1096100416
2026-05-11 22:00:00+00:00,1778536800000,187.6,188.75,187.6,188.59,22330.753898,4203849.278163312
2026-05-11 23:00:00+00:00,1778540400000,188.65,189.5,188.26,189.29,18956.33741,3579767.834249148
2026-05-12 00:00:00+00:00,1778544000000,189.0,190.0,188.55,188.82,6283.0,1189063.52
2026-05-12 01:00:00+00:00,1778547600000,188.91,189.32,180.23,184.09,30229.0,5588557.01
2026-05-12 02:00:00+00:00,1778551200000,184.09,186.67,183.99,186.5,5762.0,1070314.39
2026-05-12 03:00:00+00:00,1778554800000,186.65,187.64,185.86,185.99,5843.0,1090985.28
2026-05-12 04:00:00+00:00,1778558400000,185.85,186.46,183.7,183.7,7154.0,1326394.54
2026-05-12 05:00:00+00:00,1778562000000,183.87,185.79,183.33,184.04,5095.0,938877.46
2026-05-12 06:00:00+00:00,1778565600000,184.09,184.11,182.34,182.49,11990.0,2195581.64
2026-05-12 07:00:00+00:00,1778569200000,182.35,184.61,181.71,184.11,20282.0,3714752.02
2026-05-12 08:00:00+00:00,1778572800000,183.76,186.35,181.71,183.71,108248.51433,19918928.19522906
2026-05-12 09:00:00+00:00,1778576400000,184.29,184.69,182.3,184.05,32636.94086,5989759.84521322
2026-05-12 10:00:00+00:00,1778580000000,184.48,185.3,183.7,184.05,25260.391987000003,4660135.62929051
2026-05-12 11:00:00+00:00,1778583600000,184.48,184.86,182.55,182.55,72454.54022200001,13298030.985093039
2026-05-12 12:00:00+00:00,1778587200000,182.43,183.5,181.09,182.43,87246.66779699999,15919358.543578247
2026-05-12 13:00:00+00:00,1778590800000,180.32,185.61,179.06,180.535,1780292.616309,324890762.3988167
2026-05-12 14:00:00+00:00,1778594400000,180.19,182.71,176.5,177.825,2011144.9014070008,361405755.5001901
2026-05-12 15:00:00+00:00,1778598000000,178.53,178.99,173.1,173.295,1790908.015166,314085149.52057666
2026-05-12 16:00:00+00:00,1778601600000,173.1,175.75,172.25,173.26,1079549.7129589997,188044065.62604576
2026-05-12 17:00:00+00:00,1778605200000,173.83,178.4899,173.31,177.89,1155958.696532,204266108.98394972
2026-05-12 18:00:00+00:00,1778608800000,177.82,179.7968,176.09,176.29,950186.5748549998,169555378.21939805
2026-05-12 19:00:00+00:00,1778612400000,176.25,180.4599,176.18,179.37,1677537.1782250004,299900870.2685853
2026-05-12 20:00:00+00:00,1778616000000,179.11,180.48,178.0,179.97,91744.559719,16418624.756224183
2026-05-12 21:00:00+00:00,1778619600000,179.76,180.79,179.12,180.2,57349.302383,10322650.766660705
2026-05-12 22:00:00+00:00,1778623200000,180.02,180.89,179.9,180.61,39586.924801,7143088.463247321
2026-05-12 23:00:00+00:00,1778626800000,180.3,180.5,178.55,179.7,74687.30817900001,13419322.59736874
2026-05-13 00:00:00+00:00,1778630400000,177.01,181.48,177.01,181.0,9487.0,1713528.92
2026-05-13 01:00:00+00:00,1778634000000,180.91,181.99,180.54,181.79,12366.0,2237714.33
2026-05-13 02:00:00+00:00,1778637600000,181.96,182.73,181.5,182.0,15068.0,2745015.68
2026-05-13 03:00:00+00:00,1778641200000,181.99,182.79,181.18,182.01,13584.0,2471677.78
2026-05-13 04:00:00+00:00,1778644800000,182.1,183.51,182.04,183.19,16343.0,2989692.54
2026-05-13 05:00:00+00:00,1778648400000,183.15,184.39,183.13,183.16,21286.0,3908104.97
2026-05-13 06:00:00+00:00,1778652000000,183.33,184.02,182.99,183.29,24488.0,4495548.99
2026-05-13 07:00:00+00:00,1778655600000,183.29,183.9,183.0,183.87,21842.0,4005356.05
2026-05-13 08:00:00+00:00,1778659200000,183.95,187.0,182.21,185.9,261595.7697,48348679.50707037
2026-05-13 09:00:00+00:00,1778662800000,185.93,186.5084,183.71,185.79,87902.15544,16266619.102147128
2026-05-13 10:00:00+00:00,1778666400000,185.17,187.45,185.0,185.66,76917.247247,14335051.98597394
2026-05-13 11:00:00+00:00,1778670000000,185.5,211.38,185.5,207.7,2184891.6437060004,443641592.7870103
2026-05-13 12:00:00+00:00,1778673600000,205.13,214.44,203.3,206.23,1459033.35224,304698835.05172783
2026-05-13 13:00:00+00:00,1778677200000,206.45,210.7,195.0,204.47,10524482.970751,2131260423.9919312
2026-05-13 14:00:00+00:00,1778680800000,204.78,211.5894,198.0,208.67,6179665.112433999,1270575607.1405935
2026-05-13 15:00:00+00:00,1778684400000,208.99,209.75,204.672,204.9,2795962.7088239994,580405790.4329184
2026-05-13 16:00:00+00:00,1778688000000,205.55,212.87,204.73,212.14,3341410.006051001,704422691.8356478
2026-05-13 17:00:00+00:00,1778691600000,212.04,214.56,210.2001,210.94,2455831.9949590005,522483168.59151727
2026-05-13 18:00:00+00:00,1778695200000,210.94,217.34,210.66,213.77,2397146.5184110003,513985369.3183538
2026-05-13 19:00:00+00:00,1778698800000,213.33,215.39,205.88,207.35,3750184.851579,790133196.7119123
2026-05-13 20:00:00+00:00,1778702400000,207.27,208.25,206.4,207.7499,678579.4643090001,140640411.89223686
2026-05-13 21:00:00+00:00,1778706000000,207.75,209.4,207.44,208.2,108324.37721499996,22507075.81097117
2026-05-13 22:00:00+00:00,1778709600000,208.18,209.2,208.17,209.0,29015.22676,6058672.401278276
2026-05-13 23:00:00+00:00,1778713200000,208.81,209.6,208.5,208.99,45183.877913,9448829.957227603
2026-05-14 00:00:00+00:00,1778716800000,209.0,209.86,208.51,209.86,10921.0,2282901.25
2026-05-14 01:00:00+00:00,1778720400000,209.84,210.97,207.31,207.36,24329.0,5087885.6
2026-05-14 02:00:00+00:00,1778724000000,207.65,208.75,207.11,207.14,7013.0,1458671.61
2026-05-14 03:00:00+00:00,1778727600000,207.07,207.9,205.15,206.0,11235.0,2319209.71
2026-05-14 04:00:00+00:00,1778731200000,206.22,209.21,205.74,208.06,6365.0,1322761.77
2026-05-14 05:00:00+00:00,1778734800000,208.06,209.71,208.06,209.01,12844.0,2685110.49
2026-05-14 06:00:00+00:00,1778738400000,209.1,210.66,208.89,209.98,9336.0,1958062.66
2026-05-14 07:00:00+00:00,1778742000000,209.98,210.18,209.3,209.62,6881.0,1442926.89
2026-05-14 08:00:00+00:00,1778745600000,206.8,210.51,205.71,208.2,154204.70434899998,32181750.774114553
2026-05-14 09:00:00+00:00,1778749200000,208.01,208.5,205.25,206.0,43009.845637000006,8889175.973610194
2026-05-14 10:00:00+00:00,1778752800000,206.07,207.47,205.3835,207.02,35021.632907,7230009.486015999
2026-05-14 11:00:00+00:00,1778756400000,206.97,208.49,205.75,207.69,93315.373133,19283341.911815047
2026-05-14 12:00:00+00:00,1778760000000,211.19,212.75,207.58,210.46,214744.204565,45247999.73917518
2026-05-14 13:00:00+00:00,1778763600000,213.19,223.3,207.75,219.59,5037237.351832,1091837315.1691117
2026-05-14 14:00:00+00:00,1778767200000,219.775,229.4989,219.0,226.83,5217848.623546001,1169944453.0168972
2026-05-14 15:00:00+00:00,1778770800000,227.21,232.7,226.805,231.56,4115142.344875,944641624.6361527
2026-05-14 16:00:00+00:00,1778774400000,230.82,233.7299,230.0,232.32,3103031.9847699995,718921931.4498571
2026-05-14 17:00:00+00:00,1778778000000,232.44,232.9,223.3201,223.72,4049921.3929810007,919560571.7732512
2026-05-14 18:00:00+00:00,1778781600000,223.44,230.22,222.54,226.89,2204345.098564999,499692189.10271674
2026-05-14 19:00:00+00:00,1778785200000,227.32,228.26,220.732,221.065,3472439.403258,778177837.1974016
2026-05-14 20:00:00+00:00,1778788800000,221.15,222.69,220.77,222.0,941070.040882,208695080.11813948
2026-05-14 21:00:00+00:00,1778792400000,222.176,222.52,221.6,222.2,21820.551533000005,4847223.863706081
2026-05-14 22:00:00+00:00,1778796000000,222.2175,222.4038,221.08,222.4038,30791.557015,6832686.53065262
2026-05-14 23:00:00+00:00,1778799600000,221.72,221.75,221.08,221.2,28676.812668,6349086.472232936
2026-05-15 00:00:00+00:00,1778803200000,221.72,223.7,220.9,221.8,16846.0,3741954.2
2026-05-15 01:00:00+00:00,1778806800000,221.49,221.76,215.39,216.29,24222.0,5282622.55
2026-05-15 02:00:00+00:00,1778810400000,216.26,219.37,214.8,219.08,23793.0,5150357.53
2026-05-15 03:00:00+00:00,1778814000000,219.09,219.63,217.21,217.5,9197.0,2007970.59
2026-05-15 04:00:00+00:00,1778817600000,217.5,217.5,214.59,214.68,17810.0,3841229.66
2026-05-15 05:00:00+00:00,1778821200000,214.5,214.66,209.48,210.1,47999.0,10178113.12
2026-05-15 06:00:00+00:00,1778824800000,210.1,214.88,209.49,213.98,42136.0,8947903.63
2026-05-15 07:00:00+00:00,1778828400000,213.79,215.73,213.71,214.31,22864.0,4909426.28
2026-05-15 08:00:00+00:00,1778832000000,215.0,220.41,209.53,214.0,299666.582371,64021248.124272235
2026-05-15 09:00:00+00:00,1778835600000,214.13,215.0,212.5,213.0,45104.32823200001,9620929.118765708
2026-05-15 10:00:00+00:00,1778839200000,213.6,220.0,213.0,218.81,89966.65274300001,19556923.98327752
2026-05-15 11:00:00+00:00,1778842800000,218.98,219.5,215.5303,216.99,115740.816632,25219403.11043796
2026-05-15 12:00:00+00:00,1778846400000,213.29,216.54,212.547,214.69,197551.188374,42347843.1894853
2026-05-15 13:00:00+00:00,1778850000000,214.03,228.79,213.26,221.48,4690560.830015999,1041961182.779754
2026-05-15 14:00:00+00:00,1778853600000,221.38,227.92,219.2,219.77,3977680.2601260007,892178169.3932474
2026-05-15 15:00:00+00:00,1778857200000,220.13,221.27,214.1501,214.34,2504174.185308,546489939.1384612
2026-05-15 16:00:00+00:00,1778860800000,214.24,215.5,211.8,212.03,1918251.674329,409253431.78823656
2026-05-15 17:00:00+00:00,1778864400000,213.39,221.78,212.685,221.39,2973292.180171,645957835.3355623
2026-05-15 18:00:00+00:00,1778868000000,221.73,225.5,220.52,224.55,2239821.208435001,499023653.91872615
2026-05-15 19:00:00+00:00,1778871600000,224.5,225.0,217.15,220.12,2796447.156103,617551170.5602812
2026-05-15 20:00:00+00:00,1778875200000,219.55,221.0,218.4185,219.57,157546.32381200002,34625657.084460415
2026-05-15 21:00:00+00:00,1778878800000,219.8023,220.26,219.0,219.0,50127.08822400001,11008294.552569726
2026-05-15 22:00:00+00:00,1778882400000,219.01,219.39,218.0,218.06,15983.0,3494524.7183
2026-05-15 23:00:00+00:00,1778886000000,218.169,219.3,217.0,217.86,20333.951717,4429938.453904246
2026-05-18 00:00:00+00:00,1779062400000,217.3,217.3,212.75,214.01,34079.0,7296405.47
2026-05-18 01:00:00+00:00,1779066000000,214.11,216.85,213.74,216.65,17847.0,3839388.64
2026-05-18 02:00:00+00:00,1779069600000,216.49,218.8,215.25,217.38,12021.0,2615090.65
2026-05-18 03:00:00+00:00,1779073200000,217.43,218.0,216.41,217.34,6014.0,1305201.75
2026-05-18 04:00:00+00:00,1779076800000,217.34,218.87,216.49,218.11,2105.0,458286.5
2026-05-18 05:00:00+00:00,1779080400000,218.15,218.57,217.19,218.35,2551.0,556609.19
2026-05-18 06:00:00+00:00,1779084000000,218.02,218.02,216.64,217.67,5730.0,1245324.8
2026-05-18 07:00:00+00:00,1779087600000,217.9,218.47,217.22,218.0,3915.0,853100.89
2026-05-18 08:00:00+00:00,1779091200000,218.59,225.1,216.454,224.5,133733.20680300004,29600507.993776027
2026-05-18 09:00:00+00:00,1779094800000,224.11,224.3,222.22,224.21,20406.995971,4562504.327714311
2026-05-18 10:00:00+00:00,1779098400000,222.57,222.88,216.0,217.67,66808.550828,14587540.179612476
2026-05-18 11:00:00+00:00,1779102000000,217.5,221.0,216.88,220.61,87735.524591,19195988.82025833
2026-05-18 12:00:00+00:00,1779105600000,219.37,222.01,217.8003,221.99,105772.988355,23284305.05963142
2026-05-18 13:00:00+00:00,1779109200000,220.3,221.3,200.06,202.99,4388890.893272,906763291.8917469
2026-05-18 14:00:00+00:00,1779112800000,202.94,205.86,197.06,200.35,3778294.5694300006,759370710.4710082
2026-05-18 15:00:00+00:00,1779116400000,200.05,201.49,196.35,196.5,2065897.8419190005,410812462.63652927
2026-05-18 16:00:00+00:00,1779120000000,196.65,198.25,192.8001,196.115,2367610.672182,462227210.96368855
2026-05-18 17:00:00+00:00,1779123600000,196.09,196.22,193.565,194.71,1360288.2267630005,265110109.26323077
2026-05-18 18:00:00+00:00,1779127200000,194.71,194.8599,190.0801,191.47,2428168.855336999,466864997.08318686
2026-05-18 19:00:00+00:00,1779130800000,191.365,200.66,191.275,199.79,3137955.692085,617793499.3596029
2026-05-18 20:00:00+00:00,1779134400000,199.44,200.52,199.25,199.69,141513.226058,28310074.655968044
2026-05-18 21:00:00+00:00,1779138000000,200.06,200.71,199.0,199.5,18571.588721,3713030.7331016334
2026-05-18 22:00:00+00:00,1779141600000,200.5,201.88,200.0,200.71,29022.61721,5832051.394423685
2026-05-18 23:00:00+00:00,1779145200000,201.05,201.45,200.0,201.05,19484.656688,3916735.542657683
2026-05-19 00:00:00+00:00,1779148800000,200.91,200.94,197.31,197.31,5562.0,1108524.03
2026-05-19 01:00:00+00:00,1779152400000,197.31,197.82,195.18,196.01,10886.0,2141483.75
2026-05-19 02:00:00+00:00,1779156000000,196.6,196.71,194.01,196.31,6748.0,1316557.47
2026-05-19 03:00:00+00:00,1779159600000,196.24,197.9,195.98,196.54,6126.0,1207086.79
2026-05-19 04:00:00+00:00,1779163200000,196.53,196.54,194.99,196.31,5200.0,1019857.45
2026-05-19 05:00:00+00:00,1779166800000,196.23,196.42,195.49,195.89,2154.0,421701.88
2026-05-19 06:00:00+00:00,1779170400000,195.61,197.46,195.25,196.51,6145.0,1205880.99
2026-05-19 07:00:00+00:00,1779174000000,196.97,197.99,196.38,197.81,13636.0,2686998.88
2026-05-19 08:00:00+00:00,1779177600000,196.8,198.75,193.33,194.82,86560.651622,16946567.380469967
2026-05-19 09:00:00+00:00,1779181200000,192.35,194.3697,191.5,192.57,49408.506428,9526809.86562896
2026-05-19 10:00:00+00:00,1779184800000,192.62,194.0,191.51,193.74,40692.853403,7848475.397975352
2026-05-19 11:00:00+00:00,1779188400000,194.51,195.0,190.22,191.25,166555.18563499997,32024798.050415143
2026-05-19 12:00:00+00:00,1779192000000,192.0,193.49,191.5,192.06,231062.95009,44475458.75922338
2026-05-19 13:00:00+00:00,1779195600000,191.24,197.16,187.77,190.01,2827233.845495,542063000.6862953
2026-05-19 14:00:00+00:00,1779199200000,190.27,190.8,183.0,187.82,3020140.393643,563157726.8375866
2026-05-19 15:00:00+00:00,1779202800000,187.87,195.1699,186.5,193.88,2028537.171962,388138476.7997544
2026-05-19 16:00:00+00:00,1779206400000,194.35,197.88,193.11,197.27,2187339.543781,428983218.6658735
2026-05-19 17:00:00+00:00,1779210000000,197.21,201.36,197.1,200.91,1935622.1494789997,386667623.0685228
2026-05-19 18:00:00+00:00,1779213600000,201.01,202.8099,196.8201,197.16,1465215.678676,293797721.8097181
2026-05-19 19:00:00+00:00,1779217200000,197.57,200.54,196.1501,197.915,1847919.626393,365275870.2535899
2026-05-19 20:00:00+00:00,1779220800000,197.4,198.0,196.63,197.5,158414.538082,31306593.88118621
2026-05-19 21:00:00+00:00,1779224400000,197.43,197.9,196.7588,197.9,8479.0,1672531.9282
2026-05-19 22:00:00+00:00,1779228000000,197.69,197.9331,196.82,197.8999,16700.0,3295676.53
2026-05-19 23:00:00+00:00,1779231600000,197.36,197.99,197.01,197.78,17997.485374,3556600.068411071
2026-05-20 00:00:00+00:00,1779235200000,197.8,197.8,193.62,197.48,4943.0,964798.99
2026-05-20 01:00:00+00:00,1779238800000,197.13,198.52,196.57,198.02,2829.0,558475.49
2026-05-20 02:00:00+00:00,1779242400000,198.02,199.39,197.5,198.23,7363.0,1464282.82
2026-05-20 03:00:00+00:00,1779246000000,198.26,198.5,197.51,198.09,4278.0,848036.07
2026-05-20 04:00:00+00:00,1779249600000,198.29,199.79,198.29,198.51,8550.0,1703206.64
2026-05-20 05:00:00+00:00,1779253200000,198.8,200.29,198.73,199.76,5044.0,1006421.77
2026-05-20 06:00:00+00:00,1779256800000,200.15,201.39,199.82,200.95,8143.0,1635034.86
2026-05-20 07:00:00+00:00,1779260400000,200.95,201.04,200.44,200.71,9308.0,1868648.21
2026-05-20 08:00:00+00:00,1779264000000,202.67,204.75,198.3,204.26,103199.508041,20819510.03199456
2026-05-20 09:00:00+00:00,1779267600000,202.74,203.92,202.73,203.18,22695.882318,4614996.597659743
2026-05-20 10:00:00+00:00,1779271200000,204.02,204.08,202.1,204.02,27374.876535,5562758.323584785
2026-05-20 11:00:00+00:00,1779274800000,202.6,203.99,202.09,203.4,66534.420312,13520985.173521984
2026-05-20 12:00:00+00:00,1779278400000,203.11,204.25,202.5,203.5,64735.19883,13183245.559490902
2026-05-20 13:00:00+00:00,1779282000000,203.78,205.02,193.0,195.13,1968467.956835,390465697.611382
2026-05-20 14:00:00+00:00,1779285600000,195.77,198.48,192.5,197.3,2128327.691551,416993879.96374464
2026-05-20 15:00:00+00:00,1779289200000,196.86,200.69,196.19,200.69,1576231.901523,312915133.32224745
2026-05-20 16:00:00+00:00,1779292800000,200.51,201.3094,194.52,195.57,1323961.5066709996,261367610.10489404
2026-05-20 17:00:00+00:00,1779296400000,195.555,197.01,194.3,194.97,1040735.101711,203416775.23141333
2026-05-20 18:00:00+00:00,1779300000000,195.045,196.76,191.4,191.61,1338076.9741889995,259288274.21202692
2026-05-20 19:00:00+00:00,1779303600000,191.94,192.76,190.64,191.87,1870693.676914,358736753.132664
2026-05-20 20:00:00+00:00,1779307200000,191.81,194.8499,190.49,193.73,581143.738809,111894112.84277144
2026-05-20 21:00:00+00:00,1779310800000,193.99,194.72,193.0,194.0,71567.084569,13897848.323833188
2026-05-20 22:00:00+00:00,1779314400000,191.89,194.3,191.21,192.39,57094.007326000006,10989848.47875903
2026-05-20 23:00:00+00:00,1779318000000,193.69,194.45,193.51,193.69,28007.754672000003,5433988.940523826
2026-05-21 00:00:00+00:00,1779321600000,194.3,195.45,193.61,195.26,7650.0,1487943.18
2026-05-21 01:00:00+00:00,1779325200000,195.4,198.76,195.27,198.61,41139.0,8120916.69
2026-05-21 02:00:00+00:00,1779328800000,198.49,199.59,197.95,198.46,35558.0,7070021.65
2026-05-21 03:00:00+00:00,1779332400000,198.27,200.36,198.25,200.21,15940.0,3179400.17
2026-05-21 04:00:00+00:00,1779336000000,200.34,201.45,200.28,201.41,20292.0,4074940.63
2026-05-21 05:00:00+00:00,1779339600000,201.42,202.96,201.0,201.89,37136.0,7504611.69
2026-05-21 06:00:00+00:00,1779343200000,201.89,202.54,200.04,200.33,33444.0,6744426.52
2026-05-21 07:00:00+00:00,1779346800000,200.29,201.98,199.11,200.99,29757.0,5970049.66
2026-05-21 08:00:00+00:00,1779350400000,201.77,207.03,199.03,206.52,343066.92273099994,69609856.72996445
2026-05-21 09:00:00+00:00,1779354000000,206.85,208.4,205.5,207.12,92617.863992,19199108.974784847
2026-05-21 10:00:00+00:00,1779357600000,207.56,210.0,206.75,207.44,174907.83046600004,36409583.58425662
2026-05-21 11:00:00+00:00,1779361200000,205.76,207.0,204.28,206.11,301765.36890500004,61471446.414698824
2026-05-21 12:00:00+00:00,1779364800000,205.61,214.84,205.0,212.63,698357.0563739999,146655470.68847945
2026-05-21 13:00:00+00:00,1779368400000,213.0,221.5,208.8,219.325,5775182.263998,1243487411.800314
2026-05-21 14:00:00+00:00,1779372000000,219.82,226.81,219.1001,222.105,4850860.811378999,1081742446.023598
2026-05-21 15:00:00+00:00,1779375600000,222.08,224.87,220.8085,223.175,1861247.4642839995,414987829.381182
2026-05-21 16:00:00+00:00,1779379200000,223.26,226.1,222.46,223.25,1565137.3804259996,351435477.8596398
2026-05-21 17:00:00+00:00,1779382800000,223.35,225.6,219.5101,220.07,1748206.7574760003,390175273.3740386
2026-05-21 18:00:00+00:00,1779386400000,220.48,222.0,218.14,219.24,1199601.2007839996,264204367.0648708
2026-05-21 19:00:00+00:00,1779390000000,219.26,221.38,218.385,219.865,2541236.058232,558429254.2119131
2026-05-21 20:00:00+00:00,1779393600000,220.01,221.5,219.5,220.39,292084.38891,64282516.48009062
2026-05-21 21:00:00+00:00,1779397200000,220.79,221.5,220.5,221.5,47965.429316,10561810.06329473
2026-05-21 22:00:00+00:00,1779400800000,221.8,222.22,221.26,222.11,20911.33377,4640657.828172038
2026-05-21 23:00:00+00:00,1779404400000,221.97,223.0,221.9,222.05,23509.027161,5226223.651983143
2026-05-22 00:00:00+00:00,1779408000000,222.1,223.0,221.98,222.49,6430.0,1430597.93
2026-05-22 01:00:00+00:00,1779411600000,222.42,222.68,221.65,221.74,4827.0,1072435.75
2026-05-22 02:00:00+00:00,1779415200000,221.76,222.86,220.99,222.61,5448.0,1207276.71
2026-05-22 03:00:00+00:00,1779418800000,222.56,224.54,222.4,224.48,9830.0,2200777.08
2026-05-22 04:00:00+00:00,1779422400000,224.5,224.5,223.36,224.37,6850.0,1534415.8
2026-05-22 05:00:00+00:00,1779426000000,224.37,225.51,224.15,224.22,11733.0,2637595.05
2026-05-22 06:00:00+00:00,1779429600000,224.1,225.31,223.81,224.48,9428.0,2116443.53
2026-05-22 07:00:00+00:00,1779433200000,224.5,225.1,223.99,224.31,11927.0,2676154.91
2026-05-22 08:00:00+00:00,1779436800000,224.44,225.5042,221.0,221.0,139773.10420999996,31322803.220700465
2026-05-22 09:00:00+00:00,1779440400000,220.74,221.5,218.5,220.99,57366.02134899998,12631556.182685409
2026-05-22 10:00:00+00:00,1779444000000,218.64,220.5,216.3333,218.64,49443.100856,10780104.001184108
2026-05-22 11:00:00+00:00,1779447600000,217.01,218.93,214.8683,216.11,107206.655744,23232014.640357602
2026-05-22 12:00:00+00:00,1779451200000,216.31,218.35,215.5,217.49,110021.130572,23946264.100691658
2026-05-22 13:00:00+00:00,1779454800000,218.72,221.9199,215.52,217.735,1826142.665157,399312390.1909562
2026-05-22 14:00:00+00:00,1779458400000,217.42,219.8,213.5,219.34,1597862.191327,346212635.86408025
2026-05-22 15:00:00+00:00,1779462000000,219.5,219.98,218.3701,218.55,851008.152756,186614684.39014384
2026-05-22 16:00:00+00:00,1779465600000,218.51,219.0399,214.75,215.825,966263.9212560004,208868382.229834
2026-05-22 17:00:00+00:00,1779469200000,216.0,217.93,215.7,216.85,1519405.526927,329325222.27987224
2026-05-22 18:00:00+00:00,1779472800000,216.85,218.23,212.74,212.91,941340.0004069998,202199549.68542343
2026-05-22 19:00:00+00:00,1779476400000,213.04,215.06,210.7301,214.76,1711773.0557389993,364524126.3472868
2026-05-22 20:00:00+00:00,1779480000000,214.51,215.45,214.16,214.51,50096.994017,10763098.698981168
2026-05-22 21:00:00+00:00,1779483600000,214.25,214.3114,213.64,213.78,15223.38149,3259024.554055498
2026-05-22 22:00:00+00:00,1779487200000,213.76,214.1636,213.75,214.11,6420.934273,1373629.8269294628
2026-05-22 23:00:00+00:00,1779490800000,213.79,214.36,213.29,213.79,27192.588052000003,5811744.039190116
2026-05-26 00:00:00+00:00,1779753600000,219.69,222.49,217.79,221.04,26499.0,5857286.11
2026-05-26 01:00:00+00:00,1779757200000,221.04,221.05,218.33,219.69,15790.0,3468467.12
2026-05-26 02:00:00+00:00,1779760800000,219.86,220.76,219.55,220.56,7772.0,1710374.3
2026-05-26 03:00:00+00:00,1779764400000,220.46,220.75,220.18,220.67,3906.0,861470.24
2026-05-26 04:00:00+00:00,1779768000000,220.67,221.18,220.34,220.5,5520.0,1218449.61
2026-05-26 05:00:00+00:00,1779771600000,220.51,220.89,219.49,219.62,7768.0,1709827.31
2026-05-26 06:00:00+00:00,1779775200000,219.63,220.99,219.61,220.84,9859.0,2173967.38
2026-05-26 07:00:00+00:00,1779778800000,220.84,220.84,219.69,219.8,5294.0,1165506.96
2026-05-26 08:00:00+00:00,1779782400000,220.7,221.51,218.87,221.51,82999.12483300001,18307125.26432729
2026-05-26 09:00:00+00:00,1779786000000,221.4,221.4,220.4677,220.61,16747.035251,3701687.6355188848
2026-05-26 10:00:00+00:00,1779789600000,220.6,221.8,220.4102,221.68,29185.512085,6457887.014701576
2026-05-26 11:00:00+00:00,1779793200000,220.94,222.5,220.5,222.26,104086.83281600002,23064247.38846587
2026-05-26 12:00:00+00:00,1779796800000,222.12,223.75,221.8,223.38,110415.115704,24639795.560041822
2026-05-26 13:00:00+00:00,1779800400000,223.75,223.91,210.73,215.3,2656767.844123,572797553.1322123
2026-05-26 14:00:00+00:00,1779804000000,215.38,215.62,211.4,213.47,1731640.2239990004,369502412.7535563
2026-05-26 15:00:00+00:00,1779807600000,213.16,213.66,209.3,209.705,1338172.385114,283284135.4322312
2026-05-26 16:00:00+00:00,1779811200000,209.6,210.97,208.88,209.87,1097834.3303309998,230661030.89135987
2026-05-26 17:00:00+00:00,1779814800000,209.775,211.12,209.07,209.21,800958.2381179999,168290536.8483301
2026-05-26 18:00:00+00:00,1779818400000,209.19,210.07,206.0,206.0,1125375.5681079996,234192006.17395645
2026-05-26 19:00:00+00:00,1779822000000,206.06,209.48,205.66,208.205,1593185.6511149995,331664131.3364719
2026-05-26 20:00:00+00:00,1779825600000,207.31,208.8,207.2605,208.29,80603.22688599999,16763004.733545287
2026-05-26 21:00:00+00:00,1779829200000,208.45,209.79,208.45,209.11,50440.41072799999,10523806.589632751
2026-05-26 22:00:00+00:00,1779832800000,209.11,209.29,208.8,209.11,22769.594159000004,4758731.331260205
2026-05-26 23:00:00+00:00,1779836400000,209.23,209.85,208.911,209.8,20460.549715,4285325.05212366
2026-05-27 00:00:00+00:00,1779840000000,209.62,210.01,208.81,209.65,6293.0,1318117.6
2026-05-27 01:00:00+00:00,1779843600000,209.66,210.19,209.56,209.96,4339.0,910660.77
2026-05-27 02:00:00+00:00,1779847200000,209.83,210.5,209.82,209.95,4721.0,991606.6
2026-05-27 03:00:00+00:00,1779850800000,209.99,210.38,209.18,209.45,6890.0,1445210.15
2026-05-27 04:00:00+00:00,1779854400000,209.31,209.42,206.37,207.74,12759.0,2654445.72
2026-05-27 05:00:00+00:00,1779858000000,207.76,208.32,207.02,208.28,9868.0,2047157.83
2026-05-27 06:00:00+00:00,1779861600000,208.46,208.46,204.71,206.92,39352.0,8133317.96
2026-05-27 07:00:00+00:00,1779865200000,206.92,208.44,206.79,208.44,4172.0,866206.13
2026-05-27 08:00:00+00:00,1779868800000,208.76,212.67,204.4773,212.49,150774.78298199998,31400718.163310472
2026-05-27 09:00:00+00:00,1779872400000,210.68,212.37,210.25,211.01,24232.500818,5118558.450283685
2026-05-27 10:00:00+00:00,1779876000000,210.81,212.0,210.3,210.81,23576.543376,4979106.619034064
2026-05-27 11:00:00+00:00,1779879600000,211.0,211.5,210.2,211.01,85764.86520799999,18089027.933453154
2026-05-27 12:00:00+00:00,1779883200000,210.39,211.5,209.452,210.41,69250.17988800001,14564559.333684387
2026-05-27 13:00:00+00:00,1779886800000,209.89,210.23,198.31,204.32,2354179.1114819995,475372560.8621369
2026-05-27 14:00:00+00:00,1779890400000,204.15,204.55,199.6101,200.935,1746562.0163599998,352391417.450641
2026-05-27 15:00:00+00:00,1779894000000,200.25,204.53,198.7001,204.2,1110540.6452230003,223474760.36261147
2026-05-27 16:00:00+00:00,1779897600000,203.55,208.9999,203.53,208.65,1631203.432177,337490444.0257519
2026-05-27 17:00:00+00:00,1779901200000,208.77,208.88,204.25,205.1,816404.6618390001,168416852.45496297
2026-05-27 18:00:00+00:00,1779904800000,204.695,209.64,204.0401,208.305,1080954.0401459998,224309205.25231248
2026-05-27 19:00:00+00:00,1779908400000,208.38,209.18,206.65,208.55,1648099.3710580005,343156373.58584785
2026-05-27 20:00:00+00:00,1779912000000,208.33,209.5693,208.0,208.33,92824.37994,19356732.92595416
2026-05-27 21:00:00+00:00,1779915600000,210.01,236.4114,209.06,235.2,1644610.6778099998,369694830.1030621
2026-05-27 22:00:00+00:00,1779919200000,238.56,240.89,231.54,233.29,915976.4899080002,217179766.11251768
2026-05-27 23:00:00+00:00,1779922800000,232.5,235.0,232.07,234.27,334349.6606670001,78111135.5096513
2026-05-28 00:00:00+00:00,1779926400000,233.02,234.24,226.76,231.75,79819.0,18344801.62000003
2026-05-28 01:00:00+00:00,1779930000000,231.71,232.75,231.0,232.32,18818.0,4360415.95
2026-05-28 02:00:00+00:00,1779933600000,232.32,232.36,228.63,228.74,27815.0,6409512.88
2026-05-28 03:00:00+00:00,1779937200000,228.74,229.17,224.06,224.75,51567.0,11686834.87999998
2026-05-28 04:00:00+00:00,1779940800000,224.77,225.01,221.22,224.53,51095.0,11421286.39
2026-05-28 05:00:00+00:00,1779944400000,224.63,228.89,223.91,228.49,42243.0,9592538.64
2026-05-28 06:00:00+00:00,1779948000000,228.5,228.98,227.99,228.77,32862.0,7505986.35
2026-05-28 07:00:00+00:00,1779951600000,228.77,230.99,228.77,230.58,35484.0,8163199.22999999
2026-05-28 08:00:00+00:00,1779955200000,231.0,233.01,221.23,231.79,400630.6544279999,91670623.69746631
2026-05-28 09:00:00+00:00,1779958800000,229.9,233.75,229.9,233.26,89567.82643800002,20732506.618735246
2026-05-28 10:00:00+00:00,1779962400000,232.56,233.8,229.4,231.49,107287.593948,24875787.36285844
2026-05-28 11:00:00+00:00,1779966000000,228.0,231.01,225.67,229.7,281969.3210489999,64529806.99934782
2026-05-28 12:00:00+00:00,1779969600000,229.0,231.32,226.0,230.23,487103.8386580001,111441418.49238028
2026-05-28 13:00:00+00:00,1779973200000,230.61,231.15,220.9,221.22,5627891.907674001,1267928028.290743
2026-05-28 14:00:00+00:00,1779976800000,221.705,225.28,219.01,224.43,3760348.6039430015,835523889.4256282
2026-05-28 15:00:00+00:00,1779980400000,224.49,232.89,224.3801,226.76,4062236.388487999,924854233.2507288
2026-05-28 16:00:00+00:00,1779984000000,226.68,230.71,226.15,230.48,2128999.9829100003,487566544.086185
2026-05-28 17:00:00+00:00,1779987600000,230.49,230.64,225.61,226.525,1863673.605629,423988913.525727
2026-05-28 18:00:00+00:00,1779991200000,226.27,229.7,225.89,228.74,2365746.5474330005,539980939.7276181
2026-05-28 19:00:00+00:00,1779994800000,228.68,228.78,225.0,226.345,3185367.6859480008,723134208.6447002
2026-05-28 20:00:00+00:00,1779998400000,226.0,227.7,224.7,227.39,409789.219165,92760461.35509624
2026-05-28 21:00:00+00:00,1780002000000,227.97,230.01,227.1501,228.11,75294.510911,17221834.89098266
2026-05-28 22:00:00+00:00,1780005600000,228.58,228.9999,228.2,228.58,30143.453940000003,6891854.620262689
2026-05-28 23:00:00+00:00,1780009200000,228.6723,229.0,228.44,228.88,25048.440545,5730940.420584894
2026-05-29 00:00:00+00:00,1780012800000,228.52,229.38,228.06,228.49,7520.0,1720641.51
2026-05-29 01:00:00+00:00,1780016400000,228.61,228.61,226.77,227.01,9124.0,2073588.66
2026-05-29 02:00:00+00:00,1780020000000,227.18,227.75,226.51,227.02,3726.0,846099.88
2026-05-29 03:00:00+00:00,1780023600000,227.21,227.81,226.86,226.91,8112.0,1842489.66
2026-05-29 04:00:00+00:00,1780027200000,227.08,228.28,227.0,227.86,9961.0,2267856.08
2026-05-29 05:00:00+00:00,1780030800000,227.98,229.01,227.97,228.95,16443.0,3764043.5
2026-05-29 06:00:00+00:00,1780034400000,228.87,230.35,228.87,229.91,11954.0,2748202.31999999
2026-05-29 07:00:00+00:00,1780038000000,229.93,229.93,226.26,226.69,36782.0,8358145.09000001
2026-05-29 08:00:00+00:00,1780041600000,228.0,230.65,226.3,229.99,139780.259644,31945548.275351327
2026-05-29 09:00:00+00:00,1780045200000,230.3,230.74,228.0,229.23,32761.015627,7523079.099607707
2026-05-29 10:00:00+00:00,1780048800000,228.88,229.5,228.0,228.48,14824.382199,3387672.26743014
2026-05-29 11:00:00+00:00,1780052400000,229.5,229.72,228.39,228.74,72031.66155599999,16498239.810278572
2026-05-29 12:00:00+00:00,1780056000000,229.36,229.99,228.2,228.79,65075.145903,14907798.366820067
2026-05-29 13:00:00+00:00,1780059600000,228.36,233.6,224.3,229.66,3135299.7540430003,720224442.4100616
2026-05-29 14:00:00+00:00,1780063200000,230.06,230.59,210.4,219.01,4870220.628510002,1061085682.8188568
2026-05-29 15:00:00+00:00,1780066800000,219.18,223.4799,219.0,220.21,1604101.060158,354941687.3226448
2026-05-29 16:00:00+00:00,1780070400000,220.42,225.19,220.3655,224.18,1096417.2490649996,244524948.43752447
2026-05-29 17:00:00+00:00,1780074000000,224.11,225.15,219.25,219.79,922466.524692,205229337.70029896
2026-05-29 18:00:00+00:00,1780077600000,219.62,223.05,219.27,220.64,1056016.529061,233515351.04646528
2026-05-29 19:00:00+00:00,1780081200000,220.63,232.01,220.25,231.09,4701140.380966,1070853022.590645
2026-05-29 20:00:00+00:00,1780084800000,230.43,231.21,228.25,230.21,1077238.3956939997,248835175.07958147
2026-05-29 21:00:00+00:00,1780088400000,230.24,230.6814,229.56,230.24,47987.764401,11051140.65411781
2026-05-29 22:00:00+00:00,1780092000000,229.66,229.9558,228.5001,229.0242,25567.169067,5862807.53875377
2026-05-29 23:00:00+00:00,1780095600000,229.3,229.66,228.9,229.3,27384.911238,6278993.1890628105
2026-06-01 00:00:00+00:00,1780272000000,228.0,244.01,228.0,242.15,85603.0,20593059.12000003
2026-06-01 01:00:00+00:00,1780275600000,242.12,242.48,240.49,242.16,44186.0,10690890.97000002
2026-06-01 02:00:00+00:00,1780279200000,242.19,242.9,241.32,242.46,16171.0,3918748.68
2026-06-01 03:00:00+00:00,1780282800000,242.32,242.49,240.51,241.49,20319.0,4913324.17
2026-06-01 04:00:00+00:00,1780286400000,241.29,242.26,241.14,241.95,11120.0,2688505.92
2026-06-01 05:00:00+00:00,1780290000000,241.91,242.24,240.69,240.76,70637.0,17041318.32000002
2026-06-01 06:00:00+00:00,1780293600000,240.76,242.86,240.76,242.61,24275.0,5876287.48000001
2026-06-01 07:00:00+00:00,1780297200000,242.61,244.0,242.0,243.03,39805.0,9674572.78000002
2026-06-01 08:00:00+00:00,1780300800000,243.31,244.0,240.24,243.85,276522.6907910001,66976339.7183355
2026-06-01 09:00:00+00:00,1780304400000,244.8,247.0,243.56,246.01,108414.58819,26621657.4713249
2026-06-01 10:00:00+00:00,1780308000000,246.3,248.41,245.58,246.77,94862.646502,23437685.612455186
2026-06-01 11:00:00+00:00,1780311600000,246.44,248.0,244.81,246.23,278843.99308300007,68748763.4194192
2026-06-01 12:00:00+00:00,1780315200000,245.6,247.75,244.76,245.99,227456.871868,55972814.4861493
2026-06-01 13:00:00+00:00,1780318800000,247.8,259.249,238.0,251.49,4201301.737028999,1059300675.1580648
2026-06-01 14:00:00+00:00,1780322400000,251.0,274.75,250.3,272.55,6332006.224318,1683232149.0054743
2026-06-01 15:00:00+00:00,1780326000000,273.14,274.7978,265.98,270.59,3459570.208113998,937987043.2995735
2026-06-01 16:00:00+00:00,1780329600000,271.29,273.643,269.0101,269.53,2087529.4629229996,566429618.2106878
2026-06-01 17:00:00+00:00,1780333200000,269.56,272.9799,267.56,271.66,1568632.1254319996,422951534.8859304
2026-06-01 18:00:00+00:00,1780336800000,272.2,273.9699,268.52,269.09,1019313.123214,276734339.13449204
2026-06-01 19:00:00+00:00,1780340400000,268.9,270.98,262.6,264.49,2682103.7765470003,711809958.3068721
2026-06-01 20:00:00+00:00,1780344000000,266.71,267.5,264.51,265.51,327670.12340100005,86972923.81511766
2026-06-01 21:00:00+00:00,1780347600000,265.79,267.33,265.52,266.59,95102.516514,25221624.85108876
2026-06-01 22:00:00+00:00,1780351200000,266.99,267.4212,265.55,265.81,48849.977265,13016980.166838652
2026-06-01 23:00:00+00:00,1780354800000,267.2,267.5,266.4067,267.2,36609.598385,9778050.310729971
2026-06-02 00:00:00+00:00,1780358400000,267.0,267.01,260.33,264.19,17221.0,4538652.41
2026-06-02 01:00:00+00:00,1780362000000,264.04,270.11,263.25,266.72,27060.0,7212518.34
2026-06-02 02:00:00+00:00,1780365600000,266.8,267.19,264.6,265.55,10526.0,2792927.65
2026-06-02 03:00:00+00:00,1780369200000,265.55,265.55,261.55,262.9,20528.0,5394120.0
2026-06-02 04:00:00+00:00,1780372800000,263.11,264.32,261.62,264.32,17081.0,4489730.52
2026-06-02 05:00:00+00:00,1780376400000,264.34,267.75,263.94,267.59,20650.0,5502482.26
2026-06-02 06:00:00+00:00,1780380000000,267.6,270.44,267.6,269.93,27482.0,7401343.56
2026-06-02 07:00:00+00:00,1780383600000,269.95,271.71,269.51,271.0,19919.0,5397619.38
2026-06-02 08:00:00+00:00,1780387200000,271.7,273.0,261.63,270.24,228236.28393500004,61450314.26303101
2026-06-02 09:00:00+00:00,1780390800000,269.91,273.3,269.37,271.76,49883.44340300001,13536271.434951276
2026-06-02 10:00:00+00:00,1780394400000,272.17,273.09,270.64,270.71,55783.17890100001,15149288.918449627
2026-06-02 11:00:00+00:00,1780398000000,270.0,282.73,269.6071,278.0,411957.001615,114330962.20231304
2026-06-02 12:00:00+00:00,1780401600000,278.38,280.5,276.23,277.01,236442.662043,65895411.34234008
2026-06-02 13:00:00+00:00,1780405200000,275.9,278.38,267.6901,276.1,3467512.8787820004,951817028.1689923
2026-06-02 14:00:00+00:00,1780408800000,275.5,278.8399,264.61,265.42,3184953.218548,864078445.1827161
2026-06-02 15:00:00+00:00,1780412400000,265.98,267.0899,261.802,264.53,1733747.6438190006,459257614.6141465
2026-06-02 16:00:00+00:00,1780416000000,264.33,267.9,263.23,263.425,829114.5097909997,219870389.50794584
2026-06-02 17:00:00+00:00,1780419600000,263.53,265.195,260.645,262.915,955451.9186960002,251169200.38680452
2026-06-02 18:00:00+00:00,1780423200000,262.61,264.745,261.11,261.795,734619.847536,193111282.4094224
2026-06-02 19:00:00+00:00,1780426800000,261.64,265.17,259.75,260.53,1329866.7155129998,348342228.76802945
2026-06-02 20:00:00+00:00,1780430400000,260.31,261.55,259.59,259.71,363814.117442,94723116.57555181
2026-06-02 21:00:00+00:00,1780434000000,261.31,261.79,260.9,261.31,30373.053368,7889974.663046654
2026-06-02 22:00:00+00:00,1780437600000,261.3,261.75,260.5,260.56,20405.691106,5328293.250216509
2026-06-02 23:00:00+00:00,1780441200000,259.53,260.33,257.1,259.51,52476.221498000006,13585563.735995073
2026-06-03 00:00:00+00:00,1780444800000,260.02,262.51,258.51,260.71,13778.0,3593196.27
2026-06-03 01:00:00+00:00,1780448400000,260.51,260.51,258.19,259.0,8232.0,2132525.32
2026-06-03 02:00:00+00:00,1780452000000,259.01,259.94,258.49,258.9,5323.0,1379009.88
2026-06-03 03:00:00+00:00,1780455600000,259.0,259.81,257.41,258.58,11113.0,2870757.24999999
2026-06-03 04:00:00+00:00,1780459200000,258.59,258.64,257.0,257.01,10434.0,2688923.21
2026-06-03 05:00:00+00:00,1780462800000,257.19,258.25,256.39,256.64,12885.0,3311283.41000001
2026-06-03 06:00:00+00:00,1780466400000,256.73,257.99,256.16,256.82,10357.0,2659596.52
2026-06-03 07:00:00+00:00,1780470000000,257.0,258.46,256.37,258.45,5215.0,1341934.46
2026-06-03 08:00:00+00:00,1780473600000,259.74,266.9,256.16,263.24,140824.41544500002,36689379.2642491
2026-06-03 09:00:00+00:00,1780477200000,262.26,262.86,257.48,258.25,44811.684406,11660591.79667536
2026-06-03 10:00:00+00:00,1780480800000,259.75,259.98,257.22,258.25,43466.01808399999,11243254.925946685
2026-06-03 11:00:00+00:00,1780484400000,261.26,263.0,259.0,260.91,91442.61734200004,23948263.681904025
2026-06-03 12:00:00+00:00,1780488000000,263.0,263.0,260.0,261.51,62744.56413399999,16405563.931404028
2026-06-03 13:00:00+00:00,1780491600000,260.75,267.46,248.72,254.655,2340856.494451999,599134729.0142069
2026-06-03 14:00:00+00:00,1780495200000,253.835,261.8997,253.2,261.26,1482473.573178,382485297.7530753
2026-06-03 15:00:00+00:00,1780498800000,261.99,262.45,254.0862,255.04,851938.9976049999,219659435.86578584
2026-06-03 16:00:00+00:00,1780502400000,255.14,255.6131,247.51,250.895,1188323.5017820003,297677889.1727953
2026-06-03 17:00:00+00:00,1780506000000,250.4,251.976,248.72,250.16,656696.4728389999,164245369.777053
2026-06-03 18:00:00+00:00,1780509600000,250.1,253.77,250.1,251.33,778041.120629,196164551.18793136
2026-06-03 19:00:00+00:00,1780513200000,251.38,251.99,248.22,251.75,1458398.8578810005,365454336.2009683
2026-06-03 20:00:00+00:00,1780516800000,251.98,254.74,248.0,249.01,1562447.243504,390799929.5241178
2026-06-03 21:00:00+00:00,1780520400000,248.62,249.96,245.0,247.24,80827.26362599997,19966799.347162586
2026-06-03 22:00:00+00:00,1780524000000,247.79,249.0,242.0,243.44,67895.165626,16613940.239165636
2026-06-03 23:00:00+00:00,1780527600000,242.49,243.117,237.27,240.26,124276.959027,29863007.592433937
2026-06-04 00:00:00+00:00,1780531200000,241.11,247.76,239.99,247.75,23475.0,5704930.24000001
2026-06-04 01:00:00+00:00,1780534800000,247.75,247.76,243.41,243.6,18929.0,4649671.29999999
2026-06-04 02:00:00+00:00,1780538400000,243.57,244.51,241.49,244.51,11384.0,2765953.59
2026-06-04 03:00:00+00:00,1780542000000,244.2,245.8,244.11,245.49,4076.0,999449.64
2026-06-04 04:00:00+00:00,1780545600000,245.55,246.48,245.19,245.23,5341.0,1312577.11
2026-06-04 05:00:00+00:00,1780549200000,245.24,245.38,244.01,244.88,5303.0,1297118.71
2026-06-04 06:00:00+00:00,1780552800000,244.48,246.44,244.33,246.25,10243.0,2512146.19
2026-06-04 07:00:00+00:00,1780556400000,246.26,246.45,245.31,245.66,6333.0,1557643.36
2026-06-04 08:00:00+00:00,1780560000000,242.65,245.909,239.878,240.16,107575.162133,26195229.702906933
2026-06-04 09:00:00+00:00,1780563600000,238.0,241.0,235.385,240.01,138941.95476500003,33079467.320796926
2026-06-04 10:00:00+00:00,1780567200000,237.26,239.76,236.92,239.24,62389.12762100001,14902185.917686157
2026-06-04 11:00:00+00:00,1780570800000,238.13,243.24,238.111,239.99,177842.426829,42820721.68945979
2026-06-04 12:00:00+00:00,1780574400000,240.98,245.78,238.84,243.98,128198.446661,31131172.353681263
2026-06-04 13:00:00+00:00,1780578000000,243.84,245.142,235.65,238.545,2024279.273552,485346056.897084
2026-06-04 14:00:00+00:00,1780581600000,238.795,248.72,234.86,248.52,2561257.169910999,621011377.8167155
2026-06-04 15:00:00+00:00,1780585200000,247.568,249.85,247.16,249.05,1013359.4312690004,251591914.13425416
2026-06-04 16:00:00+00:00,1780588800000,249.068,253.58,248.31,252.478,885905.0349869997,222575489.71416175
2026-06-04 17:00:00+00:00,1780592400000,252.478,261.118,251.594,260.064,1256669.178972,323673997.0819232
2026-06-04 18:00:00+00:00,1780596000000,260.095,262.19,258.55,259.768,931637.111027,242656251.5397367
2026-06-04 19:00:00+00:00,1780599600000,259.769,264.335,259.12,259.679,1408076.1935609998,367955936.3642121
2026-06-04 20:00:00+00:00,1780603200000,259.69,259.955,256.76,258.05,153186.258706,39624352.529711865
2026-06-04 21:00:00+00:00,1780606800000,258.05,258.58,258.05,258.455,15414.683293000002,3980131.343517443
2026-06-04 22:00:00+00:00,1780610400000,258.418,258.418,254.264,256.474,41779.777753,10699099.182277048
2026-06-04 23:00:00+00:00,1780614000000,256.474,256.475,253.4,254.5,18090.803655,4606195.399858922
2026-06-05 00:00:00+00:00,1780617600000,254.17,254.33,250.28,251.39,27932.0,7031328.62
2026-06-05 01:00:00+00:00,1780621200000,251.15,252.97,247.7,252.83,28867.0,7222071.58
2026-06-05 02:00:00+00:00,1780624800000,252.83,255.01,252.13,252.88,11602.0,2943962.2
2026-06-05 03:00:00+00:00,1780628400000,252.53,253.12,251.57,251.79,2714.0,684259.19
2026-06-05 04:00:00+00:00,1780632000000,251.99,254.54,251.73,254.52,5103.0,1290706.23
2026-06-05 05:00:00+00:00,1780635600000,254.41,254.88,252.26,252.27,5603.0,1420180.59
2026-06-05 06:00:00+00:00,1780639200000,252.26,252.9,249.62,250.48,15584.0,3906279.13
2026-06-05 07:00:00+00:00,1780642800000,250.56,250.62,248.35,250.06,17762.0,4429741.8
2026-06-05 08:00:00+00:00,1780646400000,253.75,253.75,246.653,250.35,139509.68208300002,34821309.726616226
2026-06-05 09:00:00+00:00,1780650000000,250.35,252.25,250.25,251.914,14152.996561,3561880.3986079018
2026-06-05 10:00:00+00:00,1780653600000,251.916,253.75,251.85,252.6,24858.038277,6293443.7839947855
2026-06-05 11:00:00+00:00,1780657200000,252.6,252.9,250.025,250.025,44968.089015,11303556.586758126
2026-06-05 12:00:00+00:00,1780660800000,250.025,251.99,248.458,248.5,116864.349668,29138945.259784155
2026-06-05 13:00:00+00:00,1780664400000,248.5,249.344,230.17,230.404,3406420.5586420004,811140269.8443917
2026-06-05 14:00:00+00:00,1780668000000,230.354,241.735,229.28,240.563,3556435.707821,839639973.1901722
2026-06-05 15:00:00+00:00,1780671600000,240.557,240.557,230.349,231.608,1862311.118804,436432051.9983817
2026-06-05 16:00:00+00:00,1780675200000,231.619,231.661,222.508,226.314,2617224.79895,593330096.3715628
2026-06-05 17:00:00+00:00,1780678800000,226.315,226.82,221.775,224.491,1406652.469681,314988311.5697391
2026-06-05 18:00:00+00:00,1780682400000,224.489,224.875,216.787,221.674,2386685.5178109994,523625914.50593704
2026-06-05 19:00:00+00:00,1780686000000,221.687,228.355,220.3,227.824,3607101.0395609993,814005473.8451319
2026-06-05 20:00:00+00:00,1780689600000,227.849,227.975,218.82,222.566,240162.334462,53389311.77880834
2026-06-05 21:00:00+00:00,1780693200000,222.566,227.345,221.99,224.875,193165.895707,43851227.4319019
2026-06-05 22:00:00+00:00,1780696800000,224.875,225.593,223.41,223.525,50559.41516199999,11332129.461393353
2026-06-05 23:00:00+00:00,1780700400000,223.525,223.61,220.602,221.476,64692.397424,14384095.797636705
2026-06-06 00:00:00+00:00,1780704000000,221.475,221.475,221.471,221.471,0.0,0.0
2026-06-08 00:00:00+00:00,1780876800000,223.49,235.0,223.49,230.53,76997.0,17770821.21
2026-06-08 01:00:00+00:00,1780880400000,230.77,230.77,222.77,228.17,39623.0,9000010.14
2026-06-08 02:00:00+00:00,1780884000000,228.51,231.73,226.68,230.51,15265.0,3506018.96
2026-06-08 03:00:00+00:00,1780887600000,230.42,230.99,229.22,229.99,14070.0,3235981.98
2026-06-08 04:00:00+00:00,1780891200000,229.85,230.12,227.48,227.56,10719.0,2452799.94
2026-06-08 05:00:00+00:00,1780894800000,227.67,227.99,222.24,222.24,20450.0,4586882.75
2026-06-08 06:00:00+00:00,1780898400000,222.39,226.43,222.39,226.43,21214.0,4756550.44
2026-06-08 07:00:00+00:00,1780902000000,226.4,231.29,221.471,231.01,21493.0,4934261.68
2026-06-08 08:00:00+00:00,1780905600000,223.073,235.863,223.073,231.75,207677.96696200003,47718540.28919928
2026-06-08 09:00:00+00:00,1780909200000,231.75,232.957,230.72,232.015,24929.837611000006,5781969.758167948
2026-06-08 10:00:00+00:00,1780912800000,232.015,233.5,231.065,232.376,30088.472653,6981298.929243181
2026-06-08 11:00:00+00:00,1780916400000,232.374,238.025,231.5,236.85,204175.4006,48178432.16043954
2026-06-08 12:00:00+00:00,1780920000000,236.85,239.32,236.85,237.674,208610.25019999995,49665427.70301551
2026-06-08 13:00:00+00:00,1780923600000,237.675,242.148,224.785,224.882,2796723.988913,645409503.7830153
2026-06-08 14:00:00+00:00,1780927200000,224.837,233.475,221.49,231.687,2684315.961563001,610351441.9607143
2026-06-08 15:00:00+00:00,1780930800000,231.675,234.595,225.185,225.764,1676590.9842679997,386699842.4529692
2026-06-08 16:00:00+00:00,1780934400000,225.827,228.01,224.81,225.836,913824.422825,206877238.55054495
2026-06-08 17:00:00+00:00,1780938000000,225.814,225.828,221.945,223.906,1034406.2230809992,231245028.15091583
2026-06-08 18:00:00+00:00,1780941600000,223.908,225.512,220.14,220.293,1093268.8043750003,242884970.6551676
2026-06-08 19:00:00+00:00,1780945200000,220.311,221.21,217.812,218.022,2172145.326126999,476315629.6217698
2026-06-08 20:00:00+00:00,1780948800000,218.013,220.249,217.344,220.249,184953.76693,40408772.98037317
2026-06-08 21:00:00+00:00,1780952400000,220.25,221.5,220.25,220.89,38938.390146000005,8604360.142605161
2026-06-08 22:00:00+00:00,1780956000000,220.89,220.89,219.05,220.075,28407.725761000005,6245418.623147817
2026-06-08 23:00:00+00:00,1780959600000,220.075,220.98,219.445,220.48,38183.930526,8425864.666305896
2026-06-09 00:00:00+00:00,1780963200000,220.39,221.01,219.41,220.11,4873.0,1071949.63
2026-06-09 01:00:00+00:00,1780966800000,220.28,222.37,219.55,221.3,12637.0,2792631.6
2026-06-09 02:00:00+00:00,1780970400000,221.34,223.29,221.34,222.59,18513.0,4121802.81
2026-06-09 03:00:00+00:00,1780974000000,222.61,224.79,222.61,224.77,16209.0,3620545.95
2026-06-09 04:00:00+00:00,1780977600000,224.64,225.94,224.56,225.61,21390.0,4817597.4
2026-06-09 05:00:00+00:00,1780981200000,225.52,226.26,224.7,224.99,20339.0,4581314.97
2026-06-09 06:00:00+00:00,1780984800000,225.0,225.44,224.49,225.0,24743.0,5565870.85
2026-06-09 07:00:00+00:00,1780988400000,224.96,226.49,224.95,226.49,20958.0,4730714.71
2026-06-09 08:00:00+00:00,1780992000000,221.379,228.424,221.379,227.4,207696.35122700004,46969013.6466221
2026-06-09 09:00:00+00:00,1780995600000,227.4,229.18,227.19,229.003,47092.877137,10776460.865343684
2026-06-09 10:00:00+00:00,1780999200000,229.001,229.24,226.99,227.16,47878.920966,10918328.288655026
2026-06-09 11:00:00+00:00,1781002800000,227.121,227.98,225.802,227.265,121567.69043999998,27569072.210907016
2026-06-09 12:00:00+00:00,1781006400000,227.197,228.294,225.629,228.265,121890.914936,27707535.815944888
2026-06-09 13:00:00+00:00,1781010000000,228.35,237.44,225.99,227.972,3812758.211186,883144990.4229808
2026-06-09 14:00:00+00:00,1781013600000,228.001,233.86,221.345,225.296,3114541.6919990014,706682346.4686818
2026-06-09 15:00:00+00:00,1781017200000,225.27,226.605,209.81,210.986,3095829.981358,671998501.9844612
2026-06-09 16:00:00+00:00,1781020800000,210.901,212.27,200.5,204.562,3983544.39766,816084042.7733387
2026-06-09 17:00:00+00:00,1781024400000,205.0,215.594,203.84,213.324,2948263.235306,621390995.6155926
2026-06-09 18:00:00+00:00,1781028000000,213.356,219.0,212.69,215.929,1705268.4708039996,368717923.50895905
2026-06-09 19:00:00+00:00,1781031600000,215.911,220.37,215.12,220.206,2598937.5094289994,567420048.8773618
2026-06-09 20:00:00+00:00,1781035200000,220.175,223.964,219.856,222.225,192244.249528,42623875.94587443
2026-06-09 21:00:00+00:00,1781038800000,222.225,222.6,217.956,219.473,62421.46391500001,13733277.612328844
2026-06-09 22:00:00+00:00,1781042400000,219.474,220.2,215.996,217.0,41455.869585,9032856.734158276
2026-06-09 23:00:00+00:00,1781046000000,217.0,217.775,215.457,217.345,37609.531508,8156796.563939699
2026-06-10 00:00:00+00:00,1781049600000,217.346,220.92,217.1,220.05,11955.0,2618388.67
2026-06-10 01:00:00+00:00,1781053200000,219.98,221.5,218.44,219.19,9752.0,2148731.14
2026-06-10 02:00:00+00:00,1781056800000,219.44,219.44,214.81,215.07,10062.0,2180693.33
2026-06-10 03:00:00+00:00,1781060400000,215.06,217.0,215.06,215.64,6011.0,1298080.07
2026-06-10 04:00:00+00:00,1781064000000,215.62,215.75,210.64,212.52,28613.0,6081801.19
2026-06-10 05:00:00+00:00,1781067600000,212.51,216.11,212.5,215.56,12980.0,2780115.98
2026-06-10 06:00:00+00:00,1781071200000,215.22,217.25,215.19,216.11,7518.0,1624311.71
2026-06-10 07:00:00+00:00,1781074800000,216.16,216.85,215.36,216.18,6849.0,1480990.15
2026-06-10 08:00:00+00:00,1781078400000,217.161,217.161,212.199,212.575,117897.18962,25226155.130298387
2026-06-10 09:00:00+00:00,1781082000000,212.575,213.62,212.005,212.875,20839.509378,4434234.973352716
2026-06-10 10:00:00+00:00,1781085600000,212.875,214.495,211.796,214.495,25663.299669,5469313.665187908
2026-06-10 11:00:00+00:00,1781089200000,214.396,214.396,207.725,209.733,166705.352081,35036713.904891886
2026-06-10 12:00:00+00:00,1781092800000,209.705,221.789,208.5,214.572,354630.122216,76561203.4742489
2026-06-10 13:00:00+00:00,1781096400000,214.56,228.65,212.62,223.806,2416435.52608,537560730.418862
2026-06-10 14:00:00+00:00,1781100000000,223.872,230.94,219.44,221.305,2759575.78983,625625634.9729911
2026-06-10 15:00:00+00:00,1781103600000,221.291,223.57,214.358,220.124,1936637.607118,423125686.5998941
2026-06-10 16:00:00+00:00,1781107200000,220.116,220.488,215.177,216.349,1037496.9277530002,225698741.6584721
2026-06-10 17:00:00+00:00,1781110800000,216.381,219.9,215.265,219.763,1009439.187245,218943725.7323664
2026-06-10 18:00:00+00:00,1781114400000,219.99,221.2,214.969,215.208,1210597.802606,264005231.83583227
2026-06-10 19:00:00+00:00,1781118000000,215.265,215.99,211.38,211.554,2870130.4861019994,610989072.6856645
2026-06-10 20:00:00+00:00,1781121600000,211.555,212.369,204.0,206.965,388585.716667,81455027.0591632
2026-06-10 21:00:00+00:00,1781125200000,206.929,208.55,205.977,206.875,63224.677751,13094861.32447944
2026-06-10 22:00:00+00:00,1781128800000,206.875,206.875,201.51,202.148,122469.67509599996,24936209.756874178
2026-06-10 23:00:00+00:00,1781132400000,202.144,204.75,200.99,204.275,115525.356707,23456199.11057525
2026-06-11 00:00:00+00:00,1781136000000,204.23,209.3,204.21,209.01,17979.0,3727882.26
2026-06-11 01:00:00+00:00,1781139600000,209.15,214.27,208.53,209.6,43054.0,9113886.24
2026-06-11 02:00:00+00:00,1781143200000,209.59,210.49,207.73,209.78,11586.0,2419598.08
2026-06-11 03:00:00+00:00,1781146800000,209.83,211.9,208.74,211.9,6164.0,1295998.44
2026-06-11 04:00:00+00:00,1781150400000,211.83,212.89,210.94,212.41,6775.0,1434458.22
2026-06-11 05:00:00+00:00,1781154000000,212.49,212.86,211.71,212.45,8494.0,1803983.36
2026-06-11 06:00:00+00:00,1781157600000,212.45,213.0,211.7,212.97,14429.0,3061523.76
2026-06-11 07:00:00+00:00,1781161200000,213.0,215.01,213.0,214.61,27044.0,5791527.59
2026-06-11 08:00:00+00:00,1781164800000,206.037,218.5,206.037,217.19,152035.00410899997,32692071.730057847
2026-06-11 09:00:00+00:00,1781168400000,217.357,218.5,215.0,216.175,57729.256388,12493049.824711747
2026-06-11 10:00:00+00:00,1781172000000,216.192,216.425,214.485,214.485,17742.741983,3828276.9181555808
2026-06-11 11:00:00+00:00,1781175600000,214.493,215.419,212.311,214.565,98295.724026,21019714.898878284
2026-06-11 12:00:00+00:00,1781179200000,214.565,215.576,210.25,212.94,126479.557508,26876577.12360048
2026-06-11 13:00:00+00:00,1781182800000,212.913,215.22,205.12,210.925,2309766.054136,484663985.55449206
2026-06-11 14:00:00+00:00,1781186400000,211.039,216.21,208.32,213.451,2035799.304751,434316609.3558565
2026-06-11 15:00:00+00:00,1781190000000,213.442,218.26,212.49,215.818,1077720.8059720004,233424519.3142009
2026-06-11 16:00:00+00:00,1781193600000,215.802,216.528,212.375,212.375,746495.163884,160380230.93804327
2026-06-11 17:00:00+00:00,1781197200000,212.35,220.84,210.902,220.833,1759508.5965889995,381246803.6917113
2026-06-11 18:00:00+00:00,1781200800000,220.853,221.42,217.73,220.379,1064281.1864139996,234015105.121778
2026-06-11 19:00:00+00:00,1781204400000,220.397,228.46,219.55,222.388,2958328.527361,661137613.4444821
2026-06-11 20:00:00+00:00,1781208000000,222.397,226.55,222.37,223.926,136857.730633,30771872.244588327
2026-06-11 21:00:00+00:00,1781211600000,223.925,227.078,223.925,226.95,42131.934049,9535480.48128609
2026-06-11 22:00:00+00:00,1781215200000,226.95,228.2,226.75,228.16,57566.412622,13101361.39276185
2026-06-11 23:00:00+00:00,1781218800000,228.123,229.5,227.375,229.325,40355.065723,9219687.806352615
2026-06-12 00:00:00+00:00,1781222400000,228.05,241.84,228.04,236.58,102582.0,24383467.73
2026-06-12 01:00:00+00:00,1781226000000,236.39,238.3,232.26,236.99,77079.0,18147947.82
2026-06-12 02:00:00+00:00,1781229600000,237.23,240.01,235.93,238.75,29235.0,6969844.68
2026-06-12 03:00:00+00:00,1781233200000,238.76,241.41,238.21,241.0,21795.0,5232021.01
2026-06-12 04:00:00+00:00,1781236800000,241.0,241.01,238.26,238.54,19694.0,4723630.82
2026-06-12 05:00:00+00:00,1781240400000,238.54,238.79,232.3,234.08,42888.0,10102242.48
2026-06-12 06:00:00+00:00,1781244000000,234.17,235.07,230.93,232.53,40200.0,9362446.97
2026-06-12 07:00:00+00:00,1781247600000,232.64,234.25,230.26,234.02,53914.0,12529052.44
2026-06-12 08:00:00+00:00,1781251200000,230.054,236.154,230.054,232.001,343236.99484099995,80410611.31319383
2026-06-12 09:00:00+00:00,1781254800000,232.001,234.65,231.65,234.65,54470.51848500001,12730108.781262806
2026-06-12 10:00:00+00:00,1781258400000,234.65,236.0,232.265,233.05,67861.089294,15907433.30525834
2026-06-12 11:00:00+00:00,1781262000000,233.05,235.0,233.05,234.4,122875.93144200004,28801614.53868589
2026-06-12 12:00:00+00:00,1781265600000,234.4,234.553,228.299,229.046,214425.67388999992,49615549.27262669
2026-06-12 13:00:00+00:00,1781269200000,231.304,231.304,231.304,231.304,2824443.736516,646736325.2330816
2026-06-12 14:00:00+00:00,1781272800000,231.58,239.0,231.065,237.663,3618993.671649,853618551.5204587
2026-06-12 15:00:00+00:00,1781276400000,237.661,238.49,227.99,228.616,1641525.5881,385256042.22098255
2026-06-12 16:00:00+00:00,1781280000000,228.62,236.705,228.075,236.345,1600453.7212740013,373591351.43103606
2026-06-12 17:00:00+00:00,1781283600000,236.379,243.525,235.771,241.164,1775553.660959,425955678.3747962
2026-06-12 18:00:00+00:00,1781287200000,241.167,241.39,235.36,235.76,1178421.1965449995,281504672.85213953
2026-06-12 19:00:00+00:00,1781290800000,236.05,238.8,230.96,232.503,2296242.89441,536862507.21021575
2026-06-12 20:00:00+00:00,1781294400000,232.496,234.775,232.46,233.86,150168.149161,35002603.787048
2026-06-12 21:00:00+00:00,1781298000000,233.86,235.15,233.55,234.585,17685.385788,4142495.663664868
2026-06-12 22:00:00+00:00,1781301600000,234.585,235.499,234.585,235.499,16828.725581,3959846.249640927
2026-06-12 23:00:00+00:00,1781305200000,235.5,235.894,235.471,235.678,31675.082012,7468344.501772957
2026-06-15 00:00:00+00:00,1781481600000,238.8,249.76,238.8,247.63,89974.0,22225166.19
2026-06-15 01:00:00+00:00,1781485200000,247.53,248.65,246.33,247.93,32176.0,7961961.32
2026-06-15 02:00:00+00:00,1781488800000,247.96,249.42,247.0,249.25,30387.0,7552132.82
2026-06-15 03:00:00+00:00,1781492400000,249.11,249.75,248.6,249.51,16314.0,4065514.67
2026-06-15 04:00:00+00:00,1781496000000,249.54,250.01,248.82,249.64,16659.0,4159511.61
2026-06-15 05:00:00+00:00,1781499600000,249.64,250.29,249.15,250.21,21604.0,5395670.66
2026-06-15 06:00:00+00:00,1781503200000,250.23,250.43,248.66,249.93,15782.0,3939257.86
2026-06-15 07:00:00+00:00,1781506800000,249.95,250.7,249.28,249.96,29653.0,7406623.61000001
2026-06-15 08:00:00+00:00,1781510400000,237.878,258.318,237.878,253.702,312113.3295630001,78786736.57025518
2026-06-15 09:00:00+00:00,1781514000000,253.703,255.6,252.24,253.237,99338.847535,25180142.858283456
2026-06-15 10:00:00+00:00,1781517600000,253.239,253.399,251.74,251.82,45445.651064,11486792.772720467
2026-06-15 11:00:00+00:00,1781521200000,251.82,253.85,251.148,251.845,175093.185887,44180213.03575139
2026-06-15 12:00:00+00:00,1781524800000,251.845,252.224,248.26,249.158,164398.951655,41053985.68550441
2026-06-15 13:00:00+00:00,1781528400000,249.161,256.54,248.26,249.948,2945780.638602,744416442.0585569
2026-06-15 14:00:00+00:00,1781532000000,250.26,252.14,245.411,250.616,2541643.5445290003,632274243.8339468
2026-06-15 15:00:00+00:00,1781535600000,250.614,258.621,250.48,257.636,1792101.1047590002,455813747.59103274
2026-06-15 16:00:00+00:00,1781539200000,257.635,262.0,257.48,260.153,1702849.36077,442703881.96907127
2026-06-15 17:00:00+00:00,1781542800000,260.155,262.885,259.965,260.493,1126716.9101249997,294195362.3273735
2026-06-15 18:00:00+00:00,1781546400000,260.62,262.26,258.68,259.359,948489.8993839996,247335719.2335769
2026-06-15 19:00:00+00:00,1781550000000,259.367,262.36,257.01,259.978,1936767.983307,503115768.438046
2026-06-15 20:00:00+00:00,1781553600000,259.98,260.845,258.525,258.85,291379.714874,75735561.1799075
2026-06-15 21:00:00+00:00,1781557200000,258.85,259.053,258.29,258.925,44526.956201,11558761.46560883
2026-06-15 22:00:00+00:00,1781560800000,258.925,259.325,258.32,258.495,21238.922893000003,5496004.572590768
2026-06-15 23:00:00+00:00,1781564400000,258.495,259.16,257.952,259.16,26313.75604,6805979.321229087
2026-06-16 00:00:00+00:00,1781568000000,259.31,259.78,252.59,253.62,22396.0,5722806.32
2026-06-16 01:00:00+00:00,1781571600000,253.63,257.04,253.27,256.35,18248.0,4645631.32
2026-06-16 02:00:00+00:00,1781575200000,256.51,256.6,254.25,255.4,6810.0,1737183.27
2026-06-16 03:00:00+00:00,1781578800000,255.42,259.13,255.4,258.61,6526.0,1682835.76
2026-06-16 04:00:00+00:00,1781582400000,258.95,259.39,257.84,258.52,5491.0,1421417.11
2026-06-16 05:00:00+00:00,1781586000000,258.64,260.06,258.44,258.77,5067.0,1313812.86
2026-06-16 06:00:00+00:00,1781589600000,258.61,260.06,257.94,259.89,6924.0,1793426.39
2026-06-16 07:00:00+00:00,1781593200000,259.91,260.39,259.56,260.02,9937.0,2583730.21
2026-06-16 08:00:00+00:00,1781596800000,259.258,261.495,259.006,261.245,67788.535639,17622158.589936033
2026-06-16 09:00:00+00:00,1781600400000,261.245,261.245,258.36,258.405,18649.223467,4835210.277201944
2026-06-16 10:00:00+00:00,1781604000000,258.402,260.915,256.935,260.5,33853.815719000006,8787397.706983538
2026-06-16 11:00:00+00:00,1781607600000,260.5,261.135,258.87,259.235,61412.558707,15971533.436650136
2026-06-16 12:00:00+00:00,1781611200000,259.235,259.725,254.127,256.265,108128.990354,27719850.651060123
2026-06-16 13:00:00+00:00,1781614800000,256.265,274.675,252.51,274.121,2507729.4172540004,668561414.9587417
2026-06-16 14:00:00+00:00,1781618400000,274.213,277.01,261.271,262.478,3324924.638245,894962982.5346662
2026-06-16 15:00:00+00:00,1781622000000,262.479,269.473,261.25,267.354,1778646.6408230003,471336023.87817264
2026-06-16 16:00:00+00:00,1781625600000,267.322,272.51,266.93,270.794,1548568.20161,418415075.5203736
2026-06-16 17:00:00+00:00,1781629200000,270.801,272.89,269.197,272.004,1035346.2996700002,280479143.36191183
2026-06-16 18:00:00+00:00,1781632800000,271.984,272.65,268.54,269.781,941761.459606,254514330.62363008
2026-06-16 19:00:00+00:00,1781636400000,269.781,271.99,264.84,265.1,2190567.776579,585209524.3427469
2026-06-16 20:00:00+00:00,1781640000000,264.931,265.705,262.661,263.302,134365.421143,35467996.81322794
2026-06-16 21:00:00+00:00,1781643600000,263.301,264.45,263.0,263.0,21681.322199,5716217.721931973
2026-06-16 22:00:00+00:00,1781647200000,263.0,267.049,263.0,265.755,16679.64978,4424285.44396989
2026-06-16 23:00:00+00:00,1781650800000,265.755,265.755,263.4,264.375,10766.842114,2846423.589572912
2026-06-17 00:00:00+00:00,1781654400000,265.06,265.96,264.19,265.96,5228.0,1385934.64
2026-06-17 01:00:00+00:00,1781658000000,265.77,268.4,265.42,267.83,5237.0,1397396.45
2026-06-17 02:00:00+00:00,1781661600000,267.83,269.7,267.06,269.66,7854.0,2105231.76
2026-06-17 03:00:00+00:00,1781665200000,269.49,270.89,268.82,270.87,9321.0,2516387.03
2026-06-17 04:00:00+00:00,1781668800000,270.7,271.24,269.98,270.5,8086.0,2188078.12
2026-06-17 05:00:00+00:00,1781672400000,270.68,271.74,270.17,270.81,8032.0,2177621.98
2026-06-17 06:00:00+00:00,1781676000000,270.74,271.72,270.51,271.48,6800.0,1844595.31
2026-06-17 07:00:00+00:00,1781679600000,271.57,272.8,271.57,272.12,12292.0,3345876.38
2026-06-17 08:00:00+00:00,1781683200000,265.546,273.295,265.546,269.375,113358.45658099998,30740240.187802803
2026-06-17 09:00:00+00:00,1781686800000,269.375,269.71,268.5,268.5,12367.464817,3328969.0559891155
2026-06-17 10:00:00+00:00,1781690400000,268.5,269.66,268.03,269.05,16531.687358,4442618.204621093
2026-06-17 11:00:00+00:00,1781694000000,269.05,269.615,263.893,266.559,65718.09368,17554045.436386585
2026-06-17 12:00:00+00:00,1781697600000,266.559,267.875,264.275,266.805,80836.143787,21487782.905316558
2026-06-17 13:00:00+00:00,1781701200000,266.805,280.0,264.41,268.807,2659164.1390880006,726138217.3771743
2026-06-17 14:00:00+00:00,1781704800000,268.859,287.505,268.859,282.84,4132524.240087001,1160174773.2202008
2026-06-17 15:00:00+00:00,1781708400000,282.87,283.426,277.43,282.091,2417528.162491,677381237.5116956
2026-06-17 16:00:00+00:00,1781712000000,282.18,285.59,282.13,285.196,1512863.2405580007,429555429.3531322
2026-06-17 17:00:00+00:00,1781715600000,285.194,291.065,284.51,290.595,1891682.5270560004,543776249.1704205
2026-06-17 18:00:00+00:00,1781719200000,290.612,297.81,282.09,294.545,3753748.708753,1094303334.072059
2026-06-17 19:00:00+00:00,1781722800000,294.499,297.12,280.36,280.858,5491639.115002001,1581306499.886596
2026-06-17 20:00:00+00:00,1781726400000,280.852,286.99,279.74,285.0,543939.3779199999,153154073.3682936
2026-06-17 21:00:00+00:00,1781730000000,285.0,287.15,284.55,285.65,54699.01594599999,15630407.903617335
2026-06-17 22:00:00+00:00,1781733600000,285.65,289.67,284.9,289.359,83022.899746,23910163.40776932
2026-06-17 23:00:00+00:00,1781737200000,289.362,291.725,288.5,291.085,107626.519751,31287470.56034668
2026-06-18 00:00:00+00:00,1781740800000,290.32,293.41,289.82,290.06,18755.0,5470774.42
2026-06-18 01:00:00+00:00,1781744400000,290.04,291.92,290.0,291.32,11959.0,3481405.0
2026-06-18 02:00:00+00:00,1781748000000,291.32,292.16,290.99,291.81,9886.0,2884473.75
2026-06-18 03:00:00+00:00,1781751600000,291.98,292.88,291.49,292.63,10122.0,2957508.54
2026-06-18 04:00:00+00:00,1781755200000,292.32,292.64,291.4,291.89,9644.0,2817570.14
2026-06-18 05:00:00+00:00,1781758800000,291.82,292.01,289.82,290.61,15613.0,4537471.81
2026-06-18 06:00:00+00:00,1781762400000,290.52,292.52,290.05,292.49,7841.0,2284649.07
2026-06-18 07:00:00+00:00,1781766000000,292.49,292.97,292.07,292.97,12993.0,3800752.66
2026-06-18 08:00:00+00:00,1781769600000,291.368,296.265,290.96,295.124,178022.74517700003,52284568.1675042
2026-06-18 09:00:00+00:00,1781773200000,295.103,296.66,293.875,296.35,58830.70841500001,17371437.45164774
2026-06-18 10:00:00+00:00,1781776800000,296.35,296.35,293.806,294.064,32964.205833,9720504.79455854
2026-06-18 11:00:00+00:00,1781780400000,294.078,295.95,292.5,293.365,97601.39124300002,28737109.46840672
2026-06-18 12:00:00+00:00,1781784000000,293.365,297.139,292.99,297.023,149791.806841,44182456.5331952
2026-06-18 13:00:00+00:00,1781787600000,297.02,298.6,283.14,284.38,3235694.709854,943834674.1129786
2026-06-18 14:00:00+00:00,1781791200000,284.407,289.415,275.61,285.705,3730936.643516,1054457461.2483668
2026-06-18 15:00:00+00:00,1781794800000,286.0,291.2,285.2,289.078,2828572.597434999,814899602.4588542
2026-06-18 16:00:00+00:00,1781798400000,289.067,289.53,283.38,284.119,1187623.6075960002,339421639.4273293
2026-06-18 17:00:00+00:00,1781802000000,283.89,287.18,282.315,285.476,1136059.0593229996,323533828.8742657
2026-06-18 18:00:00+00:00,1781805600000,285.48,285.825,281.33,282.027,1016264.697255,288125980.7628421
2026-06-18 19:00:00+00:00,1781809200000,282.062,289.61,279.04,287.125,4796586.154902,1369933305.6983252
2026-06-18 20:00:00+00:00,1781812800000,287.182,287.182,284.55,284.93,591900.3265300001,169546474.7026573
2026-06-18 21:00:00+00:00,1781816400000,284.93,285.75,284.635,285.59,100448.14321300002,28734898.98451328
2026-06-18 22:00:00+00:00,1781820000000,285.59,285.6,284.862,284.862,41841.264948,11939932.152850144
2026-06-18 23:00:00+00:00,1781823600000,284.843,285.744,284.75,285.451,33306.528059000004,9497439.742343998
2026-06-22 00:00:00+00:00,1782086400000,285.0,288.27,280.18,287.93,35574.0,10088020.25
2026-06-22 01:00:00+00:00,1782090000000,287.94,288.36,283.31,283.71,16842.0,4812044.0
2026-06-22 02:00:00+00:00,1782093600000,283.7,285.51,283.57,284.4,7687.0,2188444.86
2026-06-22 03:00:00+00:00,1782097200000,283.86,284.4,282.51,282.98,12440.0,3524643.14
2026-06-22 04:00:00+00:00,1782100800000,282.92,283.5,282.42,283.05,14177.0,4010825.23
2026-06-22 05:00:00+00:00,1782104400000,283.11,285.73,283.1,285.69,7392.0,2105362.99
2026-06-22 06:00:00+00:00,1782108000000,285.42,287.43,285.41,287.04,11013.0,3156727.4
2026-06-22 07:00:00+00:00,1782111600000,287.2,287.89,285.93,286.25,10192.0,2922736.74
2026-06-22 08:00:00+00:00,1782115200000,285.451,286.597,284.35,286.407,93312.816757,26624992.66168319
2026-06-22 09:00:00+00:00,1782118800000,286.414,288.435,285.9,288.435,25171.738248,7232311.110155636
2026-06-22 10:00:00+00:00,1782122400000,288.435,289.235,287.84,287.84,21201.807337,6120614.068551573
2026-06-22 11:00:00+00:00,1782126000000,287.84,289.5,286.197,287.2,97212.14438700002,27967768.679494448
2026-06-22 12:00:00+00:00,1782129600000,286.38,286.38,286.38,286.38,64863.28634900001,18621698.172863934
2026-06-22 13:00:00+00:00,1782133200000,288.25,299.72,281.609,294.955,2832855.0836830004,822976696.3578656
2026-06-22 14:00:00+00:00,1782136800000,294.934,298.39,284.01,285.704,2380051.2672220008,690783937.752373
2026-06-22 15:00:00+00:00,1782140400000,285.73,287.313,278.359,282.121,2382060.270655001,670884407.4513828
2026-06-22 16:00:00+00:00,1782144000000,282.111,283.457,278.305,280.397,1153808.1614219998,323789953.67700386
2026-06-22 17:00:00+00:00,1782147600000,280.392,284.2,278.276,283.458,1080416.111229,303264051.05147934
2026-06-22 18:00:00+00:00,1782151200000,283.466,288.498,282.705,282.921,1139075.6566980002,325493260.96033263
2026-06-22 19:00:00+00:00,1782154800000,282.975,284.58,280.04,283.606,1783833.207494,503802126.1429457
2026-06-22 20:00:00+00:00,1782158400000,283.609,284.95,282.06,284.0,328416.931287,93172540.23998447
2026-06-22 21:00:00+00:00,1782162000000,284.0,284.0,283.59,283.7,12227.116379,3469483.399313663
2026-06-22 22:00:00+00:00,1782165600000,283.7,284.044,282.5,282.5,16023.507459,4544298.762387318
2026-06-22 23:00:00+00:00,1782169200000,282.5,282.5,280.735,280.735,28287.593447,7963820.326930634
2026-06-23 00:00:00+00:00,1782172800000,280.734,282.29,277.79,280.39,12199.0,3410693.82
2026-06-23 01:00:00+00:00,1782176400000,280.39,280.7,275.01,276.0,16019.0,4442088.96
2026-06-23 02:00:00+00:00,1782180000000,276.11,276.12,272.19,272.46,22391.0,6130867.22
2026-06-23 03:00:00+00:00,1782183600000,272.34,272.43,265.32,267.86,45811.0,12314359.12
2026-06-23 04:00:00+00:00,1782187200000,267.74,267.85,263.99,264.02,30009.0,7978928.63
2026-06-23 05:00:00+00:00,1782190800000,264.56,265.7,260.75,261.0,77332.0,20375294.24999999
2026-06-23 06:00:00+00:00,1782194400000,261.29,264.04,259.24,262.99,64099.0,16759385.3
2026-06-23 07:00:00+00:00,1782198000000,263.04,266.01,260.33,260.58,30290.0,7991280.64
2026-06-23 08:00:00+00:00,1782201600000,280.726,280.726,260.0,263.125,380200.7708309999,100008352.94007996
2026-06-23 09:00:00+00:00,1782205200000,263.125,266.292,263.125,264.665,38451.73393500001,10191801.267101066
2026-06-23 10:00:00+00:00,1782208800000,264.665,265.874,260.275,262.5,82313.63854300001,21582117.45005178
2026-06-23 11:00:00+00:00,1782212400000,262.5,264.622,262.164,262.75,163564.39019300003,43083007.584787376
2026-06-23 12:00:00+00:00,1782216000000,262.75,264.5,258.746,259.996,175345.56753899998,45735542.19220815
2026-06-23 13:00:00+00:00,1782219600000,259.997,287.28,255.371,286.699,4036000.008448,1090095350.2817457
2026-06-23 14:00:00+00:00,1782223200000,286.709,295.05,276.591,278.508,4683053.035146,1347524158.9874787
2026-06-23 15:00:00+00:00,1782226800000,278.534,279.4,272.984,277.688,1758694.2321979995,485207910.41533834
2026-06-23 16:00:00+00:00,1782230400000,277.761,282.966,276.99,278.854,2437489.760041,682246558.8641478
2026-06-23 17:00:00+00:00,1782234000000,278.831,283.74,277.184,278.759,962324.1983930002,270193593.5987796
2026-06-23 18:00:00+00:00,1782237600000,278.752,280.24,274.461,275.338,952631.445715,264311976.718277
2026-06-23 19:00:00+00:00,1782241200000,275.334,278.89,272.32,275.697,1827960.1292989997,503272154.8384712
2026-06-23 20:00:00+00:00,1782244800000,275.695,278.355,275.098,275.465,222124.648234,61250338.651369736
2026-06-23 21:00:00+00:00,1782248400000,275.465,277.13,275.465,277.13,84219.55742999999,23198613.972323216
2026-06-23 22:00:00+00:00,1782252000000,277.13,282.825,275.33,277.092,62674.902614,17523627.001302898
2026-06-23 23:00:00+00:00,1782255600000,277.143,278.26,275.636,277.51,16662.660818,4614902.204015853
2026-06-24 00:00:00+00:00,1782259200000,278.49,283.46,278.49,281.23,18417.0,5184108.3
2026-06-24 01:00:00+00:00,1782262800000,281.41,282.63,279.63,282.2,8197.0,2305101.08
2026-06-24 02:00:00+00:00,1782266400000,282.0,282.55,276.99,277.01,9047.0,2525320.69
2026-06-24 03:00:00+00:00,1782270000000,277.02,280.08,276.99,278.78,7852.0,2188477.11
2026-06-24 04:00:00+00:00,1782273600000,279.23,279.98,277.61,279.98,2616.0,729382.71
2026-06-24 05:00:00+00:00,1782277200000,279.97,281.48,278.87,280.5,5130.0,1438069.56
2026-06-24 06:00:00+00:00,1782280800000,280.32,282.99,280.0,282.62,7655.0,2157894.34
2026-06-24 07:00:00+00:00,1782284400000,282.51,282.68,281.4,281.4,4947.0,1395498.74
2026-06-24 08:00:00+00:00,1782288000000,278.362,283.74,278.227,281.702,54772.315626,15434405.842113353
2026-06-24 09:00:00+00:00,1782291600000,281.701,283.235,281.061,281.699,13027.25,3677509.3006
2026-06-24 10:00:00+00:00,1782295200000,281.7,281.749,280.6,281.41,8664.749295,2436556.095426673
2026-06-24 11:00:00+00:00,1782298800000,281.41,282.524,279.5,281.75,30710.84934,8637899.323954836
2026-06-24 12:00:00+00:00,1782302400000,281.75,282.3,279.5,280.172,64857.561479,18177499.04059637
2026-06-24 13:00:00+00:00,1782306000000,280.168,281.369,256.71,263.352,3008164.1789509994,794183319.169928
2026-06-24 14:00:00+00:00,1782309600000,263.67,265.165,253.73,259.391,2629207.416079,680575335.1461396
2026-06-24 15:00:00+00:00,1782313200000,259.392,261.286,256.09,259.338,1213072.5340440003,313912966.3044896
2026-06-24 16:00:00+00:00,1782316800000,259.345,260.342,253.996,255.138,1017741.900437,261781027.275654
2026-06-24 17:00:00+00:00,1782320400000,255.14,256.449,249.225,250.698,1738818.0004550002,438238299.93607473
2026-06-24 18:00:00+00:00,1782324000000,250.7,257.51,250.25,251.535,1061455.330756,269283787.2254819
2026-06-24 19:00:00+00:00,1782327600000,251.61,259.98,249.686,259.694,2339673.702964,598169869.6598475
2026-06-24 20:00:00+00:00,1782331200000,259.593,274.979,257.405,271.023,606996.5622309998,162707856.4922684
2026-06-24 21:00:00+00:00,1782334800000,271.019,273.71,270.05,273.45,129327.777248,34856357.85999233
2026-06-24 22:00:00+00:00,1782338400000,273.45,275.715,272.021,272.25,98245.225448,26930185.413479634
2026-06-24 23:00:00+00:00,1782342000000,272.25,275.495,272.25,275.45,68036.81467600001,18670846.382787548
2026-06-25 00:00:00+00:00,1782345600000,275.24,275.42,269.62,270.48,22723.0,6196480.15
2026-06-25 01:00:00+00:00,1782349200000,270.76,272.54,269.15,271.67,11252.0,3048806.99
2026-06-25 02:00:00+00:00,1782352800000,271.88,272.92,269.62,270.87,8118.0,2200683.56
2026-06-25 03:00:00+00:00,1782356400000,271.01,272.83,270.7,271.64,3460.0,940079.74
2026-06-25 04:00:00+00:00,1782360000000,272.43,272.55,270.2,270.2,5400.0,1464629.68
2026-06-25 05:00:00+00:00,1782363600000,270.2,271.11,269.09,269.43,24563.0,6630143.57
2026-06-25 06:00:00+00:00,1782367200000,269.47,270.55,269.19,269.19,11737.0,3164795.08
2026-06-25 07:00:00+00:00,1782370800000,269.52,270.16,268.61,269.84,8593.0,2316048.48
2026-06-25 08:00:00+00:00,1782374400000,274.642,274.642,269.0,269.0,111581.03349100002,30134935.193188053
2026-06-25 09:00:00+00:00,1782378000000,269.0,270.645,268.38,269.874,15452.410477999998,4165339.4065212966
2026-06-25 10:00:00+00:00,1782381600000,269.875,270.05,269.56,270.05,17061.518216999997,4611167.05010576
2026-06-25 11:00:00+00:00,1782385200000,270.124,273.748,270.124,271.5,63583.013482,17293892.970558394
2026-06-25 12:00:00+00:00,1782388800000,271.5,273.731,270.89,273.731,98612.16976599998,26875711.44194075
2026-06-25 13:00:00+00:00,1782392400000,273.734,275.46,257.18,257.885,2466434.251855,657787162.6590203
2026-06-25 14:00:00+00:00,1782396000000,257.914,265.884,253.875,257.681,3794247.918835,991792122.7967885
2026-06-25 15:00:00+00:00,1782399600000,258.16,259.69,254.21,256.837,959932.1976589998,246638547.3207791
2026-06-25 16:00:00+00:00,1782403200000,256.837,262.11,255.329,258.023,916100.2690419998,236563747.98447347
2026-06-25 17:00:00+00:00,1782406800000,258.007,259.509,255.61,257.843,610869.6983480002,157199680.9986285
2026-06-25 18:00:00+00:00,1782410400000,257.844,259.605,255.715,256.85,675490.8638720001,173899651.42784905
2026-06-25 19:00:00+00:00,1782414000000,256.939,257.63,252.7,256.49,1397434.472836,357234279.41100913
2026-06-25 20:00:00+00:00,1782417600000,256.5,258.084,255.75,256.12,282122.018385,72482309.35604295
2026-06-25 21:00:00+00:00,1782421200000,256.12,256.12,255.75,255.975,17353.462972,4449955.451295149
2026-06-25 22:00:00+00:00,1782424800000,255.975,255.975,254.285,255.215,16720.42123,4268049.707043431
2026-06-25 23:00:00+00:00,1782428400000,255.215,258.749,255.215,256.065,24073.891435,6185940.477128434
2026-06-26 00:00:00+00:00,1782432000000,256.63,256.64,253.91,254.05,8567.0,2184285.74
2026-06-26 01:00:00+00:00,1782435600000,254.06,254.7,250.89,251.67,11615.0,2931025.32
2026-06-26 02:00:00+00:00,1782439200000,251.62,251.62,241.2,242.41,45592.0,11245147.66
2026-06-26 03:00:00+00:00,1782442800000,242.8,249.01,242.01,247.99,47604.0,11672884.4
2026-06-26 04:00:00+00:00,1782446400000,248.46,249.71,245.99,246.2,8820.0,2186830.73
2026-06-26 05:00:00+00:00,1782450000000,246.2,249.54,245.76,248.37,11663.0,2889897.57
2026-06-26 06:00:00+00:00,1782453600000,248.19,251.76,247.71,251.38,10449.0,2608849.48
2026-06-26 07:00:00+00:00,1782457200000,251.68,252.99,250.12,250.59,8811.0,2216974.65
2026-06-26 08:00:00+00:00,1782460800000,248.27,256.065,246.756,247.44,91443.489713,22767289.160877716
2026-06-26 09:00:00+00:00,1782464400000,247.05,248.135,246.975,247.86,39881.494399,9887348.30471016
2026-06-26 10:00:00+00:00,1782468000000,248.135,248.305,247.0,247.0,7423.529887,1836544.9187473536
2026-06-26 11:00:00+00:00,1782471600000,248.78,249.01,247.0,249.01,86035.178386,21343366.1554994
2026-06-26 12:00:00+00:00,1782475200000,245.41,248.989,244.635,246.0,99793.77215099998,24559377.05826489
2026-06-26 13:00:00+00:00,1782478800000,245.2,245.37,239.49,243.925,1759864.5656699997,427098539.67269045
2026-06-26 14:00:00+00:00,1782482400000,244.14,248.5,237.51,239.212,1897933.1269260005,462103443.5311872
2026-06-26 15:00:00+00:00,1782486000000,239.405,241.75,236.2,240.52,1997215.744527,476836257.6136936
2026-06-26 16:00:00+00:00,1782489600000,240.69,244.58,237.285,242.79,1272570.820232,306243658.8605027
2026-06-26 17:00:00+00:00,1782493200000,242.98,246.26,239.06,240.71,893063.9575270001,216502548.1122108
2026-06-26 18:00:00+00:00,1782496800000,240.68,242.223,234.879,235.48,1122347.4784759996,267457087.6420484
2026-06-26 19:00:00+00:00,1782500400000,235.2,241.66,234.464,240.37,1880632.3886900004,449685532.9892208
2026-06-26 20:00:00+00:00,1782504000000,239.04,241.02,238.75,241.02,102804.225614,24664481.39663404
2026-06-26 21:00:00+00:00,1782507600000,239.5,240.309,238.625,239.5,50309.670228,12071986.48602142
2026-06-26 22:00:00+00:00,1782511200000,239.34,239.59,238.617,239.34,24164.355227,5775713.441211564
2026-06-26 23:00:00+00:00,1782514800000,238.744,239.499,238.715,239.275,53191.907462,12710349.906195046
2026-06-29 00:00:00+00:00,1782691200000,243.51,247.23,240.5,244.01,33463.0,8158378.65
2026-06-29 01:00:00+00:00,1782694800000,243.99,245.0,242.01,243.65,11492.0,2798863.02
2026-06-29 02:00:00+00:00,1782698400000,243.49,244.0,241.49,243.91,5061.0,1230837.58
2026-06-29 03:00:00+00:00,1782702000000,243.96,244.61,243.4,244.4,6860.0,1673785.54
2026-06-29 04:00:00+00:00,1782705600000,244.5,244.5,243.31,244.0,4064.0,991700.29
2026-06-29 05:00:00+00:00,1782709200000,243.8,245.5,242.66,245.4,6982.0,1703991.67
2026-06-29 06:00:00+00:00,1782712800000,245.7,247.76,245.07,247.48,14557.0,3592175.56
2026-06-29 07:00:00+00:00,1782716400000,247.45,247.8,246.5,246.5,11565.0,2859032.2
2026-06-29 08:00:00+00:00,1782720000000,248.74,249.4,240.668,248.01,108547.67941400004,26928779.678223666
2026-06-29 09:00:00+00:00,1782723600000,247.54,248.939,247.44,248.396,22486.215596000005,5576424.064298829
2026-06-29 10:00:00+00:00,1782727200000,248.397,249.305,248.275,249.21,25827.913944,6426597.110827672
2026-06-29 11:00:00+00:00,1782730800000,248.49,249.21,247.5,248.28,63282.88719599999,15705211.545001138
2026-06-29 12:00:00+00:00,1782734400000,247.31,248.0,245.75,246.05,61493.92006299999,15185431.608197344
2026-06-29 13:00:00+00:00,1782738000000,246.056,261.0,246.05,252.143,2861799.197115001,730831397.6034038
2026-06-29 14:00:00+00:00,1782741600000,252.04,252.26,234.62,245.03,3378904.217996,816835903.3028175
2026-06-29 15:00:00+00:00,1782745200000,244.895,253.48,243.857,253.48,1466350.271916,364507550.1182872
2026-06-29 16:00:00+00:00,1782748800000,253.5,259.491,253.324,258.21,1512376.1131110005,388420834.8532946
2026-06-29 17:00:00+00:00,1782752400000,257.85,259.83,256.85,258.77,700657.7170030001,181078330.71111384
2026-06-29 18:00:00+00:00,1782756000000,258.71,262.45,257.999,262.45,1024551.4200690005,266055102.94295
2026-06-29 19:00:00+00:00,1782759600000,262.64,263.755,260.195,261.31,1594113.511746,417368089.6523678
2026-06-29 20:00:00+00:00,1782763200000,261.3,262.88,260.445,262.01,1429118.085303,373435701.2801004
2026-06-29 21:00:00+00:00,1782766800000,261.11,261.15,260.375,261.11,12104.092291,3160408.75741083
2026-06-29 22:00:00+00:00,1782770400000,262.09,262.3,261.002,262.09,15978.769878,4178747.12609372
2026-06-29 23:00:00+00:00,1782774000000,262.3,263.494,262.05,263.381,21408.080451,5625477.339541502
2026-06-30 00:00:00+00:00,1782777600000,262.56,266.14,261.16,263.11,11773.0,3102609.8
2026-06-30 01:00:00+00:00,1782781200000,263.11,264.01,261.62,264.01,6729.0,1768959.22
2026-06-30 02:00:00+00:00,1782784800000,263.8,263.8,262.36,263.14,3113.0,818590.21
2026-06-30 03:00:00+00:00,1782788400000,263.12,265.99,263.12,265.22,8033.0,2128653.79
2026-06-30 04:00:00+00:00,1782792000000,265.43,267.66,265.36,266.87,13403.0,3576159.48
2026-06-30 05:00:00+00:00,1782795600000,266.86,267.47,265.18,266.01,5050.0,1345063.28
2026-06-30 06:00:00+00:00,1782799200000,265.92,265.93,264.51,265.43,6882.0,1825278.79
2026-06-30 07:00:00+00:00,1782802800000,265.48,266.45,263.399,264.79,4669.0,1238997.72
2026-06-30 08:00:00+00:00,1782806400000,264.01,265.995,261.0,261.74,72520.92200299999,19196309.8104707
2026-06-30 09:00:00+00:00,1782810000000,262.51,262.87,261.25,262.51,9876.823282999998,2590226.5364366
2026-06-30 10:00:00+00:00,1782813600000,262.87,263.298,262.3,263.095,6479.244927000002,1702992.42604732
2026-06-30 11:00:00+00:00,1782817200000,263.76,264.248,262.93,263.47,30103.306145,7934632.44402971
2026-06-30 12:00:00+00:00,1782820800000,262.49,263.625,258.325,259.2,69420.80699000003,18070409.61151448
2026-06-30 13:00:00+00:00,1782824400000,257.96,278.11,256.27,277.86,2197283.701188,592528311.9971608
2026-06-30 14:00:00+00:00,1782828000000,278.235,290.5,275.81,284.45,3494520.2809590003,993389726.4324117
2026-06-30 15:00:00+00:00,1782831600000,284.445,289.42,280.67,281.72,1756115.70978,501082680.94264406
2026-06-30 16:00:00+00:00,1782835200000,281.54,285.406,278.72,281.28,1099701.813791,309233070.87295055
2026-06-30 17:00:00+00:00,1782838800000,281.69,283.057,279.52,281.44,878752.3020440001,247280809.91995144
2026-06-30 18:00:00+00:00,1782842400000,281.34,281.873,277.358,278.86,853922.8634930002,238803200.64413053
2026-06-30 19:00:00+00:00,1782846000000,278.6,279.81,275.799,276.06,1298890.542956,360645531.9293169
2026-06-30 20:00:00+00:00,1782849600000,276.99,278.24,273.74,277.01,1051143.7452069998,290400428.5177085
2026-06-30 21:00:00+00:00,1782853200000,278.24,278.729,277.915,278.575,22754.896856000003,6330380.4484836
2026-06-30 22:00:00+00:00,1782856800000,278.6,279.074,278.075,278.6,14104.720408,3928033.45972821
2026-06-30 23:00:00+00:00,1782860400000,279.76,279.76,278.75,279.76,23492.015019,6561890.65077166
2026-07-01 00:00:00+00:00,1782864000000,279.29,279.98,277.93,278.11,273.0,76289.85
2026-07-01 01:00:00+00:00,1782867600000,277.86,277.89,274.39,275.33,8779.0,2421106.75
2026-07-01 02:00:00+00:00,1782871200000,275.24,276.87,272.23,276.48,11562.0,3168527.68
2026-07-01 03:00:00+00:00,1782874800000,276.61,277.16,275.51,277.12,4008.0,1108960.19
2026-07-01 04:00:00+00:00,1782878400000,277.01,277.21,276.02,276.83,4880.0,1349878.87
2026-07-01 05:00:00+00:00,1782882000000,276.84,277.25,276.07,276.32,2450.0,677850.49
2026-07-01 06:00:00+00:00,1782885600000,276.58,276.58,275.02,275.72,6116.0,1686955.6
2026-07-01 07:00:00+00:00,1782889200000,275.96,275.96,273.05,275.36,8903.0,2442242.65
2026-07-01 08:00:00+00:00,1782892800000,273.76,278.688,273.37,273.76,52528.46433200001,14433015.01926058
2026-07-01 09:00:00+00:00,1782896400000,275.75,276.763,273.906,275.76,6518.896978,1792429.3941739
2026-07-01 10:00:00+00:00,1782900000000,277.75,279.285,274.725,278.81,29174.454172,8100290.11830122
2026-07-01 11:00:00+00:00,1782903600000,278.99,280.391,277.12,278.12,55607.113274,15507539.36780197
2026-07-01 12:00:00+00:00,1782907200000,276.01,277.7,245.75,249.06,886144.4560229997,228573164.35991976
2026-07-01 13:00:00+00:00,1782910800000,249.04,252.123,228.37,242.34,8591534.491917,2059116747.7622128
2026-07-01 14:00:00+00:00,1782914400000,242.83,245.07,229.73,230.31,6050628.410505,1435758456.0314598
2026-07-01 15:00:00+00:00,1782918000000,231.715,242.89,231.004,237.21,3803130.305576999,906293558.0796099
2026-07-01 16:00:00+00:00,1782921600000,237.35,239.94,235.11,236.03,1954462.473865,464678730.2100832
2026-07-01 17:00:00+00:00,1782925200000,236.12,238.809,234.26,235.81,1817451.188248,430111637.1316128
2026-07-01 18:00:00+00:00,1782928800000,236.07,238.04,232.48,233.265,1698958.6286350002,399975126.5001777
2026-07-01 19:00:00+00:00,1782932400000,233.11,235.59,229.16,229.17,3627580.400257999,842925621.7702701
2026-07-01 20:00:00+00:00,1782936000000,229.75,231.058,226.02,229.74,1780147.290063,407367481.7401849
2026-07-01 21:00:00+00:00,1782939600000,230.97,234.25,229.9,234.0,160540.343035,37300826.27263859
2026-07-01 22:00:00+00:00,1782943200000,233.79,233.9,231.692,233.79,71462.53695800001,16647398.07946958
2026-07-01 23:00:00+00:00,1782946800000,230.99,233.5,229.125,229.84,98905.333599,22824670.66010866
2026-07-02 00:00:00+00:00,1782950400000,230.41,233.28,227.56,233.15,36620.0,8467017.25
2026-07-02 01:00:00+00:00,1782954000000,233.09,236.38,232.93,235.37,56241.0,13213108.19
2026-07-02 02:00:00+00:00,1782957600000,235.44,237.33,233.77,234.31,20201.0,4759701.14
2026-07-02 03:00:00+00:00,1782961200000,234.29,234.3,231.9,233.81,12415.0,2895191.89
2026-07-02 04:00:00+00:00,1782964800000,233.79,235.0,231.02,232.81,15331.0,3571082.51
2026-07-02 05:00:00+00:00,1782968400000,232.93,234.44,229.88,229.88,25139.0,5819927.14
2026-07-02 06:00:00+00:00,1782972000000,229.9,230.21,222.66,222.66,60602.0,13738955.67
2026-07-02 07:00:00+00:00,1782975600000,222.64,225.31,221.0,224.33,61213.0,13671317.63
2026-07-02 08:00:00+00:00,1782979200000,225.22,231.75,222.4,231.74,371706.66317699983,84360945.93600021
2026-07-02 09:00:00+00:00,1782982800000,229.75,231.905,226.869,227.36,60549.55565300001,13886307.93939215
2026-07-02 10:00:00+00:00,1782986400000,226.0,227.75,225.75,227.42,35646.79953899999,8089937.77965738
2026-07-02 11:00:00+00:00,1782990000000,227.01,231.145,226.502,229.99,119360.751333,27277631.86288182
2026-07-02 12:00:00+00:00,1782993600000,231.76,240.434,230.65,235.49,508444.8980960001,120344229.68626074
2026-07-02 13:00:00+00:00,1782997200000,234.71,236.889,226.525,235.435,2857654.93599,662178087.8915515
2026-07-02 14:00:00+00:00,1783000800000,235.68,237.01,213.255,216.15,5257122.662261998,1169573632.876342
2026-07-02 15:00:00+00:00,1783004400000,216.03,217.51,209.815,212.384,4032639.028134,859213055.0877492
2026-07-02 16:00:00+00:00,1783008000000,212.3,213.233,207.49,208.58,2552127.2382599995,535853056.96495575
2026-07-02 17:00:00+00:00,1783011600000,208.6,210.953,207.32,209.23,1660219.061407,347210411.47307134
2026-07-02 18:00:00+00:00,1783015200000,208.59,214.51,208.515,213.36,1999784.704992,423349022.6281029
2026-07-02 19:00:00+00:00,1783018800000,213.45,215.82,210.254,215.605,3022284.638994,644079986.101403
2026-07-02 20:00:00+00:00,1783022400000,215.91,219.628,214.527,216.81,2548649.774122001,550942386.2668852
2026-07-02 21:00:00+00:00,1783026000000,216.09,216.75,215.673,216.09,27414.772061,5925354.81337997
2026-07-02 22:00:00+00:00,1783029600000,217.37,217.49,216.425,216.955,49663.093614,10765503.56687231
2026-07-02 23:00:00+00:00,1783033200000,216.74,216.84,215.675,215.88,44028.99355,9525663.372191837
2026-07-03 00:00:00+00:00,1783036800000,215.928,216.147,215.928,216.147,0.0,0.0
2026-07-03 01:00:00+00:00,1783040400000,216.04,216.07,216.04,216.07,2.0,432.11
2026-07-03 02:00:00+00:00,1783044000000,216.1,216.39,216.1,216.39,10.1604,2197.069776
2026-07-03 04:00:00+00:00,1783051200000,216.2,216.2,215.85,215.85,7.7433,1673.042668
2026-07-03 05:00:00+00:00,1783054800000,216.25,217.32,216.25,217.32,46.4361,10077.613522
2026-07-03 06:00:00+00:00,1783058400000,218.06,218.82,218.06,218.82,41.684,9117.64776
2026-07-03 07:00:00+00:00,1783062000000,219.7,221.92,219.7,221.92,80.9352,17910.652768
2026-07-03 08:00:00+00:00,1783065600000,222.47,222.98,222.47,222.98,17.648,3931.732165
2026-07-03 09:00:00+00:00,1783069200000,222.84,222.84,222.18,222.82,16.001,3559.935404
2026-07-03 13:00:00+00:00,1783083600000,222.62,222.62,222.53,222.53,1.1008,245.032712
2026-07-03 14:00:00+00:00,1783087200000,222.53,222.54,221.1,221.51,29.6283,6562.960036
2026-07-03 15:00:00+00:00,1783090800000,221.79,223.31,221.79,223.31,44.8842,9984.277019
2026-07-03 16:00:00+00:00,1783094400000,223.41,223.96,223.41,223.96,25.142,5627.289946
2026-07-03 17:00:00+00:00,1783098000000,224.42,224.73,224.42,224.73,16.6401,3738.184366
2026-07-03 19:00:00+00:00,1783105200000,225.19,225.19,225.19,225.19,1.7779,400.365301
2026-07-03 20:00:00+00:00,1783108800000,225.0,225.0,223.2,223.2,36.2579,8112.888091
2026-07-03 21:00:00+00:00,1783112400000,223.2,223.2,223.2,223.2,0.8521,190.18872
2026-07-03 22:00:00+00:00,1783116000000,223.99,223.99,223.99,223.99,0.9208,206.249992
2026-07-04 00:00:00+00:00,1783123200000,224.08,224.08,224.08,224.08,0.1338,29.981904
2026-07-04 05:00:00+00:00,1783141200000,224.09,224.33,224.09,224.33,8.436,1891.274778
2026-07-04 10:00:00+00:00,1783159200000,224.44,224.66,224.44,224.66,7.2553,1629.047753
2026-07-04 16:00:00+00:00,1783180800000,224.21,224.21,223.08,223.08,21.146,4734.389082
2026-07-05 04:00:00+00:00,1783224000000,224.08,224.8,224.08,224.8,21.7158,4872.728279
2026-07-05 09:00:00+00:00,1783242000000,224.91,224.91,224.77,224.77,0.1109,24.934763
2026-07-05 10:00:00+00:00,1783245600000,224.91,225.58,224.91,225.58,15.9601,3594.422974
2026-07-05 11:00:00+00:00,1783249200000,225.69,225.76,225.69,225.76,4.0558,915.481781
2026-07-05 12:00:00+00:00,1783252800000,225.86,226.09,225.86,226.09,12.6001,2847.263351
2026-07-05 13:00:00+00:00,1783256400000,225.93,227.6,225.93,227.6,56.9493,12937.836479
2026-07-05 14:00:00+00:00,1783260000000,228.48,228.48,228.48,228.48,1.0,228.48
2026-07-05 16:00:00+00:00,1783267200000,227.36,227.36,227.36,227.36,0.9995,227.24632
2026-07-05 23:00:00+00:00,1783292400000,227.36,228.82,227.02,228.82,39.1142,8926.956934
2026-07-06 00:00:00+00:00,1783296000000,222.07,228.01,222.07,224.38,67744.0,15251026.54
2026-07-06 01:00:00+00:00,1783299600000,224.48,224.58,219.07,221.02,45478.0,10077368.04
2026-07-06 02:00:00+00:00,1783303200000,220.99,221.37,218.54,220.27,14357.0,3159609.9
2026-07-06 03:00:00+00:00,1783306800000,220.1,221.54,219.72,220.16,10494.0,2314425.73
2026-07-06 04:00:00+00:00,1783310400000,220.54,222.88,220.37,222.69,8056.0,1789045.62
2026-07-06 05:00:00+00:00,1783314000000,222.69,222.69,220.39,222.43,7463.0,1654603.19
2026-07-06 06:00:00+00:00,1783317600000,222.32,224.22,221.63,223.65,9051.0,2018032.21
2026-07-06 07:00:00+00:00,1783321200000,223.75,224.7,223.2,223.25,10879.0,2434028.97
2026-07-06 08:00:00+00:00,1783324800000,223.21,224.004,216.164,223.75,97674.02866,21736056.01370182
2026-07-06 09:00:00+00:00,1783328400000,222.75,223.05,222.0,222.75,15842.029202000003,3529116.17170618
2026-07-06 10:00:00+00:00,1783332000000,222.45,222.75,219.296,222.45,37973.235636,8399075.94823659
2026-07-06 11:00:00+00:00,1783335600000,220.55,222.094,219.0,221.09,65199.38067399999,14368430.87491796
2026-07-06 12:00:00+00:00,1783339200000,221.74,222.964,221.001,222.49,101395.984718,22491505.23616968
2026-07-06 13:00:00+00:00,1783342800000,219.21,221.97,206.54,219.5,3630220.824612,777477496.5875853
2026-07-06 14:00:00+00:00,1783346400000,219.74,224.8,216.0,222.54,2324223.9126130003,513458482.3012048
2026-07-06 15:00:00+00:00,1783350000000,222.674,223.395,218.455,221.315,2454363.348974,540222905.0703286
2026-07-06 16:00:00+00:00,1783353600000,221.16,221.798,218.08,218.2,1087003.776282,239344643.99009287
2026-07-06 17:00:00+00:00,1783357200000,217.99,218.96,211.79,211.935,1275236.653786,273996199.7194716
2026-07-06 18:00:00+00:00,1783360800000,212.425,215.125,211.73,213.69,894726.529127,191252269.23354188
2026-07-06 19:00:00+00:00,1783364400000,214.0,216.33,212.9,212.94,1816279.835854,389396956.33631223
2026-07-06 20:00:00+00:00,1783368000000,213.05,214.114,212.375,213.05,947327.083311,201785594.84607625
2026-07-06 21:00:00+00:00,1783371600000,212.6,213.3,212.6,212.8,50621.51409399999,10771478.62788615
2026-07-06 22:00:00+00:00,1783375200000,212.8,213.385,211.826,212.055,29656.477858,6310329.08380753
2026-07-06 23:00:00+00:00,1783378800000,211.75,212.559,208.725,209.26,66630.82150300001,14017385.77978997
2026-07-07 00:00:00+00:00,1783382400000,209.62,210.81,208.26,209.27,16973.0,3553384.59
2026-07-07 01:00:00+00:00,1783386000000,209.31,209.58,205.69,208.15,20916.0,4336318.2
2026-07-07 02:00:00+00:00,1783389600000,208.28,208.77,207.01,207.02,12246.0,2545596.8
2026-07-07 03:00:00+00:00,1783393200000,207.01,208.15,203.19,204.79,27650.0,5685285.58
2026-07-07 04:00:00+00:00,1783396800000,204.74,205.63,203.88,204.78,16462.0,3369790.73
2026-07-07 05:00:00+00:00,1783400400000,204.49,208.16,202.39,207.76,30244.0,6206451.05
2026-07-07 06:00:00+00:00,1783404000000,207.54,208.74,206.01,208.65,11989.0,2488426.6
2026-07-07 07:00:00+00:00,1783407600000,208.5,208.62,207.11,207.18,5414.0,1126190.43
2026-07-07 08:00:00+00:00,1783411200000,207.48,209.213,206.525,207.48,136023.69801000005,28162332.83362061
2026-07-07 09:00:00+00:00,1783414800000,206.0,207.3,205.507,206.0,28545.572691,5887313.13028084
2026-07-07 10:00:00+00:00,1783418400000,207.22,208.104,205.835,207.18,27577.616799000003,5711589.18419417
2026-07-07 11:00:00+00:00,1783422000000,207.5,207.5,204.175,206.5,113036.211275,23254682.53375008
2026-07-07 12:00:00+00:00,1783425600000,207.5,208.988,206.341,208.19,85794.03551,17811090.57457898
2026-07-07 13:00:00+00:00,1783429200000,203.09,207.51,196.97,200.63,3587665.835797,723062836.5121138
2026-07-07 14:00:00+00:00,1783432800000,200.89,202.39,193.79,200.09,3516427.316069,695848571.0830457
2026-07-07 15:00:00+00:00,1783436400000,199.74,203.79,197.59,200.05,1846513.9637170008,370111011.9053191
2026-07-07 16:00:00+00:00,1783440000000,200.09,204.75,199.88,203.62,1104544.7161640003,223606130.97520092
2026-07-07 17:00:00+00:00,1783443600000,203.085,205.374,202.99,204.32,686573.8287150001,140303284.30463067
2026-07-07 18:00:00+00:00,1783447200000,204.372,206.51,196.662,196.778,1348359.796198,270830558.1074024
2026-07-07 19:00:00+00:00,1783450800000,196.68,198.806,194.81,195.12,2835210.8166289995,556970360.420807
2026-07-07 20:00:00+00:00,1783454400000,194.42,197.055,194.42,196.8,1496975.7197620005,292156068.76677495
2026-07-07 21:00:00+00:00,1783458000000,196.42,197.61,195.52,196.53,92249.419269,18123634.55761325
2026-07-07 22:00:00+00:00,1783461600000,195.2,195.995,194.735,195.2,44386.51953400001,8675758.03755197
2026-07-07 23:00:00+00:00,1783465200000,194.7,194.985,190.49,190.49,102807.662609,19823866.9810479
2026-07-08 00:00:00+00:00,1783468800000,191.67,199.23,190.38,198.57,25.0,4778.375
2026-07-08 01:00:00+00:00,1783472400000,198.5,198.96,194.69,195.3,19458.0,3834467.92
2026-07-08 02:00:00+00:00,1783476000000,194.9,196.29,193.3,195.79,10554.0,2055504.12
2026-07-08 03:00:00+00:00,1783479600000,196.17,198.2,195.78,196.27,7404.0,1460755.59
2026-07-08 04:00:00+00:00,1783483200000,195.99,196.0,193.63,194.61,12208.0,2379569.45
2026-07-08 05:00:00+00:00,1783486800000,194.89,195.42,192.36,193.87,9888.0,1913556.37
2026-07-08 06:00:00+00:00,1783490400000,193.63,193.8,191.38,191.54,17890.0,3440284.56
2026-07-08 07:00:00+00:00,1783494000000,191.59,193.47,190.89,192.85,16087.0,3087000.14
2026-07-08 08:00:00+00:00,1783497600000,193.24,193.8,184.189,186.33,279972.02983,53148042.32753032
2026-07-08 09:00:00+00:00,1783501200000,181.35,185.095,181.201,183.31,165603.84471,30350696.87115136
2026-07-08 10:00:00+00:00,1783504800000,184.67,187.638,182.871,186.78,100957.54669200002,18768300.70692821
2026-07-08 11:00:00+00:00,1783508400000,186.13,189.145,184.87,187.02,162294.19857399995,30315420.23423317
2026-07-08 12:00:00+00:00,1783512000000,188.01,192.29,187.603,190.99,176308.830428,33483497.59102015
2026-07-08 13:00:00+00:00,1783515600000,189.3,206.305,189.3,203.15,3910802.563672001,786264900.0249738
2026-07-08 14:00:00+00:00,1783519200000,203.28,212.83,201.5,205.77,3217901.761101,665186310.0147605
2026-07-08 15:00:00+00:00,1783522800000,205.995,206.02,199.72,201.35,1562242.6413369998,317166813.492766
2026-07-08 16:00:00+00:00,1783526400000,201.463,207.57,200.643,207.182,1119652.365235,228085896.69067973
2026-07-08 17:00:00+00:00,1783530000000,206.77,209.12,205.589,207.8,1205856.4010510002,250288519.28726643
2026-07-08 18:00:00+00:00,1783533600000,208.0,211.335,207.763,210.58,1016292.608805,213232519.0530732
2026-07-08 19:00:00+00:00,1783537200000,210.81,218.364,210.52,216.4,2872451.4797710003,617123508.0621092
2026-07-08 20:00:00+00:00,1783540800000,219.01,219.26,213.812,215.75,1974477.3856170003,428429013.8020264
2026-07-08 21:00:00+00:00,1783544400000,215.16,217.32,214.455,216.01,37773.21264599999,8144346.59306556
2026-07-08 22:00:00+00:00,1783548000000,214.99,216.455,214.99,214.99,24522.527774,5294850.24740098
2026-07-08 23:00:00+00:00,1783551600000,215.5,216.725,214.879,216.65,31224.604061,6731799.81840236
2026-07-09 00:00:00+00:00,1783555200000,215.84,221.61,215.84,218.49,20100.0,4404602.69
2026-07-09 01:00:00+00:00,1783558800000,218.55,219.53,216.35,216.38,14373.0,3135618.49
2026-07-09 02:00:00+00:00,1783562400000,216.43,219.05,214.9,214.9,12022.0,2610912.9
2026-07-09 03:00:00+00:00,1783566000000,214.88,216.62,213.74,216.11,9946.0,2140961.5
2026-07-09 04:00:00+00:00,1783569600000,216.11,217.18,214.7,216.79,6527.0,1408782.96
2026-07-09 05:00:00+00:00,1783573200000,216.95,219.2,216.75,219.07,12034.0,2621057.18
2026-07-09 06:00:00+00:00,1783576800000,219.31,221.89,218.88,220.76,29049.0,6415451.73
2026-07-09 07:00:00+00:00,1783580400000,220.8,222.09,220.38,221.33,13906.0,3078581.11
2026-07-09 08:00:00+00:00,1783584000000,222.06,223.99,216.65,221.76,203913.28055399997,45271439.9382913
2026-07-09 09:00:00+00:00,1783587600000,221.5,222.102,220.261,220.87,36252.318863,8027764.24226913
2026-07-09 10:00:00+00:00,1783591200000,221.0,222.44,220.175,221.99,58436.98981100001,12952775.00847045
2026-07-09 11:00:00+00:00,1783594800000,222.01,225.446,219.71,224.79,208595.790106,46548630.33247114
2026-07-09 12:00:00+00:00,1783598400000,224.5,228.4,223.122,226.85,543002.882505,123043081.80308552
2026-07-09 13:00:00+00:00,1783602000000,228.42,229.74,215.17,222.05,3246470.3883040003,722641907.790791
2026-07-09 14:00:00+00:00,1783605600000,222.18,222.99,211.745,215.5,2521238.745078,546734655.8521564
2026-07-09 15:00:00+00:00,1783609200000,215.845,217.816,213.91,216.36,1013360.2845289998,219007323.35637897
2026-07-09 16:00:00+00:00,1783612800000,216.53,217.668,213.71,216.96,1293342.889444,279120985.00531167
2026-07-09 17:00:00+00:00,1783616400000,216.6,221.37,216.003,220.62,1002550.570973,219719684.9198424
2026-07-09 18:00:00+00:00,1783620000000,220.7,223.3,219.75,221.84,1169829.8543850002,259240729.7959152
2026-07-09 19:00:00+00:00,1783623600000,221.63,221.795,215.41,216.17,1949317.675684,425915190.8897378
2026-07-09 20:00:00+00:00,1783627200000,216.216,216.44,214.426,215.37,987762.734363,213289820.76810855
2026-07-09 21:00:00+00:00,1783630800000,215.37,215.499,215.145,215.3,19840.234201000003,4272155.96600951
2026-07-09 22:00:00+00:00,1783634400000,215.3,216.25,215.15,215.85,27380.973098999995,5900920.06021976
2026-07-09 23:00:00+00:00,1783638000000,216.01,216.425,215.85,215.95,20897.086983,4514182.46094157
2026-07-10 00:00:00+00:00,1783641600000,217.48,217.49,214.03,215.79,7731.0,1661994.69
2026-07-10 01:00:00+00:00,1783645200000,215.69,217.43,215.0,216.71,6433.0,1391591.55
2026-07-10 02:00:00+00:00,1783648800000,216.5,218.18,215.81,218.18,6166.0,1338020.4
2026-07-10 03:00:00+00:00,1783652400000,218.03,218.51,217.06,218.32,10337.0,2254150.37
2026-07-10 04:00:00+00:00,1783656000000,218.28,218.5,216.0,216.15,6521.0,1418715.7
2026-07-10 05:00:00+00:00,1783659600000,216.4,216.91,215.31,215.55,15018.0,3247638.06
2026-07-10 06:00:00+00:00,1783663200000,215.6,215.7,213.13,214.19,16316.0,3492760.16
2026-07-10 07:00:00+00:00,1783666800000,214.23,214.23,212.33,212.55,4161.0,886946.42
2026-07-10 08:00:00+00:00,1783670400000,212.0,215.625,210.25,211.81,100793.291579,21452521.64114131
2026-07-10 09:00:00+00:00,1783674000000,212.615,216.19,212.39,214.865,42365.163728,9089125.162473846
2026-07-10 10:00:00+00:00,1783677600000,215.03,215.555,214.62,215.03,14219.300164000002,3057213.52211074
2026-07-10 11:00:00+00:00,1783681200000,215.75,218.36,214.62,215.75,70496.06918000002,15303850.66614784
2026-07-10 12:00:00+00:00,1783684800000,216.46,217.255,213.95,215.46,57086.164998,12300327.42903656
2026-07-10 13:00:00+00:00,1783688400000,213.53,215.297,207.52,208.79,1339904.92821,282887829.93981475
2026-07-10 14:00:00+00:00,1783692000000,208.86,216.35,207.95,212.07,2127744.817951,452510410.5477289
2026-07-10 15:00:00+00:00,1783695600000,212.47,218.521,211.99,218.1,1692955.6731319998,365445813.2870236
2026-07-10 16:00:00+00:00,1783699200000,218.49,224.4,217.54,222.41,2061014.307526,453251877.36676455
2026-07-10 17:00:00+00:00,1783702800000,222.39,223.84,220.613,221.8,1019693.9507600002,226886084.78929815
2026-07-10 18:00:00+00:00,1783706400000,222.265,224.35,221.42,222.21,782071.7045130001,174447115.64374942
2026-07-10 19:00:00+00:00,1783710000000,221.93,222.86,219.08,219.64,1483967.109969,327824064.64351773
2026-07-10 20:00:00+00:00,1783713600000,219.29,220.265,218.784,219.24,594928.0207389999,130685458.60365316
2026-07-10 21:00:00+00:00,1783717200000,219.225,220.258,219.225,220.025,1103065.93448,242695714.277387
2026-07-10 22:00:00+00:00,1783720800000,219.27,220.025,219.27,219.27,11747.297932,2582066.65802174
2026-07-10 23:00:00+00:00,1783724400000,219.795,219.925,219.15,219.619,16109.694935,3533859.73323995
2026-07-11 00:00:00+00:00,1783728000000,219.617,219.617,219.607,219.607,0.0,0.0
2026-07-11 13:00:00+00:00,1783774800000,219.38,219.38,219.31,219.31,0.7269,159.447029
2026-07-11 15:00:00+00:00,1783782000000,219.55,219.82,219.29,219.29,0.3169,69.577544
2026-07-11 16:00:00+00:00,1783785600000,219.67,220.48,219.67,220.48,8.4153,1853.359015
2026-07-11 17:00:00+00:00,1783789200000,220.22,221.16,218.86,221.16,43.0111,9478.687481
2026-07-11 18:00:00+00:00,1783792800000,221.34,221.51,221.34,221.51,4.1037,908.646749
2026-07-11 19:00:00+00:00,1783796400000,221.57,221.82,221.57,221.82,6.2108,1376.736005
2026-07-12 07:00:00+00:00,1783839600000,221.5,221.5,221.38,221.45,5.8388,1292.956939
2026-07-12 08:00:00+00:00,1783843200000,221.38,221.38,220.75,220.75,3.595,794.674647
2026-07-12 10:00:00+00:00,1783850400000,220.75,220.95,220.33,220.33,9.29,2049.828186
2026-07-13 00:00:00+00:00,1783900800000,218.85,221.06,214.1,214.2,27276.0,5917103.81
2026-07-13 01:00:00+00:00,1783904400000,214.2,215.21,211.69,212.31,29796.0,6355725.01
2026-07-13 02:00:00+00:00,1783908000000,212.19,213.74,211.06,211.1,25832.0,5478855.1
2026-07-13 03:00:00+00:00,1783911600000,211.18,211.37,209.05,210.39,18913.0,3972355.37
2026-07-13 04:00:00+00:00,1783915200000,210.07,210.45,208.16,208.33,22674.0,4740843.96
2026-07-13 05:00:00+00:00,1783918800000,208.33,211.07,208.09,209.61,21578.0,4522056.97
2026-07-13 06:00:00+00:00,1783922400000,209.6,209.88,207.57,207.94,20141.0,4195156.0
2026-07-13 07:00:00+00:00,1783926000000,207.82,209.49,207.53,208.49,11728.0,2445271.23
2026-07-13 08:00:00+00:00,1783929600000,217.909,217.909,208.565,211.475,155102.764412,32542793.45344513
2026-07-13 09:00:00+00:00,1783933200000,212.78,213.225,211.055,212.78,17801.915074999997,3784427.2369849
2026-07-13 10:00:00+00:00,1783936800000,213.225,213.225,211.5,212.375,14092.536001999995,2990141.60562196
2026-07-13 11:00:00+00:00,1783940400000,213.78,214.76,212.375,213.78,57754.265664,12335889.53969105
2026-07-13 12:00:00+00:00,1783944000000,211.76,213.4,210.65,212.01,81777.850884,17330950.95986364
2026-07-13 13:00:00+00:00,1783947600000,212.755,214.99,206.95,209.655,1916828.910698,403072536.2361337
2026-07-13 14:00:00+00:00,1783951200000,209.635,218.885,209.635,216.76,1495748.9423989998,320970821.0757762
2026-07-13 15:00:00+00:00,1783954800000,217.2,217.76,213.442,214.17,936946.280075,201907613.40327415
2026-07-13 16:00:00+00:00,1783958400000,214.57,215.64,210.323,212.8,1117526.587848,237580117.9329104
2026-07-13 17:00:00+00:00,1783962000000,212.51,214.784,204.92,205.69,1782164.046957,373069132.5533389
2026-07-13 18:00:00+00:00,1783965600000,206.01,207.688,205.28,206.43,829000.430534,171056612.03673
2026-07-13 19:00:00+00:00,1783969200000,206.66,211.37,206.558,210.575,1838427.387858,384839475.84222543
2026-07-13 20:00:00+00:00,1783972800000,210.41,210.686,208.57,210.36,918495.0947550002,193019723.47355485
2026-07-13 21:00:00+00:00,1783976400000,208.75,208.97,207.62,208.75,15117.704369,3155740.66319559
2026-07-13 22:00:00+00:00,1783980000000,208.875,209.72,207.78,207.78,11405.851762,2378782.77236437
2026-07-13 23:00:00+00:00,1783983600000,207.5,207.78,204.11,204.99,82597.59986999998,16984808.77358768
2026-07-14 00:00:00+00:00,1783987200000,205.98,210.98,204.99,210.67,8377.0,1745559.04
2026-07-14 01:00:00+00:00,1783990800000,210.52,211.16,208.09,208.21,7705.0,1618440.31
2026-07-14 02:00:00+00:00,1783994400000,208.11,208.81,206.21,206.41,5053.0,1047047.74
2026-07-14 03:00:00+00:00,1783998000000,206.49,207.99,204.93,207.92,11453.0,2359340.28
2026-07-14 04:00:00+00:00,1784001600000,207.71,210.9,206.74,210.71,8378.0,1753604.43
2026-07-14 05:00:00+00:00,1784005200000,210.69,213.82,210.33,212.33,17264.0,3665512.37
2026-07-14 06:00:00+00:00,1784008800000,212.38,213.76,212.15,212.15,5358.0,1141462.68
2026-07-14 07:00:00+00:00,1784012400000,212.11,213.89,211.9,212.78,8368.0,1784145.69
2026-07-14 08:00:00+00:00,1784016000000,211.75,213.55,206.542,211.75,110695.478376,23552544.09948747
2026-07-14 09:00:00+00:00,1784019600000,212.06,212.21,211.75,211.82,8624.020985000001,1827189.43653602
2026-07-14 10:00:00+00:00,1784023200000,213.75,214.75,211.82,213.01,62673.726388,13356422.90003723
2026-07-14 11:00:00+00:00,1784026800000,214.75,217.75,211.75,216.94,221476.16269500004,47633232.67267397
2026-07-14 12:00:00+00:00,1784030400000,216.38,221.74,214.089,219.01,199692.14811,43481647.28277497
2026-07-14 13:00:00+00:00,1784034000000,219.41,222.39,211.57,212.51,1594284.638985,346669861.0379489
2026-07-14 14:00:00+00:00,1784037600000,212.11,212.437,198.65,200.995,3801572.685381,768773416.4584413
2026-07-14 15:00:00+00:00,1784041200000,201.295,204.42,197.73,197.975,2198316.47885,442834587.12238896
2026-07-14 16:00:00+00:00,1784044800000,198.245,200.4,196.1,197.22,1674696.5283509998,331170903.54210454
2026-07-14 17:00:00+00:00,1784048400000,197.195,197.556,193.0,194.53,2133839.024592,416470751.3213288
2026-07-14 18:00:00+00:00,1784052000000,194.19,198.63,193.84,198.28,1446502.7589560002,283380739.2501726
2026-07-14 19:00:00+00:00,1784055600000,198.26,199.806,193.65,194.08,2855002.260754,562943064.7705001
2026-07-14 20:00:00+00:00,1784059200000,193.38,195.0,193.38,194.67,1201322.2227740004,233159945.06153688
2026-07-14 21:00:00+00:00,1784062800000,194.99,195.75,194.891,195.61,50982.905204,9961753.77943038
2026-07-14 22:00:00+00:00,1784066400000,195.93,195.94,195.4,195.93,40986.875244,8019004.26642564
2026-07-14 23:00:00+00:00,1784070000000,196.16,198.403,195.57,198.18,63973.97706800001,12612584.73211492
2026-07-15 00:00:00+00:00,1784073600000,198.52,199.75,197.55,199.32,20766.0,4126366.92
2026-07-15 01:00:00+00:00,1784077200000,199.32,199.67,197.91,198.85,11466.0,2277206.42
2026-07-15 02:00:00+00:00,1784080800000,198.99,199.85,198.89,198.9,8191.0,1632754.44
2026-07-15 03:00:00+00:00,1784084400000,198.9,200.26,198.56,200.17,7555.0,1507498.25
2026-07-15 04:00:00+00:00,1784088000000,200.15,200.22,199.29,199.79,9876.0,1972550.68
2026-07-15 05:00:00+00:00,1784091600000,199.86,200.35,198.2,199.61,9389.0,1868746.49
2026-07-15 06:00:00+00:00,1784095200000,199.67,200.11,199.49,199.71,11276.0,2253136.41
2026-07-15 07:00:00+00:00,1784098800000,199.57,200.22,198.21,199.47,10947.0,2181042.12
2026-07-15 08:00:00+00:00,1784102400000,196.1,199.5,195.72,196.1,112767.56006200002,22370140.68298319
2026-07-15 09:00:00+00:00,1784106000000,197.1,198.658,196.775,197.59,21309.167832,4209216.96918923
2026-07-15 10:00:00+00:00,1784109600000,196.36,197.675,196.28,196.28,18504.350245,3642573.94398815
2026-07-15 11:00:00+00:00,1784113200000,196.6,196.935,195.21,195.21,70069.386292,13742050.08121882
2026-07-15 12:00:00+00:00,1784116800000,194.67,202.0,194.5,200.82,378557.4126700001,75337089.25286938
2026-07-15 13:00:00+00:00,1784120400000,200.61,202.25,195.42,200.63,2289507.408044,455655474.8415088
2026-07-15 14:00:00+00:00,1784124000000,200.99,203.01,193.06,196.259,3862991.06969,762779809.3857753
2026-07-15 15:00:00+00:00,1784127600000,196.48,199.048,190.46,194.48,3162085.150081001,612987914.0200425
2026-07-15 16:00:00+00:00,1784131200000,194.32,196.31,187.24,196.31,2804505.437053,535832735.110958
2026-07-15 17:00:00+00:00,1784134800000,196.65,198.17,195.25,197.69,1300343.1666100004,255965530.49407887
2026-07-15 18:00:00+00:00,1784138400000,197.78,200.12,195.97,196.325,1312418.268625,260190334.04240468
2026-07-15 19:00:00+00:00,1784142000000,196.355,202.81,196.055,199.47,2508420.800813,501225369.9981313
2026-07-15 20:00:00+00:00,1784145600000,198.77,200.239,196.972,197.72,1892936.158904,375893583.6266796
2026-07-15 21:00:00+00:00,1784149200000,197.171,197.5,196.525,197.05,75871.417329,14957084.685141256
2026-07-15 22:00:00+00:00,1784152800000,197.0,197.23,193.51,193.51,79763.40814999999,15613200.58857278
2026-07-15 23:00:00+00:00,1784156400000,195.74,196.38,195.605,195.74,22410.483088,4393496.77271159
2026-07-16 00:00:00+00:00,1784160000000,195.97,196.83,195.11,196.29,9676.0,1895115.17
2026-07-16 01:00:00+00:00,1784163600000,196.32,197.93,196.3,197.26,8679.0,1708259.2
2026-07-16 02:00:00+00:00,1784167200000,197.48,199.74,197.0,199.31,12525.0,2488233.2
2026-07-16 03:00:00+00:00,1784170800000,199.39,199.68,197.78,197.98,4653.0,923250.85
2026-07-16 04:00:00+00:00,1784174400000,198.43,198.45,196.61,196.8,4639.0,914475.84
2026-07-16 05:00:00+00:00,1784178000000,196.87,198.49,196.55,197.25,5757.0,1136279.24
2026-07-16 06:00:00+00:00,1784181600000,197.04,197.94,196.16,196.8,5922.0,1167304.48
2026-07-16 07:00:00+00:00,1784185200000,196.48,196.59,194.49,195.01,8395.0,1641061.26
2026-07-16 08:00:00+00:00,1784188800000,192.97,195.835,190.17,193.49,108001.805527,20917530.4901361
2026-07-16 09:00:00+00:00,1784192400000,193.39,194.785,192.34,193.105,21394.510276,4149351.87712574
2026-07-16 10:00:00+00:00,1784196000000,193.105,193.268,191.775,191.975,24018.918553,4624660.22359915
2026-07-16 11:00:00+00:00,1784199600000,192.48,192.48,190.49,191.21,89725.75479200002,17193975.91185686
2026-07-16 12:00:00+00:00,1784203200000,190.74,191.79,189.697,190.91,159739.804376,30484520.63138972
2026-07-16 13:00:00+00:00,1784206800000,191.69,193.0,184.99,187.03,2133377.328949999,403225808.8656472
2026-07-16 14:00:00+00:00,1784210400000,186.969,189.772,182.3,183.857,3227120.227932,598954548.3356932
2026-07-16 15:00:00+00:00,1784214000000,183.98,184.48,175.01,177.85,4773792.637092001,853546485.4438304
2026-07-16 16:00:00+00:00,1784217600000,177.43,178.35,173.29,176.505,2803295.7720660004,492995443.7036886
2026-07-16 17:00:00+00:00,1784221200000,176.6,176.6,170.675,170.96,3180145.475217,548526120.2346141
2026-07-16 18:00:00+00:00,1784224800000,170.99,176.43,170.28,174.42,3067848.37677,533228555.2783096
2026-07-16 19:00:00+00:00,1784228400000,171.43,172.12,171.43,171.67,29022.0,4986474.505
2026-07-16 20:00:00+00:00,1784232000000,172.045,173.745,171.5,172.51,4954121.171103999,855141754.4108377
2026-07-16 21:00:00+00:00,1784235600000,173.17,173.58,173.085,173.16,89019.38423499999,15418192.95725569
2026-07-16 22:00:00+00:00,1784239200000,171.0,173.625,169.252,169.41,60851.988861,10403785.42797965
2026-07-16 23:00:00+00:00,1784242800000,169.69,170.154,165.835,167.5,148837.36681,25001343.66706346
2026-07-17 00:00:00+00:00,1784246400000,167.97,169.92,165.75,167.27,30958.0,5168788.76
2026-07-17 01:00:00+00:00,1784250000000,167.42,169.5,165.67,167.09,40017.0,6682681.13
2026-07-17 02:00:00+00:00,1784253600000,167.1,167.3,163.22,164.89,54057.0,8911098.51
2026-07-17 03:00:00+00:00,1784257200000,164.9,168.87,164.73,166.7,29879.0,4991873.22
2026-07-17 04:00:00+00:00,1784260800000,166.54,166.58,163.3,164.74,46208.0,7619074.38
2026-07-17 05:00:00+00:00,1784264400000,164.72,165.01,161.33,162.19,35563.0,5782350.7
2026-07-17 06:00:00+00:00,1784268000000,162.03,166.17,161.44,164.2,44703.0,7329223.59
2026-07-17 07:00:00+00:00,1784271600000,164.03,165.31,162.28,162.6,16514.0,2704415.05
2026-07-17 08:00:00+00:00,1784275200000,163.88,166.192,161.845,164.18,359387.508677,58889776.25307624
2026-07-17 09:00:00+00:00,1784278800000,163.578,168.71,163.435,167.535,289797.498214,48278573.74890963
2026-07-17 10:00:00+00:00,1784282400000,167.05,172.9,166.57,171.1,181329.154922,30856183.9068655
2026-07-17 11:00:00+00:00,1784286000000,167.19,170.715,166.731,168.41,115229.67931399996,19424243.99602511
2026-07-17 12:00:00+00:00,1784289600000,167.08,167.999,166.01,167.98,142858.392002,23875837.34025906
2026-07-17 13:00:00+00:00,1784293200000,164.99,172.215,164.5,172.215,3770596.899111,630651561.4205002
2026-07-17 14:00:00+00:00,1784296800000,172.138,182.15,171.73,175.693,6664093.062557,1186928012.8874192
2026-07-17 15:00:00+00:00,1784300400000,175.9,181.835,175.648,181.835,2056124.097594,365094030.49000055
2026-07-17 16:00:00+00:00,1784304000000,181.89,183.69,175.21,181.45,2754866.3102289983,495686952.012338
2026-07-17 17:00:00+00:00,1784307600000,181.7,186.67,181.406,185.71,2199716.5078529995,407056659.8915944
2026-07-17 18:00:00+00:00,1784311200000,185.7,186.55,180.97,182.13,1935033.076959,355340573.10059667
2026-07-17 19:00:00+00:00,1784314800000,182.27,182.27,176.135,177.97,3746004.473255,668060939.3585073
2026-07-17 20:00:00+00:00,1784318400000,177.75,178.25,175.861,177.76,2244783.310315,399271526.18581194
2026-07-17 21:00:00+00:00,1784322000000,178.105,178.255,176.921,177.0,37566.655401,6683002.80920278
2026-07-17 22:00:00+00:00,1784325600000,178.01,179.115,177.0,177.99,31318.605808,5583127.14320461
2026-07-17 23:00:00+00:00,1784329200000,178.675,178.675,177.9,178.0,53001.612608,9442108.776547197
2026-07-18 17:00:00+00:00,1784394000000,178.21,178.26,177.88,177.88,0.687,122.354554
2026-07-19 09:00:00+00:00,1784451600000,177.88,177.88,177.88,177.88,3.3369,593.567772
2026-07-19 13:00:00+00:00,1784466000000,177.84,177.84,177.84,177.84,0.1063,18.904392
2026-07-19 15:00:00+00:00,1784473200000,178.0,178.02,178.0,178.02,0.8932,158.994853
2026-07-19 21:00:00+00:00,1784494800000,178.02,178.32,178.02,178.32,7.749,1381.319333
2026-07-19 22:00:00+00:00,1784498400000,178.37,178.4,178.37,178.4,125.0,22297.21
2026-07-19 23:00:00+00:00,1784502000000,178.84,179.1,178.84,179.1,57.2814,10253.745576
2026-07-20 00:00:00+00:00,1784505600000,179.02,183.76,178.0,179.84,41900.0,7623357.66
2026-07-20 01:00:00+00:00,1784509200000,179.83,180.94,177.36,178.61,23254.0,4167585.21
2026-07-20 02:00:00+00:00,1784512800000,178.48,181.77,178.48,181.33,17149.0,3094175.47
2026-07-20 03:00:00+00:00,1784516400000,181.29,181.91,179.78,180.99,12596.0,2276116.08
2026-07-20 04:00:00+00:00,1784520000000,181.01,182.4,180.41,182.01,8297.0,1504594.5
2026-07-20 05:00:00+00:00,1784523600000,181.96,182.0,179.02,179.49,12387.0,2231089.92
2026-07-20 06:00:00+00:00,1784527200000,179.51,179.68,178.73,179.41,6203.0,1111842.96
2026-07-20 07:00:00+00:00,1784530800000,179.59,181.89,179.5,181.67,12349.0,2230597.25
2026-07-20 08:00:00+00:00,1784534400000,178.0,182.335,178.0,181.0,133115.203976,24141038.21182978
2026-07-20 09:00:00+00:00,1784538000000,181.61,182.575,181.0,182.09,33825.05719,6145106.37989031
2026-07-20 10:00:00+00:00,1784541600000,181.79,184.484,181.79,182.5,54366.989054000005,9981061.54605889
2026-07-20 11:00:00+00:00,1784545200000,185.2,186.5,184.05,185.81,189472.479727,35138239.78281133
2026-07-20 12:00:00+00:00,1784548800000,185.91,187.499,183.785,186.74,168567.07338199997,31272529.74041396
2026-07-20 13:00:00+00:00,1784552400000,189.69,194.31,185.03,186.39,3217784.302005,610913082.2140197
2026-07-20 14:00:00+00:00,1784556000000,186.23,190.5,179.095,181.08,3655645.074318,670443478.807384
2026-07-20 15:00:00+00:00,1784559600000,180.95,188.38,180.83,185.38,2085922.50815,386995362.3540466
2026-07-20 16:00:00+00:00,1784563200000,185.58,187.085,182.69,184.51,1177811.5489349994,217789251.29472563
2026-07-20 17:00:00+00:00,1784566800000,184.49,187.163,183.885,186.944,1254283.181463,232979279.50828412
2026-07-20 18:00:00+00:00,1784570400000,187.04,187.964,183.239,184.135,972463.1609469998,181058831.59144592
2026-07-20 19:00:00+00:00,1784574000000,184.395,184.65,179.26,182.665,2775041.9859200013,503897673.8873257
2026-07-20 20:00:00+00:00,1784577600000,182.39,183.498,181.6,182.41,759668.486638,138611315.1105807
2026-07-20 21:00:00+00:00,1784581200000,189.99,192.88,183.45,190.1,589197.2489420001,111318214.63710997
2026-07-20 22:00:00+00:00,1784584800000,189.51,190.166,187.5,187.8,172961.96011,32636780.32382027
2026-07-20 23:00:00+00:00,1784588400000,188.81,189.775,187.605,189.41,87825.944382,16602300.3525735
2026-07-21 00:00:00+00:00,1784592000000,188.67,189.7,186.96,189.29,19351.0,3648897.3
2026-07-21 01:00:00+00:00,1784595600000,189.28,191.81,188.9,190.89,29964.0,5719259.3
2026-07-21 02:00:00+00:00,1784599200000,191.01,192.44,189.77,191.51,16296.0,3115747.86
2026-07-21 03:00:00+00:00,1784602800000,191.51,194.52,190.27,194.33,30410.0,5874541.71
2026-07-21 04:00:00+00:00,1784606400000,194.35,194.35,192.26,192.5,18788.0,3626450.45
2026-07-21 05:00:00+00:00,1784610000000,192.51,193.63,190.57,192.95,23535.0,4524043.7
2026-07-21 06:00:00+00:00,1784613600000,193.05,194.25,192.33,194.21,21989.0,4248627.04
2026-07-21 07:00:00+00:00,1784617200000,194.1,194.76,193.01,193.65,16278.0,3156981.97
2026-07-21 08:00:00+00:00,1784620800000,194.21,196.225,189.804,196.18,259619.359063,50313894.28124261
2026-07-21 09:00:00+00:00,1784624400000,195.3,196.575,194.4,195.3,76501.41147900002,14981416.76261438
2026-07-21 10:00:00+00:00,1784628000000,194.4,194.999,193.75,194.44,49520.69134500001,9627535.49542337
2026-07-21 11:00:00+00:00,1784631600000,195.0,196.348,193.65,194.99,176175.78436899997,34331375.09998702
2026-07-21 12:00:00+00:00,1784635200000,194.99,196.356,194.106,195.93,228896.355325,44646943.68484275
2026-07-21 13:00:00+00:00,1784638800000,196.175,200.01,192.62,197.595,5012484.294452,982670998.5294483
2026-07-21 14:00:00+00:00,1784642400000,197.61,207.53,197.11,205.75,3967116.654294,806869079.3351985
2026-07-21 15:00:00+00:00,1784646000000,205.82,208.66,205.01,207.395,2084202.663365,431434119.7218817
2026-07-21 16:00:00+00:00,1784649600000,207.39,212.38,207.317,211.795,2636094.0074980007,555477729.2599788
2026-07-21 17:00:00+00:00,1784653200000,211.93,215.03,211.862,213.59,2342831.497425,501014281.4411865
2026-07-21 18:00:00+00:00,1784656800000,213.9,214.38,209.7,210.365,1913013.517574,406286193.46506965
2026-07-21 19:00:00+00:00,1784660400000,210.24,217.54,209.74,216.995,3163339.4991120007,677932124.7151937
2026-07-21 20:00:00+00:00,1784664000000,217.124,220.84,216.022,219.16,5931439.343364,1290385339.2890952
2026-07-21 21:00:00+00:00,1784667600000,219.15,220.0,218.615,219.01,73716.97109500002,16167606.1005554
2026-07-21 22:00:00+00:00,1784671200000,218.76,219.385,218.1,218.3,41102.58618699999,8982522.19297941
2026-07-21 23:00:00+00:00,1784674800000,219.44,219.985,218.392,219.44,47791.91588899999,10491276.59676169
2026-07-22 00:00:00+00:00,1784678400000,219.51,222.92,218.7,219.64,27435.0,6066387.52
2026-07-22 01:00:00+00:00,1784682000000,219.63,220.54,217.59,219.48,16953.0,3711880.94
2026-07-22 02:00:00+00:00,1784685600000,219.25,219.59,215.2,215.32,18280.0,3970949.68
2026-07-22 03:00:00+00:00,1784689200000,215.4,216.86,213.99,214.71,18640.0,4011017.17
2026-07-22 04:00:00+00:00,1784692800000,214.7,217.31,214.62,215.18,12045.0,2603632.24
2026-07-22 05:00:00+00:00,1784696400000,215.05,215.24,209.41,210.63,59692.0,12639704.55
2026-07-22 06:00:00+00:00,1784700000000,210.34,212.05,208.36,211.95,42778.0,8975447.03
2026-07-22 07:00:00+00:00,1784703600000,211.84,212.87,209.41,210.19,25861.0,5455653.28
2026-07-22 08:00:00+00:00,1784707200000,212.73,218.341,210.489,212.99,270571.31893800007,57235601.58000068
2026-07-22 09:00:00+00:00,1784710800000,212.48,213.26,211.5,212.48,28538.908642,6054229.80985956
2026-07-22 10:00:00+00:00,1784714400000,211.7,213.88,211.475,211.7,29157.72661,6192617.11370227
2026-07-22 11:00:00+00:00,1784718000000,211.01,212.875,208.61,208.99,155069.3898519999,32676361.39206429
2026-07-22 12:00:00+00:00,1784721600000,209.6,210.388,207.675,208.57,142680.88324800003,29841992.0930857
2026-07-22 13:00:00+00:00,1784725200000,209.46,227.25,208.5,225.89,3361083.2657850008,739978108.4451853
2026-07-22 14:00:00+00:00,1784728800000,225.79,226.5,218.98,220.3,2869040.744248,640195456.4389033
2026-07-22 15:00:00+00:00,1784732400000,220.237,224.586,219.87,224.289,2525246.611753,561155268.0459176
2026-07-22 16:00:00+00:00,1784736000000,224.18,228.58,223.39,225.88,1755708.9380230005,396536695.6225476
2026-07-22 17:00:00+00:00,1784739600000,225.86,228.115,223.53,224.945,1029539.2439900002,232961360.37409848
2026-07-22 18:00:00+00:00,1784743200000,225.35,225.79,222.556,224.99,1413537.7749899994,316667941.39591205
2026-07-22 19:00:00+00:00,1784746800000,225.11,225.715,217.58,218.26,2307028.200632,509709043.0771325
2026-07-22 20:00:00+00:00,1784750400000,216.99,226.99,214.18,226.99,1108773.518023,242805766.74043283
2026-07-22 21:00:00+00:00,1784754000000,228.75,231.108,224.941,226.74,492946.815485,112491695.66071571
2026-07-22 22:00:00+00:00,1784757600000,226.5,226.5,222.76,224.025,185043.808332,41497255.61186604
2026-07-22 23:00:00+00:00,1784761200000,224.0,227.17,222.837,226.07,60247.13978399999,13541147.13785184
2026-07-23 00:00:00+00:00,1784764800000,227.33,230.12,225.34,229.57,43493.0,9899556.76
2026-07-23 01:00:00+00:00,1784768400000,229.79,229.8,226.17,226.57,31560.0,7208204.07
2026-07-23 02:00:00+00:00,1784772000000,226.22,227.15,224.12,226.9,18992.0,4284197.62
2026-07-23 03:00:00+00:00,1784775600000,226.9,228.1,225.34,227.6,12524.0,2841220.29
2026-07-23 04:00:00+00:00,1784779200000,227.61,228.01,226.33,227.58,10143.0,2307094.08
2026-07-23 05:00:00+00:00,1784782800000,227.57,227.76,224.25,224.46,21282.0,4810979.8
2026-07-23 06:00:00+00:00,1784786400000,224.55,225.94,223.92,225.28,19376.0,4357633.89
2026-07-23 07:00:00+00:00,1784790000000,225.41,225.52,222.53,224.07,16157.0,3614260.93
2026-07-23 08:00:00+00:00,1784793600000,225.74,226.76,224.375,226.75,160968.73727799996,36234094.95502525
2026-07-23 09:00:00+00:00,1784797200000,226.99,227.0,225.985,226.49,38278.126197000005,8670539.1330125
2026-07-23 10:00:00+00:00,1784800800000,225.65,227.15,225.65,226.96,63167.410854,14303268.45953789
2026-07-23 11:00:00+00:00,1784804400000,224.75,227.08,221.715,221.76,161712.989474,36232183.40282444
2026-07-23 12:00:00+00:00,1784808000000,220.76,222.75,214.618,218.29,366253.377637,79864479.02076896
2026-07-23 13:00:00+00:00,1784811600000,218.51,225.99,213.74,223.356,2299088.945244,511083802.6543856
2026-07-23 14:00:00+00:00,1784815200000,223.135,230.115,219.49,220.33,3281926.8247490004,739724317.3886989
2026-07-23 15:00:00+00:00,1784818800000,220.25,222.26,216.23,221.59,1965023.0754010004,431454221.59657145
2026-07-23 16:00:00+00:00,1784822400000,221.79,224.25,220.2,221.535,1374187.0936310005,305440565.30136245
2026-07-23 17:00:00+00:00,1784826000000,221.37,223.49,219.865,221.455,707008.1956820001,156933124.47832263
2026-07-23 18:00:00+00:00,1784829600000,221.06,222.412,219.38,219.49,709850.5369310004,156928219.87051752
2026-07-23 19:00:00+00:00,1784833200000,220.18,221.75,216.428,221.222,2738826.224076,600935944.1244509
2026-07-23 20:00:00+00:00,1784836800000,221.75,223.25,221.175,221.67,1318729.433019,291913419.8013126
2026-07-23 21:00:00+00:00,1784840400000,222.5,222.5,219.5,220.0,40343.743296,8918282.99928119
2026-07-23 22:00:00+00:00,1784844000000,220.01,220.869,218.625,220.49,36385.379001,7978083.78910907
2026-07-23 23:00:00+00:00,1784847600000,219.712,220.206,218.7,220.005,18390.887646,4035620.98239889
2026-07-24 00:00:00+00:00,1784851200000,219.18,220.01,217.24,218.13,9586.0,2089131.11
2026-07-24 01:00:00+00:00,1784854800000,218.34,219.3,217.6,217.6,3911.0,854400.92
2026-07-24 02:00:00+00:00,1784858400000,217.61,218.12,214.9,215.2,18864.0,4078130.21
2026-07-24 03:00:00+00:00,1784862000000,215.18,217.0,214.91,214.91,9539.0,2057286.37
2026-07-24 04:00:00+00:00,1784865600000,214.92,217.52,214.34,217.52,7066.0,1523558.44
2026-07-24 05:00:00+00:00,1784869200000,217.53,219.81,217.25,218.19,11794.0,2581321.87
2026-07-24 06:00:00+00:00,1784872800000,218.19,218.51,217.27,218.02,4757.0,1036700.55
2026-07-24 07:00:00+00:00,1784876400000,218.18,220.23,218.07,219.45,7570.0,1662181.34
2026-07-24 08:00:00+00:00,1784880000000,220.001,220.001,218.115,218.98,77099.608454,16864606.44405021
2026-07-24 09:00:00+00:00,1784883600000,220.7,223.75,218.98,223.75,72273.94328699999,15963044.67027909
2026-07-24 10:00:00+00:00,1784887200000,222.74,222.896,221.265,221.74,15488.372685,3444406.54095002
2026-07-24 11:00:00+00:00,1784890800000,221.29,221.9,219.81,221.9,51093.324213,11302936.71305376
2026-07-24 12:00:00+00:00,1784894400000,222.39,224.363,220.981,223.0,75812.50844599999,16904028.72696729
2026-07-24 13:00:00+00:00,1784898000000,221.45,222.757,198.24,201.36,3585010.224073001,739813106.3693542
2026-07-24 14:00:00+00:00,1784901600000,201.55,203.19,194.135,197.24,5677922.008508,1123400204.431496
2026-07-24 15:00:00+00:00,1784905200000,196.99,206.536,195.63,206.47,2834413.523734,570148232.5674938
2026-07-24 16:00:00+00:00,1784908800000,206.41,207.841,199.76,200.64,1761061.8319150007,359254676.54264504
2026-07-24 17:00:00+00:00,1784912400000,200.38,205.054,199.923,201.685,1250471.118858999,253271295.74348488
2026-07-24 18:00:00+00:00,1784916000000,201.395,201.645,192.06,192.62,2951462.012883001,576767918.1949664
2026-07-24 19:00:00+00:00,1784919600000,190.94,190.94,186.52,187.77,65576.0,12285276.285
2026-07-24 20:00:00+00:00,1784923200000,187.57,190.37,186.04,189.99,1900802.029087,357378913.3383864
2026-07-24 21:00:00+00:00,1784926800000,189.75,190.125,189.265,189.5,68888.66709100001,13071314.58151534
2026-07-24 22:00:00+00:00,1784930400000,189.08,189.597,188.255,188.72,57425.27909100001,10842082.1958018
2026-07-24 23:00:00+00:00,1784934000000,189.0,189.55,188.15,189.44,82155.079512,15518817.096484134
2026-07-25 00:00:00+00:00,1784937600000,189.44,189.73,189.44,189.63,3.808,722.424704
2026-07-25 02:00:00+00:00,1784944800000,189.8,189.83,189.8,189.83,50.0,9490.636
2026-07-25 03:00:00+00:00,1784948400000,190.03,190.13,189.98,189.98,146.5143,27848.318754
2026-07-25 11:00:00+00:00,1784977200000,190.78,190.78,190.78,190.78,0.1572,29.990616
2026-07-25 12:00:00+00:00,1784980800000,190.8,191.0,190.8,191.0,26.4713,5051.1843
2026-07-25 13:00:00+00:00,1784984400000,190.92,191.03,190.92,191.03,0.7268,138.766981
2026-07-25 14:00:00+00:00,1784988000000,191.03,191.03,191.03,191.03,1.9348,369.604844
2026-07-25 16:00:00+00:00,1784995200000,191.04,191.06,191.04,191.06,50.0,9552.448
2026-07-25 18:00:00+00:00,1785002400000,191.28,191.28,191.28,191.28,0.5227,99.982056
2026-07-26 01:00:00+00:00,1785027600000,191.31,191.31,191.31,191.31,90.0,17217.9
2026-07-26 03:00:00+00:00,1785034800000,191.68,191.68,191.68,191.68,48.0,9200.64
2026-07-26 04:00:00+00:00,1785038400000,191.94,192.0,191.94,192.0,33.0,6335.82
2026-07-26 05:00:00+00:00,1785042000000,192.15,192.2,191.87,192.15,66.8792,12845.582189
2026-07-26 06:00:00+00:00,1785045600000,192.21,193.2,192.21,193.2,417.8382,80597.06424
2026-07-26 07:00:00+00:00,1785049200000,193.11,193.14,193.0,193.14,223.1,43075.473
2026-07-26 08:00:00+00:00,1785052800000,193.29,193.29,193.29,193.29,48.0,9277.92
2026-07-26 09:00:00+00:00,1785056400000,193.5,193.84,193.5,193.84,85.4127,16534.718768
2026-07-26 10:00:00+00:00,1785060000000,193.85,195.14,193.85,195.14,240.5499,46774.477486
2026-07-26 11:00:00+00:00,1785063600000,195.29,195.99,195.29,195.99,193.8,37927.548
2026-07-26 12:00:00+00:00,1785067200000,195.93,195.93,195.72,195.8,71.8159,14064.050579
2026-07-26 13:00:00+00:00,1785070800000,195.84,195.84,195.8,195.8,5.1737,1013.18434
2026-07-26 15:00:00+00:00,1785078000000,195.8,195.85,195.78,195.79,1.7639,345.392216
2026-07-26 16:00:00+00:00,1785081600000,195.87,196.15,195.34,196.15,158.3017,30968.914987
2026-07-26 18:00:00+00:00,1785088800000,196.21,196.21,196.21,196.21,0.07,13.7347
2026-07-26 19:00:00+00:00,1785092400000,196.21,196.21,196.21,196.21,5.0965,999.984265
2026-07-26 20:00:00+00:00,1785096000000,196.16,196.23,195.93,195.93,22.9119,4493.14216
2026-07-26 21:00:00+00:00,1785099600000,196.07,196.07,195.75,195.75,20.7474,4061.354615
2026-07-26 22:00:00+00:00,1785103200000,196.21,196.42,196.21,196.42,52.9556,10395.953952
2026-07-26 23:00:00+00:00,1785106800000,196.6,197.12,196.6,197.12,98.1542,19321.084296
2026-07-27 00:00:00+00:00,1785110400000,195.9,199.74,193.58,195.79,68493.0,13522679.99
2026-07-27 01:00:00+00:00,1785114000000,195.87,196.7,193.21,195.29,44364.0,8648493.37
2026-07-27 02:00:00+00:00,1785117600000,195.49,195.8,194.38,195.13,17854.0,3484002.13
2026-07-27 03:00:00+00:00,1785121200000,195.4,196.0,194.39,194.73,11895.0,2323033.94
2026-07-27 04:00:00+00:00,1785124800000,194.73,196.28,194.42,196.03,8969.0,1752264.64
2026-07-27 05:00:00+00:00,1785128400000,196.04,197.56,195.9,197.04,18386.0,3621925.61
2026-07-27 06:00:00+00:00,1785132000000,197.05,197.65,196.89,197.47,17405.0,3433194.39
2026-07-27 07:00:00+00:00,1785135600000,197.59,198.39,197.0,197.09,15082.0,2982544.28
2026-07-27 08:00:00+00:00,1785139200000,197.76,198.925,190.653,198.84,179701.43034699996,35415845.41507531
2026-07-27 09:00:00+00:00,1785142800000,198.61,201.115,198.32,199.99,59887.462666,11937619.46055698
2026-07-27 10:00:00+00:00,1785146400000,199.35,200.155,198.851,199.46,53744.66580999999,10723232.46280966
2026-07-27 11:00:00+00:00,1785150000000,198.09,199.451,196.964,198.19,162907.70695099997,32294498.01055233
2026-07-27 12:00:00+00:00,1785153600000,198.34,198.55,196.175,198.2,178054.49452300003,35213089.55293672
2026-07-27 13:00:00+00:00,1785157200000,197.99,199.71,189.01,189.59,2898659.969234001,561141148.268121
2026-07-27 14:00:00+00:00,1785160800000,189.533,190.99,181.91,186.982,4691225.026907,878991967.661244
2026-07-27 15:00:00+00:00,1785164400000,187.035,187.04,180.905,185.01,2463044.119334,452824257.4248456
2026-07-27 16:00:00+00:00,1785168000000,185.21,189.505,182.755,185.75,2097409.6526280004,390394843.7219897
2026-07-27 17:00:00+00:00,1785171600000,185.445,187.79,184.68,187.19,1027542.192218,191159633.76302943
2026-07-27 18:00:00+00:00,1785175200000,187.36,188.21,183.35,188.01,974034.64844,180969890.87572616
2026-07-27 19:00:00+00:00,1785178800000,188.14,191.835,187.52,187.87,2150813.21641,407123347.1891377
2026-07-27 20:00:00+00:00,1785182400000,188.49,189.5,187.577,188.62,2071095.946045,389850674.3078345
2026-07-27 21:00:00+00:00,1785186000000,188.45,189.05,188.45,189.05,55248.7381,10429135.6575145
2026-07-27 22:00:00+00:00,1785189600000,188.39,189.05,186.275,188.39,34758.796515,6513207.56737025
2026-07-27 23:00:00+00:00,1785193200000,185.2,186.54,184.045,186.01,46579.963903,8639484.01685839
2026-07-28 00:00:00+00:00,1785196800000,186.22,186.92,183.13,183.49,14111.0,2603101.48
2026-07-28 01:00:00+00:00,1785200400000,183.3,184.22,181.69,182.43,22223.0,4065043.68
2026-07-28 02:00:00+00:00,1785204000000,182.45,182.98,180.49,181.15,28262.0,5126978.2
2026-07-28 03:00:00+00:00,1785207600000,181.15,182.8,180.12,182.65,17973.0,3256012.8
2026-07-28 04:00:00+00:00,1785211200000,182.49,182.65,180.95,181.01,7484.0,1358474.87
2026-07-28 05:00:00+00:00,1785214800000,181.19,181.82,179.32,179.32,19927.0,3590367.75
2026-07-28 06:00:00+00:00,1785218400000,179.46,180.91,178.25,180.49,24840.0,4459669.07
2026-07-28 07:00:00+00:00,1785222000000,180.71,181.64,180.29,180.51,11201.0,2029010.72
2026-07-28 08:00:00+00:00,1785225600000,180.79,184.903,179.65,180.79,185163.502275,33532258.50989203
2026-07-28 09:00:00+00:00,1785229200000,182.5,183.04,180.0,180.208,31447.852732000003,5697099.29049967
2026-07-28 10:00:00+00:00,1785232800000,180.3,180.85,179.25,179.33,31199.000989,5620824.49777864
2026-07-28 11:00:00+00:00,1785236400000,179.71,181.845,177.444,180.12,218092.47542499995,39050635.42421354
2026-07-28 12:00:00+00:00,1785240000000,182.0,183.747,180.0,180.99,145218.38990100005,26415980.25861939
2026-07-28 13:00:00+00:00,1785243600000,181.44,181.783,164.16,164.32,4438744.889022,760306397.7977338
2026-07-28 14:00:00+00:00,1785247200000,164.23,168.79,161.455,165.4,6639194.132824002,1093583492.540478
2026-07-28 15:00:00+00:00,1785250800000,165.48,172.85,164.4,171.26,4512336.107295001,764442530.9082285
2026-07-28 16:00:00+00:00,1785254400000,171.59,173.22,167.99,170.91,2268798.669111,385780626.8190948
2026-07-28 17:00:00+00:00,1785258000000,170.595,170.955,164.95,165.89,2586196.498488,432495071.45479506
2026-07-28 18:00:00+00:00,1785261600000,165.9,167.012,164.86,165.86,1821590.056114,302270282.0954224
2026-07-28 19:00:00+00:00,1785265200000,165.92,169.74,165.7,169.73,4292472.239657001,722457846.9594146
2026-07-28 20:00:00+00:00,1785268800000,168.74,169.555,167.397,168.31,1252884.5076529996,211989061.00249365
2026-07-28 21:00:00+00:00,1785272400000,168.64,169.14,168.28,169.08,48028.047237,8107729.92139134
2026-07-28 22:00:00+00:00,1785276000000,169.99,171.249,163.225,164.8,129737.758109,21761225.53824203
2026-07-28 23:00:00+00:00,1785279600000,162.81,170.373,162.662,169.83,194016.174725,32185634.24939234
2026-07-29 00:00:00+00:00,1785283200000,169.73,174.57,169.15,169.99,66945.0,11522926.7
2026-07-29 01:00:00+00:00,1785286800000,169.94,170.65,164.44,164.81,31576.0,5287606.86
2026-07-29 02:00:00+00:00,1785290400000,164.57,167.49,164.34,165.66,24989.0,4150241.26
2026-07-29 03:00:00+00:00,1785294000000,165.52,166.44,161.75,162.02,49893.0,8164875.44
2026-07-29 04:00:00+00:00,1785297600000,162.05,165.03,159.63,164.91,66914.0,10818014.64
2026-07-29 05:00:00+00:00,1785301200000,165.03,168.43,164.46,166.59,46150.0,7692078.2
2026-07-29 06:00:00+00:00,1785304800000,166.43,169.4,165.4,169.24,26720.0,4464590.98
2026-07-29 07:00:00+00:00,1785308400000,169.31,170.37,168.11,169.0,20125.0,3408702.38
2026-07-29 08:00:00+00:00,1785312000000,169.803,171.65,167.2,170.68,389286.369108,65700523.16505884
2026-07-29 09:00:00+00:00,1785315600000,172.72,175.55,170.68,175.53,107246.60513599998,18600561.62895397
2026-07-29 10:00:00+00:00,1785319200000,174.2,175.456,170.553,171.82,82612.76278200002,14300831.00435112
2026-07-29 11:00:00+00:00,1785322800000,171.01,172.845,170.331,172.01,105875.42481299998,18187079.31106999
2026-07-29 12:00:00+00:00,1785326400000,170.59,171.38,168.01,169.0,137419.52248699998,23333244.0143459
2026-07-29 13:00:00+00:00,1785330000000,169.65,171.97,154.535,157.06,4832820.254623,779747517.7259442
2026-07-29 14:00:00+00:00,1785333600000,157.41,158.69,151.69,154.145,5474666.173184002,846466057.8334619
2026-07-29 15:00:00+00:00,1785337200000,154.178,154.796,149.225,150.095,4466854.97323,677168676.7922848
2026-07-29 16:00:00+00:00,1785340800000,150.325,155.55,146.3,155.55,6366814.541855999,962052417.8955171
2026-07-29 17:00:00+00:00,1785344400000,155.38,161.43,155.1,158.28,6048078.665448999,960121601.5984308
2026-07-29 18:00:00+00:00,1785348000000,159.11,162.99,154.093,160.86,4241963.892846001,674405660.1293964
2026-07-29 19:00:00+00:00,1785351600000,161.025,161.71,145.81,148.16,6186761.667590001,934400225.5317864
2026-07-29 20:00:00+00:00,1785355200000,148.98,150.829,145.1,146.51,1655375.7552939998,245321886.3448804
2026-07-29 21:00:00+00:00,1785358800000,145.8,146.925,141.305,144.99,402899.4394389999,57967640.32861343
2026-07-29 22:00:00+00:00,1785362400000,146.13,152.47,145.25,150.01,370246.3509409999,55450463.09357017
2026-07-29 23:00:00+00:00,1785366000000,151.01,151.829,148.84,150.39,254125.590187,38141150.75486842
2026-07-30 00:00:00+00:00,1785369600000,150.36,153.03,149.12,151.0,10.0,1507.64
2026-07-30 01:00:00+00:00,1785373200000,151.24,156.15,151.13,153.76,61592.0,9497935.13
2026-07-30 02:00:00+00:00,1785376800000,153.86,154.95,150.36,151.03,55186.0,8409110.95
2026-07-30 03:00:00+00:00,1785380400000,150.7,152.0,149.5,151.19,28157.0,4242911.3
2026-07-30 04:00:00+00:00,1785384000000,151.2,151.2,147.01,147.79,51691.0,7693079.51
2026-07-30 05:00:00+00:00,1785387600000,147.79,151.55,147.08,150.56,33541.0,4999929.29
2026-07-30 06:00:00+00:00,1785391200000,150.4,151.18,148.67,148.88,19626.0,2946716.84
2026-07-30 07:00:00+00:00,1785394800000,148.8,150.0,147.74,148.51,21929.0,3263910.92
2026-07-30 08:00:00+00:00,1785398400000,149.99,153.75,148.901,152.06,405349.751311,60981708.35667972
2026-07-30 09:00:00+00:00,1785402000000,152.9,155.74,152.243,155.06,161817.392086,25020431.70868624
2026-07-30 10:00:00+00:00,1785405600000,154.85,156.82,154.305,156.34,188764.28180199995,29378404.50396698
2026-07-30 11:00:00+00:00,1785409200000,155.5,162.594,155.135,161.86,602470.8595040002,95417045.33897744
2026-07-30 12:00:00+00:00,1785412800000,162.275,164.495,161.439,164.359,1240785.201023,202332101.75011027
2026-07-30 13:00:00+00:00,1785416400000,164.38,195.14,164.27,193.935,10750175.492795996,1956271785.4419456
2026-07-30 14:00:00+00:00,1785420000000,193.88,195.885,185.47,188.98,9407412.585582,1797119663.2726765
2026-07-30 15:00:00+00:00,1785423600000,189.283,192.58,187.54,190.217,5662261.752595,1075180715.7600355
2026-07-30 16:00:00+00:00,1785427200000,190.37,192.95,186.01,188.308,4751583.346352,898594628.4170054
2026-07-30 17:00:00+00:00,1785430800000,188.273,190.71,186.882,187.848,3872500.818557,731930715.9522146
2026-07-30 18:00:00+00:00,1785434400000,187.98,188.39,185.14,187.25,2029791.681572,379438499.05715734
2026-07-30 19:00:00+00:00,1785438000000,187.39,190.58,185.69,188.375,3756099.790836,707157902.7408609
2026-07-30 20:00:00+00:00,1785441600000,189.99,197.75,187.991,194.01,2768115.602135,525795254.2787367
2026-07-30 21:00:00+00:00,1785445200000,194.51,198.4,194.2,196.99,262180.95073999994,51548655.19355494
2026-07-30 22:00:00+00:00,1785448800000,196.892,197.75,195.466,197.75,201277.505683,39575122.89618917
2026-07-30 23:00:00+00:00,1785452400000,198.01,199.675,196.601,199.15,135284.178193,26813229.41892786
2026-07-31 00:00:00+00:00,1785456000000,198.72,205.4,197.93,205.39,87296.0,17669075.22
2026-07-31 01:00:00+00:00,1785459600000,205.4,206.51,199.71,200.74,85833.0,17452766.86
2026-07-31 02:00:00+00:00,1785463200000,200.9,201.7,196.74,199.93,59073.0,11743697.92
2026-07-31 03:00:00+00:00,1785466800000,199.73,202.0,198.12,200.69,27234.0,5456190.15
2026-07-31 04:00:00+00:00,1785470400000,200.75,204.16,199.68,203.95,34209.0,6927288.15
2026-07-31 05:00:00+00:00,1785474000000,203.94,205.31,202.89,204.13,48184.0,9843108.56
2026-07-31 06:00:00+00:00,1785477600000,204.4,206.51,199.26,202.54,83909.0,17048031.22
2026-07-31 07:00:00+00:00,1785481200000,202.27,204.2,201.01,203.98,30419.0,6177776.07
2026-07-31 08:00:00+00:00,1785484800000,200.74,207.4,199.051,206.74,495118.3604480002,100573689.62881856
2026-07-31 09:00:00+00:00,1785488400000,208.37,208.495,203.451,205.61,204550.686207,42224436.76548584
2026-07-31 10:00:00+00:00,1785492000000,206.74,206.875,204.25,205.51,108313.280933,22289746.7578897
2026-07-31 11:00:00+00:00,1785495600000,206.43,207.988,205.052,207.4,312939.2477700001,64668300.96709976
2026-07-31 12:00:00+00:00,1785499200000,206.0,207.495,199.492,202.18,571170.5783759999,116160217.09959953
2026-07-31 13:00:00+00:00,1785502800000,200.99,205.296,184.47,189.91,6038154.327637999,1168570045.1821096
2026-07-31 14:00:00+00:00,1785506400000,189.84,196.02,185.32,194.365,5006866.658768001,955739747.652257
2026-07-31 15:00:00+00:00,1785510000000,194.37,195.78,182.6,184.575,3607702.75515,678575697.3783675
2026-07-31 16:00:00+00:00,1785513600000,184.58,189.278,182.88,188.01,1860633.018237,346247431.1233452
2026-07-31 17:00:00+00:00,1785517200000,187.72,191.13,187.286,189.88,1270636.651718,240583868.40026817
2026-07-31 18:00:00+00:00,1785520800000,189.39,191.75,188.856,190.51,1374460.9775949998,261298226.6661944
2026-07-31 19:00:00+00:00,1785524400000,190.76,191.895,186.94,190.3,2794818.374927,530704427.95100063
2026-07-31 20:00:00+00:00,1785528000000,190.25,191.5,188.81,189.06,1892102.0285160004,360331721.10038424
2026-07-31 21:00:00+00:00,1785531600000,189.624,190.5,188.585,189.05,117652.210896,22328421.894219097
2026-07-31 22:00:00+00:00,1785535200000,187.82,189.475,185.842,187.82,59173.973182,11093309.24804563
2026-07-31 23:00:00+00:00,1785538800000,187.0,188.124,186.649,187.18,38746.36706199999,7267024.50403623
2026-08-01 00:00:00+00:00,1785542400000,187.147,187.65,186.84,186.84,151.64,28424.3796
2026-08-01 08:00:00+00:00,1785571200000,187.66,187.68,187.66,187.68,4.1447,777.797296
2026-08-01 13:00:00+00:00,1785589200000,187.45,187.45,186.86,186.86,3.7007,692.478514
2026-08-01 17:00:00+00:00,1785603600000,187.7,187.7,187.7,187.7,0.1065,19.99005
2026-08-01 19:00:00+00:00,1785610800000,187.7,187.7,187.67,187.67,7.1861,1348.804036
2026-08-01 20:00:00+00:00,1785614400000,187.63,187.63,187.63,187.63,0.6906,129.577278
2026-08-01 21:00:00+00:00,1785618000000,187.63,187.63,187.63,187.63,2.6648,499.996424
2026-08-02 00:00:00+00:00,1785628800000,187.73,190.81,187.73,189.62,918.0353,173836.663569
2026-08-02 01:00:00+00:00,1785632400000,189.86,189.86,189.05,189.05,48.6243,9197.014374
2026-08-02 02:00:00+00:00,1785636000000,189.89,193.16,189.89,193.16,823.502,157714.397009
2026-08-02 03:00:00+00:00,1785639600000,193.2,193.56,193.2,193.31,256.2341,49561.398688
2026-08-02 05:00:00+00:00,1785646800000,193.31,196.06,193.3,196.02,532.6621,103906.905753
2026-08-02 06:00:00+00:00,1785650400000,196.5,196.51,196.5,196.51,25.4452,4999.987252
2026-08-02 07:00:00+00:00,1785654000000,196.46,196.46,195.89,196.02,79.1796,15526.870778
2026-08-02 08:00:00+00:00,1785657600000,196.38,197.59,196.38,197.59,209.9456,41337.668776
2026-08-02 09:00:00+00:00,1785661200000,197.57,197.57,196.73,197.25,100.086,19728.255842
2026-08-02 10:00:00+00:00,1785664800000,197.12,197.12,196.24,196.24,67.7187,13304.999639
2026-08-02 11:00:00+00:00,1785668400000,196.33,196.33,194.35,194.35,350.4296,68373.50876
2026-08-02 12:00:00+00:00,1785672000000,194.35,194.35,194.34,194.34,30.0,5830.283884
2026-08-02 13:00:00+00:00,1785675600000,194.24,194.24,194.22,194.22,10.9698,2130.674964
2026-08-02 14:00:00+00:00,1785679200000,194.21,194.21,194.21,194.21,1.5253,296.228513
2026-08-02 16:00:00+00:00,1785686400000,195.19,195.35,193.78,193.78,211.9195,41343.095642
2026-08-02 18:00:00+00:00,1785693600000,195.09,195.09,195.09,195.09,9.8496,1921.558464
2026-08-02 19:00:00+00:00,1785697200000,195.17,195.33,195.17,195.33,27.2334,5316.707398
2026-08-02 20:00:00+00:00,1785700800000,195.43,197.9,195.43,197.9,454.4916,89361.314453
2026-08-02 21:00:00+00:00,1785704400000,198.01,210.72,198.01,203.54,1319.4026,271121.237282
2026-08-02 22:00:00+00:00,1785708000000,203.26,203.26,203.26,203.26,0.2459,49.981634
2026-08-02 23:00:00+00:00,1785711600000,203.26,203.26,200.13,200.13,109.3334,22014.456768
2026-08-03 00:00:00+00:00,1785715200000,194.99,199.06,194.99,197.9,142033.0,28015899.65
2026-08-03 01:00:00+00:00,1785718800000,197.89,198.15,195.1,197.51,35872.0,7054664.63
2026-08-03 02:00:00+00:00,1785722400000,197.49,197.85,196.51,197.17,15282.0,3012982.12
2026-08-03 03:00:00+00:00,1785726000000,197.18,197.28,195.58,196.36,20026.0,3931203.63
2026-08-03 04:00:00+00:00,1785729600000,196.19,196.7,195.6,195.75,14329.0,2809385.29
2026-08-03 05:00:00+00:00,1785733200000,195.76,196.3,194.79,196.09,17296.0,3383969.33
2026-08-03 06:00:00+00:00,1785736800000,196.2,196.81,194.56,195.1,18783.0,3683088.97
2026-08-03 07:00:00+00:00,1785740400000,195.32,195.59,194.14,194.49,22770.0,4436787.6
2026-08-03 08:00:00+00:00,1785744000000,194.47,194.494,188.295,192.32,241643.292899,46636309.77798186
2026-08-03 09:00:00+00:00,1785747600000,191.99,193.225,191.19,191.99,31249.696363000003,6005701.0207357
2026-08-03 10:00:00+00:00,1785751200000,191.5,191.5,187.1,189.485,96732.374598,18302718.646984536
2026-08-03 11:00:00+00:00,1785754800000,188.0,189.485,184.409,184.99,241899.231816,45035008.92518744
2026-08-03 12:00:00+00:00,1785758400000,185.0,188.059,184.0,186.11,180118.446633,33488035.87043461
2026-08-03 13:00:00+00:00,1785762000000,185.69,203.96,176.545,203.85,4781147.811184,911812220.9561197
2026-08-03 14:00:00+00:00,1785765600000,203.71,215.14,199.82,213.48,5789213.880365003,1200277134.894688
2026-08-03 15:00:00+00:00,1785769200000,213.35,216.295,211.34,214.9,2966429.231068,635132670.09043
2026-08-03 16:00:00+00:00,1785772800000,214.68,218.73,214.68,217.44,2328832.945803,505780829.7186817
2026-08-03 17:00:00+00:00,1785776400000,217.624,221.22,215.67,220.945,2483868.393894,543698271.5772732
2026-08-03 18:00:00+00:00,1785780000000,220.937,221.65,215.76,215.859,2692826.995629,590333926.4768201
2026-08-03 19:00:00+00:00,1785783600000,215.854,219.9,211.63,212.663,5232350.094456,1128936264.9420593
2026-08-03 20:00:00+00:00,1785787200000,213.76,216.497,211.99,213.99,4453031.796340999,947948049.7096828
2026-08-03 21:00:00+00:00,1785790800000,215.01,215.25,214.106,215.06,46838.84302300001,10060529.14456308
2026-08-03 22:00:00+00:00,1785794400000,215.99,216.0,214.75,215.74,42903.328654,9251815.37193312
2026-08-03 23:00:00+00:00,1785798000000,215.26,216.875,215.26,216.74,66457.12397199999,14359011.9710234
2026-08-04 00:00:00+00:00,1785801600000,216.07,217.57,210.34,211.01,40.0,8672.6
2026-08-04 01:00:00+00:00,1785805200000,210.69,218.51,209.89,218.17,53582.0,11461163.46
2026-08-04 02:00:00+00:00,1785808800000,217.97,217.98,213.14,215.19,22832.0,4920432.82
2026-08-04 03:00:00+00:00,1785812400000,215.09,217.36,214.43,216.94,10703.0,2311220.83
2026-08-04 04:00:00+00:00,1785816000000,216.99,218.13,216.0,217.88,15557.0,3379879.33
2026-08-04 05:00:00+00:00,1785819600000,217.98,218.84,216.32,217.69,24665.0,5362287.37
2026-08-04 06:00:00+00:00,1785823200000,217.74,218.84,217.29,218.29,18025.0,3929684.38
2026-08-04 07:00:00+00:00,1785826800000,218.28,220.35,218.14,219.02,32367.0,7099130.85
2026-08-04 08:00:00+00:00,1785830400000,220.3,221.828,216.875,217.15,320026.7524570001,70337079.78876176
2026-08-04 09:00:00+00:00,1785834000000,217.3,217.845,214.976,216.06,90147.651899,19511909.35286197
2026-08-04 10:00:00+00:00,1785837600000,216.25,218.125,211.857,214.929,281821.46697,60606550.88231831
2026-08-04 11:00:00+00:00,1785841200000,213.51,218.74,212.746,218.74,272364.974453,58831134.0833199
2026-08-04 12:00:00+00:00,1785844800000,217.99,218.705,215.5,215.74,972675.927322,210390873.02326864
2026-08-04 13:00:00+00:00,1785848400000,215.01,227.23,214.975,217.7,4607897.659661,1018463344.9651684
2026-08-04 14:00:00+00:00,1785852000000,217.89,223.715,215.49,222.96,3274402.1232650005,719580318.5272303
2026-08-04 15:00:00+00:00,1785855600000,223.28,226.56,221.51,224.32,2401820.146163,538954510.2421296
2026-08-04 16:00:00+00:00,1785859200000,224.385,225.99,223.99,225.399,1549571.010042,348555295.4847429
2026-08-04 17:00:00+00:00,1785862800000,225.405,227.112,223.56,226.121,1933202.934802,436040441.617624
2026-08-04 18:00:00+00:00,1785866400000,226.129,229.42,223.94,228.214,3041489.923115,690345360.4737641
2026-08-04 19:00:00+00:00,1785870000000,228.209,228.64,224.69,225.693,3140910.685853,712240149.8986751
2026-08-04 20:00:00+00:00,1785873600000,226.76,226.87,220.99,223.49,1693441.981161,380485592.5228196
2026-08-04 21:00:00+00:00,1785877200000,222.69,223.446,221.408,222.05,68278.058989,15183101.22227831
2026-08-04 22:00:00+00:00,1785880800000,221.45,223.95,221.45,223.75,86782.741014,19346014.97852966
2026-08-04 23:00:00+00:00,1785884400000,225.0,225.5,222.8,225.5,35249.839936,7905763.60116621
2026-08-05 00:00:00+00:00,1785888000000,223.53,226.38,223.15,224.46,13429.0,3021769.32
2026-08-05 01:00:00+00:00,1785891600000,224.5,225.48,222.3,224.55,16548.0,3700273.74
2026-08-05 02:00:00+00:00,1785895200000,224.93,225.52,223.7,224.49,4648.0,1043644.21
2026-08-05 03:00:00+00:00,1785898800000,224.7,225.34,223.77,224.35,6982.0,1568328.23
2026-08-05 04:00:00+00:00,1785902400000,224.37,226.74,224.36,226.62,10436.0,2354515.94
2026-08-05 05:00:00+00:00,1785906000000,226.36,228.76,225.82,228.61,23726.0,5397138.05
2026-08-05 06:00:00+00:00,1785909600000,228.45,228.96,226.45,227.42,13250.0,3018990.52
2026-08-05 07:00:00+00:00,1785913200000,227.41,227.76,223.41,224.0,16078.0,3619990.25
2026-08-05 08:00:00+00:00,1785916800000,224.59,225.935,218.74,221.11,241966.19254100008,53879579.95787465
2026-08-05 09:00:00+00:00,1785920400000,220.05,222.905,220.007,222.75,38767.575226,8582749.60252662
2026-08-05 10:00:00+00:00,1785924000000,222.29,222.495,219.76,221.775,65518.895196,14506036.910504004
2026-08-05 11:00:00+00:00,1785927600000,220.5,223.195,220.1,221.79,107333.896788,23829917.56301236
2026-08-05 12:00:00+00:00,1785931200000,220.31,222.875,220.06,220.99,117809.401514,26148750.92218456
2026-08-05 13:00:00+00:00,1785934800000,220.22,227.525,214.87,226.525,2815027.080202,622401361.42183
2026-08-05 14:00:00+00:00,1785938400000,225.56,226.53,219.27,222.25,2827905.813114,629659528.813894
2026-08-05 15:00:00+00:00,1785942000000,222.916,226.25,221.71,224.96,2435722.950941,546317669.5418353
2026-08-05 16:00:00+00:00,1785945600000,225.03,228.01,223.438,225.715,1416067.4206329996,319593813.8368244
2026-08-05 17:00:00+00:00,1785949200000,225.685,225.9,223.02,224.9,944061.179927,212114592.49565613
2026-08-05 18:00:00+00:00,1785952800000,224.874,225.03,220.86,222.131,1168192.441141,260261548.84892088
2026-08-05 19:00:00+00:00,1785956400000,220.22,220.225,218.74,218.94,3293185.796824,738712614.723583
2026-08-05 20:00:00+00:00,1785960000000,218.0,219.865,213.501,216.61,1092146.6838309998,238139963.25730833
2026-08-05 21:00:00+00:00,1785963600000,214.99,218.177,214.0,214.5,75847.64096999998,16361875.86434069
2026-08-05 22:00:00+00:00,1785967200000,216.25,217.75,214.8,216.32,43075.873097,9323643.50422636
2026-08-05 23:00:00+00:00,1785970800000,215.998,216.9,215.125,215.487,64048.798776,13829461.671050856
2026-08-06 00:00:00+00:00,1785974400000,216.34,216.44,213.72,214.12,16958.0,3644915.84
2026-08-06 01:00:00+00:00,1785978000000,214.02,214.97,211.04,214.45,28599.0,6083812.85
2026-08-06 02:00:00+00:00,1785981600000,214.02,216.84,213.3,215.45,22436.0,4837919.58
2026-08-06 03:00:00+00:00,1785985200000,215.45,215.99,213.8,214.89,14108.0,3027833.21
2026-08-06 04:00:00+00:00,1785988800000,214.57,215.77,213.79,214.79,7223.0,1548551.3
2026-08-06 05:00:00+00:00,1785992400000,214.79,215.7,213.89,213.99,13230.0,2838568.2
2026-08-06 06:00:00+00:00,1785996000000,214.13,214.13,212.22,213.73,24632.0,5251568.86
2026-08-06 07:00:00+00:00,1785999600000,213.7,214.97,213.1,213.47,6553.0,1403078.25
2026-08-06 08:00:00+00:00,1786003200000,214.01,215.283,212.11,214.0,148090.733554,31647596.93249737
2026-08-06 09:00:00+00:00,1786006800000,212.01,213.295,210.985,212.01,52684.97416299999,11168408.4424513
2026-08-06 10:00:00+00:00,1786010400000,213.51,213.51,212.025,212.21,50695.91363200001,10773865.14752446
2026-08-06 11:00:00+00:00,1786014000000,211.77,214.0,210.7,211.91,162172.96237699996,34378494.90622814
2026-08-06 12:00:00+00:00,1786017600000,211.01,212.45,209.265,209.68,170579.756703,35916369.49867315
2026-08-06 13:00:00+00:00,1786021200000,210.16,213.01,202.16,212.082,2047280.399951,427547816.6319035
2026-08-06 14:00:00+00:00,1786024800000,212.066,215.5,206.695,209.394,4024424.474979,851899703.6511263
2026-08-06 15:00:00+00:00,1786028400000,209.61,211.64,206.714,206.85,2027454.4176930003,424967218.9112844
2026-08-06 16:00:00+00:00,1786032000000,206.84,206.85,197.76,200.9,3994368.2707329993,806355505.3545097
2026-08-06 17:00:00+00:00,1786035600000,201.21,201.815,196.66,196.85,2153040.143949,428600749.4635964
2026-08-06 18:00:00+00:00,1786039200000,196.93,199.25,193.3,193.325,4403077.115026,863509432.3164237
2026-08-06 19:00:00+00:00,1786042800000,189.905,190.065,189.72,189.9,5691556.992945,1090663174.5695703
2026-08-06 20:00:00+00:00,1786046400000,190.0,194.748,189.127,194.18,2040003.7939839992,388028305.6521789
2026-08-06 21:00:00+00:00,1786050000000,194.25,196.541,193.425,194.8,226362.518869,44070066.07356788
2026-08-06 22:00:00+00:00,1786053600000,194.5,195.15,193.265,193.81,93821.54549200002,18229535.67125015
2026-08-06 23:00:00+00:00,1786057200000,193.99,195.5,193.7,195.05,82329.938538,16049142.99578825
2026-08-07 00:00:00+00:00,1786060800000,194.52,195.74,191.67,194.32,33429.0,6469603.55
2026-08-07 01:00:00+00:00,1786064400000,194.33,194.61,191.11,193.33,26183.0,5038497.21
2026-08-07 02:00:00+00:00,1786068000000,193.09,193.91,192.33,193.5,15586.0,3014410.07
2026-08-07 03:00:00+00:00,1786071600000,193.46,194.11,192.0,192.01,13502.0,2607123.34
2026-08-07 04:00:00+00:00,1786075200000,192.07,192.91,191.3,191.79,16002.0,3071467.92
2026-08-07 05:00:00+00:00,1786078800000,191.78,193.37,191.76,193.12,14323.0,2760296.84
2026-08-07 06:00:00+00:00,1786082400000,193.21,194.27,192.75,193.14,19303.0,3735285.3
2026-08-07 07:00:00+00:00,1786086000000,192.98,194.54,192.56,194.24,18663.0,3619272.44
2026-08-07 08:00:00+00:00,1786089600000,194.99,197.99,194.75,196.99,279375.7002539999,54877182.11192267
2026-08-07 09:00:00+00:00,1786093200000,197.44,199.245,196.951,197.99,93550.492729,18536843.03326589
2026-08-07 10:00:00+00:00,1786096800000,197.59,197.895,196.125,197.55,48500.131118000005,9572422.37862854
2026-08-07 11:00:00+00:00,1786100400000,198.31,198.57,196.118,196.54,225314.906227,44539304.34034721
2026-08-07 12:00:00+00:00,1786104000000,196.18,203.74,195.753,201.845,936920.943994,187757735.57037017
2026-08-07 13:00:00+00:00,1786107600000,200.63,201.845,183.76,185.72,4986460.600946999,946191370.5969551
2026-08-07 14:00:00+00:00,1786111200000,185.76,187.37,180.75,182.55,5331646.542253001,979633003.5209869
2026-08-07 15:00:00+00:00,1786114800000,182.58,187.52,182.431,185.01,2473531.9198610014,458024152.9538536
2026-08-07 16:00:00+00:00,1786118400000,184.85,188.87,184.13,186.515,2279928.5256759995,425051862.8916805
2026-08-07 17:00:00+00:00,1786122000000,186.32,187.031,184.814,186.359,1424499.628373,264585685.5435788
2026-08-07 18:00:00+00:00,1786125600000,186.16,189.19,185.369,187.705,1770823.4676420004,332417564.6869822
2026-08-07 19:00:00+00:00,1786129200000,187.52,189.97,186.3,187.99,2778549.9341420005,523160941.4798871
2026-08-07 20:00:00+00:00,1786132800000,188.17,188.859,187.312,187.63,755140.07533,141856536.795087
2026-08-07 21:00:00+00:00,1786136400000,187.93,188.048,187.61,187.8,38645.131206,7255542.22915097
2026-08-07 22:00:00+00:00,1786140000000,187.97,188.183,187.8,188.01,46511.683979,8743568.68031828
2026-08-07 23:00:00+00:00,1786143600000,188.01,189.888,188.01,189.875,128525.391253,24292250.172474395
2026-08-08 00:00:00+00:00,1786147200000,189.88,190.09,189.88,190.09,1.3151,249.987359
2026-08-08 06:00:00+00:00,1786168800000,189.9,189.9,189.9,189.9,0.6069,115.25031
2026-08-08 13:00:00+00:00,1786194000000,189.88,189.88,189.82,189.82,1.3839,262.73402
2026-08-08 14:00:00+00:00,1786197600000,189.95,189.95,189.95,189.95,0.2866,54.43967
2026-08-08 16:00:00+00:00,1786204800000,189.95,189.95,189.95,189.95,0.5,94.975
2026-08-08 18:00:00+00:00,1786212000000,189.95,189.95,189.95,189.95,0.2632,49.99484
2026-08-08 19:00:00+00:00,1786215600000,189.95,190.11,189.95,190.11,4.1966,797.649226
2026-08-08 21:00:00+00:00,1786222800000,190.11,190.11,190.11,190.11,0.7861,149.445471
2026-08-08 23:00:00+00:00,1786230000000,190.11,190.37,190.11,190.37,378.1696,71974.796486
2026-08-09 00:00:00+00:00,1786233600000,190.31,190.89,190.31,190.89,774.6102,147616.174788
2026-08-09 01:00:00+00:00,1786237200000,190.97,190.97,190.97,190.97,0.1048,20.013656
2026-08-09 02:00:00+00:00,1786240800000,190.99,191.09,190.99,191.09,140.93,26929.5457
2026-08-09 03:00:00+00:00,1786244400000,191.06,191.06,191.06,191.06,4.07,777.6142
2026-08-09 04:00:00+00:00,1786248000000,191.06,191.06,190.99,190.99,56.6043,10813.18052
2026-08-09 05:00:00+00:00,1786251600000,190.99,191.03,190.93,190.93,82.2375,15706.997513
2026-08-09 06:00:00+00:00,1786255200000,190.94,191.64,190.94,191.64,323.4542,61845.900626
2026-08-09 07:00:00+00:00,1786258800000,191.61,191.82,191.61,191.82,16.1333,3092.62801
2026-08-09 08:00:00+00:00,1786262400000,191.85,191.85,191.85,191.85,24.6,4719.51
2026-08-09 09:00:00+00:00,1786266000000,191.92,192.08,191.92,192.08,5.4452,1045.401445
2026-08-09 11:00:00+00:00,1786273200000,192.11,192.28,192.11,192.28,93.844,18032.975407
2026-08-09 12:00:00+00:00,1786276800000,192.31,192.31,192.31,192.31,7.7999,1499.998769
2026-08-09 13:00:00+00:00,1786280400000,192.22,192.45,192.22,192.45,129.8479,24983.068828
2026-08-09 14:00:00+00:00,1786284000000,192.49,192.54,192.49,192.54,85.8023,16519.022435
2026-08-09 16:00:00+00:00,1786291200000,192.57,192.57,192.57,192.57,13.9478,2685.927846
2026-08-09 19:00:00+00:00,1786302000000,192.62,192.62,192.62,192.62,0.1245,23.98119
2026-08-09 20:00:00+00:00,1786305600000,192.64,192.64,192.47,192.47,0.7042,135.581489
2026-08-09 22:00:00+00:00,1786312800000,192.47,192.47,192.38,192.38,161.7909,31131.61925
2026-08-09 23:00:00+00:00,1786316400000,192.39,192.39,192.01,192.01,143.2696,27535.368757
2026-08-10 00:00:00+00:00,1786320000000,190.4,192.79,189.21,189.4,73853.0,14123408.52
2026-08-10 01:00:00+00:00,1786323600000,189.37,190.61,188.61,189.87,42788.0,8112390.09
2026-08-10 02:00:00+00:00,1786327200000,189.91,190.18,189.04,189.76,13769.0,2610679.89
2026-08-10 03:00:00+00:00,1786330800000,189.8,190.69,189.54,190.36,11267.0,2142448.82
2026-08-10 04:00:00+00:00,1786334400000,190.39,190.91,189.66,189.95,15033.0,2863064.69
2026-08-10 05:00:00+00:00,1786338000000,190.06,191.45,190.04,191.3,13999.0,2674063.29
2026-08-10 06:00:00+00:00,1786341600000,191.34,192.25,191.04,191.7,26772.0,5129887.08
2026-08-10 07:00:00+00:00,1786345200000,191.53,192.74,191.31,192.4,19616.0,3769088.85
2026-08-10 08:00:00+00:00,1786348800000,192.06,193.69,189.904,191.61,244347.07015600003,46952266.91875603
2026-08-10 09:00:00+00:00,1786352400000,190.8,191.885,189.3,189.3,79792.16699700001,15173406.14361672
2026-08-10 10:00:00+00:00,1786356000000,188.74,190.265,187.612,188.62,57283.349105,10825109.44044755
2026-08-10 11:00:00+00:00,1786359600000,188.0,188.595,185.85,188.01,207947.793194,38985366.04029357
2026-08-10 12:00:00+00:00,1786363200000,188.7,188.805,185.42,185.49,156158.17426999996,29176296.58007568
2026-08-10 13:00:00+00:00,1786366800000,186.0,192.85,183.405,191.487,3198927.177573,603558266.7386856
2026-08-10 14:00:00+00:00,1786370400000,191.457,196.14,190.32,191.058,3730618.34798,719939182.9805158
2026-08-10 15:00:00+00:00,1786374000000,191.03,192.5,187.04,188.1,1801417.5267220004,340721011.7129625
2026-08-10 16:00:00+00:00,1786377600000,187.95,188.765,186.5,187.93,1282526.8264269996,240854305.66446328
2026-08-10 17:00:00+00:00,1786381200000,187.92,188.168,186.142,187.09,1050238.927918,196507160.109846
2026-08-10 18:00:00+00:00,1786384800000,187.09,187.179,185.27,186.19,927246.8995000002,172629264.26751304
2026-08-10 19:00:00+00:00,1786388400000,186.136,187.74,183.66,184.086,2207242.512447,411590214.21532255
2026-08-10 20:00:00+00:00,1786392000000,184.81,185.863,184.07,185.7,1918914.2819169995,354533037.87556726
2026-08-10 21:00:00+00:00,1786395600000,185.69,186.354,184.551,185.69,43561.064249,8086488.65460809
2026-08-10 22:00:00+00:00,1786399200000,185.29,185.415,184.35,185.29,52551.538212,9713600.04733697
2026-08-10 23:00:00+00:00,1786402800000,184.08,184.655,184.08,184.51,30182.486228999995,5566640.44617591
2026-08-11 00:00:00+00:00,1786406400000,184.44,186.59,184.01,186.18,12948.0,2401394.8
2026-08-11 01:00:00+00:00,1786410000000,186.01,186.8,185.19,186.22,13220.0,2460705.48
2026-08-11 02:00:00+00:00,1786413600000,185.87,186.43,185.2,185.99,15740.0,2924129.4
2026-08-11 03:00:00+00:00,1786417200000,186.29,187.0,186.03,186.61,11727.0,2187841.48
2026-08-11 04:00:00+00:00,1786420800000,186.69,187.52,186.19,186.61,11051.0,2065031.04
2026-08-11 05:00:00+00:00,1786424400000,186.7,187.0,185.09,185.1,13471.0,2505072.63
2026-08-11 06:00:00+00:00,1786428000000,185.1,185.79,184.34,184.53,21342.0,3948661.59
2026-08-11 07:00:00+00:00,1786431600000,184.88,185.01,184.19,184.79,8222.0,1517882.4
2026-08-11 08:00:00+00:00,1786435200000,185.44,186.617,183.52,185.68,204516.71050400005,37876392.52698556
2026-08-11 09:00:00+00:00,1786438800000,185.75,186.43,184.405,186.31,40926.990634,7585985.5146735
2026-08-11 10:00:00+00:00,1786442400000,185.99,187.745,185.85,187.38,44714.726630000005,8364886.75454535
2026-08-11 11:00:00+00:00,1786446000000,187.91,188.649,186.856,187.39,137689.09890100002,25856415.58006055
2026-08-11 12:00:00+00:00,1786449600000,187.09,189.5,187.05,188.48,172846.426258,32582139.02748228
2026-08-11 13:00:00+00:00,1786453200000,188.717,195.54,186.655,191.136,4436714.307784,850661617.4256896
2026-08-11 14:00:00+00:00,1786456800000,191.133,194.82,190.245,190.708,3916663.704353,753775642.1837846
2026-08-11 15:00:00+00:00,1786460400000,190.73,192.405,189.2,191.69,1835208.2170310009,350304177.425234
2026-08-11 16:00:00+00:00,1786464000000,191.5,191.7,189.642,190.79,1226225.1341509994,233763880.89914408
2026-08-11 17:00:00+00:00,1786467600000,190.66,191.77,190.122,191.39,1025849.110032,195805666.16020587
2026-08-11 18:00:00+00:00,1786471200000,191.435,191.8,189.49,189.99,1681860.695556,320843014.7509228
2026-08-11 19:00:00+00:00,1786474800000,190.166,194.48,189.761,192.986,6221729.108324,1192149986.9769683
2026-08-11 20:00:00+00:00,1786478400000,193.23,207.0,189.75,205.13,2494919.667024,493018829.97291213
2026-08-11 21:00:00+00:00,1786482000000,204.5,206.99,203.079,204.99,657470.5136449999,134743847.9838445
2026-08-11 22:00:00+00:00,1786485600000,204.83,207.819,203.9,207.7,303420.042415,62480922.65819011
2026-08-11 23:00:00+00:00,1786489200000,208.0,208.75,206.846,208.51,273393.369537,56788204.48608445
2026-08-12 00:00:00+00:00,1786492800000,208.01,210.72,205.75,206.52,88923.0,18533326.32000001
2026-08-12 01:00:00+00:00,1786496400000,206.26,208.0,205.63,207.33,44593.0,9218556.4
2026-08-12 02:00:00+00:00,1786500000000,207.35,208.41,206.52,207.88,35435.0,7360718.1
2026-08-12 03:00:00+00:00,1786503600000,207.87,208.98,207.11,207.43,45629.0,9492971.12
2026-08-12 04:00:00+00:00,1786507200000,207.38,208.2,207.18,207.85,37308.0,7755133.17
2026-08-12 05:00:00+00:00,1786510800000,207.81,208.32,207.22,207.76,27938.0,5803726.84
2026-08-12 06:00:00+00:00,1786514400000,207.76,208.01,206.44,207.98,30770.0,6377028.27
2026-08-12 07:00:00+00:00,1786518000000,207.98,208.75,207.8,208.53,24474.0,5094982.09
2026-08-12 08:00:00+00:00,1786521600000,208.75,213.74,207.548,210.7,617401.8750910001,129731507.26330888
2026-08-12 09:00:00+00:00,1786525200000,210.26,211.635,210.21,210.91,154783.87306399998,32640575.49753941
2026-08-12 10:00:00+00:00,1786528800000,211.03,213.007,209.27,211.92,342822.511705,72321871.35153797
2026-08-12 11:00:00+00:00,1786532400000,211.14,220.93,208.53,220.01,2173618.9963299995,468729851.10168314
2026-08-12 12:00:00+00:00,1786536000000,219.61,227.01,218.64,224.69,3112730.133818,697650290.705374
2026-08-12 13:00:00+00:00,1786539600000,224.0,231.85,216.435,227.32,11961836.637534996,2695272131.9446425
2026-08-12 14:00:00+00:00,1786543200000,227.182,235.94,227.182,234.269,9560930.510104,2224849989.2239404
2026-08-12 15:00:00+00:00,1786546800000,234.1,242.56,233.54,242.38,5553670.828781999,1323367560.7779763
2026-08-12 16:00:00+00:00,1786550400000,242.6,247.71,242.388,246.15,6938540.582394001,1705977585.2850964
2026-08-12 17:00:00+00:00,1786554000000,246.24,250.605,244.925,249.675,4661735.865689999,1155826128.8033123
2026-08-12 18:00:00+00:00,1786557600000,249.945,250.53,246.64,247.74,4816670.309745,1199608117.3210452
2026-08-12 19:00:00+00:00,1786561200000,258.945,259.39,258.365,259.14,10311874.450728,2612802063.387039
2026-08-12 20:00:00+00:00,1786564800000,258.54,263.76,253.224,253.5,5296617.446129,1372707394.3374252
2026-08-12 21:00:00+00:00,1786568400000,253.0,255.025,252.76,253.51,246316.060642,62461590.23738635
2026-08-12 22:00:00+00:00,1786572000000,252.09,253.75,251.536,253.75,183503.44838500005,46322637.94203297
2026-08-12 23:00:00+00:00,1786575600000,253.62,254.432,253.265,253.76,160587.719657,40775277.54372391
2026-08-13 00:00:00+00:00,1786579200000,253.29,256.08,253.03,254.59,7.0,1780.52
2026-08-13 01:00:00+00:00,1786582800000,254.71,255.59,253.04,255.31,48131.0,12232278.18
2026-08-13 02:00:00+00:00,1786586400000,255.31,255.34,253.85,254.45,30887.0,7868125.77
2026-08-13 03:00:00+00:00,1786590000000,254.45,255.2,253.94,254.97,18881.0,4804990.9
2026-08-13 04:00:00+00:00,1786593600000,254.91,255.5,254.02,254.33,39352.0,10011834.32
2026-08-13 05:00:00+00:00,1786597200000,254.33,255.36,253.14,253.14,39164.0,9959986.21
2026-08-13 06:00:00+00:00,1786600800000,253.2,253.31,249.23,249.98,85701.0,21519368.32
2026-08-13 07:00:00+00:00,1786604400000,250.06,251.32,248.01,251.01,75317.0,18796385.11
2026-08-13 08:00:00+00:00,1786608000000,248.01,253.808,245.784,249.51,629419.6054910003,156682995.94388843
2026-08-13 09:00:00+00:00,1786611600000,247.76,249.485,246.855,248.48,108892.358057,26987544.4545369
2026-08-13 10:00:00+00:00,1786615200000,249.48,249.99,247.275,248.99,128060.971652,31851478.54245142
2026-08-13 11:00:00+00:00,1786618800000,249.8,251.337,248.704,250.75,326038.8661499999,81504923.76616757
2026-08-13 12:00:00+00:00,1786622400000,249.19,252.74,248.255,252.17,307304.7055470001,76821228.78099072
2026-08-13 13:00:00+00:00,1786626000000,252.015,272.16,250.864,269.278,2386492.15866,635991766.6457239
2026-08-13 14:00:00+00:00,1786629600000,268.95,275.89,264.27,267.341,8719182.504233,2361089003.1368847
2026-08-13 15:00:00+00:00,1786633200000,267.27,268.59,256.57,257.04,5309185.506000998,1392479901.5501769
2026-08-13 16:00:00+00:00,1786636800000,257.025,258.23,251.835,253.0,3323550.5892000003,847838752.3700968
2026-08-13 17:00:00+00:00,1786640400000,252.81,256.27,250.05,250.11,2258316.7904190007,572032320.50817
2026-08-13 18:00:00+00:00,1786644000000,250.131,252.95,247.529,249.482,3671237.233476,918745928.1503133
2026-08-13 19:00:00+00:00,1786647600000,249.59,255.78,249.493,254.79,3629931.730666,918946620.0651163
2026-08-13 20:00:00+00:00,1786651200000,256.5,256.75,254.8,256.01,2142117.9440840003,546501628.3423927
2026-08-13 21:00:00+00:00,1786654800000,256.045,256.045,255.5,255.5,32084.211035,8203104.9890048
2026-08-13 22:00:00+00:00,1786658400000,257.04,259.5,255.5,258.74,90171.712135,23230478.32160816
2026-08-13 23:00:00+00:00,1786662000000,258.92,261.055,257.845,260.74,104182.724213,27012600.91667085
2026-08-14 00:00:00+00:00,1786665600000,259.0,263.84,258.22,258.81,10.0,2609.94
2026-08-14 01:00:00+00:00,1786669200000,258.61,258.61,256.78,257.91,15139.0,3899731.69
2026-08-14 02:00:00+00:00,1786672800000,257.94,259.02,257.72,257.77,8576.0,2216873.06
2026-08-14 03:00:00+00:00,1786676400000,257.97,258.67,257.38,257.42,7270.0,1874654.16
2026-08-14 04:00:00+00:00,1786680000000,257.56,258.04,256.75,256.84,9373.0,2412986.6
2026-08-14 05:00:00+00:00,1786683600000,256.93,258.3,255.78,257.82,22849.0,5871078.91
2026-08-14 06:00:00+00:00,1786687200000,257.81,259.7,257.66,259.53,14900.0,3853148.32
2026-08-14 07:00:00+00:00,1786690800000,259.58,259.89,258.57,259.3,18553.0,4812653.18
2026-08-14 08:00:00+00:00,1786694400000,260.62,261.0,258.25,258.25,284069.374936,73733820.44737957
2026-08-14 09:00:00+00:00,1786698000000,258.25,258.995,257.38,258.995,40083.35908000001,10343426.63553993
2026-08-14 10:00:00+00:00,1786701600000,258.33,260.355,258.0,258.33,66718.222888,17293363.3725696
2026-08-14 11:00:00+00:00,1786705200000,259.99,261.5,258.95,260.83,140852.28014399996,36632818.76416747
2026-08-14 12:00:00+00:00,1786708800000,259.0,259.874,257.575,257.99,135265.833849,34972967.81507557
2026-08-14 13:00:00+00:00,1786712400000,258.34,271.5,255.278,267.21,4621162.98028,1231809810.1626685
2026-08-14 14:00:00+00:00,1786716000000,267.452,272.74,261.95,270.577,6736027.637092,1806050797.838836
2026-08-14 15:00:00+00:00,1786719600000,270.455,272.09,264.15,266.99,2259684.142837,606454256.2230083
2026-08-14 16:00:00+00:00,1786723200000,267.51,276.22,266.99,276.22,3423689.498533,930636865.821836
2026-08-14 17:00:00+00:00,1786726800000,276.29,278.61,274.1,274.55,3213510.127234,889497996.4633075
2026-08-14 18:00:00+00:00,1786730400000,274.35,274.5,270.95,273.61,2369797.3840840003,646634526.2283423
2026-08-14 19:00:00+00:00,1786734000000,273.617,277.765,270.29,277.68,6381542.126128,1749415899.621491
2026-08-14 20:00:00+00:00,1786737600000,277.68,277.99,275.806,276.53,1797525.0575899996,498729978.07105845
2026-08-14 21:00:00+00:00,1786741200000,276.46,277.59,276.16,277.19,116267.435764,32153782.61402135
2026-08-14 22:00:00+00:00,1786744800000,277.26,277.44,277.03,277.26,29781.573328,8256676.14918538
2026-08-14 23:00:00+00:00,1786748400000,277.31,277.499,276.9,277.31,48896.990059,13556768.72904184
2026-08-15 00:00:00+00:00,1786752000000,277.486,278.02,277.486,278.02,0.6536,181.62876
2026-08-15 13:00:00+00:00,1786798800000,277.92,277.92,277.71,277.71,1.1883,330.039644
2026-08-15 14:00:00+00:00,1786802400000,277.77,277.77,277.77,277.77,0.12,33.3324
2026-08-15 18:00:00+00:00,1786816800000,277.71,277.71,277.63,277.63,20.0855,5576.395411
2026-08-16 07:00:00+00:00,1786863600000,277.74,277.74,277.74,277.74,0.5508,152.979192
2026-08-16 09:00:00+00:00,1786870800000,277.59,277.59,277.59,277.59,0.3253,90.300027
2026-08-16 10:00:00+00:00,1786874400000,277.74,277.74,277.74,277.74,0.6268,174.087432
2026-08-16 13:00:00+00:00,1786885200000,277.57,277.57,277.57,277.57,0.1102,30.588214
2026-08-16 14:00:00+00:00,1786888800000,277.45,277.45,277.45,277.45,1.7356,481.54222
2026-08-16 21:00:00+00:00,1786914000000,277.74,277.74,277.74,277.74,0.0378,10.498572
2026-08-16 23:00:00+00:00,1786921200000,277.74,277.97,277.74,277.74,5.3983,1500.036945
2026-08-17 00:00:00+00:00,1786924800000,278.0,282.5,275.85,277.77,41532.0,11548238.06
2026-08-17 01:00:00+00:00,1786928400000,277.72,279.01,277.49,277.6,23034.0,6414284.7
2026-08-17 02:00:00+00:00,1786932000000,277.68,281.16,277.29,280.71,29484.0,8246188.68
2026-08-17 03:00:00+00:00,1786935600000,280.72,282.2,279.99,281.01,18227.0,5125407.12
2026-08-17 04:00:00+00:00,1786939200000,280.89,281.2,279.68,279.9,15650.0,4389905.64
2026-08-17 05:00:00+00:00,1786942800000,279.7,280.22,278.29,280.04,21356.0,5962012.87
2026-08-17 06:00:00+00:00,1786946400000,280.16,281.8,279.53,281.76,43898.0,12325326.7
2026-08-17 07:00:00+00:00,1786950000000,281.74,282.36,280.52,281.99,24967.0,7028762.17
2026-08-17 08:00:00+00:00,1786953600000,281.91,283.649,277.499,282.46,305255.6809489999,85985763.33471046
2026-08-17 09:00:00+00:00,1786957200000,282.52,283.327,281.05,281.99,56073.17558000001,15834419.94227283
2026-08-17 10:00:00+00:00,1786960800000,282.19,284.219,280.991,283.73,89285.19518600003,25289906.53716125
2026-08-17 11:00:00+00:00,1786964400000,284.07,284.745,277.48,278.298,307010.887902,86540024.89261836
2026-08-17 12:00:00+00:00,1786968000000,277.64,279.775,274.758,276.09,283383.352915,78484379.82990324
2026-08-17 13:00:00+00:00,1786971600000,277.11,278.56,264.23,273.86,3671909.611003,998466762.9968193
2026-08-17 14:00:00+00:00,1786975200000,273.31,274.01,267.23,271.49,3110566.103053,841577656.7284529
2026-08-17 15:00:00+00:00,1786978800000,271.31,279.832,270.46,279.59,2067312.5973929996,568086338.2755703
2026-08-17 16:00:00+00:00,1786982400000,279.719,280.76,276.451,277.928,2618890.865803,728972626.8607618
2026-08-17 17:00:00+00:00,1786986000000,277.94,277.965,273.59,274.14,1439918.2951049998,396724272.7817164
2026-08-17 18:00:00+00:00,1786989600000,273.75,277.224,269.71,271.635,2237020.409037,612101353.8921354
2026-08-17 19:00:00+00:00,1786993200000,271.635,272.862,267.17,268.825,3038928.863579,819901487.9291824
2026-08-17 20:00:00+00:00,1786996800000,269.11,270.08,268.016,268.84,1244489.1106809997,334880072.5887944
2026-08-17 21:00:00+00:00,1787000400000,268.79,269.584,267.854,268.79,33109.665317,8900662.73627761
2026-08-17 22:00:00+00:00,1787004000000,268.99,270.428,268.66,270.24,29487.000968999997,7943857.03505054
2026-08-17 23:00:00+00:00,1787007600000,270.289,271.23,269.501,270.521,53449.45195,14448404.01021324
2026-08-18 00:00:00+00:00,1787011200000,271.54,272.41,269.68,269.89,1.0,270.526
2026-08-18 01:00:00+00:00,1787014800000,269.67,270.0,264.29,265.0,30059.0,8031744.04
2026-08-18 02:00:00+00:00,1787018400000,265.21,265.6,260.54,261.51,48379.0,12696439.08
2026-08-18 03:00:00+00:00,1787022000000,261.62,270.03,261.37,270.02,94696.0,25093567.05000001
2026-08-18 04:00:00+00:00,1787025600000,269.62,275.41,267.89,272.07,139381.0,37856518.72
2026-08-18 05:00:00+00:00,1787029200000,271.8,271.8,264.11,264.11,52814.0,14125969.11
2026-08-18 06:00:00+00:00,1787032800000,264.15,267.75,263.01,267.47,64355.0,17064096.19
2026-08-18 07:00:00+00:00,1787036400000,267.37,268.42,264.57,264.57,27636.0,7361266.4
2026-08-18 08:00:00+00:00,1787040000000,264.54,270.183,261.644,266.04,557324.4441110002,147891391.55951735
2026-08-18 09:00:00+00:00,1787043600000,265.69,267.79,263.257,263.76,173894.38826799998,46021671.538291
2026-08-18 10:00:00+00:00,1787047200000,264.05,265.84,262.15,265.84,160584.67451900002,42364051.74493427
2026-08-18 11:00:00+00:00,1787050800000,265.475,277.75,264.802,273.245,910849.782008,247686539.54459065
2026-08-18 12:00:00+00:00,1787054400000,273.01,274.63,268.318,268.99,354299.43810499995,96139329.6795108
2026-08-18 13:00:00+00:00,1787058000000,268.53,274.49,262.25,264.99,3382590.78752,903697690.4209456
2026-08-18 14:00:00+00:00,1787061600000,266.53,268.75,254.954,255.3,3514291.707756001,919631451.2482259
2026-08-18 15:00:00+00:00,1787065200000,255.158,258.64,252.6,253.444,3119112.494286,795607024.4233347
2026-08-18 16:00:00+00:00,1787068800000,253.5,254.94,247.75,247.99,4407210.99972,1107586285.7682874
2026-08-18 17:00:00+00:00,1787072400000,247.81,248.75,245.67,245.82,1752991.0494269996,433085379.01529235
2026-08-18 18:00:00+00:00,1787076000000,246.04,248.74,244.855,246.71,1561257.7884689998,385298750.3460144
2026-08-18 19:00:00+00:00,1787079600000,246.45,250.12,245.783,248.27,2388117.482368,592639771.8476593
2026-08-18 20:00:00+00:00,1787083200000,248.379,250.75,247.358,248.168,2423471.601104,602274551.9295106
2026-08-18 21:00:00+00:00,1787086800000,248.2,248.89,246.495,246.95,55430.631440000005,13711293.27768268
2026-08-18 22:00:00+00:00,1787090400000,247.21,248.477,244.236,244.85,63990.84263600001,15754929.40203902
2026-08-18 23:00:00+00:00,1787094000000,244.0,246.08,242.951,244.0,117645.224572,28708411.21974967
2026-08-19 00:00:00+00:00,1787097600000,244.93,248.87,240.51,246.5,1.0,243.72
2026-08-19 01:00:00+00:00,1787101200000,246.49,250.81,246.49,248.59,28629.0,7142864.15
2026-08-19 02:00:00+00:00,1787104800000,248.59,248.59,245.23,246.09,18394.0,4535750.97
2026-08-19 03:00:00+00:00,1787108400000,246.26,246.65,244.43,245.11,9862.0,2420761.04
2026-08-19 04:00:00+00:00,1787112000000,245.08,245.25,242.01,243.11,15026.0,3658592.59
2026-08-19 05:00:00+00:00,1787115600000,243.41,244.3,241.6,242.2,20045.0,4874307.75
2026-08-19 06:00:00+00:00,1787119200000,241.91,245.36,240.1,244.51,98917.0,23945325.88
2026-08-19 07:00:00+00:00,1787122800000,244.38,249.0,243.0,247.99,58366.0,14380998.55
2026-08-19 08:00:00+00:00,1787126400000,252.0,253.372,244.397,247.76,490865.13924199983,122352750.08837733
2026-08-19 09:00:00+00:00,1787130000000,246.74,249.055,243.25,243.74,76098.10226500001,18721913.852783
2026-08-19 10:00:00+00:00,1787133600000,242.76,244.265,241.426,243.45,109364.21190399998,26547200.03463124
2026-08-19 11:00:00+00:00,1787137200000,243.99,244.233,225.773,232.63,1241085.8133459997,288060485.1865346
2026-08-19 12:00:00+00:00,1787140800000,231.49,238.858,229.969,237.7,1227591.961056,288148732.7243995
2026-08-19 13:00:00+00:00,1787144400000,237.942,237.946,217.2,218.535,1904771.044729,443748974.4114794
2026-08-19 14:00:00+00:00,1787148000000,218.546,227.92,213.75,224.378,379636.0,83716511.81500001
2026-08-19 15:00:00+00:00,1787151600000,224.384,229.01,222.99,227.261,188442.0,42661340.295
2026-08-19 16:00:00+00:00,1787155200000,227.17,231.562,226.63,228.24,3145747.193956,720702006.8252177
2026-08-19 17:00:00+00:00,1787158800000,228.149,228.149,222.913,224.646,2067958.153219,464014959.81058824
2026-08-19 18:00:00+00:00,1787162400000,224.61,224.823,217.375,217.805,3536596.7567549995,783126656.491719
2026-08-19 19:00:00+00:00,1787166000000,217.88,224.85,215.675,223.89,12853147.492215,2824560136.2434473
2026-08-19 20:00:00+00:00,1787169600000,224.099,227.5,223.35,226.808,4448448.360052,997878873.1844362
2026-08-19 21:00:00+00:00,1787173200000,227.89,228.908,226.4,227.86,191816.842728,43638849.62609537
2026-08-19 22:00:00+00:00,1787176800000,225.75,227.709,224.025,224.76,117043.24747600002,26437026.48039403
2026-08-19 23:00:00+00:00,1787180400000,227.21,228.848,226.25,228.39,100552.298061,22857075.79942564
2026-08-20 00:00:00+00:00,1787184000000,227.79,230.51,226.7,229.5,4.0,913.324
2026-08-20 01:00:00+00:00,1787187600000,229.62,230.49,228.24,229.23,25296.0,5805914.17
2026-08-20 02:00:00+00:00,1787191200000,229.2,230.34,226.9,227.71,29814.0,6814823.91
2026-08-20 03:00:00+00:00,1787194800000,227.7,228.47,227.09,228.27,16524.0,3765546.57
2026-08-20 04:00:00+00:00,1787198400000,228.2,229.51,227.3,227.3,22492.0,5136461.56
2026-08-20 05:00:00+00:00,1787202000000,227.39,228.37,227.2,227.46,19788.0,4506893.36
2026-08-20 06:00:00+00:00,1787205600000,227.45,228.79,227.23,228.74,53664.0,12248692.09
2026-08-20 07:00:00+00:00,1787209200000,228.69,228.84,227.71,228.06,47732.0,10898403.56000001
2026-08-20 08:00:00+00:00,1787212800000,229.76,229.76,224.568,227.75,361477.431225,82355186.269533
2026-08-20 09:00:00+00:00,1787216400000,227.85,228.255,226.9,227.57,35450.232932000006,8073237.52662926
2026-08-20 10:00:00+00:00,1787220000000,228.76,229.0,226.07,227.89,64190.309193,14633920.53792348
2026-08-20 11:00:00+00:00,1787223600000,226.0,227.997,221.091,222.94,274730.81012299994,61593741.01790318
2026-08-20 12:00:00+00:00,1787227200000,222.982,223.383,218.512,221.502,1488861.390892,328394325.47389853
2026-08-20 13:00:00+00:00,1787230800000,222.165,223.432,212.65,216.865,3573484.731431,789639710.7252979
2026-08-20 14:00:00+00:00,1787234400000,216.67,219.41,214.1,218.0,4934074.505639,1071257145.6247565
2026-08-20 15:00:00+00:00,1787238000000,217.911,219.69,212.1,214.249,64725.0,13911418.72
2026-08-20 16:00:00+00:00,1787241600000,214.46,216.56,212.49,216.21,3718293.826419001,796689443.6655706
2026-08-20 17:00:00+00:00,1787245200000,216.215,217.84,214.926,216.754,2072425.57543,447814419.7527581
2026-08-20 18:00:00+00:00,1787248800000,216.752,217.648,214.96,216.304,1368401.357849,295777109.3349975
2026-08-20 19:00:00+00:00,1787252400000,216.3,220.795,216.13,220.14,3606206.035288999,788721976.8725415
2026-08-20 20:00:00+00:00,1787256000000,221.04,221.99,219.42,219.99,1704046.9479939998,375399156.97735095
2026-08-20 21:00:00+00:00,1787259600000,219.875,220.5,219.36,219.96,93281.440281,20533374.394688167
2026-08-20 22:00:00+00:00,1787263200000,219.54,220.45,219.36,219.89,25570.878527,5624473.27146052
2026-08-20 23:00:00+00:00,1787266800000,220.01,220.5,219.335,219.9,32411.004114,7129043.43740516
2026-08-21 00:00:00+00:00,1787270400000,219.858,223.21,219.68,221.82,41781.0,9263481.7
2026-08-21 01:00:00+00:00,1787274000000,221.77,223.62,220.99,222.72,18560.0,4126068.6
2026-08-21 02:00:00+00:00,1787277600000,222.97,224.99,222.7,224.35,20888.0,4679117.19
2026-08-21 03:00:00+00:00,1787281200000,224.37,224.51,222.79,223.12,10877.0,2428735.19
2026-08-21 04:00:00+00:00,1787284800000,223.01,223.3,221.5,222.94,10558.0,2348140.79
2026-08-21 05:00:00+00:00,1787288400000,222.99,223.17,222.07,222.76,4862.0,1082602.67
2026-08-21 06:00:00+00:00,1787292000000,222.76,224.49,222.4,224.49,10688.0,2389729.35
2026-08-21 07:00:00+00:00,1787295600000,224.48,229.25,224.48,227.39,71910.0,16354169.45
2026-08-21 08:00:00+00:00,1787299200000,227.26,228.705,221.208,226.7,296725.28569199983,67367470.32501172
2026-08-21 09:00:00+00:00,1787302800000,226.1,229.175,225.25,228.664,184805.726179,42084892.86223002
2026-08-21 10:00:00+00:00,1787306400000,228.51,230.0,227.645,229.0,142313.756127,32559608.47990601
2026-08-21 11:00:00+00:00,1787310000000,227.07,228.493,226.75,227.6,176114.60874300002,40090148.35604767
2026-08-21 12:00:00+00:00,1787313600000,227.54,227.685,224.96,225.49,507840.471541,114696430.69014785
2026-08-21 13:00:00+00:00,1787317200000,225.85,230.74,222.92,226.59,4299131.020688001,977756956.9053987
2026-08-21 14:00:00+00:00,1787320800000,226.23,226.755,218.74,220.87,3439306.310648,764090391.1294333
2026-08-21 15:00:00+00:00,1787324400000,220.738,225.648,219.945,224.333,2899098.883119,647508885.970792
2026-08-21 16:00:00+00:00,1787328000000,224.334,224.802,219.897,220.671,2123594.436053,471289655.9299797
2026-08-21 17:00:00+00:00,1787331600000,220.75,222.468,219.57,221.72,869857.9742840005,192294631.170308
2026-08-21 18:00:00+00:00,1787335200000,221.595,223.78,221.25,221.855,892800.5456570002,198605534.82265472
2026-08-21 19:00:00+00:00,1787338800000,221.72,222.04,217.925,218.91,3936354.197822,863169259.3942851
2026-08-21 20:00:00+00:00,1787342400000,219.086,220.024,219.035,219.901,1981360.697867,434535393.6676887
2026-08-21 21:00:00+00:00,1787346000000,219.0,219.896,218.7,219.0,68929.65588600001,15120381.74329061
2026-08-21 22:00:00+00:00,1787349600000,219.0,219.4,218.6,218.921,21499.714634,4706164.98500919
2026-08-21 23:00:00+00:00,1787353200000,218.99,219.418,218.51,218.84,32205.55752,7051087.98398455
2026-08-22 00:00:00+00:00,1787356800000,218.955,220.03,218.955,220.03,21.9322,4813.61615
2026-08-22 02:00:00+00:00,1787364000000,220.09,220.13,220.09,220.13,1.5781,347.355589
2026-08-22 03:00:00+00:00,1787367600000,220.24,220.27,220.21,220.27,3.8651,851.23493
2026-08-22 05:00:00+00:00,1787374800000,220.27,220.27,220.0,220.0,12.938,2846.781556
2026-08-22 06:00:00+00:00,1787378400000,220.0,220.0,220.0,220.0,13.0908,2879.976
2026-08-22 07:00:00+00:00,1787382000000,220.0,220.0,220.0,220.0,1.3631,299.882
2026-08-22 13:00:00+00:00,1787403600000,220.0,220.0,220.0,220.0,0.1566,34.452
2026-08-22 15:00:00+00:00,1787410800000,219.97,219.97,219.97,219.97,0.0554,12.186338
2026-08-22 17:00:00+00:00,1787418000000,220.23,220.23,219.97,219.97,0.4656,102.478586
2026-08-22 19:00:00+00:00,1787425200000,220.22,220.22,220.22,220.22,1.1,242.242
2026-08-22 23:00:00+00:00,1787439600000,220.37,220.37,220.37,220.37,4.6162,1017.271994
2026-08-23 00:00:00+00:00,1787443200000,220.38,220.38,220.38,220.38,1.0439,230.054682
2026-08-23 01:00:00+00:00,1787446800000,220.39,221.61,220.39,221.61,22.7688,5029.568537
2026-08-23 02:00:00+00:00,1787450400000,221.66,221.93,221.66,221.93,5.4748,1214.357284
2026-08-23 05:00:00+00:00,1787461200000,221.86,221.86,220.52,220.52,23.9578,5298.484188
2026-08-23 07:00:00+00:00,1787468400000,220.5,222.98,220.5,221.97,106.3425,23525.498324
2026-08-23 08:00:00+00:00,1787472000000,221.92,222.34,221.52,222.34,208.632,46302.6897
2026-08-23 09:00:00+00:00,1787475600000,222.41,222.43,222.41,222.43,1.5603,347.041925
2026-08-23 10:00:00+00:00,1787479200000,222.45,222.75,222.45,222.75,169.2508,37658.911631
2026-08-23 11:00:00+00:00,1787482800000,222.68,222.68,222.68,222.68,22.0,4898.96
2026-08-23 13:00:00+00:00,1787490000000,222.5,222.59,222.5,222.59,1.8771,417.789533
2026-08-23 15:00:00+00:00,1787497200000,222.48,222.86,222.48,222.74,52.0657,11597.860306
2026-08-23 16:00:00+00:00,1787500800000,222.57,223.19,222.57,223.19,37.6633,8386.785538
2026-08-23 17:00:00+00:00,1787504400000,223.12,223.25,223.1,223.15,1.3269,296.097388
2026-08-23 20:00:00+00:00,1787515200000,223.26,223.33,223.26,223.33,1.6424,366.736565
2026-08-23 21:00:00+00:00,1787518800000,223.36,223.36,223.36,223.36,0.0895,19.99072
2026-08-23 22:00:00+00:00,1787522400000,223.15,223.15,222.32,222.67,210.5082,46838.128286
2026-08-23 23:00:00+00:00,1787526000000,222.72,222.93,222.71,222.83,371.3506,82735.705702
2026-08-24 00:00:00+00:00,1787529600000,220.13,222.71,215.06,218.02,62264.0,13542349.06
2026-08-24 01:00:00+00:00,1787533200000,218.3,218.54,215.07,215.07,23638.0,5129556.01
2026-08-24 02:00:00+00:00,1787536800000,215.05,215.39,212.8,213.33,41145.0,8805499.92
2026-08-24 03:00:00+00:00,1787540400000,213.33,213.58,209.49,209.71,68833.0,14508790.19
2026-08-24 04:00:00+00:00,1787544000000,209.64,211.79,209.35,210.98,34672.0,7296193.51
2026-08-24 05:00:00+00:00,1787547600000,211.0,212.46,210.32,210.83,12649.0,2672313.52
2026-08-24 06:00:00+00:00,1787551200000,210.83,211.5,209.6,209.76,32134.0,6757884.15
2026-08-24 07:00:00+00:00,1787554800000,209.71,212.38,209.68,210.39,19398.0,4092134.73
2026-08-24 08:00:00+00:00,1787558400000,210.01,217.613,209.661,212.01,259875.08396999995,54928211.26072667
2026-08-24 09:00:00+00:00,1787562000000,212.18,213.675,212.036,213.1,28136.960811000004,5989320.70280797
2026-08-24 10:00:00+00:00,1787565600000,213.03,213.915,211.0,211.161,92097.233642,19547388.16750672
2026-08-24 11:00:00+00:00,1787569200000,210.74,213.0,209.62,211.99,146843.775112,30997678.3353399
2026-08-24 12:00:00+00:00,1787572800000,211.52,212.305,210.75,211.91,112739.890565,23844193.73078203
2026-08-24 13:00:00+00:00,1787576400000,211.62,212.613,202.38,203.955,3826581.431316999,787756507.751072
2026-08-24 14:00:00+00:00,1787580000000,203.655,206.484,202.0,204.84,3234175.962184,659953010.1394182
2026-08-24 15:00:00+00:00,1787583600000,204.735,210.34,204.379,208.365,2116918.173844,439299472.3670287
2026-08-24 16:00:00+00:00,1787587200000,209.21,212.25,207.17,211.14,1618622.0951270002,340179493.1066706
2026-08-24 17:00:00+00:00,1787590800000,211.191,213.03,209.798,210.02,1837757.931387,387758652.632001
2026-08-24 18:00:00+00:00,1787594400000,210.41,213.74,210.027,211.0,1280285.1932050004,271853709.46884066
2026-08-24 19:00:00+00:00,1787598000000,211.14,211.875,208.71,210.72,1929780.098841,405816351.6554221
2026-08-24 20:00:00+00:00,1787601600000,211.31,212.67,209.682,211.99,1040888.0476030002,219605415.30642864
2026-08-24 21:00:00+00:00,1787605200000,211.0,211.815,211.0,211.325,17118.965122,3616547.43598418
2026-08-24 22:00:00+00:00,1787608800000,211.325,211.775,211.015,211.575,29196.41374,6170668.80356357
2026-08-24 23:00:00+00:00,1787612400000,211.29,211.575,209.646,211.29,28940.223211,6102384.66465092
2026-08-25 00:00:00+00:00,1787616000000,210.98,211.5,208.26,211.21,100.0,21022.1
2026-08-25 01:00:00+00:00,1787619600000,211.22,212.52,210.49,212.05,6797.0,1438653.29
2026-08-25 02:00:00+00:00,1787623200000,212.17,213.34,211.09,211.1,12263.0,2603716.25
2026-08-25 03:00:00+00:00,1787626800000,211.35,214.01,211.35,213.69,10768.0,2297413.39
2026-08-25 04:00:00+00:00,1787630400000,213.68,216.18,213.59,215.16,20481.0,4405726.74
2026-08-25 05:00:00+00:00,1787634000000,215.2,218.09,215.19,217.36,29972.0,6504679.31
2026-08-25 06:00:00+00:00,1787637600000,217.29,217.89,216.56,217.21,28000.0,6082231.27
2026-08-25 07:00:00+00:00,1787641200000,217.34,217.73,216.2,216.49,20003.0,4343345.16
2026-08-25 08:00:00+00:00,1787644800000,211.156,219.553,211.156,219.125,310155.057377,67343030.48222817
2026-08-25 09:00:00+00:00,1787648400000,219.76,222.082,218.743,221.39,115102.16236600002,25388083.95306862
2026-08-25 10:00:00+00:00,1787652000000,221.5,223.83,220.7,220.88,138216.27062199998,30686112.96539745
2026-08-25 11:00:00+00:00,1787655600000,220.0,221.0,218.4,220.06,216715.070638,47592428.24719109
2026-08-25 12:00:00+00:00,1787659200000,220.51,221.271,218.7,219.09,243740.06906500005,53564317.57772441
2026-08-25 13:00:00+00:00,1787662800000,218.99,220.363,214.93,218.01,2473904.8101660004,539139064.8414005
2026-08-25 14:00:00+00:00,1787666400000,218.036,218.74,213.65,217.348,2962913.702163,643020718.2665869
2026-08-25 15:00:00+00:00,1787670000000,217.349,219.56,215.81,219.303,1808596.49448,394011017.48195887
2026-08-25 16:00:00+00:00,1787673600000,218.905,220.75,217.7,218.91,1230620.2550799998,269747283.55656666
2026-08-25 17:00:00+00:00,1787677200000,218.81,221.01,217.794,220.675,1064406.387233,233972277.12834445
2026-08-25 18:00:00+00:00,1787680800000,220.86,223.32,220.42,221.16,1512583.9928659997,335499448.82963943
2026-08-25 19:00:00+00:00,1787684400000,221.181,222.74,219.625,221.946,1977400.609121,437194695.8297482
2026-08-25 20:00:00+00:00,1787688000000,221.98,222.931,221.298,221.85,1221161.0551830002,270966235.2049828
2026-08-25 21:00:00+00:00,1787691600000,221.81,222.596,221.57,221.81,46378.691132,10302251.7108319
2026-08-25 22:00:00+00:00,1787695200000,222.03,222.499,221.94,222.03,17318.343243000003,3849045.08161486
2026-08-25 23:00:00+00:00,1787698800000,221.64,221.95,220.095,220.26,29073.436608,6424976.55146951
2026-08-26 00:00:00+00:00,1787702400000,220.96,221.23,217.5,217.5,14334.0,3142922.88
2026-08-26 01:00:00+00:00,1787706000000,217.31,219.11,217.29,218.22,11324.0,2470662.62
2026-08-26 02:00:00+00:00,1787709600000,218.39,221.17,218.14,221.12,10406.0,2289256.97
2026-08-26 03:00:00+00:00,1787713200000,220.91,222.13,220.26,221.66,8724.0,1930327.84
2026-08-26 04:00:00+00:00,1787716800000,221.88,222.0,220.81,220.81,4357.0,965538.15
2026-08-26 05:00:00+00:00,1787720400000,220.88,221.52,219.8,220.28,7376.0,1624823.08
2026-08-26 06:00:00+00:00,1787724000000,220.26,220.96,219.34,220.22,4305.0,946950.77
2026-08-26 07:00:00+00:00,1787727600000,220.47,220.62,219.4,219.72,9830.0,2163174.2
2026-08-26 08:00:00+00:00,1787731200000,218.75,220.621,218.75,218.75,85909.58469399999,18895787.38056989
2026-08-26 09:00:00+00:00,1787734800000,219.32,220.755,218.62,220.13,28897.178902,6347914.270490326
2026-08-26 10:00:00+00:00,1787738400000,220.13,220.649,219.55,220.39,14788.064944000002,3254019.04731156
2026-08-26 11:00:00+00:00,1787742000000,220.75,221.063,218.975,220.7,43289.299094,9518104.77039597
2026-08-26 12:00:00+00:00,1787745600000,219.4,220.215,217.2,217.49,219393.390323,47874555.7005699
2026-08-26 13:00:00+00:00,1787749200000,216.75,221.29,215.434,221.1,1323957.785948,290216180.53205246
2026-08-26 14:00:00+00:00,1787752800000,220.73,220.92,214.24,215.46,1746539.4987170005,378212779.1392667
2026-08-26 15:00:00+00:00,1787756400000,215.595,216.62,214.62,214.909,1226797.373836,264544945.79466113
2026-08-26 16:00:00+00:00,1787760000000,214.911,216.158,213.631,215.024,1236391.10842,265708203.774496
2026-08-26 17:00:00+00:00,1787763600000,215.19,215.805,214.64,214.75,659520.701744,141935714.03060693
2026-08-26 18:00:00+00:00,1787767200000,214.75,215.219,214.054,214.65,649692.5329460001,139411023.7195527
2026-08-26 19:00:00+00:00,1787770800000,214.53,215.62,213.75,213.96,1646733.4346790004,353496197.42871106
2026-08-26 20:00:00+00:00,1787774400000,214.048,219.225,210.588,219.225,1286520.180316,276536928.9258719
2026-08-26 21:00:00+00:00,1787778000000,219.49,230.764,218.386,228.81,1062636.037493,240226303.50630757
2026-08-26 22:00:00+00:00,1787781600000,228.39,229.214,226.256,227.26,234320.33063299995,53328261.08777256
2026-08-26 23:00:00+00:00,1787785200000,227.0,227.686,226.558,227.23,97848.476779,22232250.25743337
2026-08-27 00:00:00+00:00,1787788800000,226.81,228.36,221.99,222.67,67767.0,15242012.73
2026-08-27 01:00:00+00:00,1787792400000,222.52,226.83,222.43,226.38,66391.0,14903391.37
2026-08-27 02:00:00+00:00,1787796000000,226.43,226.66,225.41,226.32,15995.0,3616834.97
2026-08-27 03:00:00+00:00,1787799600000,226.31,227.16,225.7,225.98,19060.0,4315466.1
2026-08-27 04:00:00+00:00,1787803200000,226.14,226.19,224.51,225.17,19416.0,4371888.2
2026-08-27 05:00:00+00:00,1787806800000,224.96,225.81,224.09,225.38,10121.0,2276437.2
2026-08-27 06:00:00+00:00,1787810400000,225.28,226.29,224.78,225.94,19876.0,4487494.85
2026-08-27 07:00:00+00:00,1787814000000,225.86,226.9,225.59,226.41,25592.0,5791546.16
2026-08-27 08:00:00+00:00,1787817600000,227.84,231.577,226.37,230.76,379254.41509300016,86614805.97688654
2026-08-27 09:00:00+00:00,1787821200000,229.99,230.875,228.71,228.97,91266.36487900002,20957130.30170526
2026-08-27 10:00:00+00:00,1787824800000,229.25,229.346,227.065,227.69,148007.075209,33745462.983024746
2026-08-27 11:00:00+00:00,1787828400000,227.5,228.769,226.152,226.2,140664.860941,31982392.70622531
2026-08-27 12:00:00+00:00,1787832000000,226.88,227.621,225.791,225.99,162723.07684,36936820.3857576
2026-08-27 13:00:00+00:00,1787835600000,226.96,228.39,217.3,217.83,3748032.883856999,836703364.9264686
2026-08-27 14:00:00+00:00,1787839200000,218.265,226.065,218.161,221.13,2996082.288564,669430245.3617551
2026-08-27 15:00:00+00:00,1787842800000,221.22,221.453,216.99,218.72,2475744.61745,542245893.7398416
2026-08-27 16:00:00+00:00,1787846400000,218.717,219.49,217.681,219.159,1312199.175644,286844248.53846085
2026-08-27 17:00:00+00:00,1787850000000,218.97,220.17,217.749,217.98,968542.7017600002,212207221.6842652
2026-08-27 18:00:00+00:00,1787853600000,218.0,218.119,215.59,215.84,970446.827808,210677795.45741883
2026-08-27 19:00:00+00:00,1787857200000,215.59,218.825,215.485,218.38,2280926.883566,494215042.55020744
2026-08-27 20:00:00+00:00,1787860800000,218.428,219.0,216.877,217.62,1336133.052697,291669937.40935093
2026-08-27 21:00:00+00:00,1787864400000,217.3,217.62,215.5,215.7,62616.50416700001,13541795.84357876
2026-08-27 22:00:00+00:00,1787868000000,216.0,216.359,215.75,216.0,39520.02641300001,8539993.16365913
2026-08-27 23:00:00+00:00,1787871600000,214.7,216.25,214.231,215.0,57885.41258299999,12457971.14820558
2026-08-28 00:00:00+00:00,1787875200000,215.66,216.67,214.32,216.21,13186.0,2844315.37
2026-08-28 01:00:00+00:00,1787878800000,216.21,216.57,215.53,216.01,7350.0,1588421.46
2026-08-28 02:00:00+00:00,1787882400000,216.32,216.74,215.17,215.62,5282.0,1141813.7
2026-08-28 03:00:00+00:00,1787886000000,215.74,216.45,214.65,215.51,6508.0,1403113.96
2026-08-28 04:00:00+00:00,1787889600000,215.35,215.35,214.37,214.37,7702.0,1653691.15
2026-08-28 05:00:00+00:00,1787893200000,214.44,214.44,212.46,212.81,16371.0,3493613.84
2026-08-28 06:00:00+00:00,1787896800000,212.95,215.22,212.49,215.02,11951.0,2557851.54
2026-08-28 07:00:00+00:00,1787900400000,215.1,215.35,214.35,214.5,8860.0,1902608.33
2026-08-28 08:00:00+00:00,1787904000000,214.288,215.375,212.438,214.855,139826.00888,30015124.77767848
2026-08-28 09:00:00+00:00,1787907600000,213.96,214.855,212.764,213.45,26623.186744,5688650.85651336
2026-08-28 10:00:00+00:00,1787911200000,214.14,214.435,212.913,214.14,19622.652356,4190001.41039385
2026-08-28 11:00:00+00:00,1787914800000,214.76,215.471,213.44,213.44,40267.419415,8635533.32367606
2026-08-28 12:00:00+00:00,1787918400000,213.21,214.63,213.21,214.12,95340.552806,20401076.36403596
2026-08-28 13:00:00+00:00,1787922000000,214.5,214.785,209.14,209.49,2189629.3973240005,462635847.2136015
2026-08-28 14:00:00+00:00,1787925600000,209.878,213.294,206.66,211.016,3301695.188956,692576996.7611026
2026-08-28 15:00:00+00:00,1787929200000,211.026,211.847,207.275,207.482,1899220.688485,398920675.95428526
2026-08-28 16:00:00+00:00,1787932800000,207.755,209.455,206.94,207.79,1361764.7699279997,283653422.7523704
2026-08-28 17:00:00+00:00,1787936400000,207.82,207.96,205.867,207.04,1541565.3908010004,319268983.3926228
2026-08-28 18:00:00+00:00,1787940000000,207.16,207.406,205.51,206.13,881561.1921229999,181869423.86750492
2026-08-28 19:00:00+00:00,1787943600000,206.239,210.16,205.99,209.153,2350084.845703,490007647.6356754
2026-08-28 20:00:00+00:00,1787947200000,209.0,209.539,208.59,208.59,883617.940244,184814082.27146807
2026-08-28 21:00:00+00:00,1787950800000,208.6,209.3,208.49,208.49,23924.366896,4994780.98947212
2026-08-28 22:00:00+00:00,1787954400000,208.64,208.975,208.075,208.64,20617.064707,4293511.97205863
2026-08-28 23:00:00+00:00,1787958000000,208.16,209.0,208.16,208.635,13023.396286,2715186.6817056
2026-08-29 00:00:00+00:00,1787961600000,208.76,209.1,208.76,209.1,9.8317,2054.127482
2026-08-29 06:00:00+00:00,1787983200000,209.23,209.62,209.23,209.62,10.7797,2257.362728
2026-08-29 09:00:00+00:00,1787994000000,209.5,209.5,209.5,209.5,0.4306,90.2107
2026-08-29 17:00:00+00:00,1788022800000,209.5,209.5,209.43,209.47,1.9497,408.39334
2026-08-29 18:00:00+00:00,1788026400000,209.47,209.47,208.6,208.7,14.1074,2949.638703
2026-08-29 19:00:00+00:00,1788030000000,208.84,209.32,208.84,209.32,14.6699,3066.859361
2026-08-29 20:00:00+00:00,1788033600000,209.35,210.59,209.35,210.58,32.2058,6759.087752
2026-08-29 23:00:00+00:00,1788044400000,210.43,210.43,210.22,210.22,2.0968,440.988201
2026-08-30 01:00:00+00:00,1788051600000,209.98,209.98,209.98,209.98,0.1084,22.761832
2026-08-30 02:00:00+00:00,1788055200000,209.93,209.93,209.88,209.88,4.1448,869.973683
2026-08-30 07:00:00+00:00,1788073200000,209.98,209.98,209.98,209.98,0.9524,199.984952
2026-08-30 08:00:00+00:00,1788076800000,209.85,209.92,209.83,209.83,1.8415,386.487228
2026-08-30 12:00:00+00:00,1788091200000,209.83,209.83,209.17,209.17,15.1382,3172.388374
2026-08-30 13:00:00+00:00,1788094800000,209.17,209.17,209.17,209.17,0.7171,149.995807
2026-08-30 14:00:00+00:00,1788098400000,209.17,209.2,209.17,209.2,1.3296,278.142357
2026-08-30 16:00:00+00:00,1788105600000,209.2,210.24,209.2,210.24,23.353,4896.56639
2026-08-30 17:00:00+00:00,1788109200000,210.26,210.7,210.26,210.7,20.8275,4383.968748
2026-08-30 18:00:00+00:00,1788112800000,210.72,210.72,210.72,210.72,4.7456,999.992832
2026-08-30 19:00:00+00:00,1788116400000,210.78,210.9,210.66,210.66,7.5774,1597.076078
2026-08-30 20:00:00+00:00,1788120000000,210.66,210.66,210.4,210.4,12.228,2574.279348
2026-08-30 21:00:00+00:00,1788123600000,210.4,210.4,209.47,209.47,22.5138,4726.940972
2026-08-30 22:00:00+00:00,1788127200000,209.47,209.47,208.67,208.74,32.6571,6825.161265
2026-08-30 23:00:00+00:00,1788130800000,208.72,208.72,207.06,207.06,252.9535,52467.030732
2026-08-31 00:00:00+00:00,1788134400000,205.75,206.71,203.57,204.89,41915.0,8589971.26
2026-08-31 01:00:00+00:00,1788138000000,204.71,204.71,203.25,203.99,20454.0,4173053.86
2026-08-31 02:00:00+00:00,1788141600000,204.07,205.02,203.03,204.33,13177.0,2686882.46
2026-08-31 03:00:00+00:00,1788145200000,204.41,204.77,204.14,204.51,5595.0,1143929.95
2026-08-31 04:00:00+00:00,1788148800000,204.54,206.0,203.84,205.91,7988.0,1635416.1
2026-08-31 05:00:00+00:00,1788152400000,205.81,207.85,205.74,206.99,15546.0,3216570.2
2026-08-31 06:00:00+00:00,1788156000000,207.0,209.33,206.79,208.89,11818.0,2464350.75
2026-08-31 07:00:00+00:00,1788159600000,208.89,209.07,207.94,208.1,3691.0,768949.73
2026-08-31 08:00:00+00:00,1788163200000,209.76,209.76,206.996,207.74,100980.969065,20996427.6004525
2026-08-31 09:00:00+00:00,1788166800000,206.995,207.624,205.565,206.25,48067.005905,9937026.863234255
2026-08-31 10:00:00+00:00,1788170400000,206.51,207.266,205.8,206.51,23214.320816,4788413.31185216
2026-08-31 11:00:00+00:00,1788174000000,205.84,207.65,205.775,206.54,36612.166552,7561660.86786742
2026-08-31 12:00:00+00:00,1788177600000,205.3,207.0,204.595,204.98,80465.95018599999,16550679.1969825
2026-08-31 13:00:00+00:00,1788181200000,205.01,208.76,203.7,205.78,1373537.3296470004,282431003.6877381
2026-08-31 14:00:00+00:00,1788184800000,205.81,206.37,201.49,202.52,2016566.574879,409488445.1413945
2026-08-31 15:00:00+00:00,1788188400000,202.7,204.664,201.99,204.055,1066308.447891,217132922.39826828
2026-08-31 16:00:00+00:00,1788192000000,203.8,205.75,203.21,205.13,785609.8665410001,160673165.5879253
2026-08-31 17:00:00+00:00,1788195600000,205.107,205.602,204.537,205.435,1121165.077404,229961283.61461356
2026-08-31 18:00:00+00:00,1788199200000,205.445,205.779,204.7,205.385,726414.478333,149146403.7110619
2026-08-31 19:00:00+00:00,1788202800000,205.08,207.0,203.974,206.315,1890049.9900180004,387997211.1558542
2026-08-31 20:00:00+00:00,1788206400000,206.07,206.838,205.42,206.07,1619827.602091,334136093.96620893
2026-08-31 21:00:00+00:00,1788210000000,206.56,207.17,206.56,206.75,33588.290138000004,6939723.64901837
2026-08-31 22:00:00+00:00,1788213600000,206.53,206.996,206.465,206.53,17734.548724,3666222.46825045
2026-08-31 23:00:00+00:00,1788217200000,206.56,207.0,205.94,207.0,22050.703386,4556409.87723476
2026-09-01 00:00:00+00:00,1788220800000,206.84,207.07,206.11,206.99,6056.0,1251867.56
2026-09-01 01:00:00+00:00,1788224400000,207.14,207.6,206.64,206.89,14609.0,3028380.73
2026-09-01 02:00:00+00:00,1788228000000,206.94,207.01,205.4,206.1,6085.0,1254909.09
2026-09-01 03:00:00+00:00,1788231600000,206.43,207.18,206.1,206.96,3768.0,779061.49
2026-09-01 04:00:00+00:00,1788235200000,207.0,207.49,206.76,206.82,2373.0,491536.73
2026-09-01 05:00:00+00:00,1788238800000,206.89,208.66,206.31,208.36,8316.0,1725798.88
2026-09-01 06:00:00+00:00,1788242400000,208.42,208.46,207.43,207.61,9095.0,1889214.82
2026-09-01 07:00:00+00:00,1788246000000,207.86,208.49,206.62,206.79,6536.0,1356267.03
2026-09-01 08:00:00+00:00,1788249600000,205.7,207.228,203.13,203.14,110276.9851,22680446.9715468
2026-09-01 09:00:00+00:00,1788253200000,202.71,203.675,202.34,202.34,41317.962539,8374622.1367348
2026-09-01 10:00:00+00:00,1788256800000,203.22,203.375,202.5,202.595,53669.328691,10889878.398863733
2026-09-01 11:00:00+00:00,1788260400000,202.0,202.595,200.5,200.5,118107.109927,23832550.25510551
2026-09-01 12:00:00+00:00,1788264000000,200.7,201.243,200.14,201.24,107683.82272000004,21609989.54344961
2026-09-01 13:00:00+00:00,1788267600000,200.21,200.95,195.0,196.215,2476993.1437920006,489659683.3435484
2026-09-01 14:00:00+00:00,1788271200000,196.41,199.915,195.769,199.055,2061708.1989090005,407201388.9002802
2026-09-01 15:00:00+00:00,1788274800000,199.267,202.813,199.074,202.628,1834704.897234,368435768.78618187
2026-09-01 16:00:00+00:00,1788278400000,202.68,202.81,198.881,200.41,888556.2786270003,178299479.98185113
2026-09-01 17:00:00+00:00,1788282000000,200.31,201.081,199.44,199.78,577310.2241580001,115601638.44380142
2026-09-01 18:00:00+00:00,1788285600000,199.815,200.51,198.37,200.06,695809.1782769999,138843990.02276304
2026-09-01 19:00:00+00:00,1788289200000,200.2,201.11,199.32,199.395,1025701.925496,205399579.9757728
2026-09-01 20:00:00+00:00,1788292800000,199.574,200.0,198.51,198.925,1446872.546225,288625967.1459232
2026-09-01 21:00:00+00:00,1788296400000,198.68,199.0,198.1,198.68,26274.063535,5216717.9422806
2026-09-01 22:00:00+00:00,1788300000000,198.01,198.51,197.04,197.04,38367.79784,7593083.1120306
2026-09-01 23:00:00+00:00,1788303600000,197.35,198.14,197.265,197.5,14936.426038,2950268.26295002
2026-09-02 00:00:00+00:00,1788307200000,197.28,199.49,195.99,198.21,98.0,19417.916
2026-09-02 01:00:00+00:00,1788310800000,198.01,198.64,196.21,196.85,9342.0,1842139.05
2026-09-02 02:00:00+00:00,1788314400000,196.81,198.3,196.19,197.83,7849.0,1549411.59
2026-09-02 03:00:00+00:00,1788318000000,197.85,197.88,196.78,197.21,5241.0,1033731.35
2026-09-02 04:00:00+00:00,1788321600000,197.04,197.25,196.55,196.86,5041.0,992256.92
2026-09-02 05:00:00+00:00,1788325200000,196.85,198.55,196.69,197.96,10057.0,1987690.09
2026-09-02 06:00:00+00:00,1788328800000,197.96,198.05,196.41,196.89,11516.0,2267563.34
2026-09-02 07:00:00+00:00,1788332400000,196.96,197.69,196.77,197.11,4667.0,920835.51
2026-09-02 08:00:00+00:00,1788336000000,196.41,198.012,194.35,194.7,109571.33963,21541265.17163155
2026-09-02 09:00:00+00:00,1788339600000,195.5,195.875,194.13,194.27,40231.007008,7841582.47685661
2026-09-02 10:00:00+00:00,1788343200000,194.797,195.115,194.255,194.35,54332.367927,10573217.92916334
2026-09-02 11:00:00+00:00,1788346800000,193.76,196.19,193.186,195.95,122508.187581,23851425.31061384
2026-09-02 12:00:00+00:00,1788350400000,196.74,198.766,196.08,196.81,106969.47856500004,21121519.32972995
2026-09-02 13:00:00+00:00,1788354000000,197.31,203.0,195.14,197.23,1703345.193652,339378754.7462086
2026-09-02 14:00:00+00:00,1788357600000,197.341,202.175,197.04,199.608,2490131.809514,499203176.02128834
2026-09-02 15:00:00+00:00,1788361200000,199.19,201.196,198.695,201.06,714167.4410010001,142671086.5241164
2026-09-02 16:00:00+00:00,1788364800000,201.09,201.266,199.465,199.465,527960.9954690001,105707980.94010636
2026-09-02 17:00:00+00:00,1788368400000,199.26,202.54,199.1,202.49,1174604.4189950002,235608849.6072054
2026-09-02 18:00:00+00:00,1788372000000,202.3,204.8,201.92,203.98,1032824.105538,210179705.47698295
2026-09-02 19:00:00+00:00,1788375600000,204.21,205.15,203.307,204.185,1566733.726553,319854957.2107012
2026-09-02 20:00:00+00:00,1788379200000,203.51,204.45,201.693,202.47,1896457.96769,386727984.520906
2026-09-02 21:00:00+00:00,1788382800000,202.9,204.485,202.28,203.56,80183.94767,16305413.77708927
2026-09-02 22:00:00+00:00,1788386400000,203.26,204.123,203.0,203.01,15870.830646,3228709.41288111
2026-09-02 23:00:00+00:00,1788390000000,203.0,203.903,202.901,203.903,9251.568186,1881068.62532072
2026-09-03 00:00:00+00:00,1788393600000,203.22,204.38,202.28,203.15,55.0,11211.09
2026-09-03 01:00:00+00:00,1788397200000,203.18,204.6,203.18,203.54,7340.0,1497028.57
2026-09-03 02:00:00+00:00,1788400800000,203.53,204.59,203.53,204.33,3013.0,615474.16
2026-09-03 03:00:00+00:00,1788404400000,204.2,205.51,204.18,205.39,7026.0,1440482.9
2026-09-03 04:00:00+00:00,1788408000000,205.48,205.81,204.5,204.51,6990.0,1435094.24
2026-09-03 05:00:00+00:00,1788411600000,204.7,204.7,201.19,203.69,14412.0,2923810.94
2026-09-03 06:00:00+00:00,1788415200000,203.5,203.85,203.13,203.19,1614.0,328446.88
2026-09-03 07:00:00+00:00,1788418800000,203.07,204.48,202.86,204.05,4643.0,946716.56
2026-09-03 08:00:00+00:00,1788422400000,203.547,205.619,203.547,204.5,85359.38863,17436371.68451216
2026-09-03 09:00:00+00:00,1788426000000,204.5,204.615,202.7,203.113,40704.52121,8286424.3492595935
2026-09-03 10:00:00+00:00,1788429600000,203.119,203.52,201.96,203.245,28609.819689,5802955.395451572
2026-09-03 11:00:00+00:00,1788433200000,203.245,204.47,202.159,202.649,57809.228834,11746670.327426096
2026-09-03 12:00:00+00:00,1788436800000,202.65,205.248,201.875,204.133,96736.602492,19658464.26303552
2026-09-03 13:00:00+00:00,1788440400000,204.132,204.993,196.76,200.824,1775459.705092,356384346.541176
2026-09-03 14:00:00+00:00,1788444000000,200.827,206.61,199.01,205.42,2160620.437973,440220269.7105464
2026-09-03 15:00:00+00:00,1788447600000,205.451,209.9,205.451,208.59,2652192.845149,551727006.5878245
2026-09-03 16:00:00+00:00,1788451200000,208.632,208.775,206.75,207.69,993421.865861,206393006.11449775
2026-09-03 17:00:00+00:00,1788454800000,207.685,209.715,207.42,209.199,1227783.566196,256246527.02575168
2026-09-03 18:00:00+00:00,1788458400000,209.181,210.5,208.84,210.474,1257455.374123,263729379.54537225
2026-09-03 19:00:00+00:00,1788462000000,210.473,211.652,209.95,210.675,2450572.058007,516506706.697016
2026-09-03 20:00:00+00:00,1788465600000,210.685,210.685,209.365,209.495,1022409.358543,215340295.04341435
2026-09-03 21:00:00+00:00,1788469200000,209.495,210.305,209.495,209.79,38567.443253,8095141.683464383
2026-09-03 22:00:00+00:00,1788472800000,209.79,209.79,208.765,209.629,45244.942697,9471327.992283901
2026-09-03 23:00:00+00:00,1788476400000,209.63,209.88,209.59,209.76,19492.026951,4087408.4581043934
2026-09-04 00:00:00+00:00,1788480000000,209.94,211.14,209.83,210.61,7362.0,1549263.97
2026-09-04 01:00:00+00:00,1788483600000,210.64,210.86,210.13,210.53,3456.0,727670.48
2026-09-04 02:00:00+00:00,1788487200000,210.52,211.45,210.52,211.39,6703.0,1415181.06
2026-09-04 03:00:00+00:00,1788490800000,211.41,211.98,211.38,211.45,6257.0,1324392.15
2026-09-04 04:00:00+00:00,1788494400000,211.5,212.71,211.15,212.71,12129.0,2572958.56
2026-09-04 05:00:00+00:00,1788498000000,212.68,215.2,212.5,213.34,38351.0,8207465.49
2026-09-04 06:00:00+00:00,1788501600000,213.19,213.59,211.15,211.15,11575.0,2457299.99
2026-09-04 07:00:00+00:00,1788505200000,211.31,213.03,211.25,212.83,8084.0,1714631.14
2026-09-04 08:00:00+00:00,1788508800000,210.289,214.74,210.289,213.55,195703.436261,41760281.46622237
2026-09-04 09:00:00+00:00,1788512400000,213.55,214.05,212.925,214.05,38932.65518,8308598.795832169
2026-09-04 10:00:00+00:00,1788516000000,214.05,214.875,213.74,214.875,45471.766074,9740587.7375388
2026-09-04 11:00:00+00:00,1788519600000,214.875,214.875,213.4,213.78,111122.825674,23770068.79200943
2026-09-04 12:00:00+00:00,1788523200000,213.78,214.5,206.76,208.915,582535.912825,122015088.68692192
2026-09-04 13:00:00+00:00,1788526800000,208.915,217.905,207.7,216.76,3128092.715667,670906707.2040269
2026-09-04 14:00:00+00:00,1788530400000,216.89,217.05,213.7701,215.375,2590536.926044,558174548.63366
2026-09-04 15:00:00+00:00,1788534000000,215.37,216.4499,214.56,215.9099,1364967.241235,294054897.08273834
2026-09-04 16:00:00+00:00,1788537600000,215.776,218.6768,215.5674,218.675,1569429.947266,340450566.9065562
2026-09-04 17:00:00+00:00,1788541200000,218.675,219.38,217.35,218.02,1774803.966841,387464024.6511846
2026-09-04 18:00:00+00:00,1788544800000,218.01,221.19,216.75,220.39,2158403.898582,473013305.28770936
2026-09-04 19:00:00+00:00,1788548400000,220.39,226.5103,219.992,226.39,4459716.621792,998810286.6613336
2026-09-04 20:00:00+00:00,1788552000000,225.563,226.45,223.6001,224.71,1371127.646595,310057391.47364086
2026-09-04 21:00:00+00:00,1788555600000,224.71,225.5,224.5,225.13,138206.989496,31101646.948123172
2026-09-04 22:00:00+00:00,1788559200000,225.08,225.65,225.0,225.5,60207.374043,13566594.096618371
2026-09-04 23:00:00+00:00,1788562800000,225.4,225.7999,224.76,225.3,78177.966912,17613165.92943124
2026-09-05 00:00:00+00:00,1788566400000,225.11,225.11,225.03,225.03,2.6921,605.947855
2026-09-05 03:00:00+00:00,1788577200000,225.02,225.02,225.02,225.02,0.09,20.2518
2026-09-05 06:00:00+00:00,1788588000000,225.0,225.0,225.0,225.0,0.9552,214.92
2026-09-05 08:00:00+00:00,1788595200000,224.97,225.03,224.9,225.03,2.0767,467.174806
2026-09-05 17:00:00+00:00,1788627600000,225.03,225.03,224.9,224.9,0.151,33.969715
2026-09-06 02:00:00+00:00,1788660000000,224.9,224.9,224.9,224.9,0.137,30.8113
2026-09-06 15:00:00+00:00,1788706800000,224.9,224.9,224.9,224.9,0.2763,62.13987
2026-09-06 16:00:00+00:00,1788710400000,225.04,225.04,224.9,224.9,0.4126,92.831064
2026-09-06 17:00:00+00:00,1788714000000,225.04,225.04,225.04,225.04,0.0424,9.541696
2026-09-06 21:00:00+00:00,1788728400000,225.04,225.04,225.04,225.04,0.4564,102.708256
2026-09-06 22:00:00+00:00,1788732000000,225.06,225.06,225.04,225.06,0.2381,53.585298
2026-09-06 23:00:00+00:00,1788735600000,225.04,225.06,225.04,225.06,9.2503,2081.690496
2026-09-07 01:00:00+00:00,1788742800000,225.1,225.1,225.1,225.1,5.65,1271.815
2026-09-07 05:00:00+00:00,1788757200000,225.1,225.1,225.1,225.1,1.9703,443.51453
2026-09-07 07:00:00+00:00,1788764400000,225.24,225.24,225.24,225.24,0.6471,145.752804
2026-09-07 10:00:00+00:00,1788775200000,225.26,226.56,225.26,226.4,44.0924,9959.611214
2026-09-07 12:00:00+00:00,1788782400000,226.44,226.88,226.44,226.88,19.2328,4358.798876
2026-09-07 13:00:00+00:00,1788786000000,226.8,226.8,226.37,226.44,26.7309,6055.707982
2026-09-07 14:00:00+00:00,1788789600000,226.47,227.12,226.47,227.09,85.616,19396.822963
2026-09-07 15:00:00+00:00,1788793200000,227.1,227.12,225.79,225.81,38.2612,8669.265653
2026-09-07 16:00:00+00:00,1788796800000,225.87,225.87,225.81,225.86,1.847,417.15492
2026-09-07 17:00:00+00:00,1788800400000,225.81,225.81,222.1,224.83,143.2135,32101.812801
2026-09-07 18:00:00+00:00,1788804000000,224.82,224.82,224.73,224.73,8.4714,1904.400787
2026-09-07 19:00:00+00:00,1788807600000,224.68,224.68,224.6,224.6,5.4246,1218.682895
2026-09-07 20:00:00+00:00,1788811200000,224.55,224.55,223.98,223.98,13.5016,3027.805921
2026-09-07 21:00:00+00:00,1788814800000,223.96,223.96,223.96,223.96,0.487,109.06852
2026-09-07 22:00:00+00:00,1788818400000,224.07,224.07,224.07,224.07,0.9438,211.477266
2026-09-07 23:00:00+00:00,1788822000000,224.07,230.54,224.07,230.18,183.7097,41807.061425
2026-09-08 00:00:00+00:00,1788825600000,229.84,231.57,227.53,231.3,70367.9153,16185769.972731
2026-09-08 01:00:00+00:00,1788829200000,231.3,231.48,229.66,231.2,31625.0,7288798.22
2026-09-08 02:00:00+00:00,1788832800000,231.27,231.5,230.01,230.28,12678.0,2927238.72
2026-09-08 03:00:00+00:00,1788836400000,230.02,232.2,230.02,231.96,27174.0,6294134.71
2026-09-08 04:00:00+00:00,1788840000000,231.77,232.5,231.34,231.41,29858.0,6928761.11
2026-09-08 05:00:00+00:00,1788843600000,231.41,231.41,228.96,229.05,42501.0,9769722.51
2026-09-08 06:00:00+00:00,1788847200000,229.05,229.05,226.0,227.16,32105.0,7294750.79
2026-09-08 07:00:00+00:00,1788850800000,227.05,228.27,225.88,226.31,16903.0,3839736.17
2026-09-08 08:00:00+00:00,1788854400000,226.25,232.5,220.25,223.8,365648.508891,81995250.89531805
2026-09-08 09:00:00+00:00,1788858000000,223.79,226.37,223.0,226.29,82746.140359,18642662.33609524
2026-09-08 10:00:00+00:00,1788861600000,226.29,231.51,225.51,229.65,91190.972122,20706939.410681278
2026-09-08 11:00:00+00:00,1788865200000,229.58,233.08,228.87,232.0,426220.994039,98671508.27217078
2026-09-08 12:00:00+00:00,1788868800000,232.0,233.05,230.01,232.49,403087.032564,93276889.09411508
2026-09-08 13:00:00+00:00,1788872400000,232.5,242.82,231.62,239.62,4661482.265763,1107862081.2124767
2026-09-08 14:00:00+00:00,1788876000000,239.6,242.8342,238.08,242.53,3332664.638487,799194776.7746806
2026-09-08 15:00:00+00:00,1788879600000,242.535,251.63,242.42,250.39,5467981.022929,1354737966.2446253
2026-09-08 16:00:00+00:00,1788883200000,250.5,254.74,247.69,252.68,4099140.425928,1028104161.2016988
2026-09-08 17:00:00+00:00,1788886800000,252.65,254.0,246.57,246.725,2627127.267523,658864218.451966
2026-09-08 18:00:00+00:00,1788890400000,246.7825,248.4599,245.12,247.15,2329233.616147,575226436.0784665
2026-09-08 19:00:00+00:00,1788894000000,247.185,247.305,241.1448,243.88,4201037.809456,1024653364.171878
2026-09-08 20:00:00+00:00,1788897600000,243.88,246.3,242.8979,244.62,2439149.516067,594939433.2810065
2026-09-08 21:00:00+00:00,1788901200000,244.7,245.2,244.14,244.4,49335.644151,12071590.153796269
2026-09-08 22:00:00+00:00,1788904800000,244.25,244.77,243.121,244.5,34936.870228,8527221.052864898
2026-09-08 23:00:00+00:00,1788908400000,244.5,244.77,243.5,244.19,35211.748175,8597801.48337848
2026-09-09 00:00:00+00:00,1788912000000,244.0,246.5,243.74,246.02,10964.0,2689974.34
2026-09-09 01:00:00+00:00,1788915600000,246.0,247.83,246.0,246.96,24805.0,6131476.65
2026-09-09 02:00:00+00:00,1788919200000,246.92,248.31,246.53,247.48,7999.0,1979664.96
2026-09-09 03:00:00+00:00,1788922800000,247.34,247.34,245.0,245.15,7399.0,1820757.52
2026-09-09 04:00:00+00:00,1788926400000,245.15,246.0,244.74,245.82,5923.0,1452855.29
2026-09-09 05:00:00+00:00,1788930000000,245.76,245.76,244.12,245.65,8951.0,2193505.8
2026-09-09 06:00:00+00:00,1788933600000,245.83,246.59,245.58,246.0,9444.0,2324313.54
2026-09-09 07:00:00+00:00,1788937200000,245.8,246.88,244.9,245.12,9163.0,2251499.86
2026-09-09 08:00:00+00:00,1788940800000,245.77,248.0,244.04,247.6,150318.452073,37038193.08379556
2026-09-09 09:00:00+00:00,1788944400000,247.73,248.43,240.69,241.25,103999.414698,25434012.226401195
2026-09-09 10:00:00+00:00,1788948000000,241.12,242.04,239.0,241.84,132053.007259,31782627.58241545
2026-09-09 11:00:00+00:00,1788951600000,241.9,243.75,241.0,242.75,98145.895287,23799774.81910368
2026-09-09 12:00:00+00:00,1788955200000,242.74,243.6,240.87,243.2,98065.830085,23744712.799887247
2026-09-09 13:00:00+00:00,1788958800000,243.25,250.272,242.15,246.53,2061828.51803,508969187.1481913
2026-09-09 14:00:00+00:00,1788962400000,246.53,247.62,241.27,243.41,2166804.535398,529422008.749409
2026-09-09 15:00:00+00:00,1788966000000,243.395,246.0,242.52,245.58,1577674.033431,385321263.2235153
2026-09-09 16:00:00+00:00,1788969600000,245.73,246.33,242.2001,242.4179,1100589.773835,268204973.92668048
2026-09-09 17:00:00+00:00,1788973200000,242.495,244.26,241.3865,242.8517,1042319.155739,252757506.48490393
2026-09-09 18:00:00+00:00,1788976800000,243.12,244.16,242.8925,243.66,729431.335672,177626072.75775033
2026-09-09 19:00:00+00:00,1788980400000,243.88,243.91,240.2,240.35,1504772.714846,363421272.27150095
2026-09-09 20:00:00+00:00,1788984000000,240.35,241.61,238.0,238.98,1560649.485738,375317727.01227665
2026-09-09 21:00:00+00:00,1788987600000,238.98,239.54,236.5,237.071,171198.726021,40763471.92904259
2026-09-09 22:00:00+00:00,1788991200000,237.0,237.7,236.0,236.33,91827.000571,21736082.12326815
2026-09-09 23:00:00+00:00,1788994800000,236.33,237.0,235.78,236.7,48038.189869,11352363.411398832
2026-09-10 00:00:00+00:00,1788998400000,237.76,237.76,234.18,234.4,18650.0,4397350.21
2026-09-10 01:00:00+00:00,1789002000000,234.44,235.18,232.26,234.42,37515.0,8763341.22
2026-09-10 02:00:00+00:00,1789005600000,234.41,236.66,233.68,236.15,14051.0,3304446.86
2026-09-10 03:00:00+00:00,1789009200000,236.25,236.38,235.29,235.97,4253.0,1002879.84
2026-09-10 04:00:00+00:00,1789012800000,235.98,236.41,235.47,236.4,5632.0,1329037.45
2026-09-10 05:00:00+00:00,1789016400000,236.4,238.0,236.07,237.04,14955.0,3547199.13
2026-09-10 06:00:00+00:00,1789020000000,237.01,237.26,236.0,236.3,7775.0,1839807.5
2026-09-10 07:00:00+00:00,1789023600000,236.28,236.53,235.03,235.49,7245.0,1707176.15
2026-09-10 08:00:00+00:00,1789027200000,235.8162,237.99,233.84,234.5,112466.170356,26501484.277241156
2026-09-10 09:00:00+00:00,1789030800000,234.35,234.8352,233.5222,234.37,32591.71245,7638267.772241653
2026-09-10 10:00:00+00:00,1789034400000,234.27,234.95,233.5,234.1,28401.600863,6657368.027550292
2026-09-10 11:00:00+00:00,1789038000000,234.125,234.34,231.06,231.06,154079.559329,35855026.018364646
2026-09-10 12:00:00+00:00,1789041600000,231.15,231.93,227.68,229.35,535494.312522,122958520.34204786
2026-09-10 13:00:00+00:00,1789045200000,229.2145,238.33,228.27,229.81,2972951.100764,691325932.6812096
2026-09-10 14:00:00+00:00,1789048800000,229.795,233.21,228.4,231.395,2145736.675206,495462380.4933624
2026-09-10 15:00:00+00:00,1789052400000,231.395,231.88,229.5,229.69,1226909.637078,282675634.32871413
2026-09-10 16:00:00+00:00,1789056000000,229.78,229.97,226.03,227.48,1782665.669922,405555175.4407807
2026-09-10 17:00:00+00:00,1789059600000,227.59,229.75,227.11,228.91,1082477.823823,247463206.41565847
2026-09-10 18:00:00+00:00,1789063200000,229.14,230.06,228.305,229.36,1066418.291345,244679476.88773787
2026-09-10 19:00:00+00:00,1789066800000,229.35,229.42,227.6,228.11,1513878.017302,345776537.4383916
2026-09-10 20:00:00+00:00,1789070400000,227.91,232.0,227.32,228.8,1801350.01793,411007399.64363873
2026-09-10 21:00:00+00:00,1789074000000,228.96,234.861,227.89,228.75,137659.392392,31619550.760655727
2026-09-10 22:00:00+00:00,1789077600000,228.76,228.93,226.75,227.19,33681.225792,7670993.342664585
2026-09-10 23:00:00+00:00,1789081200000,227.05,227.99,226.39,226.6,25132.405887,5712516.670595153
2026-09-11 00:00:00+00:00,1789084800000,226.96,229.32,226.92,228.96,11753.0,2680344.03
2026-09-11 01:00:00+00:00,1789088400000,228.96,229.44,227.29,227.76,5584.0,1275197.29
2026-09-11 02:00:00+00:00,1789092000000,227.81,228.3,226.75,226.89,4449.0,1011063.4
2026-09-11 03:00:00+00:00,1789095600000,226.71,227.0,225.69,226.0,9317.0,2108462.56
2026-09-11 04:00:00+00:00,1789099200000,226.0,228.8,225.84,228.36,6655.0,1515223.1
2026-09-11 05:00:00+00:00,1789102800000,228.18,231.25,227.74,230.86,15077.0,3458730.57
2026-09-11 06:00:00+00:00,1789106400000,230.84,232.12,230.7,231.99,16976.0,3930028.03
2026-09-11 07:00:00+00:00,1789110000000,231.85,232.74,231.2,231.65,12665.0,2936638.27
2026-09-11 08:00:00+00:00,1789113600000,231.31,234.1,225.8,234.0,135832.189208,31415939.822560944
2026-09-11 09:00:00+00:00,1789117200000,234.08,234.65,232.85,234.0797,33605.31921,7854070.3368974915
2026-09-11 10:00:00+00:00,1789120800000,233.89,234.6,232.88,233.26,35381.907774,8270926.753940938
2026-09-11 11:00:00+00:00,1789124400000,233.17,233.3,231.75,232.92,68953.35436,16038219.779433124
2026-09-11 12:00:00+00:00,1789128000000,232.8652,236.96,230.0,236.76,1103804.800898,259393469.68337524
2026-09-11 13:00:00+00:00,1789131600000,236.78,237.8,226.37,228.5,2068094.324812,475642359.1830597
2026-09-11 14:00:00+00:00,1789135200000,228.375,232.9,226.75,229.0,2350227.492047,539854879.6447165
2026-09-11 15:00:00+00:00,1789138800000,228.975,229.4899,227.0512,228.87,1104984.744357,252434218.53595555
2026-09-11 16:00:00+00:00,1789142400000,228.81,229.5,225.51,226.075,1060422.57737,241024303.548326
2026-09-11 17:00:00+00:00,1789146000000,226.085,228.27,225.25,225.575,1001888.318353,227166028.56730688
2026-09-11 18:00:00+00:00,1789149600000,225.605,226.25,224.31,224.685,887730.934372,200146416.81062236
2026-09-11 19:00:00+00:00,1789153200000,224.58,225.55,223.64,224.55,1332189.410618,299182337.39044577
2026-09-11 20:00:00+00:00,1789156800000,224.43,224.7,223.9,224.7,639910.7567120002,143669216.49387524
2026-09-11 21:00:00+00:00,1789160400000,224.5867,224.59,224.0,224.37,18417.5421,4131720.9466895345
2026-09-11 22:00:00+00:00,1789164000000,224.3,224.5,223.7801,224.1999,25442.190845,5707147.720716981
2026-09-11 23:00:00+00:00,1789167600000,224.1412,224.78,223.8,224.49,28291.994797,6348177.743857424
2026-09-12 00:00:00+00:00,1789171200000,224.49,224.66,224.49,224.65,9.335,2096.519396
2026-09-12 01:00:00+00:00,1789174800000,224.65,224.86,224.65,224.81,9.6916,2177.818486
2026-09-12 02:00:00+00:00,1789178400000,224.66,224.66,224.65,224.65,1.5399,345.946969
2026-09-12 07:00:00+00:00,1789196400000,224.65,224.65,224.02,224.07,34.3872,7711.261566
2026-09-12 11:00:00+00:00,1789210800000,224.19,224.2,224.19,224.2,1.5504,347.592641
2026-09-12 13:00:00+00:00,1789218000000,224.14,224.14,224.14,224.14,0.46,103.1044
2026-09-12 15:00:00+00:00,1789225200000,224.2,224.56,224.2,224.56,1.6704,375.07068
2026-09-12 16:00:00+00:00,1789228800000,224.56,225.03,224.56,225.03,71.7001,16112.713312
2026-09-12 17:00:00+00:00,1789232400000,225.09,225.22,224.94,224.94,19.653,4422.433931
2026-09-12 18:00:00+00:00,1789236000000,224.94,225.02,224.36,224.36,11.4849,2582.351658
2026-09-12 19:00:00+00:00,1789239600000,224.36,224.8,224.25,224.25,46.001,10323.928514
2026-09-12 20:00:00+00:00,1789243200000,224.44,224.59,224.11,224.14,38.436,8618.795232
2026-09-12 21:00:00+00:00,1789246800000,224.12,224.16,224.12,224.16,0.9488,212.671447
2026-09-13 00:00:00+00:00,1789257600000,224.15,224.16,224.13,224.13,9.154,2051.728321
2026-09-13 04:00:00+00:00,1789272000000,224.08,224.08,224.08,224.08,11.2053,2510.883624
2026-09-13 06:00:00+00:00,1789279200000,223.99,224.02,223.94,223.94,7.1902,1610.421594
2026-09-13 07:00:00+00:00,1789282800000,223.96,223.96,223.92,223.92,12.3406,2763.36212
2026-09-13 09:00:00+00:00,1789290000000,223.9,223.9,223.9,223.9,0.6707,150.16973
2026-09-13 10:00:00+00:00,1789293600000,223.89,223.89,223.54,223.54,307.9742,68888.035518
2026-09-13 11:00:00+00:00,1789297200000,223.68,223.68,223.43,223.43,0.09,20.11995
2026-09-13 12:00:00+00:00,1789300800000,223.68,223.68,223.43,223.43,0.5008,111.905194
2026-09-13 13:00:00+00:00,1789304400000,223.54,223.54,223.49,223.49,0.0938,20.965707
2026-09-13 14:00:00+00:00,1789308000000,223.54,223.54,223.54,223.54,0.4469,99.900026
2026-09-13 15:00:00+00:00,1789311600000,223.56,223.56,223.56,223.56,0.033,7.37748
2026-09-13 16:00:00+00:00,1789315200000,223.56,223.56,223.56,223.56,0.3335,74.55726
2026-09-13 17:00:00+00:00,1789318800000,223.49,223.49,223.38,223.38,5.5078,1230.511338
2026-09-13 18:00:00+00:00,1789322400000,223.37,223.37,223.37,223.37,0.4451,99.421987
2026-09-13 20:00:00+00:00,1789329600000,223.44,223.44,223.44,223.44,0.1074,23.997456
2026-09-14 00:00:00+00:00,1789344000000,214.34,216.81,212.92,212.96,66891.0,14344958.79
2026-09-14 01:00:00+00:00,1789347600000,212.96,214.43,212.04,214.3,33369.0,7109394.38
2026-09-14 02:00:00+00:00,1789351200000,214.45,216.22,214.43,214.69,25641.0,5519147.37
2026-09-14 03:00:00+00:00,1789354800000,214.74,214.95,213.25,213.66,10566.0,2260974.52
2026-09-14 04:00:00+00:00,1789358400000,213.66,213.74,213.0,213.47,11555.0,2466010.57
2026-09-14 05:00:00+00:00,1789362000000,213.55,214.04,212.14,212.31,16917.0,3604135.45
2026-09-14 06:00:00+00:00,1789365600000,212.37,213.0,211.99,212.1,26867.0,5707543.16
2026-09-14 07:00:00+00:00,1789369200000,212.09,212.1,209.66,210.33,32328.0,6813602.23
2026-09-14 08:00:00+00:00,1789372800000,209.99,214.02,208.39,209.3,342754.422261,72109179.84509373
2026-09-14 09:00:00+00:00,1789376400000,209.5,209.54,207.77,208.3,91016.331733,18970948.785592616
2026-09-14 10:00:00+00:00,1789380000000,208.35,209.48,207.63,209.0,92236.990006,19232461.91861932
2026-09-14 11:00:00+00:00,1789383600000,209.02,209.22,205.15,205.3624,343917.469509,71183256.8009164
2026-09-14 12:00:00+00:00,1789387200000,205.36,206.83,204.01,205.65,334232.175064,68581896.6462666
2026-09-14 13:00:00+00:00,1789390800000,205.65,216.9963,203.87,213.78,3387110.887972,711901287.640448
2026-09-14 14:00:00+00:00,1789394400000,213.87,218.86,211.8,212.5,2909224.388621,626643207.8698459
2026-09-14 15:00:00+00:00,1789398000000,212.45,214.9599,212.05,213.0869,1609897.450943,343150585.9159588
2026-09-14 16:00:00+00:00,1789401600000,213.15,214.8999,211.69,213.98,994833.816304,212180415.68112215
2026-09-14 17:00:00+00:00,1789405200000,213.985,219.32,213.41,218.9387,1093677.923285,236958918.43173343
2026-09-14 18:00:00+00:00,1789408800000,218.84,219.16,213.3601,214.04,1249595.486194,269913323.9180183
2026-09-14 19:00:00+00:00,1789412400000,214.24,214.3699,211.43,212.19,1607986.494164,342428079.2581116
2026-09-14 20:00:00+00:00,1789416000000,212.34,214.0,210.1,213.6,676023.9258299998,143491591.9910479
2026-09-14 21:00:00+00:00,1789419600000,214.0,214.0,213.0,213.29,12753.949024,2722255.2865746827
2026-09-14 22:00:00+00:00,1789423200000,213.3,213.77,212.75,213.05,19976.188206,4257264.646479375
2026-09-14 23:00:00+00:00,1789426800000,213.0,213.9434,212.76,213.94,27753.235028,5925244.39976683
2026-09-15 00:00:00+00:00,1789430400000,213.45,215.3,213.0,214.79,15991.0,3432668.72
2026-09-15 01:00:00+00:00,1789434000000,214.79,215.74,213.58,214.41,13207.0,2838934.52
2026-09-15 02:00:00+00:00,1789437600000,214.48,214.64,214.1,214.49,4804.0,1029895.63
2026-09-15 03:00:00+00:00,1789441200000,214.47,214.59,213.1,213.1,5573.0,1191670.86
2026-09-15 04:00:00+00:00,1789444800000,213.1,213.33,211.77,211.77,6261.0,1331652.5
2026-09-15 05:00:00+00:00,1789448400000,211.63,212.9,210.8,212.63,5804.0,1227754.03
2026-09-15 06:00:00+00:00,1789452000000,212.63,212.93,212.1,212.52,3326.0,706761.94
2026-09-15 07:00:00+00:00,1789455600000,212.34,212.85,210.71,210.71,6390.0,1354590.35
2026-09-15 08:00:00+00:00,1789459200000,211.16,213.38,209.0,210.21,83312.359873,17574666.734899584
2026-09-15 09:00:00+00:00,1789462800000,210.21,212.52,209.1,211.53,30476.059991,6416578.822372381
2026-09-15 10:00:00+00:00,1789466400000,211.79,213.86,211.51,213.74,31635.940207,6722914.6315421425
2026-09-15 11:00:00+00:00,1789470000000,213.61,215.75,213.38,214.72,103485.970223,22213258.011058416
2026-09-15 12:00:00+00:00,1789473600000,214.6,216.0,213.31,214.7,69574.541829,14952756.55123037
2026-09-15 13:00:00+00:00,1789477200000,214.3,216.5595,210.61,214.895,1214376.265351,260192733.7313843
2026-09-15 14:00:00+00:00,1789480800000,214.79,215.5499,209.8001,210.1,1578545.110146,336572032.18940103
2026-09-15 15:00:00+00:00,1789484400000,210.12,211.38,208.5301,208.6699,1630358.632879,342175802.5320384
2026-09-15 16:00:00+00:00,1789488000000,208.7,210.425,208.605,209.63,869448.860788,181978513.24883407
2026-09-15 17:00:00+00:00,1789491600000,209.59,210.0,208.54,209.03,652647.972132,136426961.2641721
2026-09-15 18:00:00+00:00,1789495200000,209.205,209.7696,207.285,208.37,1324630.224049,276154914.1449226
2026-09-15 19:00:00+00:00,1789498800000,208.3508,209.39,206.8473,207.37,1740928.75407,362014137.9061575
2026-09-15 20:00:00+00:00,1789502400000,207.487,208.0,206.34,207.55,1823606.716075,378218376.940212
2026-09-15 21:00:00+00:00,1789506000000,207.66,207.66,207.03,207.3,17583.53251,3643785.1119680246
2026-09-15 22:00:00+00:00,1789509600000,207.25,207.5,206.01,206.9,51372.21619,10623231.443895685
2026-09-15 23:00:00+00:00,1789513200000,206.8643,207.41,206.6,207.17,21804.771294,4513061.667899872
2026-09-16 00:00:00+00:00,1789516800000,207.56,208.1,207.01,207.71,6534.0,1357544.91
2026-09-16 01:00:00+00:00,1789520400000,207.79,207.98,206.22,206.22,4334.0,897942.77
2026-09-16 02:00:00+00:00,1789524000000,206.2,208.21,206.18,208.2,6306.0,1307598.36
2026-09-16 03:00:00+00:00,1789527600000,208.2,209.31,208.18,209.2,9200.0,1921211.51
2026-09-16 04:00:00+00:00,1789531200000,209.2,209.62,208.56,208.73,3807.0,796413.42
2026-09-16 05:00:00+00:00,1789534800000,208.61,209.65,208.1,209.56,4814.0,1005914.98
2026-09-16 06:00:00+00:00,1789538400000,209.57,210.61,209.45,210.61,11036.0,2320434.74
2026-09-16 07:00:00+00:00,1789542000000,210.55,211.59,210.54,210.76,10717.0,2262693.61
2026-09-16 08:00:00+00:00,1789545600000,211.33,212.75,208.11,211.15,105334.801464,22245679.41464715
2026-09-16 09:00:00+00:00,1789549200000,211.63,211.63,210.31,210.788,11560.545494,2440360.7948674257
2026-09-16 10:00:00+00:00,1789552800000,210.7,211.28,209.8,211.0,19098.510301,4022674.2291901377
2026-09-16 11:00:00+00:00,1789556400000,210.8465,213.25,210.25,212.5,118422.903636,25066177.77171196
2026-09-16 12:00:00+00:00,1789560000000,212.3,213.45,211.65,212.0,70794.481201,15036655.509025589
2026-09-16 13:00:00+00:00,1789563600000,212.4,215.8799,210.9,215.05,1374725.515996,293935511.74396324
2026-09-16 14:00:00+00:00,1789567200000,215.015,217.2,212.67,217.11,1650219.886309,355421567.91119754
2026-09-16 15:00:00+00:00,1789570800000,217.06,219.39,216.6274,217.39,1423413.364247,310258750.5268366
2026-09-16 16:00:00+00:00,1789574400000,217.36,218.79,216.17,217.0,997786.068593,216759644.97898227
2026-09-16 17:00:00+00:00,1789578000000,217.0001,218.79,216.5,218.695,875839.976215,190218650.2414932
2026-09-16 18:00:00+00:00,1789581600000,218.88,220.4,211.6928,212.5,1880022.0,407208443.0807
2026-09-16 19:00:00+00:00,1789585200000,212.57,214.59,208.48,209.37,3453250.0,726347826.4468
2026-09-16 20:00:00+00:00,1789588800000,209.37,213.5,209.37,213.37,749020.605311,158562550.26347184
2026-09-16 21:00:00+00:00,1789592400000,213.42,220.49,213.33,219.301,522427.53679,113654488.38479772
2026-09-16 22:00:00+00:00,1789596000000,218.93,224.45,218.9,222.4,468418.194082,104100452.77058604
2026-09-16 23:00:00+00:00,1789599600000,222.25,224.14,222.01,223.76,192191.576024,42830258.065970905
2026-09-17 00:00:00+00:00,1789603200000,222.94,224.09,220.27,223.08,40992.0,9137262.07
2026-09-17 01:00:00+00:00,1789606800000,222.9,223.66,222.01,222.14,23879.0,5326159.91
2026-09-17 02:00:00+00:00,1789610400000,222.14,222.8,221.5,222.05,19214.0,4265232.56
2026-09-17 03:00:00+00:00,1789614000000,222.05,224.38,221.97,224.37,16284.0,3639365.01
2026-09-17 04:00:00+00:00,1789617600000,224.37,225.0,223.15,223.97,27019.0,6055935.22
2026-09-17 05:00:00+00:00,1789621200000,223.91,224.36,220.9,221.41,20854.0,4647331.24
2026-09-17 06:00:00+00:00,1789624800000,221.32,224.5,221.05,224.46,23257.0,5194292.89
2026-09-17 07:00:00+00:00,1789628400000,224.4,226.67,224.17,225.01,47160.0,10640401.58
2026-09-17 08:00:00+00:00,1789632000000,224.09,228.95,221.0,227.83,377503.772393,85311735.39750817
2026-09-17 09:00:00+00:00,1789635600000,227.86,228.8,227.45,227.71,120946.888501,27587276.273638148
2026-09-17 10:00:00+00:00,1789639200000,228.0,230.4,227.5,229.93,162048.571553,37068767.79079142
2026-09-17 11:00:00+00:00,1789642800000,229.9,232.75,227.5,228.6,628543.463421,144334002.62693295
2026-09-17 12:00:00+00:00,1789646400000,228.59,230.8,227.63,229.04,404574.724445,92686875.311961
2026-09-17 13:00:00+00:00,1789650000000,229.11,232.81,210.8,217.12,9696486.20992,2109814235.0510228
2026-09-17 14:00:00+00:00,1789653600000,217.24,217.82,209.65,214.96,6636076.0,1410572703.0804
2026-09-17 15:00:00+00:00,1789657200000,215.01,215.45,210.04,213.58,3856384.955775,818528150.0331937
2026-09-17 16:00:00+00:00,1789660800000,213.445,217.69,213.31,217.375,2550695.53717,549780251.7004201
2026-09-17 17:00:00+00:00,1789664400000,217.41,218.35,212.65,214.05,2397557.361298,516048661.5687957
2026-09-17 18:00:00+00:00,1789668000000,214.02,215.4999,212.675,213.985,1666353.003677,357097318.38178533
2026-09-17 19:00:00+00:00,1789671600000,213.95,218.0,213.7,217.99,2807711.870664,605967989.8180765
2026-09-17 20:00:00+00:00,1789675200000,217.99,217.9927,216.08,216.9,2417972.091613,525997171.6057066
2026-09-17 21:00:00+00:00,1789678800000,216.6,217.25,216.1001,216.48,78171.73649,16934945.462404087
2026-09-17 22:00:00+00:00,1789682400000,216.32,216.71,215.0,215.59,56301.388263,12143049.729713768
2026-09-17 23:00:00+00:00,1789686000000,215.5,216.68,215.3,216.65,52554.065895,11352620.630703527
2026-09-18 00:00:00+00:00,1789689600000,217.39,217.39,214.13,214.8,23269.0,5008212.14
2026-09-18 01:00:00+00:00,1789693200000,214.89,215.7,214.41,214.73,15631.0,3361235.21
2026-09-18 02:00:00+00:00,1789696800000,214.8,216.27,214.61,215.7,12818.0,2762333.83
2026-09-18 03:00:00+00:00,1789700400000,215.69,218.2,215.48,217.4,32287.0,7006271.16
2026-09-18 04:00:00+00:00,1789704000000,217.49,217.95,216.76,217.73,17089.0,3712987.25
2026-09-18 05:00:00+00:00,1789707600000,217.71,217.95,217.15,217.49,14361.0,3124481.99
2026-09-18 06:00:00+00:00,1789711200000,217.49,219.69,217.49,219.68,30839.0,6750194.71
2026-09-18 07:00:00+00:00,1789714800000,219.68,220.2,218.51,218.86,54319.0,11929977.99
2026-09-18 08:00:00+00:00,1789718400000,219.0,220.75,216.76,219.0,283255.834603,62091671.22299909
2026-09-18 09:00:00+00:00,1789722000000,218.75,219.3,217.3,218.85,84673.634902,18490483.794249143
2026-09-18 10:00:00+00:00,1789725600000,218.77,219.7,218.6,219.05,44551.227357,9761140.6426723
2026-09-18 11:00:00+00:00,1789729200000,219.32,219.5,216.6,217.0,133272.65892,29024703.950666618
2026-09-18 12:00:00+00:00,1789732800000,217.3,217.5,215.47,216.22,134478.64228,29089665.946589936
2026-09-18 13:00:00+00:00,1789736400000,216.27,220.2,213.1001,213.28,3093598.490672,672362039.9300073
2026-09-18 14:00:00+00:00,1789740000000,213.24,216.31,210.3,215.885,3862800.570081,823082115.8890226
2026-09-18 15:00:00+00:00,1789743600000,215.9399,221.799,215.0,220.54,2760123.573318,603788212.2688049
2026-09-18 16:00:00+00:00,1789747200000,220.52,221.0421,216.21,218.64,1928294.967139,421085901.69528496
2026-09-18 17:00:00+00:00,1789750800000,218.64,221.28,218.01,221.07,2140752.793128,469543714.5779568
2026-09-18 18:00:00+00:00,1789754400000,221.15,221.58,219.11,221.4,1085207.037973,239001607.4803565
2026-09-18 19:00:00+00:00,1789758000000,221.5,224.6499,220.915,223.54,3028631.890272,674185369.34113
2026-09-18 20:00:00+00:00,1789761600000,223.37,224.23,222.2,222.4082,3799865.760677,849051034.0168741
2026-09-18 21:00:00+00:00,1789765200000,222.36,222.9,222.11,222.3,65235.831858,14508163.11060426
2026-09-18 22:00:00+00:00,1789768800000,222.35,222.6,221.5,221.63,31691.065162,7037264.474597138
2026-09-18 23:00:00+00:00,1789772400000,221.5,222.6,221.5,222.23,37801.554623,8396322.106237136
2026-09-19 00:00:00+00:00,1789776000000,222.26,222.63,222.03,222.49,40.0131,8897.255677
2026-09-19 01:00:00+00:00,1789779600000,222.49,222.49,221.04,221.04,79.938,17730.255143
2026-09-19 02:00:00+00:00,1789783200000,221.02,221.02,220.22,220.22,43.564,9612.092062
2026-09-19 03:00:00+00:00,1789786800000,220.43,220.43,220.19,220.21,11.373,2504.91391
2026-09-19 04:00:00+00:00,1789790400000,220.2,220.2,220.2,220.2,0.1753,38.60106
2026-09-19 05:00:00+00:00,1789794000000,220.19,220.19,219.81,219.9,28.6945,6314.312607
2026-09-19 06:00:00+00:00,1789797600000,219.87,219.87,219.55,219.55,23.1999,5097.281851
2026-09-19 07:00:00+00:00,1789801200000,219.69,219.69,219.55,219.66,4.0103,880.682583
2026-09-19 09:00:00+00:00,1789808400000,219.53,219.57,219.44,219.44,12.8799,2827.397873
2026-09-19 10:00:00+00:00,1789812000000,219.58,219.58,219.49,219.5,3.4224,751.268841
2026-09-19 11:00:00+00:00,1789815600000,219.5,219.5,219.38,219.49,5.4966,1206.093491
2026-09-19 12:00:00+00:00,1789819200000,219.49,219.63,219.49,219.63,9.4022,2064.40669
2026-09-19 14:00:00+00:00,1789826400000,219.48,219.49,219.42,219.43,12.7122,2789.870495
2026-09-19 15:00:00+00:00,1789830000000,219.5,219.5,219.5,219.5,0.2033,44.62435
2026-09-19 17:00:00+00:00,1789837200000,219.5,220.17,219.5,220.13,61.1238,13433.896554
2026-09-19 18:00:00+00:00,1789840800000,220.17,220.35,220.11,220.34,17.4376,3841.229522
2026-09-19 19:00:00+00:00,1789844400000,220.5,221.34,220.5,221.26,45.2881,10003.748063
2026-09-19 20:00:00+00:00,1789848000000,221.26,221.26,221.21,221.21,0.542,119.89967
2026-09-19 21:00:00+00:00,1789851600000,221.26,221.57,221.26,221.57,12.7778,2829.361792
2026-09-19 23:00:00+00:00,1789858800000,222.39,222.39,221.07,221.18,24.5478,5429.939922
2026-09-20 00:00:00+00:00,1789862400000,221.18,221.31,221.18,221.31,5.1322,1135.678302
2026-09-20 01:00:00+00:00,1789866000000,221.31,222.4,221.22,221.75,33.2483,7360.766105
2026-09-20 02:00:00+00:00,1789869600000,221.75,221.77,219.57,219.57,147.5488,32551.423948
2026-09-20 03:00:00+00:00,1789873200000,219.61,219.61,219.01,219.36,47.2888,10373.077003
2026-09-20 04:00:00+00:00,1789876800000,219.36,219.37,219.36,219.37,3.0028,658.724203
2026-09-20 05:00:00+00:00,1789880400000,219.5,220.24,219.35,220.17,62.9963,13851.803046
2026-09-20 06:00:00+00:00,1789884000000,220.17,220.35,220.1,220.35,7.5071,1653.393578
2026-09-20 07:00:00+00:00,1789887600000,220.35,220.35,220.22,220.27,8.9715,1976.174446
2026-09-20 08:00:00+00:00,1789891200000,220.27,220.27,220.13,220.13,8.8402,1946.62557
2026-09-20 09:00:00+00:00,1789894800000,220.27,220.27,220.09,220.09,0.4171,91.831839
2026-09-20 10:00:00+00:00,1789898400000,220.09,220.22,219.54,220.04,180.27,39644.272176
2026-09-20 11:00:00+00:00,1789902000000,220.17,220.17,219.86,219.95,11.3583,2498.913034
2026-09-20 12:00:00+00:00,1789905600000,220.01,220.28,220.01,220.28,64.2956,14156.328793
2026-09-20 13:00:00+00:00,1789909200000,220.26,220.44,220.26,220.44,6.2076,1368.072321
2026-09-20 14:00:00+00:00,1789912800000,220.21,220.21,219.88,219.91,49.1774,10820.594983
2026-09-20 15:00:00+00:00,1789916400000,219.95,220.12,219.87,220.1,43.8636,9651.674096
2026-09-20 16:00:00+00:00,1789920000000,220.2,221.22,220.2,221.15,69.3679,15300.090725
2026-09-20 17:00:00+00:00,1789923600000,221.15,221.22,221.06,221.12,19.8905,4397.845803
2026-09-20 18:00:00+00:00,1789927200000,221.07,221.12,220.46,220.46,87.5694,19339.377144
2026-09-20 19:00:00+00:00,1789930800000,220.56,221.14,220.56,221.08,62.3336,13767.624392
2026-09-20 20:00:00+00:00,1789934400000,221.1,221.18,221.1,221.18,20.5033,4534.103464
2026-09-20 21:00:00+00:00,1789938000000,221.04,221.04,221.04,221.04,0.7871,173.980584
2026-09-20 22:00:00+00:00,1789941600000,221.19,223.39,221.19,223.39,422.1906,94122.450126
2026-09-20 23:00:00+00:00,1789945200000,223.53,224.14,223.44,224.03,427.1221,95567.776639
2026-09-21 00:00:00+00:00,1789948800000,224.03,226.97,224.03,226.95,48259.3148,10900560.610704
2026-09-21 01:00:00+00:00,1789952400000,226.93,229.67,226.53,226.7,48692.0,11113388.16
2026-09-21 02:00:00+00:00,1789956000000,226.7,229.19,226.69,228.18,18581.0,4243287.87
2026-09-21 03:00:00+00:00,1789959600000,228.47,229.2,228.37,228.98,16571.0,3792061.22
2026-09-21 04:00:00+00:00,1789963200000,228.89,229.11,228.15,228.17,12962.0,2962174.28
2026-09-21 05:00:00+00:00,1789966800000,228.12,228.12,226.5,227.62,21814.0,4961661.44
2026-09-21 06:00:00+00:00,1789970400000,227.86,228.71,227.8,228.07,22685.0,5177345.44
2026-09-21 07:00:00+00:00,1789974000000,228.21,228.42,227.29,227.63,20600.0,4692451.47
2026-09-21 08:00:00+00:00,1789977600000,227.84,229.13,226.45,227.55,225321.067792,51239085.47130575
2026-09-21 09:00:00+00:00,1789981200000,227.5,228.48,224.14,224.14,107177.064042,24364705.891528048
2026-09-21 10:00:00+00:00,1789984800000,224.18,227.49,224.0,226.25,112077.956764,25347026.493297797
2026-09-21 11:00:00+00:00,1789988400000,226.41,227.5,223.89,225.85,196083.227401,44218827.20172368
2026-09-21 12:00:00+00:00,1789992000000,225.72,228.25,225.32,225.42,245833.378833,55817898.25401966
2026-09-21 13:00:00+00:00,1789995600000,225.34,229.75,221.3,224.92,3469489.742926,783345506.7242038
2026-09-21 14:00:00+00:00,1789999200000,225.055,229.31,223.0101,229.1,2601411.657005,591167500.5973577
2026-09-21 15:00:00+00:00,1790002800000,229.1888,235.33,228.64,233.3989,3008701.880172,701257045.1423024
2026-09-21 16:00:00+00:00,1790006400000,233.37,234.25,231.3,233.5611,2025384.160596,471680202.8321258
2026-09-21 17:00:00+00:00,1790010000000,233.635,236.81,232.351,236.555,1569523.803085,368085297.22372264
2026-09-21 18:00:00+00:00,1790013600000,236.62,237.96,235.15,235.31,1404834.870573,332484078.99004036
2026-09-21 19:00:00+00:00,1790017200000,235.39,235.77,232.16,232.8,2419510.647209,565314863.3097177
2026-09-21 20:00:00+00:00,1790020800000,232.83,233.38,231.58,232.04,1039919.695563,241996377.79511
2026-09-21 21:00:00+00:00,1790024400000,232.0,233.44,231.7,232.85,34616.8268,8054826.298943622
2026-09-21 22:00:00+00:00,1790028000000,232.92,234.0,232.5601,233.9784,26524.303345,6190326.401229736
2026-09-21 23:00:00+00:00,1790031600000,233.99,235.0,233.99,234.2793,37873.791997,8877711.879857933
2026-09-22 00:00:00+00:00,1790035200000,234.13,236.25,234.12,235.49,24848.0,5852073.04
2026-09-22 01:00:00+00:00,1790038800000,235.41,235.41,233.17,233.55,19438.0,4548852.89
2026-09-22 02:00:00+00:00,1790042400000,233.6,235.59,233.6,235.59,11238.0,2637048.88
2026-09-22 03:00:00+00:00,1790046000000,235.44,235.6,234.36,234.41,17728.0,4168967.16
2026-09-22 04:00:00+00:00,1790049600000,234.42,234.62,231.46,231.89,23385.0,5450880.13
2026-09-22 05:00:00+00:00,1790053200000,231.67,232.66,230.02,231.65,21800.0,5037568.51
2026-09-22 06:00:00+00:00,1790056800000,231.56,231.57,230.04,230.6,24644.0,5680613.6
2026-09-22 07:00:00+00:00,1790060400000,230.67,231.32,230.28,230.98,10810.0,2495492.44
2026-09-22 08:00:00+00:00,1790064000000,230.62,234.79,226.26,230.6,272661.624081,62659041.65065085
2026-09-22 09:00:00+00:00,1790067600000,230.74,233.24,230.04,233.17,58224.602056,13450965.526055725
2026-09-22 10:00:00+00:00,1790071200000,233.16,234.75,232.58,233.46,61317.142796,14330714.251020808
2026-09-22 11:00:00+00:00,1790074800000,233.1162,234.26,231.2,231.2604,88308.544156,20531525.21567189
2026-09-22 12:00:00+00:00,1790078400000,231.54,232.98,230.75,232.15,72559.055193,16807139.629352152
2026-09-22 13:00:00+00:00,1790082000000,232.6,246.61,231.1865,244.75,3097266.307642,747512496.7157643
2026-09-22 14:00:00+00:00,1790085600000,244.765,244.9,236.85,237.325,3006981.0,726919092.0916
2026-09-22 15:00:00+00:00,1790089200000,237.235,238.2,235.2001,236.43,1865364.145859,441584416.4909767
2026-09-22 16:00:00+00:00,1790092800000,236.5357,236.76,234.0001,235.25,1171503.910012,275562816.1445639
2026-09-22 17:00:00+00:00,1790096400000,235.29,235.39,233.75,235.195,1080685.645327,253365702.9278907
2026-09-22 18:00:00+00:00,1790100000000,235.15,237.9499,234.39,235.57,1514125.662984,357366101.79152584
2026-09-22 19:00:00+00:00,1790103600000,235.5,238.24,235.46,236.12,1889357.690487,447501032.54625833
2026-09-22 20:00:00+00:00,1790107200000,236.0812,236.55,235.41,235.71,1170178.981285,276266461.8292214
2026-09-22 21:00:00+00:00,1790110800000,235.72,235.77,235.0,235.37,25892.174325,6096996.131324016
2026-09-22 22:00:00+00:00,1790114400000,235.3879,236.57,235.28,236.0,23633.062598,5572940.9314862825
2026-09-22 23:00:00+00:00,1790118000000,235.85,236.55,235.8,236.45,40219.852727,9493491.992330456
2026-09-23 00:00:00+00:00,1790121600000,236.4,236.88,235.11,235.2,14776.0,3489843.8
2026-09-23 01:00:00+00:00,1790125200000,235.24,236.3,234.76,234.76,8213.0,1933821.2
2026-09-23 02:00:00+00:00,1790128800000,234.76,235.4,234.0,235.4,7510.0,1761847.02
2026-09-23 03:00:00+00:00,1790132400000,235.4,236.31,235.08,235.94,8320.0,1963078.28
2026-09-23 04:00:00+00:00,1790136000000,235.88,237.72,235.88,236.7,10181.0,2413670.6
2026-09-23 05:00:00+00:00,1790139600000,236.7,236.7,235.84,235.84,5172.0,1221515.12
2026-09-23 06:00:00+00:00,1790143200000,235.84,237.66,235.84,236.65,23744.0,5619830.91
2026-09-23 07:00:00+00:00,1790146800000,236.66,237.09,235.98,236.43,8488.0,2007338.07
2026-09-23 08:00:00+00:00,1790150400000,237.6882,238.75,235.83,236.5666,130857.356391,31077468.3312052
2026-09-23 09:00:00+00:00,1790154000000,236.9,237.3425,235.0512,235.51,30912.728822,7306471.480297903
2026-09-23 10:00:00+00:00,1790157600000,235.7,236.025,234.7,235.53,38150.924971,8982950.559447877
2026-09-23 11:00:00+00:00,1790161200000,235.8,235.9,230.0,231.3,253728.080572,58873830.81822648
2026-09-23 12:00:00+00:00,1790164800000,231.3,232.75,230.5,232.67,131256.542893,30410657.36062624
2026-09-23 13:00:00+00:00,1790168400000,232.34,236.5686,228.501,234.575,2237383.420613,520940354.4012122
2026-09-23 14:00:00+00:00,1790172000000,234.46,235.66,229.3,234.99,1942311.128534,451492647.5203445
2026-09-23 15:00:00+00:00,1790175600000,235.0,236.15,231.1302,232.395,1213486.37557,283743214.73626906
2026-09-23 16:00:00+00:00,1790179200000,232.435,232.595,229.75,230.795,1024473.307814,236928754.93227497
2026-09-23 17:00:00+00:00,1790182800000,230.86,233.07,229.1003,232.91,1042934.526674,240984481.94513208
2026-09-23 18:00:00+00:00,1790186400000,232.91,233.1,231.226,231.985,577501.225139,133992751.2514175
2026-09-23 19:00:00+00:00,1790190000000,231.91,232.23,226.39,226.61,2040511.867414,466306774.9543248
2026-09-23 20:00:00+00:00,1790193600000,226.61,227.42,225.88,227.06,786949.8734680001,178274272.730519
2026-09-23 21:00:00+00:00,1790197200000,227.1,228.34,226.91,228.31,52203.585708,11887839.058061603
2026-09-23 22:00:00+00:00,1790200800000,228.2145,228.75,226.61,228.02,33731.303162,7689571.129574018
2026-09-23 23:00:00+00:00,1790204400000,228.4,228.4,227.0,227.1,47561.663819,10830701.509900305
2026-09-24 00:00:00+00:00,1790208000000,227.44,227.56,224.56,225.5,16541.0,3740767.93
2026-09-24 01:00:00+00:00,1790211600000,225.69,226.86,225.35,226.44,15187.0,3435857.31
2026-09-24 02:00:00+00:00,1790215200000,226.45,226.87,225.1,226.71,5093.0,1151747.29
2026-09-24 03:00:00+00:00,1790218800000,226.71,226.72,225.5,225.6,6617.0,1494745.23
2026-09-24 04:00:00+00:00,1790222400000,225.6,226.96,224.38,226.95,26658.0,6016630.93
2026-09-24 05:00:00+00:00,1790226000000,226.84,228.0,226.57,226.71,24884.0,5656441.36
2026-09-24 06:00:00+00:00,1790229600000,226.71,227.29,225.97,225.97,13117.0,2972861.37
2026-09-24 07:00:00+00:00,1790233200000,225.82,227.95,225.77,226.56,8875.0,2014456.25
2026-09-24 08:00:00+00:00,1790236800000,227.88,227.98,222.61,223.773,272954.741351,61463741.04802896
2026-09-24 09:00:00+00:00,1790240400000,223.69,224.75,222.6,224.0,52216.171685,11680928.702682167
2026-09-24 10:00:00+00:00,1790244000000,223.717,227.5331,223.717,227.48,96157.562651,21680476.34559584
2026-09-24 11:00:00+00:00,1790247600000,227.16,229.5,226.61,227.56,171832.138517,39206488.65369278
2026-09-24 12:00:00+00:00,1790251200000,227.75,229.99,225.7501,228.74,267813.588483,61086004.29181265
2026-09-24 13:00:00+00:00,1790254800000,228.96,243.2696,228.38,237.16,5320434.21939,1264735237.362216
2026-09-24 14:00:00+00:00,1790258400000,236.84,246.09,236.84,241.2085,5421202.886502,1312190836.6321497
2026-09-24 15:00:00+00:00,1790262000000,241.09,242.92,239.15,241.955,2404553.373315,579064339.4790484
2026-09-24 16:00:00+00:00,1790265600000,241.82,247.72,239.7802,247.6464,3248228.0,792246291.8462
2026-09-24 17:00:00+00:00,1790269200000,247.67,249.19,245.44,248.305,2498358.158734,618513938.0876334
2026-09-24 18:00:00+00:00,1790272800000,248.3,248.88,245.33,247.97,1713790.597058,423743232.50028527
2026-09-24 19:00:00+00:00,1790276400000,248.2,248.2,243.15,243.48,2473313.401411,607186543.978081
2026-09-24 20:00:00+00:00,1790280000000,243.48,243.76,241.51,243.15,1717034.953262,417160150.03352165
2026-09-24 21:00:00+00:00,1790283600000,243.07,243.47,242.5,243.04,35996.289205,8749504.279447261
2026-09-24 22:00:00+00:00,1790287200000,243.04,243.4,242.1,242.26,32822.416591,7962046.275249861
2026-09-24 23:00:00+00:00,1790290800000,242.27,242.56,242.0,242.36,22407.78306,5433165.699203536
2026-09-25 00:00:00+00:00,1790294400000,242.39,243.5,242.0,242.38,6876.0,1670388.74
2026-09-25 01:00:00+00:00,1790298000000,242.3,245.37,242.14,244.59,12739.0,3113755.1
2026-09-25 02:00:00+00:00,1790301600000,244.77,245.5,244.2,244.98,10509.0,2575457.9
2026-09-25 03:00:00+00:00,1790305200000,244.87,245.96,244.86,245.41,6554.0,1608648.24
2026-09-25 04:00:00+00:00,1790308800000,245.41,245.55,244.8,245.3,5113.0,1253414.5
2026-09-25 05:00:00+00:00,1790312400000,245.3,247.49,245.3,246.75,17622.0,4347211.6
