datetime_utc,timestamp,open,high,low,close,volume,turnover
2025-09-25 06:00:00+00:00,1758780000000,99.77,99.81,99.55,99.55,143.0,14258.94
2025-09-25 07:00:00+00:00,1758783600000,99.36,99.36,99.06,99.07,77.0,7633.17
2025-09-25 08:00:00+00:00,1758787200000,99.51,100.01,99.05,99.05,5628.0,560132.8908
2025-09-25 09:00:00+00:00,1758790800000,98.99,99.44,97.34,98.84,2902.0,285717.2806
2025-09-25 10:00:00+00:00,1758794400000,98.16,98.44,97.57,97.72,2275.0,223319.46
2025-09-25 11:00:00+00:00,1758798000000,98.43,98.43,96.51,96.74,22819.0,2219896.2132
2025-09-25 12:00:00+00:00,1758801600000,98.2,98.98,94.51,95.49,122626.0,11722371.157
2025-09-25 13:00:00+00:00,1758805200000,96.265,100.45,94.63,98.52,2445675.0,239391228.8625
2025-09-25 14:00:00+00:00,1758808800000,98.5,99.37,97.18,97.33,1209686.0,118728019.5908
2025-09-25 15:00:00+00:00,1758812400000,97.265,98.44,96.89,97.96,666647.0,65131611.8941
2025-09-25 16:00:00+00:00,1758816000000,98.085,98.49,96.3152,96.61,598599.0,58238654.4684
2025-09-25 17:00:00+00:00,1758819600000,96.39,96.43,95.13,95.185,851377.0,81541653.8274
2025-09-25 18:00:00+00:00,1758823200000,95.1,97.0,94.7793,96.075,860477.0,82313832.1539
2025-09-25 19:00:00+00:00,1758826800000,96.15,96.56,93.535,94.25,2491878.0,236395245.9114
2025-09-25 20:00:00+00:00,1758830400000,94.29,94.86,94.27,94.51,14835.0,1400400.264
2025-09-25 21:00:00+00:00,1758834000000,94.77,95.3561,94.76,94.81,1851.0,175531.6257
2025-09-25 22:00:00+00:00,1758837600000,95.37,95.37,95.36,95.36,600.0,57217.02
2025-09-25 23:00:00+00:00,1758841200000,95.05,95.05,94.75,94.75,2923.0,277542.6499
2025-09-26 00:00:00+00:00,1758844800000,94.74,95.0,94.74,94.9,118.0,11199.3
2025-09-26 01:00:00+00:00,1758848400000,94.74,94.74,94.11,94.11,433.0,40839.6
2025-09-26 02:00:00+00:00,1758852000000,94.12,94.12,93.87,93.88,31.0,2916.46
2025-09-26 03:00:00+00:00,1758855600000,93.88,94.1,92.4,92.4,181.0,16786.62
2025-09-26 04:00:00+00:00,1758859200000,92.82,93.46,92.82,93.46,1276.0,119085.21
2025-09-26 05:00:00+00:00,1758862800000,93.48,93.59,93.41,93.59,852.0,79612.85
2025-09-26 06:00:00+00:00,1758866400000,93.6,95.01,93.49,95.01,571.0,53748.48
2025-09-26 07:00:00+00:00,1758870000000,94.99,95.29,94.99,95.01,1901.0,180604.24
2025-09-26 08:00:00+00:00,1758873600000,95.37,95.51,94.38,94.38,4512.0,428950.4256
2025-09-26 09:00:00+00:00,1758877200000,93.75,94.25,93.75,94.25,1404.0,131742.3744
2025-09-26 10:00:00+00:00,1758880800000,94.27,94.3,94.24,94.24,1653.0,155852.4438
2025-09-26 11:00:00+00:00,1758884400000,94.23,95.55,94.23,95.55,7714.0,730634.5956
2025-09-26 12:00:00+00:00,1758888000000,95.43,96.7,93.0,95.72,56601.0,5401110.8043
2025-09-26 13:00:00+00:00,1758891600000,95.84,99.49,95.1,99.245,1036941.0,100437172.0131
2025-09-26 14:00:00+00:00,1758895200000,99.09,99.6462,94.39,94.87,1852445.0,178618118.9905
2025-09-26 15:00:00+00:00,1758898800000,94.84,96.65,94.73,96.13,550061.0,52688197.9521
2025-09-26 16:00:00+00:00,1758902400000,96.0,96.705,95.46,96.38,353667.0,33982518.0954
2025-09-26 17:00:00+00:00,1758906000000,96.37,97.0999,96.24,96.65,300178.0,29043242.1052
2025-09-26 18:00:00+00:00,1758909600000,96.76,97.14,95.82,96.06,297289.0,28677656.3671
2025-09-26 19:00:00+00:00,1758913200000,96.025,97.51,95.9,97.11,1020880.0,98907754.624
2025-09-26 20:00:00+00:00,1758916800000,97.12,98.5,97.12,97.28,29331.0,2849758.8966
2025-09-26 21:00:00+00:00,1758920400000,97.3,97.9,97.28,97.64,5494.0,535638.0794
2025-09-26 22:00:00+00:00,1758924000000,97.79,97.93,97.79,97.93,1088.0,106447.8528
2025-09-26 23:00:00+00:00,1758927600000,97.8,98.0,97.8,98.0,272.0,26625.9984
2025-09-29 00:00:00+00:00,1759104000000,99.8,99.8,97.79,98.47,691.0,67727.2
2025-09-29 01:00:00+00:00,1759107600000,99.03,99.03,98.01,98.45,169.0,16595.15
2025-09-29 02:00:00+00:00,1759111200000,98.43,98.46,98.34,98.46,1094.0,107696.29
2025-09-29 03:00:00+00:00,1759114800000,98.35,98.45,98.01,98.44,713.0,70161.6
2025-09-29 04:00:00+00:00,1759118400000,99.08,99.13,99.0,99.0,510.0,50551.75
2025-09-29 05:00:00+00:00,1759122000000,99.0,99.0,98.44,98.45,1314.0,129417.69
2025-09-29 06:00:00+00:00,1759125600000,98.44,99.45,98.44,99.45,572.0,56787.96
2025-09-29 07:00:00+00:00,1759129200000,99.46,99.51,98.46,99.5,673.0,66900.57
2025-09-29 08:00:00+00:00,1759132800000,98.96,104.0,98.96,102.58,19777.0,2025997.4117
2025-09-29 09:00:00+00:00,1759136400000,103.0,103.0,101.03,101.85,10356.0,1059166.1136
2025-09-29 10:00:00+00:00,1759140000000,101.06,102.43,100.49,102.43,8680.0,880299.56
2025-09-29 11:00:00+00:00,1759143600000,101.95,102.8,101.38,102.2,20209.0,2061653.4694
2025-09-29 12:00:00+00:00,1759147200000,102.0,104.9625,98.44,102.9,35396.0,3616642.9336
2025-09-29 13:00:00+00:00,1759150800000,104.38,110.45,102.5,110.21,2535225.0,271471893.0
2025-09-29 14:00:00+00:00,1759154400000,110.33,111.98,109.37,110.8,2362340.0,261295828.826
2025-09-29 15:00:00+00:00,1759158000000,110.92,112.36,110.06,111.1,1616840.0,180016378.656
2025-09-29 16:00:00+00:00,1759161600000,111.64,112.7102,103.48,111.77,924907.0,103269011.2338
2025-09-29 17:00:00+00:00,1759165200000,111.62,113.4,111.48,111.94,985866.0,110723300.5662
2025-09-29 18:00:00+00:00,1759168800000,112.0,113.85,111.445,113.315,1260904.0,142549988.6352
2025-09-29 19:00:00+00:00,1759172400000,113.46,114.0,111.6701,113.52,1870967.0,211378858.1128
2025-09-29 20:00:00+00:00,1759176000000,113.5,114.49,113.5,114.29,42392.0,4819521.0448
2025-09-29 21:00:00+00:00,1759179600000,114.3,114.4,113.5,114.35,7878.0,897178.152
2025-09-29 22:00:00+00:00,1759183200000,114.3,114.35,114.02,114.34,8426.0,962314.0802
2025-09-29 23:00:00+00:00,1759186800000,114.33,114.75,114.24,114.74,17977.0,2058549.8654
2025-09-30 00:00:00+00:00,1759190400000,114.8,115.01,114.74,114.85,490.0,56287.97
2025-09-30 01:00:00+00:00,1759194000000,114.94,115.48,114.87,115.48,738.0,84837.82
2025-09-30 02:00:00+00:00,1759197600000,115.44,115.71,114.4,115.01,1649.0,189915.36
2025-09-30 03:00:00+00:00,1759201200000,114.99,117.15,114.99,117.01,2468.0,285187.71
2025-09-30 04:00:00+00:00,1759204800000,116.66,116.66,114.72,115.01,2974.0,343154.79
2025-09-30 05:00:00+00:00,1759208400000,115.01,115.01,114.12,114.41,2846.0,325640.59
2025-09-30 06:00:00+00:00,1759212000000,114.4,116.0,114.39,115.46,4730.0,545737.12
2025-09-30 07:00:00+00:00,1759215600000,115.48,115.8,114.1,114.31,32370.0,3727881.39
2025-09-30 08:00:00+00:00,1759219200000,115.0,117.81,114.2,117.81,37980.0,4389887.916
2025-09-30 09:00:00+00:00,1759222800000,116.67,116.8,115.97,115.97,13584.0,1580384.2944
2025-09-30 10:00:00+00:00,1759226400000,116.29,117.03,115.01,116.0,13207.0,1535131.4934
2025-09-30 11:00:00+00:00,1759230000000,116.14,116.14,113.7,114.0,48274.0,5534971.3276
2025-09-30 12:00:00+00:00,1759233600000,115.51,116.59,113.5,115.51,181882.0,20942257.244
2025-09-30 13:00:00+00:00,1759237200000,114.115,120.74,113.51,117.7,3246741.0,382828750.7697
2025-09-30 14:00:00+00:00,1759240800000,117.53,119.03,116.66,116.95,1584039.0,186944322.6825
2025-09-30 15:00:00+00:00,1759244400000,116.81,117.46,112.311,113.37,1464861.0,167857836.0456
2025-09-30 16:00:00+00:00,1759248000000,113.46,113.8,112.43,113.33,587828.0,66469297.7108
2025-09-30 17:00:00+00:00,1759251600000,113.15,114.07,112.6374,113.86,634732.0,71887207.392
2025-09-30 18:00:00+00:00,1759255200000,113.87,114.998,112.21,112.425,1120728.0,127099857.2424
2025-09-30 19:00:00+00:00,1759258800000,112.41,113.3999,112.11,112.17,1328210.0,149706666.551
2025-09-30 20:00:00+00:00,1759262400000,112.2,113.0,112.2,112.25,19860.0,2229255.21
2025-09-30 21:00:00+00:00,1759266000000,112.15,112.35,112.0,112.0,3663.0,410820.4683
2025-09-30 22:00:00+00:00,1759269600000,112.22,112.22,107.44,109.77,37116.0,4057524.8316
2025-09-30 23:00:00+00:00,1759273200000,109.81,110.6899,109.8,110.36,1580.0,173939.514
2025-10-01 00:00:00+00:00,1759276800000,111.34,111.74,110.82,111.28,237.0,26332.46
2025-10-01 01:00:00+00:00,1759280400000,110.96,111.31,110.0,110.49,631.0,70006.43
2025-10-01 02:00:00+00:00,1759284000000,110.51,110.51,110.4,110.4,228.0,25190.11
2025-10-01 03:00:00+00:00,1759287600000,110.29,110.41,109.9,109.9,1272.0,139886.98
2025-10-01 04:00:00+00:00,1759291200000,110.25,110.5,110.25,110.5,101.0,11155.78
2025-10-01 05:00:00+00:00,1759294800000,110.37,110.4,110.15,110.15,56.0,6175.99
2025-10-01 06:00:00+00:00,1759298400000,110.03,110.04,108.99,108.99,1839.0,201278.13
2025-10-01 07:00:00+00:00,1759302000000,108.94,109.01,107.01,107.3,3964.0,428005.09
2025-10-01 08:00:00+00:00,1759305600000,108.37,110.32,108.0,110.32,8919.0,969673.68
2025-10-01 09:00:00+00:00,1759309200000,110.9,111.07,109.98,110.0,7358.0,814615.9528
2025-10-01 10:00:00+00:00,1759312800000,110.0,110.02,109.69,109.69,3145.0,345925.1545
2025-10-01 11:00:00+00:00,1759316400000,109.89,111.97,109.84,111.97,6604.0,731239.1268
2025-10-01 12:00:00+00:00,1759320000000,109.3,112.0,107.5,111.18,44039.0,4872994.6202
2025-10-01 13:00:00+00:00,1759323600000,113.78,115.96,110.3591,115.33,1470313.0,168568738.8866
2025-10-01 14:00:00+00:00,1759327200000,115.43,122.18,115.315,119.6,2714015.0,324165479.8195
2025-10-01 15:00:00+00:00,1759330800000,119.92,121.98,119.45,121.605,1518498.0,183613133.7648
2025-10-01 16:00:00+00:00,1759334400000,121.6,123.6682,121.47,123.12,1046151.0,128455207.4484
2025-10-01 17:00:00+00:00,1759338000000,123.135,123.85,121.745,122.86,608299.0,74740785.6815
2025-10-01 18:00:00+00:00,1759341600000,123.01,123.13,121.57,122.03,649657.0,79528216.4149
2025-10-01 19:00:00+00:00,1759345200000,122.03,122.16,120.31,121.17,1457137.0,176682669.8021
2025-10-01 20:00:00+00:00,1759348800000,121.17,122.0,121.12,121.6,269275.0,32622504.685
2025-10-01 21:00:00+00:00,1759352400000,121.9,122.49,121.5,122.35,8967.0,1095258.9711
2025-10-01 22:00:00+00:00,1759356000000,122.2386,122.49,122.2386,122.49,2922.0,357459.948
2025-10-01 23:00:00+00:00,1759359600000,122.24,122.4,122.1,122.4,7483.0,914948.6549
2025-10-02 00:00:00+00:00,1759363200000,121.99,123.0,121.94,122.99,498.0,61154.57
2025-10-02 01:00:00+00:00,1759366800000,122.83,128.01,122.83,126.99,5513.0,689922.59
2025-10-02 02:00:00+00:00,1759370400000,127.01,127.4,124.21,127.04,5545.0,699736.58
2025-10-02 03:00:00+00:00,1759374000000,127.03,127.51,126.14,127.48,6780.0,860848.17
2025-10-02 04:00:00+00:00,1759377600000,126.96,126.96,124.52,124.98,16193.0,2037578.73
2025-10-02 05:00:00+00:00,1759381200000,125.34,125.34,124.6,124.63,3413.0,426279.82
2025-10-02 06:00:00+00:00,1759384800000,124.63,125.08,122.67,122.81,14213.0,1760501.69
2025-10-02 07:00:00+00:00,1759388400000,122.66,124.09,122.66,123.79,2366.0,291816.51
2025-10-02 08:00:00+00:00,1759392000000,123.82,125.5,123.27,125.2,13613.0,1697192.6072
2025-10-02 09:00:00+00:00,1759395600000,124.8,125.5,124.4,125.0,17928.0,2237344.4808
2025-10-02 10:00:00+00:00,1759399200000,125.07,126.17,125.01,126.03,25981.0,3258586.3839
2025-10-02 11:00:00+00:00,1759402800000,126.01,127.5,126.0,126.48,40230.0,5098042.152
2025-10-02 12:00:00+00:00,1759406400000,126.5,128.0,122.66,127.44,129207.0,16282381.8846
2025-10-02 13:00:00+00:00,1759410000000,129.21,132.29,125.0,127.03,3202474.0,411864736.9342
2025-10-02 14:00:00+00:00,1759413600000,127.105,128.78,124.15,124.83,2103719.0,266161686.3924
2025-10-02 15:00:00+00:00,1759417200000,125.0,125.83,123.58,124.805,947485.0,118169381.715
2025-10-02 16:00:00+00:00,1759420800000,124.73,126.58,123.26,126.56,570682.0,71417542.3444
2025-10-02 17:00:00+00:00,1759424400000,126.51,126.56,125.56,125.845,334570.0,42173150.726
2025-10-02 18:00:00+00:00,1759428000000,125.84,125.93,124.23,124.38,523914.0,65435548.815
2025-10-02 19:00:00+00:00,1759431600000,124.51,124.98,123.87,124.13,852000.0,105846260.4
2025-10-02 20:00:00+00:00,1759435200000,124.14,125.5,124.0,125.0,354062.0,43960019.2642
2025-10-02 21:00:00+00:00,1759438800000,124.92,125.0,124.6999,124.99,3811.0,475568.9735
2025-10-02 22:00:00+00:00,1759442400000,125.0,125.1258,124.38,125.1,5594.0,698484.1814
2025-10-02 23:00:00+00:00,1759446000000,125.14,125.78,125.14,125.26,10189.0,1278697.0842
2025-10-03 00:00:00+00:00,1759449600000,128.34,128.34,125.0,126.76,1458.0,184609.51
2025-10-03 01:00:00+00:00,1759453200000,126.75,127.29,124.98,125.85,2301.0,288349.62
2025-10-03 02:00:00+00:00,1759456800000,125.89,126.97,125.79,126.33,648.0,81627.44
2025-10-03 03:00:00+00:00,1759460400000,126.79,126.79,126.31,126.49,763.0,96657.1
2025-10-03 04:00:00+00:00,1759464000000,126.5,126.5,125.77,126.34,1142.0,144020.19
2025-10-03 05:00:00+00:00,1759467600000,126.26,126.91,126.15,126.15,502.0,63567.87
2025-10-03 06:00:00+00:00,1759471200000,126.42,126.86,126.42,126.73,709.0,89788.26
2025-10-03 07:00:00+00:00,1759474800000,126.8,127.5,126.66,127.1,20276.0,2575045.45
2025-10-03 08:00:00+00:00,1759478400000,126.68,129.39,126.55,127.9,19924.0,2546580.0828
2025-10-03 09:00:00+00:00,1759482000000,127.95,128.04,127.5,127.5,6004.0,766801.4604
2025-10-03 10:00:00+00:00,1759485600000,127.59,128.0,127.0,127.0,10186.0,1298891.2178
2025-10-03 11:00:00+00:00,1759489200000,127.06,127.57,126.41,127.22,23395.0,2970837.47
2025-10-03 12:00:00+00:00,1759492800000,127.06,130.0,126.11,127.0,64377.0,8183295.2304
2025-10-03 13:00:00+00:00,1759496400000,128.01,137.05,126.9601,134.58,2442628.0,322328946.6172
2025-10-03 14:00:00+00:00,1759500000000,134.315,136.78,132.51,135.94,1816842.0,245248597.5804
2025-10-03 15:00:00+00:00,1759503600000,135.59,136.7,134.4,134.62,1338202.0,181464339.6262
2025-10-03 16:00:00+00:00,1759507200000,134.78,135.0,132.44,132.61,605893.0,81155671.4027
2025-10-03 17:00:00+00:00,1759510800000,132.67,132.7,126.7,129.31,1196262.0,154771181.298
2025-10-03 18:00:00+00:00,1759514400000,129.65,130.5,128.1498,129.095,674438.0,87331155.6374
2025-10-03 19:00:00+00:00,1759518000000,129.21,129.51,127.22,128.49,1429738.0,183304135.4516
2025-10-03 20:00:00+00:00,1759521600000,128.41,129.51,128.37,128.7,27626.0,3551874.82
2025-10-03 21:00:00+00:00,1759525200000,129.05,129.2,129.05,129.2,1269.0,163882.8477
2025-10-03 22:00:00+00:00,1759528800000,129.4,129.8,129.0,129.5,13541.0,1753053.0666
2025-10-03 23:00:00+00:00,1759532400000,129.5,129.79,129.025,129.66,9439.0,1222751.6575
2025-10-06 00:00:00+00:00,1759708800000,129.66,133.78,128.39,131.79,4672.0,613231.99
2025-10-06 01:00:00+00:00,1759712400000,131.78,132.79,130.36,132.09,3615.0,476236.25
2025-10-06 02:00:00+00:00,1759716000000,132.0,132.01,130.82,131.48,5020.0,661424.05
2025-10-06 03:00:00+00:00,1759719600000,130.99,132.1,130.99,131.73,5383.0,710145.38
2025-10-06 04:00:00+00:00,1759723200000,131.7,132.11,130.54,131.58,2972.0,389561.43
2025-10-06 05:00:00+00:00,1759726800000,131.58,131.58,130.49,130.51,1865.0,244242.52
2025-10-06 06:00:00+00:00,1759730400000,130.49,132.01,130.49,131.89,2433.0,319282.87
2025-10-06 07:00:00+00:00,1759734000000,132.01,132.11,130.36,130.4,1168.0,153554.85
2025-10-06 08:00:00+00:00,1759737600000,131.94,132.95,131.56,131.8,8618.0,1137453.6244
2025-10-06 09:00:00+00:00,1759741200000,132.02,133.4,131.9,133.34,18449.0,2451073.2583
2025-10-06 10:00:00+00:00,1759744800000,133.34,134.0,132.6,133.6,14925.0,1990053.2325
2025-10-06 11:00:00+00:00,1759748400000,133.94,134.68,133.1,134.1,18664.0,2502030.516
2025-10-06 12:00:00+00:00,1759752000000,133.09,135.8,130.55,134.8,81126.0,10871727.7104
2025-10-06 13:00:00+00:00,1759755600000,133.6,136.0,123.42,124.48,1738560.0,223696690.368
2025-10-06 14:00:00+00:00,1759759200000,124.5,124.98,119.29,122.91,3034093.0,369902965.1415
2025-10-06 15:00:00+00:00,1759762800000,122.92,124.315,120.73,123.55,1124495.0,137920211.346
2025-10-06 16:00:00+00:00,1759766400000,123.75,125.24,122.7,125.14,574522.0,71156560.527
2025-10-06 17:00:00+00:00,1759770000000,125.15,125.58,123.66,125.56,686006.0,85572388.44
2025-10-06 18:00:00+00:00,1759773600000,125.495,125.66,122.95,123.3,659908.0,81889633.49
2025-10-06 19:00:00+00:00,1759777200000,123.175,124.0,121.0,121.12,1158362.0,141769145.1112
2025-10-06 20:00:00+00:00,1759780800000,121.17,122.75,121.17,121.6,22603.0,2742537.2653
2025-10-06 21:00:00+00:00,1759784400000,122.25,123.99,122.25,123.99,5542.0,680794.2434
2025-10-06 22:00:00+00:00,1759788000000,123.99,123.99,122.25,122.29,6132.0,757317.33
2025-10-06 23:00:00+00:00,1759791600000,122.22,123.81,122.22,123.81,5781.0,712036.5204
2025-10-07 00:00:00+00:00,1759795200000,123.37,123.37,122.17,122.99,320.0,39374.45
2025-10-07 01:00:00+00:00,1759798800000,123.01,123.01,122.32,122.56,197.0,24134.38
2025-10-07 02:00:00+00:00,1759802400000,122.81,123.0,122.56,123.0,109.0,13376.09
2025-10-07 03:00:00+00:00,1759806000000,123.01,123.01,122.5,122.94,1060.0,130050.85
2025-10-07 04:00:00+00:00,1759809600000,122.95,122.99,122.5,122.51,1095.0,134205.63
2025-10-07 05:00:00+00:00,1759813200000,122.75,122.76,122.07,122.07,726.0,88929.24
2025-10-07 06:00:00+00:00,1759816800000,122.58,122.59,121.42,121.75,2386.0,290515.81
2025-10-07 07:00:00+00:00,1759820400000,121.82,121.82,121.0,121.17,673.0,81546.76
2025-10-07 08:00:00+00:00,1759824000000,121.9,122.58,121.19,121.23,2126.0,258574.5374
2025-10-07 09:00:00+00:00,1759827600000,122.0,122.54,121.4,122.54,5264.0,641137.8288
2025-10-07 10:00:00+00:00,1759831200000,122.08,122.08,121.4,121.4,4411.0,537025.5759
2025-10-07 11:00:00+00:00,1759834800000,121.61,122.5,121.61,122.4,8114.0,990540.0806
2025-10-07 12:00:00+00:00,1759838400000,123.2,125.03,121.0,124.85,96023.0,11831301.1036
2025-10-07 13:00:00+00:00,1759842000000,124.0,125.8,120.42,120.815,917892.0,112622686.5132
2025-10-07 14:00:00+00:00,1759845600000,121.13,122.011,118.2,119.29,1401347.0,167569851.1619
2025-10-07 15:00:00+00:00,1759849200000,119.84,120.15,115.68,116.685,1458974.0,171372982.7062
2025-10-07 16:00:00+00:00,1759852800000,116.68,119.12,116.275,118.97,751190.0,88534577.329
2025-10-07 17:00:00+00:00,1759856400000,118.8,119.68,118.7169,119.495,349039.0,41609148.6134
2025-10-07 18:00:00+00:00,1759860000000,119.44,122.37,118.93,122.3,488265.0,58888176.855
2025-10-07 19:00:00+00:00,1759863600000,122.265,122.665,120.78,120.86,871798.0,105925898.0344
2025-10-07 20:00:00+00:00,1759867200000,120.95,123.0,120.95,121.26,9692.0,1174084.034
2025-10-07 21:00:00+00:00,1759870800000,121.72,121.72,121.41,121.41,524.0,63748.268
2025-10-07 22:00:00+00:00,1759874400000,121.6,121.6,121.5,121.5999,2708.0,329114.6136
2025-10-07 23:00:00+00:00,1759878000000,121.9,121.95,121.6,121.75,3284.0,399789.5624
2025-10-08 00:00:00+00:00,1759881600000,120.8,121.52,120.8,121.51,63.0,7640.57
2025-10-08 01:00:00+00:00,1759885200000,121.5,122.0,120.03,120.03,1006.0,121524.52
2025-10-08 02:00:00+00:00,1759888800000,120.18,121.8,120.03,120.52,668.0,80644.83
2025-10-08 03:00:00+00:00,1759892400000,120.51,120.68,119.99,119.99,481.0,57903.16
2025-10-08 04:00:00+00:00,1759896000000,119.99,121.0,119.61,120.96,1826.0,220188.83
2025-10-08 05:00:00+00:00,1759899600000,120.8,121.44,120.79,120.79,403.0,48813.14
2025-10-08 06:00:00+00:00,1759903200000,121.3,121.62,121.0,121.61,775.0,94150.92
2025-10-08 07:00:00+00:00,1759906800000,121.56,122.5,121.54,122.5,627.0,76665.62
2025-10-08 08:00:00+00:00,1759910400000,122.08,124.7,122.0,123.5,14741.0,1826535.1985
2025-10-08 09:00:00+00:00,1759914000000,123.89,124.68,123.8,123.84,9552.0,1187122.56
2025-10-08 10:00:00+00:00,1759917600000,123.79,123.79,122.23,123.3,2999.0,368930.6821
2025-10-08 11:00:00+00:00,1759921200000,123.46,123.57,121.1,122.25,26639.0,3251921.2943
2025-10-08 12:00:00+00:00,1759924800000,122.71,124.42,120.0,122.0,35322.0,4321724.4084
2025-10-08 13:00:00+00:00,1759928400000,122.04,128.98,120.2,128.19,1266972.0,159950273.8092
2025-10-08 14:00:00+00:00,1759932000000,128.09,128.37,123.94,125.44,1227034.0,153813251.9258
2025-10-08 15:00:00+00:00,1759935600000,125.81,128.7658,125.54,127.97,518372.0,65940547.004
2025-10-08 16:00:00+00:00,1759939200000,127.66,128.0,126.71,127.41,434995.0,55442940.2175
2025-10-08 17:00:00+00:00,1759942800000,127.805,128.88,127.07,128.44,471265.0,60346095.8945
2025-10-08 18:00:00+00:00,1759946400000,128.57,131.02,128.46,129.99,958642.0,124876829.0806
2025-10-08 19:00:00+00:00,1759950000000,130.045,132.28,129.72,131.95,1353580.0,177926737.42
2025-10-08 20:00:00+00:00,1759953600000,131.88,132.8,131.7,132.74,30498.0,4026159.9222
2025-10-08 21:00:00+00:00,1759957200000,132.71,132.8,132.5,132.8,1523.0,202192.7185
2025-10-08 22:00:00+00:00,1759960800000,132.37,133.0,132.23,132.99,11321.0,1497948.3039
2025-10-08 23:00:00+00:00,1759964400000,132.98,133.49,132.98,133.49,4381.0,584649.2691
2025-10-09 00:00:00+00:00,1759968000000,133.29,133.29,132.02,132.7,1031.0,136285.95
2025-10-09 01:00:00+00:00,1759971600000,132.68,132.69,131.05,131.05,857.0,113509.57
2025-10-09 02:00:00+00:00,1759975200000,131.17,132.54,131.0,132.54,1125.0,147893.74
2025-10-09 03:00:00+00:00,1759978800000,132.44,132.55,132.44,132.55,164.0,21722.9
2025-10-09 04:00:00+00:00,1759982400000,132.45,132.45,131.87,132.0,768.0,101395.57
2025-10-09 05:00:00+00:00,1759986000000,131.98,132.0,131.48,131.48,940.0,123928.97
2025-10-09 06:00:00+00:00,1759989600000,131.78,132.0,131.08,131.26,767.0,100924.57
2025-10-09 07:00:00+00:00,1759993200000,132.0,132.0,130.75,131.4,1817.0,238185.65
2025-10-09 08:00:00+00:00,1759996800000,131.02,131.02,128.12,128.8,10528.0,1363286.512
2025-10-09 09:00:00+00:00,1760000400000,129.59,130.35,129.05,129.05,4940.0,640831.126
2025-10-09 10:00:00+00:00,1760004000000,129.93,130.36,129.59,129.59,2706.0,352063.5888
2025-10-09 11:00:00+00:00,1760007600000,129.97,130.1,129.05,129.11,10666.0,1383394.0658
2025-10-09 12:00:00+00:00,1760011200000,130.11,132.44,128.15,129.34,34650.0,4495941.45
2025-10-09 13:00:00+00:00,1760014800000,127.67,131.605,125.74,131.39,797838.0,102746774.397
2025-10-09 14:00:00+00:00,1760018400000,130.82,131.22,127.28,130.15,690266.0,89037204.2602
2025-10-09 15:00:00+00:00,1760022000000,130.07,130.98,127.5,129.565,423087.0,54654547.8948
2025-10-09 16:00:00+00:00,1760025600000,129.88,130.08,127.5,127.875,330502.0,42687671.3702
2025-10-09 17:00:00+00:00,1760029200000,128.12,128.57,127.24,128.31,301816.0,38594660.6368
2025-10-09 18:00:00+00:00,1760032800000,128.56,129.115,128.11,128.64,215176.0,27684178.3608
2025-10-09 19:00:00+00:00,1760036400000,128.72,130.09,128.25,129.74,510302.0,66013942.475
2025-10-09 20:00:00+00:00,1760040000000,129.68,129.9998,128.4467,129.0,15550.0,2015345.31
2025-10-09 21:00:00+00:00,1760043600000,129.06,129.6,129.0055,129.6,1097.0,141757.631
2025-10-09 22:00:00+00:00,1760047200000,129.6,129.8,129.55,129.7948,1283.0,166347.2367
2025-10-09 23:00:00+00:00,1760050800000,129.5,129.5,129.5,129.5,100.0,12950.0
2025-10-10 00:00:00+00:00,1760054400000,129.15,129.15,129.15,129.15,10.0,1291.5
2025-10-10 01:00:00+00:00,1760058000000,129.48,132.0,129.07,129.07,1361.0,177315.64
2025-10-10 02:00:00+00:00,1760061600000,129.01,129.01,128.11,128.11,1262.0,161815.07
2025-10-10 03:00:00+00:00,1760065200000,128.1,129.48,127.51,129.48,560.0,72159.41
2025-10-10 04:00:00+00:00,1760068800000,129.46,129.47,129.46,129.46,425.0,55020.87
2025-10-10 05:00:00+00:00,1760072400000,128.92,128.92,128.35,128.35,189.0,24324.1
2025-10-10 06:00:00+00:00,1760076000000,128.53,129.5,128.53,129.49,337.0,43630.33
2025-10-10 07:00:00+00:00,1760079600000,129.71,129.71,129.5,129.5,430.0,55706.0
2025-10-10 08:00:00+00:00,1760083200000,129.41,130.9,129.35,130.59,3163.0,411247.2503
2025-10-10 09:00:00+00:00,1760086800000,130.0,130.0,128.48,129.0,5081.0,657434.1467
2025-10-10 10:00:00+00:00,1760090400000,128.44,129.95,128.21,129.95,2426.0,312816.4458
2025-10-10 11:00:00+00:00,1760094000000,131.04,131.1,129.85,130.12,1624.0,211978.284
2025-10-10 12:00:00+00:00,1760097600000,129.47,131.2,128.86,128.86,16035.0,2076574.191
2025-10-10 13:00:00+00:00,1760101200000,131.12,132.85,126.42,126.855,601497.0,77679427.8195
2025-10-10 14:00:00+00:00,1760104800000,126.82,128.295,125.5,126.25,780521.0,98847833.2114
2025-10-10 15:00:00+00:00,1760108400000,126.43,126.54,118.01,121.35,2332615.0,282837033.118
2025-10-10 16:00:00+00:00,1760112000000,121.13,121.36,118.48,118.91,868572.0,104157069.6672
2025-10-10 17:00:00+00:00,1760115600000,118.65,120.7,117.5031,119.74,965717.0,114928821.3096
2025-10-10 18:00:00+00:00,1760119200000,119.57,120.0097,117.98,118.255,476488.0,56635506.6264
2025-10-10 19:00:00+00:00,1760122800000,118.66,119.59,116.17,116.85,1465989.0,172418924.4603
2025-10-10 20:00:00+00:00,1760126400000,116.91,117.96,115.0,115.0,18258.0,2124113.8104
2025-10-10 21:00:00+00:00,1760130000000,114.4222,114.5,109.01,111.99,66125.0,7332250.7875
2025-10-10 22:00:00+00:00,1760133600000,111.99,115.97,111.98,114.89,15988.0,1835177.7836
2025-10-10 23:00:00+00:00,1760137200000,115.36,115.68,114.0,114.9761,6821.0,781416.4884
2025-10-13 00:00:00+00:00,1760313600000,120.02,125.01,117.01,123.8,10679.0,1308701.85
2025-10-13 01:00:00+00:00,1760317200000,123.8,124.39,123.61,123.65,14836.0,1835896.49
2025-10-13 02:00:00+00:00,1760320800000,123.61,123.61,121.63,121.81,1749.0,213806.68
2025-10-13 03:00:00+00:00,1760324400000,121.8,121.97,121.29,121.29,6230.0,757707.39
2025-10-13 04:00:00+00:00,1760328000000,121.3,121.3,120.89,121.01,737.0,89227.17
2025-10-13 05:00:00+00:00,1760331600000,121.3,121.96,120.0,120.58,3555.0,429267.53
2025-10-13 06:00:00+00:00,1760335200000,120.6,122.0,120.5,122.0,1167.0,141107.4
2025-10-13 07:00:00+00:00,1760338800000,121.67,124.61,121.66,123.67,14381.0,1774745.51
2025-10-13 08:00:00+00:00,1760342400000,122.89,127.06,122.89,124.81,53842.0,6740813.8004
2025-10-13 09:00:00+00:00,1760346000000,124.81,125.5,124.05,124.78,20414.0,2551705.0892
2025-10-13 10:00:00+00:00,1760349600000,124.51,127.74,124.23,126.0,36208.0,4556255.4048
2025-10-13 11:00:00+00:00,1760353200000,125.65,125.83,123.7,124.04,55367.0,6902255.0779
2025-10-13 12:00:00+00:00,1760356800000,125.85,126.0,120.0,124.99,104465.0,12968358.2255
2025-10-13 13:00:00+00:00,1760360400000,129.41,129.91,124.0475,126.72,1821843.0,231609078.747
2025-10-13 14:00:00+00:00,1760364000000,126.67,132.1,126.61,129.56,1834816.0,238806806.848
2025-10-13 15:00:00+00:00,1760367600000,129.66,131.87,129.46,130.17,736843.0,96354748.581
2025-10-13 16:00:00+00:00,1760371200000,130.15,135.3865,130.02,134.91,947867.0,126298917.5618
2025-10-13 17:00:00+00:00,1760374800000,134.905,135.91,134.11,134.61,599848.0,80954826.2472
2025-10-13 18:00:00+00:00,1760378400000,134.59,135.88,134.49,134.65,504789.0,68356153.8717
2025-10-13 19:00:00+00:00,1760382000000,134.69,135.0,131.0,134.43,1294914.0,172738808.2806
2025-10-13 20:00:00+00:00,1760385600000,134.61,135.84,134.6099,135.5,4443.0,600602.9628
2025-10-13 21:00:00+00:00,1760389200000,135.5,135.85,135.39,135.84,5889.0,799238.5908
2025-10-13 22:00:00+00:00,1760392800000,135.91,136.01,135.8,135.89,6317.0,858353.96
2025-10-13 23:00:00+00:00,1760396400000,135.89,137.7909,135.1,136.4375,15375.0,2095820.0625
2025-10-14 00:00:00+00:00,1760400000000,136.67,136.67,134.44,134.44,1169.0,158098.94
2025-10-14 01:00:00+00:00,1760403600000,135.39,136.67,135.22,136.6,5720.0,780489.32
2025-10-14 02:00:00+00:00,1760407200000,136.39,137.31,136.39,137.0,98.0,13432.98
2025-10-14 03:00:00+00:00,1760410800000,137.2,137.2,134.39,134.39,1086.0,146963.11
2025-10-14 04:00:00+00:00,1760414400000,134.42,134.42,126.87,129.16,11251.0,1472216.77
2025-10-14 05:00:00+00:00,1760418000000,129.16,130.41,126.49,128.0,8515.0,1094797.28
2025-10-14 06:00:00+00:00,1760421600000,128.0,128.6,124.8,124.84,18057.0,2293394.93
2025-10-14 07:00:00+00:00,1760425200000,124.79,127.99,124.74,127.78,8376.0,1058563.97
2025-10-14 08:00:00+00:00,1760428800000,127.0,128.28,124.75,128.28,31153.0,3953396.6978
2025-10-14 09:00:00+00:00,1760432400000,128.25,128.6,126.53,126.53,11733.0,1498886.0568
2025-10-14 10:00:00+00:00,1760436000000,126.49,126.61,124.03,125.59,37685.0,4730590.513
2025-10-14 11:00:00+00:00,1760439600000,125.99,128.14,125.48,127.89,27922.0,3536681.4938
2025-10-14 12:00:00+00:00,1760443200000,125.2,134.0,124.16,125.01,298503.0,37782748.5723
2025-10-14 13:00:00+00:00,1760446800000,122.535,126.94,120.96,123.14,1919696.0,237694263.1152
2025-10-14 14:00:00+00:00,1760450400000,122.98,127.26,121.4,124.605,1390401.0,173566120.5117
2025-10-14 15:00:00+00:00,1760454000000,124.73,127.74,123.52,127.19,772331.0,96914719.8054
2025-10-14 16:00:00+00:00,1760457600000,127.36,129.94,127.26,128.7,658239.0,84667702.7964
2025-10-14 17:00:00+00:00,1760461200000,128.0,130.48,128.0,129.63,547814.0,70948979.8006
2025-10-14 18:00:00+00:00,1760464800000,129.555,130.16,128.62,129.11,382688.0,49437434.4736
2025-10-14 19:00:00+00:00,1760468400000,129.16,130.27,126.625,127.24,818865.0,105110412.1515
2025-10-14 20:00:00+00:00,1760472000000,127.29,127.9,126.5,127.9,8339.0,1059193.9291
2025-10-14 21:00:00+00:00,1760475600000,126.6412,127.98,126.6412,127.0,8904.0,1132870.1664
2025-10-14 22:00:00+00:00,1760479200000,127.55,127.55,127.0,127.02,6733.0,855307.1293
2025-10-14 23:00:00+00:00,1760482800000,127.32,127.32,126.6,126.6,971.0,123336.42
2025-10-15 00:00:00+00:00,1760486400000,122.36,127.83,122.36,126.8,217.0,27548.2
2025-10-15 01:00:00+00:00,1760490000000,126.8,127.21,126.78,127.21,1086.0,137989.2
2025-10-15 02:00:00+00:00,1760493600000,127.21,128.01,127.21,128.01,152.0,19424.96
2025-10-15 03:00:00+00:00,1760497200000,128.02,128.86,127.61,128.84,275.0,35257.94
2025-10-15 04:00:00+00:00,1760500800000,128.85,129.5,127.61,129.49,403.0,51886.06
2025-10-15 05:00:00+00:00,1760504400000,129.48,130.28,129.01,130.28,1832.0,237824.11
2025-10-15 06:00:00+00:00,1760508000000,129.82,131.01,129.79,130.61,1955.0,255707.52
2025-10-15 07:00:00+00:00,1760511600000,130.49,131.84,130.49,130.94,6821.0,891922.08
2025-10-15 08:00:00+00:00,1760515200000,131.97,133.94,131.42,133.03,12004.0,1595295.588
2025-10-15 09:00:00+00:00,1760518800000,133.04,134.8,132.58,132.58,9771.0,1303325.3541
2025-10-15 10:00:00+00:00,1760522400000,133.36,133.36,132.7,132.89,762.0,101219.9652
2025-10-15 11:00:00+00:00,1760526000000,133.1,134.06,132.49,134.06,8329.0,1112178.0332
2025-10-15 12:00:00+00:00,1760529600000,132.9,135.91,128.84,134.02,67471.0,9014091.8645
2025-10-15 13:00:00+00:00,1760533200000,134.315,135.98,130.5001,133.01,931141.0,124517668.2519
2025-10-15 14:00:00+00:00,1760536800000,132.75,139.34,132.42,138.84,1991824.0,272814556.1728
2025-10-15 15:00:00+00:00,1760540400000,138.62,142.49,138.09,140.27,1919509.0,269278512.0159
2025-10-15 16:00:00+00:00,1760544000000,140.29,144.55,140.0607,141.44,987840.0,140795847.36
2025-10-15 17:00:00+00:00,1760547600000,141.37,141.605,135.31,141.305,1048176.0,145100261.4912
2025-10-15 18:00:00+00:00,1760551200000,141.49,142.35,140.63,141.905,402194.0,56881734.3484
2025-10-15 19:00:00+00:00,1760554800000,142.025,144.36,141.77,144.32,890680.0,127437069.312
2025-10-15 20:00:00+00:00,1760558400000,144.3,145.0,143.88,144.0,22713.0,3283286.8002
2025-10-15 21:00:00+00:00,1760562000000,144.1,144.6,144.1,144.22,8675.0,1251640.2775
2025-10-15 22:00:00+00:00,1760565600000,144.6,145.7434,144.4249,145.51,17447.0,2531870.2566
2025-10-15 23:00:00+00:00,1760569200000,145.49,145.5,144.11,144.59,19919.0,2880865.051
2025-10-16 00:00:00+00:00,1760572800000,144.2,146.11,144.19,145.99,1314.0,191361.8
2025-10-16 01:00:00+00:00,1760576400000,146.08,146.08,145.75,145.98,622.0,90795.18
2025-10-16 02:00:00+00:00,1760580000000,145.96,148.02,145.91,147.97,1317.0,193559.74
2025-10-16 03:00:00+00:00,1760583600000,147.99,148.5,146.52,146.99,504.0,74231.06
2025-10-16 04:00:00+00:00,1760587200000,147.0,147.03,145.3,146.5,3413.0,499097.13
2025-10-16 05:00:00+00:00,1760590800000,146.0,146.45,145.29,145.3,1409.0,205532.69
2025-10-16 06:00:00+00:00,1760594400000,145.66,145.99,145.09,145.99,1022.0,148749.5
2025-10-16 07:00:00+00:00,1760598000000,145.99,146.44,145.59,146.42,1299.0,189424.2
2025-10-16 08:00:00+00:00,1760601600000,146.0,147.65,146.0,146.92,8106.0,1190700.8778
2025-10-16 09:00:00+00:00,1760605200000,146.97,147.35,146.48,146.6,9390.0,1380151.59
2025-10-16 10:00:00+00:00,1760608800000,146.99,148.85,146.99,148.7,17977.0,2650758.9856
2025-10-16 11:00:00+00:00,1760612400000,148.03,148.62,147.68,148.1,13172.0,1951335.6444
2025-10-16 12:00:00+00:00,1760616000000,148.48,149.89,145.4,147.45,59566.0,8787664.7612
2025-10-16 13:00:00+00:00,1760619600000,145.565,148.85,141.7,144.295,1213884.0,177121213.3152
2025-10-16 14:00:00+00:00,1760623200000,143.97,148.44,143.56,145.46,1126422.0,164820094.5996
2025-10-16 15:00:00+00:00,1760626800000,145.62,148.14,144.62,144.72,679422.0,99307444.8612
2025-10-16 16:00:00+00:00,1760630400000,144.72,147.9,141.74,147.48,1158301.0,166545730.1345
2025-10-16 17:00:00+00:00,1760634000000,147.73,149.09,146.3998,147.84,519183.0,76722112.0701
2025-10-16 18:00:00+00:00,1760637600000,147.79,147.84,143.61,146.39,638627.0,93026687.6209
2025-10-16 19:00:00+00:00,1760641200000,146.235,146.76,144.0775,144.2,643328.0,93363490.6624
2025-10-16 20:00:00+00:00,1760644800000,144.27,144.6499,143.89,144.5997,20975.0,3026071.64
2025-10-16 21:00:00+00:00,1760648400000,144.05,144.75,144.05,144.75,3605.0,520603.097
2025-10-16 22:00:00+00:00,1760652000000,144.0,144.0,143.7,143.7,2057.0,295739.8268
2025-10-16 23:00:00+00:00,1760655600000,143.6,143.99,142.8,142.8,18924.0,2708597.7972
2025-10-17 00:00:00+00:00,1760659200000,143.02,143.18,141.79,143.18,255.0,36404.51
2025-10-17 01:00:00+00:00,1760662800000,143.2,144.15,142.4,143.41,419.0,59980.72
2025-10-17 02:00:00+00:00,1760666400000,143.42,143.42,141.45,141.45,795.0,113532.88
2025-10-17 03:00:00+00:00,1760670000000,141.45,141.46,140.0,140.79,1910.0,268400.98
2025-10-17 04:00:00+00:00,1760673600000,140.5,141.08,140.39,140.89,297.0,41741.92
2025-10-17 05:00:00+00:00,1760677200000,140.95,141.05,136.0,136.28,16201.0,2224694.92
2025-10-17 06:00:00+00:00,1760680800000,136.29,136.87,132.17,133.18,6385.0,865153.08
2025-10-17 07:00:00+00:00,1760684400000,133.19,134.39,131.19,134.36,9061.0,1202512.4
2025-10-17 08:00:00+00:00,1760688000000,135.11,136.75,131.0,136.35,61579.0,8234251.5115
2025-10-17 09:00:00+00:00,1760691600000,136.1,139.56,136.1,138.1,20824.0,2889284.1872
2025-10-17 10:00:00+00:00,1760695200000,138.04,139.06,137.05,139.0,13346.0,1846755.4192
2025-10-17 11:00:00+00:00,1760698800000,138.81,142.36,138.6,140.1,58211.0,8179518.665
2025-10-17 12:00:00+00:00,1760702400000,135.05,143.0,131.2,140.07,158681.0,21973700.5732
2025-10-17 13:00:00+00:00,1760706000000,140.48,150.82,138.8,149.44,1691691.0,248261575.1685
2025-10-17 14:00:00+00:00,1760709600000,149.29,149.96,142.77,143.0,1637653.0,239347571.3784
2025-10-17 15:00:00+00:00,1760713200000,142.99,143.2,136.29,138.57,2092066.0,289918087.8668
2025-10-17 16:00:00+00:00,1760716800000,138.94,140.53,137.97,139.43,721081.0,100449756.0564
2025-10-17 17:00:00+00:00,1760720400000,139.415,141.2,138.33,140.81,349334.0,48757803.9824
2025-10-17 18:00:00+00:00,1760724000000,141.48,141.99,141.0,141.83,325856.0,46114163.552
2025-10-17 19:00:00+00:00,1760727600000,141.74,142.87,139.8,140.2,873570.0,123347210.43
2025-10-17 20:00:00+00:00,1760731200000,140.16,141.0,140.0,140.98,9131.0,1280653.7954
2025-10-17 21:00:00+00:00,1760734800000,140.99,141.0,139.98,140.1,5289.0,742536.9903
2025-10-17 22:00:00+00:00,1760738400000,140.15,141.5,140.1,141.0887,5236.0,738998.0444
2025-10-17 23:00:00+00:00,1760742000000,140.81,142.0,140.5,141.8664,3420.0,483449.148
2025-10-20 00:00:00+00:00,1760918400000,143.52,146.25,143.0,143.01,3872.0,559259.59
2025-10-20 01:00:00+00:00,1760922000000,143.01,145.56,143.01,145.4,3257.0,470890.21
2025-10-20 02:00:00+00:00,1760925600000,145.56,145.9,144.52,145.12,1257.0,182318.67
2025-10-20 03:00:00+00:00,1760929200000,145.48,145.79,145.11,145.78,1903.0,277183.19
2025-10-20 04:00:00+00:00,1760932800000,145.79,145.81,144.39,145.8,948.0,137598.74
2025-10-20 05:00:00+00:00,1760936400000,145.76,145.76,143.99,143.99,4457.0,643997.47
2025-10-20 06:00:00+00:00,1760940000000,144.51,144.51,143.99,144.0,327.0,47117.8
2025-10-20 07:00:00+00:00,1760943600000,144.33,144.5,143.99,144.24,2303.0,332414.65
2025-10-20 08:00:00+00:00,1760947200000,144.11,146.31,144.1,145.81,26389.0,3847574.2558
2025-10-20 09:00:00+00:00,1760950800000,145.76,148.94,145.75,147.83,26530.0,3914244.159
2025-10-20 10:00:00+00:00,1760954400000,147.03,148.43,147.0,147.0,18153.0,2672844.0894
2025-10-20 11:00:00+00:00,1760958000000,147.0,148.0,146.6,147.94,14476.0,2131631.5328
2025-10-20 12:00:00+00:00,1760961600000,146.86,149.2,144.0,148.01,59354.0,8725370.3824
2025-10-20 13:00:00+00:00,1760965200000,147.135,152.62,145.0,148.23,1353413.0,202126547.2154
2025-10-20 14:00:00+00:00,1760968800000,148.705,150.79,147.26,149.67,1106219.0,164794771.8928
2025-10-20 15:00:00+00:00,1760972400000,149.455,152.63,149.2,151.75,1296758.0,196232812.0806
2025-10-20 16:00:00+00:00,1760976000000,151.69,152.46,146.25,149.455,1147852.0,171800271.4772
2025-10-20 17:00:00+00:00,1760979600000,149.56,151.29,149.12,150.64,352858.0,53003294.1812
2025-10-20 18:00:00+00:00,1760983200000,150.66,150.79,149.19,150.35,396946.0,59605848.0006
2025-10-20 19:00:00+00:00,1760986800000,150.33,150.64,147.91,148.105,688167.0,102752554.5378
2025-10-20 20:00:00+00:00,1760990400000,148.04,149.49,148.04,149.0292,9328.0,1384847.9392
2025-10-20 21:00:00+00:00,1760994000000,149.36,149.49,149.36,149.49,1610.0,240588.74
2025-10-20 22:00:00+00:00,1760997600000,149.49,149.59,149.1,149.59,2037.0,304472.427
2025-10-20 23:00:00+00:00,1761001200000,149.4,149.85,149.21,149.85,2822.0,421763.7032
2025-10-21 00:00:00+00:00,1761004800000,149.25,150.1,149.01,149.81,529.0,79065.11
2025-10-21 01:00:00+00:00,1761008400000,150.01,150.01,149.22,149.23,295.0,44122.42
2025-10-21 02:00:00+00:00,1761012000000,149.23,149.48,149.21,149.48,403.0,60142.0
2025-10-21 03:00:00+00:00,1761015600000,149.5,149.81,148.57,149.04,1559.0,232614.95
2025-10-21 04:00:00+00:00,1761019200000,149.03,149.66,148.41,148.41,2232.0,332359.82
2025-10-21 05:00:00+00:00,1761022800000,148.69,148.69,147.22,148.49,1573.0,232564.5
2025-10-21 06:00:00+00:00,1761026400000,147.47,148.0,147.05,148.0,966.0,142513.73
2025-10-21 07:00:00+00:00,1761030000000,147.78,148.01,147.47,147.54,612.0,90302.98
2025-10-21 08:00:00+00:00,1761033600000,147.03,147.04,146.0,146.61,5577.0,816902.229
2025-10-21 09:00:00+00:00,1761037200000,146.71,147.01,146.51,146.58,4161.0,610585.5561
2025-10-21 10:00:00+00:00,1761040800000,146.53,146.97,146.43,146.5,3454.0,506603.7064
2025-10-21 11:00:00+00:00,1761044400000,146.5,147.82,146.26,147.0,30109.0,4428979.7038
2025-10-21 12:00:00+00:00,1761048000000,148.5,149.65,146.01,146.47,55769.0,8194100.1317
2025-10-21 13:00:00+00:00,1761051600000,145.81,148.8,143.0101,144.1,850597.0,123312237.9258
2025-10-21 14:00:00+00:00,1761055200000,144.26,147.79,142.76,144.68,856319.0,124097835.1119
2025-10-21 15:00:00+00:00,1761058800000,144.83,146.53,144.0401,146.21,365506.0,53145705.4686
2025-10-21 16:00:00+00:00,1761062400000,146.18,148.75,146.08,147.085,385612.0,56885366.5564
2025-10-21 17:00:00+00:00,1761066000000,147.14,147.85,145.8,147.415,212498.0,31241668.458
2025-10-21 18:00:00+00:00,1761069600000,147.55,149.6391,147.11,148.27,317968.0,47195163.5232
2025-10-21 19:00:00+00:00,1761073200000,148.16,150.16,148.08,149.41,592978.0,88429741.7796
2025-10-21 20:00:00+00:00,1761076800000,149.29,149.84,148.6441,149.1,378751.0,56542752.0374
2025-10-21 21:00:00+00:00,1761080400000,149.11,149.5,148.64,149.5,1236.0,184472.6292
2025-10-21 22:00:00+00:00,1761084000000,149.01,149.5,148.6873,148.78,3375.0,503410.95
2025-10-21 23:00:00+00:00,1761087600000,148.64,149.0999,148.64,148.9999,5635.0,839408.759
2025-10-22 00:00:00+00:00,1761091200000,148.04,148.58,148.01,148.56,453.0,67098.42
2025-10-22 01:00:00+00:00,1761094800000,148.03,149.0,146.0,147.22,2796.0,412493.7
2025-10-22 02:00:00+00:00,1761098400000,148.75,148.75,148.64,148.67,32.0,4757.7
2025-10-22 03:00:00+00:00,1761102000000,148.59,150.0,148.59,149.39,2792.0,417548.04
2025-10-22 04:00:00+00:00,1761105600000,149.2,149.99,149.2,149.99,230.0,34360.62
2025-10-22 05:00:00+00:00,1761109200000,149.04,149.9,149.04,149.22,10.0,1491.98
2025-10-22 06:00:00+00:00,1761112800000,149.23,150.05,149.23,150.05,829.0,124318.25
2025-10-22 07:00:00+00:00,1761116400000,150.57,150.58,149.86,149.91,862.0,129251.45
2025-10-22 08:00:00+00:00,1761120000000,148.85,151.74,148.85,149.93,12014.0,1799413.6696
2025-10-22 09:00:00+00:00,1761123600000,149.03,149.47,149.03,149.47,326.0,48640.7648
2025-10-22 10:00:00+00:00,1761127200000,149.47,150.0,149.47,150.0,421.0,63089.8391
2025-10-22 11:00:00+00:00,1761130800000,150.25,150.25,147.67,147.85,13394.0,1998530.7946
2025-10-22 12:00:00+00:00,1761134400000,149.0,151.8,147.009,148.85,16203.0,2412775.7676
2025-10-22 13:00:00+00:00,1761138000000,149.17,157.37,145.37,156.125,1306191.0,201053098.5312
2025-10-22 14:00:00+00:00,1761141600000,156.11,157.4,145.41,148.92,2165447.0,327273749.6215
2025-10-22 15:00:00+00:00,1761145200000,148.67,150.4703,144.82,148.715,1073971.0,159199017.214
2025-10-22 16:00:00+00:00,1761148800000,148.79,149.5,145.6509,148.845,571481.0,84464891.8
2025-10-22 17:00:00+00:00,1761152400000,149.1,149.65,144.99,145.94,473296.0,69418513.6384
2025-10-22 18:00:00+00:00,1761156000000,146.08,147.2299,145.0938,146.89,472906.0,69175885.7398
2025-10-22 19:00:00+00:00,1761159600000,146.9,148.408,146.41,146.97,1116187.0,164559449.41
2025-10-22 20:00:00+00:00,1761163200000,146.95,147.22,146.6,146.7,20368.0,2992994.0912
2025-10-22 21:00:00+00:00,1761166800000,147.35,147.5,147.35,147.5,1621.0,238890.1741
2025-10-22 22:00:00+00:00,1761170400000,147.42,147.87,146.8,146.8,12045.0,1774619.9625
2025-10-22 23:00:00+00:00,1761174000000,146.78,146.85,146.22,146.85,2658.0,390186.1602
2025-10-23 00:00:00+00:00,1761177600000,146.69,146.69,145.82,146.6,534.0,78024.16
2025-10-23 01:00:00+00:00,1761181200000,146.61,146.96,146.61,146.78,87.0,12770.51
2025-10-23 02:00:00+00:00,1761184800000,146.95,146.96,146.85,146.95,121.0,17772.44
2025-10-23 03:00:00+00:00,1761188400000,146.95,146.95,143.98,146.01,3462.0,503206.97
2025-10-23 04:00:00+00:00,1761192000000,146.56,148.06,146.49,148.06,6924.0,1017480.1
2025-10-23 05:00:00+00:00,1761195600000,148.02,148.02,147.09,148.01,2341.0,345893.7
2025-10-23 06:00:00+00:00,1761199200000,147.99,149.01,147.51,148.97,2139.0,317212.59
2025-10-23 07:00:00+00:00,1761202800000,148.98,149.52,148.12,148.65,1953.0,291205.51
2025-10-23 08:00:00+00:00,1761206400000,148.93,152.1,148.93,150.43,13839.0,2088205.4592
2025-10-23 09:00:00+00:00,1761210000000,150.56,150.56,147.99,148.99,20628.0,3089191.5216
2025-10-23 10:00:00+00:00,1761213600000,149.2,149.2,148.28,148.47,15975.0,2375627.8725
2025-10-23 11:00:00+00:00,1761217200000,148.5,148.69,146.95,147.5,15137.0,2238554.9231
2025-10-23 12:00:00+00:00,1761220800000,148.88,151.36,145.0103,146.99,57535.0,8468335.003
2025-10-23 13:00:00+00:00,1761224400000,146.735,162.95,145.49,162.37,2238405.0,351909051.351
2025-10-23 14:00:00+00:00,1761228000000,162.305,166.5,159.09,165.54,2152132.0,350208047.0452
2025-10-23 15:00:00+00:00,1761231600000,165.28,165.93,161.96,165.31,1142421.0,187166602.4193
2025-10-23 16:00:00+00:00,1761235200000,165.255,167.25,165.06,166.345,817056.0,135931237.2576
2025-10-23 17:00:00+00:00,1761238800000,166.43,166.64,164.63,165.69,467412.0,77436473.2284
2025-10-23 18:00:00+00:00,1761242400000,166.14,166.47,164.81,166.305,387277.0,64094653.3216
2025-10-23 19:00:00+00:00,1761246000000,166.45,167.95,166.21,167.13,1234590.0,206422583.787
2025-10-23 20:00:00+00:00,1761249600000,167.05,169.0,167.0,167.75,32417.0,5442516.0636
2025-10-23 21:00:00+00:00,1761253200000,168.1,168.1,167.2,168.0,6236.0,1046346.5468
2025-10-23 22:00:00+00:00,1761256800000,168.0,170.0,167.5,170.0,11038.0,1865238.7692
2025-10-23 23:00:00+00:00,1761260400000,169.8,169.8,168.88,169.01,7875.0,1332201.9375
2025-10-24 00:00:00+00:00,1761264000000,169.3,169.99,168.92,169.47,631.0,106971.69
2025-10-24 01:00:00+00:00,1761267600000,169.55,170.0,169.0,169.42,1951.0,331251.19
2025-10-24 02:00:00+00:00,1761271200000,169.7,169.91,169.0,169.52,980.0,166436.27
2025-10-24 03:00:00+00:00,1761274800000,169.76,171.31,169.42,171.31,3165.0,538354.86
2025-10-24 04:00:00+00:00,1761278400000,171.31,172.02,170.99,172.02,3846.0,659217.5
2025-10-24 05:00:00+00:00,1761282000000,172.11,172.66,171.34,172.0,2841.0,488925.96
2025-10-24 06:00:00+00:00,1761285600000,172.0,172.02,171.19,171.71,5601.0,961287.24
2025-10-24 07:00:00+00:00,1761289200000,171.88,171.95,169.25,169.25,3549.0,607092.81
2025-10-24 08:00:00+00:00,1761292800000,171.44,175.87,171.35,174.56,61229.0,10609516.204
2025-10-24 09:00:00+00:00,1761296400000,175.44,175.8,173.47,174.06,17434.0,3046859.9836
2025-10-24 10:00:00+00:00,1761300000000,174.06,174.6,173.55,174.45,7468.0,1301380.4012
2025-10-24 11:00:00+00:00,1761303600000,174.06,174.52,173.7,174.49,14762.0,2570031.7236
2025-10-24 12:00:00+00:00,1761307200000,174.3,177.46,170.4,172.6,174911.0,30459491.2908
2025-10-24 13:00:00+00:00,1761310800000,174.67,181.83,172.6348,180.97,2847590.0,507582632.741
2025-10-24 14:00:00+00:00,1761314400000,181.23,185.44,179.95,183.55,2445296.0,446747020.664
2025-10-24 15:00:00+00:00,1761318000000,183.265,184.16,182.11,182.98,973340.0,178098638.512
2025-10-24 16:00:00+00:00,1761321600000,182.98,184.9302,182.33,184.71,614515.0,112842713.4835
2025-10-24 17:00:00+00:00,1761325200000,184.56,185.11,183.43,184.1,599841.0,110547877.0473
2025-10-24 18:00:00+00:00,1761328800000,183.885,185.29,182.81,184.95,606884.0,111940542.7492
2025-10-24 19:00:00+00:00,1761332400000,185.585,187.36,185.03,186.16,1452929.0,270431350.0836
2025-10-24 20:00:00+00:00,1761336000000,186.16,188.6,186.16,187.5021,70272.0,13166759.232
2025-10-24 21:00:00+00:00,1761339600000,187.9,188.4,187.5,188.01,21260.0,3996199.68
2025-10-24 22:00:00+00:00,1761343200000,188.01,188.9905,188.0,188.4998,16977.0,3199724.7957
2025-10-24 23:00:00+00:00,1761346800000,188.5,189.632,188.2,189.25,17971.0,3397133.6082
2025-10-27 00:00:00+00:00,1761523200000,192.0,194.29,190.01,193.51,10466.0,2018002.36
2025-10-27 01:00:00+00:00,1761526800000,193.54,198.2,193.54,194.65,9366.0,1828845.09
2025-10-27 02:00:00+00:00,1761530400000,194.65,195.01,193.28,194.3,4612.0,894861.83
2025-10-27 03:00:00+00:00,1761534000000,194.3,194.86,194.18,194.59,1343.0,261467.98
2025-10-27 04:00:00+00:00,1761537600000,194.45,194.45,192.99,193.89,4172.0,807806.0
2025-10-27 05:00:00+00:00,1761541200000,193.88,196.38,193.21,196.36,6065.0,1182888.6
2025-10-27 06:00:00+00:00,1761544800000,196.36,196.51,193.02,194.92,5707.0,1111304.14
2025-10-27 07:00:00+00:00,1761548400000,194.91,195.1,192.49,192.76,15139.0,2933543.65
2025-10-27 08:00:00+00:00,1761552000000,194.5,195.85,192.95,193.63,34694.0,6729654.1598
2025-10-27 09:00:00+00:00,1761555600000,192.84,194.0,190.97,194.0,22553.0,4338549.9289
2025-10-27 10:00:00+00:00,1761559200000,194.0,194.27,193.05,193.35,21037.0,4075727.3133
2025-10-27 11:00:00+00:00,1761562800000,193.65,195.0,192.79,195.0,41120.0,7967953.984
2025-10-27 12:00:00+00:00,1761566400000,196.0,196.5,191.0003,192.0,146177.0,28286404.2983
2025-10-27 13:00:00+00:00,1761570000000,191.08,192.99,179.5,183.13,2676464.0,494255380.4272
2025-10-27 14:00:00+00:00,1761573600000,183.15,183.47,176.1,179.77,2402621.0,431688525.554
2025-10-27 15:00:00+00:00,1761577200000,179.91,182.923,179.77,180.415,778239.0,141141269.3922
2025-10-27 16:00:00+00:00,1761580800000,180.485,180.7697,176.75,177.555,749062.0,133326219.5358
2025-10-27 17:00:00+00:00,1761584400000,177.88,179.48,176.62,177.19,607155.0,108013542.3705
2025-10-27 18:00:00+00:00,1761588000000,177.03,178.285,174.04,175.19,981643.0,172355307.3112
2025-10-27 19:00:00+00:00,1761591600000,174.91,177.19,173.72,176.39,1239968.0,217446864.3232
2025-10-27 20:00:00+00:00,1761595200000,176.49,177.685,176.49,177.25,48597.0,8612744.2563
2025-10-27 21:00:00+00:00,1761598800000,177.36,177.45,177.16,177.45,2518.0,446701.2576
2025-10-27 22:00:00+00:00,1761602400000,177.4,177.45,177.24,177.44,5250.0,930960.975
2025-10-27 23:00:00+00:00,1761606000000,177.45,177.8,176.0644,177.55,19990.0,3544864.681
2025-10-28 00:00:00+00:00,1761609600000,177.21,179.75,177.21,178.97,2210.0,395669.16
2025-10-28 01:00:00+00:00,1761613200000,179.32,179.63,176.0,176.0,1853.0,329252.36
2025-10-28 02:00:00+00:00,1761616800000,176.03,177.96,176.0,176.99,1043.0,184305.21
2025-10-28 03:00:00+00:00,1761620400000,176.98,176.99,175.98,176.0,1479.0,261158.07
2025-10-28 04:00:00+00:00,1761624000000,176.49,176.99,176.11,176.7,450.0,79435.97
2025-10-28 05:00:00+00:00,1761627600000,176.79,176.79,172.03,174.21,4291.0,745209.81
2025-10-28 06:00:00+00:00,1761631200000,174.2,174.9,173.1,174.9,4813.0,834936.11
2025-10-28 07:00:00+00:00,1761634800000,174.96,175.07,173.79,175.07,2863.0,498173.27
2025-10-28 08:00:00+00:00,1761638400000,174.3,174.46,172.47,173.4,20120.0,3493049.296
2025-10-28 09:00:00+00:00,1761642000000,173.29,174.02,171.71,172.98,18469.0,3194440.7187
2025-10-28 10:00:00+00:00,1761645600000,172.45,173.8,172.27,173.5,4075.0,706218.69
2025-10-28 11:00:00+00:00,1761649200000,173.36,174.13,171.62,171.99,20715.0,3585024.903
2025-10-28 12:00:00+00:00,1761652800000,173.11,176.38,171.0,171.0,92664.0,15996864.312
2025-10-28 13:00:00+00:00,1761656400000,174.39,178.82,170.45,171.6,1285700.0,224361207.07
2025-10-28 14:00:00+00:00,1761660000000,171.67,172.9,168.63,169.13,1749172.0,298908831.4748
2025-10-28 15:00:00+00:00,1761663600000,169.35,170.01,164.56,166.47,2175102.0,362448339.2802
2025-10-28 16:00:00+00:00,1761667200000,167.27,174.483,166.64,173.83,1222476.0,209235446.9796
2025-10-28 17:00:00+00:00,1761670800000,173.775,174.94,173.07,173.97,553076.0,96205910.972
2025-10-28 18:00:00+00:00,1761674400000,173.92,174.93,172.1142,172.425,548072.0,95274205.7344
2025-10-28 19:00:00+00:00,1761678000000,172.29,175.9,171.86,175.54,1049829.0,182685993.435
2025-10-28 20:00:00+00:00,1761681600000,175.53,177.38,173.84,177.38,34103.0,6003955.9208
2025-10-28 21:00:00+00:00,1761685200000,177.38,179.5,176.95,177.87,27395.0,4885122.9715
2025-10-28 22:00:00+00:00,1761688800000,178.45,178.45,177.3,177.4004,12908.0,2295442.548
2025-10-28 23:00:00+00:00,1761692400000,177.5,177.7,175.3935,177.1842,14126.0,2498471.2704
2025-10-29 00:00:00+00:00,1761696000000,178.01,180.94,178.01,180.79,4846.0,871112.45
2025-10-29 01:00:00+00:00,1761699600000,180.61,184.62,180.38,183.14,9492.0,1736308.22
2025-10-29 02:00:00+00:00,1761703200000,183.02,183.5,180.99,182.0,7415.0,1352798.6
2025-10-29 03:00:00+00:00,1761706800000,181.04,183.01,181.01,182.0,2033.0,370863.63
2025-10-29 04:00:00+00:00,1761710400000,181.99,182.31,181.66,182.3,732.0,133335.23
2025-10-29 05:00:00+00:00,1761714000000,182.01,183.9,181.95,183.44,3957.0,722825.01
2025-10-29 06:00:00+00:00,1761717600000,183.44,184.84,183.44,184.51,4142.0,762748.51
2025-10-29 07:00:00+00:00,1761721200000,183.8,184.99,183.45,183.64,6265.0,1153474.22
2025-10-29 08:00:00+00:00,1761724800000,184.5,187.26,182.06,185.9,30895.0,5733157.3445
2025-10-29 09:00:00+00:00,1761728400000,185.9,186.06,184.69,185.35,16161.0,2995560.9414
2025-10-29 10:00:00+00:00,1761732000000,185.17,187.3,185.17,186.4,13567.0,2524286.8736
2025-10-29 11:00:00+00:00,1761735600000,186.5,186.52,186.0,186.33,8772.0,1633769.2104
2025-10-29 12:00:00+00:00,1761739200000,186.29,187.5,181.95,185.6,107424.0,19981111.0752
2025-10-29 13:00:00+00:00,1761742800000,186.355,193.8,181.51,193.02,1889467.0,355400240.0985
2025-10-29 14:00:00+00:00,1761746400000,193.03,195.89,190.61,194.74,1539658.0,297558154.225
2025-10-29 15:00:00+00:00,1761750000000,194.67,196.05,192.32,194.185,810526.0,157542587.0408
2025-10-29 16:00:00+00:00,1761753600000,194.16,196.03,192.5,195.51,519924.0,100911165.2892
2025-10-29 17:00:00+00:00,1761757200000,196.01,197.61,195.32,196.14,638386.0,125355453.9566
2025-10-29 18:00:00+00:00,1761760800000,196.395,203.0,194.545,200.58,1296423.0,257828976.2556
2025-10-29 19:00:00+00:00,1761764400000,200.82,205.64,199.83,204.24,1586267.0,322340875.5224
2025-10-29 20:00:00+00:00,1761768000000,204.13,205.6,203.01,204.5,117642.0,24047271.8052
2025-10-29 21:00:00+00:00,1761771600000,203.34,204.9999,203.34,204.5,17559.0,3584355.5439
2025-10-29 22:00:00+00:00,1761775200000,204.58,205.59,204.5,205.35,7266.0,1490068.4106
2025-10-29 23:00:00+00:00,1761778800000,205.0,210.1,205.0,209.0,40716.0,8432434.2492
2025-10-30 00:00:00+00:00,1761782400000,207.96,213.99,207.49,211.0,3165.0,664303.87
2025-10-30 01:00:00+00:00,1761786000000,211.14,212.98,201.52,204.2,7884.0,1629310.95
2025-10-30 02:00:00+00:00,1761789600000,205.0,208.0,205.0,207.45,2134.0,441227.1
2025-10-30 03:00:00+00:00,1761793200000,207.45,212.81,207.44,211.0,6355.0,1339724.16
2025-10-30 04:00:00+00:00,1761796800000,211.21,211.38,204.6,205.57,9756.0,2025874.6
2025-10-30 05:00:00+00:00,1761800400000,207.29,208.5,205.77,207.52,2458.0,508980.49
2025-10-30 06:00:00+00:00,1761804000000,207.49,207.49,204.99,204.99,1666.0,342496.39
2025-10-30 07:00:00+00:00,1761807600000,205.21,209.0,204.99,208.89,3654.0,753828.45
2025-10-30 08:00:00+00:00,1761811200000,206.0,211.34,204.0,208.3,40348.0,8391149.3512
2025-10-30 09:00:00+00:00,1761814800000,207.46,207.5,200.92,201.54,18173.0,3705225.7299
2025-10-30 10:00:00+00:00,1761818400000,201.46,203.76,199.1,203.75,16176.0,3256469.8224
2025-10-30 11:00:00+00:00,1761822000000,203.66,204.15,201.5,202.63,13891.0,2814563.8598
2025-10-30 12:00:00+00:00,1761825600000,201.5,212.0,196.01,196.0123,154412.0,31044038.4816
2025-10-30 13:00:00+00:00,1761829200000,195.45,201.88,188.2,201.24,2152508.0,423775873.5032
2025-10-30 14:00:00+00:00,1761832800000,201.115,204.9199,197.46,200.58,1557491.0,312625356.2367
2025-10-30 15:00:00+00:00,1761836400000,200.88,202.3,197.6,198.2,664088.0,132791235.7064
2025-10-30 16:00:00+00:00,1761840000000,198.54,203.2,195.88,199.335,694447.0,137846201.7166
2025-10-30 17:00:00+00:00,1761843600000,198.94,199.08,196.59,198.15,336265.0,66568902.484
2025-10-30 18:00:00+00:00,1761847200000,198.025,200.61,196.8,200.02,435543.0,86572925.6643
2025-10-30 19:00:00+00:00,1761850800000,200.0,200.88,195.54,195.72,876318.0,173476261.8072
2025-10-30 20:00:00+00:00,1761854400000,195.82,207.04,195.8,205.9002,106351.0,21471224.6602
2025-10-30 21:00:00+00:00,1761858000000,205.9,207.06,203.0901,203.7,37066.0,7626429.5782
2025-10-30 22:00:00+00:00,1761861600000,203.7,206.0,203.48,205.6,9191.0,1880321.4339
2025-10-30 23:00:00+00:00,1761865200000,206.67,206.67,205.0,205.0,23025.0,4731752.625
2025-10-31 00:00:00+00:00,1761868800000,206.01,207.51,204.99,206.0,2307.0,476203.69
2025-10-31 01:00:00+00:00,1761872400000,205.59,206.01,200.75,202.79,10633.0,2174562.35
2025-10-31 02:00:00+00:00,1761876000000,202.81,202.89,200.9,201.76,2082.0,420148.8
2025-10-31 03:00:00+00:00,1761879600000,201.82,202.29,200.49,201.49,7441.0,1497362.52
2025-10-31 04:00:00+00:00,1761883200000,201.91,203.05,201.5,203.05,2700.0,546378.13
2025-10-31 05:00:00+00:00,1761886800000,203.09,203.09,200.49,202.24,3394.0,686073.32
2025-10-31 06:00:00+00:00,1761890400000,203.0,203.99,200.01,200.01,5939.0,1202080.42
2025-10-31 07:00:00+00:00,1761894000000,200.09,203.99,200.09,203.98,2922.0,592818.59
2025-10-31 08:00:00+00:00,1761897600000,203.22,204.9,202.49,202.52,27677.0,5626501.6132
2025-10-31 09:00:00+00:00,1761901200000,202.72,202.99,200.1,200.71,15957.0,3214132.3422
2025-10-31 10:00:00+00:00,1761904800000,201.4,201.97,201.0,201.5,3516.0,708446.5752
2025-10-31 11:00:00+00:00,1761908400000,201.5,202.19,200.8,202.19,17526.0,3533434.386
2025-10-31 12:00:00+00:00,1761912000000,200.71,204.96,200.02,202.83,109280.0,22133254.288
2025-10-31 13:00:00+00:00,1761915600000,203.44,209.77,197.71,198.15,1552151.0,315679885.1122
2025-10-31 14:00:00+00:00,1761919200000,198.42,201.8965,195.965,200.61,1100233.0,219079385.1697
2025-10-31 15:00:00+00:00,1761922800000,200.31,200.515,193.01,193.32,860670.0,169068293.46
2025-10-31 16:00:00+00:00,1761926400000,193.2,194.06,190.3901,191.63,882190.0,169465346.678
2025-10-31 17:00:00+00:00,1761930000000,190.74,195.6375,189.58,194.65,459735.0,88792206.483
2025-10-31 18:00:00+00:00,1761933600000,194.74,195.66,193.82,195.185,273582.0,53282419.947
2025-10-31 19:00:00+00:00,1761937200000,195.2,201.6827,195.18,199.33,1254318.0,249960365.6082
2025-10-31 20:00:00+00:00,1761940800000,199.33,200.0,199.12,199.2572,23568.0,4699963.5552
2025-10-31 21:00:00+00:00,1761944400000,199.5,200.0,199.2,200.0,4585.0,915636.421
2025-10-31 22:00:00+00:00,1761948000000,200.9671,200.98,200.9669,200.98,887.0,178248.0607
2025-10-31 23:00:00+00:00,1761951600000,200.5,200.9829,200.0,200.38,6924.0,1387066.2252
2025-11-03 01:00:00+00:00,1762131600000,205.0,205.01,200.79,200.89,9331.0,1898492.21
2025-11-03 02:00:00+00:00,1762135200000,200.8,202.69,200.07,202.23,1392.0,280214.46
2025-11-03 03:00:00+00:00,1762138800000,202.21,204.31,201.79,204.3,5326.0,1082551.25
2025-11-03 04:00:00+00:00,1762142400000,204.51,205.26,203.99,204.99,10824.0,2216236.05
2025-11-03 05:00:00+00:00,1762146000000,205.01,208.71,204.09,207.98,36361.0,7474375.15
2025-11-03 06:00:00+00:00,1762149600000,207.89,208.55,207.05,208.49,8940.0,1859269.62
2025-11-03 07:00:00+00:00,1762153200000,208.48,209.91,207.86,208.39,12601.0,2632164.91
2025-11-03 08:00:00+00:00,1762156800000,208.69,209.3,207.99,208.55,3127.0,651967.49
2025-11-03 09:00:00+00:00,1762160400000,208.1,214.3,206.7,212.31,111675.0,23688299.985
2025-11-03 10:00:00+00:00,1762164000000,212.77,212.9,210.08,211.06,43119.0,9123820.8597
2025-11-03 11:00:00+00:00,1762167600000,212.3,213.5,210.56,210.56,32182.0,6813885.2054
2025-11-03 12:00:00+00:00,1762171200000,210.62,212.01,209.18,210.49,110362.0,23260800.0884
2025-11-03 13:00:00+00:00,1762174800000,210.71,213.0,204.08,208.6,216498.0,45286380.4962
2025-11-03 14:00:00+00:00,1762178400000,210.5,213.4,195.81,196.08,2169980.0,443158089.556
2025-11-03 15:00:00+00:00,1762182000000,196.0,196.615,189.1,195.67,2724844.0,524714762.0636
2025-11-03 16:00:00+00:00,1762185600000,195.69,200.69,194.5,200.25,1323205.0,261393457.9685
2025-11-03 17:00:00+00:00,1762189200000,200.34,204.5,200.16,204.15,937639.0,190179911.9115
2025-11-03 18:00:00+00:00,1762192800000,204.4,206.4399,204.0,205.85,614916.0,126201362.886
2025-11-03 19:00:00+00:00,1762196400000,205.99,208.23,205.0301,207.46,486739.0,100650275.4411
2025-11-03 20:00:00+00:00,1762200000000,207.55,210.0,206.54,207.05,1013720.0,210894511.544
2025-11-03 21:00:00+00:00,1762203600000,207.01,207.5,206.3,206.8,24945.0,5158436.418
2025-11-03 22:00:00+00:00,1762207200000,206.995,206.995,205.18,205.89,12146.0,2501469.9146
2025-11-03 23:00:00+00:00,1762210800000,205.7532,205.8,203.3485,204.1,9226.0,1889422.0632
2025-11-04 00:00:00+00:00,1762214400000,204.0,204.0,202.1034,203.98,23292.0,4727213.8848
2025-11-04 01:00:00+00:00,1762218000000,203.43,206.01,200.22,200.25,8148.0,1651941.74
2025-11-04 02:00:00+00:00,1762221600000,200.25,202.5,200.25,200.74,2335.0,469824.44
2025-11-04 03:00:00+00:00,1762225200000,200.74,200.74,199.05,199.89,5114.0,1022200.77
2025-11-04 04:00:00+00:00,1762228800000,199.89,201.91,199.68,201.17,1842.0,369882.17
2025-11-04 05:00:00+00:00,1762232400000,201.16,201.18,196.71,196.71,16115.0,3209336.57
2025-11-04 06:00:00+00:00,1762236000000,196.71,199.86,193.66,199.01,16509.0,3239811.87
2025-11-04 07:00:00+00:00,1762239600000,199.1,199.29,196.02,197.01,5579.0,1103005.27
2025-11-04 08:00:00+00:00,1762243200000,197.01,199.01,194.99,198.75,9564.0,1887358.87
2025-11-04 09:00:00+00:00,1762246800000,197.5,197.5,192.35,193.2,64537.0,12536125.0927
2025-11-04 10:00:00+00:00,1762250400000,193.01,194.9,191.46,193.15,80135.0,15496209.8005
2025-11-04 11:00:00+00:00,1762254000000,193.43,194.6,191.7,193.53,38981.0,7534508.8527
2025-11-04 12:00:00+00:00,1762257600000,194.25,194.25,191.22,192.21,50297.0,9701320.5679
2025-11-04 13:00:00+00:00,1762261200000,194.0,200.84,190.5,192.11,174614.0,33847876.216
2025-11-04 14:00:00+00:00,1762264800000,188.135,200.13,185.0,199.945,3172767.0,611818938.0615
2025-11-04 15:00:00+00:00,1762268400000,199.66,202.98,196.66,197.825,1836164.0,365977598.2896
2025-11-04 16:00:00+00:00,1762272000000,197.625,199.5,195.44,198.4,916788.0,180607052.6424
2025-11-04 17:00:00+00:00,1762275600000,198.435,199.8217,196.305,197.83,613401.0,121445853.1677
2025-11-04 18:00:00+00:00,1762279200000,198.14,200.68,195.9875,199.96,596182.0,118120645.387
2025-11-04 19:00:00+00:00,1762282800000,199.895,200.49,193.58,194.625,724740.0,142095205.938
2025-11-04 20:00:00+00:00,1762286400000,194.89,197.01,194.14,194.67,1035348.0,202124467.3476
2025-11-04 21:00:00+00:00,1762290000000,194.57,194.6,185.1,190.5799,139317.0,26354276.4609
2025-11-04 22:00:00+00:00,1762293600000,189.88,190.58,186.1,186.16,60485.0,11327624.7515
2025-11-04 23:00:00+00:00,1762297200000,186.5,188.0,186.1,187.0,54354.0,10163051.1306
2025-11-05 00:00:00+00:00,1762300800000,186.99,187.6,183.01,183.51,54318.0,10101257.7336
2025-11-05 01:00:00+00:00,1762304400000,185.01,187.01,177.22,185.94,32787.0,5943993.17
2025-11-05 02:00:00+00:00,1762308000000,185.95,189.78,184.17,189.77,7929.0,1479529.49
2025-11-05 03:00:00+00:00,1762311600000,189.14,194.91,189.14,194.59,17516.0,3368414.27
2025-11-05 04:00:00+00:00,1762315200000,194.89,198.6,190.0,194.5,14748.0,2868418.13
2025-11-05 05:00:00+00:00,1762318800000,194.71,195.01,189.0,189.09,5666.0,1091396.64
2025-11-05 06:00:00+00:00,1762322400000,189.78,193.69,189.1,192.5,4004.0,768231.82
2025-11-05 07:00:00+00:00,1762326000000,191.99,192.74,189.12,190.09,3027.0,576021.77
2025-11-05 08:00:00+00:00,1762329600000,190.4,192.0,190.11,190.9,1702.0,325196.27
2025-11-05 09:00:00+00:00,1762333200000,194.0,199.0,192.46,197.56,90759.0,17836303.5642
2025-11-05 10:00:00+00:00,1762336800000,197.53,198.12,193.0,193.03,34123.0,6712714.0953
2025-11-05 11:00:00+00:00,1762340400000,193.01,195.0,192.94,194.5,12867.0,2493502.3635
2025-11-05 12:00:00+00:00,1762344000000,194.26,197.89,193.18,196.0,34815.0,6821887.842
2025-11-05 13:00:00+00:00,1762347600000,194.0,201.9,189.11,199.01,208140.0,41131044.936
2025-11-05 14:00:00+00:00,1762351200000,202.915,214.61,198.07,212.145,2779550.0,580416458.485
2025-11-05 15:00:00+00:00,1762354800000,210.8,212.3927,204.5,211.61,2155279.0,449201524.9568
2025-11-05 16:00:00+00:00,1762358400000,211.21,212.38,206.69,209.62,740401.0,155109122.8534
2025-11-05 17:00:00+00:00,1762362000000,209.13,214.88,208.48,214.71,880285.0,186661881.4235
2025-11-05 18:00:00+00:00,1762365600000,214.49,218.94,214.375,218.275,988035.0,214334136.1395
2025-11-05 19:00:00+00:00,1762369200000,218.23,218.29,214.22,216.195,771871.0,166958784.784
2025-11-05 20:00:00+00:00,1762372800000,216.195,218.0,215.3701,216.5,1229752.0,266421466.668
2025-11-05 21:00:00+00:00,1762376400000,216.5,218.02,215.1874,218.0,24698.0,5363906.7004
2025-11-05 22:00:00+00:00,1762380000000,218.0,218.7,217.48,218.61,18119.0,3952607.3049
2025-11-05 23:00:00+00:00,1762383600000,218.57,218.57,217.5001,218.56,20552.0,4484214.1624
2025-11-06 00:00:00+00:00,1762387200000,218.5019,218.57,217.5,217.5,25123.0,5478261.0848
2025-11-06 01:00:00+00:00,1762390800000,216.47,222.7,212.79,222.7,13660.0,3006007.16
2025-11-06 02:00:00+00:00,1762394400000,222.88,223.01,219.75,221.23,4052.0,896748.08
2025-11-06 03:00:00+00:00,1762398000000,221.23,221.5,219.19,220.48,2817.0,620938.76
2025-11-06 04:00:00+00:00,1762401600000,219.53,221.18,218.69,220.02,4797.0,1054756.15
2025-11-06 05:00:00+00:00,1762405200000,220.06,220.06,218.3,218.3,3493.0,765483.78
2025-11-06 06:00:00+00:00,1762408800000,218.08,218.86,216.89,217.54,2670.0,580655.68
2025-11-06 07:00:00+00:00,1762412400000,217.54,218.93,216.48,216.48,5633.0,1226508.2
2025-11-06 08:00:00+00:00,1762416000000,216.46,216.5,214.67,216.0,4715.0,1015655.24
2025-11-06 09:00:00+00:00,1762419600000,215.89,218.0,215.53,216.54,14663.0,3178573.2913
2025-11-06 10:00:00+00:00,1762423200000,216.33,218.7,216.33,217.43,16820.0,3661668.586
2025-11-06 11:00:00+00:00,1762426800000,217.41,218.54,217.41,218.0,6152.0,1341596.7848
2025-11-06 12:00:00+00:00,1762430400000,218.2,219.44,217.11,217.45,23612.0,5158060.2896
2025-11-06 13:00:00+00:00,1762434000000,218.2,219.82,214.8,215.01,76676.0,16664577.8176
2025-11-06 14:00:00+00:00,1762437600000,212.495,226.5,211.0,215.085,2334711.0,511908033.4467
2025-11-06 15:00:00+00:00,1762441200000,214.59,215.88,206.1,207.73,2508581.0,528068341.6888
2025-11-06 16:00:00+00:00,1762444800000,209.03,211.98,208.28,209.79,909301.0,191269101.1674
2025-11-06 17:00:00+00:00,1762448400000,210.02,212.3999,205.1801,211.85,704033.0,146736106.7326
2025-11-06 18:00:00+00:00,1762452000000,211.77,213.109,209.9201,211.21,567419.0,120099678.5724
2025-11-06 19:00:00+00:00,1762455600000,211.295,213.9799,210.8,211.23,442887.0,94058348.0685
2025-11-06 20:00:00+00:00,1762459200000,211.215,212.75,207.06,207.6,1135996.0,238981636.9124
2025-11-06 21:00:00+00:00,1762462800000,224.95,230.9,207.45,225.74,1142466.0,255716336.8344
2025-11-06 22:00:00+00:00,1762466400000,227.42,227.42,219.02,222.5,145011.0,32257363.4247
2025-11-06 23:00:00+00:00,1762470000000,222.5,224.951,221.02,222.0,47099.0,10475269.7504
2025-11-07 00:00:00+00:00,1762473600000,222.2,223.0,219.5,222.0,64939.0,14374403.5036
2025-11-07 01:00:00+00:00,1762477200000,222.8,222.8,220.1,221.8,8870.0,1963142.18
2025-11-07 02:00:00+00:00,1762480800000,221.49,221.64,218.05,219.89,4531.0,998090.51
2025-11-07 03:00:00+00:00,1762484400000,219.49,221.44,218.0,220.78,7760.0,1710464.99
2025-11-07 04:00:00+00:00,1762488000000,220.79,222.91,220.1,221.55,6081.0,1348237.86
2025-11-07 05:00:00+00:00,1762491600000,221.55,225.5,220.12,224.98,4627.0,1032888.08
2025-11-07 06:00:00+00:00,1762495200000,225.0,225.5,223.69,225.15,4674.0,1051190.27
2025-11-07 07:00:00+00:00,1762498800000,225.07,225.41,224.71,225.4,6273.0,1411850.37
2025-11-07 08:00:00+00:00,1762502400000,225.4,227.99,225.4,225.99,14352.0,3256319.44999999
2025-11-07 09:00:00+00:00,1762506000000,223.44,233.74,221.44,223.72,112710.0,25525354.803
2025-11-07 10:00:00+00:00,1762509600000,223.25,226.0,220.5,222.0,47793.0,10685578.0572
2025-11-07 11:00:00+00:00,1762513200000,222.31,222.31,214.0,219.0,137679.0,30011337.2595
2025-11-07 12:00:00+00:00,1762516800000,219.26,219.4,212.88,214.64,128804.0,27734901.6256
2025-11-07 13:00:00+00:00,1762520400000,218.12,233.0,206.2525,209.8,512548.0,109143201.2352
2025-11-07 14:00:00+00:00,1762524000000,208.835,228.88,203.4,227.325,4753986.0,1022585716.3902
2025-11-07 15:00:00+00:00,1762527600000,227.995,228.4,206.57,207.15,4103097.0,893956104.2295
2025-11-07 16:00:00+00:00,1762531200000,206.65,212.56,205.0,207.67,2176975.0,453912131.6525
2025-11-07 17:00:00+00:00,1762534800000,207.76,216.0,205.7001,214.02,1524908.0,323105894.034
2025-11-07 18:00:00+00:00,1762538400000,214.37,223.68,214.115,222.27,1433759.0,314552960.5136
2025-11-07 19:00:00+00:00,1762542000000,222.05,229.5094,221.6201,228.71,1478131.0,333687629.8107
2025-11-07 20:00:00+00:00,1762545600000,229.51,240.0,228.56,239.48,3710036.0,873801405.8532
2025-11-07 21:00:00+00:00,1762549200000,239.48,240.1,237.2,239.3494,99168.0,23699872.7328
2025-11-07 22:00:00+00:00,1762552800000,239.6712,241.3503,239.52,240.72,32726.0,7870638.9986
2025-11-07 23:00:00+00:00,1762556400000,240.75,241.47,240.0279,241.3891,31947.0,7684972.2486
2025-11-08 00:00:00+00:00,1762560000000,241.47,243.0,241.0,243.0,33881.0,8199808.4699
2025-11-10 01:00:00+00:00,1762736400000,242.28,251.47,242.28,250.97,56046.0,13971118.93000003
2025-11-10 02:00:00+00:00,1762740000000,250.71,250.97,248.09,250.49,11311.0,2822950.72
2025-11-10 03:00:00+00:00,1762743600000,250.49,250.51,248.6,248.65,6489.0,1618767.03
2025-11-10 04:00:00+00:00,1762747200000,248.8,249.81,247.8,249.72,4889.0,1217644.02
2025-11-10 05:00:00+00:00,1762750800000,249.72,249.9,247.92,248.9,8997.0,2237510.4
2025-11-10 06:00:00+00:00,1762754400000,248.89,250.39,248.19,249.39,11581.0,2886853.66999999
2025-11-10 07:00:00+00:00,1762758000000,249.39,250.27,248.01,249.52,20408.0,5083360.06
2025-11-10 08:00:00+00:00,1762761600000,249.98,249.98,248.23,249.01,9169.0,2283402.16
2025-11-10 09:00:00+00:00,1762765200000,249.5,250.97,247.99,249.0,52795.0,13159148.4705
2025-11-10 10:00:00+00:00,1762768800000,248.4,249.88,248.4,248.75,21194.0,5282691.3954
2025-11-10 11:00:00+00:00,1762772400000,248.75,248.99,245.6,247.32,48934.0,12121984.3074
2025-11-10 12:00:00+00:00,1762776000000,247.67,248.4,244.65,245.25,59053.0,14525089.251
2025-11-10 13:00:00+00:00,1762779600000,247.505,250.0,241.5,243.0,239484.0,58925181.8904
2025-11-10 14:00:00+00:00,1762783200000,249.95,262.77,241.66,261.02,4104596.0,1055694292.4676
2025-11-10 15:00:00+00:00,1762786800000,260.69,267.03,257.64,260.08,3223959.0,847651682.5734
2025-11-10 16:00:00+00:00,1762790400000,260.51,263.35,257.05,262.96,1577248.0,409591590.0
2025-11-10 17:00:00+00:00,1762794000000,262.94,265.76,262.5013,265.29,903528.0,238543770.3336
2025-11-10 18:00:00+00:00,1762797600000,265.38,267.77,264.04,264.1,926989.0,246670289.7176
2025-11-10 19:00:00+00:00,1762801200000,264.165,268.92,264.165,268.61,776175.0,207378902.205
2025-11-10 20:00:00+00:00,1762804800000,268.755,270.91,267.3,268.03,1936565.0,520677453.5725
2025-11-10 21:00:00+00:00,1762808400000,267.95,271.0,267.95,269.5,53364.0,14372077.8624
2025-11-10 22:00:00+00:00,1762812000000,269.68,271.0,269.01,270.1,26935.0,7272172.5695
2025-11-10 23:00:00+00:00,1762815600000,270.1486,271.1638,269.7501,271.08,19160.0,5182262.68
2025-11-11 00:00:00+00:00,1762819200000,271.2,272.5001,271.1999,272.5,34339.0,9336938.9272
2025-11-11 01:00:00+00:00,1762822800000,270.99,275.42,270.99,274.59,15432.0,4236697.49999999
2025-11-11 02:00:00+00:00,1762826400000,274.7,274.78,272.41,273.56,8533.0,2332603.1
2025-11-11 03:00:00+00:00,1762830000000,273.57,274.51,273.03,273.87,8670.0,2375808.06
2025-11-11 04:00:00+00:00,1762833600000,273.89,275.28,273.79,274.0,10197.0,2800580.02
2025-11-11 05:00:00+00:00,1762837200000,274.01,274.61,260.72,263.95,38227.0,10181743.43999999
2025-11-11 06:00:00+00:00,1762840800000,263.9,268.99,260.79,264.9,21528.0,5716143.5
2025-11-11 07:00:00+00:00,1762844400000,264.9,266.81,263.03,264.49,7409.0,1964496.77
2025-11-11 08:00:00+00:00,1762848000000,264.99,267.96,264.52,266.4,6404.0,1703342.64
2025-11-11 09:00:00+00:00,1762851600000,266.01,267.49,261.0,262.99,34035.0,8972783.19
2025-11-11 10:00:00+00:00,1762855200000,262.84,264.805,261.1,261.99,40326.0,10560443.8368
2025-11-11 11:00:00+00:00,1762858800000,263.34,264.0,262.0,262.58,13323.0,3503763.8103
2025-11-11 12:00:00+00:00,1762862400000,262.68,263.59,259.03,262.03,63856.0,16704646.5872
2025-11-11 13:00:00+00:00,1762866000000,262.679,274.0,259.03,262.79,245558.0,64807028.9092
2025-11-11 14:00:00+00:00,1762869600000,262.04,269.14,255.87,267.53,3268972.0,858244408.2072
2025-11-11 15:00:00+00:00,1762873200000,267.55,268.8299,257.7,267.13,2263193.0,595903016.9667
2025-11-11 16:00:00+00:00,1762876800000,268.03,274.6199,265.1701,267.02,2166756.0,583924924.6812
2025-11-11 17:00:00+00:00,1762880400000,266.85,275.8699,265.64,273.31,835889.0,226320791.8394
2025-11-11 18:00:00+00:00,1762884000000,272.74,273.38,266.08,272.11,797683.0,215812098.6621
2025-11-11 19:00:00+00:00,1762887600000,272.17,272.4999,267.5,268.645,656489.0,177268573.5228
2025-11-11 20:00:00+00:00,1762891200000,269.28,272.53,265.115,271.42,1486751.0,400553169.3401
2025-11-11 21:00:00+00:00,1762894800000,271.58,273.0,271.2804,271.2804,54873.0,14934460.6593
2025-11-11 22:00:00+00:00,1762898400000,271.99,272.5,270.01,271.42,43909.0,11915993.6837
2025-11-11 23:00:00+00:00,1762902000000,271.35,271.58,269.78,270.51,22336.0,6044979.3024
2025-11-12 00:00:00+00:00,1762905600000,270.9999,273.0,270.16,272.2,20298.0,5519397.6534
2025-11-12 01:00:00+00:00,1762909200000,271.57,274.01,271.57,273.21,5194.0,1419463.91
2025-11-12 02:00:00+00:00,1762912800000,273.49,274.28,272.21,274.06,3174.0,868632.7
2025-11-12 03:00:00+00:00,1762916400000,274.04,274.04,272.24,272.33,2647.0,721865.66
2025-11-12 04:00:00+00:00,1762920000000,272.32,272.51,271.13,272.48,3630.0,986347.24
2025-11-12 05:00:00+00:00,1762923600000,272.48,274.2,272.01,273.99,5375.0,1469465.85
2025-11-12 06:00:00+00:00,1762927200000,274.0,274.6,272.64,274.49,6903.0,1890365.87
2025-11-12 07:00:00+00:00,1762930800000,274.51,275.3,274.0,274.91,10373.0,2851299.17
2025-11-12 08:00:00+00:00,1762934400000,274.91,276.99,274.58,276.01,8686.0,2396263.56
2025-11-12 09:00:00+00:00,1762938000000,275.0,275.0,273.96,274.35,33384.0,9167703.7608
2025-11-12 10:00:00+00:00,1762941600000,274.16,274.5,272.22,272.66,15533.0,4243943.3463
2025-11-12 11:00:00+00:00,1762945200000,272.88,273.9,270.87,270.87,26328.0,7191372.0912
2025-11-12 12:00:00+00:00,1762948800000,271.52,276.19,271.42,273.55,57835.0,15865551.674
2025-11-12 13:00:00+00:00,1762952400000,271.0,276.9,270.87,272.5,137648.0,37640933.0192
2025-11-12 14:00:00+00:00,1762956000000,271.245,280.57,267.05,269.13,2825813.0,774090214.4802
2025-11-12 15:00:00+00:00,1762959600000,268.975,284.59,268.6,272.885,3379392.0,938975557.1328
2025-11-12 16:00:00+00:00,1762963200000,272.66,283.0299,268.0,278.11,1781204.0,491728972.862
2025-11-12 17:00:00+00:00,1762966800000,277.55,282.53,275.72,282.22,948160.0,264564231.456
2025-11-12 18:00:00+00:00,1762970400000,282.83,284.5,274.05,277.99,1439538.0,403787673.8778
2025-11-12 19:00:00+00:00,1762974000000,278.51,281.89,276.51,281.57,874268.0,244023498.49
2025-11-12 20:00:00+00:00,1762977600000,281.6,284.7599,279.0601,283.12,1597314.0,450946820.0298
2025-11-12 21:00:00+00:00,1762981200000,283.1,286.9,282.52,285.32,73517.0,20903941.4072
2025-11-12 22:00:00+00:00,1762984800000,285.38,285.65,283.55,285.65,40714.0,11593197.5008
2025-11-12 23:00:00+00:00,1762988400000,285.21,285.5,281.05,283.0,45148.0,12751090.9476
2025-11-13 00:00:00+00:00,1762992000000,282.8403,284.84,282.84,284.53,41754.0,11859221.604
2025-11-13 01:00:00+00:00,1762995600000,282.12,286.01,282.12,286.0,6258.0,1787261.29
2025-11-13 02:00:00+00:00,1762999200000,286.0,287.5,285.37,286.21,6222.0,1780809.67
2025-11-13 03:00:00+00:00,1763002800000,286.22,286.22,282.0,282.18,15410.0,4381359.56000001
2025-11-13 04:00:00+00:00,1763006400000,282.17,283.99,282.17,283.04,1883.0,533270.28
2025-11-13 05:00:00+00:00,1763010000000,283.19,283.95,282.49,283.5,6105.0,1729846.71
2025-11-13 06:00:00+00:00,1763013600000,283.5,285.0,272.21,275.55,55428.0,15370685.10999999
2025-11-13 07:00:00+00:00,1763017200000,275.55,279.01,261.99,267.56,87956.0,23683609.52999997
2025-11-13 08:00:00+00:00,1763020800000,267.56,272.01,263.51,269.24,53290.0,14293959.72999998
2025-11-13 09:00:00+00:00,1763024400000,269.5,277.8,266.09,269.1,162694.0,43864970.5816
2025-11-13 10:00:00+00:00,1763028000000,269.35,272.98,269.05,271.9,78141.0,21196090.0704
2025-11-13 11:00:00+00:00,1763031600000,272.12,273.0,269.0,271.89,49342.0,13375649.0968
2025-11-13 12:00:00+00:00,1763035200000,272.0,276.57,271.24,273.79,164300.0,44942950.6
2025-11-13 13:00:00+00:00,1763038800000,262.2,284.2,262.2,268.4,561375.0,152445928.3875
2025-11-13 14:00:00+00:00,1763042400000,267.17,269.98,257.03,263.9,4252302.0,1115277609.8124
2025-11-13 15:00:00+00:00,1763046000000,263.855,271.84,253.0,254.75,4359574.0,1139415644.8956
2025-11-13 16:00:00+00:00,1763049600000,254.99,257.1099,245.63,246.37,3405188.0,854339194.9592
2025-11-13 17:00:00+00:00,1763053200000,245.91,250.46,241.57,245.59,2023513.0,498636906.3782
2025-11-13 18:00:00+00:00,1763056800000,245.37,245.695,234.13,237.72,3300675.0,787328161.4625
2025-11-13 19:00:00+00:00,1763060400000,237.99,242.4,236.3012,238.19,2088250.0,498783524.3
2025-11-13 20:00:00+00:00,1763064000000,238.1,245.3588,237.3,243.51,2378206.0,573994049.5154
2025-11-13 21:00:00+00:00,1763067600000,243.57,245.99,240.6227,240.89,66406.0,16210375.3006
2025-11-13 22:00:00+00:00,1763071200000,242.6,242.6,240.4917,241.48,28185.0,6792723.1065
2025-11-13 23:00:00+00:00,1763074800000,241.92,243.4,241.11,242.0,22974.0,5558669.5752
2025-11-14 00:00:00+00:00,1763078400000,242.01,242.22,235.65,236.77,65251.0,15526266.6468
2025-11-14 01:00:00+00:00,1763082000000,231.89,239.01,227.99,237.2,51598.0,12033611.78999999
2025-11-14 02:00:00+00:00,1763085600000,237.39,248.0,236.6,244.63,21022.0,5136539.33
2025-11-14 03:00:00+00:00,1763089200000,244.17,245.43,238.01,241.0,7653.0,1854576.64
2025-11-14 04:00:00+00:00,1763092800000,240.99,241.79,234.58,241.79,7949.0,1891542.97
2025-11-14 05:00:00+00:00,1763096400000,242.01,242.01,233.49,236.3,16730.0,3935902.84
2025-11-14 06:00:00+00:00,1763100000000,236.31,239.88,235.72,238.19,9009.0,2135088.23
2025-11-14 07:00:00+00:00,1763103600000,238.18,238.48,234.11,236.98,17136.0,4043777.34000001
2025-11-14 08:00:00+00:00,1763107200000,236.97,239.27,235.05,238.69,17490.0,4144053.71000001
2025-11-14 09:00:00+00:00,1763110800000,236.0,242.43,236.0,241.75,55024.0,13186490.5952
2025-11-14 10:00:00+00:00,1763114400000,242.0,247.73,241.0,245.5,104731.0,25675307.3588
2025-11-14 11:00:00+00:00,1763118000000,245.43,247.57,243.01,244.71,107317.0,26254073.8068
2025-11-14 12:00:00+00:00,1763121600000,244.72,244.72,234.82,235.44,199696.0,47680016.048
2025-11-14 13:00:00+00:00,1763125200000,234.77,247.81,231.5,235.47,469284.0,110873507.124
2025-11-14 14:00:00+00:00,1763128800000,231.14,263.0,230.55,260.635,5669422.0,1421145508.607
2025-11-14 15:00:00+00:00,1763132400000,260.06,267.0,253.26,266.6,4693564.0,1217498767.69
2025-11-14 16:00:00+00:00,1763136000000,267.25,270.4893,260.3,267.205,2655445.0,707556066.386
2025-11-14 17:00:00+00:00,1763139600000,267.07,269.0,262.8,262.99,1385419.0,368452875.7595
2025-11-14 18:00:00+00:00,1763143200000,263.49,265.5,258.772,261.955,1315034.0,344198577.2008
2025-11-14 19:00:00+00:00,1763146800000,262.69,265.87,260.8501,264.26,788579.0,208127210.8751
2025-11-14 20:00:00+00:00,1763150400000,264.82,265.12,252.7,254.23,1694497.0,436904361.8884
2025-11-14 21:00:00+00:00,1763154000000,254.16,256.55,254.02,255.3,31964.0,8159977.686
2025-11-14 22:00:00+00:00,1763157600000,255.5,256.3,255.5,256.21,23669.0,6058712.5123
2025-11-14 23:00:00+00:00,1763161200000,256.11,256.11,255.0,255.55,16272.0,4159198.0512
2025-11-15 00:00:00+00:00,1763164800000,255.75,258.51,255.5,258.4,21024.0,5399131.392
2025-11-17 01:00:00+00:00,1763341200000,264.7,266.01,261.09,264.0,31976.0,8454978.93
2025-11-17 02:00:00+00:00,1763344800000,263.99,264.34,261.2,262.26,12380.0,3259363.62
2025-11-17 03:00:00+00:00,1763348400000,262.3,264.0,261.66,262.87,10404.0,2735136.39
2025-11-17 04:00:00+00:00,1763352000000,262.88,263.91,260.51,262.1,8513.0,2236151.66
2025-11-17 05:00:00+00:00,1763355600000,262.37,262.61,259.99,260.24,14710.0,3835967.06999999
2025-11-17 06:00:00+00:00,1763359200000,260.49,261.0,256.49,258.01,17952.0,4652512.55
2025-11-17 07:00:00+00:00,1763362800000,258.01,260.7,257.09,260.09,11201.0,2899754.23
2025-11-17 08:00:00+00:00,1763366400000,260.1,261.01,258.88,260.19,10245.0,2664635.32
2025-11-17 09:00:00+00:00,1763370000000,260.5,261.48,258.8,260.45,32343.0,8421376.5453
2025-11-17 10:00:00+00:00,1763373600000,260.53,261.02,257.48,257.5,24536.0,6344842.7552
2025-11-17 11:00:00+00:00,1763377200000,257.6,259.43,257.45,258.12,11118.0,2871482.5494
2025-11-17 12:00:00+00:00,1763380800000,258.87,258.87,255.14,255.99,65689.0,16894179.4827
2025-11-17 13:00:00+00:00,1763384400000,258.85,262.4,252.131,255.2,208641.0,53562025.4226
2025-11-17 14:00:00+00:00,1763388000000,254.13,282.72,252.51,281.62,3575177.0,975895687.1811
2025-11-17 15:00:00+00:00,1763391600000,281.715,282.7999,271.31,272.53,2809768.0,773609770.7416
2025-11-17 16:00:00+00:00,1763395200000,273.35,280.715,255.075,275.785,1538713.0,417621941.4587
2025-11-17 17:00:00+00:00,1763398800000,275.7,280.91,257.305,272.13,1035451.0,282449391.8741
2025-11-17 18:00:00+00:00,1763402400000,271.41,278.245,265.41,266.12,1328414.0,357759425.2648
2025-11-17 19:00:00+00:00,1763406000000,266.515,273.01,259.0,260.1,1448451.0,381207824.3781
2025-11-17 20:00:00+00:00,1763409600000,260.755,267.6299,259.0001,265.76,1428072.0,375365012.2128
2025-11-17 21:00:00+00:00,1763413200000,265.88,267.7771,265.8783,266.42,65211.0,17370854.0112
2025-11-17 22:00:00+00:00,1763416800000,266.8864,267.0,265.87,265.87,12967.0,3452488.3873
2025-11-17 23:00:00+00:00,1763420400000,266.09,266.66,265.87,265.87,7779.0,2071365.6714
2025-11-18 00:00:00+00:00,1763424000000,265.9,266.0794,262.01,263.38,36272.0,9578259.9872
2025-11-18 01:00:00+00:00,1763427600000,262.9,265.27,261.03,264.15,3867.0,1019756.63
2025-11-18 02:00:00+00:00,1763431200000,264.29,264.29,261.19,261.25,4487.0,1177003.12
2025-11-18 03:00:00+00:00,1763434800000,261.26,262.0,255.19,255.75,26138.0,6774995.77
2025-11-18 04:00:00+00:00,1763438400000,256.07,257.8,253.66,256.4,24432.0,6243291.59999999
2025-11-18 05:00:00+00:00,1763442000000,256.66,259.41,256.66,256.95,7153.0,1843099.93
2025-11-18 06:00:00+00:00,1763445600000,257.0,257.8,255.91,256.53,7763.0,1991589.67
2025-11-18 07:00:00+00:00,1763449200000,256.54,259.88,256.47,259.25,9069.0,2339864.02
2025-11-18 08:00:00+00:00,1763452800000,259.24,265.0,259.1,262.1,19439.0,5101547.05000001
2025-11-18 09:00:00+00:00,1763456400000,261.14,264.55,260.0,261.51,36046.0,9430033.7106
2025-11-18 10:00:00+00:00,1763460000000,261.5,263.0,261.0,262.96,10430.0,2731831.858
2025-11-18 11:00:00+00:00,1763463600000,262.5,262.5,259.01,259.21,7133.0,1858677.1952
2025-11-18 12:00:00+00:00,1763467200000,260.83,260.83,255.55,256.5,42177.0,10871632.0917
2025-11-18 13:00:00+00:00,1763470800000,258.0,265.0,256.0,258.5,118859.0,30848106.2227
2025-11-18 14:00:00+00:00,1763474400000,257.32,262.5,235.1,235.99,3569347.0,880404066.0443
2025-11-18 15:00:00+00:00,1763478000000,235.64,243.86,229.11,234.69,4268667.0,1011343684.1742
2025-11-18 16:00:00+00:00,1763481600000,233.86,246.3954,230.6501,244.61,2372612.0,570604170.0744
2025-11-18 17:00:00+00:00,1763485200000,244.99,249.8,240.0301,249.29,1415175.0,346140200.565
2025-11-18 18:00:00+00:00,1763488800000,248.935,251.88,248.16,248.715,1357961.0,339358120.3947
2025-11-18 19:00:00+00:00,1763492400000,250.63,252.7,246.8,251.24,1062453.0,265649585.8926
2025-11-18 20:00:00+00:00,1763496000000,251.39,252.29,244.27,244.99,1901884.0,469809852.0856
2025-11-18 21:00:00+00:00,1763499600000,244.93,245.7,241.2,241.2,41599.0,10144053.4267
2025-11-18 22:00:00+00:00,1763503200000,241.43,243.98,241.2501,242.55,12407.0,3001056.0287
2025-11-18 23:00:00+00:00,1763506800000,243.0,243.485,242.01,242.55,23632.0,5730646.5664
2025-11-19 00:00:00+00:00,1763510400000,242.52,243.89,241.3901,241.8252,29415.0,7126533.8325
2025-11-19 01:00:00+00:00,1763514000000,243.01,246.58,242.51,245.31,10517.0,2571951.67
2025-11-19 02:00:00+00:00,1763517600000,245.32,247.38,245.31,247.07,5223.0,1285931.94
2025-11-19 03:00:00+00:00,1763521200000,247.08,247.09,242.99,242.99,2519.0,617879.17
2025-11-19 04:00:00+00:00,1763524800000,243.02,243.79,241.42,243.0,3014.0,730471.67
2025-11-19 05:00:00+00:00,1763528400000,243.02,243.03,238.99,241.83,10191.0,2459262.33
2025-11-19 06:00:00+00:00,1763532000000,241.05,246.74,241.01,244.85,14385.0,3516730.93
2025-11-19 07:00:00+00:00,1763535600000,244.64,247.0,244.63,246.22,6210.0,1526950.6
2025-11-19 08:00:00+00:00,1763539200000,246.01,246.01,243.2,244.93,2331.0,572027.96
2025-11-19 09:00:00+00:00,1763542800000,244.79,249.72,243.72,249.65,33106.0,8174808.2998
2025-11-19 10:00:00+00:00,1763546400000,249.01,250.8,248.72,250.74,40796.0,10183656.6244
2025-11-19 11:00:00+00:00,1763550000000,250.6,252.15,249.01,249.51,61172.0,15337196.77
2025-11-19 12:00:00+00:00,1763553600000,249.84,252.4,249.06,250.63,128275.0,32093301.835
2025-11-19 13:00:00+00:00,1763557200000,245.53,253.14,240.0,246.21,300338.0,74511935.6368
2025-11-19 14:00:00+00:00,1763560800000,251.11,256.98,242.03,255.56,2141275.0,533163984.9675
2025-11-19 15:00:00+00:00,1763564400000,255.16,256.7,245.5601,246.325,2383869.0,601798670.3478
2025-11-19 16:00:00+00:00,1763568000000,247.17,247.5482,236.0,243.13,2068297.0,498747483.9424
2025-11-19 17:00:00+00:00,1763571600000,243.02,243.97,233.785,242.47,1573768.0,375435733.428
2025-11-19 18:00:00+00:00,1763575200000,242.53,246.0,241.05,243.9,703218.0,171309600.8658
2025-11-19 19:00:00+00:00,1763578800000,243.29,249.4,242.0101,248.175,805769.0,198355268.3841
2025-11-19 20:00:00+00:00,1763582400000,249.49,251.0,245.47,245.99,1165082.0,288952452.8528
2025-11-19 21:00:00+00:00,1763586000000,245.96,258.29,245.79,256.98,188147.0,47866572.3435
2025-11-19 22:00:00+00:00,1763589600000,256.91,259.88,252.27,254.16,126992.0,32610428.0704
2025-11-19 23:00:00+00:00,1763593200000,254.25,259.8,254.16,259.8,62892.0,16221746.1384
2025-11-20 00:00:00+00:00,1763596800000,259.88,262.4,259.02,260.2,59743.0,15556479.77
2025-11-20 01:00:00+00:00,1763600400000,261.0,264.36,259.12,262.0,11288.0,2956944.27
2025-11-20 02:00:00+00:00,1763604000000,262.12,262.12,255.16,256.99,29411.0,7597958.33000001
2025-11-20 03:00:00+00:00,1763607600000,256.99,258.69,256.79,257.0,10595.0,2729060.39
2025-11-20 04:00:00+00:00,1763611200000,257.0,257.98,255.6,255.98,15135.0,3884764.57999999
2025-11-20 05:00:00+00:00,1763614800000,255.98,257.51,255.19,255.41,11744.0,3006705.22
2025-11-20 06:00:00+00:00,1763618400000,255.58,257.01,255.43,255.5,7163.0,1834859.92
2025-11-20 07:00:00+00:00,1763622000000,255.47,256.16,253.29,254.8,17115.0,4364445.11
2025-11-20 08:00:00+00:00,1763625600000,254.74,256.69,253.99,256.69,9277.0,2364426.27
2025-11-20 09:00:00+00:00,1763629200000,254.88,255.35,250.5,251.92,67853.0,17126368.612
2025-11-20 10:00:00+00:00,1763632800000,251.37,252.8,247.0,252.49,79752.0,19945456.812
2025-11-20 11:00:00+00:00,1763636400000,252.0,252.57,249.3,250.55,28451.0,7136859.3774
2025-11-20 12:00:00+00:00,1763640000000,250.8,251.75,249.01,250.56,74443.0,18645901.9846
2025-11-20 13:00:00+00:00,1763643600000,254.7,257.44,247.1,249.5,366415.0,91891275.8505
2025-11-20 14:00:00+00:00,1763647200000,253.74,254.99,225.5,231.49,4777670.0,1121810771.243
2025-11-20 15:00:00+00:00,1763650800000,233.095,236.7999,221.22,221.96,4671919.0,1064826581.6314
2025-11-20 16:00:00+00:00,1763654400000,221.81,224.46,208.8001,210.635,4042836.0,874775512.3212
2025-11-20 17:00:00+00:00,1763658000000,210.55,215.0,205.0,206.745,2977284.0,619614780.1044
2025-11-20 18:00:00+00:00,1763661600000,206.22,211.49,200.0,201.28,2654418.0,544804164.3174
2025-11-20 19:00:00+00:00,1763665200000,201.43,204.0,199.41,203.33,2172817.0,437231401.9943
2025-11-20 20:00:00+00:00,1763668800000,202.13,203.06,192.62,195.755,3991757.0,784772241.0374
2025-11-20 21:00:00+00:00,1763672400000,195.96,198.51,192.5,193.49,140293.0,27408482.238
2025-11-20 22:00:00+00:00,1763676000000,193.01,193.49,190.13,192.25,79313.0,15184307.2927
2025-11-20 23:00:00+00:00,1763679600000,192.13,197.5,191.0,196.5,64912.0,12618529.2928
2025-11-21 00:00:00+00:00,1763683200000,196.3162,198.0,195.3325,197.1852,54912.0,10817186.2656
2025-11-21 01:00:00+00:00,1763686800000,196.78,198.19,192.99,193.71,14541.0,2845825.67
2025-11-21 02:00:00+00:00,1763690400000,193.61,195.91,190.49,191.27,20068.0,3867141.46
2025-11-21 03:00:00+00:00,1763694000000,191.18,193.39,188.99,192.01,18439.0,3521042.29
2025-11-21 04:00:00+00:00,1763697600000,192.3,192.3,190.19,191.71,10072.0,1923021.4
2025-11-21 05:00:00+00:00,1763701200000,191.7,193.51,190.99,192.1,8592.0,1653410.41
2025-11-21 06:00:00+00:00,1763704800000,192.6,196.01,191.2,195.55,10103.0,1970658.44
2025-11-21 07:00:00+00:00,1763708400000,195.99,197.45,192.31,193.0,17821.0,3481236.18
2025-11-21 08:00:00+00:00,1763712000000,193.0,195.99,192.5,195.9,7171.0,1396838.64
2025-11-21 09:00:00+00:00,1763715600000,194.26,198.2,191.0,191.45,70932.0,13817333.7108
2025-11-21 10:00:00+00:00,1763719200000,191.0,196.84,187.77,195.84,144006.0,27592341.633
2025-11-21 11:00:00+00:00,1763722800000,196.22,197.88,193.52,193.7,25565.0,5002664.0165
2025-11-21 12:00:00+00:00,1763726400000,194.0,200.11,192.5,198.01,181526.0,35902375.6534
2025-11-21 13:00:00+00:00,1763730000000,193.01,203.2,187.76,203.2,519145.0,103117667.521
2025-11-21 14:00:00+00:00,1763733600000,205.31,205.73,194.99,196.03,4146745.0,829524407.3135
2025-11-21 15:00:00+00:00,1763737200000,196.95,197.6,183.0,190.2,5746569.0,1088196740.0574
2025-11-21 16:00:00+00:00,1763740800000,190.36,199.39,188.3,199.11,2824143.0,551899673.346
2025-11-21 17:00:00+00:00,1763744400000,199.48,199.78,195.39,197.04,1244313.0,245797110.4932
2025-11-21 18:00:00+00:00,1763748000000,197.55,205.0,193.5,201.61,1978206.0,393071906.0472
2025-11-21 19:00:00+00:00,1763751600000,201.79,204.85,200.61,201.37,1241370.0,251783352.99
2025-11-21 20:00:00+00:00,1763755200000,201.94,205.01,199.99,200.27,1695780.0,342702723.87
2025-11-21 21:00:00+00:00,1763758800000,200.27,201.875,200.27,201.875,18263.0,3664839.8626
2025-11-21 22:00:00+00:00,1763762400000,201.6,201.6,200.74,201.4,6250.0,1256576.25
2025-11-21 23:00:00+00:00,1763766000000,201.4,202.0,201.0,202.0,5487.0,1105136.67
2025-11-22 00:00:00+00:00,1763769600000,202.5,204.6,202.2173,203.5,32388.0,6585432.6072
2025-11-24 01:00:00+00:00,1763946000000,204.91,207.0,201.07,201.97,32344.0,6619230.37
2025-11-24 02:00:00+00:00,1763949600000,201.97,205.7,201.1,204.91,19681.0,3999464.34
2025-11-24 03:00:00+00:00,1763953200000,204.9,205.01,203.05,203.46,8122.0,1657699.92
2025-11-24 04:00:00+00:00,1763956800000,203.46,204.01,202.2,202.37,12600.0,2560792.18
2025-11-24 05:00:00+00:00,1763960400000,202.35,204.31,201.66,204.2,5091.0,1034355.83
2025-11-24 06:00:00+00:00,1763964000000,204.09,204.34,203.43,203.68,2408.0,490878.42
2025-11-24 07:00:00+00:00,1763967600000,203.7,204.01,203.0,203.95,1976.0,402058.11
2025-11-24 08:00:00+00:00,1763971200000,203.95,206.0,203.22,205.81,10255.0,2100802.48
2025-11-24 09:00:00+00:00,1763974800000,204.39,205.0,200.96,201.72,45604.0,9254647.74
2025-11-24 10:00:00+00:00,1763978400000,201.62,203.38,201.6,202.95,21818.0,4417200.2806
2025-11-24 11:00:00+00:00,1763982000000,203.02,203.9,202.0,203.7,11201.0,2273166.7832
2025-11-24 12:00:00+00:00,1763985600000,203.63,205.0,203.5,204.5,58080.0,11866406.112
2025-11-24 13:00:00+00:00,1763989200000,206.4,207.0,200.7,206.49,226126.0,46354993.3338
2025-11-24 14:00:00+00:00,1763992800000,205.93,224.58,205.125,223.5,3885620.0,844583803.068
2025-11-24 15:00:00+00:00,1763996400000,224.53,227.97,219.8472,225.27,2421129.0,541754730.3948
2025-11-24 16:00:00+00:00,1764000000000,225.46,228.18,224.8,225.88,1186149.0,268603796.8947
2025-11-24 17:00:00+00:00,1764003600000,225.9,228.0527,224.97,226.95,901281.0,204065610.5613
2025-11-24 18:00:00+00:00,1764007200000,227.37,227.67,224.109,225.41,564551.0,127500004.4032
2025-11-24 19:00:00+00:00,1764010800000,225.14,226.7299,223.51,224.07,634004.0,142726473.2768
2025-11-24 20:00:00+00:00,1764014400000,224.37,228.09,223.88,227.01,1190475.0,269043897.6225
2025-11-24 21:00:00+00:00,1764018000000,226.96,229.69,226.96,229.1,42832.0,9773238.7152
2025-11-24 22:00:00+00:00,1764021600000,229.01,251.82,225.0,246.12,922240.0,227129912.768
2025-11-24 23:00:00+00:00,1764025200000,246.05,246.88,241.88,245.89,298244.0,72698853.9372
2025-11-25 00:00:00+00:00,1764028800000,245.8,246.37,242.99,243.5,132243.0,32380835.8398
2025-11-25 01:00:00+00:00,1764032400000,244.71,247.49,243.0,245.0,29462.0,7243236.07999999
2025-11-25 02:00:00+00:00,1764036000000,245.0,247.0,243.7,244.68,23704.0,5804490.89000001
2025-11-25 03:00:00+00:00,1764039600000,244.6,245.5,239.99,240.5,25254.0,6126576.58
2025-11-25 04:00:00+00:00,1764043200000,240.54,241.98,237.43,241.01,26308.0,6310469.86
2025-11-25 05:00:00+00:00,1764046800000,240.02,241.65,239.15,239.99,11572.0,2777792.45
2025-11-25 06:00:00+00:00,1764050400000,240.29,240.3,236.79,237.19,25492.0,6072492.76
2025-11-25 07:00:00+00:00,1764054000000,236.99,240.49,236.99,238.97,12118.0,2890840.57
2025-11-25 08:00:00+00:00,1764057600000,238.95,240.48,237.7,239.99,18542.0,4426738.63
2025-11-25 09:00:00+00:00,1764061200000,238.89,239.88,231.98,232.99,241499.0,56721594.627
2025-11-25 10:00:00+00:00,1764064800000,232.9,233.85,230.25,232.6,129886.0,30191455.1788
2025-11-25 11:00:00+00:00,1764068400000,232.25,233.9,228.2,230.7,125360.0,28953270.96
2025-11-25 12:00:00+00:00,1764072000000,230.88,236.2,230.42,233.0,562105.0,131044550.439
2025-11-25 13:00:00+00:00,1764075600000,231.2,240.76,228.45,231.01,907989.0,211830928.1352
2025-11-25 14:00:00+00:00,1764079200000,228.395,234.04,213.7,219.395,3916033.0,862948388.3757
2025-11-25 15:00:00+00:00,1764082800000,219.75,219.96,209.0001,215.2,2786563.0,595739303.77
2025-11-25 16:00:00+00:00,1764086400000,214.19,220.0,210.95,218.965,1386689.0,299927934.4923
2025-11-25 17:00:00+00:00,1764090000000,219.05,224.71,218.12,221.55,1028224.0,227991089.3696
2025-11-25 18:00:00+00:00,1764093600000,222.0,226.5,221.4,225.32,803380.0,180147280.046
2025-11-25 19:00:00+00:00,1764097200000,225.795,225.9489,220.14,221.235,906883.0,202049632.8031
2025-11-25 20:00:00+00:00,1764100800000,221.1,222.26,219.4101,220.4,1455028.0,320941346.072
2025-11-25 21:00:00+00:00,1764104400000,220.5,221.7364,218.0,219.85,81785.0,18041599.2515
2025-11-25 22:00:00+00:00,1764108000000,220.3,221.7,220.1,221.7,6295.0,1390636.004
2025-11-25 23:00:00+00:00,1764111600000,221.55,221.75,221.0,221.33,10360.0,2294389.832
2025-11-26 00:00:00+00:00,1764115200000,221.5,222.6375,220.34,220.525,27217.0,6033546.211
2025-11-26 01:00:00+00:00,1764118800000,219.75,220.51,217.23,220.5,13908.0,3045021.72
2025-11-26 02:00:00+00:00,1764122400000,220.49,222.8,219.92,221.29,13721.0,3040881.41
2025-11-26 03:00:00+00:00,1764126000000,221.17,222.34,220.77,222.2,5763.0,1277037.83
2025-11-26 04:00:00+00:00,1764129600000,222.16,222.19,221.8,222.04,2199.0,488133.25
2025-11-26 05:00:00+00:00,1764133200000,222.01,222.44,221.3,221.49,11947.0,2650242.63
2025-11-26 06:00:00+00:00,1764136800000,221.49,222.41,220.99,222.4,3968.0,879991.4
2025-11-26 07:00:00+00:00,1764140400000,222.38,227.0,222.38,226.19,15218.0,3423849.51
2025-11-26 08:00:00+00:00,1764144000000,226.1,226.1,223.45,223.65,13472.0,3032604.46
2025-11-26 09:00:00+00:00,1764147600000,223.6,224.69,220.88,220.88,20692.0,4619093.7828
2025-11-26 10:00:00+00:00,1764151200000,220.98,224.06,220.4,223.8,13336.0,2964618.1384
2025-11-26 11:00:00+00:00,1764154800000,223.28,223.81,222.47,222.62,7976.0,1779380.1968
2025-11-26 12:00:00+00:00,1764158400000,223.0,223.58,220.7,223.4,16142.0,3586894.4496
2025-11-26 13:00:00+00:00,1764162000000,222.0,227.1301,220.95,222.0,156024.0,34941886.848
2025-11-26 14:00:00+00:00,1764165600000,225.4,227.9999,210.4,210.56,2322751.0,511363155.9291
2025-11-26 15:00:00+00:00,1764169200000,210.0,219.4799,205.4,215.54,3192681.0,677094527.7051
2025-11-26 16:00:00+00:00,1764172800000,216.56,221.7799,216.26,219.465,1328126.0,290641914.1486
2025-11-26 17:00:00+00:00,1764176400000,219.21,220.49,216.0,219.13,868583.0,189121093.2216
2025-11-26 18:00:00+00:00,1764180000000,219.01,220.79,216.25,217.245,810753.0,176839579.6281
2025-11-26 19:00:00+00:00,1764183600000,217.405,220.88,215.38,220.17,957366.0,207905334.2874
2025-11-26 20:00:00+00:00,1764187200000,219.85,221.93,214.55,215.135,3328097.0,722657657.6248
2025-11-26 21:00:00+00:00,1764190800000,215.04,216.51,215.038,215.5,9938337.0,2137155889.8192
2025-11-26 22:00:00+00:00,1764194400000,215.57,215.62,215.2703,215.59,13215.0,2847721.494
2025-11-26 23:00:00+00:00,1764198000000,215.61,216.3,215.51,215.6716,7322.0,1580501.293
2025-11-27 00:00:00+00:00,1764201600000,215.83,215.9575,215.0491,215.1163,13372.0,2880505.3104
2025-11-28 01:00:00+00:00,1764291600000,215.51,219.49,215.5,218.91,11166.0,2438614.22
2025-11-28 02:00:00+00:00,1764295200000,218.86,219.3,218.35,219.05,5187.0,1135490.54
2025-11-28 03:00:00+00:00,1764298800000,219.17,219.46,218.7,219.39,2986.0,654708.43
2025-11-28 04:00:00+00:00,1764302400000,219.35,222.26,219.04,221.8,18356.0,4039193.7
2025-11-28 05:00:00+00:00,1764306000000,221.8,222.0,220.14,221.73,6962.0,1538394.4
2025-11-28 06:00:00+00:00,1764309600000,221.85,223.01,220.89,221.08,30499.0,6766325.94
2025-11-28 07:00:00+00:00,1764313200000,221.22,222.5,220.99,221.81,9397.0,2083405.19
2025-11-28 08:00:00+00:00,1764316800000,221.69,222.8,221.0,222.8,7035.0,1560095.03
2025-11-28 09:00:00+00:00,1764320400000,221.93,229.0,221.13,227.54,100019.0,22546332.9895
2025-11-28 10:00:00+00:00,1764324000000,227.71,229.79,226.24,226.92,50247.0,11431790.4393
2025-11-28 11:00:00+00:00,1764327600000,227.04,227.46,226.0,226.1,17995.0,4080778.3355
2025-11-28 12:00:00+00:00,1764331200000,226.0,226.34,223.01,224.28,44337.0,9968735.5137
2025-11-28 13:00:00+00:00,1764334800000,225.5,229.95,220.37,222.5,259270.0,58083661.779
2025-11-28 14:00:00+00:00,1764338400000,224.57,237.77,221.7001,223.42,4310386.0,992151287.2834
2025-11-28 15:00:00+00:00,1764342000000,223.315,226.75,211.73,220.83,4467257.0,972646038.6446
2025-11-28 16:00:00+00:00,1764345600000,220.81,226.99,220.68,226.03,1926290.0,431642870.571
2025-11-28 17:00:00+00:00,1764349200000,226.09,226.134,222.11,223.465,1986203.0,444246278.8183
2025-11-28 18:00:00+00:00,1764352800000,223.28,223.28,223.28,223.28,121773.0,27189475.44
2025-11-28 21:00:00+00:00,1764363600000,222.79,223.0,222.5,222.99,9498.0,2117141.2422
2025-12-01 01:00:00+00:00,1764550800000,218.99,220.49,215.99,219.29,14242.0,3095758.34
2025-12-01 02:00:00+00:00,1764554400000,219.2,219.81,217.03,217.41,13149.0,2869711.71
2025-12-01 03:00:00+00:00,1764558000000,217.43,217.86,216.1,216.66,6408.0,1388461.15
2025-12-01 04:00:00+00:00,1764561600000,216.72,217.07,215.9,216.0,4785.0,1034870.01
2025-12-01 05:00:00+00:00,1764565200000,216.01,216.11,211.3,215.05,57354.0,12271702.23
2025-12-01 06:00:00+00:00,1764568800000,214.62,215.59,214.03,215.59,15975.0,3428466.06
2025-12-01 07:00:00+00:00,1764572400000,215.59,216.31,215.0,216.29,7646.0,1649212.94
2025-12-01 08:00:00+00:00,1764576000000,216.29,218.51,216.11,216.51,8364.0,1818638.15
2025-12-01 09:00:00+00:00,1764579600000,219.5,219.5,215.88,216.63,14830.0,3215814.316
2025-12-01 10:00:00+00:00,1764583200000,216.93,218.3,216.93,218.0,7406.0,1613085.3074
2025-12-01 11:00:00+00:00,1764586800000,217.98,218.0,216.66,217.11,22020.0,4780136.832
2025-12-01 12:00:00+00:00,1764590400000,217.3,217.54,215.01,215.6,29495.0,6370613.252
2025-12-01 13:00:00+00:00,1764594000000,217.3,223.28,211.31,213.61,239393.0,51358560.2838
2025-12-01 14:00:00+00:00,1764597600000,212.14,215.37,207.01,211.67,2221398.0,470259738.1692
2025-12-01 15:00:00+00:00,1764601200000,211.71,213.45,209.38,211.54,1362976.0,287840495.4528
2025-12-01 16:00:00+00:00,1764604800000,210.57,210.8,205.24,208.26,1624109.0,336974682.8252
2025-12-01 17:00:00+00:00,1764608400000,208.45,209.5,206.41,208.52,1013000.0,210599154.5
2025-12-01 18:00:00+00:00,1764612000000,209.09,211.4999,208.63,211.005,725073.0,152180278.9371
2025-12-01 19:00:00+00:00,1764615600000,210.74,211.25,206.81,209.31,897303.0,187329678.1191
2025-12-01 20:00:00+00:00,1764619200000,209.06,210.42,207.14,210.13,1124941.0,235306046.3579
2025-12-01 21:00:00+00:00,1764622800000,210.17,210.3,209.23,209.55,678760.0,142649491.244
2025-12-01 22:00:00+00:00,1764626400000,209.9,209.9,209.43,209.79,6756.0,1415954.2332
2025-12-01 23:00:00+00:00,1764630000000,209.5,209.7875,209.23,209.35,7816.0,1637212.0488
2025-12-02 00:00:00+00:00,1764633600000,209.4999,209.5,208.7445,208.95,13409.0,2805616.0242
2025-12-02 01:00:00+00:00,1764637200000,209.57,213.5,209.0,211.88,17558.0,3728660.69
2025-12-02 02:00:00+00:00,1764640800000,211.79,212.17,210.35,211.82,2956.0,624527.14
2025-12-02 03:00:00+00:00,1764644400000,212.05,212.05,209.5,210.05,4245.0,893951.45
2025-12-02 04:00:00+00:00,1764648000000,210.17,210.67,209.8,210.54,1436.0,301726.15
2025-12-02 05:00:00+00:00,1764651600000,210.55,210.55,208.45,209.0,3756.0,785615.67
2025-12-02 06:00:00+00:00,1764655200000,208.88,209.32,207.99,209.32,3592.0,748193.47
2025-12-02 07:00:00+00:00,1764658800000,209.32,209.99,209.28,209.74,1144.0,239953.29
2025-12-02 08:00:00+00:00,1764662400000,209.75,210.01,209.04,210.01,1725.0,361321.88
2025-12-02 09:00:00+00:00,1764666000000,210.54,212.3,210.54,211.87,11210.0,2368004.884
2025-12-02 10:00:00+00:00,1764669600000,211.79,212.49,211.0,211.13,16011.0,3392420.2866
2025-12-02 11:00:00+00:00,1764673200000,211.45,211.94,209.57,211.2,46287.0,9751536.8685
2025-12-02 12:00:00+00:00,1764676800000,211.5,212.1,210.57,211.0,41025.0,8668525.065
2025-12-02 13:00:00+00:00,1764680400000,210.2,212.65,208.0,211.17,101324.0,21380498.8288
2025-12-02 14:00:00+00:00,1764684000000,210.835,217.0,208.73,213.415,1584463.0,337984179.2245
2025-12-02 15:00:00+00:00,1764687600000,213.15,213.53,196.14,197.36,3522769.0,712944683.4811
2025-12-02 16:00:00+00:00,1764691200000,196.76,202.2053,192.8,200.53,2246169.0,441933076.8993
2025-12-02 17:00:00+00:00,1764694800000,201.01,205.15,199.69,203.98,786403.0,159666939.9035
2025-12-02 18:00:00+00:00,1764698400000,203.84,206.8799,203.66,204.43,595568.0,122422456.6944
2025-12-02 19:00:00+00:00,1764702000000,204.56,207.59,204.35,206.56,540849.0,111732156.0234
2025-12-02 20:00:00+00:00,1764705600000,206.43,206.58,204.3337,205.27,942475.0,193525177.57
2025-12-02 21:00:00+00:00,1764709200000,205.35,205.35,204.0001,205.2,16726.0,3431536.2668
2025-12-02 22:00:00+00:00,1764712800000,204.8,205.97,204.7765,205.61,8418.0,1727259.957
2025-12-02 23:00:00+00:00,1764716400000,205.5,205.5,204.77,204.84,4525.0,927783.8275
2025-12-03 00:00:00+00:00,1764720000000,204.99,205.0,204.5001,204.5001,12853.0,2631464.0962
2025-12-03 01:00:00+00:00,1764723600000,204.87,204.87,201.17,201.63,7335.0,1487858.49
2025-12-03 02:00:00+00:00,1764727200000,201.89,204.4,201.89,204.12,2739.0,556831.84
2025-12-03 03:00:00+00:00,1764730800000,203.87,203.97,203.1,203.54,940.0,191364.28
2025-12-03 04:00:00+00:00,1764734400000,203.21,203.99,203.0,203.89,819.0,166588.85
2025-12-03 05:00:00+00:00,1764738000000,203.91,205.0,203.91,204.06,5823.0,1190149.09
2025-12-03 06:00:00+00:00,1764741600000,204.25,204.67,201.91,202.05,10615.0,2159549.4
2025-12-03 07:00:00+00:00,1764745200000,202.05,203.49,202.04,202.61,4283.0,867653.51
2025-12-03 08:00:00+00:00,1764748800000,202.49,202.98,201.0,201.75,8880.0,1789484.39
2025-12-03 09:00:00+00:00,1764752400000,202.87,204.26,201.7,203.56,35016.0,7109669.6496
2025-12-03 10:00:00+00:00,1764756000000,203.65,203.65,201.37,201.37,44428.0,8995066.1492
2025-12-03 11:00:00+00:00,1764759600000,201.56,202.0,198.62,202.0,16969.0,3405919.2598
2025-12-03 12:00:00+00:00,1764763200000,201.67,202.49,201.03,201.84,13866.0,2797945.2636
2025-12-03 13:00:00+00:00,1764766800000,201.2,204.84,200.0,202.0,89464.0,18084682.3872
2025-12-03 14:00:00+00:00,1764770400000,196.395,202.19,191.5801,193.38,2286638.0,447013947.9648
2025-12-03 15:00:00+00:00,1764774000000,192.97,195.72,189.8,194.685,2019871.0,389362857.1602
2025-12-03 16:00:00+00:00,1764777600000,194.94,195.15,188.3,189.685,1178431.0,225796453.5187
2025-12-03 17:00:00+00:00,1764781200000,189.97,192.9,189.81,191.71,655874.0,125493094.7128
2025-12-03 18:00:00+00:00,1764784800000,191.845,191.93,190.0,190.2,495695.0,94508514.727
2025-12-03 19:00:00+00:00,1764788400000,190.49,192.72,187.7,192.1,1155119.0,218866634.5726
2025-12-03 20:00:00+00:00,1764792000000,192.39,194.9255,192.1287,194.56,1398925.0,271094178.4375
2025-12-03 21:00:00+00:00,1764795600000,194.38,194.68,193.0,193.6,36327.0,7053751.6326
2025-12-03 22:00:00+00:00,1764799200000,193.71,193.71,189.18,191.0,81562.0,15679136.3196
2025-12-03 23:00:00+00:00,1764802800000,191.0,192.2,190.5712,191.7,21366.0,4089027.2166
2025-12-04 00:00:00+00:00,1764806400000,191.84,192.46,191.7,191.948,13235.0,2541027.355
2025-12-04 01:00:00+00:00,1764810000000,192.5,192.5,190.52,191.39,3797.0,726484.49
2025-12-04 02:00:00+00:00,1764813600000,191.39,191.63,190.5,191.11,5138.0,981658.26
2025-12-04 03:00:00+00:00,1764817200000,191.12,191.59,191.06,191.41,3951.0,755918.81
2025-12-04 04:00:00+00:00,1764820800000,191.38,192.28,191.26,192.27,2093.0,401829.1
2025-12-04 05:00:00+00:00,1764824400000,192.28,192.69,192.25,192.41,2987.0,574800.0
2025-12-04 06:00:00+00:00,1764828000000,192.35,193.39,192.35,193.29,5086.0,979844.44
2025-12-04 07:00:00+00:00,1764831600000,193.28,193.29,192.87,193.11,1471.0,283931.62
2025-12-04 08:00:00+00:00,1764835200000,193.04,193.07,192.09,192.17,2140.0,411649.08
2025-12-04 09:00:00+00:00,1764838800000,193.0,193.17,192.15,192.7,8494.0,1637345.0606
2025-12-04 10:00:00+00:00,1764842400000,192.4,193.1,192.4,192.96,1492.0,287720.5624
2025-12-04 11:00:00+00:00,1764846000000,192.55,193.22,192.48,193.22,3565.0,686732.7235
2025-12-04 12:00:00+00:00,1764849600000,192.78,193.27,191.1,191.1,15510.0,2980624.944
2025-12-04 13:00:00+00:00,1764853200000,192.0,193.38,189.8,190.4799,65540.0,12546754.764
2025-12-04 14:00:00+00:00,1764856800000,192.325,199.67,189.68,198.245,1971172.0,384598128.5608
2025-12-04 15:00:00+00:00,1764860400000,198.255,210.0,197.0,209.43,3705002.0,757460241.8852
2025-12-04 16:00:00+00:00,1764864000000,210.24,214.99,208.046,211.84,2446724.0,515330232.242
2025-12-04 17:00:00+00:00,1764867600000,212.42,214.9437,211.57,214.6,1037602.0,221416381.0248
2025-12-04 18:00:00+00:00,1764871200000,214.67,214.86,211.61,213.41,804472.0,171448187.7208
2025-12-04 19:00:00+00:00,1764874800000,213.91,214.1799,210.3601,213.24,633745.0,134812771.38
2025-12-04 20:00:00+00:00,1764878400000,213.74,214.99,212.0,213.39,1113413.0,237413722.0378
2025-12-04 21:00:00+00:00,1764882000000,213.31,214.0,213.0,213.51,22567.0,4816594.4151
2025-12-04 22:00:00+00:00,1764885600000,213.6,213.8,213.212,213.39,13612.0,2906193.3076
2025-12-04 23:00:00+00:00,1764889200000,213.45,213.45,213.0,213.38,6884.0,1467621.3004
2025-12-05 00:00:00+00:00,1764892800000,213.19,213.37,213.1,213.21,10756.0,2293597.6084
2025-12-05 01:00:00+00:00,1764896400000,213.46,213.92,211.88,213.49,3074.0,655463.42
2025-12-05 02:00:00+00:00,1764900000000,213.75,214.5,213.15,213.36,1392.0,297886.5
2025-12-05 03:00:00+00:00,1764903600000,213.36,214.0,211.79,212.96,9158.0,1950910.62
2025-12-05 04:00:00+00:00,1764907200000,212.93,213.6,212.63,213.3,1522.0,324093.82
2025-12-05 05:00:00+00:00,1764910800000,213.3,214.41,213.2,214.04,4380.0,934810.99
2025-12-05 06:00:00+00:00,1764914400000,214.28,214.41,213.63,214.32,1844.0,394772.1
2025-12-05 07:00:00+00:00,1764918000000,214.11,214.84,213.83,214.84,1114.0,238909.98
2025-12-05 08:00:00+00:00,1764921600000,214.84,215.69,214.51,214.51,3932.0,846055.91
2025-12-05 09:00:00+00:00,1764925200000,213.32,215.5,213.32,215.5,17093.0,3672340.4571
2025-12-05 10:00:00+00:00,1764928800000,215.61,215.99,215.4,215.4,4308.0,929402.7504
2025-12-05 11:00:00+00:00,1764932400000,215.78,217.41,215.7,216.55,19523.0,4224373.0739
2025-12-05 12:00:00+00:00,1764936000000,216.5,217.03,215.42,216.1,19057.0,4117402.0604
2025-12-05 13:00:00+00:00,1764939600000,217.0,218.0,211.11,211.7,115762.0,24800827.7276
2025-12-05 14:00:00+00:00,1764943200000,212.28,217.68,211.25,215.435,1347985.0,289857484.147
2025-12-05 15:00:00+00:00,1764946800000,215.555,220.2,214.5101,216.23,1620063.0,352835140.833
2025-12-05 16:00:00+00:00,1764950400000,216.28,224.5,216.05,223.57,1176529.0,258578014.2316
2025-12-05 17:00:00+00:00,1764954000000,223.38,225.99,223.0,225.43,980361.0,220164767.6472
2025-12-05 18:00:00+00:00,1764957600000,225.39,227.87,224.75,227.345,694368.0,157200332.3712
2025-12-05 19:00:00+00:00,1764961200000,227.06,229.45,225.67,229.04,785134.0,178499508.2794
2025-12-05 20:00:00+00:00,1764964800000,228.52,228.98,226.5,228.55,1343585.0,306419204.3265
2025-12-05 21:00:00+00:00,1764968400000,228.47,228.9,228.01,228.79,35433.0,8098853.4873
2025-12-05 22:00:00+00:00,1764972000000,228.52,228.8599,226.61,227.98,22769.0,5193825.2055
2025-12-05 23:00:00+00:00,1764975600000,227.86,227.86,226.79,227.1,5567.0,1265892.9341
2025-12-06 00:00:00+00:00,1764979200000,227.2,228.0,227.2,227.6,8347.0,1901187.0083
2025-12-08 01:00:00+00:00,1765155600000,227.7,228.47,225.18,225.21,6989.0,1580824.96
2025-12-08 02:00:00+00:00,1765159200000,225.21,226.99,225.19,226.31,6757.0,1526291.84
2025-12-08 03:00:00+00:00,1765162800000,226.15,226.85,225.66,226.14,2861.0,647002.12
2025-12-08 04:00:00+00:00,1765166400000,226.18,228.35,226.09,228.34,6237.0,1417515.51
2025-12-08 05:00:00+00:00,1765170000000,228.34,234.81,227.81,233.69,17382.0,4035207.78000001
2025-12-08 06:00:00+00:00,1765173600000,233.71,236.02,233.13,234.5,13202.0,3098129.65
2025-12-08 07:00:00+00:00,1765177200000,234.5,234.5,231.08,231.09,13885.0,3235793.88
2025-12-08 08:00:00+00:00,1765180800000,231.09,232.88,230.56,230.99,3781.0,876246.3
2025-12-08 09:00:00+00:00,1765184400000,231.12,232.98,230.5,232.0,21917.0,5081590.1437
2025-12-08 10:00:00+00:00,1765188000000,232.03,235.0,231.67,234.7,30524.0,7137539.8588
2025-12-08 11:00:00+00:00,1765191600000,234.42,235.4,232.53,234.5,171654.0,40070377.6326
2025-12-08 12:00:00+00:00,1765195200000,234.1,238.51,233.62,238.0,69998.0,16560861.819
2025-12-08 13:00:00+00:00,1765198800000,235.86,238.5375,228.47,237.0,223581.0,52657193.4513
2025-12-08 14:00:00+00:00,1765202400000,234.77,238.86,223.1,223.475,1981151.0,455655418.5903
2025-12-08 15:00:00+00:00,1765206000000,224.69,226.64,216.82,217.23,1832436.0,406219543.3008
2025-12-08 16:00:00+00:00,1765209600000,217.24,222.37,215.6,221.95,962780.0,211169810.852
2025-12-08 17:00:00+00:00,1765213200000,221.85,225.69,220.0698,224.83,510831.0,114038678.6865
2025-12-08 18:00:00+00:00,1765216800000,225.08,226.6699,223.11,223.95,460512.0,103383055.9008
2025-12-08 19:00:00+00:00,1765220400000,224.15,224.5,223.28,223.765,199504.0,44681873.4592
2025-12-08 20:00:00+00:00,1765224000000,223.79,225.56,222.39,225.46,605855.0,135632152.995
2025-12-08 21:00:00+00:00,1765227600000,225.47,226.0,224.63,225.2,37070.0,8353146.208
2025-12-08 22:00:00+00:00,1765231200000,225.9,226.1433,225.4,225.74,324978.0,73274837.0214
2025-12-08 23:00:00+00:00,1765234800000,225.47,226.15,225.47,226.15,14114.0,3186641.9832
2025-12-09 00:00:00+00:00,1765238400000,226.1,226.6,225.95,225.95,16342.0,3695679.5662
2025-12-09 01:00:00+00:00,1765242000000,226.07,226.07,224.47,225.31,1455.0,327773.49
2025-12-09 02:00:00+00:00,1765245600000,225.31,225.93,225.06,225.09,2641.0,595658.45
2025-12-09 03:00:00+00:00,1765249200000,225.19,225.46,223.51,223.54,3673.0,822947.75
2025-12-09 04:00:00+00:00,1765252800000,223.51,224.47,223.51,224.41,1591.0,356079.04
2025-12-09 05:00:00+00:00,1765256400000,224.39,224.99,223.23,223.35,3501.0,784346.27
2025-12-09 06:00:00+00:00,1765260000000,223.28,223.29,219.39,221.6,8911.0,1972891.72
2025-12-09 07:00:00+00:00,1765263600000,221.65,222.89,221.47,222.73,5033.0,1118689.69
2025-12-09 08:00:00+00:00,1765267200000,222.97,223.59,222.38,223.0,1538.0,342969.74
2025-12-09 09:00:00+00:00,1765270800000,224.0,225.53,223.5,224.7,22535.0,5062106.9085
2025-12-09 10:00:00+00:00,1765274400000,224.5,224.5,223.65,224.24,1612.0,361141.6796
2025-12-09 11:00:00+00:00,1765278000000,224.27,224.32,223.35,223.84,3346.0,749581.6272
2025-12-09 12:00:00+00:00,1765281600000,223.54,223.54,223.54,223.54,233.0,52085.9617
2025-12-09 13:00:00+00:00,1765285200000,224.5,225.03,220.0,220.55,699077.0,157416201.4444
2025-12-09 14:00:00+00:00,1765288800000,221.78,222.27,214.37,215.45,1279964.0,278614243.754
2025-12-09 15:00:00+00:00,1765292400000,215.5,223.2,213.5,222.69,1356113.0,295481563.0118
2025-12-09 16:00:00+00:00,1765296000000,223.01,224.3302,217.66,219.11,871207.0,192665250.0325
2025-12-09 17:00:00+00:00,1765299600000,220.06,221.19,219.0,220.12,310011.0,68238009.2628
2025-12-09 18:00:00+00:00,1765303200000,220.275,220.62,218.0,218.89,267674.0,58677647.3294
2025-12-09 19:00:00+00:00,1765306800000,219.23,220.96,218.4201,218.74,261166.0,57360828.7776
2025-12-09 20:00:00+00:00,1765310400000,218.27,219.9,218.0,219.44,561848.0,123112077.5752
2025-12-09 21:00:00+00:00,1765314000000,219.46,219.46,218.013,219.29,50725.0,11130683.1275
2025-12-09 22:00:00+00:00,1765317600000,219.25,219.3999,218.7076,218.7076,4777.0,1046241.3428
2025-12-09 23:00:00+00:00,1765321200000,218.85,219.1896,218.64,218.64,2131.0,466407.0687
2025-12-10 00:00:00+00:00,1765324800000,218.6,219.4,218.57,219.4,3157.0,690443.7925
2025-12-10 01:00:00+00:00,1765328400000,219.41,220.01,216.99,217.6,2201.0,479715.8
2025-12-10 02:00:00+00:00,1765332000000,217.5,218.0,216.81,217.76,2572.0,558271.57
2025-12-10 03:00:00+00:00,1765335600000,217.71,218.69,217.64,218.64,716.0,156134.57
2025-12-10 04:00:00+00:00,1765339200000,218.64,219.3,217.99,218.17,2537.0,555539.94
2025-12-10 05:00:00+00:00,1765342800000,218.17,218.48,217.9,217.92,1474.0,321580.55
2025-12-10 06:00:00+00:00,1765346400000,217.93,218.5,217.93,218.01,1462.0,319045.75
2025-12-10 07:00:00+00:00,1765350000000,218.22,218.5,218.05,218.11,610.0,133142.85
2025-12-10 08:00:00+00:00,1765353600000,218.22,218.5,218.06,218.31,1128.0,246287.78
2025-12-10 09:00:00+00:00,1765357200000,218.5,219.29,217.0,219.25,17580.0,3838048.02
2025-12-10 10:00:00+00:00,1765360800000,218.83,218.83,217.58,217.81,3501.0,764188.4772
2025-12-10 11:00:00+00:00,1765364400000,218.5,218.5,218.21,218.48,907.0,197891.7089
2025-12-10 12:00:00+00:00,1765368000000,217.25,217.25,217.0,217.22,2254.0,489378.1116
2025-12-10 13:00:00+00:00,1765371600000,217.1,219.5,217.0,218.1801,45332.0,9878255.3212
2025-12-10 14:00:00+00:00,1765375200000,218.5,222.74,215.2,220.08,699265.0,153376015.9085
2025-12-10 15:00:00+00:00,1765378800000,219.645,221.6,218.1801,219.94,519553.0,114288827.0409
2025-12-10 16:00:00+00:00,1765382400000,219.79,227.37,219.56,225.83,1093687.0,245476625.3569
2025-12-10 17:00:00+00:00,1765386000000,225.97,226.29,222.22,224.56,382587.0,85823407.9293
2025-12-10 18:00:00+00:00,1765389600000,224.48,225.84,223.6,224.12,283770.0,63766467.486
2025-12-10 19:00:00+00:00,1765393200000,224.26,230.2567,222.83,229.435,1054200.0,239057244.3
2025-12-10 20:00:00+00:00,1765396800000,230.52,234.17,227.3,232.87,1496403.0,346149139.0824
2025-12-10 21:00:00+00:00,1765400400000,232.86,233.88,230.3,233.65,46715.0,10856921.034
2025-12-10 22:00:00+00:00,1765404000000,233.65,233.65,228.3,231.62,21554.0,4967315.4414
2025-12-10 23:00:00+00:00,1765407600000,231.142,231.142,228.2,229.24,23762.0,5445399.7204
2025-12-11 00:00:00+00:00,1765411200000,228.66,229.5,228.5028,229.0,9269.0,2122373.9095
2025-12-11 01:00:00+00:00,1765414800000,229.49,229.74,228.01,229.29,5197.0,1188617.14
2025-12-11 02:00:00+00:00,1765418400000,229.31,229.4,224.99,224.99,8872.0,2016974.97
2025-12-11 03:00:00+00:00,1765422000000,225.06,226.01,221.61,225.77,10950.0,2451871.17
2025-12-11 04:00:00+00:00,1765425600000,225.77,229.15,225.77,228.69,7536.0,1720387.62
2025-12-11 05:00:00+00:00,1765429200000,228.69,228.91,226.88,227.63,3988.0,909328.6
2025-12-11 06:00:00+00:00,1765432800000,227.22,227.85,225.82,226.81,3078.0,697593.43
2025-12-11 07:00:00+00:00,1765436400000,226.48,227.8,225.32,227.58,1825.0,413498.39
2025-12-11 08:00:00+00:00,1765440000000,227.17,227.85,225.82,227.85,1443.0,327518.79
2025-12-11 09:00:00+00:00,1765443600000,226.9,229.0,226.89,228.84,49612.0,11332784.8196
2025-12-11 10:00:00+00:00,1765447200000,228.5,229.18,228.5,229.02,3563.0,815938.4016
2025-12-11 11:00:00+00:00,1765450800000,229.0,230.08,229.0,230.08,5231.0,1200952.3347
2025-12-11 12:00:00+00:00,1765454400000,229.76,230.85,228.52,230.0,19279.0,4423570.4058
2025-12-11 13:00:00+00:00,1765458000000,229.7,230.6361,226.0,227.81,84403.0,19258519.4802
2025-12-11 14:00:00+00:00,1765461600000,229.965,232.5606,218.985,219.23,1134804.0,254533473.2292
2025-12-11 15:00:00+00:00,1765465200000,218.95,230.5,217.67,229.04,1338353.0,301954118.1186
2025-12-11 16:00:00+00:00,1765468800000,228.84,234.8297,228.1501,232.0,1039846.0,240992213.3296
2025-12-11 17:00:00+00:00,1765472400000,232.11,243.64,231.4147,238.8,1400241.0,334413536.9937
2025-12-11 18:00:00+00:00,1765476000000,239.525,242.3,237.91,241.31,645257.0,154781797.1834
2025-12-11 19:00:00+00:00,1765479600000,241.67,243.4475,240.5201,241.82,500077.0,121005131.921
2025-12-11 20:00:00+00:00,1765483200000,242.14,244.19,240.74,241.61,962259.0,233353292.3763
2025-12-11 21:00:00+00:00,1765486800000,241.61,245.5,241.01,245.2175,48071.0,11705475.9769
2025-12-11 22:00:00+00:00,1765490400000,244.6,244.88,233.88,237.51,116161.0,27870508.73
2025-12-11 23:00:00+00:00,1765494000000,238.0,240.0,236.0,236.4,19780.0,4695176.622
2025-12-12 00:00:00+00:00,1765497600000,236.26,238.99,236.26,236.26,9705.0,2302091.0235
2025-12-12 01:00:00+00:00,1765501200000,236.24,238.51,236.24,238.49,3648.0,866245.36
2025-12-12 02:00:00+00:00,1765504800000,238.12,239.49,237.59,237.81,3547.0,844532.22
2025-12-12 03:00:00+00:00,1765508400000,237.83,238.37,237.03,237.96,1018.0,242113.36
2025-12-12 04:00:00+00:00,1765512000000,237.86,238.03,237.49,237.99,1042.0,247827.49
2025-12-12 05:00:00+00:00,1765515600000,237.99,238.67,237.94,238.67,2192.0,522079.38
2025-12-12 06:00:00+00:00,1765519200000,238.49,238.69,236.72,237.18,5213.0,1239773.52
2025-12-12 07:00:00+00:00,1765522800000,237.3,237.99,234.02,234.36,11155.0,2621789.08
2025-12-12 08:00:00+00:00,1765526400000,234.35,236.02,232.49,236.0,15558.0,3641428.05
2025-12-12 09:00:00+00:00,1765530000000,236.85,236.85,232.0,232.0,34684.0,8112761.02
2025-12-12 10:00:00+00:00,1765533600000,232.13,233.02,230.75,232.56,25721.0,5957320.5451
2025-12-12 11:00:00+00:00,1765537200000,232.82,233.5,231.81,232.18,7636.0,1775225.6796
2025-12-12 12:00:00+00:00,1765540800000,233.3,234.5,232.8,234.2,19669.0,4598116.5412
2025-12-12 13:00:00+00:00,1765544400000,233.54,238.36,231.0,235.1999,177004.0,41544254.832
2025-12-12 14:00:00+00:00,1765548000000,231.66,236.0,220.54,221.99,2125744.0,485303316.2864
2025-12-12 15:00:00+00:00,1765551600000,220.395,221.27,208.7,209.33,3404334.0,729052083.8694
2025-12-12 16:00:00+00:00,1765555200000,209.255,211.4099,205.19,209.68,1810078.0,377621730.5004
2025-12-12 17:00:00+00:00,1765558800000,211.11,214.3175,209.39,212.33,1080472.0,229133752.1904
2025-12-12 18:00:00+00:00,1765562400000,211.93,214.95,208.832,209.04,718540.0,152490786.274
2025-12-12 19:00:00+00:00,1765566000000,209.355,209.8499,207.3301,208.18,699969.0,145862340.096
2025-12-12 20:00:00+00:00,1765569600000,208.17,208.9799,204.8,206.12,1552715.0,320550558.718
2025-12-12 21:00:00+00:00,1765573200000,206.18,207.66,204.68,205.95,43881.0,9038191.5105
2025-12-12 22:00:00+00:00,1765576800000,206.0,206.3,205.33,205.45,73754.0,15202196.6062
2025-12-12 23:00:00+00:00,1765580400000,205.02,205.5,203.081,203.5155,26358.0,5389915.7904
2025-12-13 00:00:00+00:00,1765584000000,203.9662,203.99,203.21,203.21,18807.0,3829560.3294
2025-12-15 01:00:00+00:00,1765760400000,204.01,208.17,201.99,203.99,14126.0,2890297.62
2025-12-15 02:00:00+00:00,1765764000000,203.99,204.79,202.37,203.53,7396.0,1503230.99
2025-12-15 03:00:00+00:00,1765767600000,203.97,203.97,202.02,203.12,4505.0,915239.8
2025-12-15 04:00:00+00:00,1765771200000,203.36,203.53,202.6,203.47,1953.0,396913.51
2025-12-15 05:00:00+00:00,1765774800000,203.47,205.69,203.47,204.72,7489.0,1530438.49
2025-12-15 06:00:00+00:00,1765778400000,204.73,205.3,204.37,204.39,2834.0,580039.3
2025-12-15 07:00:00+00:00,1765782000000,205.23,205.23,203.38,204.66,1725.0,352408.0
2025-12-15 08:00:00+00:00,1765785600000,204.63,205.1,203.4,204.91,1955.0,399373.13
2025-12-15 09:00:00+00:00,1765789200000,205.06,209.3,205.06,208.06,15532.0,3223335.7684
2025-12-15 10:00:00+00:00,1765792800000,208.23,208.49,207.66,208.0,10931.0,2273749.6583
2025-12-15 11:00:00+00:00,1765796400000,208.15,214.0,208.15,211.89,53455.0,11293074.356
2025-12-15 12:00:00+00:00,1765800000000,211.5,212.69,210.94,212.4,27510.0,5824021.056
2025-12-15 13:00:00+00:00,1765803600000,211.8,214.88,203.4,213.31,127927.0,27033559.2254
2025-12-15 14:00:00+00:00,1765807200000,214.445,217.0,205.07,206.67,1595295.0,337072433.022
2025-12-15 15:00:00+00:00,1765810800000,207.0,214.64,202.0486,203.78,1261087.0,260117857.8376
2025-12-15 16:00:00+00:00,1765814400000,204.965,208.8799,203.76,207.45,893627.0,184198329.1988
2025-12-15 17:00:00+00:00,1765818000000,207.88,207.99,204.26,205.305,410143.0,84456892.6458
2025-12-15 18:00:00+00:00,1765821600000,205.03,205.52,203.51,205.07,238374.0,48789269.9622
2025-12-15 19:00:00+00:00,1765825200000,204.72,205.0299,203.22,204.13,282915.0,57749401.962
2025-12-15 20:00:00+00:00,1765828800000,203.15,204.2783,200.3418,201.84,799804.0,161789711.8068
2025-12-15 21:00:00+00:00,1765832400000,201.87,202.6356,200.8,201.53,27108.0,5459613.5484
2025-12-15 22:00:00+00:00,1765836000000,201.89,202.44,200.2,200.2,15003.0,3012735.9267
2025-12-15 23:00:00+00:00,1765839600000,200.52,201.0,200.04,200.0572,5323.0,1067371.1538
2025-12-16 00:00:00+00:00,1765843200000,200.4264,200.4264,200.01,200.07,12659.0,2533760.8791
2025-12-16 01:00:00+00:00,1765846800000,200.01,201.0,196.5,197.94,11614.0,2308982.83
2025-12-16 02:00:00+00:00,1765850400000,197.86,198.0,197.07,197.49,5092.0,1006292.04
2025-12-16 03:00:00+00:00,1765854000000,197.79,197.8,195.47,197.03,8150.0,1600264.15
2025-12-16 04:00:00+00:00,1765857600000,197.02,198.19,196.21,197.97,3830.0,755034.48
2025-12-16 05:00:00+00:00,1765861200000,197.99,198.48,197.53,198.03,3701.0,732795.11
2025-12-16 06:00:00+00:00,1765864800000,197.94,198.27,196.99,197.2,3972.0,784073.93
2025-12-16 07:00:00+00:00,1765868400000,197.2,198.18,197.2,197.84,2629.0,519859.02
2025-12-16 08:00:00+00:00,1765872000000,197.83,200.54,197.83,200.01,4118.0,820681.34
2025-12-16 09:00:00+00:00,1765875600000,200.0,205.11,199.5,204.16,53478.0,10798930.1916
2025-12-16 10:00:00+00:00,1765879200000,203.5,206.94,203.5,205.03,11047.0,2266975.8593
2025-12-16 11:00:00+00:00,1765882800000,205.36,205.36,204.12,205.36,4054.0,829654.7486
2025-12-16 12:00:00+00:00,1765886400000,205.2,205.2,203.51,203.51,16215.0,3313906.5735
2025-12-16 13:00:00+00:00,1765890000000,203.1,206.24,197.0,202.8372,66464.0,13450638.7072
2025-12-16 14:00:00+00:00,1765893600000,203.13,208.8,200.02,208.0,1099788.0,226064172.87
2025-12-16 15:00:00+00:00,1765897200000,206.78,208.2,202.4354,206.52,919733.0,188759286.8691
2025-12-16 16:00:00+00:00,1765900800000,207.22,207.4,199.5,204.46,905843.0,183224320.1042
2025-12-16 17:00:00+00:00,1765904400000,204.0,206.025,202.65,206.015,652128.0,133128996.624
2025-12-16 18:00:00+00:00,1765908000000,206.12,210.18,204.0,209.965,734690.0,152534060.261
2025-12-16 19:00:00+00:00,1765911600000,209.5,210.0,207.48,208.73,384966.0,80329315.356
2025-12-16 20:00:00+00:00,1765915200000,208.35,210.5,207.2001,209.32,762919.0,159639198.6201
2025-12-16 21:00:00+00:00,1765918800000,209.31,209.31,208.02,208.75,16623.0,3463902.4023
2025-12-16 22:00:00+00:00,1765922400000,208.34,209.1,208.23,208.9,3673.0,766261.9946
2025-12-16 23:00:00+00:00,1765926000000,208.92,209.1,208.4,208.75,4077.0,850659.1191
2025-12-17 00:00:00+00:00,1765929600000,208.9,209.0,208.0,208.36,8452.0,1762141.4212
2025-12-17 01:00:00+00:00,1765933200000,207.99,208.99,207.95,208.51,1087.0,226775.9
2025-12-17 02:00:00+00:00,1765936800000,208.76,211.81,208.76,210.03,2730.0,575021.67
2025-12-17 03:00:00+00:00,1765940400000,210.05,211.07,210.05,210.28,1756.0,369792.37
2025-12-17 04:00:00+00:00,1765944000000,210.3,210.63,209.9,209.91,816.0,171534.96
2025-12-17 05:00:00+00:00,1765947600000,209.87,211.0,208.51,210.86,4794.0,1006747.2
2025-12-17 06:00:00+00:00,1765951200000,210.82,213.96,210.53,212.98,16666.0,3545826.94
2025-12-17 07:00:00+00:00,1765954800000,212.81,214.01,212.5,213.93,4267.0,909896.4
2025-12-17 08:00:00+00:00,1765958400000,213.92,214.1,213.06,213.89,3668.0,783808.24
2025-12-17 09:00:00+00:00,1765962000000,213.9,216.31,212.7,215.0,29694.0,6383776.4676
2025-12-17 10:00:00+00:00,1765965600000,214.79,215.23,214.0,214.0,27840.0,5978044.224
2025-12-17 11:00:00+00:00,1765969200000,214.06,214.77,214.0,214.2,2550.0,546294.915
2025-12-17 12:00:00+00:00,1765972800000,214.39,215.0,212.97,214.2,26665.0,5712874.923
2025-12-17 13:00:00+00:00,1765976400000,213.979,216.06,208.84,214.5,128677.0,27445041.2251
2025-12-17 14:00:00+00:00,1765980000000,218.87,221.99,212.31,218.0,1650879.0,358449744.2814
2025-12-17 15:00:00+00:00,1765983600000,217.94,220.5,208.5,209.975,1751184.0,376267099.4496
2025-12-17 16:00:00+00:00,1765987200000,209.82,213.5,208.73,211.835,821274.0,173399275.353
2025-12-17 17:00:00+00:00,1765990800000,212.28,212.7406,209.08,211.93,577287.0,121744228.6161
2025-12-17 18:00:00+00:00,1765994400000,211.75,213.99,207.0,208.48,633950.0,133229220.335
2025-12-17 19:00:00+00:00,1765998000000,208.83,208.96,206.1,208.31,506954.0,105208569.1832
2025-12-17 20:00:00+00:00,1766001600000,208.365,208.57,205.52,206.8,889176.0,183731503.8912
2025-12-17 21:00:00+00:00,1766005200000,206.83,216.83,206.83,213.39,440773.0,93661133.0117
2025-12-17 22:00:00+00:00,1766008800000,213.74,217.5,212.72,217.5,90668.0,19574368.9208
2025-12-17 23:00:00+00:00,1766012400000,217.5,217.5,214.05,214.5,24568.0,5302902.0712
2025-12-18 00:00:00+00:00,1766016000000,214.9037,215.95,213.5,215.75,22985.0,4932468.3735
2025-12-18 01:00:00+00:00,1766019600000,215.93,217.64,215.01,215.48,7782.0,1680210.09
2025-12-18 02:00:00+00:00,1766023200000,215.47,215.65,214.25,215.38,3373.0,726102.53
2025-12-18 03:00:00+00:00,1766026800000,215.11,215.27,213.5,213.5,4550.0,974264.37
2025-12-18 04:00:00+00:00,1766030400000,213.52,214.34,213.2,214.23,5792.0,1238833.48
2025-12-18 05:00:00+00:00,1766034000000,214.33,216.6,214.33,216.49,7892.0,1700206.02
2025-12-18 06:00:00+00:00,1766037600000,216.33,217.2,215.76,217.01,5227.0,1132662.35
2025-12-18 07:00:00+00:00,1766041200000,217.1,218.76,217.1,217.61,8755.0,1908521.21
2025-12-18 08:00:00+00:00,1766044800000,217.61,217.79,216.41,217.79,4145.0,898985.47
2025-12-18 09:00:00+00:00,1766048400000,217.25,218.7,215.8,218.7,18735.0,4065043.4865
2025-12-18 10:00:00+00:00,1766052000000,218.69,219.8,218.01,218.94,26539.0,5810281.4643
2025-12-18 11:00:00+00:00,1766055600000,219.5,224.22,219.5,222.96,79120.0,17574814.832
2025-12-18 12:00:00+00:00,1766059200000,222.65,227.0,222.51,224.19,78788.0,17697801.7728
2025-12-18 13:00:00+00:00,1766062800000,224.0,227.3,214.56,223.13,347999.0,77783448.8837
2025-12-18 14:00:00+00:00,1766066400000,222.745,231.0,219.5,223.27,2369874.0,533382564.4446
2025-12-18 15:00:00+00:00,1766070000000,223.15,229.67,219.59,223.46,1996955.0,449249574.5715
2025-12-18 16:00:00+00:00,1766073600000,224.5,226.8099,220.37,220.75,909292.0,202786755.6012
2025-12-18 17:00:00+00:00,1766077200000,220.67,220.67,214.0,218.62,1098979.0,238567789.9927
2025-12-18 18:00:00+00:00,1766080800000,219.44,226.46,218.48,224.3,874818.0,195301893.7548
2025-12-18 19:00:00+00:00,1766084400000,224.22,224.92,218.0,218.8,621175.0,137531188.7575
2025-12-18 20:00:00+00:00,1766088000000,218.27,223.2,217.7051,219.31,957835.0,211393609.799
2025-12-18 21:00:00+00:00,1766091600000,219.46,220.0,218.5095,219.46,28312.0,6210092.8088
2025-12-18 22:00:00+00:00,1766095200000,219.01,220.99,219.0,220.3,2619.0,575229.303
2025-12-18 23:00:00+00:00,1766098800000,220.5,221.0,220.5,221.0,21022.0,4622756.7198
2025-12-19 00:00:00+00:00,1766102400000,221.2,221.45,220.75,221.0,3792.0,838560.984
2025-12-19 01:00:00+00:00,1766106000000,221.07,222.19,220.0,220.65,1625.0,359025.51
2025-12-19 02:00:00+00:00,1766109600000,220.78,220.79,220.0,220.0,1452.0,320008.36
2025-12-19 03:00:00+00:00,1766113200000,220.04,222.26,219.57,221.54,2791.0,616498.75
2025-12-19 04:00:00+00:00,1766116800000,221.53,222.61,221.53,222.61,971.0,215661.04
2025-12-19 05:00:00+00:00,1766120400000,222.61,222.75,221.22,221.42,5467.0,1212850.78
2025-12-19 06:00:00+00:00,1766124000000,221.47,222.21,220.89,221.26,1030.0,227995.66
2025-12-19 07:00:00+00:00,1766127600000,221.25,222.33,221.14,221.98,2268.0,503138.72
2025-12-19 08:00:00+00:00,1766131200000,221.8,222.32,221.61,222.28,3988.0,885975.35
2025-12-19 09:00:00+00:00,1766134800000,222.95,223.36,222.94,223.36,3085.0,688474.8225
2025-12-19 10:00:00+00:00,1766138400000,223.49,223.5,222.22,222.55,5610.0,1250920.044
2025-12-19 11:00:00+00:00,1766142000000,222.5,222.75,221.99,222.48,4917.0,1093522.6071
2025-12-19 12:00:00+00:00,1766145600000,222.2,222.25,220.35,220.35,10463.0,2314778.6661
2025-12-19 13:00:00+00:00,1766149200000,222.01,224.0,220.0,220.55,39681.0,8792769.9384
2025-12-19 14:00:00+00:00,1766152800000,221.51,242.63,220.0,239.75,2317772.0,540691011.046
2025-12-19 15:00:00+00:00,1766156400000,240.705,241.85,232.0,235.13,1553639.0,367176476.5148
2025-12-19 16:00:00+00:00,1766160000000,234.69,239.1022,234.43,237.94,832092.0,197324626.7376
2025-12-19 17:00:00+00:00,1766163600000,238.3,243.71,237.82,237.83,1139125.0,274346751.0875
2025-12-19 18:00:00+00:00,1766167200000,237.96,239.5099,236.0,237.67,401753.0,95619021.8885
2025-12-19 19:00:00+00:00,1766170800000,237.59,237.84,235.35,235.56,371433.0,87877519.1865
2025-12-19 20:00:00+00:00,1766174400000,235.57,239.2,235.29,237.61,1365971.0,324118691.6568
2025-12-19 21:00:00+00:00,1766178000000,237.61,239.5,237.4,239.0,969412.0,230357108.1472
2025-12-19 22:00:00+00:00,1766181600000,239.3,239.45,238.88,239.0501,10827.0,2588797.4139
2025-12-19 23:00:00+00:00,1766185200000,238.88,239.35,238.8,239.35,6485.0,1550448.067
2025-12-20 00:00:00+00:00,1766188800000,239.3,239.5,239.0,239.38,14813.0,3544739.0496
2025-12-22 01:00:00+00:00,1766365200000,241.01,246.21,239.39,245.49,15166.0,3688785.46
2025-12-22 02:00:00+00:00,1766368800000,245.48,245.99,244.55,245.32,6451.0,1582285.11
2025-12-22 03:00:00+00:00,1766372400000,245.32,245.32,243.63,244.3,2876.0,702927.11
2025-12-22 04:00:00+00:00,1766376000000,244.28,244.85,243.6,244.73,2864.0,699462.54
2025-12-22 05:00:00+00:00,1766379600000,244.63,244.72,242.93,243.46,4854.0,1182364.0
2025-12-22 06:00:00+00:00,1766383200000,243.04,243.25,242.51,242.6,2022.0,491039.44
2025-12-22 07:00:00+00:00,1766386800000,242.62,242.78,241.49,241.64,3307.0,800185.4
2025-12-22 08:00:00+00:00,1766390400000,241.63,242.49,241.3,241.77,2369.0,573345.26
2025-12-22 09:00:00+00:00,1766394000000,243.0,244.07,241.7,243.99,17530.0,4258704.893
2025-12-22 10:00:00+00:00,1766397600000,243.0,243.9,243.0,243.69,3514.0,855283.7048
2025-12-22 11:00:00+00:00,1766401200000,243.69,244.82,243.5,244.0,10160.0,2480078.352
2025-12-22 12:00:00+00:00,1766404800000,243.83,247.88,243.1,247.41,57216.0,14021507.4432
2025-12-22 13:00:00+00:00,1766408400000,242.88,249.0,241.5,247.9693,307592.0,74064308.7
2025-12-22 14:00:00+00:00,1766412000000,249.49,252.0,237.72,239.685,2067786.0,502877284.056
2025-12-22 15:00:00+00:00,1766415600000,239.94,240.59,227.32,230.675,2024766.0,471852481.023
2025-12-22 16:00:00+00:00,1766419200000,230.68,230.89,226.6,229.63,861886.0,197049203.8816
2025-12-22 17:00:00+00:00,1766422800000,229.56,235.24,229.4606,233.95,802396.0,186841760.1008
2025-12-22 18:00:00+00:00,1766426400000,234.325,237.45,232.56,236.49,532147.0,125094722.0985
2025-12-22 19:00:00+00:00,1766430000000,236.89,242.8599,236.36,240.65,681544.0,163511265.672
2025-12-22 20:00:00+00:00,1766433600000,240.5,242.72,239.82,241.06,794086.0,191644874.0572
2025-12-22 21:00:00+00:00,1766437200000,241.05,241.9393,240.36,240.38,28196.0,6796673.996
2025-12-22 22:00:00+00:00,1766440800000,240.2,241.0,240.0,240.2476,5202.0,1249903.2672
2025-12-22 23:00:00+00:00,1766444400000,240.4003,240.49,240.14,240.19,3559.0,854927.6763
2025-12-23 00:00:00+00:00,1766448000000,240.35,240.76,239.13,240.68,7004.0,1682324.3792
2025-12-23 01:00:00+00:00,1766451600000,240.98,241.01,239.42,239.64,2516.0,604393.71
2025-12-23 02:00:00+00:00,1766455200000,239.73,240.26,239.56,240.12,1164.0,279502.67
2025-12-23 03:00:00+00:00,1766458800000,239.55,239.96,236.67,237.5,5225.0,1244759.3
2025-12-23 04:00:00+00:00,1766462400000,237.49,237.78,235.2,235.77,5481.0,1292930.39
2025-12-23 05:00:00+00:00,1766466000000,235.3,237.38,235.3,236.81,3410.0,807346.86
2025-12-23 06:00:00+00:00,1766469600000,236.84,237.32,236.35,236.48,2336.0,553189.1
2025-12-23 07:00:00+00:00,1766473200000,236.46,237.9,236.34,237.67,2414.0,571962.75
2025-12-23 08:00:00+00:00,1766476800000,237.53,237.89,237.2,237.51,2583.0,613699.04
2025-12-23 09:00:00+00:00,1766480400000,237.05,240.0,237.05,238.6,3603.0,859681.9251
2025-12-23 10:00:00+00:00,1766484000000,238.12,238.98,237.36,238.98,2822.0,672763.6712
2025-12-23 11:00:00+00:00,1766487600000,238.74,238.74,237.9,238.6,854.0,203562.429
2025-12-23 12:00:00+00:00,1766491200000,237.7,239.0,237.38,239.0,27051.0,6446604.963
2025-12-23 13:00:00+00:00,1766494800000,238.55,239.7,235.78,236.0,49253.0,11697094.97
2025-12-23 14:00:00+00:00,1766498400000,238.43,243.83,234.96,235.735,969382.0,231618124.9116
2025-12-23 15:00:00+00:00,1766502000000,235.08,245.5,234.0001,243.02,1146976.0,275407518.6112
2025-12-23 16:00:00+00:00,1766505600000,243.49,243.57,239.05,240.93,501034.0,120809217.8732
2025-12-23 17:00:00+00:00,1766509200000,241.075,244.3,239.42,240.245,479673.0,115799249.9817
2025-12-23 18:00:00+00:00,1766512800000,239.9,240.93,236.52,237.405,342756.0,81774486.5508
2025-12-23 19:00:00+00:00,1766516400000,237.555,243.85,237.13,243.23,480551.0,116177288.9335
2025-12-23 20:00:00+00:00,1766520000000,243.39,245.12,241.47,245.02,660376.0,160988574.4832
2025-12-23 21:00:00+00:00,1766523600000,244.9,244.9,244.0008,244.58,13244.0,3240155.1952
2025-12-23 22:00:00+00:00,1766527200000,244.63,244.75,244.3,244.65,2156.0,527352.21
2025-12-23 23:00:00+00:00,1766530800000,244.1624,244.46,244.01,244.46,2134.0,521352.4184
2025-12-24 00:00:00+00:00,1766534400000,244.45,244.95,244.3,244.55,4967.0,1215466.6228
2025-12-24 01:00:00+00:00,1766538000000,245.17,245.55,242.01,243.5,3401.0,828927.99
2025-12-24 02:00:00+00:00,1766541600000,243.0,244.31,243.0,243.33,2012.0,490400.63
2025-12-24 03:00:00+00:00,1766545200000,243.77,244.0,243.52,243.53,936.0,228182.17
2025-12-24 04:00:00+00:00,1766548800000,243.53,244.8,243.53,244.59,2461.0,601312.94
2025-12-24 05:00:00+00:00,1766552400000,244.65,244.8,244.25,244.59,1388.0,339217.36
2025-12-24 06:00:00+00:00,1766556000000,244.69,245.5,244.69,245.35,3228.0,791707.81
2025-12-24 07:00:00+00:00,1766559600000,245.35,245.92,244.75,245.16,5261.0,1291026.29
2025-12-24 08:00:00+00:00,1766563200000,245.22,245.65,245.12,245.21,886.0,217445.1
2025-12-24 09:00:00+00:00,1766566800000,241.6,249.7,241.6,247.38,12975.0,3205137.6975
2025-12-24 10:00:00+00:00,1766570400000,246.4,246.41,246.4,246.41,477.0,117532.6092
2025-12-24 11:00:00+00:00,1766574000000,246.03,246.03,246.03,246.03,522.0,128433.0366
2025-12-24 12:00:00+00:00,1766577600000,246.2,247.2,245.98,247.1,6383.0,1572810.7746
2025-12-24 13:00:00+00:00,1766581200000,246.0,247.8,244.25,246.5,77269.0,18973325.681
2025-12-24 14:00:00+00:00,1766584800000,246.76,258.48,244.3,253.79,1948289.0,494153890.8572
2025-12-24 15:00:00+00:00,1766588400000,254.1,261.37,251.5001,253.96,1877144.0,481109942.3416
2025-12-24 16:00:00+00:00,1766592000000,254.12,254.33,250.1,251.12,753717.0,190352283.5538
2025-12-24 17:00:00+00:00,1766595600000,249.595,251.74,248.3,250.08,774264.0,193794949.8648
2025-12-24 18:00:00+00:00,1766599200000,250.08,250.08,250.08,250.08,75945.0,18992325.6
2025-12-24 21:00:00+00:00,1766610000000,251.52,252.0,251.3936,252.0,6525.0,1641699.7875
2025-12-26 01:00:00+00:00,1766710800000,252.0,255.98,250.75,254.51,6861.0,1747160.8
2025-12-26 02:00:00+00:00,1766714400000,254.54,255.22,254.52,254.55,3885.0,990177.66
2025-12-26 03:00:00+00:00,1766718000000,254.54,254.95,254.2,254.84,2143.0,545781.8
2025-12-26 04:00:00+00:00,1766721600000,254.82,254.86,254.41,254.45,1697.0,432238.75
2025-12-26 05:00:00+00:00,1766725200000,254.45,254.8,253.85,254.79,4167.0,1059403.1
2025-12-26 06:00:00+00:00,1766728800000,254.81,255.5,254.62,255.23,4253.0,1084785.74
2025-12-26 07:00:00+00:00,1766732400000,255.23,256.19,255.23,255.67,2801.0,716341.35
2025-12-26 08:00:00+00:00,1766736000000,255.72,255.75,254.76,254.94,1917.0,489594.49
2025-12-26 09:00:00+00:00,1766739600000,253.31,258.79,253.31,258.25,17853.0,4586016.1545
2025-12-26 10:00:00+00:00,1766743200000,257.49,258.6,257.45,257.46,19694.0,5077617.3664
2025-12-26 11:00:00+00:00,1766746800000,257.08,257.68,256.78,257.56,19825.0,5099436.0625
2025-12-26 12:00:00+00:00,1766750400000,257.56,261.2,257.37,260.48,49574.0,12863322.7128
2025-12-26 13:00:00+00:00,1766754000000,258.6,261.2,254.0,258.7579,121259.0,31415636.2092
2025-12-26 14:00:00+00:00,1766757600000,259.06,261.5,245.17,246.35,1696361.0,426369141.3674
2025-12-26 15:00:00+00:00,1766761200000,246.9,251.2423,245.1,248.85,1073239.0,266188707.7643
2025-12-26 16:00:00+00:00,1766764800000,248.92,251.29,248.78,250.28,484417.0,121122803.1711
2025-12-26 17:00:00+00:00,1766768400000,251.05,252.99,248.88,252.58,474166.0,119078350.7452
2025-12-26 18:00:00+00:00,1766772000000,251.88,252.77,250.5175,251.48,334473.0,84256892.7462
2025-12-26 19:00:00+00:00,1766775600000,251.865,251.98,249.5,249.995,228634.0,57319001.068
2025-12-26 20:00:00+00:00,1766779200000,249.965,251.5,249.59,249.94,584861.0,146444983.4008
2025-12-26 21:00:00+00:00,1766782800000,250.05,250.5,249.81,250.4,163501.0,40884275.2552
2025-12-26 22:00:00+00:00,1766786400000,250.17,250.4,250.0,250.1699,8263.0,2066078.8674
2025-12-26 23:00:00+00:00,1766790000000,250.0,250.4414,249.75,250.17,70961.0,17743485.8216
2025-12-27 00:00:00+00:00,1766793600000,250.07,250.5,250.07,250.5,7737.0,1937038.4148
2025-12-29 01:00:00+00:00,1766970000000,252.99,253.0,248.49,249.84,3505.0,875222.44
2025-12-29 02:00:00+00:00,1766973600000,249.84,251.4,249.19,250.74,3079.0,771136.36
2025-12-29 03:00:00+00:00,1766977200000,250.75,250.9,250.25,250.77,1009.0,252941.7
2025-12-29 04:00:00+00:00,1766980800000,250.89,251.2,250.67,251.06,2144.0,537993.94
2025-12-29 05:00:00+00:00,1766984400000,250.91,251.05,249.2,249.2,4835.0,1208771.69
2025-12-29 06:00:00+00:00,1766988000000,249.39,250.0,247.33,247.59,4436.0,1102087.86
2025-12-29 07:00:00+00:00,1766991600000,247.61,247.99,246.29,246.97,4481.0,1107039.77
2025-12-29 08:00:00+00:00,1766995200000,247.0,247.0,244.51,244.54,4930.0,1210349.49
2025-12-29 09:00:00+00:00,1766998800000,248.1,248.22,244.87,245.15,7135.0,1750881.909
2025-12-29 10:00:00+00:00,1767002400000,244.31,245.49,242.29,243.52,9122.0,2223281.3428
2025-12-29 11:00:00+00:00,1767006000000,242.98,243.4,240.27,243.4,9970.0,2409054.091
2025-12-29 12:00:00+00:00,1767009600000,244.15,244.15,242.6,242.6,9716.0,2367191.666
2025-12-29 13:00:00+00:00,1767013200000,243.44,250.66,241.0,242.3,75540.0,18443884.17
2025-12-29 14:00:00+00:00,1767016800000,238.68,250.0,236.01,237.7,1861592.0,452039215.808
2025-12-29 15:00:00+00:00,1767020400000,238.01,243.0808,236.5,241.28,1056441.0,252712941.9156
2025-12-29 16:00:00+00:00,1767024000000,241.605,244.0,240.9,242.62,457448.0,110866228.1288
2025-12-29 17:00:00+00:00,1767027600000,242.64,243.4399,241.43,242.71,322165.0,78097338.5265
2025-12-29 18:00:00+00:00,1767031200000,242.715,245.88,242.0701,245.31,401522.0,98048781.4416
2025-12-29 19:00:00+00:00,1767034800000,244.99,247.72,244.0,246.34,443680.0,108932402.336
2025-12-29 20:00:00+00:00,1767038400000,246.38,247.62,243.95,244.14,592842.0,145533166.2438
2025-12-29 21:00:00+00:00,1767042000000,244.25,244.6,243.57,244.6,17095.0,4173573.3
2025-12-29 22:00:00+00:00,1767045600000,243.95,244.0,243.95,244.0,451.0,110034.1682
2025-12-29 23:00:00+00:00,1767049200000,243.9,243.97,243.2822,243.32,1931.0,470376.152
2025-12-30 00:00:00+00:00,1767052800000,243.25,243.48,242.0,242.1,5225.0,1269422.6325
2025-12-30 01:00:00+00:00,1767056400000,243.2,244.65,242.49,242.52,1204.0,292880.4
2025-12-30 02:00:00+00:00,1767060000000,242.73,243.93,242.51,243.0,619.0,150431.01
2025-12-30 03:00:00+00:00,1767063600000,243.01,243.26,242.76,242.9,436.0,105962.15
2025-12-30 04:00:00+00:00,1767067200000,242.91,244.33,242.91,244.32,1607.0,391610.13
2025-12-30 05:00:00+00:00,1767070800000,244.41,244.44,243.41,243.47,1753.0,427242.54
2025-12-30 06:00:00+00:00,1767074400000,243.47,243.6,242.82,243.07,1628.0,396158.72
2025-12-30 07:00:00+00:00,1767078000000,243.48,243.48,241.99,242.2,2500.0,606259.64
2025-12-30 08:00:00+00:00,1767081600000,242.38,243.0,240.99,242.72,2984.0,721284.24
2025-12-30 09:00:00+00:00,1767085200000,244.0,244.25,242.98,244.25,4462.0,1085984.7624
2025-12-30 10:00:00+00:00,1767088800000,244.31,245.03,244.0,244.0,4662.0,1141218.9054
2025-12-30 11:00:00+00:00,1767092400000,244.0,244.59,244.0,244.59,1190.0,290647.504
2025-12-30 12:00:00+00:00,1767096000000,244.89,245.78,244.46,245.6,8227.0,2017376.4007
2025-12-30 13:00:00+00:00,1767099600000,243.0,246.22,241.0,245.5,58822.0,14402431.4094
2025-12-30 14:00:00+00:00,1767103200000,245.575,246.28,237.24,237.415,956776.0,231527927.9776
2025-12-30 15:00:00+00:00,1767106800000,237.42,245.0,236.52,243.99,1124679.0,270568750.6818
2025-12-30 16:00:00+00:00,1767110400000,244.5,247.48,242.7,243.13,661532.0,162028834.3004
2025-12-30 17:00:00+00:00,1767114000000,242.74,245.451,242.16,243.19,404897.0,98656231.2672
2025-12-30 18:00:00+00:00,1767117600000,243.145,243.9,240.24,240.76,336195.0,81383866.713
2025-12-30 19:00:00+00:00,1767121200000,241.64,242.56,240.27,241.65,325360.0,78633427.768
2025-12-30 20:00:00+00:00,1767124800000,241.26,241.9999,239.8001,240.21,447541.0,107683824.6002
2025-12-30 21:00:00+00:00,1767128400000,240.22,241.5,240.22,240.74,18026.0,4332749.1886
2025-12-30 22:00:00+00:00,1767132000000,240.9,240.9,240.12,240.12,1320.0,317597.94
2025-12-30 23:00:00+00:00,1767135600000,240.2,240.5,239.5,240.4964,6296.0,1511830.7776
2025-12-31 00:00:00+00:00,1767139200000,239.6201,240.2,239.51,239.7268,3106.0,744705.431
2025-12-31 01:00:00+00:00,1767142800000,239.53,240.58,239.53,240.38,379.0,90985.66
2025-12-31 02:00:00+00:00,1767146400000,240.05,240.35,239.8,239.82,1090.0,261642.35
2025-12-31 03:00:00+00:00,1767150000000,239.82,239.82,239.0,239.68,718.0,172002.13
2025-12-31 04:00:00+00:00,1767153600000,239.58,239.59,239.04,239.04,476.0,113879.0
2025-12-31 05:00:00+00:00,1767157200000,239.06,239.49,239.06,239.4,288.0,68943.51
2025-12-31 06:00:00+00:00,1767160800000,239.49,239.58,238.79,238.79,1298.0,310404.59
2025-12-31 07:00:00+00:00,1767164400000,238.8,238.88,237.9,238.49,718.0,171101.44
2025-12-31 08:00:00+00:00,1767168000000,238.03,238.39,237.8,237.93,405.0,96491.73
2025-12-31 09:00:00+00:00,1767171600000,237.88,237.88,237.88,237.88,187.0,44479.5582
2025-12-31 10:00:00+00:00,1767175200000,237.56,238.33,237.56,238.33,1197.0,284598.0018
2025-12-31 11:00:00+00:00,1767178800000,238.03,238.68,237.92,238.66,1170.0,278622.864
2025-12-31 12:00:00+00:00,1767182400000,238.3,239.68,238.25,239.67,2655.0,635261.5845
2025-12-31 13:00:00+00:00,1767186000000,237.1084,242.34,237.1084,241.04,22547.0,5404874.3973
2025-12-31 14:00:00+00:00,1767189600000,239.39,241.5,235.63,238.77,639973.0,152709461.2978
2025-12-31 15:00:00+00:00,1767193200000,238.25,240.48,235.24,240.07,679622.0,161773958.6944
2025-12-31 16:00:00+00:00,1767196800000,240.52,241.8999,237.3,238.58,578020.0,138246026.034
2025-12-31 17:00:00+00:00,1767200400000,238.52,239.74,238.2186,238.59,282264.0,67440406.0488
2025-12-31 18:00:00+00:00,1767204000000,238.2,238.8799,237.04,238.42,298743.0,71039233.1934
2025-12-31 19:00:00+00:00,1767207600000,239.15,239.87,236.73,237.46,262020.0,62402683.2
2025-12-31 20:00:00+00:00,1767211200000,236.865,238.97,236.2,237.32,603770.0,143426710.663
2025-12-31 21:00:00+00:00,1767214800000,237.38,237.49,236.5,237.0,16348.0,3878054.5772
2025-12-31 22:00:00+00:00,1767218400000,236.87,236.87,236.39,236.39,2859.0,676246.4175
2025-12-31 23:00:00+00:00,1767222000000,236.41,236.45,236.41,236.42,1345.0,318018.9285
2026-01-01 00:00:00+00:00,1767225600000,236.9116,236.9116,236.42,236.4516,2366.0,559643.9394
2026-01-02 01:00:00+00:00,1767315600000,236.76,239.37,236.76,238.89,3364.0,802482.53
2026-01-02 02:00:00+00:00,1767319200000,238.89,239.97,238.8,239.85,4017.0,961847.16
2026-01-02 03:00:00+00:00,1767322800000,239.59,239.84,239.27,239.76,2811.0,673365.26
2026-01-02 04:00:00+00:00,1767326400000,239.77,240.6,239.6,239.8,4794.0,1150176.26
2026-01-02 05:00:00+00:00,1767330000000,239.8,240.99,239.8,240.54,5434.0,1306351.91
2026-01-02 06:00:00+00:00,1767333600000,240.77,242.07,240.31,242.0,6082.0,1469357.55
2026-01-02 07:00:00+00:00,1767337200000,241.99,242.13,241.3,241.81,2739.0,662390.61
2026-01-02 08:00:00+00:00,1767340800000,241.82,243.93,241.82,243.9,6733.0,1637935.83
2026-01-02 09:00:00+00:00,1767344400000,244.0,244.84,242.0,243.61,5300.0,1293641.49
2026-01-02 10:00:00+00:00,1767348000000,244.45,245.0,244.08,244.08,3659.0,895300.2196
2026-01-02 11:00:00+00:00,1767351600000,244.1,244.57,243.99,244.1,4501.0,1099806.2971
2026-01-02 12:00:00+00:00,1767355200000,244.09,244.5,242.66,243.4,21154.0,5154654.4112
2026-01-02 13:00:00+00:00,1767358800000,243.995,245.0,239.89,244.01,81101.0,19732838.4019
2026-01-02 14:00:00+00:00,1767362400000,245.805,263.94,243.01,262.08,2299711.0,588076807.5847
2026-01-02 15:00:00+00:00,1767366000000,263.0,267.75,262.8752,263.93,2357998.0,625634640.351
2026-01-02 16:00:00+00:00,1767369600000,263.67,268.2,262.5516,264.065,1218685.0,323178687.884
2026-01-02 17:00:00+00:00,1767373200000,263.74,267.9,263.24,267.05,716349.0,190561011.933
2026-01-02 18:00:00+00:00,1767376800000,266.71,270.7399,266.0,268.71,852103.0,228929400.392
2026-01-02 19:00:00+00:00,1767380400000,268.855,271.7099,268.15,270.6,767257.0,207352508.5869
2026-01-02 20:00:00+00:00,1767384000000,270.805,275.7999,270.02,275.29,1901646.0,521279772.0138
2026-01-02 21:00:00+00:00,1767387600000,275.24,277.55,275.02,277.388,117428.0,32426133.4364
2026-01-02 22:00:00+00:00,1767391200000,277.0,277.52,276.87,276.9,17247.0,4779937.062
2026-01-02 23:00:00+00:00,1767394800000,277.45,277.7168,276.8375,277.7168,12113.0,3357722.3887
2026-01-03 00:00:00+00:00,1767398400000,277.33,278.75,277.33,278.7499,30441.0,8470631.3799
2026-01-05 01:00:00+00:00,1767574800000,280.21,284.0,279.0,283.59,13181.0,3710194.08
2026-01-05 02:00:00+00:00,1767578400000,283.59,284.62,280.09,280.09,15853.0,4473709.91
2026-01-05 03:00:00+00:00,1767582000000,280.38,281.4,279.53,281.39,6717.0,1882063.22
2026-01-05 04:00:00+00:00,1767585600000,281.4,282.43,279.99,282.33,4103.0,1154171.84
2026-01-05 05:00:00+00:00,1767589200000,282.35,282.46,280.08,281.33,7417.0,2086286.2
2026-01-05 06:00:00+00:00,1767592800000,281.33,282.21,280.82,281.99,6782.0,1909545.3
2026-01-05 07:00:00+00:00,1767596400000,282.19,282.2,279.86,280.27,6703.0,1883314.9
2026-01-05 08:00:00+00:00,1767600000000,280.26,282.01,280.17,280.55,4255.0,1196760.94
2026-01-05 09:00:00+00:00,1767603600000,280.8,286.15,280.0,285.58,55629.0,15771533.5512
2026-01-05 10:00:00+00:00,1767607200000,285.65,288.78,285.2,288.6,40251.0,11571285.0282
2026-01-05 11:00:00+00:00,1767610800000,288.6,288.6,285.21,285.24,28756.0,8249150.3276
2026-01-05 12:00:00+00:00,1767614400000,285.08,287.66,283.75,286.5,57973.0,16580208.4324
2026-01-05 13:00:00+00:00,1767618000000,285.0,288.7621,279.99,281.15,248086.0,70418590.885
2026-01-05 14:00:00+00:00,1767621600000,283.435,286.0,267.2,270.54,2914678.0,799787351.7322
2026-01-05 15:00:00+00:00,1767625200000,271.035,280.2,266.33,274.37,2111560.0,581785246.284
2026-01-05 16:00:00+00:00,1767628800000,274.44,276.77,267.873,269.32,1328027.0,361766639.8457
2026-01-05 17:00:00+00:00,1767632400000,269.02,273.6,268.205,272.04,663942.0,180065054.052
2026-01-05 18:00:00+00:00,1767636000000,272.32,273.3,268.53,271.23,457401.0,123932160.5886
2026-01-05 19:00:00+00:00,1767639600000,270.94,271.65,266.5001,267.965,604076.0,162065919.0348
2026-01-05 20:00:00+00:00,1767643200000,268.45,274.54,267.88,274.21,844179.0,229519776.2508
2026-01-05 21:00:00+00:00,1767646800000,274.08,274.69,273.1668,273.984,155660.0,42661689.502
2026-01-05 22:00:00+00:00,1767650400000,273.9,274.38,273.1501,273.1501,4229.0,1158600.0995
2026-01-05 23:00:00+00:00,1767654000000,273.726,274.93,273.726,274.52,6043.0,1658013.0756
2026-01-06 00:00:00+00:00,1767657600000,274.93,274.93,273.85,274.0,10354.0,2840740.0064
2026-01-06 01:00:00+00:00,1767661200000,273.64,274.5,272.59,274.5,1822.0,498456.28
2026-01-06 02:00:00+00:00,1767664800000,274.48,277.48,274.44,277.48,3726.0,1026730.85
2026-01-06 03:00:00+00:00,1767668400000,277.3,277.37,276.27,276.51,2840.0,786406.45
2026-01-06 04:00:00+00:00,1767672000000,276.51,279.99,276.51,279.8,6132.0,1706744.7
2026-01-06 05:00:00+00:00,1767675600000,279.55,283.35,278.43,283.35,32358.0,9101804.02000001
2026-01-06 06:00:00+00:00,1767679200000,283.35,284.01,281.32,282.41,12052.0,3407660.88
2026-01-06 07:00:00+00:00,1767682800000,282.12,285.0,281.69,284.12,22895.0,6498929.28999999
2026-01-06 08:00:00+00:00,1767686400000,283.6,284.2,278.79,281.46,21351.0,6001776.55
2026-01-06 09:00:00+00:00,1767690000000,282.0,285.14,282.0,283.88,49737.0,14096609.751
2026-01-06 10:00:00+00:00,1767693600000,283.62,284.9,283.2,284.85,25159.0,7148693.3554
2026-01-06 11:00:00+00:00,1767697200000,284.63,284.63,282.0,283.56,25803.0,7305267.951
2026-01-06 12:00:00+00:00,1767700800000,282.68,284.89,282.08,283.92,39902.0,11325572.1994
2026-01-06 13:00:00+00:00,1767704400000,283.02,285.1883,278.8,283.14,220341.0,62303070.3075
2026-01-06 14:00:00+00:00,1767708000000,288.635,331.25,281.33,328.2,6770333.0,2128157362.7881
2026-01-06 15:00:00+00:00,1767711600000,327.66,343.0,326.0,331.08,5385595.0,1803396645.082
2026-01-06 16:00:00+00:00,1767715200000,331.41,341.95,329.46,339.03,2836317.0,956259454.8111
2026-01-06 17:00:00+00:00,1767718800000,339.54,342.4443,335.07,339.55,1754402.0,594391923.9206
2026-01-06 18:00:00+00:00,1767722400000,339.6,339.959,334.81,337.145,1023721.0,345072598.7728
2026-01-06 19:00:00+00:00,1767726000000,337.205,344.0,336.61,343.445,1466807.0,498107561.9441
2026-01-06 20:00:00+00:00,1767729600000,342.9,352.0,342.51,349.6,3684710.0,1280531053.576
2026-01-06 21:00:00+00:00,1767733200000,349.63,352.99,349.4,352.5,188202.0,66144477.4494
2026-01-06 22:00:00+00:00,1767736800000,352.48,354.5,352.32,353.36,122588.0,43330432.5732
2026-01-06 23:00:00+00:00,1767740400000,353.46,355.7106,352.1,355.6991,113830.0,40274385.811
2026-01-07 00:00:00+00:00,1767744000000,355.61,357.8446,355.3,357.75,176390.0,62868024.211
2026-01-07 01:00:00+00:00,1767747600000,353.02,358.51,353.02,354.89,27881.0,9930501.49000001
2026-01-07 02:00:00+00:00,1767751200000,354.89,359.3,354.18,359.29,22008.0,7855437.07
2026-01-07 03:00:00+00:00,1767754800000,359.55,363.79,356.99,357.27,45092.0,16274269.85999998
2026-01-07 04:00:00+00:00,1767758400000,357.27,357.7,355.1,356.11,21643.0,7710658.22
2026-01-07 05:00:00+00:00,1767762000000,356.33,356.34,350.04,350.41,41153.0,14489229.17999999
2026-01-07 06:00:00+00:00,1767765600000,350.2,351.49,348.54,349.59,18900.0,6614435.45000001
2026-01-07 07:00:00+00:00,1767769200000,349.57,351.29,348.16,350.8,11089.0,3876185.93
2026-01-07 08:00:00+00:00,1767772800000,350.78,351.0,347.78,347.8,16684.0,5828867.76999999
2026-01-07 09:00:00+00:00,1767776400000,349.0,352.43,343.13,345.15,62545.0,21621531.302
2026-01-07 10:00:00+00:00,1767780000000,344.63,345.56,342.25,345.16,24421.0,8395993.5262
2026-01-07 11:00:00+00:00,1767783600000,344.75,346.84,342.98,344.89,26526.0,9143602.3884
2026-01-07 12:00:00+00:00,1767787200000,345.4,347.7,344.5,347.5,79369.0,27466325.0234
2026-01-07 13:00:00+00:00,1767790800000,345.3,355.8,342.55,344.3192,330010.0,114414698.007
2026-01-07 14:00:00+00:00,1767794400000,341.5,351.4999,333.33,335.9,4181777.0,1428766838.705
2026-01-07 15:00:00+00:00,1767798000000,335.38,351.9999,331.23,349.305,3403164.0,1164896571.1884
2026-01-07 16:00:00+00:00,1767801600000,349.23,350.32,344.6001,345.655,1038627.0,360862330.5459
2026-01-07 17:00:00+00:00,1767805200000,346.07,349.5,343.17,344.97,916552.0,317543381.5736
2026-01-07 18:00:00+00:00,1767808800000,345.04,351.75,344.5,350.35,971973.0,338539167.873
2026-01-07 19:00:00+00:00,1767812400000,350.06,354.59,348.32,351.41,1611893.0,567641821.0405
2026-01-07 20:00:00+00:00,1767816000000,351.87,354.935,345.7942,353.83,1732881.0,606572293.3089
2026-01-07 21:00:00+00:00,1767819600000,353.56,355.2,353.01,353.31,82788.0,29326291.2768
2026-01-07 22:00:00+00:00,1767823200000,353.3,354.5,353.3,354.45,21810.0,7719274.368
2026-01-07 23:00:00+00:00,1767826800000,354.0,354.6,350.8449,352.4,45837.0,16154173.4805
2026-01-08 00:00:00+00:00,1767830400000,352.5,356.0,351.6,355.02,42571.0,15077060.3017
2026-01-08 01:00:00+00:00,1767834000000,355.02,358.01,354.99,356.32,14596.0,5202209.04
2026-01-08 02:00:00+00:00,1767837600000,356.32,357.48,355.2,355.53,8051.0,2867333.78
2026-01-08 03:00:00+00:00,1767841200000,355.5,355.5,353.22,353.83,7022.0,2488980.73
2026-01-08 04:00:00+00:00,1767844800000,353.59,354.12,351.0,351.48,5320.0,1876327.87
2026-01-08 05:00:00+00:00,1767848400000,351.93,351.98,347.99,348.53,6197.0,2166879.38
2026-01-08 06:00:00+00:00,1767852000000,348.54,348.71,342.39,346.68,22301.0,7705387.39
2026-01-08 07:00:00+00:00,1767855600000,346.51,349.59,345.45,348.48,6926.0,2411132.29
2026-01-08 08:00:00+00:00,1767859200000,348.46,352.79,348.46,351.27,3236.0,1135664.32
2026-01-08 09:00:00+00:00,1767862800000,352.0,352.94,348.82,350.55,8236.0,2887309.3448
2026-01-08 10:00:00+00:00,1767866400000,350.0,350.4,349.89,350.4,4375.0,1531349.75
2026-01-08 11:00:00+00:00,1767870000000,350.93,355.0,350.93,354.0,14535.0,5131898.613
2026-01-08 12:00:00+00:00,1767873600000,353.5,357.5,352.25,355.55,36203.0,12854240.8003
2026-01-08 13:00:00+00:00,1767877200000,352.0,363.7,342.41,360.6,413953.0,148444497.8919
2026-01-08 14:00:00+00:00,1767880800000,360.06,362.0,332.68,333.2,3155153.0,1088128342.6302
2026-01-08 15:00:00+00:00,1767884400000,332.58,333.78,310.78,316.77,7137816.0,2284318823.388
2026-01-08 16:00:00+00:00,1767888000000,316.43,319.7,313.1,317.5,2858381.0,905680878.231
2026-01-08 17:00:00+00:00,1767891600000,316.94,326.33,315.7101,326.05,2100073.0,675394397.1796
2026-01-08 18:00:00+00:00,1767895200000,325.7,329.94,322.5,329.58,1772666.0,579888328.7148
2026-01-08 19:00:00+00:00,1767898800000,329.43,333.38,327.18,332.53,1358820.0,449016633.72
2026-01-08 20:00:00+00:00,1767902400000,330.99,335.328,328.25,334.435,1861499.0,620023805.4723
2026-01-08 21:00:00+00:00,1767906000000,334.54,337.69,334.1144,336.6,80216.0,26931615.5592
2026-01-08 22:00:00+00:00,1767909600000,336.35,336.92,335.11,336.21,30567.0,10273608.4371
2026-01-08 23:00:00+00:00,1767913200000,335.3,336.19,328.67,329.0,69253.0,22973692.4321
2026-01-09 00:00:00+00:00,1767916800000,329.0,331.9565,328.6909,331.11,23097.0,7636743.5763
2026-01-09 01:00:00+00:00,1767920400000,331.99,334.01,329.06,329.52,8369.0,2768105.41
2026-01-09 02:00:00+00:00,1767924000000,329.55,333.0,329.52,332.66,9639.0,3193555.18
2026-01-09 03:00:00+00:00,1767927600000,332.5,332.76,331.01,331.41,3422.0,1135578.08
2026-01-09 04:00:00+00:00,1767931200000,331.49,332.31,330.64,331.18,5900.0,1954006.93
2026-01-09 05:00:00+00:00,1767934800000,331.2,331.98,330.53,331.71,5741.0,1902796.31
2026-01-09 06:00:00+00:00,1767938400000,331.92,331.99,330.54,330.54,3089.0,1023204.69
2026-01-09 07:00:00+00:00,1767942000000,330.69,331.87,330.49,331.78,3322.0,1099903.81
2026-01-09 08:00:00+00:00,1767945600000,331.77,333.63,331.77,332.56,4913.0,1635303.92
2026-01-09 09:00:00+00:00,1767949200000,331.96,335.905,330.77,335.5,32397.0,10812644.5365
2026-01-09 10:00:00+00:00,1767952800000,335.7,338.6,334.8,337.23,21938.0,7396613.8862
2026-01-09 11:00:00+00:00,1767956400000,337.12,338.32,336.35,337.4,13448.0,4536849.5552
2026-01-09 12:00:00+00:00,1767960000000,336.5,340.48,335.56,340.32,51419.0,17386512.146
2026-01-09 13:00:00+00:00,1767963600000,336.53,343.0,330.5,340.99,204925.0,69479759.7725
2026-01-09 14:00:00+00:00,1767967200000,341.39,365.8,334.5401,363.0,4931329.0,1746485396.2348
2026-01-09 15:00:00+00:00,1767970800000,362.52,367.0,356.92,366.2,2647576.0,956431799.6056
2026-01-09 16:00:00+00:00,1767974400000,366.26,370.76,362.8001,366.09,2284765.0,838470142.4715
2026-01-09 17:00:00+00:00,1767978000000,366.24,372.96,364.0,372.3,1476897.0,543886076.8419
2026-01-09 18:00:00+00:00,1767981600000,372.65,380.68,371.09,377.71,2839209.0,1069805433.573
2026-01-09 19:00:00+00:00,1767985200000,378.14,381.4599,376.7501,380.035,1363835.0,516770856.2335
2026-01-09 20:00:00+00:00,1767988800000,378.855,384.0,376.13,377.435,3040822.0,1154222443.3076
2026-01-09 21:00:00+00:00,1767992400000,377.41,379.2324,376.67,378.51,112487.0,42479658.1722
2026-01-09 22:00:00+00:00,1767996000000,378.95,380.9689,378.75,379.74,51167.0,19438583.7849
2026-01-09 23:00:00+00:00,1767999600000,379.65,380.5,379.0036,380.3,30632.0,11634609.4816
2026-01-10 00:00:00+00:00,1768003200000,380.51,380.51,379.1067,379.3,37550.0,14260633.86
2026-01-12 01:00:00+00:00,1768179600000,378.81,381.24,370.9,373.19,36763.0,13719478.44000002
2026-01-12 02:00:00+00:00,1768183200000,373.4,375.01,372.02,372.06,14321.0,5350163.46000001
2026-01-12 03:00:00+00:00,1768186800000,372.16,373.51,371.02,372.5,12287.0,4574768.73
2026-01-12 04:00:00+00:00,1768190400000,372.28,372.84,371.34,372.11,5534.0,2058310.04
2026-01-12 05:00:00+00:00,1768194000000,372.09,372.31,367.52,369.42,28900.0,10689073.64000001
2026-01-12 06:00:00+00:00,1768197600000,369.32,371.91,369.3,371.86,7470.0,2768595.63
2026-01-12 07:00:00+00:00,1768201200000,371.6,373.99,370.65,370.66,10458.0,3892816.14
2026-01-12 08:00:00+00:00,1768204800000,370.73,372.98,367.99,370.09,43433.0,16111691.49000002
2026-01-12 09:00:00+00:00,1768208400000,372.95,372.95,365.77,369.77,51899.0,19124169.0918
2026-01-12 10:00:00+00:00,1768212000000,369.77,371.38,357.8,362.72,84323.0,30686016.6592
2026-01-12 11:00:00+00:00,1768215600000,363.51,370.45,363.49,366.7,49383.0,18084686.7024
2026-01-12 12:00:00+00:00,1768219200000,367.68,372.0,367.6,370.55,85911.0,31789063.1352
2026-01-12 13:00:00+00:00,1768222800000,368.75,375.0,357.87,372.26,316845.0,117396332.127
2026-01-12 14:00:00+00:00,1768226400000,374.525,395.16,370.93,388.445,4780149.0,1854548671.3512
2026-01-12 15:00:00+00:00,1768230000000,387.51,389.5,376.4,378.95,2886437.0,1100973953.5537
2026-01-12 16:00:00+00:00,1768233600000,378.55,382.8005,378.011,381.11,1245756.0,474044790.0168
2026-01-12 17:00:00+00:00,1768237200000,381.19,383.86,379.71,383.28,800608.0,306015675.2928
2026-01-12 18:00:00+00:00,1768240800000,383.51,388.58,382.72,387.33,1098976.0,425138535.9072
2026-01-12 19:00:00+00:00,1768244400000,386.7,390.0,386.51,389.19,719958.0,279629239.3428
2026-01-12 20:00:00+00:00,1768248000000,388.71,390.7629,385.39,389.2,1413324.0,549644247.5832
2026-01-12 21:00:00+00:00,1768251600000,389.27,389.3,387.9,388.27,350622.0,136459417.6728
2026-01-12 22:00:00+00:00,1768255200000,388.754,389.98,388.359,389.33,10683.0,4155270.363
2026-01-12 23:00:00+00:00,1768258800000,389.3,389.3,387.7012,387.7012,11413.0,4434104.5755
2026-01-13 00:00:00+00:00,1768262400000,387.7,387.7,386.0,387.66,27373.0,10588163.8165
2026-01-13 01:00:00+00:00,1768266000000,387.19,389.0,384.41,386.15,8579.0,3311033.11
2026-01-13 02:00:00+00:00,1768269600000,386.12,387.0,385.67,386.03,2812.0,1086030.31
2026-01-13 03:00:00+00:00,1768273200000,386.03,386.03,385.2,385.46,3020.0,1164531.24
2026-01-13 04:00:00+00:00,1768276800000,385.32,387.1,385.32,386.63,4173.0,1613302.43
2026-01-13 05:00:00+00:00,1768280400000,386.48,388.64,386.11,388.44,5267.0,2041446.93
2026-01-13 06:00:00+00:00,1768284000000,388.45,389.19,388.24,388.67,3873.0,1505877.19
2026-01-13 07:00:00+00:00,1768287600000,388.57,391.98,387.89,391.98,7558.0,2941328.19
2026-01-13 08:00:00+00:00,1768291200000,391.55,394.01,391.04,391.75,10046.0,3944025.07
2026-01-13 09:00:00+00:00,1768294800000,390.0,393.88,390.0,393.41,18406.0,7223000.3184
2026-01-13 10:00:00+00:00,1768298400000,393.4,393.4,390.61,391.16,7889.0,3088675.2463
2026-01-13 11:00:00+00:00,1768302000000,391.0,392.01,390.6,392.0,6994.0,2736050.0024
2026-01-13 12:00:00+00:00,1768305600000,392.1,393.15,391.5,391.5,21977.0,8624543.995
2026-01-13 13:00:00+00:00,1768309200000,390.0,396.92,386.3,395.1204,303806.0,119689659.9244
2026-01-13 14:00:00+00:00,1768312800000,393.2,398.0,379.41,390.49,2868866.0,1109727000.1818
2026-01-13 15:00:00+00:00,1768316400000,387.815,396.24,383.25,391.465,2559792.0,996406203.4176
2026-01-13 16:00:00+00:00,1768320000000,391.28,393.5699,384.46,385.075,1158209.0,451505077.7536
2026-01-13 17:00:00+00:00,1768323600000,383.78,388.699,382.79,388.2,1005335.0,387560864.907
2026-01-13 18:00:00+00:00,1768327200000,387.94,390.6899,385.3901,387.975,654415.0,254021587.4485
2026-01-13 19:00:00+00:00,1768330800000,388.44,390.87,387.2,388.365,478775.0,186408029.9675
2026-01-13 20:00:00+00:00,1768334400000,387.74,390.47,382.85,389.98,1249410.0,484062914.412
2026-01-13 21:00:00+00:00,1768338000000,389.81,390.58,389.03,389.3616,163325.0,63666322.5525
2026-01-13 22:00:00+00:00,1768341600000,389.02,389.7,389.02,389.55,9235.0,3596120.082
2026-01-13 23:00:00+00:00,1768345200000,389.8,390.3,389.5,390.3,7080.0,2759900.112
2026-01-14 00:00:00+00:00,1768348800000,390.0,391.7,390.0,391.2499,20452.0,8001053.5076
2026-01-14 01:00:00+00:00,1768352400000,391.36,392.8,389.19,390.73,3240.0,1266570.57
2026-01-14 02:00:00+00:00,1768356000000,390.73,391.6,390.73,391.04,2286.0,894383.36
2026-01-14 03:00:00+00:00,1768359600000,391.04,391.2,388.7,388.7,6587.0,2566915.55
2026-01-14 04:00:00+00:00,1768363200000,388.51,390.48,388.2,388.88,3322.0,1293467.71
2026-01-14 05:00:00+00:00,1768366800000,389.0,389.21,387.5,388.54,4868.0,1892219.96
2026-01-14 06:00:00+00:00,1768370400000,388.37,388.56,386.98,388.35,3681.0,1426940.86
2026-01-14 07:00:00+00:00,1768374000000,388.49,389.89,388.36,388.96,2966.0,1153230.08
2026-01-14 08:00:00+00:00,1768377600000,388.89,389.4,388.85,389.25,1018.0,396124.24
2026-01-14 09:00:00+00:00,1768381200000,389.36,390.08,388.82,389.0,7856.0,3060171.248
2026-01-14 10:00:00+00:00,1768384800000,387.24,387.24,381.33,382.5,25694.0,9870393.7798
2026-01-14 11:00:00+00:00,1768388400000,383.0,384.64,380.53,381.61,21094.0,8059865.5232
2026-01-14 12:00:00+00:00,1768392000000,383.0,386.0,380.0,385.99,68387.0,26162718.8482
2026-01-14 13:00:00+00:00,1768395600000,380.0,393.0,380.0,388.23,269761.0,104823945.1888
2026-01-14 14:00:00+00:00,1768399200000,389.74,395.8,380.0,393.07,1813183.0,704559216.0897
2026-01-14 15:00:00+00:00,1768402800000,392.05,401.2,385.0,387.67,2971153.0,1167491396.3566
2026-01-14 16:00:00+00:00,1768406400000,388.54,391.8,383.27,390.535,968227.0,375846937.7962
2026-01-14 17:00:00+00:00,1768410000000,391.0,395.3999,386.66,391.065,872947.0,341721737.5472
2026-01-14 18:00:00+00:00,1768413600000,390.92,397.26,389.6198,394.83,873230.0,343905218.776
2026-01-14 19:00:00+00:00,1768417200000,394.62,394.92,385.2501,386.49,668731.0,261027978.0423
2026-01-14 20:00:00+00:00,1768420800000,385.24,389.17,377.0,387.79,1643103.0,632442832.2828
2026-01-14 21:00:00+00:00,1768424400000,387.81,388.0,386.22,387.0,125567.0,48673536.21
2026-01-14 22:00:00+00:00,1768428000000,386.31,387.1,385.917,387.09,9324.0,3602774.0196
2026-01-14 23:00:00+00:00,1768431600000,387.29,388.0,386.81,387.25,10920.0,4232196.696
2026-01-15 00:00:00+00:00,1768435200000,387.35,388.0,387.05,387.84,20504.0,7945730.584
2026-01-15 01:00:00+00:00,1768438800000,388.48,390.47,387.22,388.34,4304.0,1672946.92
2026-01-15 02:00:00+00:00,1768442400000,388.5,388.9,387.33,387.41,1465.0,568536.52
2026-01-15 03:00:00+00:00,1768446000000,387.34,387.39,384.99,386.01,4418.0,1705978.29
2026-01-15 04:00:00+00:00,1768449600000,386.01,386.69,385.27,386.39,3508.0,1353667.81
2026-01-15 05:00:00+00:00,1768453200000,386.22,390.47,385.4,389.6,7445.0,2893380.13
2026-01-15 06:00:00+00:00,1768456800000,389.6,395.17,389.59,393.79,20522.0,8057715.91999999
2026-01-15 07:00:00+00:00,1768460400000,393.79,393.97,392.49,393.15,4941.0,1942950.02
2026-01-15 08:00:00+00:00,1768464000000,393.15,398.06,392.64,397.9,27208.0,10763588.88000001
2026-01-15 09:00:00+00:00,1768467600000,392.42,410.65,392.42,407.0,140793.0,56849115.954
2026-01-15 10:00:00+00:00,1768471200000,408.05,412.02,408.0,409.02,67147.0,27517606.0758
2026-01-15 11:00:00+00:00,1768474800000,408.55,411.46,407.82,408.0,45673.0,18688245.2077
2026-01-15 12:00:00+00:00,1768478400000,408.0,408.74,405.0,407.0,101060.0,41082567.596
2026-01-15 13:00:00+00:00,1768482000000,408.01,411.48,385.5,402.58,377505.0,152294501.619
2026-01-15 14:00:00+00:00,1768485600000,398.68,423.0,398.07,418.73,4076623.0,1687892324.8414
2026-01-15 15:00:00+00:00,1768489200000,419.65,420.48,409.2601,416.82,2239031.0,928370319.1424
2026-01-15 16:00:00+00:00,1768492800000,417.01,423.35,416.3,419.27,1782739.0,747914275.409
2026-01-15 17:00:00+00:00,1768496400000,417.55,420.2299,415.8,417.12,1060818.0,443348091.0672
2026-01-15 18:00:00+00:00,1768500000000,418.43,422.21,415.0,417.54,1040948.0,435635592.9572
2026-01-15 19:00:00+00:00,1768503600000,417.625,418.5,410.82,412.97,1256527.0,521569153.7233
2026-01-15 20:00:00+00:00,1768507200000,412.795,417.2999,408.13,409.21,1383091.0,570687689.0016
2026-01-15 21:00:00+00:00,1768510800000,409.24,412.9756,409.1028,411.5,209027.0,85639302.5215
2026-01-15 22:00:00+00:00,1768514400000,411.86,412.11,411.1588,412.03,15373.0,6331592.9585
2026-01-15 23:00:00+00:00,1768518000000,411.95,413.88,411.95,413.88,24725.0,10219018.0475
2026-01-16 00:00:00+00:00,1768521600000,413.87,414.7,412.86,413.71,38326.0,15857593.293
2026-01-16 01:00:00+00:00,1768525200000,413.7,418.5,413.7,417.99,11890.0,4957940.78
2026-01-16 02:00:00+00:00,1768528800000,417.97,418.21,416.05,416.9,10148.0,4234050.16
2026-01-16 03:00:00+00:00,1768532400000,416.91,418.56,416.49,418.56,11876.0,4961996.01
2026-01-16 04:00:00+00:00,1768536000000,418.76,418.96,417.57,418.41,6295.0,2632819.75
2026-01-16 05:00:00+00:00,1768539600000,418.42,421.44,417.56,421.01,19823.0,8314448.32
2026-01-16 06:00:00+00:00,1768543200000,420.4,421.24,419.81,420.8,8171.0,3436940.61
2026-01-16 07:00:00+00:00,1768546800000,420.8,422.64,419.81,421.99,13918.0,5859794.60000001
2026-01-16 08:00:00+00:00,1768550400000,421.9,422.66,420.01,420.56,10310.0,4345297.07
2026-01-16 09:00:00+00:00,1768554000000,420.59,428.03,420.59,427.45,93729.0,39880077.3612
2026-01-16 10:00:00+00:00,1768557600000,427.49,438.0,426.13,434.95,108988.0,47115861.1616
2026-01-16 11:00:00+00:00,1768561200000,434.5,435.0,430.64,431.5,52036.0,22519812.2532
2026-01-16 12:00:00+00:00,1768564800000,430.51,434.0,428.82,429.49,101477.0,43757704.3637
2026-01-16 13:00:00+00:00,1768568400000,430.61,437.58,417.82,427.02,342890.0,146749685.021
2026-01-16 14:00:00+00:00,1768572000000,423.465,432.02,405.1931,405.48,3703387.0,1565727955.0049
2026-01-16 15:00:00+00:00,1768575600000,404.7,416.74,404.19,413.74,3078899.0,1264495506.2727
2026-01-16 16:00:00+00:00,1768579200000,412.3,414.1099,399.7,402.42,2044707.0,828501985.8045
2026-01-16 17:00:00+00:00,1768582800000,401.51,409.85,400.0501,404.41,1221402.0,495987046.3002
2026-01-16 18:00:00+00:00,1768586400000,403.045,408.5,401.19,407.08,843634.0,341658862.3998
2026-01-16 19:00:00+00:00,1768590000000,406.76,413.86,405.0,413.535,1131517.0,463035765.8856
2026-01-16 20:00:00+00:00,1768593600000,411.18,414.43,409.241,413.54,1687191.0,695384712.7623
2026-01-16 21:00:00+00:00,1768597200000,413.62,414.5,412.2453,414.2,353821.0,146327521.8977
2026-01-16 22:00:00+00:00,1768600800000,414.28,416.15,414.28,416.0,52044.0,21611635.308
2026-01-16 23:00:00+00:00,1768604400000,416.0,416.75,415.6,415.96,34712.0,14444072.8016
2026-01-17 00:00:00+00:00,1768608000000,415.89,416.6261,415.52,415.9802,31164.0,12960409.5264
2026-01-20 01:00:00+00:00,1768870800000,409.86,418.91,401.99,415.99,66090.0,27199078.63999997
2026-01-20 02:00:00+00:00,1768874400000,416.0,416.23,407.99,409.57,22713.0,9348484.59
2026-01-20 03:00:00+00:00,1768878000000,409.51,412.79,407.2,411.54,11900.0,4873972.54
2026-01-20 04:00:00+00:00,1768881600000,411.82,413.62,410.0,412.24,9875.0,4066421.09
2026-01-20 05:00:00+00:00,1768885200000,412.22,412.5,406.0,410.29,16451.0,6724587.19
2026-01-20 06:00:00+00:00,1768888800000,410.27,410.27,402.9,404.02,25305.0,10258328.26
2026-01-20 07:00:00+00:00,1768892400000,404.12,407.77,403.28,405.01,24309.0,9862703.72
2026-01-20 08:00:00+00:00,1768896000000,405.02,406.0,402.12,404.51,18247.0,7363961.47000001
2026-01-20 09:00:00+00:00,1768899600000,403.7,407.53,392.98,398.06,110032.0,43811254.3856
2026-01-20 10:00:00+00:00,1768903200000,397.11,401.5,396.56,398.5,41016.0,16378968.4992
2026-01-20 11:00:00+00:00,1768906800000,398.17,400.84,398.0,400.0,28681.0,11461742.1404
2026-01-20 12:00:00+00:00,1768910400000,400.0,407.25,398.34,405.0,221596.0,88916591.6184
2026-01-20 13:00:00+00:00,1768914000000,403.64,411.03,393.18,403.64,412282.0,167027147.0088
2026-01-20 14:00:00+00:00,1768917600000,418.87,448.8,406.1,446.96,4575906.0,1990338361.713
2026-01-20 15:00:00+00:00,1768921200000,448.52,452.1399,436.21,442.81,3045304.0,1350320682.8832
2026-01-20 16:00:00+00:00,1768924800000,444.11,454.3399,442.6,445.75,2094147.0,940404981.3345
2026-01-20 17:00:00+00:00,1768928400000,444.775,447.88,442.08,446.47,1142756.0,508598299.3524
2026-01-20 18:00:00+00:00,1768932000000,444.68,450.25,442.8,448.69,1244602.0,554852283.814
2026-01-20 19:00:00+00:00,1768935600000,450.68,452.5,445.9,452.01,1626903.0,731749570.1721
2026-01-20 20:00:00+00:00,1768939200000,452.06,457.37,449.625,453.28,2710967.0,1228736846.5589
2026-01-20 21:00:00+00:00,1768942800000,455.43,457.7399,453.1,455.61,103821.0,47278463.7924
2026-01-20 22:00:00+00:00,1768946400000,456.3,457.45,453.12,457.3,50369.0,23018083.9779
2026-01-20 23:00:00+00:00,1768950000000,457.3,458.55,456.31,457.98,42783.0,19568366.6295
2026-01-21 00:00:00+00:00,1768953600000,457.8,459.5,457.56,458.88,84244.0,38623852.144
2026-01-21 01:00:00+00:00,1768957200000,459.0,463.82,456.05,459.48,25040.0,11498357.86999999
2026-01-21 02:00:00+00:00,1768960800000,459.5,459.89,457.0,458.75,8949.0,4101292.11
2026-01-21 03:00:00+00:00,1768964400000,458.75,458.91,457.19,457.97,5073.0,2323401.5
2026-01-21 04:00:00+00:00,1768968000000,457.94,458.0,456.94,457.79,5830.0,2667183.17
2026-01-21 05:00:00+00:00,1768971600000,457.74,462.27,457.74,460.98,14191.0,6535320.11000001
2026-01-21 06:00:00+00:00,1768975200000,460.86,460.89,458.01,459.12,7905.0,3633026.2
2026-01-21 07:00:00+00:00,1768978800000,459.19,461.78,459.19,461.59,5904.0,2720802.19
2026-01-21 08:00:00+00:00,1768982400000,461.58,464.61,460.49,462.92,11435.0,5290982.42
2026-01-21 09:00:00+00:00,1768986000000,463.7,470.83,463.0,466.47,92589.0,43287857.403
2026-01-21 10:00:00+00:00,1768989600000,466.5,469.0,465.0,465.12,40477.0,18892465.6989
2026-01-21 11:00:00+00:00,1768993200000,466.04,468.02,462.0,463.0,48388.0,22501895.834
2026-01-21 12:00:00+00:00,1768996800000,463.34,467.2,461.55,466.97,114364.0,53106981.952
2026-01-21 13:00:00+00:00,1769000400000,462.6,471.5,457.99,463.62,396464.0,184334033.7728
2026-01-21 14:00:00+00:00,1769004000000,461.77,474.1199,448.53,468.84,3866900.0,1788605979.94
2026-01-21 15:00:00+00:00,1769007600000,467.905,479.14,463.13,475.87,3015402.0,1423369855.3464
2026-01-21 16:00:00+00:00,1769011200000,476.75,482.5,474.91,479.01,2009401.0,963872284.8414
2026-01-21 17:00:00+00:00,1769014800000,478.49,486.6099,471.3,485.655,2031414.0,969334084.3494
2026-01-21 18:00:00+00:00,1769018400000,485.13,493.65,477.76,491.535,2354401.0,1146158664.5754
2026-01-21 19:00:00+00:00,1769022000000,491.44,500.7399,486.0,499.105,2433946.0,1202031005.506
2026-01-21 20:00:00+00:00,1769025600000,499.49,501.95,497.01,501.21,2775335.0,1387161278.896
2026-01-21 21:00:00+00:00,1769029200000,501.29,509.2536,501.09,509.0,312269.0,157695938.6807
2026-01-21 22:00:00+00:00,1769032800000,509.34,512.4141,506.0,511.95,1103554.0,554526063.3694
2026-01-21 23:00:00+00:00,1769036400000,511.69,514.95,511.61,513.06,201197.0,103333471.4195
2026-01-22 00:00:00+00:00,1769040000000,513.0,514.7,511.1,512.5,132120.0,67730168.556
2026-01-22 01:00:00+00:00,1769043600000,511.33,517.01,511.33,515.32,35699.0,18379470.30999999
2026-01-22 02:00:00+00:00,1769047200000,515.49,515.8,513.46,515.21,14984.0,7711262.22999999
2026-01-22 03:00:00+00:00,1769050800000,515.11,516.9,513.7,515.48,12456.0,6425545.28
2026-01-22 04:00:00+00:00,1769054400000,515.48,516.12,514.54,515.17,12424.0,6404981.6
2026-01-22 05:00:00+00:00,1769058000000,514.99,514.99,511.09,511.32,19522.0,10019478.73000001
2026-01-22 06:00:00+00:00,1769061600000,511.31,512.98,509.39,511.99,18190.0,9301748.11999999
2026-01-22 07:00:00+00:00,1769065200000,511.99,515.69,509.22,515.37,14249.0,7308196.65
2026-01-22 08:00:00+00:00,1769068800000,515.37,515.68,511.8,514.99,11371.0,5849331.0
2026-01-22 09:00:00+00:00,1769072400000,514.75,515.0,508.25,508.85,69987.0,35827689.0504
2026-01-22 10:00:00+00:00,1769076000000,509.39,509.85,506.0,509.5,32538.0,16529980.7904
2026-01-22 11:00:00+00:00,1769079600000,509.11,509.98,505.5,506.32,38226.0,19398601.7364
2026-01-22 12:00:00+00:00,1769083200000,506.88,511.89,505.0,510.0,123337.0,62815521.7663
2026-01-22 13:00:00+00:00,1769086800000,506.3,515.67,502.61,504.03,339495.0,172422584.802
2026-01-22 14:00:00+00:00,1769090400000,500.55,508.5,467.56,486.405,6589371.0,3176880725.262
2026-01-22 15:00:00+00:00,1769094000000,486.1,495.99,480.0,490.87,3887664.0,1899183345.2592
2026-01-22 16:00:00+00:00,1769097600000,491.03,498.52,486.5001,492.875,1934279.0,955681798.3435
2026-01-22 17:00:00+00:00,1769101200000,492.425,502.48,491.58,499.605,1688982.0,838975460.3808
2026-01-22 18:00:00+00:00,1769104800000,498.16,498.82,487.31,488.82,1289748.0,636350571.3672
2026-01-22 19:00:00+00:00,1769108400000,487.69,500.51,487.0401,497.96,1486856.0,736184632.3104
2026-01-22 20:00:00+00:00,1769112000000,497.81,509.4993,497.34,503.12,2379227.0,1198660272.7448
2026-01-22 21:00:00+00:00,1769115600000,503.44,507.43,501.1634,501.5385,236093.0,119009192.8168
2026-01-22 22:00:00+00:00,1769119200000,502.61,503.4704,493.2484,497.72,123775.0,61579485.9125
2026-01-22 23:00:00+00:00,1769122800000,497.7,501.0999,494.06,498.0,91701.0,45639963.6741
2026-01-23 00:00:00+00:00,1769126400000,497.5079,498.9899,497.03,497.81,33427.0,16641277.6238
2026-01-23 01:00:00+00:00,1769130000000,504.0,504.0,492.99,495.29,11896.0,5904526.56
2026-01-23 02:00:00+00:00,1769133600000,495.29,495.47,492.57,493.01,13705.0,6765382.12
2026-01-23 03:00:00+00:00,1769137200000,493.02,496.01,492.98,494.75,7043.0,3483476.27
2026-01-23 04:00:00+00:00,1769140800000,494.75,495.0,490.0,490.44,9353.0,4604353.3
2026-01-23 05:00:00+00:00,1769144400000,490.25,493.23,488.1,492.08,15421.0,7562038.98
2026-01-23 06:00:00+00:00,1769148000000,492.45,495.89,492.02,495.56,7773.0,3842985.55
2026-01-23 07:00:00+00:00,1769151600000,495.55,495.55,490.69,492.9,9856.0,4865062.44
2026-01-23 08:00:00+00:00,1769155200000,492.65,495.1,491.96,494.09,6994.0,3451158.71
2026-01-23 09:00:00+00:00,1769158800000,493.97,495.76,490.0,493.0,35484.0,17485837.4556
2026-01-23 10:00:00+00:00,1769162400000,492.79,494.37,491.81,492.25,14975.0,7383446.2125
2026-01-23 11:00:00+00:00,1769166000000,494.0,498.7,492.6,495.94,46352.0,22980181.3408
2026-01-23 12:00:00+00:00,1769169600000,496.0,503.14,495.41,501.57,69484.0,34665852.4844
2026-01-23 13:00:00+00:00,1769173200000,498.82,503.77,488.24,498.4,204158.0,101550149.1168
2026-01-23 14:00:00+00:00,1769176800000,503.5,504.89,475.15,489.565,3523547.0,1710895243.0935
2026-01-23 15:00:00+00:00,1769180400000,489.97,506.3,488.8,493.87,3347448.0,1669701371.7384
2026-01-23 16:00:00+00:00,1769184000000,493.58,496.0,471.0901,473.06,3516280.0,1694797028.824
2026-01-23 17:00:00+00:00,1769187600000,471.73,479.88,463.01,465.52,3518652.0,1655061303.936
2026-01-23 18:00:00+00:00,1769191200000,467.51,478.08,466.5,475.2,2143711.0,1016650868.6991
2026-01-23 19:00:00+00:00,1769194800000,474.825,482.39,473.62,477.67,1679582.0,804886262.7924
2026-01-23 20:00:00+00:00,1769198400000,477.48,478.0,471.0,473.87,1895443.0,899222420.8704
2026-01-23 21:00:00+00:00,1769202000000,473.83,476.5,473.5232,475.2,99518.0,47267427.5448
2026-01-23 22:00:00+00:00,1769205600000,475.02,475.8494,472.01,472.02,664174.0,314722170.77
2026-01-23 23:00:00+00:00,1769209200000,472.04,473.5,471.12,473.09,27827.0,13132696.6416
2026-01-24 00:00:00+00:00,1769212800000,473.09,474.19,472.1,473.7999,28591.0,13535033.7229
2026-01-26 01:00:00+00:00,1769389200000,480.01,480.48,466.51,466.97,77861.0,36826392.38
2026-01-26 02:00:00+00:00,1769392800000,466.49,470.21,463.5,464.23,35799.0,16736667.82000002
2026-01-26 03:00:00+00:00,1769396400000,464.9,467.99,462.94,463.2,22025.0,10240914.96999999
2026-01-26 04:00:00+00:00,1769400000000,463.19,465.21,460.36,463.45,19834.0,9174602.65
2026-01-26 05:00:00+00:00,1769403600000,463.45,469.5,462.7,468.54,27994.0,13051097.03000001
2026-01-26 06:00:00+00:00,1769407200000,468.52,470.75,465.99,467.78,16671.0,7823979.92
2026-01-26 07:00:00+00:00,1769410800000,467.5,469.27,465.59,468.82,6988.0,3265417.93
2026-01-26 08:00:00+00:00,1769414400000,468.82,468.82,466.18,467.67,4753.0,2220774.43
2026-01-26 09:00:00+00:00,1769418000000,468.8,470.34,464.36,466.41,37456.0,17501503.28
2026-01-26 10:00:00+00:00,1769421600000,466.1,469.0,465.18,467.4,19071.0,8910631.0566
2026-01-26 11:00:00+00:00,1769425200000,467.68,474.6,467.5,473.52,33460.0,15776523.84
2026-01-26 12:00:00+00:00,1769428800000,473.06,477.36,472.81,475.76,53868.0,25592643.7056
2026-01-26 13:00:00+00:00,1769432400000,469.0,478.5,462.71,475.21,292478.0,138393862.606
2026-01-26 14:00:00+00:00,1769436000000,475.045,487.99,454.33,487.14,3921243.0,1836046354.7601
2026-01-26 15:00:00+00:00,1769439600000,486.8,494.7,475.51,482.15,3094635.0,1500492577.815
2026-01-26 16:00:00+00:00,1769443200000,480.825,483.5,473.23,483.15,1467957.0,701511695.031
2026-01-26 17:00:00+00:00,1769446800000,485.17,486.0,478.0,479.84,987363.0,475855845.8706
2026-01-26 18:00:00+00:00,1769450400000,478.06,479.77,472.09,472.22,845569.0,402126572.8748
2026-01-26 19:00:00+00:00,1769454000000,473.765,476.4799,470.77,472.37,884057.0,418519833.0674
2026-01-26 20:00:00+00:00,1769457600000,472.4,475.5,468.5,470.56,1187438.0,560057032.6008
2026-01-26 21:00:00+00:00,1769461200000,470.8,472.5,469.99,470.0,40166.0,18923777.1072
2026-01-26 22:00:00+00:00,1769464800000,469.5,470.0,467.27,467.27,31512.0,14754419.4408
2026-01-26 23:00:00+00:00,1769468400000,467.8,468.42,467.27,468.1101,22543.0,10544465.707
2026-01-27 00:00:00+00:00,1769472000000,468.11,470.4342,468.0,470.1491,34199.0,16040815.2366
2026-01-27 01:00:00+00:00,1769475600000,471.01,473.27,470.6,472.04,5550.0,2619850.79
2026-01-27 02:00:00+00:00,1769479200000,473.24,475.93,471.78,474.68,11669.0,5526227.63000001
2026-01-27 03:00:00+00:00,1769482800000,474.68,475.26,473.91,474.69,4167.0,1978115.94
2026-01-27 04:00:00+00:00,1769486400000,474.98,475.27,474.02,475.02,8279.0,3933505.74
2026-01-27 05:00:00+00:00,1769490000000,475.06,484.51,475.03,484.41,25049.0,11999007.80000001
2026-01-27 06:00:00+00:00,1769493600000,484.41,486.1,477.9,480.56,31535.0,15204698.78999999
2026-01-27 07:00:00+00:00,1769497200000,480.15,481.48,479.23,480.56,9979.0,4794803.86
2026-01-27 08:00:00+00:00,1769500800000,480.81,481.49,479.76,481.47,16911.0,8124326.56999999
2026-01-27 09:00:00+00:00,1769504400000,482.22,487.08,479.8,485.6,82654.0,40047722.715
2026-01-27 10:00:00+00:00,1769508000000,485.4,488.18,485.4,486.52,28092.0,13685543.1204
2026-01-27 11:00:00+00:00,1769511600000,487.44,488.32,482.64,482.64,33327.0,16183091.295
2026-01-27 12:00:00+00:00,1769515200000,483.11,483.85,478.0,479.0,80512.0,38700902.6688
2026-01-27 13:00:00+00:00,1769518800000,482.22,488.28,475.14,479.11,305473.0,146817013.6587
2026-01-27 14:00:00+00:00,1769522400000,481.39,503.0,479.44,496.45,2934547.0,1442096554.0135
2026-01-27 15:00:00+00:00,1769526000000,497.99,502.56,475.1601,477.145,3283432.0,1599361697.2592
2026-01-27 16:00:00+00:00,1769529600000,476.18,479.54,471.15,478.36,1744887.0,829929502.7337
2026-01-27 17:00:00+00:00,1769533200000,478.36,484.0,477.9101,482.11,920416.0,442523034.9344
2026-01-27 18:00:00+00:00,1769536800000,481.88,488.89,480.86,484.76,1014806.0,493001076.2092
2026-01-27 19:00:00+00:00,1769540400000,484.53,486.4,481.1201,485.71,777305.0,376346362.701
2026-01-27 20:00:00+00:00,1769544000000,485.56,488.5799,476.18,481.345,1498779.0,723707022.5676
2026-01-27 21:00:00+00:00,1769547600000,481.43,488.0,476.0,482.5,270850.0,130299624.195
2026-01-27 22:00:00+00:00,1769551200000,482.82,499.81,482.82,496.07,339938.0,167910437.4534
2026-01-27 23:00:00+00:00,1769554800000,496.0001,498.0,495.0,497.82,79355.0,39378458.618
2026-01-28 00:00:00+00:00,1769558400000,497.93,498.99,495.71,498.56,104355.0,51924637.3995
2026-01-28 01:00:00+00:00,1769562000000,498.26,503.24,497.99,499.78,31340.0,15684986.56999999
2026-01-28 02:00:00+00:00,1769565600000,499.76,501.78,498.31,499.15,21926.0,10965329.59
2026-01-28 03:00:00+00:00,1769569200000,499.34,499.8,498.5,499.02,7194.0,3590543.62
2026-01-28 04:00:00+00:00,1769572800000,499.01,500.2,497.99,499.42,5639.0,2813799.89
2026-01-28 05:00:00+00:00,1769576400000,499.39,501.76,498.99,501.42,11277.0,5639912.68
2026-01-28 06:00:00+00:00,1769580000000,501.38,504.96,501.0,503.25,27195.0,13679405.66
2026-01-28 07:00:00+00:00,1769583600000,502.74,507.95,502.01,506.73,19177.0,9678631.43
2026-01-28 08:00:00+00:00,1769587200000,506.75,509.86,505.7,507.01,32222.0,16370961.39
2026-01-28 09:00:00+00:00,1769590800000,506.08,516.4,504.97,514.16,101130.0,51590367.183
2026-01-28 10:00:00+00:00,1769594400000,513.44,517.54,513.11,516.5,51734.0,26700264.0178
2026-01-28 11:00:00+00:00,1769598000000,515.85,517.5,513.52,514.68,61057.0,31509173.1112
2026-01-28 12:00:00+00:00,1769601600000,514.37,515.93,508.7,510.0,120116.0,61508821.106
2026-01-28 13:00:00+00:00,1769605200000,514.0,517.5,499.01,505.0,383007.0,194663231.1486
2026-01-28 14:00:00+00:00,1769608800000,502.84,529.98,499.15,507.68,4212787.0,2175660986.4114
2026-01-28 15:00:00+00:00,1769612400000,507.485,513.27,501.94,509.23,2697752.0,1369436916.868
2026-01-28 16:00:00+00:00,1769616000000,508.74,522.88,508.2,518.4,2006711.0,1040077307.9445
2026-01-28 17:00:00+00:00,1769619600000,517.98,524.56,514.4001,524.29,1143327.0,595408915.4649
2026-01-28 18:00:00+00:00,1769623200000,523.96,525.2472,517.2501,520.02,949461.0,495474608.7663
2026-01-28 19:00:00+00:00,1769626800000,518.64,528.5,512.0,527.745,1692617.0,885138995.8587
2026-01-28 20:00:00+00:00,1769630400000,526.65,531.4625,525.14,527.68,1883297.0,994608883.2667
2026-01-28 21:00:00+00:00,1769634000000,527.63,542.0,525.12,540.96,319982.0,171070728.7302
2026-01-28 22:00:00+00:00,1769637600000,541.01,545.0,541.01,545.0,165634.0,89981382.7262
2026-01-28 23:00:00+00:00,1769641200000,545.49,548.56,543.0,545.35,161306.0,88145970.1814
2026-01-29 00:00:00+00:00,1769644800000,545.9225,546.3,542.0,543.1,110962.0,60400677.8092
2026-01-29 01:00:00+00:00,1769648400000,543.5,546.91,535.99,538.64,35795.0,19351593.04000001
2026-01-29 02:00:00+00:00,1769652000000,538.49,541.39,538.02,539.84,30938.0,16689104.76
2026-01-29 03:00:00+00:00,1769655600000,539.91,545.73,539.71,545.18,13266.0,7213533.27
2026-01-29 04:00:00+00:00,1769659200000,545.09,547.81,543.9,547.46,16537.0,9034222.63000001
2026-01-29 05:00:00+00:00,1769662800000,547.46,553.88,546.54,550.24,37132.0,20416154.09000001
2026-01-29 06:00:00+00:00,1769666400000,550.24,552.76,544.9,547.82,27913.0,15302074.31999999
2026-01-29 07:00:00+00:00,1769670000000,547.79,549.67,545.99,548.82,14394.0,7891312.56
2026-01-29 08:00:00+00:00,1769673600000,548.8,549.68,545.71,547.47,10824.0,5926147.93
2026-01-29 09:00:00+00:00,1769677200000,547.0,547.0,541.0,541.28,46503.0,25302156.7419
2026-01-29 10:00:00+00:00,1769680800000,541.5,542.44,537.5,539.37,36507.0,19715178.2181
2026-01-29 11:00:00+00:00,1769684400000,539.5,540.5,536.32,538.94,36901.0,19874749.4465
2026-01-29 12:00:00+00:00,1769688000000,539.85,542.5,535.0,537.83,73261.0,39439246.1529
2026-01-29 13:00:00+00:00,1769691600000,541.0,553.87,535.2,540.02,341676.0,185552652.7836
2026-01-29 14:00:00+00:00,1769695200000,535.85,544.0,522.12,533.4,3118256.0,1664831577.3648
2026-01-29 15:00:00+00:00,1769698800000,532.695,534.85,512.2,516.495,3032584.0,1591187120.5312
2026-01-29 16:00:00+00:00,1769702400000,514.735,546.36,507.24,539.08,3634609.0,1928140084.1505
2026-01-29 17:00:00+00:00,1769706000000,539.44,545.9899,538.03,538.56,1431670.0,774647717.266
2026-01-29 18:00:00+00:00,1769709600000,539.52,545.8,538.54,544.38,1147243.0,623591963.351
2026-01-29 19:00:00+00:00,1769713200000,544.43,546.75,540.03,544.38,1219886.0,663922345.557
2026-01-29 20:00:00+00:00,1769716800000,544.17,545.4984,530.19,541.555,2109864.0,1141480942.1304
2026-01-29 21:00:00+00:00,1769720400000,539.3,627.99,533.01,600.96,4030640.0,2418471464.888
2026-01-29 22:00:00+00:00,1769724000000,601.9999,624.89,595.13,623.0,944810.0,577853071.037
2026-01-29 23:00:00+00:00,1769727600000,622.91,623.6,612.0,615.9,354950.0,218830153.51
2026-01-30 00:00:00+00:00,1769731200000,615.8,632.0,615.8,631.9,502840.0,314307634.316
2026-01-30 01:00:00+00:00,1769734800000,622.53,666.22,622.53,637.03,191618.0,123092063.08
2026-01-30 02:00:00+00:00,1769738400000,637.27,641.99,628.96,641.99,74145.0,46982653.44000001
2026-01-30 03:00:00+00:00,1769742000000,641.98,652.86,640.52,650.46,83461.0,54028133.07999998
2026-01-30 04:00:00+00:00,1769745600000,650.2,664.5,649.54,659.35,116088.0,76538348.30000006
2026-01-30 05:00:00+00:00,1769749200000,659.37,659.9,650.29,654.37,49585.0,32494404.14000002
2026-01-30 06:00:00+00:00,1769752800000,654.37,655.48,639.96,641.0,56710.0,36635911.67
2026-01-30 07:00:00+00:00,1769756400000,641.01,652.5,640.74,648.13,42055.0,27245724.88
2026-01-30 08:00:00+00:00,1769760000000,648.24,656.77,646.17,655.2,46177.0,30137617.94000002
2026-01-30 09:00:00+00:00,1769763600000,652.23,656.03,636.0,644.98,310514.0,200983540.0512
2026-01-30 10:00:00+00:00,1769767200000,646.99,647.01,640.88,643.83,125497.0,80951162.1662
2026-01-30 11:00:00+00:00,1769770800000,645.0,654.0,645.0,649.28,101990.0,66330746.748
2026-01-30 12:00:00+00:00,1769774400000,648.0,673.99,646.51,664.97,476160.0,316180191.744
2026-01-30 13:00:00+00:00,1769778000000,663.51,673.5,636.0,665.79,1266893.0,836097690.7656
2026-01-30 14:00:00+00:00,1769781600000,666.91,676.69,618.5001,620.08,8980076.0,5822023936.8368
2026-01-30 15:00:00+00:00,1769785200000,619.255,624.8,599.0,613.41,6971799.0,4274296326.5763
2026-01-30 16:00:00+00:00,1769788800000,609.74,614.96,589.27,594.27,3026090.0,1824614252.49
2026-01-30 17:00:00+00:00,1769792400000,593.42,614.8499,587.0,589.01,3301717.0,1983848545.6312
2026-01-30 18:00:00+00:00,1769796000000,588.6,596.59,578.51,589.405,2681070.0,1577086342.314
2026-01-30 19:00:00+00:00,1769799600000,588.14,592.0,561.16,561.38,3336535.0,1924538745.666
2026-01-30 20:00:00+00:00,1769803200000,561.59,579.97,533.0,576.18,8606641.0,4786604048.0884
2026-01-30 21:00:00+00:00,1769806800000,574.01,578.45,569.11,574.01,331735.0,190488904.8735
2026-01-30 22:00:00+00:00,1769810400000,577.82,583.99,576.75,580.0,167813.0,97451442.3885
2026-01-30 23:00:00+00:00,1769814000000,580.17,598.0,579.6,597.56,240532.0,142248315.6928
2026-01-31 00:00:00+00:00,1769817600000,597.56,597.56,590.73,592.75,192497.0,114242157.075
2026-02-02 01:00:00+00:00,1769994000000,600.03,614.0,572.99,600.24,209170.0,124712537.34999996
2026-02-02 02:00:00+00:00,1769997600000,600.28,600.29,580.48,580.61,89305.0,52724029.09999997
2026-02-02 03:00:00+00:00,1770001200000,581.14,584.78,560.99,564.49,150700.0,86284755.97000006
2026-02-02 04:00:00+00:00,1770004800000,564.03,590.66,555.01,581.18,176397.0,100972329.60999995
2026-02-02 05:00:00+00:00,1770008400000,581.18,581.18,564.65,571.99,72900.0,41760058.81000001
2026-02-02 06:00:00+00:00,1770012000000,570.99,572.0,559.99,565.01,53663.0,30317590.59000001
2026-02-02 07:00:00+00:00,1770015600000,565.01,589.88,564.01,585.5,79104.0,45713471.27000004
2026-02-02 08:00:00+00:00,1770019200000,585.88,588.87,580.04,580.99,40441.0,23669392.69000001
2026-02-02 09:00:00+00:00,1770022800000,579.97,579.97,564.5,578.19,183977.0,105316971.3328
2026-02-02 10:00:00+00:00,1770026400000,577.52,578.03,562.64,567.3,75390.0,43065240.792
2026-02-02 11:00:00+00:00,1770030000000,568.66,588.91,565.65,581.25,125829.0,72837790.1757
2026-02-02 12:00:00+00:00,1770033600000,581.41,598.89,580.001,590.97,318320.0,188797661.08
2026-02-02 13:00:00+00:00,1770037200000,580.0,598.9351,560.1,590.85,938529.0,546611396.6241
2026-02-02 14:00:00+00:00,1770040800000,587.6,639.5999,584.1,617.385,6707961.0,4159470444.4917
2026-02-02 15:00:00+00:00,1770044400000,617.51,663.67,616.225,658.96,6814398.0,4421219583.0288
2026-02-02 16:00:00+00:00,1770048000000,659.28,669.69,649.37,669.21,3267687.0,2158462478.6325
2026-02-02 17:00:00+00:00,1770051600000,669.13,673.9999,665.06,669.44,1989177.0,1331145910.0911
2026-02-02 18:00:00+00:00,1770055200000,669.89,670.9999,661.0,667.01,1787099.0,1189204656.6214
2026-02-02 19:00:00+00:00,1770058800000,665.67,672.4908,653.1001,656.495,1861285.0,1240324587.328
2026-02-02 20:00:00+00:00,1770062400000,654.42,666.63,649.5,665.5,3185310.0,2101676138.337
2026-02-02 21:00:00+00:00,1770066000000,668.24,675.0,664.61,668.64,342969.0,229498906.7415
2026-02-02 22:00:00+00:00,1770069600000,673.67,677.76,673.01,676.7,215608.0,145651332.4216
2026-02-02 23:00:00+00:00,1770073200000,677.0,687.5688,676.5,684.5759,265968.0,181488690.5472
2026-02-03 00:00:00+00:00,1770076800000,684.65,685.19,677.55,682.5,199965.0,136282266.429
2026-02-03 01:00:00+00:00,1770080400000,679.49,686.18,676.01,683.79,36113.0,24644831.41
2026-02-03 02:00:00+00:00,1770084000000,683.74,684.8,677.56,684.51,37877.0,25801087.77000002
2026-02-03 03:00:00+00:00,1770087600000,684.48,689.89,682.01,687.51,35450.0,24317267.68999999
2026-02-03 04:00:00+00:00,1770091200000,687.67,689.86,686.3,688.56,31112.0,21415093.94000001
2026-02-03 05:00:00+00:00,1770094800000,688.53,691.1,682.87,684.44,42510.0,29240682.19000001
2026-02-03 06:00:00+00:00,1770098400000,684.41,686.15,682.65,684.37,39645.0,27123815.88000001
2026-02-03 07:00:00+00:00,1770102000000,684.38,688.01,683.25,686.53,29287.0,20073035.62999999
2026-02-03 08:00:00+00:00,1770105600000,686.52,687.76,685.25,686.76,18812.0,12911478.41999999
2026-02-03 09:00:00+00:00,1770109200000,687.0,696.37,685.7,689.94,136106.0,94145459.3314
2026-02-03 10:00:00+00:00,1770112800000,690.0,691.28,683.0,684.02,52232.0,35874901.5232
2026-02-03 11:00:00+00:00,1770116400000,684.0,687.04,681.23,684.3,49157.0,33645734.7722
2026-02-03 12:00:00+00:00,1770120000000,684.47,694.0,682.32,694.0,172991.0,119260739.2613
2026-02-03 13:00:00+00:00,1770123600000,694.51,696.96,681.23,695.18,632967.0,437286834.3675
2026-02-03 14:00:00+00:00,1770127200000,694.73,725.0,651.99,655.37,7483211.0,5120523321.1902
2026-02-03 15:00:00+00:00,1770130800000,654.55,682.8899,646.2,680.935,6278958.0,4146195010.3686
2026-02-03 16:00:00+00:00,1770134400000,680.59,685.0,661.33,671.48,3120273.0,2095247406.1077
2026-02-03 17:00:00+00:00,1770138000000,670.98,675.47,657.02,667.43,2752099.0,1833371845.4478
2026-02-03 18:00:00+00:00,1770141600000,666.02,669.05,657.5,662.33,1968879.0,1305703652.1969
2026-02-03 19:00:00+00:00,1770145200000,659.16,682.1799,655.21,679.93,2802548.0,1883981224.2076
2026-02-03 20:00:00+00:00,1770148800000,682.97,696.37,677.78,695.675,4063526.0,2796057382.999
2026-02-03 21:00:00+00:00,1770152400000,697.75,705.0,685.01,696.65,463045.0,321938241.053
2026-02-03 22:00:00+00:00,1770156000000,696.54,697.0985,680.0,681.97,162466.0,111804145.987
2026-02-03 23:00:00+00:00,1770159600000,683.0,689.25,681.75,686.0,77029.0,52804896.9713
2026-02-04 00:00:00+00:00,1770163200000,685.4,685.5,675.18,679.01,135587.0,92196488.9361
2026-02-04 01:00:00+00:00,1770166800000,678.34,690.09,673.0,686.95,41308.0,28204465.83
2026-02-04 02:00:00+00:00,1770170400000,686.95,688.34,679.99,681.44,16898.0,11569335.92999999
2026-02-04 03:00:00+00:00,1770174000000,681.19,683.98,678.57,683.67,10812.0,7367598.69
2026-02-04 04:00:00+00:00,1770177600000,683.78,685.96,683.34,683.93,9342.0,6395828.92
2026-02-04 05:00:00+00:00,1770181200000,683.77,686.76,682.0,686.0,9224.0,6310332.81
2026-02-04 06:00:00+00:00,1770184800000,685.99,690.85,685.57,689.5,15791.0,10866571.56000001
2026-02-04 07:00:00+00:00,1770188400000,689.01,697.0,688.39,693.65,31250.0,21654435.36
2026-02-04 08:00:00+00:00,1770192000000,693.89,694.37,688.37,688.39,11253.0,7776586.77
2026-02-04 09:00:00+00:00,1770195600000,684.22,692.5,672.3,678.0,128031.0,87190493.7348
2026-02-04 10:00:00+00:00,1770199200000,680.0,686.5,679.18,686.49,33741.0,23040190.3104
2026-02-04 11:00:00+00:00,1770202800000,686.97,689.38,683.0,686.74,29860.0,20487608.892
2026-02-04 12:00:00+00:00,1770206400000,687.41,687.67,674.52,676.0,87176.0,59289783.6984
2026-02-04 13:00:00+00:00,1770210000000,674.06,696.98,672.3,674.06,340660.0,232019029.288
2026-02-04 14:00:00+00:00,1770213600000,654.01,672.6,626.26,644.91,5151485.0,3325993957.2815
2026-02-04 15:00:00+00:00,1770217200000,643.255,656.7101,613.55,616.0,5455395.0,3430477850.085
2026-02-04 16:00:00+00:00,1770220800000,616.695,630.59,611.34,619.01,3057926.0,1891841879.9458
2026-02-04 17:00:00+00:00,1770224400000,619.06,622.78,596.13,609.43,3062903.0,1862359270.2819
2026-02-04 18:00:00+00:00,1770228000000,612.135,613.6599,582.5001,587.4,3616863.0,2153569928.4024
2026-02-04 19:00:00+00:00,1770231600000,587.94,612.99,584.94,611.845,2696762.0,1617552635.8298
2026-02-04 20:00:00+00:00,1770235200000,612.35,613.21,582.0,584.48,3506757.0,2080877692.3113
2026-02-04 21:00:00+00:00,1770238800000,584.55,616.0,583.11,610.01,674290.0,405731418.785
2026-02-04 22:00:00+00:00,1770242400000,610.27,614.9,606.4,607.48,266349.0,162957512.0055
2026-02-04 23:00:00+00:00,1770246000000,607.12,612.6542,605.5,607.0,119406.0,72749204.0352
2026-02-05 00:00:00+00:00,1770249600000,607.0,611.39,602.56,609.6873,78073.0,47427887.5349
2026-02-05 01:00:00+00:00,1770253200000,609.99,629.99,609.01,615.02,87292.0,54225720.17000004
2026-02-05 02:00:00+00:00,1770256800000,615.01,615.9,594.99,596.2,73530.0,44500536.24
2026-02-05 03:00:00+00:00,1770260400000,596.19,602.48,587.23,587.87,86366.0,51340058.13999998
2026-02-05 04:00:00+00:00,1770264000000,587.86,590.85,570.0,584.9,110195.0,64155463.73999996
2026-02-05 05:00:00+00:00,1770267600000,584.9,593.0,581.62,585.32,37416.0,22000141.87000002
2026-02-05 06:00:00+00:00,1770271200000,586.73,603.37,585.32,603.37,40794.0,24359313.32999999
2026-02-05 07:00:00+00:00,1770274800000,603.27,607.4,599.36,600.27,39217.0,23658230.32999999
2026-02-05 08:00:00+00:00,1770278400000,600.68,613.71,600.28,604.21,45534.0,27665006.40999998
2026-02-05 09:00:00+00:00,1770282000000,609.98,609.98,593.99,600.99,99075.0,59581733.4075
2026-02-05 10:00:00+00:00,1770285600000,600.01,602.0,597.29,599.4,40707.0,24438349.7532
2026-02-05 11:00:00+00:00,1770289200000,598.28,599.29,578.01,589.5,144899.0,85122366.54
2026-02-05 12:00:00+00:00,1770292800000,589.56,589.8,554.18,563.13,425657.0,241559794.1459
2026-02-05 13:00:00+00:00,1770296400000,565.01,613.0,553.9101,566.45,828449.0,476574483.0339
2026-02-05 14:00:00+00:00,1770300000000,569.88,619.41,557.0,600.77,6251388.0,3718244939.4948
2026-02-05 15:00:00+00:00,1770303600000,600.44,602.0,563.56,590.65,5716058.0,3316290514.3122
2026-02-05 16:00:00+00:00,1770307200000,592.11,614.75,584.0,609.49,4083906.0,2459519728.3914
2026-02-05 17:00:00+00:00,1770310800000,610.04,611.99,593.2601,599.5,2123054.0,1277291279.5768
2026-02-05 18:00:00+00:00,1770314400000,602.86,603.93,580.7401,588.495,1765730.0,1042725542.123
2026-02-05 19:00:00+00:00,1770318000000,588.07,596.5,585.0,591.92,1666531.0,983644091.5195
2026-02-05 20:00:00+00:00,1770321600000,591.52,595.79,570.13,575.76,3109864.0,1802595660.2184
2026-02-05 21:00:00+00:00,1770325200000,572.53,583.0,550.26,551.22,476330.0,269423965.718
2026-02-05 22:00:00+00:00,1770328800000,552.75,563.0,550.26,558.3512,202835.0,113023434.731
2026-02-05 23:00:00+00:00,1770332400000,558.5,566.0,550.51,553.0,142710.0,79364755.731
2026-02-06 00:00:00+00:00,1770336000000,553.0,553.0,544.0,549.0,268161.0,147050535.8226
2026-02-06 01:00:00+00:00,1770339600000,556.98,564.81,544.35,558.21,81418.0,45210255.35999997
2026-02-06 02:00:00+00:00,1770343200000,559.0,578.01,559.0,570.29,104647.0,59632284.52999999
2026-02-06 03:00:00+00:00,1770346800000,570.48,573.5,565.02,569.78,37160.0,21161974.89000001
2026-02-06 04:00:00+00:00,1770350400000,569.48,569.48,556.85,562.99,37728.0,21216547.14000001
2026-02-06 05:00:00+00:00,1770354000000,562.63,571.01,561.5,569.3,30915.0,17544144.31
2026-02-06 06:00:00+00:00,1770357600000,569.27,573.7,568.5,569.49,32391.0,18509557.62000001
2026-02-06 07:00:00+00:00,1770361200000,569.0,572.79,565.4,572.79,22851.0,12987918.58999999
2026-02-06 08:00:00+00:00,1770364800000,572.79,573.0,568.0,571.73,24371.0,13914324.07000001
2026-02-06 09:00:00+00:00,1770368400000,565.0,608.47,565.0,603.36,307406.0,183360854.5868
2026-02-06 10:00:00+00:00,1770372000000,603.63,617.81,600.94,615.14,183178.0,111861565.7092
2026-02-06 11:00:00+00:00,1770375600000,615.8,623.28,615.06,616.0,176346.0,109153500.831
2026-02-06 12:00:00+00:00,1770379200000,615.19,617.49,607.39,610.6,261283.0,160267203.5965
2026-02-06 13:00:00+00:00,1770382800000,605.1,623.0,561.73,610.57,800097.0,481504215.3081
2026-02-06 14:00:00+00:00,1770386400000,607.22,616.39,585.08,601.82,4309056.0,2594416258.1376
2026-02-06 15:00:00+00:00,1770390000000,601.07,602.3228,575.5,584.39,4193341.0,2458797784.0757
2026-02-06 16:00:00+00:00,1770393600000,580.67,607.0,576.76,593.26,2869095.0,1706296988.9295
2026-02-06 17:00:00+00:00,1770397200000,593.66,598.05,588.24,595.67,1350528.0,802819073.7024
2026-02-06 18:00:00+00:00,1770400800000,597.18,605.6699,596.75,602.48,1545311.0,930458950.5736
2026-02-06 19:00:00+00:00,1770404400000,601.92,609.5,597.0,605.8,1363169.0,823240796.6561
2026-02-06 20:00:00+00:00,1770408000000,603.71,615.36,596.75,597.9,2881768.0,1748472389.248
2026-02-06 21:00:00+00:00,1770411600000,599.11,602.0,597.3344,599.1,272413.0,163127496.7946
2026-02-06 22:00:00+00:00,1770415200000,599.91,600.35,599.51,599.8,205701.0,123066465.1584
2026-02-06 23:00:00+00:00,1770418800000,599.52,600.0,599.3,599.9999,26710.0,16020006.276
2026-02-07 00:00:00+00:00,1770422400000,600.35,600.79,598.11,598.469,42130.0,25253926.918
2026-02-09 01:00:00+00:00,1770598800000,599.11,619.99,598.51,606.79,70614.0,43233451.40000001
2026-02-09 02:00:00+00:00,1770602400000,606.79,612.99,605.75,609.24,23051.0,14054257.75
2026-02-09 03:00:00+00:00,1770606000000,609.2,611.68,608.0,608.05,13548.0,8261020.46
2026-02-09 04:00:00+00:00,1770609600000,608.59,610.49,607.11,607.81,8357.0,5086210.47
2026-02-09 05:00:00+00:00,1770613200000,607.23,609.4,606.8,607.86,11030.0,6705143.75
2026-02-09 06:00:00+00:00,1770616800000,607.86,608.41,602.99,605.02,28521.0,17285656.48
2026-02-09 07:00:00+00:00,1770620400000,605.63,607.49,600.51,602.54,18902.0,11400698.66
2026-02-09 08:00:00+00:00,1770624000000,602.43,607.48,601.9,602.49,14575.0,8811908.62000001
2026-02-09 09:00:00+00:00,1770627600000,599.0,606.35,585.22,585.22,107834.0,64068579.0272
2026-02-09 10:00:00+00:00,1770631200000,585.05,591.45,582.0,590.3,72099.0,42237259.6869
2026-02-09 11:00:00+00:00,1770634800000,590.88,594.0,588.12,591.77,20194.0,11940603.1524
2026-02-09 12:00:00+00:00,1770638400000,591.73,598.47,588.5,598.47,58504.0,34716495.9152
2026-02-09 13:00:00+00:00,1770642000000,599.53,608.5,582.0,599.53,312645.0,186964961.508
2026-02-09 14:00:00+00:00,1770645600000,592.155,601.93,551.51,584.51,4551571.0,2637030035.557
2026-02-09 15:00:00+00:00,1770649200000,585.37,596.28,578.65,592.34,2267154.0,1336818287.484
2026-02-09 16:00:00+00:00,1770652800000,591.865,596.9999,581.4,589.47,1656967.0,976737474.0877
2026-02-09 17:00:00+00:00,1770656400000,590.65,596.31,585.42,588.36,1142308.0,674062471.5656
2026-02-09 18:00:00+00:00,1770660000000,588.85,593.0,582.07,591.09,866225.0,509327739.7375
2026-02-09 19:00:00+00:00,1770663600000,591.02,603.9799,590.16,600.28,1542904.0,925555862.9064
2026-02-09 20:00:00+00:00,1770667200000,600.05,601.6399,580.51,583.35,1979785.0,1163714455.344
2026-02-09 21:00:00+00:00,1770670800000,583.88,587.25,583.21,584.57,109612.0,64054545.3836
2026-02-09 22:00:00+00:00,1770674400000,583.09,585.46,582.01,583.61,25213.0,14702267.5925
2026-02-09 23:00:00+00:00,1770678000000,584.14,584.14,579.78,580.45,39900.0,23193514.89
2026-02-10 00:00:00+00:00,1770681600000,580.8977,581.0,577.3,579.2,59760.0,34597777.104
2026-02-10 01:00:00+00:00,1770685200000,582.38,582.46,574.05,577.05,20603.0,11900774.05000001
2026-02-10 02:00:00+00:00,1770688800000,577.27,580.07,576.75,577.97,7324.0,4237508.19
2026-02-10 03:00:00+00:00,1770692400000,577.99,578.13,576.03,576.76,4385.0,2530652.06
2026-02-10 04:00:00+00:00,1770696000000,576.78,581.0,576.5,580.69,5649.0,3268160.2
2026-02-10 05:00:00+00:00,1770699600000,580.7,581.47,578.5,580.95,6230.0,3614146.28
2026-02-10 06:00:00+00:00,1770703200000,580.99,581.97,578.99,580.78,6030.0,3499359.55
2026-02-10 07:00:00+00:00,1770706800000,580.78,586.11,580.53,584.01,11802.0,6889911.43
2026-02-10 08:00:00+00:00,1770710400000,584.01,585.0,582.23,584.28,5939.0,3465328.32
2026-02-10 09:00:00+00:00,1770714000000,584.79,589.92,583.0,588.23,76560.0,44962095.552
2026-02-10 10:00:00+00:00,1770717600000,588.34,590.0,583.0,583.45,25206.0,14795193.5466
2026-02-10 11:00:00+00:00,1770721200000,583.5,583.79,581.0,581.97,12869.0,7492908.3312
2026-02-10 12:00:00+00:00,1770724800000,582.74,582.74,573.35,573.6,64620.0,37320014.448
2026-02-10 13:00:00+00:00,1770728400000,572.07,591.0,568.03,572.07,237549.0,136933030.6188
2026-02-10 14:00:00+00:00,1770732000000,576.47,582.28,547.25,557.99,3851454.0,2154884661.546
2026-02-10 15:00:00+00:00,1770735600000,558.54,571.0,549.03,552.1,2734832.0,1537690195.6016
2026-02-10 16:00:00+00:00,1770739200000,553.76,562.19,549.06,552.75,1596338.0,887014308.8266
2026-02-10 17:00:00+00:00,1770742800000,553.51,562.18,551.04,561.36,1267330.0,706203420.676
2026-02-10 18:00:00+00:00,1770746400000,560.38,561.49,547.09,552.96,1482082.0,818279555.2218
2026-02-10 19:00:00+00:00,1770750000000,552.675,556.0,547.1801,551.675,1236165.0,681835855.6275
2026-02-10 20:00:00+00:00,1770753600000,550.815,552.39,540.1401,541.77,2654086.0,1447234611.553
2026-02-10 21:00:00+00:00,1770757200000,542.15,542.75,536.58,540.72,212123.0,114393012.6464
2026-02-10 22:00:00+00:00,1770760800000,541.22,544.5,538.01,540.0,111625.0,60438708.825
2026-02-10 23:00:00+00:00,1770764400000,540.01,541.8366,538.0,538.4,46176.0,24902938.4448
2026-02-11 00:00:00+00:00,1770768000000,538.01,540.0,537.5,538.96,52108.0,28056192.5812
2026-02-11 01:00:00+00:00,1770771600000,540.0,547.01,539.0,543.08,22500.0,12227262.77
2026-02-11 02:00:00+00:00,1770775200000,543.26,545.23,541.99,542.99,13153.0,7151273.51
2026-02-11 03:00:00+00:00,1770778800000,542.67,544.25,541.95,544.25,9154.0,4970626.16
2026-02-11 04:00:00+00:00,1770782400000,544.13,544.97,542.53,542.83,13259.0,7212900.82
2026-02-11 05:00:00+00:00,1770786000000,542.81,543.85,539.19,540.58,9487.0,5134707.61
2026-02-11 06:00:00+00:00,1770789600000,540.73,541.99,538.03,540.14,9478.0,5112338.3
2026-02-11 07:00:00+00:00,1770793200000,540.14,542.95,539.46,541.31,12708.0,6875288.1
2026-02-11 08:00:00+00:00,1770796800000,541.61,541.61,537.97,537.98,8351.0,4502600.72
2026-02-11 09:00:00+00:00,1770800400000,539.5,542.59,537.83,541.03,23608.0,12753813.5816
2026-02-11 10:00:00+00:00,1770804000000,540.6,545.7,537.98,544.02,36245.0,19649469.2295
2026-02-11 11:00:00+00:00,1770807600000,544.25,562.0,544.25,555.01,180033.0,99922293.7293
2026-02-11 12:00:00+00:00,1770811200000,555.0,563.98,554.01,555.9,136741.0,76278710.6235
2026-02-11 13:00:00+00:00,1770814800000,566.3,573.83,538.0,572.82,650904.0,364556815.2408
2026-02-11 14:00:00+00:00,1770818400000,570.62,607.54,568.155,596.84,4996613.0,2956202111.2556
2026-02-11 15:00:00+00:00,1770822000000,598.92,604.8999,576.5,592.87,3935583.0,2309305256.8497
2026-02-11 16:00:00+00:00,1770825600000,591.76,605.0,585.13,593.79,2461064.0,1464559990.1008
2026-02-11 17:00:00+00:00,1770829200000,593.23,604.49,592.0,599.07,1569082.0,940432121.0476
2026-02-11 18:00:00+00:00,1770832800000,599.24,600.655,593.22,599.34,1138949.0,680763370.7931
2026-02-11 19:00:00+00:00,1770836400000,599.64,611.5,597.84,608.24,2061733.0,1248888785.7243
2026-02-11 20:00:00+00:00,1770840000000,607.42,612.8,595.0601,599.22,2532388.0,1529581851.3876
2026-02-11 21:00:00+00:00,1770843600000,599.34,609.02,599.01,608.43,163057.0,98464415.305
2026-02-11 22:00:00+00:00,1770847200000,608.5,611.99,607.2,609.38,88116.0,53716306.644
2026-02-11 23:00:00+00:00,1770850800000,608.99,610.0,603.52,608.4,63930.0,38798496.879
2026-02-12 00:00:00+00:00,1770854400000,608.3,613.91,607.15,611.9,86118.0,52611690.8208
2026-02-12 01:00:00+00:00,1770858000000,611.31,613.01,606.0,610.5,24531.0,14947693.68000001
2026-02-12 02:00:00+00:00,1770861600000,610.5,613.59,608.98,613.51,16918.0,10351391.0
2026-02-12 03:00:00+00:00,1770865200000,613.42,621.02,613.0,619.0,41248.0,25488278.48999998
2026-02-12 04:00:00+00:00,1770868800000,619.0,619.0,615.54,615.98,15173.0,9365591.62
2026-02-12 05:00:00+00:00,1770872400000,615.96,617.45,611.02,617.22,23707.0,14550247.17
2026-02-12 06:00:00+00:00,1770876000000,617.16,647.74,614.89,641.98,148391.0,94026783.50000001
2026-02-12 07:00:00+00:00,1770879600000,641.98,652.25,633.7,636.97,152563.0,98131637.98999996
2026-02-12 08:00:00+00:00,1770883200000,636.06,644.99,635.91,636.99,57264.0,36652179.35999998
2026-02-12 09:00:00+00:00,1770886800000,642.45,644.0,632.0,643.34,144877.0,92612549.8115
2026-02-12 10:00:00+00:00,1770890400000,643.69,644.0,640.0,641.07,59791.0,38345277.7229
2026-02-12 11:00:00+00:00,1770894000000,642.0,642.89,635.6,635.6,75742.0,48400758.8788
2026-02-12 12:00:00+00:00,1770897600000,635.6,640.0,634.0,637.75,136363.0,86863081.0007
2026-02-12 13:00:00+00:00,1770901200000,643.28,651.97,611.24,643.28,991579.0,634247344.6123
2026-02-12 14:00:00+00:00,1770904800000,640.76,668.0,635.7,651.97,5373480.0,3507301562.184
2026-02-12 15:00:00+00:00,1770908400000,653.47,659.49,629.77,638.955,4148297.0,2672123023.5718
2026-02-12 16:00:00+00:00,1770912000000,639.09,644.2,615.62,627.06,3868345.0,2436719256.647
2026-02-12 17:00:00+00:00,1770915600000,626.35,642.2899,621.21,624.98,1805936.0,1136382519.096
2026-02-12 18:00:00+00:00,1770919200000,624.99,643.0,623.149,640.01,1865525.0,1181932839.045
2026-02-12 19:00:00+00:00,1770922800000,639.1,641.0,632.0001,633.685,1575260.0,1002439384.744
2026-02-12 20:00:00+00:00,1770926400000,634.87,637.19,621.3301,630.5,2350727.0,1478894776.9121
2026-02-12 21:00:00+00:00,1770930000000,637.14,646.0,630.29,636.45,297872.0,190029289.2064
2026-02-12 22:00:00+00:00,1770933600000,641.97,644.5831,640.058,641.6,48600.0,31212086.4
2026-02-12 23:00:00+00:00,1770937200000,641.4,644.7,640.6,643.5,62565.0,40182771.666
2026-02-13 00:00:00+00:00,1770940800000,643.5,644.7,636.67,638.0,97542.0,62593306.1604
2026-02-13 01:00:00+00:00,1770944400000,637.26,642.77,635.51,638.75,24644.0,15750578.59000001
2026-02-13 02:00:00+00:00,1770948000000,638.99,640.51,638.73,639.3,12096.0,7738291.3
2026-02-13 03:00:00+00:00,1770951600000,639.31,640.0,638.09,638.2,11034.0,7049555.6
2026-02-13 04:00:00+00:00,1770955200000,638.19,641.24,637.79,639.25,15714.0,10050500.04
2026-02-13 05:00:00+00:00,1770958800000,639.01,639.24,624.0,624.5,39697.0,25019990.52999999
2026-02-13 06:00:00+00:00,1770962400000,625.01,627.84,614.99,623.62,63773.0,39554737.32999998
2026-02-13 07:00:00+00:00,1770966000000,623.94,630.19,623.64,629.5,23340.0,14638246.76
2026-02-13 08:00:00+00:00,1770969600000,629.7,631.99,624.01,630.4,15645.0,9838036.9
2026-02-13 09:00:00+00:00,1770973200000,628.13,634.0,625.92,631.2,39568.0,24985427.2672
2026-02-13 10:00:00+00:00,1770976800000,631.0,634.0,626.0,626.0,30983.0,19526577.2016
2026-02-13 11:00:00+00:00,1770980400000,625.0,625.0,618.4,622.5,58746.0,36524708.667
2026-02-13 12:00:00+00:00,1770984000000,622.24,625.2,617.99,622.0,67581.0,41989595.8725
2026-02-13 13:00:00+00:00,1770987600000,623.57,638.5,601.31,602.88,789730.0,490917964.548
2026-02-13 14:00:00+00:00,1770991200000,611.215,618.98,586.37,590.73,4576039.0,2743340871.7468
2026-02-13 15:00:00+00:00,1770994800000,590.46,614.69,589.0,611.28,3730406.0,2248948000.017
2026-02-13 16:00:00+00:00,1770998400000,610.35,628.89,609.0,626.43,2662726.0,1644930140.3942
2026-02-13 17:00:00+00:00,1771002000000,626.43,646.0,624.35,642.98,2873577.0,1830236076.6207
2026-02-13 18:00:00+00:00,1771005600000,644.94,661.5,642.4,651.87,3390703.0,2213797448.2466
2026-02-13 19:00:00+00:00,1771009200000,651.91,652.1999,635.3001,636.5,2192021.0,1412013343.3705
2026-02-13 20:00:00+00:00,1771012800000,638.305,639.88,622.79,626.78,2601093.0,1637565698.1519
2026-02-13 21:00:00+00:00,1771016400000,626.56,633.0,626.56,629.85,268314.0,169290759.6078
2026-02-13 22:00:00+00:00,1771020000000,629.5,630.54,628.56,630.05,39692.0,24987407.9592
2026-02-13 23:00:00+00:00,1771023600000,630.49,630.5,628.0801,628.2,20291.0,12766435.7134
2026-02-14 00:00:00+00:00,1771027200000,629.0,630.0,628.58,629.99,30678.0,19316209.4286
2026-02-17 01:00:00+00:00,1771290000000,628.99,639.87,628.89,630.01,27968.0,17757619.0
2026-02-17 02:00:00+00:00,1771293600000,630.0,630.0,618.01,627.31,25347.0,15850327.62000001
2026-02-17 03:00:00+00:00,1771297200000,627.3,627.56,621.98,626.9,13431.0,8392949.30000001
2026-02-17 04:00:00+00:00,1771300800000,626.87,626.87,621.45,624.91,9900.0,6180734.0
2026-02-17 05:00:00+00:00,1771304400000,624.02,624.03,618.0,619.1,17120.0,10620258.26999999
2026-02-17 06:00:00+00:00,1771308000000,619.19,627.0,619.09,626.78,7853.0,4899987.23
2026-02-17 07:00:00+00:00,1771311600000,626.77,626.77,620.09,623.19,12849.0,8000015.06
2026-02-17 08:00:00+00:00,1771315200000,623.48,624.41,619.67,621.44,10073.0,6276977.58
2026-02-17 09:00:00+00:00,1771318800000,627.87,627.87,616.74,618.5,48959.0,30319701.6084
2026-02-17 10:00:00+00:00,1771322400000,618.45,618.58,610.59,611.0,23849.0,14638761.8447
2026-02-17 11:00:00+00:00,1771326000000,611.5,616.08,611.0,611.31,36411.0,22318235.3241
2026-02-17 12:00:00+00:00,1771329600000,613.8,614.89,610.25,611.8,62737.0,38426230.5627
2026-02-17 13:00:00+00:00,1771333200000,613.0,626.94,609.0001,611.46,291904.0,179558352.9024
2026-02-17 14:00:00+00:00,1771336800000,610.87,623.7999,591.0,601.45,3259191.0,1982305475.9391
2026-02-17 15:00:00+00:00,1771340400000,600.19,617.88,596.1,617.01,2923381.0,1776978017.8643
2026-02-17 16:00:00+00:00,1771344000000,617.22,628.65,607.07,614.02,3253063.0,2006827576.952
2026-02-17 17:00:00+00:00,1771347600000,609.68,613.75,599.4301,603.01,1937224.0,1170650321.4648
2026-02-17 18:00:00+00:00,1771351200000,602.61,610.2,601.13,604.1,1576293.0,954304648.5351
2026-02-17 19:00:00+00:00,1771354800000,605.03,607.5,600.2,601.47,1397876.0,844380148.2076
2026-02-17 20:00:00+00:00,1771358400000,603.99,604.5,588.945,590.87,2412035.0,1439616094.8485
2026-02-17 21:00:00+00:00,1771362000000,569.79,593.0,567.01,569.79,778671.0,450936707.8797
2026-02-17 22:00:00+00:00,1771365600000,576.1,591.8,575.0,578.98,409547.0,238850226.7273
2026-02-17 23:00:00+00:00,1771369200000,579.0,581.67,572.12,575.0242,171662.0,99064869.9012
2026-02-18 00:00:00+00:00,1771372800000,575.65,579.97,574.1,578.8,90127.0,52077111.0384
2026-02-18 01:00:00+00:00,1771376400000,578.99,582.51,576.12,578.73,19854.0,11488326.43
2026-02-18 02:00:00+00:00,1771380000000,578.73,587.09,578.71,584.59,23214.0,13542191.66
2026-02-18 03:00:00+00:00,1771383600000,584.47,588.12,584.16,586.44,12895.0,7559899.13000001
2026-02-18 04:00:00+00:00,1771387200000,586.63,593.25,585.56,592.38,18543.0,10929950.42
2026-02-18 05:00:00+00:00,1771390800000,592.51,592.9,586.35,588.98,33402.0,19731199.25000002
2026-02-18 06:00:00+00:00,1771394400000,588.97,593.01,586.01,590.03,13607.0,8026900.09
2026-02-18 07:00:00+00:00,1771398000000,590.11,594.74,589.19,594.01,16652.0,9863641.25999999
2026-02-18 08:00:00+00:00,1771401600000,593.98,599.42,593.98,597.99,25749.0,15360719.26999999
2026-02-18 09:00:00+00:00,1771405200000,597.5,597.5,576.0,576.79,227971.0,132627076.2207
2026-02-18 10:00:00+00:00,1771408800000,576.84,579.63,573.5,578.0,113603.0,65497730.1279
2026-02-18 11:00:00+00:00,1771412400000,578.2,579.0,573.3,573.79,129948.0,74854947.0396
2026-02-18 12:00:00+00:00,1771416000000,574.75,575.5,569.11,570.37,371488.0,212483074.7104
2026-02-18 13:00:00+00:00,1771419600000,562.61,599.06,560.55,567.31,1532470.0,875785916.655
2026-02-18 14:00:00+00:00,1771423200000,582.5,596.45,570.0,595.505,5094406.0,2978311503.9034
2026-02-18 15:00:00+00:00,1771426800000,598.07,607.0,592.6001,604.8,4525367.0,2712426238.4142
2026-02-18 16:00:00+00:00,1771430400000,605.0,614.43,604.54,610.84,2644847.0,1612685936.8008
2026-02-18 17:00:00+00:00,1771434000000,613.01,616.98,608.4001,609.9,2085249.0,1276729358.0079
2026-02-18 18:00:00+00:00,1771437600000,611.56,615.7566,602.38,604.415,2231032.0,1360714894.7216
2026-02-18 19:00:00+00:00,1771441200000,603.82,606.8999,594.41,595.36,2270181.0,1364906371.0644
2026-02-18 20:00:00+00:00,1771444800000,595.14,603.5,591.02,600.59,2938735.0,1754184994.224
2026-02-18 21:00:00+00:00,1771448400000,600.4,601.49,598.05,598.4,74064.0,44400649.5792
2026-02-18 22:00:00+00:00,1771452000000,598.39,602.19,598.14,600.86,37393.0,22455408.8892
2026-02-18 23:00:00+00:00,1771455600000,600.76,604.0,600.0,603.99,39040.0,23533433.024
2026-02-19 00:00:00+00:00,1771459200000,603.6,603.6,600.5,601.6,33948.0,20437273.116
2026-02-19 01:00:00+00:00,1771462800000,602.97,606.41,601.52,603.0,10522.0,6356718.01
2026-02-19 02:00:00+00:00,1771466400000,603.01,606.0,601.25,604.46,8427.0,5089864.39
2026-02-19 03:00:00+00:00,1771470000000,604.45,604.69,602.99,604.01,4126.0,2492199.58
2026-02-19 04:00:00+00:00,1771473600000,603.98,605.0,603.12,603.88,3735.0,2256419.17
2026-02-19 05:00:00+00:00,1771477200000,603.88,604.94,603.13,604.03,4071.0,2458740.46
2026-02-19 06:00:00+00:00,1771480800000,604.05,606.01,603.72,605.7,6164.0,3728649.79
2026-02-19 07:00:00+00:00,1771484400000,605.7,609.35,605.02,607.48,11696.0,7110011.82
2026-02-19 08:00:00+00:00,1771488000000,607.38,614.51,607.0,609.87,26601.0,16265761.88000002
2026-02-19 09:00:00+00:00,1771491600000,609.5,610.0,600.79,604.37,52315.0,31680886.311
2026-02-19 10:00:00+00:00,1771495200000,605.0,607.99,601.11,603.49,32349.0,19512641.8335
2026-02-19 11:00:00+00:00,1771498800000,603.0,605.0,602.9,603.24,14723.0,8895691.0751
2026-02-19 12:00:00+00:00,1771502400000,604.0,606.66,602.5,605.43,32451.0,19632624.5979
2026-02-19 13:00:00+00:00,1771506000000,603.06,614.16,601.2,603.06,155461.0,94208308.8652
2026-02-19 14:00:00+00:00,1771509600000,597.34,610.5,590.1,606.65,2834602.0,1705152848.8786
2026-02-19 15:00:00+00:00,1771513200000,605.23,634.48,601.5,624.33,4742165.0,2951183008.553
2026-02-19 16:00:00+00:00,1771516800000,625.55,626.28,608.35,609.45,2545687.0,1576276152.8276
2026-02-19 17:00:00+00:00,1771520400000,610.25,613.99,607.2,610.84,1625007.0,992326774.62
2026-02-19 18:00:00+00:00,1771524000000,610.62,625.79,610.43,622.06,2031432.0,1257938669.9568
2026-02-19 19:00:00+00:00,1771527600000,622.86,624.0,614.56,615.43,1436748.0,890215238.8164
2026-02-19 20:00:00+00:00,1771531200000,615.485,623.9,614.0,620.92,2321685.0,1435395913.5285
2026-02-19 21:00:00+00:00,1771534800000,621.09,623.5,620.3,620.8,468112.0,290780922.7472
2026-02-19 22:00:00+00:00,1771538400000,621.13,621.5925,620.51,620.51,12071.0,7496961.3191
2026-02-19 23:00:00+00:00,1771542000000,620.5,620.61,616.5,618.6999,55668.0,34426622.07
2026-02-20 00:00:00+00:00,1771545600000,618.71,619.97,618.0,618.5,26884.0,16640515.8348
2026-02-20 01:00:00+00:00,1771549200000,620.96,620.96,616.0,617.15,9129.0,5636120.24
2026-02-20 02:00:00+00:00,1771552800000,617.47,618.97,616.69,616.88,6605.0,4080182.51
2026-02-20 03:00:00+00:00,1771556400000,616.9,617.48,616.0,616.43,4132.0,2547526.08
2026-02-20 04:00:00+00:00,1771560000000,616.43,617.01,616.0,617.01,4403.0,2714743.57
2026-02-20 05:00:00+00:00,1771563600000,617.22,622.5,616.95,622.16,10231.0,6340816.49
2026-02-20 06:00:00+00:00,1771567200000,621.99,624.2,621.62,622.39,8801.0,5485642.05
2026-02-20 07:00:00+00:00,1771570800000,622.45,623.35,619.17,620.01,7200.0,4473910.0
2026-02-20 08:00:00+00:00,1771574400000,620.0,622.15,619.17,622.15,4011.0,2490941.53
2026-02-20 09:00:00+00:00,1771578000000,621.0,627.6,618.5,625.97,51743.0,32312784.2723
2026-02-20 10:00:00+00:00,1771581600000,626.37,626.8,623.4,623.62,12511.0,7823165.833
2026-02-20 11:00:00+00:00,1771585200000,622.03,622.03,620.0,620.18,13426.0,8337819.8904
2026-02-20 12:00:00+00:00,1771588800000,620.0,620.41,616.08,619.78,24860.0,15376730.38
2026-02-20 13:00:00+00:00,1771592400000,619.0,627.9,613.15,618.0,189934.0,117367474.0788
2026-02-20 14:00:00+00:00,1771596000000,621.43,647.0,613.88,638.4,3648917.0,2324392969.253
2026-02-20 15:00:00+00:00,1771599600000,638.75,643.79,628.0001,635.31,2811869.0,1785343358.4128
2026-02-20 16:00:00+00:00,1771603200000,636.49,643.68,632.4,641.97,2126272.0,1358444137.2288
2026-02-20 17:00:00+00:00,1771606800000,641.645,643.62,631.54,642.02,2193178.0,1400206640.7394
2026-02-20 18:00:00+00:00,1771610400000,644.27,644.8309,637.41,642.76,1751489.0,1123005354.8102
2026-02-20 19:00:00+00:00,1771614000000,642.59,644.9,637.77,640.37,1007204.0,646292288.5188
2026-02-20 20:00:00+00:00,1771617600000,639.74,650.29,639.0001,649.99,2466710.0,1594607392.881
2026-02-20 21:00:00+00:00,1771621200000,649.97,654.0,649.46,651.07,223072.0,145372319.4048
2026-02-20 22:00:00+00:00,1771624800000,650.62,651.7103,649.52,650.21,59221.0,38511078.7403
2026-02-20 23:00:00+00:00,1771628400000,650.5,651.0,649.2,649.7466,30902.0,20084634.3822
2026-02-21 00:00:00+00:00,1771632000000,649.0,649.0,646.06,646.5,85713.0,55474019.3058
2026-02-23 01:00:00+00:00,1771808400000,646.02,648.45,634.0,640.45,52519.0,33706329.11000002
2026-02-23 02:00:00+00:00,1771812000000,640.45,642.41,636.99,640.99,25570.0,16358503.83
2026-02-23 03:00:00+00:00,1771815600000,641.16,643.23,639.49,640.99,9029.0,5792770.54
2026-02-23 04:00:00+00:00,1771819200000,641.38,642.85,640.79,640.99,4084.0,2620063.17
2026-02-23 05:00:00+00:00,1771822800000,640.99,641.83,638.6,641.49,7042.0,4508140.03
2026-02-23 06:00:00+00:00,1771826400000,641.49,644.01,640.0,643.71,8443.0,5419629.31
2026-02-23 07:00:00+00:00,1771830000000,643.38,648.81,643.08,647.56,22118.0,14296355.01000001
2026-02-23 08:00:00+00:00,1771833600000,647.56,650.99,647.52,649.95,27531.0,17866096.87999999
2026-02-23 09:00:00+00:00,1771837200000,649.55,655.62,649.1,652.6,56044.0,36609134.5372
2026-02-23 10:00:00+00:00,1771840800000,653.02,653.02,648.99,650.94,33500.0,21807863.5
2026-02-23 11:00:00+00:00,1771844400000,650.33,652.51,648.75,648.75,36434.0,23685579.447
2026-02-23 12:00:00+00:00,1771848000000,648.16,652.6,648.16,651.48,42427.0,27594215.3256
2026-02-23 13:00:00+00:00,1771851600000,658.89,663.9975,639.0,658.89,390919.396308,256210996.04052028
2026-02-23 14:00:00+00:00,1771855200000,657.205,691.55,644.38,683.18,4440820.41801,2986975303.8390083
2026-02-23 15:00:00+00:00,1771858800000,683.25,687.0,675.28,678.15,2989082.573291001,2037008062.5692992
2026-02-23 16:00:00+00:00,1771862400000,678.525,690.45,675.21,687.21,2409409.43617,1645622307.9671247
2026-02-23 17:00:00+00:00,1771866000000,687.34,691.2,680.06,687.3,1931955.888422,1327098559.2880735
2026-02-23 18:00:00+00:00,1771869600000,688.17,688.72,677.11,678.285,1231240.190053,841210631.3764286
2026-02-23 19:00:00+00:00,1771873200000,677.88,680.16,656.0,657.295,1939244.228449,1299816065.455974
2026-02-23 20:00:00+00:00,1771876800000,656.71,669.9699,656.14,666.97,2348939.106216,1560506185.4129791
2026-02-23 21:00:00+00:00,1771880400000,666.26,668.2,664.3,665.07,124400.24734399996,82913001.21524593
2026-02-23 22:00:00+00:00,1771884000000,666.61,667.21,665.021,666.29,16908.708943999998,11263026.29726995
2026-02-23 23:00:00+00:00,1771887600000,666.38,669.92,666.38,667.78,34723.05778,23201995.82087689
2026-02-24 00:00:00+00:00,1771891200000,667.6,675.0,667.6,674.01,60646.093359,40711680.01963135
2026-02-24 01:00:00+00:00,1771894800000,673.79,679.74,668.17,677.07,22530.0,15229216.78000001
2026-02-24 02:00:00+00:00,1771898400000,677.17,678.97,676.31,678.31,17437.0,11822588.35
2026-02-24 03:00:00+00:00,1771902000000,678.2,680.0,677.5,680.0,13000.0,8817707.8
2026-02-24 04:00:00+00:00,1771905600000,679.91,682.63,679.5,681.08,17852.0,12159993.25
2026-02-24 05:00:00+00:00,1771909200000,681.2,684.81,678.49,679.56,26808.0,18293017.71
2026-02-24 06:00:00+00:00,1771912800000,679.56,679.99,675.7,677.49,14780.0,10014521.87000001
2026-02-24 07:00:00+00:00,1771916400000,677.91,684.2,677.52,682.54,18444.0,12571307.31000001
2026-02-24 08:00:00+00:00,1771920000000,682.75,684.8,680.09,683.06,19832.0,13531665.98999999
2026-02-24 09:00:00+00:00,1771923600000,679.82,687.0,679.82,686.01,61259.0,41906277.2524
2026-02-24 10:00:00+00:00,1771927200000,686.16,688.77,685.25,688.3,35580.0,24436500.552
2026-02-24 11:00:00+00:00,1771930800000,688.33,689.79,684.45,687.49,63351.0,43543758.6963
2026-02-24 12:00:00+00:00,1771934400000,687.94,695.0,687.94,688.45,146535.0,101202785.865
2026-02-24 13:00:00+00:00,1771938000000,689.5,694.9699,675.91,682.0,395641.71954399993,270920969.05679584
2026-02-24 14:00:00+00:00,1771941600000,682.37,684.85,651.29,664.495,4809806.1628290005,3211765380.5312514
2026-02-24 15:00:00+00:00,1771945200000,663.5,664.63,628.5,647.765,6463107.836148999,4152520932.2943873
2026-02-24 16:00:00+00:00,1771948800000,647.96,662.89,645.5101,661.31,2982250.446588999,1950026466.389498
2026-02-24 17:00:00+00:00,1771952400000,659.76,668.5,658.0001,662.95,2256518.536974001,1497545522.2702603
2026-02-24 18:00:00+00:00,1771956000000,662.75,663.25,621.34,622.19,3834932.770715,2455243993.207466
2026-02-24 19:00:00+00:00,1771959600000,622.305,635.85,612.92,627.1,4722575.177532001,2951158007.7705283
2026-02-24 20:00:00+00:00,1771963200000,627.75,641.9999,621.5,638.59,3601810.5923700007,2278918868.5892663
2026-02-24 21:00:00+00:00,1771966800000,638.52,642.7582,632.5533,635.9,324213.485796,206872844.16276848
2026-02-24 22:00:00+00:00,1771970400000,635.97,639.0,633.58,634.01,56748.984762,36073383.123026066
2026-02-24 23:00:00+00:00,1771974000000,634.4256,642.25,633.71,642.25,85263.66805499999,54435224.651025854
2026-02-25 00:00:00+00:00,1771977600000,641.7,641.7,638.1,640.25,37051.436186,23692789.113760144
2026-02-25 01:00:00+00:00,1771981200000,648.1,648.66,638.56,644.13,24896.0,16036363.89
2026-02-25 02:00:00+00:00,1771984800000,644.48,645.01,640.0,642.51,17661.0,11352236.88
2026-02-25 03:00:00+00:00,1771988400000,642.43,642.43,630.29,631.63,35323.0,22437638.01000001
2026-02-25 04:00:00+00:00,1771992000000,631.99,636.98,631.59,636.51,11415.0,7244572.24
2026-02-25 05:00:00+00:00,1771995600000,636.5,637.91,633.98,634.23,11870.0,7547956.6
2026-02-25 06:00:00+00:00,1771999200000,634.23,637.91,633.7,635.31,8675.0,5515602.31
2026-02-25 07:00:00+00:00,1772002800000,635.48,640.64,635.1,640.15,13101.0,8354350.29
2026-02-25 08:00:00+00:00,1772006400000,640.43,642.4,639.61,640.99,15842.0,10157973.19999999
2026-02-25 09:00:00+00:00,1772010000000,638.99,641.05,632.0,636.21,33276.0,21204814.878
2026-02-25 10:00:00+00:00,1772013600000,636.57,637.0,635.6,635.6,7549.0,4804014.5024
2026-02-25 11:00:00+00:00,1772017200000,635.5,636.49,631.0,633.96,41339.0,26202406.8397
2026-02-25 12:00:00+00:00,1772020800000,633.0,646.5,633.0,644.0,119793.0,76856337.7266
2026-02-25 13:00:00+00:00,1772024400000,638.0,646.8,631.0,641.0,224812.037991,143986714.84432372
2026-02-25 14:00:00+00:00,1772028000000,645.97,661.2,629.0,645.42,3929598.378489,2530119857.09036
2026-02-25 15:00:00+00:00,1772031600000,644.54,648.8,628.07,630.5,3300230.897533999,2110902267.28103
2026-02-25 16:00:00+00:00,1772035200000,630.89,642.3899,628.7,629.8,2367978.143459,1501426250.5705671
2026-02-25 17:00:00+00:00,1772038800000,629.385,631.999,624.43,628.9,1774381.7507070005,1115188461.4670205
2026-02-25 18:00:00+00:00,1772042400000,628.69,632.8,625.01,626.99,1405547.7883469996,883626430.8740025
2026-02-25 19:00:00+00:00,1772046000000,628.14,641.6299,626.7501,639.57,1685117.629171,1067924929.7049632
2026-02-25 20:00:00+00:00,1772049600000,639.605,643.27,630.57,632.67,2106561.746722,1342172012.776184
2026-02-25 21:00:00+00:00,1772053200000,643.12,644.84,630.06,634.99,251148.14423000003,160164479.9864681
2026-02-25 22:00:00+00:00,1772056800000,634.5,635.5,625.02,627.25,622451.9202599999,393196591.2638473
2026-02-25 23:00:00+00:00,1772060400000,628.0,629.0,621.13,623.86,155001.37245899998,96735907.04768176
2026-02-26 00:00:00+00:00,1772064000000,623.0,627.0,621.6997,627.0,59629.677922,37194691.38217581
2026-02-26 01:00:00+00:00,1772067600000,638.62,638.62,621.6,624.29,17561.0,10956245.58
2026-02-26 02:00:00+00:00,1772071200000,624.26,624.49,622.29,623.5,8417.0,5248131.04
2026-02-26 03:00:00+00:00,1772074800000,623.78,626.2,622.5,626.18,9622.0,6011055.38
2026-02-26 04:00:00+00:00,1772078400000,626.18,627.01,623.58,625.15,12042.0,7534623.08000001
2026-02-26 05:00:00+00:00,1772082000000,624.9,632.9,622.99,632.14,24695.0,15502488.11000001
2026-02-26 06:00:00+00:00,1772085600000,632.47,649.69,631.0,644.9,92058.0,59051544.83999997
2026-02-26 07:00:00+00:00,1772089200000,644.9,660.6,642.54,658.0,100143.0,65428350.85999996
2026-02-26 08:00:00+00:00,1772092800000,658.03,659.4,652.95,656.11,44715.0,29330074.54999998
2026-02-26 09:00:00+00:00,1772096400000,656.0,671.32,649.17,665.34,250806.0,166371683.5686
2026-02-26 10:00:00+00:00,1772100000000,665.36,666.0,657.0,657.0,64244.0,42531853.6328
2026-02-26 11:00:00+00:00,1772103600000,657.0,662.23,655.23,658.05,48385.0,31859301.6285
2026-02-26 12:00:00+00:00,1772107200000,656.22,657.49,652.0,653.44,103547.0,67739836.4727
2026-02-26 13:00:00+00:00,1772110800000,655.0,670.0,623.24,651.01,633485.044186,412295062.2633528
2026-02-26 14:00:00+00:00,1772114400000,650.22,658.69,631.64,636.62,4097090.706361999,2640674109.8454022
2026-02-26 15:00:00+00:00,1772118000000,637.255,642.83,607.0,616.48,4994338.9286090005,3098817997.112205
2026-02-26 16:00:00+00:00,1772121600000,617.505,656.3999,612.58,622.15,2666762.20785,1661696599.706024
2026-02-26 17:00:00+00:00,1772125200000,623.66,627.35,619.49,626.59,1336618.2874680003,833441650.0592343
2026-02-26 18:00:00+00:00,1772128800000,627.28,638.14,616.19,637.23,1966123.772038,1232047081.8128393
2026-02-26 19:00:00+00:00,1772132400000,637.0,659.86,635.51,655.22,3285113.5812170007,2126184313.2967465
2026-02-26 20:00:00+00:00,1772136000000,654.69,655.2799,643.3,651.9,3580289.394911001,2328549690.749036
2026-02-26 21:00:00+00:00,1772139600000,649.97,651.9,645.5,645.5,146194.05846200004,94964400.24941152
2026-02-26 22:00:00+00:00,1772143200000,645.08,648.3999,642.5,645.3262,48724.78998999999,31448246.30408573
2026-02-26 23:00:00+00:00,1772146800000,645.5,646.5,643.44,644.9,34813.878720999994,22436841.59533433
2026-02-27 00:00:00+00:00,1772150400000,644.75,647.0,643.7,643.9,25784.001751,16632442.176714592
2026-02-27 01:00:00+00:00,1772154000000,642.75,647.94,637.29,640.75,23401.0,14998221.0
2026-02-27 02:00:00+00:00,1772157600000,640.75,642.99,639.0,640.75,9338.0,5982520.35
2026-02-27 03:00:00+00:00,1772161200000,641.65,643.89,638.99,641.38,10352.0,6637334.9
2026-02-27 04:00:00+00:00,1772164800000,641.38,642.75,639.53,640.48,5146.0,3300615.66
2026-02-27 05:00:00+00:00,1772168400000,640.48,648.59,640.26,646.33,16984.0,10962386.81000001
2026-02-27 06:00:00+00:00,1772172000000,646.01,646.3,643.07,644.05,5797.0,3736268.74
2026-02-27 07:00:00+00:00,1772175600000,644.35,647.51,644.1,646.59,7197.0,4649807.65
2026-02-27 08:00:00+00:00,1772179200000,646.6,647.64,645.0,645.54,6575.0,4249005.32
2026-02-27 09:00:00+00:00,1772182800000,644.8,644.8,639.04,644.0,24264.0,15584199.4224
2026-02-27 10:00:00+00:00,1772186400000,643.0,643.99,640.2,640.99,15914.0,10219552.2618
2026-02-27 11:00:00+00:00,1772190000000,641.0,641.0,634.06,636.0,20892.0,13301953.1136
2026-02-27 12:00:00+00:00,1772193600000,637.99,640.0,634.0,636.97,58191.0,37029278.3973
2026-02-27 13:00:00+00:00,1772197200000,638.99,647.93,628.95,633.7985,1185165.90418,768165162.2776765
2026-02-27 14:00:00+00:00,1772200800000,625.66,650.97,625.03,641.25,2669211.2432350004,1705754373.4879649
2026-02-27 15:00:00+00:00,1772204400000,641.825,661.2,641.3101,651.46,3418787.6065390003,2228634478.6479945
2026-02-27 16:00:00+00:00,1772208000000,652.74,655.5,644.75,650.17,1575196.848086,1025009257.6321952
2026-02-27 17:00:00+00:00,1772211600000,648.85,655.2,638.74,639.675,1593075.612692,1028377463.0308216
2026-02-27 18:00:00+00:00,1772215200000,638.84,639.86,627.26,629.895,1913716.7495339997,1211722578.549739
2026-02-27 19:00:00+00:00,1772218800000,631.0,636.26,624.88,625.03,1693421.9396980002,1067923355.2005256
2026-02-27 20:00:00+00:00,1772222400000,624.74,641.4999,621.27,635.94,2729478.1057340014,1723031638.9548705
2026-02-27 21:00:00+00:00,1772226000000,631.55,635.67,631.01,631.55,281118.58766500006,178466926.5691983
2026-02-27 22:00:00+00:00,1772229600000,632.36,635.36,631.1,632.5,34294.0,21727526.1216
2026-02-27 23:00:00+00:00,1772233200000,632.0,633.5,631.5,633.3,17709.601316,11201684.108236846
2026-02-28 00:00:00+00:00,1772236800000,634.0,634.02,631.324,631.324,25277.0,16000452.2188
2026-03-02 01:00:00+00:00,1772413200000,625.01,627.69,609.99,620.1,58978.0,36618767.88000001
2026-03-02 02:00:00+00:00,1772416800000,620.09,621.5,615.48,617.35,29745.0,18387146.44
2026-03-02 03:00:00+00:00,1772420400000,617.36,620.93,616.56,620.52,12428.0,7688984.38
2026-03-02 04:00:00+00:00,1772424000000,620.51,621.01,615.82,615.82,13341.0,8245148.28
2026-03-02 05:00:00+00:00,1772427600000,615.82,616.51,611.5,615.01,22112.0,13584103.84000001
2026-03-02 06:00:00+00:00,1772431200000,615.01,616.48,610.11,612.52,29999.0,18404788.16000002
2026-03-02 07:00:00+00:00,1772434800000,612.52,613.7,603.72,603.9,39431.0,24016261.93
2026-03-02 08:00:00+00:00,1772438400000,603.9,610.51,601.34,609.79,34027.0,20593396.59000002
2026-03-02 09:00:00+00:00,1772442000000,610.0,615.87,608.76,611.0,81299.0,49706428.1073
2026-03-02 10:00:00+00:00,1772445600000,612.6,616.0,612.05,613.45,16245.0,9980032.9005
2026-03-02 11:00:00+00:00,1772449200000,614.05,616.62,611.94,616.0,18885.0,11611136.313
2026-03-02 12:00:00+00:00,1772452800000,615.0,617.0,610.83,612.0,49404.0,30284380.278
2026-03-02 13:00:00+00:00,1772456400000,612.25,635.36,601.79,617.0,369661.8374929999,227198342.50196135
2026-03-02 14:00:00+00:00,1772460000000,620.37,648.8,612.01,625.3,3553416.663837,2238354366.5592136
2026-03-02 15:00:00+00:00,1772463600000,625.11,626.5,597.6001,608.88,4562325.817061,2782087121.475366
2026-03-02 16:00:00+00:00,1772467200000,610.33,622.29,607.51,618.16,2182723.6923350003,1343718973.7633958
2026-03-02 17:00:00+00:00,1772470800000,619.52,629.35,617.26,624.3,1584920.9390080003,988796196.141776
2026-03-02 18:00:00+00:00,1772474400000,624.365,625.77,617.01,618.84,1114031.1038740005,692488752.5640329
2026-03-02 19:00:00+00:00,1772478000000,617.01,622.49,616.5501,620.56,1168999.118474,725106188.7074934
2026-03-02 20:00:00+00:00,1772481600000,620.54,624.3899,609.32,618.74,2368809.394876001,1461879923.5255907
2026-03-02 21:00:00+00:00,1772485200000,619.08,619.08,616.12,616.97,99058.223906,61252068.308754064
2026-03-02 22:00:00+00:00,1772488800000,616.55,619.46,614.56,615.66,32599.726201,20091674.173788358
2026-03-02 23:00:00+00:00,1772492400000,615.52,616.0,614.0,615.8,12598.199472,7746467.8189197155
2026-03-03 00:00:00+00:00,1772496000000,615.22,615.9999,613.52,613.99,21545.824631000003,13242458.106803348
2026-03-03 01:00:00+00:00,1772499600000,616.45,617.05,608.31,608.53,15359.0,9409612.95
2026-03-03 02:00:00+00:00,1772503200000,608.5,609.76,603.21,604.02,31331.0,19001016.20000001
2026-03-03 03:00:00+00:00,1772506800000,604.72,606.59,602.51,603.51,15161.0,9161801.18000001
2026-03-03 04:00:00+00:00,1772510400000,603.51,605.67,600.9,600.99,25873.0,15595333.71
2026-03-03 05:00:00+00:00,1772514000000,601.29,603.48,596.49,597.23,38400.0,23032113.43000001
2026-03-03 06:00:00+00:00,1772517600000,597.01,599.35,591.01,595.23,54421.0,32359098.38000002
2026-03-03 07:00:00+00:00,1772521200000,595.02,595.02,589.99,593.91,40557.0,24000210.68
2026-03-03 08:00:00+00:00,1772524800000,593.93,597.28,590.09,590.66,30128.0,17866782.53000001
2026-03-03 09:00:00+00:00,1772528400000,590.0,598.39,576.36,577.33,163633.0,95520927.383
2026-03-03 10:00:00+00:00,1772532000000,576.97,581.3,566.01,568.57,165593.0,94855992.3773
2026-03-03 11:00:00+00:00,1772535600000,569.14,580.1,567.85,577.5,204819.0,117628534.8312
2026-03-03 12:00:00+00:00,1772539200000,577.5,587.0,577.5,582.29,187767.0,109304878.8168
2026-03-03 13:00:00+00:00,1772542800000,590.8,602.3,566.51,582.8,578552.731186,338652022.75169927
2026-03-03 14:00:00+00:00,1772546400000,578.14,589.4,570.25,574.55,3406685.2108889995,1972268720.6717248
2026-03-03 15:00:00+00:00,1772550000000,572.47,578.9799,557.09,573.58,4787760.121132,2713909746.670862
2026-03-03 16:00:00+00:00,1772553600000,574.33,593.01,572.5001,591.71,2959510.91294,1728500868.9471505
2026-03-03 17:00:00+00:00,1772557200000,591.59,593.16,581.6,583.43,1709548.7032769993,1003253443.2544762
2026-03-03 18:00:00+00:00,1772560800000,585.11,592.9,582.29,586.415,1207394.746995,710479123.4427884
2026-03-03 19:00:00+00:00,1772564400000,587.115,588.15,566.5001,569.03,2120700.4035069994,1221931031.0375855
2026-03-03 20:00:00+00:00,1772568000000,568.62,572.28,562.2801,565.52,2284227.798632,1295256525.7335844
2026-03-03 21:00:00+00:00,1772571600000,565.41,565.9,562.01,563.0,73621.66646099999,41483828.62794569
2026-03-03 22:00:00+00:00,1772575200000,563.26,565.0,562.8,564.5068,41232.525671,23267621.44071204
2026-03-03 23:00:00+00:00,1772578800000,564.0,564.5,560.26,561.0,43670.57000299999,24530126.00347312
2026-03-04 00:00:00+00:00,1772582400000,561.0,570.88,560.11,569.3,97749.403656,55394763.00078178
2026-03-04 01:00:00+00:00,1772586000000,573.98,575.82,562.99,568.15,28421.0,16172478.94
2026-03-04 02:00:00+00:00,1772589600000,568.15,568.78,558.11,560.69,28719.0,16128723.76000001
2026-03-04 03:00:00+00:00,1772593200000,560.69,560.77,543.51,555.0,73834.0,40697248.09999999
2026-03-04 04:00:00+00:00,1772596800000,554.96,557.99,550.67,551.89,24550.0,13618599.17000001
2026-03-04 05:00:00+00:00,1772600400000,551.89,554.33,548.89,550.68,22250.0,12278221.66999999
2026-03-04 06:00:00+00:00,1772604000000,550.68,551.81,548.18,549.53,24742.0,13599956.13
2026-03-04 07:00:00+00:00,1772607600000,550.04,559.79,548.51,558.59,36154.0,20048675.21000001
2026-03-04 08:00:00+00:00,1772611200000,558.07,560.93,556.97,557.9,16634.0,9301596.0
2026-03-04 09:00:00+00:00,1772614800000,560.0,584.98,557.34,582.46,186008.0,107181622.764
2026-03-04 10:00:00+00:00,1772618400000,582.0,590.95,581.62,585.63,106092.0,62271930.0672
2026-03-04 11:00:00+00:00,1772622000000,587.0,592.71,585.2,585.5,137918.0,81295447.8886
2026-03-04 12:00:00+00:00,1772625600000,585.5,590.07,581.01,583.6,178928.0,104606909.2464
2026-03-04 13:00:00+00:00,1772629200000,585.4,592.88,548.18,586.06,457020.880256,263416461.0055766
2026-03-04 14:00:00+00:00,1772632800000,590.37,592.23,576.3,581.035,2664882.956991,1555278991.3590872
2026-03-04 15:00:00+00:00,1772636400000,583.0,606.5,580.1,605.64,4149575.73267,2474057138.629494
2026-03-04 16:00:00+00:00,1772640000000,606.6,607.48,597.14,602.69,1881849.382085,1132004101.785585
2026-03-04 17:00:00+00:00,1772643600000,601.73,604.47,593.6501,594.01,1419340.441464,848318775.6244992
2026-03-04 18:00:00+00:00,1772647200000,595.365,600.48,593.6001,596.64,964415.871991,576348426.9240295
2026-03-04 19:00:00+00:00,1772650800000,597.605,600.17,597.0,599.3,685542.3382750001,410539565.78263533
2026-03-04 20:00:00+00:00,1772654400000,598.98,599.5,588.6,598.94,2284897.339518,1358393174.8681765
2026-03-04 21:00:00+00:00,1772658000000,597.93,602.89,596.0,597.93,94451.782159,56556489.83846292
2026-03-04 22:00:00+00:00,1772661600000,597.5101,602.0,597.5101,601.24,41838.514194,25121467.256428327
2026-03-04 23:00:00+00:00,1772665200000,601.5,602.89,601.01,601.6,19873.05619,11957218.46109358
2026-03-05 00:00:00+00:00,1772668800000,601.25,609.49,600.9,609.0,70790.470508,42933400.98032669
2026-03-05 01:00:00+00:00,1772672400000,607.31,618.49,601.99,601.99,50766.0,31014525.56000001
2026-03-05 02:00:00+00:00,1772676000000,602.88,607.0,601.15,604.88,17184.0,10387558.36
2026-03-05 03:00:00+00:00,1772679600000,605.7,605.7,600.2,601.55,11877.0,7155946.04
2026-03-05 04:00:00+00:00,1772683200000,601.56,604.0,599.05,604.0,8585.0,5160379.47
2026-03-05 05:00:00+00:00,1772686800000,604.49,606.48,601.49,601.51,13736.0,8303323.21000001
2026-03-05 06:00:00+00:00,1772690400000,601.7,603.28,596.36,602.73,24726.0,14812781.76000001
2026-03-05 07:00:00+00:00,1772694000000,603.31,604.0,598.39,600.86,11526.0,6933915.51
2026-03-05 08:00:00+00:00,1772697600000,601.32,601.77,590.5,597.0,30717.0,18260562.92
2026-03-05 09:00:00+00:00,1772701200000,602.38,606.0,597.61,601.32,63348.0,38213610.4188
2026-03-05 10:00:00+00:00,1772704800000,601.2,603.0,599.99,600.9,12944.0,7778330.4848
2026-03-05 11:00:00+00:00,1772708400000,601.7,603.61,600.05,600.78,11514.0,6929746.956
2026-03-05 12:00:00+00:00,1772712000000,600.95,601.68,596.0,597.96,40853.0,24486920.523
2026-03-05 13:00:00+00:00,1772715600000,599.03,606.25,590.54,595.79,212725.783502,127179024.38753974
2026-03-05 14:00:00+00:00,1772719200000,594.26,603.53,588.73,599.355,2135552.721422,1273820466.8214145
2026-03-05 15:00:00+00:00,1772722800000,597.995,601.78,584.49,595.41,2421364.1450209995,1434755352.6271577
2026-03-05 16:00:00+00:00,1772726400000,592.74,594.08,579.61,580.37,1705205.8576499997,1001030696.9777006
2026-03-05 17:00:00+00:00,1772730000000,578.75,582.48,559.1,561.23,2815512.549303,1606135036.46535
2026-03-05 18:00:00+00:00,1772733600000,560.03,568.9999,559.72,566.44,1955805.687896,1102996175.745828
2026-03-05 19:00:00+00:00,1772737200000,566.865,570.49,560.5,562.35,1521307.8371739995,860971999.9859277
2026-03-05 20:00:00+00:00,1772740800000,561.225,570.5199,560.5,565.73,1922873.4493640005,1088919196.3405898
2026-03-05 21:00:00+00:00,1772744400000,565.24,566.4,563.5,565.24,62067.716644,35070140.555674314
2026-03-05 22:00:00+00:00,1772748000000,564.5,568.75,564.401,567.4,40507.987348,22932985.366461243
2026-03-05 23:00:00+00:00,1772751600000,567.39,568.67,566.067,568.19,29624.824614,16824171.934405047
2026-03-06 00:00:00+00:00,1772755200000,567.3319,572.1954,567.3319,568.0,71794.358074,40939785.00617192
2026-03-06 01:00:00+00:00,1772758800000,572.89,573.0,563.9,568.87,22993.0,13073997.80999999
2026-03-06 02:00:00+00:00,1772762400000,568.8,569.5,566.49,568.22,12251.0,6957304.0
2026-03-06 03:00:00+00:00,1772766000000,568.22,571.01,568.04,570.91,7608.0,4329559.3
2026-03-06 04:00:00+00:00,1772769600000,570.77,575.29,570.13,573.87,16526.0,9458167.75999999
2026-03-06 05:00:00+00:00,1772773200000,573.61,575.71,571.37,572.29,23452.0,13449747.31000001
2026-03-06 06:00:00+00:00,1772776800000,572.42,573.49,571.85,572.16,11536.0,6606646.27
2026-03-06 07:00:00+00:00,1772780400000,572.27,572.8,568.86,572.48,7586.0,4331293.75
2026-03-06 08:00:00+00:00,1772784000000,572.46,577.05,569.22,575.17,15122.0,8680220.56
2026-03-06 09:00:00+00:00,1772787600000,575.23,578.0,565.0,567.0,136149.0,77803081.2546
2026-03-06 10:00:00+00:00,1772791200000,569.46,570.0,561.99,565.3,63328.0,35859916.9632
2026-03-06 11:00:00+00:00,1772794800000,564.51,565.99,561.0,561.69,28134.0,15846717.4524
2026-03-06 12:00:00+00:00,1772798400000,562.68,562.68,557.07,558.06,64154.0,35924347.457
2026-03-06 13:00:00+00:00,1772802000000,560.0,577.0,550.87,552.3588,394053.5425289999,220948343.2386824
2026-03-06 14:00:00+00:00,1772805600000,548.25,565.5,545.17,564.885,2576997.6336550005,1428800360.5946865
2026-03-06 15:00:00+00:00,1772809200000,565.7,568.25,554.21,561.495,2498350.482685001,1407868715.1573138
2026-03-06 16:00:00+00:00,1772812800000,560.75,570.9,558.34,565.76,1779382.412337999,1005692170.5794148
2026-03-06 17:00:00+00:00,1772816400000,563.82,566.88,552.51,553.1,1378906.65224,771000762.4081519
2026-03-06 18:00:00+00:00,1772820000000,552.29,559.29,551.54,552.61,1331468.0233530002,739935260.0031371
2026-03-06 19:00:00+00:00,1772823600000,552.44,557.0,546.0,547.5,1336410.491443,736083004.6334306
2026-03-06 20:00:00+00:00,1772827200000,547.5,552.3,526.63,527.3,3729585.766057,2000084725.5679471
2026-03-06 21:00:00+00:00,1772830800000,522.77,528.97,521.98,526.97,197912.937155,104062048.40858123
2026-03-06 22:00:00+00:00,1772834400000,527.0,528.0,526.0,526.5,43292.359273,22818480.445545785
2026-03-06 23:00:00+00:00,1772838000000,526.99,527.3,524.0,524.11,32697.626289000003,17202175.413966097
2026-03-07 00:00:00+00:00,1772841600000,524.7925,525.6,521.01,522.0,55549.403875,29082545.992452223
2026-03-09 00:00:00+00:00,1773014400000,518.49,518.49,492.02,492.55,105165.0,52408365.06999999
2026-03-09 01:00:00+00:00,1773018000000,492.55,495.81,483.23,486.0,91801.0,44923276.94000004
2026-03-09 02:00:00+00:00,1773021600000,486.01,492.69,486.0,490.8,67268.0,32867663.24999997
2026-03-09 03:00:00+00:00,1773025200000,491.84,498.24,489.61,493.5,65078.0,32116715.97000003
2026-03-09 04:00:00+00:00,1773028800000,493.9,500.6,493.89,498.68,34967.0,17413402.41000001
2026-03-09 05:00:00+00:00,1773032400000,499.01,519.0,498.09,518.98,92611.0,47214940.67000003
2026-03-09 06:00:00+00:00,1773036000000,518.99,525.84,509.0,512.5,80991.0,41910983.85000001
2026-03-09 07:00:00+00:00,1773039600000,512.51,521.0,511.99,516.51,31316.0,16192541.32999999
2026-03-09 08:00:00+00:00,1773043200000,519.0,530.03,508.53,526.0,140406.0,72987405.4266
2026-03-09 09:00:00+00:00,1773046800000,526.4,546.74,525.5,537.04,208910.0,112359736.58
2026-03-09 10:00:00+00:00,1773050400000,536.46,536.46,530.0,530.56,66854.0,35592514.7118
2026-03-09 11:00:00+00:00,1773054000000,530.56,531.97,518.48,518.48,112173.0,59050985.6094
2026-03-09 12:00:00+00:00,1773057600000,530.0,545.6872,494.32,519.07,542473.9158579999,280959446.68596494
2026-03-09 13:00:00+00:00,1773061200000,517.675,543.44,511.94,543.01,3211215.6964370003,1705493675.820882
2026-03-09 14:00:00+00:00,1773064800000,542.78,566.7999,537.36,556.16,5066976.516876999,2806338356.8028536
2026-03-09 15:00:00+00:00,1773068400000,556.45,568.9,556.0001,567.745,2028542.8521710008,1140092405.0542624
2026-03-09 16:00:00+00:00,1773072000000,568.99,572.7199,567.3,569.505,1885871.1250250004,1074414537.0198805
2026-03-09 17:00:00+00:00,1773075600000,568.06,568.86,560.03,560.33,1518919.9415760003,856809676.3315241
2026-03-09 18:00:00+00:00,1773079200000,560.19,566.0,560.0,561.99,1231280.2986549996,693374937.8065754
2026-03-09 19:00:00+00:00,1773082800000,562.7,589.51,561.06,589.04,3764919.52335,2175621997.21579
2026-03-09 20:00:00+00:00,1773086400000,588.27,592.39,586.51,588.27,222955.777493,131362244.3533687
2026-03-09 21:00:00+00:00,1773090000000,590.61,591.1,587.0786,589.5,50831.106004,29927591.375776857
2026-03-09 22:00:00+00:00,1773093600000,589.0,589.0,581.4066,584.0789,80576.765315,47119390.74455057
2026-03-09 23:00:00+00:00,1773097200000,584.1,587.54,584.1,585.7,43992.239193,25765889.3597548
2026-03-10 00:00:00+00:00,1773100800000,587.99,589.35,579.99,587.22,32983.0,19290148.16999999
2026-03-10 01:00:00+00:00,1773104400000,587.09,602.0,585.34,598.81,46498.0,27621707.14999998
2026-03-10 02:00:00+00:00,1773108000000,598.81,599.82,585.69,589.74,33286.0,19782395.71000001
2026-03-10 03:00:00+00:00,1773111600000,589.74,591.51,582.39,586.01,21576.0,12671521.83000001
2026-03-10 04:00:00+00:00,1773115200000,586.05,588.24,583.2,586.76,11006.0,6442340.79
2026-03-10 05:00:00+00:00,1773118800000,587.0,594.13,587.0,593.37,14111.0,8335269.98000001
2026-03-10 06:00:00+00:00,1773122400000,593.05,594.49,590.02,590.54,8913.0,5282335.65
2026-03-10 07:00:00+00:00,1773126000000,590.56,596.03,590.56,595.29,17770.0,10559773.76
2026-03-10 08:00:00+00:00,1773129600000,601.4,607.23,592.56,601.04,119218.0,71759615.1074
2026-03-10 09:00:00+00:00,1773133200000,600.5,605.13,600.5,602.4,36547.0,22062978.0266
2026-03-10 10:00:00+00:00,1773136800000,602.05,602.55,598.21,598.21,47984.0,28809598.3984
2026-03-10 11:00:00+00:00,1773140400000,599.0,601.65,593.5,597.25,99947.0,59650358.5453
2026-03-10 12:00:00+00:00,1773144000000,595.39,606.9,583.53,595.39,312684.71338800003,186143867.6999402
2026-03-10 13:00:00+00:00,1773147600000,598.98,611.99,595.0,605.925,2977800.646107,1800747517.9164095
2026-03-10 14:00:00+00:00,1773151200000,605.81,625.47,603.0,624.2,3218745.110031001,1979612251.9164371
2026-03-10 15:00:00+00:00,1773154800000,624.41,628.37,621.0,625.39,2028116.066495,1266344314.4695053
2026-03-10 16:00:00+00:00,1773158400000,624.47,628.5,618.13,627.34,1794992.4714090002,1118037088.2079313
2026-03-10 17:00:00+00:00,1773162000000,628.205,636.58,627.2001,632.93,2295423.801686,1452072701.6580343
2026-03-10 18:00:00+00:00,1773165600000,633.0,635.25,623.08,623.96,2039842.3395330005,1282895400.352521
2026-03-10 19:00:00+00:00,1773169200000,624.49,627.25,615.28,618.65,2375439.116967,1474888768.7727575
2026-03-10 20:00:00+00:00,1773172800000,621.84,627.38,618.89,626.25,141445.55182999998,88219590.67637098
2026-03-10 21:00:00+00:00,1773176400000,623.3,623.5,621.7,623.5,31415.741491,19526824.829480644
2026-03-10 22:00:00+00:00,1773180000000,623.0,623.0,619.5,619.5,34056.513336,21160149.525884863
2026-03-10 23:00:00+00:00,1773183600000,619.68,626.02,619.469,625.0,48987.483805,30527167.77538169
2026-03-11 00:00:00+00:00,1773187200000,622.24,634.82,622.24,629.02,26499.0,16694967.55999999
2026-03-11 01:00:00+00:00,1773190800000,629.84,631.2,627.51,631.2,11624.0,7310176.46
2026-03-11 02:00:00+00:00,1773194400000,631.2,631.77,628.9,630.81,11403.0,7184946.0
2026-03-11 03:00:00+00:00,1773198000000,630.81,633.64,629.28,633.6,10523.0,6643189.28
2026-03-11 04:00:00+00:00,1773201600000,633.66,634.0,632.31,633.52,7905.0,5006409.92
2026-03-11 05:00:00+00:00,1773205200000,633.75,633.76,625.49,625.89,20288.0,12768076.94000001
2026-03-11 06:00:00+00:00,1773208800000,625.92,628.9,624.02,626.0,15899.0,9956214.07
2026-03-11 07:00:00+00:00,1773212400000,626.56,626.89,623.01,624.45,8787.0,5488309.16
2026-03-11 08:00:00+00:00,1773216000000,623.0,627.65,623.0,627.0,53658.0,33577448.6124
2026-03-11 09:00:00+00:00,1773219600000,625.71,625.71,611.0,611.0,71054.0,44010719.7028
2026-03-11 10:00:00+00:00,1773223200000,610.97,624.99,610.0,622.82,67860.0,41906257.614
2026-03-11 11:00:00+00:00,1773226800000,622.98,624.98,617.07,620.49,46740.0,29049297.942
2026-03-11 12:00:00+00:00,1773230400000,619.37,633.63,609.46,619.37,252754.595812,157455194.19233692
2026-03-11 13:00:00+00:00,1773234000000,625.5,632.47,618.8,626.17,2061369.34591,1288283487.1297085
2026-03-11 14:00:00+00:00,1773237600000,627.11,637.36,623.32,636.63,2863234.048153,1804385759.6566112
2026-03-11 15:00:00+00:00,1773241200000,637.15,645.4999,630.05,632.51,2755034.197261,1756967683.1158378
2026-03-11 16:00:00+00:00,1773244800000,630.89,640.5899,630.03,639.01,1393536.5669430003,885354054.1856726
2026-03-11 17:00:00+00:00,1773248400000,639.16,644.4,634.0,642.42,1493364.2231399997,955058837.7822621
2026-03-11 18:00:00+00:00,1773252000000,640.0,644.43,637.23,642.65,1247318.636808,800139064.5656445
2026-03-11 19:00:00+00:00,1773255600000,642.67,655.68,639.88,655.275,2633406.005776,1708986221.8136172
2026-03-11 20:00:00+00:00,1773259200000,655.43,658.61,653.7682,653.7682,171229.83711700002,112386583.73085698
2026-03-11 21:00:00+00:00,1773262800000,654.2,656.8439,653.5,655.9999,25449.943539,16674433.982571485
2026-03-11 22:00:00+00:00,1773266400000,655.48,655.48,648.18,650.0,117421.610961,76496633.40844049
2026-03-11 23:00:00+00:00,1773270000000,649.6,649.9,643.03,645.0,137839.646823,89029235.70254278
2026-03-12 00:00:00+00:00,1773273600000,647.99,649.8,641.96,648.62,31797.0,20517156.44999999
2026-03-12 01:00:00+00:00,1773277200000,649.12,649.34,645.81,646.93,11943.0,7735938.48
2026-03-12 02:00:00+00:00,1773280800000,646.92,647.0,642.54,643.01,21823.0,14068318.68
2026-03-12 03:00:00+00:00,1773284400000,643.01,645.17,642.16,643.22,21230.0,13661801.59
2026-03-12 04:00:00+00:00,1773288000000,643.29,645.46,642.36,643.03,11651.0,7503881.68
2026-03-12 05:00:00+00:00,1773291600000,643.1,646.46,643.02,644.86,13217.0,8526723.76
2026-03-12 06:00:00+00:00,1773295200000,644.51,648.9,644.01,648.88,9875.0,6384982.62
2026-03-12 07:00:00+00:00,1773298800000,648.84,653.33,648.5,652.49,22442.0,14608297.77999999
2026-03-12 08:00:00+00:00,1773302400000,650.22,653.0,645.52,650.5,38838.0,25289911.3158
2026-03-12 09:00:00+00:00,1773306000000,649.55,651.67,647.52,651.67,15896.0,10329557.7952
2026-03-12 10:00:00+00:00,1773309600000,651.7,653.5,648.6,652.01,37148.0,24215826.4964
2026-03-12 11:00:00+00:00,1773313200000,651.82,653.23,648.8,649.13,67650.0,44030083.68
2026-03-12 12:00:00+00:00,1773316800000,653.9,653.9,642.75,646.3,223231.143172,144494215.15431663
2026-03-12 13:00:00+00:00,1773320400000,647.0,651.9899,626.4441,631.5,3123186.7816739995,1996505895.1080928
2026-03-12 14:00:00+00:00,1773324000000,632.05,640.5,621.0501,622.445,3073999.359235999,1938933703.036312
2026-03-12 15:00:00+00:00,1773327600000,622.16,629.72,612.21,629.35,3366688.400244,2086543852.9678216
2026-03-12 16:00:00+00:00,1773331200000,629.73,629.88,618.03,620.255,2097024.055489,1306138562.843112
2026-03-12 17:00:00+00:00,1773334800000,620.26,624.97,617.02,620.775,1269320.5107559997,787864702.3852276
2026-03-12 18:00:00+00:00,1773338400000,621.53,625.6799,614.5,615.58,1501020.575697,930136369.4277569
2026-03-12 19:00:00+00:00,1773342000000,614.95,621.3498,613.0,618.75,1931924.334531,1192701887.2104301
2026-03-12 20:00:00+00:00,1773345600000,618.82,618.82,614.23,617.66,91576.233178,56506409.54548943
2026-03-12 21:00:00+00:00,1773349200000,616.52,617.0,615.0,615.0358,25752.608158000003,15857477.504586397
2026-03-12 22:00:00+00:00,1773352800000,615.5,617.49,614.55,616.6143,28715.0,17683598.651
2026-03-12 23:00:00+00:00,1773356400000,616.8823,619.0982,615.0,615.5,40027.013974,24681541.413377225
2026-03-13 00:00:00+00:00,1773360000000,616.98,624.16,612.76,621.25,26664.0,16511272.03000001
2026-03-13 01:00:00+00:00,1773363600000,621.09,624.06,618.91,621.89,19046.0,11844342.20000001
2026-03-13 02:00:00+00:00,1773367200000,621.9,624.81,621.2,621.59,10027.0,6252247.48
2026-03-13 03:00:00+00:00,1773370800000,621.81,623.89,620.5,622.76,6185.0,3848664.44
2026-03-13 04:00:00+00:00,1773374400000,622.6,623.62,620.31,621.03,3689.0,2293296.39
2026-03-13 05:00:00+00:00,1773378000000,621.17,621.76,619.99,620.43,3224.0,2001332.95
2026-03-13 06:00:00+00:00,1773381600000,620.43,621.78,615.08,615.99,15908.0,9831068.00999999
2026-03-13 07:00:00+00:00,1773385200000,615.52,616.03,609.03,610.19,41992.0,25710766.72999999
2026-03-13 08:00:00+00:00,1773388800000,614.87,615.46,607.5,613.08,29611.0,18094633.6191
2026-03-13 09:00:00+00:00,1773392400000,615.99,618.2,614.63,618.18,17291.0,10660319.9422
2026-03-13 10:00:00+00:00,1773396000000,617.27,623.6,617.27,622.78,26955.0,16751702.286
2026-03-13 11:00:00+00:00,1773399600000,622.03,630.25,621.81,629.27,105909.0,66380170.8849
2026-03-13 12:00:00+00:00,1773403200000,622.01,633.81,607.0,633.81,291862.507178,182164787.21886927
2026-03-13 13:00:00+00:00,1773406800000,630.755,646.5499,628.63,644.62,2648062.597058,1692773750.363067
2026-03-13 14:00:00+00:00,1773410400000,643.72,645.8099,623.66,624.825,2685761.048289001,1709901320.1657
2026-03-13 15:00:00+00:00,1773414000000,625.35,637.4999,623.06,633.68,1941405.513451,1226164736.7590148
2026-03-13 16:00:00+00:00,1773417600000,633.78,662.2155,632.6,656.51,3564270.214668,2320063322.3802094
2026-03-13 17:00:00+00:00,1773421200000,656.075,658.7199,649.55,653.01,1733136.90879,1131983293.685082
2026-03-13 18:00:00+00:00,1773424800000,652.98,671.67,651.5001,668.82,2325091.690173,1541340250.3735554
2026-03-13 19:00:00+00:00,1773428400000,668.56,669.5,658.2,661.48,2732748.888091,1811386477.25268
2026-03-13 20:00:00+00:00,1773432000000,661.11,662.758,659.1,661.11,148096.611116,97903115.29012081
2026-03-13 21:00:00+00:00,1773435600000,659.1802,660.3915,658.9,659.37,20746.33863,13682301.610374972
2026-03-13 22:00:00+00:00,1773439200000,659.37,659.5,658.58,659.0,25649.306725,16903375.338741433
2026-03-13 23:00:00+00:00,1773442800000,658.58,659.65,658.58,659.4,23474.448906,15476969.424998436
2026-03-16 00:00:00+00:00,1773619200000,662.46,686.85,656.5,678.88,86828.0,59144911.66000003
2026-03-16 01:00:00+00:00,1773622800000,678.64,680.27,674.76,678.99,29726.0,20137046.12
2026-03-16 02:00:00+00:00,1773626400000,678.88,679.55,675.49,676.7,15209.0,10300031.76999999
2026-03-16 03:00:00+00:00,1773630000000,676.22,682.95,676.22,681.16,18777.0,12764034.39
2026-03-16 04:00:00+00:00,1773633600000,681.35,682.9,678.85,679.1,15275.0,10406623.21
2026-03-16 05:00:00+00:00,1773637200000,679.11,688.18,679.1,686.25,28483.0,19508750.43999999
2026-03-16 06:00:00+00:00,1773640800000,686.02,687.1,682.12,684.79,22895.0,15684681.94000001
2026-03-16 07:00:00+00:00,1773644400000,684.79,686.76,682.0,684.51,17720.0,12122338.21000001
2026-03-16 08:00:00+00:00,1773648000000,683.0,685.98,680.12,685.98,70295.0,48029396.166
2026-03-16 09:00:00+00:00,1773651600000,685.16,685.45,681.63,682.02,33450.0,22855441.71
2026-03-16 10:00:00+00:00,1773655200000,682.0,683.6,680.33,682.67,39398.0,26876519.7604
2026-03-16 11:00:00+00:00,1773658800000,682.84,687.91,680.75,687.11,115085.0,78769490.927
2026-03-16 12:00:00+00:00,1773662400000,686.2,690.32,679.02,686.4,402540.277703,276054474.183441
2026-03-16 13:00:00+00:00,1773666000000,687.505,714.3499,685.0,710.49,4483754.569883001,3145670832.221016
2026-03-16 14:00:00+00:00,1773669600000,708.25,716.9,705.5101,716.64,3333342.5614219992,2367157886.61805
2026-03-16 15:00:00+00:00,1773673200000,716.39,717.4999,710.87,713.63,2006024.224871,1433478632.1754708
2026-03-16 16:00:00+00:00,1773676800000,716.0,719.9999,712.2,713.68,1557411.2730500002,1113105509.5001855
2026-03-16 17:00:00+00:00,1773680400000,714.38,717.5,711.1701,712.0,1338261.9937749996,956649627.2876909
2026-03-16 18:00:00+00:00,1773684000000,713.105,718.2999,709.0,713.8,1755663.366704,1254061037.8208237
2026-03-16 19:00:00+00:00,1773687600000,714.0,718.9599,695.3301,704.36,3453199.4107119995,2447135661.396639
2026-03-16 20:00:00+00:00,1773691200000,703.63,707.9,702.4,706.2499,131311.54717799998,92514946.53114286
2026-03-16 21:00:00+00:00,1773694800000,706.5,709.8382,706.5,708.7,49209.563477,34848470.83586431
2026-03-16 22:00:00+00:00,1773698400000,708.8,709.0,706.25,706.25,28917.247578,20464889.372362763
2026-03-16 23:00:00+00:00,1773702000000,706.8116,710.5,706.8116,709.1,44706.075754000005,31701686.319791656
2026-03-17 00:00:00+00:00,1773705600000,707.29,712.39,707.0,708.51,21349.0,15142654.56
2026-03-17 01:00:00+00:00,1773709200000,708.37,709.62,706.59,708.16,11359.0,8041678.27
2026-03-17 02:00:00+00:00,1773712800000,708.17,708.62,704.46,704.69,12358.0,8730402.28
2026-03-17 03:00:00+00:00,1773716400000,704.76,706.89,700.02,701.8,16494.0,11607032.16000001
2026-03-17 04:00:00+00:00,1773720000000,701.96,706.11,701.46,704.81,10665.0,7506893.77
2026-03-17 05:00:00+00:00,1773723600000,705.2,707.88,700.99,701.24,10163.0,7166884.98
2026-03-17 06:00:00+00:00,1773727200000,701.0,701.33,686.99,690.03,54605.0,37885631.47
2026-03-17 07:00:00+00:00,1773730800000,690.03,699.19,687.03,694.49,25191.0,17486476.94000001
2026-03-17 08:00:00+00:00,1773734400000,693.1,703.5,690.0,701.5,31814.0,22196936.3958
2026-03-17 09:00:00+00:00,1773738000000,702.0,705.75,697.65,705.0,44031.0,30927325.9659
2026-03-17 10:00:00+00:00,1773741600000,705.35,705.36,700.21,703.39,10535.0,7403758.8555
2026-03-17 11:00:00+00:00,1773745200000,704.02,712.93,702.41,709.0,81602.0,57794975.5488
2026-03-17 12:00:00+00:00,1773748800000,704.5,717.8,687.02,714.9,396722.4229830001,280523694.8030329
2026-03-17 13:00:00+00:00,1773752400000,714.38,720.5,695.1201,702.13,2822955.942164001,1994006221.5713108
2026-03-17 14:00:00+00:00,1773756000000,704.09,716.9,702.58,713.79,2771257.5428970004,1971660507.2783344
2026-03-17 15:00:00+00:00,1773759600000,712.36,717.97,703.11,704.69,2049779.3182369997,1457243666.354207
2026-03-17 16:00:00+00:00,1773763200000,704.08,714.0,701.9,707.31,1446079.9823170002,1025148947.528242
2026-03-17 17:00:00+00:00,1773766800000,706.29,711.0,703.0,705.31,1173586.8065420005,829746409.9943088
2026-03-17 18:00:00+00:00,1773770400000,706.25,711.83,704.26,706.865,863794.8795320006,611519265.9902822
2026-03-17 19:00:00+00:00,1773774000000,706.87,721.37,704.6,720.17,2330370.4548550006,1662369064.8596783
2026-03-17 20:00:00+00:00,1773777600000,720.17,727.97,719.9696,726.14,242474.929223,175648693.24418363
2026-03-17 21:00:00+00:00,1773781200000,726.1105,729.44,724.5,727.5699,99763.599371,72546513.19772115
2026-03-17 22:00:00+00:00,1773784800000,727.83,729.17,726.63,728.73,53895.535178000006,39230269.02017624
2026-03-17 23:00:00+00:00,1773788400000,728.72,729.6,727.34,728.2086,65444.668358,47677075.712086074
2026-03-18 00:00:00+00:00,1773792000000,728.97,734.69,727.99,733.53,24963.0,18256859.73000001
2026-03-18 01:00:00+00:00,1773795600000,733.66,737.46,733.02,736.0,26509.0,19495624.54000001
2026-03-18 02:00:00+00:00,1773799200000,736.08,739.01,735.85,737.39,16210.0,11953634.67000001
2026-03-18 03:00:00+00:00,1773802800000,737.34,746.63,736.37,744.7,28247.0,20965461.01999999
2026-03-18 04:00:00+00:00,1773806400000,744.82,747.19,742.41,746.56,22675.0,16891233.95000001
2026-03-18 05:00:00+00:00,1773810000000,746.79,750.5,745.73,746.83,41553.0,31103331.40000002
2026-03-18 06:00:00+00:00,1773813600000,746.83,749.31,745.99,747.32,23116.0,17283000.14000001
2026-03-18 07:00:00+00:00,1773817200000,747.39,747.92,745.61,747.21,9502.0,7096948.54
2026-03-18 08:00:00+00:00,1773820800000,747.61,749.0,739.0,747.12,68747.0,51272646.9255
2026-03-18 09:00:00+00:00,1773824400000,747.99,748.49,743.0,743.53,23944.0,17841703.992
2026-03-18 10:00:00+00:00,1773828000000,742.3,743.0,739.52,740.0,31061.0,23027982.4373
2026-03-18 11:00:00+00:00,1773831600000,740.45,743.05,734.01,734.58,90005.0,66473030.741
2026-03-18 12:00:00+00:00,1773835200000,732.13,750.0,727.75,732.13,470208.1979929999,346615289.7334942
2026-03-18 13:00:00+00:00,1773838800000,727.47,749.6,715.5,732.81,3033305.628178999,2212963287.5661297
2026-03-18 14:00:00+00:00,1773842400000,736.13,741.71,721.43,736.76,3199523.455520001,2342792499.025285
2026-03-18 15:00:00+00:00,1773846000000,737.695,747.0,735.66,743.43,2191866.619236,1626604821.6812563
2026-03-18 16:00:00+00:00,1773849600000,743.055,746.26,740.64,743.96,1369142.1088629996,1018497010.6731648
2026-03-18 17:00:00+00:00,1773853200000,744.33,750.9899,742.62,747.22,1535620.1227739998,1147115142.0027304
2026-03-18 18:00:00+00:00,1773856800000,749.31,761.52,746.87,754.835,2499399.6031210003,1883837971.1458683
2026-03-18 19:00:00+00:00,1773860400000,754.835,759.45,750.04,753.56,2709717.7270850004,2045154035.0819497
2026-03-18 20:00:00+00:00,1773864000000,753.69,761.3,734.01,744.1338,1389979.130864,1040031034.982025
2026-03-18 21:00:00+00:00,1773867600000,744.0,745.7738,728.0,728.04,322626.314438,237276361.78184465
2026-03-18 22:00:00+00:00,1773871200000,728.5,728.7999,714.01,725.7999,314348.64928599994,226741818.30080688
2026-03-18 23:00:00+00:00,1773874800000,725.722,731.78,721.695,728.5,134622.58798299998,97814981.9480276
2026-03-19 00:00:00+00:00,1773878400000,732.49,745.94,725.61,736.01,39283.0,29009934.03000001
2026-03-19 01:00:00+00:00,1773882000000,736.56,736.7,723.4,731.19,49487.0,36123594.32999999
2026-03-19 02:00:00+00:00,1773885600000,731.23,744.98,729.97,739.69,38137.0,28183190.69999999
2026-03-19 03:00:00+00:00,1773889200000,739.78,745.95,739.78,740.57,24813.0,18450372.99
2026-03-19 04:00:00+00:00,1773892800000,740.95,740.96,734.47,735.07,16289.0,12018208.94999999
2026-03-19 05:00:00+00:00,1773896400000,735.43,738.26,730.0,730.09,13555.0,9944522.52
2026-03-19 06:00:00+00:00,1773900000000,730.23,734.68,726.1,727.06,21045.0,15361394.78
2026-03-19 07:00:00+00:00,1773903600000,727.49,728.8,724.01,724.99,17804.0,12925371.47000001
2026-03-19 08:00:00+00:00,1773907200000,726.01,728.0,715.63,719.0,63142.0,45538787.0466
2026-03-19 09:00:00+00:00,1773910800000,720.01,721.5,707.04,715.5,135132.0,96463586.3172
2026-03-19 10:00:00+00:00,1773914400000,715.5,715.5,711.0,714.1,43114.0,30744705.4964
2026-03-19 11:00:00+00:00,1773918000000,714.09,715.0,700.1,708.2,193836.0,137089696.8888
2026-03-19 12:00:00+00:00,1773921600000,710.05,740.93,700.19,713.0,512308.98471,366299233.4480005
2026-03-19 13:00:00+00:00,1773925200000,706.64,729.83,692.0,727.38,3826131.986387,2727512134.9569807
2026-03-19 14:00:00+00:00,1773928800000,732.03,756.0,728.95,747.91,4472689.062909998,3334807445.5578794
2026-03-19 15:00:00+00:00,1773932400000,746.81,750.0,732.2801,735.625,1975317.037408,1461699249.50695
2026-03-19 16:00:00+00:00,1773936000000,734.72,746.9,731.82,742.92,1806712.4553229995,1336711567.1265914
2026-03-19 17:00:00+00:00,1773939600000,742.575,745.15,735.73,742.74,1221453.265808,906111531.1916349
2026-03-19 18:00:00+00:00,1773943200000,743.83,748.9999,742.05,747.105,1287282.121051,959541122.8571122
2026-03-19 19:00:00+00:00,1773946800000,747.09,776.0,746.32,771.905,3903184.141717,2981298885.653145
2026-03-19 20:00:00+00:00,1773950400000,772.09,777.06,768.63,769.0,294138.70146699995,227365510.08635247
2026-03-19 21:00:00+00:00,1773954000000,769.01,774.7,769.01,772.16,44538.120844,34408294.924435206
2026-03-19 22:00:00+00:00,1773957600000,773.49,779.5,772.0,779.44,92105.02225,71560315.45997286
2026-03-19 23:00:00+00:00,1773961200000,779.6038,779.7181,776.0,777.1,73003.862471,56778330.61441792
2026-03-20 00:00:00+00:00,1773964800000,777.29,779.88,773.21,774.27,26349.0,20472413.26000001
2026-03-20 01:00:00+00:00,1773968400000,774.26,777.16,769.49,775.04,31052.0,24028774.12000001
2026-03-20 02:00:00+00:00,1773972000000,775.07,775.84,772.0,774.1,10782.0,8346282.74
2026-03-20 03:00:00+00:00,1773975600000,774.18,774.49,769.58,769.97,8248.0,6364725.67
2026-03-20 04:00:00+00:00,1773979200000,769.94,770.37,765.0,765.86,19806.0,15192687.51
2026-03-20 05:00:00+00:00,1773982800000,765.71,768.18,762.49,765.0,14609.0,11182630.68999999
2026-03-20 06:00:00+00:00,1773986400000,764.27,766.44,759.43,762.46,16345.0,12465524.83
2026-03-20 07:00:00+00:00,1773990000000,762.0,773.92,758.01,770.09,30364.0,23245129.92
2026-03-20 08:00:00+00:00,1773993600000,775.86,776.0,765.0,768.5,37262.0,28699691.7108
2026-03-20 09:00:00+00:00,1773997200000,768.0,769.49,758.51,760.0,27345.0,20860833.282
2026-03-20 10:00:00+00:00,1774000800000,762.5,762.89,753.0,762.35,46596.0,35307219.6972
2026-03-20 11:00:00+00:00,1774004400000,762.37,766.0,760.0,762.7,59800.0,45631328.86
2026-03-20 12:00:00+00:00,1774008000000,764.0,775.53,753.0,769.0,309322.76556,236963138.4707616
2026-03-20 13:00:00+00:00,1774011600000,771.59,777.6,746.01,747.4,3121074.633608,2379831580.317171
2026-03-20 14:00:00+00:00,1774015200000,749.13,751.4999,712.43,718.6,4299555.524126999,3143704292.753728
2026-03-20 15:00:00+00:00,1774018800000,722.1,735.0999,713.6301,733.37,2690464.6783280005,1953139335.62813
2026-03-20 16:00:00+00:00,1774022400000,733.0,738.7999,721.13,726.39,2308174.877420001,1686955691.5385225
2026-03-20 17:00:00+00:00,1774026000000,726.79,728.5,706.8,708.99,2343178.062415,1676036136.9718072
2026-03-20 18:00:00+00:00,1774029600000,712.39,714.62,700.11,707.47,2034552.9748080005,1439250302.225186
2026-03-20 19:00:00+00:00,1774033200000,708.13,710.77,698.35,710.33,2829659.060655,1993753722.0354967
2026-03-20 20:00:00+00:00,1774036800000,709.71,717.0,709.18,713.6,557069.4769560002,395944205.52883446
2026-03-20 21:00:00+00:00,1774040400000,713.39,722.9538,712.5,720.5,137621.48546799997,98939361.29429933
2026-03-20 22:00:00+00:00,1774044000000,720.4,724.94,719.52,720.0,55192.464784,39818979.02717733
2026-03-20 23:00:00+00:00,1774047600000,719.75,721.0,716.01,717.33,47597.62807,34170770.32986844
2026-03-23 00:00:00+00:00,1774224000000,711.3,714.99,684.32,685.5,95959.0,66746367.08999999
2026-03-23 01:00:00+00:00,1774227600000,685.48,699.79,682.34,695.02,62849.0,43473886.72000001
2026-03-23 02:00:00+00:00,1774231200000,694.78,699.51,688.84,690.02,23471.0,16293130.95
2026-03-23 03:00:00+00:00,1774234800000,690.12,692.55,686.29,686.8,15683.0,10821793.41000001
2026-03-23 04:00:00+00:00,1774238400000,686.99,692.0,686.03,690.73,12820.0,8834444.48
2026-03-23 05:00:00+00:00,1774242000000,690.73,695.01,688.89,690.0,14682.0,10147901.57
2026-03-23 06:00:00+00:00,1774245600000,690.5,690.51,679.99,681.94,28566.0,19551063.49000001
2026-03-23 07:00:00+00:00,1774249200000,681.98,686.92,677.37,685.0,39512.0,26916611.92
2026-03-23 08:00:00+00:00,1774252800000,682.0,695.14,682.0,691.92,88420.0,60961708.362
2026-03-23 09:00:00+00:00,1774256400000,691.08,693.98,685.71,686.73,55852.0,38586979.4932
2026-03-23 10:00:00+00:00,1774260000000,686.52,690.0,682.0,687.97,29401.0,20164146.632
2026-03-23 11:00:00+00:00,1774263600000,685.38,742.02,685.38,710.0,744794.0,538754038.8812
2026-03-23 12:00:00+00:00,1774267200000,698.88,742.0,677.34,727.59,828890.9566689999,593988730.2293193
2026-03-23 13:00:00+00:00,1774270800000,715.6,730.45,700.1101,719.96,3424981.81743,2456589100.9407535
2026-03-23 14:00:00+00:00,1774274400000,719.76,748.78,712.17,731.34,3993128.3131960006,2938258016.3193746
2026-03-23 15:00:00+00:00,1774278000000,729.79,731.5152,682.5,683.02,4027421.167965999,2843530107.2415166
2026-03-23 16:00:00+00:00,1774281600000,683.45,692.185,678.84,683.825,2604024.334233,1786200285.3848493
2026-03-23 17:00:00+00:00,1774285200000,685.45,689.0,679.1001,685.95,1302017.2392560004,891328191.1602286
2026-03-23 18:00:00+00:00,1774288800000,689.75,698.9799,687.8,693.4,1708667.6643350006,1185052780.6698976
2026-03-23 19:00:00+00:00,1774292400000,690.4,702.9899,687.0,702.045,2540610.474509,1769543325.4490368
2026-03-23 20:00:00+00:00,1774296000000,702.49,703.8867,698.88,699.06,76498.116344,53657675.95696693
2026-03-23 21:00:00+00:00,1774299600000,698.67,700.0,698.5,699.5,18268.628836,12775120.61088718
2026-03-23 22:00:00+00:00,1774303200000,699.0,700.98,696.16,700.98,34126.007549,23839097.959436987
2026-03-23 23:00:00+00:00,1774306800000,700.84,700.84,696.8,698.1995,32613.0,22763991.4068
2026-03-24 00:00:00+00:00,1774310400000,702.98,702.98,687.01,688.9,25426.0,17611999.75
2026-03-24 01:00:00+00:00,1774314000000,689.12,689.59,682.33,683.08,28715.0,19673311.32
2026-03-24 02:00:00+00:00,1774317600000,683.95,690.0,679.14,687.86,33229.0,22719579.46
2026-03-24 03:00:00+00:00,1774321200000,687.31,696.51,686.25,695.51,21324.0,14757219.81
2026-03-24 04:00:00+00:00,1774324800000,695.8,699.66,693.02,696.0,15482.0,10790190.47000001
2026-03-24 05:00:00+00:00,1774328400000,695.99,699.34,690.0,697.73,21835.0,15164307.73000001
2026-03-24 06:00:00+00:00,1774332000000,697.72,711.76,697.72,710.03,41892.0,29572811.67000002
2026-03-24 07:00:00+00:00,1774335600000,710.12,717.21,705.21,707.79,56592.0,40359093.42999999
2026-03-24 08:00:00+00:00,1774339200000,709.0,715.0,703.91,704.5,41941.0,29763833.2836
2026-03-24 09:00:00+00:00,1774342800000,704.5,705.0,693.02,703.45,72663.0,50700877.1031
2026-03-24 10:00:00+00:00,1774346400000,702.0,705.4,701.24,703.0,9067.0,6377505.6585
2026-03-24 11:00:00+00:00,1774350000000,703.79,703.97,696.33,698.38,34477.0,24118964.5636
2026-03-24 12:00:00+00:00,1774353600000,699.0,717.07,690.0,693.01,279858.066926,196836548.19561392
2026-03-24 13:00:00+00:00,1774357200000,692.82,710.9799,680.1901,698.13,2556467.30928,1774113152.5014272
2026-03-24 14:00:00+00:00,1774360800000,699.18,711.2999,692.255,702.475,2813805.140531,1973707317.7391567
2026-03-24 15:00:00+00:00,1774364400000,705.77,707.0,689.03,696.6,1754762.0825359996,1221375299.6893196
2026-03-24 16:00:00+00:00,1774368000000,697.17,699.8829,691.4701,695.81,1129239.925125,785974476.0774426
2026-03-24 17:00:00+00:00,1774371600000,695.405,696.39,686.01,690.73,1365729.879049,943419568.7144077
2026-03-24 18:00:00+00:00,1774375200000,691.61,703.49,690.6901,700.33,1284952.06377,896560911.0324033
2026-03-24 19:00:00+00:00,1774378800000,700.98,702.89,693.89,702.63,1565090.5812790005,1094003011.5857651
2026-03-24 20:00:00+00:00,1774382400000,702.48,714.0,700.4216,706.49,252442.53250099995,178529075.59392816
2026-03-24 21:00:00+00:00,1774386000000,708.0,710.0,705.45,709.25,46272.83406,32744846.08590704
2026-03-24 22:00:00+00:00,1774389600000,709.0,712.48,707.64,712.1,71137.369555,50515706.06781186
2026-03-24 23:00:00+00:00,1774393200000,712.0,715.4369,711.26,714.8,69973.668299,49961185.17075234
2026-03-25 00:00:00+00:00,1774396800000,715.0,730.73,711.64,722.72,62864.0,45473602.40999998
2026-03-25 01:00:00+00:00,1774400400000,722.5,722.53,715.49,715.55,24015.0,17273474.32000001
2026-03-25 02:00:00+00:00,1774404000000,715.5,718.56,709.5,709.5,27519.0,19666028.85
2026-03-25 03:00:00+00:00,1774407600000,709.5,713.99,703.89,708.37,43610.0,30843950.41
2026-03-25 04:00:00+00:00,1774411200000,708.58,713.66,708.51,711.53,12544.0,8923448.69
2026-03-25 05:00:00+00:00,1774414800000,712.1,712.1,705.05,706.96,11251.0,7975369.51
2026-03-25 06:00:00+00:00,1774418400000,705.33,707.34,701.76,704.0,28529.0,20074496.53
2026-03-25 07:00:00+00:00,1774422000000,704.59,708.49,700.99,702.87,35137.0,24724401.17999999
2026-03-25 08:00:00+00:00,1774425600000,703.12,715.0,702.69,710.92,88070.0,62484652.195
2026-03-25 09:00:00+00:00,1774429200000,712.0,715.0,710.33,712.46,14821.0,10561801.7861
2026-03-25 10:00:00+00:00,1774432800000,712.46,712.46,689.96,695.8,102431.0,71385710.6081
2026-03-25 11:00:00+00:00,1774436400000,696.63,702.0,691.0,696.0,177483.0,123690263.2239
2026-03-25 12:00:00+00:00,1774440000000,676.02,716.0,662.847,676.02,960774.4853499996,658505320.5914848
2026-03-25 13:00:00+00:00,1774443600000,659.99,669.8,638.0,657.97,6066371.78951,3965866291.905005
2026-03-25 14:00:00+00:00,1774447200000,657.16,687.22,653.35,673.765,3890391.588656999,2622440219.5909753
2026-03-25 15:00:00+00:00,1774450800000,672.76,675.4899,654.34,672.84,2583355.358464999,1717637069.203895
2026-03-25 16:00:00+00:00,1774454400000,671.96,676.77,669.238,673.305,1379801.973273,929134778.2279005
2026-03-25 17:00:00+00:00,1774458000000,673.475,684.5,666.67,678.305,1672790.648416,1131344782.3598762
2026-03-25 18:00:00+00:00,1774461600000,677.25,682.7452,675.26,676.755,1105854.8570239998,751758804.7790866
2026-03-25 19:00:00+00:00,1774465200000,677.08,678.13,669.81,678.12,1754800.449985,1184209886.6279671
2026-03-25 20:00:00+00:00,1774468800000,677.86,678.8,672.308,674.2,89027.53788500001,60204925.91125399
2026-03-25 21:00:00+00:00,1774472400000,674.0,674.0,671.0,671.45,22462.006995,15092018.095676843
2026-03-25 22:00:00+00:00,1774476000000,671.0,671.25,666.75,667.5,45118.964314,30205495.25412911
2026-03-25 23:00:00+00:00,1774479600000,667.5,669.49,666.67,667.65,48294.931587,32248752.21698606
2026-03-26 00:00:00+00:00,1774483200000,667.0,673.98,667.0,669.97,17603.0,11800190.10999999
2026-03-26 01:00:00+00:00,1774486800000,669.94,671.31,660.78,661.11,22687.0,15099743.92000001
2026-03-26 02:00:00+00:00,1774490400000,661.75,666.01,656.56,658.01,33156.0,21885781.43
2026-03-26 03:00:00+00:00,1774494000000,658.1,666.6,657.91,664.99,16552.0,10971137.64
2026-03-26 04:00:00+00:00,1774497600000,664.98,667.86,664.07,665.0,7503.0,5000197.51
2026-03-26 05:00:00+00:00,1774501200000,665.21,665.9,656.37,657.03,23721.0,15642914.86
2026-03-26 06:00:00+00:00,1774504800000,657.03,660.13,655.79,656.52,13692.0,9011532.05
2026-03-26 07:00:00+00:00,1774508400000,656.54,657.53,654.99,655.21,11547.0,7572527.79
2026-03-26 08:00:00+00:00,1774512000000,658.2,659.87,648.4,652.31,48217.0,31428501.1729
2026-03-26 09:00:00+00:00,1774515600000,653.5,653.5,647.79,650.99,20924.0,13607703.698
2026-03-26 10:00:00+00:00,1774519200000,650.5,656.0,650.0,656.0,16932.0,11067596.7204
2026-03-26 11:00:00+00:00,1774522800000,657.14,657.4,648.71,648.98,68185.0,44477580.069
2026-03-26 12:00:00+00:00,1774526400000,655.0,667.47,646.32,653.89,254650.2639320001,166374604.01378456
2026-03-26 13:00:00+00:00,1774530000000,647.17,659.6599,629.0647,631.86,3081274.589356001,1986482937.6397848
2026-03-26 14:00:00+00:00,1774533600000,632.14,639.13,620.7001,622.53,3505755.6678289995,2211070634.1594467
2026-03-26 15:00:00+00:00,1774537200000,622.83,631.81,619.0,630.095,2364966.069581,1476993678.4150634
2026-03-26 16:00:00+00:00,1774540800000,631.12,632.99,610.45,615.02,2267658.274131,1407528007.4808068
2026-03-26 17:00:00+00:00,1774544400000,614.21,617.4899,607.5,608.03,1852098.425124,1135379858.9140024
2026-03-26 18:00:00+00:00,1774548000000,608.0,612.7999,604.315,609.54,1797872.1304719998,1092941210.6653984
2026-03-26 19:00:00+00:00,1774551600000,611.425,617.3981,602.03,602.675,2756117.0468959995,1680265655.1933272
2026-03-26 20:00:00+00:00,1774555200000,603.17,626.75,597.96,605.0,299013.370709,180477234.43638125
2026-03-26 21:00:00+00:00,1774558800000,605.0097,606.88,604.0,604.75,41955.903048,25396709.472702615
2026-03-26 22:00:00+00:00,1774562400000,604.5,605.75,602.0,602.12,43942.918879,26538460.181470133
2026-03-26 23:00:00+00:00,1774566000000,602.5,603.23,598.11,598.51,83697.617863,50173658.57605472
2026-03-27 00:00:00+00:00,1774569600000,605.14,609.72,597.99,598.64,45439.0,27421132.00999998
2026-03-27 01:00:00+00:00,1774573200000,598.72,606.6,598.62,603.71,21058.0,12712258.12999999
2026-03-27 02:00:00+00:00,1774576800000,603.97,605.86,601.31,603.55,9916.0,5986622.59
2026-03-27 03:00:00+00:00,1774580400000,603.6,616.5,603.5,614.99,43472.0,26540522.88
2026-03-27 04:00:00+00:00,1774584000000,614.99,621.24,612.1,620.96,51811.0,32005655.22000002
2026-03-27 05:00:00+00:00,1774587600000,620.96,633.99,617.79,619.94,101766.0,63792250.83
2026-03-27 06:00:00+00:00,1774591200000,619.95,619.96,611.03,612.0,34641.0,21316013.07
2026-03-27 07:00:00+00:00,1774594800000,612.0,615.75,605.51,613.52,30928.0,18921994.57000002
2026-03-27 08:00:00+00:00,1774598400000,614.0,616.0,605.0,607.0,54813.0,33452812.404
2026-03-27 09:00:00+00:00,1774602000000,607.0,607.0,595.0,595.0,52782.0,31636295.7012
2026-03-27 10:00:00+00:00,1774605600000,594.6,599.4,585.34,591.0,48670.0,28790363.741
2026-03-27 11:00:00+00:00,1774609200000,590.37,592.0,579.81,587.39,191504.0,111892933.7904
2026-03-27 12:00:00+00:00,1774612800000,587.47,634.0,579.02,589.05,595504.309367,359627077.1413832
2026-03-27 13:00:00+00:00,1774616400000,599.74,634.2999,585.2,621.04,4338322.218219999,2687906010.2125535
2026-03-27 14:00:00+00:00,1774620000000,621.01,625.9199,611.0,623.99,2871408.459594,1779672546.2985327
2026-03-27 15:00:00+00:00,1774623600000,623.59,638.52,620.5101,628.02,2207986.7134219995,1390251768.548679
2026-03-27 16:00:00+00:00,1774627200000,625.995,629.0,618.44,620.01,1360722.1875220002,847744210.409175
2026-03-27 17:00:00+00:00,1774630800000,620.07,622.9299,612.03,613.31,1273216.740104,784296928.3237997
2026-03-27 18:00:00+00:00,1774634400000,613.505,614.6,604.5001,606.26,1276997.253436,778233923.4755089
2026-03-27 19:00:00+00:00,1774638000000,606.92,616.7699,605.621,615.94,1777490.7973530004,1089369896.2283347
2026-03-27 20:00:00+00:00,1774641600000,615.83,617.5,613.02,615.0,96166.710634,59195822.63094336
2026-03-27 21:00:00+00:00,1774645200000,614.7,615.5,613.3,613.6,20754.596689,12756408.140258413
2026-03-27 22:00:00+00:00,1774648800000,613.8713,613.8713,610.51,610.99,22677.265449,13875490.788022188
2026-03-27 23:00:00+00:00,1774652400000,611.0,611.5,610.0,610.0013,35116.297068,21432929.915299013
2026-03-30 00:00:00+00:00,1774828800000,604.99,618.31,600.11,606.63,51643.0,31501150.23000003
2026-03-30 01:00:00+00:00,1774832400000,606.57,610.3,602.6,608.59,26817.0,16260584.72999999
2026-03-30 02:00:00+00:00,1774836000000,608.66,612.67,605.11,610.72,11524.0,7012444.99
2026-03-30 03:00:00+00:00,1774839600000,610.24,621.24,609.99,616.76,27924.0,17228932.03999999
2026-03-30 04:00:00+00:00,1774843200000,616.9,622.5,615.75,618.56,17855.0,11057965.95
2026-03-30 05:00:00+00:00,1774846800000,618.57,621.55,616.01,617.01,16865.0,10445171.87
2026-03-30 06:00:00+00:00,1774850400000,616.82,621.49,615.99,619.9,14518.0,8993896.05000001
2026-03-30 07:00:00+00:00,1774854000000,620.16,620.16,616.78,618.5,6322.0,3909101.96
2026-03-30 08:00:00+00:00,1774857600000,616.07,627.8,615.79,627.02,110263.125193,68475561.90210678
2026-03-30 09:00:00+00:00,1774861200000,627.0,627.5,623.5,625.0,19336.495998,12092592.123142846
2026-03-30 10:00:00+00:00,1774864800000,624.5,625.0,618.88,620.18,25456.312539,15813430.801651752
2026-03-30 11:00:00+00:00,1774868400000,620.52,629.4617,620.0,627.0,169900.75472700002,106017221.44587436
2026-03-30 12:00:00+00:00,1774872000000,627.99,640.58,615.83,638.0,317099.346987,200033751.62398848
2026-03-30 13:00:00+00:00,1774875600000,642.45,651.0,591.01,594.95,4376023.405892,2696421165.4589167
2026-03-30 14:00:00+00:00,1774879200000,597.27,614.97,588.09,595.95,3818788.174331001,2293170460.4424253
2026-03-30 15:00:00+00:00,1774882800000,597.93,601.0,581.5,583.68,2589636.478755999,1523538040.745504
2026-03-30 16:00:00+00:00,1774886400000,584.0,584.49,576.4494,577.705,1902569.669371999,1103406504.91334
2026-03-30 17:00:00+00:00,1774890000000,578.4,580.06,567.1301,573.34,1858528.281056,1067065835.0438658
2026-03-30 18:00:00+00:00,1774893600000,573.82,574.85,563.52,565.57,1681946.9620879998,954158924.4948384
2026-03-30 19:00:00+00:00,1774897200000,565.44,573.0,558.5825,572.64,2497048.018193,1412405769.9401102
2026-03-30 20:00:00+00:00,1774900800000,572.5,572.99,568.5,569.05,111820.354275,63859665.03547659
2026-03-30 21:00:00+00:00,1774904400000,569.97,570.5,569.42,569.5923,24660.540843,14051869.632777432
2026-03-30 22:00:00+00:00,1774908000000,569.79,570.99,563.6885,564.0,47550.163573,26938960.3052712
2026-03-30 23:00:00+00:00,1774911600000,563.4421,563.4421,553.06,557.01,159863.20856600002,89099055.89614242
2026-03-31 00:00:00+00:00,1774915200000,559.9,574.93,554.0,567.15,55534.0,31361059.85999999
2026-03-31 01:00:00+00:00,1774918800000,567.15,585.84,566.47,581.93,95419.0,55356771.39000003
2026-03-31 02:00:00+00:00,1774922400000,581.44,581.93,573.57,574.51,39545.0,22787231.78000001
2026-03-31 03:00:00+00:00,1774926000000,574.51,581.06,572.13,572.25,37084.0,21409142.25
2026-03-31 04:00:00+00:00,1774929600000,572.21,576.48,566.46,566.46,24545.0,14002997.74
2026-03-31 05:00:00+00:00,1774933200000,566.47,574.99,560.99,571.98,27311.0,15486414.26000001
2026-03-31 06:00:00+00:00,1774936800000,571.7,575.3,564.36,574.02,18922.0,10771371.25
2026-03-31 07:00:00+00:00,1774940400000,574.13,576.48,567.62,576.48,15788.0,9037012.44999999
2026-03-31 08:00:00+00:00,1774944000000,577.6,583.0,561.0,578.7,181411.927143,104096903.11475325
2026-03-31 09:00:00+00:00,1774947600000,578.0,582.0,572.02,572.02,48783.92776800001,28214096.813552823
2026-03-31 10:00:00+00:00,1774951200000,572.0,575.0,557.0,562.9,89484.12659,50438497.51594218
2026-03-31 11:00:00+00:00,1774954800000,563.0,577.6099,557.5,571.49,245735.066864,140100810.80363888
2026-03-31 12:00:00+00:00,1774958400000,572.0,583.0,568.5,576.0,234714.708418,135013298.72032723
2026-03-31 13:00:00+00:00,1774962000000,585.89,607.93,574.73,604.74,3142533.0457220003,1857289824.5768704
2026-03-31 14:00:00+00:00,1774965600000,604.23,614.5,597.06,601.31,3858326.204174998,2340227246.7172008
2026-03-31 15:00:00+00:00,1774969200000,601.385,606.66,589.3,589.61,2130713.946781,1274994083.329178
2026-03-31 16:00:00+00:00,1774972800000,590.52,629.43,589.3,623.0,3209806.992132,1971948456.4039853
2026-03-31 17:00:00+00:00,1774976400000,623.64,630.59,615.29,616.33,2018428.4839799996,1258043279.6951764
2026-03-31 18:00:00+00:00,1774980000000,616.85,624.5,613.85,623.1,1655553.8250980002,1023484400.2091624
2026-03-31 19:00:00+00:00,1774983600000,623.24,636.3199,622.2,635.96,2691227.344044999,1693376222.4018695
2026-03-31 20:00:00+00:00,1774987200000,635.34,639.47,634.2,636.5,192265.652885,122422097.45064288
2026-03-31 21:00:00+00:00,1774990800000,636.7,638.12,636.0,638.0,47371.128406,30189345.38059904
2026-03-31 22:00:00+00:00,1774994400000,638.5,644.68,638.5,643.73,94066.504166,60427419.23779841
2026-03-31 23:00:00+00:00,1774998000000,644.49,644.98,639.0,644.8,78008.10101599999,50067120.39003861
2026-04-01 00:00:00+00:00,1775001600000,644.67,657.71,643.96,654.2,71670.0,46761436.14999999
2026-04-01 01:00:00+00:00,1775005200000,654.18,654.18,642.71,646.5,45349.0,29359199.25000002
2026-04-01 02:00:00+00:00,1775008800000,646.72,648.73,644.13,646.3,15301.0,9894057.26
2026-04-01 03:00:00+00:00,1775012400000,646.05,653.89,644.99,651.9,32243.0,20986358.95
2026-04-01 04:00:00+00:00,1775016000000,652.39,654.66,650.03,654.5,19008.0,12397731.93
2026-04-01 05:00:00+00:00,1775019600000,654.71,668.39,654.22,665.56,78598.0,51956312.85000003
2026-04-01 06:00:00+00:00,1775023200000,665.56,678.49,662.62,666.01,95476.0,64029857.01000005
2026-04-01 07:00:00+00:00,1775026800000,666.09,670.19,661.0,662.89,40263.0,26808506.17999998
2026-04-01 08:00:00+00:00,1775030400000,664.5,678.03,647.87,658.01,514336.25011,339771298.32704115
2026-04-01 09:00:00+00:00,1775034000000,657.51,658.98,649.0,654.1,116779.768291,76397814.89099902
2026-04-01 10:00:00+00:00,1775037600000,657.0,664.0,653.7,654.0,105579.45244100002,69503101.35314372
2026-04-01 11:00:00+00:00,1775041200000,654.52,659.6699,653.17,655.0645,286580.780129,187749815.84176275
2026-04-01 12:00:00+00:00,1775044800000,655.15,660.31,635.34,653.4,271247.590459,177762759.40152273
2026-04-01 13:00:00+00:00,1775048400000,652.95,682.0,645.1,677.495,4493187.501377,2999716228.5005546
2026-04-01 14:00:00+00:00,1775052000000,678.16,705.9,675.02,697.45,5166203.934003,3593190410.8718653
2026-04-01 15:00:00+00:00,1775055600000,696.59,709.0,693.25,706.61,2549523.371935,1785740219.5987587
2026-04-01 16:00:00+00:00,1775059200000,704.99,707.66,699.39,705.86,1538504.4209500006,1082356014.4904926
2026-04-01 17:00:00+00:00,1775062800000,706.45,710.85,701.81,702.13,1684820.2328580003,1192413997.674828
2026-04-01 18:00:00+00:00,1775066400000,702.66,703.1999,686.0,693.515,2450205.162183,1699554183.1837108
2026-04-01 19:00:00+00:00,1775070000000,693.66,698.7899,687.0,692.78,2035467.638366,1412469615.7301521
2026-04-01 20:00:00+00:00,1775073600000,692.73,696.28,692.5118,695.96,108405.22063099996,75275945.61536466
2026-04-01 21:00:00+00:00,1775077200000,695.51,696.49,695.5,695.565,22060.081571,15352996.138381558
2026-04-01 22:00:00+00:00,1775080800000,695.51,696.82,692.41,694.03,40882.069637,28408071.226254106
2026-04-01 23:00:00+00:00,1775084400000,694.71,697.13,694.71,695.6,36451.008889,25378829.03882092
2026-04-02 00:00:00+00:00,1775088000000,695.91,698.0,684.99,692.78,43933.0,30328604.56999998
2026-04-02 01:00:00+00:00,1775091600000,692.71,693.95,663.19,671.11,193855.0,130519651.98000002
2026-04-02 02:00:00+00:00,1775095200000,670.42,674.65,662.09,672.65,89511.0,59704442.50000004
2026-04-02 03:00:00+00:00,1775098800000,672.6,672.6,664.23,664.73,41843.0,27928049.04
2026-04-02 04:00:00+00:00,1775102400000,664.77,667.45,662.5,664.51,35197.0,23395210.48000001
2026-04-02 05:00:00+00:00,1775106000000,664.51,667.6,655.99,657.36,37009.0,24449201.8
2026-04-02 06:00:00+00:00,1775109600000,657.31,666.28,656.82,666.27,39645.0,26199697.58000002
2026-04-02 07:00:00+00:00,1775113200000,666.27,667.99,663.73,666.76,20457.0,13629342.51
2026-04-02 08:00:00+00:00,1775116800000,665.0,667.99,656.02,662.29,199502.308849,132219496.83205554
2026-04-02 09:00:00+00:00,1775120400000,662.49,664.8,657.0,658.0,69451.610598,45920071.45647412
2026-04-02 10:00:00+00:00,1775124000000,657.5,658.5,649.51,654.31,72135.71454599999,47146445.88583176
2026-04-02 11:00:00+00:00,1775127600000,656.24,659.88,649.0,649.3854,245965.835645,160631063.5409128
2026-04-02 12:00:00+00:00,1775131200000,649.0,655.0,648.77,648.77,144493.432848,94150345.86533876
2026-04-02 13:00:00+00:00,1775134800000,645.72,686.3225,635.0,684.79,4224237.419447999,2793033677.534629
2026-04-02 14:00:00+00:00,1775138400000,684.855,707.3099,683.56,698.06,4727485.047216,3279458268.247758
2026-04-02 15:00:00+00:00,1775142000000,696.425,697.83,687.36,692.46,1831809.3126679992,1266953325.73742
2026-04-02 16:00:00+00:00,1775145600000,692.05,698.0,685.27,692.64,1745430.331122999,1207219034.0847323
2026-04-02 17:00:00+00:00,1775149200000,692.07,699.3,689.6266,691.28,843847.961415,585824485.8683393
2026-04-02 18:00:00+00:00,1775152800000,690.99,696.5,689.6,693.5,1117974.501273,775272051.0196263
2026-04-02 19:00:00+00:00,1775156400000,694.43,702.4999,692.59,701.8,1592707.0509759998,1112307901.6202996
2026-04-02 20:00:00+00:00,1775160000000,701.59,701.99,699.25,700.9,129848.863544,91039310.5858104
2026-04-02 21:00:00+00:00,1775163600000,700.5,701.59,696.02,696.02,31044.713725,21677722.640553396
2026-04-02 22:00:00+00:00,1775167200000,696.59,698.6923,696.5,697.45,13719.82278,9566796.752954772
2026-04-02 23:00:00+00:00,1775170800000,697.2,699.0,696.0,698.0,28640.552926,19968290.87788715
2026-04-06 00:00:00+00:00,1775433600000,699.99,725.96,690.19,720.0,94214.0,67435450.10999998
2026-04-06 01:00:00+00:00,1775437200000,719.62,719.62,710.1,711.55,32236.0,23064252.55
2026-04-06 02:00:00+00:00,1775440800000,711.03,723.5,711.03,716.78,30761.0,22084594.62
2026-04-06 03:00:00+00:00,1775444400000,716.68,717.65,712.5,715.75,12114.0,8660619.38
2026-04-06 04:00:00+00:00,1775448000000,715.75,720.05,715.75,718.53,8361.0,6004709.26
2026-04-06 05:00:00+00:00,1775451600000,718.79,719.7,714.98,715.82,6908.0,4953621.03
2026-04-06 06:00:00+00:00,1775455200000,715.81,719.0,715.66,717.91,8540.0,6125750.8
2026-04-06 07:00:00+00:00,1775458800000,718.01,721.53,717.61,720.41,17119.0,12326633.06
2026-04-06 08:00:00+00:00,1775462400000,720.9,737.34,715.0,733.91,195046.600583,141847016.12486485
2026-04-06 09:00:00+00:00,1775466000000,733.14,736.88,728.43,730.02,56653.543736,41545703.570440255
2026-04-06 10:00:00+00:00,1775469600000,730.57,732.5,725.2,725.4,38405.098291,27968090.374339547
2026-04-06 11:00:00+00:00,1775473200000,725.0,727.4,720.0,724.6157,140621.601922,101763508.103452
2026-04-06 12:00:00+00:00,1775476800000,726.6,729.0,722.98,726.6,104305.75289499998,75756997.13268097
2026-04-06 13:00:00+00:00,1775480400000,720.26,736.0,711.0,722.94,2971755.943448001,2155726620.1568966
2026-04-06 14:00:00+00:00,1775484000000,721.98,730.76,715.61,728.29,2311076.571674,1674520574.0018284
2026-04-06 15:00:00+00:00,1775487600000,729.11,733.8999,717.5801,722.135,1470413.657127,1064081752.7370104
2026-04-06 16:00:00+00:00,1775491200000,723.085,724.11,717.0,722.21,878913.4036159997,633393075.2088672
2026-04-06 17:00:00+00:00,1775494800000,722.0,735.51,717.6701,723.49,1410263.649699,1026287499.109964
2026-04-06 18:00:00+00:00,1775498400000,724.42,730.27,723.2,726.285,1298077.3001729993,943702067.4180403
2026-04-06 19:00:00+00:00,1775502000000,725.73,727.3299,719.01,724.13,1222493.694792,883351816.7208235
2026-04-06 20:00:00+00:00,1775505600000,724.63,725.47,722.2508,723.26,48002.53252,34758787.40583606
2026-04-06 21:00:00+00:00,1775509200000,723.31,726.0,723.31,725.0,19704.304539,14288448.358476344
2026-04-06 22:00:00+00:00,1775512800000,725.16,726.0,723.3,725.0,19431.315817,14086104.77003326
2026-04-06 23:00:00+00:00,1775516400000,725.5,728.53,725.5,727.0,34923.399061000004,25414417.548931956
2026-04-07 00:00:00+00:00,1775520000000,727.01,734.4,727.01,731.11,18804.0,13751128.01000001
2026-04-07 01:00:00+00:00,1775523600000,730.72,730.72,717.99,719.26,25909.0,18775943.38000001
2026-04-07 02:00:00+00:00,1775527200000,719.25,722.4,716.15,721.85,16243.0,11690356.62
2026-04-07 03:00:00+00:00,1775530800000,721.07,721.99,718.49,718.78,8083.0,5819656.82
2026-04-07 04:00:00+00:00,1775534400000,718.77,721.81,716.19,720.5,11787.0,8468567.74000001
2026-04-07 05:00:00+00:00,1775538000000,720.5,721.59,718.24,721.0,3607.0,2598722.19
2026-04-07 06:00:00+00:00,1775541600000,720.33,723.75,720.25,722.49,4460.0,3221371.91
2026-04-07 07:00:00+00:00,1775545200000,722.99,723.74,721.99,723.0,3220.0,2327446.41
2026-04-07 08:00:00+00:00,1775548800000,725.98,729.19,715.46,726.82,45390.678066,32815077.231119532
2026-04-07 09:00:00+00:00,1775552400000,726.4,728.8,724.01,726.7,12788.942167000005,9300770.97989292
2026-04-07 10:00:00+00:00,1775556000000,726.99,727.3,714.0,714.5,35200.485241999995,25303337.288884543
2026-04-07 11:00:00+00:00,1775559600000,716.05,716.05,708.05,711.8295,128714.675331,91644243.87669794
2026-04-07 12:00:00+00:00,1775563200000,711.1,711.77,703.1598,709.75,193149.417729,136774955.12126207
2026-04-07 13:00:00+00:00,1775566800000,722.575,738.0064,707.1701,707.55,2106439.513681001,1518920672.858956
2026-04-07 14:00:00+00:00,1775570400000,707.785,717.5,695.88,706.52,2778051.730174999,1966184447.1727743
2026-04-07 15:00:00+00:00,1775574000000,704.34,714.52,698.2808,711.77,1529124.5925510002,1079871610.0709977
2026-04-07 16:00:00+00:00,1775577600000,713.02,722.85,711.2,716.51,1256110.0807470002,899248201.9187129
2026-04-07 17:00:00+00:00,1775581200000,716.36,718.8377,701.8,702.4,1059992.798971,753142055.5522387
2026-04-07 18:00:00+00:00,1775584800000,702.48,705.3093,689.01,692.58,1568764.25654,1095404074.7602153
2026-04-07 19:00:00+00:00,1775588400000,692.79,711.99,687.6789,710.36,2196398.750206,1537144393.9746685
2026-04-07 20:00:00+00:00,1775592000000,710.8,714.0,708.4312,711.01,169386.44245199996,120463369.33351257
2026-04-07 21:00:00+00:00,1775595600000,711.25,718.78,710.3092,716.25,104622.541163,74889338.0771812
2026-04-07 22:00:00+00:00,1775599200000,716.8,746.0,715.0,745.67,514260.899298,376535042.2221249
2026-04-07 23:00:00+00:00,1775602800000,745.195,756.0,742.02,751.0,434386.4288940001,325231287.60022813
2026-04-08 00:00:00+00:00,1775606400000,748.99,762.21,748.99,761.9,99140.0,75110733.37000003
2026-04-08 01:00:00+00:00,1775610000000,761.81,763.17,756.96,761.05,55189.0,41953252.37000001
2026-04-08 02:00:00+00:00,1775613600000,761.19,761.7,758.36,759.32,21258.0,16152634.22
2026-04-08 03:00:00+00:00,1775617200000,759.44,763.0,759.17,760.72,22960.0,17479036.56
2026-04-08 04:00:00+00:00,1775620800000,761.01,766.81,759.99,766.16,50129.0,38310268.42000002
2026-04-08 05:00:00+00:00,1775624400000,766.41,775.0,766.15,772.23,68042.0,52495206.99999998
2026-04-08 06:00:00+00:00,1775628000000,772.09,776.29,770.0,770.98,44370.0,34284217.39000001
2026-04-08 07:00:00+00:00,1775631600000,770.98,771.32,763.49,769.01,34691.0,26617974.30999999
2026-04-08 08:00:00+00:00,1775635200000,762.52,782.5,760.2,781.8797,395342.202629,305310883.2900776
2026-04-08 09:00:00+00:00,1775638800000,782.0,783.05,776.0,776.2,79648.96472400002,62084344.918654025
2026-04-08 10:00:00+00:00,1775642400000,776.0,778.39,770.26,771.02,59568.76732200001,46157461.004001655
2026-04-08 11:00:00+00:00,1775646000000,770.84,779.0,770.0,773.9,274263.8007539999,212332538.74315983
2026-04-08 12:00:00+00:00,1775649600000,774.0,779.0,772.26,774.3,252478.771449,195928348.9889587
2026-04-08 13:00:00+00:00,1775653200000,772.51,807.9876,772.5,787.63,4594119.724367002,3648395370.8595433
2026-04-08 14:00:00+00:00,1775656800000,788.71,792.34,758.19,760.84,3320666.487503999,2583189297.22705
2026-04-08 15:00:00+00:00,1775660400000,765.9,782.5,763.495,780.435,1893011.995500001,1467533318.9578333
2026-04-08 16:00:00+00:00,1775664000000,780.73,793.94,780.37,789.23,1602630.0947469997,1261903243.9793327
2026-04-08 17:00:00+00:00,1775667600000,788.86,792.41,785.13,789.625,988812.2666649998,780139852.0689782
2026-04-08 18:00:00+00:00,1775671200000,789.485,791.93,778.0,778.44,1173213.809056,921946020.963572
2026-04-08 19:00:00+00:00,1775674800000,779.165,782.0,775.412,780.76,1563171.5460819998,1217916035.139033
2026-04-08 20:00:00+00:00,1775678400000,780.9,784.91,777.29,777.91,93751.646326,73151447.07615389
2026-04-08 21:00:00+00:00,1775682000000,779.05,779.05,775.0,775.7,25721.998192,19986316.692361217
2026-04-08 22:00:00+00:00,1775685600000,776.0,777.7023,771.56,771.56,29389.659703000005,22771746.09349996
2026-04-08 23:00:00+00:00,1775689200000,771.32,775.0,770.478,773.85,43884.06093100001,33907361.97401242
2026-04-09 00:00:00+00:00,1775692800000,775.63,778.92,764.01,764.54,19458.0,14937817.92
2026-04-09 01:00:00+00:00,1775696400000,764.54,772.81,756.99,772.81,35155.0,26834339.73000002
2026-04-09 02:00:00+00:00,1775700000000,772.48,780.01,770.5,774.02,21448.0,16623737.01
2026-04-09 03:00:00+00:00,1775703600000,775.23,777.88,769.11,771.58,8295.0,6415475.85
2026-04-09 04:00:00+00:00,1775707200000,770.62,773.51,769.0,771.04,4802.0,3702681.39
2026-04-09 05:00:00+00:00,1775710800000,771.16,778.96,767.61,775.0,10600.0,8196273.72
2026-04-09 06:00:00+00:00,1775714400000,775.01,776.37,771.11,776.21,6389.0,4946062.65
2026-04-09 07:00:00+00:00,1775718000000,776.2,778.06,770.52,772.6,11737.0,9088031.02
2026-04-09 08:00:00+00:00,1775721600000,776.2,778.01,768.0,772.0,74245.70091899998,57376483.704595834
2026-04-09 09:00:00+00:00,1775725200000,772.3,787.5,772.06,787.5,39082.929548,30472702.221240584
2026-04-09 10:00:00+00:00,1775728800000,788.0,798.0,786.53,786.53,97196.000286,76946098.11001451
2026-04-09 11:00:00+00:00,1775732400000,786.53,799.99,785.6075,798.7518,170044.979054,135027225.41395795
2026-04-09 12:00:00+00:00,1775736000000,798.03,815.0,798.03,813.0,502433.5007670001,405852417.1884623
2026-04-09 13:00:00+00:00,1775739600000,817.07,826.15,805.0,822.39,3545521.408862,2895636907.5253997
2026-04-09 14:00:00+00:00,1775743200000,823.395,831.27,808.5901,828.1,3364663.724688,2765839380.6185155
2026-04-09 15:00:00+00:00,1775746800000,828.77,834.7199,821.2501,832.37,1828484.719966,1513701018.757893
2026-04-09 16:00:00+00:00,1775750400000,836.16,840.4999,831.12,835.31,1559175.517242,1304097053.219588
2026-04-09 17:00:00+00:00,1775754000000,835.835,843.0,833.0,838.55,1119616.0000890004,938173046.4233773
2026-04-09 18:00:00+00:00,1775757600000,833.89,843.0994,832.51,841.065,1248404.426607,1046015847.4552116
2026-04-09 19:00:00+00:00,1775761200000,841.46,855.0,841.235,851.54,2620455.680052,2225244843.480189
2026-04-09 20:00:00+00:00,1775764800000,851.57,859.01,850.02,858.539,273425.828442,233337309.20689625
2026-04-09 21:00:00+00:00,1775768400000,858.79,863.89,855.12,858.99,123926.746357,106538696.10972103
2026-04-09 22:00:00+00:00,1775772000000,859.0,861.37,855.37,856.12,75445.857684,64854473.94347511
2026-04-09 23:00:00+00:00,1775775600000,856.09,860.6,855.16,860.0,65321.411632,56049827.63991834
2026-04-10 00:00:00+00:00,1775779200000,840.82,873.32,840.82,873.31,50519.0,43664147.48999999
2026-04-10 01:00:00+00:00,1775782800000,873.37,873.38,867.02,868.38,55418.0,48222817.42000003
2026-04-10 02:00:00+00:00,1775786400000,868.37,870.37,866.1,869.0,18264.0,15860195.68
2026-04-10 03:00:00+00:00,1775790000000,868.83,870.09,867.27,869.41,15380.0,13365279.83
2026-04-10 04:00:00+00:00,1775793600000,869.47,869.47,860.1,863.16,27238.0,23552254.39000001
2026-04-10 05:00:00+00:00,1775797200000,863.72,865.12,859.17,859.51,16152.0,13921940.88
2026-04-10 06:00:00+00:00,1775800800000,859.51,861.77,854.65,856.66,28125.0,24124815.66999999
2026-04-10 07:00:00+00:00,1775804400000,856.97,860.02,852.61,857.38,16845.0,14423180.45
2026-04-10 08:00:00+00:00,1775808000000,857.19,869.46,853.73,862.8,201250.224984,173208340.6350894
2026-04-10 09:00:00+00:00,1775811600000,864.18,867.5,863.5,864.2,52105.34288799999,45097023.164069615
2026-04-10 10:00:00+00:00,1775815200000,863.99,867.5,862.4,864.0,41018.229686,35504198.291186646
2026-04-10 11:00:00+00:00,1775818800000,864.23,878.55,864.23,873.01,310472.144766,271375877.8419125
2026-04-10 12:00:00+00:00,1775822400000,873.5,875.8,869.0,873.6,193076.246987,168600589.00044835
2026-04-10 13:00:00+00:00,1775826000000,871.6,879.66,835.275,863.98,3560333.5403129985,3049390429.976034
2026-04-10 14:00:00+00:00,1775829600000,858.49,864.39,847.117,855.5,2115370.5187729998,1809280635.447584
2026-04-10 15:00:00+00:00,1775833200000,855.35,856.4899,841.43,846.57,1658018.712800001,1404249829.7030404
2026-04-10 16:00:00+00:00,1775836800000,846.78,850.5,839.0,847.295,1032918.1636219998,873429091.7743322
2026-04-10 17:00:00+00:00,1775840400000,848.24,861.8,847.48,860.135,1119288.1740489998,957534803.2203956
2026-04-10 18:00:00+00:00,1775844000000,859.865,862.58,854.4497,859.43,916001.9750039998,786873359.7880809
2026-04-10 19:00:00+00:00,1775847600000,860.44,861.4,848.0201,851.045,1491094.1687210002,1274448772.7744367
2026-04-10 20:00:00+00:00,1775851200000,851.77,855.9,851.0,854.74,201307.413264,171615213.99128243
2026-04-10 21:00:00+00:00,1775854800000,855.0,855.0,853.3605,854.0,6719.080794,5738725.919762556
2026-04-10 22:00:00+00:00,1775858400000,854.25,854.43,853.0,854.43,19055.0,16268551.1455
2026-04-10 23:00:00+00:00,1775862000000,854.49,857.0,853.55,856.2,39125.696147,33462533.334734004
2026-04-13 00:00:00+00:00,1776038400000,846.63,870.01,829.99,868.86,142712.0,122188324.53000008
2026-04-13 01:00:00+00:00,1776042000000,868.86,869.09,862.1,865.74,55593.0,48142134.12999999
2026-04-13 02:00:00+00:00,1776045600000,865.78,865.99,861.99,864.36,12924.0,11161973.48
2026-04-13 03:00:00+00:00,1776049200000,864.16,864.59,856.77,856.99,13687.0,11776073.60000001
2026-04-13 04:00:00+00:00,1776052800000,857.42,863.34,857.42,862.0,12281.0,10576712.09
2026-04-13 05:00:00+00:00,1776056400000,862.0,864.46,859.2,863.96,12484.0,10752662.44
2026-04-13 06:00:00+00:00,1776060000000,864.04,869.84,864.04,867.4,31327.0,27180274.11999999
2026-04-13 07:00:00+00:00,1776063600000,867.4,869.28,862.18,863.42,8687.0,7523812.67
2026-04-13 08:00:00+00:00,1776067200000,864.0,869.89,857.46,864.0,173914.52079200002,150624183.8222207
2026-04-13 09:00:00+00:00,1776070800000,863.8,868.0,863.8,866.0,24287.360267,21020620.447855514
2026-04-13 10:00:00+00:00,1776074400000,866.0,867.0,863.67,864.96,19754.593851,17098045.45640215
2026-04-13 11:00:00+00:00,1776078000000,865.0,873.05,864.99,868.2,214432.96335500004,186458424.9350408
2026-04-13 12:00:00+00:00,1776081600000,867.0,869.0,861.5,862.86,136102.717768,117738514.16228151
2026-04-13 13:00:00+00:00,1776085200000,867.385,898.68,860.0,894.02,3462504.597714999,3055250693.1895766
2026-04-13 14:00:00+00:00,1776088800000,895.69,917.56,885.5301,907.25,3524523.2150030006,3184260809.4941096
2026-04-13 15:00:00+00:00,1776092400000,907.3,913.89,900.6101,902.72,1626804.199831,1476116580.409054
2026-04-13 16:00:00+00:00,1776096000000,904.71,911.9,899.1,908.555,1197026.7192630002,1084756266.5339322
2026-04-13 17:00:00+00:00,1776099600000,906.61,928.3599,906.0,926.87,1614359.653171,1479556424.7961233
2026-04-13 18:00:00+00:00,1776103200000,926.715,943.5999,922.0001,940.63,2779097.083652999,2594883243.914518
2026-04-13 19:00:00+00:00,1776106800000,940.74,953.4099,940.48,952.39,3386399.5998150003,3206606501.7819023
2026-04-13 20:00:00+00:00,1776110400000,952.5,973.91,952.5,972.52,621824.543449,600739592.4648225
2026-04-13 21:00:00+00:00,1776114000000,972.5,975.7999,967.39,975.01,162037.375372,157341127.140281
2026-04-13 22:00:00+00:00,1776117600000,975.0,989.55,974.6,985.1,335763.864006,330201431.9529446
2026-04-13 23:00:00+00:00,1776121200000,985.0,988.19,979.06,984.0,213855.863351,210401021.87856457
2026-04-14 00:00:00+00:00,1776124800000,986.01,994.99,980.01,989.41,73420.0,72622956.14
2026-04-14 01:00:00+00:00,1776128400000,989.22,989.25,976.19,976.69,39755.0,39068749.42000001
2026-04-14 02:00:00+00:00,1776132000000,976.69,982.01,967.79,981.11,53530.0,52167774.05000002
2026-04-14 03:00:00+00:00,1776135600000,981.11,981.2,972.99,979.77,15604.0,15255447.76
2026-04-14 04:00:00+00:00,1776139200000,979.69,984.0,978.24,983.04,14406.0,14141153.75
2026-04-14 05:00:00+00:00,1776142800000,983.2,983.3,976.79,978.53,13899.0,13621668.32
2026-04-14 06:00:00+00:00,1776146400000,978.48,980.62,971.11,977.12,20106.0,19623540.27
2026-04-14 07:00:00+00:00,1776150000000,977.38,987.44,977.07,982.79,27541.0,27095035.44000001
2026-04-14 08:00:00+00:00,1776153600000,984.03,987.08,971.41,980.5,165428.065757,162186403.55165213
2026-04-14 09:00:00+00:00,1776157200000,980.2,980.95,971.15,973.25,40427.017587,39428227.690495566
2026-04-14 10:00:00+00:00,1776160800000,973.8,977.5,965.0,968.0521,71289.20361499999,69170082.13510159
2026-04-14 11:00:00+00:00,1776164400000,969.0,981.5477,968.99,979.7043,208429.643629,203325034.9128109
2026-04-14 12:00:00+00:00,1776168000000,963.33,979.0,957.0,963.59,376087.8733139999,363968629.6403929
2026-04-14 13:00:00+00:00,1776171600000,966.73,973.5,905.02,912.53,5328652.065816999,4933164305.278921
2026-04-14 14:00:00+00:00,1776175200000,912.075,924.4,906.0,912.02,3287332.931781999,3008521733.972427
2026-04-14 15:00:00+00:00,1776178800000,911.58,938.5,902.0001,924.7,3239808.337269,2990705629.8522267
2026-04-14 16:00:00+00:00,1776182400000,926.49,932.45,925.0001,925.61,1236232.107085,1148627384.1788964
2026-04-14 17:00:00+00:00,1776186000000,927.17,943.0,926.15,941.12,1670865.550803,1566106792.1046388
2026-04-14 18:00:00+00:00,1776189600000,942.34,950.9199,937.22,940.04,1791686.4319689996,1691064963.612334
2026-04-14 19:00:00+00:00,1776193200000,940.97,947.6,938.5,944.14,1691167.160672,1594221679.653342
2026-04-14 20:00:00+00:00,1776196800000,944.46,947.89,929.0861,935.63,150854.65953499998,142058882.4997544
2026-04-14 21:00:00+00:00,1776200400000,935.88,937.2556,925.25,934.0,81907.85625299999,76273726.0712099
2026-04-14 22:00:00+00:00,1776204000000,933.75,938.91,933.2,934.8,38152.579799,35705259.676245265
2026-04-14 23:00:00+00:00,1776207600000,934.7049,937.0,934.51,937.0,38673.67071700001,36207671.17530001
2026-04-15 00:00:00+00:00,1776211200000,935.8,944.99,935.8,940.62,19120.0,17979661.45999999
2026-04-15 01:00:00+00:00,1776214800000,941.0,943.03,938.55,939.37,8727.0,8212276.88
2026-04-15 02:00:00+00:00,1776218400000,939.38,939.38,930.01,933.99,11673.0,10901565.16
2026-04-15 03:00:00+00:00,1776222000000,934.19,939.48,933.78,938.46,4898.0,4587485.12
2026-04-15 04:00:00+00:00,1776225600000,937.99,939.23,936.38,936.45,3999.0,3749235.96
2026-04-15 05:00:00+00:00,1776229200000,936.44,937.94,913.01,927.77,33531.0,30975947.89999999
2026-04-15 06:00:00+00:00,1776232800000,928.03,930.51,917.16,918.49,21293.0,19645985.97999999
2026-04-15 07:00:00+00:00,1776236400000,919.03,932.02,919.0,931.99,14930.0,13810828.43999999
2026-04-15 08:00:00+00:00,1776240000000,926.08,938.02,913.0,931.0,123459.350714,114253023.96906222
2026-04-15 09:00:00+00:00,1776243600000,929.94,929.94,920.85,920.85,17114.259484,15828412.11476268
2026-04-15 10:00:00+00:00,1776247200000,923.0,925.6,915.5,920.5761,43603.041197,40043951.67990312
2026-04-15 11:00:00+00:00,1776250800000,921.97,929.0971,920.58,928.305,88202.42904999999,81547793.92473592
2026-04-15 12:00:00+00:00,1776254400000,928.74,931.0,924.25,928.74,84883.75053100001,78721487.33557625
2026-04-15 13:00:00+00:00,1776258000000,927.77,937.9899,902.0,903.77,2696026.4340950004,2463442390.446772
2026-04-15 14:00:00+00:00,1776261600000,903.695,905.3125,878.785,896.985,4339777.968506002,3875127922.907392
2026-04-15 15:00:00+00:00,1776265200000,894.99,896.4999,881.593,884.54,1611398.6067559998,1433335193.3528056
2026-04-15 16:00:00+00:00,1776268800000,884.465,889.46,873.93,880.92,1766891.108701,1558760170.5515656
2026-04-15 17:00:00+00:00,1776272400000,880.62,895.8899,878.5701,894.73,1272254.0695049996,1129327647.8573315
2026-04-15 18:00:00+00:00,1776276000000,892.66,899.4999,891.0001,891.48,1332685.918053999,1193264581.9021273
2026-04-15 19:00:00+00:00,1776279600000,891.87,895.88,886.0,891.26,1709693.895021,1524940611.3984616
2026-04-15 20:00:00+00:00,1776283200000,891.72,891.72,884.01,887.0,102023.420486,90734233.14130467
2026-04-15 21:00:00+00:00,1776286800000,886.56,889.03,886.55,888.11,14784.217895,13128539.246626109
2026-04-15 22:00:00+00:00,1776290400000,887.62,894.48,887.0,894.0,34338.790546,30606706.566540424
2026-04-15 23:00:00+00:00,1776294000000,894.1538,894.8957,891.9,891.9,28066.163164,25092802.96562636
2026-04-16 00:00:00+00:00,1776297600000,903.22,903.22,883.44,896.41,24432.0,21783164.49
2026-04-16 01:00:00+00:00,1776301200000,895.68,896.5,889.99,894.19,10737.0,9592751.83
2026-04-16 02:00:00+00:00,1776304800000,894.3,914.51,894.3,904.52,77322.0,70111716.93
2026-04-16 03:00:00+00:00,1776308400000,904.8,906.72,898.51,902.8,17692.0,15977137.71999999
2026-04-16 04:00:00+00:00,1776312000000,902.02,903.0,894.49,900.4,21926.0,19698999.87
2026-04-16 05:00:00+00:00,1776315600000,899.7,909.2,897.81,907.97,12377.0,11196715.00999999
2026-04-16 06:00:00+00:00,1776319200000,907.96,911.99,904.5,907.99,24436.0,22209702.95
2026-04-16 07:00:00+00:00,1776322800000,907.8,910.66,905.67,906.87,10131.0,9202296.55
2026-04-16 08:00:00+00:00,1776326400000,910.0,911.7,894.65,903.9,128623.66618199996,116408032.21972968
2026-04-16 09:00:00+00:00,1776330000000,903.9,905.8,901.0,901.0,10906.153655,9853666.20267788
2026-04-16 10:00:00+00:00,1776333600000,901.26,901.26,875.0,888.0,97500.575543,86355626.00469407
2026-04-16 11:00:00+00:00,1776337200000,886.8,889.6,882.01,888.0231,54867.724765,48669175.24221356
2026-04-16 12:00:00+00:00,1776340800000,889.5,894.49,878.28,882.14,200837.905506,178239142.36749163
2026-04-16 13:00:00+00:00,1776344400000,886.57,929.5,882.97,910.92,3307446.074253001,3018382563.744652
2026-04-16 14:00:00+00:00,1776348000000,912.79,927.79,909.35,920.335,2341591.5515669994,2152623942.559767
2026-04-16 15:00:00+00:00,1776351600000,921.04,925.2799,910.02,915.98,1373242.0568150005,1258138692.8274407
2026-04-16 16:00:00+00:00,1776355200000,913.41,917.0,894.2001,902.7,1639986.873759,1483099005.4690316
2026-04-16 17:00:00+00:00,1776358800000,902.49,909.2499,894.51,897.22,1017952.2111439998,919105081.4282941
2026-04-16 18:00:00+00:00,1776362400000,896.975,901.0,892.5101,896.63,1059858.679075,950566793.9898611
2026-04-16 19:00:00+00:00,1776366000000,897.79,920.08,896.681,918.45,1818688.920247,1655777495.9202783
2026-04-16 20:00:00+00:00,1776369600000,919.47,924.78,912.153,914.06,138725.333879,127485349.5345216
2026-04-16 21:00:00+00:00,1776373200000,913.5,914.0,910.0,914.0,29125.345877,26551405.085258476
2026-04-16 22:00:00+00:00,1776376800000,913.48,916.0,912.71,912.71,15595.782373,14265441.862066016
2026-04-16 23:00:00+00:00,1776380400000,913.5,915.0,911.85,913.4999,17971.296989000002,16421725.500382874
2026-04-17 00:00:00+00:00,1776384000000,911.58,915.49,910.53,913.64,10870.0,9923245.8
2026-04-17 01:00:00+00:00,1776387600000,913.01,914.01,910.8,911.95,5935.0,5413184.69
2026-04-17 02:00:00+00:00,1776391200000,911.97,913.01,903.66,904.02,15466.0,14038725.95
2026-04-17 03:00:00+00:00,1776394800000,904.06,905.81,898.74,903.19,16039.0,14469264.68
2026-04-17 04:00:00+00:00,1776398400000,903.48,905.43,896.99,899.05,14236.0,12832437.45
2026-04-17 05:00:00+00:00,1776402000000,899.12,901.51,893.6,900.89,21114.0,18940018.25
2026-04-17 06:00:00+00:00,1776405600000,900.75,904.64,895.66,897.79,10602.0,9540377.12
2026-04-17 07:00:00+00:00,1776409200000,897.6,901.77,896.29,901.77,13543.0,12162216.89
2026-04-17 08:00:00+00:00,1776412800000,901.09,905.0,894.0,900.3932,134834.112917,121153992.13796538
2026-04-17 09:00:00+00:00,1776416400000,901.17,906.44,901.17,906.44,24439.39078,22097038.917655226
2026-04-17 10:00:00+00:00,1776420000000,906.0,909.99,904.0,905.84,22601.57207,20507276.499635693
2026-04-17 11:00:00+00:00,1776423600000,906.5,913.7761,906.5,912.5,82466.95057900003,75169961.4173579
2026-04-17 12:00:00+00:00,1776427200000,913.0,925.5,911.69,925.5,197918.75168,182159688.78810683
2026-04-17 13:00:00+00:00,1776430800000,920.54,936.4,902.0,907.86,2417878.54454,2218265745.5384107
2026-04-17 14:00:00+00:00,1776434400000,907.9,917.0,899.09,900.995,2049882.5290719997,1861732011.258597
2026-04-17 15:00:00+00:00,1776438000000,898.505,906.0,887.12,887.6,1670191.248552,1501487067.7461357
2026-04-17 16:00:00+00:00,1776441600000,887.52,900.9999,886.0001,899.84,1369002.2172279998,1226571089.6473768
2026-04-17 17:00:00+00:00,1776445200000,900.44,914.2299,899.925,911.39,1490227.175608,1351209545.2587967
2026-04-17 18:00:00+00:00,1776448800000,912.18,924.6599,907.03,916.995,1808369.760659,1657957882.4682832
2026-04-17 19:00:00+00:00,1776452400000,917.12,930.5,906.44,920.805,3367344.511833,3095108177.429349
2026-04-17 20:00:00+00:00,1776456000000,920.99,920.99,917.21,919.99,6227227.329921998,5734938232.4141445
2026-04-17 21:00:00+00:00,1776459600000,920.0,920.0,916.32,916.33,25150.002784,23114167.903641604
2026-04-17 22:00:00+00:00,1776463200000,917.0,917.0,913.5,913.51,18756.079864,17153601.66379554
2026-04-17 23:00:00+00:00,1776466800000,914.0,915.0,913.5,913.5,20944.823418,19146438.044860262
2026-04-20 00:00:00+00:00,1776643200000,906.99,909.99,898.99,904.24,50452.0,45585587.23000002
2026-04-20 01:00:00+00:00,1776646800000,904.11,909.0,902.52,905.99,25154.0,22772595.75000001
2026-04-20 02:00:00+00:00,1776650400000,905.99,905.99,903.5,903.76,7886.0,7133943.6
2026-04-20 03:00:00+00:00,1776654000000,904.01,905.41,903.21,904.15,3793.0,3429752.14
2026-04-20 04:00:00+00:00,1776657600000,904.1,904.2,901.49,901.5,7059.0,6372921.6
2026-04-20 05:00:00+00:00,1776661200000,901.99,902.67,898.01,900.39,22187.0,19973059.98
2026-04-20 06:00:00+00:00,1776664800000,900.39,902.04,899.11,901.41,19198.0,17284318.89
2026-04-20 07:00:00+00:00,1776668400000,901.39,904.71,901.17,902.83,16548.0,14943219.4
2026-04-20 08:00:00+00:00,1776672000000,902.43,905.99,898.36,905.5,107021.76775600002,96504727.93644112
2026-04-20 09:00:00+00:00,1776675600000,906.0,909.0,904.5,906.48,16544.853146,15007884.268810725
2026-04-20 10:00:00+00:00,1776679200000,907.0,910.4,906.43,908.44,10473.080305,9518769.03837628
2026-04-20 11:00:00+00:00,1776682800000,908.42,917.0,905.86,915.5,96877.27035200002,88381463.12484881
2026-04-20 12:00:00+00:00,1776686400000,915.01,930.01,915.01,925.7,183251.61500300004,169414468.8057385
2026-04-20 13:00:00+00:00,1776690000000,932.15,951.47,909.85,918.51,2241317.024729,2078867711.5668569
2026-04-20 14:00:00+00:00,1776693600000,916.41,924.3999,905.5001,908.58,1639883.7933389996,1502958908.2117112
2026-04-20 15:00:00+00:00,1776697200000,908.83,920.52,900.37,915.55,1542276.4323230002,1406241636.1140256
2026-04-20 16:00:00+00:00,1776700800000,914.535,927.8,913.0,924.17,1313870.3692269996,1213446264.1995769
2026-04-20 17:00:00+00:00,1776704400000,924.32,927.16,921.8,925.22,720258.115265,666030385.9473788
2026-04-20 18:00:00+00:00,1776708000000,926.18,926.98,918.0,921.73,889982.6436859999,821524199.7527646
2026-04-20 19:00:00+00:00,1776711600000,921.81,922.5399,910.08,912.95,1311134.1341790005,1198740176.135014
2026-04-20 20:00:00+00:00,1776715200000,913.02,915.5,910.47,913.18,396080.113941,361599280.4058434
2026-04-20 21:00:00+00:00,1776718800000,913.3,913.4,911.01,911.1062,10796.117729,9845652.355209615
2026-04-20 22:00:00+00:00,1776722400000,911.0,913.0,911.0,912.5,10296.013904,9390046.018957842
2026-04-20 23:00:00+00:00,1776726000000,911.55,915.0,911.0,913.5401,33021.286019,30136932.821426585
2026-04-21 00:00:00+00:00,1776729600000,915.89,923.28,913.99,921.73,20695.0,19033568.98000001
2026-04-21 01:00:00+00:00,1776733200000,921.69,924.01,918.5,919.02,9707.0,8950671.86
2026-04-21 02:00:00+00:00,1776736800000,919.02,921.71,917.35,921.71,8813.0,8103751.97
2026-04-21 03:00:00+00:00,1776740400000,921.71,921.98,919.06,919.54,4796.0,4415655.52
2026-04-21 04:00:00+00:00,1776744000000,919.57,925.49,919.56,923.38,21904.0,20221922.69000001
2026-04-21 05:00:00+00:00,1776747600000,923.47,924.69,921.69,922.86,3681.0,3399682.33
2026-04-21 06:00:00+00:00,1776751200000,922.86,924.71,922.75,924.14,3235.0,2988967.15
2026-04-21 07:00:00+00:00,1776754800000,923.56,923.99,922.44,922.48,2314.0,2135958.97
2026-04-21 08:00:00+00:00,1776758400000,923.0,926.0,919.56,923.0,71438.660929,65973603.3679315
2026-04-21 09:00:00+00:00,1776762000000,923.19,924.13,920.06,923.43,8251.437872999999,7614032.4504740685
2026-04-21 10:00:00+00:00,1776765600000,923.99,929.7,923.99,928.0,23027.368291,21361750.38503856
2026-04-21 11:00:00+00:00,1776769200000,926.07,929.7,924.03,927.0,71577.62551000001,66390495.19796602
2026-04-21 12:00:00+00:00,1776772800000,926.55,928.358,913.02,924.5245,111529.414871,102705910.20172016
2026-04-21 13:00:00+00:00,1776776400000,928.09,938.78,912.5001,920.53,2052835.811047,1899257210.7987213
2026-04-21 14:00:00+00:00,1776780000000,917.11,918.08,901.25,903.77,1727002.9141479991,1573022125.4205236
2026-04-21 15:00:00+00:00,1776783600000,900.32,914.33,900.2,913.51,1349285.1705590002,1223069257.7064335
2026-04-21 16:00:00+00:00,1776787200000,913.98,918.8,906.0,908.855,957783.1342719998,874072888.336627
2026-04-21 17:00:00+00:00,1776790800000,910.01,917.7199,906.5001,915.99,814574.4794750003,744179360.2460105
2026-04-21 18:00:00+00:00,1776794400000,918.35,918.5099,910.5,913.985,608618.5248380001,556627409.0774189
2026-04-21 19:00:00+00:00,1776798000000,913.53,917.7599,899.2,903.74,1312723.9033009997,1192540616.8716445
2026-04-21 20:00:00+00:00,1776801600000,903.49,911.39,898.92,910.8,242593.16724500005,219781913.39510217
2026-04-21 21:00:00+00:00,1776805200000,911.0,913.0,910.55,911.45,30667.538047,27961955.83787952
2026-04-21 22:00:00+00:00,1776808800000,911.99,912.98,911.25,912.4,14750.526524,13453717.759063361
2026-04-21 23:00:00+00:00,1776812400000,912.73,914.0,911.3523,912.15,30179.002466,27545250.741789714
2026-04-22 00:00:00+00:00,1776816000000,913.95,917.97,913.63,916.24,16803.0,15394220.13999999
2026-04-22 01:00:00+00:00,1776819600000,916.18,916.97,915.57,915.81,2695.0,2468904.91
2026-04-22 02:00:00+00:00,1776823200000,915.79,916.79,915.41,915.77,2853.0,2613003.24
2026-04-22 03:00:00+00:00,1776826800000,915.77,916.5,913.33,915.31,2302.0,2106321.19
2026-04-22 04:00:00+00:00,1776830400000,915.14,915.84,912.66,913.01,3035.0,2777021.59
2026-04-22 05:00:00+00:00,1776834000000,912.98,916.62,912.01,915.33,6053.0,5540717.86
2026-04-22 06:00:00+00:00,1776837600000,915.3,916.21,914.49,915.93,1915.0,1752938.04
2026-04-22 07:00:00+00:00,1776841200000,916.19,917.18,916.11,916.9,5823.0,5337117.12
2026-04-22 08:00:00+00:00,1776844800000,916.0,919.0,913.0,916.5,42405.48289,38860787.372483455
2026-04-22 09:00:00+00:00,1776848400000,919.0,921.6,918.7,920.0,27352.419945999995,25169647.599953286
2026-04-22 10:00:00+00:00,1776852000000,919.5,919.5,916.5,916.5,12624.210648,11593288.570799828
2026-04-22 11:00:00+00:00,1776855600000,917.0,923.85,916.88,923.05,77480.712032,71372458.11438765
2026-04-22 12:00:00+00:00,1776859200000,923.5,925.55,916.3035,918.5,108053.028989,99571482.11562872
2026-04-22 13:00:00+00:00,1776862800000,922.495,928.75,895.74,903.38,1974785.144448,1799833004.1459184
2026-04-22 14:00:00+00:00,1776866400000,904.0,932.8707,896.81,921.99,2859898.0287360004,2619405771.621956
2026-04-22 15:00:00+00:00,1776870000000,923.8,948.06,916.6001,940.385,2305207.8107410003,2153957824.3003182
2026-04-22 16:00:00+00:00,1776873600000,941.255,959.4699,939.12,956.51,1831636.480594,1741777677.0015948
2026-04-22 17:00:00+00:00,1776877200000,956.5,976.78,955.0101,971.965,1896284.6685480005,1836815664.3146
2026-04-22 18:00:00+00:00,1776880800000,971.02,977.76,966.151,974.51,1283523.4815309998,1248213622.2017338
2026-04-22 19:00:00+00:00,1776884400000,971.08,981.0611,968.45,979.3,2017438.722808,1969075269.5377405
2026-04-22 20:00:00+00:00,1776888000000,979.07,988.68,976.02,983.0887,364838.3260250001,357971849.826214
2026-04-22 21:00:00+00:00,1776891600000,984.0,985.9,972.5,975.0,66496.15310000001,65168178.37528584
2026-04-22 22:00:00+00:00,1776895200000,975.2,978.2,969.8,973.28,58914.64928600001,57404095.35270176
2026-04-22 23:00:00+00:00,1776898800000,973.68,977.2281,971.01,977.2281,38672.679414,37672700.606052496
2026-04-23 00:00:00+00:00,1776902400000,971.79,977.89,959.99,974.38,27993.0,27132216.81000001
2026-04-23 01:00:00+00:00,1776906000000,974.71,975.98,965.91,965.99,14238.0,13824827.36
2026-04-23 02:00:00+00:00,1776909600000,965.99,966.81,953.5,956.03,20255.0,19453518.95
2026-04-23 03:00:00+00:00,1776913200000,957.22,959.98,941.09,955.02,41691.0,39577015.97999998
2026-04-23 04:00:00+00:00,1776916800000,955.05,968.3,954.02,967.01,17972.0,17295386.39
2026-04-23 05:00:00+00:00,1776920400000,966.88,966.88,958.72,963.01,7262.0,6986762.09
2026-04-23 06:00:00+00:00,1776924000000,963.01,967.56,963.0,965.69,7227.0,6974528.49
2026-04-23 07:00:00+00:00,1776927600000,965.5,966.95,962.54,964.04,3933.0,3794380.24
2026-04-23 08:00:00+00:00,1776931200000,965.0,967.99,955.0,958.75,92617.401335,89135144.49438627
2026-04-23 09:00:00+00:00,1776934800000,957.77,962.5,952.5203,958.0,19718.999222,18879145.35423588
2026-04-23 10:00:00+00:00,1776938400000,958.0,965.0,956.0968,963.48,21509.669262000003,20665036.17328749
2026-04-23 11:00:00+00:00,1776942000000,962.22,966.87,958.0,964.37,107829.93057599998,103837516.61343051
2026-04-23 12:00:00+00:00,1776945600000,963.1,966.465,957.05,959.1879,102779.38281500002,98778561.72572848
2026-04-23 13:00:00+00:00,1776949200000,947.89,962.273,940.88,953.5,2026196.570058,1928538555.6333156
2026-04-23 14:00:00+00:00,1776952800000,953.045,970.43,946.0,964.28,2043896.5723200007,1956092206.300734
2026-04-23 15:00:00+00:00,1776956400000,963.9,978.8799,962.1701,969.985,1365774.2018979995,1326570199.7421985
2026-04-23 16:00:00+00:00,1776960000000,969.39,975.5,962.0001,969.56,973142.980017,943305345.7924006
2026-04-23 17:00:00+00:00,1776963600000,968.82,969.98,930.2001,945.36,2150324.799205,2037099231.8703809
2026-04-23 18:00:00+00:00,1776967200000,943.95,950.9999,933.4,934.61,867373.2340930004,818890713.2747848
2026-04-23 19:00:00+00:00,1776970800000,933.07,941.8804,926.1101,932.8,1705987.6598230002,1591267496.0456066
2026-04-23 20:00:00+00:00,1776974400000,932.43,942.47,932.43,939.05,217284.079714,203223996.29864255
2026-04-23 21:00:00+00:00,1776978000000,939.98,943.5396,938.2,942.97,33244.594035,31301058.55190404
2026-04-23 22:00:00+00:00,1776981600000,942.15,948.74,942.0,945.75,43633.928636,41286178.92538284
2026-04-23 23:00:00+00:00,1776985200000,946.0,946.6,944.0,944.5,25260.0,23883079.926
2026-04-24 00:00:00+00:00,1776988800000,946.28,947.99,944.15,947.28,12936.0,12246535.22000001
2026-04-24 01:00:00+00:00,1776992400000,947.27,947.29,938.56,943.09,13496.0,12723219.20000001
2026-04-24 02:00:00+00:00,1776996000000,942.74,944.76,941.94,943.24,5384.0,5079736.11
2026-04-24 03:00:00+00:00,1776999600000,943.69,944.41,935.46,938.4,15464.0,14525184.91
2026-04-24 04:00:00+00:00,1777003200000,938.01,938.03,932.99,937.41,11337.0,10599519.45
2026-04-24 05:00:00+00:00,1777006800000,937.43,941.81,936.5,941.79,7015.0,6589383.04
2026-04-24 06:00:00+00:00,1777010400000,941.63,944.77,940.18,944.01,12035.0,11345157.88
2026-04-24 07:00:00+00:00,1777014000000,944.31,948.29,944.13,947.99,12187.0,11534474.65
2026-04-24 08:00:00+00:00,1777017600000,945.0,955.6,933.02,952.55,95169.065002,89925325.6556418
2026-04-24 09:00:00+00:00,1777021200000,954.0,955.0,949.29,949.29,18679.705119,17796437.1304186
2026-04-24 10:00:00+00:00,1777024800000,950.0,951.0,947.0,948.03,20062.607719,19043832.511550725
2026-04-24 11:00:00+00:00,1777028400000,949.414,957.8382,949.4,955.98,132382.378537,126224373.91107008
2026-04-24 12:00:00+00:00,1777032000000,955.67,960.1389,953.9,955.0,126109.338754,120634528.80880484
2026-04-24 13:00:00+00:00,1777035600000,949.375,974.51,947.0001,963.97,2012131.022294,1934109837.0521407
2026-04-24 14:00:00+00:00,1777039200000,965.01,1002.09,961.0,995.45,3630361.637806,3582810798.037853
2026-04-24 15:00:00+00:00,1777042800000,995.775,997.89,980.65,985.045,1273619.9409490004,1260155867.743258
2026-04-24 16:00:00+00:00,1777046400000,987.23,993.32,985.57,987.3,623405.9382920001,616873641.5082012
2026-04-24 17:00:00+00:00,1777050000000,988.07,996.0,982.7801,994.88,771655.367797,762916910.9154563
2026-04-24 18:00:00+00:00,1777053600000,994.44,998.51,987.925,994.6,832970.160913,827355692.1373981
2026-04-24 19:00:00+00:00,1777057200000,995.455,997.0,984.03,989.41,1365619.7721460003,1352637644.3440716
2026-04-24 20:00:00+00:00,1777060800000,989.9,993.0,988.0,990.0,160403.78253599996,158829034.44133103
2026-04-24 21:00:00+00:00,1777064400000,990.11,990.11,984.25,984.25,19923.228752000003,19673385.486481298
2026-04-24 22:00:00+00:00,1777068000000,984.11,986.58,984.11,985.79,10439.032551,10286198.851033827
2026-04-24 23:00:00+00:00,1777071600000,985.6,985.6,983.06,983.75,19054.306537,18756459.144366883
2026-04-27 00:00:00+00:00,1777248000000,983.99,1020.87,983.99,1016.32,63729.0,64384087.31000001
2026-04-27 01:00:00+00:00,1777251600000,1016.49,1016.87,1005.36,1010.99,35524.0,35890602.17
2026-04-27 02:00:00+00:00,1777255200000,1010.99,1014.5,1009.41,1011.06,17348.0,17554842.55
2026-04-27 03:00:00+00:00,1777258800000,1011.33,1013.99,1009.55,1012.73,9656.0,9767181.84
2026-04-27 04:00:00+00:00,1777262400000,1012.88,1013.96,1011.04,1012.0,10565.0,10694712.05
2026-04-27 05:00:00+00:00,1777266000000,1011.99,1011.99,1003.44,1003.44,16133.0,16249921.6
2026-04-27 06:00:00+00:00,1777269600000,1003.44,1007.95,999.99,1002.81,8746.0,8771762.35
2026-04-27 07:00:00+00:00,1777273200000,1002.56,1004.58,1001.0,1004.15,5618.0,5631966.17
2026-04-27 08:00:00+00:00,1777276800000,1005.93,1013.57,998.21,1009.0,103587.193231,104267025.62145571
2026-04-27 09:00:00+00:00,1777280400000,1011.0,1011.53,1007.0,1011.0,20274.985802,20476324.52100818
2026-04-27 10:00:00+00:00,1777284000000,1010.0,1012.43,1008.0,1010.12,18435.176761,18630101.102482434
2026-04-27 11:00:00+00:00,1777287600000,1010.12,1018.956,1008.1,1017.0672,138056.967059,140177411.6274526
2026-04-27 12:00:00+00:00,1777291200000,1017.34,1017.34,1005.7,1012.0,127394.659776,128904261.01541364
2026-04-27 13:00:00+00:00,1777294800000,1021.28,1043.0899,1008.88,1036.585,2956630.1509020007,3030299321.719965
2026-04-27 14:00:00+00:00,1777298400000,1032.58,1051.769,1028.1101,1044.56,2527744.820094,2633702574.6882186
2026-04-27 15:00:00+00:00,1777302000000,1044.58,1065.3999,1042.5001,1063.17,1895565.557454,1998320754.3055775
2026-04-27 16:00:00+00:00,1777305600000,1059.41,1066.89,1057.0402,1059.655,1109804.3561099998,1179034173.8050127
2026-04-27 17:00:00+00:00,1777309200000,1061.98,1067.42,1058.0901,1060.73,726489.9635140004,771954722.5166553
2026-04-27 18:00:00+00:00,1777312800000,1061.315,1064.98,1055.0,1064.48,796141.8704469999,844160769.2920754
2026-04-27 19:00:00+00:00,1777316400000,1064.62,1070.66,1057.5701,1069.93,1546728.5849540003,1647147927.5849783
2026-04-27 20:00:00+00:00,1777320000000,1070.2,1079.78,1069.97,1077.45,274330.40636599995,294566443.6576692
2026-04-27 21:00:00+00:00,1777323600000,1076.9,1079.0,1073.37,1076.03,41666.30967,44862894.781679824
2026-04-27 22:00:00+00:00,1777327200000,1076.08,1077.49,1075.0,1076.0,27997.426875,30124313.001898497
2026-04-27 23:00:00+00:00,1777330800000,1076.22,1079.1,1075.05,1079.1,36401.21921,39221079.697443776
2026-04-28 00:00:00+00:00,1777334400000,1079.0,1083.01,1073.78,1077.91,21905.0,23597466.22
2026-04-28 01:00:00+00:00,1777338000000,1077.88,1077.91,1071.3,1072.94,18492.0,19884296.84000001
2026-04-28 02:00:00+00:00,1777341600000,1072.45,1076.43,1068.79,1069.0,10030.0,10752172.89
2026-04-28 03:00:00+00:00,1777345200000,1068.99,1072.97,1067.52,1072.63,6179.0,6610909.26
2026-04-28 04:00:00+00:00,1777348800000,1072.71,1076.01,1071.97,1074.0,6804.0,7309629.87
2026-04-28 05:00:00+00:00,1777352400000,1074.39,1074.93,1067.89,1069.48,9274.0,9927169.7
2026-04-28 06:00:00+00:00,1777356000000,1069.38,1071.69,1061.11,1064.82,13459.0,14360053.53000001
2026-04-28 07:00:00+00:00,1777359600000,1064.82,1067.0,1060.61,1063.0,10018.0,10653508.55
2026-04-28 08:00:00+00:00,1777363200000,1069.87,1075.99,1052.0003,1056.0,105626.541452,112340375.67977202
2026-04-28 09:00:00+00:00,1777366800000,1055.0,1055.0,1032.57,1040.0,109421.26758700002,114102823.69432952
2026-04-28 10:00:00+00:00,1777370400000,1038.11,1051.0,1038.11,1051.0,46974.87651799999,49160716.16962322
2026-04-28 11:00:00+00:00,1777374000000,1050.07,1053.0,1027.47,1027.99,284175.599796,294665998.89758927
2026-04-28 12:00:00+00:00,1777377600000,1026.94,1043.14,1024.1,1026.04,201980.166232,208806893.87047535
2026-04-28 13:00:00+00:00,1777381200000,1026.985,1054.22,1011.0,1043.1,2803530.4375830013,2901334680.7815657
2026-04-28 14:00:00+00:00,1777384800000,1043.99,1045.0,980.28,992.435,3127720.176564,3153747187.241259
2026-04-28 15:00:00+00:00,1777388400000,996.55,1000.5,985.17,999.755,1423218.8141890003,1413156941.8164473
2026-04-28 16:00:00+00:00,1777392000000,993.925,1006.64,986.8404,1005.98,1058811.605293,1054104552.4205095
2026-04-28 17:00:00+00:00,1777395600000,1006.48,1024.4,1001.3,1021.85,1323064.612457,1339223465.1818597
2026-04-28 18:00:00+00:00,1777399200000,1022.26,1029.0,1019.56,1025.96,903770.929307,926314862.4989128
2026-04-28 19:00:00+00:00,1777402800000,1030.745,1032.9,1000.23,1003.01,1492380.8722650004,1516235088.127284
2026-04-28 20:00:00+00:00,1777406400000,1002.35,1037.0,992.33,1030.0,468206.7240430001,478115102.0198877
2026-04-28 21:00:00+00:00,1777410000000,1031.0,1049.61,1030.8,1038.0,237704.842822,247897674.02317593
2026-04-28 22:00:00+00:00,1777413600000,1039.0,1046.7139,1038.0,1043.3,49783.208424,51965201.47090308
2026-04-28 23:00:00+00:00,1777417200000,1043.0,1048.0,1040.5297,1046.0,79259.46752100001,82859345.35038956
2026-04-29 00:00:00+00:00,1777420800000,1049.02,1055.01,1044.2,1051.43,33628.0,35365949.20000002
2026-04-29 01:00:00+00:00,1777424400000,1051.43,1051.64,1040.22,1044.97,18246.0,19064258.24
2026-04-29 02:00:00+00:00,1777428000000,1044.31,1047.52,1042.35,1046.35,7249.0,7575707.65
2026-04-29 03:00:00+00:00,1777431600000,1046.64,1052.79,1046.64,1052.39,9306.0,9771621.49
2026-04-29 04:00:00+00:00,1777435200000,1052.5,1054.78,1050.42,1051.33,10721.0,11289489.91
2026-04-29 05:00:00+00:00,1777438800000,1051.33,1051.98,1047.15,1050.76,8188.0,8596673.45
2026-04-29 06:00:00+00:00,1777442400000,1050.61,1052.6,1050.24,1051.1,5241.0,5510943.61
2026-04-29 07:00:00+00:00,1777446000000,1051.11,1052.59,1047.06,1047.57,9732.0,10218300.95
2026-04-29 08:00:00+00:00,1777449600000,1049.84,1059.0,1047.48,1059.0,101664.04327000002,106997369.4791572
2026-04-29 09:00:00+00:00,1777453200000,1059.97,1072.0,1059.9,1059.9,68066.24648199999,72560197.88673037
2026-04-29 10:00:00+00:00,1777456800000,1058.0,1074.0,1056.88,1063.01,51412.342015,54880634.0310345
2026-04-29 11:00:00+00:00,1777460400000,1064.0,1081.95,1063.0,1074.5,202163.270386,217632460.15837705
2026-04-29 12:00:00+00:00,1777464000000,1075.0,1075.01,1059.0,1059.0,155697.973959,166145323.5814463
2026-04-29 13:00:00+00:00,1777467600000,1070.6,1102.9999,1058.5839,1090.81,2931554.9761570003,3178990528.675551
2026-04-29 14:00:00+00:00,1777471200000,1092.45,1099.4999,1078.13,1094.605,1717785.715322,1871203390.6788375
2026-04-29 15:00:00+00:00,1777474800000,1092.78,1097.28,1083.03,1087.05,1061559.643364,1156703518.7399635
2026-04-29 16:00:00+00:00,1777478400000,1086.735,1087.7731,1073.42,1076.46,795458.3294429999,858670777.8713478
2026-04-29 17:00:00+00:00,1777482000000,1077.675,1078.5464,1064.17,1072.24,790718.6632220002,846516437.3390574
2026-04-29 18:00:00+00:00,1777485600000,1070.82,1082.4999,1066.55,1080.08,855387.9144639999,920273022.5605007
2026-04-29 19:00:00+00:00,1777489200000,1081.21,1081.8999,1060.0,1064.98,1568686.9843749998,1678090508.9079795
2026-04-29 20:00:00+00:00,1777492800000,1064.21,1082.331,1048.01,1068.0,199632.326512,213094332.81801015
2026-04-29 21:00:00+00:00,1777496400000,1071.3575,1082.375,1071.3575,1081.35,42761.532015,46090829.441551454
2026-04-29 22:00:00+00:00,1777500000000,1080.0,1092.0,1080.0,1090.6,113187.48045099998,123032006.83821788
2026-04-29 23:00:00+00:00,1777503600000,1091.55,1097.49,1090.3337,1095.01,103837.509359,113358765.17466226
2026-04-30 00:00:00+00:00,1777507200000,1093.94,1100.66,1093.0,1097.13,27247.0,29937729.58
2026-04-30 01:00:00+00:00,1777510800000,1097.15,1098.5,1087.14,1094.78,16517.0,18036520.24
2026-04-30 02:00:00+00:00,1777514400000,1094.8,1097.29,1088.34,1088.99,12721.0,13894991.13
2026-04-30 03:00:00+00:00,1777518000000,1089.2,1092.83,1087.32,1091.95,7103.0,7742019.08
2026-04-30 04:00:00+00:00,1777521600000,1091.85,1092.2,1074.13,1075.37,17761.0,19222198.79000001
2026-04-30 05:00:00+00:00,1777525200000,1075.7,1084.33,1072.58,1072.58,11498.0,12407426.25
2026-04-30 06:00:00+00:00,1777528800000,1072.54,1084.49,1065.98,1084.01,14225.0,15308592.42
2026-04-30 07:00:00+00:00,1777532400000,1084.0,1090.02,1083.88,1085.95,10001.0,10867823.86
2026-04-30 08:00:00+00:00,1777536000000,1085.19,1100.0,1065.0,1093.0,152002.453954,165157263.1275226
2026-04-30 09:00:00+00:00,1777539600000,1093.83,1097.33,1092.98,1096.01,18431.337168,20189725.439635247
2026-04-30 10:00:00+00:00,1777543200000,1096.0422,1098.0,1091.07,1091.07,22715.217376,24862859.404118244
2026-04-30 11:00:00+00:00,1777546800000,1091.07,1104.0,1090.2,1102.5,122269.490795,134262330.4804748
2026-04-30 12:00:00+00:00,1777550400000,1109.99,1114.42,1099.67,1109.99,218943.1865100001,242806942.9122948
2026-04-30 13:00:00+00:00,1777554000000,1112.35,1117.78,1088.3382,1089.0,1968004.754486,2167708430.5484176
2026-04-30 14:00:00+00:00,1777557600000,1090.99,1097.5,1076.05,1095.01,1561906.288013,1698747396.9558797
2026-04-30 15:00:00+00:00,1777561200000,1098.79,1104.25,1086.03,1096.54,925263.372804,1014092080.0676632
2026-04-30 16:00:00+00:00,1777564800000,1091.345,1101.0,1088.3743,1089.415,819010.84675,896774943.8358964
2026-04-30 17:00:00+00:00,1777568400000,1089.825,1097.0,1084.6301,1095.94,823402.1279950001,898289481.1133789
2026-04-30 18:00:00+00:00,1777572000000,1092.64,1107.2,1092.0252,1103.37,1206462.361734,1325404952.4063954
2026-04-30 19:00:00+00:00,1777575600000,1103.29,1115.0,1093.01,1098.665,2282505.7459320007,2524538090.219138
2026-04-30 20:00:00+00:00,1777579200000,1029.85,1127.5,1000.2,1019.97,2236206.482939,2321002538.2894535
2026-04-30 21:00:00+00:00,1777582800000,1040.74,1046.0,1011.0,1018.0,573186.7696570001,587733218.1347094
2026-04-30 22:00:00+00:00,1777586400000,1017.25,1024.5,996.0347,1001.95,445290.224492,448166264.9939489
2026-04-30 23:00:00+00:00,1777590000000,1002.271,1035.99,1001.01,1031.0,375683.7233810001,384174588.7815064
2026-05-01 00:00:00+00:00,1777593600000,1027.94,1055.87,1025.11,1055.79,82313.0,85917365.84000003
2026-05-01 01:00:00+00:00,1777597200000,1055.78,1068.99,1038.39,1040.68,93074.0,98279626.00999998
2026-05-01 02:00:00+00:00,1777600800000,1039.73,1049.91,1039.73,1044.58,34699.0,36288286.39
2026-05-01 03:00:00+00:00,1777604400000,1043.1,1051.79,1042.58,1045.39,21158.0,22160927.71999999
2026-05-01 04:00:00+00:00,1777608000000,1045.12,1045.49,1039.27,1043.41,18142.0,18915995.14
2026-05-01 05:00:00+00:00,1777611600000,1043.41,1045.0,1034.67,1036.82,17589.0,18287385.95
2026-05-01 06:00:00+00:00,1777615200000,1036.97,1037.98,1023.12,1027.9,35187.0,36249056.56000002
2026-05-01 07:00:00+00:00,1777618800000,1028.11,1038.98,1026.49,1037.09,16365.0,16921533.54999999
2026-05-01 08:00:00+00:00,1777622400000,1038.2,1049.68,1025.01,1027.75,179555.31423800005,185736272.50873467
2026-05-01 09:00:00+00:00,1777626000000,1027.05,1039.59,1022.29,1039.16,43310.73426899999,44670951.1894522
2026-05-01 10:00:00+00:00,1777629600000,1037.9,1047.74,1035.0647,1042.88,62945.99566000002,65575570.92329609
2026-05-01 11:00:00+00:00,1777633200000,1043.68,1045.0,1025.7147,1033.5,217429.494571,224854733.5535491
2026-05-01 12:00:00+00:00,1777636800000,1043.27,1061.2986,1028.13,1048.63,400662.748542,420135478.9827143
2026-05-01 13:00:00+00:00,1777640400000,1053.18,1142.94,1048.0,1141.975,5079781.046844001,5539040495.442433
2026-05-01 14:00:00+00:00,1777644000000,1142.285,1153.43,1076.0,1078.22,4705987.364542,5258679226.978216
2026-05-01 15:00:00+00:00,1777647600000,1077.285,1108.6899,1076.22,1099.21,2245797.779309,2460129308.233579
2026-05-01 16:00:00+00:00,1777651200000,1099.38,1114.05,1094.52,1105.04,1277922.4987,1410769443.2213578
2026-05-01 17:00:00+00:00,1777654800000,1101.885,1110.0,1094.14,1108.76,1201878.5339099998,1324810155.8060627
2026-05-01 18:00:00+00:00,1777658400000,1108.98,1147.0,1107.5,1146.77,2422815.7348029995,2739465394.981504
2026-05-01 19:00:00+00:00,1777662000000,1146.77,1189.24,1139.34,1188.15,4010355.760177,4658650622.659565
2026-05-01 20:00:00+00:00,1777665600000,1187.0,1197.99,1183.0,1189.05,558085.4482660001,663586423.6831082
2026-05-01 21:00:00+00:00,1777669200000,1188.4,1191.31,1185.5,1189.0,68087.07987299998,80941580.117623
2026-05-01 22:00:00+00:00,1777672800000,1189.0,1191.5,1188.0,1188.4,53959.314141,64184571.79513101
2026-05-01 23:00:00+00:00,1777676400000,1188.5046,1188.98,1186.98,1187.9399,72912.84928599998,86593837.17920874
2026-05-04 00:00:00+00:00,1777852800000,1195.01,1220.91,1188.06,1215.85,125554.0,151880287.7
2026-05-04 01:00:00+00:00,1777856400000,1215.52,1217.8,1207.99,1217.44,48905.0,59305024.10000002
2026-05-04 02:00:00+00:00,1777860000000,1217.3,1244.01,1214.65,1235.13,113517.0,139716351.99999997
2026-05-04 03:00:00+00:00,1777863600000,1235.01,1240.66,1231.39,1232.03,47594.0,58823170.94000002
2026-05-04 04:00:00+00:00,1777867200000,1232.01,1240.01,1231.99,1234.7,23303.0,28816050.51
2026-05-04 05:00:00+00:00,1777870800000,1234.58,1235.48,1229.72,1230.65,23257.0,28658505.99000001
2026-05-04 06:00:00+00:00,1777874400000,1230.5,1235.0,1226.24,1227.01,19968.0,24567406.10000001
2026-05-04 07:00:00+00:00,1777878000000,1227.47,1235.01,1226.58,1230.71,17793.0,21917848.97000001
2026-05-04 08:00:00+00:00,1777881600000,1228.0,1240.0,1210.13,1214.0,217678.288263,267052338.8207596
2026-05-04 09:00:00+00:00,1777885200000,1213.0,1220.9,1210.67,1214.7636,46634.34525599999,56744923.13296517
2026-05-04 10:00:00+00:00,1777888800000,1213.0,1215.12,1167.22,1199.27,286668.181519,342598949.7429005
2026-05-04 11:00:00+00:00,1777892400000,1199.5,1219.079,1199.0,1218.6407,210031.252202,254753185.7302466
2026-05-04 12:00:00+00:00,1777896000000,1221.95,1224.95,1209.88,1211.09,232399.177761,282990038.5682032
2026-05-04 13:00:00+00:00,1777899600000,1209.68,1260.34,1204.88,1256.5,4143290.144516001,5115126607.956197
2026-05-04 14:00:00+00:00,1777903200000,1258.52,1275.11,1225.75,1249.98,3666994.773137001,4593302588.3958645
2026-05-04 15:00:00+00:00,1777906800000,1248.23,1258.88,1232.0,1249.21,1837675.208197,2290469742.4232626
2026-05-04 16:00:00+00:00,1777910400000,1248.62,1250.6699,1225.88,1241.0,1450780.3288030005,1794815039.1805875
2026-05-04 17:00:00+00:00,1777914000000,1240.32,1248.88,1232.35,1238.44,937199.690538,1161508127.2716744
2026-05-04 18:00:00+00:00,1777917600000,1239.22,1254.1199,1224.25,1253.67,1326593.4232220005,1645065522.5106905
2026-05-04 19:00:00+00:00,1777921200000,1254.205,1267.89,1246.85,1255.84,2440615.852505001,3073852672.2410727
2026-05-04 20:00:00+00:00,1777924800000,1247.97,1255.87,1244.0,1244.09,120026.00240800004,149947008.4884848
2026-05-04 21:00:00+00:00,1777928400000,1248.93,1249.2896,1246.0,1248.36,27664.662184,34519085.73693775
2026-05-04 22:00:00+00:00,1777932000000,1248.36,1250.0,1245.66,1246.15,29872.716199999995,37275476.98879361
2026-05-04 23:00:00+00:00,1777935600000,1246.18,1249.31,1243.9999,1244.94,39901.196902,49751888.679694735
2026-05-05 00:00:00+00:00,1777939200000,1246.0,1249.99,1241.61,1247.48,11802.0,14699829.06
2026-05-05 01:00:00+00:00,1777942800000,1247.02,1255.01,1246.01,1251.03,13500.0,16887878.91
2026-05-05 02:00:00+00:00,1777946400000,1250.52,1251.0,1246.0,1247.01,5776.0,7210214.22
2026-05-05 03:00:00+00:00,1777950000000,1247.67,1249.5,1246.87,1247.42,2987.0,3728402.35
2026-05-05 04:00:00+00:00,1777953600000,1247.42,1249.5,1246.01,1247.6,6623.0,8260944.79
2026-05-05 05:00:00+00:00,1777957200000,1247.6,1256.0,1247.18,1256.0,8412.0,10527746.37
2026-05-05 06:00:00+00:00,1777960800000,1256.0,1258.42,1251.99,1255.64,9075.0,11387686.51
2026-05-05 07:00:00+00:00,1777964400000,1255.66,1260.99,1249.99,1252.51,16663.0,20949506.82
2026-05-05 08:00:00+00:00,1777968000000,1255.86,1274.4,1246.02,1271.0,149300.08398899998,188256193.4738214
2026-05-05 09:00:00+00:00,1777971600000,1270.0,1278.0,1269.27,1272.02,57477.49825699999,73223964.70648979
2026-05-05 10:00:00+00:00,1777975200000,1272.64,1275.08,1268.0,1272.32,42459.434687,54024917.64195724
2026-05-05 11:00:00+00:00,1777978800000,1272.09,1283.6,1272.0,1278.342,186228.15526099995,238298366.8758587
2026-05-05 12:00:00+00:00,1777982400000,1281.83,1287.06,1276.0,1283.12,227036.475395,291285050.7904327
2026-05-05 13:00:00+00:00,1777986000000,1280.49,1359.55,1280.0,1355.6,3780156.133422,5006959688.619282
2026-05-05 14:00:00+00:00,1777989600000,1360.0,1397.44,1352.0,1366.41,4312082.212919001,5916100041.06148
2026-05-05 15:00:00+00:00,1777993200000,1363.9,1392.0,1361.61,1387.15,1919752.383851,2639685444.4523067
2026-05-05 16:00:00+00:00,1777996800000,1385.76,1415.7499,1373.0,1400.34,2730941.8413599986,3808134814.360221
2026-05-05 17:00:00+00:00,1778000400000,1399.935,1418.88,1398.51,1415.35,1631285.4448799996,2300901203.793399
2026-05-05 18:00:00+00:00,1778004000000,1412.985,1418.66,1404.09,1410.585,1614286.1912189997,2277077394.1804094
2026-05-05 19:00:00+00:00,1778007600000,1411.58,1413.12,1388.79,1406.185,2091898.3414479997,2926726855.8580427
2026-05-05 20:00:00+00:00,1778011200000,1406.32,1434.0,1400.0,1429.93,474328.2033000001,672411787.6534489
2026-05-05 21:00:00+00:00,1778014800000,1429.0,1459.47,1428.8,1455.01,272672.765048,394046965.8064566
2026-05-05 22:00:00+00:00,1778018400000,1455.0,1484.68,1452.0,1477.0,280402.1177510001,411722953.718173
2026-05-05 23:00:00+00:00,1778022000000,1476.5,1476.883,1461.6,1468.0,191689.31969500004,281396145.0326621
2026-05-06 00:00:00+00:00,1778025600000,1461.12,1474.99,1454.59,1457.8,38016.0,55603581.45000002
2026-05-06 01:00:00+00:00,1778029200000,1458.03,1471.99,1457.8,1471.51,27804.0,40746485.44
2026-05-06 02:00:00+00:00,1778032800000,1471.8,1473.0,1466.94,1469.86,16731.0,24580139.91
2026-05-06 03:00:00+00:00,1778036400000,1470.21,1476.0,1469.56,1475.86,17528.0,25810752.62000001
2026-05-06 04:00:00+00:00,1778040000000,1475.91,1510.96,1475.67,1503.35,75920.0,113514132.54000004
2026-05-06 05:00:00+00:00,1778043600000,1503.34,1504.11,1487.6,1498.04,35447.0,53067149.12999999
2026-05-06 06:00:00+00:00,1778047200000,1497.61,1501.75,1488.65,1493.52,20617.0,30817333.44000001
2026-05-06 07:00:00+00:00,1778050800000,1493.41,1494.5,1484.5,1493.97,14864.0,22140338.57
2026-05-06 08:00:00+00:00,1778054400000,1487.32,1510.11,1476.0,1496.31,368806.3278860001,551524341.9556234
2026-05-06 09:00:00+00:00,1778058000000,1496.39,1496.45,1479.01,1480.63,84074.284204,125205046.67028192
2026-05-06 10:00:00+00:00,1778061600000,1480.37,1486.91,1461.02,1473.38,122636.25368500002,180797465.82151535
2026-05-06 11:00:00+00:00,1778065200000,1474.59,1497.0,1461.0,1469.4,364485.39043,539970854.5432792
2026-05-06 12:00:00+00:00,1778068800000,1470.59,1475.0,1441.0,1458.87,373307.874182,543711831.5022197
2026-05-06 13:00:00+00:00,1778072400000,1443.59,1469.9,1379.0,1390.17,4180270.834954001,5897686616.353168
2026-05-06 14:00:00+00:00,1778076000000,1384.85,1411.98,1337.56,1399.85,5655958.894601001,7738704107.585869
2026-05-06 15:00:00+00:00,1778079600000,1402.15,1438.76,1390.74,1394.4,2938792.494933999,4164374467.972045
2026-05-06 16:00:00+00:00,1778083200000,1395.835,1405.9286,1367.1,1374.21,1666421.059644,2304457688.686799
2026-05-06 17:00:00+00:00,1778086800000,1375.095,1398.9999,1370.0,1377.31,1348250.4654119995,1863689584.4900312
2026-05-06 18:00:00+00:00,1778090400000,1375.94,1396.095,1365.0,1395.57,1037782.9433930002,1432030353.1120462
2026-05-06 19:00:00+00:00,1778094000000,1395.24,1410.0,1386.2901,1409.89,1426214.3632430008,1999982968.7615137
2026-05-06 20:00:00+00:00,1778097600000,1409.86,1424.0,1345.28,1394.52,290443.422203,408852964.96119887
2026-05-06 21:00:00+00:00,1778101200000,1388.0,1397.324,1370.0,1374.0,466657.37729,654727160.2013161
2026-05-06 22:00:00+00:00,1778104800000,1374.15,1384.9,1365.0,1378.4294,94655.685031,130052235.24175346
2026-05-06 23:00:00+00:00,1778108400000,1380.0,1388.99,1379.9796,1385.2925,46749.777261,64762639.41383916
2026-05-07 00:00:00+00:00,1778112000000,1380.1,1403.21,1360.69,1378.67,33898.0,46529321.85
2026-05-07 01:00:00+00:00,1778115600000,1378.3,1390.78,1374.96,1388.49,19359.0,26755584.77000001
2026-05-07 02:00:00+00:00,1778119200000,1388.46,1395.07,1375.0,1379.0,17764.0,24571078.39000001
2026-05-07 03:00:00+00:00,1778122800000,1378.59,1380.76,1373.65,1378.99,18301.0,25218147.16000001
2026-05-07 04:00:00+00:00,1778126400000,1379.13,1379.97,1372.9,1375.34,5798.0,7976153.49
2026-05-07 05:00:00+00:00,1778130000000,1375.34,1391.81,1375.25,1388.99,28210.0,39064005.92
2026-05-07 06:00:00+00:00,1778133600000,1389.24,1390.0,1379.01,1386.36,25831.0,35744898.05000001
2026-05-07 07:00:00+00:00,1778137200000,1386.03,1406.21,1385.4,1399.48,36281.0,50652005.61000002
2026-05-07 08:00:00+00:00,1778140800000,1381.79,1406.0,1363.3437,1375.31,242492.401451,335783496.1554652
2026-05-07 09:00:00+00:00,1778144400000,1375.0,1375.0,1355.1,1367.9,71801.19178900003,98050221.22238842
2026-05-07 10:00:00+00:00,1778148000000,1367.97,1370.0,1355.0,1369.17,55030.046562,75065787.63363285
2026-05-07 11:00:00+00:00,1778151600000,1369.05,1370.4,1355.0,1363.8,136092.89920399996,185297872.1106727
2026-05-07 12:00:00+00:00,1778155200000,1360.41,1376.82,1355.25,1365.27,186276.731178,254731827.90602687
2026-05-07 13:00:00+00:00,1778158800000,1379.27,1397.5,1327.24,1353.33,2568280.353283,3496357737.3378396
2026-05-07 14:00:00+00:00,1778162400000,1353.13,1400.99,1343.23,1356.47,2552355.153038001,3500186021.8364887
2026-05-07 15:00:00+00:00,1778166000000,1356.67,1361.88,1332.0901,1333.5,1599090.8768699998,2156460238.457458
2026-05-07 16:00:00+00:00,1778169600000,1334.0,1338.75,1308.19,1329.96,2186161.75443,2896730346.7047334
2026-05-07 17:00:00+00:00,1778173200000,1331.455,1339.0,1312.0,1323.93,1184119.2237219997,1568327309.5330951
2026-05-07 18:00:00+00:00,1778176800000,1322.6,1328.8099,1292.5739,1300.16,1776137.6769110002,2320544300.4675064
2026-05-07 19:00:00+00:00,1778180400000,1301.33,1341.67,1295.0,1339.38,2044039.0944739997,2691994172.920612
2026-05-07 20:00:00+00:00,1778184000000,1331.62,1356.02,1328.63,1331.62,418025.28870499984,561511758.4100002
2026-05-07 21:00:00+00:00,1778187600000,1332.13,1333.0,1305.01,1310.0,462450.020511,617583550.6366221
2026-05-07 22:00:00+00:00,1778191200000,1310.0,1329.0,1310.0,1321.83,66410.495269,87644075.66549648
2026-05-07 23:00:00+00:00,1778194800000,1321.96,1333.97,1321.39,1332.9043,64457.77764399999,85679005.51284564
2026-05-08 00:00:00+00:00,1778198400000,1333.49,1356.72,1330.11,1356.46,42161.0,56695169.80000001
2026-05-08 01:00:00+00:00,1778202000000,1356.46,1364.39,1340.05,1343.78,33405.0,45300892.90999999
2026-05-08 02:00:00+00:00,1778205600000,1343.5,1349.99,1322.76,1329.25,25250.0,33664120.37
2026-05-08 03:00:00+00:00,1778209200000,1329.85,1334.51,1322.91,1333.55,14636.0,19437001.21
2026-05-08 04:00:00+00:00,1778212800000,1333.55,1338.26,1330.53,1337.75,10488.0,14003202.25000001
2026-05-08 05:00:00+00:00,1778216400000,1337.75,1355.5,1337.75,1349.99,25401.0,34279461.08
2026-05-08 06:00:00+00:00,1778220000000,1349.98,1353.01,1338.0,1351.87,14501.0,19521580.79
2026-05-08 07:00:00+00:00,1778223600000,1351.44,1352.5,1342.01,1347.69,8422.0,11354578.67
2026-05-08 08:00:00+00:00,1778227200000,1348.29,1365.14,1331.62,1365.0,160710.89554300002,217125835.8357728
2026-05-08 09:00:00+00:00,1778230800000,1363.0,1377.0,1357.7838,1361.63,62865.61883399999,86037867.07652673
2026-05-08 10:00:00+00:00,1778234400000,1361.21,1367.02,1356.65,1358.93,31072.646782,42341586.47634128
2026-05-08 11:00:00+00:00,1778238000000,1358.05,1390.0,1358.05,1383.98,217974.389963,299810978.2974157
2026-05-08 12:00:00+00:00,1778241600000,1392.01,1405.94,1379.03,1399.56,394803.384863,550972956.7092243
2026-05-08 13:00:00+00:00,1778245200000,1397.3,1452.45,1390.3218,1449.5,3332284.589701,4730697145.019645
2026-05-08 14:00:00+00:00,1778248800000,1454.095,1481.9399,1441.9301,1479.78,3292643.682275,4816502556.202014
2026-05-08 15:00:00+00:00,1778252400000,1479.04,1518.28,1455.0,1506.54,2431242.5051100003,3629721553.00997
2026-05-08 16:00:00+00:00,1778256000000,1509.99,1528.52,1485.4,1485.575,2484203.1804540004,3749212105.048603
2026-05-08 17:00:00+00:00,1778259600000,1486.15,1514.7299,1485.33,1501.25,1491920.6268249997,2242392657.405081
2026-05-08 18:00:00+00:00,1778263200000,1500.49,1535.49,1496.44,1522.0,1662681.621372,2523657237.936524
2026-05-08 19:00:00+00:00,1778266800000,1522.52,1564.0,1521.2,1562.155,3376326.3593739998,5219019269.672644
2026-05-08 20:00:00+00:00,1778270400000,1564.74,1575.42,1548.01,1564.75,513923.24268299993,802391956.2636665
2026-05-08 21:00:00+00:00,1778274000000,1559.88,1565.0,1559.0,1562.78,146955.78215999997,229585844.22367328
2026-05-08 22:00:00+00:00,1778277600000,1562.54,1574.99,1557.0,1560.0,104302.337908,163508068.49804413
2026-05-08 23:00:00+00:00,1778281200000,1565.0,1565.927,1555.0,1561.9799,65838.863656,102839396.45435354
2026-05-11 00:00:00+00:00,1778457600000,1562.5,1671.0,1550.0,1618.49,214849.0,350191019.69000006
2026-05-11 01:00:00+00:00,1778461200000,1617.99,1620.0,1566.02,1608.84,126641.0,202910449.89
2026-05-11 02:00:00+00:00,1778464800000,1608.84,1614.82,1598.43,1607.54,38108.0,61213126.65999999
2026-05-11 03:00:00+00:00,1778468400000,1607.7,1608.5,1584.65,1594.85,33657.0,53712671.84000002
2026-05-11 04:00:00+00:00,1778472000000,1594.03,1606.81,1582.63,1605.87,29276.0,46676696.35999999
2026-05-11 05:00:00+00:00,1778475600000,1605.12,1610.0,1595.2,1597.4,24941.0,39994355.52
2026-05-11 06:00:00+00:00,1778479200000,1596.51,1598.4,1582.35,1582.35,22213.0,35312779.09000001
2026-05-11 07:00:00+00:00,1778482800000,1582.53,1585.68,1563.82,1576.5,32024.0,50449732.17000001
2026-05-11 08:00:00+00:00,1778486400000,1599.0,1609.99,1536.53,1551.08,305727.68872700003,481318473.4329368
2026-05-11 09:00:00+00:00,1778490000000,1550.57,1575.0,1549.0,1555.23,92348.63725100002,144637396.08834365
2026-05-11 10:00:00+00:00,1778493600000,1555.0,1559.6033,1541.17,1555.0,44847.54420699999,69554666.2372375
2026-05-11 11:00:00+00:00,1778497200000,1553.94,1601.0,1553.94,1588.52,383345.947906,607262226.2065632
2026-05-11 12:00:00+00:00,1778500800000,1588.74,1588.8,1547.3695,1573.89,334767.3489450001,524296620.0383796
2026-05-11 13:00:00+00:00,1778504400000,1577.97,1605.0,1531.1301,1543.08,3616038.9285750007,5642857676.352716
2026-05-11 14:00:00+00:00,1778508000000,1543.81,1581.0,1514.47,1542.76,2708206.997779,4186599323.70037
2026-05-11 15:00:00+00:00,1778511600000,1545.42,1574.9,1537.0,1574.49,2021842.845899,3144556003.4839473
2026-05-11 16:00:00+00:00,1778515200000,1574.89,1581.07,1549.3101,1562.64,1369323.0800730002,2148205002.6031632
2026-05-11 17:00:00+00:00,1778518800000,1564.0,1574.0,1557.0001,1560.69,1067939.1106219997,1671108343.6596172
2026-05-11 18:00:00+00:00,1778522400000,1562.31,1584.49,1551.0,1565.14,1421658.5366950005,2232906940.1136594
2026-05-11 19:00:00+00:00,1778526000000,1571.45,1580.51,1538.34,1547.23,1801690.380933,2802100405.0615807
2026-05-11 20:00:00+00:00,1778529600000,1545.26,1549.0,1540.49,1543.5,98764.97214,152688098.79215878
2026-05-11 21:00:00+00:00,1778533200000,1541.0778,1546.68,1538.58,1543.0,440012.845172,680768909.4964914
2026-05-11 22:00:00+00:00,1778536800000,1543.0,1552.0,1541.5,1549.35,39529.80811699999,61213062.1395715
2026-05-11 23:00:00+00:00,1778540400000,1549.35,1550.0,1537.61,1537.9731,47408.369912,73215670.75152516
2026-05-12 00:00:00+00:00,1778544000000,1539.13,1544.5,1522.15,1527.79,29405.0,45000319.36000001
2026-05-12 01:00:00+00:00,1778547600000,1527.31,1528.98,1450.0,1478.59,130914.0,194476232.11
2026-05-12 02:00:00+00:00,1778551200000,1478.0,1515.0,1472.5,1508.02,45682.0,68518265.61000001
2026-05-12 03:00:00+00:00,1778554800000,1508.91,1509.27,1491.0,1491.0,19477.0,29234103.56
2026-05-12 04:00:00+00:00,1778558400000,1491.6,1494.69,1474.79,1474.79,21326.0,31650084.60999999
2026-05-12 05:00:00+00:00,1778562000000,1474.9,1499.51,1474.77,1497.89,21117.0,31433483.39000001
2026-05-12 06:00:00+00:00,1778565600000,1497.22,1497.22,1482.21,1482.98,8427.0,12543671.09
2026-05-12 07:00:00+00:00,1778569200000,1483.03,1496.05,1476.26,1492.99,14646.0,21787078.66
2026-05-12 08:00:00+00:00,1778572800000,1495.0,1513.74,1474.81,1507.5,150873.698079,224993344.29742128
2026-05-12 09:00:00+00:00,1778576400000,1508.47,1511.95,1498.43,1502.3,22256.195351,33520296.18505089
2026-05-12 10:00:00+00:00,1778580000000,1503.0,1508.09,1490.28,1493.9039,31967.599910000004,47870550.60806762
2026-05-12 11:00:00+00:00,1778583600000,1494.04,1502.27,1479.141,1482.1,142619.483504,212137325.54135904
2026-05-12 12:00:00+00:00,1778587200000,1476.93,1551.428,1474.59,1507.78,256638.87849,384222970.35646254
2026-05-12 13:00:00+00:00,1778590800000,1500.01,1508.3199,1455.0,1459.645,2401576.685000001,3560274033.888017
2026-05-12 14:00:00+00:00,1778594400000,1459.225,1472.7622,1411.02,1430.915,3491469.3602579995,5028396366.149834
2026-05-12 15:00:00+00:00,1778598000000,1430.79,1434.5899,1396.14,1400.785,2165070.6878200006,3059348372.2685385
2026-05-12 16:00:00+00:00,1778601600000,1400.815,1418.28,1367.0,1375.255,2087033.806765,2900038034.8936863
2026-05-12 17:00:00+00:00,1778605200000,1378.72,1414.0,1372.3,1409.695,1530763.1626059995,2143006431.7403135
2026-05-12 18:00:00+00:00,1778608800000,1409.33,1424.8399,1395.58,1397.145,1201486.7707500004,1698074950.050162
2026-05-12 19:00:00+00:00,1778612400000,1397.85,1463.6211,1396.7795,1450.86,2121479.75448,3052959567.463337
2026-05-12 20:00:00+00:00,1778616000000,1447.49,1458.59,1440.02,1452.48,126763.58889200004,183863131.9888192
2026-05-12 21:00:00+00:00,1778619600000,1454.22,1475.0,1452.0,1474.8,392078.088559,570032374.1724806
2026-05-12 22:00:00+00:00,1778623200000,1473.63,1474.01,1450.31,1452.22,67174.287835,98382649.1542582
2026-05-12 23:00:00+00:00,1778626800000,1452.0001,1454.6451,1411.0,1414.13,118831.71170100002,169975597.03462404
2026-05-13 00:00:00+00:00,1778630400000,1417.98,1451.97,1415.05,1451.79,44878.0,64470412.60000002
2026-05-13 01:00:00+00:00,1778634000000,1451.8,1493.52,1451.53,1480.96,85732.0,126382519.79000004
2026-05-13 02:00:00+00:00,1778637600000,1481.91,1486.22,1474.0,1479.0,27262.0,40336208.31000001
2026-05-13 03:00:00+00:00,1778641200000,1479.0,1490.14,1472.38,1484.11,25202.0,37386626.57
2026-05-13 04:00:00+00:00,1778644800000,1484.11,1506.64,1484.01,1498.63,57342.0,85925049.82
2026-05-13 05:00:00+00:00,1778648400000,1499.0,1500.99,1489.32,1494.81,26413.0,39482879.26000001
2026-05-13 06:00:00+00:00,1778652000000,1494.8,1501.99,1494.39,1501.0,24544.0,36801684.86
2026-05-13 07:00:00+00:00,1778655600000,1501.01,1518.0,1500.49,1513.5,23790.0,35883593.45000001
2026-05-13 08:00:00+00:00,1778659200000,1505.57,1538.8251,1485.0,1527.13,329916.0417299999,499328193.09118813
2026-05-13 09:00:00+00:00,1778662800000,1527.13,1529.75,1515.0,1528.32,41616.474991,63438364.96785578
2026-05-13 10:00:00+00:00,1778666400000,1526.8,1528.04,1516.0,1518.0,35344.523945,53795503.53796103
2026-05-13 11:00:00+00:00,1778670000000,1517.3,1527.99,1502.0,1524.96,223434.836156,338290597.5991636
2026-05-13 12:00:00+00:00,1778673600000,1507.56,1532.82,1476.0047,1492.08,371242.593778,558437031.1581343
2026-05-13 13:00:00+00:00,1778677200000,1480.05,1515.0,1422.25,1444.99,2373372.460750001,3471449779.651884
2026-05-13 14:00:00+00:00,1778680800000,1441.915,1460.0,1404.86,1455.69,2119337.850543999,3038344415.271328
2026-05-13 15:00:00+00:00,1778684400000,1456.88,1458.0,1415.8,1419.31,1105932.3593019997,1586131065.135062
2026-05-13 16:00:00+00:00,1778688000000,1419.46,1455.85,1419.3001,1445.54,927284.2101459998,1336226468.7614343
2026-05-13 17:00:00+00:00,1778691600000,1446.09,1463.0,1441.5701,1442.52,1162403.0350690002,1689823186.4187489
2026-05-13 18:00:00+00:00,1778695200000,1442.19,1457.9999,1440.81,1443.91,673460.32159,975581491.1505543
2026-05-13 19:00:00+00:00,1778698800000,1444.83,1455.4999,1436.9,1446.9,1216743.65321,1759247427.1715727
2026-05-13 20:00:00+00:00,1778702400000,1447.23,1447.88,1434.9,1440.0,127497.862283,183957676.8888497
2026-05-13 21:00:00+00:00,1778706000000,1441.19,1443.0,1440.01,1440.62,15777.04835,22740284.926483706
2026-05-13 22:00:00+00:00,1778709600000,1441.0,1445.0,1438.0,1442.02,25302.778407,36466384.48239113
2026-05-13 23:00:00+00:00,1778713200000,1442.0,1449.99,1441.0,1443.0,33948.310606,49056687.1270806
2026-05-14 00:00:00+00:00,1778716800000,1443.22,1467.2,1437.08,1466.76,28286.0,41262210.71999999
2026-05-14 01:00:00+00:00,1778720400000,1466.06,1466.99,1438.51,1440.19,17416.0,25311534.12000001
2026-05-14 02:00:00+00:00,1778724000000,1440.08,1447.97,1428.99,1430.58,20184.0,29018896.04999999
2026-05-14 03:00:00+00:00,1778727600000,1430.29,1435.67,1410.0,1412.99,26857.0,38183641.96000001
2026-05-14 04:00:00+00:00,1778731200000,1412.99,1437.81,1406.99,1428.9,23784.0,33884156.55000001
2026-05-14 05:00:00+00:00,1778734800000,1427.94,1431.74,1420.71,1426.92,9622.0,13728851.82
2026-05-14 06:00:00+00:00,1778738400000,1426.39,1434.38,1415.0,1416.32,16603.0,23620791.69
2026-05-14 07:00:00+00:00,1778742000000,1416.32,1423.01,1412.12,1420.83,12070.0,17109679.87
2026-05-14 08:00:00+00:00,1778745600000,1429.77,1437.78,1389.19,1398.1428,157928.33939399995,223488767.6914505
2026-05-14 09:00:00+00:00,1778749200000,1398.59,1403.2626,1389.38,1393.2197,40233.51658200001,56184866.71445229
2026-05-14 10:00:00+00:00,1778752800000,1393.2029,1412.0,1393.2029,1410.0,41544.857455999976,58367732.91125892
2026-05-14 11:00:00+00:00,1778756400000,1410.03,1421.91,1407.0,1415.06,111980.65919300004,158396127.31746623
2026-05-14 12:00:00+00:00,1778760000000,1418.62,1420.05,1401.9,1404.79,86049.379654,121450541.9004298
2026-05-14 13:00:00+00:00,1778763600000,1399.98,1453.77,1362.0,1404.49,2614792.8423249987,3687774915.528052
2026-05-14 14:00:00+00:00,1778767200000,1406.53,1422.81,1382.29,1384.5,2078237.453937,2914614765.2054033
2026-05-14 15:00:00+00:00,1778770800000,1383.69,1403.9,1382.3201,1395.085,1362973.9857269996,1900084551.7174025
2026-05-14 16:00:00+00:00,1778774400000,1396.51,1414.0,1392.63,1408.43,927300.5896409996,1300664726.2013984
2026-05-14 17:00:00+00:00,1778778000000,1409.0,1411.59,1388.0,1401.05,849596.6510909998,1188450968.8474455
2026-05-14 18:00:00+00:00,1778781600000,1400.06,1413.0,1393.86,1402.79,734999.5238139998,1032706597.4377652
2026-05-14 19:00:00+00:00,1778785200000,1402.13,1406.43,1375.0,1382.79,1530357.6884159998,2123885798.9320447
2026-05-14 20:00:00+00:00,1778788800000,1379.55,1385.64,1372.02,1379.55,196438.063722,271224627.56340647
2026-05-14 21:00:00+00:00,1778792400000,1378.0,1380.99,1372.01,1374.0,37944.565863,52176164.77481778
2026-05-14 22:00:00+00:00,1778796000000,1374.0,1377.0,1372.0,1374.04,32852.070482,45156186.006486885
2026-05-14 23:00:00+00:00,1778799600000,1375.21,1376.78,1370.0,1370.0,42770.32714200001,58750587.363934614
2026-05-15 00:00:00+00:00,1778803200000,1375.02,1390.01,1364.49,1374.49,22731.0,31278223.76
2026-05-15 01:00:00+00:00,1778806800000,1372.92,1378.61,1335.09,1337.0,43685.0,59146937.89000001
2026-05-15 02:00:00+00:00,1778810400000,1336.02,1356.77,1312.02,1347.5,71726.0,95725733.99999999
2026-05-15 03:00:00+00:00,1778814000000,1347.01,1349.93,1333.25,1343.01,13455.0,18079418.22
2026-05-15 04:00:00+00:00,1778817600000,1342.99,1342.99,1322.99,1323.25,24183.0,32150242.11000001
2026-05-15 05:00:00+00:00,1778821200000,1323.82,1329.41,1305.02,1305.02,51755.0,68148436.33000001
2026-05-15 06:00:00+00:00,1778824800000,1305.12,1397.05,1300.01,1397.05,152566.0,205411486.53
2026-05-15 07:00:00+00:00,1778828400000,1397.04,1426.11,1362.83,1379.3,136123.0,190587909.76
2026-05-15 08:00:00+00:00,1778832000000,1383.0,1425.38,1300.0,1376.31,634159.2399309999,866035253.7289386
2026-05-15 09:00:00+00:00,1778835600000,1380.0,1380.26,1335.78,1340.3,83984.810606,113793589.82527395
2026-05-15 10:00:00+00:00,1778839200000,1342.4,1404.99,1340.07,1384.92,124376.134941,170998578.8740878
2026-05-15 11:00:00+00:00,1778842800000,1385.6,1385.92,1357.51,1361.1591,141242.94293800002,193420218.8277356
2026-05-15 12:00:00+00:00,1778846400000,1359.01,1372.94,1340.0,1349.13,152547.45618900002,206739955.25488788
2026-05-15 13:00:00+00:00,1778850000000,1340.25,1405.0,1315.75,1353.41,2843212.9506729995,3872276916.400733
2026-05-15 14:00:00+00:00,1778853600000,1354.21,1413.18,1348.9,1392.26,2629138.1416070005,3642513146.9080024
2026-05-15 15:00:00+00:00,1778857200000,1396.135,1426.378,1386.1701,1396.72,1956774.3422100004,2747943997.2851114
2026-05-15 16:00:00+00:00,1778860800000,1395.1,1405.95,1387.0,1399.14,930280.66035,1298830228.6450577
2026-05-15 17:00:00+00:00,1778864400000,1398.54,1413.0,1393.64,1409.46,752747.6905130001,1056382698.4127692
2026-05-15 18:00:00+00:00,1778868000000,1414.3,1423.2,1398.28,1411.305,1004019.5339800004,1416045957.8741577
2026-05-15 19:00:00+00:00,1778871600000,1412.07,1420.59,1399.06,1407.07,1899184.965092,2678513046.577048
2026-05-15 20:00:00+00:00,1778875200000,1397.51,1407.7,1393.26,1401.01,89893.12735300002,125970844.07416578
2026-05-15 21:00:00+00:00,1778878800000,1401.0,1401.0,1394.91,1395.0,205455.142064,288943893.593127
2026-05-15 22:00:00+00:00,1778882400000,1395.19,1395.19,1383.25,1385.5,33233.724577,46170563.369129464
2026-05-15 23:00:00+00:00,1778886000000,1385.0,1388.62,1376.05,1381.0,42037.529374000005,58067095.10976444
2026-05-18 00:00:00+00:00,1779062400000,1377.01,1395.71,1347.99,1370.14,54171.0,73592612.03999999
2026-05-18 01:00:00+00:00,1779066000000,1370.71,1400.27,1360.99,1385.01,47903.0,66156638.22
2026-05-18 02:00:00+00:00,1779069600000,1385.02,1418.17,1381.0,1388.55,53197.0,74589397.2
2026-05-18 03:00:00+00:00,1779073200000,1388.82,1399.01,1383.42,1392.29,18753.0,26094481.51
2026-05-18 04:00:00+00:00,1779076800000,1392.3,1399.59,1384.01,1387.76,10211.0,14216172.75
2026-05-18 05:00:00+00:00,1779080400000,1387.76,1393.01,1380.73,1387.7,11426.0,15851258.72
2026-05-18 06:00:00+00:00,1779084000000,1387.85,1396.13,1384.0,1395.97,9275.0,12885299.12
2026-05-18 07:00:00+00:00,1779087600000,1395.97,1402.76,1391.22,1400.0,11144.0,15571635.52000001
2026-05-18 08:00:00+00:00,1779091200000,1407.0,1428.03,1350.0,1425.29,161288.34735299996,226719400.8862966
2026-05-18 09:00:00+00:00,1779094800000,1430.96,1431.55,1409.02,1412.04,46796.647497,66520695.029955044
2026-05-18 10:00:00+00:00,1779098400000,1413.95,1419.0,1403.55,1408.49,59559.81795100001,84036788.75532374
2026-05-18 11:00:00+00:00,1779102000000,1400.01,1414.0,1390.47,1408.51,105066.78980299998,147439469.64966327
2026-05-18 12:00:00+00:00,1779105600000,1414.25,1438.0,1406.1173,1435.24,176930.23191,251632228.21309212
2026-05-18 13:00:00+00:00,1779109200000,1436.01,1449.37,1341.0,1345.82,2355253.816965999,3273804218.7350287
2026-05-18 14:00:00+00:00,1779112800000,1346.3,1347.99,1303.0,1317.62,2770742.4656899995,3668621788.116843
2026-05-18 15:00:00+00:00,1779116400000,1317.99,1331.74,1310.01,1314.19,1426426.9610270003,1883696509.2807295
2026-05-18 16:00:00+00:00,1779120000000,1315.4,1321.2878,1292.99,1304.87,1474187.2883159998,1925644467.3520951
2026-05-18 17:00:00+00:00,1779123600000,1306.9,1307.23,1285.01,1299.78,973230.3355829996,1260890458.947106
2026-05-18 18:00:00+00:00,1779127200000,1299.94,1301.5,1277.33,1289.08,1192710.139536,1531812541.0828288
2026-05-18 19:00:00+00:00,1779130800000,1289.5,1339.93,1287.0,1333.46,2310096.145577,3045600034.0499806
2026-05-18 20:00:00+00:00,1779134400000,1325.94,1334.4,1313.14,1316.32,110412.095238,146142189.01805487
2026-05-18 21:00:00+00:00,1779138000000,1314.99,1324.0,1314.001,1322.12,31074.926863,41019785.987082906
2026-05-18 22:00:00+00:00,1779141600000,1328.5,1333.01,1322.0,1331.99,61775.556308,82012320.45382307
2026-05-18 23:00:00+00:00,1779145200000,1332.5,1336.8671,1320.01,1323.55,46954.914392,62390534.873842455
2026-05-19 00:00:00+00:00,1779148800000,1325.0,1336.67,1312.87,1313.99,12630.0,16761265.37
2026-05-19 01:00:00+00:00,1779152400000,1313.99,1313.99,1292.09,1297.93,38677.0,50357009.23
2026-05-19 02:00:00+00:00,1779156000000,1297.61,1299.0,1285.99,1294.01,36744.0,47475821.02999999
2026-05-19 03:00:00+00:00,1779159600000,1294.0,1308.93,1292.01,1304.69,13592.0,17699021.64
2026-05-19 04:00:00+00:00,1779163200000,1304.68,1304.69,1293.03,1300.94,12500.0,16217580.03
2026-05-19 05:00:00+00:00,1779166800000,1300.73,1305.0,1293.88,1301.02,9972.0,12960527.89
2026-05-19 06:00:00+00:00,1779170400000,1301.02,1313.81,1297.91,1313.81,10023.0,13097233.41
2026-05-19 07:00:00+00:00,1779174000000,1313.1,1329.0,1312.91,1323.53,21241.0,28056036.21000001
2026-05-19 08:00:00+00:00,1779177600000,1320.01,1328.24,1293.919,1310.01,129827.250454,169896964.25869697
2026-05-19 09:00:00+00:00,1779181200000,1297.8,1307.97,1288.0,1294.01,60190.66615099999,77960268.9743639
2026-05-19 10:00:00+00:00,1779184800000,1294.53,1302.95,1288.2,1299.79,39486.725657,51157813.21076692
2026-05-19 11:00:00+00:00,1779188400000,1297.01,1302.99,1288.0,1292.8,87115.21045500001,112764803.21489702
2026-05-19 12:00:00+00:00,1779192000000,1287.0,1301.64,1285.0,1292.36,122578.169704,158358688.4093297
2026-05-19 13:00:00+00:00,1779195600000,1289.99,1355.0,1281.27,1329.505,2050532.4396279997,2720926543.629683
2026-05-19 14:00:00+00:00,1779199200000,1330.615,1334.5499,1278.11,1313.01,2092429.293397,2723643022.404253
2026-05-19 15:00:00+00:00,1779202800000,1315.0,1332.99,1302.25,1327.47,1338731.5155729998,1767976899.9271126
2026-05-19 16:00:00+00:00,1779206400000,1328.0,1382.88,1321.2138,1369.23,2091033.0823460007,2839292124.3922415
2026-05-19 17:00:00+00:00,1779210000000,1371.99,1391.84,1368.0001,1380.51,1243181.235175,1715347808.5187645
2026-05-19 18:00:00+00:00,1779213600000,1381.0,1392.8599,1360.03,1361.87,1045017.017435,1443900640.0001497
2026-05-19 19:00:00+00:00,1779217200000,1363.5,1385.19,1359.0,1382.7,1919643.206443,2632425541.4987087
2026-05-19 20:00:00+00:00,1779220800000,1388.01,1393.87,1380.0,1383.01,154487.79356400002,214404231.2784063
2026-05-19 21:00:00+00:00,1779224400000,1384.0,1395.0,1381.94,1392.89,38575.489782,53607181.597607054
2026-05-19 22:00:00+00:00,1779228000000,1389.01,1394.9352,1386.0,1389.01,34990.830593,48635263.54600926
2026-05-19 23:00:00+00:00,1779231600000,1392.01,1396.66,1388.0,1393.0,46789.070143,65176295.07468031
2026-05-20 00:00:00+00:00,1779235200000,1392.0,1397.48,1362.05,1376.5,34080.0,46848398.13000002
2026-05-20 01:00:00+00:00,1779238800000,1377.01,1390.42,1375.13,1380.87,19046.0,26324997.30000001
2026-05-20 02:00:00+00:00,1779242400000,1382.1,1393.62,1375.25,1384.89,19632.0,27212152.16000001
2026-05-20 03:00:00+00:00,1779246000000,1384.49,1388.91,1377.16,1386.0,14238.0,19699374.96000001
2026-05-20 04:00:00+00:00,1779249600000,1385.92,1388.64,1381.07,1385.77,26531.0,36751191.64000001
2026-05-20 05:00:00+00:00,1779253200000,1386.97,1391.79,1384.99,1389.66,13537.0,18803085.41000001
2026-05-20 06:00:00+00:00,1779256800000,1389.82,1415.17,1389.82,1413.57,29332.0,41121970.47
2026-05-20 07:00:00+00:00,1779260400000,1414.64,1418.57,1401.99,1403.56,27963.0,39487926.34000001
2026-05-20 08:00:00+00:00,1779264000000,1410.01,1418.56,1381.06,1415.55,187553.7200920001,263173016.8562213
2026-05-20 09:00:00+00:00,1779267600000,1413.18,1415.73,1409.36,1414.13,23568.856796999997,33302917.212216333
2026-05-20 10:00:00+00:00,1779271200000,1414.99,1417.0,1411.0,1413.0,26322.570693,37237269.37922263
2026-05-20 11:00:00+00:00,1779274800000,1411.9,1420.0,1404.04,1405.39,92231.93238500002,130338154.75742328
2026-05-20 12:00:00+00:00,1779278400000,1411.51,1440.0,1408.0745,1428.81,187050.917148,266415854.38513607
2026-05-20 13:00:00+00:00,1779282000000,1433.34,1451.26,1392.4401,1401.99,2009223.310419,2858003021.35203
2026-05-20 14:00:00+00:00,1779285600000,1402.56,1405.5999,1366.98,1400.47,1848606.318166,2563933776.0119243
2026-05-20 15:00:00+00:00,1779289200000,1400.49,1421.23,1396.0,1407.98,1258846.738731,1773825455.7309656
2026-05-20 16:00:00+00:00,1779292800000,1404.85,1407.0,1381.06,1390.32,868588.2376810001,1209626119.8064082
2026-05-20 17:00:00+00:00,1779296400000,1390.74,1406.0,1382.0,1402.925,703525.0223480001,980208539.1295596
2026-05-20 18:00:00+00:00,1779300000000,1401.61,1408.9799,1393.19,1395.67,569633.1159820003,797634182.1683978
2026-05-20 19:00:00+00:00,1779303600000,1396.13,1403.2799,1385.1,1391.92,826700.1971900001,1152873602.6110384
2026-05-20 20:00:00+00:00,1779307200000,1390.0,1408.0,1370.16,1400.0,168609.432266,234625066.42016372
2026-05-20 21:00:00+00:00,1779310800000,1398.75,1407.01,1392.56,1399.0,56574.864989,79158764.70198545
2026-05-20 22:00:00+00:00,1779314400000,1390.35,1399.0,1382.01,1385.0,36097.837669,50176293.971962646
2026-05-20 23:00:00+00:00,1779318000000,1392.02,1395.0,1390.0,1391.0,20467.029451,28502358.60632432
2026-05-21 00:00:00+00:00,1779321600000,1390.65,1405.0,1385.46,1404.5,14921.0,20841191.02
2026-05-21 01:00:00+00:00,1779325200000,1404.96,1420.0,1404.04,1413.01,39705.0,56145037.37000002
2026-05-21 02:00:00+00:00,1779328800000,1412.91,1424.89,1412.9,1421.56,23746.0,33710515.44
2026-05-21 03:00:00+00:00,1779332400000,1421.58,1427.5,1420.99,1422.0,15711.0,22385823.49
2026-05-21 04:00:00+00:00,1779336000000,1423.0,1424.0,1415.51,1423.63,10301.0,14628596.43
2026-05-21 05:00:00+00:00,1779339600000,1423.89,1425.54,1411.07,1412.37,11662.0,16542932.46
2026-05-21 06:00:00+00:00,1779343200000,1412.36,1415.26,1397.51,1401.98,17948.0,25225358.14000001
2026-05-21 07:00:00+00:00,1779346800000,1400.59,1408.59,1391.42,1404.99,18457.0,25801585.09000001
2026-05-21 08:00:00+00:00,1779350400000,1408.27,1425.47,1392.0,1408.21,124166.378291,174950911.26089433
2026-05-21 09:00:00+00:00,1779354000000,1409.31,1414.98,1405.2,1412.99,15694.763786999998,22166210.850915767
2026-05-21 10:00:00+00:00,1779357600000,1401.38,1414.12,1393.0,1398.0,33676.885576,47209514.348268785
2026-05-21 11:00:00+00:00,1779361200000,1396.99,1407.9011,1388.88,1392.09,66108.220915,92207726.69977571
2026-05-21 12:00:00+00:00,1779364800000,1394.51,1396.51,1383.06,1384.99,59006.50725599999,81946827.02160937
2026-05-21 13:00:00+00:00,1779368400000,1387.0,1476.0,1369.42,1472.87,2250459.7493020003,3213848036.127922
2026-05-21 14:00:00+00:00,1779372000000,1473.89,1493.98,1432.0001,1469.85,2589330.640246,3795443441.8032274
2026-05-21 15:00:00+00:00,1779375600000,1469.29,1492.0,1458.0,1481.86,1391216.4084830002,2058228994.177977
2026-05-21 16:00:00+00:00,1779379200000,1482.85,1496.78,1480.38,1492.6,969881.6494799996,1445908194.991464
2026-05-21 17:00:00+00:00,1779382800000,1493.0,1537.96,1492.505,1527.01,1965469.207941,2981965855.7778277
2026-05-21 18:00:00+00:00,1779386400000,1530.51,1539.0,1516.34,1527.63,1339404.496874,2048488987.8516867
2026-05-21 19:00:00+00:00,1779390000000,1529.45,1546.09,1528.0,1542.66,1948300.8050130005,2999874928.0399923
2026-05-21 20:00:00+00:00,1779393600000,1542.05,1548.0,1538.0,1540.0,225387.141461,347730234.4175839
2026-05-21 21:00:00+00:00,1779397200000,1538.0,1539.805,1531.1317,1532.0,42147.070058,64727025.66501304
2026-05-21 22:00:00+00:00,1779400800000,1536.01,1537.88,1533.03,1533.99,48367.357019,74249905.08664246
2026-05-21 23:00:00+00:00,1779404400000,1534.96,1536.18,1533.5,1535.51,31548.137325,48433842.46391117
2026-05-22 00:00:00+00:00,1779408000000,1549.76,1549.76,1514.99,1520.47,28011.0,42738762.76
2026-05-22 01:00:00+00:00,1779411600000,1520.18,1529.44,1515.67,1527.49,16823.0,25602128.91
2026-05-22 02:00:00+00:00,1779415200000,1527.48,1534.2,1525.4,1532.98,10496.0,16054255.97000001
2026-05-22 03:00:00+00:00,1779418800000,1532.78,1535.87,1526.18,1535.01,8556.0,13112563.0
2026-05-22 04:00:00+00:00,1779422400000,1535.19,1546.0,1535.18,1538.21,12983.0,20012684.42
2026-05-22 05:00:00+00:00,1779426000000,1538.22,1544.0,1536.97,1536.97,7023.0,10821841.4
2026-05-22 06:00:00+00:00,1779429600000,1536.5,1543.34,1535.73,1538.24,6779.0,10435538.9
2026-05-22 07:00:00+00:00,1779433200000,1538.22,1539.99,1533.99,1538.24,6346.0,9753542.94
2026-05-22 08:00:00+00:00,1779436800000,1535.93,1546.0,1512.0,1515.18,110262.91112500004,168930851.0885944
2026-05-22 09:00:00+00:00,1779440400000,1511.52,1517.01,1502.36,1516.0,48873.21019499999,73865982.64987704
2026-05-22 10:00:00+00:00,1779444000000,1509.99,1514.8,1495.0,1501.0,55423.747611000006,83407602.37315147
2026-05-22 11:00:00+00:00,1779447600000,1511.99,1518.0,1507.99,1516.0,97075.918956,146958787.63040024
2026-05-22 12:00:00+00:00,1779451200000,1515.66,1520.3,1510.0043,1514.63,107595.70812800004,163057120.9545087
2026-05-22 13:00:00+00:00,1779454800000,1513.0,1523.0,1485.7,1494.56,1869140.651772,2808405511.31899
2026-05-22 14:00:00+00:00,1779458400000,1492.56,1522.0,1473.5201,1516.01,1829338.1077740008,2744574439.4082217
2026-05-22 15:00:00+00:00,1779462000000,1516.7,1521.425,1500.7,1502.99,822669.1278890001,1244038774.3893156
2026-05-22 16:00:00+00:00,1779465600000,1502.0,1515.25,1501.1,1513.8,558119.5479770001,842298729.3312739
2026-05-22 17:00:00+00:00,1779469200000,1515.0,1528.0,1505.31,1523.96,848186.1672789999,1285621643.422882
2026-05-22 18:00:00+00:00,1779472800000,1522.01,1524.0,1505.6101,1513.905,622464.0018010001,943286056.5916474
2026-05-22 19:00:00+00:00,1779476400000,1513.87,1513.96,1475.83,1478.75,1657893.8461929995,2473051734.5919433
2026-05-22 20:00:00+00:00,1779480000000,1475.0,1482.0,1470.98,1477.99,145233.66162099995,214528403.132215
2026-05-22 21:00:00+00:00,1779483600000,1476.56,1478.0,1472.33,1473.51,26990.630563,39814030.29101245
2026-05-22 22:00:00+00:00,1779487200000,1473.0,1473.25,1468.22,1471.0,34433.09798200001,50646803.65413305
2026-05-22 23:00:00+00:00,1779490800000,1471.01,1471.9,1466.5,1467.51,26952.610615,39598788.9918633
2026-05-26 00:00:00+00:00,1779753600000,1499.99,1541.03,1474.99,1522.09,64781.0,98856153.97
2026-05-26 01:00:00+00:00,1779757200000,1521.82,1524.71,1504.02,1510.36,30591.0,46349001.2
2026-05-26 02:00:00+00:00,1779760800000,1510.36,1513.66,1505.38,1510.69,15887.0,23970031.43999999
2026-05-26 03:00:00+00:00,1779764400000,1510.64,1510.64,1503.99,1507.12,11718.0,17657388.69
2026-05-26 04:00:00+00:00,1779768000000,1507.16,1510.04,1506.52,1509.8,5798.0,8746738.59
2026-05-26 05:00:00+00:00,1779771600000,1509.79,1509.79,1504.15,1506.18,6690.0,10079602.13
2026-05-26 06:00:00+00:00,1779775200000,1505.09,1509.01,1499.01,1500.66,12221.0,18372763.42000001
2026-05-26 07:00:00+00:00,1779778800000,1500.59,1503.0,1490.99,1500.37,12594.0,18848821.77
2026-05-26 08:00:00+00:00,1779782400000,1504.99,1522.0,1491.23,1518.0,113308.138378,170902755.76204807
2026-05-26 09:00:00+00:00,1779786000000,1520.0,1529.9,1516.9542,1526.89,37856.25442800001,57669460.87052666
2026-05-26 10:00:00+00:00,1779789600000,1527.01,1535.0,1525.15,1528.05,50944.909513,78000319.40339698
2026-05-26 11:00:00+00:00,1779793200000,1525.01,1533.72,1522.0,1531.49,134683.454992,205610658.0850695
2026-05-26 12:00:00+00:00,1779796800000,1531.0,1541.757,1527.0,1541.0,122264.50777,187582658.24881685
2026-05-26 13:00:00+00:00,1779800400000,1539.4,1598.31,1520.0,1579.5,2581221.2818539995,4037423462.9430094
2026-05-26 14:00:00+00:00,1779804000000,1582.0,1632.9299,1558.01,1592.96,2548610.4955879995,4074508199.980208
2026-05-26 15:00:00+00:00,1779807600000,1594.02,1598.9999,1568.5001,1579.99,1301713.5559160006,2064718814.4271655
2026-05-26 16:00:00+00:00,1779811200000,1581.57,1601.49,1580.02,1595.08,972649.143317,1549467143.2363417
2026-05-26 17:00:00+00:00,1779814800000,1595.69,1620.5,1592.0,1609.93,1102447.483364,1771753493.0311313
2026-05-26 18:00:00+00:00,1779818400000,1609.13,1641.74,1605.07,1630.87,1252040.086105,2037082366.513739
2026-05-26 19:00:00+00:00,1779822000000,1630.16,1639.53,1586.01,1588.9,1719298.6072339998,2769814814.153918
2026-05-26 20:00:00+00:00,1779825600000,1591.96,1595.0,1586.02,1587.99,128127.428896,203834428.75183755
2026-05-26 21:00:00+00:00,1779829200000,1590.69,1620.73,1589.55,1615.5,139469.72283900002,224329782.8139716
2026-05-26 22:00:00+00:00,1779832800000,1609.99,1621.0,1609.782,1617.5,60479.859873,97720218.678066
2026-05-26 23:00:00+00:00,1779836400000,1613.01,1622.0,1611.2,1617.05,52112.048067,84224466.58118424
2026-05-27 00:00:00+00:00,1779840000000,1617.99,1647.51,1611.76,1638.8,56412.0,92263022.02000003
2026-05-27 01:00:00+00:00,1779843600000,1638.8,1652.0,1631.4,1634.5,44291.0,72737131.45000002
2026-05-27 02:00:00+00:00,1779847200000,1634.21,1641.27,1632.68,1634.82,13641.0,22328918.06
2026-05-27 03:00:00+00:00,1779850800000,1634.68,1639.0,1619.67,1620.98,17519.0,28551215.66
2026-05-27 04:00:00+00:00,1779854400000,1620.67,1626.29,1611.91,1615.37,19677.0,31849952.19000001
2026-05-27 05:00:00+00:00,1779858000000,1615.01,1617.2,1597.33,1604.0,21525.0,34594651.30000001
2026-05-27 06:00:00+00:00,1779861600000,1604.0,1608.45,1591.19,1602.27,24947.0,39905818.01
2026-05-27 07:00:00+00:00,1779865200000,1602.27,1615.71,1602.27,1614.99,19707.0,31732104.65000001
2026-05-27 08:00:00+00:00,1779868800000,1613.15,1626.29,1591.81,1605.0,183366.98964500005,295240161.8724597
2026-05-27 09:00:00+00:00,1779872400000,1595.09,1614.75,1595.09,1612.99,47671.07757200001,76538870.64865549
2026-05-27 10:00:00+00:00,1779876000000,1617.55,1619.75,1610.45,1611.99,44195.97558599999,71406805.7518493
2026-05-27 11:00:00+00:00,1779879600000,1617.0,1657.78,1611.39,1651.0,283393.325637,464741957.48864055
2026-05-27 12:00:00+00:00,1779883200000,1650.21,1674.3872,1617.0,1628.91,341472.8408119998,562403890.7167392
2026-05-27 13:00:00+00:00,1779886800000,1633.5,1658.7699,1563.3301,1608.12,2398330.441976,3858411470.7448335
2026-05-27 14:00:00+00:00,1779890400000,1606.45,1607.24,1534.0,1547.76,1897320.3979050005,2966818276.751513
2026-05-27 15:00:00+00:00,1779894000000,1548.99,1556.86,1528.28,1548.18,965916.5984469998,1487786944.4305968
2026-05-27 16:00:00+00:00,1779897600000,1548.935,1586.5599,1545.76,1570.0,1038084.2833,1630843592.7346976
2026-05-27 17:00:00+00:00,1779901200000,1570.99,1588.0,1553.0,1587.19,807601.2655919997,1270754776.6798992
2026-05-27 18:00:00+00:00,1779904800000,1584.3,1604.9899,1580.88,1582.57,920936.8804780002,1467107614.720595
2026-05-27 19:00:00+00:00,1779908400000,1584.32,1595.9999,1576.0001,1589.81,959712.9407950002,1523024033.1268578
2026-05-27 20:00:00+00:00,1779912000000,1584.99,1598.0,1578.5954,1588.06,157694.102725,250681032.3494912
2026-05-27 21:00:00+00:00,1779915600000,1581.96,1586.3689,1573.63,1574.0,33748.022084,53264341.2646712
2026-05-27 22:00:00+00:00,1779919200000,1576.5,1579.0,1560.0,1560.0,34664.629105,54314111.18941245
2026-05-27 23:00:00+00:00,1779922800000,1566.59,1569.74,1553.0,1558.84,28725.331967,44819055.39562815
2026-05-28 00:00:00+00:00,1779926400000,1557.37,1572.0,1541.0,1562.0,10547.0,16404719.75
2026-05-28 01:00:00+00:00,1779930000000,1562.98,1569.89,1549.16,1556.05,8413.0,13125997.89
2026-05-28 02:00:00+00:00,1779933600000,1557.01,1558.31,1541.99,1542.01,7699.0,11917951.43
2026-05-28 03:00:00+00:00,1779937200000,1542.0,1545.82,1510.98,1519.35,29401.0,44842773.51999999
2026-05-28 04:00:00+00:00,1779940800000,1519.69,1528.63,1511.3,1522.75,21060.0,31976552.30000001
2026-05-28 05:00:00+00:00,1779944400000,1523.49,1555.0,1519.9,1552.78,16708.0,25736903.71000001
2026-05-28 06:00:00+00:00,1779948000000,1552.94,1558.43,1543.3,1551.52,11687.0,18141503.77
2026-05-28 07:00:00+00:00,1779951600000,1552.0,1560.11,1550.81,1552.76,5046.0,7849459.79
2026-05-28 08:00:00+00:00,1779955200000,1560.01,1572.1,1511.34,1565.38,121645.452038,188025818.15335047
2026-05-28 09:00:00+00:00,1779958800000,1557.01,1568.0,1554.48,1564.58,10567.354416000002,16504210.36780738
2026-05-28 10:00:00+00:00,1779962400000,1553.09,1562.0,1550.84,1554.99,12383.893720000002,19284160.91071347
2026-05-28 11:00:00+00:00,1779966000000,1552.01,1567.0,1549.39,1564.0,39630.174377,61714481.38730957
2026-05-28 12:00:00+00:00,1779969600000,1562.99,1587.0,1560.0,1583.97,76219.81121500002,119998062.23086163
2026-05-28 13:00:00+00:00,1779973200000,1583.01,1626.99,1560.18,1578.305,1225740.6375120005,1947625631.9389153
2026-05-28 14:00:00+00:00,1779976800000,1576.01,1697.9599,1575.45,1665.01,3382823.055936001,5605827298.182148
2026-05-28 15:00:00+00:00,1779980400000,1665.9,1690.98,1664.39,1682.48,1043310.6616899996,1754255619.513541
2026-05-28 16:00:00+00:00,1779984000000,1681.81,1694.9999,1676.0,1686.99,815486.8802189999,1374394758.402743
2026-05-28 17:00:00+00:00,1779987600000,1685.0,1691.489,1665.0,1666.09,726480.916604,1219861277.4560573
2026-05-28 18:00:00+00:00,1779991200000,1665.21,1672.44,1632.35,1636.25,1033736.0283700004,1708369940.7439504
2026-05-28 19:00:00+00:00,1779994800000,1634.99,1648.0,1627.0,1643.06,975819.245598,1597812287.6576388
2026-05-28 20:00:00+00:00,1779998400000,1640.0,1652.0,1638.7997,1645.99,97295.88514,159879750.8487265
2026-05-28 21:00:00+00:00,1780002000000,1640.0,1648.0,1638.06,1645.6,28184.444097000003,46325533.46514305
2026-05-28 22:00:00+00:00,1780005600000,1650.0,1654.0,1641.64,1645.99,25884.494038,42661078.45853343
2026-05-28 23:00:00+00:00,1780009200000,1646.5,1651.0,1644.5,1649.01,30421.623406999995,50137628.07976475
2026-05-29 00:00:00+00:00,1780012800000,1649.05,1664.91,1645.0,1651.5,14616.0,24216946.40000001
2026-05-29 01:00:00+00:00,1780016400000,1651.51,1657.34,1647.1,1652.25,4003.0,6613510.02
2026-05-29 02:00:00+00:00,1780020000000,1653.21,1654.69,1644.28,1644.99,4547.0,7500570.46
2026-05-29 03:00:00+00:00,1780023600000,1645.44,1653.59,1645.44,1649.24,2495.0,4119347.12
2026-05-29 04:00:00+00:00,1780027200000,1649.35,1662.87,1648.0,1660.14,6657.0,11028003.29
2026-05-29 05:00:00+00:00,1780030800000,1660.15,1667.52,1659.0,1659.42,8176.0,13599471.08
2026-05-29 06:00:00+00:00,1780034400000,1659.89,1668.01,1659.89,1665.68,5734.0,9545623.06
2026-05-29 07:00:00+00:00,1780038000000,1665.54,1665.69,1655.49,1658.89,6132.0,10184507.53
2026-05-29 08:00:00+00:00,1780041600000,1673.04,1684.2194,1648.64,1678.99,76013.47849499999,126779711.01975724
2026-05-29 09:00:00+00:00,1780045200000,1678.02,1686.0,1675.64,1682.33,21765.04697900001,36596429.05995635
2026-05-29 10:00:00+00:00,1780048800000,1676.5,1677.963,1670.0,1670.0,12975.839728000004,21723003.808385648
2026-05-29 11:00:00+00:00,1780052400000,1671.0,1674.0,1655.588,1669.51,70578.44397999998,117662340.28865127
2026-05-29 12:00:00+00:00,1780056000000,1665.0,1678.69,1662.0,1678.0,66714.40913300001,111427540.27889188
2026-05-29 13:00:00+00:00,1780059600000,1678.63,1706.3423,1657.0,1700.01,1407345.319821,2367587868.0938306
2026-05-29 14:00:00+00:00,1780063200000,1701.34,1708.8255,1651.65,1677.01,1702031.9586830006,2852895588.9984684
2026-05-29 15:00:00+00:00,1780066800000,1677.69,1684.46,1663.37,1668.13,592919.7261650001,991554303.1829661
2026-05-29 16:00:00+00:00,1780070400000,1668.63,1691.0,1666.88,1684.2,581349.774407,976766334.1954544
2026-05-29 17:00:00+00:00,1780074000000,1684.62,1687.31,1665.0,1665.01,406486.5765830001,681097241.5577271
2026-05-29 18:00:00+00:00,1780077600000,1662.5,1666.87,1647.5,1648.0,635736.1543519999,1053462042.957532
2026-05-29 19:00:00+00:00,1780081200000,1649.17,1697.92,1641.08,1694.38,1618471.902499,2708699176.795244
2026-05-29 20:00:00+00:00,1780084800000,1692.81,1707.07,1681.5,1685.51,360249.0724109999,610527504.2804152
2026-05-29 21:00:00+00:00,1780088400000,1682.89,1686.6082,1679.1672,1681.99,27723.72567699999,46650674.383471936
2026-05-29 22:00:00+00:00,1780092000000,1684.43,1684.7,1680.0,1681.99,14230.779124,23942756.491146587
2026-05-29 23:00:00+00:00,1780095600000,1682.0,1685.0,1680.01,1684.01,19484.048339,32794077.17015037
2026-06-01 00:00:00+00:00,1780272000000,1695.46,1736.01,1693.88,1733.32,56432.0,96896171.74
2026-06-01 01:00:00+00:00,1780275600000,1733.3,1740.59,1727.99,1738.95,21825.0,37838718.71999999
2026-06-01 02:00:00+00:00,1780279200000,1739.01,1754.78,1736.5,1742.0,31166.0,54394694.04999999
2026-06-01 03:00:00+00:00,1780282800000,1742.68,1745.58,1730.78,1730.78,16510.0,28702662.15
2026-06-01 04:00:00+00:00,1780286400000,1730.85,1740.34,1730.4,1735.74,7527.0,13065646.73
2026-06-01 05:00:00+00:00,1780290000000,1735.74,1736.4,1727.99,1735.77,12492.0,21638495.60000001
2026-06-01 06:00:00+00:00,1780293600000,1735.11,1737.49,1728.82,1736.03,8772.0,15197564.33
2026-06-01 07:00:00+00:00,1780297200000,1736.03,1741.85,1734.85,1738.51,7679.0,13352168.82
2026-06-01 08:00:00+00:00,1780300800000,1729.17,1742.524,1692.438,1740.0,99333.50754,172338529.83961242
2026-06-01 09:00:00+00:00,1780304400000,1748.0,1760.546,1739.429,1755.99,70259.53680799999,123160625.98504923
2026-06-01 10:00:00+00:00,1780308000000,1766.99,1772.217,1760.546,1770.91,55455.00850400002,97953503.27562462
2026-06-01 11:00:00+00:00,1780311600000,1761.0,1764.791,1742.821,1747.01,137589.25564299995,241183480.84089887
2026-06-01 12:00:00+00:00,1780315200000,1744.74,1770.01,1739.99,1762.35,154271.283691,271188583.7735875
2026-06-01 13:00:00+00:00,1780318800000,1753.783,1801.41,1693.98,1697.87,2290182.633728001,4010244683.414856
2026-06-01 14:00:00+00:00,1780322400000,1698.257,1776.01,1687.88,1762.267,2018056.2935319997,3513434998.0110645
2026-06-01 15:00:00+00:00,1780326000000,1762.212,1762.212,1739.12,1752.336,955115.6082079998,1672171229.8822978
2026-06-01 16:00:00+00:00,1780329600000,1752.371,1774.77,1750.46,1769.74,868159.017341,1531479734.4400673
2026-06-01 17:00:00+00:00,1780333200000,1770.472,1779.262,1756.02,1764.018,715851.2678619999,1264467366.909629
2026-06-01 18:00:00+00:00,1780336800000,1764.137,1774.72,1747.477,1752.814,650260.0883610001,1143233250.7429676
2026-06-01 19:00:00+00:00,1780340400000,1752.784,1769.755,1742.0,1760.811,1063294.674742,1868191411.818496
2026-06-01 20:00:00+00:00,1780344000000,1760.782,1764.6,1755.872,1762.523,170636.97855199996,300598009.004012
2026-06-01 21:00:00+00:00,1780347600000,1762.527,1766.7,1761.633,1766.333,15991.327668000002,28229450.754001237
2026-06-01 22:00:00+00:00,1780351200000,1766.319,1766.319,1756.01,1760.145,19129.437415,33694319.42476971
2026-06-01 23:00:00+00:00,1780354800000,1760.13,1761.5,1753.161,1755.961,17117.072147,30078831.246909715
2026-06-02 00:00:00+00:00,1780358400000,1761.53,1761.53,1722.35,1724.13,27714.0,48056967.08
2026-06-02 01:00:00+00:00,1780362000000,1724.02,1728.8,1716.93,1716.99,20664.0,35628106.69
2026-06-02 02:00:00+00:00,1780365600000,1716.9,1724.99,1711.01,1718.53,23671.0,40632280.13
2026-06-02 03:00:00+00:00,1780369200000,1718.12,1721.61,1708.99,1716.51,8931.0,15307907.34
2026-06-02 04:00:00+00:00,1780372800000,1716.77,1732.74,1716.77,1730.62,11484.0,19803869.3
2026-06-02 05:00:00+00:00,1780376400000,1730.29,1750.0,1726.05,1749.36,14832.0,25797206.18
2026-06-02 06:00:00+00:00,1780380000000,1750.01,1754.99,1724.21,1725.0,23311.0,40629748.56
2026-06-02 07:00:00+00:00,1780383600000,1724.51,1732.98,1714.45,1730.75,16563.0,28525196.48
2026-06-02 08:00:00+00:00,1780387200000,1756.059,1756.059,1724.14,1726.5,137532.399693,238506432.01624563
2026-06-02 09:00:00+00:00,1780390800000,1726.5,1735.5,1719.99,1734.37,27175.599447,46917582.70370767
2026-06-02 10:00:00+00:00,1780394400000,1734.379,1734.424,1724.33,1731.815,17324.510573,29942701.77462371
2026-06-02 11:00:00+00:00,1780398000000,1731.895,1762.496,1731.895,1749.75,102589.428605,179656330.87547657
2026-06-02 12:00:00+00:00,1780401600000,1749.75,1758.136,1749.001,1749.647,55189.296416000005,96712933.83245966
2026-06-02 13:00:00+00:00,1780405200000,1749.618,1768.1,1709.57,1759.01,1427831.602266,2485165034.0980515
2026-06-02 14:00:00+00:00,1780408800000,1758.98,1771.12,1717.99,1727.829,1442157.330475,2512934199.0308704
2026-06-02 15:00:00+00:00,1780412400000,1727.846,1748.878,1715.82,1747.236,704409.038875,1221372296.6328225
2026-06-02 16:00:00+00:00,1780416000000,1747.221,1750.01,1731.606,1735.023,514321.255842,895527632.9392433
2026-06-02 17:00:00+00:00,1780419600000,1735.019,1746.0,1728.88,1735.164,382626.94453,664211104.7428235
2026-06-02 18:00:00+00:00,1780423200000,1735.178,1744.622,1723.5,1728.567,446788.2282540001,774722343.494922
2026-06-02 19:00:00+00:00,1780426800000,1728.49,1747.745,1716.265,1716.5,1052265.801181,1819954524.105848
2026-06-02 20:00:00+00:00,1780430400000,1716.496,1726.473,1710.0,1721.797,165233.97465800005,283673225.03772545
2026-06-02 21:00:00+00:00,1780434000000,1721.831,1723.997,1720.95,1722.593,24401.250206,42028479.10281242
2026-06-02 22:00:00+00:00,1780437600000,1722.594,1722.595,1714.504,1717.19,25695.680597,44176666.75264957
2026-06-02 23:00:00+00:00,1780441200000,1717.19,1718.498,1709.01,1718.216,39920.06537699999,68388832.45623489
2026-06-03 00:00:00+00:00,1780444800000,1718.18,1735.0,1716.53,1731.49,9060.0,15634868.69
2026-06-03 01:00:00+00:00,1780448400000,1730.01,1730.01,1723.01,1725.64,3390.0,5854649.35
2026-06-03 02:00:00+00:00,1780452000000,1726.91,1728.81,1722.22,1724.28,4031.0,6955607.99
2026-06-03 03:00:00+00:00,1780455600000,1724.1,1727.02,1720.4,1722.21,5926.0,10216955.99
2026-06-03 04:00:00+00:00,1780459200000,1722.2,1725.17,1714.75,1716.41,11729.0,20163421.21
2026-06-03 05:00:00+00:00,1780462800000,1716.03,1719.81,1712.0,1713.26,8350.0,14337117.25
2026-06-03 06:00:00+00:00,1780466400000,1713.8,1716.02,1712.71,1713.48,5265.0,9027672.57
2026-06-03 07:00:00+00:00,1780470000000,1713.25,1720.29,1713.24,1719.0,4281.0,7349472.62
2026-06-03 08:00:00+00:00,1780473600000,1718.001,1742.788,1717.064,1742.788,75448.173591,130137498.97608545
2026-06-03 09:00:00+00:00,1780477200000,1742.823,1750.589,1738.685,1742.75,32801.800481,57267056.17155433
2026-06-03 10:00:00+00:00,1780480800000,1742.75,1748.123,1734.422,1740.095,22859.756498,39849413.274269834
2026-06-03 11:00:00+00:00,1780484400000,1740.079,1741.75,1728.01,1733.264,48212.843937,83730609.65584794
2026-06-03 12:00:00+00:00,1780488000000,1733.007,1733.439,1724.408,1732.399,52077.534235,90070642.05085659
2026-06-03 13:00:00+00:00,1780491600000,1732.4,1761.0,1710.0,1730.125,1767586.1071930004,3069798785.670624
2026-06-03 14:00:00+00:00,1780495200000,1726.0,1797.48,1711.4,1770.694,2258628.4362240005,3979093474.948909
2026-06-03 15:00:00+00:00,1780498800000,1771.022,1808.99,1771.022,1788.394,1445208.331513001,2590970219.340673
2026-06-03 16:00:00+00:00,1780502400000,1788.384,1805.03,1781.25,1802.684,980893.4911029998,1760246131.626936
2026-06-03 17:00:00+00:00,1780506000000,1802.737,1840.11,1789.99,1833.794,1386230.2409569998,2517311359.6325264
2026-06-03 18:00:00+00:00,1780509600000,1833.62,1835.99,1806.99,1812.238,835087.4801229998,1523071043.7811608
2026-06-03 19:00:00+00:00,1780513200000,1812.28,1860.48,1810.0,1835.339,1990494.1693100005,3657018891.463193
2026-06-03 20:00:00+00:00,1780516800000,1835.135,1835.135,1789.519,1801.117,195272.492542,353337803.40954584
2026-06-03 21:00:00+00:00,1780520400000,1800.966,1806.776,1768.501,1793.367,116596.260145,207949429.96860752
2026-06-03 22:00:00+00:00,1780524000000,1793.534,1794.662,1777.408,1784.191,45743.19058,81670958.27787252
2026-06-03 23:00:00+00:00,1780527600000,1784.234,1785.746,1778.26,1783.977,51883.184332,92447263.37757236
2026-06-04 00:00:00+00:00,1780531200000,1783.974,1805.41,1777.01,1798.98,13179.0,23597768.06
2026-06-04 01:00:00+00:00,1780534800000,1798.96,1802.87,1775.99,1778.66,13070.0,23349745.83
2026-06-04 02:00:00+00:00,1780538400000,1778.66,1783.77,1767.99,1773.42,13392.0,23764453.82
2026-06-04 03:00:00+00:00,1780542000000,1773.45,1789.99,1773.45,1784.97,9037.0,16122860.21
2026-06-04 04:00:00+00:00,1780545600000,1784.51,1790.48,1782.57,1782.57,5267.0,9409420.49
2026-06-04 05:00:00+00:00,1780549200000,1782.6,1784.0,1778.0,1783.62,11144.0,19841845.61
2026-06-04 06:00:00+00:00,1780552800000,1783.63,1790.89,1782.79,1786.66,6019.0,10754547.12
2026-06-04 07:00:00+00:00,1780556400000,1788.01,1794.33,1784.01,1790.0,3915.0,7002739.04
2026-06-04 08:00:00+00:00,1780560000000,1783.961,1785.769,1763.81,1765.312,73131.10383400001,130040412.4777498
2026-06-04 09:00:00+00:00,1780563600000,1765.311,1765.311,1711.148,1739.246,152319.29552500002,263920307.56359556
2026-06-04 10:00:00+00:00,1780567200000,1739.247,1739.249,1714.734,1724.208,84532.62547800006,145803875.84767833
2026-06-04 11:00:00+00:00,1780570800000,1724.446,1739.718,1720.0,1733.928,135771.54626600002,234671437.20953223
2026-06-04 12:00:00+00:00,1780574400000,1733.883,1751.984,1729.282,1745.837,142261.49942699997,248148198.7439601
2026-06-04 13:00:00+00:00,1780578000000,1745.822,1821.1,1725.47,1774.592,2770897.419748001,4928440901.519489
2026-06-04 14:00:00+00:00,1780581600000,1774.371,1819.16,1739.71,1780.587,2213301.839695,3940575211.213464
2026-06-04 15:00:00+00:00,1780585200000,1780.865,1816.99,1778.07,1804.455,1054116.1788349997,1895494003.629292
2026-06-04 16:00:00+00:00,1780588800000,1804.533,1825.02,1803.536,1819.505,922346.2531879996,1675707327.9330437
2026-06-04 17:00:00+00:00,1780592400000,1819.482,1822.21,1800.86,1807.445,581771.9453950002,1053211306.7633948
2026-06-04 18:00:00+00:00,1780596000000,1807.454,1823.269,1779.61,1781.517,648158.1906139998,1168382852.7487893
2026-06-04 19:00:00+00:00,1780599600000,1781.52,1797.99,1755.42,1759.71,1051608.359071,1867484192.26088
2026-06-04 20:00:00+00:00,1780603200000,1759.519,1768.353,1749.047,1753.235,162165.494393,284819949.87292534
2026-06-04 21:00:00+00:00,1780606800000,1753.196,1757.4,1749.279,1756.261,16005.207326000002,28065270.291444737
2026-06-04 22:00:00+00:00,1780610400000,1756.259,1756.259,1740.0,1745.253,39223.271095,68427220.38469858
2026-06-04 23:00:00+00:00,1780614000000,1745.295,1745.503,1724.279,1730.384,67906.60047599999,117615413.59928025
2026-06-05 00:00:00+00:00,1780617600000,1734.5,1737.98,1706.02,1719.01,30015.0,51592320.49
2026-06-05 01:00:00+00:00,1780621200000,1718.1,1733.96,1700.0,1730.5,41895.0,71818428.7
2026-06-05 02:00:00+00:00,1780624800000,1730.49,1734.92,1723.0,1724.0,17327.0,29981417.67
2026-06-05 03:00:00+00:00,1780628400000,1724.0,1726.12,1717.01,1718.07,9553.0,16442050.59
2026-06-05 04:00:00+00:00,1780632000000,1717.69,1733.99,1717.58,1733.3,10213.0,17641164.7
2026-06-05 05:00:00+00:00,1780635600000,1732.99,1733.55,1722.99,1725.13,9982.0,17278843.61
2026-06-05 06:00:00+00:00,1780639200000,1724.4,1726.4,1716.29,1718.75,10667.0,18357646.9
2026-06-05 07:00:00+00:00,1780642800000,1719.05,1721.91,1708.99,1719.99,16680.0,28589890.54
2026-06-05 08:00:00+00:00,1780646400000,1728.199,1728.199,1704.795,1714.5,120932.98083,207793856.18892673
2026-06-05 09:00:00+00:00,1780650000000,1714.5,1726.476,1713.5,1725.219,21266.242931,36663804.55040249
2026-06-05 10:00:00+00:00,1780653600000,1725.22,1742.012,1722.239,1734.5,29080.626095,50469414.95562206
2026-06-05 11:00:00+00:00,1780657200000,1734.5,1736.786,1718.581,1719.732,58171.087412,100451823.19423108
2026-06-05 12:00:00+00:00,1780660800000,1719.73,1722.579,1707.016,1709.846,118657.77019300002,203463427.81209868
2026-06-05 13:00:00+00:00,1780664400000,1709.83,1721.609,1615.99,1617.365,2570611.869818,4246827924.0971656
2026-06-05 14:00:00+00:00,1780668000000,1617.83,1674.99,1614.99,1671.901,1688455.7619079996,2788290687.224018
2026-06-05 15:00:00+00:00,1780671600000,1671.857,1671.857,1622.34,1639.897,1192986.3796070002,1961388787.4132311
2026-06-05 16:00:00+00:00,1780675200000,1639.898,1639.898,1570.5,1585.898,1673735.0163380003,2682316857.905673
2026-06-05 17:00:00+00:00,1780678800000,1585.974,1586.09,1552.99,1575.902,1288240.8789350002,2018228498.8915608
2026-06-05 18:00:00+00:00,1780682400000,1576.033,1578.83,1514.888,1553.681,1325860.235473,2045276772.3374972
2026-06-05 19:00:00+00:00,1780686000000,1553.2,1581.314,1532.32,1557.993,1973015.57769,3076944231.8162966
2026-06-05 20:00:00+00:00,1780689600000,1557.984,1560.828,1514.005,1535.967,234496.264411,358966647.0640944
2026-06-05 21:00:00+00:00,1780693200000,1536.076,1562.994,1536.076,1562.994,87609.246388,135935829.59524125
2026-06-05 22:00:00+00:00,1780696800000,1563.036,1573.004,1553.636,1555.445,49181.05699900001,77014082.75023267
2026-06-05 23:00:00+00:00,1780700400000,1555.445,1555.49,1517.949,1528.857,82459.05683000002,126643728.18595652
2026-06-06 00:00:00+00:00,1780704000000,1528.86,1528.874,1528.86,1528.874,0.0,0.0
2026-06-08 00:00:00+00:00,1780876800000,1535.01,1630.6,1528.01,1608.0,72036.0,114883972.8
2026-06-08 01:00:00+00:00,1780880400000,1606.42,1607.08,1543.63,1587.02,42397.0,66788261.06
2026-06-08 02:00:00+00:00,1780884000000,1588.69,1626.17,1586.46,1610.04,38352.0,61702233.39
2026-06-08 03:00:00+00:00,1780887600000,1610.05,1615.65,1602.05,1603.42,7478.0,12023329.79
2026-06-08 04:00:00+00:00,1780891200000,1604.0,1606.92,1570.32,1572.85,12877.0,20428510.49
2026-06-08 05:00:00+00:00,1780894800000,1574.33,1582.01,1532.86,1545.48,31148.0,48479042.8
2026-06-08 06:00:00+00:00,1780898400000,1546.37,1557.62,1536.06,1550.8,14740.0,22777842.96
2026-06-08 07:00:00+00:00,1780902000000,1551.0,1583.99,1528.874,1580.65,23676.0,37170343.04
2026-06-08 08:00:00+00:00,1780905600000,1537.236,1607.816,1537.236,1584.7,179720.13439399994,282688862.38960415
2026-06-08 09:00:00+00:00,1780909200000,1584.917,1588.325,1577.495,1584.23,13283.493748,21057779.343810104
2026-06-08 10:00:00+00:00,1780912800000,1584.23,1603.619,1582.78,1601.5,41045.80865499999,65456502.20042687
2026-06-08 11:00:00+00:00,1780916400000,1601.5,1639.496,1595.182,1627.199,250956.53107099995,407779518.29379886
2026-06-08 12:00:00+00:00,1780920000000,1627.124,1635.698,1625.954,1635.035,206974.12290299995,337781416.72168696
2026-06-08 13:00:00+00:00,1780923600000,1635.035,1651.38,1602.58,1614.802,1562291.9902130002,2548875944.9901314
2026-06-08 14:00:00+00:00,1780927200000,1614.655,1679.99,1605.02,1679.385,1526992.2894290003,2503569213.788833
2026-06-08 15:00:00+00:00,1780930800000,1680.01,1694.85,1659.02,1661.981,1124000.8057989995,1884196607.9852788
2026-06-08 16:00:00+00:00,1780934400000,1661.972,1664.445,1642.39,1643.968,558359.5885260002,923367626.9392744
2026-06-08 17:00:00+00:00,1780938000000,1643.973,1644.77,1620.34,1622.621,661807.995658,1078898057.5071492
2026-06-08 18:00:00+00:00,1780941600000,1622.905,1646.936,1622.905,1636.963,497256.69448899984,814478917.5521071
2026-06-08 19:00:00+00:00,1780945200000,1636.973,1643.34,1616.72,1641.212,919287.433188,1500170729.4067965
2026-06-08 20:00:00+00:00,1780948800000,1641.2,1658.005,1635.607,1646.553,130498.77250099998,215264093.58049753
2026-06-08 21:00:00+00:00,1780952400000,1646.552,1653.963,1646.551,1652.273,17366.557906000005,28664043.923803885
2026-06-08 22:00:00+00:00,1780956000000,1652.274,1652.735,1636.42,1645.919,26590.143991,43722514.11824437
2026-06-08 23:00:00+00:00,1780959600000,1645.933,1652.494,1645.283,1649.0,20105.933679999995,33143753.042178173
2026-06-09 00:00:00+00:00,1780963200000,1644.96,1656.0,1622.01,1627.99,9572.0,15678631.29
2026-06-09 01:00:00+00:00,1780966800000,1629.0,1652.99,1622.99,1647.97,12996.0,21301937.38
2026-06-09 02:00:00+00:00,1780970400000,1647.98,1654.63,1646.0,1653.92,5218.0,8614056.97
2026-06-09 03:00:00+00:00,1780974000000,1654.18,1674.2,1650.5,1673.01,13179.0,21928205.6
2026-06-09 04:00:00+00:00,1780977600000,1673.98,1690.26,1669.3,1682.0,17479.0,29390011.24
2026-06-09 05:00:00+00:00,1780981200000,1682.01,1698.24,1680.0,1691.97,17569.0,29694483.63
2026-06-09 06:00:00+00:00,1780984800000,1691.01,1699.51,1686.99,1693.89,17824.0,30206903.13
2026-06-09 07:00:00+00:00,1780988400000,1692.97,1699.41,1687.21,1688.99,7594.0,12857325.17
2026-06-09 08:00:00+00:00,1780992000000,1655.582,1699.84,1655.582,1693.94,114084.92035500002,192878343.69921088
2026-06-09 09:00:00+00:00,1780995600000,1693.94,1698.749,1693.745,1698.651,10456.547317,17754895.282608636
2026-06-09 10:00:00+00:00,1780999200000,1698.65,1699.5,1687.605,1694.0,15311.663991,25936087.715414297
2026-06-09 11:00:00+00:00,1781002800000,1694.0,1712.2,1692.993,1701.697,126424.01581,215616399.16958505
2026-06-09 12:00:00+00:00,1781006400000,1701.661,1704.803,1690.99,1701.609,94771.688218,159664886.35771877
2026-06-09 13:00:00+00:00,1781010000000,1701.591,1783.95,1685.595,1757.174,2255078.269782,3932199147.1841664
2026-06-09 14:00:00+00:00,1781013600000,1758.25,1801.6,1681.18,1711.461,3223097.8458129987,5631467464.3570795
2026-06-09 15:00:00+00:00,1781017200000,1711.643,1753.0,1635.11,1639.611,2117789.1645420007,3596225404.349764
2026-06-09 16:00:00+00:00,1781020800000,1639.503,1653.04,1537.01,1588.084,2059999.0573410003,3273536880.0240717
2026-06-09 17:00:00+00:00,1781024400000,1588.341,1670.988,1580.98,1637.5,2017356.508351,3297069433.722568
2026-06-09 18:00:00+00:00,1781028000000,1637.469,1677.0,1618.99,1675.336,971291.079094,1605948405.089501
2026-06-09 19:00:00+00:00,1781031600000,1675.324,1682.958,1610.775,1648.245,1540791.3358859995,2530065811.9187546
2026-06-09 20:00:00+00:00,1781035200000,1648.071,1667.359,1646.209,1660.444,191902.68506200003,316979078.91459125
2026-06-09 21:00:00+00:00,1781038800000,1660.453,1661.496,1622.806,1633.309,47585.927289,78095049.74625123
2026-06-09 22:00:00+00:00,1781042400000,1633.335,1637.083,1616.5,1619.521,39440.458355,64204353.067166574
2026-06-09 23:00:00+00:00,1781046000000,1619.56,1627.483,1604.257,1627.27,73561.52530099999,118947757.93424444
2026-06-10 00:00:00+00:00,1781049600000,1613.06,1667.02,1613.06,1643.99,20609.0,33981141.78
2026-06-10 01:00:00+00:00,1781053200000,1643.0,1660.0,1631.99,1635.02,8849.0,14563089.09
2026-06-10 02:00:00+00:00,1781056800000,1635.01,1635.01,1616.99,1620.36,9722.0,15782850.28
2026-06-10 03:00:00+00:00,1781060400000,1620.02,1632.0,1618.98,1623.94,3559.0,5783007.24
2026-06-10 04:00:00+00:00,1781064000000,1623.01,1624.53,1587.4,1598.02,17022.0,27307704.63
2026-06-10 05:00:00+00:00,1781067600000,1598.11,1612.0,1594.99,1605.99,9161.0,14685852.93
2026-06-10 06:00:00+00:00,1781071200000,1606.0,1626.0,1605.55,1621.04,10319.0,16716648.65
2026-06-10 07:00:00+00:00,1781074800000,1622.18,1627.99,1612.0,1614.02,6569.0,10640007.47
2026-06-10 08:00:00+00:00,1781078400000,1625.724,1625.724,1592.7,1593.756,87548.82681700004,140763656.4858252
2026-06-10 09:00:00+00:00,1781082000000,1593.754,1619.99,1592.15,1613.821,31216.205465000003,50143708.37858515
2026-06-10 10:00:00+00:00,1781085600000,1613.805,1620.495,1599.296,1619.241,26299.095856999997,42333888.66296601
2026-06-10 11:00:00+00:00,1781089200000,1619.201,1621.71,1584.462,1588.309,97411.23894799998,156367072.93379
2026-06-10 12:00:00+00:00,1781092800000,1588.285,1657.341,1575.0,1624.957,331134.24737500004,539082283.0947089
2026-06-10 13:00:00+00:00,1781096400000,1624.903,1720.0,1590.15,1678.325,1974567.738247,3284631431.1469035
2026-06-10 14:00:00+00:00,1781100000000,1679.5,1764.0,1663.108,1699.487,2555080.534285001,4401751704.020707
2026-06-10 15:00:00+00:00,1781103600000,1699.46,1714.76,1632.01,1679.656,1762322.1632200005,2946594550.22189
2026-06-10 16:00:00+00:00,1781107200000,1679.674,1684.13,1644.241,1647.839,797123.521303,1324584619.2409143
2026-06-10 17:00:00+00:00,1781110800000,1647.911,1673.745,1639.21,1670.257,581211.0049240002,961267670.8566275
2026-06-10 18:00:00+00:00,1781114400000,1670.456,1681.905,1641.17,1645.481,714213.1783219998,1189237006.0158224
2026-06-10 19:00:00+00:00,1781118000000,1645.63,1659.571,1626.106,1642.254,895378.5198400001,1471349197.5245888
2026-06-10 20:00:00+00:00,1781121600000,1641.595,1643.933,1623.252,1630.005,155329.58850899994,254553787.9234544
2026-06-10 21:00:00+00:00,1781125200000,1630.005,1636.059,1624.211,1629.13,18406.209759,30010809.638176247
2026-06-10 22:00:00+00:00,1781128800000,1629.13,1629.75,1602.109,1602.513,54853.323762000015,88555063.26273105
2026-06-10 23:00:00+00:00,1781132400000,1602.511,1619.999,1595.52,1614.395,51006.49977799999,81940146.4645648
2026-06-11 00:00:00+00:00,1781136000000,1614.37,1694.67,1595.0,1691.11,39365.0,65095547.51
2026-06-11 01:00:00+00:00,1781139600000,1691.11,1720.01,1676.61,1680.58,67672.0,115018355.52
2026-06-11 02:00:00+00:00,1781143200000,1680.58,1691.14,1646.25,1670.99,33402.0,55569594.71
2026-06-11 03:00:00+00:00,1781146800000,1670.18,1687.0,1660.1,1685.65,8977.0,15015549.76
2026-06-11 04:00:00+00:00,1781150400000,1686.97,1700.0,1674.29,1691.94,13471.0,22754411.09
2026-06-11 05:00:00+00:00,1781154000000,1690.0,1690.0,1680.0,1683.67,5377.0,9055133.44
2026-06-11 06:00:00+00:00,1781157600000,1684.13,1702.18,1674.99,1695.99,11469.0,19411546.24
2026-06-11 07:00:00+00:00,1781161200000,1697.35,1709.0,1694.26,1708.51,12619.0,21505481.83
2026-06-11 08:00:00+00:00,1781164800000,1629.474,1744.915,1629.474,1733.5,155970.621407,267807748.98948884
2026-06-11 09:00:00+00:00,1781168400000,1733.5,1738.081,1718.0,1733.0,45501.060426,78694639.11970419
2026-06-11 10:00:00+00:00,1781172000000,1733.033,1741.75,1728.615,1728.615,33486.888433,58176841.597116604
2026-06-11 11:00:00+00:00,1781175600000,1728.615,1729.99,1714.879,1722.7,184988.59844299997,312489289.0863004
2026-06-11 12:00:00+00:00,1781179200000,1722.667,1725.59,1675.151,1709.924,189931.780211,322954661.9877605
2026-06-11 13:00:00+00:00,1781182800000,1709.92,1736.465,1671.365,1728.031,1777762.354064,3043371284.860527
2026-06-11 14:00:00+00:00,1781186400000,1728.29,1783.8,1712.51,1715.956,2250278.142746001,3950280244.327137
2026-06-11 15:00:00+00:00,1781190000000,1715.989,1768.99,1713.26,1765.827,1202497.4794149995,2094459484.5011628
2026-06-11 16:00:00+00:00,1781193600000,1765.8,1782.595,1757.683,1766.251,939585.9703870002,1665259973.3226795
2026-06-11 17:00:00+00:00,1781197200000,1766.163,1831.99,1758.553,1821.709,1725019.8040699998,3114162899.6113143
2026-06-11 18:00:00+00:00,1781200800000,1821.752,1838.07,1808.66,1835.912,1342363.086971,2447958830.298968
2026-06-11 19:00:00+00:00,1781204400000,1882.575,1884.255,1879.225,1879.95,2363578.784422,4423171792.432526
2026-06-11 20:00:00+00:00,1781208000000,1880.46,1881.695,1862.519,1867.251,168052.14891999992,315151236.6135713
2026-06-11 21:00:00+00:00,1781211600000,1867.25,1888.979,1865.37,1886.621,67673.24505200001,127263543.57639308
2026-06-11 22:00:00+00:00,1781215200000,1886.623,1916.675,1885.886,1908.163,146016.45987899997,278173373.22414297
2026-06-11 23:00:00+00:00,1781218800000,1908.203,1914.77,1897.013,1914.445,104585.87418,199418749.54215536
2026-06-12 00:00:00+00:00,1781222400000,1907.01,1965.0,1900.0,1944.39,67158.0,130500865.7
2026-06-12 01:00:00+00:00,1781226000000,1944.26,1944.26,1890.06,1913.52,47901.0,91780843.89
2026-06-12 02:00:00+00:00,1781229600000,1913.52,1942.01,1910.0,1920.0,18938.0,36409310.52
2026-06-12 03:00:00+00:00,1781233200000,1918.28,1920.56,1902.98,1907.05,15374.0,29363413.53
2026-06-12 04:00:00+00:00,1781236800000,1907.13,1918.47,1901.62,1914.99,8715.0,16650187.8
2026-06-12 05:00:00+00:00,1781240400000,1914.99,1916.13,1860.0,1864.91,30203.0,56923103.68
2026-06-12 06:00:00+00:00,1781244000000,1864.36,1892.17,1853.0,1865.7,27821.0,52095233.12
2026-06-12 07:00:00+00:00,1781247600000,1865.07,1878.17,1839.99,1877.0,23807.0,44216897.41
2026-06-12 08:00:00+00:00,1781251200000,1914.489,1914.489,1861.774,1874.475,181720.016109,341230139.1611515
2026-06-12 09:00:00+00:00,1781254800000,1874.475,1901.295,1874.475,1897.516,40262.85468,76214729.2728432
2026-06-12 10:00:00+00:00,1781258400000,1897.523,1904.379,1882.5,1887.706,29308.253908999995,55487001.77385088
2026-06-12 11:00:00+00:00,1781262000000,1887.84,1908.471,1887.84,1895.504,102295.636627,194322141.6390527
2026-06-12 12:00:00+00:00,1781265600000,1895.505,1895.505,1857.508,1861.282,128129.272761,240131516.16715488
2026-06-12 13:00:00+00:00,1781269200000,1861.235,1982.28,1854.797,1967.695,2518048.569504,4848901379.473362
2026-06-12 14:00:00+00:00,1781272800000,1968.89,1996.37,1935.84,1968.0,2301179.1483929995,4541293516.550498
2026-06-12 15:00:00+00:00,1781276400000,1970.228,1995.01,1950.59,1952.42,1262669.2174030002,2498805461.473024
2026-06-12 16:00:00+00:00,1781280000000,1955.0,2020.99,1952.625,2012.459,1328963.9543049994,2648847363.703024
2026-06-12 17:00:00+00:00,1781283600000,2012.555,2015.99,1994.551,1998.798,777755.693136,1559645391.1077256
2026-06-12 18:00:00+00:00,1781287200000,1998.802,2001.16,1983.17,1985.9,618914.805059,1233757645.8325558
2026-06-12 19:00:00+00:00,1781290800000,1988.696,1996.71,1969.24,1981.393,1373962.879775,2724747967.5422115
2026-06-12 20:00:00+00:00,1781294400000,1981.361,1986.75,1967.99,1980.522,598933.551895,1185733428.7488697
2026-06-12 21:00:00+00:00,1781298000000,1980.519,1986.175,1979.07,1985.364,21849.146308,43292023.03480516
2026-06-12 22:00:00+00:00,1781301600000,1985.358,1987.62,1982.625,1987.225,12374.502368999998,24561169.69164047
2026-06-12 23:00:00+00:00,1781305200000,1987.225,1994.865,1986.263,1994.865,25011.742017,49842128.894983135
2026-06-13 00:00:00+00:00,1781308800000,1994.87,1994.892,1994.87,1994.892,0.0,0.0
2026-06-13 13:00:00+00:00,1781355600000,1993.08,1993.08,1993.08,1993.08,0.00738,14.7089304
2026-06-13 14:00:00+00:00,1781359200000,1993.08,1993.08,1993.08,1993.08,0.00625,12.45675
2026-06-13 16:00:00+00:00,1781366400000,1994.15,1996.21,1992.44,1993.43,0.0301,60.0141355
2026-06-14 14:00:00+00:00,1781445600000,1995.3,1995.3,1995.3,1995.3,0.006,11.9718
2026-06-15 00:00:00+00:00,1781481600000,2032.01,2076.99,2000.0,2063.21,53041.0,109459840.61
2026-06-15 01:00:00+00:00,1781485200000,2062.14,2062.14,2045.01,2055.07,21591.0,44421786.98
2026-06-15 02:00:00+00:00,1781488800000,2055.81,2070.01,2055.0,2069.26,15082.0,31140036.36
2026-06-15 03:00:00+00:00,1781492400000,2068.07,2075.01,2062.5,2074.04,22046.0,45659212.87
2026-06-15 04:00:00+00:00,1781496000000,2074.0,2082.5,2071.35,2077.58,22328.0,46382938.8
2026-06-15 05:00:00+00:00,1781499600000,2078.0,2083.52,2073.31,2073.99,17679.0,36763726.67
2026-06-15 06:00:00+00:00,1781503200000,2073.95,2080.07,2073.34,2076.77,9310.0,19345074.47
2026-06-15 07:00:00+00:00,1781506800000,2076.78,2090.01,2074.1,2085.01,16780.0,34944379.75
2026-06-15 08:00:00+00:00,1781510400000,2009.244,2097.0,2009.244,2088.542,175823.09234799998,366214675.1402444
2026-06-15 09:00:00+00:00,1781514000000,2088.535,2091.998,2077.125,2081.939,35753.465478,74561649.84089555
2026-06-15 10:00:00+00:00,1781517600000,2081.949,2089.819,2078.776,2085.307,34546.95370700001,72071308.98167485
2026-06-15 11:00:00+00:00,1781521200000,2085.311,2124.248,2085.124,2111.576,244588.52561399995,515708473.5788952
2026-06-15 12:00:00+00:00,1781524800000,2111.064,2113.521,2086.0,2087.681,184483.7885510001,387041693.6952667
2026-06-15 13:00:00+00:00,1781528400000,2087.619,2118.45,2022.99,2025.21,1987937.673031001,4113877581.736279
2026-06-15 14:00:00+00:00,1781532000000,2025.26,2102.51,2022.32,2088.62,1628156.1992979993,3379694401.0100408
2026-06-15 15:00:00+00:00,1781535600000,2089.51,2116.725,2088.599,2106.862,1042183.5133910002,2192910022.828268
2026-06-15 16:00:00+00:00,1781539200000,2106.842,2115.01,2100.66,2103.304,484794.19504399993,1022580952.6717424
2026-06-15 17:00:00+00:00,1781542800000,2103.236,2110.67,2086.996,2103.089,563054.578848,1183520679.995489
2026-06-15 18:00:00+00:00,1781546400000,2103.223,2109.27,2089.197,2089.238,452731.787191,951629132.726832
2026-06-15 19:00:00+00:00,1781550000000,2104.08,2109.69,2104.08,2108.26,980564.345189,2055132648.5711029
2026-06-15 20:00:00+00:00,1781553600000,2108.433,2119.99,2096.506,2103.5,147880.10052700003,312369990.4291224
2026-06-15 21:00:00+00:00,1781557200000,2103.5,2106.0,2101.453,2103.0,13152.255389000002,27681925.441281352
2026-06-15 22:00:00+00:00,1781560800000,2103.0,2103.504,2095.325,2097.522,24799.000847,52045387.8086895
2026-06-15 23:00:00+00:00,1781564400000,2097.56,2105.0,2094.18,2103.186,23914.179073,50199135.72534209
2026-06-16 00:00:00+00:00,1781568000000,2103.192,2107.85,2066.99,2069.99,12158.0,25358893.69
2026-06-16 01:00:00+00:00,1781571600000,2070.01,2088.22,2066.15,2083.49,11154.0,23170415.49
2026-06-16 02:00:00+00:00,1781575200000,2083.51,2085.47,2075.98,2082.19,4428.0,9214461.66
2026-06-16 03:00:00+00:00,1781578800000,2081.3,2097.99,2080.01,2091.97,8756.0,18291964.44
2026-06-16 04:00:00+00:00,1781582400000,2090.43,2118.99,2086.19,2111.97,15092.0,31784332.48
2026-06-16 05:00:00+00:00,1781586000000,2111.97,2114.98,2097.98,2097.98,6869.0,14473523.96
2026-06-16 06:00:00+00:00,1781589600000,2097.99,2111.88,2095.01,2106.93,5193.0,10934361.7
2026-06-16 07:00:00+00:00,1781593200000,2106.94,2110.0,2100.99,2106.01,4170.0,8778449.38
2026-06-16 08:00:00+00:00,1781596800000,2103.224,2147.01,2089.112,2145.326,120332.19806299996,255362035.5282505
2026-06-16 09:00:00+00:00,1781600400000,2145.32,2147.688,2137.005,2139.3,34489.169872,73869393.77806178
2026-06-16 10:00:00+00:00,1781604000000,2139.3,2164.312,2137.888,2153.499,50483.254315,108754757.15786688
2026-06-16 11:00:00+00:00,1781607600000,2153.5,2167.088,2146.0,2152.505,96592.720661,208610139.69891375
2026-06-16 12:00:00+00:00,1781611200000,2152.505,2152.991,2124.166,2125.044,101414.02956299996,216503801.86098823
2026-06-16 13:00:00+00:00,1781614800000,2125.027,2165.99,2099.35,2102.139,1463871.8681589996,3123905055.233481
2026-06-16 14:00:00+00:00,1781618400000,2102.487,2124.25,2044.71,2048.811,1618050.169135,3371026305.773829
2026-06-16 15:00:00+00:00,1781622000000,2048.928,2064.11,1991.0,2019.597,1450374.8223,2940510510.053497
2026-06-16 16:00:00+00:00,1781625600000,2019.945,2072.58,2019.945,2038.158,1018656.4419239996,2086494431.789244
2026-06-16 17:00:00+00:00,1781629200000,2038.283,2045.59,2019.99,2035.11,499048.372466,1013576826.2071974
2026-06-16 18:00:00+00:00,1781632800000,2035.41,2039.068,2004.0,2008.563,570103.0110080002,1151128112.5111928
2026-06-16 19:00:00+00:00,1781636400000,2008.45,2039.76,1980.63,1992.88,1438023.7890009996,2884548743.2354364
2026-06-16 20:00:00+00:00,1781640000000,1992.034,2017.345,1991.985,2012.067,176456.36306200002,352582188.06471235
2026-06-16 21:00:00+00:00,1781643600000,2012.066,2021.485,2007.99,2019.672,27404.378753,55258246.86674458
2026-06-16 22:00:00+00:00,1781647200000,2019.702,2033.878,2018.255,2026.779,32984.189845999994,66868861.268471725
2026-06-16 23:00:00+00:00,1781650800000,2026.732,2026.732,2017.021,2018.471,20669.115753,41773192.377906136
2026-06-17 00:00:00+00:00,1781654400000,2023.89,2057.77,2018.476,2039.57,20469.0,41795378.12
2026-06-17 01:00:00+00:00,1781658000000,2039.7,2043.5,2027.24,2039.66,12347.0,25134686.43
2026-06-17 02:00:00+00:00,1781661600000,2038.83,2051.46,2036.61,2042.01,11144.0,22800813.65
2026-06-17 03:00:00+00:00,1781665200000,2042.01,2043.79,2032.18,2040.0,4479.0,9129401.48
2026-06-17 04:00:00+00:00,1781668800000,2040.0,2047.01,2036.6,2044.07,5522.0,11286424.33
2026-06-17 05:00:00+00:00,1781672400000,2045.0,2065.36,2044.01,2056.01,24158.0,49655027.13
2026-06-17 06:00:00+00:00,1781676000000,2056.16,2067.01,2050.47,2055.0,11186.0,23021740.95
2026-06-17 07:00:00+00:00,1781679600000,2055.57,2061.43,2050.1,2057.1,10579.0,21748382.17
2026-06-17 08:00:00+00:00,1781683200000,2018.499,2070.499,2018.499,2048.5,111347.41164500004,228883935.5493934
2026-06-17 09:00:00+00:00,1781686800000,2048.5,2052.925,2041.81,2044.885,10798.569887999998,22105851.764567763
2026-06-17 10:00:00+00:00,1781690400000,2044.885,2046.5,2034.975,2042.25,8612.686652,17576397.99006957
2026-06-17 11:00:00+00:00,1781694000000,2042.375,2047.39,2024.572,2028.732,47167.026047,96236628.42365785
2026-06-17 12:00:00+00:00,1781697600000,2028.693,2066.307,2028.693,2058.277,81124.122215,166594461.1652564
2026-06-17 13:00:00+00:00,1781701200000,2058.302,2074.0,1961.55,1965.472,1446458.169074,2910136422.6508255
2026-06-17 14:00:00+00:00,1781704800000,1965.514,1997.77,1939.99,1952.514,1475182.466381,2905124331.919521
2026-06-17 15:00:00+00:00,1781708400000,1952.525,2002.98,1948.505,1991.333,1018786.9947509998,2021600835.7260964
2026-06-17 16:00:00+00:00,1781712000000,1991.422,2007.67,1984.865,1995.472,593453.12654,1184962931.471832
2026-06-17 17:00:00+00:00,1781715600000,1995.465,2020.3,1993.99,2018.076,489875.846063,983283011.1499298
2026-06-17 18:00:00+00:00,1781719200000,2018.026,2053.275,1970.749,2015.012,1338924.3942860002,2698987593.0165486
2026-06-17 19:00:00+00:00,1781722800000,2015.002,2031.23,1946.296,1960.212,1583336.365712,3143767395.8894277
2026-06-17 20:00:00+00:00,1781726400000,1960.177,1988.78,1960.088,1984.675,142174.89913900002,280904331.7722655
2026-06-17 21:00:00+00:00,1781730000000,1984.537,1992.598,1983.666,1986.475,25484.93774,50664127.58494567
2026-06-17 22:00:00+00:00,1781733600000,1986.475,2002.258,1980.901,1999.984,31491.382873,62855168.96087518
2026-06-17 23:00:00+00:00,1781737200000,1999.987,2016.393,1999.987,2009.505,44969.405588,90443804.10993156
2026-06-18 00:00:00+00:00,1781740800000,2015.0,2028.01,2006.99,2010.0,14863.0,30013545.73
2026-06-18 01:00:00+00:00,1781744400000,2009.99,2022.0,2009.99,2017.9,7360.0,14857190.09
2026-06-18 02:00:00+00:00,1781748000000,2017.89,2020.22,2015.95,2019.24,4377.0,8833478.66
2026-06-18 03:00:00+00:00,1781751600000,2019.25,2034.01,2019.04,2030.02,7276.0,14731895.16
2026-06-18 04:00:00+00:00,1781755200000,2030.17,2033.19,2019.43,2023.63,7401.0,14982228.11
2026-06-18 05:00:00+00:00,1781758800000,2022.07,2033.94,2019.44,2032.0,11009.0,22325237.77
2026-06-18 06:00:00+00:00,1781762400000,2031.99,2032.7,2023.44,2031.97,7793.0,15810367.76
2026-06-18 07:00:00+00:00,1781766000000,2031.97,2038.91,2029.75,2036.0,6368.0,12952133.65
2026-06-18 08:00:00+00:00,1781769600000,2014.157,2042.553,2014.157,2034.0,68818.65422000001,139803974.30386624
2026-06-18 09:00:00+00:00,1781773200000,2035.86,2045.5,2033.006,2044.506,16602.059046000002,33879860.079908006
2026-06-18 10:00:00+00:00,1781776800000,2044.505,2044.621,2032.75,2036.058,16878.356869999996,34392325.6543532
2026-06-18 11:00:00+00:00,1781780400000,2036.048,2046.4,2030.146,2038.935,59671.11304900001,121559855.27757566
2026-06-18 12:00:00+00:00,1781784000000,2038.946,2056.85,2033.22,2051.152,76024.380537,155533095.2778957
2026-06-18 13:00:00+00:00,1781787600000,2051.127,2126.23,2030.0,2119.195,2056029.647598001,4294369705.681129
2026-06-18 14:00:00+00:00,1781791200000,2119.382,2188.8,2119.382,2164.623,2282772.060825,4924924351.34377
2026-06-18 15:00:00+00:00,1781794800000,2164.645,2183.23,2156.37,2172.028,1045216.8253979998,2269929572.3950586
2026-06-18 16:00:00+00:00,1781798400000,2172.063,2186.01,2157.561,2170.415,800778.2989490001,1737946038.6311228
2026-06-18 17:00:00+00:00,1781802000000,2170.498,2181.72,2161.499,2174.809,661424.7642700003,1438289315.4975722
2026-06-18 18:00:00+00:00,1781805600000,2175.042,2190.12,2154.07,2161.178,885606.2566810005,1927905042.372212
2026-06-18 19:00:00+00:00,1781809200000,2161.145,2189.6,2154.69,2185.456,1858715.097296,4047665503.7274446
2026-06-18 20:00:00+00:00,1781812800000,2185.421,2208.055,2184.509,2203.052,258654.85752999992,568589980.4767537
2026-06-18 21:00:00+00:00,1781816400000,2203.06,2212.525,2199.5,2210.981,60851.16106599999,134210722.50259204
2026-06-18 22:00:00+00:00,1781820000000,2210.984,2217.999,2198.288,2201.0,55602.436061,122922596.2204184
2026-06-18 23:00:00+00:00,1781823600000,2201.0,2210.027,2199.5,2209.544,31623.307633,69710830.44918442
2026-06-19 00:00:00+00:00,1781827200000,2209.545,2210.03,2208.99,2208.99,0.01355,29.9388657
2026-06-19 03:00:00+00:00,1781838000000,2208.99,2208.99,2205.22,2205.22,0.94519,2086.0260789
2026-06-19 04:00:00+00:00,1781841600000,2204.93,2204.93,2190.77,2190.77,0.96839,2130.6661303
2026-06-19 05:00:00+00:00,1781845200000,2190.33,2190.33,2183.44,2183.44,2.5103,5491.487426
2026-06-19 13:00:00+00:00,1781874000000,2183.34,2184.67,2182.3,2182.3,0.35076,765.7883786
2026-06-19 14:00:00+00:00,1781877600000,2184.67,2184.67,2182.1,2182.1,0.00981,21.4190197
2026-06-19 17:00:00+00:00,1781888400000,2182.1,2182.1,2182.1,2182.1,0.01389,30.309369
2026-06-19 20:00:00+00:00,1781899200000,2182.04,2182.04,2181.29,2181.29,0.38497,839.9188433
2026-06-20 02:00:00+00:00,1781920800000,2184.67,2187.35,2179.77,2179.77,0.90779,1982.1760245
2026-06-20 03:00:00+00:00,1781924400000,2182.81,2182.81,2179.73,2179.73,0.00955,20.8311439
2026-06-20 05:00:00+00:00,1781931600000,2180.89,2180.89,2180.89,2180.89,0.02551,55.6345039
2026-06-20 08:00:00+00:00,1781942400000,2179.73,2179.73,2179.36,2179.36,0.16387,357.1803463
2026-06-20 10:00:00+00:00,1781949600000,2180.95,2180.95,2179.11,2179.11,0.08672,189.1024336
2026-06-20 11:00:00+00:00,1781953200000,2180.95,2181.29,2178.96,2178.96,0.10444,227.642829
2026-06-20 13:00:00+00:00,1781960400000,2178.96,2178.96,2175.21,2175.21,0.9644,2099.6379059
2026-06-20 16:00:00+00:00,1781971200000,2177.52,2177.52,2174.89,2174.89,0.01785,38.8452724
2026-06-20 17:00:00+00:00,1781974800000,2177.52,2177.54,2174.72,2174.72,0.14426,313.9111768
2026-06-20 19:00:00+00:00,1781982000000,2174.73,2174.73,2174.73,2174.73,0.00574,12.4829502
2026-06-21 00:00:00+00:00,1782000000000,2174.72,2174.72,2174.72,2174.72,0.01148,24.9657856
2026-06-21 06:00:00+00:00,1782021600000,2176.33,2176.85,2174.53,2174.53,0.23586,513.1744692
2026-06-21 07:00:00+00:00,1782025200000,2176.85,2281.79,2176.85,2242.13,36.2202,80533.0989742
2026-06-21 08:00:00+00:00,1782028800000,2210.24,2218.52,2204.82,2204.82,0.04792,105.982656
2026-06-21 13:00:00+00:00,1782046800000,2204.82,2208.98,2204.82,2208.02,0.90138,1990.6454802
2026-06-21 14:00:00+00:00,1782050400000,2219.16,2236.72,2219.16,2236.72,15.01571,33481.2802452
2026-06-21 16:00:00+00:00,1782057600000,2231.53,2231.53,2230.01,2230.01,0.00899,20.0546299
2026-06-21 17:00:00+00:00,1782061200000,2231.53,2234.72,2227.7,2227.7,1.40866,3144.2074055
2026-06-21 18:00:00+00:00,1782064800000,2234.92,2241.02,2228.14,2234.0,2.53856,5677.4757744
2026-06-21 19:00:00+00:00,1782068400000,2241.16,2241.41,2234.0,2234.0,0.15536,347.978957
2026-06-21 20:00:00+00:00,1782072000000,2241.58,2253.29,2241.58,2253.29,6.41869,14431.1567011
2026-06-22 00:00:00+00:00,1782086400000,2190.85,2254.87,2178.69,2253.86,71085.0,158134397.06
2026-06-22 01:00:00+00:00,1782090000000,2253.0,2267.29,2236.4,2245.0,47179.0,106304097.31000005
2026-06-22 02:00:00+00:00,1782093600000,2247.85,2249.01,2238.02,2242.35,15005.0,33660007.08
2026-06-22 03:00:00+00:00,1782097200000,2242.4,2256.23,2230.0,2247.99,17715.0,39789016.39
2026-06-22 04:00:00+00:00,1782100800000,2248.15,2250.0,2220.01,2228.74,17879.0,39957100.69
2026-06-22 05:00:00+00:00,1782104400000,2230.07,2243.0,2230.07,2241.96,6863.0,15361764.21
2026-06-22 06:00:00+00:00,1782108000000,2240.98,2259.39,2240.98,2257.59,10517.0,23684363.61
2026-06-22 07:00:00+00:00,1782111600000,2257.99,2266.0,2256.67,2262.42,15848.0,35855480.48
2026-06-22 08:00:00+00:00,1782115200000,2218.457,2267.0,2218.457,2263.25,120071.37976000004,270637155.7591296
2026-06-22 09:00:00+00:00,1782118800000,2263.25,2265.0,2259.131,2265.0,23309.197227,52738720.67184977
2026-06-22 10:00:00+00:00,1782122400000,2265.0,2276.318,2263.586,2269.999,55493.428640000006,126082090.94916698
2026-06-22 11:00:00+00:00,1782126000000,2269.999,2286.647,2263.356,2263.356,160960.51313699997,366555489.2392492
2026-06-22 12:00:00+00:00,1782129600000,2263.299,2276.592,2256.01,2272.823,112325.67685400002,254565725.78153896
2026-06-22 13:00:00+00:00,1782133200000,2272.936,2319.99,2251.56,2278.036,1918086.7682670008,4383362069.037704
2026-06-22 14:00:00+00:00,1782136800000,2278.49,2334.695,2274.38,2323.264,1720862.6162009996,3974150833.1964607
2026-06-22 15:00:00+00:00,1782140400000,2323.453,2353.11,2284.424,2296.119,1420380.6930979996,3295253948.1450806
2026-06-22 16:00:00+00:00,1782144000000,2296.199,2323.71,2291.7,2303.477,739780.1942510001,1708027223.7386725
2026-06-22 17:00:00+00:00,1782147600000,2303.59,2328.35,2298.84,2321.68,546148.117036,1265200010.303758
2026-06-22 18:00:00+00:00,1782151200000,2321.661,2333.5,2307.99,2315.294,493668.8361769999,1144577959.9394298
2026-06-22 19:00:00+00:00,1782154800000,2272.335,2275.0,2270.09,2275.0,1484720.0143949997,3407637918.286516
2026-06-22 20:00:00+00:00,1782158400000,2273.879,2290.801,2258.6,2290.801,146408.13274199993,333017244.8253106
2026-06-22 21:00:00+00:00,1782162000000,2290.809,2291.314,2264.368,2278.0,36824.211817,83888566.73965262
2026-06-22 22:00:00+00:00,1782165600000,2278.0,2280.989,2256.378,2262.7,32371.043643,73342558.88235117
2026-06-22 23:00:00+00:00,1782169200000,2262.675,2264.651,2256.098,2264.651,25875.631327,58525539.16129245
2026-06-23 00:00:00+00:00,1782172800000,2265.38,2282.0,2212.09,2234.36,31682.0,70813958.18
2026-06-23 01:00:00+00:00,1782176400000,2233.99,2239.39,2184.91,2193.0,39898.0,88026063.92
2026-06-23 02:00:00+00:00,1782180000000,2193.0,2216.98,2164.27,2187.36,55158.0,120535261.66
2026-06-23 03:00:00+00:00,1782183600000,2187.36,2191.0,2147.2,2184.86,53179.0,115089969.75
2026-06-23 04:00:00+00:00,1782187200000,2184.88,2188.88,2150.21,2151.37,26185.0,56732187.61
2026-06-23 05:00:00+00:00,1782190800000,2151.26,2156.57,2092.02,2098.99,67601.0,143580744.25
2026-06-23 06:00:00+00:00,1782194400000,2098.99,2128.01,2073.7,2109.47,64444.0,135134330.14
2026-06-23 07:00:00+00:00,1782198000000,2109.52,2154.0,2102.03,2102.03,38404.0,81819047.43
2026-06-23 08:00:00+00:00,1782201600000,2238.296,2238.296,2040.856,2062.222,395471.1483920002,830358866.5971161
2026-06-23 09:00:00+00:00,1782205200000,2062.268,2081.985,2058.381,2077.156,70479.745427,146089690.3797077
2026-06-23 10:00:00+00:00,1782208800000,2077.213,2088.99,2051.805,2067.107,61300.214417,126653746.13176665
2026-06-23 11:00:00+00:00,1782212400000,2070.01,2098.01,2065.65,2096.621,213726.457154,444801475.54281294
2026-06-23 12:00:00+00:00,1782216000000,2096.57,2110.01,2038.251,2040.225,245396.694034,509651166.9574061
2026-06-23 13:00:00+00:00,1782219600000,2040.271,2048.812,1949.97,2003.531,2710390.283277002,5405976685.865773
2026-06-23 14:00:00+00:00,1782223200000,2003.749,2059.22,1979.005,2002.894,2849230.8294269987,5734536055.308456
2026-06-23 15:00:00+00:00,1782226800000,2002.971,2007.41,1979.82,1988.334,867247.7364919999,1727642741.544561
2026-06-23 16:00:00+00:00,1782230400000,1988.1,2017.157,1985.595,1990.597,700565.1502290001,1401532775.1368067
2026-06-23 17:00:00+00:00,1782234000000,1990.44,1992.73,1953.0,1953.533,816710.9327509999,1615733458.4493852
2026-06-23 18:00:00+00:00,1782237600000,1953.493,1970.007,1949.99,1962.916,817122.2392649999,1600609357.5073583
2026-06-23 19:00:00+00:00,1782241200000,1962.884,1986.33,1950.01,1964.313,1736538.873321,3420829806.9448414
2026-06-23 20:00:00+00:00,1782244800000,1964.216,1992.629,1957.03,1977.514,129857.07311499998,256368573.52680165
2026-06-23 21:00:00+00:00,1782248400000,1977.512,2005.704,1976.5,2000.321,73921.74190200001,147321418.89399132
2026-06-23 22:00:00+00:00,1782252000000,2000.402,2015.279,1985.05,1987.006,95321.14193800004,190995753.73453453
2026-06-23 23:00:00+00:00,1782255600000,1986.964,1987.896,1963.882,1985.978,56058.75060200001,110882028.0053576
2026-06-24 00:00:00+00:00,1782259200000,1985.981,2054.99,1979.99,2036.89,64815.0,131690277.41
2026-06-24 01:00:00+00:00,1782262800000,2036.89,2038.29,2005.01,2027.0,25668.0,51870110.58
2026-06-24 02:00:00+00:00,1782266400000,2026.87,2030.99,1963.59,1965.22,22275.0,44434568.14
2026-06-24 03:00:00+00:00,1782270000000,1965.99,1993.21,1956.0,1974.98,23188.0,45818170.8
2026-06-24 04:00:00+00:00,1782273600000,1974.99,1987.99,1952.99,1986.69,16086.0,31662431.88
2026-06-24 05:00:00+00:00,1782277200000,1987.95,2014.03,1982.99,2004.87,30175.0,60416858.82
2026-06-24 06:00:00+00:00,1782280800000,2002.34,2010.8,1997.36,2003.39,9635.0,19324190.17
2026-06-24 07:00:00+00:00,1782284400000,2004.66,2008.62,1989.0,1999.01,7450.0,14888843.32
2026-06-24 08:00:00+00:00,1782288000000,1988.749,2046.423,1988.749,2034.594,162026.09413500002,325993471.5116597
2026-06-24 09:00:00+00:00,1782291600000,2034.618,2034.74,2012.535,2020.935,18964.609941,38414761.308014445
2026-06-24 10:00:00+00:00,1782295200000,2020.935,2026.5,2016.755,2019.151,8228.468591,16649683.29881616
2026-06-24 11:00:00+00:00,1782298800000,2019.159,2027.385,2007.99,2023.893,66108.10429000002,133425286.14260156
2026-06-24 12:00:00+00:00,1782302400000,2023.87,2036.0,2009.99,2012.001,75096.563773,152186070.19403338
2026-06-24 13:00:00+00:00,1782306000000,2012.0,2020.93,1926.55,1969.882,1596992.878383,3143677287.111179
2026-06-24 14:00:00+00:00,1782309600000,1969.926,1974.01,1925.15,1946.718,1442876.2064580007,2816998207.377312
2026-06-24 15:00:00+00:00,1782313200000,1948.01,1952.99,1908.45,1924.308,1172230.9886600005,2256998423.786211
2026-06-24 16:00:00+00:00,1782316800000,1924.362,1940.812,1908.954,1912.414,618978.231778,1190702736.8747199
2026-06-24 17:00:00+00:00,1782320400000,1912.488,1917.486,1863.8,1868.934,1147232.5880229997,2162269679.6513677
2026-06-24 18:00:00+00:00,1782324000000,1868.944,1906.369,1864.0,1871.709,683365.0312049999,1287721515.9336743
2026-06-24 19:00:00+00:00,1782327600000,1920.2,1924.99,1917.995,1917.995,1281652.918892,2437126851.5884986
2026-06-24 20:00:00+00:00,1782331200000,1923.781,2160.0,1911.114,2127.056,1166799.0349020003,2427827359.703844
2026-06-24 21:00:00+00:00,1782334800000,2127.047,2131.495,2075.01,2114.763,256728.303725,539561819.6316336
2026-06-24 22:00:00+00:00,1782338400000,2114.73,2135.01,2108.514,2121.873,121735.2532,258353882.8032826
2026-06-24 23:00:00+00:00,1782342000000,2121.882,2152.0,2119.01,2150.378,132353.29371400003,283046465.6900441
2026-06-25 00:00:00+00:00,1782345600000,2150.389,2169.99,2083.72,2104.01,52132.0,110555577.75
2026-06-25 01:00:00+00:00,1782349200000,2103.99,2127.82,2093.8,2119.88,26439.0,55793474.97
2026-06-25 02:00:00+00:00,1782352800000,2118.98,2125.01,2100.31,2119.99,14551.0,30732903.49
2026-06-25 03:00:00+00:00,1782356400000,2120.1,2125.46,2113.6,2123.99,10639.0,22558457.48
2026-06-25 04:00:00+00:00,1782360000000,2124.39,2148.99,2121.01,2144.53,17757.0,37954153.75
2026-06-25 05:00:00+00:00,1782363600000,2145.55,2160.01,2138.21,2139.12,24304.0,52279370.17
2026-06-25 06:00:00+00:00,1782367200000,2139.97,2148.0,2133.18,2133.86,14412.0,30855246.45
2026-06-25 07:00:00+00:00,1782370800000,2134.8,2153.26,2133.5,2144.43,9616.0,20616703.01
2026-06-25 08:00:00+00:00,1782374400000,2150.444,2169.666,2142.722,2154.962,165041.244405,354842405.4028736
2026-06-25 09:00:00+00:00,1782378000000,2154.968,2185.988,2154.355,2180.506,41296.61277600001,89687843.21843338
2026-06-25 10:00:00+00:00,1782381600000,2180.505,2209.0,2177.523,2203.034,57801.538377,127033596.85512827
2026-06-25 11:00:00+00:00,1782385200000,2202.945,2226.929,2202.55,2210.54,167998.43358300006,371927078.5527936
2026-06-25 12:00:00+00:00,1782388800000,2210.584,2242.72,2203.67,2230.814,178570.04885200004,396447383.2824245
2026-06-25 13:00:00+00:00,1782392400000,2230.513,2290.9,2093.43,2100.06,3438846.95516,7632648742.084352
2026-06-25 14:00:00+00:00,1782396000000,2100.338,2215.83,2100.338,2209.005,2111479.977509001,4569504705.994687
2026-06-25 15:00:00+00:00,1782399600000,2208.949,2235.77,2177.99,2217.651,1106901.0119499995,2450167452.1897783
2026-06-25 16:00:00+00:00,1782403200000,2217.497,2274.025,2213.909,2267.555,1264313.652414,2853310004.493004
2026-06-25 17:00:00+00:00,1782406800000,2267.546,2310.01,2258.105,2307.134,1135323.8917590005,2594073631.3124022
2026-06-25 18:00:00+00:00,1782410400000,2307.133,2320.62,2285.71,2297.967,1121980.9413,2585998670.140058
2026-06-25 19:00:00+00:00,1782414000000,2298.078,2347.72,2269.4,2335.47,2245953.0685,5187726878.509746
2026-06-25 20:00:00+00:00,1782417600000,2333.95,2377.856,2312.421,2323.439,398328.696989,937833409.2606686
2026-06-25 21:00:00+00:00,1782421200000,2323.457,2332.447,2304.004,2305.5,58470.192717,135703803.55698377
2026-06-25 22:00:00+00:00,1782424800000,2305.5,2316.607,2282.788,2314.606,108482.291725,249023639.14036384
2026-06-25 23:00:00+00:00,1782428400000,2314.572,2339.944,2313.106,2318.223,71755.435544,166852254.1204562
2026-06-26 00:00:00+00:00,1782432000000,2321.31,2328.7,2257.26,2274.75,30755.0,70348013.49
2026-06-26 01:00:00+00:00,1782435600000,2274.99,2287.0,2235.0,2242.89,30776.0,69644962.16
2026-06-26 02:00:00+00:00,1782439200000,2243.15,2249.79,2154.99,2184.34,101495.0,222654876.62
2026-06-26 03:00:00+00:00,1782442800000,2184.33,2221.85,2137.99,2221.78,77681.0,168401476.99
2026-06-26 04:00:00+00:00,1782446400000,2221.78,2242.4,2169.99,2183.77,46233.0,101890280.72
2026-06-26 05:00:00+00:00,1782450000000,2184.09,2268.51,2184.09,2223.73,45512.0,101534687.82
2026-06-26 06:00:00+00:00,1782453600000,2223.33,2260.01,2187.99,2253.14,31158.0,69477306.40000002
2026-06-26 07:00:00+00:00,1782457200000,2253.14,2262.47,2234.88,2250.05,17108.0,38541593.29
2026-06-26 08:00:00+00:00,1782460800000,2239.99,2318.249,2193.45,2215.72,280894.8513049999,624474113.3587681
2026-06-26 09:00:00+00:00,1782464400000,2200.0,2217.499,2190.0,2210.01,45305.974949,99748402.64278777
2026-06-26 10:00:00+00:00,1782468000000,2204.13,2208.248,2192.612,2202.84,25222.783187,55538997.19838144
2026-06-26 11:00:00+00:00,1782471600000,2215.0,2236.932,2202.013,2214.99,124236.26429199996,275977195.13560575
2026-06-26 12:00:00+00:00,1782475200000,2220.01,2225.607,2183.01,2184.0,267669.853713,606533116.4663591
2026-06-26 13:00:00+00:00,1782478800000,2178.32,2203.235,2126.57,2203.235,2052754.830123,4432206207.286525
2026-06-26 14:00:00+00:00,1782482400000,2204.71,2255.01,2175.864,2182.59,1914854.377497,4250763977.722
2026-06-26 15:00:00+00:00,1782486000000,2184.98,2195.87,2139.99,2160.0,1380383.473489001,2987498521.495601
2026-06-26 16:00:00+00:00,1782489600000,2157.05,2184.32,2141.0,2161.288,723560.4829669998,1564709384.8387053
2026-06-26 17:00:00+00:00,1782493200000,2160.01,2178.16,2142.71,2146.53,595990.3643070001,1287672822.3090591
2026-06-26 18:00:00+00:00,1782496800000,2142.115,2145.426,2108.0,2112.46,1056085.446042,2242143539.145478
2026-06-26 19:00:00+00:00,1782500400000,2111.0,2153.99,2065.21,2092.29,2412287.3900170005,5086549190.589848
2026-06-26 20:00:00+00:00,1782504000000,2081.49,2106.033,2072.99,2084.54,1130997.2919690006,2364005450.185791
2026-06-26 21:00:00+00:00,1782507600000,2076.99,2093.492,2070.253,2093.0,50265.354022000014,104529186.26652968
2026-06-26 22:00:00+00:00,1782511200000,2093.99,2103.519,2091.502,2093.51,27321.806464,57308535.48342757
2026-06-26 23:00:00+00:00,1782514800000,2109.0,2118.482,2101.38,2111.99,40437.76157599999,85360624.90811197
2026-06-27 00:00:00+00:00,1782518400000,2109.026,2109.026,2107.96,2107.96,0.03058,64.4614168
2026-06-27 02:00:00+00:00,1782525600000,2119.83,2119.83,2119.83,2119.83,0.01415,29.9955945
2026-06-27 04:00:00+00:00,1782532800000,2119.88,2119.88,2116.5,2116.5,0.01316,27.8692288
2026-06-27 13:00:00+00:00,1782565200000,2116.5,2116.5,2104.5,2104.5,0.96522,2034.6118531
2026-06-27 15:00:00+00:00,1782572400000,2105.73,2105.73,2105.73,2105.73,0.0451,94.968423
2026-06-27 17:00:00+00:00,1782579600000,2106.02,2106.02,2106.02,2106.02,0.00479,10.0878358
2026-06-27 20:00:00+00:00,1782590400000,2106.02,2106.02,2106.02,2106.02,0.00767,16.1531734
2026-06-28 02:00:00+00:00,1782612000000,2106.02,2106.67,2106.02,2106.67,0.02162,45.5355844
2026-06-28 03:00:00+00:00,1782615600000,2105.73,2105.73,2102.21,2102.21,0.68083,1432.1709459
2026-06-28 13:00:00+00:00,1782651600000,2101.93,2101.93,2098.44,2098.44,0.73339,1540.3839842
2026-06-28 16:00:00+00:00,1782662400000,2098.34,2098.34,2098.34,2098.34,0.00766,16.0732844
2026-06-29 00:00:00+00:00,1782691200000,2122.81,2153.0,2035.99,2087.82,53678.0,112034397.06
2026-06-29 01:00:00+00:00,1782694800000,2087.01,2108.99,2075.39,2092.59,21547.0,45065217.26
2026-06-29 02:00:00+00:00,1782698400000,2090.02,2093.97,2069.0,2085.01,9102.0,18948735.02
2026-06-29 03:00:00+00:00,1782702000000,2085.01,2103.81,2076.01,2091.51,11860.0,24776606.1
2026-06-29 04:00:00+00:00,1782705600000,2091.02,2091.58,2058.99,2063.58,8449.0,17512529.23
2026-06-29 05:00:00+00:00,1782709200000,2063.7,2115.29,2054.99,2115.29,18867.0,39458725.13
2026-06-29 06:00:00+00:00,1782712800000,2115.01,2122.82,2100.01,2108.96,14352.0,30323515.56
2026-06-29 07:00:00+00:00,1782716400000,2108.08,2127.62,2101.68,2120.15,10888.0,23058937.98
2026-06-29 08:00:00+00:00,1782720000000,2128.99,2135.499,2087.094,2126.01,135466.64843900007,287986583.65006787
2026-06-29 09:00:00+00:00,1782723600000,2118.24,2120.5,2096.175,2108.0,26277.00733,55359721.09605489
2026-06-29 10:00:00+00:00,1782727200000,2113.11,2122.809,2104.167,2113.11,10554.977431,22309648.373775862
2026-06-29 11:00:00+00:00,1782730800000,2111.1,2117.75,2075.65,2082.12,69708.38853400001,145941719.24330345
2026-06-29 12:00:00+00:00,1782734400000,2086.01,2110.595,2083.049,2109.56,65135.640013,136755057.49912205
2026-06-29 13:00:00+00:00,1782738000000,2114.56,2119.961,1922.34,1923.75,2022414.518364,4044168920.6292048
2026-06-29 14:00:00+00:00,1782741600000,1924.99,1963.81,1895.94,1932.01,2502089.022163999,4813647468.214841
2026-06-29 15:00:00+00:00,1782745200000,1931.755,1996.33,1923.93,1989.37,1348745.245662,2644038773.1167426
2026-06-29 16:00:00+00:00,1782748800000,1990.389,2033.095,1989.65,2020.015,1065572.186611,2144864175.3565528
2026-06-29 17:00:00+00:00,1782752400000,2018.84,2023.58,1976.99,1999.01,763413.7956840001,1527592226.6257572
2026-06-29 18:00:00+00:00,1782756000000,1993.58,2027.537,1992.85,2010.32,710009.452506,1429213811.4257336
2026-06-29 19:00:00+00:00,1782759600000,2011.62,2066.55,2002.29,2051.05,1559982.9280249998,3171767429.1494617
2026-06-29 20:00:00+00:00,1782763200000,2052.64,2069.462,2039.281,2056.01,818372.2064899999,1679957247.9481738
2026-06-29 21:00:00+00:00,1782766800000,2049.99,2059.698,2040.451,2042.57,78408.973264,160663083.37237993
2026-06-29 22:00:00+00:00,1782770400000,2061.49,2063.378,2043.795,2059.01,18434.88908,37902773.48261998
2026-06-29 23:00:00+00:00,1782774000000,2060.01,2061.46,2055.372,2061.05,20091.15376,41361847.10255734
2026-06-30 00:00:00+00:00,1782777600000,2055.99,2095.99,2028.56,2045.99,26691.0,55023417.77999999
2026-06-30 01:00:00+00:00,1782781200000,2047.66,2069.0,2036.0,2062.87,15004.0,30806442.22
2026-06-30 02:00:00+00:00,1782784800000,2062.75,2073.0,2050.61,2070.52,9065.0,18710896.45
2026-06-30 03:00:00+00:00,1782788400000,2070.1,2089.16,2068.51,2079.42,18908.0,39304852.08
2026-06-30 04:00:00+00:00,1782792000000,2079.5,2125.87,2079.5,2118.02,38549.0,81214627.61
2026-06-30 05:00:00+00:00,1782795600000,2119.0,2125.01,2101.36,2108.33,18379.0,38851710.63
2026-06-30 06:00:00+00:00,1782799200000,2108.34,2108.4,2092.02,2101.26,12571.0,26387891.58
2026-06-30 07:00:00+00:00,1782802800000,2101.26,2101.26,2059.499,2086.99,6355.0,13294420.4
2026-06-30 08:00:00+00:00,1782806400000,2085.01,2104.987,2059.499,2085.01,130660.62873099998,272881953.0993644
2026-06-30 09:00:00+00:00,1782810000000,2099.01,2102.5,2091.5,2101.63,12023.00256,25216127.01194841
2026-06-30 10:00:00+00:00,1782813600000,2094.81,2112.99,2079.82,2112.99,19280.99405,40361381.08541804
2026-06-30 11:00:00+00:00,1782817200000,2098.99,2123.009,2090.132,2113.27,67680.73588500002,142372945.58896327
2026-06-30 12:00:00+00:00,1782820800000,2117.99,2118.463,2078.066,2080.4,99357.73357499996,208758626.34594777
2026-06-30 13:00:00+00:00,1782824400000,2083.01,2177.0,2070.11,2168.23,1760283.1178570003,3756857840.039535
2026-06-30 14:00:00+00:00,1782828000000,2166.825,2213.86,2130.56,2162.38,1951691.1616390003,4239194598.2701626
2026-06-30 15:00:00+00:00,1782831600000,2164.78,2204.99,2162.801,2185.48,1157340.474205,2533982732.9840145
2026-06-30 16:00:00+00:00,1782835200000,2187.3,2211.74,2184.188,2189.24,801030.305047,1762708118.9045115
2026-06-30 17:00:00+00:00,1782838800000,2188.51,2249.22,2186.01,2234.0,1126007.1723350002,2496437734.9752135
2026-06-30 18:00:00+00:00,1782842400000,2232.01,2273.495,2229.09,2259.99,1231261.754354,2772866604.5520134
2026-06-30 19:00:00+00:00,1782846000000,2261.58,2280.4,2242.12,2272.045,1669743.563952,3779697987.155592
2026-06-30 20:00:00+00:00,1782849600000,2268.76,2270.179,2228.006,2239.98,1304355.197783,2956605666.0793257
2026-06-30 21:00:00+00:00,1782853200000,2236.99,2244.521,2235.81,2239.4,53907.74433000001,120726522.8056214
2026-06-30 22:00:00+00:00,1782856800000,2240.01,2247.729,2232.588,2234.0,29582.680002,66225701.45187333
2026-06-30 23:00:00+00:00,1782860400000,2247.99,2255.961,2244.01,2246.0,40140.26510200001,90287008.58269438
2026-07-01 00:00:00+00:00,1782864000000,2245.73,2252.66,2215.24,2218.31,29027.0,64620349.95
2026-07-01 01:00:00+00:00,1782867600000,2220.0,2221.5,2193.75,2203.98,35880.0,79125031.18
2026-07-01 02:00:00+00:00,1782871200000,2204.0,2209.24,2182.0,2205.28,28771.0,63100548.64
2026-07-01 03:00:00+00:00,1782874800000,2205.25,2224.46,2203.01,2218.25,12648.0,28001444.6
2026-07-01 04:00:00+00:00,1782878400000,2217.37,2222.23,2210.0,2212.19,10554.0,23393903.65
2026-07-01 05:00:00+00:00,1782882000000,2212.19,2214.17,2205.99,2207.0,4983.0,11009140.11
2026-07-01 06:00:00+00:00,1782885600000,2207.99,2207.99,2186.6,2192.04,11239.0,24679930.62
2026-07-01 07:00:00+00:00,1782889200000,2192.82,2200.0,2179.99,2188.19,9870.0,21608461.87
2026-07-01 08:00:00+00:00,1782892800000,2168.0,2236.6,2148.112,2176.01,113232.75038,246600672.98859704
2026-07-01 09:00:00+00:00,1782896400000,2179.674,2183.775,2169.027,2176.437,20497.04370000001,44568997.28876072
2026-07-01 10:00:00+00:00,1782900000000,2179.42,2185.921,2162.696,2180.0,24803.422221000004,53923530.35131174
2026-07-01 11:00:00+00:00,1782903600000,2190.0,2203.712,2182.504,2188.0,92154.15357799995,202260618.2137308
2026-07-01 12:00:00+00:00,1782907200000,2186.0,2190.687,2076.01,2092.39,422750.534066,897055664.8615623
2026-07-01 13:00:00+00:00,1782910800000,2087.87,2129.95,2059.99,2101.785,1614410.712262,3378161769.332882
2026-07-01 14:00:00+00:00,1782914400000,2100.01,2108.64,2016.05,2027.17,1919593.626452,3963626829.332377
2026-07-01 15:00:00+00:00,1782918000000,2031.59,2076.71,2025.934,2056.47,1002855.5476009996,2060724140.263419
2026-07-01 16:00:00+00:00,1782921600000,2059.37,2073.01,2043.03,2048.14,685212.1038250002,1409335141.8262796
2026-07-01 17:00:00+00:00,1782925200000,2048.81,2055.48,2016.81,2019.18,799242.4418040002,1628262259.262292
2026-07-01 18:00:00+00:00,1782928800000,2019.2,2039.525,2002.51,2014.62,903002.137669,1822993989.6576009
2026-07-01 19:00:00+00:00,1782932400000,2012.275,2066.04,2012.275,2034.05,1829167.455164,3727960340.3413625
2026-07-01 20:00:00+00:00,1782936000000,2017.5,2045.84,2005.111,2034.03,1060896.6078510005,2157339935.713639
2026-07-01 21:00:00+00:00,1782939600000,2033.0,2049.5,2032.537,2047.01,45750.969001000005,93514994.36333472
2026-07-01 22:00:00+00:00,1782943200000,2047.94,2055.549,2039.547,2049.99,45970.133773,94209399.31916904
2026-07-01 23:00:00+00:00,1782946800000,2036.27,2051.35,2011.01,2019.01,65197.77716699999,131941145.87907632
2026-07-02 00:00:00+00:00,1782950400000,2026.17,2046.41,1979.41,2005.04,47798.0,95639492.86
2026-07-02 01:00:00+00:00,1782954000000,2005.04,2048.01,2002.0,2043.98,32898.0,66822429.06
2026-07-02 02:00:00+00:00,1782957600000,2044.0,2058.63,2027.0,2033.93,21349.0,43665012.21
2026-07-02 03:00:00+00:00,1782961200000,2036.33,2036.33,2012.29,2016.91,14335.0,28979514.29
2026-07-02 04:00:00+00:00,1782964800000,2018.01,2022.99,1995.0,2008.0,19705.0,39514011.36
2026-07-02 05:00:00+00:00,1782968400000,2008.04,2017.24,1978.0,1978.48,30445.0,60641837.25
2026-07-02 06:00:00+00:00,1782972000000,1978.48,1983.63,1944.0,1954.21,48591.0,95347911.94
2026-07-02 07:00:00+00:00,1782975600000,1954.45,1967.77,1933.62,1961.01,29523.0,57557089.87
2026-07-02 08:00:00+00:00,1782979200000,1972.79,2007.912,1931.724,1972.79,259083.831747,508132180.81319577
2026-07-02 09:00:00+00:00,1782982800000,1963.0,1989.219,1959.17,1961.08,27873.81733,54932824.4444277
2026-07-02 10:00:00+00:00,1782986400000,1947.0,1968.487,1947.0,1952.52,29350.733053,57525399.84300611
2026-07-02 11:00:00+00:00,1782990000000,1963.99,1997.01,1956.332,1993.0,90094.151991,177989439.08026204
2026-07-02 12:00:00+00:00,1782993600000,1997.0,2111.053,1988.529,2047.97,404001.540459,834641286.0895507
2026-07-02 13:00:00+00:00,1782997200000,2050.2,2070.296,1976.0,1995.74,1509479.1351720009,3031288601.607568
2026-07-02 14:00:00+00:00,1783000800000,1997.54,2014.0,1826.04,1837.07,3237636.180532,6157480562.945791
2026-07-02 15:00:00+00:00,1783004400000,1836.71,1855.481,1780.475,1808.88,3018444.5869820006,5477340480.985332
2026-07-02 16:00:00+00:00,1783008000000,1811.77,1815.04,1743.6,1760.02,1823339.270756,3240789727.1311107
2026-07-02 17:00:00+00:00,1783011600000,1760.53,1779.75,1709.13,1709.437,1465978.390607,2556379249.6631627
2026-07-02 18:00:00+00:00,1783015200000,1710.49,1755.59,1707.99,1738.31,1385527.4036599998,2399994912.1601906
2026-07-02 19:00:00+00:00,1783018800000,1739.1,1750.34,1693.8,1743.66,2211452.537425,3811873662.111352
2026-07-02 20:00:00+00:00,1783022400000,1756.25,1782.4,1743.832,1751.01,1670709.615895,2920673736.6776204
2026-07-02 21:00:00+00:00,1783026000000,1748.75,1769.468,1746.506,1760.0,52042.979534,91336969.5543642
2026-07-02 22:00:00+00:00,1783029600000,1764.99,1776.306,1761.213,1771.23,40982.882396,72516333.4013778
2026-07-02 23:00:00+00:00,1783033200000,1763.99,1774.85,1756.42,1764.99,48126.09319900001,85025475.75481689
2026-07-03 00:00:00+00:00,1783036800000,1762.928,1762.949,1762.928,1762.949,0.36551,645.0958168
2026-07-03 01:00:00+00:00,1783040400000,1765.53,1774.93,1765.53,1774.93,2.58154,4570.8803008
2026-07-03 02:00:00+00:00,1783044000000,1775.06,1777.57,1774.3,1777.57,0.51012,905.9014775
2026-07-03 03:00:00+00:00,1783047600000,1777.68,1780.59,1776.31,1780.59,1.12106,1995.0637531
2026-07-03 04:00:00+00:00,1783051200000,1779.59,1803.6,1777.44,1803.6,12.65038,22673.5590903
2026-07-03 05:00:00+00:00,1783054800000,1803.81,1821.69,1802.99,1811.94,30.23679,54832.678534
2026-07-03 06:00:00+00:00,1783058400000,1813.54,1813.97,1813.54,1813.97,0.51806,939.7254253
2026-07-03 07:00:00+00:00,1783062000000,1813.97,1814.12,1813.97,1814.12,0.18003,326.5701396
2026-07-03 08:00:00+00:00,1783065600000,1814.12,1814.12,1813.97,1814.12,0.02589,46.9665678
2026-07-03 09:00:00+00:00,1783069200000,1814.12,1818.91,1814.12,1815.5,1.04693,1900.8504981
2026-07-03 10:00:00+00:00,1783072800000,1819.39,1829.49,1819.39,1829.49,5.51496,10064.3774426
2026-07-03 11:00:00+00:00,1783076400000,1829.68,1835.0,1829.68,1833.79,1.9758,3619.9289357
2026-07-03 12:00:00+00:00,1783080000000,1835.09,1835.42,1835.09,1835.42,0.08432,154.73797
2026-07-03 13:00:00+00:00,1783083600000,1834.46,1836.37,1832.75,1832.75,0.98593,1808.5380325
2026-07-03 14:00:00+00:00,1783087200000,1832.75,1832.75,1830.0,1830.0,2.20971,4044.40563
2026-07-03 15:00:00+00:00,1783090800000,1830.0,1830.0,1818.82,1818.82,2.65936,4854.000114
2026-07-03 16:00:00+00:00,1783094400000,1827.03,1828.14,1821.37,1821.37,0.40319,736.2601548
2026-07-03 17:00:00+00:00,1783098000000,1822.63,1822.63,1821.81,1821.81,0.6471,1179.395091
2026-07-03 18:00:00+00:00,1783101600000,1826.37,1826.64,1826.37,1826.64,0.0802,146.48751
2026-07-03 19:00:00+00:00,1783105200000,1826.84,1827.29,1826.84,1827.29,0.10946,199.9876594
2026-07-03 22:00:00+00:00,1783116000000,1826.64,1827.29,1826.05,1827.29,0.07647,139.687691
2026-07-04 01:00:00+00:00,1783126800000,1827.29,1828.43,1827.29,1828.43,0.47952,876.468906
2026-07-04 02:00:00+00:00,1783130400000,1829.21,1831.75,1829.21,1831.75,0.97495,1783.9266805
2026-07-04 04:00:00+00:00,1783137600000,1830.53,1830.53,1830.0,1830.0,0.19614,359.004228
2026-07-04 06:00:00+00:00,1783144800000,1831.57,1831.57,1830.01,1831.57,0.11419,209.0502739
2026-07-04 07:00:00+00:00,1783148400000,1831.97,1831.97,1831.97,1831.97,0.01091,19.9867927
2026-07-04 09:00:00+00:00,1783155600000,1831.97,1831.97,1831.57,1831.97,0.04994,91.4841618
2026-07-04 10:00:00+00:00,1783159200000,1832.03,1832.03,1832.03,1832.03,0.05,91.6015
2026-07-04 13:00:00+00:00,1783170000000,1831.57,1832.02,1831.57,1832.02,0.09473,173.5374626
2026-07-04 15:00:00+00:00,1783177200000,1832.02,1832.02,1832.01,1832.01,0.05921,108.4736082
2026-07-04 17:00:00+00:00,1783184400000,1832.02,1832.03,1832.02,1832.03,0.00892,16.3416309
2026-07-04 18:00:00+00:00,1783188000000,1832.22,1832.22,1832.01,1832.01,0.0595,109.0108446
2026-07-04 22:00:00+00:00,1783202400000,1832.33,1832.33,1832.33,1832.33,0.051,93.44883
2026-07-05 00:00:00+00:00,1783209600000,1832.51,1832.51,1832.51,1832.51,0.05456,99.9817456
2026-07-05 02:00:00+00:00,1783216800000,1832.76,1832.76,1832.76,1832.76,0.01909,34.9873884
2026-07-05 03:00:00+00:00,1783220400000,1832.81,1832.81,1832.33,1832.33,0.04626,84.7857618
2026-07-05 08:00:00+00:00,1783238400000,1833.63,1833.63,1833.63,1833.63,0.02311,42.3751893
2026-07-05 09:00:00+00:00,1783242000000,1833.88,1833.88,1832.46,1832.46,0.01361,24.9494508
2026-07-05 12:00:00+00:00,1783252800000,1833.88,1835.09,1833.88,1835.09,0.55962,1026.6906768
2026-07-05 13:00:00+00:00,1783256400000,1833.66,1841.08,1833.11,1841.08,2.90717,5345.6220038
2026-07-05 14:00:00+00:00,1783260000000,1841.25,1841.25,1841.25,1841.25,0.01286,23.678475
2026-07-05 15:00:00+00:00,1783263600000,1841.4,1841.82,1841.4,1841.82,0.12037,221.6693214
2026-07-05 16:00:00+00:00,1783267200000,1840.04,1841.92,1839.95,1839.95,0.10338,190.3238439
2026-07-05 17:00:00+00:00,1783270800000,1842.09,1842.16,1842.09,1842.16,0.05314,97.8892324
2026-07-05 18:00:00+00:00,1783274400000,1842.23,1842.23,1842.23,1842.23,0.001,1.84223
2026-07-05 20:00:00+00:00,1783281600000,1842.38,1842.38,1840.93,1840.93,0.05845,107.6736985
2026-07-05 22:00:00+00:00,1783288800000,1842.09,1842.52,1839.51,1842.52,0.24665,454.1286197
2026-07-05 23:00:00+00:00,1783292400000,1842.67,1846.9,1839.51,1839.51,6.94144,12802.8433294
2026-07-06 00:00:00+00:00,1783296000000,1864.78,1924.42,1805.01,1894.01,160073.0,303148089.13
2026-07-06 01:00:00+00:00,1783299600000,1891.25,1891.25,1818.77,1845.45,74837.0,138946080.88
2026-07-06 02:00:00+00:00,1783303200000,1845.98,1851.79,1782.01,1821.18,59363.0,107831264.74
2026-07-06 03:00:00+00:00,1783306800000,1821.18,1839.99,1810.01,1837.79,25996.0,47556582.98
2026-07-06 04:00:00+00:00,1783310400000,1836.0,1857.18,1819.99,1851.99,19549.0,36037678.28
2026-07-06 05:00:00+00:00,1783314000000,1852.65,1853.01,1832.99,1847.64,11812.0,21754039.55
2026-07-06 06:00:00+00:00,1783317600000,1847.66,1852.01,1837.85,1845.0,7872.0,14522274.59
2026-07-06 07:00:00+00:00,1783321200000,1845.0,1852.72,1835.65,1840.04,5531.0,10198866.37
2026-07-06 08:00:00+00:00,1783324800000,1775.867,1854.933,1775.867,1835.5,113712.168045,209104626.7286532
2026-07-06 09:00:00+00:00,1783328400000,1827.0,1836.55,1803.285,1809.83,42686.275450000016,77606739.25444262
2026-07-06 10:00:00+00:00,1783332000000,1807.99,1818.875,1806.05,1806.71,28638.242674000005,51894918.52061823
2026-07-06 11:00:00+00:00,1783335600000,1810.0,1838.48,1788.57,1835.99,176001.76445100002,318759699.6263196
2026-07-06 12:00:00+00:00,1783339200000,1832.0,1845.78,1830.004,1843.96,118404.35098699998,217637664.0587332
2026-07-06 13:00:00+00:00,1783342800000,1834.01,1843.605,1757.118,1788.0,1629278.966765,2933938925.8406715
2026-07-06 14:00:00+00:00,1783346400000,1787.525,1837.77,1787.525,1817.52,1287113.6706700004,2337772847.3035183
2026-07-06 15:00:00+00:00,1783350000000,1815.65,1819.641,1780.0,1814.36,765255.8398809998,1378947403.8826883
2026-07-06 16:00:00+00:00,1783353600000,1811.99,1820.993,1757.758,1759.04,740671.8827049999,1326232481.9354837
2026-07-06 17:00:00+00:00,1783357200000,1759.3,1765.01,1715.331,1720.88,1234417.068728,2144352427.6109
2026-07-06 18:00:00+00:00,1783360800000,1721.848,1746.74,1719.501,1719.501,822101.812107,1424329934.7345371
2026-07-06 19:00:00+00:00,1783364400000,1719.01,1749.96,1719.01,1742.58,1348561.194515,2344895736.3182106
2026-07-06 20:00:00+00:00,1783368000000,1739.6,1747.35,1734.513,1743.0,564437.711588,983221425.0441492
2026-07-06 21:00:00+00:00,1783371600000,1748.99,1748.99,1741.35,1745.81,22576.052699,39408229.31174124
2026-07-06 22:00:00+00:00,1783375200000,1746.74,1749.249,1692.304,1701.0,86219.92319500001,148629059.25272995
2026-07-06 23:00:00+00:00,1783378800000,1719.99,1729.831,1680.596,1682.03,139579.80631,237285154.28171664
2026-07-07 00:00:00+00:00,1783382400000,1696.3,1722.0,1659.55,1670.49,58328.0,98344857.15
2026-07-07 01:00:00+00:00,1783386000000,1670.76,1693.87,1650.72,1679.51,48830.0,81576408.84
2026-07-07 02:00:00+00:00,1783389600000,1679.89,1687.01,1662.54,1669.99,25988.0,43472142.21
2026-07-07 03:00:00+00:00,1783393200000,1669.18,1680.99,1637.79,1651.65,37658.0,62373133.67
2026-07-07 04:00:00+00:00,1783396800000,1651.5,1658.98,1633.04,1637.31,28417.0,46693665.08
2026-07-07 05:00:00+00:00,1783400400000,1637.31,1675.77,1619.0,1665.41,59310.0,97496830.5
2026-07-07 06:00:00+00:00,1783404000000,1665.84,1685.99,1650.0,1682.16,23670.0,39495891.65
2026-07-07 07:00:00+00:00,1783407600000,1680.82,1685.49,1660.01,1669.97,17169.0,28761061.33
2026-07-07 08:00:00+00:00,1783411200000,1651.69,1684.508,1650.65,1658.11,228433.12724000003,379726740.2722626
2026-07-07 09:00:00+00:00,1783414800000,1642.99,1651.752,1624.99,1636.55,54694.509414,89555329.37108225
2026-07-07 10:00:00+00:00,1783418400000,1636.11,1651.918,1633.38,1640.51,44299.28791499999,72744915.00827385
2026-07-07 11:00:00+00:00,1783422000000,1649.01,1656.693,1638.495,1650.24,107120.302481,176193187.44558847
2026-07-07 12:00:00+00:00,1783425600000,1661.99,1681.097,1645.803,1649.99,137165.575516,228236330.18246695
2026-07-07 13:00:00+00:00,1783429200000,1649.405,1651.777,1570.0,1580.408,2080758.34567,3339478073.9984574
2026-07-07 14:00:00+00:00,1783432800000,1578.31,1588.76,1486.99,1546.76,3733244.085267001,5722974331.505084
2026-07-07 15:00:00+00:00,1783436400000,1549.57,1584.35,1533.395,1564.95,1703733.156304,2655566788.522084
2026-07-07 16:00:00+00:00,1783440000000,1563.06,1606.44,1562.53,1593.79,1193310.8634739998,1897043272.3013847
2026-07-07 17:00:00+00:00,1783443600000,1596.57,1619.49,1589.507,1611.54,1107811.570711,1782384623.5946248
2026-07-07 18:00:00+00:00,1783447200000,1609.365,1614.67,1566.299,1566.38,832776.2963790001,1328125045.163601
2026-07-07 19:00:00+00:00,1783450800000,1565.44,1622.055,1553.937,1617.35,1960085.354452,3117309359.2680826
2026-07-07 20:00:00+00:00,1783454400000,1619.45,1643.512,1617.73,1634.02,918336.529553,1488916412.4232605
2026-07-07 21:00:00+00:00,1783458000000,1629.99,1647.09,1606.253,1607.0,96595.375786,157163294.1385058
2026-07-07 22:00:00+00:00,1783461600000,1606.07,1614.129,1597.746,1606.06,39902.879442000005,64094774.21957368
2026-07-07 23:00:00+00:00,1783465200000,1605.0,1607.505,1570.636,1579.01,77061.71784600001,121935912.07349353
2026-07-08 00:00:00+00:00,1783468800000,1580.25,1719.98,1560.38,1709.3,102775.0,170697597.12
2026-07-08 01:00:00+00:00,1783472400000,1709.32,1709.34,1635.78,1652.0,87991.0,146997927.18
2026-07-08 02:00:00+00:00,1783476000000,1651.11,1664.0,1633.87,1655.01,33651.0,55495503.85
2026-07-08 03:00:00+00:00,1783479600000,1656.01,1681.99,1653.98,1655.06,27266.0,45509626.72
2026-07-08 04:00:00+00:00,1783483200000,1655.07,1656.01,1598.01,1625.99,43467.0,70479996.01
2026-07-08 05:00:00+00:00,1783486800000,1626.84,1635.68,1586.01,1604.77,37605.0,60388192.47
2026-07-08 06:00:00+00:00,1783490400000,1604.79,1605.58,1545.0,1560.01,73389.0,115320728.39
2026-07-08 07:00:00+00:00,1783494000000,1560.84,1587.31,1555.91,1582.14,23563.0,37062297.19
2026-07-08 08:00:00+00:00,1783497600000,1555.0,1589.279,1503.011,1523.99,424629.427261,659802494.9792151
2026-07-08 09:00:00+00:00,1783501200000,1501.0,1528.17,1493.746,1525.0,118897.28875500005,179804006.2536893
2026-07-08 10:00:00+00:00,1783504800000,1520.99,1555.3,1515.5,1535.91,87078.76251399999,134203350.5812264
2026-07-08 11:00:00+00:00,1783508400000,1535.49,1548.54,1513.52,1543.0,163677.300803,250302530.1891829
2026-07-08 12:00:00+00:00,1783512000000,1541.99,1585.819,1535.003,1570.83,170591.55736800007,266372422.00166523
2026-07-08 13:00:00+00:00,1783515600000,1575.01,1699.47,1565.415,1688.49,2112479.9349080003,3507303961.369185
2026-07-08 14:00:00+00:00,1783519200000,1687.99,1707.34,1634.81,1649.88,1901151.018956,3177016129.3887978
2026-07-08 15:00:00+00:00,1783522800000,1655.35,1659.656,1592.0,1604.99,1456905.1105219997,2356570677.632857
2026-07-08 16:00:00+00:00,1783526400000,1602.67,1646.01,1602.67,1637.42,962036.334165,1567172773.3433983
2026-07-08 17:00:00+00:00,1783530000000,1632.1,1673.62,1631.908,1663.21,926017.0734090004,1535401962.3226273
2026-07-08 18:00:00+00:00,1783533600000,1663.09,1682.753,1661.39,1671.963,976817.3652750001,1634715594.7612233
2026-07-08 19:00:00+00:00,1783537200000,1675.39,1734.19,1665.21,1728.56,1879841.171514,3190039900.331744
2026-07-08 20:00:00+00:00,1783540800000,1730.0,1739.99,1693.59,1699.82,649221.0149340002,1119542102.693874
2026-07-08 21:00:00+00:00,1783544400000,1701.0,1720.759,1699.854,1716.99,54116.916661,92645071.24769066
2026-07-08 22:00:00+00:00,1783548000000,1716.0,1718.65,1711.04,1718.01,45936.17395800001,78791241.46650223
2026-07-08 23:00:00+00:00,1783551600000,1715.99,1746.893,1715.99,1743.99,109952.36995,190175620.19865307
2026-07-09 00:00:00+00:00,1783555200000,1735.03,1769.88,1719.54,1722.29,82158.0,143475176.35
2026-07-09 01:00:00+00:00,1783558800000,1723.04,1739.99,1687.42,1689.14,45439.0,77928305.69
2026-07-09 02:00:00+00:00,1783562400000,1690.0,1713.83,1670.0,1671.01,40638.0,68683217.18
2026-07-09 03:00:00+00:00,1783566000000,1670.43,1701.0,1654.36,1691.01,55457.0,93208674.85
2026-07-09 04:00:00+00:00,1783569600000,1691.67,1696.99,1675.61,1688.01,15909.0,26842592.91
2026-07-09 05:00:00+00:00,1783573200000,1687.32,1711.46,1671.44,1710.01,32910.0,55630891.21
2026-07-09 06:00:00+00:00,1783576800000,1710.01,1748.01,1701.01,1737.5,60175.0,104233367.03
2026-07-09 07:00:00+00:00,1783580400000,1736.67,1768.94,1736.02,1763.99,42728.0,75004691.36
2026-07-09 08:00:00+00:00,1783584000000,1779.98,1794.983,1745.989,1765.84,314282.04125599994,557395668.5464777
2026-07-09 09:00:00+00:00,1783587600000,1759.99,1784.385,1740.107,1769.99,72053.00364400003,126906155.5298368
2026-07-09 10:00:00+00:00,1783591200000,1773.99,1778.444,1757.508,1761.04,41208.579112,72890999.83668435
2026-07-09 11:00:00+00:00,1783594800000,1774.0,1818.934,1760.816,1810.0,274173.11265299993,492381378.9531104
2026-07-09 12:00:00+00:00,1783598400000,1804.06,1836.287,1802.117,1820.0,282320.533892,514179293.1805176
2026-07-09 13:00:00+00:00,1783602000000,1826.01,1858.89,1801.5,1844.55,2247646.4617929994,4111917710.478768
2026-07-09 14:00:00+00:00,1783605600000,1844.995,1870.706,1812.38,1865.897,2768697.982547,5117201741.755032
2026-07-09 15:00:00+00:00,1783609200000,1866.85,1893.658,1865.492,1872.0,1269383.67054,2388685824.821449
2026-07-09 16:00:00+00:00,1783612800000,1872.84,1890.29,1872.053,1879.18,709592.1035330001,1335516982.689738
2026-07-09 17:00:00+00:00,1783616400000,1878.0,1941.73,1878.0,1939.215,1498290.6561399996,2875989291.2136526
2026-07-09 18:00:00+00:00,1783620000000,1940.01,1951.43,1909.3,1914.61,1439892.3540139997,2788788838.8560243
2026-07-09 19:00:00+00:00,1783623600000,1914.22,1915.257,1851.759,1857.03,1998466.39814,3770882464.900229
2026-07-09 20:00:00+00:00,1783627200000,1858.83,1863.917,1835.145,1858.01,1060468.369155,1967784744.8113303
2026-07-09 21:00:00+00:00,1783630800000,1860.01,1873.186,1854.993,1864.99,70298.78803299999,131122114.90509276
2026-07-09 22:00:00+00:00,1783634400000,1864.827,1883.971,1863.319,1882.361,87838.755361,164527509.3049766
2026-07-09 23:00:00+00:00,1783638000000,1888.03,1896.283,1877.83,1889.99,78193.25497000001,147686079.38802156
2026-07-10 00:00:00+00:00,1783641600000,1888.0,1890.02,1835.0,1876.81,69679.0,129316964.65
2026-07-10 01:00:00+00:00,1783645200000,1876.1,1891.78,1858.12,1877.86,46050.0,86416462.37
2026-07-10 02:00:00+00:00,1783648800000,1877.86,1884.56,1865.02,1884.43,20179.0,37860545.96
2026-07-10 03:00:00+00:00,1783652400000,1884.44,1884.9,1865.54,1872.99,15158.0,28412754.96
2026-07-10 04:00:00+00:00,1783656000000,1872.8,1880.99,1854.99,1855.0,16022.0,29958335.42
2026-07-10 05:00:00+00:00,1783659600000,1855.71,1859.99,1819.99,1829.25,41058.0,75668354.45
2026-07-10 06:00:00+00:00,1783663200000,1829.25,1830.61,1794.97,1816.22,56532.0,102442941.43
2026-07-10 07:00:00+00:00,1783666800000,1816.07,1818.25,1796.52,1812.41,18926.0,34214366.04
2026-07-10 08:00:00+00:00,1783670400000,1800.01,1887.001,1770.262,1786.81,324709.18916700006,586789346.6422799
2026-07-10 09:00:00+00:00,1783674000000,1787.31,1828.41,1777.566,1817.68,65493.26390300001,118066953.25689
2026-07-10 10:00:00+00:00,1783677600000,1799.99,1818.996,1799.99,1810.01,38008.324816000015,68833665.37081067
2026-07-10 11:00:00+00:00,1783681200000,1814.5,1841.01,1809.447,1814.5,166621.496065,304264727.83203906
2026-07-10 12:00:00+00:00,1783684800000,1811.0,1822.941,1789.626,1791.09,118514.79299699995,214304338.8823873
2026-07-10 13:00:00+00:00,1783688400000,1789.99,1855.9,1769.99,1843.28,1456643.559808,2645678537.046669
2026-07-10 14:00:00+00:00,1783692000000,1843.285,1889.21,1836.74,1847.155,1618694.1581180005,3013786599.4466386
2026-07-10 15:00:00+00:00,1783695600000,1847.49,1916.99,1846.146,1873.52,1509207.9314200005,2840290691.209396
2026-07-10 16:00:00+00:00,1783699200000,1874.08,1928.0,1873.645,1912.63,1238746.623022,2357952091.0531178
2026-07-10 17:00:00+00:00,1783702800000,1913.175,1946.35,1904.52,1929.07,1070405.702677,2067710295.7416496
2026-07-10 18:00:00+00:00,1783706400000,1930.0,1945.01,1913.1,1922.485,928245.2867030004,1788804783.5901916
2026-07-10 19:00:00+00:00,1783710000000,1922.415,1937.72,1897.63,1916.51,1298665.554396,2490884817.826933
2026-07-10 20:00:00+00:00,1783713600000,1916.09,1932.66,1913.029,1931.0,620805.6761079999,1190404196.0222313
2026-07-10 21:00:00+00:00,1783717200000,1929.59,1931.015,1922.934,1924.06,575584.5185280001,1110495529.7295747
2026-07-10 22:00:00+00:00,1783720800000,1920.0,1924.648,1916.012,1920.0,23794.378270000005,45720293.46859695
2026-07-10 23:00:00+00:00,1783724400000,1922.145,1933.994,1917.507,1933.994,62098.465282,119561911.00194217
2026-07-11 00:00:00+00:00,1783728000000,1933.995,1933.999,1933.995,1933.999,0.59121,1141.5957541
2026-07-11 01:00:00+00:00,1783731600000,1931.5,1931.68,1928.72,1928.72,0.22258,429.6392123
2026-07-11 02:00:00+00:00,1783735200000,1928.37,1928.37,1927.97,1927.97,0.29985,578.1813285
2026-07-11 03:00:00+00:00,1783738800000,1929.3,1929.81,1927.78,1927.78,0.1079,208.0905521
2026-07-11 05:00:00+00:00,1783746000000,1929.81,1929.81,1927.78,1927.78,0.01265,24.3992669
2026-07-11 06:00:00+00:00,1783749600000,1929.81,1929.96,1927.7,1927.7,0.11301,217.9715814
2026-07-11 09:00:00+00:00,1783760400000,1929.96,1946.12,1926.5,1946.12,8.70355,16870.0381872
2026-07-11 10:00:00+00:00,1783764000000,1944.95,1944.95,1935.23,1940.9,3.5804,6943.8464276
2026-07-11 11:00:00+00:00,1783767600000,1940.95,1940.95,1938.25,1938.25,0.02595,50.3411355
2026-07-11 13:00:00+00:00,1783774800000,1928.62,1936.17,1926.41,1931.64,1.71709,3315.5329775
2026-07-11 14:00:00+00:00,1783778400000,1930.3,1938.34,1926.28,1937.38,1.47575,2855.3515798
2026-07-11 15:00:00+00:00,1783782000000,1937.33,1940.59,1935.22,1940.59,0.65556,1270.334704
2026-07-11 16:00:00+00:00,1783785600000,1940.71,1940.71,1940.71,1940.71,0.00581,11.2755251
2026-07-11 17:00:00+00:00,1783789200000,1940.71,1950.0,1936.5,1948.62,4.825,9380.5852657
2026-07-11 18:00:00+00:00,1783792800000,1948.94,1952.33,1947.27,1952.33,1.18969,2320.3919546
2026-07-11 19:00:00+00:00,1783796400000,1953.12,1962.17,1953.12,1962.17,2.7252,5335.6163352
2026-07-11 20:00:00+00:00,1783800000000,1962.95,1962.95,1960.87,1960.87,0.21053,412.9295995
2026-07-11 21:00:00+00:00,1783803600000,1960.87,1960.87,1960.3,1960.3,0.47313,927.599415
2026-07-11 22:00:00+00:00,1783807200000,1961.78,1961.78,1960.03,1960.03,0.12344,242.0541482
2026-07-11 23:00:00+00:00,1783810800000,1960.03,1960.03,1956.2,1956.2,1.17466,2300.198761
2026-07-12 01:00:00+00:00,1783818000000,1960.64,1962.23,1956.27,1956.27,0.40122,786.400816
2026-07-12 03:00:00+00:00,1783825200000,1962.43,1963.17,1956.27,1963.17,0.11304,221.7299917
2026-07-12 07:00:00+00:00,1783839600000,1963.17,1963.17,1963.17,1963.17,0.00764,14.9986188
2026-07-12 08:00:00+00:00,1783843200000,1959.34,1959.34,1959.3,1959.3,0.00838,16.419166
2026-07-12 09:00:00+00:00,1783846800000,1961.36,1961.36,1961.36,1961.36,0.0051,10.002936
2026-07-12 11:00:00+00:00,1783854000000,1956.48,1956.48,1956.27,1956.27,0.14758,288.7355586
2026-07-12 13:00:00+00:00,1783861200000,1956.27,1956.48,1956.27,1956.27,0.60672,1187.0131344
2026-07-12 14:00:00+00:00,1783864800000,1956.0,1956.0,1955.83,1955.83,0.19759,386.4736219
2026-07-12 15:00:00+00:00,1783868400000,1956.0,1956.0,1955.99,1955.99,0.20454,400.0792173
2026-07-12 16:00:00+00:00,1783872000000,1956.0,1956.0,1955.29,1955.29,0.20601,402.9100824
2026-07-12 17:00:00+00:00,1783875600000,1955.29,1955.29,1954.87,1954.87,0.65132,1273.3711628
2026-07-12 20:00:00+00:00,1783886400000,1953.78,1953.78,1953.78,1953.78,0.1416,276.655248
2026-07-12 21:00:00+00:00,1783890000000,1953.78,1962.01,1953.78,1962.01,26.70944,52241.7251797
2026-07-12 22:00:00+00:00,1783893600000,1960.7,1960.7,1938.34,1938.34,2.3028,4492.638029
2026-07-12 23:00:00+00:00,1783897200000,1934.78,1934.78,1931.3,1931.3,2.06936,3998.9805557
2026-07-13 00:00:00+00:00,1783900800000,1924.24,1939.99,1857.01,1861.99,67845.0,128810141.07
2026-07-13 01:00:00+00:00,1783904400000,1862.12,1878.3,1831.69,1835.99,69940.0,129375144.28
2026-07-13 02:00:00+00:00,1783908000000,1835.99,1846.01,1819.21,1820.11,68636.0,125588213.0
2026-07-13 03:00:00+00:00,1783911600000,1819.31,1825.0,1805.52,1815.8,39596.0,71878425.85
2026-07-13 04:00:00+00:00,1783915200000,1815.8,1820.49,1793.02,1804.43,33896.0,61279605.02
2026-07-13 05:00:00+00:00,1783918800000,1804.44,1825.01,1794.99,1815.06,42896.0,77704799.37
2026-07-13 06:00:00+00:00,1783922400000,1817.0,1822.01,1780.12,1792.0,42205.0,75871532.02
2026-07-13 07:00:00+00:00,1783926000000,1790.13,1798.03,1778.94,1781.91,20711.0,37062445.51
2026-07-13 08:00:00+00:00,1783929600000,1780.01,1908.492,1767.172,1792.36,342506.129906,611285623.310502
2026-07-13 09:00:00+00:00,1783933200000,1795.86,1801.5,1789.46,1800.01,43379.04785000001,77893331.3354702
2026-07-13 10:00:00+00:00,1783936800000,1788.32,1801.5,1783.0,1784.3,42674.29151299998,76404832.46440984
2026-07-13 11:00:00+00:00,1783940400000,1799.99,1835.79,1790.39,1828.5,254961.260815,462967785.0010141
2026-07-13 12:00:00+00:00,1783944000000,1810.01,1824.349,1787.461,1810.01,193834.73489900003,349469605.71862054
2026-07-13 13:00:00+00:00,1783947600000,1807.51,1817.5,1701.52,1734.96,2268090.347478,3947364027.937584
2026-07-13 14:00:00+00:00,1783951200000,1743.0,1779.38,1732.86,1768.01,1771742.1189690002,3106745376.2568445
2026-07-13 15:00:00+00:00,1783954800000,1770.01,1776.16,1705.99,1710.463,1769338.511212,3073471965.830456
2026-07-13 16:00:00+00:00,1783958400000,1710.84,1713.03,1662.559,1702.82,2011190.224037,3395192385.6602407
2026-07-13 17:00:00+00:00,1783962000000,1702.23,1709.66,1666.66,1674.52,1029639.804946,1737906992.4765272
2026-07-13 18:00:00+00:00,1783965600000,1674.79,1687.77,1657.915,1662.46,1088470.1977149998,1818923716.867116
2026-07-13 19:00:00+00:00,1783969200000,1662.14,1698.84,1647.145,1673.31,1997011.3953400007,3326564068.429188
2026-07-13 20:00:00+00:00,1783972800000,1675.12,1675.12,1644.386,1652.01,1357321.5758400003,2266069137.8849907
2026-07-13 21:00:00+00:00,1783976400000,1650.1,1662.992,1650.1,1659.99,43967.288851,72851040.87709604
2026-07-13 22:00:00+00:00,1783980000000,1663.02,1666.434,1648.434,1648.99,41782.191537000006,69287997.35470778
2026-07-13 23:00:00+00:00,1783983600000,1648.0,1649.101,1616.01,1633.01,149531.293722,243534186.37972343
2026-07-14 00:00:00+00:00,1783987200000,1649.99,1706.68,1625.02,1699.82,99702.0,166666405.07
2026-07-14 01:00:00+00:00,1783990800000,1699.71,1710.89,1666.91,1672.91,73365.0,124138724.57
2026-07-14 02:00:00+00:00,1783994400000,1674.34,1677.77,1635.0,1649.09,56279.0,93212690.1
2026-07-14 03:00:00+00:00,1783998000000,1648.99,1659.5,1615.99,1655.88,60979.0,99690772.79
2026-07-14 04:00:00+00:00,1784001600000,1656.98,1694.0,1645.49,1689.35,42825.0,71596065.08
2026-07-14 05:00:00+00:00,1784005200000,1689.26,1737.26,1683.11,1717.27,110894.0,190640067.48
2026-07-14 06:00:00+00:00,1784008800000,1717.27,1740.09,1716.56,1726.63,47350.0,81975813.96000002
2026-07-14 07:00:00+00:00,1784012400000,1726.0,1744.23,1721.65,1727.99,32685.0,56682137.17
2026-07-14 08:00:00+00:00,1784016000000,1744.99,1778.981,1661.39,1768.38,466152.744348,810158459.558456
2026-07-14 09:00:00+00:00,1784019600000,1759.26,1777.995,1751.5,1760.52,57074.120591000006,100576677.36525908
2026-07-14 10:00:00+00:00,1784023200000,1756.0,1761.85,1746.766,1757.58,52788.37269099999,92620134.9198811
2026-07-14 11:00:00+00:00,1784026800000,1756.63,1759.0,1736.005,1752.49,192431.28234799995,336438829.6727692
2026-07-14 12:00:00+00:00,1784030400000,1742.0,1808.138,1731.083,1784.72,393104.6206260001,699366927.091028
2026-07-14 13:00:00+00:00,1784034000000,1792.01,1815.01,1763.38,1770.0,1447223.4104069998,2591139909.296016
2026-07-14 14:00:00+00:00,1784037600000,1769.5,1777.0,1711.765,1734.99,1852607.587767,3224061861.183435
2026-07-14 15:00:00+00:00,1784041200000,1734.99,1780.15,1732.675,1763.34,1137367.0082949998,2001645373.6963203
2026-07-14 16:00:00+00:00,1784044800000,1764.69,1783.75,1738.34,1775.99,581229.9586599999,1023006575.7986232
2026-07-14 17:00:00+00:00,1784048400000,1773.56,1784.01,1763.04,1783.97,576500.2360209998,1022394228.2713948
2026-07-14 18:00:00+00:00,1784052000000,1783.96,1789.01,1761.99,1763.04,618359.815275,1097763791.6128109
2026-07-14 19:00:00+00:00,1784055600000,1760.0,1774.42,1747.18,1758.71,927666.417465,1633614345.790868
2026-07-14 20:00:00+00:00,1784059200000,1759.99,1765.0,1746.76,1748.51,1025720.0567399996,1800313687.4203792
2026-07-14 21:00:00+00:00,1784062800000,1742.01,1748.0,1741.99,1743.99,25169.110506,43921456.96493732
2026-07-14 22:00:00+00:00,1784066400000,1745.39,1747.99,1738.189,1747.99,25189.217312,43901231.42487943
2026-07-14 23:00:00+00:00,1784070000000,1753.91,1770.324,1745.598,1770.01,49728.231769,87633695.7826765
2026-07-15 00:00:00+00:00,1784073600000,1764.74,1803.81,1754.19,1791.99,45499.0,81178191.04
2026-07-15 01:00:00+00:00,1784077200000,1792.86,1792.99,1765.0,1780.85,30892.0,54865747.07
2026-07-15 02:00:00+00:00,1784080800000,1780.89,1791.02,1778.0,1778.43,22926.0,40915824.08
2026-07-15 03:00:00+00:00,1784084400000,1777.3,1796.99,1776.99,1792.72,14911.0,26668192.42
2026-07-15 04:00:00+00:00,1784088000000,1793.99,1794.61,1783.17,1793.0,9765.0,17480627.1
2026-07-15 05:00:00+00:00,1784091600000,1793.86,1800.01,1779.04,1789.29,23785.0,42522896.44
2026-07-15 06:00:00+00:00,1784095200000,1789.41,1791.27,1771.01,1775.35,12605.0,22447343.51
2026-07-15 07:00:00+00:00,1784098800000,1775.65,1781.06,1760.46,1773.01,15206.0,26931153.04
2026-07-15 08:00:00+00:00,1784102400000,1772.76,1778.615,1716.469,1718.01,176853.46193600012,310237368.6782106
2026-07-15 09:00:00+00:00,1784106000000,1729.55,1734.5,1720.605,1725.02,29759.223262,51397142.59211089
2026-07-15 10:00:00+00:00,1784109600000,1723.01,1725.31,1704.29,1720.01,59433.65250900001,101952909.49287143
2026-07-15 11:00:00+00:00,1784113200000,1729.01,1729.01,1714.001,1722.99,74653.44275700001,128586158.06115413
2026-07-15 12:00:00+00:00,1784116800000,1718.01,1727.02,1704.99,1723.0,132967.75882500003,227965709.82708892
2026-07-15 13:00:00+00:00,1784120400000,1717.49,1726.33,1638.02,1659.24,1776511.7979270003,2977639848.694212
2026-07-15 14:00:00+00:00,1784124000000,1661.5,1662.73,1502.31,1541.22,4120798.293127,6454259666.105585
2026-07-15 15:00:00+00:00,1784127600000,1543.51,1560.22,1526.86,1544.02,1888746.2658520003,2915389597.5006084
2026-07-15 16:00:00+00:00,1784131200000,1544.751,1545.592,1478.89,1537.451,3941097.557223,5946511244.08481
2026-07-15 17:00:00+00:00,1784134800000,1539.0,1621.65,1536.961,1613.0,2357655.2960250005,3731389835.828828
2026-07-15 18:00:00+00:00,1784138400000,1614.38,1651.0,1591.0,1603.98,2504654.4276,4068028413.127575
2026-07-15 19:00:00+00:00,1784142000000,1605.99,1653.185,1603.258,1613.18,2062072.1313150004,3360609473.171273
2026-07-15 20:00:00+00:00,1784145600000,1614.66,1625.882,1603.759,1613.5,885102.6961330002,1427977779.4980874
2026-07-15 21:00:00+00:00,1784149200000,1606.31,1613.878,1598.54,1605.0,44826.886203,71940168.32694456
2026-07-15 22:00:00+00:00,1784152800000,1609.0,1611.99,1569.499,1584.0,121923.587468,193285060.86518177
2026-07-15 23:00:00+00:00,1784156400000,1584.008,1596.99,1576.758,1578.365,113340.293055,179768912.86477092
2026-07-16 00:00:00+00:00,1784160000000,1585.06,1607.52,1554.99,1560.0,46515.0,73276331.1
2026-07-16 01:00:00+00:00,1784163600000,1560.99,1586.01,1556.39,1571.04,33205.0,52122816.04
2026-07-16 02:00:00+00:00,1784167200000,1571.05,1587.01,1564.01,1584.0,22964.0,36232572.76
2026-07-16 03:00:00+00:00,1784170800000,1583.23,1594.01,1574.51,1587.87,16821.0,26676318.07
2026-07-16 04:00:00+00:00,1784174400000,1588.01,1588.99,1575.22,1577.04,8591.0,13574211.06
2026-07-16 05:00:00+00:00,1784178000000,1578.68,1614.08,1576.13,1594.92,27405.0,43767480.01
2026-07-16 06:00:00+00:00,1784181600000,1593.51,1601.35,1568.24,1574.61,25305.0,40111799.07
2026-07-16 07:00:00+00:00,1784185200000,1574.56,1577.351,1537.99,1548.01,27302.0,42412961.87
2026-07-16 08:00:00+00:00,1784188800000,1577.351,1577.351,1507.182,1530.332,482405.753803,739144430.0561953
2026-07-16 09:00:00+00:00,1784192400000,1523.4,1532.945,1515.669,1522.22,58498.581819,89278616.81867415
2026-07-16 10:00:00+00:00,1784196000000,1510.0,1520.274,1500.162,1519.41,121623.838861,183821065.97851068
2026-07-16 11:00:00+00:00,1784199600000,1507.78,1517.635,1486.8,1490.07,292075.6437189999,437883251.55612046
2026-07-16 12:00:00+00:00,1784203200000,1494.99,1502.99,1485.61,1495.01,183906.7612140001,274520804.05110687
2026-07-16 13:00:00+00:00,1784206800000,1498.35,1550.28,1456.0,1497.85,2817095.031854,4224087793.03292
2026-07-16 14:00:00+00:00,1784210400000,1496.17,1533.01,1463.22,1483.3,2600982.7711940003,3897762034.179952
2026-07-16 15:00:00+00:00,1784214000000,1482.214,1497.65,1438.255,1446.983,2895577.527014,4229121119.1732383
2026-07-16 16:00:00+00:00,1784217600000,1446.86,1457.02,1424.6,1452.0,1659946.565789,2386199913.4613967
2026-07-16 17:00:00+00:00,1784221200000,1452.36,1452.36,1408.485,1416.63,1494119.9322140005,2133518098.365456
2026-07-16 18:00:00+00:00,1784224800000,1415.41,1447.86,1405.0,1408.14,1528558.542376,2175160817.0440583
2026-07-16 19:00:00+00:00,1784228400000,1409.33,1423.8,1390.03,1411.07,2760048.043739,3884138054.6038656
2026-07-16 20:00:00+00:00,1784232000000,1408.0,1418.014,1401.531,1415.01,1054087.163027,1486819668.707581
2026-07-16 21:00:00+00:00,1784235600000,1415.505,1416.493,1407.525,1410.418,97097.267095,137106989.54530597
2026-07-16 22:00:00+00:00,1784239200000,1401.01,1411.741,1361.866,1376.0,211115.940888,291226988.0622826
2026-07-16 23:00:00+00:00,1784242800000,1369.99,1379.068,1353.385,1367.72,169061.88747999998,230708208.3821772
2026-07-17 00:00:00+00:00,1784246400000,1372.69,1376.72,1341.01,1363.7,1.0,1365.776
2026-07-17 01:00:00+00:00,1784250000000,1363.71,1391.01,1353.85,1365.28,68062.0,93581574.24
2026-07-17 02:00:00+00:00,1784253600000,1367.01,1373.01,1349.56,1357.67,29445.0,39999729.18
2026-07-17 03:00:00+00:00,1784257200000,1357.67,1389.99,1354.39,1373.59,50074.0,68902503.46
2026-07-17 04:00:00+00:00,1784260800000,1373.31,1382.98,1355.22,1363.0,32091.0,43839106.75
2026-07-17 05:00:00+00:00,1784264400000,1362.03,1366.2,1318.59,1325.52,90715.0,121315409.99
2026-07-17 06:00:00+00:00,1784268000000,1327.0,1346.5,1316.44,1327.99,70436.0,93736646.67
2026-07-17 07:00:00+00:00,1784271600000,1328.43,1335.36,1311.38,1318.32,38227.0,50460702.89
2026-07-17 08:00:00+00:00,1784275200000,1317.0,1365.501,1308.81,1308.81,534492.303817,708179212.4900001
2026-07-17 09:00:00+00:00,1784278800000,1341.0,1380.718,1323.909,1373.6,166218.00217800002,224899173.50011548
2026-07-17 10:00:00+00:00,1784282400000,1389.32,1432.503,1380.765,1412.0,495846.663991,699769158.0399355
2026-07-17 11:00:00+00:00,1784286000000,1410.771,1418.943,1383.479,1393.5,427156.512732,597566215.2649434
2026-07-17 12:00:00+00:00,1784289600000,1386.01,1396.0,1365.606,1393.82,286387.486662,395006470.6132594
2026-07-17 13:00:00+00:00,1784293200000,1380.06,1395.96,1325.31,1389.56,3125505.602196,4245709626.2139425
2026-07-17 14:00:00+00:00,1784296800000,1391.01,1464.21,1390.281,1411.07,3926076.03019,5625169842.889372
2026-07-17 15:00:00+00:00,1784300400000,1414.99,1492.335,1387.78,1485.0,2326477.157247,3332652238.5644503
2026-07-17 16:00:00+00:00,1784304000000,1484.668,1500.9,1459.02,1473.08,2504883.992341,3710209868.3936057
2026-07-17 17:00:00+00:00,1784307600000,1471.25,1495.01,1435.93,1439.845,1293722.6019430002,1902456604.112638
2026-07-17 18:00:00+00:00,1784311200000,1441.84,1446.8,1409.189,1422.01,1445892.5649230003,2060521540.954372
2026-07-17 19:00:00+00:00,1784314800000,1420.0,1426.312,1347.09,1352.48,2832176.739298001,3917058749.1288624
2026-07-17 20:00:00+00:00,1784318400000,1354.35,1359.99,1336.183,1349.0,922951.785156,1246799414.911
2026-07-17 21:00:00+00:00,1784322000000,1352.48,1352.48,1336.596,1337.0,99196.93760299998,133441595.28567629
2026-07-17 22:00:00+00:00,1784325600000,1337.99,1345.031,1337.007,1341.79,43314.956018,58085243.40125236
2026-07-17 23:00:00+00:00,1784329200000,1344.96,1353.215,1339.0,1349.99,41979.791255,56509949.94961699
2026-07-18 00:00:00+00:00,1784332800000,1350.075,1350.129,1350.075,1350.129,0.07547,102.0489292
2026-07-18 01:00:00+00:00,1784336400000,1353.99,1353.99,1353.99,1353.99,4.0294,5455.767306
2026-07-18 02:00:00+00:00,1784340000000,1355.14,1355.89,1355.14,1355.89,0.12309,166.8489154
2026-07-18 03:00:00+00:00,1784343600000,1355.89,1355.89,1355.89,1355.89,0.08118,110.0711502
2026-07-18 04:00:00+00:00,1784347200000,1354.41,1356.49,1353.81,1354.54,0.31915,432.5274485
2026-07-18 05:00:00+00:00,1784350800000,1356.53,1356.53,1356.53,1356.53,0.00884,11.9917252
2026-07-18 08:00:00+00:00,1784361600000,1356.53,1357.06,1352.92,1357.06,5.67974,7699.397771
2026-07-18 09:00:00+00:00,1784365200000,1356.06,1356.06,1352.66,1353.05,2.23806,3029.4821123
2026-07-18 10:00:00+00:00,1784368800000,1353.25,1353.25,1353.25,1353.25,0.03325,44.9955625
2026-07-18 12:00:00+00:00,1784376000000,1353.05,1353.25,1350.29,1351.13,8.95914,12106.0809735
2026-07-18 13:00:00+00:00,1784379600000,1349.34,1349.75,1347.62,1347.62,1.00399,1353.8215342
2026-07-18 15:00:00+00:00,1784386800000,1348.46,1349.63,1348.46,1349.24,0.23234,313.466597
2026-07-18 16:00:00+00:00,1784390400000,1349.56,1350.02,1330.0,1331.39,5.31638,7100.5937537
2026-07-18 17:00:00+00:00,1784394000000,1330.0,1332.09,1330.0,1330.0,4.6191,6143.8336304
2026-07-18 18:00:00+00:00,1784397600000,1331.38,1340.54,1330.0,1330.0,1.83602,2449.3979219
2026-07-18 19:00:00+00:00,1784401200000,1340.54,1340.79,1330.0,1330.0,0.08933,119.2208112
2026-07-18 20:00:00+00:00,1784404800000,1330.0,1330.0,1330.0,1330.0,0.05385,71.6205
2026-07-18 21:00:00+00:00,1784408400000,1341.1,1341.23,1330.0,1330.0,0.07485,99.8740321
2026-07-18 22:00:00+00:00,1784412000000,1341.51,1341.67,1330.0,1330.0,0.0727,96.8757228
2026-07-19 00:00:00+00:00,1784419200000,1330.1,1342.0,1329.18,1330.44,0.88159,1173.7093625
2026-07-19 01:00:00+00:00,1784422800000,1341.68,1341.68,1328.09,1330.0,0.35782,475.8302814
2026-07-19 02:00:00+00:00,1784426400000,1342.0,1350.16,1327.64,1330.0,0.52187,701.3620562
2026-07-19 03:00:00+00:00,1784430000000,1350.13,1350.13,1328.0,1328.0,0.0983,131.1952037
2026-07-19 04:00:00+00:00,1784433600000,1328.1,1352.02,1328.1,1328.1,0.05729,76.5291298
2026-07-19 05:00:00+00:00,1784437200000,1352.01,1352.49,1328.1,1328.1,0.30714,414.6629145
2026-07-19 06:00:00+00:00,1784440800000,1352.3,1352.77,1330.0,1346.0,1.02137,1379.2738187
2026-07-19 07:00:00+00:00,1784444400000,1346.0,1360.59,1346.0,1360.59,26.72458,36251.9391941
2026-07-19 08:00:00+00:00,1784448000000,1361.71,1369.11,1359.74,1368.06,31.33322,42735.0346017
2026-07-19 09:00:00+00:00,1784451600000,1369.45,1369.45,1363.36,1366.61,7.3288,10011.4310692
2026-07-19 10:00:00+00:00,1784455200000,1368.97,1368.97,1360.94,1360.97,11.71367,15961.4003966
2026-07-19 11:00:00+00:00,1784458800000,1360.97,1364.64,1357.34,1357.34,10.26872,13963.624637
2026-07-19 12:00:00+00:00,1784462400000,1357.34,1360.15,1355.44,1356.12,7.03211,9540.5659799
2026-07-19 13:00:00+00:00,1784466000000,1356.12,1360.87,1356.12,1360.87,1.27307,1731.3789196
2026-07-19 14:00:00+00:00,1784469600000,1360.87,1360.99,1359.09,1360.99,0.21023,285.8944803
2026-07-19 15:00:00+00:00,1784473200000,1359.42,1362.11,1359.42,1360.35,0.54797,745.8979258
2026-07-19 16:00:00+00:00,1784476800000,1359.64,1362.24,1356.15,1356.15,1.34115,1820.8453907
2026-07-19 17:00:00+00:00,1784480400000,1362.27,1362.27,1356.12,1356.12,0.0167,22.7340405
2026-07-19 18:00:00+00:00,1784484000000,1356.07,1356.07,1356.07,1356.07,0.01524,20.6665068
2026-07-19 19:00:00+00:00,1784487600000,1355.91,1362.01,1355.91,1358.31,0.09265,125.7306445
2026-07-19 21:00:00+00:00,1784494800000,1356.01,1364.49,1356.01,1363.75,17.03048,23214.7010394
2026-07-19 22:00:00+00:00,1784498400000,1363.75,1370.98,1361.51,1370.98,46.64322,63801.9667824
2026-07-19 23:00:00+00:00,1784502000000,1369.87,1377.83,1364.93,1367.37,64.64556,88617.6065701
2026-07-20 00:00:00+00:00,1784505600000,1350.28,1405.01,1350.27,1351.96,135544.0,187093564.13
2026-07-20 01:00:00+00:00,1784509200000,1352.98,1371.32,1337.99,1344.04,51614.0,69931092.1
2026-07-20 02:00:00+00:00,1784512800000,1344.49,1364.23,1339.85,1361.44,34474.0,46619291.03
2026-07-20 03:00:00+00:00,1784516400000,1361.79,1369.05,1353.7,1359.98,32459.0,44203791.8
2026-07-20 04:00:00+00:00,1784520000000,1359.99,1379.56,1353.0,1370.19,32040.0,43704836.99
2026-07-20 05:00:00+00:00,1784523600000,1371.0,1376.19,1357.98,1360.1,26895.0,36815954.85
2026-07-20 06:00:00+00:00,1784527200000,1363.0,1366.61,1354.01,1361.49,16197.0,22042778.05
2026-07-20 07:00:00+00:00,1784530800000,1364.0,1380.01,1360.13,1374.85,16663.0,22838721.27
2026-07-20 08:00:00+00:00,1784534400000,1380.01,1388.175,1350.129,1382.0,212241.909261,292194221.77468294
2026-07-20 09:00:00+00:00,1784538000000,1385.63,1411.73,1379.4,1399.94,126931.09153400002,177368861.63166147
2026-07-20 10:00:00+00:00,1784541600000,1399.0,1420.42,1389.99,1410.774,197014.268934,276931343.52980065
2026-07-20 11:00:00+00:00,1784545200000,1407.32,1424.0,1391.872,1421.99,232647.658473,329401189.94351715
2026-07-20 12:00:00+00:00,1784548800000,1419.99,1421.987,1393.01,1393.27,187722.13919,263856119.10372636
2026-07-20 13:00:00+00:00,1784552400000,1402.69,1449.68,1394.23,1409.25,2112565.933792,3005737262.426733
2026-07-20 14:00:00+00:00,1784556000000,1410.02,1435.85,1384.03,1406.01,2036958.5189780004,2879034115.2857275
2026-07-20 15:00:00+00:00,1784559600000,1404.0,1436.202,1401.23,1431.325,1234388.1209389998,1755623564.540568
2026-07-20 16:00:00+00:00,1784563200000,1431.65,1454.99,1424.03,1431.97,1546569.7027779997,2227727407.513128
2026-07-20 17:00:00+00:00,1784566800000,1432.04,1439.11,1418.97,1433.99,806053.3417560002,1152159911.0632267
2026-07-20 18:00:00+00:00,1784570400000,1435.97,1437.86,1404.88,1407.11,903105.8645280002,1282811126.0124378
2026-07-20 19:00:00+00:00,1784574000000,1407.483,1412.36,1375.835,1389.305,2611430.741953,3629509471.0453906
2026-07-20 20:00:00+00:00,1784577600000,1392.7,1410.806,1389.207,1406.67,934090.7749399998,1302987881.960264
2026-07-20 21:00:00+00:00,1784581200000,1407.0,1407.25,1398.521,1404.06,109695.24368799996,153985400.37658957
2026-07-20 22:00:00+00:00,1784584800000,1399.77,1405.246,1396.059,1400.0,20889.742304,29242649.9034763
2026-07-20 23:00:00+00:00,1784588400000,1400.49,1409.42,1400.485,1405.61,36615.017959,51506261.54838399
2026-07-21 00:00:00+00:00,1784592000000,1409.93,1424.0,1389.06,1414.41,38203.0,53804996.71
2026-07-21 01:00:00+00:00,1784595600000,1414.03,1437.0,1412.71,1424.28,36342.0,51922538.72
2026-07-21 02:00:00+00:00,1784599200000,1424.97,1438.94,1417.29,1437.0,25542.0,36508795.79
2026-07-21 03:00:00+00:00,1784602800000,1437.01,1485.98,1436.03,1478.81,88127.0,129246817.5
2026-07-21 04:00:00+00:00,1784606400000,1478.99,1482.99,1466.46,1467.26,41933.0,61902523.54
2026-07-21 05:00:00+00:00,1784610000000,1467.41,1476.76,1456.65,1471.11,35574.0,52149797.22
2026-07-21 06:00:00+00:00,1784613600000,1471.02,1484.01,1471.01,1483.99,31649.0,46789060.42
2026-07-21 07:00:00+00:00,1784617200000,1483.43,1489.36,1478.22,1488.41,29570.0,43892197.63
2026-07-21 08:00:00+00:00,1784620800000,1495.0,1515.432,1408.5,1506.5,415487.841197,620498391.9346172
2026-07-21 09:00:00+00:00,1784624400000,1506.01,1511.857,1490.77,1490.77,73437.868226,110276667.62751848
2026-07-21 10:00:00+00:00,1784628000000,1495.75,1509.88,1490.29,1499.5,55078.745722000014,82714858.89198615
2026-07-21 11:00:00+00:00,1784631600000,1500.01,1503.92,1488.7,1495.73,308807.10773200006,462247492.228984
2026-07-21 12:00:00+00:00,1784635200000,1494.51,1501.122,1484.006,1495.01,143418.42392300002,214146725.57407868
2026-07-21 13:00:00+00:00,1784638800000,1490.14,1546.31,1487.399,1528.98,2435622.5174750006,3703012577.4914665
2026-07-21 14:00:00+00:00,1784642400000,1527.839,1542.6,1490.06,1540.878,2916455.903945,4427636578.035465
2026-07-21 15:00:00+00:00,1784646000000,1540.715,1562.34,1537.495,1539.75,1871570.074342,2901701146.117587
2026-07-21 16:00:00+00:00,1784649600000,1540.0,1577.28,1538.914,1574.365,1306293.4709110006,2044098342.9999535
2026-07-21 17:00:00+00:00,1784653200000,1574.53,1584.68,1562.0,1563.73,978007.0124720004,1537893826.353037
2026-07-21 18:00:00+00:00,1784656800000,1564.68,1572.0,1552.58,1558.37,1098101.2912289998,1715299444.1163967
2026-07-21 19:00:00+00:00,1784660400000,1560.01,1595.5,1548.37,1589.29,1971180.780857,3098600585.239332
2026-07-21 20:00:00+00:00,1784664000000,1582.93,1624.84,1582.93,1619.57,1345083.1412100005,2144923918.3323717
2026-07-21 21:00:00+00:00,1784667600000,1627.0,1643.173,1624.028,1626.0,246063.24378199995,402247729.3038045
2026-07-21 22:00:00+00:00,1784671200000,1624.352,1631.909,1616.533,1622.15,172956.54493,280864962.5041339
2026-07-21 23:00:00+00:00,1784674800000,1619.99,1635.758,1619.99,1632.01,85679.19361599998,139605352.49697465
2026-07-22 00:00:00+00:00,1784678400000,1635.01,1668.81,1610.01,1614.4,5.0,8165.22
2026-07-22 01:00:00+00:00,1784682000000,1614.16,1625.6,1600.99,1611.46,49508.0,79808481.98
2026-07-22 02:00:00+00:00,1784685600000,1611.46,1614.18,1588.68,1590.5,37449.0,59965915.36
2026-07-22 03:00:00+00:00,1784689200000,1590.58,1603.28,1578.24,1587.2,56336.0,89464578.07
2026-07-22 04:00:00+00:00,1784692800000,1587.57,1600.49,1578.4,1584.73,18579.0,29514303.67
2026-07-22 05:00:00+00:00,1784696400000,1585.51,1586.01,1551.99,1568.6,61321.0,95902231.49
2026-07-22 06:00:00+00:00,1784700000000,1567.44,1569.01,1544.01,1561.16,44976.0,69994625.41
2026-07-22 07:00:00+00:00,1784703600000,1561.17,1562.23,1544.0,1550.84,23596.0,36633446.28
2026-07-22 08:00:00+00:00,1784707200000,1539.99,1632.996,1539.99,1552.5,324028.38751399994,501939802.79650176
2026-07-22 09:00:00+00:00,1784710800000,1547.785,1565.553,1543.36,1548.505,109181.585334,169614255.12141684
2026-07-22 10:00:00+00:00,1784714400000,1547.49,1557.999,1546.739,1557.37,48517.16021500002,75354116.87810192
2026-07-22 11:00:00+00:00,1784718000000,1560.01,1562.839,1522.681,1537.99,204618.51780600005,315384496.3551078
2026-07-22 12:00:00+00:00,1784721600000,1539.43,1541.821,1504.18,1522.01,250104.75372,379797123.99196416
2026-07-22 13:00:00+00:00,1784725200000,1521.01,1581.57,1517.008,1576.78,1733163.4554579998,2682627139.423148
2026-07-22 14:00:00+00:00,1784728800000,1575.99,1605.68,1562.02,1589.44,1758518.5230089994,2788522212.7502856
2026-07-22 15:00:00+00:00,1784732400000,1592.21,1605.44,1586.01,1599.94,980901.760524,1566180631.8534253
2026-07-22 16:00:00+00:00,1784736000000,1599.14,1618.36,1597.155,1607.52,990733.378029,1592979888.4985793
2026-07-22 17:00:00+00:00,1784739600000,1607.654,1628.23,1598.2,1601.088,1146327.188121,1851695004.1969788
2026-07-22 18:00:00+00:00,1784743200000,1603.13,1612.053,1580.06,1610.01,920436.096863,1469011868.6309123
2026-07-22 19:00:00+00:00,1784746800000,1609.36,1623.301,1587.57,1599.7,1180844.9058570005,1897398008.4752195
2026-07-22 20:00:00+00:00,1784750400000,1600.79,1638.0,1574.45,1616.99,885184.5957330001,1422131463.7309275
2026-07-22 21:00:00+00:00,1784754000000,1630.01,1650.01,1613.554,1615.99,253329.773836,413477687.6225197
2026-07-22 22:00:00+00:00,1784757600000,1613.0,1621.0,1590.01,1602.99,84369.07914499998,135667841.59937605
2026-07-22 23:00:00+00:00,1784761200000,1597.99,1622.0,1592.56,1620.0,75246.024523,120948262.63435411
2026-07-23 00:00:00+00:00,1784764800000,1619.74,1639.79,1607.41,1632.54,11.0,17830.164
2026-07-23 01:00:00+00:00,1784768400000,1632.53,1649.0,1611.27,1611.36,39380.0,64299436.49
2026-07-23 02:00:00+00:00,1784772000000,1611.29,1614.79,1580.68,1598.0,43584.0,69621093.03
2026-07-23 03:00:00+00:00,1784775600000,1598.86,1613.73,1585.43,1605.99,30554.0,48872312.07
2026-07-23 04:00:00+00:00,1784779200000,1606.0,1613.71,1595.36,1610.99,12693.0,20394474.67
2026-07-23 05:00:00+00:00,1784782800000,1611.21,1623.99,1601.54,1603.23,21628.0,34853281.93
2026-07-23 06:00:00+00:00,1784786400000,1603.22,1608.48,1589.51,1600.03,26296.0,42050181.6
2026-07-23 07:00:00+00:00,1784790000000,1600.11,1601.99,1587.28,1601.03,20144.0,32094669.19
2026-07-23 08:00:00+00:00,1784793600000,1596.27,1629.256,1594.003,1616.24,196554.2169370001,316074728.27325594
2026-07-23 09:00:00+00:00,1784797200000,1628.0,1636.986,1622.965,1633.0,62452.342987,101757087.26945776
2026-07-23 10:00:00+00:00,1784800800000,1618.64,1631.749,1618.64,1630.51,41813.80533000002,68009347.36280216
2026-07-23 11:00:00+00:00,1784804400000,1627.0,1633.397,1592.521,1594.52,166543.58645999996,267980172.0846816
2026-07-23 12:00:00+00:00,1784808000000,1603.01,1603.615,1567.888,1577.99,241801.256378,382245277.6727468
2026-07-23 13:00:00+00:00,1784811600000,1574.01,1651.355,1549.759,1605.14,2141466.8628770006,3455650599.0081234
2026-07-23 14:00:00+00:00,1784815200000,1604.781,1652.01,1604.781,1638.586,2228170.319824,3641847798.5053434
2026-07-23 15:00:00+00:00,1784818800000,1636.01,1645.37,1609.325,1644.31,1505318.072138,2451348310.8403535
2026-07-23 16:00:00+00:00,1784822400000,1644.01,1696.3,1643.16,1667.78,1818632.136472,3043563628.148101
2026-07-23 17:00:00+00:00,1784826000000,1666.01,1682.03,1659.01,1668.88,861296.592233,1439248740.9437633
2026-07-23 18:00:00+00:00,1784829600000,1667.51,1670.202,1633.84,1640.99,1163701.317598,1926803344.1584225
2026-07-23 19:00:00+00:00,1784833200000,1642.01,1643.57,1596.06,1611.46,1930121.4959769996,3117399061.918827
2026-07-23 20:00:00+00:00,1784836800000,1625.01,1635.143,1612.0,1622.0,711297.3408400002,1149291055.035961
2026-07-23 21:00:00+00:00,1784840400000,1627.0,1633.497,1611.159,1617.498,115449.175156,187020154.3393334
2026-07-23 22:00:00+00:00,1784844000000,1614.15,1619.25,1607.17,1613.99,35135.84419500001,56658976.65127139
2026-07-23 23:00:00+00:00,1784847600000,1618.5,1621.75,1608.572,1610.15,26587.825825,42937956.14043209
2026-07-24 00:00:00+00:00,1784851200000,1621.11,1627.73,1592.03,1598.61,9.0,14541.381
2026-07-24 01:00:00+00:00,1784854800000,1598.01,1615.22,1596.25,1596.51,19138.0,30714179.81
2026-07-24 02:00:00+00:00,1784858400000,1596.61,1598.0,1573.16,1574.48,36213.0,57370509.75
2026-07-24 03:00:00+00:00,1784862000000,1574.21,1588.99,1562.99,1566.75,30761.0,48481064.52
2026-07-24 04:00:00+00:00,1784865600000,1567.97,1575.75,1556.01,1572.89,42824.0,67031848.94
2026-07-24 05:00:00+00:00,1784869200000,1572.98,1583.82,1566.0,1572.82,18771.0,29596153.59
2026-07-24 06:00:00+00:00,1784872800000,1572.91,1573.83,1561.49,1571.88,17819.0,27923830.81
2026-07-24 07:00:00+00:00,1784876400000,1571.97,1586.49,1569.29,1578.0,18841.0,29740864.43
2026-07-24 08:00:00+00:00,1784880000000,1579.54,1615.505,1563.805,1571.01,184795.7389540001,291138350.33119065
2026-07-24 09:00:00+00:00,1784883600000,1579.3,1579.3,1568.32,1571.31,42136.971711,66277474.55757631
2026-07-24 10:00:00+00:00,1784887200000,1575.39,1577.586,1555.0,1555.0,71105.44331100001,111434943.32160102
2026-07-24 11:00:00+00:00,1784890800000,1550.01,1570.748,1550.01,1565.58,124506.91642999995,194039024.07811448
2026-07-24 12:00:00+00:00,1784894400000,1570.0,1590.091,1565.546,1567.64,144332.231524,227533715.47708517
2026-07-24 13:00:00+00:00,1784898000000,1564.81,1575.206,1479.45,1492.26,2317600.380981,3529951509.3945227
2026-07-24 14:00:00+00:00,1784901600000,1493.9,1510.0,1453.73,1484.17,2378595.920204,3514744868.0478177
2026-07-24 15:00:00+00:00,1784905200000,1482.78,1518.7,1467.59,1515.685,1403980.9700010004,2101058223.596982
2026-07-24 16:00:00+00:00,1784908800000,1516.16,1527.44,1483.55,1493.13,1023446.2858250004,1538956077.6504245
2026-07-24 17:00:00+00:00,1784912400000,1493.49,1502.44,1479.55,1479.58,682442.716578,1017188239.440848
2026-07-24 18:00:00+00:00,1784916000000,1479.03,1480.325,1417.38,1426.99,1832734.309896,2641885408.074498
2026-07-24 19:00:00+00:00,1784919600000,1427.27,1450.17,1411.66,1436.655,2374433.2629090003,3398654548.597849
2026-07-24 20:00:00+00:00,1784923200000,1436.56,1446.449,1432.551,1441.92,1397075.3181910005,2007294206.603952
2026-07-24 21:00:00+00:00,1784926800000,1442.01,1442.21,1424.003,1425.01,46615.556489,66795757.20198352
2026-07-24 22:00:00+00:00,1784930400000,1431.51,1438.033,1426.929,1434.51,20329.639473,29120104.42738704
2026-07-24 23:00:00+00:00,1784934000000,1435.0,1437.497,1423.814,1426.99,37001.958658,52901063.85965368
2026-07-25 00:00:00+00:00,1784937600000,1433.164,1433.164,1433.027,1433.027,0.0,0.0
2026-07-25 02:00:00+00:00,1784944800000,1434.09,1438.32,1434.09,1438.32,30.17396,43345.0423252
2026-07-25 04:00:00+00:00,1784952000000,1440.79,1445.76,1440.79,1443.16,29.36915,42375.1433012
2026-07-25 05:00:00+00:00,1784955600000,1441.48,1442.21,1439.75,1439.75,11.28577,16265.6044557
2026-07-25 06:00:00+00:00,1784959200000,1441.86,1441.86,1441.26,1441.26,0.16855,242.978277
2026-07-25 07:00:00+00:00,1784962800000,1441.9,1441.9,1441.9,1441.9,0.14078,202.990682
2026-07-25 08:00:00+00:00,1784966400000,1441.26,1442.3,1441.26,1441.76,0.37284,537.6208469
2026-07-25 09:00:00+00:00,1784970000000,1442.43,1442.43,1435.02,1435.02,13.95106,20051.0726782
2026-07-25 10:00:00+00:00,1784973600000,1434.25,1434.25,1434.25,1434.25,0.00742,10.642135
2026-07-25 11:00:00+00:00,1784977200000,1434.25,1438.37,1434.25,1438.37,0.22993,329.8630045
2026-07-25 13:00:00+00:00,1784984400000,1437.94,1437.94,1434.32,1434.32,1.1058,1586.20445
2026-07-25 14:00:00+00:00,1784988000000,1438.38,1442.54,1434.32,1436.88,1.21365,1747.2822325
2026-07-25 16:00:00+00:00,1784995200000,1442.69,1444.1,1436.88,1436.88,0.3529,509.047178
2026-07-25 17:00:00+00:00,1784998800000,1434.36,1444.1,1434.36,1444.1,0.08448,121.8491304
2026-07-25 18:00:00+00:00,1785002400000,1443.67,1443.67,1441.97,1441.97,0.04992,72.0317564
2026-07-26 01:00:00+00:00,1785027600000,1441.97,1441.97,1441.97,1441.97,0.03467,49.9930999
2026-07-26 04:00:00+00:00,1785038400000,1441.97,1444.62,1434.36,1444.62,0.16931,243.8281467
2026-07-26 05:00:00+00:00,1785042000000,1444.03,1444.03,1433.3,1433.3,3.02025,4330.379472
2026-07-26 07:00:00+00:00,1785049200000,1444.72,1444.72,1444.72,1444.72,0.5,722.36
2026-07-26 09:00:00+00:00,1785056400000,1444.89,1444.89,1444.39,1444.39,0.07901,114.1410339
2026-07-26 10:00:00+00:00,1785060000000,1444.89,1452.88,1444.88,1452.88,11.43288,16569.6784776
2026-07-26 11:00:00+00:00,1785063600000,1452.94,1455.22,1452.94,1455.22,2.8746,4180.2481618
2026-07-26 12:00:00+00:00,1785067200000,1455.4,1455.48,1453.79,1455.48,4.68607,6819.6128813
2026-07-26 13:00:00+00:00,1785070800000,1455.48,1456.33,1455.48,1456.33,1.4451,2104.504148
2026-07-26 14:00:00+00:00,1785074400000,1456.63,1460.51,1456.63,1459.77,5.09443,7434.3627241
2026-07-26 15:00:00+00:00,1785078000000,1459.44,1459.49,1458.84,1458.84,1.48745,2170.552612
2026-07-26 16:00:00+00:00,1785081600000,1458.84,1458.84,1458.84,1458.84,0.01524,22.2327216
2026-07-26 18:00:00+00:00,1785088800000,1458.84,1458.84,1458.84,1458.84,0.01117,16.2952428
2026-07-26 19:00:00+00:00,1785092400000,1458.84,1458.84,1457.06,1457.06,2.1782,3176.7942136
2026-07-26 20:00:00+00:00,1785096000000,1456.4,1456.4,1452.59,1452.59,5.11627,7446.0945819
2026-07-26 22:00:00+00:00,1785103200000,1458.92,1475.1,1458.92,1474.55,16.7896,24625.7473812
2026-07-26 23:00:00+00:00,1785106800000,1475.17,1481.64,1475.09,1480.57,26.54175,39267.0178002
2026-07-27 00:00:00+00:00,1785110400000,1452.57,1500.34,1450.0,1478.36,65625.0,97295279.58
2026-07-27 01:00:00+00:00,1785114000000,1478.52,1483.43,1453.53,1468.17,45963.0,67320998.34
2026-07-27 02:00:00+00:00,1785117600000,1468.25,1483.97,1467.02,1472.86,30327.0,44743992.66
2026-07-27 03:00:00+00:00,1785121200000,1472.84,1482.31,1468.09,1472.82,12258.0,18093851.0
2026-07-27 04:00:00+00:00,1785124800000,1473.28,1484.0,1472.0,1480.99,8919.0,13192196.44
2026-07-27 05:00:00+00:00,1785128400000,1480.99,1493.81,1479.01,1485.0,24132.0,35884625.62
2026-07-27 06:00:00+00:00,1785132000000,1485.02,1510.53,1483.95,1510.03,31261.0,46860456.52
2026-07-27 07:00:00+00:00,1785135600000,1510.02,1516.57,1495.68,1499.97,19726.0,29718751.78
2026-07-27 08:00:00+00:00,1785139200000,1433.011,1507.991,1433.011,1506.555,200232.445305,300302761.9217274
2026-07-27 09:00:00+00:00,1785142800000,1506.555,1511.768,1501.5,1509.004,19086.699852,28743365.60635134
2026-07-27 10:00:00+00:00,1785146400000,1507.51,1509.005,1494.5,1498.99,35491.487765000005,53252237.44852705
2026-07-27 11:00:00+00:00,1785150000000,1494.19,1497.693,1467.828,1477.01,161118.59827500003,238767886.07347584
2026-07-27 12:00:00+00:00,1785153600000,1479.01,1487.483,1465.026,1484.99,95866.24165299998,141744469.58966792
2026-07-27 13:00:00+00:00,1785157200000,1478.5,1485.935,1327.49,1331.33,2839753.032323,3942182644.2108154
2026-07-27 14:00:00+00:00,1785160800000,1332.5,1336.01,1227.255,1277.06,6009762.492879,7709364793.226382
2026-07-27 15:00:00+00:00,1785164400000,1278.35,1285.98,1251.8,1279.83,3074331.794749001,3903042832.111132
2026-07-27 16:00:00+00:00,1785168000000,1282.199,1301.7,1263.01,1266.971,2797501.041758,3597176751.502175
2026-07-27 17:00:00+00:00,1785171600000,1266.01,1270.155,1248.38,1266.975,1326739.372614,1671487291.6302574
2026-07-27 18:00:00+00:00,1785175200000,1267.9,1271.01,1222.71,1265.01,1933985.28892,2413693707.563121
2026-07-27 19:00:00+00:00,1785178800000,1265.99,1298.19,1256.87,1278.3,2536014.1383459987,3231858124.094652
2026-07-27 20:00:00+00:00,1785182400000,1277.01,1290.774,1268.702,1269.99,1157223.3005739993,1478923856.1821172
2026-07-27 21:00:00+00:00,1785186000000,1265.35,1276.701,1257.944,1257.99,73575.31223000001,93301773.13026588
2026-07-27 22:00:00+00:00,1785189600000,1255.99,1260.947,1237.357,1239.67,111799.59733299998,139457755.61700952
2026-07-27 23:00:00+00:00,1785193200000,1240.0,1248.854,1230.349,1246.44,104702.52932800003,129830036.99016207
2026-07-28 00:00:00+00:00,1785196800000,1255.49,1267.84,1224.04,1228.12,3.0,3739.491
2026-07-28 01:00:00+00:00,1785200400000,1229.08,1235.5,1212.01,1223.63,63640.0,77787477.08
2026-07-28 02:00:00+00:00,1785204000000,1222.33,1232.29,1216.0,1222.99,28596.0,34969780.87
2026-07-28 03:00:00+00:00,1785207600000,1224.51,1233.71,1213.76,1231.5,29084.0,35629854.34
2026-07-28 04:00:00+00:00,1785211200000,1231.9,1232.64,1218.61,1219.04,20328.0,24879938.03
2026-07-28 05:00:00+00:00,1785214800000,1220.5,1225.01,1203.11,1205.94,42974.0,52102913.38
2026-07-28 06:00:00+00:00,1785218400000,1205.93,1215.77,1192.0,1212.02,45404.0,54716862.24
2026-07-28 07:00:00+00:00,1785222000000,1212.99,1221.51,1202.29,1208.51,21462.0,26036184.52
2026-07-28 08:00:00+00:00,1785225600000,1210.98,1240.488,1203.513,1219.99,331485.36850799987,402371757.6909826
2026-07-28 09:00:00+00:00,1785229200000,1217.57,1223.35,1203.036,1208.6,70083.779176,84918559.8901202
2026-07-28 10:00:00+00:00,1785232800000,1206.63,1214.346,1202.762,1206.0,77038.70764699999,93076502.5430202
2026-07-28 11:00:00+00:00,1785236400000,1210.0,1211.99,1165.05,1186.41,475900.87000000005,562640942.0705501
2026-07-28 12:00:00+00:00,1785240000000,1185.99,1194.1,1174.321,1188.99,256569.70112,304085383.4886195
2026-07-28 13:00:00+00:00,1785243600000,1184.78,1196.126,1088.21,1088.9,4915889.385563999,5564725335.841127
2026-07-28 14:00:00+00:00,1785247200000,1087.99,1120.99,1050.72,1093.0,5926174.482589,6442322945.794365
2026-07-28 15:00:00+00:00,1785250800000,1092.834,1118.12,1079.39,1110.923,3445019.485811,3779120412.578489
2026-07-28 16:00:00+00:00,1785254400000,1111.087,1124.45,1090.05,1101.37,2433810.002645,2692340521.964133
2026-07-28 17:00:00+00:00,1785258000000,1099.99,1103.58,1070.54,1081.245,1576253.33148,1713138638.5430524
2026-07-28 18:00:00+00:00,1785261600000,1081.225,1089.69,1071.55,1088.73,1400959.6631360005,1513692365.5011609
2026-07-28 19:00:00+00:00,1785265200000,1089.49,1128.52,1088.438,1095.77,4209596.8458320005,4668569610.892748
2026-07-28 20:00:00+00:00,1785268800000,1091.01,1131.97,1074.319,1118.54,2198292.3710680013,2410905713.4667706
2026-07-28 21:00:00+00:00,1785272400000,1124.5,1137.489,1116.784,1132.01,158214.716695,178354595.77080336
2026-07-28 22:00:00+00:00,1785276000000,1125.01,1130.307,1024.01,1029.99,360861.307351,387498789.9589443
2026-07-28 23:00:00+00:00,1785279600000,1039.01,1126.98,1034.583,1122.73,474720.62508700014,513249235.8514361
2026-07-29 00:00:00+00:00,1785283200000,1122.87,1166.11,1095.99,1112.96,50.0,55961.55
2026-07-29 01:00:00+00:00,1785286800000,1111.82,1117.88,1043.22,1055.25,110518.0,119353320.92
2026-07-29 02:00:00+00:00,1785290400000,1056.1,1069.67,1036.99,1041.33,98356.0,103508769.75
2026-07-29 03:00:00+00:00,1785294000000,1041.0,1054.73,1002.02,1015.0,101283.0,103830449.84
2026-07-29 04:00:00+00:00,1785297600000,1015.38,1033.07,988.99,1029.37,159908.0,161329972.63
2026-07-29 05:00:00+00:00,1785301200000,1030.74,1062.0,1022.65,1048.99,116614.0,121786266.83
2026-07-29 06:00:00+00:00,1785304800000,1048.49,1066.51,1032.61,1060.72,68833.0,72307350.77
2026-07-29 07:00:00+00:00,1785308400000,1060.68,1074.46,1054.72,1062.07,55173.0,58732282.7
2026-07-29 08:00:00+00:00,1785312000000,1073.01,1120.234,1043.958,1075.05,687992.759368,732642870.2574997
2026-07-29 09:00:00+00:00,1785315600000,1078.34,1123.99,1069.995,1113.99,261556.0168290001,288883546.40090406
2026-07-29 10:00:00+00:00,1785319200000,1117.051,1121.602,1073.08,1076.183,304001.57164,334429676.1104964
2026-07-29 11:00:00+00:00,1785322800000,1086.01,1104.657,1073.752,1099.26,246272.615444,268234591.60775733
2026-07-29 12:00:00+00:00,1785326400000,1096.87,1100.986,1074.28,1088.99,158285.73661000002,172060711.1242219
2026-07-29 13:00:00+00:00,1785330000000,1092.83,1121.737,1016.48,1035.005,3776386.204142,4024127335.376466
2026-07-29 14:00:00+00:00,1785333600000,1037.46,1071.01,1004.21,1025.17,3432167.4558499986,3533408501.8124247
2026-07-29 15:00:00+00:00,1785337200000,1025.16,1035.89,1004.01,1021.01,1905506.942926,1950736246.2739856
2026-07-29 16:00:00+00:00,1785340800000,1020.584,1028.75,998.21,1026.381,3246475.546756,3304423745.325626
2026-07-29 17:00:00+00:00,1785344400000,1026.514,1057.0,1026.11,1050.049,2256261.462445,2361201214.6245413
2026-07-29 18:00:00+00:00,1785348000000,1051.005,1114.96,1049.085,1114.01,3141518.5890920004,3393905051.0210624
2026-07-29 19:00:00+00:00,1785351600000,1115.01,1124.22,1004.23,1017.5,4783859.283999,5044396871.552297
2026-07-29 20:00:00+00:00,1785355200000,1012.56,1024.757,986.029,993.0,1029180.7179349998,1039029359.8972068
2026-07-29 21:00:00+00:00,1785358800000,990.19,997.121,970.793,995.0,295535.009108,290645559.7033136
2026-07-29 22:00:00+00:00,1785362400000,996.21,1019.79,992.319,999.01,240145.373544,241885755.09514803
2026-07-29 23:00:00+00:00,1785366000000,1003.88,1012.877,993.205,1010.0,194674.376771,195571202.68990865
2026-07-30 00:00:00+00:00,1785369600000,1010.0,1024.99,993.99,1015.97,4.0,4032.744
2026-07-30 01:00:00+00:00,1785373200000,1016.0,1067.66,1012.59,1050.01,163559.0,171114661.0
2026-07-30 02:00:00+00:00,1785376800000,1049.99,1058.26,1018.87,1021.57,91298.0,94638260.08
2026-07-30 03:00:00+00:00,1785380400000,1021.01,1033.99,1009.0,1027.4,60436.0,61688878.05
2026-07-30 04:00:00+00:00,1785384000000,1028.2,1031.73,1012.66,1014.36,48613.0,49624612.88
2026-07-30 05:00:00+00:00,1785387600000,1015.39,1027.0,1007.11,1021.37,34856.0,35477599.17
2026-07-30 06:00:00+00:00,1785391200000,1021.02,1023.2,1006.19,1008.02,24861.0,25227594.8
2026-07-30 07:00:00+00:00,1785394800000,1008.06,1017.26,1002.61,1003.55,21943.0,22134547.01
2026-07-30 08:00:00+00:00,1785398400000,1008.95,1008.95,1008.95,1008.95,49.0,49438.55
2026-07-30 09:00:00+00:00,1785402000000,1015.49,1030.349,1008.7,1028.99,70648.446664,72277034.65649854
2026-07-30 10:00:00+00:00,1785405600000,1035.0,1049.428,1024.253,1041.26,134143.65272900002,139483790.81485403
2026-07-30 11:00:00+00:00,1785409200000,1041.99,1079.12,1036.012,1072.01,405687.6899950001,431223579.9354284
2026-07-30 12:00:00+00:00,1785412800000,1066.0,1104.97,1063.249,1102.0,475848.9357069999,517423857.2197205
2026-07-30 13:00:00+00:00,1785416400000,1099.284,1238.55,1090.48,1236.245,4205201.201024,4944887965.651013
2026-07-30 14:00:00+00:00,1785420000000,1234.735,1268.4,1195.99,1235.835,5501121.376979997,6791529870.508811
2026-07-30 15:00:00+00:00,1785423600000,1236.85,1259.6,1222.01,1248.855,2409886.183366,2991036743.177406
2026-07-30 16:00:00+00:00,1785427200000,1250.38,1267.53,1238.03,1253.26,1863284.2657299996,2338071269.720765
2026-07-30 17:00:00+00:00,1785430800000,1253.322,1272.01,1250.65,1257.703,2005912.854414,2530756769.9369955
2026-07-30 18:00:00+00:00,1785434400000,1257.5,1259.79,1245.51,1255.91,1197665.821603,1500822587.364616
2026-07-30 19:00:00+00:00,1785438000000,1258.29,1285.49,1255.885,1279.955,2501392.586117,3181501719.4200406
2026-07-30 20:00:00+00:00,1785441600000,1276.99,1330.88,1272.824,1323.0,1810086.2672200007,2338725038.708256
2026-07-30 21:00:00+00:00,1785445200000,1324.89,1364.749,1315.377,1341.99,432940.4083530001,582207913.8773549
2026-07-30 22:00:00+00:00,1785448800000,1337.0,1358.916,1333.03,1349.0,190057.46282899997,256768734.6152633
2026-07-30 23:00:00+00:00,1785452400000,1348.59,1356.462,1321.222,1354.99,216078.199545,289696020.52216154
2026-07-31 00:00:00+00:00,1785456000000,1351.01,1427.99,1340.0,1378.68,14.0,18961.992
2026-07-31 01:00:00+00:00,1785459600000,1378.43,1413.3,1342.02,1363.01,167642.0,231334847.91
2026-07-31 02:00:00+00:00,1785463200000,1362.21,1369.78,1331.16,1344.31,71849.0,96587909.01
2026-07-31 03:00:00+00:00,1785466800000,1344.67,1358.0,1336.03,1343.73,36984.0,49843556.14
2026-07-31 04:00:00+00:00,1785470400000,1344.01,1374.99,1338.88,1368.01,48514.0,66075829.47
2026-07-31 05:00:00+00:00,1785474000000,1368.02,1392.01,1364.59,1383.02,77216.0,106530129.97
2026-07-31 06:00:00+00:00,1785477600000,1383.02,1394.44,1296.0,1314.53,290279.0,387432278.73
2026-07-31 07:00:00+00:00,1785481200000,1314.01,1344.19,1306.31,1333.89,81970.0,108619752.03
2026-07-31 08:00:00+00:00,1785484800000,1325.61,1354.485,1303.343,1352.38,926953.8581339996,1235514457.918827
2026-07-31 09:00:00+00:00,1785488400000,1360.76,1371.888,1324.588,1330.0,228621.177019,309472759.06423926
2026-07-31 10:00:00+00:00,1785492000000,1329.0,1352.603,1324.384,1344.72,108978.685976,146144798.83699223
2026-07-31 11:00:00+00:00,1785495600000,1350.99,1367.734,1340.355,1359.01,281959.408585,382816232.6439728
2026-07-31 12:00:00+00:00,1785499200000,1357.01,1359.855,1324.985,1334.99,269088.78062000003,359966896.69040173
2026-07-31 13:00:00+00:00,1785502800000,1332.0,1405.0,1225.425,1241.39,5358090.288401,7041366501.043905
2026-07-31 14:00:00+00:00,1785506400000,1241.016,1250.29,1189.02,1248.433,5269412.869173,6443801446.735309
2026-07-31 15:00:00+00:00,1785510000000,1248.432,1268.82,1202.48,1219.99,3398069.151126,4189083520.970702
2026-07-31 16:00:00+00:00,1785513600000,1219.953,1244.24,1217.41,1237.102,1470642.123194,1812444896.8054051
2026-07-31 17:00:00+00:00,1785517200000,1237.05,1274.39,1237.05,1254.32,1418579.8763750002,1783210654.7925167
2026-07-31 18:00:00+00:00,1785520800000,1254.39,1258.325,1231.408,1250.285,1239742.998381999,1544452487.3935196
2026-07-31 19:00:00+00:00,1785524400000,1251.0,1254.39,1207.52,1214.04,1995666.547217,2456292329.9797974
2026-07-31 20:00:00+00:00,1785528000000,1207.01,1218.71,1201.889,1208.33,828311.3130440002,1003983220.8841492
2026-07-31 21:00:00+00:00,1785531600000,1212.91,1216.599,1207.532,1208.0,56640.743899,68700634.44923116
2026-07-31 22:00:00+00:00,1785535200000,1204.0,1211.809,1202.5,1211.24,42758.935514,51640081.86938369
2026-07-31 23:00:00+00:00,1785538800000,1210.27,1211.179,1204.05,1205.093,63829.694455,77065393.48604088
2026-08-01 00:00:00+00:00,1785542400000,1205.111,1205.198,1205.111,1205.198,7.0,8435.777
2026-08-01 01:00:00+00:00,1785546000000,1221.87,1227.33,1212.41,1217.72,4.50091,5508.6941487
2026-08-01 02:00:00+00:00,1785549600000,1227.44,1229.63,1212.39,1228.0,2.64037,3241.1425705
2026-08-01 03:00:00+00:00,1785553200000,1226.0,1230.78,1210.07,1230.47,4.09301,4998.8855858
2026-08-01 04:00:00+00:00,1785556800000,1228.0,1232.93,1209.74,1222.0,7.99847,9778.2761866
2026-08-01 05:00:00+00:00,1785560400000,1225.95,1233.13,1215.0,1226.49,7.04477,8615.0643702
2026-08-01 06:00:00+00:00,1785564000000,1218.72,1228.0,1210.76,1227.0,12.28912,15011.1304266
2026-08-01 07:00:00+00:00,1785567600000,1221.06,1235.06,1209.65,1222.51,12.36538,15155.7020805
2026-08-01 08:00:00+00:00,1785571200000,1224.5,1237.68,1222.16,1234.0,22.10295,27178.9734003
2026-08-01 09:00:00+00:00,1785574800000,1227.1,1237.88,1212.0,1223.0,12.48207,15367.1240363
2026-08-01 10:00:00+00:00,1785578400000,1224.0,1237.88,1218.9,1228.65,12.05248,14786.0298935
2026-08-01 11:00:00+00:00,1785582000000,1228.0,1240.59,1214.0,1230.6,12.65161,15584.3439929
2026-08-01 12:00:00+00:00,1785585600000,1237.0,1243.15,1215.55,1220.01,15.81139,19493.1194656
2026-08-01 13:00:00+00:00,1785589200000,1221.01,1243.54,1210.07,1231.86,19.69175,24061.0190104
2026-08-01 14:00:00+00:00,1785592800000,1231.86,1243.8,1210.0,1216.84,16.20658,19912.5015009
2026-08-01 15:00:00+00:00,1785596400000,1221.49,1236.0,1210.0,1222.0,14.94957,18207.7531997
2026-08-01 16:00:00+00:00,1785600000000,1214.21,1243.0,1210.0,1219.01,12.96285,15833.3452943
2026-08-01 17:00:00+00:00,1785603600000,1227.0,1239.1,1210.12,1220.0,7.61137,9321.7480814
2026-08-01 18:00:00+00:00,1785607200000,1230.32,1230.32,1196.99,1197.01,16.69847,20136.8351742
2026-08-01 19:00:00+00:00,1785610800000,1197.0,1206.72,1196.07,1197.4,13.87888,16621.692883
2026-08-01 20:00:00+00:00,1785614400000,1196.07,1207.39,1189.46,1204.32,4.46099,5333.2159028
2026-08-01 21:00:00+00:00,1785618000000,1204.59,1209.99,1201.56,1207.12,7.84144,9439.6823783
2026-08-01 22:00:00+00:00,1785621600000,1208.07,1211.73,1203.94,1210.09,7.90083,9550.3138433
2026-08-01 23:00:00+00:00,1785625200000,1210.39,1215.75,1210.2,1215.75,9.91488,12026.9262667
2026-08-02 00:00:00+00:00,1785628800000,1214.88,1234.88,1213.77,1221.0,18.29338,22380.0066263
2026-08-02 01:00:00+00:00,1785632400000,1230.0,1235.0,1217.48,1219.11,2.84647,3483.5901248
2026-08-02 02:00:00+00:00,1785636000000,1222.85,1240.52,1217.48,1239.22,9.55498,11790.786721
2026-08-02 03:00:00+00:00,1785639600000,1239.22,1243.0,1225.47,1226.03,12.28307,15221.1437086
2026-08-02 04:00:00+00:00,1785643200000,1230.0,1243.0,1220.0,1225.0,11.01059,13564.3927428
2026-08-02 05:00:00+00:00,1785646800000,1222.26,1242.99,1222.26,1236.0,9.71484,11945.6877751
2026-08-02 06:00:00+00:00,1785650400000,1234.02,1242.0,1225.56,1236.2,7.49045,9245.4113581
2026-08-02 07:00:00+00:00,1785654000000,1236.2,1243.0,1220.0,1243.0,21.4779,26497.2279211
2026-08-02 08:00:00+00:00,1785657600000,1240.0,1252.34,1226.83,1228.0,31.16205,38779.4415105
2026-08-02 09:00:00+00:00,1785661200000,1229.0,1251.0,1228.35,1236.22,21.15901,26200.0276711
2026-08-02 10:00:00+00:00,1785664800000,1238.62,1254.63,1230.01,1253.48,17.74285,22106.6187274
2026-08-02 11:00:00+00:00,1785668400000,1253.6,1256.82,1230.01,1234.22,17.84675,22269.5069991
2026-08-02 12:00:00+00:00,1785672000000,1236.99,1245.0,1230.01,1243.59,10.91025,13514.5714322
2026-08-02 13:00:00+00:00,1785675600000,1242.02,1243.49,1220.5,1235.62,12.08149,14888.9175338
2026-08-02 14:00:00+00:00,1785679200000,1235.62,1243.0,1221.11,1227.48,13.01558,16023.342233
2026-08-02 15:00:00+00:00,1785682800000,1234.89,1242.0,1222.03,1231.01,12.42033,15297.4499868
2026-08-02 16:00:00+00:00,1785686400000,1231.01,1256.82,1228.0,1252.49,5.28287,6537.4481074
2026-08-02 17:00:00+00:00,1785690000000,1244.23,1269.2,1230.9,1242.01,30.29186,38047.7400184
2026-08-02 18:00:00+00:00,1785693600000,1250.89,1269.2,1239.62,1242.06,8.06712,10078.0190478
2026-08-02 19:00:00+00:00,1785697200000,1247.4,1268.0,1242.09,1252.86,5.94752,7437.55441
2026-08-02 20:00:00+00:00,1785700800000,1252.86,1266.0,1246.2,1262.7,1.67365,2097.9887098
2026-08-02 21:00:00+00:00,1785704400000,1247.3,1250.02,1247.3,1247.33,0.65964,823.5211159
2026-08-02 22:00:00+00:00,1785708000000,1246.1,1265.07,1217.26,1230.01,3.74528,4651.1795061
2026-08-02 23:00:00+00:00,1785711600000,1252.5,1262.0,1230.0,1233.08,4.38998,5453.8108857
2026-08-03 00:00:00+00:00,1785715200000,1239.99,1264.32,1222.49,1259.51,108781.0,135246740.97000006
2026-08-03 01:00:00+00:00,1785718800000,1259.02,1265.32,1239.78,1255.21,60169.0,75338830.01
2026-08-03 02:00:00+00:00,1785722400000,1255.12,1262.01,1250.96,1256.0,40926.0,51428298.01
2026-08-03 03:00:00+00:00,1785726000000,1256.19,1258.96,1246.93,1255.99,22527.0,28213452.54
2026-08-03 04:00:00+00:00,1785729600000,1256.01,1258.11,1240.51,1242.99,27424.0,34297653.83
2026-08-03 05:00:00+00:00,1785733200000,1242.98,1254.99,1237.24,1252.63,23883.0,29784344.02
2026-08-03 06:00:00+00:00,1785736800000,1252.75,1254.01,1236.18,1240.0,29992.0,37348429.11
2026-08-03 07:00:00+00:00,1785740400000,1240.09,1245.01,1232.14,1236.86,22253.0,27551974.55
2026-08-03 08:00:00+00:00,1785744000000,1233.0,1240.383,1204.318,1220.61,309082.79323700006,379283902.6330988
2026-08-03 09:00:00+00:00,1785747600000,1218.01,1231.383,1209.135,1218.01,58996.70269500001,71953092.46692462
2026-08-03 10:00:00+00:00,1785751200000,1208.0,1217.148,1169.011,1185.01,202737.875678,240702448.63473684
2026-08-03 11:00:00+00:00,1785754800000,1190.0,1192.834,1156.787,1160.0,252430.12711799995,295037480.1150819
2026-08-03 12:00:00+00:00,1785758400000,1161.332,1176.488,1150.0,1169.6,325791.323984,379553129.7030594
2026-08-03 13:00:00+00:00,1785762000000,1166.01,1220.27,1122.2,1220.27,2513251.0907610003,2969438333.348084
2026-08-03 14:00:00+00:00,1785765600000,1218.66,1273.34,1192.53,1259.72,3071411.156655,3800341487.936039
2026-08-03 15:00:00+00:00,1785769200000,1257.98,1260.95,1237.0,1254.39,1340737.9186230002,1678615806.683472
2026-08-03 16:00:00+00:00,1785772800000,1255.26,1287.6,1255.125,1275.01,1313032.6713920005,1674045095.7442095
2026-08-03 17:00:00+00:00,1785776400000,1275.38,1315.09,1272.34,1312.27,1237989.030583,1601814941.6402729
2026-08-03 18:00:00+00:00,1785780000000,1312.99,1316.45,1289.24,1292.85,1101948.998386,1433936148.3920457
2026-08-03 19:00:00+00:00,1785783600000,1291.99,1305.98,1280.82,1289.83,2285524.152421,2956528211.6203165
2026-08-03 20:00:00+00:00,1785787200000,1281.97,1297.01,1273.469,1291.95,1235188.0832619998,1591845430.8148856
2026-08-03 21:00:00+00:00,1785790800000,1293.0,1314.86,1289.79,1308.57,93969.575153,122406413.06186298
2026-08-03 22:00:00+00:00,1785794400000,1308.01,1315.289,1303.519,1312.99,69439.36289899999,90986508.30954032
2026-08-03 23:00:00+00:00,1785798000000,1309.99,1327.455,1307.99,1326.51,82028.634702,108059404.7696094
2026-08-04 00:00:00+00:00,1785801600000,1328.6,1337.01,1272.14,1277.9,1.0,1327.545
2026-08-04 01:00:00+00:00,1785805200000,1277.52,1314.0,1264.02,1309.93,70304.0,90785786.25
2026-08-04 02:00:00+00:00,1785808800000,1309.0,1309.0,1285.87,1291.49,32324.0,41891684.58
2026-08-04 03:00:00+00:00,1785812400000,1292.48,1297.74,1282.51,1292.4,18156.0,23427184.46
2026-08-04 04:00:00+00:00,1785816000000,1292.38,1293.99,1283.22,1288.99,16631.0,21444149.87
2026-08-04 05:00:00+00:00,1785819600000,1289.87,1308.51,1281.65,1306.71,33313.0,43223737.52
2026-08-04 06:00:00+00:00,1785823200000,1307.59,1317.27,1303.4,1315.96,37349.0,48968327.22
2026-08-04 07:00:00+00:00,1785826800000,1316.59,1326.55,1311.39,1315.41,35679.0,47092744.59
2026-08-04 08:00:00+00:00,1785830400000,1337.99,1339.962,1317.0,1318.0,296437.521296,393015620.69664735
2026-08-04 09:00:00+00:00,1785834000000,1316.36,1323.1,1304.034,1317.99,67386.97647299997,88565443.04200383
2026-08-04 10:00:00+00:00,1785837600000,1329.0,1347.025,1314.795,1336.42,89027.37010099998,118663183.87791228
2026-08-04 11:00:00+00:00,1785841200000,1341.99,1368.82,1335.527,1368.82,277899.63269700005,376372200.3647247
2026-08-04 12:00:00+00:00,1785844800000,1368.005,1369.127,1351.49,1357.86,358906.582847,487069635.06425005
2026-08-04 13:00:00+00:00,1785848400000,1360.0,1414.2,1341.77,1382.08,3072615.31278,4249367983.3607354
2026-08-04 14:00:00+00:00,1785852000000,1382.72,1400.0,1369.36,1395.01,1805504.810859,2505207075.901118
2026-08-04 15:00:00+00:00,1785855600000,1394.48,1432.88,1393.01,1408.9,2269395.1887890003,3209278595.6575785
2026-08-04 16:00:00+00:00,1785859200000,1413.01,1441.47,1408.53,1440.01,1328668.3002090002,1896050321.6482296
2026-08-04 17:00:00+00:00,1785862800000,1439.541,1446.23,1430.22,1435.582,1375009.810845,1978834280.5581431
2026-08-04 18:00:00+00:00,1785866400000,1435.615,1437.985,1420.34,1424.01,1316465.252406,1882628870.2646167
2026-08-04 19:00:00+00:00,1785870000000,1425.43,1439.23,1415.24,1428.17,1512651.354801,2158474976.6957126
2026-08-04 20:00:00+00:00,1785873600000,1435.15,1442.658,1382.01,1398.8,1515448.5772049995,2153132971.6482296
2026-08-04 21:00:00+00:00,1785877200000,1404.01,1433.971,1396.508,1412.0,166183.8663999999,235254866.79183185
2026-08-04 22:00:00+00:00,1785880800000,1412.99,1421.892,1405.83,1411.99,67727.92818399999,95781675.86412229
2026-08-04 23:00:00+00:00,1785884400000,1421.01,1438.77,1411.33,1437.5,98193.790584,140161512.2788508
2026-08-05 00:00:00+00:00,1785888000000,1443.94,1443.94,1413.54,1423.0,53258.0,76057437.54
2026-08-05 01:00:00+00:00,1785891600000,1423.01,1428.66,1400.01,1424.01,51220.0,72483932.28
2026-08-05 02:00:00+00:00,1785895200000,1424.88,1429.58,1414.0,1417.96,19119.0,27164866.64
2026-08-05 03:00:00+00:00,1785898800000,1417.97,1429.04,1417.82,1427.38,18509.0,26376523.13
2026-08-05 04:00:00+00:00,1785902400000,1427.01,1443.05,1425.99,1443.0,32843.0,47152294.36
2026-08-05 05:00:00+00:00,1785906000000,1442.8,1479.87,1441.96,1465.01,79574.0,116420416.8
2026-08-05 06:00:00+00:00,1785909600000,1464.98,1466.01,1441.02,1449.26,50870.0,73889855.12
2026-08-05 07:00:00+00:00,1785913200000,1449.27,1458.99,1431.11,1443.01,32807.0,47320257.55
2026-08-05 08:00:00+00:00,1785916800000,1452.01,1454.392,1398.79,1412.01,440112.180304,631183934.6313736
2026-08-05 09:00:00+00:00,1785920400000,1414.57,1423.423,1403.022,1419.87,57614.963349000005,81530560.13790815
2026-08-05 10:00:00+00:00,1785924000000,1415.5,1418.5,1383.538,1389.01,92888.70078500002,130055569.25371628
2026-08-05 11:00:00+00:00,1785927600000,1402.19,1417.676,1397.5,1399.99,171627.608054,241356352.51485348
2026-08-05 12:00:00+00:00,1785931200000,1401.441,1416.867,1394.79,1409.068,196530.849472,276514063.30122334
2026-08-05 13:00:00+00:00,1785934800000,1408.6,1441.51,1373.28,1439.01,2074802.329827,2930416368.9289794
2026-08-05 14:00:00+00:00,1785938400000,1437.98,1438.188,1365.57,1393.82,2197644.34456,3070064756.93456
2026-08-05 15:00:00+00:00,1785942000000,1394.19,1426.51,1391.96,1404.99,1472828.4064669996,2076852420.7686312
2026-08-05 16:00:00+00:00,1785945600000,1405.53,1429.0,1403.01,1421.5,1441946.425009,2044315218.5075915
2026-08-05 17:00:00+00:00,1785949200000,1422.46,1423.385,1408.305,1417.37,785699.66069,1113628385.1916423
2026-08-05 18:00:00+00:00,1785952800000,1418.02,1418.54,1397.19,1400.93,975248.068284,1374178264.3807185
2026-08-05 19:00:00+00:00,1785956400000,1400.5,1410.45,1347.99,1349.71,2559844.117812,3526962952.929021
2026-08-05 20:00:00+00:00,1785960000000,1351.11,1381.99,1199.99,1302.848,4389418.809748,5705567017.818872
2026-08-05 21:00:00+00:00,1785963600000,1306.0,1310.01,1251.532,1269.01,651387.3473730001,831360981.4632589
2026-08-05 22:00:00+00:00,1785967200000,1266.99,1287.35,1256.293,1268.49,281565.731422,358714319.48303086
2026-08-05 23:00:00+00:00,1785970800000,1265.56,1269.964,1241.091,1243.0,319264.48860100016,400099287.9550294
2026-08-06 00:00:00+00:00,1785974400000,1250.7,1265.78,1233.05,1243.47,19.0,23613.257
2026-08-06 01:00:00+00:00,1785978000000,1242.49,1253.98,1224.01,1243.52,117121.0,145298741.22
2026-08-06 02:00:00+00:00,1785981600000,1244.3,1253.86,1238.99,1243.01,90700.0,113111911.69
2026-08-06 03:00:00+00:00,1785985200000,1243.01,1247.4,1233.37,1244.0,38232.0,47425717.83
2026-08-06 04:00:00+00:00,1785988800000,1244.39,1246.01,1229.82,1238.99,51917.0,64346976.35
2026-08-06 05:00:00+00:00,1785992400000,1238.98,1244.23,1230.21,1237.89,43961.0,54460702.12
2026-08-06 06:00:00+00:00,1785996000000,1237.51,1243.01,1225.61,1240.33,68036.0,84106230.99
2026-08-06 07:00:00+00:00,1785999600000,1240.0,1243.01,1231.76,1233.23,47361.0,58635129.51
2026-08-06 08:00:00+00:00,1786003200000,1232.64,1249.772,1217.364,1230.02,493489.638597,609653200.9545889
2026-08-06 09:00:00+00:00,1786006800000,1230.01,1238.544,1223.53,1229.52,108624.307038,133419391.03430624
2026-08-06 10:00:00+00:00,1786010400000,1230.57,1235.489,1211.01,1214.99,113630.140197,138778637.83224583
2026-08-06 11:00:00+00:00,1786014000000,1200.02,1226.63,1195.0,1218.87,397318.116602,481226855.5473198
2026-08-06 12:00:00+00:00,1786017600000,1222.01,1225.185,1198.75,1210.73,267570.06305700005,324355494.28736013
2026-08-06 13:00:00+00:00,1786021200000,1210.97,1277.15,1163.96,1275.91,4755214.373224,5805426768.100948
2026-08-06 14:00:00+00:00,1786024800000,1276.027,1295.11,1252.16,1276.177,4819574.261981,6143188405.093858
2026-08-06 15:00:00+00:00,1786028400000,1276.298,1323.56,1276.255,1282.56,3833246.310257,5006141746.689096
2026-08-06 16:00:00+00:00,1786032000000,1282.443,1297.08,1269.01,1293.796,2278260.442329,2920900242.182881
2026-08-06 17:00:00+00:00,1786035600000,1294.4,1298.99,1276.99,1284.785,1011599.035765,1303138843.0753655
2026-08-06 18:00:00+00:00,1786039200000,1286.0,1296.17,1269.99,1280.18,938757.331252,1205977140.2376764
2026-08-06 19:00:00+00:00,1786042800000,1279.56,1292.561,1255.5,1258.81,1757718.960568,2243593963.436465
2026-08-06 20:00:00+00:00,1786046400000,1260.039,1265.093,1240.01,1263.755,718782.291521,903832974.9554784
2026-08-06 21:00:00+00:00,1786050000000,1270.0,1276.295,1263.751,1270.5,65299.99379500001,83030698.6801756
2026-08-06 22:00:00+00:00,1786053600000,1279.51,1281.39,1268.404,1276.71,52519.99823200001,67014966.28405058
2026-08-06 23:00:00+00:00,1786057200000,1276.51,1277.558,1270.87,1274.23,44930.300994000005,57269922.91475137
2026-08-07 00:00:00+00:00,1786060800000,1275.99,1288.69,1262.09,1271.43,1.0,1275.0
2026-08-07 01:00:00+00:00,1786064400000,1272.01,1272.67,1250.41,1256.25,32344.0,40711307.31
2026-08-07 02:00:00+00:00,1786068000000,1256.26,1270.97,1253.71,1268.54,23762.0,30010326.9
2026-08-07 03:00:00+00:00,1786071600000,1269.75,1272.01,1260.01,1260.56,11114.0,14081133.97
2026-08-07 04:00:00+00:00,1786075200000,1260.45,1266.0,1254.58,1258.56,8192.0,10325826.04
2026-08-07 05:00:00+00:00,1786078800000,1258.99,1272.42,1258.99,1271.52,16620.0,21031907.94
2026-08-07 06:00:00+00:00,1786082400000,1271.12,1279.51,1265.01,1266.11,23591.0,30008495.87
2026-08-07 07:00:00+00:00,1786086000000,1267.18,1283.79,1264.25,1283.02,25949.0,33158372.07
2026-08-07 08:00:00+00:00,1786089600000,1289.87,1310.075,1275.0,1298.0,249057.451298,321486321.9191288
2026-08-07 09:00:00+00:00,1786093200000,1302.8,1305.882,1292.29,1292.814,85857.936194,111618308.5405372
2026-08-07 10:00:00+00:00,1786096800000,1292.23,1295.745,1283.38,1288.15,48973.93855700001,63181934.38316238
2026-08-07 11:00:00+00:00,1786100400000,1291.27,1295.976,1283.38,1285.0,83937.94464400002,108267324.32388556
2026-08-07 12:00:00+00:00,1786104000000,1284.99,1326.948,1284.966,1317.99,342621.603929,449378555.5648312
2026-08-07 13:00:00+00:00,1786107600000,1318.051,1318.996,1214.18,1220.192,1001757.646677,1271631694.7520864
2026-08-07 14:00:00+00:00,1786111200000,1220.417,1223.395,1184.99,1202.428,3461116.307436,4168812226.147592
2026-08-07 15:00:00+00:00,1786114800000,1202.429,1243.0,1201.03,1231.367,2905543.216402,3568824147.0362144
2026-08-07 16:00:00+00:00,1786118400000,1229.99,1244.51,1219.44,1231.24,1126288.945818,1388522688.4439104
2026-08-07 17:00:00+00:00,1786122000000,1229.99,1236.0,1225.57,1227.69,827262.5336009999,1018427766.211826
2026-08-07 18:00:00+00:00,1786125600000,1228.15,1231.43,1222.76,1230.289,965117.176141,1183767613.6669033
2026-08-07 19:00:00+00:00,1786129200000,1230.289,1234.987,1210.0,1212.82,2088867.004391,2546143884.085808
2026-08-07 20:00:00+00:00,1786132800000,1207.02,1218.206,1207.02,1216.01,520917.741944,631919113.8311372
2026-08-07 21:00:00+00:00,1786136400000,1213.55,1216.725,1211.126,1211.99,170155.944902,206348897.10000196
2026-08-07 22:00:00+00:00,1786140000000,1211.25,1213.499,1208.521,1210.44,35737.562459,43279042.26559177
2026-08-07 23:00:00+00:00,1786143600000,1210.99,1219.745,1210.99,1218.99,35315.655783,42937021.51056188
2026-08-08 00:00:00+00:00,1786147200000,1219.77,1219.893,1219.77,1219.893,5.0,6098.85
2026-08-08 01:00:00+00:00,1786150800000,1219.13,1220.01,1217.58,1217.58,3.31156,4036.3578329
2026-08-08 02:00:00+00:00,1786154400000,1218.17,1218.4,1217.54,1217.54,1.06952,1302.2833908
2026-08-08 03:00:00+00:00,1786158000000,1217.5,1217.79,1217.3,1217.3,6.03609,7348.7848718
2026-08-08 04:00:00+00:00,1786161600000,1217.79,1217.79,1214.21,1214.21,8.13939,9896.0756783
2026-08-08 05:00:00+00:00,1786165200000,1213.8,1214.78,1213.7,1213.7,9.90768,12025.3456965
2026-08-08 06:00:00+00:00,1786168800000,1213.71,1213.71,1212.34,1212.34,4.71097,5714.9726036
2026-08-08 07:00:00+00:00,1786172400000,1212.21,1212.98,1212.21,1212.21,0.03611,43.7798793
2026-08-08 08:00:00+00:00,1786176000000,1212.98,1212.98,1211.1,1212.2,0.27555,334.0587336
2026-08-08 10:00:00+00:00,1786183200000,1212.1,1212.1,1212.1,1212.1,0.01524,18.472404
2026-08-08 11:00:00+00:00,1786186800000,1212.89,1212.89,1212.89,1212.89,0.1994,241.850266
2026-08-08 12:00:00+00:00,1786190400000,1212.98,1212.98,1212.89,1212.98,0.81413,987.5222941
2026-08-08 13:00:00+00:00,1786194000000,1212.89,1214.76,1210.94,1214.76,13.06193,15851.8501166
2026-08-08 14:00:00+00:00,1786197600000,1214.76,1214.76,1214.76,1214.76,0.00987,11.9896812
2026-08-08 15:00:00+00:00,1786201200000,1214.76,1214.76,1213.1,1213.1,3.06588,3722.6563952
2026-08-08 16:00:00+00:00,1786204800000,1213.1,1213.94,1213.1,1213.94,0.30742,373.166402
2026-08-08 17:00:00+00:00,1786208400000,1213.94,1217.04,1213.94,1217.04,6.75606,8212.9822154
2026-08-08 18:00:00+00:00,1786212000000,1217.04,1217.04,1215.0,1215.0,3.64061,4427.4067822
2026-08-08 19:00:00+00:00,1786215600000,1215.48,1215.49,1215.46,1215.49,0.3088,375.34254
2026-08-08 22:00:00+00:00,1786226400000,1215.49,1216.47,1215.49,1216.47,2.34396,2851.2020954
2026-08-08 23:00:00+00:00,1786230000000,1216.54,1217.62,1216.54,1216.98,1.20101,1461.8057386
2026-08-09 00:00:00+00:00,1786233600000,1217.62,1219.02,1217.32,1217.32,4.42924,5394.9386108
2026-08-09 01:00:00+00:00,1786237200000,1217.71,1217.71,1217.71,1217.71,0.04321,52.6172491
2026-08-09 02:00:00+00:00,1786240800000,1217.71,1217.71,1217.22,1217.71,0.14212,173.0433885
2026-08-09 03:00:00+00:00,1786244400000,1218.59,1218.59,1217.71,1217.71,0.2931,357.0398002
2026-08-09 04:00:00+00:00,1786248000000,1218.59,1219.05,1217.71,1217.71,0.28901,351.9998475
2026-08-09 05:00:00+00:00,1786251600000,1219.05,1222.03,1219.05,1222.03,2.37103,2894.1160534
2026-08-09 06:00:00+00:00,1786255200000,1222.35,1222.35,1222.35,1222.35,1.63619,1999.9968465
2026-08-09 07:00:00+00:00,1786258800000,1222.67,1222.67,1220.97,1220.97,2.85687,3489.4741409
2026-08-09 08:00:00+00:00,1786262400000,1221.94,1222.0,1214.52,1214.52,5.43122,6614.1991124
2026-08-09 10:00:00+00:00,1786269600000,1214.37,1214.37,1214.37,1214.37,0.01659,20.1463983
2026-08-09 11:00:00+00:00,1786273200000,1214.72,1215.3,1214.72,1215.3,0.99039,1203.2690779
2026-08-09 13:00:00+00:00,1786280400000,1215.53,1216.45,1213.76,1216.45,3.04325,3698.2034023
2026-08-09 14:00:00+00:00,1786284000000,1216.94,1217.56,1216.94,1217.56,0.5242,638.0706
2026-08-09 15:00:00+00:00,1786287600000,1218.26,1219.87,1218.26,1218.73,1.16542,1420.4019486
2026-08-09 16:00:00+00:00,1786291200000,1219.51,1221.26,1219.51,1221.26,0.34658,422.9079812
2026-08-09 17:00:00+00:00,1786294800000,1225.95,1231.99,1225.95,1231.99,9.57722,11772.75077
2026-08-09 18:00:00+00:00,1786298400000,1231.62,1231.8,1228.48,1229.94,8.54329,10510.912939
2026-08-09 19:00:00+00:00,1786302000000,1228.97,1231.6,1228.97,1231.6,1.94148,2388.208318
2026-08-09 20:00:00+00:00,1786305600000,1230.91,1230.91,1229.39,1230.48,1.1026,1356.516734
2026-08-09 21:00:00+00:00,1786309200000,1231.12,1231.12,1230.43,1230.43,0.6023,741.412289
2026-08-09 22:00:00+00:00,1786312800000,1232.29,1234.43,1227.6,1227.6,6.32217,7769.3195148
2026-08-09 23:00:00+00:00,1786316400000,1228.08,1228.83,1223.48,1224.17,5.44111,6678.6486173
2026-08-10 00:00:00+00:00,1786320000000,1234.01,1237.09,1208.43,1215.03,47913.0,58618819.29
2026-08-10 01:00:00+00:00,1786323600000,1215.01,1224.0,1210.49,1221.99,20839.0,25383012.86
2026-08-10 02:00:00+00:00,1786327200000,1222.08,1222.69,1214.0,1218.99,12036.0,14660327.88
2026-08-10 03:00:00+00:00,1786330800000,1218.96,1220.69,1216.48,1218.16,6137.0,7480186.85
2026-08-10 04:00:00+00:00,1786334400000,1218.17,1222.39,1213.0,1214.51,10137.0,12341840.54
2026-08-10 05:00:00+00:00,1786338000000,1213.83,1221.38,1213.65,1220.39,12482.0,15220502.99
2026-08-10 06:00:00+00:00,1786341600000,1220.38,1228.54,1219.55,1224.0,14047.0,17182669.64
2026-08-10 07:00:00+00:00,1786345200000,1223.74,1229.98,1223.29,1226.91,10650.0,13066697.76
2026-08-10 08:00:00+00:00,1786348800000,1231.0,1238.055,1219.894,1225.01,126712.738456,155615736.69997975
2026-08-10 09:00:00+00:00,1786352400000,1221.01,1225.241,1210.646,1218.0,51799.89126799997,63089278.7106978
2026-08-10 10:00:00+00:00,1786356000000,1215.95,1221.0,1212.5,1221.0,33526.282992,40815084.66164556
2026-08-10 11:00:00+00:00,1786359600000,1210.01,1216.644,1188.24,1206.99,246195.236553,295257983.4547044
2026-08-10 12:00:00+00:00,1786363200000,1202.72,1209.027,1191.102,1197.27,103827.48243400002,124416171.10096316
2026-08-10 13:00:00+00:00,1786366800000,1193.06,1252.82,1193.06,1247.295,2162820.7249330003,2660410075.0147114
2026-08-10 14:00:00+00:00,1786370400000,1247.197,1278.43,1234.365,1236.22,3523300.997352,4417009834.0690975
2026-08-10 15:00:00+00:00,1786374000000,1235.733,1250.09,1226.99,1246.518,1531154.574709,1899538737.854562
2026-08-10 16:00:00+00:00,1786377600000,1246.457,1261.442,1243.878,1252.947,1369404.465002,1716008969.792031
2026-08-10 17:00:00+00:00,1786381200000,1253.29,1261.585,1250.943,1260.98,683136.8884620002,858831498.5317651
2026-08-10 18:00:00+00:00,1786384800000,1260.92,1263.0,1244.569,1251.91,590227.4314950001,741366969.8779248
2026-08-10 19:00:00+00:00,1786388400000,1252.49,1255.01,1234.01,1238.23,1036624.226253,1291765022.5382817
2026-08-10 20:00:00+00:00,1786392000000,1235.99,1241.5,1228.823,1240.01,809858.8447719999,1002505718.1757134
2026-08-10 21:00:00+00:00,1786395600000,1239.25,1240.249,1236.878,1238.005,23167.007329,28693544.144786082
2026-08-10 22:00:00+00:00,1786399200000,1240.52,1241.254,1233.001,1234.99,24859.969737,30750827.9418311
2026-08-10 23:00:00+00:00,1786402800000,1234.01,1236.449,1227.838,1228.01,33018.04672700001,40669341.80768043
2026-08-11 00:00:00+00:00,1786406400000,1238.66,1240.51,1231.42,1237.06,13990.0,17304403.77000001
2026-08-11 01:00:00+00:00,1786410000000,1237.05,1257.46,1234.01,1248.99,24001.0,29993773.26
2026-08-11 02:00:00+00:00,1786413600000,1248.99,1252.95,1246.23,1250.26,8291.0,10362648.41
2026-08-11 03:00:00+00:00,1786417200000,1250.27,1258.89,1249.45,1255.51,9227.0,11576245.26
2026-08-11 04:00:00+00:00,1786420800000,1255.99,1265.0,1255.99,1259.04,18859.0,23785580.53
2026-08-11 05:00:00+00:00,1786424400000,1258.92,1260.89,1250.47,1250.5,14146.0,17743239.68
2026-08-11 06:00:00+00:00,1786428000000,1250.58,1254.98,1240.02,1244.76,14512.0,18104530.44
2026-08-11 07:00:00+00:00,1786431600000,1244.76,1252.0,1242.96,1249.98,10362.0,12924809.76
2026-08-11 08:00:00+00:00,1786435200000,1247.87,1257.484,1233.551,1244.02,128804.00000599996,160795410.1386902
2026-08-11 09:00:00+00:00,1786438800000,1231.11,1242.0,1231.11,1240.87,21065.467856999992,26059302.43739684
2026-08-11 10:00:00+00:00,1786442400000,1239.5,1245.003,1236.755,1243.79,49638.032461,61648137.19297381
2026-08-11 11:00:00+00:00,1786446000000,1250.01,1252.39,1243.79,1248.99,59143.332917,73855940.78576545
2026-08-11 12:00:00+00:00,1786449600000,1255.0,1260.01,1244.073,1256.04,102063.316166,128092901.3220848
2026-08-11 13:00:00+00:00,1786453200000,1261.01,1286.83,1242.25,1252.46,2136383.552333,2700577666.4549384
2026-08-11 14:00:00+00:00,1786456800000,1251.99,1268.24,1244.85,1266.1,1742401.4437780003,2190544481.5155363
2026-08-11 15:00:00+00:00,1786460400000,1266.302,1280.137,1259.78,1270.612,1599021.475659,2034842466.1822124
2026-08-11 16:00:00+00:00,1786464000000,1270.605,1278.337,1267.26,1269.119,1112368.268423,1416074856.6454911
2026-08-11 17:00:00+00:00,1786467600000,1269.108,1269.483,1260.5,1268.324,968592.382107,1224959228.4161515
2026-08-11 18:00:00+00:00,1786471200000,1267.905,1273.112,1262.21,1269.92,553237.3554570001,701431275.5037292
2026-08-11 19:00:00+00:00,1786474800000,1269.77,1285.0,1268.17,1270.755,1398788.4806329997,1785767090.5290167
2026-08-11 20:00:00+00:00,1786478400000,1272.112,1280.499,1269.144,1274.013,451426.106785,574388061.7730236
2026-08-11 21:00:00+00:00,1786482000000,1274.152,1277.085,1273.578,1274.75,26565.032911999995,33873546.32367703
2026-08-11 22:00:00+00:00,1786485600000,1274.75,1280.63,1273.501,1278.63,20882.488775999995,26661746.78024228
2026-08-11 23:00:00+00:00,1786489200000,1278.63,1278.925,1275.305,1277.749,17652.571588000003,22555405.64713692
2026-08-12 00:00:00+00:00,1786492800000,1278.01,1283.73,1270.0,1274.99,1.0,1277.748
2026-08-12 01:00:00+00:00,1786496400000,1274.79,1294.01,1273.0,1292.97,27105.0,34781636.12
2026-08-12 02:00:00+00:00,1786500000000,1292.97,1309.75,1287.74,1306.84,51877.0,67452736.95
2026-08-12 03:00:00+00:00,1786503600000,1306.49,1319.89,1305.02,1307.32,75609.0,99294004.36
2026-08-12 04:00:00+00:00,1786507200000,1308.0,1312.39,1301.04,1304.48,26306.0,34377056.69
2026-08-12 05:00:00+00:00,1786510800000,1304.51,1305.64,1294.24,1303.57,23851.0,31010759.67
2026-08-12 06:00:00+00:00,1786514400000,1303.56,1305.71,1297.06,1302.01,10155.0,13220559.11
2026-08-12 07:00:00+00:00,1786518000000,1302.01,1309.01,1302.01,1308.99,9116.0,11900002.99
2026-08-12 08:00:00+00:00,1786521600000,1313.09,1329.731,1277.746,1323.99,211680.39391700007,277632807.52814406
2026-08-12 09:00:00+00:00,1786525200000,1326.39,1329.729,1320.62,1326.39,48630.19100199999,64446654.87141406
2026-08-12 10:00:00+00:00,1786528800000,1324.61,1326.51,1319.343,1320.01,36922.590337,48847379.64714698
2026-08-12 11:00:00+00:00,1786532400000,1325.01,1326.516,1316.806,1325.01,95989.316058,126832622.29161978
2026-08-12 12:00:00+00:00,1786536000000,1324.75,1345.306,1315.49,1345.306,409126.69697,545110927.3449608
2026-08-12 13:00:00+00:00,1786539600000,1347.0,1372.02,1309.52,1366.18,2718201.7317710007,3656209929.9976377
2026-08-12 14:00:00+00:00,1786543200000,1363.99,1388.87,1356.55,1376.21,2423609.5840390013,3332422946.134532
2026-08-12 15:00:00+00:00,1786546800000,1376.898,1385.51,1370.58,1376.554,1330808.148893,1833017616.3249435
2026-08-12 16:00:00+00:00,1786550400000,1376.492,1384.445,1364.7,1366.911,1126654.75409,1546239016.1494122
2026-08-12 17:00:00+00:00,1786554000000,1367.4,1380.54,1364.745,1377.21,669959.162966,919720876.8625528
2026-08-12 18:00:00+00:00,1786557600000,1377.42,1377.943,1342.388,1344.99,1191376.8241109997,1615173149.7083995
2026-08-12 19:00:00+00:00,1786561200000,1345.5,1351.725,1334.5,1344.44,1218069.197246,1636029056.9115314
2026-08-12 20:00:00+00:00,1786564800000,1344.387,1350.0,1338.525,1341.726,1962900.171995,2635311045.823402
2026-08-12 21:00:00+00:00,1786568400000,1341.24,1349.993,1339.5,1349.99,50381.840883,67862314.3193975
2026-08-12 22:00:00+00:00,1786572000000,1346.01,1349.06,1344.833,1348.88,20629.628736999995,27792695.87520723
2026-08-12 23:00:00+00:00,1786575600000,1349.98,1363.412,1348.773,1361.01,71704.00521100001,97368245.39291696
2026-08-13 00:00:00+00:00,1786579200000,1367.89,1373.61,1351.63,1360.74,48021.0,65443443.55
2026-08-13 01:00:00+00:00,1786582800000,1360.79,1366.7,1355.49,1365.24,26664.0,36311901.58
2026-08-13 02:00:00+00:00,1786586400000,1365.51,1369.56,1362.0,1366.03,19922.0,27210956.98
2026-08-13 03:00:00+00:00,1786590000000,1366.01,1367.97,1361.01,1364.91,16205.0,22110075.98
2026-08-13 04:00:00+00:00,1786593600000,1364.24,1367.8,1362.24,1363.38,8997.0,12280926.06
2026-08-13 05:00:00+00:00,1786597200000,1363.3,1368.01,1357.37,1357.65,15901.0,21676795.08
2026-08-13 06:00:00+00:00,1786600800000,1357.65,1363.0,1351.89,1353.78,31932.0,43347777.74
2026-08-13 07:00:00+00:00,1786604400000,1353.8,1354.37,1343.0,1348.0,25359.0,34183089.15
2026-08-13 08:00:00+00:00,1786608000000,1361.499,1361.499,1329.259,1342.5,237465.335356,318799525.86865956
2026-08-13 09:00:00+00:00,1786611600000,1340.9,1348.817,1335.034,1340.9,25869.696600000003,34709917.77881826
2026-08-13 10:00:00+00:00,1786615200000,1346.06,1355.22,1340.445,1344.93,41042.948983,55269695.11904158
2026-08-13 11:00:00+00:00,1786618800000,1353.49,1360.249,1351.529,1355.0,85158.392981,115456820.97715633
2026-08-13 12:00:00+00:00,1786622400000,1349.99,1358.0,1338.642,1351.99,145243.34787599996,195927713.4645003
2026-08-13 13:00:00+00:00,1786626000000,1354.03,1413.258,1332.89,1411.0,2108340.723832,2905392820.288588
2026-08-13 14:00:00+00:00,1786629600000,1411.918,1432.935,1386.76,1405.853,3194971.993833,4505805761.931708
2026-08-13 15:00:00+00:00,1786633200000,1405.516,1580.8,1398.0,1532.88,9699341.062556,14715517031.716114
2026-08-13 16:00:00+00:00,1786636800000,1538.1,1562.01,1530.948,1549.01,2326575.721586,3601603430.505044
2026-08-13 17:00:00+00:00,1786640400000,1547.4,1572.45,1547.4,1561.44,1670580.541274001,2612175531.726106
2026-08-13 18:00:00+00:00,1786644000000,1558.99,1564.99,1542.095,1543.63,1481720.1406150004,2302708524.514664
2026-08-13 19:00:00+00:00,1786647600000,1543.954,1553.62,1512.25,1526.62,2992313.395487,4575563995.991183
2026-08-13 20:00:00+00:00,1786651200000,1530.0,1550.048,1527.437,1547.99,1033131.022928,1580970133.6477468
2026-08-13 21:00:00+00:00,1786654800000,1542.99,1549.336,1540.494,1548.08,65326.74580799999,100946101.69841532
2026-08-13 22:00:00+00:00,1786658400000,1547.25,1565.305,1545.625,1563.15,130973.79103400004,203835467.0948888
2026-08-13 23:00:00+00:00,1786662000000,1561.01,1569.541,1559.0,1567.99,139920.014191,218954323.926836
2026-08-14 00:00:00+00:00,1786665600000,1568.74,1572.88,1536.75,1538.85,23.0,36100.8
2026-08-14 01:00:00+00:00,1786669200000,1538.2,1544.27,1533.09,1541.1,44031.0,67736806.08
2026-08-14 02:00:00+00:00,1786672800000,1541.77,1553.32,1541.01,1543.55,28972.0,44813023.45
2026-08-14 03:00:00+00:00,1786676400000,1543.26,1547.97,1541.39,1545.25,14682.0,22687285.29
2026-08-14 04:00:00+00:00,1786680000000,1545.26,1552.95,1542.0,1547.62,21799.0,33746756.65
2026-08-14 05:00:00+00:00,1786683600000,1547.81,1559.0,1544.0,1555.42,19275.0,29887428.35
2026-08-14 06:00:00+00:00,1786687200000,1555.62,1564.95,1551.46,1561.67,31611.0,49241435.62
2026-08-14 07:00:00+00:00,1786690800000,1562.26,1567.67,1557.33,1561.87,32704.0,51100193.93
2026-08-14 08:00:00+00:00,1786694400000,1568.99,1608.307,1558.085,1590.19,412354.5474839999,651382870.9604077
2026-08-14 09:00:00+00:00,1786698000000,1585.79,1616.895,1583.521,1612.01,107637.846252,171834640.0330327
2026-08-14 10:00:00+00:00,1786701600000,1614.958,1623.164,1607.019,1617.997,362074.761405,584746570.0449698
2026-08-14 11:00:00+00:00,1786705200000,1620.01,1643.6,1617.997,1630.59,501744.30990500015,819895911.2914027
2026-08-14 12:00:00+00:00,1786708800000,1630.0,1637.01,1619.278,1630.0,350135.418509,569764407.3010964
2026-08-14 13:00:00+00:00,1786712400000,1635.01,1650.0,1565.24,1621.495,5103336.346031001,8217169678.914432
2026-08-14 14:00:00+00:00,1786716000000,1618.99,1666.61,1588.0,1626.44,4668322.949478003,7600040032.060677
2026-08-14 15:00:00+00:00,1786719600000,1627.263,1648.145,1609.01,1621.99,3565463.536183,5802857708.952002
2026-08-14 16:00:00+00:00,1786723200000,1621.924,1633.0,1611.725,1628.162,1658673.358961,2691930513.1258044
2026-08-14 17:00:00+00:00,1786726800000,1628.71,1634.435,1620.99,1631.72,939702.0273859998,1530435934.0011237
2026-08-14 18:00:00+00:00,1786730400000,1632.99,1638.56,1623.16,1631.7,1008899.9140780002,1646108690.340722
2026-08-14 19:00:00+00:00,1786734000000,1633.085,1646.83,1611.01,1641.265,2208103.916856,3595630710.4572306
2026-08-14 20:00:00+00:00,1786737600000,1641.361,1654.99,1635.88,1644.995,954427.073926,1567919101.4063666
2026-08-14 21:00:00+00:00,1786741200000,1644.76,1666.01,1644.536,1662.01,475494.356759,783626967.6932365
2026-08-14 22:00:00+00:00,1786744800000,1662.51,1667.473,1653.097,1657.19,97419.731233,161884091.71911895
2026-08-14 23:00:00+00:00,1786748400000,1661.0,1662.501,1654.335,1658.44,66787.305278,110745574.22778988
2026-08-15 00:00:00+00:00,1786752000000,1658.218,1658.218,1658.212,1658.212,22.0,36480.796
2026-08-15 01:00:00+00:00,1786755600000,1652.46,1652.46,1647.79,1647.79,1.19658,1974.5468306
2026-08-15 02:00:00+00:00,1786759200000,1647.79,1647.79,1645.94,1645.94,0.20947,345.0224204
2026-08-15 03:00:00+00:00,1786762800000,1645.94,1647.38,1645.94,1646.69,0.21675,356.9793908
2026-08-15 04:00:00+00:00,1786766400000,1647.65,1647.71,1645.9,1646.96,0.43654,718.9686077
2026-08-15 05:00:00+00:00,1786770000000,1646.96,1647.2,1645.54,1645.54,1.23454,2033.0363205
2026-08-15 06:00:00+00:00,1786773600000,1647.2,1650.42,1645.92,1650.42,2.96839,4890.6690175
2026-08-15 07:00:00+00:00,1786777200000,1649.78,1664.65,1649.37,1657.21,9.37046,15513.9330063
2026-08-15 08:00:00+00:00,1786780800000,1656.77,1658.0,1656.38,1656.38,0.35976,596.0846192
2026-08-15 09:00:00+00:00,1786784400000,1656.38,1658.0,1656.38,1657.06,0.30881,511.7798856
2026-08-15 10:00:00+00:00,1786788000000,1656.75,1657.16,1656.04,1656.04,3.56488,5905.8314649
2026-08-15 11:00:00+00:00,1786791600000,1657.16,1657.16,1655.38,1655.38,6.59247,10913.3074716
2026-08-15 12:00:00+00:00,1786795200000,1655.57,1655.57,1655.06,1655.06,2.20135,3643.481888
2026-08-15 13:00:00+00:00,1786798800000,1654.96,1655.57,1653.5,1654.75,0.6545,1083.1918996
2026-08-15 14:00:00+00:00,1786802400000,1654.65,1655.24,1653.86,1653.86,3.2016,5295.6202634
2026-08-15 15:00:00+00:00,1786806000000,1653.86,1653.86,1646.84,1648.1,5.85206,9650.504129
2026-08-15 16:00:00+00:00,1786809600000,1648.94,1648.98,1647.16,1647.16,7.67949,12650.2652871
2026-08-15 17:00:00+00:00,1786813200000,1647.36,1647.36,1646.85,1646.85,1.26722,2087.3583295
2026-08-15 18:00:00+00:00,1786816800000,1646.5,1647.36,1646.14,1646.48,0.25828,425.3057787
2026-08-15 19:00:00+00:00,1786820400000,1646.48,1647.36,1646.1,1647.36,0.33617,553.6835526
2026-08-15 20:00:00+00:00,1786824000000,1647.36,1647.36,1645.86,1647.36,0.04602,75.7874322
2026-08-15 21:00:00+00:00,1786827600000,1645.79,1647.67,1645.62,1647.67,0.80547,1326.5399856
2026-08-15 22:00:00+00:00,1786831200000,1646.55,1647.67,1646.36,1647.67,0.06553,107.9246616
2026-08-15 23:00:00+00:00,1786834800000,1646.36,1647.67,1645.37,1646.34,1.7036,2804.4024867
2026-08-16 00:00:00+00:00,1786838400000,1646.21,1647.64,1646.21,1647.64,1.37273,2261.5560742
2026-08-16 01:00:00+00:00,1786842000000,1646.33,1647.91,1646.05,1647.91,2.45146,4038.8691157
2026-08-16 02:00:00+00:00,1786845600000,1647.91,1654.48,1647.0,1654.48,7.99056,13192.7470048
2026-08-16 03:00:00+00:00,1786849200000,1654.48,1662.01,1652.66,1661.07,11.04207,18292.5611477
2026-08-16 04:00:00+00:00,1786852800000,1662.21,1662.21,1658.58,1658.66,2.84068,4714.127538
2026-08-16 05:00:00+00:00,1786856400000,1658.66,1658.66,1658.06,1658.06,0.13962,231.571542
2026-08-16 06:00:00+00:00,1786860000000,1658.06,1659.61,1658.06,1659.61,0.52593,872.6512628
2026-08-16 07:00:00+00:00,1786863600000,1659.61,1660.19,1658.14,1658.38,0.55232,916.5207756
2026-08-16 08:00:00+00:00,1786867200000,1660.03,1660.03,1658.38,1658.38,0.02347,38.9331619
2026-08-16 09:00:00+00:00,1786870800000,1659.87,1660.03,1655.92,1655.92,1.09803,1820.072079
2026-08-16 10:00:00+00:00,1786874400000,1655.92,1656.6,1655.65,1656.6,0.56011,927.5410992
2026-08-16 11:00:00+00:00,1786878000000,1656.71,1657.45,1654.7,1655.89,1.87166,3099.3231132
2026-08-16 12:00:00+00:00,1786881600000,1655.89,1656.26,1644.32,1646.24,14.1537,23331.9725205
2026-08-16 13:00:00+00:00,1786885200000,1644.32,1648.64,1644.26,1648.64,2.37442,3909.680983
2026-08-16 14:00:00+00:00,1786888800000,1648.64,1648.93,1647.55,1648.93,0.27392,451.6206394
2026-08-16 15:00:00+00:00,1786892400000,1649.4,1653.48,1649.4,1652.33,2.21281,3654.7413189
2026-08-16 16:00:00+00:00,1786896000000,1653.13,1658.58,1652.28,1658.58,3.19269,5285.5835795
2026-08-16 17:00:00+00:00,1786899600000,1658.77,1659.63,1658.77,1658.87,0.60903,1010.4621691
2026-08-16 18:00:00+00:00,1786903200000,1659.53,1662.71,1659.34,1660.25,2.32688,3865.9468332
2026-08-16 19:00:00+00:00,1786906800000,1661.66,1661.66,1659.16,1659.16,0.28639,475.4211356
2026-08-16 20:00:00+00:00,1786910400000,1659.16,1659.16,1658.06,1658.06,0.94637,1569.5574284
2026-08-16 21:00:00+00:00,1786914000000,1658.04,1658.04,1657.2,1657.2,0.71022,1177.3355978
2026-08-16 22:00:00+00:00,1786917600000,1658.16,1658.16,1658.16,1658.16,0.1594,264.310704
2026-08-16 23:00:00+00:00,1786921200000,1657.2,1657.2,1652.18,1652.85,3.13265,5184.4671936
2026-08-17 00:00:00+00:00,1786924800000,1670.0,1687.5,1660.0,1676.99,92883.0,155618029.60000002
2026-08-17 01:00:00+00:00,1786928400000,1676.51,1682.99,1671.92,1672.0,44385.0,74446292.26
2026-08-17 02:00:00+00:00,1786932000000,1672.0,1733.34,1670.99,1716.88,147475.0,252163491.99
2026-08-17 03:00:00+00:00,1786935600000,1717.01,1731.01,1715.01,1720.67,62560.0,107847411.84
2026-08-17 04:00:00+00:00,1786939200000,1720.66,1728.99,1713.9,1722.01,50851.0,87566519.78
2026-08-17 05:00:00+00:00,1786942800000,1722.0,1744.43,1722.0,1742.05,46686.0,80920856.35
2026-08-17 06:00:00+00:00,1786946400000,1742.05,1748.66,1735.76,1740.93,46074.0,80198783.95
2026-08-17 07:00:00+00:00,1786950000000,1739.16,1742.01,1725.07,1740.44,36530.0,63388611.37
2026-08-17 08:00:00+00:00,1786953600000,1734.56,1739.497,1658.211,1733.99,365416.6162299999,632686348.9234004
2026-08-17 09:00:00+00:00,1786957200000,1727.0,1730.29,1714.504,1722.51,102056.227807,175803782.77058813
2026-08-17 10:00:00+00:00,1786960800000,1729.99,1733.497,1721.5,1731.99,65819.90849399999,113771107.21393906
2026-08-17 11:00:00+00:00,1786964400000,1733.46,1733.682,1705.681,1710.0,249450.848324,428768191.5203501
2026-08-17 12:00:00+00:00,1786968000000,1706.99,1710.31,1688.0,1699.01,331851.536038,564106494.8592849
2026-08-17 13:00:00+00:00,1786971600000,1699.024,1781.66,1687.0,1780.32,4820138.347356,8398598234.029142
2026-08-17 14:00:00+00:00,1786975200000,1780.1,1817.205,1755.11,1809.08,3737870.072969,6678572818.790062
2026-08-17 15:00:00+00:00,1786978800000,1809.05,1827.42,1779.27,1783.155,2465445.785172,4452492278.93139
2026-08-17 16:00:00+00:00,1786982400000,1782.815,1804.56,1782.778,1804.25,1293448.1581700002,2321130876.5567317
2026-08-17 17:00:00+00:00,1786986000000,1804.87,1811.48,1784.0,1789.53,1210171.196243,2173798087.2232413
2026-08-17 18:00:00+00:00,1786989600000,1789.988,1794.92,1776.76,1781.199,1454602.979386,2599028172.655017
2026-08-17 19:00:00+00:00,1786993200000,1781.191,1790.01,1761.199,1787.849,2865549.300429,5096527619.652902
2026-08-17 20:00:00+00:00,1786996800000,1790.29,1793.805,1774.189,1780.0,905901.6687739998,1617215115.5543432
2026-08-17 21:00:00+00:00,1787000400000,1780.49,1790.594,1778.322,1786.99,41523.951614000005,74038144.16906849
2026-08-17 22:00:00+00:00,1787004000000,1790.01,1815.312,1789.131,1815.01,163995.239164,295997942.68188465
2026-08-17 23:00:00+00:00,1787007600000,1814.0,1818.435,1803.794,1808.79,155304.60748099998,281341238.56778586
2026-08-18 00:00:00+00:00,1787011200000,1808.01,1814.98,1780.31,1800.89,313.0,564646.992
2026-08-18 01:00:00+00:00,1787014800000,1800.42,1801.89,1732.01,1750.0,110791.0,195962821.55
2026-08-18 02:00:00+00:00,1787018400000,1749.99,1753.45,1710.01,1720.0,177425.0,307024700.76
2026-08-18 03:00:00+00:00,1787022000000,1720.0,1734.0,1707.58,1723.6,134829.0,231732101.91
2026-08-18 04:00:00+00:00,1787025600000,1723.34,1735.01,1715.14,1726.58,46575.0,80396856.87
2026-08-18 05:00:00+00:00,1787029200000,1727.45,1727.45,1708.99,1709.1,46283.0,79384440.32
2026-08-18 06:00:00+00:00,1787032800000,1709.07,1726.87,1707.88,1726.87,47776.0,82080141.46
2026-08-18 07:00:00+00:00,1787036400000,1726.61,1729.9,1712.32,1714.07,29786.0,51229023.56
2026-08-18 08:00:00+00:00,1787040000000,1712.01,1803.999,1672.17,1682.99,515532.33470000006,877071810.0649346
2026-08-18 09:00:00+00:00,1787043600000,1678.99,1687.996,1672.942,1674.99,128793.61102399998,216402270.84152257
2026-08-18 10:00:00+00:00,1787047200000,1680.02,1689.0,1675.526,1686.0,88547.504268,148965272.7991435
2026-08-18 11:00:00+00:00,1787050800000,1694.44,1714.063,1687.039,1704.98,330992.1216410001,563407838.622756
2026-08-18 12:00:00+00:00,1787054400000,1704.119,1710.0,1680.0,1684.05,424139.632373,716698576.1725872
2026-08-18 13:00:00+00:00,1787058000000,1684.125,1724.01,1649.0,1673.129,3086716.404939,5190863294.451377
2026-08-18 14:00:00+00:00,1787061600000,1673.58,1684.11,1616.19,1619.8,3279123.32059,5422491455.33444
2026-08-18 15:00:00+00:00,1787065200000,1620.04,1656.062,1613.19,1645.33,2530238.199367,4133652423.5202465
2026-08-18 16:00:00+00:00,1787068800000,1645.58,1649.07,1617.63,1625.09,1279294.5326340003,2086736244.651981
2026-08-18 17:00:00+00:00,1787072400000,1625.432,1628.9,1603.71,1611.177,1918540.31681,3097721675.558433
2026-08-18 18:00:00+00:00,1787076000000,1611.185,1618.303,1600.375,1613.26,1867022.34564,3004305163.977349
2026-08-18 19:00:00+00:00,1787079600000,1613.737,1631.34,1602.2,1625.467,2711734.114789,4388741705.755072
2026-08-18 20:00:00+00:00,1787083200000,1620.0,1625.431,1612.016,1615.01,1218237.4962259997,1976110473.8769207
2026-08-18 21:00:00+00:00,1787086800000,1612.7,1617.749,1609.275,1609.99,53869.433276,86912033.25407603
2026-08-18 22:00:00+00:00,1787090400000,1610.75,1622.01,1592.547,1592.547,162963.210401,261819745.07351303
2026-08-18 23:00:00+00:00,1787094000000,1592.0,1596.13,1581.665,1586.49,167247.4343249999,265683604.4806712
2026-08-19 00:00:00+00:00,1787097600000,1586.01,1616.0,1563.45,1593.99,112701.0,178582403.74
2026-08-19 01:00:00+00:00,1787101200000,1593.24,1625.46,1593.0,1613.01,74363.0,120000635.22
2026-08-19 02:00:00+00:00,1787104800000,1611.99,1611.99,1588.31,1595.83,48816.0,77923351.54
2026-08-19 03:00:00+00:00,1787108400000,1595.83,1603.0,1588.71,1592.0,25110.0,40061882.09
2026-08-19 04:00:00+00:00,1787112000000,1592.3,1593.14,1568.73,1574.0,46138.0,72964976.58
2026-08-19 05:00:00+00:00,1787115600000,1573.98,1582.55,1566.59,1568.3,44465.0,69972353.89
2026-08-19 06:00:00+00:00,1787119200000,1568.09,1616.98,1565.03,1611.63,104992.0,167121490.0
2026-08-19 07:00:00+00:00,1787122800000,1611.06,1679.98,1600.78,1667.93,217738.0,358116839.7600001
2026-08-19 08:00:00+00:00,1787126400000,1659.94,1691.239,1586.342,1669.99,850839.5651320004,1416627625.9631305
2026-08-19 09:00:00+00:00,1787130000000,1656.12,1667.145,1610.808,1618.22,214090.99909500004,350113672.5518085
2026-08-19 10:00:00+00:00,1787133600000,1610.0,1618.466,1593.386,1609.99,180614.494609,290478787.75845927
2026-08-19 11:00:00+00:00,1787137200000,1608.537,1645.205,1605.01,1628.5,389144.639744,632988982.565136
2026-08-19 12:00:00+00:00,1787140800000,1637.2,1705.399,1622.623,1700.0,705306.020272,1178285718.6090455
2026-08-19 13:00:00+00:00,1787144400000,1705.625,1710.01,1570.02,1588.85,2374429.480001,3953997763.7980127
2026-08-19 14:00:00+00:00,1787148000000,1583.14,1605.98,1542.27,1583.43,2348680.0705659995,3672187595.5467305
2026-08-19 15:00:00+00:00,1787151600000,1582.792,1596.99,1574.7,1587.606,37719.0,59880777.115
2026-08-19 16:00:00+00:00,1787155200000,1587.688,1597.42,1579.38,1585.066,26884.0,42748918.145
2026-08-19 17:00:00+00:00,1787158800000,1584.933,1588.29,1556.28,1564.432,903618.933317,1414740536.5024765
2026-08-19 18:00:00+00:00,1787162400000,1564.446,1571.14,1547.115,1566.323,1423638.46638,2219488303.3831625
2026-08-19 19:00:00+00:00,1787166000000,1566.333,1577.785,1554.36,1569.97,1326466.798838,2076958064.7983408
2026-08-19 20:00:00+00:00,1787169600000,1572.94,1589.213,1568.168,1587.0,720375.3557209997,1132143493.8769057
2026-08-19 21:00:00+00:00,1787173200000,1588.7,1597.99,1584.003,1588.171,137860.829274,219233022.95740256
2026-08-19 22:00:00+00:00,1787176800000,1589.01,1608.5,1586.407,1606.51,91510.62209799998,146393724.20560044
2026-08-19 23:00:00+00:00,1787180400000,1608.01,1610.967,1594.609,1602.84,86042.10997500003,137865685.81507045
2026-08-20 00:00:00+00:00,1787184000000,1605.95,1611.16,1575.57,1610.91,1.0,1604.25
2026-08-20 01:00:00+00:00,1787187600000,1611.14,1618.37,1594.02,1600.64,50228.0,80640709.29
2026-08-20 02:00:00+00:00,1787191200000,1600.65,1608.53,1591.78,1597.01,35168.0,56332277.22
2026-08-20 03:00:00+00:00,1787194800000,1597.9,1603.98,1591.72,1600.52,20987.0,33554769.55
2026-08-20 04:00:00+00:00,1787198400000,1600.66,1615.78,1599.56,1602.64,27643.0,44510773.15
2026-08-20 05:00:00+00:00,1787202000000,1602.69,1609.99,1597.99,1601.35,17121.0,27454954.42
2026-08-20 06:00:00+00:00,1787205600000,1601.36,1632.98,1601.36,1623.22,41928.0,67869944.12
2026-08-20 07:00:00+00:00,1787209200000,1622.11,1622.64,1608.22,1608.37,23582.0,38083584.3
2026-08-20 08:00:00+00:00,1787212800000,1604.25,1614.012,1570.67,1578.728,361628.487825,577893750.3437049
2026-08-20 09:00:00+00:00,1787216400000,1587.07,1595.3,1578.101,1592.39,54716.56556700002,86971641.72604002
2026-08-20 10:00:00+00:00,1787220000000,1591.99,1599.626,1585.075,1593.0,46840.493759,74596507.52305496
2026-08-20 11:00:00+00:00,1787223600000,1588.01,1594.037,1555.624,1558.82,177149.84157799996,278761236.9237091
2026-08-20 12:00:00+00:00,1787227200000,1560.99,1564.795,1527.697,1549.01,334288.01765000005,516289490.84825605
2026-08-20 13:00:00+00:00,1787230800000,1552.526,1621.43,1541.851,1585.612,203572.003522,318378931.29776627
2026-08-20 14:00:00+00:00,1787234400000,1586.35,1631.0,1576.71,1608.12,2137382.9655150003,3438618508.846084
2026-08-20 15:00:00+00:00,1787238000000,1608.92,1619.745,1587.21,1600.697,38202.0,61129748.685
2026-08-20 16:00:00+00:00,1787241600000,1600.674,1610.01,1593.53,1596.164,380487.461843,609159106.2163907
2026-08-20 17:00:00+00:00,1787245200000,1596.525,1597.5,1582.57,1588.01,657514.7079279999,1044880621.655224
2026-08-20 18:00:00+00:00,1787248800000,1586.88,1588.1,1566.54,1584.546,1026058.650547,1616944439.5593283
2026-08-20 19:00:00+00:00,1787252400000,1583.14,1607.25,1582.974,1601.248,1551160.530059,2474626273.052522
2026-08-20 20:00:00+00:00,1787256000000,1605.79,1607.01,1590.5,1592.01,419709.464339,672029686.6042305
2026-08-20 21:00:00+00:00,1787259600000,1596.0,1597.769,1588.848,1592.5,347586.37057799986,554998005.3533928
2026-08-20 22:00:00+00:00,1787263200000,1583.99,1593.585,1583.199,1590.01,30493.155194000003,48438822.22573484
2026-08-20 23:00:00+00:00,1787266800000,1592.996,1593.02,1578.337,1578.563,76228.777839,120788493.49749605
2026-08-21 00:00:00+00:00,1787270400000,1584.98,1606.01,1576.99,1594.99,11.0,17363.357
2026-08-21 01:00:00+00:00,1787274000000,1594.99,1612.87,1585.55,1603.65,46017.0,73654133.83
2026-08-21 02:00:00+00:00,1787277600000,1604.52,1610.5,1600.48,1607.95,24400.0,39194519.18
2026-08-21 03:00:00+00:00,1787281200000,1607.98,1609.48,1595.47,1596.81,13798.0,22084327.89
2026-08-21 04:00:00+00:00,1787284800000,1596.51,1601.4,1589.99,1599.51,17765.0,28347519.78
2026-08-21 05:00:00+00:00,1787288400000,1599.99,1606.2,1595.51,1599.02,16676.0,26725293.9
2026-08-21 06:00:00+00:00,1787292000000,1599.0,1607.0,1594.01,1605.79,18986.0,30418128.39
2026-08-21 07:00:00+00:00,1787295600000,1606.3,1626.01,1605.86,1614.51,38507.0,62234228.55
2026-08-21 08:00:00+00:00,1787299200000,1620.0,1622.0,1578.11,1603.19,227298.94418000005,365212396.72205967
2026-08-21 09:00:00+00:00,1787302800000,1597.99,1614.72,1595.49,1612.78,46297.515395,74291859.01901995
2026-08-21 10:00:00+00:00,1787306400000,1613.0,1616.0,1602.813,1605.01,45886.449499,73863633.42485294
2026-08-21 11:00:00+00:00,1787310000000,1605.0,1617.574,1597.013,1610.007,193452.90558,311078078.22648823
2026-08-21 12:00:00+00:00,1787313600000,1615.0,1622.584,1609.502,1616.0,156805.59977400006,253495570.48456323
2026-08-21 13:00:00+00:00,1787317200000,1616.69,1617.977,1570.22,1597.51,1574844.74968,2511270430.5730734
2026-08-21 14:00:00+00:00,1787320800000,1600.01,1603.0,1574.26,1589.69,1374598.952158,2184932457.2894826
2026-08-21 15:00:00+00:00,1787324400000,1591.575,1602.01,1583.01,1597.71,803967.607643,1280699254.627218
2026-08-21 16:00:00+00:00,1787328000000,1598.395,1611.15,1586.675,1605.516,1045096.361993,1672015137.4014533
2026-08-21 17:00:00+00:00,1787331600000,1605.529,1607.376,1598.0,1602.198,916580.326472,1469618877.282393
2026-08-21 18:00:00+00:00,1787335200000,1602.192,1605.01,1598.0,1602.796,579265.058664,927506206.2877041
2026-08-21 19:00:00+00:00,1787338800000,1603.48,1603.6,1591.775,1595.92,717567.3628140001,1146516646.6320963
2026-08-21 20:00:00+00:00,1787342400000,1597.23,1598.994,1592.449,1596.1,707454.7138100001,1129150923.8352387
2026-08-21 21:00:00+00:00,1787346000000,1595.799,1598.999,1595.165,1597.333,41620.44933,66464173.621822335
2026-08-21 22:00:00+00:00,1787349600000,1597.32,1599.505,1596.003,1596.01,17305.214481,27651943.38146066
2026-08-21 23:00:00+00:00,1787353200000,1590.01,1597.0,1589.003,1594.01,29828.773569,47536783.09073676
2026-08-22 00:00:00+00:00,1787356800000,1593.253,1593.334,1593.253,1593.334,3.0,4779.759
2026-08-22 01:00:00+00:00,1787360400000,1598.05,1598.05,1585.1,1594.11,6.5301,10391.378262
2026-08-22 02:00:00+00:00,1787364000000,1594.54,1594.99,1594.1,1594.1,0.90874,1449.1741481
2026-08-22 03:00:00+00:00,1787367600000,1594.0,1595.37,1591.33,1593.19,1.28815,2052.7084943
2026-08-22 04:00:00+00:00,1787371200000,1593.61,1593.68,1593.61,1593.68,0.10764,171.5386198
2026-08-22 05:00:00+00:00,1787374800000,1593.54,1594.09,1583.9,1594.09,14.25381,22672.9975288
2026-08-22 06:00:00+00:00,1787378400000,1594.09,1598.84,1593.7,1598.84,10.20316,16279.3326955
2026-08-22 07:00:00+00:00,1787382000000,1599.21,1599.21,1598.42,1598.42,0.34999,559.4574097
2026-08-22 09:00:00+00:00,1787389200000,1599.21,1599.56,1597.37,1598.81,0.38153,610.0362253
2026-08-22 10:00:00+00:00,1787392800000,1599.26,1599.26,1596.76,1597.07,1.67613,2677.8615934
2026-08-22 11:00:00+00:00,1787396400000,1597.46,1597.62,1597.07,1597.07,0.15633,249.7101784
2026-08-22 13:00:00+00:00,1787403600000,1597.07,1597.07,1596.59,1596.59,0.76121,1215.4223594
2026-08-22 14:00:00+00:00,1787407200000,1596.96,1597.92,1595.75,1596.31,2.14054,3417.6625467
2026-08-22 15:00:00+00:00,1787410800000,1596.31,1596.31,1587.44,1588.79,12.57143,20017.0916539
2026-08-22 16:00:00+00:00,1787414400000,1589.86,1590.02,1588.79,1589.49,0.45951,730.4618751
2026-08-22 17:00:00+00:00,1787418000000,1591.46,1591.46,1591.09,1591.46,0.24328,387.1352284
2026-08-22 18:00:00+00:00,1787421600000,1591.46,1593.71,1591.46,1593.71,0.35651,567.7648402
2026-08-22 19:00:00+00:00,1787425200000,1594.09,1594.23,1594.09,1594.23,0.10836,172.7487636
2026-08-22 21:00:00+00:00,1787432400000,1593.35,1593.52,1593.35,1593.52,0.02752,43.851882
2026-08-22 22:00:00+00:00,1787436000000,1592.98,1593.11,1591.07,1591.07,0.23312,371.0847829
2026-08-23 00:00:00+00:00,1787443200000,1591.28,1591.95,1591.28,1591.95,0.03295,52.44899
2026-08-23 01:00:00+00:00,1787446800000,1592.45,1594.54,1592.45,1593.22,0.15582,248.28377
2026-08-23 02:00:00+00:00,1787450400000,1594.43,1594.43,1594.43,1594.43,2.0,3188.86
2026-08-23 03:00:00+00:00,1787454000000,1594.2,1594.61,1594.2,1594.61,9.04552,14424.0363386
2026-08-23 04:00:00+00:00,1787457600000,1594.65,1597.19,1594.32,1596.27,2.89894,4627.5492027
2026-08-23 05:00:00+00:00,1787461200000,1596.27,1596.27,1593.15,1593.15,6.89784,10997.9156996
2026-08-23 06:00:00+00:00,1787464800000,1593.15,1594.22,1584.99,1584.99,4.5149,7180.8846875
2026-08-23 07:00:00+00:00,1787468400000,1585.4,1587.78,1584.99,1587.78,0.89171,1415.087933
2026-08-23 08:00:00+00:00,1787472000000,1589.15,1589.71,1589.15,1589.71,0.23859,379.2014839
2026-08-23 09:00:00+00:00,1787475600000,1589.71,1589.75,1587.99,1588.85,0.45911,729.4709163
2026-08-23 10:00:00+00:00,1787479200000,1589.01,1589.01,1587.59,1588.85,0.46388,736.7017534
2026-08-23 11:00:00+00:00,1787482800000,1588.85,1591.07,1588.0,1591.07,0.94087,1496.0573562
2026-08-23 12:00:00+00:00,1787486400000,1589.94,1591.49,1589.94,1590.65,0.33863,538.5859493
2026-08-23 13:00:00+00:00,1787490000000,1590.24,1594.77,1590.24,1594.11,1.30809,2084.7436077
2026-08-23 14:00:00+00:00,1787493600000,1594.11,1594.11,1594.11,1594.11,0.01199,19.1133789
2026-08-23 15:00:00+00:00,1787497200000,1594.11,1616.01,1594.11,1608.71,19.04389,30616.4534118
2026-08-23 16:00:00+00:00,1787500800000,1609.46,1613.85,1609.46,1611.71,9.33043,15037.5663801
2026-08-23 17:00:00+00:00,1787504400000,1611.71,1614.38,1610.71,1614.38,1.67783,2705.9528524
2026-08-23 18:00:00+00:00,1787508000000,1614.38,1618.45,1614.3,1618.45,3.77612,6102.3075683
2026-08-23 19:00:00+00:00,1787511600000,1618.56,1619.26,1616.28,1616.51,1.72111,2783.7961308
2026-08-23 20:00:00+00:00,1787515200000,1616.68,1616.68,1614.55,1614.55,1.64834,2662.6038319
2026-08-23 21:00:00+00:00,1787518800000,1613.9,1614.72,1613.9,1614.72,0.29175,470.8867966
2026-08-23 22:00:00+00:00,1787522400000,1615.03,1615.03,1612.04,1614.24,3.6217,5842.2080708
2026-08-23 23:00:00+00:00,1787526000000,1614.25,1623.26,1614.25,1622.3,19.8281,32099.4319476
2026-08-24 00:00:00+00:00,1787529600000,1614.87,1624.01,1583.88,1596.49,50515.0,80800433.13000003
2026-08-24 01:00:00+00:00,1787533200000,1596.56,1597.07,1565.92,1566.73,29941.0,47308093.58
2026-08-24 02:00:00+00:00,1787536800000,1566.41,1569.82,1549.78,1557.01,45833.0,71535217.32
2026-08-24 03:00:00+00:00,1787540400000,1556.3,1556.48,1520.99,1530.98,62250.0,95568157.12
2026-08-24 04:00:00+00:00,1787544000000,1530.99,1544.05,1529.3,1534.9,24969.0,38405922.41
2026-08-24 05:00:00+00:00,1787547600000,1534.49,1542.0,1526.95,1531.15,23966.0,36754759.13
2026-08-24 06:00:00+00:00,1787551200000,1531.09,1533.67,1525.78,1528.39,24669.0,37712633.64
2026-08-24 07:00:00+00:00,1787554800000,1527.9,1536.1,1516.71,1521.78,29334.0,44815439.0
2026-08-24 08:00:00+00:00,1787558400000,1593.334,1593.334,1512.989,1532.507,193661.1529830001,294984184.07082325
2026-08-24 09:00:00+00:00,1787562000000,1528.01,1532.506,1517.24,1517.24,39461.975058,60178758.23972639
2026-08-24 10:00:00+00:00,1787565600000,1520.0,1524.0,1513.66,1517.51,71632.32248299998,108743775.19579881
2026-08-24 11:00:00+00:00,1787569200000,1510.99,1526.736,1505.697,1515.01,158670.15528700003,240380318.88394457
2026-08-24 12:00:00+00:00,1787572800000,1515.006,1515.445,1502.289,1504.826,213877.68061,322859732.51587874
2026-08-24 13:00:00+00:00,1787576400000,1504.72,1508.599,1417.0,1428.445,2913401.255281,4218513245.5073466
2026-08-24 14:00:00+00:00,1787580000000,1428.624,1469.2,1418.88,1462.356,3471941.665843,5014659769.669408
2026-08-24 15:00:00+00:00,1787583600000,1461.64,1493.5,1453.37,1488.79,1580366.888431,2325670599.6387696
2026-08-24 16:00:00+00:00,1787587200000,1489.99,1516.37,1483.02,1492.55,1386025.4438039998,2081804256.6841996
2026-08-24 17:00:00+00:00,1787590800000,1492.938,1496.239,1472.935,1478.262,1604820.117578,2381075636.1433
2026-08-24 18:00:00+00:00,1787594400000,1478.291,1512.99,1478.291,1497.12,1705436.730638,2560096788.3685055
2026-08-24 19:00:00+00:00,1787598000000,1497.081,1500.614,1474.9,1492.245,1868691.645461,2781560634.243452
2026-08-24 20:00:00+00:00,1787601600000,1492.43,1504.047,1486.851,1490.5,1248911.7778439997,1862985712.9391377
2026-08-24 21:00:00+00:00,1787605200000,1487.01,1490.35,1486.625,1487.01,17571.357278000007,26140300.25351879
2026-08-24 22:00:00+00:00,1787608800000,1486.99,1488.25,1477.602,1482.33,36093.449232,53505333.3881482
2026-08-24 23:00:00+00:00,1787612400000,1479.99,1482.645,1470.639,1471.12,50931.696928,75198409.51952717
2026-08-25 00:00:00+00:00,1787616000000,1481.28,1483.71,1453.52,1478.82,2.0,2947.154
2026-08-25 01:00:00+00:00,1787619600000,1478.03,1488.99,1466.4,1482.01,28254.0,41775229.71
2026-08-25 02:00:00+00:00,1787623200000,1482.04,1497.99,1475.49,1478.51,25447.0,37834978.55
2026-08-25 03:00:00+00:00,1787626800000,1479.51,1498.01,1479.51,1492.95,15445.0,23013704.21
2026-08-25 04:00:00+00:00,1787630400000,1492.49,1510.99,1491.0,1506.09,33124.0,49801580.7
2026-08-25 05:00:00+00:00,1787634000000,1506.1,1526.62,1503.04,1518.27,45718.0,69380326.48
2026-08-25 06:00:00+00:00,1787637600000,1518.02,1529.2,1512.5,1516.45,33200.0,50499685.60000002
2026-08-25 07:00:00+00:00,1787641200000,1517.26,1527.58,1505.83,1512.01,22112.0,33607476.54
2026-08-25 08:00:00+00:00,1787644800000,1521.49,1527.961,1473.5,1526.01,240591.86897399995,364923587.70791733
2026-08-25 09:00:00+00:00,1787648400000,1525.481,1553.596,1524.99,1550.551,177381.143331,273433323.0280498
2026-08-25 10:00:00+00:00,1787652000000,1549.99,1564.121,1542.019,1549.6,139510.519683,216737572.3292664
2026-08-25 11:00:00+00:00,1787655600000,1538.0,1558.845,1536.944,1554.9,163942.86962399998,253758675.65034303
2026-08-25 12:00:00+00:00,1787659200000,1550.26,1557.53,1536.33,1540.91,137905.60002599997,213217144.5128388
2026-08-25 13:00:00+00:00,1787662800000,1533.23,1562.07,1508.41,1517.48,1964955.955,3009736004.982803
2026-08-25 14:00:00+00:00,1787666400000,1514.56,1528.29,1487.94,1502.16,1807733.263736,2723673022.979187
2026-08-25 15:00:00+00:00,1787670000000,1502.05,1513.49,1498.635,1504.031,974029.534968,1466783877.6181233
2026-08-25 16:00:00+00:00,1787673600000,1504.01,1512.5,1485.82,1488.618,861411.880682,1292925754.1802137
2026-08-25 17:00:00+00:00,1787677200000,1488.682,1490.528,1477.99,1487.743,1170997.619272,1739106016.1813056
2026-08-25 18:00:00+00:00,1787680800000,1487.61,1488.192,1478.03,1478.03,593949.9632139998,881404045.7006718
2026-08-25 19:00:00+00:00,1787684400000,1477.94,1483.65,1467.532,1480.98,1042927.1101660002,1541140586.8893585
2026-08-25 20:00:00+00:00,1787688000000,1481.044,1486.692,1476.501,1479.566,719424.868195,1065246670.3694189
2026-08-25 21:00:00+00:00,1787691600000,1477.01,1485.046,1476.846,1484.99,23109.051307,34217426.68325166
2026-08-25 22:00:00+00:00,1787695200000,1483.54,1485.902,1482.504,1483.54,18366.96528,27262813.89692908
2026-08-25 23:00:00+00:00,1787698800000,1484.87,1484.87,1475.815,1478.32,22710.638489000004,33607096.09602131
2026-08-26 00:00:00+00:00,1787702400000,1476.94,1497.13,1470.2,1470.21,44541.0,66083817.4
2026-08-26 01:00:00+00:00,1787706000000,1470.19,1480.51,1459.93,1467.36,37297.0,54840425.48
2026-08-26 02:00:00+00:00,1787709600000,1467.75,1490.6,1463.9,1483.54,33523.0,49604108.72
2026-08-26 03:00:00+00:00,1787713200000,1484.01,1491.49,1479.26,1490.01,17360.0,25788978.68
2026-08-26 04:00:00+00:00,1787716800000,1490.49,1493.0,1483.82,1485.85,12163.0,18113666.33
2026-08-26 05:00:00+00:00,1787720400000,1485.68,1489.63,1480.11,1481.65,10738.0,15926758.42
2026-08-26 06:00:00+00:00,1787724000000,1482.21,1483.58,1469.77,1477.77,16826.0,24833997.64
2026-08-26 07:00:00+00:00,1787727600000,1477.5,1479.15,1467.22,1474.91,9185.0,13519589.05
2026-08-26 08:00:00+00:00,1787731200000,1478.01,1478.739,1462.756,1466.65,121069.06197700003,178449392.80071947
2026-08-26 09:00:00+00:00,1787734800000,1467.4,1472.005,1466.201,1470.76,13825.182254000005,20300774.57765154
2026-08-26 10:00:00+00:00,1787738400000,1470.01,1475.944,1465.505,1470.01,28218.796548999995,41500032.4042596
2026-08-26 11:00:00+00:00,1787742000000,1475.483,1481.984,1466.966,1469.985,104376.762954,153878579.71664923
2026-08-26 12:00:00+00:00,1787745600000,1467.99,1472.911,1452.273,1453.44,144335.975536,210760748.23583725
2026-08-26 13:00:00+00:00,1787749200000,1450.01,1491.82,1442.609,1484.51,1459343.2683249998,2151259211.252376
2026-08-26 14:00:00+00:00,1787752800000,1484.0,1492.47,1458.99,1485.44,1427960.666297,2104763043.9259913
2026-08-26 15:00:00+00:00,1787756400000,1485.27,1510.57,1482.57,1498.0,1346438.6198099998,2016995885.919773
2026-08-26 16:00:00+00:00,1787760000000,1497.736,1506.2,1493.87,1500.936,729504.492459,1093996619.209136
2026-08-26 17:00:00+00:00,1787763600000,1500.934,1511.4,1499.99,1503.786,925384.163857,1394009408.848133
2026-08-26 18:00:00+00:00,1787767200000,1503.785,1504.42,1495.94,1496.827,574571.487709,861317923.1045219
2026-08-26 19:00:00+00:00,1787770800000,1498.01,1505.2,1492.775,1498.89,878119.4664419999,1317109125.7295775
2026-08-26 20:00:00+00:00,1787774400000,1494.01,1543.01,1480.797,1542.0,1376294.2686779995,2068209146.2069323
2026-08-26 21:00:00+00:00,1787778000000,1542.67,1566.961,1533.477,1560.58,629614.056518,976072445.346568
2026-08-26 22:00:00+00:00,1787781600000,1562.01,1563.181,1551.005,1553.99,107659.738136,167433103.00545746
2026-08-26 23:00:00+00:00,1787785200000,1554.0,1555.5,1546.532,1555.5,59079.097476,91696188.65181004
2026-08-27 00:00:00+00:00,1787788800000,1552.83,1558.36,1519.99,1527.89,3.8579,6000.3230386
2026-08-27 01:00:00+00:00,1787792400000,1527.79,1545.9,1525.5,1541.8,38202.0,58726049.21
2026-08-27 02:00:00+00:00,1787796000000,1541.83,1554.97,1539.69,1552.68,25998.0,40224913.22
2026-08-27 03:00:00+00:00,1787799600000,1553.0,1556.13,1542.49,1547.12,24594.0,38140607.02
2026-08-27 04:00:00+00:00,1787803200000,1546.73,1548.81,1539.04,1544.32,18478.0,28527314.08
2026-08-27 05:00:00+00:00,1787806800000,1544.33,1544.34,1532.79,1539.28,17217.0,26469630.56
2026-08-27 06:00:00+00:00,1787810400000,1539.36,1551.69,1536.7,1548.99,18711.0,28898496.28
2026-08-27 07:00:00+00:00,1787814000000,1548.86,1554.01,1547.49,1552.88,21857.0,33930724.81
2026-08-27 08:00:00+00:00,1787817600000,1560.0,1585.01,1553.267,1581.01,249728.7609320001,391129630.5436431
2026-08-27 09:00:00+00:00,1787821200000,1579.01,1581.836,1566.723,1574.82,68186.176475,107337717.5818567
2026-08-27 10:00:00+00:00,1787824800000,1571.01,1571.01,1561.198,1571.01,39631.62590000001,62081756.98673561
2026-08-27 11:00:00+00:00,1787828400000,1566.99,1575.26,1560.88,1564.5,113047.019317,177238406.55345473
2026-08-27 12:00:00+00:00,1787832000000,1566.061,1568.995,1552.99,1555.255,161587.536026,252479057.96891212
2026-08-27 13:00:00+00:00,1787835600000,1554.99,1561.542,1456.89,1472.0,2296874.3832439994,3465337333.5511885
2026-08-27 14:00:00+00:00,1787839200000,1471.5,1494.99,1469.01,1474.0,1650056.3790450003,2446664657.5173807
2026-08-27 15:00:00+00:00,1787842800000,1473.15,1480.69,1461.24,1477.21,970551.0223610004,1427680456.8379292
2026-08-27 16:00:00+00:00,1787846400000,1476.99,1481.761,1468.69,1476.8,606266.0609559999,895012155.3010896
2026-08-27 17:00:00+00:00,1787850000000,1477.246,1482.06,1470.3,1477.884,778307.239449,1149232211.4288912
2026-08-27 18:00:00+00:00,1787853600000,1477.864,1481.05,1470.2,1478.916,649620.79437,959462146.5155247
2026-08-27 19:00:00+00:00,1787857200000,1478.918,1487.52,1471.6,1484.098,1119577.826665,1657064625.5281348
2026-08-27 20:00:00+00:00,1787860800000,1482.01,1484.147,1475.12,1479.5,807704.7451650001,1196742762.7050052
2026-08-27 21:00:00+00:00,1787864400000,1474.99,1478.503,1470.533,1470.6,43685.829579000005,64346811.14349129
2026-08-27 22:00:00+00:00,1787868000000,1471.35,1473.4,1470.5,1471.9,23674.206249,34851116.1251958
2026-08-27 23:00:00+00:00,1787871600000,1469.24,1471.9,1461.063,1465.02,40819.344703,59831742.31177501
2026-08-28 00:00:00+00:00,1787875200000,1468.98,1471.98,1455.99,1465.95,90.0,131807.88
2026-08-28 01:00:00+00:00,1787878800000,1466.05,1469.44,1460.94,1465.63,10698.0,15669904.36
2026-08-28 02:00:00+00:00,1787882400000,1466.0,1467.38,1458.0,1461.8,8630.0,12617420.11
2026-08-28 03:00:00+00:00,1787886000000,1461.82,1463.27,1456.34,1459.83,7860.0,11472494.42
2026-08-28 04:00:00+00:00,1787889600000,1459.82,1461.16,1450.16,1454.98,10699.0,15559381.13
2026-08-28 05:00:00+00:00,1787893200000,1454.97,1455.33,1435.26,1441.0,28939.0,41797223.32
2026-08-28 06:00:00+00:00,1787896800000,1441.14,1451.68,1436.0,1451.48,16145.0,23293541.7
2026-08-28 07:00:00+00:00,1787900400000,1451.5,1455.0,1445.86,1450.5,12095.0,17552921.92
2026-08-28 08:00:00+00:00,1787904000000,1445.12,1464.276,1439.601,1442.99,138904.612321,201471347.39644188
2026-08-28 09:00:00+00:00,1787907600000,1454.543,1454.543,1446.275,1448.005,16250.512336,23543688.64570609
2026-08-28 10:00:00+00:00,1787911200000,1446.41,1452.711,1442.665,1450.01,22097.538955,32004736.31156133
2026-08-28 11:00:00+00:00,1787914800000,1452.758,1458.14,1449.076,1449.076,61664.905085,89611669.82146499
2026-08-28 12:00:00+00:00,1787918400000,1446.99,1464.498,1446.99,1459.08,54626.10933299999,79520369.04173315
2026-08-28 13:00:00+00:00,1787922000000,1460.01,1499.205,1437.63,1494.0,1510109.508984,2224717943.4202247
2026-08-28 14:00:00+00:00,1787925600000,1492.61,1516.66,1472.989,1494.52,2108281.432207,3155355399.7778854
2026-08-28 15:00:00+00:00,1787929200000,1494.61,1511.99,1477.22,1481.97,1156651.1288830002,1730800141.7632165
2026-08-28 16:00:00+00:00,1787932800000,1482.407,1489.554,1471.25,1483.529,990349.928175,1467417731.210833
2026-08-28 17:00:00+00:00,1787936400000,1483.441,1488.99,1473.99,1484.97,996127.160549,1478130022.8455136
2026-08-28 18:00:00+00:00,1787940000000,1484.962,1488.19,1476.69,1479.625,621646.488631,922023230.1153836
2026-08-28 19:00:00+00:00,1787943600000,1479.625,1487.0,1473.99,1484.234,1100169.337804,1629318613.6864345
2026-08-28 20:00:00+00:00,1787947200000,1484.3,1486.189,1480.701,1481.09,362491.3086979999,538051649.3613805
2026-08-28 21:00:00+00:00,1787950800000,1481.09,1482.873,1479.048,1480.609,17382.830562,25732161.003984336
2026-08-28 22:00:00+00:00,1787954400000,1477.09,1480.611,1476.569,1478.8,10916.525242,16134672.34038706
2026-08-28 23:00:00+00:00,1787958000000,1479.5,1483.639,1477.55,1479.5,15714.998053,23271481.0062942
2026-08-29 00:00:00+00:00,1787961600000,1483.579,1483.579,1483.557,1483.557,0.73366,1088.5522729
2026-08-29 01:00:00+00:00,1787965200000,1483.66,1483.8,1483.07,1483.07,0.03054,45.3044117
2026-08-29 02:00:00+00:00,1787968800000,1483.07,1483.07,1483.06,1483.06,0.11361,168.4908577
2026-08-29 04:00:00+00:00,1787976000000,1483.49,1488.44,1483.35,1487.67,3.46025,5142.6916662
2026-08-29 05:00:00+00:00,1787979600000,1488.46,1489.09,1486.14,1486.31,2.01948,3002.4168642
2026-08-29 06:00:00+00:00,1787983200000,1486.57,1486.57,1486.57,1486.57,0.01009,14.9994913
2026-08-29 08:00:00+00:00,1787990400000,1486.57,1486.93,1482.06,1482.19,3.84568,5710.5638948
2026-08-29 09:00:00+00:00,1787994000000,1482.62,1482.62,1482.62,1482.62,0.13569,201.1767078
2026-08-29 10:00:00+00:00,1787997600000,1482.34,1482.9,1481.59,1481.59,0.76521,1134.3083203
2026-08-29 11:00:00+00:00,1788001200000,1482.76,1490.07,1482.76,1489.3,3.64792,5428.2572805
2026-08-29 12:00:00+00:00,1788004800000,1489.3,1490.05,1488.07,1488.66,0.57375,854.3865547
2026-08-29 13:00:00+00:00,1788008400000,1489.57,1490.05,1487.84,1490.05,0.26932,401.2180505
2026-08-29 14:00:00+00:00,1788012000000,1490.05,1490.05,1487.84,1488.49,0.1318,196.198634
2026-08-29 15:00:00+00:00,1788015600000,1488.49,1488.49,1484.26,1484.26,2.5517,3792.5047357
2026-08-29 16:00:00+00:00,1788019200000,1486.26,1486.56,1484.03,1484.15,0.3121,463.7131796
2026-08-29 17:00:00+00:00,1788022800000,1486.58,1486.98,1484.15,1484.17,0.34532,513.2437128
2026-08-29 18:00:00+00:00,1788026400000,1486.97,1486.98,1481.86,1486.19,0.6952,1032.8622919
2026-08-29 19:00:00+00:00,1788030000000,1486.44,1488.66,1486.26,1488.66,1.10907,1649.4293742
2026-08-29 20:00:00+00:00,1788033600000,1488.43,1489.5,1488.21,1488.21,0.83642,1245.2275913
2026-08-29 21:00:00+00:00,1788037200000,1489.66,1489.78,1489.33,1489.33,0.60011,893.8610533
2026-08-30 00:00:00+00:00,1788048000000,1489.46,1489.46,1489.46,1489.46,0.01518,22.6100028
2026-08-30 01:00:00+00:00,1788051600000,1489.65,1490.05,1489.65,1490.05,0.43663,650.5266515
2026-08-30 02:00:00+00:00,1788055200000,1490.04,1492.05,1488.97,1490.87,2.97107,4429.9337384
2026-08-30 03:00:00+00:00,1788058800000,1490.87,1490.87,1490.87,1490.87,0.1342,200.074754
2026-08-30 04:00:00+00:00,1788062400000,1492.05,1492.06,1491.15,1492.06,0.08626,128.6940222
2026-08-30 05:00:00+00:00,1788066000000,1492.09,1492.64,1491.56,1492.64,0.73942,1103.2994618
2026-08-30 06:00:00+00:00,1788069600000,1492.68,1498.22,1491.15,1498.03,2.66648,3986.3751585
2026-08-30 07:00:00+00:00,1788073200000,1498.63,1499.66,1498.14,1498.38,1.45568,2181.4005234
2026-08-30 08:00:00+00:00,1788076800000,1498.38,1498.41,1497.0,1497.0,0.75194,1126.6046585
2026-08-30 09:00:00+00:00,1788080400000,1498.62,1498.63,1497.74,1497.74,0.34096,510.9082359
2026-08-30 10:00:00+00:00,1788084000000,1498.64,1498.99,1497.74,1498.99,1.18161,1771.0001435
2026-08-30 11:00:00+00:00,1788087600000,1498.75,1498.75,1498.56,1498.56,0.2376,356.084456
2026-08-30 12:00:00+00:00,1788091200000,1498.56,1498.56,1491.52,1491.52,4.3961,6570.0357141
2026-08-30 13:00:00+00:00,1788094800000,1491.98,1491.98,1491.38,1491.38,0.18958,282.7690766
2026-08-30 14:00:00+00:00,1788098400000,1492.28,1493.09,1492.28,1493.09,0.69224,1033.4127472
2026-08-30 15:00:00+00:00,1788102000000,1492.83,1492.83,1485.28,1490.16,6.97904,10394.112273
2026-08-30 16:00:00+00:00,1788105600000,1490.29,1498.53,1489.65,1497.17,6.02571,9005.6195978
2026-08-30 17:00:00+00:00,1788109200000,1498.03,1499.02,1496.81,1497.04,0.72008,1078.6446042
2026-08-30 18:00:00+00:00,1788112800000,1497.55,1497.85,1496.17,1497.81,0.98577,1475.8668522
2026-08-30 19:00:00+00:00,1788116400000,1497.79,1497.79,1494.06,1494.06,2.26372,3385.5957213
2026-08-30 20:00:00+00:00,1788120000000,1494.63,1494.63,1490.26,1490.26,2.24871,3355.9929893
2026-08-30 21:00:00+00:00,1788123600000,1491.41,1491.42,1490.26,1490.26,0.12454,185.6691107
2026-08-30 22:00:00+00:00,1788127200000,1490.26,1490.26,1482.64,1483.37,3.46773,5157.3504227
2026-08-30 23:00:00+00:00,1788130800000,1482.78,1482.78,1470.98,1470.98,12.01622,17739.8263796
2026-08-31 00:00:00+00:00,1788134400000,1467.99,1483.98,1449.02,1461.2,43675.0,63826119.38
2026-08-31 01:00:00+00:00,1788138000000,1461.1,1463.09,1455.06,1460.49,18306.0,26722133.28
2026-08-31 02:00:00+00:00,1788141600000,1460.09,1463.97,1450.64,1458.2,19221.0,28009462.05
2026-08-31 03:00:00+00:00,1788145200000,1458.5,1462.1,1456.91,1459.62,6831.0,9969647.52
2026-08-31 04:00:00+00:00,1788148800000,1459.61,1467.99,1454.9,1466.72,5901.0,8626402.71
2026-08-31 05:00:00+00:00,1788152400000,1466.51,1480.51,1466.25,1475.01,14519.0,21405707.0
2026-08-31 06:00:00+00:00,1788156000000,1474.99,1490.83,1473.74,1487.92,18647.0,27624071.19
2026-08-31 07:00:00+00:00,1788159600000,1487.54,1487.58,1480.74,1485.31,7186.0,10665799.52
2026-08-31 08:00:00+00:00,1788163200000,1499.32,1508.6,1483.556,1495.8,131007.03184399998,195565109.31929135
2026-08-31 09:00:00+00:00,1788166800000,1491.51,1495.642,1480.502,1482.19,23632.779161999995,35182959.66540756
2026-08-31 10:00:00+00:00,1788170400000,1487.76,1491.456,1479.4,1487.76,34147.875783,50794664.7259056
2026-08-31 11:00:00+00:00,1788174000000,1489.01,1495.253,1484.141,1485.99,38767.539328,57705838.95108982
2026-08-31 12:00:00+00:00,1788177600000,1489.99,1493.605,1476.5,1480.9,51016.364701,75778198.04247025
2026-08-31 13:00:00+00:00,1788181200000,1478.285,1540.21,1474.81,1531.626,2554818.394439,3879882866.974047
2026-08-31 14:00:00+00:00,1788184800000,1529.525,1535.388,1504.29,1523.67,1321663.6658579994,2010848092.079718
2026-08-31 15:00:00+00:00,1788188400000,1525.01,1540.93,1509.296,1512.35,1235460.8260570006,1885630363.357032
2026-08-31 16:00:00+00:00,1788192000000,1513.01,1513.611,1491.56,1505.795,982497.0817570004,1474485541.1877718
2026-08-31 17:00:00+00:00,1788195600000,1505.795,1508.95,1497.359,1501.22,551944.0926090002,829223252.913617
2026-08-31 18:00:00+00:00,1788199200000,1502.01,1509.0,1461.9,1472.11,1008440.62293,1504059944.32203
2026-08-31 19:00:00+00:00,1788202800000,1565.49,1572.305,1564.69,1568.135,6691439.644592,10156387213.083605
2026-08-31 20:00:00+00:00,1788206400000,1562.63,1578.188,1549.99,1551.0,11014098.859105997,17249419229.191143
2026-08-31 21:00:00+00:00,1788210000000,1550.0,1558.86,1545.391,1555.32,105786.287447,164021204.962795
2026-08-31 22:00:00+00:00,1788213600000,1553.99,1556.952,1550.1,1550.73,32390.336798999997,50288430.39474109
2026-08-31 23:00:00+00:00,1788217200000,1551.01,1552.449,1546.475,1549.58,57643.679552,89348343.15044303
2026-09-01 00:00:00+00:00,1788220800000,1549.97,1555.13,1541.66,1549.51,11.0,17050.902
2026-09-01 01:00:00+00:00,1788224400000,1550.0,1552.65,1542.67,1545.01,13562.0,20991059.42
2026-09-01 02:00:00+00:00,1788228000000,1544.24,1545.99,1537.18,1542.65,22321.0,34401461.36
2026-09-01 03:00:00+00:00,1788231600000,1542.5,1547.0,1537.21,1545.76,12635.0,19489461.38
2026-09-01 04:00:00+00:00,1788235200000,1545.76,1552.75,1543.1,1544.11,13879.0,21482651.01
2026-09-01 05:00:00+00:00,1788238800000,1544.12,1552.16,1540.56,1550.79,13001.0,20117971.03
2026-09-01 06:00:00+00:00,1788242400000,1550.79,1553.8,1544.99,1546.79,12773.0,19795601.95
2026-09-01 07:00:00+00:00,1788246000000,1546.86,1552.6,1543.23,1544.0,12738.0,19721015.05
2026-09-01 08:00:00+00:00,1788249600000,1539.99,1550.849,1516.52,1523.2,167165.8521230001,256795501.38749328
2026-09-01 09:00:00+00:00,1788253200000,1514.09,1525.127,1512.387,1522.75,59163.62198600002,89878789.07085045
2026-09-01 10:00:00+00:00,1788256800000,1520.97,1522.758,1516.07,1518.5,40841.141885000005,62063943.1252045
2026-09-01 11:00:00+00:00,1788260400000,1516.05,1524.461,1510.286,1518.99,101996.54676099998,154776098.03378877
2026-09-01 12:00:00+00:00,1788264000000,1524.01,1526.57,1516.947,1524.0,226892.702786,344891951.2209147
2026-09-01 13:00:00+00:00,1788267600000,1518.9,1555.09,1513.75,1539.06,1702685.0579789998,2616652002.863956
2026-09-01 14:00:00+00:00,1788271200000,1541.15,1566.01,1529.98,1566.01,2525498.437932,3902521507.276372
2026-09-01 15:00:00+00:00,1788274800000,1566.865,1609.465,1551.86,1599.6,2454501.2779569994,3880726308.483211
2026-09-01 16:00:00+00:00,1788278400000,1600.01,1601.01,1565.58,1571.01,1512373.2704529995,2391019642.8972926
2026-09-01 17:00:00+00:00,1788282000000,1571.69,1572.735,1555.11,1562.57,679439.4762920003,1062530146.3039382
2026-09-01 18:00:00+00:00,1788285600000,1563.55,1564.33,1524.99,1537.386,1472586.937757,2270780968.7603374
2026-09-01 19:00:00+00:00,1788289200000,1537.85,1550.73,1529.52,1536.56,1196170.6842950005,1841271993.6569889
2026-09-01 20:00:00+00:00,1788292800000,1535.67,1539.986,1532.559,1538.49,614664.1977119998,944210137.7404718
2026-09-01 21:00:00+00:00,1788296400000,1533.32,1533.913,1531.485,1532.0,103505.63117,158632688.9288895
2026-09-01 22:00:00+00:00,1788300000000,1530.0,1533.24,1527.003,1529.01,24759.450262,37874897.50564528
2026-09-01 23:00:00+00:00,1788303600000,1530.0,1532.979,1527.015,1531.87,21464.272176,32860547.18796092
2026-09-02 00:00:00+00:00,1788307200000,1533.36,1544.74,1525.27,1535.53,1.0,1532.537
2026-09-02 01:00:00+00:00,1788310800000,1535.56,1541.51,1527.54,1533.79,8396.0,12890938.62
2026-09-02 02:00:00+00:00,1788314400000,1533.79,1536.71,1529.54,1532.52,6875.0,10534584.38
2026-09-02 03:00:00+00:00,1788318000000,1532.52,1534.77,1529.11,1530.09,5415.0,8292548.24
2026-09-02 04:00:00+00:00,1788321600000,1530.23,1531.78,1527.11,1529.99,6066.0,9279018.63
2026-09-02 05:00:00+00:00,1788325200000,1530.14,1540.68,1527.36,1535.78,11712.0,17979974.43
2026-09-02 06:00:00+00:00,1788328800000,1535.78,1536.44,1529.2,1530.9,9170.0,14053568.37
2026-09-02 07:00:00+00:00,1788332400000,1532.01,1536.46,1530.48,1531.14,2963.0,4544861.04
2026-09-02 08:00:00+00:00,1788336000000,1532.501,1533.411,1514.862,1518.733,102271.60730800002,156204989.416946
2026-09-02 09:00:00+00:00,1788339600000,1518.71,1524.27,1514.5,1519.5,51331.765035,78003001.99413805
2026-09-02 10:00:00+00:00,1788343200000,1520.37,1523.6,1517.366,1520.37,23391.197986000003,35570550.34454847
2026-09-02 11:00:00+00:00,1788346800000,1515.54,1525.94,1513.814,1523.0,78953.01926,119992759.19483836
2026-09-02 12:00:00+00:00,1788350400000,1525.712,1540.967,1524.323,1528.574,172379.437076,264451629.45648944
2026-09-02 13:00:00+00:00,1788354000000,1532.99,1586.11,1510.01,1522.62,2176298.622885,3372755135.003031
2026-09-02 14:00:00+00:00,1788357600000,1522.52,1545.0,1516.115,1525.12,1773353.229406,2714091581.31938
2026-09-02 15:00:00+00:00,1788361200000,1525.01,1549.3,1519.85,1544.845,970195.8654090002,1492298911.7923439
2026-09-02 16:00:00+00:00,1788364800000,1546.14,1551.96,1531.89,1536.37,671235.47565,1036109817.163776
2026-09-02 17:00:00+00:00,1788368400000,1536.71,1544.474,1534.99,1539.43,346374.26017499994,533620825.3952812
2026-09-02 18:00:00+00:00,1788372000000,1539.835,1549.05,1534.03,1548.61,451913.576383,697315844.2353992
2026-09-02 19:00:00+00:00,1788375600000,1548.46,1563.32,1537.428,1552.955,1040566.4000400002,1612131313.6699717
2026-09-02 20:00:00+00:00,1788379200000,1548.57,1553.116,1537.56,1543.01,1091293.903165,1690524585.8161948
2026-09-02 21:00:00+00:00,1788382800000,1541.87,1551.01,1540.965,1546.01,43598.90257699999,67381964.41626523
2026-09-02 22:00:00+00:00,1788386400000,1541.01,1544.5,1540.826,1543.01,13835.992624999995,21346109.92708171
2026-09-02 23:00:00+00:00,1788390000000,1542.49,1547.712,1541.75,1542.49,15818.163131,24425931.38017996
2026-09-03 00:00:00+00:00,1788393600000,1549.03,1551.78,1537.5,1539.97,2.0,3093.722
2026-09-03 01:00:00+00:00,1788397200000,1539.49,1545.01,1539.37,1539.5,4845.0,7476614.86
2026-09-03 02:00:00+00:00,1788400800000,1539.85,1545.54,1539.85,1544.21,3782.0,5837874.04
2026-09-03 03:00:00+00:00,1788404400000,1544.52,1551.64,1543.91,1551.01,6075.0,9410127.87
2026-09-03 04:00:00+00:00,1788408000000,1550.99,1553.01,1545.42,1545.55,5104.0,7912618.67
2026-09-03 05:00:00+00:00,1788411600000,1545.86,1547.01,1527.0,1540.99,18207.0,27972335.49
2026-09-03 06:00:00+00:00,1788415200000,1540.99,1543.73,1539.02,1540.21,5251.0,8093654.52
2026-09-03 07:00:00+00:00,1788418800000,1539.87,1545.01,1539.87,1543.34,5765.0,8899992.93
2026-09-03 08:00:00+00:00,1788422400000,1546.899,1548.942,1540.48,1540.557,94870.295173,146526934.56805807
2026-09-03 09:00:00+00:00,1788426000000,1540.548,1542.663,1532.743,1535.128,28739.533275,44178286.627450176
2026-09-03 10:00:00+00:00,1788429600000,1535.129,1538.5,1533.1,1538.0,25548.884181,39260966.90326465
2026-09-03 11:00:00+00:00,1788433200000,1538.0,1543.733,1535.51,1535.917,64505.275668,99298542.02624393
2026-09-03 12:00:00+00:00,1788436800000,1535.914,1552.818,1532.013,1550.045,161721.082442,249398806.134042
2026-09-03 13:00:00+00:00,1788440400000,1549.954,1556.48,1511.16,1545.663,2240922.990183,3428360584.509863
2026-09-03 14:00:00+00:00,1788444000000,1545.651,1545.651,1512.71,1527.687,1876819.932437,2859093873.0634265
2026-09-03 15:00:00+00:00,1788447600000,1527.728,1542.99,1527.498,1536.531,1208323.577135,1855572857.2425904
2026-09-03 16:00:00+00:00,1788451200000,1536.651,1567.71,1533.96,1561.829,1094917.347227,1695695434.65995
2026-09-03 17:00:00+00:00,1788454800000,1561.68,1571.67,1550.0,1563.488,1110628.894651,1730942047.680931
2026-09-03 18:00:00+00:00,1788458400000,1563.508,1576.33,1558.655,1563.765,1083471.02916,1698369233.7703147
2026-09-03 19:00:00+00:00,1788462000000,1563.804,1564.73,1535.005,1554.16,1793156.84129,2775693864.2683306
2026-09-03 20:00:00+00:00,1788465600000,1555.801,1555.99,1548.0,1548.0,529659.298172,823733046.1494066
2026-09-03 21:00:00+00:00,1788469200000,1548.0,1548.32,1546.225,1547.5,233007.247996,360394185.9479629
2026-09-03 22:00:00+00:00,1788472800000,1547.5,1549.725,1547.3,1549.5,13359.433052,20680137.698964693
2026-09-03 23:00:00+00:00,1788476400000,1549.5,1550.223,1548.77,1548.975,13115.945089,20319992.873007253
2026-09-04 00:00:00+00:00,1788480000000,1550.0,1564.99,1548.99,1562.83,23367.0,36433195.71
2026-09-04 01:00:00+00:00,1788483600000,1562.77,1564.79,1553.05,1556.9,10541.0,16437700.78
2026-09-04 02:00:00+00:00,1788487200000,1556.99,1560.07,1555.72,1560.07,8382.0,13060280.91
2026-09-04 03:00:00+00:00,1788490800000,1560.07,1562.9,1558.37,1562.79,4896.0,7643825.38
2026-09-04 04:00:00+00:00,1788494400000,1562.78,1575.98,1561.73,1574.06,21662.0,33996668.25
2026-09-04 05:00:00+00:00,1788498000000,1574.07,1586.26,1571.77,1582.94,36139.0,57179571.34
2026-09-04 06:00:00+00:00,1788501600000,1582.24,1583.7,1568.82,1571.3,15668.0,24684019.63
2026-09-04 07:00:00+00:00,1788505200000,1571.31,1582.25,1571.31,1581.59,12688.0,20028518.66
2026-09-04 08:00:00+00:00,1788508800000,1548.975,1598.739,1548.975,1595.165,292762.334219,464869059.6437863
2026-09-04 09:00:00+00:00,1788512400000,1595.303,1601.01,1590.08,1600.659,75770.08513,120819856.18638436
2026-09-04 10:00:00+00:00,1788516000000,1600.696,1607.3,1594.211,1596.5,89282.883091,142957083.2946488
2026-09-04 11:00:00+00:00,1788519600000,1596.5,1605.081,1592.21,1605.04,158985.821003,254254121.10483208
2026-09-04 12:00:00+00:00,1788523200000,1605.033,1606.01,1562.29,1575.121,516148.302383,817242796.5026324
2026-09-04 13:00:00+00:00,1788526800000,1576.0,1661.55,1573.0,1657.34,3705709.629844,6061645987.225715
2026-09-04 14:00:00+00:00,1788530400000,1658.04,1693.48,1644.67,1683.5601,4363574.598375,7283948362.711782
2026-09-04 15:00:00+00:00,1788534000000,1684.77,1699.49,1682.51,1699.4283,2251262.07625,3800945213.618312
2026-09-04 16:00:00+00:00,1788537600000,1699.19,1736.25,1694.0,1734.0,2749429.349069,4705784406.039865
2026-09-04 17:00:00+00:00,1788541200000,1734.4301,1736.5,1713.0201,1719.64,1730747.545665,2977181170.722425
2026-09-04 18:00:00+00:00,1788544800000,1719.645,1722.04,1713.34,1718.32,1175328.073986,2019581283.9318483
2026-09-04 19:00:00+00:00,1788548400000,1718.555,1740.0,1705.2,1740.0,2853786.611063,4914440779.350667
2026-09-04 20:00:00+00:00,1788552000000,1737.01,1746.88,1729.0701,1734.0,1659981.731057,2882800018.6374226
2026-09-04 21:00:00+00:00,1788555600000,1734.39,1738.87,1730.01,1731.51,319496.051598,554272826.4132433
2026-09-04 22:00:00+00:00,1788559200000,1732.43,1734.3,1731.5,1732.51,43634.559456,75617088.28027233
2026-09-04 23:00:00+00:00,1788562800000,1732.861,1735.1188,1730.1,1733.88,72731.374813,125987701.0278292
2026-09-05 00:00:00+00:00,1788566400000,1733.19,1733.44,1731.36,1732.86,1.04844,1816.6062499
2026-09-05 01:00:00+00:00,1788570000000,1732.87,1732.87,1731.74,1731.74,2.50666,4340.8961336
2026-09-05 02:00:00+00:00,1788573600000,1732.0,1754.47,1731.77,1752.02,46.82566,81734.1642867
2026-09-05 03:00:00+00:00,1788577200000,1751.27,1751.27,1746.51,1747.41,24.57555,42933.466834
2026-09-05 04:00:00+00:00,1788580800000,1747.41,1760.25,1746.27,1760.09,10.33963,18109.1740626
2026-09-05 05:00:00+00:00,1788584400000,1760.09,1774.83,1760.09,1767.76,14.23677,25181.7988826
2026-09-05 06:00:00+00:00,1788588000000,1767.15,1770.8,1757.35,1767.19,15.46727,27331.6526481
2026-09-05 07:00:00+00:00,1788591600000,1766.82,1766.82,1751.48,1753.9,31.80013,55794.7339832
2026-09-05 08:00:00+00:00,1788595200000,1754.63,1754.99,1751.77,1752.6,7.01904,12303.8551514
2026-09-05 09:00:00+00:00,1788598800000,1752.57,1755.17,1752.24,1753.15,3.20187,5612.8506929
2026-09-05 10:00:00+00:00,1788602400000,1753.54,1753.54,1751.68,1753.04,1.61444,2829.3551726
2026-09-05 11:00:00+00:00,1788606000000,1753.04,1761.66,1753.04,1759.04,11.50367,20222.4058212
2026-09-05 12:00:00+00:00,1788609600000,1759.31,1759.31,1753.64,1754.6,8.74863,15358.4287717
2026-09-05 13:00:00+00:00,1788613200000,1756.15,1757.15,1755.88,1755.88,22.20564,39003.7419747
2026-09-05 14:00:00+00:00,1788616800000,1755.87,1755.87,1755.87,1755.87,0.05695,99.9967965
2026-09-05 15:00:00+00:00,1788620400000,1756.01,1758.15,1755.87,1757.3,7.47184,13125.6705208
2026-09-05 16:00:00+00:00,1788624000000,1757.28,1757.28,1756.47,1756.47,0.45053,791.3732748
2026-09-05 17:00:00+00:00,1788627600000,1757.29,1762.37,1755.87,1762.37,7.65388,13455.8803444
2026-09-05 19:00:00+00:00,1788634800000,1762.37,1762.37,1762.37,1762.37,0.01292,22.7698204
2026-09-05 20:00:00+00:00,1788638400000,1763.14,1764.08,1760.59,1760.59,3.64984,6433.6605992
2026-09-05 21:00:00+00:00,1788642000000,1760.15,1760.15,1758.32,1758.32,0.79234,1393.8753715
2026-09-05 22:00:00+00:00,1788645600000,1758.32,1758.6,1757.67,1757.72,0.32461,570.753367
2026-09-05 23:00:00+00:00,1788649200000,1758.6,1759.65,1758.6,1758.9,0.84127,1479.8852821
2026-09-06 00:00:00+00:00,1788652800000,1758.9,1759.26,1758.8,1758.8,0.2711,476.8489968
2026-09-06 01:00:00+00:00,1788656400000,1759.26,1759.51,1759.26,1759.49,0.38357,674.8712361
2026-09-06 02:00:00+00:00,1788660000000,1759.97,1763.49,1759.97,1763.49,21.33424,37620.4081781
2026-09-06 03:00:00+00:00,1788663600000,1763.86,1766.83,1763.86,1764.73,16.43599,29012.3394722
2026-09-06 04:00:00+00:00,1788667200000,1766.31,1769.38,1764.73,1768.56,1.72179,3042.3327589
2026-09-06 05:00:00+00:00,1788670800000,1769.54,1776.97,1769.54,1774.5,10.35748,18356.6601586
2026-09-06 06:00:00+00:00,1788674400000,1774.87,1778.79,1774.87,1778.0,1.7345,3081.8185094
2026-09-06 07:00:00+00:00,1788678000000,1776.84,1776.84,1771.8,1775.2,5.70416,10115.2022085
2026-09-06 08:00:00+00:00,1788681600000,1776.38,1780.0,1775.49,1775.87,2.27727,4048.7730272
2026-09-06 09:00:00+00:00,1788685200000,1775.53,1777.69,1775.53,1777.53,0.73427,1304.3761753
2026-09-06 10:00:00+00:00,1788688800000,1777.53,1785.0,1777.53,1782.32,7.26841,12943.9858503
2026-09-06 11:00:00+00:00,1788692400000,1783.12,1783.95,1783.12,1783.55,1.60771,2867.5192061
2026-09-06 12:00:00+00:00,1788696000000,1783.55,1790.19,1783.55,1788.19,7.67326,13708.6315263
2026-09-06 13:00:00+00:00,1788699600000,1788.19,1789.04,1776.45,1780.45,10.5683,18823.3452964
2026-09-06 14:00:00+00:00,1788703200000,1779.5,1779.5,1760.02,1760.85,99.76376,176134.6803849
2026-09-06 15:00:00+00:00,1788706800000,1760.62,1766.62,1759.58,1766.62,14.31766,25234.7544823
2026-09-06 16:00:00+00:00,1788710400000,1766.9,1766.9,1763.38,1763.49,6.19873,10940.5158706
2026-09-06 17:00:00+00:00,1788714000000,1765.72,1765.72,1763.49,1763.49,0.01811,31.9506745
2026-09-06 18:00:00+00:00,1788717600000,1765.73,1767.54,1765.73,1767.2,0.44678,789.1576885
2026-09-06 19:00:00+00:00,1788721200000,1767.13,1776.0,1767.13,1775.49,11.02323,19508.1831583
2026-09-06 20:00:00+00:00,1788724800000,1776.05,1781.17,1776.05,1778.81,9.86829,17555.42287
2026-09-06 21:00:00+00:00,1788728400000,1778.81,1778.81,1775.91,1777.28,2.00792,3568.1156825
2026-09-06 22:00:00+00:00,1788732000000,1777.3,1779.78,1777.3,1777.72,3.20194,5693.8086848
2026-09-06 23:00:00+00:00,1788735600000,1777.31,1777.31,1774.47,1774.77,4.26983,7582.418945
2026-09-07 00:00:00+00:00,1788739200000,1775.85,1782.5,1772.18,1772.87,17.31079,30789.3487599
2026-09-07 01:00:00+00:00,1788742800000,1772.51,1782.5,1763.99,1768.36,133.59507,237125.7970113
2026-09-07 02:00:00+00:00,1788746400000,1768.36,1772.08,1766.81,1770.66,5.35631,9479.6545817
2026-09-07 03:00:00+00:00,1788750000000,1770.66,1770.66,1770.57,1770.57,0.29,513.4768479
2026-09-07 04:00:00+00:00,1788753600000,1772.68,1781.27,1772.68,1778.93,8.17272,14531.4221044
2026-09-07 05:00:00+00:00,1788757200000,1780.25,1781.52,1778.93,1780.62,1.45861,2595.8459562
2026-09-07 06:00:00+00:00,1788760800000,1781.68,1788.33,1780.28,1788.33,12.42412,22170.6878172
2026-09-07 07:00:00+00:00,1788764400000,1787.39,1787.39,1782.35,1782.35,9.34164,16670.5019404
2026-09-07 09:00:00+00:00,1788771600000,1785.97,1786.01,1781.57,1781.57,11.22481,20024.984637
2026-09-07 10:00:00+00:00,1788775200000,1782.97,1784.29,1782.64,1783.04,0.62364,1112.0924633
2026-09-07 11:00:00+00:00,1788778800000,1782.73,1783.68,1777.28,1777.28,3.41733,6081.3592937
2026-09-07 12:00:00+00:00,1788782400000,1777.26,1777.78,1773.48,1775.12,3.24189,5756.8836462
2026-09-07 13:00:00+00:00,1788786000000,1775.41,1785.09,1775.41,1780.97,22.2715,39669.7330935
2026-09-07 14:00:00+00:00,1788789600000,1780.96,1783.12,1780.93,1782.02,1.49621,2665.8322998
2026-09-07 15:00:00+00:00,1788793200000,1783.11,1783.12,1778.58,1778.58,12.70289,22625.9653886
2026-09-07 16:00:00+00:00,1788796800000,1778.58,1780.68,1778.21,1780.68,1.55449,2765.6313037
2026-09-07 17:00:00+00:00,1788800400000,1780.33,1783.12,1780.33,1783.12,8.45993,15080.4077519
2026-09-07 18:00:00+00:00,1788804000000,1783.12,1784.89,1782.27,1784.14,3.32178,5924.0863172
2026-09-07 19:00:00+00:00,1788807600000,1784.58,1784.58,1784.58,1784.58,0.01275,22.753395
2026-09-07 20:00:00+00:00,1788811200000,1783.54,1783.54,1783.17,1783.17,0.09752,173.9159764
2026-09-07 21:00:00+00:00,1788814800000,1783.86,1784.89,1783.22,1784.89,0.54882,979.1165183
2026-09-07 22:00:00+00:00,1788818400000,1782.79,1782.79,1777.21,1777.21,3.95395,7039.315939
2026-09-07 23:00:00+00:00,1788822000000,1777.21,1779.69,1776.54,1779.69,2.52408,4488.0604476
2026-09-08 00:00:00+00:00,1788825600000,1779.6,1819.99,1777.7,1808.21,120378.0,217301480.46
2026-09-08 01:00:00+00:00,1788829200000,1807.41,1809.11,1796.52,1804.83,43629.0,78667139.13
2026-09-08 02:00:00+00:00,1788832800000,1804.82,1805.36,1798.3,1799.02,22126.0,39868169.32
2026-09-08 03:00:00+00:00,1788836400000,1799.38,1808.88,1799.38,1808.0,23570.0,42551073.59
2026-09-08 04:00:00+00:00,1788840000000,1807.69,1813.94,1800.62,1801.62,29549.0,53428277.99
2026-09-08 05:00:00+00:00,1788843600000,1800.62,1802.18,1775.81,1777.13,49267.0,88104427.73
2026-09-08 06:00:00+00:00,1788847200000,1777.13,1778.99,1749.28,1760.85,63018.0,111012513.54
2026-09-08 07:00:00+00:00,1788850800000,1760.77,1772.32,1758.8,1759.57,18926.0,33431439.91
2026-09-08 08:00:00+00:00,1788854400000,1761.4,1813.91,1732.0,1743.85,352762.86982900003,619362434.9112426
2026-09-08 09:00:00+00:00,1788858000000,1741.8,1773.96,1738.51,1770.8,94120.078658,165699491.9198303
2026-09-08 10:00:00+00:00,1788861600000,1770.36,1781.64,1761.65,1773.3,88892.444641,157463203.30323467
2026-09-08 11:00:00+00:00,1788865200000,1773.0,1777.99,1743.9728,1747.18,228085.700625,400999166.7150845
2026-09-08 12:00:00+00:00,1788868800000,1748.5,1765.33,1737.39,1760.25,271796.603542,475942721.47793686
2026-09-08 13:00:00+00:00,1788872400000,1760.45,1794.9534,1741.0001,1780.485,2861642.761509,5068924377.847066
2026-09-08 14:00:00+00:00,1788876000000,1780.8019,1787.35,1755.34,1779.7,1881531.670867,3336118976.383959
2026-09-08 15:00:00+00:00,1788879600000,1779.612,1807.35,1769.19,1798.34,1922398.439213,3444096171.474946
2026-09-08 16:00:00+00:00,1788883200000,1799.06,1803.0,1776.11,1779.3035,932465.840819,1671097975.0795362
2026-09-08 17:00:00+00:00,1788886800000,1778.9499,1794.77,1778.2001,1789.0,780045.936874,1392819973.6485217
2026-09-08 18:00:00+00:00,1788890400000,1788.94,1801.9799,1788.01,1791.49,908042.291163,1630661005.604648
2026-09-08 19:00:00+00:00,1788894000000,1792.2,1792.9057,1733.78,1737.99,2145478.867625,3768424985.0776863
2026-09-08 20:00:00+00:00,1788897600000,1737.99,1748.0,1731.0,1745.91,478934.082999,832834427.4093752
2026-09-08 21:00:00+00:00,1788901200000,1745.8,1749.0,1744.0,1746.4038,62603.576702,109334552.57949516
2026-09-08 22:00:00+00:00,1788904800000,1746.393,1751.67,1741.84,1749.0,37135.533177,64848007.38224899
2026-09-08 23:00:00+00:00,1788908400000,1749.7894,1754.0,1740.26,1743.7,41222.93508,72037522.5477326
2026-09-09 00:00:00+00:00,1788912000000,1745.29,1755.5,1741.54,1753.77,20151.0,35273229.14
2026-09-09 01:00:00+00:00,1788915600000,1753.92,1758.89,1750.67,1753.0,15658.0,27485463.16
2026-09-09 02:00:00+00:00,1788919200000,1753.2,1762.06,1752.49,1758.2,10832.0,19031929.35
2026-09-09 03:00:00+00:00,1788922800000,1757.79,1759.0,1746.01,1746.68,9582.0,16781753.14
2026-09-09 04:00:00+00:00,1788926400000,1747.39,1758.0,1745.44,1753.31,8838.0,15483351.32
2026-09-09 05:00:00+00:00,1788930000000,1753.45,1755.5,1746.86,1753.66,7947.0,13917049.71
2026-09-09 06:00:00+00:00,1788933600000,1753.67,1757.53,1751.37,1754.34,7451.0,13076433.17
2026-09-09 07:00:00+00:00,1788937200000,1753.84,1756.05,1750.51,1753.96,4789.0,8398534.78
2026-09-09 08:00:00+00:00,1788940800000,1752.28,1761.99,1745.6,1756.55,83682.511001,146892383.54506925
2026-09-09 09:00:00+00:00,1788944400000,1757.6,1757.6,1725.01,1727.2,74758.5408,130324121.37889774
2026-09-09 10:00:00+00:00,1788948000000,1726.85,1735.0,1720.0,1732.0,82207.278624,142061550.2273214
2026-09-09 11:00:00+00:00,1788951600000,1732.03,1738.0,1725.55,1729.9377,57390.465399,99338259.50361587
2026-09-09 12:00:00+00:00,1788955200000,1730.55,1735.5,1722.55,1729.44,70089.288133,121135598.637922
2026-09-09 13:00:00+00:00,1788958800000,1729.3,1793.9999,1728.02,1792.0,2005096.399807,3517811206.672987
2026-09-09 14:00:00+00:00,1788962400000,1792.6199,1807.0,1767.18,1790.565,2713984.587763,4861241444.283736
2026-09-09 15:00:00+00:00,1788966000000,1790.595,1798.0,1764.005,1766.42,1600501.982382,2846746800.157788
2026-09-09 16:00:00+00:00,1788969600000,1766.755,1784.6999,1765.0,1777.84,775273.534916,1375411410.8806326
2026-09-09 17:00:00+00:00,1788973200000,1778.6799,1780.5867,1768.42,1770.575,576678.637004,1023616812.9344409
2026-09-09 18:00:00+00:00,1788976800000,1770.7,1774.8,1759.29,1759.29,698048.640877,1234319158.1947281
2026-09-09 19:00:00+00:00,1788980400000,1759.535,1765.63,1745.0,1764.17,1503325.206156,2640535019.1042895
2026-09-09 20:00:00+00:00,1788984000000,1764.14,1764.95,1759.0,1764.4,380564.978364,671235879.1365043
2026-09-09 21:00:00+00:00,1788987600000,1764.4,1764.88,1761.0,1762.31,19888.523252,35062994.168062046
2026-09-09 22:00:00+00:00,1788991200000,1762.35,1763.9402,1758.0,1758.67,18972.66685,33395340.805388756
2026-09-09 23:00:00+00:00,1788994800000,1758.9118,1763.9875,1758.22,1763.9875,20087.903592,35363241.88554523
2026-09-10 00:00:00+00:00,1788998400000,1763.67,1768.79,1745.65,1746.0,19514.0,34289877.71
2026-09-10 01:00:00+00:00,1789002000000,1745.35,1750.99,1738.36,1750.49,17700.0,30879529.66
2026-09-10 02:00:00+00:00,1789005600000,1750.46,1760.0,1748.5,1756.59,9800.0,17190417.48
2026-09-10 03:00:00+00:00,1789009200000,1756.58,1759.0,1752.5,1756.0,5255.0,9226549.58
2026-09-10 04:00:00+00:00,1789012800000,1756.4,1764.28,1756.0,1763.76,7759.0,13654111.41
2026-09-10 05:00:00+00:00,1789016400000,1763.77,1772.01,1759.5,1764.1,10495.0,18529181.59
2026-09-10 06:00:00+00:00,1789020000000,1764.02,1768.0,1760.0,1763.5,7209.0,12716634.77
2026-09-10 07:00:00+00:00,1789023600000,1764.0,1765.0,1754.5,1760.0,6442.0,11329575.25
2026-09-10 08:00:00+00:00,1789027200000,1757.91,1772.501,1748.07,1750.1,72488.752018,127547969.16062136
2026-09-10 09:00:00+00:00,1789030800000,1750.0,1753.5412,1741.0,1748.15,37410.305632,65323108.470280245
2026-09-10 10:00:00+00:00,1789034400000,1747.6,1752.0,1742.0,1746.5,26407.034408,46122077.606093645
2026-09-10 11:00:00+00:00,1789038000000,1745.975,1748.47,1736.0,1737.0,109031.733773,189942775.2089516
2026-09-10 12:00:00+00:00,1789041600000,1738.0,1740.94,1707.08,1717.32,446012.474487,768949734.071112
2026-09-10 13:00:00+00:00,1789045200000,1718.19,1733.95,1683.78,1690.55,1987836.312711,3386846844.5478425
2026-09-10 14:00:00+00:00,1789048800000,1690.0,1713.21,1686.09,1692.78,1566529.371708,2660697311.5179415
2026-09-10 15:00:00+00:00,1789052400000,1692.84,1704.55,1690.91,1698.47,844898.31029,1433572910.4441247
2026-09-10 16:00:00+00:00,1789056000000,1698.32,1702.55,1674.0,1692.91,1124924.271471,1895826742.5443847
2026-09-10 17:00:00+00:00,1789059600000,1692.555,1710.0,1690.5,1709.09,785795.068159,1336446687.156418
2026-09-10 18:00:00+00:00,1789063200000,1708.99,1722.39,1704.24,1710.31,1224646.587408,2098758931.1255524
2026-09-10 19:00:00+00:00,1789066800000,1709.56,1715.0,1690.18,1692.59,999486.210563,1701729431.243597
2026-09-10 20:00:00+00:00,1789070400000,1693.18,1697.6281,1682.3,1688.849,510628.121264,863684216.2302538
2026-09-10 21:00:00+00:00,1789074000000,1689.24,1698.87,1685.55,1689.4,35083.504081,59338604.66577894
2026-09-10 22:00:00+00:00,1789077600000,1690.0,1691.0,1681.0,1683.0,37894.088611,63863045.53782757
2026-09-10 23:00:00+00:00,1789081200000,1683.7,1685.5,1675.0,1676.8063,48686.004403,81858613.03487821
2026-09-11 00:00:00+00:00,1789084800000,1680.0,1689.39,1675.0,1686.83,14319.0,24091896.9
2026-09-11 01:00:00+00:00,1789088400000,1686.76,1689.02,1677.6,1683.0,10468.0,17625927.83
2026-09-11 02:00:00+00:00,1789092000000,1682.66,1685.29,1675.1,1677.26,9078.0,15239789.6
2026-09-11 03:00:00+00:00,1789095600000,1677.06,1678.48,1664.45,1667.81,15840.0,26465820.56
2026-09-11 04:00:00+00:00,1789099200000,1668.88,1685.0,1666.35,1681.48,10241.0,17185351.32
2026-09-11 05:00:00+00:00,1789102800000,1681.49,1696.21,1679.77,1691.82,14952.0,25245518.63
2026-09-11 06:00:00+00:00,1789106400000,1691.8,1698.0,1688.01,1695.75,12235.0,20705515.85
2026-09-11 07:00:00+00:00,1789110000000,1695.71,1703.84,1695.17,1696.29,7600.0,12910269.69
2026-09-11 08:00:00+00:00,1789113600000,1683.99,1712.0,1666.0,1707.0,112295.941021,190866262.19970736
2026-09-11 09:00:00+00:00,1789117200000,1707.63,1708.8,1697.41,1700.0,31187.052597,53081407.0632747
2026-09-11 10:00:00+00:00,1789120800000,1701.0,1704.98,1697.0,1698.5,14728.304463,25057055.284322087
2026-09-11 11:00:00+00:00,1789124400000,1699.36,1707.0,1691.0,1702.0,50533.202682,85868156.439028
2026-09-11 12:00:00+00:00,1789128000000,1702.8,1724.905,1685.0,1724.17,247957.284697,424771099.2426922
2026-09-11 13:00:00+00:00,1789131600000,1723.84,1734.48,1628.89,1629.76,2916988.962599,4853361598.487883
2026-09-11 14:00:00+00:00,1789135200000,1630.0,1654.78,1616.8022,1634.66,2399733.896427,3920203975.6934657
2026-09-11 15:00:00+00:00,1789138800000,1634.985,1648.38,1624.0337,1640.545,1087586.421736,1781720492.6394055
2026-09-11 16:00:00+00:00,1789142400000,1640.55,1642.99,1625.33,1632.5808,730351.905535,1191984996.5165143
2026-09-11 17:00:00+00:00,1789146000000,1632.24,1639.73,1630.56,1633.75,575506.01653,941084667.048388
2026-09-11 18:00:00+00:00,1789149600000,1634.24,1639.7017,1630.62,1632.23,474682.777304,775926483.5312312
2026-09-11 19:00:00+00:00,1789153200000,1632.21,1637.755,1628.5529,1633.35,903140.655524,1474890859.753076
2026-09-11 20:00:00+00:00,1789156800000,1633.24,1635.4999,1629.72,1630.0,612959.837735,1001041227.5495248
2026-09-11 21:00:00+00:00,1789160400000,1630.24,1631.8602,1628.02,1628.5835,22061.737137,35964308.72559807
2026-09-11 22:00:00+00:00,1789164000000,1628.56,1631.98,1628.5,1630.5,15060.076814,24551114.345820405
2026-09-11 23:00:00+00:00,1789167600000,1630.19,1632.7324,1629.948,1631.0821,20081.534886,32749518.721364904
2026-09-12 00:00:00+00:00,1789171200000,1632.09,1640.23,1632.09,1640.23,8.18682,13398.1962692
2026-09-12 01:00:00+00:00,1789174800000,1639.76,1639.76,1637.3,1637.3,2.46068,4031.2427679
2026-09-12 02:00:00+00:00,1789178400000,1631.33,1631.33,1631.32,1631.32,0.01976,32.2350067
2026-09-12 03:00:00+00:00,1789182000000,1637.68,1637.69,1633.07,1637.69,0.0798,130.6429362
2026-09-12 04:00:00+00:00,1789185600000,1637.69,1637.69,1632.43,1632.59,0.40497,661.4029459
2026-09-12 05:00:00+00:00,1789189200000,1635.6,1636.03,1635.6,1636.03,0.16883,276.2057935
2026-09-12 06:00:00+00:00,1789192800000,1636.03,1636.33,1631.81,1631.81,0.51813,846.7851479
2026-09-12 07:00:00+00:00,1789196400000,1631.32,1631.32,1629.84,1629.84,8.42406,13737.5896826
2026-09-12 08:00:00+00:00,1789200000000,1631.58,1631.6,1629.51,1629.51,0.91411,1490.5135244
2026-09-12 09:00:00+00:00,1789203600000,1632.3,1632.3,1630.34,1632.2,0.0666,108.6106266
2026-09-12 10:00:00+00:00,1789207200000,1630.64,1630.64,1630.64,1630.64,0.12973,211.5429272
2026-09-12 11:00:00+00:00,1789210800000,1632.74,1632.76,1629.53,1629.53,1.74626,2848.9087893
2026-09-12 12:00:00+00:00,1789214400000,1632.75,1632.76,1630.92,1632.75,0.72112,1177.0095195
2026-09-12 13:00:00+00:00,1789218000000,1630.97,1631.84,1630.97,1630.99,0.63433,1034.7620699
2026-09-12 14:00:00+00:00,1789221600000,1630.99,1630.99,1629.4,1629.4,0.71077,1158.888984
2026-09-12 15:00:00+00:00,1789225200000,1632.72,1633.12,1632.7,1633.12,5.59816,9140.6117508
2026-09-12 16:00:00+00:00,1789228800000,1633.24,1633.38,1633.24,1633.38,1.54783,2528.0665753
2026-09-12 17:00:00+00:00,1789232400000,1633.39,1633.74,1632.65,1632.65,0.94962,1551.2154689
2026-09-12 18:00:00+00:00,1789236000000,1633.74,1633.74,1633.74,1633.74,0.03061,50.0087814
2026-09-12 19:00:00+00:00,1789239600000,1633.49,1633.49,1626.04,1627.29,14.43003,23501.2587995
2026-09-12 20:00:00+00:00,1789243200000,1627.29,1627.29,1621.68,1623.47,11.92227,19359.0709964
2026-09-12 21:00:00+00:00,1789246800000,1623.47,1624.78,1622.4,1622.4,5.07027,8231.9342182
2026-09-12 22:00:00+00:00,1789250400000,1623.25,1625.84,1623.25,1625.01,6.74053,10951.1001048
2026-09-13 00:00:00+00:00,1789257600000,1625.32,1629.01,1625.32,1629.0,7.4048,12048.0107801
2026-09-13 01:00:00+00:00,1789261200000,1631.57,1631.57,1627.05,1627.36,0.96254,1567.6541679
2026-09-13 02:00:00+00:00,1789264800000,1627.75,1627.75,1625.89,1625.89,4.17434,6790.9150202
2026-09-13 03:00:00+00:00,1789268400000,1625.68,1625.68,1623.38,1623.38,4.46219,7248.4011215
2026-09-13 05:00:00+00:00,1789275600000,1623.18,1623.18,1601.24,1611.4,35.05217,56536.8808486
2026-09-13 06:00:00+00:00,1789279200000,1611.45,1611.45,1595.61,1598.96,45.75768,73319.1182774
2026-09-13 07:00:00+00:00,1789282800000,1597.76,1599.25,1597.55,1599.23,12.7979,20456.5329771
2026-09-13 08:00:00+00:00,1789286400000,1598.03,1598.03,1581.61,1581.61,31.04953,49373.5173795
2026-09-13 09:00:00+00:00,1789290000000,1581.44,1585.3,1580.07,1581.44,16.62972,26337.7375
2026-09-13 10:00:00+00:00,1789293600000,1583.69,1584.01,1581.7,1583.88,0.69784,1104.9680938
2026-09-13 11:00:00+00:00,1789297200000,1584.01,1584.01,1583.44,1583.44,0.8319,1317.5522865
2026-09-13 12:00:00+00:00,1789300800000,1584.37,1584.51,1580.97,1580.97,14.8826,23559.8741979
2026-09-13 13:00:00+00:00,1789304400000,1580.98,1584.13,1575.61,1582.39,48.91105,77303.9779417
2026-09-13 14:00:00+00:00,1789308000000,1582.39,1583.95,1575.87,1575.87,171.21629,270550.4982813
2026-09-13 15:00:00+00:00,1789311600000,1575.82,1579.19,1575.51,1576.09,12.33078,19451.5015365
2026-09-13 16:00:00+00:00,1789315200000,1577.95,1580.46,1576.08,1580.45,73.31159,115829.6955795
2026-09-13 17:00:00+00:00,1789318800000,1580.46,1580.66,1579.46,1580.66,26.06485,41197.5900126
2026-09-13 18:00:00+00:00,1789322400000,1580.66,1580.66,1578.8,1579.24,2.51953,3981.4111944
2026-09-13 19:00:00+00:00,1789326000000,1579.46,1579.46,1563.66,1563.66,19.80999,31148.8634584
2026-09-13 20:00:00+00:00,1789329600000,1565.03,1575.65,1563.47,1575.65,21.77911,34233.7581283
2026-09-13 21:00:00+00:00,1789333200000,1574.76,1579.88,1574.61,1578.99,18.79118,29637.2543847
2026-09-13 22:00:00+00:00,1789336800000,1578.38,1578.38,1564.15,1567.08,34.85545,54626.1332884
2026-09-13 23:00:00+00:00,1789340400000,1566.76,1571.99,1564.6,1564.6,22.17162,34762.1987759
2026-09-14 00:00:00+00:00,1789344000000,1567.5,1569.99,1545.5,1550.52,72245.82576,112477516.24277
2026-09-14 01:00:00+00:00,1789347600000,1550.52,1569.42,1546.5,1568.17,34064.0,53003339.35
2026-09-14 02:00:00+00:00,1789351200000,1568.48,1573.0,1562.0,1569.5,19024.0,29844684.65
2026-09-14 03:00:00+00:00,1789354800000,1569.35,1572.0,1562.0,1566.55,8209.0,12867711.42
2026-09-14 04:00:00+00:00,1789358400000,1566.55,1569.0,1561.93,1568.49,7117.0,11142842.12
2026-09-14 05:00:00+00:00,1789362000000,1568.41,1569.85,1556.66,1561.39,13434.0,20992961.34
2026-09-14 06:00:00+00:00,1789365600000,1561.42,1564.88,1557.0,1557.97,13888.0,21674945.76
2026-09-14 07:00:00+00:00,1789369200000,1557.5,1557.51,1545.6,1550.5,30859.0,47837018.55
2026-09-14 08:00:00+00:00,1789372800000,1560.0,1570.0,1540.92,1551.7,165278.00120099998,256035507.7932784
2026-09-14 09:00:00+00:00,1789376400000,1551.52,1553.73,1541.0,1549.0,50374.480978,77907744.39727835
2026-09-14 10:00:00+00:00,1789380000000,1548.67,1554.8,1544.05,1551.1,42659.29016,66114382.88934195
2026-09-14 11:00:00+00:00,1789383600000,1551.03,1552.0,1532.0,1534.2057,173288.17306,266769494.7964005
2026-09-14 12:00:00+00:00,1789387200000,1534.16,1541.9,1528.05,1532.49,149454.50238,229206148.6072989
2026-09-14 13:00:00+00:00,1789390800000,1532.4432,1548.0,1505.0,1532.43,2441408.494666,3723513782.009272
2026-09-14 14:00:00+00:00,1789394400000,1532.09,1565.92,1530.93,1543.845,1957832.397492,3038822221.3552966
2026-09-14 15:00:00+00:00,1789398000000,1543.67,1552.79,1525.67,1535.3956,1518515.81679,2334310342.6476526
2026-09-14 16:00:00+00:00,1789401600000,1535.224,1555.32,1527.6,1554.96,840061.549832,1295303143.9247262
2026-09-14 17:00:00+00:00,1789405200000,1554.6,1581.8399,1553.09,1578.52,1002470.76167,1572718550.2463117
2026-09-14 18:00:00+00:00,1789408800000,1578.525,1581.7606,1560.5526,1564.0526,732989.786301,1150136141.258657
2026-09-14 19:00:00+00:00,1789412400000,1564.32,1567.199,1549.9951,1551.99,898127.272246,1399199698.4132783
2026-09-14 20:00:00+00:00,1789416000000,1551.99,1563.0,1541.1,1559.0,494650.087504,767353775.0613606
2026-09-14 21:00:00+00:00,1789419600000,1558.73,1560.8,1553.7201,1557.5,14396.321367,22415745.523524746
2026-09-14 22:00:00+00:00,1789423200000,1557.42,1558.0,1555.01,1557.58,12635.584325,19667642.77785616
2026-09-14 23:00:00+00:00,1789426800000,1557.58,1565.0,1556.0,1563.0,21918.649533,34248835.9829028
2026-09-15 00:00:00+00:00,1789430400000,1563.5,1579.41,1556.21,1572.12,21287.0,33435302.17
2026-09-15 01:00:00+00:00,1789434000000,1571.59,1577.61,1563.33,1570.11,12628.0,19843283.26
2026-09-15 02:00:00+00:00,1789437600000,1570.22,1576.86,1567.8,1575.0,9326.0,14671681.63
2026-09-15 03:00:00+00:00,1789441200000,1574.36,1574.4,1564.8,1564.97,6117.0,9600284.76
2026-09-15 04:00:00+00:00,1789444800000,1564.8,1568.99,1556.8,1557.19,5822.0,9096223.68
2026-09-15 05:00:00+00:00,1789448400000,1557.12,1565.44,1551.02,1560.55,11518.0,17942484.74
2026-09-15 06:00:00+00:00,1789452000000,1561.08,1563.5,1556.6,1560.35,3674.0,5731045.99
2026-09-15 07:00:00+00:00,1789455600000,1560.35,1564.71,1558.0,1562.8,4661.0,7280176.94
2026-09-15 08:00:00+00:00,1789459200000,1556.86,1569.0,1546.11,1551.58,57207.922885,89146962.07640046
2026-09-15 09:00:00+00:00,1789462800000,1551.5,1563.79,1548.1,1562.0,13838.190181,21534290.354246523
2026-09-15 10:00:00+00:00,1789466400000,1562.0,1570.0,1561.075,1565.59,19272.122626,30172506.524978187
2026-09-15 11:00:00+00:00,1789470000000,1565.32,1574.21,1564.3875,1570.83,83943.983731,131714793.9051095
2026-09-15 12:00:00+00:00,1789473600000,1570.0,1574.21,1562.0,1570.845,53156.399977,83421700.02778369
2026-09-15 13:00:00+00:00,1789477200000,1570.0,1579.99,1546.15,1557.395,1409247.590402,2199316792.4601803
2026-09-15 14:00:00+00:00,1789480800000,1557.0,1568.06,1540.0,1542.76,1374276.056786,2139659720.4027464
2026-09-15 15:00:00+00:00,1789484400000,1542.62,1545.1989,1528.0,1530.21,930347.999556,1429890922.3304963
2026-09-15 16:00:00+00:00,1789488000000,1530.865,1535.97,1516.0,1530.97,923597.439808,1408713186.030604
2026-09-15 17:00:00+00:00,1789491600000,1531.19,1537.8133,1522.25,1523.16,592683.905781,907440332.6683226
2026-09-15 18:00:00+00:00,1789495200000,1523.63,1524.15,1509.1401,1516.12,702456.609659,1065192365.4718144
2026-09-15 19:00:00+00:00,1789498800000,1516.0462,1535.885,1515.52,1530.895,1088399.757028,1662436430.0489273
2026-09-15 20:00:00+00:00,1789502400000,1530.895,1533.0,1526.96,1529.0,300766.666093,460429808.64014167
2026-09-15 21:00:00+00:00,1789506000000,1529.0,1529.4,1526.36,1527.9181,20606.779346,31489807.75297744
2026-09-15 22:00:00+00:00,1789509600000,1528.05,1531.0,1526.85,1529.5,11736.48424,17951285.788871188
2026-09-15 23:00:00+00:00,1789513200000,1529.9363,1529.9999,1525.74,1526.56,15427.57669,23567394.791892625
2026-09-16 00:00:00+00:00,1789516800000,1526.71,1537.05,1524.42,1533.99,10434.0,15988519.97
2026-09-16 01:00:00+00:00,1789520400000,1533.5,1533.52,1515.17,1515.93,10638.0,16203824.3
2026-09-16 02:00:00+00:00,1789524000000,1515.7,1530.29,1515.45,1529.97,13730.0,20892391.14
2026-09-16 03:00:00+00:00,1789527600000,1529.99,1536.41,1529.99,1535.84,13682.0,20982974.88
2026-09-16 04:00:00+00:00,1789531200000,1536.08,1544.44,1533.83,1533.83,11399.0,17542896.94
2026-09-16 05:00:00+00:00,1789534800000,1533.83,1540.15,1531.55,1537.83,8579.0,13187164.87
2026-09-16 06:00:00+00:00,1789538400000,1538.7,1545.0,1537.5,1544.65,13029.0,20092473.16
2026-09-16 07:00:00+00:00,1789542000000,1544.01,1548.79,1543.05,1546.14,10154.0,15701221.98
2026-09-16 08:00:00+00:00,1789545600000,1540.74,1551.0,1531.67,1544.2,109441.399826,169042931.21130016
2026-09-16 09:00:00+00:00,1789549200000,1543.85,1547.0,1542.05,1545.35,12575.042058,19422736.179682896
2026-09-16 10:00:00+00:00,1789552800000,1545.0,1545.0,1539.4147,1543.65,17766.214831,27397064.896200582
2026-09-16 11:00:00+00:00,1789556400000,1542.98,1552.5,1540.66,1549.0,66327.847934,102538655.0247941
2026-09-16 12:00:00+00:00,1789560000000,1548.8,1551.29,1540.0,1547.0,52296.379444,80879790.5681446
2026-09-16 13:00:00+00:00,1789563600000,1546.73,1560.5799,1519.5422,1529.765,1234500.317119,1893882374.1574128
2026-09-16 14:00:00+00:00,1789567200000,1529.85,1550.925,1521.51,1538.005,1113747.281731,1714239393.3007066
2026-09-16 15:00:00+00:00,1789570800000,1538.015,1544.0,1528.48,1529.33,524396.97849,805893545.9840214
2026-09-16 16:00:00+00:00,1789574400000,1529.1524,1536.9799,1525.0,1533.165,440566.032539,674095714.3247432
2026-09-16 17:00:00+00:00,1789578000000,1533.6,1536.57,1527.5478,1535.3,371358.487236,568525729.9631102
2026-09-16 18:00:00+00:00,1789581600000,1533.0,1550.8756,1519.0,1527.805,1536422.0,2357746977.1103
2026-09-16 19:00:00+00:00,1789585200000,1527.8882,1538.3946,1504.2,1519.97,1580203.0,2400590159.6903
2026-09-16 20:00:00+00:00,1789588800000,1520.25,1529.0,1515.8,1525.0,95342.0,145017126.0022
2026-09-16 21:00:00+00:00,1789592400000,1526.6,1529.79,1525.0,1525.3959,31463.760703,48053305.6993378
2026-09-16 22:00:00+00:00,1789596000000,1525.49,1534.0,1523.2635,1533.93,36565.859522,55951216.48407204
2026-09-16 23:00:00+00:00,1789599600000,1533.92,1544.0,1533.44,1538.49,46381.543939,71380497.77148658
2026-09-17 00:00:00+00:00,1789603200000,1540.0,1545.25,1532.05,1536.7,12762.0,19642484.98
2026-09-17 01:00:00+00:00,1789606800000,1536.85,1541.49,1532.0,1533.95,9725.0,14949671.33
2026-09-17 02:00:00+00:00,1789610400000,1534.05,1535.58,1528.05,1530.04,8406.0,12869067.39
2026-09-17 03:00:00+00:00,1789614000000,1530.04,1536.28,1528.81,1535.61,4940.0,7568203.95
2026-09-17 04:00:00+00:00,1789617600000,1535.61,1539.54,1534.0,1534.61,5801.0,8915117.19
2026-09-17 05:00:00+00:00,1789621200000,1534.91,1534.91,1527.5,1527.5,8677.0,13278731.62
2026-09-17 06:00:00+00:00,1789624800000,1527.45,1533.04,1527.42,1532.53,4194.0,6419077.96
2026-09-17 07:00:00+00:00,1789628400000,1532.32,1540.5,1531.94,1537.75,13358.0,20538753.36
2026-09-17 08:00:00+00:00,1789632000000,1537.0,1546.7647,1527.23,1545.24,70527.600838,108530182.80674246
2026-09-17 09:00:00+00:00,1789635600000,1546.89,1549.68,1542.0,1544.0,22898.579761,35411299.799823
2026-09-17 10:00:00+00:00,1789639200000,1544.82,1549.1,1542.4,1547.94,17222.198469,26640272.898967206
2026-09-17 11:00:00+00:00,1789642800000,1547.975,1556.4218,1547.27,1552.94,75500.897055,117205611.25526516
2026-09-17 12:00:00+00:00,1789646400000,1551.3,1573.0,1550.0,1570.0,175363.291602,274341867.9854525
2026-09-17 13:00:00+00:00,1789650000000,1570.0,1625.355,1564.5,1614.46,2467301.353727,3955363817.9437833
2026-09-17 14:00:00+00:00,1789653600000,1615.0,1616.58,1580.1,1603.1308,1828907.0,2923184065.7424
2026-09-17 15:00:00+00:00,1789657200000,1603.94,1612.97,1598.02,1598.1524,686738.014764,1103231212.85182
2026-09-17 16:00:00+00:00,1789660800000,1598.0001,1600.0,1587.0146,1589.322,576541.486004,918275153.2933404
2026-09-17 17:00:00+00:00,1789664400000,1589.17,1598.0,1587.6712,1594.6625,431234.6099,687123491.5595222
2026-09-17 18:00:00+00:00,1789668000000,1594.934,1610.65,1591.06,1610.0607,613806.07314,983378304.8600105
2026-09-17 19:00:00+00:00,1789671600000,1610.24,1619.0099,1603.79,1614.39,1351089.819139,2177879244.202473
2026-09-17 20:00:00+00:00,1789675200000,1614.39,1620.0,1603.8441,1611.05,628751.1496840001,1014965171.004792
2026-09-17 21:00:00+00:00,1789678800000,1612.0,1616.6002,1611.59,1614.0,36916.292846,59591093.99883399
2026-09-17 22:00:00+00:00,1789682400000,1614.319,1614.3636,1610.35,1614.0,23746.643878,38283953.57421732
2026-09-17 23:00:00+00:00,1789686000000,1613.63,1616.0,1611.5,1615.9,24705.739812,39887009.132942334
2026-09-18 00:00:00+00:00,1789689600000,1615.85,1620.07,1605.0,1608.09,15439.0,24896720.39
2026-09-18 01:00:00+00:00,1789693200000,1608.39,1611.72,1605.0,1607.03,6767.0,10880080.8
2026-09-18 02:00:00+00:00,1789696800000,1607.58,1614.13,1606.0,1611.37,4028.0,6487053.93
2026-09-18 03:00:00+00:00,1789700400000,1611.31,1626.91,1610.35,1626.3,19687.0,31899513.56
2026-09-18 04:00:00+00:00,1789704000000,1626.26,1636.73,1625.75,1634.75,33365.0,54436020.79
2026-09-18 05:00:00+00:00,1789707600000,1634.81,1636.6,1629.33,1630.33,21879.0,35732737.8
2026-09-18 06:00:00+00:00,1789711200000,1630.55,1647.82,1630.25,1645.74,25084.0,41134362.0
2026-09-18 07:00:00+00:00,1789714800000,1645.36,1649.97,1643.0,1644.69,19839.0,32673875.22
2026-09-18 08:00:00+00:00,1789718400000,1641.01,1650.0,1625.72,1642.52,176647.757081,290442743.613611
2026-09-18 09:00:00+00:00,1789722000000,1642.33,1642.74,1630.5953,1637.01,30652.523761,50206252.97138021
2026-09-18 10:00:00+00:00,1789725600000,1637.69,1645.0,1637.0,1639.49,19051.775409,31262476.264375944
2026-09-18 11:00:00+00:00,1789729200000,1640.0,1647.0,1635.31,1639.0,83314.682511,136678827.73310876
2026-09-18 12:00:00+00:00,1789732800000,1639.0,1640.0,1616.5,1617.57,150271.239105,244488194.3389072
2026-09-18 13:00:00+00:00,1789736400000,1617.5,1699.28,1613.54,1695.7675,2487250.814436,4124289659.19468
2026-09-18 14:00:00+00:00,1789740000000,1695.7718,1720.69,1685.71,1717.2476,3308028.04136,5630645274.612751
2026-09-18 15:00:00+00:00,1789743600000,1717.27,1728.0,1709.0,1721.43,1500958.892356,2579274759.7518063
2026-09-18 16:00:00+00:00,1789747200000,1722.0,1745.0,1721.21,1739.0,1531304.88143,2656883179.165144
2026-09-18 17:00:00+00:00,1789750800000,1738.87,1745.97,1736.33,1743.77,869313.193622,1514038814.460071
2026-09-18 18:00:00+00:00,1789754400000,1745.0,1745.8,1732.25,1740.805,904351.515246,1572585134.3187728
2026-09-18 19:00:00+00:00,1789758000000,1740.81,1797.0,1732.06,1791.82,3103505.893878,5489139677.100105
2026-09-18 20:00:00+00:00,1789761600000,1791.82,1796.0,1784.26,1790.61,4020011.837703,7199009655.187858
2026-09-18 21:00:00+00:00,1789765200000,1791.0,1798.8,1790.5,1794.65,94284.186785,169273842.8483586
2026-09-18 22:00:00+00:00,1789768800000,1794.7503,1796.45,1792.0,1792.13,43219.941542,77553862.03373113
2026-09-18 23:00:00+00:00,1789772400000,1792.06,1798.0,1792.0,1797.999,57958.209951,104034720.54931244
2026-09-19 00:00:00+00:00,1789776000000,1798.07,1798.29,1792.55,1793.05,9.48863,17044.9741561
2026-09-19 01:00:00+00:00,1789779600000,1793.05,1793.05,1783.52,1783.52,13.44458,24028.5353921
2026-09-19 02:00:00+00:00,1789783200000,1783.51,1783.51,1775.98,1777.32,14.37758,25587.5778188
2026-09-19 03:00:00+00:00,1789786800000,1777.85,1783.25,1777.01,1782.71,17.7066,31521.5803938
2026-09-19 04:00:00+00:00,1789790400000,1783.3,1783.3,1779.17,1779.46,6.42266,11438.1098213
2026-09-19 05:00:00+00:00,1789794000000,1779.45,1780.18,1778.17,1778.17,3.72792,6631.8977674
2026-09-19 06:00:00+00:00,1789797600000,1778.56,1780.4,1778.56,1779.92,2.54801,4535.627488
2026-09-19 07:00:00+00:00,1789801200000,1780.46,1782.73,1780.46,1781.79,11.75761,20948.3780797
2026-09-19 08:00:00+00:00,1789804800000,1781.69,1781.69,1780.06,1780.06,11.48091,20448.1621784
2026-09-19 09:00:00+00:00,1789808400000,1781.48,1781.48,1781.48,1781.48,0.01426,25.4039048
2026-09-19 10:00:00+00:00,1789812000000,1781.49,1784.68,1781.48,1783.21,20.58196,36681.8602771
2026-09-19 11:00:00+00:00,1789815600000,1783.6,1783.64,1783.6,1783.64,0.14741,262.9255763
2026-09-19 12:00:00+00:00,1789819200000,1783.64,1783.65,1781.45,1781.45,2.35779,4200.6703402
2026-09-19 13:00:00+00:00,1789822800000,1781.81,1781.81,1781.41,1781.8,0.08648,154.0836724
2026-09-19 14:00:00+00:00,1789826400000,1781.69,1781.81,1780.92,1780.92,6.21078,11062.4246339
2026-09-19 15:00:00+00:00,1789830000000,1780.74,1782.1,1780.37,1780.49,5.6961,10144.7938313
2026-09-19 16:00:00+00:00,1789833600000,1780.33,1780.87,1779.82,1779.82,1.27727,2273.9438058
2026-09-19 17:00:00+00:00,1789837200000,1781.5,1781.86,1778.34,1778.34,14.07959,25050.9201583
2026-09-19 18:00:00+00:00,1789840800000,1779.34,1779.89,1778.42,1779.89,4.10427,7303.6376784
2026-09-19 19:00:00+00:00,1789844400000,1779.88,1781.11,1779.88,1781.11,6.68129,11895.5006503
2026-09-19 20:00:00+00:00,1789848000000,1781.11,1783.87,1780.79,1783.87,13.53847,24123.0614291
2026-09-19 21:00:00+00:00,1789851600000,1783.87,1784.78,1783.18,1783.45,1.09858,1959.7087766
2026-09-19 22:00:00+00:00,1789855200000,1783.17,1783.17,1782.85,1782.85,0.47352,844.3316217
2026-09-19 23:00:00+00:00,1789858800000,1782.65,1782.65,1782.64,1782.64,0.05609,99.9887776
2026-09-20 00:00:00+00:00,1789862400000,1782.64,1783.84,1781.8,1783.84,14.1638,25248.5818479
2026-09-20 02:00:00+00:00,1789869600000,1781.4,1781.54,1767.2,1767.2,24.31977,43186.4494787
2026-09-20 03:00:00+00:00,1789873200000,1767.11,1769.84,1760.85,1767.97,35.10025,61997.2018158
2026-09-20 04:00:00+00:00,1789876800000,1767.73,1767.73,1767.6,1767.6,4.09226,7233.4906021
2026-09-20 05:00:00+00:00,1789880400000,1767.57,1767.57,1767.51,1767.51,0.07648,135.1822954
2026-09-20 06:00:00+00:00,1789884000000,1767.5,1767.5,1767.05,1767.15,2.35663,4165.0442375
2026-09-20 08:00:00+00:00,1789891200000,1767.77,1767.77,1767.04,1767.04,0.18204,321.6761299
2026-09-20 09:00:00+00:00,1789894800000,1767.57,1767.79,1767.18,1767.38,5.04584,8919.5665277
2026-09-20 10:00:00+00:00,1789898400000,1767.37,1767.37,1766.59,1766.59,2.14184,3785.147404
2026-09-20 11:00:00+00:00,1789902000000,1766.59,1767.62,1766.59,1766.89,0.10139,179.13693
2026-09-20 12:00:00+00:00,1789905600000,1767.38,1767.38,1767.38,1767.38,0.00622,10.9931036
2026-09-20 13:00:00+00:00,1789909200000,1767.38,1767.38,1765.96,1765.96,2.27142,4012.9698085
2026-09-20 14:00:00+00:00,1789912800000,1765.8,1765.8,1765.8,1765.8,1.8852,3328.88616
2026-09-20 15:00:00+00:00,1789916400000,1767.07,1778.03,1765.8,1778.03,30.07535,53245.2153172
2026-09-20 16:00:00+00:00,1789920000000,1777.0,1777.65,1774.31,1774.94,9.42402,16733.9932881
2026-09-20 17:00:00+00:00,1789923600000,1775.38,1775.81,1773.43,1773.43,7.94979,14102.0473408
2026-09-20 18:00:00+00:00,1789927200000,1773.36,1773.36,1770.12,1770.12,9.34014,16545.1720697
2026-09-20 19:00:00+00:00,1789930800000,1770.87,1771.87,1770.87,1771.87,3.7048,6562.396596
2026-09-20 20:00:00+00:00,1789934400000,1771.87,1772.52,1771.87,1772.52,3.93523,6973.6725413
2026-09-20 21:00:00+00:00,1789938000000,1773.07,1773.07,1773.07,1773.07,0.00635,11.2589945
2026-09-20 22:00:00+00:00,1789941600000,1773.07,1787.59,1773.07,1787.59,47.41055,84413.9087043
2026-09-20 23:00:00+00:00,1789945200000,1787.59,1788.35,1787.59,1788.35,0.94899,1696.9203835
2026-09-21 00:00:00+00:00,1789948800000,1796.78,1814.33,1792.0,1809.75,56083.0,101292921.62
2026-09-21 01:00:00+00:00,1789952400000,1809.7,1813.0,1797.65,1797.8,38528.0,69602982.25
2026-09-21 02:00:00+00:00,1789956000000,1797.81,1804.82,1797.22,1802.1,11532.0,20779970.87
2026-09-21 03:00:00+00:00,1789959600000,1802.1,1805.99,1801.85,1802.0,11336.0,20448757.04
2026-09-21 04:00:00+00:00,1789963200000,1802.0,1802.4,1793.8,1794.21,16682.0,29988600.05
2026-09-21 05:00:00+00:00,1789966800000,1794.11,1794.99,1778.22,1791.06,29471.0,52665053.07
2026-09-21 06:00:00+00:00,1789970400000,1791.49,1800.35,1791.07,1800.35,11929.0,21428186.48
2026-09-21 07:00:00+00:00,1789974000000,1800.21,1805.65,1796.1,1804.99,9918.0,17861999.78
2026-09-21 08:00:00+00:00,1789977600000,1800.0,1823.585,1778.0,1822.41,208847.930297,378095492.00063175
2026-09-21 09:00:00+00:00,1789981200000,1823.5,1824.38,1815.7,1816.4,45605.215071,82991067.82991564
2026-09-21 10:00:00+00:00,1789984800000,1816.7,1821.0,1813.02,1813.54,36039.053168,65481640.73852359
2026-09-21 11:00:00+00:00,1789988400000,1813.5,1819.0,1798.0,1808.22,128792.757626,232819963.70048907
2026-09-21 12:00:00+00:00,1789992000000,1808.975,1818.88,1807.11,1812.47,110647.894895,200645960.410274
2026-09-21 13:00:00+00:00,1789995600000,1812.18,1834.49,1778.96,1778.96,2369468.203912,4273958861.540727
2026-09-21 14:00:00+00:00,1789999200000,1779.01,1796.26,1767.14,1781.91,1948276.794688,3467958160.3680124
2026-09-21 15:00:00+00:00,1790002800000,1782.49,1784.731,1761.0,1761.16,1263397.710727,2239014277.103097
2026-09-21 16:00:00+00:00,1790006400000,1761.22,1776.99,1745.0617,1751.395,1075796.389229,1895403141.9802587
2026-09-21 17:00:00+00:00,1790010000000,1751.69,1753.8,1737.0101,1740.0,774280.439114,1349940334.6127205
2026-09-21 18:00:00+00:00,1790013600000,1739.96,1767.14,1738.05,1766.73,833605.032331,1461680797.498829
2026-09-21 19:00:00+00:00,1790017200000,1766.84,1776.18,1743.77,1766.64,1130326.001518,1990272070.4769888
2026-09-21 20:00:00+00:00,1790020800000,1766.64,1772.37,1760.52,1763.6,116520.0,205844275.1711
2026-09-21 21:00:00+00:00,1790024400000,1763.8047,1771.88,1762.8,1771.0,40087.188515,70802939.29840536
2026-09-21 22:00:00+00:00,1790028000000,1771.0,1775.0,1768.3,1774.0001,30128.432892,53416170.56042767
2026-09-21 23:00:00+00:00,1790031600000,1774.9151,1779.0,1774.0,1776.3436,35507.348477,63112528.82774037
2026-09-22 00:00:00+00:00,1790035200000,1789.55,1794.26,1774.51,1789.43,32484.0,58073231.29
2026-09-22 01:00:00+00:00,1790038800000,1789.42,1791.39,1781.97,1781.97,11237.0,20074435.73
2026-09-22 02:00:00+00:00,1790042400000,1781.98,1791.47,1781.97,1790.29,8602.0,15383961.26
2026-09-22 03:00:00+00:00,1790046000000,1790.62,1791.78,1786.87,1786.87,4979.0,8910699.8
2026-09-22 04:00:00+00:00,1790049600000,1786.86,1788.0,1761.3,1763.5,19575.0,34694414.23
2026-09-22 05:00:00+00:00,1790053200000,1762.8,1774.5,1754.04,1765.09,25760.0,45401533.17
2026-09-22 06:00:00+00:00,1790056800000,1766.37,1767.97,1756.97,1759.59,10198.0,17960130.02
2026-09-22 07:00:00+00:00,1790060400000,1759.2,1764.25,1757.86,1761.4,5949.0,10474685.77
2026-09-22 08:00:00+00:00,1790064000000,1761.97,1787.66,1741.0825,1760.68,145427.366866,255585404.23819488
2026-09-22 09:00:00+00:00,1790067600000,1759.75,1779.8231,1754.01,1775.94,28803.639998,50881968.80061477
2026-09-22 10:00:00+00:00,1790071200000,1776.32,1776.57,1765.68,1769.23,31446.327865,55684231.01861611
2026-09-22 11:00:00+00:00,1790074800000,1769.31,1774.99,1752.99,1755.46,59293.24305,104425331.55742157
2026-09-22 12:00:00+00:00,1790078400000,1756.16,1764.96,1750.3,1756.95,52983.655056,93135945.16793051
2026-09-22 13:00:00+00:00,1790082000000,1757.0,1909.48,1752.0,1899.21,2907753.398479,5426629070.929456
2026-09-22 14:00:00+00:00,1790085600000,1897.39,1901.0,1855.5006,1858.1001,2589189.878685,4869147544.081364
2026-09-22 15:00:00+00:00,1790089200000,1859.27,1869.73,1835.02,1869.73,1452102.113392,2690270744.914969
2026-09-22 16:00:00+00:00,1790092800000,1869.375,1890.919,1869.375,1887.515,1200050.005337,2260156562.0230174
2026-09-22 17:00:00+00:00,1790096400000,1887.3,1896.87,1880.5401,1885.6,807096.263112,1524141318.5677328
2026-09-22 18:00:00+00:00,1790100000000,1885.5125,1895.5,1880.9281,1888.57,573915.673749,1083528359.8504348
2026-09-22 19:00:00+00:00,1790103600000,1888.53,1899.715,1881.11,1887.04,1203620.810203,2276787874.3910246
2026-09-22 20:00:00+00:00,1790107200000,1887.04,1887.77,1877.12,1883.12,172741.026909,325150200.3740764
2026-09-22 21:00:00+00:00,1790110800000,1883.2818,1883.97,1880.0,1882.33,20951.830387,39430432.572837934
2026-09-22 22:00:00+00:00,1790114400000,1882.33,1893.5,1882.33,1890.65,48117.087148,90850349.46138975
2026-09-22 23:00:00+00:00,1790118000000,1892.98,1898.88,1891.0,1898.69,49808.144778,94343381.1559528
2026-09-23 00:00:00+00:00,1790121600000,1892.87,1899.0,1880.0,1880.91,17945.0,33885734.59
2026-09-23 01:00:00+00:00,1790125200000,1880.63,1889.01,1873.31,1873.68,17972.0,33785860.46
2026-09-23 02:00:00+00:00,1790128800000,1873.67,1879.38,1871.02,1878.28,10808.0,20271451.68
2026-09-23 03:00:00+00:00,1790132400000,1878.0,1878.47,1875.34,1877.37,5772.0,10833613.42
2026-09-23 04:00:00+00:00,1790136000000,1877.3,1886.91,1877.15,1880.0,9844.0,18539662.51
2026-09-23 05:00:00+00:00,1790139600000,1880.52,1884.8,1876.54,1881.11,5113.0,9614911.5
2026-09-23 06:00:00+00:00,1790143200000,1881.51,1892.0,1881.36,1885.86,8334.0,15725316.87
2026-09-23 07:00:00+00:00,1790146800000,1886.51,1887.29,1882.82,1885.5,5481.0,10332667.83
2026-09-23 08:00:00+00:00,1790150400000,1876.0,1892.0,1873.0,1876.02,70961.042194,133563354.01051731
2026-09-23 09:00:00+00:00,1790154000000,1876.9,1883.97,1874.88,1880.02,12232.087079,22997097.68316436
2026-09-23 10:00:00+00:00,1790157600000,1880.0,1884.95,1879.0,1884.71,18144.001804,34137280.39671579
2026-09-23 11:00:00+00:00,1790161200000,1884.23,1887.04,1856.0,1865.0,117581.681743,219710382.0969352
2026-09-23 12:00:00+00:00,1790164800000,1863.2,1883.93,1857.0482,1881.0,118121.799625,221041361.8251844
2026-09-23 13:00:00+00:00,1790168400000,1880.5,1902.22,1841.0,1854.995,1700699.661033,3170229451.054831
2026-09-23 14:00:00+00:00,1790172000000,1855.98,1862.11,1823.06,1841.06,1937478.021425,3563266299.3911405
2026-09-23 15:00:00+00:00,1790175600000,1841.53,1846.0,1823.31,1830.965,752816.489931,1382105876.7132847
2026-09-23 16:00:00+00:00,1790179200000,1831.48,1833.665,1813.34,1815.44,693755.36986,1265493045.394287
2026-09-23 17:00:00+00:00,1790182800000,1816.4,1831.9599,1810.1101,1830.39,632003.667293,1150450335.4611785
2026-09-23 18:00:00+00:00,1790186400000,1830.19,1831.69,1812.1703,1814.055,457756.137203,834417225.4882104
2026-09-23 19:00:00+00:00,1790190000000,1812.82,1822.9999,1803.67,1816.57,962284.058905,1746502834.460225
2026-09-23 20:00:00+00:00,1790193600000,1816.08,1827.7122,1815.0,1820.48,500862.925543,909569620.0423037
2026-09-23 21:00:00+00:00,1790197200000,1820.47,1822.0,1819.0001,1821.0,15658.090899,28512144.82131814
2026-09-23 22:00:00+00:00,1790200800000,1821.41,1829.0,1816.57,1825.5,26315.104588,48032520.867380165
2026-09-23 23:00:00+00:00,1790204400000,1826.0,1828.0,1818.18,1818.18,19335.43605,35267838.63583297
2026-09-24 00:00:00+00:00,1790208000000,1874.51,1874.51,1802.43,1806.2,19781.0,35821333.71
2026-09-24 01:00:00+00:00,1790211600000,1806.18,1809.25,1800.99,1804.67,25973.0,46871085.49
2026-09-24 02:00:00+00:00,1790215200000,1805.0,1811.27,1800.0,1809.51,10448.0,18863363.95
2026-09-24 03:00:00+00:00,1790218800000,1809.26,1809.82,1800.87,1803.48,7149.0,12891656.46
2026-09-24 04:00:00+00:00,1790222400000,1803.47,1803.47,1782.25,1785.51,28463.0,50907708.27
2026-09-24 05:00:00+00:00,1790226000000,1786.0,1795.49,1778.9,1779.23,15807.0,28254686.81
2026-09-24 06:00:00+00:00,1790229600000,1779.05,1782.0,1772.01,1773.04,25479.0,45259361.14
2026-09-24 07:00:00+00:00,1790233200000,1773.0,1787.98,1771.74,1780.0,16726.0,29781139.35
2026-09-24 08:00:00+00:00,1790236800000,1787.74,1802.55,1751.3057,1763.0,223802.754837,397232351.12353694
2026-09-24 09:00:00+00:00,1790240400000,1762.89,1766.47,1755.12,1764.21,49921.487655,87945215.86817276
2026-09-24 10:00:00+00:00,1790244000000,1764.41,1774.0,1761.61,1773.6,49108.890134,86844378.76034383
2026-09-24 11:00:00+00:00,1790247600000,1772.93,1785.0,1769.0,1774.31,87979.059464,156198126.1190082
2026-09-24 12:00:00+00:00,1790251200000,1774.5,1789.4625,1768.0334,1774.15,108739.370943,193318343.51002887
2026-09-24 13:00:00+00:00,1790254800000,1774.75,1802.99,1745.865,1766.99,1668942.834943,2960582343.6782856
2026-09-24 14:00:00+00:00,1790258400000,1767.45,1800.0,1765.0101,1769.3,1040676.967706,1855982230.9624977
2026-09-24 15:00:00+00:00,1790262000000,1770.035,1770.4447,1755.63,1762.195,858549.767559,1514170576.596089
2026-09-24 16:00:00+00:00,1790265600000,1761.61,1784.4,1749.13,1773.68,1186415.923487,2094875538.4985583
2026-09-24 17:00:00+00:00,1790269200000,1772.61,1778.0,1742.1759,1747.6011,734245.194267,1292874337.6912873
2026-09-24 18:00:00+00:00,1790272800000,1747.76,1751.36,1726.39,1750.97,1020033.527596,1772728782.0625167
2026-09-24 19:00:00+00:00,1790276400000,1750.8,1756.91,1737.4601,1753.62,1004235.618024,1755485153.801551
2026-09-24 20:00:00+00:00,1790280000000,1753.62,1755.87,1742.57,1751.0,328325.410115,575592880.688282
2026-09-24 21:00:00+00:00,1790283600000,1752.4788,1760.16,1750.7901,1756.64,40265.678578,70717888.91976191
2026-09-24 22:00:00+00:00,1790287200000,1757.25,1759.0,1753.0,1757.95,28078.11111,49309478.51716782
2026-09-24 23:00:00+00:00,1790290800000,1758.2,1759.0,1753.0,1753.99,18408.541311,32352688.6106814
2026-09-25 00:00:00+00:00,1790294400000,1754.49,1764.08,1751.25,1763.0,10070.0,17723966.55
2026-09-25 01:00:00+00:00,1790298000000,1762.97,1783.0,1760.62,1777.0,30362.0,53892276.97
2026-09-25 02:00:00+00:00,1790301600000,1776.87,1782.0,1770.04,1771.0,11522.0,20463564.28
2026-09-25 03:00:00+00:00,1790305200000,1771.0,1778.76,1770.01,1778.5,8168.0,14497941.23
2026-09-25 04:00:00+00:00,1790308800000,1778.54,1778.77,1774.09,1775.62,4147.0,7368459.29
2026-09-25 05:00:00+00:00,1790312400000,1775.12,1782.51,1775.03,1782.16,8509.0,15138970.78
