datetime_utc,asset,fold,momentum_6h,short_reversal_3h,vol_norm_momentum_6h,distance_from_reference,weekend_dislocation_z,volatility_expansion,forward_return_1h,forward_return_3h
2026-06-27 06:00:00+00:00,DRAM,Fold_1,,,,,,,,
2026-06-27 07:00:00+00:00,DRAM,Fold_1,,,,,,,,
2026-06-27 08:00:00+00:00,DRAM,Fold_1,,,,,,,,
2026-06-27 09:00:00+00:00,DRAM,Fold_1,,,,,,,,
2026-06-27 10:00:00+00:00,DRAM,Fold_1,,,,,,,0.0002754441536978458,-0.00812560253408623
2026-06-27 11:00:00+00:00,DRAM,Fold_1,,,,,,,0.0001376841525542183,
2026-06-27 12:00:00+00:00,DRAM,Fold_1,,,,,,,-0.008535242290748979,
2026-06-27 13:00:00+00:00,DRAM,Fold_1,,0.00812560253408623,,,,,,
2026-06-27 14:00:00+00:00,DRAM,Fold_1,,,,,,,,
2026-06-27 15:00:00+00:00,DRAM,Fold_1,,,,,,,,
2026-06-27 16:00:00+00:00,DRAM,Fold_1,,,,,,,0.0,
2026-06-27 17:00:00+00:00,DRAM,Fold_1,,,,,,,,
2026-06-27 18:00:00+00:00,DRAM,Fold_1,,,,,,,,
2026-06-27 19:00:00+00:00,DRAM,Fold_1,,,,,,,,
2026-06-27 20:00:00+00:00,DRAM,Fold_1,,,,,,,,
2026-06-27 21:00:00+00:00,DRAM,Fold_1,,,,,,,,
2026-06-27 22:00:00+00:00,DRAM,Fold_1,,,,,,,,
2026-06-27 23:00:00+00:00,DRAM,Fold_1,,,,,,,,
2026-06-28 00:00:00+00:00,DRAM,Fold_1,,,,,,,0.005410654827968875,
2026-06-28 01:00:00+00:00,DRAM,Fold_1,,,,,,,0.00248378639437008,
2026-06-28 02:00:00+00:00,DRAM,Fold_1,,,,,,,,
2026-06-28 03:00:00+00:00,DRAM,Fold_1,,,,,,,,
2026-06-28 04:00:00+00:00,DRAM,Fold_1,,,,,,,,
2026-06-28 05:00:00+00:00,DRAM,Fold_1,,,,,,,,
2026-06-28 06:00:00+00:00,DRAM,Fold_1,,,,,,,,
2026-06-28 07:00:00+00:00,DRAM,Fold_1,,,,,,,,
2026-06-28 08:00:00+00:00,DRAM,Fold_1,,,,,,,0.001806810284920024,
2026-06-28 09:00:00+00:00,DRAM,Fold_1,,,,,,,,
2026-06-28 10:00:00+00:00,DRAM,Fold_1,,,,,,,,
2026-06-28 11:00:00+00:00,DRAM,Fold_1,,,,,,,-0.0020641254988303936,0.0044034677308379955
2026-06-28 12:00:00+00:00,DRAM,Fold_1,,,,,,,0.004274682846111544,0.007170435741864489
2026-06-28 13:00:00+00:00,DRAM,Fold_1,,,,,,,0.0021968968831524993,0.005904160373472633
2026-06-28 14:00:00+00:00,DRAM,Fold_1,,-0.0044034677308379955,,,,,0.0006850253459380617,0.0036991368680643344
2026-06-28 15:00:00+00:00,DRAM,Fold_1,,-0.007170435741864489,,,,,0.003012048192771122,
2026-06-28 16:00:00+00:00,DRAM,Fold_1,,-0.005904160373472633,,,,,0.0,
2026-06-28 17:00:00+00:00,DRAM,Fold_1,0.008118893628732637,-0.0036991368680643344,,,,,,
2026-06-28 18:00:00+00:00,DRAM,Fold_1,,,,,,,,
2026-06-28 19:00:00+00:00,DRAM,Fold_1,,,,,,,,
2026-06-28 20:00:00+00:00,DRAM,Fold_1,,,,,,,,
2026-06-28 21:00:00+00:00,DRAM,Fold_1,,,,,,,,
2026-06-28 22:00:00+00:00,DRAM,Fold_1,,,,,,,,
2026-06-28 23:00:00+00:00,DRAM,Fold_1,,,,,,,-0.02253366309425664,-0.03215169002473206
2026-06-29 00:00:00+00:00,DRAM,Fold_1,,,,,,,-0.004498172617374285,-0.0061849873488895035
2026-06-29 01:00:00+00:00,DRAM,Fold_1,,,,,,,-0.00536571589946333,
2026-06-29 02:00:00+00:00,DRAM,Fold_1,,0.03215169002473206,,,,,0.0036910846110165263,
2026-06-29 03:00:00+00:00,DRAM,Fold_1,,0.0061849873488895035,,,,,,
2026-07-04 04:00:00+00:00,DRAM,Fold_1,,,,0.0024420024420026554,0.3926085594110126,,-0.002283800243605416,
2026-07-04 05:00:00+00:00,DRAM,Fold_1,,,,0.00015262515262515208,0.019207093921784057,,0.0018312223409127082,
2026-07-04 06:00:00+00:00,DRAM,Fold_1,,-0.001984126984127199,,0.001984126984127199,0.22385196970491023,0.7232032074300029,,
2026-07-04 07:00:00+00:00,DRAM,Fold_1,,,,,,0.6773767517614069,,
2026-07-04 08:00:00+00:00,DRAM,Fold_1,,,,0.0007631257631257604,0.06464724127354346,,-0.0007625438462711687,
2026-07-04 09:00:00+00:00,DRAM,Fold_1,,,,0.0,0.0,,0.0006105006105006083,
2026-07-04 10:00:00+00:00,DRAM,Fold_1,,,,0.0006105006105006083,0.04478690160304436,0.4301971783492806,,
2026-07-04 11:00:00+00:00,DRAM,Fold_1,,,,,,0.46337867853747017,,
2026-07-04 12:00:00+00:00,DRAM,Fold_1,,,,0.002136752136752129,0.20046848931469669,,-0.0018275967103257296,-0.011117879987815882
2026-07-04 13:00:00+00:00,DRAM,Fold_1,,,,0.0003052503052505262,,,0.000152578577967466,
2026-07-04 14:00:00+00:00,DRAM,Fold_1,,,,0.00045787545787545625,,,-0.00945842868039648,
2026-07-04 15:00:00+00:00,DRAM,Fold_1,,0.011117879987815882,,-0.009004884004883862,,,,
2026-07-04 16:00:00+00:00,DRAM,Fold_1,,,,,,,,
2026-07-04 17:00:00+00:00,DRAM,Fold_1,,,,-0.009310134310134277,,,,
2026-07-04 18:00:00+00:00,DRAM,Fold_1,,,,,,,,
2026-07-04 19:00:00+00:00,DRAM,Fold_1,,,,0.0022893772893772812,,,,
2026-07-04 20:00:00+00:00,DRAM,Fold_1,,,,,,,,
2026-07-04 21:00:00+00:00,DRAM,Fold_1,,,,,,,,
2026-07-04 22:00:00+00:00,DRAM,Fold_1,,,,0.0009157509157509125,,,-0.0003049710277522877,0.0013723696248857387
2026-07-04 23:00:00+00:00,DRAM,Fold_1,,,,0.0006105006105006083,,,0.0,
2026-07-05 00:00:00+00:00,DRAM,Fold_1,,,,0.0006105006105006083,,,0.001677852348993314,
2026-07-05 01:00:00+00:00,DRAM,Fold_1,,-0.0013723696248857387,,0.0022893772893772812,,,,
2026-07-05 02:00:00+00:00,DRAM,Fold_1,,,,,,,,
2026-07-05 03:00:00+00:00,DRAM,Fold_1,,,,0.003663003663003872,,,0.0,0.00060827250608253
2026-07-05 04:00:00+00:00,DRAM,Fold_1,,,,0.003663003663003872,,,-0.0006082725060828631,0.00060827250608253
2026-07-05 05:00:00+00:00,DRAM,Fold_1,,,,0.0030525030525030417,,,0.00121728545343891,
2026-07-05 06:00:00+00:00,DRAM,Fold_1,,-0.00060827250608253,,0.004273504273504258,,,0.0,
2026-07-05 07:00:00+00:00,DRAM,Fold_1,,-0.00060827250608253,,0.004273504273504258,,,,
2026-07-05 08:00:00+00:00,DRAM,Fold_1,,,,,,0.26575252206464417,,
2026-07-05 09:00:00+00:00,DRAM,Fold_1,,,,0.0027472527472529595,0.17407495295017816,0.26575252206464417,0.0006088280060880802,
2026-07-05 10:00:00+00:00,DRAM,Fold_1,,,,0.003357753357753346,,,-0.0024338302403407175,
2026-07-05 11:00:00+00:00,DRAM,Fold_1,,,,0.0009157509157509125,,,,
2026-07-05 12:00:00+00:00,DRAM,Fold_1,,,,,,0.5479335106014136,,
2026-07-05 13:00:00+00:00,DRAM,Fold_1,,,,0.0062576312576314574,0.3674303839772166,,-0.01547095404216614,-0.02153799484301533
2026-07-05 14:00:00+00:00,DRAM,Fold_1,,,,-0.009310134310134277,,,0.0,-0.0061623786781696
2026-07-05 15:00:00+00:00,DRAM,Fold_1,,,,-0.009310134310134277,,,-0.0061623786781696,
2026-07-05 16:00:00+00:00,DRAM,Fold_1,,0.02153799484301533,,-0.01541514041514025,,,0.0,
2026-07-05 17:00:00+00:00,DRAM,Fold_1,,0.0061623786781696,,-0.01541514041514025,-0.524603880632374,1.4251112429338662,,
2026-07-05 18:00:00+00:00,DRAM,Fold_1,,,,,,1.5924160420509414,,
2026-07-05 19:00:00+00:00,DRAM,Fold_1,,,,0.004731379731379715,0.16295747130491386,1.5924160420509414,,
2026-07-05 20:00:00+00:00,DRAM,Fold_1,,,,,,1.5924160420509414,,
2026-07-05 21:00:00+00:00,DRAM,Fold_1,,,,0.0027472527472529595,0.09234012085199234,,-0.018112633181126325,
2026-07-05 22:00:00+00:00,DRAM,Fold_1,,,,-0.01541514041514025,-0.5120704617057639,,,
2026-07-05 23:00:00+00:00,DRAM,Fold_1,,,,,,,,
2026-07-06 00:00:00+00:00,DRAM,Fold_1,,,,0.01984126984126977,0.459298273369816,,-0.021999401376833316,-0.027985633043998703
2026-07-06 01:00:00+00:00,DRAM,Fold_1,,,,-0.0025946275946275854,-0.057450466545115306,,-0.013618974751338997,
2026-07-06 02:00:00+00:00,DRAM,Fold_1,,,,-0.016178266178266232,-0.2825752540711989,,0.007601613403661389,
2026-07-06 03:00:00+00:00,DRAM,Fold_1,,0.027985633043998703,,-0.008699633699633558,-0.15081455687439263,,,
2026-07-11 04:00:00+00:00,DRAM,Fold_1,-0.0006368412673141144,0.0023839796567068916,-0.053728537516215785,-0.001113940165499705,-0.2302031755347176,0.5861315004990105,0.0,-0.0003186235462800946
2026-07-11 05:00:00+00:00,DRAM,Fold_1,-0.0031761156106081545,0.00522979397781298,-0.27200525775010614,-0.001113940165499705,-0.16523554890627595,0.5483461290229542,0.0,0.0043014178747808884
2026-07-11 06:00:00+00:00,DRAM,Fold_1,-0.00349261787585331,0.001113940165499705,-0.34850713668206923,-0.001113940165499705,-0.15719454281867143,0.5580787183211688,-0.0003186235462800946,
2026-07-11 07:00:00+00:00,DRAM,Fold_1,-0.0027018436109345068,0.0003186235462800946,-0.29303165282783616,-0.0014322087842139064,-0.1902419504466758,0.6012875858135645,0.004621513944223166,
2026-07-11 08:00:00+00:00,DRAM,Fold_1,-0.0009508716323296529,-0.0043014178747808884,-0.10987117010130086,0.003182686187141792,0.40285272053025983,0.6366230276991596,,
2026-07-11 09:00:00+00:00,DRAM,Fold_1,,,,,,0.7836697737545623,,
2026-07-11 10:00:00+00:00,DRAM,Fold_1,,,,0.004296626352641608,0.47615801845377015,0.6664692946674453,0.0017429884328949985,0.0030106163840912803
2026-07-11 11:00:00+00:00,DRAM,Fold_1,,,,0.006047103755569605,0.6210806202760162,0.6880855034077641,0.002847200253084381,
2026-07-11 12:00:00+00:00,DRAM,Fold_1,,,,0.008911521323997418,0.8597146069505693,0.6548702629700278,-0.001577287066246047,
2026-07-11 13:00:00+00:00,DRAM,Fold_1,,-0.0030106163840912803,,0.007320178230426411,0.7885998010226482,0.7045865548533504,,
2026-07-11 14:00:00+00:00,DRAM,Fold_1,,,,,,0.889614189031154,,
2026-07-11 15:00:00+00:00,DRAM,Fold_1,,,,0.007638446849140612,0.7478080263987378,,-0.0006317119393556281,
2026-07-11 16:00:00+00:00,DRAM,Fold_1,,,,0.007001909611712209,0.6486072392488323,,0.0028445006321111688,
2026-07-11 17:00:00+00:00,DRAM,Fold_1,,,,0.009866327180140022,1.1155991280298114,0.8675237257600461,,
2026-07-11 18:00:00+00:00,DRAM,Fold_1,,,,,,0.9565620783312523,,
2026-07-11 19:00:00+00:00,DRAM,Fold_1,,,,,,,,
2026-07-11 20:00:00+00:00,DRAM,Fold_1,,,,,,,,
2026-07-11 21:00:00+00:00,DRAM,Fold_1,,,,,,,,
2026-07-11 22:00:00+00:00,DRAM,Fold_1,,,,,,,,
2026-07-11 23:00:00+00:00,DRAM,Fold_1,,,,-0.003819223424570417,-0.3752293518589232,,-0.0011182108626197618,
2026-07-12 00:00:00+00:00,DRAM,Fold_1,,,,-0.004933163590070011,-0.46920366927888546,,,
2026-07-12 01:00:00+00:00,DRAM,Fold_1,,,,,,,,
2026-07-12 02:00:00+00:00,DRAM,Fold_1,,,,-0.006047103755569716,-0.5280104334148982,,0.008805635606788265,
2026-07-12 03:00:00+00:00,DRAM,Fold_1,,,,0.002705283259070601,0.23220355566524847,,,
2026-07-12 04:00:00+00:00,DRAM,Fold_1,,,,,,,,
2026-07-12 05:00:00+00:00,DRAM,Fold_1,,,,-0.006206238064926817,,,,
2026-07-12 06:00:00+00:00,DRAM,Fold_1,,,,,,,,
2026-07-12 07:00:00+00:00,DRAM,Fold_1,,,,,,,,
2026-07-12 08:00:00+00:00,DRAM,Fold_1,,,,-0.0019096117122852085,,,,
2026-07-12 09:00:00+00:00,DRAM,Fold_1,,,,,,,,
2026-07-12 10:00:00+00:00,DRAM,Fold_1,,,,-0.002864417568427813,,,0.006064474944142972,0.005266517714650476
2026-07-12 11:00:00+00:00,DRAM,Fold_1,,,,0.003182686187141792,,,0.0001586294416242584,-0.00015862944162436943
2026-07-12 12:00:00+00:00,DRAM,Fold_1,,,,0.003341820496499004,,,-0.0009516256938936207,0.0022204599524187074
2026-07-12 13:00:00+00:00,DRAM,Fold_1,,-0.005266517714650476,,0.0023870146403563997,,,0.0006350214319732483,0.001905064295919967
2026-07-12 14:00:00+00:00,DRAM,Fold_1,,0.00015862944162436943,,0.0030235518777848025,,,0.0025384737426621395,-0.006028875138822776
2026-07-12 15:00:00+00:00,DRAM,Fold_1,,-0.0022204599524187074,,0.005569700827498414,,,-0.001266023104921632,0.003481563538534571
2026-07-12 16:00:00+00:00,DRAM,Fold_1,0.007181615065432467,-0.001905064295919967,,0.004296626352641608,,,-0.007288860719378842,
2026-07-12 17:00:00+00:00,DRAM,Fold_1,-0.006186548223350297,0.006028875138822776,,-0.0030235518777849135,,,0.012130885873902653,
2026-07-12 18:00:00+00:00,DRAM,Fold_1,0.0057097541633623905,-0.003481563538534571,,0.009070655633354407,,,,
2026-07-12 19:00:00+00:00,DRAM,Fold_1,,,,,,,,
2026-07-12 20:00:00+00:00,DRAM,Fold_1,,,,0.008434118395926005,,,0.0,-0.024143916679816857
2026-07-12 21:00:00+00:00,DRAM,Fold_1,,,,0.008434118395926005,,,-0.002367050654883962,-0.04734101309768024
2026-07-12 22:00:00+00:00,DRAM,Fold_1,,,,0.006047103755569605,,,-0.021828535273647476,-0.07118000632711163
2026-07-12 23:00:00+00:00,DRAM,Fold_1,,0.024143916679816857,,-0.015913430935709738,-0.45502116431766926,1.5654121778784085,-0.02377102199223813,-0.05902328589909456
2026-07-13 00:00:00+00:00,DRAM,Fold_1,,0.04734101309768024,,-0.0393061744112031,-0.7150538814146759,1.7155311438444625,-0.02733145602120257,-0.04638065264204072
2026-07-13 01:00:00+00:00,DRAM,Fold_1,,0.07118000632711163,,-0.06556333545512416,-0.9236276063582743,1.1984015955450735,-0.00902588555858308,
2026-07-13 02:00:00+00:00,DRAM,Fold_1,-0.08174214928199464,0.05902328589909456,-2.755862416800713,-0.07399745385105039,-0.8913637172595519,1.0609484113631584,-0.010654751675545637,
2026-07-13 03:00:00+00:00,DRAM,Fold_1,-0.09152595865551516,0.04638065264204072,-3.1817237036386596,-0.08386378103119041,-1.0307364216199326,1.0006958180015708,,
2026-07-18 04:00:00+00:00,DRAM,Fold_2,,,,,,0.3135454621945295,,
2026-07-18 05:00:00+00:00,DRAM,Fold_2,,,,0.006168080185042335,0.1924639316509789,,,
2026-07-18 06:00:00+00:00,DRAM,Fold_2,,,,,,,,
2026-07-18 07:00:00+00:00,DRAM,Fold_2,,,,,,,,
2026-07-18 08:00:00+00:00,DRAM,Fold_2,,,,,,,,
2026-07-18 09:00:00+00:00,DRAM,Fold_2,,,,,,,,
2026-07-18 10:00:00+00:00,DRAM,Fold_2,,,,0.006168080185042335,0.12192865872832208,,,
2026-07-18 11:00:00+00:00,DRAM,Fold_2,,,,,,,,
2026-07-18 12:00:00+00:00,DRAM,Fold_2,,,,,,,,
2026-07-18 13:00:00+00:00,DRAM,Fold_2,,,,0.021588280647648395,0.3620189616554467,,,
2026-07-18 14:00:00+00:00,DRAM,Fold_2,,,,,,,,
2026-07-18 15:00:00+00:00,DRAM,Fold_2,,,,0.0196607555898225,,,0.0,
2026-07-18 16:00:00+00:00,DRAM,Fold_2,,,,0.0196607555898225,,,,
2026-07-18 17:00:00+00:00,DRAM,Fold_2,,,,,,,,
2026-07-18 18:00:00+00:00,DRAM,Fold_2,,,,0.0196607555898225,,,,
2026-07-18 19:00:00+00:00,DRAM,Fold_2,,,,,,,,
2026-07-18 20:00:00+00:00,DRAM,Fold_2,,,,,,,,
2026-07-18 21:00:00+00:00,DRAM,Fold_2,,,,,,,,
2026-07-18 22:00:00+00:00,DRAM,Fold_2,,,,,,,,
2026-07-18 23:00:00+00:00,DRAM,Fold_2,,,,0.0196607555898225,,,-0.026465028355387443,
2026-07-19 00:00:00+00:00,DRAM,Fold_2,,,,-0.007324595219737939,,,,
2026-07-19 01:00:00+00:00,DRAM,Fold_2,,,,,,,,
2026-07-19 02:00:00+00:00,DRAM,Fold_2,,,,,,,,
2026-07-19 03:00:00+00:00,DRAM,Fold_2,,,,,,,,
2026-07-19 04:00:00+00:00,DRAM,Fold_2,,,,,,,,
2026-07-19 05:00:00+00:00,DRAM,Fold_2,,,,,,,,
2026-07-19 06:00:00+00:00,DRAM,Fold_2,,,,,,,,
2026-07-19 07:00:00+00:00,DRAM,Fold_2,,,,-0.005397070161912154,,,,
2026-07-19 08:00:00+00:00,DRAM,Fold_2,,,,,,,,
2026-07-19 09:00:00+00:00,DRAM,Fold_2,,,,,,,,
2026-07-19 10:00:00+00:00,DRAM,Fold_2,,,,0.0196607555898225,,,,
2026-07-19 11:00:00+00:00,DRAM,Fold_2,,,,,,,,
2026-07-19 12:00:00+00:00,DRAM,Fold_2,,,,,,,,
2026-07-19 13:00:00+00:00,DRAM,Fold_2,,,,-0.005397070161912154,,,0.025193798449612448,0.025193798449612448
2026-07-19 14:00:00+00:00,DRAM,Fold_2,,,,0.0196607555898225,,,0.0,
2026-07-19 15:00:00+00:00,DRAM,Fold_2,,,,0.0196607555898225,,,0.0,
2026-07-19 16:00:00+00:00,DRAM,Fold_2,,-0.025193798449612448,,0.0196607555898225,,,,
2026-07-19 17:00:00+00:00,DRAM,Fold_2,,,,,,,,
2026-07-19 18:00:00+00:00,DRAM,Fold_2,,,,,,,,
2026-07-19 19:00:00+00:00,DRAM,Fold_2,,,,,,,,
2026-07-19 20:00:00+00:00,DRAM,Fold_2,,,,0.0196607555898225,,,,
2026-07-19 21:00:00+00:00,DRAM,Fold_2,,,,,,,,
2026-07-19 22:00:00+00:00,DRAM,Fold_2,,,,0.0196607555898225,,,0.0,-0.005671077504725841
2026-07-19 23:00:00+00:00,DRAM,Fold_2,,,,0.0196607555898225,,,0.010775047258979153,0.001890359168241984
2026-07-20 00:00:00+00:00,DRAM,Fold_2,,,,0.030647648419429352,,,-0.01627080605947251,-0.009538058724518406
2026-07-20 01:00:00+00:00,DRAM,Fold_2,,0.005671077504725841,,0.013878180416345476,,,0.0076045627376426506,
2026-07-20 02:00:00+00:00,DRAM,Fold_2,,-0.001890359168241984,,0.021588280647648395,,,-0.0007547169811320531,
2026-07-20 03:00:00+00:00,DRAM,Fold_2,,0.009538058724518406,,0.02081727062451799,,,,
2026-07-25 04:00:00+00:00,DRAM,Fold_2,0.014161631419939535,-0.010156103065638522,0.5156567151667838,0.01858524559074537,1.657644207404262,0.4892845719786335,-0.0007447402718301355,-0.0005585552038727126
2026-07-25 05:00:00+00:00,DRAM,Fold_2,0.01580391785748092,-0.01724791508718737,0.5482561205859225,0.017826664138062,1.0711478850482627,0.7932187196538238,0.0,0.002422209800633457
2026-07-25 06:00:00+00:00,DRAM,Fold_2,0.017055144968732172,-0.017826664138062,0.5915763438316837,0.017826664138062,0.874461037443155,0.7810429928416962,0.00018632383081795822,0.0020495621389975405
2026-07-25 07:00:00+00:00,DRAM,Fold_2,0.009591875117547444,0.0005585552038727126,0.3330711829267986,0.018016309501232675,0.7662050449203296,0.7741945980003888,0.0022354694485842153,0.004098360655737654
2026-07-25 08:00:00+00:00,DRAM,Fold_2,0.019711902956785377,-0.002422209800633457,0.6888731289515974,0.020292053859283232,0.7768323832562722,0.7559730833861625,-0.00037174721189581206,0.0007434944237918462
2026-07-25 09:00:00+00:00,DRAM,Fold_2,0.019912763132941436,-0.0020495621389975405,0.6940254341592142,0.019912763132941436,0.6940254341592142,0.6464486662181821,0.002231312755671233,-0.0020453700260320007
2026-07-25 10:00:00+00:00,DRAM,Fold_2,0.0035375162911934765,-0.004098360655737654,0.12444856727023786,0.02218850749099177,0.7226801867703124,0.6508107548301652,-0.001113172541743923,-0.0044526901669759145
2026-07-25 11:00:00+00:00,DRAM,Fold_2,0.00316750512390529,-0.0007434944237918462,0.11149036610451228,0.021050635311966825,0.6416760864922925,0.11319821019918057,-0.0031575037147102414,
2026-07-25 12:00:00+00:00,DRAM,Fold_2,0.0,0.0020453700260320007,0.0,0.017826664138062,0.5247641315060418,0.12309975720581975,-0.00018632383081806925,
2026-07-25 13:00:00+00:00,DRAM,Fold_2,-0.00037257824143077656,0.0044526901669759145,-0.013513484100914418,0.017637018774890878,0.49550797528750123,0.1836201423028486,,
2026-07-25 14:00:00+00:00,DRAM,Fold_2,,,,,,0.26458838730113826,,
2026-07-25 15:00:00+00:00,DRAM,Fold_2,,,,0.022947088943675364,0.8355180421080326,0.2443420899365604,-0.0050055617352613435,
2026-07-25 16:00:00+00:00,DRAM,Fold_2,,,,0.017826664138062,0.6566290559420772,0.29680789713472333,,
2026-07-25 17:00:00+00:00,DRAM,Fold_2,,,,,,0.3052341573910269,,
2026-07-25 18:00:00+00:00,DRAM,Fold_2,,,,0.025602124028067497,0.9160903906371368,,0.0038831360946744997,
2026-07-25 19:00:00+00:00,DRAM,Fold_2,,,,0.029584676654655917,1.1722798500134868,,,
2026-07-25 20:00:00+00:00,DRAM,Fold_2,,,,,,,,
2026-07-25 21:00:00+00:00,DRAM,Fold_2,,,,,,,,
2026-07-25 22:00:00+00:00,DRAM,Fold_2,,,,,,,,
2026-07-25 23:00:00+00:00,DRAM,Fold_2,,,,0.025981414754409293,1.01615863478454,,0.0,
2026-07-26 00:00:00+00:00,DRAM,Fold_2,,,,0.025981414754409293,0.9695742511688276,,,
2026-07-26 01:00:00+00:00,DRAM,Fold_2,,,,,,,,
2026-07-26 02:00:00+00:00,DRAM,Fold_2,,,,,,,,
2026-07-26 03:00:00+00:00,DRAM,Fold_2,,,,,,,,
2026-07-26 04:00:00+00:00,DRAM,Fold_2,,,,,,,,
2026-07-26 05:00:00+00:00,DRAM,Fold_2,,,,,,,,
2026-07-26 06:00:00+00:00,DRAM,Fold_2,,,,,,,,
2026-07-26 07:00:00+00:00,DRAM,Fold_2,,,,,,,,
2026-07-26 08:00:00+00:00,DRAM,Fold_2,,,,,,,,
2026-07-26 09:00:00+00:00,DRAM,Fold_2,,,,,,,,
2026-07-26 10:00:00+00:00,DRAM,Fold_2,,,,0.034515456097098385,,,0.008249312557286892,0.009899175068744492
2026-07-26 11:00:00+00:00,DRAM,Fold_2,,,,0.0430494974397877,,,-0.0010909090909091423,0.0025454545454546285
2026-07-26 12:00:00+00:00,DRAM,Fold_2,,,,0.04191162526076231,,,0.0027302511831088783,0.019111758281761926
2026-07-26 13:00:00+00:00,DRAM,Fold_2,,-0.009899175068744492,,0.04475630570832556,,,0.0009076057360681844,-0.005627155563623254
2026-07-26 14:00:00+00:00,DRAM,Fold_2,,-0.0025454545454546285,,0.04570453252417983,,,0.015415306492564396,0.014508523757707614
2026-07-26 15:00:00+00:00,DRAM,Fold_2,,-0.019111758281761926,,0.061824388393703966,,,-0.02161100196463661,
2026-07-26 16:00:00+00:00,DRAM,Fold_2,0.004216315307057794,0.005627155563623254,,0.0388772994500286,,,0.02117561153705716,
2026-07-26 17:00:00+00:00,DRAM,Fold_2,0.017090909090909046,-0.014508523757707614,,0.060876161577849475,,,,
2026-07-26 18:00:00+00:00,DRAM,Fold_2,,,,,,,,
2026-07-26 19:00:00+00:00,DRAM,Fold_2,,,,,,,,
2026-07-26 20:00:00+00:00,DRAM,Fold_2,,,,,,,,
2026-07-26 21:00:00+00:00,DRAM,Fold_2,,,,,,,,
2026-07-26 22:00:00+00:00,DRAM,Fold_2,,,,,,,,
2026-07-26 23:00:00+00:00,DRAM,Fold_2,,,,0.06201403375687464,,,-0.015178571428571486,-0.024464285714285716
2026-07-27 00:00:00+00:00,DRAM,Fold_2,,,,0.04589417788735073,,,-0.009247506799637262,-0.00689029918404338
2026-07-27 01:00:00+00:00,DRAM,Fold_2,,,,0.03622226436563625,,,-0.00018301610541726632,
2026-07-27 02:00:00+00:00,DRAM,Fold_2,,0.024464285714285716,,0.03603261900246557,,,0.0025626944902068516,
2026-07-27 03:00:00+00:00,DRAM,Fold_2,,0.00689029918404338,,0.0386876540868577,,,,
2026-08-01 04:00:00+00:00,DRAM,Fold_2,,,,,,2.0975006211758798,,
2026-08-01 05:00:00+00:00,DRAM,Fold_2,,,,,,,,
2026-08-01 06:00:00+00:00,DRAM,Fold_2,,,,0.0,0.0,,-0.04500865551067523,
2026-08-01 07:00:00+00:00,DRAM,Fold_2,,,,-0.04500865551067523,-1.1298274870490423,,,
2026-08-01 08:00:00+00:00,DRAM,Fold_2,,,,,,,,
2026-08-01 09:00:00+00:00,DRAM,Fold_2,,,,,,,,
2026-08-01 10:00:00+00:00,DRAM,Fold_2,,,,,,,,
2026-08-01 11:00:00+00:00,DRAM,Fold_2,,,,-0.032506251202154335,-0.4841100946496093,,-0.0029821073558647937,
2026-08-01 12:00:00+00:00,DRAM,Fold_2,,,,-0.035391421427197645,-0.49261879975570017,,-0.004985044865403743,
2026-08-01 13:00:00+00:00,DRAM,Fold_2,,,,-0.04020003846893638,-0.5314786643113705,,,
2026-08-01 14:00:00+00:00,DRAM,Fold_2,,,,,,,,
2026-08-01 15:00:00+00:00,DRAM,Fold_2,,,,-0.0419311406039623,-0.5095762940868716,,0.010238907849829282,-0.004617546677374129
2026-08-01 16:00:00+00:00,DRAM,Fold_2,,,,-0.032121561838815205,-0.3616422189373121,,-0.014308426073131986,-0.01748807631160576
2026-08-01 17:00:00+00:00,DRAM,Fold_2,,,,-0.04597037891902289,-0.49817516916285576,,-0.00040322580645169026,
2026-08-01 18:00:00+00:00,DRAM,Fold_2,,0.004617546677374129,,-0.04635506828236202,-0.4880106616265931,0.412524379033312,-0.0028237192416297185,
2026-08-01 19:00:00+00:00,DRAM,Fold_2,,0.01748807631160576,,-0.04904789382573582,-0.4984536821395939,0.4146982093687223,,
2026-08-01 20:00:00+00:00,DRAM,Fold_2,,,,,,0.41131046307680713,,
2026-08-01 21:00:00+00:00,DRAM,Fold_2,,,,-0.04558568955568387,-0.4208435119600771,0.3945343614632451,,
2026-08-01 22:00:00+00:00,DRAM,Fold_2,,,,,,,,
2026-08-01 23:00:00+00:00,DRAM,Fold_2,,,,-0.04500865551067523,,,,
2026-08-02 00:00:00+00:00,DRAM,Fold_2,,,,,,,,
2026-08-02 01:00:00+00:00,DRAM,Fold_2,,,,,,,,
2026-08-02 02:00:00+00:00,DRAM,Fold_2,,,,-0.020388536256972567,,,-0.0005890437855881059,
2026-08-02 03:00:00+00:00,DRAM,Fold_2,,,,-0.020965570301981207,,,,
2026-08-02 04:00:00+00:00,DRAM,Fold_2,,,,,,,,
2026-08-02 05:00:00+00:00,DRAM,Fold_2,,,,,,,,
2026-08-02 06:00:00+00:00,DRAM,Fold_2,,,,-0.018080400076938008,,,0.000587659157688547,0.006268364348677835
2026-08-02 07:00:00+00:00,DRAM,Fold_2,,,,-0.017503366031929257,,,0.008809710258418146,
2026-08-02 08:00:00+00:00,DRAM,Fold_2,,,,-0.008847855356799439,,,-0.0031049873859888555,
2026-08-02 09:00:00+00:00,DRAM,Fold_2,,-0.006268364348677835,,-0.011925370263512258,,,,
2026-08-02 10:00:00+00:00,DRAM,Fold_2,,,,,,,,
2026-08-02 11:00:00+00:00,DRAM,Fold_2,,,,-0.022504327755337616,,,0.0015741833923652582,-0.0023612750885477762
2026-08-02 12:00:00+00:00,DRAM,Fold_2,,,,-0.020965570301981207,,,-0.003929273084479323,
2026-08-02 13:00:00+00:00,DRAM,Fold_2,,,,-0.024812463935372175,,,0.0,
2026-08-02 14:00:00+00:00,DRAM,Fold_2,,0.0023612750885477762,,-0.024812463935372175,,,,
2026-08-02 15:00:00+00:00,DRAM,Fold_2,,,,,,,,
2026-08-02 16:00:00+00:00,DRAM,Fold_2,,,,-0.016349297941911978,,,0.00469299960891667,0.010559249120062564
2026-08-02 17:00:00+00:00,DRAM,Fold_2,,,,-0.011733025581842638,,,0.0015570260801867075,
2026-08-02 18:00:00+00:00,DRAM,Fold_2,,,,-0.010194268128486228,,,0.00427516517683646,
2026-08-02 19:00:00+00:00,DRAM,Fold_2,,-0.010559249120062564,,-0.005962685131756129,,,,
2026-08-02 20:00:00+00:00,DRAM,Fold_2,,,,,,,,
2026-08-02 21:00:00+00:00,DRAM,Fold_2,,,,-0.006155029813425639,,,-0.003483646216373093,0.009096187342751971
2026-08-02 22:00:00+00:00,DRAM,Fold_2,,,,-0.009617234083477588,,,0.007574286269178554,0.009904835890464092
2026-08-02 23:00:00+00:00,DRAM,Fold_2,,,,-0.0021157914983650494,,,0.005011565150346842,0.00019275250578254521
2026-08-03 00:00:00+00:00,DRAM,Fold_2,,-0.009096187342751971,,0.0028851702250431988,0.10316138528578428,1.1215394578332925,-0.002685078634445781,-0.007479861910241636
2026-08-03 01:00:00+00:00,DRAM,Fold_2,,-0.009904835890464092,,0.0001923446816696206,0.006901916100593047,1.1600382413844579,-0.00211538461538463,
2026-08-03 02:00:00+00:00,DRAM,Fold_2,,-0.00019275250578254521,,-0.0019234468166955399,-0.06804504057732381,1.3396795734374844,-0.0026980150317980067,
2026-08-03 03:00:00+00:00,DRAM,Fold_2,0.001548287207276955,0.007479861910241636,0.15498250067746028,-0.004616272360069229,-0.16337197881213086,1.2418261487293303,,
2026-08-08 04:00:00+00:00,DRAM,Fold_3,,,,,,,,
2026-08-08 05:00:00+00:00,DRAM,Fold_3,,,,,,,,
2026-08-08 06:00:00+00:00,DRAM,Fold_3,,,,-0.0009877518767285043,-0.02950135829289083,,,
2026-08-08 07:00:00+00:00,DRAM,Fold_3,,,,,,,,
2026-08-08 08:00:00+00:00,DRAM,Fold_3,,,,,,,,
2026-08-08 09:00:00+00:00,DRAM,Fold_3,,,,,,,,
2026-08-08 10:00:00+00:00,DRAM,Fold_3,,,,-0.0013828526274199948,-0.029244892636772938,,,
2026-08-08 11:00:00+00:00,DRAM,Fold_3,,,,,,,,
2026-08-08 12:00:00+00:00,DRAM,Fold_3,,,,,,,,
2026-08-08 13:00:00+00:00,DRAM,Fold_3,,,,0.007111813512445719,0.12695685299014253,,,
2026-08-08 14:00:00+00:00,DRAM,Fold_3,,,,,,,,
2026-08-08 15:00:00+00:00,DRAM,Fold_3,,,,0.00750691426313721,,,0.0,0.0005882352941177782
2026-08-08 16:00:00+00:00,DRAM,Fold_3,,,,0.00750691426313721,,,0.0005882352941177782,
2026-08-08 17:00:00+00:00,DRAM,Fold_3,,,,0.008099565389174224,,,0.0,
2026-08-08 18:00:00+00:00,DRAM,Fold_3,,-0.0005882352941177782,,0.008099565389174224,,,,
2026-08-08 19:00:00+00:00,DRAM,Fold_3,,,,,,,,
2026-08-08 20:00:00+00:00,DRAM,Fold_3,,,,0.008099565389174224,,,,
2026-08-08 21:00:00+00:00,DRAM,Fold_3,,,,,,,,
2026-08-08 22:00:00+00:00,DRAM,Fold_3,,,,,,,,
2026-08-08 23:00:00+00:00,DRAM,Fold_3,,,,0.006519162386408706,,,,
2026-08-09 00:00:00+00:00,DRAM,Fold_3,,,,,,,,
2026-08-09 01:00:00+00:00,DRAM,Fold_3,,,,,,,,
2026-08-09 02:00:00+00:00,DRAM,Fold_3,,,,,,,,
2026-08-09 03:00:00+00:00,DRAM,Fold_3,,,,0.006321612011062738,,,0.0,
2026-08-09 04:00:00+00:00,DRAM,Fold_3,,,,0.006321612011062738,,,,
2026-08-09 05:00:00+00:00,DRAM,Fold_3,,,,,,,,
2026-08-09 06:00:00+00:00,DRAM,Fold_3,,,,0.008099565389174224,,,,
2026-08-09 07:00:00+00:00,DRAM,Fold_3,,,,,,,,
2026-08-09 08:00:00+00:00,DRAM,Fold_3,,,,0.00750691426313721,,,0.0,
2026-08-09 09:00:00+00:00,DRAM,Fold_3,,,,0.00750691426313721,,,0.0005882352941177782,
2026-08-09 10:00:00+00:00,DRAM,Fold_3,,,,0.008099565389174224,,,,
2026-08-09 11:00:00+00:00,DRAM,Fold_3,,,,,,,,
2026-08-09 12:00:00+00:00,DRAM,Fold_3,,,,,,,,
2026-08-09 13:00:00+00:00,DRAM,Fold_3,,,,0.00750691426313721,,,,
2026-08-09 14:00:00+00:00,DRAM,Fold_3,,,,,,,,
2026-08-09 15:00:00+00:00,DRAM,Fold_3,,,,0.008099565389174224,,,0.0001959631589261157,0.0017636684303350414
2026-08-09 16:00:00+00:00,DRAM,Fold_3,,,,0.008297115764519969,,,0.000979623824451492,
2026-08-09 17:00:00+00:00,DRAM,Fold_3,,,,0.009284867641248695,,,0.0005871990604813249,
2026-08-09 18:00:00+00:00,DRAM,Fold_3,,-0.0017636684303350414,,0.009877518767285709,,,,
2026-08-09 19:00:00+00:00,DRAM,Fold_3,,,,,,,,
2026-08-09 20:00:00+00:00,DRAM,Fold_3,,,,0.008297115764519969,,,,
2026-08-09 21:00:00+00:00,DRAM,Fold_3,,,,,,,,
2026-08-09 22:00:00+00:00,DRAM,Fold_3,,,,0.006321612011062738,,,0.0015704750687084434,-0.005692972124067497
2026-08-09 23:00:00+00:00,DRAM,Fold_3,,,,0.0079020150138287,,,-0.011760094080752626,-0.009996079968639826
2026-08-10 00:00:00+00:00,DRAM,Fold_3,,,,-0.003951007506914128,,,0.004561681872272905,0.0019833399444664224
2026-08-10 01:00:00+00:00,DRAM,Fold_3,,0.005692972124067497,,0.0005926511260372358,,,-0.0027640671273445605,
2026-08-10 02:00:00+00:00,DRAM,Fold_3,,0.009996079968639826,,-0.002173054128802865,,,0.0001979805979015481,
2026-08-10 03:00:00+00:00,DRAM,Fold_3,,-0.0019833399444664224,,-0.0019755037534570086,,,,
2026-08-15 04:00:00+00:00,DRAM,Fold_3,,,,,,,,
2026-08-15 05:00:00+00:00,DRAM,Fold_3,,,,-0.0009592744396965669,-0.07852785838160961,,0.0008729050279328021,
2026-08-15 06:00:00+00:00,DRAM,Fold_3,,,,-8.720676724516263e-05,-0.006550965588982785,,,
2026-08-15 07:00:00+00:00,DRAM,Fold_3,,,,,,,,
2026-08-15 08:00:00+00:00,DRAM,Fold_3,,,,0.00026162030173537687,0.01681989914395859,,0.0,
2026-08-15 09:00:00+00:00,DRAM,Fold_3,,,,0.00026162030173537687,0.015957336338565987,,,
2026-08-15 10:00:00+00:00,DRAM,Fold_3,,,,,,,,
2026-08-15 11:00:00+00:00,DRAM,Fold_3,,,,0.00026162030173537687,0.015710862412842922,,,
2026-08-15 12:00:00+00:00,DRAM,Fold_3,,,,,,,,
2026-08-15 13:00:00+00:00,DRAM,Fold_3,,,,0.0006104473707158053,0.0329378027147574,,,
2026-08-15 14:00:00+00:00,DRAM,Fold_3,,,,,,,,
2026-08-15 15:00:00+00:00,DRAM,Fold_3,,,,0.002528996250108939,,,0.00017397355601955766,
2026-08-15 16:00:00+00:00,DRAM,Fold_3,,,,0.0027034097845992644,,,,
2026-08-15 17:00:00+00:00,DRAM,Fold_3,,,,,,,,
2026-08-15 18:00:00+00:00,DRAM,Fold_3,,,,0.0028778233190895897,,,0.002260869565217538,
2026-08-15 19:00:00+00:00,DRAM,Fold_3,,,,0.005145199267463152,,,,
2026-08-15 20:00:00+00:00,DRAM,Fold_3,,,,,,,,
2026-08-15 21:00:00+00:00,DRAM,Fold_3,,,,,,,,
2026-08-15 22:00:00+00:00,DRAM,Fold_3,,,,,,,,
2026-08-15 23:00:00+00:00,DRAM,Fold_3,,,,,,,,
2026-08-16 00:00:00+00:00,DRAM,Fold_3,,,,,,,,
2026-08-16 01:00:00+00:00,DRAM,Fold_3,,,,0.004621958663992398,,,0.002777777777777768,0.006250000000000089
2026-08-16 02:00:00+00:00,DRAM,Fold_3,,,,0.007412575215836714,,,0.0029432132963989055,0.003635734072022112
2026-08-16 03:00:00+00:00,DRAM,Fold_3,,,,0.010377605302171355,,,0.0005178663904712444,0.0006904885206282518
2026-08-16 04:00:00+00:00,DRAM,Fold_3,,-0.006250000000000089,,0.010900845905642331,,,0.00017253278122830729,-0.0008626639061422026
2026-08-16 05:00:00+00:00,DRAM,Fold_3,,-0.003635734072022112,,0.011075259440132434,,,0.0,
2026-08-16 06:00:00+00:00,DRAM,Fold_3,,-0.0006904885206282518,,0.011075259440132434,,,-0.0010350181128170322,
2026-08-16 07:00:00+00:00,DRAM,Fold_3,0.0053819444444442865,0.0008626639061422026,,0.010028778233190927,,,,
2026-08-16 08:00:00+00:00,DRAM,Fold_3,,,,,,,,
2026-08-16 09:00:00+00:00,DRAM,Fold_3,,,,0.010726432371152006,,,-0.0020707506471097092,
2026-08-16 10:00:00+00:00,DRAM,Fold_3,,,,0.008633469957268547,,,,
2026-08-16 11:00:00+00:00,DRAM,Fold_3,,,,,,,,
2026-08-16 12:00:00+00:00,DRAM,Fold_3,,,,0.005668439870933906,,,-0.000867152271938898,
2026-08-16 13:00:00+00:00,DRAM,Fold_3,,,,0.004796372198482501,,,,
2026-08-16 14:00:00+00:00,DRAM,Fold_3,,,,,,,,
2026-08-16 15:00:00+00:00,DRAM,Fold_3,,,,0.005668439870933906,,,0.0015608740894901274,0.002254595907041246
2026-08-16 16:00:00+00:00,DRAM,Fold_3,,,,0.007238161681346389,,,0.0001731601731600474,
2026-08-16 17:00:00+00:00,DRAM,Fold_3,,,,0.007412575215836714,,,0.0005193905817175715,
2026-08-16 18:00:00+00:00,DRAM,Fold_3,,-0.002254595907041246,,0.007935815819307468,,,,
2026-08-16 19:00:00+00:00,DRAM,Fold_3,,,,,,0.6437955002280312,,
2026-08-16 20:00:00+00:00,DRAM,Fold_3,,,,,,,,
2026-08-16 21:00:00+00:00,DRAM,Fold_3,,,,0.007238161681346389,,,-0.0015584415584416478,0.0060606060606061
2026-08-16 22:00:00+00:00,DRAM,Fold_3,,,,0.005668439870933906,,,-0.0027748872702045846,0.009538674991328655
2026-08-16 23:00:00+00:00,DRAM,Fold_3,,,,0.0028778233190895897,0.26447231940163196,,0.01043478260869568,0.023304347826087035
2026-08-17 00:00:00+00:00,DRAM,Fold_3,,-0.0060606060606061,,0.013342635388506219,1.1059847827043678,,0.0018932874354560258,0.016867469879517927
2026-08-17 01:00:00+00:00,DRAM,Fold_3,,-0.009538674991328655,,0.01526118426789913,0.6667464910288923,,0.010822882666208677,
2026-08-17 02:00:00+00:00,DRAM,Fold_3,,-0.023304347826087035,,0.026249236940786735,1.173316887646492,1.9030070074949428,0.004078857919782353,
2026-08-17 03:00:00+00:00,DRAM,Fold_3,0.023030303030302957,-0.016867469879517927,2.3252927050926475,0.03043516176855321,1.0438246404499698,1.607141310609633,,
2026-08-22 04:00:00+00:00,DRAM,Fold_3,-0.0022530329289428552,0.0013876843018213458,-0.23450051137208522,-0.0008677542519958115,-0.2212323489656817,0.09981257690461283,-0.006426958485322154,-0.001910717387528238
2026-08-22 05:00:00+00:00,DRAM,Fold_3,-0.007805724197744945,0.007633587786259555,-0.8124675882495453,-0.007289135716764927,-1.3141033013902814,0.11671359524228368,0.0017482517482516613,0.005069930069929951
2026-08-22 06:00:00+00:00,DRAM,Fold_3,-0.006415814114791085,0.005553627212773304,-0.6430538888901314,-0.005553627212773304,-0.787204047739706,0.6237217975165179,0.002792321116928509,0.003141361256544517
2026-08-22 07:00:00+00:00,DRAM,Fold_3,-0.003295750216825599,0.001910717387528238,-0.3397986475029883,-0.0027768136063865967,-0.35063859289563115,0.7010637066397376,0.0005221023320571838,0.00017403411068572794
2026-08-22 08:00:00+00:00,DRAM,Fold_3,-0.002602359472588467,-0.005069930069929951,-0.2675814351157594,-0.00225616105518911,-0.2541261828602321,0.8065560783285488,-0.0001739432944860564,0.0005218298834579471
2026-08-22 09:00:00+00:00,DRAM,Fold_3,-0.002429711905588383,-0.003141361256544517,-0.28351812444411867,-0.002429711905588383,-0.28351812444411867,0.9235024355010437,-0.00017397355601944664,0.0006958942240780086
2026-08-22 10:00:00+00:00,DRAM,Fold_3,-0.0017370158068438224,-0.00017403411068572794,-0.20262613569602256,-0.0026032627559874344,-0.2811488437570819,0.9236909105002201,0.0008700191404211743,0.0006960153123367618
2026-08-22 11:00:00+00:00,DRAM,Fold_3,0.005594405594405494,-0.0005218298834579471,0.652365751036072,-0.001735508503991623,-0.17526475128585806,0.9211813558208365,0.0,-0.0015646731571627992
2026-08-22 12:00:00+00:00,DRAM,Fold_3,0.0038394415357767553,-0.0006958942240780086,0.46328802304592726,-0.001735508503991623,-0.17098740867864504,0.3432977921628848,-0.00017385257301816281,-0.00330319888734365
2026-08-22 13:00:00+00:00,DRAM,Fold_3,0.0008701705534284176,-0.0006960153123367618,0.10517864650179068,-0.0019090593543907852,-0.17873855866471886,0.3358556365773682,-0.0013910624239262814,
2026-08-22 14:00:00+00:00,DRAM,Fold_3,-0.0010436597669160053,0.0015646731571627992,-0.14612808666178378,-0.0032974661575840836,-0.34098430203471936,0.15291951119991268,-0.0017412502176562539,
2026-08-22 15:00:00+00:00,DRAM,Fold_3,-0.0026096033402922547,0.00330319888734365,-0.4673367935330996,-0.0050329746615758175,-0.6373312608886491,0.3164152478383035,,
2026-08-22 16:00:00+00:00,DRAM,Fold_3,,,,,,0.5558205077123035,,
2026-08-22 17:00:00+00:00,DRAM,Fold_3,,,,-0.005553627212773304,-0.8529191463723268,0.614031062049646,0.0003490401396160081,
2026-08-22 18:00:00+00:00,DRAM,Fold_3,,,,-0.00520652551197498,-0.7710560151044522,0.4983263470896848,,
2026-08-22 19:00:00+00:00,DRAM,Fold_3,,,,,,0.5719535870100814,,
2026-08-22 20:00:00+00:00,DRAM,Fold_3,,,,,,,,
2026-08-22 21:00:00+00:00,DRAM,Fold_3,,,,,,,,
2026-08-22 22:00:00+00:00,DRAM,Fold_3,,,,-0.00520652551197498,-0.66397300647131,,0.00034891835310535413,0.0020935101186321248
2026-08-22 23:00:00+00:00,DRAM,Fold_3,,,,-0.004859423811176544,-0.5871257347636222,,0.001046389954656446,0.004185559818625562
2026-08-23 00:00:00+00:00,DRAM,Fold_3,,,,-0.0038181187087816815,-0.4497848796215367,,0.0006968641114981633,0.005226480836237002
2026-08-23 01:00:00+00:00,DRAM,Fold_3,,-0.0020935101186321248,,-0.0031239153071850323,-0.3555343249270404,,0.0024373259052925533,0.004874651810584885
2026-08-23 02:00:00+00:00,DRAM,Fold_3,,-0.004185559818625562,,-0.0006942034015966492,-0.07676768402350675,,0.002084056964223757,0.002605071205279641
2026-08-23 03:00:00+00:00,DRAM,Fold_3,,-0.005226480836237002,,0.0013884068031935204,0.1428942933694045,0.4615358349730311,0.00034662045060662727,-0.0008665511265165682
2026-08-23 04:00:00+00:00,DRAM,Fold_3,0.006978367062107527,-0.004874651810584885,1.3950466281089682,0.001735508503991623,0.16996804575377855,0.4405961334803911,0.00017325017325009462,
2026-08-23 05:00:00+00:00,DRAM,Fold_3,0.006801534705266787,-0.002605071205279641,1.3691668034395783,0.0019090593543908962,0.18461110626521235,0.44280819709004504,-0.0013857613026155846,
2026-08-23 06:00:00+00:00,DRAM,Fold_3,0.00435540069686402,0.0008665511265165682,1.4994332514569189,0.0005206525511975979,0.0844968978971341,0.7859288472483925,,
2026-08-23 07:00:00+00:00,DRAM,Fold_3,,,,,,1.1335106654354596,,
2026-08-23 08:00:00+00:00,DRAM,Fold_3,,,,,,1.4128610607924648,,
2026-08-23 09:00:00+00:00,DRAM,Fold_3,,,,0.0019090593543908962,0.3072158035147444,1.2509601626085662,,
2026-08-23 10:00:00+00:00,DRAM,Fold_3,,,,,,,,
2026-08-23 11:00:00+00:00,DRAM,Fold_3,,,,,,,,
2026-08-23 12:00:00+00:00,DRAM,Fold_3,,,,0.0027768136063868187,0.3885045974396854,,0.0001730702665281303,0.0070958809276566726
2026-08-23 13:00:00+00:00,DRAM,Fold_3,,,,0.00295036445678587,0.3898814864721913,,0.0017304031839417977,0.007440733690949886
2026-08-23 14:00:00+00:00,DRAM,Fold_3,,,,0.004685872960777493,0.6131604698207855,,0.005182242183451313,0.007255139056832061
2026-08-23 15:00:00+00:00,DRAM,Fold_3,,-0.0070958809276566726,,0.009892398472752584,1.3274059550503106,,0.0005155525004296724,0.006014779171678919
2026-08-23 16:00:00+00:00,DRAM,Fold_3,,-0.007440733690949886,,0.01041305102394996,1.0439901290322906,,0.0015458605290279426,0.008416351769151564
2026-08-23 17:00:00+00:00,DRAM,Fold_3,,-0.007255139056832061,,0.011975008677542531,1.2308536395008556,1.4495174095532057,0.003944434916823836,0.005659406619790808
2026-08-23 18:00:00+00:00,DRAM,Fold_3,0.013153340256143897,-0.006014779171678919,3.5280597457515954,0.015966678236723375,1.679800752083986,1.3058487127755225,0.0029039972668261083,-0.0020498804236419588
2026-08-23 19:00:00+00:00,DRAM,Fold_3,0.01591970929226516,-0.008416351769151564,3.862876902044537,0.018917042693509245,1.777766054772025,1.1746469392562056,-0.0011923011412025009,-0.007153806847215116
2026-08-23 20:00:00+00:00,DRAM,Fold_3,0.012955605458628394,-0.005659406619790808,3.1662639147477547,0.017702186740714998,1.655007675326152,1.028961883700558,-0.003751705320600207,0.0
2026-08-23 21:00:00+00:00,DRAM,Fold_3,0.0039525691699604515,0.0020498804236419588,0.9253880007455026,0.013884068031933428,1.2286044897161057,1.337342531074351,-0.002225265320095926,-0.006333447449503704
2026-08-23 22:00:00+00:00,DRAM,Fold_3,0.0012023359670216838,0.007153806847215116,0.23554875409534398,0.011627906976744207,0.8509380009345582,1.3491787500471684,0.006004460456338956,-0.023331617773202917
2026-08-23 23:00:00+00:00,DRAM,Fold_3,0.005659406619790808,-0.0,1.0702080327451504,0.017702186740714998,1.2361566589817028,1.4137993064000722,-0.010061391541609899,-0.032571623465211474
2026-08-24 00:00:00+00:00,DRAM,Fold_3,-0.008370345063204665,0.006333447449503704,-1.3800590659163685,0.00746268656716409,0.4492818582913943,1.5652871307408298,-0.01929371231696808,-0.037553832902670115
2026-08-24 01:00:00+00:00,DRAM,Fold_3,-0.030318514733435498,0.023331617773202917,-3.421470874521979,-0.011975008677542531,-0.4880647829370588,1.537212041662856,-0.0035130862462674495,
2026-08-24 02:00:00+00:00,DRAM,Fold_3,-0.032571623465211474,0.032571623465211474,-2.2527731995005222,-0.015446025685525888,-0.38169943240479853,1.4666684542254016,-0.015159527586814714,
2026-08-24 03:00:00+00:00,DRAM,Fold_3,-0.043649435124957225,0.037553832902670115,-3.0259930891036286,-0.03037139881985418,-0.7444046978987516,1.4431895932773413,,
2026-06-27 06:00:00+00:00,MSTR,Fold_1,,,,,,,,
2026-06-27 07:00:00+00:00,MSTR,Fold_1,,,,,,,,
2026-06-27 08:00:00+00:00,MSTR,Fold_1,,,,,,,,
2026-06-27 09:00:00+00:00,MSTR,Fold_1,,,,,,,,
2026-06-27 10:00:00+00:00,MSTR,Fold_1,,,,,,,,
2026-06-27 11:00:00+00:00,MSTR,Fold_1,,,,,,,,
2026-06-27 12:00:00+00:00,MSTR,Fold_1,,,,,,,,
2026-06-27 13:00:00+00:00,MSTR,Fold_1,,,,,,,,
2026-06-27 14:00:00+00:00,MSTR,Fold_1,,,,,,,,
2026-06-27 15:00:00+00:00,MSTR,Fold_1,,,,,,,,
2026-06-27 16:00:00+00:00,MSTR,Fold_1,,,,,,,,
2026-06-27 17:00:00+00:00,MSTR,Fold_1,,,,,,,,
2026-06-27 18:00:00+00:00,MSTR,Fold_1,,,,,,,,
2026-06-27 19:00:00+00:00,MSTR,Fold_1,,,,,,,,
2026-06-27 20:00:00+00:00,MSTR,Fold_1,,,,,,,,
2026-06-27 21:00:00+00:00,MSTR,Fold_1,,,,,,,,
2026-06-27 22:00:00+00:00,MSTR,Fold_1,,,,,,,,
2026-06-27 23:00:00+00:00,MSTR,Fold_1,,,,,,,,
2026-06-28 00:00:00+00:00,MSTR,Fold_1,,,,,,,,
2026-06-28 01:00:00+00:00,MSTR,Fold_1,,,,,,,,
2026-06-28 02:00:00+00:00,MSTR,Fold_1,,,,,,,,
2026-06-28 03:00:00+00:00,MSTR,Fold_1,,,,,,,,
2026-06-28 04:00:00+00:00,MSTR,Fold_1,,,,,,,,
2026-06-28 05:00:00+00:00,MSTR,Fold_1,,,,,,,,
2026-06-28 06:00:00+00:00,MSTR,Fold_1,,,,,,,,
2026-06-28 07:00:00+00:00,MSTR,Fold_1,,,,,,,,
2026-06-28 08:00:00+00:00,MSTR,Fold_1,,,,,,,,
2026-06-28 09:00:00+00:00,MSTR,Fold_1,,,,,,,,
2026-06-28 10:00:00+00:00,MSTR,Fold_1,,,,,,,,
2026-06-28 11:00:00+00:00,MSTR,Fold_1,,,,,,,,
2026-06-28 12:00:00+00:00,MSTR,Fold_1,,,,,,,,
2026-06-28 13:00:00+00:00,MSTR,Fold_1,,,,,,,,
2026-06-28 14:00:00+00:00,MSTR,Fold_1,,,,,,,,
2026-06-28 15:00:00+00:00,MSTR,Fold_1,,,,,,,,
2026-06-28 16:00:00+00:00,MSTR,Fold_1,,,,,,,,
2026-06-28 17:00:00+00:00,MSTR,Fold_1,,,,,,,,
2026-06-28 18:00:00+00:00,MSTR,Fold_1,,,,,,,,
2026-06-28 19:00:00+00:00,MSTR,Fold_1,,,,,,,,
2026-06-28 20:00:00+00:00,MSTR,Fold_1,,,,,,,,
2026-06-28 21:00:00+00:00,MSTR,Fold_1,,,,,,,,
2026-06-28 22:00:00+00:00,MSTR,Fold_1,,,,,,,,
2026-06-28 23:00:00+00:00,MSTR,Fold_1,,,,,,,,
2026-06-29 00:00:00+00:00,MSTR,Fold_1,,,,,,,0.00122684333210632,0.023187338976812688
2026-06-29 01:00:00+00:00,MSTR,Fold_1,,,,,,,0.00784217620389649,
2026-06-29 02:00:00+00:00,MSTR,Fold_1,,,,,,,0.013981762917933294,
2026-06-29 03:00:00+00:00,MSTR,Fold_1,,-0.023187338976812688,,,,,,
2026-07-04 04:00:00+00:00,MSTR,Fold_1,,,,0.005008668849932674,0.6739734033955999,,0.0014376078205864395,
2026-07-04 05:00:00+00:00,MSTR,Fold_1,,,,0.006453477172028599,0.6858580559796149,,-0.005646473346731629,
2026-07-04 06:00:00+00:00,MSTR,Fold_1,,,,0.0007705644384512489,0.07090210929808324,,,
2026-07-04 07:00:00+00:00,MSTR,Fold_1,,,,,,,,
2026-07-04 08:00:00+00:00,MSTR,Fold_1,,,,0.0007705644384512489,0.052625902308921946,,0.004812319538017418,0.0038498556304138454
2026-07-04 09:00:00+00:00,MSTR,Fold_1,,,,0.005586592178770999,0.33847441589782656,,-0.004789272030651381,
2026-07-04 10:00:00+00:00,MSTR,Fold_1,,,,0.0007705644384512489,0.0436845658477545,,0.0038498556304138454,
2026-07-04 11:00:00+00:00,MSTR,Fold_1,,-0.0038498556304138454,,0.004623386630707049,0.2349619201480254,0.7656749276083499,,
2026-07-04 12:00:00+00:00,MSTR,Fold_1,,,,,,0.9075908574162803,,
2026-07-04 13:00:00+00:00,MSTR,Fold_1,,,,0.012714313234444274,0.628235130553822,,0.006752900894045899,0.014742248430663851
2026-07-04 14:00:00+00:00,MSTR,Fold_1,,,,0.019553072625698276,0.925017703329733,,0.005668398677373787,0.013131790269248933
2026-07-04 15:00:00+00:00,MSTR,Fold_1,,,,0.025332305914082198,1.1191940178547581,0.8137659290004376,0.0022545796148425445,0.005636449037106583
2026-07-04 16:00:00+00:00,MSTR,Fold_1,,-0.014742248430663851,,0.0276439992294355,1.1658312990792548,0.8276577355673675,0.005155122316993221,0.006186146780391866
2026-07-04 17:00:00+00:00,MSTR,Fold_1,,-0.013131790269248933,,0.03294162974378745,1.3468858124620118,0.31454095114203345,-0.0017717269675493474,-0.0025177172696754235
2026-07-04 18:00:00+00:00,MSTR,Fold_1,,-0.005636449037106583,,0.0311115392024659,1.273687022876851,0.31462009789415035,0.0028024287716019725,0.010742643624474635
2026-07-04 19:00:00+00:00,MSTR,Fold_1,0.021019592923720687,-0.006186146780391866,1.4380754682764234,0.03400115584665775,1.3819814771589392,0.5762944546840952,-0.003539823008849474,0.004191895668374412
2026-07-04 20:00:00+00:00,MSTR,Fold_1,0.010581010864430862,0.0025177172696754235,0.7234981471815725,0.03034097476401465,1.1977858129887935,0.5181247435925952,0.01149855099560626,0.005235112648406037
2026-07-04 21:00:00+00:00,MSTR,Fold_1,0.016439643024894313,-0.010742643624474635,1.4582576388071444,0.042188403005201325,2.102973440707734,0.8053687507641887,-0.003696857670979714,-0.007763401109057377
2026-07-04 22:00:00+00:00,MSTR,Fold_1,0.010403974130658966,-0.004191895668374412,0.7832074657943237,0.038335580812945524,1.5806664299631938,0.9846720377790443,-0.0025046382189238825,-0.004359925788497199
2026-07-04 23:00:00+00:00,MSTR,Fold_1,0.002704214845206998,-0.005235112648406037,0.20459809122905181,0.03573492583317295,1.4451710330790093,1.1051057030228575,-0.0015809541523296167,-0.008648749186273674
2026-07-05 00:00:00+00:00,MSTR,Fold_1,0.0028958430639887123,0.007763401109057377,0.22336000799472816,0.0340974764014641,1.3734628487721403,1.1157697059840859,-0.0002794336810730824,-0.010245901639344246
2026-07-05 01:00:00+00:00,MSTR,Fold_1,-0.00018630647414996648,0.004359925788497199,-0.014737425717982677,0.03380851473704505,1.3659395542811836,1.1415913444477803,-0.006801453461287688,
2026-07-05 02:00:00+00:00,MSTR,Fold_1,-0.0034589137141255444,0.008648749186273674,-0.2816784542765466,0.026777114236178123,1.0903041780474145,1.1537297647879001,-0.003189493433395807,
2026-07-05 03:00:00+00:00,MSTR,Fold_1,-0.01792975970425137,0.010245901639344246,-1.4753428299330336,0.02350221537276065,0.947398960488306,1.2718980815020962,,
2026-07-05 04:00:00+00:00,MSTR,Fold_1,,,,,,0.45243151232141293,,
2026-07-05 05:00:00+00:00,MSTR,Fold_1,,,,0.023405894817954298,0.9181752558696289,0.49996679552243606,-0.00047058823529411153,
2026-07-05 06:00:00+00:00,MSTR,Fold_1,,,,0.022924292043922323,0.8590243872620135,0.5596236168145646,-0.0007532956685498693,
2026-07-05 07:00:00+00:00,MSTR,Fold_1,,,,0.022153727605471074,0.8544542278653817,0.6332937108667042,,
2026-07-05 08:00:00+00:00,MSTR,Fold_1,,,,,,0.6247195116919572,,
2026-07-05 09:00:00+00:00,MSTR,Fold_1,,,,0.02157580427663275,0.8258545151875486,,-0.0002828587591928722,0.00556288893079393
2026-07-05 10:00:00+00:00,MSTR,Fold_1,,,,0.021286842612213475,0.7974788444737705,,0.007733660284825028,0.005847401678770181
2026-07-05 11:00:00+00:00,MSTR,Fold_1,,,,0.029185128106338,1.1193290034017391,,-0.0018717828731865671,
2026-07-05 12:00:00+00:00,MSTR,Fold_1,,-0.00556288893079393,,0.0272587170102101,0.9776320614376027,0.8621229046785733,0.0,
2026-07-05 13:00:00+00:00,MSTR,Fold_1,,-0.005847401678770181,,0.0272587170102101,0.9820559301952921,0.9382889964889118,,
2026-07-05 14:00:00+00:00,MSTR,Fold_1,,,,,,0.9421028915706459,,
2026-07-05 15:00:00+00:00,MSTR,Fold_1,,,,,,0.9641117722412742,,
2026-07-05 16:00:00+00:00,MSTR,Fold_1,,,,0.027547678674629372,1.0140950075360635,0.9770301553140378,,
2026-07-05 17:00:00+00:00,MSTR,Fold_1,,,,,,,,
2026-07-05 18:00:00+00:00,MSTR,Fold_1,,,,0.02947408977075705,1.046459882038564,,,
2026-07-05 19:00:00+00:00,MSTR,Fold_1,,,,,,,,
2026-07-05 20:00:00+00:00,MSTR,Fold_1,,,,,,,,
2026-07-05 21:00:00+00:00,MSTR,Fold_1,,,,0.02947408977075705,0.938963711657172,,0.0002806886227544325,0.007391467065868351
2026-07-05 22:00:00+00:00,MSTR,Fold_1,,,,0.029763051435176324,1.3179480423768326,,0.0007482929566924312,-0.0037414647834626003
2026-07-05 23:00:00+00:00,MSTR,Fold_1,,,,0.03053361587362735,1.3685962681074704,,0.006355734180764516,-0.012711468361529144
2026-07-06 00:00:00+00:00,MSTR,Fold_1,,-0.007391467065868351,,0.03708341360046252,1.653035967173086,,-0.01077366025819626,-0.02247608433175441
2026-07-06 01:00:00+00:00,MSTR,Fold_1,,0.0037414647834626003,,0.025910229242920524,0.9862100448970598,,-0.0082621350107972,
2026-07-06 02:00:00+00:00,MSTR,Fold_1,,0.012711468361529144,,0.017434020419957674,0.5070398526203599,1.444759133938617,-0.00359746284199558,
2026-07-06 03:00:00+00:00,MSTR,Fold_1,-0.015250748502994016,0.02247608433175441,-1.2114146271252724,0.013773839337314575,0.3828549372189731,1.3696831924815884,,
2026-07-11 04:00:00+00:00,MSTR,Fold_1,,,,,,,,
2026-07-11 05:00:00+00:00,MSTR,Fold_1,,,,0.05580964023015156,2.5384311092556726,,,
2026-07-11 06:00:00+00:00,MSTR,Fold_1,,,,,,,,
2026-07-11 07:00:00+00:00,MSTR,Fold_1,,,,,,,,
2026-07-11 08:00:00+00:00,MSTR,Fold_1,,,,0.0048053617720824615,0.16319430678967586,,0.00010487676979553662,
2026-07-11 09:00:00+00:00,MSTR,Fold_1,,,,0.004910742512698407,0.16926532934251565,,,
2026-07-11 10:00:00+00:00,MSTR,Fold_1,,,,,,,,
2026-07-11 11:00:00+00:00,MSTR,Fold_1,,,,0.0061753114000884235,0.20153608227611344,,0.0013615416841223915,0.004608294930875445
2026-07-11 12:00:00+00:00,MSTR,Fold_1,,,,0.0075452610280943855,0.22814676657303173,,0.0019872398284697113,0.0029285639577449896
2026-07-11 13:00:00+00:00,MSTR,Fold_1,,,,0.009547495099795578,0.280525535332898,,0.0012526096033402823,0.0019832985386221136
2026-07-11 14:00:00+00:00,MSTR,Fold_1,,-0.004608294930875445,,0.010812063987185594,0.3055541599173083,,-0.00031276063386154185,-0.0016680567139282232
2026-07-11 15:00:00+00:00,MSTR,Fold_1,,-0.0029285639577449896,,0.010495921765338201,0.5008808794233852,0.14497076350916954,0.0010428616122639678,-0.00020857232245274915
2026-07-11 16:00:00+00:00,MSTR,Fold_1,,-0.0019832985386221136,,0.011549729171496548,0.5432157410075987,0.18406361056472464,-0.0023960829253045768,
2026-07-11 17:00:00+00:00,MSTR,Fold_1,0.0029325513196480912,0.0016680567139282232,0.24101927804378906,0.009125972137332239,0.4455910541532322,0.17059713354625283,0.0011487050960734546,
2026-07-11 18:00:00+00:00,MSTR,Fold_1,0.002719380817906236,0.00020857232245274915,0.34920349087679914,0.010285160284106531,0.7625335974111747,0.5044995726892877,,
2026-07-11 19:00:00+00:00,MSTR,Fold_1,,,,,,0.5211761855186348,,
2026-07-11 20:00:00+00:00,MSTR,Fold_1,,,,0.010495921765338201,1.641840099911626,1.089777625324914,0.0,
2026-07-11 21:00:00+00:00,MSTR,Fold_1,,,,0.010495921765338201,1.7379982606916597,1.252950125494421,,
2026-07-11 22:00:00+00:00,MSTR,Fold_1,,,,,,1.3318696057495998,,
2026-07-11 23:00:00+00:00,MSTR,Fold_1,,,,-0.0008851982211731668,,,,
2026-07-12 00:00:00+00:00,MSTR,Fold_1,,,,,,,,
2026-07-12 01:00:00+00:00,MSTR,Fold_1,,,,0.0016439395536071988,,,,
2026-07-12 02:00:00+00:00,MSTR,Fold_1,,,,,,,,
2026-07-12 03:00:00+00:00,MSTR,Fold_1,,,,0.002170843256686261,,,,
2026-07-12 04:00:00+00:00,MSTR,Fold_1,,,,,,,,
2026-07-12 05:00:00+00:00,MSTR,Fold_1,,,,0.002276223997302207,,,0.0,
2026-07-12 06:00:00+00:00,MSTR,Fold_1,,,,0.002276223997302207,,,,
2026-07-12 07:00:00+00:00,MSTR,Fold_1,,,,,,,,
2026-07-12 08:00:00+00:00,MSTR,Fold_1,,,,0.009547495099795578,,,,
2026-07-12 09:00:00+00:00,MSTR,Fold_1,,,,,,,,
2026-07-12 10:00:00+00:00,MSTR,Fold_1,,,,,,,,
2026-07-12 11:00:00+00:00,MSTR,Fold_1,,,,0.014184247686892526,,,0.00020781379883638706,-0.0005195344970905236
2026-07-12 12:00:00+00:00,MSTR,Fold_1,,,,0.014395009168124417,,,0.0,-0.003947641803449087
2026-07-12 13:00:00+00:00,MSTR,Fold_1,,,,0.014395009168124417,,,-0.0007271971743196826,0.00020777062123422674
2026-07-12 14:00:00+00:00,MSTR,Fold_1,,0.0005195344970905236,,0.013657343983813464,,,-0.003222788231624918,
2026-07-12 15:00:00+00:00,MSTR,Fold_1,,0.003947641803449087,,0.010390541024722255,,,0.004171881518564957,
2026-07-12 16:00:00+00:00,MSTR,Fold_1,,-0.00020777062123422674,,0.014605770649356087,,,,
2026-07-12 17:00:00+00:00,MSTR,Fold_1,,,,,,,,
2026-07-12 18:00:00+00:00,MSTR,Fold_1,,,,,,,,
2026-07-12 19:00:00+00:00,MSTR,Fold_1,,,,0.016186481758593718,,,,
2026-07-12 20:00:00+00:00,MSTR,Fold_1,,,,,,,,
2026-07-12 21:00:00+00:00,MSTR,Fold_1,,,,0.01650262398044111,,,-0.002177068214804012,-0.01669085631349787
2026-07-12 22:00:00+00:00,MSTR,Fold_1,,,,0.014289628427508472,,,-0.0029090909090909722,-0.02961038961038953
2026-07-12 23:00:00+00:00,MSTR,Fold_1,,,,0.011338967690264878,,,-0.011670313639679075,-0.029488381785974793
2026-07-13 00:00:00+00:00,MSTR,Fold_1,,0.01669085631349787,,-0.00046367525870982806,,,-0.015287295730100015,-0.020875065893515954
2026-07-13 01:00:00+00:00,MSTR,Fold_1,,0.02961038961038953,,-0.0157438826480073,,,-0.002783725910064261,
2026-07-13 02:00:00+00:00,MSTR,Fold_1,,0.029488381785974793,,-0.018483781904019225,,,-0.0028988619282799277,
2026-07-13 03:00:00+00:00,MSTR,Fold_1,-0.03721749948165032,0.020875065893515954,,-0.021329061900647095,,,,
2026-07-18 04:00:00+00:00,MSTR,Fold_2,,,,,,1.3379072393030165,,
2026-07-18 05:00:00+00:00,MSTR,Fold_2,,,,,,,,
2026-07-18 06:00:00+00:00,MSTR,Fold_2,,,,,,,,
2026-07-18 07:00:00+00:00,MSTR,Fold_2,,,,,,,,
2026-07-18 08:00:00+00:00,MSTR,Fold_2,,,,,,,,
2026-07-18 09:00:00+00:00,MSTR,Fold_2,,,,0.0,0.0,,0.00031568978217411114,
2026-07-18 10:00:00+00:00,MSTR,Fold_2,,,,0.00031568978217411114,0.013967260773676108,,,
2026-07-18 11:00:00+00:00,MSTR,Fold_2,,,,,,,,
2026-07-18 12:00:00+00:00,MSTR,Fold_2,,,,,,,,
2026-07-18 13:00:00+00:00,MSTR,Fold_2,,,,-0.003051667894349186,-0.10752728183617591,,0.003377665188938117,
2026-07-18 14:00:00+00:00,MSTR,Fold_2,,,,0.00031568978217411114,0.012381464701730616,,,
2026-07-18 15:00:00+00:00,MSTR,Fold_2,,,,,,,,
2026-07-18 16:00:00+00:00,MSTR,Fold_2,,,,,,,,
2026-07-18 17:00:00+00:00,MSTR,Fold_2,,,,0.0014732189834789633,,,0.0014710518020384367,0.002626878217925732
2026-07-18 18:00:00+00:00,MSTR,Fold_2,,,,0.0029464379669577045,,,0.00199349491134182,0.0023082572657644462
2026-07-18 19:00:00+00:00,MSTR,Fold_2,,,,0.00494580658739352,,,-0.0008376963350784639,
2026-07-18 20:00:00+00:00,MSTR,Fold_2,,-0.002626878217925732,,0.004103967168262557,,,0.0011527981555230493,
2026-07-18 21:00:00+00:00,MSTR,Fold_2,,-0.0023082572657644462,,0.005261496369567409,,,,
2026-07-18 22:00:00+00:00,MSTR,Fold_2,,,,,,,,
2026-07-18 23:00:00+00:00,MSTR,Fold_2,,,,,,,,
2026-07-19 00:00:00+00:00,MSTR,Fold_2,,,,,,,,
2026-07-19 01:00:00+00:00,MSTR,Fold_2,,,,0.0059981058613067795,,,0.0029288702928871313,
2026-07-19 02:00:00+00:00,MSTR,Fold_2,,,,0.008944543828264706,,,,
2026-07-19 03:00:00+00:00,MSTR,Fold_2,,,,,,,,
2026-07-19 04:00:00+00:00,MSTR,Fold_2,,,,0.01136483215826578,,,,
2026-07-19 05:00:00+00:00,MSTR,Fold_2,,,,,,,,
2026-07-19 06:00:00+00:00,MSTR,Fold_2,,,,,,,,
2026-07-19 07:00:00+00:00,MSTR,Fold_2,,,,,,,,
2026-07-19 08:00:00+00:00,MSTR,Fold_2,,,,,,,,
2026-07-19 09:00:00+00:00,MSTR,Fold_2,,,,,,,,
2026-07-19 10:00:00+00:00,MSTR,Fold_2,,,,,,,,
2026-07-19 11:00:00+00:00,MSTR,Fold_2,,,,,,,,
2026-07-19 12:00:00+00:00,MSTR,Fold_2,,,,0.006419025570872261,,,0.001777498954412371,
2026-07-19 13:00:00+00:00,MSTR,Fold_2,,,,0.008207934336525335,,,0.0003131197161048149,
2026-07-19 14:00:00+00:00,MSTR,Fold_2,,,,0.008523624118699447,,,,
2026-07-19 15:00:00+00:00,MSTR,Fold_2,,,,,,,,
2026-07-19 16:00:00+00:00,MSTR,Fold_2,,,,0.00557718615174152,,,-0.0012557555462536785,0.002511511092507357
2026-07-19 17:00:00+00:00,MSTR,Fold_2,,,,0.0043144270230452975,,,0.003667225481978287,
2026-07-19 18:00:00+00:00,MSTR,Fold_2,,,,0.007997474481742595,,,0.00010439503079640033,
2026-07-19 19:00:00+00:00,MSTR,Fold_2,,-0.002511511092507357,,0.008102704409133965,,,,
2026-07-19 20:00:00+00:00,MSTR,Fold_2,,,,,,,,
2026-07-19 21:00:00+00:00,MSTR,Fold_2,,,,,,,,
2026-07-19 22:00:00+00:00,MSTR,Fold_2,,,,,,,,
2026-07-19 23:00:00+00:00,MSTR,Fold_2,,,,,,,,
2026-07-20 00:00:00+00:00,MSTR,Fold_2,,,,0.003998737240871186,,,-0.0004192432659049228,0.0037731893931454152
2026-07-20 01:00:00+00:00,MSTR,Fold_2,,,,0.003577817531305927,,,0.0025165146272412287,
2026-07-20 02:00:00+00:00,MSTR,Fold_2,,,,0.006103335788698372,,,0.0016734651187113592,
2026-07-20 03:00:00+00:00,MSTR,Fold_2,,-0.0037731893931454152,,0.007787014626959854,,,,
2026-07-25 04:00:00+00:00,MSTR,Fold_2,0.003724394785847185,-0.002406738868832692,0.18153955196206709,0.0019682886823400025,0.23500655156250425,0.058043703295360446,-0.001309614754992805,
2026-07-25 05:00:00+00:00,MSTR,Fold_2,0.002486771907145968,-0.0006560962274466675,0.12085978414328023,0.0006560962274466675,0.055229871102780194,0.09504083283205823,,
2026-07-25 06:00:00+00:00,MSTR,Fold_2,,,,,,0.1322611377773535,,
2026-07-25 07:00:00+00:00,MSTR,Fold_2,,,,,,0.13640225480602663,,
2026-07-25 08:00:00+00:00,MSTR,Fold_2,,,,,,0.15938804778674126,,
2026-07-25 09:00:00+00:00,MSTR,Fold_2,,,,,,,,
2026-07-25 10:00:00+00:00,MSTR,Fold_2,,,,,,,,
2026-07-25 11:00:00+00:00,MSTR,Fold_2,,,,0.0009841443411700013,0.03819698667032165,,0.0007646930303690791,0.0014201441992571784
2026-07-25 12:00:00+00:00,MSTR,Fold_2,,,,0.001749589939857854,0.06246944997748516,,0.0002183167776443895,0.0006549503329331685
2026-07-25 13:00:00+00:00,MSTR,Fold_2,,,,0.0019682886823400025,0.067743180014708,,0.00043653825166445337,
2026-07-25 14:00:00+00:00,MSTR,Fold_2,,-0.0014201441992571784,,0.0024056861673045216,0.13465241837445316,,0.0,
2026-07-25 15:00:00+00:00,MSTR,Fold_2,,-0.0006549503329331685,,0.0024056861673045216,0.1352692165651616,,,
2026-07-25 16:00:00+00:00,MSTR,Fold_2,,,,,,0.09695019391334761,,
2026-07-25 17:00:00+00:00,MSTR,Fold_2,,,,0.005686167304537859,0.4385030814448044,0.09412189205608558,,
2026-07-25 18:00:00+00:00,MSTR,Fold_2,,,,,,0.09568477398943859,,
2026-07-25 19:00:00+00:00,MSTR,Fold_2,,,,0.007654455986878084,0.5464215793995761,,0.00043407487791635724,
2026-07-25 20:00:00+00:00,MSTR,Fold_2,,,,0.00809185347184238,1.7950139536486063,,,
2026-07-25 21:00:00+00:00,MSTR,Fold_2,,,,,,,,
2026-07-25 22:00:00+00:00,MSTR,Fold_2,,,,,,,,
2026-07-25 23:00:00+00:00,MSTR,Fold_2,,,,,,,,
2026-07-26 00:00:00+00:00,MSTR,Fold_2,,,,0.011481683980317126,,,,
2026-07-26 01:00:00+00:00,MSTR,Fold_2,,,,,,,,
2026-07-26 02:00:00+00:00,MSTR,Fold_2,,,,0.0146528157463095,,,,
2026-07-26 03:00:00+00:00,MSTR,Fold_2,,,,,,,,
2026-07-26 04:00:00+00:00,MSTR,Fold_2,,,,0.014762165117550463,,,,
2026-07-26 05:00:00+00:00,MSTR,Fold_2,,,,,,,,
2026-07-26 06:00:00+00:00,MSTR,Fold_2,,,,,,,,
2026-07-26 07:00:00+00:00,MSTR,Fold_2,,,,,,,,
2026-07-26 08:00:00+00:00,MSTR,Fold_2,,,,,,,,
2026-07-26 09:00:00+00:00,MSTR,Fold_2,,,,,,,,
2026-07-26 10:00:00+00:00,MSTR,Fold_2,,,,0.013121924548933794,,,,
2026-07-26 11:00:00+00:00,MSTR,Fold_2,,,,,,,,
2026-07-26 12:00:00+00:00,MSTR,Fold_2,,,,,,,,
2026-07-26 13:00:00+00:00,MSTR,Fold_2,,,,,,,,
2026-07-26 14:00:00+00:00,MSTR,Fold_2,,,,0.014106068890103796,,,0.0006469700237221598,
2026-07-26 15:00:00+00:00,MSTR,Fold_2,,,,0.014762165117550463,,,0.00010775862068967967,
2026-07-26 16:00:00+00:00,MSTR,Fold_2,,,,0.014871514488791648,,,,
2026-07-26 17:00:00+00:00,MSTR,Fold_2,,,,,,,,
2026-07-26 18:00:00+00:00,MSTR,Fold_2,,,,0.01585565882996165,,,0.0004305705059202136,
2026-07-26 19:00:00+00:00,MSTR,Fold_2,,,,0.01629305631492617,,,,
2026-07-26 20:00:00+00:00,MSTR,Fold_2,,,,,,,,
2026-07-26 21:00:00+00:00,MSTR,Fold_2,,,,0.01541826134499713,,,0.012707301313805708,0.01453801421494716
2026-07-26 22:00:00+00:00,MSTR,Fold_2,,,,0.028321487151449,,,-0.0004253509145045742,-0.004040833687792511
2026-07-26 23:00:00+00:00,MSTR,Fold_2,,,,0.02788408966648448,,,0.0022340425531914843,-0.0011702127659574124
2026-07-27 00:00:00+00:00,MSTR,Fold_2,,-0.01453801421494716,,0.030180426462547816,,,-0.005838021441460506,0.0009553125995118705
2026-07-27 01:00:00+00:00,MSTR,Fold_2,,0.004040833687792511,,0.0241662110442864,,,0.0024556907964981,
2026-07-27 02:00:00+00:00,MSTR,Fold_2,,0.0011702127659574124,,0.026681246582832108,,,0.004366812227074135,
2026-07-27 03:00:00+00:00,MSTR,Fold_2,0.015507215162610333,-0.0009553125995118705,,0.031164570803717817,,,,
2026-08-01 04:00:00+00:00,MSTR,Fold_2,,,,,,0.3805244628053163,,
2026-08-01 05:00:00+00:00,MSTR,Fold_2,,,,0.0007481030244738118,0.04712853085977585,,0.0010679196924390233,0.001922255446390242
2026-08-01 06:00:00+00:00,MSTR,Fold_2,,,,0.0018168216308647178,0.09114513683107911,,0.00021335609131645228,
2026-08-01 07:00:00+00:00,MSTR,Fold_2,,,,0.0020305653521428546,0.08817238216292052,,0.0006399317406142746,
2026-08-01 08:00:00+00:00,MSTR,Fold_2,,-0.001922255446390242,,0.002671796515977265,0.10417436697671244,,,
2026-08-01 09:00:00+00:00,MSTR,Fold_2,,,,,,,,
2026-08-01 10:00:00+00:00,MSTR,Fold_2,,,,,,,,
2026-08-01 11:00:00+00:00,MSTR,Fold_2,,,,,,,,
2026-08-01 12:00:00+00:00,MSTR,Fold_2,,,,0.003419899540451077,0.09411856377553444,,0.00042603046117806187,-0.0028757056129512515
2026-08-01 13:00:00+00:00,MSTR,Fold_2,,,,0.0038473869830075724,0.09886029630674412,,0.00031938677738718724,-0.003726179069519997
2026-08-01 14:00:00+00:00,MSTR,Fold_2,,,,0.004168002564924667,0.15975233481591367,,-0.0036185610898253895,-0.010217113665389466
2026-08-01 15:00:00+00:00,MSTR,Fold_2,,0.0028757056129512515,,0.000534359303195675,0.02090803508633463,,-0.00042725913266405957,-0.01580858790856654
2026-08-01 16:00:00+00:00,MSTR,Fold_2,,0.003726179069519997,,0.00010687186063917942,0.004035297853631264,,-0.006197905535370807,-0.011861508869416504
2026-08-01 17:00:00+00:00,MSTR,Fold_2,,0.010217113665389466,,-0.006091696056428231,-0.24966523635883203,0.2914575863126283,-0.009247311827957017,
2026-08-01 18:00:00+00:00,MSTR,Fold_2,-0.01863883267653632,0.01580858790856654,-1.1934915630778362,-0.015282676071390333,-0.6189136303898493,0.45681613267841353,0.0035815064032993504,
2026-08-01 19:00:00+00:00,MSTR,Fold_2,-0.015543489832854362,0.011861508869416504,-1.1375498502300372,-0.011755904670300299,-0.5268580179246661,0.712208852879922,,
2026-08-01 20:00:00+00:00,MSTR,Fold_2,,,,,,1.1723885654434631,,
2026-08-01 21:00:00+00:00,MSTR,Fold_2,,,,-0.011755904670300299,-0.7029709135608098,1.2647305136413562,,
2026-08-01 22:00:00+00:00,MSTR,Fold_2,,,,,,1.408812615235084,,
2026-08-01 23:00:00+00:00,MSTR,Fold_2,,,,,,,,
2026-08-02 00:00:00+00:00,MSTR,Fold_2,,,,-0.011755904670300299,-0.5783895196298559,,0.003568724991889205,0.012760895425543595
2026-08-02 01:00:00+00:00,MSTR,Fold_2,,,,-0.008229133269210154,,,0.006573275862068906,
2026-08-02 02:00:00+00:00,MSTR,Fold_2,,,,-0.0017099497702254274,,,0.0025693180601649157,
2026-08-02 03:00:00+00:00,MSTR,Fold_2,,-0.012760895425543595,,0.0008549748851129912,0.04022577177065546,,,
2026-08-02 04:00:00+00:00,MSTR,Fold_2,,,,,,,,
2026-08-02 05:00:00+00:00,MSTR,Fold_2,,,,0.003419899540451077,0.1586614973466886,,-0.0014911066141228835,
2026-08-02 06:00:00+00:00,MSTR,Fold_2,,,,0.0019236934915036752,0.08757877520371396,,,
2026-08-02 07:00:00+00:00,MSTR,Fold_2,,,,,,0.7874104035842626,,
2026-08-02 08:00:00+00:00,MSTR,Fold_2,,,,-0.0018168216308644958,-0.07638578895749872,,0.0010706638115631772,-0.0014989293361884481
2026-08-02 09:00:00+00:00,MSTR,Fold_2,,,,-0.0007481030244735898,,,-0.00224598930481279,
2026-08-02 10:00:00+00:00,MSTR,Fold_2,,,,-0.00299241209789447,-0.12141490335592338,,-0.00032157787544218053,
2026-08-02 11:00:00+00:00,MSTR,Fold_2,,0.0014989293361884481,,-0.0033130276798117864,-0.13701353587280354,,,
2026-08-02 12:00:00+00:00,MSTR,Fold_2,,,,,,0.3524525430311659,,
2026-08-02 13:00:00+00:00,MSTR,Fold_2,,,,-0.0006412311638344104,-0.026777178859309653,,0.0,0.0005347021708907995
2026-08-02 14:00:00+00:00,MSTR,Fold_2,,,,-0.0006412311638344104,-0.025397922042151386,,-0.0006416426050690482,
2026-08-02 15:00:00+00:00,MSTR,Fold_2,,,,-0.0012824623276690428,-0.05013106060880497,0.32425191723168667,0.0011771000535045761,
2026-08-02 16:00:00+00:00,MSTR,Fold_2,,-0.0005347021708907995,,-0.00010687186063895737,-0.004223960751497909,0.2398040100714483,,
2026-08-02 17:00:00+00:00,MSTR,Fold_2,,,,,,0.1899631881702179,,
2026-08-02 18:00:00+00:00,MSTR,Fold_2,,,,0.0013893341883082222,0.05668395875026872,,,
2026-08-02 19:00:00+00:00,MSTR,Fold_2,,,,,,,,
2026-08-02 20:00:00+00:00,MSTR,Fold_2,,,,0.0009618467457519486,,,-0.001494768310911776,-0.0008541533205209673
2026-08-02 21:00:00+00:00,MSTR,Fold_2,,,,-0.000534359303195453,,,0.0043840889649273684,0.0053464499572284385
2026-08-02 22:00:00+00:00,MSTR,Fold_2,,,,0.0038473869830075724,,,-0.003726179069519997,-0.0018098584051954303
2026-08-02 23:00:00+00:00,MSTR,Fold_2,,0.0008541533205209673,,0.00010687186063917942,0.005977735465276733,,0.004701859371660566,0.0024577901260953716
2026-08-03 00:00:00+00:00,MSTR,Fold_2,,-0.0053464499572284385,,0.004809233728759299,0.24666342969759666,,-0.0027653690704104728,-0.007977026164645795
2026-08-03 01:00:00+00:00,MSTR,Fold_2,,0.0018098584051954303,,0.0020305653521428546,0.10020109569068524,1.4161493402851435,0.0005332764505119325,
2026-08-03 02:00:00+00:00,MSTR,Fold_2,0.0016015374759770218,-0.0024577901260953716,0.21441206835172955,0.0025649246553383076,0.12269120423716966,1.3204411908502613,-0.005756315957787028,
2026-08-03 03:00:00+00:00,MSTR,Fold_2,-0.0026732249786142193,0.007977026164645795,-0.43433441759245484,-0.003206155819172829,-0.18417401947154774,1.4342157014895667,,
2026-08-08 04:00:00+00:00,MSTR,Fold_3,,-0.009228937183685781,,0.003750493485985107,0.37964410020858147,0.3099173754228194,-0.0020648967551623043,0.0030481809242870472
2026-08-08 05:00:00+00:00,MSTR,Fold_3,,-0.006445854819515873,,0.001677852348993314,0.12049926457658977,0.18229808814415024,0.0013794462508620597,
2026-08-08 06:00:00+00:00,MSTR,Fold_3,,-0.0030596131069877686,,0.0030596131069877686,0.17876264361524513,0.3131382453381384,0.003739053429105743,
2026-08-08 07:00:00+00:00,MSTR,Fold_3,0.012305249578247635,-0.0030481809242870472,0.5084884193114478,0.0068101065929728755,0.344659440743265,0.27186598396345163,,
2026-08-08 08:00:00+00:00,MSTR,Fold_3,,,,,,0.25755173688022415,,
2026-08-08 09:00:00+00:00,MSTR,Fold_3,,,,0.0043426766679828255,0.176680074232297,0.27349044275203477,,
2026-08-08 10:00:00+00:00,MSTR,Fold_3,,,,,,0.26703933240076116,,
2026-08-08 11:00:00+00:00,MSTR,Fold_3,,,,0.00572443742597728,0.19153964117032837,,0.0007850834151128527,0.002453385672227748
2026-08-08 12:00:00+00:00,MSTR,Fold_3,,,,0.006514015001974016,0.20037381447621114,,0.0010786428711511142,0.0025495195136300275
2026-08-08 13:00:00+00:00,MSTR,Fold_3,,,,0.0075996841689696115,0.2679886553548472,,0.0005877167205408096,0.001469291801351691
2026-08-08 14:00:00+00:00,MSTR,Fold_3,,-0.002453385672227748,,0.00819186735096733,0.2777719714500613,,0.0008810572687223406,0.00039158100832104026
2026-08-08 15:00:00+00:00,MSTR,Fold_3,,-0.0025495195136300275,,0.009080142123963686,0.29632066742081115,,0.0,
2026-08-08 16:00:00+00:00,MSTR,Fold_3,,-0.001469291801351691,,0.009080142123963686,0.2846471552056937,0.0230818609123934,-0.000489045383411546,
2026-08-08 17:00:00+00:00,MSTR,Fold_3,0.0028459273797840634,-0.00039158100832104026,0.14150709788850546,0.00858665613896581,0.27950532691717644,0.050231743298809126,,
2026-08-08 18:00:00+00:00,MSTR,Fold_3,,,,,,0.08628765255633365,,
2026-08-08 19:00:00+00:00,MSTR,Fold_3,,,,,,0.10154819635336265,,
2026-08-08 20:00:00+00:00,MSTR,Fold_3,,,,,,0.3013058529336005,,
2026-08-08 21:00:00+00:00,MSTR,Fold_3,,,,0.00809317015396771,0.9217397437677558,,0.000979048364989188,
2026-08-08 22:00:00+00:00,MSTR,Fold_3,,,,0.009080142123963686,1.0002441606782444,,-0.0007824726134585402,
2026-08-08 23:00:00+00:00,MSTR,Fold_3,,,,0.00829056454796695,1.0282989208815547,,,
2026-08-09 00:00:00+00:00,MSTR,Fold_3,,,,,,,,
2026-08-09 01:00:00+00:00,MSTR,Fold_3,,,,,,,,
2026-08-09 02:00:00+00:00,MSTR,Fold_3,,,,,,,,
2026-08-09 03:00:00+00:00,MSTR,Fold_3,,,,0.009178839320963306,0.9656440500104195,,,
2026-08-09 04:00:00+00:00,MSTR,Fold_3,,,,,,,,
2026-08-09 05:00:00+00:00,MSTR,Fold_3,,,,,,,,
2026-08-09 06:00:00+00:00,MSTR,Fold_3,,,,0.009376233714962545,,,-0.00019556077050941756,
2026-08-09 07:00:00+00:00,MSTR,Fold_3,,,,0.009178839320963306,,,0.0005867970660147215,
2026-08-09 08:00:00+00:00,MSTR,Fold_3,,,,0.009771022502961024,,,,
2026-08-09 09:00:00+00:00,MSTR,Fold_3,,,,,,,,
2026-08-09 10:00:00+00:00,MSTR,Fold_3,,,,0.010165811290959281,,,0.0,-0.0006839276990717735
2026-08-09 11:00:00+00:00,MSTR,Fold_3,,,,0.010165811290959281,,,-0.0019540791402050672,0.00019540791402072877
2026-08-09 12:00:00+00:00,MSTR,Fold_3,,,,0.00819186735096733,,,0.0012726382770436029,0.004405286343612147
2026-08-09 13:00:00+00:00,MSTR,Fold_3,,0.0006839276990717735,,0.009474930911962165,,,0.0008799374266719173,0.002346499804458224
2026-08-09 14:00:00+00:00,MSTR,Fold_3,,-0.00019540791402072877,,0.010363205684958743,,,0.002246751978118411,0.001269903291980068
2026-08-09 15:00:00+00:00,MSTR,Fold_3,,-0.004405286343612147,,0.012633241215949553,,,-0.000779727095516547,
2026-08-09 16:00:00+00:00,MSTR,Fold_3,0.0016609672691745292,-0.002346499804458224,,0.011843663639952595,,,-0.00019508388607092364,
2026-08-09 17:00:00+00:00,MSTR,Fold_3,0.0014655593551540225,-0.001269903291980068,,0.011646269245953578,,,,
2026-08-09 18:00:00+00:00,MSTR,Fold_3,,,,,,,,
2026-08-09 19:00:00+00:00,MSTR,Fold_3,,,,0.012929332806948413,,,,
2026-08-09 20:00:00+00:00,MSTR,Fold_3,,,,,,,,
2026-08-09 21:00:00+00:00,MSTR,Fold_3,,,,0.012929332806948413,,,0.0003897495858911082,-0.01851310532982553
2026-08-09 22:00:00+00:00,MSTR,Fold_3,,,,0.013324121594946892,,,-0.003019382487581601,-0.0143177169572416
2026-08-09 23:00:00+00:00,MSTR,Fold_3,,,,0.010264508487958901,,,-0.015924189136381384,-0.013774912075029233
2026-08-10 00:00:00+00:00,MSTR,Fold_3,,0.01851310532982553,,-0.005823134622976567,,,0.00466593864787046,0.0
2026-08-10 01:00:00+00:00,MSTR,Fold_3,,0.0143177169572416,,-0.0011843663639952151,-0.036489986786949945,,-0.0024703557312253377,
2026-08-10 02:00:00+00:00,MSTR,Fold_3,,0.013774912075029233,,-0.003651796288985265,-0.10915161805096422,1.8190164263888327,-0.0021792966815255,
2026-08-10 03:00:00+00:00,MSTR,Fold_3,-0.01851310532982553,-0.0,-1.6057539747152012,-0.005823134622976567,-0.17857126314733268,1.63608558434772,,
2026-08-15 04:00:00+00:00,MSTR,Fold_3,0.006344768254651134,-0.0028935805379914914,0.3374407297619099,0.0014982876712328341,0.19518775492685445,0.0727563905159672,0.00032058132079515467,0.0006411626415900873
2026-08-15 05:00:00+00:00,MSTR,Fold_3,0.004938271604938205,-0.0025704187640569476,0.2620455421933483,0.0018193493150684414,0.1672162665153268,0.07251794759791257,0.0001068261937826609,0.0004273047751308656
2026-08-15 06:00:00+00:00,MSTR,Fold_3,0.0036449399656948156,-0.001926369863013866,0.19322388690616105,0.001926369863013866,0.14441925745575498,0.06685631356462411,0.00021362956633197427,0.0012817773979918456
2026-08-15 07:00:00+00:00,MSTR,Fold_3,0.0035365984353230573,-0.0006411626415900873,0.19155133632322013,0.0021404109589040488,0.1419849232683096,0.06579479754317101,0.00010679196924390233,0.0011747116616829256
2026-08-15 08:00:00+00:00,MSTR,Fold_3,0.002998821891399883,-0.0004273047751308656,0.16242326903187942,0.0022474315068494732,0.13334436346967504,0.0676745382539577,0.0009610250934328768,0.0008542445274959398
2026-08-15 09:00:00+00:00,MSTR,Fold_3,0.003210616438356073,-0.0012817773979918456,0.17427707294469233,0.003210616438356073,0.17427707294469233,0.07239594497158153,0.00010667804565822614,0.000746746319607583
2026-08-15 10:00:00+00:00,MSTR,Fold_3,0.0018166274845052843,-0.0011747116616829256,0.09860680942787173,0.0033176369863014976,0.16672337589194833,0.07580669387420182,-0.00021333333333328763,0.0041599999999999415
2026-08-15 11:00:00+00:00,MSTR,Fold_3,0.0012819143253925969,-0.0008542445274959398,0.06956733759098113,0.0031035958904110927,0.14586200594248963,0.044360144817365256,0.0008535154166222636,0.0048010242184999274
2026-08-15 12:00:00+00:00,MSTR,Fold_3,0.0020294808801537556,-0.000746746319607583,0.11059474091512703,0.003959760273972712,0.1761865600074806,0.052557541321805006,0.0035177486408697334,0.005116725295810642
2026-08-15 13:00:00+00:00,MSTR,Fold_3,0.0053395984621955606,-0.0041599999999999415,0.29122617647471977,0.007491438356164393,0.3164919327455098,0.06209957231259561,0.00042489908646703434,0.0022307202039515417
2026-08-15 14:00:00+00:00,MSTR,Fold_3,0.00565936999466099,-0.0048010242184999274,0.3750429399242266,0.007919520547945202,0.38760652473506224,0.22204631337582684,0.0011679762157570384,0.0020174134635804197
2026-08-15 15:00:00+00:00,MSTR,Fold_3,0.0058672925112013274,-0.005116725295810642,0.46713884175581744,0.009096746575342651,0.5121289626822667,0.26081426043123074,0.0006363347120583729,0.0008484462827447192
2026-08-15 16:00:00+00:00,MSTR,Fold_3,0.006399999999999961,-0.0022307202039515417,0.6281334245441078,0.009738869863013644,0.6493583680712228,0.32229440225005046,0.00021197668256500712,0.0010598834128245915
2026-08-15 17:00:00+00:00,MSTR,Fold_3,0.006828123332977665,-0.0020174134635804197,0.814249957147415,0.00995291095890427,0.7769948022283995,0.37632051398748184,0.0,0.0014835223058176084
2026-08-15 18:00:00+00:00,MSTR,Fold_3,0.00596951284511249,-0.0008484462827447192,1.1517373877210697,0.00995291095890427,1.214492084300537,0.5734869743507349,0.0008477270318956176,0.0018014199427784927
2026-08-15 19:00:00+00:00,MSTR,Fold_3,0.0032929679201190165,-0.0010598834128245915,1.08376557024644,0.01080907534246589,2.178472229065912,1.0480733716515098,0.0006352567496030748,0.0011646373742721927
2026-08-15 20:00:00+00:00,MSTR,Fold_3,0.003503928647271115,-0.0014835223058176084,1.6740626612510863,0.011451198630137105,3.2502634829525463,0.49936516088854255,0.00031742672733048316,0.0007406623637709053
2026-08-15 21:00:00+00:00,MSTR,Fold_3,0.002651394633577331,-0.0018014199427784927,1.3175917569811806,0.011772260273972712,3.3775806215879363,0.515116731180017,0.0002115506663844524,0.000951977998730591
2026-08-15 22:00:00+00:00,MSTR,Fold_3,0.0022257551669317976,-0.0011646373742721927,1.1695099507526259,0.011986301369863117,3.5392443605755592,0.40843741795722266,0.00021150592216567787,0.0011632825719121165
2026-08-15 23:00:00+00:00,MSTR,Fold_3,0.0022252834587261905,-0.0007406623637709053,1.1622909862749033,0.012200342465753522,3.4902953530781518,0.3998285715806973,0.0005286529921759708,0.0012687671812223744
2026-08-16 00:00:00+00:00,MSTR,Fold_3,0.0027551128536609237,-0.000951977998730591,1.4876507590439743,0.012735445205479534,3.675713934599949,0.4134018327249718,0.000422698932685206,0.000845397865370412
2026-08-16 01:00:00+00:00,MSTR,Fold_3,0.0023292747485441634,-0.0011632825719121165,1.2873346760587436,0.013163527397260344,3.799332613124589,0.34755567901497797,0.0003168902503432047,0.0016900813351641286
2026-08-16 02:00:00+00:00,MSTR,Fold_3,0.002010369273092838,-0.0012687671812223744,1.1131391936235757,0.013484589041095951,3.8134939284156206,0.2344349426003968,0.00010559662090803279,0.0014783526927137913
2026-08-16 03:00:00+00:00,MSTR,Fold_3,0.0017981806642690668,-0.000845397865370412,0.9926361629227521,0.013591609589041154,3.751437065945205,0.1670573149591816,0.0012670256572695493,0.0015837820715869366
2026-08-16 04:00:00+00:00,MSTR,Fold_3,0.0028553299492384276,-0.0016900813351641286,1.5643410279291623,0.014875856164383583,3.992663654648388,0.20882406120377786,0.00010545186122534744,0.0
2026-08-16 05:00:00+00:00,MSTR,Fold_3,0.0027489955593149595,-0.0014783526927137913,1.529088039820664,0.014982876712328785,4.0035256028087955,0.5663133366320662,0.000210881484605574,
2026-08-16 06:00:00+00:00,MSTR,Fold_3,0.002430518862939879,-0.0015837820715869366,1.344125791040236,0.01519691780821919,3.961778366741289,0.5839484874501802,-0.0003162555344718987,
2026-08-16 07:00:00+00:00,MSTR,Fold_3,0.0016900813351641286,-0.0,0.9376713427872299,0.014875856164383583,3.820512436417652,0.5980262137440219,,
2026-08-16 08:00:00+00:00,MSTR,Fold_3,,,,,,0.7009282337654499,,
2026-08-16 09:00:00+00:00,MSTR,Fold_3,,,,0.005565068493150749,1.327186786264642,0.7714690846547598,0.0005321413367391781,0.0006385696040869249
2026-08-16 10:00:00+00:00,MSTR,Fold_3,,,,0.006100171232876761,1.408163243226623,0.8652323774967835,0.0001063716625890887,-0.00021274332517828842
2026-08-16 11:00:00+00:00,MSTR,Fold_3,,,,0.0062071917808219634,1.4206172230914789,0.4534211202761063,0.0,0.001382684535205403
2026-08-16 12:00:00+00:00,MSTR,Fold_3,,-0.0006385696040869249,,0.0062071917808219634,1.4210751307328733,0.460568357102991,-0.00031908104658584513,0.00010636034886202239
2026-08-16 13:00:00+00:00,MSTR,Fold_3,,0.00021274332517828842,,0.005886130136986356,1.3171261365349676,0.4573211255813027,0.001702308756250881,0.0123417384828175
2026-08-16 14:00:00+00:00,MSTR,Fold_3,,-0.001382684535205403,,0.007598458904109595,3.1961243229027443,0.8748572957832171,-0.0012745618693574823,0.004992033988316491
2026-08-16 15:00:00+00:00,MSTR,Fold_3,0.0007449978714346717,-0.00010636034886202239,0.6142325647630095,0.006314212328767166,2.125305482190246,1.5891229929022095,0.011911092204615503,
2026-08-16 16:00:00+00:00,MSTR,Fold_3,0.01212636953515589,-0.0123417384828175,8.505172891105179,0.018300513698630283,5.168807895153115,1.6877941946624322,-0.005570152390961702,
2026-08-16 17:00:00+00:00,MSTR,Fold_3,0.0063816209317166805,-0.004992033988316491,1.0230599542390868,0.012628424657534332,0.8044574652840508,1.9397464217875642,,
2026-08-16 18:00:00+00:00,MSTR,Fold_3,,,,,,2.023595656189094,,
2026-08-16 19:00:00+00:00,MSTR,Fold_3,,,,0.012628424657534332,0.6756753367719986,2.2008782035259324,0.0010568590150072943,
2026-08-16 20:00:00+00:00,MSTR,Fold_3,,,,0.013698630136986356,0.7057765381730066,2.4537779372842974,0.000316722972973027,
2026-08-16 21:00:00+00:00,MSTR,Fold_3,,,,0.014019691780821963,0.7131847801415014,2.454329260713901,,
2026-08-16 22:00:00+00:00,MSTR,Fold_3,,,,,,2.4018871144035328,,
2026-08-16 23:00:00+00:00,MSTR,Fold_3,,,,0.014019691780821963,0.6784742733467614,,-0.016253298153034335,-0.008126649076517056
2026-08-17 00:00:00+00:00,MSTR,Fold_3,,,,-0.002461472602739767,-0.11452275057103034,,0.0033258234095054906,0.008153631584594034
2026-08-17 01:00:00+00:00,MSTR,Fold_3,,,,0.0008561643835616195,0.02471568873434799,,0.0049187339606502345,
2026-08-17 02:00:00+00:00,MSTR,Fold_3,,0.008126649076517056,,0.005779109589041154,0.16281384163377835,1.7385564806400118,-0.00010640561821673167,
2026-08-17 03:00:00+00:00,MSTR,Fold_3,,-0.008153631584594034,,0.005672089041095951,0.1540651452713741,1.833329222286836,,
2026-08-22 04:00:00+00:00,MSTR,Fold_3,0.009682448510708097,-0.00943396226415083,0.2373850494095217,0.0014649629689915677,0.087977261480479,0.2981307481483173,-0.008533116619260483,-0.008695652173912993
2026-08-22 05:00:00+00:00,MSTR,Fold_3,0.006185567010309256,-0.00024596212183314314,0.1528451497583838,-0.00708065435012617,-0.30304433325772184,0.2649396451385851,0.0006557377049181135,-0.0006557377049180024
2026-08-22 06:00:00+00:00,MSTR,Fold_3,0.006837057013962644,0.006429559697241016,0.16767663501781183,-0.006429559697241016,-0.22299728689220738,0.3310948738436437,-0.0008191349934468795,-0.0008191349934468795
2026-08-22 07:00:00+00:00,MSTR,Fold_3,0.0006562756357670896,0.008695652173912993,0.01609954462709377,-0.0072434280133474305,-0.21762916150522252,0.3301104965747616,-0.0004918839153960075,-0.017297917691424858
2026-08-22 08:00:00+00:00,MSTR,Fold_3,-0.00040993686972201626,0.0006557377049180024,-0.010066909302685896,-0.007731749003011323,-0.20799243791806354,0.3076051486963522,0.0004921259842520787,-0.017142388451443558
2026-08-22 09:00:00+00:00,MSTR,Fold_3,-0.0072434280133474305,0.0008191349934468795,-0.2785086520482699,-0.0072434280133474305,-0.2785086520482699,0.4815865969438536,-0.017297917691424858,-0.015986227250368912
2026-08-22 10:00:00+00:00,MSTR,Fold_3,-0.02584315318976016,0.017297917691424858,-1.1347868525025877,-0.024416049483193647,-0.9925920561492932,0.3961597367716622,-0.0003336948360724845,0.0025027112705431342
2026-08-22 11:00:00+00:00,MSTR,Fold_3,-0.017786885245901662,0.017142388451443558,-0.7348739621701529,-0.02474159680963628,-0.8852609629768665,0.7311803746381904,0.0016690311274305536,0.004422932487690989
2026-08-22 12:00:00+00:00,MSTR,Fold_3,-0.01679226736566186,0.015986227250368912,-0.8959377729291558,-0.02311386017742334,-1.0069209079026462,0.9206752387278693,0.0011663750728985178,0.002999250187453173
2026-08-22 13:00:00+00:00,MSTR,Fold_3,-0.014838498114445042,-0.0025027112705431342,-0.7985915783640298,-0.021974444534874293,-0.9160692625126535,0.9439050816100996,0.0015810934509443708,0.0024132478988099226
2026-08-22 14:00:00+00:00,MSTR,Fold_3,-0.012795275590551158,-0.004422932487690989,-0.7537644917938755,-0.020428094734271984,-0.8887777553454255,1.0553984484811034,0.0002492522432702149,0.009471585244267278
2026-08-22 15:00:00+00:00,MSTR,Fold_3,-0.013034923757993089,-0.002999250187453173,-0.8241579307779182,-0.020183934239440093,-0.9023868783146967,1.1573910697609442,0.0005814436414983692,0.009303098263975462
2026-08-22 16:00:00+00:00,MSTR,Fold_3,0.004921998832067898,-0.0024132478988099226,0.312457126274314,-0.01961422641816568,-0.8459098094007445,1.159514998381747,0.00863357130997855,0.008716586418728411
2026-08-22 17:00:00+00:00,MSTR,Fold_3,0.013936409914044878,-0.009471585244267278,0.8849367215915305,-0.011149995930658463,-0.46349774065246163,0.12313592329321502,8.23045267490663e-05,0.006008230452674956
2026-08-22 18:00:00+00:00,MSTR,Fold_3,0.01233025077064065,-0.009303098263975462,0.7758879103555173,-0.011068609099047722,-0.4405042687512255,0.4848393353353788,0.0,0.03719858447864377
2026-08-22 19:00:00+00:00,MSTR,Fold_3,0.011150869601397995,-0.008716586418728411,0.7015355343113828,-0.011068609099047722,-0.42643183642012256,0.5046330806240957,0.005925438235536262,0.01966916303184929
2026-08-22 20:00:00+00:00,MSTR,Fold_3,0.015536723163841915,-0.006008230452674956,0.9833362532407626,-0.0052087572230813395,-0.19585195163935712,0.5225617402459833,0.031088930704409767,0.013008263110529272
2026-08-22 21:00:00+00:00,MSTR,Fold_3,0.04684774482930476,-0.03719858447864377,3.0225727711828996,0.025718238788963843,0.9580069795706512,0.591998916656109,-0.01690073791954294,-0.016583353169880244
2026-08-22 22:00:00+00:00,MSTR,Fold_3,0.028557197409928792,-0.01966916303184929,1.4215162876446494,0.008382843655896588,0.2344911451730357,1.4622026226012694,-0.0006456820016143006,0.0004842615012106144
2026-08-22 23:00:00+00:00,MSTR,Fold_3,0.019094650205761177,-0.013008263110529272,0.8712236085034941,0.007731749003011323,0.1932218797823414,1.7481276343405376,0.0009691487643352925,-0.0029882086900338
2026-08-23 00:00:00+00:00,MSTR,Fold_3,0.01999835404493444,0.016583353169880244,0.9206786965448684,0.00870839098233911,0.21429781289473182,1.7643844391844572,0.00016136840406644204,-0.0050831047280942565
2026-08-23 01:00:00+00:00,MSTR,Fold_3,0.02016294955147724,-0.0004842615012106144,0.9284748855997759,0.00887116464556037,0.21333446443902232,1.761207550578535,-0.004114230396902174,-0.006776379477250627
2026-08-23 02:00:00+00:00,MSTR,Fold_3,0.009981183015626227,0.0029882086900338,0.46216540632883274,0.0047204362334174466,0.11163728305797292,1.770181570611766,-0.0011340623734305,-0.00356419603078173
2026-08-23 03:00:00+00:00,MSTR,Fold_3,-0.02158216297706894,0.0050831047280942565,-0.9930826672265604,0.0035810205908684,0.08238862535583992,1.78345907907283,-0.0015408320493066618,-0.0016219284729543926
2026-08-23 04:00:00+00:00,MSTR,Fold_3,-0.006295399515738542,0.006776379477250627,-0.2935103596366123,0.002034670790266091,0.04647291448301852,0.7695035133847471,-0.0008934372969460203,-0.002599090318388675
2026-08-23 05:00:00+00:00,MSTR,Fold_3,-0.006541754159263391,0.00356419603078173,-0.3049126218529664,0.0011394156425490465,0.025512458528350688,0.200013818898971,0.0008129420372327001,0.0046337696122265015
2026-08-23 06:00:00+00:00,MSTR,Fold_3,-0.00669678876875901,0.0016219284729543926,-0.31902660595524635,0.0019532839586553497,0.043865130884258016,0.2034288594091841,-0.0025180732678092843,-0.0014621070587279572
2026-08-23 07:00:00+00:00,MSTR,Fold_3,-0.009357857373346268,0.002599090318388675,-0.4457819451513406,-0.0005697078212745232,-0.012563042949703519,0.19920447838451316,0.006351791530944562,-0.0004071661237784463
2026-08-23 08:00:00+00:00,MSTR,Fold_3,0.0010530579181855515,-0.0046337696122265015,0.05006319088584481,0.005778465044355752,0.12495550254817062,0.19275180942935094,-0.005259750768732752,-0.0059880239520957446
2026-08-23 09:00:00+00:00,MSTR,Fold_3,-0.0030816640986132127,0.0014621070587279572,-0.14506425445716098,0.0004883209896637819,0.010280056496088171,0.37045805414658256,-0.0014642479459855418,-0.0008948181892134421
2026-08-23 10:00:00+00:00,MSTR,Fold_3,-0.0030051981806368255,0.0004071661237784463,-0.14013684714690008,-0.0009766419793277858,-0.02003592471444934,0.4471853528300075,0.0007331975560080917,0.001303462321792237
2026-08-23 11:00:00+00:00,MSTR,Fold_3,-0.0013820014632957012,0.0059880239520957446,-0.07120671135333961,-0.00024416049483189095,-0.005447389861089163,0.49361220713111364,-0.00016281341582558007,0.0026864213611201837
2026-08-23 12:00:00+00:00,MSTR,Fold_3,-0.00235561692795061,0.0008948181892134421,-0.1214471812420741,-0.00040693415805337363,-0.008945931617683098,0.4968464890905917,0.0007327796775769002,-0.0017098192476794338
2026-08-23 13:00:00+00:00,MSTR,Fold_3,0.0008957654723127373,-0.001303462321792237,0.04616647550283647,0.00032554732644252127,0.0070482727490975275,0.49271108754405757,0.0021153689691644217,-0.000650882759742899
2026-08-23 14:00:00+00:00,MSTR,Fold_3,-0.003317688946431474,-0.0026864213611201837,-0.17098746829942812,0.0024416049483193536,0.05210094681355279,0.47608797363614014,-0.0045465616627425876,-0.002516846634732506
2026-08-23 15:00:00+00:00,MSTR,Fold_3,-0.002603107459529852,0.0017098192476794338,-0.13411621081004627,-0.0021160576218768323,-0.04450830368243682,0.32697571825290367,0.0017943071527608545,0.0030176983932794776
2026-08-23 16:00:00+00:00,MSTR,Fold_3,0.0006517311608960075,0.000650882759742899,0.03324421092320946,-0.0003255473264426323,-0.006687078772162798,0.2918028294711709,0.000244240006513019,0.0014654400390785582
2026-08-23 17:00:00+00:00,MSTR,Fold_3,0.00016281341582535802,0.002516846634732506,0.008302430812039172,-8.138683161074134e-05,-0.0016491229889085612,0.3028480572093964,0.0009767214715936667,0.0026045905909164446
2026-08-23 18:00:00+00:00,MSTR,Fold_3,0.0013027194268036002,-0.0030176983932794776,0.06790353999530263,0.0008952551477170445,0.018303395951643257,0.30740226928097136,0.0002439421044071466,0.0022767929744673676
2026-08-23 19:00:00+00:00,MSTR,Fold_3,0.0008136034496786237,-0.0014654400390785582,0.04240815495829298,0.0011394156425490465,0.02300193668757493,0.3107935755829505,0.0013820014632957012,0.0019510608893584802
2026-08-23 20:00:00+00:00,MSTR,Fold_3,8.118860112049653e-05,-0.0026045905909164446,0.00423216601325173,0.002522991779930095,0.050311488804968385,0.3092238643041268,0.0006494560805325733,0.00024354603019949295
2026-08-23 21:00:00+00:00,MSTR,Fold_3,0.005301362042247737,-0.0022767929744673676,0.2792473908924822,0.0031740864328151375,0.06319335142889203,0.29911971631707923,-8.112932013637497e-05,-0.018822002271621008
2026-08-23 22:00:00+00:00,MSTR,Fold_3,0.0034193600911829325,-0.0019510608893584802,0.3354758297941116,0.003092699601204396,0.11334321647779501,0.1504345245373014,-0.00032454361054767844,-0.03748478701825564
2026-08-23 23:00:00+00:00,MSTR,Fold_3,0.0028487709588149723,-0.00024354603019949295,0.48606003962750266,0.002767152274761875,0.17434710095230005,0.2264171087738026,-0.018423829234640032,-0.02361821280740195
2026-08-24 00:00:00+00:00,MSTR,Fold_3,-0.016588063099691075,0.018822002271621008,-2.832174182596861,-0.01570765850085465,-0.9792759749173929,0.2714694987839275,-0.019100380353894497,-0.020257979163221473
2026-08-24 01:00:00+00:00,MSTR,Fold_3,-0.03560686123079437,0.03748478701825564,-3.2993883719059633,-0.034508016602913694,-1.1548257394709176,1.7471589983454603,0.014077383461181814,
2026-08-24 02:00:00+00:00,MSTR,Fold_3,-0.023380418899171973,0.02361821280740195,-1.6639385130983695,-0.020916415723935877,-0.531861981457873,1.7291158681824914,-0.015045719035744032,
2026-08-24 03:00:00+00:00,MSTR,Fold_3,-0.03869868570501389,0.020257979163221473,-2.4077087883610626,-0.03564743224546274,-0.78413529244162,1.9436016616301643,,
2026-06-27 06:00:00+00:00,SPCX,Fold_1,,,,,,,-0.000719801073157833,-0.0005889281507656108
2026-06-27 07:00:00+00:00,SPCX,Fold_1,,,,,,,-0.0005238687708729595,-0.0026193438543644643
2026-06-27 08:00:00+00:00,SPCX,Fold_1,,,,,,,0.0006551791915088145,0.004258664744807739
2026-06-27 09:00:00+00:00,SPCX,Fold_1,,0.0005889281507656108,,,,,-0.0027499508937339767,0.004321351404439122
2026-06-27 10:00:00+00:00,SPCX,Fold_1,,0.0026193438543644643,,,,,0.006368590374893346,0.001904011555380336
2026-06-27 11:00:00+00:00,SPCX,Fold_1,,-0.004258664744807739,,,,,0.0007176409185802868,0.0022834029227556396
2026-06-27 12:00:00+00:00,SPCX,Fold_1,0.0037298782881820536,-0.004321351404439122,,,,,-0.005150270552187197,0.00026077319251593956
2026-06-27 13:00:00+00:00,SPCX,Fold_1,-0.0007203195599503331,-0.001904011555380336,,,,,0.006749672346002544,0.007863695937090576
2026-06-27 14:00:00+00:00,SPCX,Fold_1,0.0065517919150888115,-0.0022834029227556396,,,,,-0.0013018290698431079,-0.0015621948838118183
2026-06-27 15:00:00+00:00,SPCX,Fold_1,0.004583251489556739,-0.00026077319251593956,,,,,0.002411523170175345,-0.0007169393208630304
2026-06-27 16:00:00+00:00,SPCX,Fold_1,0.009782680060403282,-0.007863695937090576,,,,,-0.0026657997399220923,-0.0019505851755526882
2026-06-27 17:00:00+00:00,SPCX,Fold_1,0.0007176409185802868,0.0015621948838118183,,,,,-0.00045635308690261667,-0.0009778994719341627
2026-06-27 18:00:00+00:00,SPCX,Fold_1,-0.00045635308690261667,0.0007169393208630304,,,,,0.0011740151317505276,-6.522306287493063e-05
2026-06-27 19:00:00+00:00,SPCX,Fold_1,0.005897771952817932,0.0019505851755526882,0.6851655073301816,,,1.1861995012273234,-0.0016938110749185054,-0.0013029315960911836
2026-06-27 20:00:00+00:00,SPCX,Fold_1,-0.0025385666861940104,0.0009778994719341627,-0.3071911128059362,,,0.9914309654404437,0.0004567997911772981,0.0005873140172278912
2026-06-27 21:00:00+00:00,SPCX,Fold_1,-0.0007821156227596493,6.522306287493063e-05,-0.09714262052275027,,,0.5773091022942711,-6.522731720037811e-05,0.0013045463440088945
2026-06-27 22:00:00+00:00,SPCX,Fold_1,-0.0032509752925877766,0.0013029315960911836,-0.4189387296336131,,,0.590306885964633,0.0001956947162427003,0.0009132420091322313
2026-06-27 23:00:00+00:00,SPCX,Fold_1,-0.00039115978877357627,-0.0005873140172278912,-0.05216225646835436,,,0.4622743966615965,0.0011739385638815936,-6.521880910470568e-05
2026-06-28 00:00:00+00:00,SPCX,Fold_1,0.0012392381946255693,-0.0013045463440088945,0.17067554058335965,,,0.32643990645039717,-0.0004559963520290866,0.0018239854081167906
2026-06-28 01:00:00+00:00,SPCX,Fold_1,-0.00039087947882732177,-0.0009132420091322313,-0.055315245144016846,,,0.3674965603823517,-0.0007820646506778717,0.0018248175182482562
2026-06-28 02:00:00+00:00,SPCX,Fold_1,0.0005220569042023726,6.521880910470568e-05,0.07589259233846009,,,0.3445454665421868,0.0030654839551265134,0.004109052961126958
2026-06-28 03:00:00+00:00,SPCX,Fold_1,0.003130911225621258,-0.0018239854081167906,0.46606623168121475,,,0.2527964011114326,-0.00045516613563945096,0.0011704272059303023
2026-06-28 04:00:00+00:00,SPCX,Fold_1,0.002739726027397138,-0.0018248175182482562,0.4071849575683242,,,0.514913155991753,0.0014962269060629918,0.002797293780900434
2026-06-28 05:00:00+00:00,SPCX,Fold_1,0.00404356616448176,-0.004109052961126958,0.6146836747733296,,,0.5418406689606009,0.000129912309191349,0.0
2026-06-28 06:00:00+00:00,SPCX,Fold_1,0.0029965474561919336,-0.0011704272059303023,0.46404376225171184,,,0.5706874704561404,0.0011690589075794566,-0.004286549327791156
2026-06-28 07:00:00+00:00,SPCX,Fold_1,0.004627215849843713,-0.002797293780900434,0.7325866834426364,,,0.5799254668026199,-0.0012974375608174604,-0.0019461563412261906
2026-06-28 08:00:00+00:00,SPCX,Fold_1,0.004109052961126958,-0.0,0.6516001914928451,,,0.5568427442304066,-0.0041571938941213915,-0.004352062357908304
2026-06-28 09:00:00+00:00,SPCX,Fold_1,-0.0031211392158136952,0.004286549327791156,-0.49173438370701755,,,0.6002769402109736,0.0035222751288239706,0.002739547322418545
2026-06-28 10:00:00+00:00,SPCX,Fold_1,0.0008456934686442708,0.0019461563412261906,0.125593814754439,,,0.748671115847974,-0.003704907377315547,-0.0002599935001624809
2026-06-28 11:00:00+00:00,SPCX,Fold_1,-0.004352062357908304,0.004352062357908304,-0.6441443888218816,,,0.9574278536848256,0.0029358037578286478,0.005284446764091788
2026-06-28 12:00:00+00:00,SPCX,Fold_1,-0.0015587452101059052,-0.002739547322418545,-0.24717687170699149,,,1.1436511020790896,0.0005203928966370786,0.0023417680348665204
2026-06-28 13:00:00+00:00,SPCX,Fold_1,-0.002205643853389616,0.0002599935001624809,-0.341049524121905,,,1.252671217252719,0.0018204278005331531,-0.0011052597360380334
2026-06-28 14:00:00+00:00,SPCX,Fold_1,0.0009093861643392209,-0.005284446764091788,0.15517623278096193,,,1.3633395049697348,0.0,0.0003244856901809534
2026-06-28 15:00:00+00:00,SPCX,Fold_1,0.0050877307416346,-0.0023417680348665204,1.040419654874744,,,1.6684522818595007,-0.002920371211629691,-0.000454279966253468
2026-06-28 16:00:00+00:00,SPCX,Fold_1,-0.001364965875853108,0.0011052597360380334,-0.28237481449286705,,,1.3216267365935372,0.0032543608435302573,0.002473314241083102
2026-06-28 17:00:00+00:00,SPCX,Fold_1,0.005610647181628403,-0.0003244856901809534,1.1389289351087573,,,1.299584236733587,-0.0007785130400932427,0.000324380433372351
2026-06-28 18:00:00+00:00,SPCX,Fold_1,0.00188642425030916,0.000454279966253468,0.3778603956464799,,,1.1204912667245757,0.0,0.001493312556810844
2026-06-28 19:00:00+00:00,SPCX,Fold_1,0.0013653208503998648,-0.002473314241083102,0.2727313690544993,,,1.0428184672496805,0.001103752759381793,0.002726918582002247
2026-06-28 20:00:00+00:00,SPCX,Fold_1,0.0006489713803621289,-0.000324380433372351,0.13030606880197243,,,1.0485078061459252,0.0003891302937932828,0.004669563525520504
2026-06-28 21:00:00+00:00,SPCX,Fold_1,0.0010383542085794506,-0.001493312556810844,0.2116019794425437,,,1.0198590182943248,0.0012317666126417937,0.0015559157212319263
2026-06-28 22:00:00+00:00,SPCX,Fold_1,0.005206977349648589,-0.002726918582002247,1.061237032531287,,,1.0209757831217179,0.003043253043253147,0.0015540015540016494
2026-06-28 23:00:00+00:00,SPCX,Fold_1,0.004995458673932918,-0.004669563525520504,1.013867131801744,,,0.6880128019549244,-0.002711251694532235,0.0
2026-06-29 00:00:00+00:00,SPCX,Fold_1,0.003051551746526382,-0.0015559157212319263,0.5969343507627394,,,0.6286114389892757,0.001229853064923292,0.006537639976697429
2026-06-29 01:00:00+00:00,SPCX,Fold_1,0.004285157771718007,-0.0015540015540016494,0.8041341122588598,,,0.8707391811785969,0.0014869407809670054,
2026-06-29 02:00:00+00:00,SPCX,Fold_1,0.004669563525520504,-0.0,0.8751275671635985,,,0.8697825541695468,0.003808663094700071,
2026-06-29 03:00:00+00:00,SPCX,Fold_1,0.008103727714748876,-0.006537639976697429,1.519755935529721,,,0.8805131923667737,,
2026-07-04 04:00:00+00:00,SPCX,Fold_1,0.008609854198089462,-0.012235887732576556,0.5611144816135689,0.011725398726596614,1.8717977700371227,0.7426524445200758,0.0031154589070969685,-0.011402579599975149
2026-07-04 05:00:00+00:00,SPCX,Fold_1,0.0061875000000000124,-0.01519737671837551,0.3757587471747812,0.014877387631595518,1.5648805522830114,1.01851247868649,-0.0016771228026586371,-0.013230635443195249
2026-07-04 06:00:00+00:00,SPCX,Fold_1,0.013494766048681939,-0.013175313622896034,0.8625601917015001,0.013175313622896034,1.1909677758371773,1.0374889945307277,-0.012817322050771573,-0.00018666002986555963
2026-07-04 07:00:00+00:00,SPCX,Fold_1,0.0006937874487542572,0.011402579599975149,0.04465854101073232,0.00018911933429999195,0.01490938233287156,0.7720888790694677,0.0012605571662676063,0.011092903063153914
2026-07-04 08:00:00+00:00,SPCX,Fold_1,0.001765670324126667,0.013230635443195249,0.10682752898703249,0.0014499148962996422,0.09609630742466015,1.1749998641209867,0.011519576986025237,0.006420747828276285
2026-07-04 09:00:00+00:00,SPCX,Fold_1,0.012986194288596042,0.00018666002986555963,0.7851565215601607,0.012986194288596042,0.7851565215601607,1.176165261712441,-0.0016802539050345677,-0.005787541228452375
2026-07-04 10:00:00+00:00,SPCX,Fold_1,-0.0004361642469936644,-0.011092903063153914,-0.024940945294629265,0.011284120279896559,0.597388913725531,1.283528335447917,-0.0033661638199725674,0.0006857000374018707
2026-07-04 11:00:00+00:00,SPCX,Fold_1,-0.006894838188707508,-0.006420747828276285,-0.3939808758103701,0.007879972262497592,0.3899477181709369,1.1090192170757438,-0.0007505629221916665,0.0021265949462097034
2026-07-04 12:00:00+00:00,SPCX,Fold_1,-0.005973120955699351,0.005787541228452375,-0.3398590592301183,0.007123494925297846,0.3309367757351674,1.0937269419374211,0.004819729594391697,-0.0055082623935903685
2026-07-04 13:00:00+00:00,SPCX,Fold_1,0.011786209504601075,-0.0006857000374018707,0.6710460830235095,0.011977557838996455,0.528228818191915,1.0938928469925666,-0.0019311032205818757,-0.0067277144458980365
2026-07-04 14:00:00+00:00,SPCX,Fold_1,0.008560997104368528,-0.0021265949462097034,0.4835172023722452,0.010023324717896909,0.4180985509632323,0.7552646724766768,-0.008363500187242523,-0.008925227811758862
2026-07-04 15:00:00+00:00,SPCX,Fold_1,-0.011263924326342711,0.0055082623935903685,-0.70290971594303,0.0015759944524995628,0.0695423734487462,0.8701269509189752,0.0035876132930512394,-0.0008182275931520877
2026-07-04 16:00:00+00:00,SPCX,Fold_1,-0.006046627602543264,0.0067277144458980365,-0.3979779858611353,0.0051692618041983,0.23114170084144464,0.6857064624117694,-0.004139228598306621,0.002822201317027373
2026-07-04 17:00:00+00:00,SPCX,Fold_1,-0.00681761320990748,0.008925227811758862,-0.4913940456443777,0.001008636449599587,0.047593078458452974,0.8491573373756127,-0.0002519050318029459,0.006990364632533552
2026-07-04 18:00:00+00:00,SPCX,Fold_1,-0.006321982974461626,0.0008182275931520877,-0.45439687074113905,0.0007564773371997457,0.034388079924499104,0.8618606784832293,0.007244094488189079,0.00913385826771651
2026-07-04 19:00:00+00:00,SPCX,Fold_1,-0.003924500093440475,-0.002822201317027373,-0.2868822319787302,0.008006051818697735,0.35838789955954153,0.8786830123673071,0.0,-0.0033145716072545683
2026-07-04 20:00:00+00:00,SPCX,Fold_1,-0.0019972537760578613,-0.006990364632533552,-0.14094537535742155,0.008006051818697735,0.3356503781871547,0.958540497768022,0.0018761726078797558,-0.0031269543464665928
2026-07-04 21:00:00+00:00,SPCX,Fold_1,0.0083081570996979,-0.00913385826771651,0.5924562332392918,0.009897245161696988,0.4074790395352648,0.9626919720184446,-0.005181023720349454,-0.009862671660424316
2026-07-04 22:00:00+00:00,SPCX,Fold_1,-0.0005017246785825602,0.0033145716072545683,-0.03578389570398482,0.004664943579398617,0.18696804036666292,0.6745238940753076,0.00018824119972382647,-0.0035765827947542572
2026-07-04 23:00:00+00:00,SPCX,Fold_1,0.003841551734995896,0.0031269543464665928,0.26888138724917904,0.004854062913698609,0.18608873435916795,0.7667437758289402,-0.00489335006273528,-0.004328732747804209
2026-07-05 00:00:00+00:00,SPCX,Fold_1,-0.0008188976377953017,0.009862671660424316,-0.058482105311051934,-6.303977809996031e-05,-0.002406434436297175,0.7016294578025152,0.0011347875425544718,0.014941369310301322
2026-07-05 01:00:00+00:00,SPCX,Fold_1,-0.0068792995622263264,0.0035765827947542572,-0.5100814847951098,0.0010716762276998804,0.04149762292507586,0.8391004019153221,-0.0005667506297228897,0.00881612090680095
2026-07-05 02:00:00+00:00,SPCX,Fold_1,-0.007442151344590364,0.004328732747804209,-0.5513756638124956,0.0005043182247999045,0.019083826781614674,0.5608418702155026,0.014365824459706467,0.0034024321088776954
2026-07-05 03:00:00+00:00,SPCX,Fold_1,0.0049313358302123245,-0.014941369310301322,0.36525373785864174,0.014877387631595518,0.5509685031710992,0.5546015127045397,-0.004907137089260383,-0.009876389837878197
2026-07-05 04:00:00+00:00,SPCX,Fold_1,0.005208006525694753,-0.00881612090680095,0.34075737948239304,0.009897245161696988,0.31724420596343017,1.143567114746801,-0.005930087390761507,-0.0038077403245941888
2026-07-05 05:00:00+00:00,SPCX,Fold_1,-0.0009410288582183401,-0.0034024321088776954,-0.06548499169640189,0.003908466242198871,0.13065744196998022,1.208504771121267,0.0009419152276295417,0.013312401883830427
2026-07-05 06:00:00+00:00,SPCX,Fold_1,0.004917412684402933,0.009876389837878197,0.33774881794847816,0.004854062913698609,0.157165176522675,1.2836516384776284,0.0011919698870765938,0.013488080301129246
2026-07-05 07:00:00+00:00,SPCX,Fold_1,0.004974811083123365,0.0038077403245941888,0.3416761840058324,0.006051818697598188,0.19240689589957316,1.2221891325309873,0.011153581051444261,0.014787893978319255
2026-07-05 08:00:00+00:00,SPCX,Fold_1,0.016760128536324137,-0.013312401883830427,1.2863421183885055,0.017272899199394898,0.6030051339503881,1.3658702712173438,0.001115448968209698,0.001487265290946338
2026-07-05 09:00:00+00:00,SPCX,Fold_1,0.003478476924032581,-0.013488080301129246,0.24632900788726,0.018407615205194627,0.5829602679242905,1.441300238283393,0.0024760136180748127,0.002971216341689731
2026-07-05 10:00:00+00:00,SPCX,Fold_1,0.010923845193508086,-0.014787893978319255,0.8438648491625043,0.020929206329193706,0.7112870432823308,1.151249586488125,-0.0020994133991971697,-0.0005557270762579503
2026-07-05 11:00:00+00:00,SPCX,Fold_1,0.014819466248037871,-0.001487265290946338,1.1442417562046188,0.01878585387379439,0.62808266356934,1.0333906378996571,0.0025988490811210685,0.0004950188725945104
2026-07-05 12:00:00+00:00,SPCX,Fold_1,0.016499372647427846,-0.002971216341689731,1.281977361613153,0.02143352455399361,0.7101092546072393,0.8599812229283793,-0.0010491884218970515,-0.0021600938097883216
2026-07-05 13:00:00+00:00,SPCX,Fold_1,0.014223948868976821,0.0005557270762579503,1.1028983083596517,0.020361848326293952,0.6632368575129886,0.8465520247926689,-0.0010502903743977443,0.006239960459656357
2026-07-05 14:00:00+00:00,SPCX,Fold_1,0.0019830203879283026,-0.0004950188725945104,0.15578948350235164,0.019290172098594294,0.6274637828260646,0.9044710737530948,-6.184674376885635e-05,0.006617601583276622
2026-07-05 15:00:00+00:00,SPCX,Fold_1,0.0008047044258743252,0.0021600938097883216,0.06338690509196314,0.019227132320494222,0.618303987823205,0.3866596279710928,0.007360217714002859,0.006803562592775814
2026-07-05 16:00:00+00:00,SPCX,Fold_1,0.005680765668416354,-0.006239960459656357,0.4793143657368076,0.026728865914392053,0.908173585434676,0.40699312065648796,-0.0006753852766010482,-0.000552587953582595
2026-07-05 17:00:00+00:00,SPCX,Fold_1,0.007115896293546031,-0.006617601583276622,0.5817265472032078,0.026035428355292156,0.8457418620457089,0.7058810159968523,0.0001228803145736368,0.006574096829688125
2026-07-05 18:00:00+00:00,SPCX,Fold_1,0.004628772449546403,-0.006803562592775814,0.3863623976540578,0.0261615079114923,0.8565152804175475,0.6789494245860703,0.0,0.012102223860425143
2026-07-05 19:00:00+00:00,SPCX,Fold_1,0.005683924379092931,0.000552587953582595,0.4747958129372789,0.0261615079114923,0.8463831156704543,0.6677652491205349,0.00645042388499828,0.013023712986853342
2026-07-05 20:00:00+00:00,SPCX,Fold_1,0.013235203166553466,-0.006574096829688125,1.1474433258018994,0.03278068461199024,1.087182237194845,0.6738555132035368,0.005615577122626947,0.006836354757980612
2026-07-05 21:00:00+00:00,SPCX,Fold_1,0.018988124690747066,-0.012102223860425143,1.5996142441578225,0.038580344197188365,1.2284295805520453,0.7566801818169263,0.0009104704097118166,-0.012685887708649535
2026-07-05 22:00:00+00:00,SPCX,Fold_1,0.012463928286363446,-0.013023712986853342,1.0312859263858236,0.0395259408686881,1.2216527124059169,0.749717175914083,0.0003032140691328067,-0.017950272892662267
2026-07-05 23:00:00+00:00,SPCX,Fold_1,0.013455394445809787,-0.006836354757980612,1.1575009322033383,0.039841139759188016,1.2656276574644512,0.6577427044309765,-0.013882994846923236,-0.021582297665959427
2026-07-06 00:00:00+00:00,SPCX,Fold_1,-0.0007371913011426923,0.012685887708649535,-0.06343366854831181,0.02540503057429233,0.7982312332954551,0.6262519281170504,-0.0044264109184802836,-0.0036271978359768697
2026-07-06 01:00:00+00:00,SPCX,Fold_1,-0.005160339107998513,0.017950272892662267,-0.3794404550569195,0.020866166551093857,0.5541212043513586,1.3155290871324639,-0.0033963196245523353,
2026-07-06 02:00:00+00:00,SPCX,Fold_1,-0.014893487151315554,0.021582297665959427,-1.0735023760743574,0.01739897875559482,0.4480815572598189,1.3263517735219346,0.004213396121197199,
2026-07-06 03:00:00+00:00,SPCX,Fold_1,-0.016267071320182125,0.0036271978359768697,-1.1603174020981086,0.02168568366639345,0.5468844309647367,1.157477022993606,,
2026-07-11 04:00:00+00:00,SPCX,Fold_1,0.003081136597055778,-0.001435504819194744,0.1979558042810103,0.0004780441166427618,0.07523170259986267,0.23127004509210505,-0.0015017064846416517,-0.0023890784982935065
2026-07-11 05:00:00+00:00,SPCX,Fold_1,0.003292181069958877,0.0012290045063498845,0.21120621477249105,-0.0010243802499487753,-0.1138268726324544,0.22054586385346858,-0.0018457752255948146,-0.0005468963631393153
2026-07-11 06:00:00+00:00,SPCX,Fold_1,0.0005482080449530358,0.002868264699856682,0.03544388579588433,-0.002868264699856682,-0.26225884841167324,0.21188909703078057,0.0009588384357237523,-6.848845969442685e-05
2026-07-11 07:00:00+00:00,SPCX,Fold_1,-0.000957003212796459,0.0023890784982935065,-0.061977009431004065,-0.0019121764665710472,-0.15166690317601209,0.25889132298738926,0.0003421142661648169,-0.000752651385562908
2026-07-11 08:00:00+00:00,SPCX,Fold_1,-0.0017752287313943516,0.0005468963631393153,-0.11488743939625036,-0.0015707163832548998,-0.11135420675395925,0.20115386218652312,-0.001367989056087482,-6.839945280434634e-05
2026-07-11 09:00:00+00:00,SPCX,Fold_1,-0.0029365567165199336,6.848845969442685e-05,-0.18986506300964368,-0.0029365567165199336,-0.18986506300964368,0.17980503206875836,0.0002739726027396472,0.003835616438356171
2026-07-11 10:00:00+00:00,SPCX,Fold_1,-0.0031399317406144434,0.000752651385562908,-0.20523803823564482,-0.002663388649866927,-0.16117541519642026,0.19426852760721405,0.0010271158586689921,0.001506436592714211
2026-07-11 11:00:00+00:00,SPCX,Fold_1,-0.0006152584085316049,6.839945280434634e-05,-0.04017301417578547,-0.0016390083999181515,-0.09268056469963122,0.1892556006059005,0.0025309528695534045,0.0012312743689719685
2026-07-11 12:00:00+00:00,SPCX,Fold_1,0.003766865283199916,-0.003835616438356171,0.24990230304327435,0.0008877962166222719,0.04809033809743143,0.1974595879695295,-0.0020469432314411673,-0.00013646288209612223
2026-07-11 13:00:00+00:00,SPCX,Fold_1,0.000752651385562686,-0.001506436592714211,0.0498887899602155,-0.0011609642832753897,-0.05960786806008547,0.20641091466597006,0.0007520853274991524,0.0012306850813619263
2026-07-11 14:00:00+00:00,SPCX,Fold_1,0.001162790697674554,-0.0012312743689719685,0.09790106588161243,-0.0004097520999795101,-0.025479232512195683,0.3403569676534218,0.0011614401858304202,0.001708000273280108
2026-07-11 15:00:00+00:00,SPCX,Fold_1,0.0036986301369863472,0.00013646288209612223,0.3113022749685102,0.0007512121832957686,0.0447083884227605,0.3441788776789587,-0.000682407533779128,-0.00013648150675571458
2026-07-11 16:00:00+00:00,SPCX,Fold_1,0.0027389756231170903,-0.0012306850813619263,0.23831828690363052,6.829201666325169e-05,0.00403685442145665,0.3212590413952466,0.0012291723572794844,0.0008194482381862489
2026-07-11 17:00:00+00:00,SPCX,Fold_1,0.0029413776592106533,-0.001708000273280108,0.2560774989155667,0.001297548316601782,0.07395299650611417,0.3409070516832503,-0.0006820351930159063,0.000750238712317497
2026-07-11 18:00:00+00:00,SPCX,Fold_1,-0.00027292576419213344,0.00013648150675571458,-0.023732794505238214,0.0006146281499692652,0.03380234161700858,0.3440068604226321,0.00027300027300025675,0.00027300027300025675
2026-07-11 19:00:00+00:00,SPCX,Fold_1,0.0020511418022699512,-0.0008194482381862489,0.1789012571848264,0.0008877962166222719,0.04741837104317716,0.27911981798376395,0.0011599344978165949,-0.0010917030567685337
2026-07-11 20:00:00+00:00,SPCX,Fold_1,0.0024595203935231513,-0.000750238712317497,0.6967017959398193,0.0020487604998975506,0.34477745452186737,0.5992598089951477,-0.0011585906086007958,-0.0024534859946839793
2026-07-11 21:00:00+00:00,SPCX,Fold_1,0.00013648150675593662,-0.00027300027300025675,0.041886055277276374,0.0008877962166222719,0.15730709668514184,0.6892141044930808,-0.0010917030567685337,-0.004298580786026185
2026-07-11 22:00:00+00:00,SPCX,Fold_1,-0.0002731494127287126,0.0010917030567685337,-0.08587735742508984,-0.00020487604998975506,-0.03619665329886529,0.7854240694362843,-0.0002049180327868827,-0.004030054644808767
2026-07-11 23:00:00+00:00,SPCX,Fold_1,-0.0017050879825398768,0.0024534859946839793,-0.5292013313148299,-0.0004097520999795101,-0.0696555859554182,0.8270884051572756,-0.003006080480972839,-0.00382592061214726
2026-07-12 00:00:00+00:00,SPCX,Fold_1,-0.004026754026754009,0.004298580786026185,-1.3047942297188686,-0.0034146008331625843,-0.5914156948688158,0.7078885736015809,-0.0008223120674296647,-0.0008223120674296647
2026-07-12 01:00:00+00:00,SPCX,Fold_1,-0.005117358078602585,0.004030054644808767,-1.4871289197759534,-0.004234105033121605,-0.6425822488839799,1.0230623184947003,0.0,0.0
2026-07-12 02:00:00+00:00,SPCX,Fold_1,-0.006270019764192614,0.00382592061214726,-1.952340182316838,-0.004234105033121605,-0.6733795411311007,1.0379073734291526,0.0,0.000205747205267226
2026-07-12 03:00:00+00:00,SPCX,Fold_1,-0.005117358078602585,0.0008223120674296647,-1.629326217425478,-0.004234105033121605,-0.6740527271918075,0.83330515151749,0.0,0.00466360331938831
2026-07-12 04:00:00+00:00,SPCX,Fold_1,-0.004030054644808767,-0.0,-1.2825967243861482,-0.004234105033121605,-0.6601557942807285,0.8935441665804579,0.000205747205267226,0.00459502091763242
2026-07-12 05:00:00+00:00,SPCX,Fold_1,-0.0036209605793536825,-0.000205747205267226,-1.1586356196875596,-0.0040292289831318495,-0.6193469161445037,0.9302639570066191,0.004456939111354918,0.005691168403729963
2026-07-12 06:00:00+00:00,SPCX,Fold_1,0.0038374563146714724,-0.00466360331938831,1.2561638064015865,0.0004097520999795101,0.06322921100710809,0.9864565541860547,-6.826404532744856e-05,-0.0043688989009489365
2026-07-12 07:00:00+00:00,SPCX,Fold_1,0.00459502091763242,-0.00459502091763242,1.2458097838189401,0.0003414600833160364,0.04285493058400024,1.264418829371468,0.001297105406881549,-0.0043691971600217094
2026-07-12 08:00:00+00:00,SPCX,Fold_1,0.005898086550991,-0.005691168403729963,1.6095575762486984,0.0016390083999178184,0.2034478857346109,1.2103684266468713,-0.0055907820276811515,-0.005454421490420525
2026-07-12 09:00:00+00:00,SPCX,Fold_1,0.000274329607022894,0.0043688989009489365,0.07390319735806983,-0.003960936966468709,-0.4772033412581723,1.173356896590889,-6.856359273221813e-05,-6.856359273221813e-05
2026-07-12 10:00:00+00:00,SPCX,Fold_1,0.000205747205267226,0.0043691971600217094,0.04432306556338963,-0.0040292289831318495,-0.38186739020057286,1.7153375046016572,0.00020570488206250737,0.0
2026-07-12 11:00:00+00:00,SPCX,Fold_1,0.00020570488206250737,0.005454421490420525,0.04434171303447358,-0.0038243529331420945,-0.3569656842434385,1.7165875176297933,-0.00020566257626652984,0.005415781175018841
2026-07-12 12:00:00+00:00,SPCX,Fold_1,-0.004437162946276274,6.856359273221813e-05,-0.9631031598176885,-0.0040292289831318495,-0.37291343893327494,1.7284843599766846,0.0,0.00020570488206250737
2026-07-12 13:00:00+00:00,SPCX,Fold_1,-0.0043691971600217094,-0.0,-0.993089442085988,-0.0040292289831318495,-0.38472006550425225,1.3583351544605786,0.005622600109709275,0.005485463521667455
2026-07-12 14:00:00+00:00,SPCX,Fold_1,-6.818026863020243e-05,-0.005415781175018841,-0.01587934844803319,0.0015707163832547888,0.15146536905855904,1.394084069615402,-0.005386608482203736,-0.00047729442247368414
2026-07-12 15:00:00+00:00,SPCX,Fold_1,0.0001371271854646583,-0.00020570488206250737,0.026598957131741388,-0.0038243529331420945,-0.3028470773072463,1.6860192361793525,0.0052786727908409325,
2026-07-12 16:00:00+00:00,SPCX,Fold_1,0.005485463521667455,-0.005485463521667455,0.9460780278115171,0.0014341323499280634,0.09960419285331709,1.47213633271624,-0.0003409710856517867,
2026-07-12 17:00:00+00:00,SPCX,Fold_1,0.004935901830396938,0.00047729442247368414,0.7711898692228051,0.001092672266612027,0.06783729926539131,1.5640599968768933,,
2026-07-12 18:00:00+00:00,SPCX,Fold_1,,,,,,1.5802647299390755,,
2026-07-12 19:00:00+00:00,SPCX,Fold_1,,,,,,1.7174381253604023,,
2026-07-12 20:00:00+00:00,SPCX,Fold_1,,,,0.0008877962166222719,0.05100497096532642,1.9222963077575645,0.00020469432314418334,0.00020469432314418334
2026-07-12 21:00:00+00:00,SPCX,Fold_1,,,,0.001092672266612027,0.060799409967654344,,0.0,-0.009414011869841032
2026-07-12 22:00:00+00:00,SPCX,Fold_1,,,,0.001092672266612027,0.06033889877666777,,0.0,-0.025922641380721867
2026-07-12 23:00:00+00:00,SPCX,Fold_1,,-0.00020469432314418334,,0.001092672266612027,0.05990493644509206,,-0.009414011869841032,-0.022375332560201966
2026-07-13 00:00:00+00:00,SPCX,Fold_1,,0.009414011869841032,,-0.008331626032916706,-0.45178305169096433,,-0.016665518903656862,-0.01618345843950142
2026-07-13 01:00:00+00:00,SPCX,Fold_1,,0.025922641380721867,,-0.024858294065423836,-1.0810949246702197,1.3987575756772177,0.0036417116044542563,
2026-07-13 02:00:00+00:00,SPCX,Fold_1,-0.022175218340611313,0.022375332560201966,-1.832718617723653,-0.021307109198934637,-0.6291860931454496,1.5434350705398923,-0.0031400460540087494,
2026-07-13 03:00:00+00:00,SPCX,Fold_1,-0.025445119039497865,0.01618345843950142,-2.0617026734930346,-0.024380249948780963,-0.6984168480018351,1.5303695940161335,,
2026-07-18 04:00:00+00:00,SPCX,Fold_2,0.00834178784804429,-0.0018400000000000638,0.5475365977618933,0.00039942482824728565,0.06421917098309267,0.4525172333185181,0.003753094306476079,0.007825600894354245
2026-07-18 05:00:00+00:00,SPCX,Fold_2,0.012566457225712924,-0.0036729479399553178,0.8317469463677069,0.004154018213772037,0.4762197268315163,0.46246310462385537,0.0,0.0046937151949084654
2026-07-18 06:00:00+00:00,SPCX,Fold_2,0.012566457225712924,-0.004154018213772037,0.8412093435182311,0.004154018213772037,0.3932553365557297,0.46391903412448177,0.004057279236276745,0.004773269689737347
2026-07-18 07:00:00+00:00,SPCX,Fold_2,0.009679999999999911,-0.007825600894354245,0.6485858618798644,0.008228151461894706,0.6752118059368744,0.464347467406457,0.0006338641945964341,0.0020600586324379666
2026-07-18 08:00:00+00:00,SPCX,Fold_2,0.00838390290641966,-0.0046937151949084654,0.5578771887530926,0.00886723118709054,0.6463548593426465,0.31856587068721515,7.918283316166175e-05,0.0004750969989706366
2026-07-18 09:00:00+00:00,SPCX,Fold_2,0.008947116152739909,-0.004773269689737347,0.597643855192778,0.008947116152739909,0.597643855192778,0.3245860276033093,0.0013460015835313754,-0.003404592240696669
2026-07-18 10:00:00+00:00,SPCX,Fold_2,0.0099017807234687,-0.0020600586324379666,0.742643413442172,0.010305160568780947,0.7155638586264603,0.3470719737107129,-0.0009488416225191809,0.0005534909464695037
2026-07-18 11:00:00+00:00,SPCX,Fold_2,0.0051710421638822,-0.0004750969989706366,0.39202062918431,0.009346540980987195,0.6136382018381633,0.3376712637322269,-0.003798971111990457,0.002532647407993638
2026-07-18 12:00:00+00:00,SPCX,Fold_2,0.0013524264120923224,0.003404592240696669,0.11590196900497417,0.005512062629813075,0.3856964879861261,0.36517673009543306,0.005322952252323931,0.007944704854214724
2026-07-18 13:00:00+00:00,SPCX,Fold_2,0.0026146898027099574,-0.0005534909464695037,0.22088433382957146,0.010864355328327191,0.7109258860441825,0.5372307085820901,0.0010273431326062177,-0.0010273431326063287
2026-07-18 14:00:00+00:00,SPCX,Fold_2,0.003008947660147143,-0.002532647407993638,0.24927653755398016,0.011902859881770311,0.7282783073037168,0.6069526750674278,0.0015789058182680282,-0.0007105076182205572
2026-07-18 15:00:00+00:00,SPCX,Fold_2,0.004513064133016664,-0.007944704854214724,0.40837213884471674,0.013500559194759454,0.8638162290908367,0.6650266509360833,-0.0036257586505872297,0.002758729408055549
2026-07-18 16:00:00+00:00,SPCX,Fold_2,-0.00047442081125959046,0.0010273431326063287,-0.042960027102197595,0.00982585077488407,0.6044702456941844,0.6699191304018862,0.0013448303140575213,0.012182580492049677
2026-07-18 17:00:00+00:00,SPCX,Fold_2,0.0018203403244954064,0.0007105076182205572,0.18019386887134356,0.011183895190925108,0.7247564949461437,0.8422424556373429,0.0050560910096382194,0.010981197661557918
2026-07-18 18:00:00+00:00,SPCX,Fold_2,0.010725351553189766,-0.002758729408055549,1.0600067197692087,0.016296532992490675,1.0186436869754918,0.8434877655178279,0.005738091495048003,0.005738091495048003
2026-07-18 19:00:00+00:00,SPCX,Fold_2,0.011142721669037403,-0.012182580492049677,1.0717596420582665,0.022128135484901668,1.303366554690138,0.7692641206234635,0.00015631105900748565,-0.00023446658851111746
2026-07-18 20:00:00+00:00,SPCX,Fold_2,0.010262887818741628,-0.010981197661557918,1.479241297854018,0.022287905416200626,1.908489882105253,1.1856162872128002,-0.00015628662967881457,-0.0075017582245838765
2026-07-18 21:00:00+00:00,SPCX,Fold_2,0.008512650744856964,-0.005738091495048003,1.28219243275237,0.022128135484901668,1.9242991512408945,1.2615251056309011,-0.00023446658851111746,-0.003516998827667095
2026-07-18 22:00:00+00:00,SPCX,Fold_2,0.011945257495451278,0.00023446658851111746,1.8104714158336177,0.02188848058795334,1.864277666190255,1.3011291816977815,-0.007113821138211351,-0.001250781738586615
2026-07-18 23:00:00+00:00,SPCX,Fold_2,0.0033970611471008105,0.0075017582245838765,0.5114315574209887,0.014618948713851943,1.2054825493918013,1.000217680792872,0.0038579639398472754,0.0014172112432091488
2026-07-19 00:00:00+00:00,SPCX,Fold_2,0.002200911806319761,0.003516998827667095,0.2815809677327775,0.018533312030675875,1.2674174217136174,1.4512129857092009,0.0020392156862745203,-0.0006274509803921857
2026-07-19 01:00:00+00:00,SPCX,Fold_2,-0.0014849550605705586,0.001250781738586615,-0.18725421899913375,0.020610321137561893,1.3572734202671082,1.3652330403795192,-0.004461490294301873,0.003365685660613682
2026-07-19 02:00:00+00:00,SPCX,Fold_2,-0.006095178557474434,-0.0014172112432091488,-0.8291024113577395,0.01605687809554235,1.1155641850629736,1.24135844858832,0.001808318264014508,0.011400267316612922
2026-07-19 03:00:00+00:00,SPCX,Fold_2,-0.0041422430636968155,0.0006274509803921857,-0.5308869749193298,0.01789423230548004,1.146699349975104,1.2828798277383828,0.006043007377177778,0.010280960602730982
2026-07-19 04:00:00+00:00,SPCX,Fold_2,0.002110694183864892,-0.003365685660613682,0.2705998021601662,0.024045374660488728,1.5102169161549732,1.332863042657112,0.0035104142288788776,0.0014821748966378223
2026-07-19 05:00:00+00:00,SPCX,Fold_2,0.012833635146838773,-0.011400267316612922,1.558733704955096,0.027640198114714742,1.6126953762488352,1.5085386145247401,0.0006996268656715987,-0.00202114427860689
2026-07-19 06:00:00+00:00,SPCX,Fold_2,0.009647058823529342,-0.010280960602730982,1.174620868776691,0.028359162805559945,1.6277583606983674,1.0650644449312612,-0.0027188689505165398,-0.01157461353219913
2026-07-19 07:00:00+00:00,SPCX,Fold_2,0.004852849092047418,-0.0014821748966378223,0.5918965352100277,0.025563189007828724,1.4433134275396142,1.0450537810092944,0.0,-0.002959962610998512
2026-07-19 08:00:00+00:00,SPCX,Fold_2,0.00935608145294431,0.00202114427860689,1.1355520897996285,0.025563189007828724,1.411252499590258,1.1585144605528017,-0.008879887832995759,-0.0014020875525783127
2026-07-19 09:00:00+00:00,SPCX,Fold_2,-0.0014126510751845123,0.01157461353219913,-0.17129322304409303,0.016456302923789634,0.8923855878054812,0.8954514142508202,0.005972964476579801,-0.013674944985853421
2026-07-19 10:00:00+00:00,SPCX,Fold_2,-0.0014821748966378223,0.002959962610998512,-0.15543223756494548,0.022527560313148953,1.0393231119329742,1.3360977860810306,0.0015624999999999112,-0.018750000000000044
2026-07-19 11:00:00+00:00,SPCX,Fold_2,-0.0034203980099501985,0.0014020875525783127,-0.34416293342590165,0.024125259626138318,1.0511388343375603,1.277840705635991,-0.021060842433697213,-0.021060842433697213
2026-07-19 12:00:00+00:00,SPCX,Fold_2,-0.025091276314767264,0.013674944985853421,-2.5289761589597335,0.0025563189007828946,0.10986406613465652,1.2243493944443329,0.0007968127490038945,0.011872509960159316
2026-07-19 13:00:00+00:00,SPCX,Fold_2,-0.02165446331204235,0.018750000000000044,-1.4848867335686458,0.003355168557277466,0.09664878804250741,1.6158260672826321,-0.0007961783439489611,0.011066878980891648
2026-07-19 14:00:00+00:00,SPCX,Fold_2,-0.02243340084125245,0.021060842433697213,-1.5669188599741917,0.0025563189007828946,0.07392784141434193,1.6821698270912728,0.011872509960159316,0.01195219123505975
2026-07-19 15:00:00+00:00,SPCX,Fold_2,-0.0019647909462433555,-0.011872509960159316,-0.13737871463992857,0.014459178782552984,0.4127348139153764,1.6748263751966856,0.0,7.87463579809966e-05
2026-07-19 16:00:00+00:00,SPCX,Fold_2,-0.00789062500000004,-0.011066878980891648,-0.5077489688596337,0.014459178782552984,0.3746761394871792,1.7600624603081432,7.87463579809966e-05,0.010552011969446662
2026-07-19 17:00:00+00:00,SPCX,Fold_2,-0.009360374414976502,-0.01195219123505975,-0.6069716660696509,0.014539063748202574,0.374623886517105,1.7085618669894218,0.0,0.009685039370078696
2026-07-19 18:00:00+00:00,SPCX,Fold_2,0.01195219123505975,-7.87463579809966e-05,0.7756067929381425,0.014539063748202574,0.37006143901162075,1.700075421927987,0.010472440944881978,
2026-07-19 19:00:00+00:00,SPCX,Fold_2,0.02173566878980915,-0.010552011969446662,1.4302896215363137,0.025163764179581438,0.6413162076965505,0.7844416615819513,-0.0007792410192474231,
2026-07-19 20:00:00+00:00,SPCX,Fold_2,0.021752988047808675,-0.009685039370078696,1.3734500507378518,0.024364914523086645,0.5884946749964234,0.9105353725451468,,
2026-07-19 21:00:00+00:00,SPCX,Fold_2,,,,,,0.9097587618608827,,
2026-07-19 22:00:00+00:00,SPCX,Fold_2,,,,0.02388560472918977,0.5507456006533504,0.7219150356580195,-0.0209097292658188,-0.022860263712257134
2026-07-19 23:00:00+00:00,SPCX,Fold_2,,,,0.0024764339351333042,0.055153963624724335,0.7928745694663166,-0.0007968762451190381,-0.002310941110845399
2026-07-20 00:00:00+00:00,SPCX,Fold_2,,,,0.001677584278638733,0.031262213039806946,1.6395478892498472,-0.001196267644947846,0.0016747747029268734
2026-07-20 01:00:00+00:00,SPCX,Fold_2,,0.022860263712257134,,0.00047930979389665396,0.008900396346857188,1.6453858169202367,-0.00031938677738729826,
2026-07-20 02:00:00+00:00,SPCX,Fold_2,,0.002310941110845399,,0.00015976993129895867,0.002943724754102048,1.26246375874801,0.0031948881789136685,
2026-07-20 03:00:00+00:00,SPCX,Fold_2,,-0.0016747747029268734,,0.003355168557277466,0.06148727981768762,1.2792988378474983,,
2026-07-25 04:00:00+00:00,SPCX,Fold_2,0.0060828338849627794,0.0014205806623457384,0.2604078232817436,-0.0014205806623457384,-0.14896683631549196,1.3778753209657848,-0.002489552769627479,0.0038232417533565766
2026-07-25 05:00:00+00:00,SPCX,Fold_2,-0.010321100917431214,0.00355271338484775,-0.44429533838777985,-0.003906596821450781,-0.2912761675842331,0.7318803764332469,0.0012478830555306963,0.006328549781620563
2026-07-25 06:00:00+00:00,SPCX,Fold_2,-0.009540436638098337,0.002663588741898204,-0.41077325146003946,-0.002663588741898204,-0.16218701190624787,0.29220152783846515,0.0050743345499866255,0.005163357963144266
2026-07-25 07:00:00+00:00,SPCX,Fold_2,0.002397229867708406,-0.0038232417533565766,0.10309595817212676,0.002397229867708406,0.12626624603251405,0.3065681874698079,0.0,0.003277236492471136
2026-07-25 08:00:00+00:00,SPCX,Fold_2,0.0027533528732570645,-0.006328549781620563,0.11799628652721504,0.002397229867708406,0.11253996303382736,0.2769587890515517,8.857395925598865e-05,-0.008857395925597866
2026-07-25 09:00:00+00:00,SPCX,Fold_2,0.0024860161591051533,-0.005163357963144266,0.10651384842032692,0.0024860161591051533,0.10651384842032692,0.2751656314166551,0.0031883801257639455,-0.00637676025152778
2026-07-25 10:00:00+00:00,SPCX,Fold_2,0.007113007913221336,-0.003277236492471136,0.30472461941880036,0.005682322649382954,0.2253755224678209,0.2755983330379827,-0.01209499426149896,-0.014566963891586404
2026-07-25 11:00:00+00:00,SPCX,Fold_2,-0.0025849006150280296,0.008857395925597866,-0.1102844473575275,-0.006481399271952348,-0.2394803196075435,0.27749798870744186,0.0025915996425378562,-0.0017873100983021306
2026-07-25 12:00:00+00:00,SPCX,Fold_2,-0.0012463277842073017,0.00637676025152778,-0.05490678506703486,-0.003906596821450781,-0.14052276980121273,0.652363654887048,-0.005080666726089644,-0.006150280773687511
2026-07-25 13:00:00+00:00,SPCX,Fold_2,-0.011337466784765327,0.014566963891586404,-0.498172853712163,-0.00896741543105739,-0.3052157534061075,0.6612232612165273,0.0007167174341515814,0.00017917935853795086
2026-07-25 14:00:00+00:00,SPCX,Fold_2,-0.010628875110717528,0.0017873100983021306,-0.5610618535423065,-0.008257125099884521,-0.32190786304783137,0.7487888645683389,-0.0017905102954342,0.0001790510295434089
2026-07-25 15:00:00+00:00,SPCX,Fold_2,-0.012487822159241824,0.006150280773687511,-0.6646160766693403,-0.010032850927816694,-0.37756653877329555,0.7619653913288021,0.0012556053811658696,0.0035874439461884844
2026-07-25 16:00:00+00:00,SPCX,Fold_2,-0.014390394632294523,-0.00017917935853795086,-0.7659966750478352,-0.008789842848264229,-0.31786245997827395,0.7530585836197232,0.0007165890361877647,0.0146005016123254
2026-07-25 17:00:00+00:00,SPCX,Fold_2,-0.0016085790884718953,-0.0001790510295434089,-0.0867525931884028,-0.00807955251709136,-0.28525874190118405,0.7224618027076739,0.0016111707841031109,
2026-07-25 18:00:00+00:00,SPCX,Fold_2,-0.0025849006150280296,-0.0035874439461884844,-0.142086077107579,-0.006481399271952348,-0.22532347771933134,0.37078165310419786,0.012243074173369006,
2026-07-25 19:00:00+00:00,SPCX,Fold_2,0.014782297079376283,-0.0146005016123254,0.8224078918528516,0.005682322649382954,0.19359175943473939,0.3507204685840603,,
2026-07-25 20:00:00+00:00,SPCX,Fold_2,,,,,,0.6578933114006433,,
2026-07-25 21:00:00+00:00,SPCX,Fold_2,,,,-0.006836544437538783,-0.20987658862553438,0.7085634343829111,-0.0014303593777936774,
2026-07-25 22:00:00+00:00,SPCX,Fold_2,,,,-0.008257125099884521,-0.24121478662407653,0.705001582768808,,
2026-07-25 23:00:00+00:00,SPCX,Fold_2,,,,,,1.1207277412673793,,
2026-07-26 00:00:00+00:00,SPCX,Fold_2,,,,-0.007014117020331945,-0.32907773799258405,,0.014574391988555035,0.014663805436337718
2026-07-26 01:00:00+00:00,SPCX,Fold_2,,,,0.007458048477315238,0.33332879265658405,,-0.00044064510443286853,0.001674451396844967
2026-07-26 02:00:00+00:00,SPCX,Fold_2,,,,0.007014117020332167,0.2648319130392545,,0.0005290072297654547,0.002821371892082425
2026-07-26 03:00:00+00:00,SPCX,Fold_2,,-0.014663805436337718,,0.007546834768711763,0.27889082387204056,,0.0015861825872400814,0.0019386676066266428
2026-07-26 04:00:00+00:00,SPCX,Fold_2,,-0.001674451396844967,,0.009144988013850774,0.3311725052127562,1.3676661541800963,0.0007038535984515981,0.0017596339961287732
2026-07-26 05:00:00+00:00,SPCX,Fold_2,,-0.002821371892082425,,0.009855278345023422,0.3516960210951366,1.284085546790807,-0.0003516792685070991,0.0029892737823105087
2026-07-26 06:00:00+00:00,SPCX,Fold_2,0.016630901287553623,-0.0019386676066266428,1.2499869724606172,0.009500133179437098,0.3365992450879281,1.1586140883905367,0.0014072119613015577,0.0036059806508355052
2026-07-26 07:00:00+00:00,SPCX,Fold_2,0.003437031814576441,-0.0017596339961287732,0.25775861768125885,0.010920713841782836,0.3791205089515888,1.0714171469232647,0.0019321974354469251,0.002722641840857243
2026-07-26 08:00:00+00:00,SPCX,Fold_2,0.005819079527420223,-0.0029892737823105087,0.44263534081581546,0.012874012252508171,0.4454329476137098,0.15862704275167724,0.00026297335203362415,0.001665497896213175
2026-07-26 09:00:00+00:00,SPCX,Fold_2,0.005551639055340063,-0.0036059806508355052,0.42241652439295607,0.01314037112669797,0.44713874721823893,0.15613060327036754,0.0005258084304617938,0.0005258084304617938
2026-07-26 10:00:00+00:00,SPCX,Fold_2,0.004487066690128438,-0.002722641840857243,0.34151557651975617,0.013673088875077788,0.45783543984641123,0.16255487998335727,0.000875886835420836,0.001751773670841672
2026-07-26 11:00:00+00:00,SPCX,Fold_2,0.004659750307719479,-0.001665497896213175,0.3560787924937648,0.014560951789043708,0.48180784025881124,0.15281804754200823,-0.0008751203290452425,0.0008751203290453535
2026-07-26 12:00:00+00:00,SPCX,Fold_2,0.004133685136323617,-0.0005258084304617938,0.3860286979315052,0.013673088875077788,0.544461895362418,0.18703298579379576,0.001751773670841672,0.0021021284050100064
2026-07-26 13:00:00+00:00,SPCX,Fold_2,0.004479184963990912,-0.001751773670841672,0.4156158084669691,0.01544881470300985,0.602177317004948,0.22154978067493933,0.0,0.0
2026-07-26 14:00:00+00:00,SPCX,Fold_2,0.0025420757363254776,-0.0008751203290453535,0.2517300868007738,0.01544881470300985,0.6334078003476027,0.25079860988269337,0.00034974206522675466,-0.00026230654892023253
2026-07-26 15:00:00+00:00,SPCX,Fold_2,0.002629042152309191,-0.0021021284050100064,0.2595288181665426,0.015803959868596396,0.6369103886437549,0.21275924041962385,-0.0003496197884799157,0.0014858841010401136
2026-07-26 16:00:00+00:00,SPCX,Fold_2,0.001751773670841672,-0.0,0.17588182932194152,0.01544881470300985,0.6246157151067697,0.21578870493826685,-0.00026230654892023253,0.002535629972894915
2026-07-26 17:00:00+00:00,SPCX,Fold_2,0.0006125842303317253,0.00026230654892023253,0.06107919893177265,0.015182455828820052,0.6015245724270449,0.22739346125539525,0.0020990029735874494,0.0017491691446562818
2026-07-26 18:00:00+00:00,SPCX,Fold_2,0.0035911360252254276,-0.0014858841010401136,0.35639165381694554,0.01731332682233866,0.6739373380497553,0.21972579926010272,0.0006982021295165453,
2026-07-26 19:00:00+00:00,SPCX,Fold_2,0.002535629972894915,-0.002535629972894915,0.25159882284846735,0.01802361715351153,0.6926443745929237,0.2581740446483158,-0.0010465724751438366,
2026-07-26 20:00:00+00:00,SPCX,Fold_2,0.001486403777214429,-0.0017491691446562818,0.1842377176941456,0.016958181656752336,0.8040901178237053,0.27612248907891196,,
2026-07-26 21:00:00+00:00,SPCX,Fold_2,,,,,,0.33549232779613064,,
2026-07-26 22:00:00+00:00,SPCX,Fold_2,,,,0.016247891325579245,0.763138294630703,0.37469951967971005,-0.004018871221387332,-0.009260877162327374
2026-07-26 23:00:00+00:00,SPCX,Fold_2,,,,0.012163721921335302,0.5592800438693187,0.4130984352316513,-0.008421052631578885,-0.00807017543859656
2026-07-27 00:00:00+00:00,SPCX,Fold_2,,,,0.0036402379472610935,0.15995717018016078,0.7771614769977028,0.0031847133757960666,-0.002476999292285953
2026-07-27 01:00:00+00:00,SPCX,Fold_2,,0.009260877162327374,,0.006836544437538894,0.26067389503728866,1.031871475338093,-0.002821869488536244,
2026-07-27 02:00:00+00:00,SPCX,Fold_2,,0.00807017543859656,,0.003995383112847417,0.24608505138552797,2.065337671632749,-0.0028298549699327102,
2026-07-27 03:00:00+00:00,SPCX,Fold_2,,0.002476999292285953,,0.0011542217881559402,0.06819731207018531,1.9590158601239231,,
2026-08-01 04:00:00+00:00,SPCX,Fold_2,,,,0.0007406035919275133,0.0928888408708961,0.13986940881737359,0.004717853839038,0.006105457909343359
2026-08-01 05:00:00+00:00,SPCX,Fold_2,,,,0.0054619514904648,0.4975351857465002,0.13513039849559452,0.0010127980848908535,0.0022097412761254986
2026-08-01 06:00:00+00:00,SPCX,Fold_2,,-0.006480281429364965,,0.006480281429364965,0.4750381238394184,0.28036984130568754,0.0003679175864605977,-0.0032192788815305073
2026-08-01 07:00:00+00:00,SPCX,Fold_2,,-0.006105457909343359,,0.006850583225328721,0.43443661415010004,0.23029713894390136,0.0008275101140124974,0.0006436189775651524
2026-08-01 08:00:00+00:00,SPCX,Fold_2,,-0.0022097412761254986,,0.007683762266246896,0.4380996371155727,0.2578812481985279,-0.004409738171795907,-0.001469912723931932
2026-08-01 09:00:00+00:00,SPCX,Fold_2,0.0032401407146824823,0.0032192788815305073,0.16880587578088377,0.0032401407146824823,0.16880587578088377,0.2291460967657335,0.004244717172649182,0.00027682938082507214
2026-08-01 10:00:00+00:00,SPCX,Fold_2,0.006753006475485712,-0.0006436189775651524,0.36340134761330545,0.007498611368265129,0.3735913553839418,0.3835359331547701,-0.0012864099972433873,-0.004594321418726399
2026-08-01 11:00:00+00:00,SPCX,Fold_2,0.0007365804253751662,0.001469912723931932,0.03907400767456779,0.006202555082392092,0.2849502521557853,0.42682447585218886,-0.0026681387432145875,-0.0014720765479804276
2026-08-01 12:00:00+00:00,SPCX,Fold_2,-0.0029433406916850036,-0.00027682938082507214,-0.1581407659064656,0.0035178670616553553,0.15432528845216428,0.37626113882142453,-0.0006457564575645947,0.0014760147601475815
2026-08-01 13:00:00+00:00,SPCX,Fold_2,-0.003953659433615364,0.004594321418726399,-0.21889443135115957,0.0028698389187187257,0.12307464810848649,0.40969634739673894,0.0018462106526355715,0.003692421305270921
2026-08-01 14:00:00+00:00,SPCX,Fold_2,-0.002939825447863975,0.0014720765479804276,-0.35729368179913873,0.004721347898537287,0.4237884119883302,0.8906627262890808,0.00027642126600935235,0.002395650972081498
2026-08-01 15:00:00+00:00,SPCX,Fold_2,0.0017532527452246427,-0.0014760147601475815,0.21528691583841159,0.00499907424551016,0.434057932686157,0.9381488699808292,0.0015659543109800556,0.0013817243920410949
2026-08-01 16:00:00+00:00,SPCX,Fold_2,-0.0009188642837452132,-0.003692421305270921,-0.12596881136444296,0.006572856878355848,0.612166818079837,0.8249185418182755,0.000551825623103186,9.197093718382732e-05
2026-08-01 17:00:00+00:00,SPCX,Fold_2,0.0009200478424877812,-0.002395650972081498,0.1254599723655076,0.007128309572301594,0.6363454393223622,0.5783322702835461,-0.0007353617060392725,-0.008640500045960176
2026-08-01 18:00:00+00:00,SPCX,Fold_2,0.002859778597785967,-0.0013817243920410949,0.38996584573042,0.006387705980374081,0.5508953084320376,0.5515751830046941,0.0002759635728084575,-0.007175052893018008
2026-08-01 19:00:00+00:00,SPCX,Fold_2,0.003784731837902733,-9.197093718382732e-05,0.6692837124545413,0.006665432327346732,0.7218036934645473,0.4680075562372198,-0.00818466065845136,-0.007356998344675292
2026-08-01 20:00:00+00:00,SPCX,Fold_2,-0.006265548696213097,0.008640500045960176,-1.1934589554399395,-0.0015737826328457993,-0.17809195069798242,0.4414457642064063,0.0007417709782104875,0.0012980992118682977
2026-08-01 21:00:00+00:00,SPCX,Fold_2,-0.005803242446573265,0.007175052893018008,-0.8837662297968081,-0.000833179040918286,-0.07325620166682581,1.3338435525075365,9.265264523294903e-05,0.0015750949689612437
2026-08-01 22:00:00+00:00,SPCX,Fold_2,-0.007265704037524245,0.007356998344675292,-1.1100865097762906,-0.0007406035919274023,-0.06358633012440632,1.3528363755126054,0.0004632203075782826,0.0014823049842505043
2026-08-01 23:00:00+00:00,SPCX,Fold_2,-0.007353617060391726,-0.0012980992118682977,-1.123762294030435,-0.000277726346972762,-0.02324615637140942,1.293342099419398,0.0010186128345217593,0.0020372256690435186
2026-08-02 00:00:00+00:00,SPCX,Fold_2,-0.0056112593137706,-0.0015750949689612437,-0.8570248642973635,0.0007406035919275133,0.0604623293460671,1.2893131584459165,0.0,0.001572617946346
2026-08-02 01:00:00+00:00,SPCX,Fold_2,-0.0058855986757403445,-0.0014823049842505043,-0.8971918550053253,0.0007406035919275133,0.05895827599320685,1.3323845360794404,0.0010175763182238562,0.0018501387604070718
2026-08-02 02:00:00+00:00,SPCX,Fold_2,0.003337969401947083,-0.0020372256690435186,0.5151740985383305,0.0017589335308276777,0.13865412793795903,1.3425764758908225,0.0005544774050456613,-9.241290084083253e-05
2026-08-02 03:00:00+00:00,SPCX,Fold_2,0.0031501899379227094,-0.001572617946346,0.49608388729597663,0.0023143862247732017,0.1822318237494668,0.1719903176690472,0.0002770850651150347,-9.236168837156722e-05
2026-08-02 04:00:00+00:00,SPCX,Fold_2,0.0033351862145636346,-0.0018501387604070718,0.5366287379032875,0.0025921125717460747,0.2043211474110222,0.17211110717345854,-0.0009233610341643494,0.0024007386888273974
2026-08-02 05:00:00+00:00,SPCX,Fold_2,0.0019446245022687325,9.241290084083253e-05,0.3132997801488905,0.001666358081836794,0.12896789753665175,0.16006967426588825,0.0005545286506469793,0.0037892791127540626
2026-08-02 06:00:00+00:00,SPCX,Fold_2,0.0014801110083257907,9.236168837156722e-05,0.258314291300647,0.002221810775782318,0.18279106258804875,0.31296171793385874,0.002771106595233608,0.003232957694439209
2026-08-02 07:00:00+00:00,SPCX,Fold_2,0.004255319148936287,-0.0024007386888273974,0.7452309493096412,0.00499907424551016,0.4052704526241992,0.2854916138614226,0.0004605747973469576,0.0011974944731023562
2026-08-02 08:00:00+00:00,SPCX,Fold_2,0.0036965160336384084,-0.0037892791127540626,0.6272653078487153,0.0054619514904648,0.4215830479118992,0.5003918816368477,0.0,9.207255317189578e-05
2026-08-02 09:00:00+00:00,SPCX,Fold_2,0.003140297404636616,-0.003232957694439209,0.5339489963541453,0.0054619514904648,0.41532859295523167,0.49842219314371367,0.0007365804253751662,0.0017493785102660198
2026-08-02 10:00:00+00:00,SPCX,Fold_2,0.003601108033240985,-0.0011974944731023562,0.6629013928934846,0.006202555082392092,0.5023173618857443,0.5516893212387379,-0.0006440334897414024,0.0014720765479805387
2026-08-02 11:00:00+00:00,SPCX,Fold_2,0.003881700554528633,-9.207255317189578e-05,0.776481258301821,0.005554526939455684,0.4811236013585744,0.5974826179070188,0.001657153378751497,0.003130178604308531
2026-08-02 12:00:00+00:00,SPCX,Fold_2,0.004987991871420627,-0.0017493785102660198,1.0040402030500661,0.007220885021292256,0.619775566220932,0.5685634264255497,0.0004595588235294379,0.002849264705882426
2026-08-02 13:00:00+00:00,SPCX,Fold_2,0.0026713338246131535,-0.0014720765479805387,0.5523216171776794,0.007683762266246896,0.66738119332254,0.6185765747123843,0.001010564997703245,9.186954524587065e-05
2026-08-02 14:00:00+00:00,SPCX,Fold_2,0.003222539361016352,-0.003130178604308531,0.6685291049685279,0.008702092205147283,0.7474589946431445,0.3895815221816251,0.001376651982378796,-0.0034875183553597644
2026-08-02 15:00:00+00:00,SPCX,Fold_2,0.004603627658595011,-0.002849264705882426,0.9663905181609125,0.010090723940011204,0.8647671214616549,0.4118730081048104,-0.0022912656951700194,0.00027495188342041565
2026-08-02 16:00:00+00:00,SPCX,Fold_2,0.0015640813322292946,-9.186954524587065e-05,0.32571715525959083,0.007776337715238002,0.6521254910559744,0.4150253824012412,-0.002572110968216079,0.0027558331802315372
2026-08-02 17:00:00+00:00,SPCX,Fold_2,-0.00036825630638925855,0.0034875183553597644,-0.0750848515942306,0.005184225143491927,0.4200198493151077,0.7450887050672133,0.005157487566771035,0.013077914901455268
2026-08-02 18:00:00+00:00,SPCX,Fold_2,0.0031250000000000444,-0.00027495188342041565,0.6166804208204422,0.010368450286983855,0.8025411497799364,0.9099272731616685,0.00018325087044157584,0.011269928532160467
2026-08-02 19:00:00+00:00,SPCX,Fold_2,0.0028479559026182155,-0.0027558331802315372,0.5007925131505201,0.010553601184965844,0.7187384438618682,1.2174937758760833,0.007695126419934084,0.0029314767314034818
2026-08-02 20:00:00+00:00,SPCX,Fold_2,0.009544787077826689,-0.013077914901455268,1.6784628958498515,0.018329938900203624,1.2330770495221144,1.219059363718426,0.0033636363636364575,-0.0041818181818181754
2026-08-02 21:00:00+00:00,SPCX,Fold_2,0.011547979103657013,-0.011269928532160467,2.2553755271334843,0.021755230512868096,1.6059334481161966,1.9656400014618052,-0.008063785448944483,-0.01304702364773036
2026-08-02 22:00:00+00:00,SPCX,Fold_2,0.0056953885724784215,-0.0029314767314034818,1.0797779622090649,0.013516015552675453,0.9571966724646714,1.9354437798497173,0.0005480453050785705,-0.005480453050785594
2026-08-02 23:00:00+00:00,SPCX,Fold_2,0.008841407257321965,0.0041818181818181754,1.275693873259096,0.0140714682466212,0.7497453415172604,2.0195925873148335,-0.005568742012050376,-0.006664232243929202
2026-08-03 00:00:00+00:00,SPCX,Fold_2,-0.0019241341396371014,0.01304702364773036,-0.277637745134385,0.00842436585817441,0.4438638245872057,1.9315802120174133,-0.00045901037363449415,-0.0009180207472689883
2026-08-03 01:00:00+00:00,SPCX,Fold_2,-0.002565042139977991,0.005480453050785594,-0.33846739170441914,0.00796148861321977,0.3794139703683363,1.8642397644577673,-0.0006429096252754674,
2026-08-03 02:00:00+00:00,SPCX,Fold_2,-0.010818181818181838,0.006664232243929202,-1.4258874219523123,0.007313460470283362,0.3444138252886623,1.8605296188694824,0.00018380663541939235,
2026-08-03 03:00:00+00:00,SPCX,Fold_2,-0.01395306695660059,0.0009180207472689883,-1.8379423428858204,0.007498611368265129,0.3492191551970334,1.3593824975159396,,
2026-08-08 04:00:00+00:00,SPCX,Fold_3,-0.009230769230769154,0.010493179433368138,-0.22913379107229728,-0.0016636418632788308,-0.10115485045724193,0.3421460480863743,0.001136191486138305,0.0023481290713527336
2026-08-08 05:00:00+00:00,SPCX,Fold_3,-0.01542014302741379,0.0045190931686376334,-0.38208283881296445,-0.0005293405928615824,-0.02271773120560462,0.28452822052775223,-0.0006052810774002104,0.0010592418854507013
2026-08-08 06:00:00+00:00,SPCX,Fold_3,-0.014937394196564924,0.0011343012704174704,-0.3705036078088908,-0.0011343012704174704,-0.03978881595466469,0.14894376128907674,0.0018169429934136172,7.570595805872493e-05
2026-08-08 07:00:00+00:00,SPCX,Fold_3,-0.008169689701693739,-0.0023481290713527336,-0.2020678064386793,0.0006805807622505267,0.020616591400988867,0.15256776693729088,-0.0001511373082445644,-0.0024181969319128083
2026-08-08 08:00:00+00:00,SPCX,Fold_3,-0.00346463809595543,-0.0010592418854507013,-0.08564314606895636,0.0005293405928614714,0.014333774195537647,0.16302401845249745,-0.0015871816189253485,0.0023429823898419855
2026-08-08 09:00:00+00:00,SPCX,Fold_3,-0.0010586811857230538,-7.570595805872493e-05,-0.026356559234953114,-0.0010586811857230538,-0.026356559234953114,0.12701246695575621,-0.0006813020439061512,0.0031794095382287058
2026-08-08 10:00:00+00:00,SPCX,Fold_3,-7.574609907601282e-05,0.0024181969319128083,-0.0018787117347736607,-0.0017392619479734694,-0.03993847493083834,0.08627542449655747,0.004620862055904951,0.0012120293917128322
2026-08-08 11:00:00+00:00,SPCX,Fold_3,0.0034047060603770163,-0.0023429823898419855,0.08520889602914675,0.002873563218390718,0.062281161401631396,0.077367452215073,-0.0007540340823404268,-0.0011310511235108622
2026-08-08 12:00:00+00:00,SPCX,Fold_3,0.0032553561965327216,-0.0031794095382287058,0.0839101931436688,0.0021173623714458856,0.044562112078485,0.1442118833150092,-0.0026411107757321473,0.0004527618472682793
2026-08-08 13:00:00+00:00,SPCX,Fold_3,-0.0012090984659565152,-0.0012120293917128322,-0.031085768459813173,-0.0005293405928615824,-0.010541702661071121,0.1448520732231543,0.002269804040251344,0.011197699931906113
2026-08-08 14:00:00+00:00,SPCX,Fold_3,0.0012092812334667524,0.0011310511235108622,0.037906132799767504,0.0017392619479732474,0.04026488329179511,0.19322462973252905,0.0008303766890618292,0.031705291764172916
2026-08-08 15:00:00+00:00,SPCX,Fold_3,0.0036336109008328066,-0.0004527618472682793,0.1585485053483116,0.0025710828796128293,0.07932769058377306,0.2898844294867617,0.008070598883692881,0.028360235329612182
2026-08-08 16:00:00+00:00,SPCX,Fold_3,0.012423301265055864,-0.011197699931906113,0.6368963457583725,0.010662431941923733,0.37135729632635983,0.32255373640304,0.022596333707444627,0.02581369248035914
2026-08-08 17:00:00+00:00,SPCX,Fold_3,0.03053838033479095,-0.031705291764172916,1.546553466199521,0.03349969751966109,1.1106351957847709,0.4780661011198324,-0.0024145752542620302,-0.014414282578473658
2026-08-08 18:00:00+00:00,SPCX,Fold_3,0.028825837609417482,-0.028360235329612182,1.3598642938061964,0.031004234724742785,0.9250488055330347,1.0782869513945674,0.0055742995452543465,-0.009388293970954975
2026-08-08 19:00:00+00:00,SPCX,Fold_3,0.03730044639479457,-0.02581369248035914,1.7867149672314717,0.03675136116152444,1.078028664475997,1.121715847990483,-0.01750547045951867,-0.012107950401166967
2026-08-08 20:00:00+00:00,SPCX,Fold_3,0.01683400015097747,0.014414282578473658,1.0959865419219714,0.018602540834845582,0.7195174409478192,1.4106279126759962,0.0026726057906458767,0.0031922791388270255
2026-08-08 21:00:00+00:00,SPCX,Fold_3,0.018705687132297477,0.009388293970954975,1.0480110546291446,0.021324863883847467,0.689791499214073,1.8110291995721814,0.002813564341773933,-0.0010365763364431624
2026-08-08 22:00:00+00:00,SPCX,Fold_3,0.013393191170968821,0.012107950401166967,0.7858528672399564,0.024198427102238185,0.7978902104986574,1.891598721039598,-0.002288836385115234,-0.0035440047253395557
2026-08-08 23:00:00+00:00,SPCX,Fold_3,-0.011268017853223067,-0.0031922791388270255,-0.6685220748417119,0.02185420447670894,0.7101725072279652,1.8808913144711887,-0.0015540590542441057,0.003700140605342961
2026-08-09 00:00:00+00:00,SPCX,Fold_3,-0.01041513862402832,0.0010365763364431624,-0.6296670861019945,0.020266182698124524,0.6549133887917868,1.2264161144193506,0.0002964719833977725,0.00696709160984299
2026-08-09 01:00:00+00:00,SPCX,Fold_3,-0.015609044493070656,0.0035440047253395557,-0.943009464244545,0.020568663036902635,0.648948273164725,1.2249427860366011,0.004964433906342602,0.008817427385892085
2026-08-09 02:00:00+00:00,SPCX,Fold_3,0.0069042316258352,-0.003700140605342961,0.4230436128836035,0.025635208711433544,0.8022659394742744,1.1407863574751826,0.0016957900169580764,0.007299270072992803
2026-08-09 03:00:00+00:00,SPCX,Fold_3,0.005923293351103309,-0.00696709160984299,0.3652616544354078,0.027374470659407235,0.8440274564897389,0.42456037742029307,0.0021345502723391085,0.00500515236272614
2026-08-09 04:00:00+00:00,SPCX,Fold_3,0.005242173656231586,-0.008817427385892085,0.3273032730508094,0.029567453115547426,0.9043956866052938,0.4178509473199939,0.00345207491737054,0.0019831068674254215
2026-08-09 05:00:00+00:00,SPCX,Fold_3,0.011026419003922205,-0.007299270072992803,0.691099427623814,0.03312159709618867,0.9972550926422662,0.4075152228572449,-0.0005855658029572108,-0.014273166447079655
2026-08-09 06:00:00+00:00,SPCX,Fold_3,0.01200711532760157,-0.00500515236272614,0.7508906005867573,0.03251663641863267,0.9585998221986676,0.3517909207025062,-0.0008788633367511345,-0.010985791709389181
2026-08-09 07:00:00+00:00,SPCX,Fold_3,0.010818020154119479,-0.0019831068674254215,0.6765551695020362,0.031609195402298784,0.9150935227644198,0.3108961433871581,-0.01282803108048669,-0.00952939451693291
2026-08-09 08:00:00+00:00,SPCX,Fold_3,-0.007078080070780812,0.014273166447079655,-0.44159704759843377,0.018375680580762,0.5214717056185504,0.34669387823266606,0.0027474567461200916,0.004975124378109541
2026-08-09 09:00:00+00:00,SPCX,Fold_3,-0.0060356249079936974,0.010985791709389181,-0.34468842612358386,0.02117362371445841,0.5407725613172953,0.8319092915260021,0.0005924170616113944,0.0025918246445497672
2026-08-09 10:00:00+00:00,SPCX,Fold_3,-0.007565185457216295,0.00952939451693291,-0.4324733736755034,0.02177858439201441,0.5477270892633271,0.84894097607221,0.001628182356423924,0.000444049733570262
2026-08-09 11:00:00+00:00,SPCX,Fold_3,-0.009369052847313708,-0.004975124378109541,-0.5361838196338029,0.023442226255293352,0.5809215732386099,0.8319652657213543,0.00036943992906746104,-0.001699423673710565
2026-08-09 12:00:00+00:00,SPCX,Fold_3,-0.008422440310531742,-0.0025918246445497672,-0.48473417520914674,0.02382032667876577,0.5845640005466503,0.8017817037837406,-0.0015510746731662861,-0.00029544279488880054
2026-08-09 13:00:00+00:00,SPCX,Fold_3,-0.00908957630845908,-0.000444049733570262,-0.5236820682130965,0.022232304900181576,0.5380773606648398,0.8090784300853208,-0.0005178280810770319,0.0036987720076935293
2026-08-09 14:00:00+00:00,SPCX,Fold_3,0.003267245860251178,0.001699423673710565,0.18877911896251437,0.021702964307320105,0.5191977451968345,0.8106234391719931,0.0017763303974538402,0.002738509362741226
2026-08-09 15:00:00+00:00,SPCX,Fold_3,0.002295616113744181,0.00029544279488880054,0.132629868362871,0.02351784633998788,0.5547074481985497,0.2153736825658366,0.002438123383819768,0.00014776505356484115
2026-08-09 16:00:00+00:00,SPCX,Fold_3,0.00414446417998815,-0.0036987720076935293,0.23936139800332573,0.026013309134906182,0.6050009929533839,0.17992750747110378,-0.0014740566037737546,-0.002137382075471872
2026-08-09 17:00:00+00:00,SPCX,Fold_3,0.0010344318013890685,-0.002738509362741226,0.06110153711700803,0.024500907441016295,0.5750641164659294,0.22132913664886597,-0.0008119279598464146,0.0019929140832595227
2026-08-09 18:00:00+00:00,SPCX,Fold_3,-0.00014772139744423374,-0.00014776505356484115,-0.01183235294631765,0.023669086509376935,0.7436225087049593,0.32716359286767255,0.00014774322227961711,0.004949397946369061
2026-08-09 19:00:00+00:00,SPCX,Fold_3,0.0015534842432309848,0.002137382075471872,0.12486716603340837,0.02382032667876577,0.7415402777236906,0.33647010069320954,0.00265898515399976,-0.0008863283846662906
2026-08-09 20:00:00+00:00,SPCX,Fold_3,0.004736881059877129,-0.0019929140832595227,0.3926277657077948,0.026542649727767653,0.841620879785789,0.31212907035767845,0.0021362799263351384,-0.004272559852670388
2026-08-09 21:00:00+00:00,SPCX,Fold_3,0.005097894347986687,-0.004949397946369061,0.6163360449251507,0.028735632183907844,1.3131020294520956,0.5178175640095238,-0.005660099970596799,-0.014039988238753298
2026-08-09 22:00:00+00:00,SPCX,Fold_3,-0.0030218160377357695,0.0008863283846662906,-0.36690690385316843,0.02291288566243188,1.0392237113302292,0.5337837749786728,-0.0007392622163082674,-0.005914097730465029
2026-08-09 23:00:00+00:00,SPCX,Fold_3,-0.002288160614112855,0.004272559852670388,-0.2647470159568752,0.022156684815486827,0.9466700437935213,0.850442410247272,-0.007694014944144345,-0.006510320337352882
2026-08-10 00:00:00+00:00,SPCX,Fold_3,-0.009160079781340147,0.014039988238753298,-1.0685579521757422,0.014292196007259506,0.6087895041071657,0.8480401560163816,0.0025348542458809575,-0.0004473272198612932
2026-08-10 01:00:00+00:00,SPCX,Fold_3,-0.00679518428244319,0.005914097730465029,-0.7245867383010369,0.016863278886872335,0.6494233114777546,1.104962382331903,-0.0013385885327582558,
2026-08-10 02:00:00+00:00,SPCX,Fold_3,-0.010755064456721919,0.006510320337352882,-1.1347969486960892,0.015502117362371282,0.5844170242276263,1.1685762854638986,-0.001638245587906706,
2026-08-10 03:00:00+00:00,SPCX,Fold_3,-0.014481034989708874,0.0004473272198612932,-1.5899301070274408,0.01383847549909234,0.5371822896912972,1.110577798598074,,
2026-08-15 04:00:00+00:00,SPCX,Fold_3,-0.008348054020172024,0.008757564969740006,-0.3372639027784458,-0.0043624401058428575,-0.4317076187665123,0.13611652158700055,0.0002873150409423708,0.0012929176842408907
2026-08-15 05:00:00+00:00,SPCX,Fold_3,-0.009283961156760223,0.005995717344753793,-0.3739966027810309,-0.004076378459558216,-0.2844261141152023,0.19420418411962512,0.00014361625736047934,-0.0020106276030447123
2026-08-15 06:00:00+00:00,SPCX,Fold_3,-0.008400968247187834,0.003933347636415729,-0.338918146843756,-0.003933347636415729,-0.2244103119922348,0.17199550826439047,0.000861573808156324,-0.00222573233773693
2026-08-15 07:00:00+00:00,SPCX,Fold_3,-0.007475970096119444,-0.0012929176842408907,-0.30154943893760194,-0.003075162697561362,-0.15191641273776527,0.18347360194057352,-0.0030129124820661435,-0.0015064562410330717
2026-08-15 08:00:00+00:00,SPCX,Fold_3,-0.007994289793004983,0.0020106276030447123,-0.3222860007727938,-0.006078809983551592,-0.26845453509804984,0.19972245777447037,-7.195279896377027e-05,0.0015110087782415071
2026-08-15 09:00:00+00:00,SPCX,Fold_3,-0.006150325395122724,0.00222573233773693,-0.24859957452992645,-0.006150325395122724,-0.24859957452992645,0.20756478269619622,0.001583075483917451,0.0030941929912930988
2026-08-15 10:00:00+00:00,SPCX,Fold_3,-0.0002154862807067781,0.0015064562410330717,-0.008712473612412829,-0.004576986340556477,-0.1713278922253931,0.2107678294629318,0.0,0.0010776636252605165
2026-08-15 11:00:00+00:00,SPCX,Fold_3,-0.0005026569007611226,-0.0015110087782415071,-0.020336275800542505,-0.004576986340556477,-0.16036516003540707,0.15623410687974665,0.0015087290753645899,-0.0010776636252605165
2026-08-15 12:00:00+00:00,SPCX,Fold_3,0.000861573808156324,-0.0030941929912930988,0.03601953242412973,-0.003075162697561362,-0.10497068985119422,0.1606863518954516,-0.00043041606886662365,0.009397417503586913
2026-08-15 13:00:00+00:00,SPCX,Fold_3,-0.00043041606886662365,-0.0010776636252605165,-0.018044503631189587,-0.0035042551669886013,-0.11379621337033433,0.17476657154794617,-0.002153007033156351,0.011769771781254379
2026-08-15 14:00:00+00:00,SPCX,Fold_3,0.00043171679378328776,0.0010776636252605165,0.03394732274969488,-0.005649717514124464,-0.32810481411235404,0.3225374819077429,0.01201093210586901,0.019778481012658222
2026-08-15 15:00:00+00:00,SPCX,Fold_3,0.01252068791825578,-0.009397417503586913,1.1582071179873803,0.006293356218264989,0.41164737993442263,0.3135830228373772,0.0019188401677208144,0.007888565133963299
2026-08-15 16:00:00+00:00,SPCX,Fold_3,0.012860119261441039,-0.011769771781254379,1.1204448446144946,0.008224272330687121,0.4867959072965467,1.078711492113756,0.005745495815009161,0.005319903532415848
2026-08-15 17:00:00+00:00,SPCX,Fold_3,0.018679502837847473,-0.019778481012658222,1.6489876254354263,0.014017020667953739,0.8100641349278027,1.091934228427096,0.00021158050638270254,-0.00014105367092165366
2026-08-15 18:00:00+00:00,SPCX,Fold_3,0.01736011477761834,-0.007888565133963299,2.128221629591155,0.014231566902667359,1.1034355580223505,1.533467690926044,-0.0006346072486250742,-7.051191651386013e-05
2026-08-15 19:00:00+00:00,SPCX,Fold_3,0.017152289364145146,-0.005319903532415848,2.115800953207855,0.013587928198526722,1.026411692858879,1.5753742529028676,0.0002822267692093039,0.0003527834615113523
2026-08-15 20:00:00+00:00,SPCX,Fold_3,0.019634637514384545,0.00014105367092165366,2.420526797633763,0.013873989844811474,1.0161072355419563,1.5824306663234362,0.0002821471397334019,0.0004937574945333978
2026-08-15 21:00:00+00:00,SPCX,Fold_3,0.007817496979603433,7.051191651386013e-05,0.9640745237253655,0.014160051491096226,1.008200920546015,1.4667605292409243,-0.00021155066638456343,0.0007051688879486928
2026-08-15 22:00:00+00:00,SPCX,Fold_3,0.005674563767910312,-0.0003527834615113523,0.7294140182060713,0.013945505256382607,1.0073368076896791,0.7336252818718095,0.00042319085907749354,0.0007053180984624152
2026-08-15 23:00:00+00:00,SPCX,Fold_3,0.00035263417730457824,-0.0004937574945333978,0.045719446931859656,0.014374597725809846,1.02078174169334,0.7554659653773265,0.0004935138183868037,0.0004230118443315778
2026-08-16 00:00:00+00:00,SPCX,Fold_3,0.0006346072486249632,-0.0007051688879486928,0.08240336113730853,0.014875205606808217,1.0324495829036429,0.12800508434798025,-0.00021140159255872426,-0.00021140159255872426
2026-08-16 01:00:00+00:00,SPCX,Fold_3,0.001058350384534057,-0.0007053180984624152,0.1378280172009022,0.014660659372094598,0.9970704025568681,0.1399364616689919,0.00014096419509446179,0.0008457851705667707
2026-08-16 02:00:00+00:00,SPCX,Fold_3,0.0009169782041333896,-0.0004230118443315778,0.1193749644670573,0.014803690195237085,0.9843191566700861,0.09928903429440006,-0.00014094432699096604,-0.015151515151515138
2026-08-16 03:00:00+00:00,SPCX,Fold_3,0.0004936182215640184,0.00021140159255872426,0.06553742489540001,0.014660659372094598,0.9732439165954503,0.09986474692229134,0.0008457851705667707,-0.013744009021708359
2026-08-16 04:00:00+00:00,SPCX,Fold_3,0.0015516998166171803,-0.0008457851705667707,0.20879437952221175,0.015518844310948854,1.0230010797092834,0.10538859907839473,-0.015845070422535246,-0.014084507042253502
2026-08-16 05:00:00+00:00,SPCX,Fold_3,-0.014734912577552217,0.015151515151515138,-2.115870006808907,-0.0005721232925696151,-0.03946571718451244,0.14256699967828368,0.0012880143112701248,0.002289803220035802
2026-08-16 06:00:00+00:00,SPCX,Fold_3,-0.013952505108871693,0.013744009021708359,-1.2838248272704924,0.0007151541157119912,0.031020369405115662,1.481431675528344,0.0005002501250623848,0.0014292860716071942
2026-08-16 07:00:00+00:00,SPCX,Fold_3,-0.013250634338877854,0.014084507042253502,-1.2175940134807,0.0012157619967101407,0.05171434256253691,1.4971557764304966,0.0004999999999999449,0.0008571428571428896
2026-08-16 08:00:00+00:00,SPCX,Fold_3,-0.01289640591966179,-0.002289803220035802,-1.1855017782957686,0.0017163698777085123,0.07176637759694332,1.509279815917951,0.00042835724994638724,0.0004997501249375258
2026-08-16 09:00:00+00:00,SPCX,Fold_3,-0.012334367070764074,-0.0014292860716071942,-1.1474054173178612,0.0021454623471357515,0.08925569212316864,1.5334140128174574,-7.136230642967867e-05,0.0005708984514380955
2026-08-16 10:00:00+00:00,SPCX,Fold_3,-0.01323943661971827,-0.0008571428571428896,-1.2318320087449535,0.002073946935564619,0.08489349207159103,1.5423101599487694,0.00014273479874371553,-0.0001427347987440486
2026-08-16 11:00:00+00:00,SPCX,Fold_3,0.0027906976744185297,-0.0004997501249375258,0.26007655485450315,0.002216977758706884,0.08946442712455312,1.529206635833998,0.0004995004995007601,-0.0002854288568573393
2026-08-16 12:00:00+00:00,SPCX,Fold_3,0.002001000500250205,-0.0005708984514380955,0.18649460727364056,0.0027175856397052556,0.107999308593288,0.10574239786111284,-0.0007845374794951399,-0.00014264317809009608
2026-08-16 13:00:00+00:00,SPCX,Fold_3,0.0007142857142856673,0.0001427347987440486,0.06668370792953268,0.001930916112422132,0.07572640668955945,0.05529896082946622,0.0,7.137758743769318e-05
2026-08-16 14:00:00+00:00,SPCX,Fold_3,0.00021417862497319362,0.0002854288568573393,0.019981433071993467,0.001930916112422132,0.07458569074765398,0.11374859397636218,0.0006423982869379063,7.137758743769318e-05
2026-08-16 15:00:00+00:00,SPCX,Fold_3,0.0004281738385785161,0.00014264317809009608,0.0402134525401361,0.0025745548165627685,0.09871377279403049,0.10623708329513135,-0.0005706541122760811,0.0014266352806904248
2026-08-16 16:00:00+00:00,SPCX,Fold_3,-7.136739937185776e-05,-7.137758743769318e-05,-0.008166538483043457,0.0020024315239934865,0.09227213690200821,0.14140300419158766,0.0,-0.004068232103347502
2026-08-16 17:00:00+00:00,SPCX,Fold_3,-0.0002140716426428657,-7.137758743769318e-05,-0.024680249187141946,0.0020024315239934865,0.09173433125684005,0.16088746692591357,0.001998429805152968,-0.004924702019841742
2026-08-16 18:00:00+00:00,SPCX,Fold_3,0.0012837886028098655,-0.0014266352806904248,0.1586137469246521,0.004004863047986751,0.19407889006307139,0.17096959604925688,-0.0060545622907614005,-0.0070517843151219894
2026-08-16 19:00:00+00:00,SPCX,Fold_3,-0.003997144896502491,0.004068232103347502,-0.4884635735920199,-0.00207394693556473,-0.09815796825836456,0.3014847454120616,-0.0008599684678228803,-0.00014332807797035052
2026-08-16 20:00:00+00:00,SPCX,Fold_3,-0.004853675945753033,0.004924702019841742,-0.5607419848694288,-0.002932131874419097,-0.1295864202994998,0.7877428215934452,-0.0001434514416868149,7.172572084357398e-05
2026-08-16 21:00:00+00:00,SPCX,Fold_3,-0.005635209358727411,0.0070517843151219894,-0.6520117044588677,-0.003075162697561362,-0.1344820789848561,0.7835559667446017,0.0008608321377332473,0.01406025824964141
2026-08-16 22:00:00+00:00,SPCX,Fold_3,-0.004210977089429746,0.00014332807797035052,-0.48778090555304815,-0.002216977758706995,-0.09592783669306944,0.7661348311926722,-0.0006450688073394995,0.01670011467889898
2026-08-16 23:00:00+00:00,SPCX,Fold_3,-0.004853329526800398,-7.172572084357398e-05,-0.5600683480501892,-0.0028606164628477426,-0.12190181459340199,0.7916161118026547,0.013842071290253166,0.020010040880728663
2026-08-17 00:00:00+00:00,SPCX,Fold_3,0.006909324025927921,-0.01406025824964141,0.799033198262032,0.010941857970392599,0.46205077711460174,0.787664828272214,0.0034663271080925817,0.008913412563667178
2026-08-17 01:00:00+00:00,SPCX,Fold_3,0.016554393005589807,-0.01670011467889898,1.4650212095749426,0.014446113137380978,0.46171966517575047,1.444471963163554,0.002608389143461398,
2026-08-17 02:00:00+00:00,SPCX,Fold_3,0.02008320183617851,-0.020010040880728663,1.7550039464759373,0.0170921833655151,0.533665814828512,1.2110409540222735,0.0028125439459991686,
2026-08-17 03:00:00+00:00,SPCX,Fold_3,0.023098995695839397,-0.008913412563667178,2.005557660191503,0.019952799828362844,0.6124926856415805,1.1453159512804207,,
2026-08-22 04:00:00+00:00,SPCX,Fold_3,-0.007747971639500029,0.005494505494505475,-0.4232089551842848,-0.009124087591240837,-1.220764517159851,0.21541439061696194,-0.009281767955801046,-0.009944751381215422
2026-08-22 05:00:00+00:00,SPCX,Fold_3,-0.016094813080693493,0.015374478365912547,-0.8480775468450736,-0.018321167883211587,-1.6721044767919893,0.5369609129388719,0.001487099412595727,0.0017101643244850084
2026-08-22 06:00:00+00:00,SPCX,Fold_3,-0.014948732575657875,0.016861313868613115,-0.7631088357826799,-0.016861313868613115,-1.2172744879555422,0.6580884894629008,-0.0021530922859900326,-0.0017818694780608046
2026-08-22 07:00:00+00:00,SPCX,Fold_3,-0.01538461538461533,0.009944751381215422,-0.7853603800513259,-0.01897810218978102,-1.1865355511305133,0.6771714827436008,0.0023809523809523725,0.0031249999999998224
2026-08-22 08:00:00+00:00,SPCX,Fold_3,-0.013690606925836457,-0.0017101643244850084,-0.6997084631737692,-0.016642335766423377,-0.9317498429394251,0.676745056180701,-0.0020041567695963103,0.0017814726840856832
2026-08-22 09:00:00+00:00,SPCX,Fold_3,-0.01861313868613146,0.0017818694780608046,-0.9498104858111857,-0.01861313868613146,-0.9498104858111857,0.7064027457089158,0.002751952398661217,0.004685756786909856
2026-08-22 10:00:00+00:00,SPCX,Fold_3,-0.006850828729281777,-0.0031249999999998224,-0.36226571847938993,-0.01591240875912414,-0.779016505895036,0.6545456512017275,0.0010384215991694479,0.0025218810265539293
2026-08-22 11:00:00+00:00,SPCX,Fold_3,0.0034946836195999254,-0.0017814726840856832,0.18472069187405404,-0.014890510948905034,-0.6816287722849158,0.5862408741861943,0.000889152341434496,0.0
2026-08-22 12:00:00+00:00,SPCX,Fold_3,0.0028955379018487104,-0.004685756786909856,0.15413777411667468,-0.014014598540145862,-0.6091368330067819,0.2805207539598819,0.0005922416345867099,-0.003109268581581448
2026-08-22 13:00:00+00:00,SPCX,Fold_3,0.005654761904761774,-0.0025218810265539293,0.30093875020420985,-0.013430656934306562,-0.5536517417331978,0.2756627928972426,-0.0014797277300975242,-0.0038472920982539627
2026-08-22 14:00:00+00:00,SPCX,Fold_3,0.0017814726840856832,-0.0,0.11852489331816157,-0.014890510948905034,-0.7316768063526523,0.27426126045506166,-0.002222880853586351,-0.0018524007113218666
2026-08-22 15:00:00+00:00,SPCX,Fold_3,0.001561918928969952,0.003109268581581448,0.14184132578656306,-0.017080291970802963,-1.096792788313815,0.3912274862452375,-0.00014852220406957883,0.0005940888162780933
2026-08-22 16:00:00+00:00,SPCX,Fold_3,-0.001335113484646211,0.0038472920982539627,-0.15107056854094703,-0.0172262773722629,-1.324210618928008,0.5036971613507276,0.0005199049316697568,0.00044563279857401383
2026-08-22 17:00:00+00:00,SPCX,Fold_3,-0.0018524007113218666,0.0018524007113218666,-0.219346874834451,-0.01671532846715318,-1.2957554213650921,0.39080582036270944,0.00022270061613838266,0.0005938683097022057
2026-08-22 18:00:00+00:00,SPCX,Fold_3,-0.002517026946994405,-0.0005940888162780933,-0.3029837259742442,-0.01649635036496344,-1.255883355410371,0.3728284870573894,-0.0002968680421554515,-0.0025975953688587294
2026-08-22 19:00:00+00:00,SPCX,Fold_3,-0.0034033737792247276,-0.00044563279857401383,-0.4384448013826942,-0.016788321167883313,-1.3244274678382608,0.3671411707933873,0.0006681514476614137,-0.0014847809948032031
2026-08-22 20:00:00+00:00,SPCX,Fold_3,-0.0012596324836989803,-0.0005938683097022057,-0.17170295984657413,-0.01613138686131388,-1.3063417319833583,0.3542462737322603,-0.002967579197269865,-0.0007418947993174108
2026-08-22 21:00:00+00:00,SPCX,Fold_3,-0.002005049754938426,0.0025975953688587294,-0.2721885982306758,-0.019051094890511044,-1.4931522319566175,0.3504647887030541,0.0008185132822382535,0.002306719249944189
2026-08-22 22:00:00+00:00,SPCX,Fold_3,-0.0010398098633391806,0.0014847809948032031,-0.13963074679846024,-0.018248175182481785,-1.3770363174125513,0.44167022326876115,0.00141263940520453,0.0007434944237918462
2026-08-22 23:00:00+00:00,SPCX,Fold_3,-0.00014846707742566245,0.0007418947993174108,-0.01984585770247506,-0.016861313868613115,-1.234501874313,0.466566474957937,7.424456158577897e-05,-0.0017076249164748036
2026-08-23 00:00:00+00:00,SPCX,Fold_3,-0.0002968680421554515,-0.002306719249944189,-0.03929687049076524,-0.016788321167883313,-1.187866853764278,0.5034186708468897,-0.0007423904974015461,-0.0028210838901261415
2026-08-23 01:00:00+00:00,SPCX,Fold_3,-0.0007423904974015461,-0.0007434944237918462,-0.09836187482365732,-0.01751824817518255,-1.2121304269951823,0.5027354999847754,-0.0010401188707279685,-0.0022288261515600594
2026-08-23 02:00:00+00:00,SPCX,Fold_3,-0.002448252837747522,0.0017076249164748036,-0.3252842213411248,-0.018540145985401435,-1.2581475823972734,0.5122013773397323,-0.0010412018444148075,-0.0031236055332442003
2026-08-23 03:00:00+00:00,SPCX,Fold_3,-0.0005208720886969997,0.0028210838901261415,-0.06943603917662775,-0.019562043795620543,-1.3038813835902892,0.508272325394236,-0.00014889815366281312,-0.0028290649195950035
2026-08-23 04:00:00+00:00,SPCX,Fold_3,-0.0014869888475835813,0.0022288261515600594,-0.20492109264903846,-0.019708029197080257,-1.3305394918927285,0.3489603848930059,-0.0019359642591214588,-7.446016381251752e-05
2026-08-23 05:00:00+00:00,SPCX,Fold_3,-0.004825896503081184,0.0031236055332442003,-0.8288341556221319,-0.021605839416058426,-1.7825828794709335,0.3934065797378713,-0.0007460459564309074,0.004476275738585445
2026-08-23 06:00:00+00:00,SPCX,Fold_3,-0.005642167780252394,0.0028290649195950035,-1.5343134641121092,-0.02233576642335766,-2.863272630963454,0.48011544850755705,0.0026131103479170026,0.006794086904584162
2026-08-23 07:00:00+00:00,SPCX,Fold_3,-0.002303120356612176,7.446016381251752e-05,-0.6418550199767005,-0.01978102189781028,-2.5519116907032697,0.3997634231675333,0.0026062997989424463,0.004170079678308181
2026-08-23 08:00:00+00:00,SPCX,Fold_3,0.001338688085675832,-0.004476275738585445,0.3606719418256776,-0.0172262773722629,-2.111062163279438,1.0409600223373605,0.0015597147950090484,0.002228163992870069
2026-08-23 09:00:00+00:00,SPCX,Fold_3,0.003945801072066768,-0.006794086904584162,1.0518262829745035,-0.015693430656934293,-1.8708618662418732,1.2637513889907173,0.0,-0.0010381905821281734
2026-08-23 10:00:00+00:00,SPCX,Fold_3,0.004095309009679804,-0.004170079678308181,1.1119064504389091,-0.015693430656934293,-1.874537979179809,1.2542051652371586,0.0006674082313682383,0.002002224694104715
2026-08-23 11:00:00+00:00,SPCX,Fold_3,0.006714413607878278,-0.002228163992870069,1.9640788705926266,-0.01503649635036497,-1.904575189328787,1.3428021278447138,-0.0017044612420333838,0.0
2026-08-23 12:00:00+00:00,SPCX,Fold_3,0.005748842765417317,0.0010381905821281734,1.693603539547248,-0.01671532846715318,-2.0997369584985797,0.9985013415327042,0.003043575087224415,0.002078539083958164
2026-08-23 13:00:00+00:00,SPCX,Fold_3,0.006180653808921077,-0.002002224694104715,1.7846728132438467,-0.013722627737226212,-1.6645530394703674,1.1796864395087776,-0.001332149200710564,-0.000370041444641922
2026-08-23 14:00:00+00:00,SPCX,Fold_3,0.002228163992870069,-0.0,0.5872074065138535,-0.01503649635036497,-1.640713037913597,1.13619514157442,0.0003705350526159723,0.0008892841262784223
2026-08-23 15:00:00+00:00,SPCX,Fold_3,0.0010381905821283954,-0.002078539083958164,0.27463176139550727,-0.014671532846715296,-1.5844317718280816,1.1587266477296407,0.0005926364915918025,0.002074227720571864
2026-08-23 16:00:00+00:00,SPCX,Fold_3,0.001631442343344558,0.000370041444641922,0.4529830058568431,-0.014087591240875996,-1.5751491539721458,1.1519527904852247,-7.40356852001467e-05,0.0011105352780040878
2026-08-23 17:00:00+00:00,SPCX,Fold_3,0.0008892841262784223,-0.0008892841262784223,0.24653645880909955,-0.014160583941605798,-1.5599317696172574,1.1536315772835706,0.001554864504664577,0.0011106175033319676
2026-08-23 18:00:00+00:00,SPCX,Fold_3,0.004157078167916328,-0.002074227720571864,1.1538619623160127,-0.012627737226277302,-1.3747841725979386,1.1499388411259535,-0.0003696311081541337,-0.0007392622163082674
2026-08-23 19:00:00+00:00,SPCX,Fold_3,0.000740082889283622,-0.0011105352780040878,0.20140713785730166,-0.012992700729926976,-1.36942912155112,0.9919530930670079,-7.39535571659955e-05,-0.0009613962431592737
2026-08-23 20:00:00+00:00,SPCX,Fold_3,0.0020008892841263393,-0.0011106175033319676,0.5441450674906828,-0.013065693430656888,-1.3592764701985796,0.647977962789078,-0.00029583610679695393,-0.0011093854004882164
2026-08-23 21:00:00+00:00,SPCX,Fold_3,0.0013334321060818333,0.0007392622163082674,0.36341516533640467,-0.01335766423357676,-1.3759848153859209,0.4612393732113929,-0.0005918473033955651,0.008285862247540132
2026-08-23 22:00:00+00:00,SPCX,Fold_3,0.00014807137040051543,0.0009613962431592737,0.044791027546256634,-0.01394160583941606,-1.5753393720656637,0.5452293230459632,-0.0002220741727737563,-0.0014804944851581903
2026-08-23 23:00:00+00:00,SPCX,Fold_3,0.0,0.0011093854004882164,0.0,-0.014160583941605798,-1.5765329492853248,0.5719656491115475,0.009107063527321158,0.0008144528357765246
2026-08-24 00:00:00+00:00,SPCX,Fold_3,0.007540474606342773,-0.008285862247540132,2.313734064712265,-0.005182481751824897,-0.580659998715763,0.5867170216024327,-0.010272213662044227,-0.016362168904541674
2026-08-24 01:00:00+00:00,SPCX,Fold_3,-0.002440467386481404,0.0014804944851581903,-0.43955432159249025,-0.015401459854014643,-1.0018394831137383,1.6979162635189353,0.002075765438505517,
2026-08-24 02:00:00+00:00,SPCX,Fold_3,-0.00029583610679695393,-0.0008144528357765246,-0.03829909677093236,-0.01335766423357676,-0.6178663907749015,1.9446506767065295,-0.00821188133461559,
2026-08-24 03:00:00+00:00,SPCX,Fold_3,-0.00821188133461559,0.016362168904541674,-1.0579605775471652,-0.02145985401459849,-0.9774815971922368,1.9618826523654915,,
2026-06-27 06:00:00+00:00,SNDK,Fold_1,,,,,,,,
2026-06-27 07:00:00+00:00,SNDK,Fold_1,,,,,,,,
2026-06-27 08:00:00+00:00,SNDK,Fold_1,,,,,,,,
2026-06-27 09:00:00+00:00,SNDK,Fold_1,,,,,,,,
2026-06-27 10:00:00+00:00,SNDK,Fold_1,,,,,,,,
2026-06-27 11:00:00+00:00,SNDK,Fold_1,,,,,,,,
2026-06-27 12:00:00+00:00,SNDK,Fold_1,,,,,,,,
2026-06-27 13:00:00+00:00,SNDK,Fold_1,,,,,,,,
2026-06-27 14:00:00+00:00,SNDK,Fold_1,,,,,,,,
2026-06-27 15:00:00+00:00,SNDK,Fold_1,,,,,,,,
2026-06-27 16:00:00+00:00,SNDK,Fold_1,,,,,,,,
2026-06-27 17:00:00+00:00,SNDK,Fold_1,,,,,,,,
2026-06-27 18:00:00+00:00,SNDK,Fold_1,,,,,,,,
2026-06-27 19:00:00+00:00,SNDK,Fold_1,,,,,,,,
2026-06-27 20:00:00+00:00,SNDK,Fold_1,,,,,,,,
2026-06-27 21:00:00+00:00,SNDK,Fold_1,,,,,,,,
2026-06-27 22:00:00+00:00,SNDK,Fold_1,,,,,,,,
2026-06-27 23:00:00+00:00,SNDK,Fold_1,,,,,,,,
2026-06-28 00:00:00+00:00,SNDK,Fold_1,,,,,,,,
2026-06-28 01:00:00+00:00,SNDK,Fold_1,,,,,,,,
2026-06-28 02:00:00+00:00,SNDK,Fold_1,,,,,,,-0.002117085257776541,
2026-06-28 03:00:00+00:00,SNDK,Fold_1,,,,,,,,
2026-06-28 04:00:00+00:00,SNDK,Fold_1,,,,,,,,
2026-06-28 05:00:00+00:00,SNDK,Fold_1,,,,,,,,
2026-06-28 06:00:00+00:00,SNDK,Fold_1,,,,,,,,
2026-06-28 07:00:00+00:00,SNDK,Fold_1,,,,,,,,
2026-06-28 08:00:00+00:00,SNDK,Fold_1,,,,,,,,
2026-06-28 09:00:00+00:00,SNDK,Fold_1,,,,,,,,
2026-06-28 10:00:00+00:00,SNDK,Fold_1,,,,,,,,
2026-06-28 11:00:00+00:00,SNDK,Fold_1,,,,,,,,
2026-06-28 12:00:00+00:00,SNDK,Fold_1,,,,,,,,
2026-06-28 13:00:00+00:00,SNDK,Fold_1,,,,,,,,
2026-06-28 14:00:00+00:00,SNDK,Fold_1,,,,,,,,
2026-06-28 15:00:00+00:00,SNDK,Fold_1,,,,,,,,
2026-06-28 16:00:00+00:00,SNDK,Fold_1,,,,,,,,
2026-06-28 17:00:00+00:00,SNDK,Fold_1,,,,,,,,
2026-06-28 18:00:00+00:00,SNDK,Fold_1,,,,,,,,
2026-06-28 19:00:00+00:00,SNDK,Fold_1,,,,,,,,
2026-06-28 20:00:00+00:00,SNDK,Fold_1,,,,,,,,
2026-06-28 21:00:00+00:00,SNDK,Fold_1,,,,,,,,
2026-06-28 22:00:00+00:00,SNDK,Fold_1,,,,,,,,
2026-06-28 23:00:00+00:00,SNDK,Fold_1,,,,,,,,
2026-06-29 00:00:00+00:00,SNDK,Fold_1,,,,,,,0.002284679713768334,0.0017673937408397844
2026-06-29 01:00:00+00:00,SNDK,Fold_1,,,,,,,-0.0036223053727676424,
2026-06-29 02:00:00+00:00,SNDK,Fold_1,,,,,,,0.0031174910432083536,
2026-06-29 03:00:00+00:00,SNDK,Fold_1,,-0.0017673937408397844,,,,,,
2026-07-04 04:00:00+00:00,SNDK,Fold_1,,,,-0.0009553705472908902,-0.1661729856204922,,,
2026-07-04 05:00:00+00:00,SNDK,Fold_1,,,,,,,,
2026-07-04 06:00:00+00:00,SNDK,Fold_1,,,,-9.82666848642344e-05,-0.01717191155354788,,0.00021839187145467065,
2026-07-04 07:00:00+00:00,SNDK,Fold_1,,,,0.00012010372594506435,0.01810515797006391,,,
2026-07-04 08:00:00+00:00,SNDK,Fold_1,,,,,,,,
2026-07-04 09:00:00+00:00,SNDK,Fold_1,,,,0.00012010372594506435,0.014741120498244798,,3.2751628028737656e-05,
2026-07-04 10:00:00+00:00,SNDK,Fold_1,,,,0.00015285928756658684,0.016802715319077087,,,
2026-07-04 11:00:00+00:00,SNDK,Fold_1,,,,,,,,
2026-07-04 12:00:00+00:00,SNDK,Fold_1,,,,,,,,
2026-07-04 13:00:00+00:00,SNDK,Fold_1,,,,0.0001474000272962961,,,,
2026-07-04 14:00:00+00:00,SNDK,Fold_1,,,,,,,,
2026-07-04 15:00:00+00:00,SNDK,Fold_1,,,,0.00014194076702600533,,,,
2026-07-04 16:00:00+00:00,SNDK,Fold_1,,,,,,,,
2026-07-04 17:00:00+00:00,SNDK,Fold_1,,,,0.00015285928756658684,,,-1.0916851798215e-05,
2026-07-04 18:00:00+00:00,SNDK,Fold_1,,,,0.00014194076702600533,,,,
2026-07-04 19:00:00+00:00,SNDK,Fold_1,,,,,,,,
2026-07-04 20:00:00+00:00,SNDK,Fold_1,,,,,,,,
2026-07-04 21:00:00+00:00,SNDK,Fold_1,,,,,,,,
2026-07-04 22:00:00+00:00,SNDK,Fold_1,,,,0.00031663709567353315,,,,
2026-07-04 23:00:00+00:00,SNDK,Fold_1,,,,,,,,
2026-07-05 00:00:00+00:00,SNDK,Fold_1,,,,0.00041490378053765653,,,,
2026-07-05 01:00:00+00:00,SNDK,Fold_1,,,,,,,,
2026-07-05 02:00:00+00:00,SNDK,Fold_1,,,,0.0005513852872935932,,,-0.00023461882625119834,
2026-07-05 03:00:00+00:00,SNDK,Fold_1,,,,0.00031663709567353315,,,,
2026-07-05 04:00:00+00:00,SNDK,Fold_1,,,,,,,,
2026-07-05 05:00:00+00:00,SNDK,Fold_1,,,,,,,,
2026-07-05 06:00:00+00:00,SNDK,Fold_1,,,,,,,,
2026-07-05 07:00:00+00:00,SNDK,Fold_1,,,,,,,,
2026-07-05 08:00:00+00:00,SNDK,Fold_1,,,,0.001026340930804004,,,-0.0006380785654684917,
2026-07-05 09:00:00+00:00,SNDK,Fold_1,,,,0.00038760747918664684,,,,
2026-07-05 10:00:00+00:00,SNDK,Fold_1,,,,,,,,
2026-07-05 11:00:00+00:00,SNDK,Fold_1,,,,,,,,
2026-07-05 12:00:00+00:00,SNDK,Fold_1,,,,0.0018233929302577945,,,0.003264145082802594,0.003667395059642864
2026-07-05 13:00:00+00:00,SNDK,Fold_1,,,,0.005093489832127762,,,9.233710648093307e-05,-0.0006137701783734961
2026-07-05 14:00:00+00:00,SNDK,Fold_1,,,,0.005186297256721817,,,0.0003095723014256979,0.0004942294636796074
2026-07-05 15:00:00+00:00,SNDK,Fold_1,,-0.003667395059642864,,0.005497475092125059,,,-0.0010153000836128356,0.00022260590068534647
2026-07-05 16:00:00+00:00,SNDK,Fold_1,,0.0006137701783734961,,0.004476593421591346,,,0.0012011195956411758,
2026-07-05 17:00:00+00:00,SNDK,Fold_1,,-0.0004942294636796074,,0.0056830899413129465,,,3.799887089073195e-05,
2026-07-05 18:00:00+00:00,SNDK,Fold_1,0.003890817344108566,-0.00022260590068534647,,0.005721304763204538,,,,
2026-07-05 19:00:00+00:00,SNDK,Fold_1,,,,,,,,
2026-07-05 20:00:00+00:00,SNDK,Fold_1,,,,0.005011600928074289,,,,
2026-07-05 21:00:00+00:00,SNDK,Fold_1,,,,,,,,
2026-07-05 22:00:00+00:00,SNDK,Fold_1,,,,0.005879623311041415,,,-0.0016336321993790648,0.001590213403382279
2026-07-05 23:00:00+00:00,SNDK,Fold_1,,,,0.004236385969700995,,,0.02962745513750953,-0.009964610140744012
2026-07-06 00:00:00+00:00,SNDK,Fold_1,,,,0.033989354442472974,,,-0.025638724188362216,-0.029683053415768712
2026-07-06 01:00:00+00:00,SNDK,Fold_1,,-0.001590213403382279,,0.007479186570219731,,,-0.013151263919369272,
2026-07-06 02:00:00+00:00,SNDK,Fold_1,,0.009964610140744012,,-0.005770438105636599,,,0.00912046036086478,
2026-07-06 03:00:00+00:00,SNDK,Fold_1,,0.029683053415768712,,0.0032973932032209774,0.037677280019431825,1.8936929617100307,,
2026-07-11 04:00:00+00:00,SNDK,Fold_1,,,,,,0.33075561647505536,,
2026-07-11 05:00:00+00:00,SNDK,Fold_1,,,,0.0,0.0,0.3491209894772218,-4.149851124091164e-05,
2026-07-11 06:00:00+00:00,SNDK,Fold_1,,,,-4.149851124091164e-05,-0.0022716766253462624,0.12275246415297472,,
2026-07-11 07:00:00+00:00,SNDK,Fold_1,,,,,,0.124251094834535,,
2026-07-11 08:00:00+00:00,SNDK,Fold_1,,,,,,,,
2026-07-11 09:00:00+00:00,SNDK,Fold_1,,,,0.009513533701978494,0.3867658817741686,,-0.0026822600867365542,
2026-07-11 10:00:00+00:00,SNDK,Fold_1,,,,0.006805755843509065,0.2626748301108976,,-0.0013653459735174511,
2026-07-11 11:00:00+00:00,SNDK,Fold_1,,,,0.0054311176586541166,0.1972498488080222,,,
2026-07-11 12:00:00+00:00,SNDK,Fold_1,,,,,,,,
2026-07-11 13:00:00+00:00,SNDK,Fold_1,,,,0.002002303167373931,0.0683738253917445,,0.0029715682011139943,0.004695491913607075
2026-07-11 14:00:00+00:00,SNDK,Fold_1,,,,0.004979821348909175,0.21452975406785368,,0.0016568768130154066,0.005801649650558849
2026-07-11 15:00:00+00:00,SNDK,Fold_1,,,,0.0066449491124505045,0.27404879827138473,,6.183686404659383e-05,0.006049706532549326
2026-07-11 16:00:00+00:00,SNDK,Fold_1,,-0.004695491913607075,,0.006707196879311983,0.2950633348905555,0.4151347411207592,0.004075827918648356,0.011057808740100317
2026-07-11 17:00:00+00:00,SNDK,Fold_1,,-0.005801649650558849,,0.010810362178256705,0.7357202157842458,0.4804568482053194,0.00190391148607727,0.006286500189877975
2026-07-11 18:00:00+00:00,SNDK,Fold_1,,-0.006049706532549326,,0.012734855637053899,0.9471098247259596,0.4983577503317324,0.005040131535140047,0.004082301660067733
2026-07-11 19:00:00+00:00,SNDK,Fold_1,0.015805222505228755,-0.011057808740100317,1.9205446798807422,0.01783917251968581,1.3274376773740166,0.44762429316657276,-0.000662531788784948,-0.0010906292523074068
2026-07-11 20:00:00+00:00,SNDK,Fold_1,0.012124621912066758,-0.006286500189877975,1.4619178607805143,0.01716482171202105,1.2295472668189997,0.5297257777088018,-0.00029068729696513085,-0.0023815959242580176
2026-07-11 21:00:00+00:00,SNDK,Fold_1,0.010156704919637827,-0.004082301660067733,1.4032444104327355,0.016869144819429582,1.3455905394319978,0.7494765461897932,-0.0001377340203030375,
2026-07-11 22:00:00+00:00,SNDK,Fold_1,0.009955119518114453,0.0010906292523074068,1.4681761818014958,0.01672908734399159,1.3864453937251844,0.8710495447234198,-0.0019540517236981136,
2026-07-11 23:00:00+00:00,SNDK,Fold_1,0.0038899323623897697,0.0023815959242580176,0.5923216071404493,0.014742346118333138,1.229540266558584,0.9098387623224263,,
2026-07-12 00:00:00+00:00,SNDK,Fold_1,,,,,,1.1356177292375476,,
2026-07-12 01:00:00+00:00,SNDK,Fold_1,,,,0.014778657315668742,1.3955975615082301,1.1919622347797363,,
2026-07-12 02:00:00+00:00,SNDK,Fold_1,,,,,,0.3787860269789031,,
2026-07-12 03:00:00+00:00,SNDK,Fold_1,,,,0.018357903910197315,1.669215797102573,,,
2026-07-12 04:00:00+00:00,SNDK,Fold_1,,,,,,,,
2026-07-12 05:00:00+00:00,SNDK,Fold_1,,,,,,,,
2026-07-12 06:00:00+00:00,SNDK,Fold_1,,,,,,,,
2026-07-12 07:00:00+00:00,SNDK,Fold_1,,,,0.018357903910197315,1.4332688703851104,,-0.0019713015174437354,
2026-07-12 08:00:00+00:00,SNDK,Fold_1,,,,0.016350413428918298,1.2543343953196104,,0.0010513959067013356,
2026-07-12 09:00:00+00:00,SNDK,Fold_1,,,,0.017419000093371606,1.3062788088885624,,,
2026-07-12 10:00:00+00:00,SNDK,Fold_1,,,,,,,,
2026-07-12 11:00:00+00:00,SNDK,Fold_1,,,,0.014778657315668742,1.1669174866974827,,,
2026-07-12 12:00:00+00:00,SNDK,Fold_1,,,,,,,,
2026-07-12 13:00:00+00:00,SNDK,Fold_1,,,,0.014778657315668742,1.1326913625550867,,-0.00022491782831612905,-0.0005009533448859793
2026-07-12 14:00:00+00:00,SNDK,Fold_1,,,,0.014550415503843839,1.0991512078098669,,8.180670099133813e-05,-0.0004908402059483619
2026-07-12 15:00:00+00:00,SNDK,Fold_1,,,,0.014633412526325662,1.1249606792425324,,-0.0003578750402609687,
2026-07-12 16:00:00+00:00,SNDK,Fold_1,,0.0005009533448859793,,0.01427030055296763,1.0895323995753103,,-0.00021480189639389025,
2026-07-12 17:00:00+00:00,SNDK,Fold_1,,0.0004908402059483619,,0.014052433368952899,1.0525406330316405,,,
2026-07-12 18:00:00+00:00,SNDK,Fold_1,,,,,,0.09964734927103774,,
2026-07-12 19:00:00+00:00,SNDK,Fold_1,,,,,,,,
2026-07-12 20:00:00+00:00,SNDK,Fold_1,,,,0.013487016153295395,,,0.004212347347193557,-0.011505901380912897
2026-07-12 21:00:00+00:00,SNDK,Fold_1,,,,0.017756175497203985,,,-0.01206415869440014,-0.050978333443764345
2026-07-12 22:00:00+00:00,SNDK,Fold_1,,,,0.005477803483799892,,,-0.0036319737507350958,-0.05280291383348634
2026-07-12 23:00:00+00:00,SNDK,Fold_1,,0.011505901380912897,,0.00182593449459989,,,-0.03588774400662764,-0.05757261947910741
2026-07-13 00:00:00+00:00,SNDK,Fold_1,,0.050978333443764345,,-0.03412733818174274,,,-0.013963555121133786,-0.024806792732506633
2026-07-13 01:00:00+00:00,SNDK,Fold_1,,0.05280291383348634,,-0.047614354335038245,,,-0.008649284582160077,
2026-07-13 02:00:00+00:00,SNDK,Fold_1,-0.06841609597805287,0.05757261947910741,,-0.05585180881635876,,,-0.002367988747932759,
2026-07-13 03:00:00+00:00,SNDK,Fold_1,-0.07452051722468289,0.024806792732506633,-2.785701410467104,-0.05808754110946268,-0.7677091253941947,1.2406423130712083,,
2026-07-18 04:00:00+00:00,SNDK,Fold_2,0.009502232092950536,-0.0004062068405230601,0.1808449324198447,-0.0009956559897927875,-0.046415779215577206,0.1091184373309542,0.0014691334327521233,
2026-07-18 05:00:00+00:00,SNDK,Fold_2,0.0048444803294838135,-0.0004720146914571899,0.09244430592123107,0.0004720146914571899,0.015600880594125914,0.12101269875270539,,
2026-07-18 06:00:00+00:00,SNDK,Fold_2,,,,,,0.0666415037774719,,
2026-07-18 07:00:00+00:00,SNDK,Fold_2,,,,,,0.07053237417798856,,
2026-07-18 08:00:00+00:00,SNDK,Fold_2,,,,0.0008629018578201197,0.017987118809646072,0.05540127215413008,-0.0029549172475793473,
2026-07-18 09:00:00+00:00,SNDK,Fold_2,,,,-0.002094565193341724,-0.03905803351250646,,0.0001478141975537195,
2026-07-18 10:00:00+00:00,SNDK,Fold_2,,,,-0.0019470606022613524,-0.038742946923865464,,,
2026-07-18 11:00:00+00:00,SNDK,Fold_2,,,,,,,,
2026-07-18 12:00:00+00:00,SNDK,Fold_2,,,,-0.003510609267713405,-0.06460123971840263,,-0.002597825523820929,
2026-07-18 13:00:00+00:00,SNDK,Fold_2,,,,-0.006099314841174541,-0.10365950497051743,,,
2026-07-18 14:00:00+00:00,SNDK,Fold_2,,,,,,,,
2026-07-18 15:00:00+00:00,SNDK,Fold_2,,,,-0.004904527653423307,-0.07580431154916764,,-0.013229670036464913,-0.014259879635943218
2026-07-18 16:00:00+00:00,SNDK,Fold_2,,,,-0.01806931240734866,-0.38154981110048797,,-0.0010440216615718034,-0.0010440216615718034
2026-07-18 17:00:00+00:00,SNDK,Fold_2,,,,-0.01909446931535752,-0.38496704494171646,,0.0,0.0
2026-07-18 18:00:00+00:00,SNDK,Fold_2,,0.014259879635943218,,-0.01909446931535752,-0.39221282610722824,,0.0,0.0
2026-07-18 19:00:00+00:00,SNDK,Fold_2,,0.0010440216615718034,,-0.01909446931535752,-0.38348851283526636,0.4901988864142465,0.0,0.0
2026-07-18 20:00:00+00:00,SNDK,Fold_2,,-0.0,,-0.01909446931535752,-1.0281476670330354,1.434096854486492,0.0,
2026-07-18 21:00:00+00:00,SNDK,Fold_2,-0.014259879635943218,-0.0,-1.29640796244311,-0.01909446931535752,-1.002242454652382,1.2954690819812935,0.0,
2026-07-18 22:00:00+00:00,SNDK,Fold_2,-0.0010440216615718034,-0.0,-0.10706879685864541,-0.01909446931535752,-1.1004234340702383,1.3394587362018777,,
2026-07-18 23:00:00+00:00,SNDK,Fold_2,,,,,,0.11055977448244189,,
2026-07-19 00:00:00+00:00,SNDK,Fold_2,,,,-0.01876995921498059,-1.147359615548259,0.0,-0.0003307176573164039,-0.0018339797360271692
2026-07-19 01:00:00+00:00,SNDK,Fold_2,,,,-0.01909446931535752,-1.1049708843999453,0.0,0.0,-0.0014285714285714457
2026-07-19 02:00:00+00:00,SNDK,Fold_2,,,,-0.01909446931535752,-1.1263717020123976,0.04678056293959471,-0.0015037593984962294,-0.0014285714285714457
2026-07-19 03:00:00+00:00,SNDK,Fold_2,,0.0018339797360271692,,-0.02056951522616146,-1.2069374851954033,0.04753283606602168,7.530120481913372e-05,0.013554216867469826
2026-07-19 04:00:00+00:00,SNDK,Fold_2,,0.0014285714285714457,,-0.020495762930621386,-1.1846443943170486,0.2063408962967583,0.0,0.024463519313304705
2026-07-19 05:00:00+00:00,SNDK,Fold_2,,0.0014285714285714457,,-0.020495762930621386,-1.154967584624051,0.21001615475099672,0.013477900760485051,0.03008809577592042
2026-07-19 06:00:00+00:00,SNDK,Fold_2,0.01169537897236994,-0.013554216867469826,1.3977768853961052,-0.007294102028925775,-0.41095013959861176,0.19404573634624467,0.010839524517087584,0.015312035661218415
2026-07-19 07:00:00+00:00,SNDK,Fold_2,0.02299999999999991,-0.024463519313304705,1.8862945726359206,0.0034663578903892933,0.13159872720147417,1.1404513350143626,0.0054902652525743445,0.00027929060187137367
2026-07-19 08:00:00+00:00,SNDK,Fold_2,0.02861654135338343,-0.03008809577592042,2.105380280431745,0.008975654367242125,0.3003697234286246,1.1792637230312175,-0.0010598950338436275,-0.007835913629519187
2026-07-19 09:00:00+00:00,SNDK,Fold_2,0.029073795180722728,-0.015312035661218415,2.147348970741967,0.00790624608190904,0.26114771324472996,1.1365457279960358,-0.004127000387820878,-0.007675928026284029
2026-07-19 10:00:00+00:00,SNDK,Fold_2,0.024749642346209022,-0.00027929060187137367,1.8450501316415233,0.003746616613442111,0.12287775730730342,1.1314477280355513,-0.0026672152949734906,-7.347700537130297e-05
2026-07-19 11:00:00+00:00,SNDK,Fold_2,0.02201641442662461,0.007835913629519187,1.608694524011592,0.0010694082853326403,0.03383538888913228,1.2564724634979847,-0.000898816803453828,0.0026890830595134307
2026-07-19 12:00:00+00:00,SNDK,Fold_2,0.0075185735512628415,0.007675928026284029,0.5608067095618494,0.00016963027974226108,0.005395103515438058,1.3530998669427452,0.0035026398843760465,0.0031191929917706585
2026-07-19 13:00:00+00:00,SNDK,Fold_2,0.00020579307506296551,7.347700537130297e-05,0.01575463897406162,0.003672864317901814,0.11811872503599688,1.0744484106438152,8.817888556600373e-05,-0.0034683694989233738
2026-07-19 14:00:00+00:00,SNDK,Fold_2,-0.0051679019926026415,-0.0026890830595134307,-0.3948367114674469,0.003761367072550037,0.11898455170000329,0.6925858230657123,-0.00047024592392308495,-0.0035782775773518516
2026-07-19 15:00:00+00:00,SNDK,Fold_2,-0.004580677735418259,-0.0031191929917706585,-0.35902743313815627,0.003289352381092625,0.10525256078711125,0.499997828708254,-0.0030874407321643815,-0.00314624912706285
2026-07-19 16:00:00+00:00,SNDK,Fold_2,-0.0035415916588903418,0.0034683694989233738,-0.2842465199435981,0.0001917559684045944,0.006197554057781412,0.5124070017642586,-2.212144674273997e-05,0.001592744165468396
2026-07-19 17:00:00+00:00,SNDK,Fold_2,-0.000898816803453828,0.0035782775773518516,-0.08793490665016307,0.00016963027974226108,0.006594431009674137,0.5657959597918942,-3.6869893519697605e-05,
2026-07-19 18:00:00+00:00,SNDK,Fold_2,-3.6869893519697605e-05,0.00314624912706285,-0.003621199536998654,0.00013275413197222363,0.005114132100403878,0.5126819084476125,0.0016518321325595942,
2026-07-19 19:00:00+00:00,SNDK,Fold_2,-0.0018811495587380822,-0.001592744165468396,-0.1847414705042939,0.0017848055520726103,0.06788559189157603,0.5049553103315252,,
2026-07-19 20:00:00+00:00,SNDK,Fold_2,,,,,,0.3713320723738443,,
2026-07-19 21:00:00+00:00,SNDK,Fold_2,,,,0.0057969304294596125,0.2103471725829427,0.4023862496213174,0.005301558203482992,-0.00864527956003669
2026-07-19 22:00:00+00:00,SNDK,Fold_2,,,,0.011129221397015998,0.38956706165666805,0.4533801413473234,-0.0026331529271033105,-0.019650177245474132
2026-07-19 23:00:00+00:00,SNDK,Fold_2,,,,0.008466763528014676,0.2868410176863242,0.5648549203132108,-0.01126980992708615,-0.004336792528722877
2026-07-20 00:00:00+00:00,SNDK,Fold_2,,0.00864527956003669,,-0.0028984652147298062,-0.0977153004862314,0.7521399778283717,-0.005858161484067592,0.005932128169472417
2026-07-20 01:00:00+00:00,SNDK,Fold_2,,0.019650177245474132,,-0.008739647021513641,-0.25466701429218547,1.41000591051519,0.01294604327252169,
2026-07-20 02:00:00+00:00,SNDK,Fold_2,,0.004336792528722877,,0.00409325240248104,0.11393760620899035,1.3225564550567959,-0.001072393935832694,
2026-07-20 03:00:00+00:00,SNDK,Fold_2,-0.0027644362969752034,-0.005932128169472417,-0.1915932128828894,0.0030164688875939927,0.07391411656030429,1.6183650513259462,,
2026-07-25 04:00:00+00:00,SNDK,Fold_2,,,,0.0033650369875968256,0.15872936504553578,,-0.0023628703678040264,-0.0008730840655228889
2026-07-25 05:00:00+00:00,SNDK,Fold_2,,,,0.0009942154736082287,0.0376076449032994,,0.001048793193262787,0.0013960757075881514
2026-07-25 06:00:00+00:00,SNDK,Fold_2,,,,0.0020440513932922233,0.0670795086573031,,0.00044405589553586644,-0.004329544981474531
2026-07-25 07:00:00+00:00,SNDK,Fold_2,,0.0008730840655228889,,0.0024890149619001267,0.07292701599599248,,-9.709411193570272e-05,-0.00530549968791183
2026-07-25 08:00:00+00:00,SNDK,Fold_2,,-0.0013960757075881514,,0.002391679181267037,0.06431230723823189,,-0.0046748418599489305,-0.0023512928642770436
2026-07-25 09:00:00+00:00,SNDK,Fold_2,,0.004329544981474531,,-0.002294343400634058,-0.05698513201336702,0.09788027909795159,-0.0005365778874162341,
2026-07-25 10:00:00+00:00,SNDK,Fold_2,-0.006173951606197603,0.00530549968791183,-0.16607198635095105,-0.0028296901941152752,-0.0659177964062195,0.15584218304172168,0.002872581488582826,
2026-07-25 11:00:00+00:00,SNDK,Fold_2,-0.00095849973953821,0.0023512928642770436,-0.02583712265235895,3.4762778797547966e-05,0.0007651049347494296,0.14059275336992483,,
2026-07-25 12:00:00+00:00,SNDK,Fold_2,,,,,,0.16726129764530168,,
2026-07-25 13:00:00+00:00,SNDK,Fold_2,,,,-0.0027810223037988413,-0.05456653506895294,0.1776423663073412,0.001784817892799495,
2026-07-25 14:00:00+00:00,SNDK,Fold_2,,,,-0.0010011680293674496,-0.025008421669174902,0.26866230775574856,,
2026-07-25 15:00:00+00:00,SNDK,Fold_2,,,,,,0.28884650759805436,,
2026-07-25 16:00:00+00:00,SNDK,Fold_2,,,,-0.0010011680293674496,-0.025916703501444153,,0.005024775903345935,
2026-07-25 17:00:00+00:00,SNDK,Fold_2,,,,0.004018577228989351,0.10162128360271677,,-0.0014749671075409143,
2026-07-25 18:00:00+00:00,SNDK,Fold_2,,,,0.0025376828522165606,0.06205365608818786,,,
2026-07-25 19:00:00+00:00,SNDK,Fold_2,,,,,,,,
2026-07-25 20:00:00+00:00,SNDK,Fold_2,,,,,,,,
2026-07-25 21:00:00+00:00,SNDK,Fold_2,,,,,,,,
2026-07-25 22:00:00+00:00,SNDK,Fold_2,,,,,,,,
2026-07-25 23:00:00+00:00,SNDK,Fold_2,,,,,,,,
2026-07-26 00:00:00+00:00,SNDK,Fold_2,,,,,,,,
2026-07-26 01:00:00+00:00,SNDK,Fold_2,,,,0.0025376828522165606,,,,
2026-07-26 02:00:00+00:00,SNDK,Fold_2,,,,,,,,
2026-07-26 03:00:00+00:00,SNDK,Fold_2,,,,,,,,
2026-07-26 04:00:00+00:00,SNDK,Fold_2,,,,0.004380110128483272,,,-0.007835970705098894,
2026-07-26 05:00:00+00:00,SNDK,Fold_2,,,,-0.0034901829912675764,,,,
2026-07-26 06:00:00+00:00,SNDK,Fold_2,,,,,,,,
2026-07-26 07:00:00+00:00,SNDK,Fold_2,,,,0.004449635686078368,,,,
2026-07-26 08:00:00+00:00,SNDK,Fold_2,,,,,,,,
2026-07-26 09:00:00+00:00,SNDK,Fold_2,,,,0.004220201346014862,,,0.005877913859830164,0.007677981708541282
2026-07-26 10:00:00+00:00,SNDK,Fold_2,,,,0.010122921185828027,,,0.001610594130279086,0.002374593910026812
2026-07-26 11:00:00+00:00,SNDK,Fold_2,,,,0.01174981923355034,,,0.00017866714311232101,0.003126675004466728
2026-07-26 12:00:00+00:00,SNDK,Fold_2,,-0.007677981708541282,,0.01193058568329719,,,0.0005839997801411201,0.002308516777970171
2026-07-26 13:00:00+00:00,SNDK,Fold_2,,-0.002374593910026812,,0.012521552922854395,,,0.0023621019961135303,0.0017235104680943802
2026-07-26 14:00:00+00:00,SNDK,Fold_2,,-0.003126675004466728,,0.014913232104121432,,,-0.0006370866643375939,
2026-07-26 15:00:00+00:00,SNDK,Fold_2,0.010004223236106391,-0.002308516777970171,,0.014266644418488239,,,0.0,
2026-07-26 16:00:00+00:00,SNDK,Fold_2,0.004102197015582787,-0.0017235104680943802,,0.014266644418488239,,,,
2026-07-26 17:00:00+00:00,SNDK,Fold_2,,,,,,,,
2026-07-26 18:00:00+00:00,SNDK,Fold_2,,,,0.014266644418488239,,,-0.001220147514463532,
2026-07-26 19:00:00+00:00,SNDK,Fold_2,,,,0.01302908949329784,,,-0.0030678215035757628,
2026-07-26 20:00:00+00:00,SNDK,Fold_2,,,,0.009921297068802515,,,,
2026-07-26 21:00:00+00:00,SNDK,Fold_2,,,,,,,,
2026-07-26 22:00:00+00:00,SNDK,Fold_2,,,,0.025189109516658315,,,0.004082601471635305,-0.004326743752331108
2026-07-26 23:00:00+00:00,SNDK,Fold_2,,,,0.02937454808387563,,,-0.001492668364211136,-0.00520745388600341
2026-07-27 00:00:00+00:00,SNDK,Fold_2,,,,0.02783803326102663,,,-0.0068927730728644,-0.0037473957628723076
2026-07-27 01:00:00+00:00,SNDK,Fold_2,,0.004326743752331108,,0.020753378942099276,0.8651224712235471,0.8896886840374925,0.0031944529584446713,
2026-07-27 02:00:00+00:00,SNDK,Fold_2,,0.00520745388600341,,0.024014127593303236,0.8974244393790995,1.1792652162414903,-2.7158046250086443e-05,
2026-07-27 03:00:00+00:00,SNDK,Fold_2,,0.0037473957628723076,,0.023986317370265242,0.8924286109662968,1.313467422781417,,
2026-08-01 04:00:00+00:00,SNDK,Fold_2,0.008883458274165257,-0.0035147652990834555,0.16740767511625745,-0.006883548562744313,-0.31774688685247154,0.26026200511767816,0.003674304418985308,0.0004173486088379086
2026-08-01 05:00:00+00:00,SNDK,Fold_2,0.017755476133377135,0.0012296416938110122,0.342235218725932,-0.0032345363966614915,-0.10798540134128179,0.32914082300537906,0.00041582075679369446,0.006123164477492615
2026-08-01 06:00:00+00:00,SNDK,Fold_2,0.01808997359769915,0.002820060627240051,0.3516666337748533,-0.002820060627240051,-0.07752944485547925,0.2949348592370043,-0.0036593317033415396,-0.0032599837000815146
2026-08-01 07:00:00+00:00,SNDK,Fold_2,0.00393358079032935,-0.0004173486088379086,0.08576181910743051,-0.006469072793322872,-0.17274026341560328,0.3292289147862279,0.009398696125185069,0.005022453804058857
2026-08-01 08:00:00+00:00,SNDK,Fold_2,0.004885993485342022,-0.006123164477492615,0.10868202959289122,0.0028688224824660047,0.06990353770812996,0.29552317058068495,-0.008914100486223653,-0.0027552674230146845
2026-08-01 09:00:00+00:00,SNDK,Fold_2,-0.006070850975643527,0.0032599837000815146,-0.13623432524290496,-0.006070850975643527,-0.13623432524290496,0.31359204326529544,0.004619787408013165,-0.0024448078495502568
2026-08-01 10:00:00+00:00,SNDK,Fold_2,0.005441898527005051,-0.005022453804058857,0.12326841319692065,-0.0014791096085234878,-0.031019038338732177,0.38144400606972684,0.0015871078012450468,0.0026126236112804513
2026-08-01 11:00:00+00:00,SNDK,Fold_2,0.0033510260988673934,0.0027552674230146845,0.07665824065394737,0.00010565068632306662,0.002093071150985108,0.36409319749044605,-0.008605558264261237,-0.011181537461400937
2026-08-01 12:00:00+00:00,SNDK,Fold_2,-0.0056968215158924584,0.0024448078495502568,-0.13194136033241238,-0.008500816761075058,-0.16075458541189933,0.3616960667055144,0.009713035139056192,0.0016311341710313343
2026-08-01 13:00:00+00:00,SNDK,Fold_2,0.00764819919673454,-0.0026126236112804513,0.17927764272682073,0.0011296496460702077,0.020510976561747368,0.42498653717627305,-0.012192944003377004,-0.010431380189307116
2026-08-01 14:00:00+00:00,SNDK,Fold_2,-0.01390599675850901,0.011181537461400937,-0.5485345894345809,-0.011077068112184896,-0.3227052296105083,0.8083073408441184,0.004240491765556742,0.0025968903060387127
2026-08-01 15:00:00+00:00,SNDK,Fold_2,-0.0008176614881438837,-0.0016311341710313343,-0.031657895165174955,-0.006883548562744313,-0.18845422414197097,0.8361742286704097,-0.0024468085106382764,-0.02045008183306052
2026-08-01 16:00:00+00:00,SNDK,Fold_2,-0.007846009848207491,0.010431380189307116,-0.33678934838406754,-0.009313514348175955,-0.2715982927880287,0.8907414282372372,0.0008121344369611538,-0.017727500184575917
2026-08-01 17:00:00+00:00,SNDK,Fold_2,-0.008613684381602371,-0.0025968903060387127,-0.3887380366385991,-0.008508943736946106,-0.2513942509550771,0.9030484895918328,-0.01884426229508196,-0.012852459016393536
2026-08-01 18:00:00+00:00,SNDK,Fold_2,-0.018852304489307414,0.02045008183306052,-0.9040799538811658,-0.027192861264394907,-0.8247594433080141,0.9538927235798232,0.00032581181443780416,0.008446044728114055
2026-08-01 19:00:00+00:00,SNDK,Fold_2,-0.02797395807965175,0.017727500184575917,-1.235111475634193,-0.026875909205425486,-0.7266596347510063,1.1489915386834417,0.005779188241189059,0.010597962251544857
2026-08-01 20:00:00+00:00,SNDK,Fold_2,-0.010288945136583294,0.012852459016393536,-0.582942451946006,-0.0212520419026877,-0.7153303636201938,1.2364061017300325,0.002324963464859886,0.009490833001195798
2026-08-01 21:00:00+00:00,SNDK,Fold_2,-0.012176759410802096,-0.008446044728114055,-0.6846946488378763,-0.0189764886588053,-0.6160563469458826,1.2259479670021656,0.002460401617072172,0.011498442574060741
2026-08-01 22:00:00+00:00,SNDK,Fold_2,-0.0073174133108014905,-0.010597962251544857,-0.410502133013334,-0.016562776825115644,-0.5221434167816322,1.1923723751501303,0.0046773380492359795,0.00745399102546096
2026-08-01 23:00:00+00:00,SNDK,Fold_2,-0.003483606557377006,-0.009490833001195798,-0.1955199366625832,-0.011962908482124779,-0.3677556520984577,1.2176501501890222,0.0043183220234424,0.019304955788607803
2026-08-02 00:00:00+00:00,SNDK,Fold_2,0.020041603662458884,-0.011498442574060741,1.1283622232695243,-0.0076962461498452095,-0.23161196739869427,1.2641928332576946,-0.0015479115479116734,0.004119574119574088
2026-08-02 01:00:00+00:00,SNDK,Fold_2,0.018130950392516887,-0.00745399102546096,1.014694107360312,-0.009232244589465921,-0.2698274661880877,0.2712802428512425,0.01649564026215855,0.004831393393541328
2026-08-02 02:00:00+00:00,SNDK,Fold_2,0.028979008901288683,-0.019304955788607803,1.6908525252315922,0.007111103887132542,0.2119195058996931,0.37107705576329963,-0.010643792062749236,-0.0025984086764254677
2026-08-02 03:00:00+00:00,SNDK,Fold_2,0.015665385380078334,-0.004119574119574088,0.8432446272796265,-0.003608377286727915,-0.09711681795267572,0.8105004597015585,-0.0008401099483699159,0.008295066189244915
2026-08-02 04:00:00+00:00,SNDK,Fold_2,0.012321397581998017,-0.004831393393541328,0.6366421078919139,-0.004445455801441733,-0.11252714644433144,1.1220406319770333,0.008979591836734802,0.014693877551020362
2026-08-02 05:00:00+00:00,SNDK,Fold_2,0.016656384947563163,0.0025984086764254677,0.8749889979281934,0.004494217656667798,0.1134135372363004,1.1554365067906445,0.00016181229773470918,-0.006472491909385147
2026-08-02 06:00:00+00:00,SNDK,Fold_2,0.012448812448812463,-0.008295066189244915,0.639269377585376,0.004656757174087867,0.11272839214932502,1.1812528707393786,0.005500728037534319,1.617861187508396e-05
2026-08-02 07:00:00+00:00,SNDK,Fold_2,0.019596262847487278,-0.014693877551020362,1.0062938598304605,0.010183100766373743,0.24206289192928004,1.1835454980486122,-0.012067578439259874,0.008431214802896214
2026-08-02 08:00:00+00:00,SNDK,Fold_2,-0.009054082406675157,0.006472491909385147,-0.46380583599711833,-0.002007363040139154,-0.046772901952954506,1.1672017356726176,0.006693811074918621,0.005065146579804614
2026-08-02 09:00:00+00:00,SNDK,Fold_2,0.008311379003776542,-1.617861187508396e-05,0.4160278652884439,0.004673011125829962,0.10460709614023597,1.036484422867281,0.013961916163789612,0.005961722023587912
2026-08-02 10:00:00+00:00,SNDK,Fold_2,0.023248979591836694,-0.008431214802896214,1.1790378146502472,0.018700171479190786,0.41721912240145587,0.9464030941017197,-0.015365223218559487,-0.014248332641924932
2026-08-02 11:00:00+00:00,SNDK,Fold_2,-0.001440129449838179,-0.005065146579804614,-0.06938276567336761,0.0030476159516281687,0.06357859843649685,1.0638689177855443,0.007591839380337362,-0.005460938892579925
2026-08-02 12:00:00+00:00,SNDK,Fold_2,0.00597799708784974,-0.005961722023587912,0.26833527848846633,0.010662592342763233,0.20408145190723517,1.2551102450815952,-0.006408864657966085,-0.01011587420291249
2026-08-02 13:00:00+00:00,SNDK,Fold_2,-0.0059372485921159734,0.014248332641924932,-0.2688194832202859,0.004185392573569313,0.0796063798827848,1.3147788707997483,-0.006587785888865438,0.013653064858127895
2026-08-02 14:00:00+00:00,SNDK,Fold_2,-0.00042345276872968185,0.005460938892579925,-0.01936570612126613,-0.0024299657854316425,-0.046011895195902056,1.3395459797847151,0.00287581060383868,0.011837260077557143
2026-08-02 15:00:00+00:00,SNDK,Fold_2,-0.004214460209347903,0.01011587420291249,-0.19870672862877878,0.00043885669703436214,0.008447296158669081,1.2839079995613296,0.01744908652244903,0.008976368997814843
2026-08-02 16:00:00+00:00,SNDK,Fold_2,-0.0007898011934773796,-0.013653064858127895,-0.03733247736797758,0.017895600867960937,0.34063563028471977,1.2457587931371534,-0.008367332274110018,0.0002954115402118429
2026-08-02 17:00:00+00:00,SNDK,Fold_2,0.006311678631038209,-0.011837260077557143,0.27743066609417505,0.009378530155143894,0.16380539172438907,1.2656389645952764,4.025732482015876e-05,0.01665848101061984
2026-08-02 18:00:00+00:00,SNDK,Fold_2,-0.0012303090246785775,-0.008976368997814843,-0.05292603395409945,0.009419165034499022,0.15893182462416086,1.0722277346509546,0.008695232114390494,0.004242951226188785
2026-08-02 19:00:00+00:00,SNDK,Fold_2,0.013952509671258273,-0.0002954115402118429,0.6681372962192814,0.018196298975188263,0.33747536558621766,1.13368080782414,0.007854029979407207,-0.018238270836326453
2026-08-02 20:00:00+00:00,SNDK,Fold_2,0.02869293186039701,-0.01665848101061984,1.3553977920415778,0.02619324323226091,0.47333085915174355,1.1201703506215166,-0.012172329135978543,-0.023457670072067893
2026-08-02 21:00:00+00:00,SNDK,Fold_2,0.013257406519849413,-0.004242951226188785,0.6226178249729212,0.013702081318520465,0.243220679284734,1.0084314555555478,-0.013885659769267145,0.009764857736124455
2026-08-02 22:00:00+00:00,SNDK,Fold_2,-0.017948247091793212,0.018238270836326453,-0.7998303808674476,-0.0003738408900664236,-0.006223060970901871,1.2248683652496553,0.0024959146673604327,0.020487638311883716
2026-08-02 23:00:00+00:00,SNDK,Fold_2,-0.007189958212896919,0.023457670072067893,-0.30346114940938224,0.0021211407023331574,0.03305944030780451,1.0289303564283314,0.021434132416388252,0.0185876017776625
2026-08-03 00:00:00+00:00,SNDK,Fold_2,0.014049240777418204,-0.009764857736124455,0.5947207005178112,0.023600737929408977,0.36480026943585775,1.0121292885122364,-0.003414026089510913,-0.002794737636064859
2026-08-03 01:00:00+00:00,SNDK,Fold_2,0.001875708379228458,-0.020487638311883716,0.07278103735612837,0.020106138304875287,0.2817593247445563,1.2817029923471597,0.0006293767576739384,
2026-08-03 02:00:00+00:00,SNDK,Fold_2,-0.005306090124336804,-0.0185876017776625,-0.20531684000744854,0.020748169398685068,0.2868510412133672,1.256766430297485,-7.96178343953624e-06,
2026-08-03 03:00:00+00:00,SNDK,Fold_2,0.006942829884633683,0.002794737636064859,0.28231808867696667,0.02074004242281413,0.29817197904834164,1.2713950604907684,,
2026-08-08 04:00:00+00:00,SNDK,Fold_3,0.0031145699084629275,0.0027677852789959045,0.06958015123917703,-0.0025384046660641424,-0.13890688350803798,0.17729836816351244,-0.00042002618986825,-0.0016471615288953245
2026-08-08 05:00:00+00:00,SNDK,Fold_3,-0.00433965824165905,0.003153900487868899,-0.09693982563122065,-0.0029573646594922565,-0.11442270519067844,0.18776436229667065,-0.0011205404960040743,-0.0012358902529455706
2026-08-08 06:00:00+00:00,SNDK,Fold_3,-0.0061915266338934405,0.004074591308633857,-0.13957668631928472,-0.004074591308633857,-0.1299015073026757,0.06834295556805839,-0.00010723064486850564,
2026-08-08 07:00:00+00:00,SNDK,Fold_3,-0.0044103878184594825,0.0016471615288953245,-0.09946459026504319,-0.004181385032448803,-0.11549349072209908,0.055755938315202966,-8.249395731740883e-06,
2026-08-08 08:00:00+00:00,SNDK,Fold_3,-0.004385892865942709,0.0012358902529455706,-0.10045816623380353,-0.004189599934280697,-0.10512122287754799,0.054260015507747755,,
2026-08-08 09:00:00+00:00,SNDK,Fold_3,,,,,,0.055199238378446217,,
2026-08-08 10:00:00+00:00,SNDK,Fold_3,,,,-0.004271748952600074,-0.08980289546517595,0.058125338978156055,0.0006517614058247911,0.002194538404422186
2026-08-08 11:00:00+00:00,SNDK,Fold_3,,,,-0.0036227717078779476,-0.06960783079419744,0.027316776449459693,7.420293678728207e-05,0.0015417721310257981
2026-08-08 12:00:00+00:00,SNDK,Fold_3,,,,-0.0035488375913906856,-0.06424214210103636,0.03974225895550618,0.0014674603043742795,9.89299081599615e-05
2026-08-08 13:00:00+00:00,SNDK,Fold_3,,-0.002194538404422186,,-0.002086585065308455,-0.03807713513496222,0.019673832535843042,0.0,-0.000675030458691328
2026-08-08 14:00:00+00:00,SNDK,Fold_3,,-0.0015417721310257981,,-0.002086585065308455,-0.0873664058909059,0.09452805469649027,-0.0013665250749119728,0.001876913958312798
2026-08-08 15:00:00+00:00,SNDK,Fold_3,,-9.89299081599615e-05,,-0.0034502587694077436,-0.15452530901076028,0.1052612754912177,0.0006924408540105453,0.001566235265023641
2026-08-08 16:00:00+00:00,SNDK,Fold_3,0.0015180265654650693,0.000675030458691328,0.16663092304792257,-0.0027602070155260394,-0.20583623653121558,0.27924210385271275,0.0025536682208344708,0.0012768341104172354
2026-08-08 17:00:00+00:00,SNDK,Fold_3,0.0034215798629717575,-0.001876913958312798,0.3746117487723032,-0.0002135874476300037,-0.01530883160256713,0.2557136458125011,-0.0016761979885623335,
2026-08-08 18:00:00+00:00,SNDK,Fold_3,0.0016653201206944246,-0.001566235265023641,0.18117010675648249,-0.001889427421342238,-0.13000169673530287,0.35903079998035686,0.00040329218106993636,
2026-08-08 19:00:00+00:00,SNDK,Fold_3,0.000600941749810735,-0.0012768341104172354,0.06596459549023993,-0.0014868972315780216,-0.09994823127819819,0.43961033749426964,,
2026-08-08 20:00:00+00:00,SNDK,Fold_3,,,,,,0.7192741426862836,,
2026-08-08 21:00:00+00:00,SNDK,Fold_3,,,,,,0.813285963072298,,
2026-08-08 22:00:00+00:00,SNDK,Fold_3,,,,-0.0006818368520495888,-0.07741515774998768,0.8571823937065871,0.00041924585069907927,0.0010193428526803494
2026-08-08 23:00:00+00:00,SNDK,Fold_3,,,,-0.0002628768586214747,-0.02871589712178709,,0.00027938010484973574,0.0005998455192361973
2026-08-09 00:00:00+00:00,SNDK,Fold_3,,,,1.6429803663786657e-05,0.0029617071187677283,,0.00032037590773192903,0.00032037590773192903
2026-08-09 01:00:00+00:00,SNDK,Fold_3,,-0.0010193428526803494,,0.00033681097510895874,0.06000142363055676,,0.0,0.0
2026-08-09 02:00:00+00:00,SNDK,Fold_3,,-0.0005998455192361973,,0.00033681097510895874,0.0625543351433147,,0.0,0.0035476427063914073
2026-08-09 03:00:00+00:00,SNDK,Fold_3,,-0.00032037590773192903,,0.00033681097510895874,0.06123596254109555,0.16005145234234017,0.0,0.003810431055012886
2026-08-09 04:00:00+00:00,SNDK,Fold_3,0.0010193428526803494,-0.0,0.37089290838143013,0.00033681097510895874,0.06003715485526744,0.17189290845277033,0.0035476427063914073,0.002677156301582384
2026-08-09 05:00:00+00:00,SNDK,Fold_3,0.004149616263208866,-0.0035476427063914073,1.798077856032034,0.0038856485664997553,0.8088221300856321,0.20327835566197394,0.0002618593651546597,-0.006145511975974349
2026-08-09 06:00:00+00:00,SNDK,Fold_3,0.00413202773305299,-0.003810431055012886,1.3862192830688829,0.00414852542512123,0.6560791063251377,1.156296220759724,-0.0011289728801079368,
2026-08-09 07:00:00+00:00,SNDK,Fold_3,0.002677156301582384,-0.002677156301582384,0.9372768288085926,0.003014868972315732,0.4886064602597252,1.2075815974989808,-0.005282685078257465,
2026-08-09 08:00:00+00:00,SNDK,Fold_3,-0.002619671350321595,0.006145511975974349,-0.8815602462348792,-0.002283742709274561,-0.34956584073143293,1.3153264103546631,,
2026-08-09 09:00:00+00:00,SNDK,Fold_3,,,,,,1.6099603339022321,,
2026-08-09 10:00:00+00:00,SNDK,Fold_3,,,,-0.002406966236753516,-0.24392370588926035,1.7949932723335091,0.0007658291953853702,
2026-08-09 11:00:00+00:00,SNDK,Fold_3,,,,-0.001642980366384661,-0.16387859904694424,2.063994218474315,,
2026-08-09 12:00:00+00:00,SNDK,Fold_3,,,,,,1.546312140768582,,
2026-08-09 13:00:00+00:00,SNDK,Fold_3,,,,-0.0006982666557133754,-0.06558030172313392,,0.0009124912655678052,0.003954128817460489
2026-08-09 14:00:00+00:00,SNDK,Fold_3,,,,0.00021358744762989268,0.01954070253052374,,0.0009609382699826696,0.011851571996452037
2026-08-09 15:00:00+00:00,SNDK,Fold_3,,,,0.0011747309619649648,0.10519701796834836,,0.0020759315024656555,0.009198099661122727
2026-08-09 16:00:00+00:00,SNDK,Fold_3,,-0.003954128817460489,,0.0032531011254415265,0.291198494686197,,0.008786007893487158,0.008466665574897947
2026-08-09 17:00:00+00:00,SNDK,Fold_3,,-0.011851571996452037,,0.012067690791095043,1.0354375223070422,0.319370407763562,-0.0016639745452479149,-0.0012256592991826132
2026-08-09 18:00:00+00:00,SNDK,Fold_3,,-0.009198099661122727,,0.010383635915550915,0.6012911265288295,1.3645275103401142,0.0013496593329753725,0.0003983934175650905
2026-08-09 19:00:00+00:00,SNDK,Fold_3,0.012454272678696032,-0.008466665574897947,1.839119993874205,0.011747309619650093,0.6718552894879112,1.4184734861942512,-0.0009093861643389989,-0.0032478077297823926
2026-08-09 20:00:00+00:00,SNDK,Fold_3,0.010611386707841897,0.0012256592991826132,1.564299366954708,0.010827240614474709,0.6105893330375307,1.2729470513774086,-4.0634549118956365e-05,-0.005128080098823151
2026-08-09 21:00:00+00:00,SNDK,Fold_3,0.009600157541046928,-0.0003983934175650905,1.4447599020374517,0.010786166105315242,0.6135294354048805,1.3706015296433323,-0.002300008939964182,-0.012515949708638563
2026-08-09 22:00:00+00:00,SNDK,Fold_3,0.005191359743216051,0.0032478077297823926,0.8026915097436977,0.00846134888688077,0.4887069828281728,1.4329269166207486,-0.002794069729553428,-0.004569892473118231
2026-08-09 23:00:00+00:00,SNDK,Fold_3,-0.006347454118945772,0.005128080098823151,-0.9784849936960657,0.005643637558531367,0.32126469449558415,1.5417739686315757,-0.0074662832776494215,-0.004231438444006974
2026-08-10 00:00:00+00:00,SNDK,Fold_3,-0.012122542563051897,0.012515949708638563,-1.8036001189548347,-0.001864782715846558,-0.10130809317675595,0.5593279798978539,0.005728253623367374,0.002576068080623717
2026-08-10 01:00:00+00:00,SNDK,Fold_3,-0.0078028580708021655,0.004569892473118231,-0.9825600915540125,0.00385278895917196,0.1752174449609734,0.9441237087101173,-0.002455011906807747,
2026-08-10 02:00:00+00:00,SNDK,Fold_3,-0.009337819387556068,0.004231438444006974,-1.0900918144483802,0.0013883184095950796,0.057907309589280635,1.2291960538585436,-0.0006808915577649621,
2026-08-10 03:00:00+00:00,SNDK,Fold_3,-0.009972123566557967,-0.002576068080623717,-1.1483987548239327,0.0007064815575454908,0.02876476944130354,1.2177646140765348,,
2026-08-15 04:00:00+00:00,SNDK,Fold_3,-0.00617310024801021,0.0005037049624041501,-0.4490513719642631,0.00016396528794127008,0.029215965235387276,0.4764765787432005,-0.0008621945888181992,0.0062235877009764184
2026-08-15 05:00:00+00:00,SNDK,Fold_3,-0.007778394153541979,0.0002430222243824387,-0.5639198619792146,-0.0006983706708609816,-0.08769484494264645,0.471433825075327,0.002965591842191584,0.006587503190442101
2026-08-15 06:00:00+00:00,SNDK,Fold_3,-0.00469903727629517,-0.002265150088966328,-0.3395777366164108,0.002265150088966328,0.23149536533663415,0.44536457146862807,0.004114104288605258,0.0040232183323032356
2026-08-15 07:00:00+00:00,SNDK,Fold_3,0.005716747886563178,-0.0062235877009764184,0.41380542081732063,0.006388573441266976,0.5663653257266766,0.5429004373228961,-0.0005008417762383255,-0.0007060058773481481
2026-08-15 08:00:00+00:00,SNDK,Fold_3,0.006342880056381173,-0.006587503190442101,0.45983699390653376,0.005884532000558718,0.46732601758739045,0.37684168550844327,0.0004105338147042392,-0.0006037261980946784
2026-08-15 09:00:00+00:00,SNDK,Fold_3,0.006297481614632838,-0.0040232183323032356,0.5633324295591601,0.006297481614632838,0.5633324295591601,0.44104777234494075,-0.0006155480187802764,-0.0012069568995690672
2026-08-15 10:00:00+00:00,SNDK,Fold_3,0.005513187934133246,0.0007060058773481481,0.5950207461362362,0.005678057193521546,0.5673560353751612,0.5328627746647183,-0.00039854109804104976,-0.0007789666916258042
2026-08-15 11:00:00+00:00,SNDK,Fold_3,0.0059797999440913685,0.0006037261980946784,0.649525141183884,0.005277253156331874,0.4964184008432555,0.5606201251032414,-0.00019330908915182743,-0.0009182181734708195
2026-08-15 12:00:00+00:00,SNDK,Fold_3,0.0028114055816095274,0.0012069568995690672,0.3303336338266963,0.00508292392617915,0.487637698025116,0.5859872710355422,-0.00018730438775627078,-0.004205285608980924
2026-08-15 13:00:00+00:00,SNDK,Fold_3,-0.0014844226139113514,0.0007789666916258042,-0.17451323467680316,0.004894667484468762,0.44572770108508897,0.5246787907217282,-0.0005378455960115547,-0.004586795588457426
2026-08-15 14:00:00+00:00,SNDK,Fold_3,-0.0015213900191985985,0.0009182181734708195,-0.1912209307925816,0.0043541893131067155,0.4041861755447399,0.11202686553166062,-0.0034827615396708644,-0.004238569165467498
2026-08-15 15:00:00+00:00,SNDK,Fold_3,-0.005407166910069705,0.004205285608980924,-0.6844858748656282,0.0008562631703599166,0.07664555641860106,0.1145117438798248,-0.0005703537406709369,-0.0009829500637096311
2026-08-15 16:00:00+00:00,SNDK,Fold_3,-0.005362189319098487,0.004586795588457426,-0.6708897886719252,0.00028542105678663887,0.024260458105522492,0.3910675140192828,-0.00018820272468988986,0.00012142111270296851
2026-08-15 17:00:00+00:00,SNDK,Fold_3,-0.00515289540770103,0.004238569165467498,-0.6570031382804978,9.716461507625063e-05,0.008110280195889715,0.3992039960810766,-0.00022467134225945262,0.0003096821204116029
2026-08-15 18:00:00+00:00,SNDK,Fold_3,-0.005184102086933318,0.0009829500637096311,-0.6647369834739778,-0.00012752855728770385,-0.010342219218057527,0.4074651561987082,0.0005344735435595105,0.0007227539964045349
2026-08-15 19:00:00+00:00,SNDK,Fold_3,-0.004465931409578516,-0.00012142111270296851,-0.5723862611129771,0.00040687682563200767,0.03193417792748896,0.4062850483705083,0.0,0.0001881798756799835
2026-08-15 20:00:00+00:00,SNDK,Fold_3,-0.00393019965414243,-0.0003096821204116029,-0.5412053391955837,0.00040687682563200767,0.03328599766681084,0.4719036518792067,0.0001881798756799835,-0.0006191724941725374
2026-08-15 21:00:00+00:00,SNDK,Fold_3,-0.000260906498391944,-0.0007227539964045349,-0.036349246390388334,0.0005951332673423959,0.04787007581422541,0.48861926363329167,0.0,-1.82075294202777e-05
2026-08-15 22:00:00+00:00,SNDK,Fold_3,0.00030962383739274735,-0.0001881798756799835,0.06479010845224337,0.0005951332673423959,0.06998216442630047,0.19463454472663766,-0.0008072004709681613,0.0001456602353626657
2026-08-15 23:00:00+00:00,SNDK,Fold_3,-0.00030968212041171395,0.0006191724941725374,-0.06742484508441904,-0.0002125475954795064,-0.02534665472762624,0.14913177439551065,0.0007896303315233499,0.004944300691230197
2026-08-16 00:00:00+00:00,SNDK,Fold_3,0.000704533307419597,1.82075294202777e-05,0.15412202759960808,0.0005769149020156128,0.06745915848049606,0.24049660993231778,0.00016387074846435645,0.008151052414362203
2026-08-16 01:00:00+00:00,SNDK,Fold_3,0.00033386752136754794,-0.0001456602353626657,0.07252568818575797,0.0007408801899568829,0.084048497246711,0.29273292622490305,0.003986868214890249,0.006523414506860226
2026-08-16 02:00:00+00:00,SNDK,Fold_3,0.004322066822066928,-0.004944300691230197,1.28389172400361,0.004730702196527492,0.7177517152629809,0.37368169525436845,0.003983124607127353,0.0021638218654802532
2026-08-16 03:00:00+00:00,SNDK,Fold_3,0.00813269647441528,-0.008151052414362203,2.110008545564699,0.008732669779982771,1.1328350885419605,1.067971383582651,-0.0014508720282708776,-0.0008789515192014763
2026-08-16 04:00:00+00:00,SNDK,Fold_3,0.006670024944315234,-0.006523414506860226,1.5546938727891513,0.007269127765396011,0.8300520987832827,1.199886294974609,-0.00036173778833525905,-0.00016881096788967653
2026-08-16 05:00:00+00:00,SNDK,Fold_3,0.007118821142655829,-0.0021638218654802532,1.6235192659834867,0.006904760458859904,0.756461679871466,1.3163491068154594,0.0009348274489462405,0.00019299663462124528
2026-08-16 06:00:00+00:00,SNDK,Fold_3,0.007264936515258169,0.0008789515192014763,1.6672784328858108,0.007846042667411401,0.848829994386185,1.2872909491673032,-0.0007411379781995242,-0.0022234139345990167
2026-08-16 07:00:00+00:00,SNDK,Fold_3,0.006353502315053605,0.00016881096788967653,1.5314422596547452,0.007099089689012628,0.7921122089439704,1.3495239923504887,0.0,-0.0010733366297230873
2026-08-16 08:00:00+00:00,SNDK,Fold_3,0.0023572361104395867,-0.00019299663462124528,0.6470209169330176,0.007099089689012628,0.8863281129085406,1.6107289978532167,-0.0014833753422014428,-0.0015014652853989618
2026-08-16 09:00:00+00:00,SNDK,Fold_3,-0.0031004111807448886,0.0022234139345990167,-0.853460684108107,0.005605183732214414,0.6900317527703527,1.300250326215723,0.0004106478573842054,-0.005845693028648791
2026-08-16 10:00:00+00:00,SNDK,Fold_3,-0.0012419664066174452,0.0010733366297230873,-0.3350714252144907,0.0060181333462885345,0.714305721167172,0.6096633891874911,-0.000428588675600472,-0.004805022334902653
2026-08-16 11:00:00+00:00,SNDK,Fold_3,-0.0013087584285248477,0.0015014652853989618,-0.35375539906528014,0.005586965366887631,0.6539133450130298,0.5669690933532165,-0.005827681790457118,-0.004203177747314157
2026-08-16 12:00:00+00:00,SNDK,Fold_3,-0.008056109567910474,0.005845693028648791,-2.1770203843323253,-0.0002732754799020798,-0.03148882477288645,0.5687161946769884,0.0014578676256196132,0.0036993391000097464
2026-08-16 13:00:00+00:00,SNDK,Fold_3,-0.005873201558147079,0.004805022334902653,-1.2454072709294193,0.0011841937462424568,0.10548614503978263,1.189201319710284,0.0001759025621117516,0.0060292119565217295
2026-08-16 14:00:00+00:00,SNDK,Fold_3,-0.005698332107237247,0.004203177747314157,-1.18960671763643,0.001360304611068175,0.11757999143258221,1.311628571504521,0.002061943199529237,0.006028151589212216
2026-08-16 15:00:00+00:00,SNDK,Fold_3,-0.002167979129426678,-0.0036993391000097464,-0.45275607888832436,0.0034250526814396665,0.2920120839504552,1.3194515661452886,0.003782537386599616,0.004793231376299056
2026-08-16 16:00:00+00:00,SNDK,Fold_3,0.0011952191235060639,-0.0060292119565217295,0.2614787576814459,0.007220545457857774,0.6361120891592643,1.5147729130727297,0.00017484836426340244,0.0003496967285268049
2026-08-16 17:00:00+00:00,SNDK,Fold_3,0.0017996364492809391,-0.006028151589212216,0.36666799141478573,0.0073966563226834925,0.5988354279693586,1.6493913573672456,0.0008318915888527734,-0.0004882841934569226
2026-08-16 18:00:00+00:00,SNDK,Fold_3,0.008510302264554293,-0.004793231376299056,1.736013310964621,0.008234701127716848,0.6588692338859258,1.6444034336696958,-0.0006565276313807988,-0.0018370727300105472
2026-08-16 19:00:00+00:00,SNDK,Fold_3,0.006381017080745233,-0.0003496967285268049,1.3020104055341097,0.007572767187509433,0.5984457441141432,0.6867159840186008,-0.0006629860893464512,-0.0006027146266786021
2026-08-16 20:00:00+00:00,SNDK,Fold_3,0.005536923944618577,0.0004882841934569226,1.124190063002813,0.006904760458859904,0.5362946906672241,0.801298248931093,-0.0005186784555443191,-0.0031422264574261227
2026-08-16 21:00:00+00:00,SNDK,Fold_3,0.0029473531316384083,0.0018370727300105472,0.5958007850801146,0.006382500652824641,0.48765282660554804,0.8591378064245275,0.0005792903692976026,0.011941829592083009
2026-08-16 22:00:00+00:00,SNDK,Fold_3,-0.00025322866548482814,0.0006027146266786021,-0.05102749576153416,0.006965488343282589,0.5243054308254786,0.84685925431221,-0.0032023447676944317,0.008346601051768099
2026-08-16 23:00:00+00:00,SNDK,Fold_3,-0.0036289763513717155,0.0031422264574261227,-0.7311079974055075,0.0037408376804375365,0.27830150022527084,0.3263866894494391,0.014605076080709045,0.03873914753304919
2026-08-17 00:00:00+00:00,SNDK,Fold_3,0.010082818852582554,-0.011941829592083009,1.925737768113947,0.01840054898007515,1.2832619935292118,0.6690786459788904,-0.0029755693236095393,0.026046666944943064
2026-08-17 01:00:00+00:00,SNDK,Fold_3,0.007738855806552758,-0.008346601051768099,0.8672870823622144,0.01537022754738282,0.6221041944409724,1.7700779561305442,0.026842105263158,
2026-08-17 02:00:00+00:00,SNDK,Fold_3,0.03547519390130649,-0.03873914753304919,3.893147125607363,0.04262490207628633,1.6713450867486463,1.796259524114059,0.002207492661106203,
2026-08-17 03:00:00+00:00,SNDK,Fold_3,0.03829954139512437,-0.026046666944943064,2.4037291686140776,0.04492648889590645,0.9968950629934715,1.877165866981094,,
2026-08-22 04:00:00+00:00,SNDK,Fold_3,-0.0014598906021892066,0.00026974299138693425,-0.14073063482318274,0.0003075590481989021,0.07262271270856466,0.14465353506900186,0.0002572662014959093,0.0029742482807089132
2026-08-22 05:00:00+00:00,SNDK,Fold_3,5.0187890916486566e-05,6.273132174938745e-06,0.004856190501902821,0.0005649043742428361,0.09467435059249268,0.15186350258671702,0.00297975647548121,
2026-08-22 06:00:00+00:00,SNDK,Fold_3,0.0034556470896873748,-0.0035463441271912366,0.33431973304110846,0.0035463441271912366,0.48520861329332393,0.10072621705732994,-0.0002626904505765859,
2026-08-22 07:00:00+00:00,SNDK,Fold_3,0.0027037030066934253,-0.0029742482807089132,0.2646310533443896,0.003282722085877987,0.3935152506520254,0.29585363378444207,,
2026-08-22 08:00:00+00:00,SNDK,Fold_3,,,,,,0.3207138174456686,,
2026-08-22 09:00:00+00:00,SNDK,Fold_3,,,,0.00352751398138329,0.3764648729394124,0.3688800020153825,-0.001088309430138712,
2026-08-22 10:00:00+00:00,SNDK,Fold_3,,,,0.002435365524513733,0.25075698643783073,0.398391901106175,0.0,
2026-08-22 11:00:00+00:00,SNDK,Fold_3,,,,0.002435365524513733,0.2431677316476687,0.49749003157038707,,
2026-08-22 12:00:00+00:00,SNDK,Fold_3,,,,,,0.5131436485637123,,
2026-08-22 13:00:00+00:00,SNDK,Fold_3,,,,0.0021340831915841463,0.19722605685244943,,-0.00017537376533738325,-0.004446977621054837
2026-08-22 14:00:00+00:00,SNDK,Fold_3,,,,0.00195833516404198,0.24540889122311357,,-0.004710864431094253,-0.0030382569801604697
2026-08-22 15:00:00+00:00,SNDK,Fold_3,,,,-0.0027617547185208036,-0.3765672456639986,,0.0004405868616998987,0.00309669622794706
2026-08-22 16:00:00+00:00,SNDK,Fold_3,,0.004446977621054837,,-0.0023223846496651657,-0.31138815969929257,1.0622272433825666,0.0012393912512818073,0.0029820885944549236
2026-08-22 17:00:00+00:00,SNDK,Fold_3,,0.0030382569801604697,,-0.0010858717416002417,-0.17184685321122123,1.429188391413346,0.0014137961368805296,
2026-08-22 18:00:00+00:00,SNDK,Fold_3,,-0.00309669622794706,,0.00032638919400707067,0.04989881242072787,1.5807951608309854,0.00032628269885992545,
2026-08-22 19:00:00+00:00,SNDK,Fold_3,-0.0014781503078434843,-0.0029820885944549236,-0.3493529417474937,0.0006527783880139193,0.09447724222437269,1.456239189731279,,
2026-08-22 20:00:00+00:00,SNDK,Fold_3,,,,,,1.5642555790258208,,
2026-08-22 21:00:00+00:00,SNDK,Fold_3,,,,0.0002071316038889659,0.03279776163677773,1.7026450930502468,-0.001537476780962943,
2026-08-22 22:00:00+00:00,SNDK,Fold_3,,,,-0.0013306636371055447,-0.2011458287679329,0.36315097514568434,,
2026-08-22 23:00:00+00:00,SNDK,Fold_3,,,,,,0.8743486659890948,,
2026-08-23 00:00:00+00:00,SNDK,Fold_3,,,,-0.0007783126934013396,-0.1082936433647043,,0.0007977637488614242,0.0016709067495837004
2026-08-23 01:00:00+00:00,SNDK,Fold_3,,,,1.8830145808168552e-05,0.0024825055051513364,,0.0007594682466953717,0.0019143621094386276
2026-08-23 02:00:00+00:00,SNDK,Fold_3,,,,0.0007783126934013396,0.09981155626875159,,0.00011289300878680741,-0.0008027947291507909
2026-08-23 03:00:00+00:00,SNDK,Fold_3,,-0.0016709067495837004,,0.0008912935682496848,0.1110615371626517,,0.0010410068919672888,-0.006032823072726123
2026-08-23 04:00:00+00:00,SNDK,Fold_3,,-0.0019143621094386276,,0.0019332283029644959,0.23708190729102105,0.6703373843091909,-0.001954556559980336,-0.005318649100716
2026-08-23 05:00:00+00:00,SNDK,Fold_3,,0.0008027947291507909,,-2.5106861077484055e-05,-0.002986559927825597,0.24061457645888779,-0.005121928255343189,-0.0021592442645074206
2026-08-23 06:00:00+00:00,SNDK,Fold_3,-0.004371996607933637,0.006032823072726123,-1.0343959655905646,-0.005146906520879568,-0.574046436577813,0.7107017558614676,0.0017602634716937793,0.00243534659524669
2026-08-23 07:00:00+00:00,SNDK,Fold_3,-0.003414468811589133,0.005318649100716,-0.713285625496481,-0.0033957029607266653,-0.3283723830080968,1.2363273450279224,0.0012155336381614035,0.0006738968874779871
2026-08-23 08:00:00+00:00,SNDK,Fold_3,-0.002960305563743826,0.0021592442645074206,-0.5931715934506956,-0.0021842969137391144,-0.19908204892873307,1.2589484368592203,-0.000540979172301892,0.0008555019468958758
2026-08-23 09:00:00+00:00,SNDK,Fold_3,-0.00361216849260948,-0.00243534659524669,-0.7328816791744004,-0.0027240944269045775,-0.24717413363096316,1.3012921400908097,0.0,0.0011328948610631606
2026-08-23 10:00:00+00:00,SNDK,Fold_3,-0.0046483364343125055,-0.0006738968874779871,-0.9717996626499743,-0.0027240944269045775,-0.2505509918675756,1.3323668539320679,0.0013972369953110242,0.00331057053843975
2026-08-23 11:00:00+00:00,SNDK,Fold_3,-0.0013055895552837038,-0.0008555019468958758,-0.274057298826287,-0.0013306636371055447,-0.1209493756918283,1.287127261284362,-0.0002639733009860423,0.0019106638928518827
2026-08-23 12:00:00+00:00,SNDK,Fold_3,0.0035710004479523327,-0.0011328948610631606,0.7348275742689082,-0.0015942856784187942,-0.13988796106206006,1.29055429465724,0.0021752113915693982,0.011353849055417475
2026-08-23 13:00:00+00:00,SNDK,Fold_3,0.003986698409099487,-0.00331057053843975,0.8441249118322075,0.0005774578047814671,0.05136292605381935,0.5065102158825954,0.0,0.01104064336840005
2026-08-23 14:00:00+00:00,SNDK,Fold_3,0.00276780041642799,-0.0019106638928518827,0.5793452508402165,0.0005774578047814671,0.05004544316951927,0.5559898395782279,0.009158715521513594,0.012715559152128852
2026-08-23 15:00:00+00:00,SNDK,Fold_3,0.012499606633728844,-0.011353849055417475,2.616437665188871,0.009741462098054932,0.832458450908174,0.5507816032199747,0.0018648482324346016,0.006054540594637947
2026-08-23 16:00:00+00:00,SNDK,Fold_3,0.01438776473550063,-0.01104064336840005,2.2777018071528223,0.01162447667886446,0.7410571678355817,1.3952383313336145,0.0016566255715979583,0.002978203274782709
2026-08-23 17:00:00+00:00,SNDK,Fold_3,0.01465051820473029,-0.012715559152128852,2.3064349564302047,0.013300359655785021,0.8320232013833944,1.334488767073593,0.002521091688449939,0.00010530358403837425
2026-08-23 18:00:00+00:00,SNDK,Fold_3,0.01747713199006684,-0.006054540594637947,2.7447565096301516,0.015854982770416637,0.9766585440623939,1.3261482709958399,-0.0011986777472273724,-0.0023046742253390873
2026-08-23 19:00:00+00:00,SNDK,Fold_3,0.014051727923418245,-0.002978203274782709,2.183818775674121,0.01463730000815966,0.8810356201078007,1.2142248651113023,-0.0012124886329191176,-0.001404259794248075
2026-08-23 20:00:00+00:00,SNDK,Fold_3,0.012822201730118943,-0.00010530358403837425,1.966235947631841,0.013407063815364051,0.7864849199674385,1.3565867237057059,0.00010529249636115345,0.004800099098820176
2026-08-23 21:00:00+00:00,SNDK,Fold_3,0.003735912625644211,0.0023046742253390873,0.5803729598932935,0.013513767974943303,0.7934834949596193,1.4450278606745608,-0.00029726516052319685,-0.011289883075703555
2026-08-23 22:00:00+00:00,SNDK,Fold_3,0.0015697613094167728,0.001404259794248075,0.24967186448506537,0.013212485642013716,0.7849859969531146,0.6322675055362318,0.004993061750421246,-0.02943180691842595
2026-08-23 23:00:00+00:00,SNDK,Fold_3,0.004905908150497407,-0.004800099098820176,0.79117530909704,0.0182715181491222,1.0881211027651663,0.6041103821446207,-0.01590951118781969,-0.04024533070332237
2026-08-24 00:00:00+00:00,SNDK,Fold_3,-0.013568537798510971,0.011289883075703555,-2.102297665506018,0.002071316038890547,0.11718631440755904,0.9338597961435803,-0.018640893460027952,-0.04103376782817303
2026-08-24 01:00:00+00:00,SNDK,Fold_3,-0.030794736809546475,0.02943180691842595,-2.93811723306076,-0.01660818860274038,-0.5722839962628383,1.654481837087494,-0.0062040045189662996,
2026-08-24 02:00:00+00:00,SNDK,Fold_3,-0.03563841318014305,0.04024533070332237,-2.535779866371913,-0.022709155844563456,-0.5773256825073118,1.684971719442843,-0.016717940154526878,
2026-08-24 03:00:00+00:00,SNDK,Fold_3,-0.051860384462940945,0.04103376782817303,-3.6273546898370586,-0.03904744569072116,-0.9656103848264009,1.6229714151304633,,
2026-06-27 06:00:00+00:00,NVDA,Fold_1,,,,,,,-0.001566906925728695,-0.002924892928026779
2026-06-27 07:00:00+00:00,NVDA,Fold_1,,,,,,,-0.00015693659761462087,0.0025632977610379193
2026-06-27 08:00:00+00:00,NVDA,Fold_1,,,,,,,-0.001203369434416346,-0.0007324857426881382
2026-06-27 09:00:00+00:00,NVDA,Fold_1,,0.002924892928026779,,,,,0.003928758512310004,-0.0007333682556313059
2026-06-27 10:00:00+00:00,NVDA,Fold_1,,-0.0025632977610379193,,,,,-0.003443777719801755,-0.0061570571354031545
2026-06-27 11:00:00+00:00,NVDA,Fold_1,,0.0007324857426881382,,,,,-0.0012042515314938385,-0.0048693648882141005
2026-06-27 12:00:00+00:00,NVDA,Fold_1,-0.0036561161600334735,0.0007333682556313059,,,,,-0.0015202348500733542,-0.0029356259173831667
2026-06-27 13:00:00+00:00,NVDA,Fold_1,-0.0036095417451349476,0.0061570571354031545,,,,,-0.0021525699585236424,-0.005145167217934565
2026-06-27 14:00:00+00:00,NVDA,Fold_1,-0.005598283890545619,0.0048693648882141005,,,,,0.0007366094917393706,0.0023150584026097043
2026-06-27 15:00:00+00:00,NVDA,Fold_1,-0.0036668412781561965,0.0029356259173831667,,,,,-0.003732912723448889,
2026-06-27 16:00:00+00:00,NVDA,Fold_1,-0.011270545264805643,0.005145167217934565,,,,,0.005330096575017151,
2026-06-27 17:00:00+00:00,NVDA,Fold_1,-0.00256557934970425,-0.0023150584026097043,,,,,,
2026-06-27 18:00:00+00:00,NVDA,Fold_1,,,,,,,,
2026-06-27 19:00:00+00:00,NVDA,Fold_1,,,,,,,0.0030102983892261737,0.0010034327964087986
2026-06-27 20:00:00+00:00,NVDA,Fold_1,,,,,,,-0.0049494524010109675,
2026-06-27 21:00:00+00:00,NVDA,Fold_1,,,,,,1.3419094838913397,0.002963276537199633,
2026-06-27 22:00:00+00:00,NVDA,Fold_1,,-0.0010034327964087986,,,,1.6433957514140916,,
2026-06-27 23:00:00+00:00,NVDA,Fold_1,,,,,,1.4575413088868383,,
2026-06-28 00:00:00+00:00,NVDA,Fold_1,,,,,,,0.0004233476213155729,-5.291845266441886e-05
2026-06-28 01:00:00+00:00,NVDA,Fold_1,,,,,,,0.0,0.020259190690293583
2026-06-28 02:00:00+00:00,NVDA,Fold_1,,,,,,1.256209334730455,-0.0004760645331922664,0.0031737635546151832
2026-06-28 03:00:00+00:00,NVDA,Fold_1,,5.291845266441886e-05,,,,1.1497340731682892,0.020745131244707782,0.005503810330228509
2026-06-28 04:00:00+00:00,NVDA,Fold_1,,-0.020259190690293583,,,,0.5507301826778518,-0.01674616341766899,-0.0030070510161758213
2026-06-28 05:00:00+00:00,NVDA,Fold_1,,-0.0031737635546151832,,,,1.8430170648901856,0.001845504877405757,-0.0021091484313209286
2026-06-28 06:00:00+00:00,NVDA,Fold_1,0.005450600624437696,-0.005503810330228509,0.32650524137894105,,,1.9522451371721392,0.012105263157894841,0.013684210526315743
2026-06-28 07:00:00+00:00,NVDA,Fold_1,0.01719121925416567,0.0030070510161758213,1.0559747582803758,,,1.79170017524912,-0.015860634425377107,-0.013780551222048909
2026-06-28 08:00:00+00:00,NVDA,Fold_1,0.0010579211848715797,0.0021091484313209286,0.06039894644805427,,,1.780039354458212,0.017701453104359333,0.018811096433289265
2026-06-28 09:00:00+00:00,NVDA,Fold_1,0.019263336155800115,-0.013684210526315743,0.9754108052810531,,,1.8497657721821381,-0.015316718587746525,-0.0031152647975077885
2026-06-28 10:00:00+00:00,NVDA,Fold_1,-0.01674616341766899,0.013780551222048909,-0.7619842480108334,,,1.838435576001927,0.016662272607434803,0.001845504877405757
2026-06-28 11:00:00+00:00,NVDA,Fold_1,0.016662272607434803,-0.018811096433289265,0.7055472329608831,,,1.5972756279818026,-0.004201026917690975,0.0005186452984804468
2026-06-28 12:00:00+00:00,NVDA,Fold_1,0.010526315789473717,0.0031152647975077885,0.41752391565750746,,,1.4913937697152213,-0.01041666666666663,-0.011562500000000031
2026-06-28 13:00:00+00:00,NVDA,Fold_1,-0.011960478419136833,-0.001845504877405757,-0.47188295634195393,,,1.510087809633862,0.015315789473684172,0.010526315789473717
2026-06-28 14:00:00+00:00,NVDA,Fold_1,0.019339498018493995,-0.0005186452984804468,0.7419773290883059,,,1.4446242492549635,-0.016225182727696796,-0.015343942771240515
2026-06-28 15:00:00+00:00,NVDA,Fold_1,-0.014641744548286595,0.011562500000000031,-0.5371761966323783,,,1.3457995978746953,0.011697755295605461,0.009063125724523058
2026-06-28 16:00:00+00:00,NVDA,Fold_1,0.012391247034009956,-0.010526315789473717,0.42886238723360565,,,1.2589895901088581,-0.010677083333333393,-0.002291666666666692
2026-06-28 17:00:00+00:00,NVDA,Fold_1,-0.014833255536538581,0.015343942771240515,-0.5040867093733638,,,1.1836858636546552,0.008160042116346578,0.00847591471439868
2026-06-28 18:00:00+00:00,NVDA,Fold_1,-0.0026041666666666297,-0.009063125724523058,-0.0867667135203764,,,1.0576698289592996,0.00031331592689287646,
2026-06-28 19:00:00+00:00,NVDA,Fold_1,0.008210526315789446,0.002291666666666692,0.2778747535667916,,,1.126336306969292,0.0,
2026-06-28 20:00:00+00:00,NVDA,Fold_1,-0.006998082007153572,-0.00847591471439868,-0.24268232978205997,,,1.0765303385883926,,
2026-06-28 21:00:00+00:00,NVDA,Fold_1,,,,,,0.910315865688963,,
2026-06-28 22:00:00+00:00,NVDA,Fold_1,,,,,,0.7219433334714339,0.0042283298097252064,0.021405919661733774
2026-06-28 23:00:00+00:00,NVDA,Fold_1,,,,,,0.6294891809577638,0.016421052631578892,0.016105263157894845
2026-06-29 00:00:00+00:00,NVDA,Fold_1,,,,,,0.31997733008869855,0.000673156586578294,0.0024855012427504874
2026-06-29 01:00:00+00:00,NVDA,Fold_1,,-0.021405919661733774,,,,0.6326158599560112,-0.0009831824062095373,
2026-06-29 02:00:00+00:00,NVDA,Fold_1,,-0.016105263157894845,,,,0.6265032791811769,0.002797057909458056,
2026-06-29 03:00:00+00:00,NVDA,Fold_1,,-0.0024855012427504874,,,,0.6458988983210066,,
2026-07-04 04:00:00+00:00,NVDA,Fold_1,-0.001279557784829577,-0.0,-0.5290008087256738,0.002157054080427212,2.1844046451043067,1.3042476532791483,0.0,0.00035873520217277743
2026-07-04 05:00:00+00:00,NVDA,Fold_1,-0.000614596670934775,-0.002105587510271123,-0.23101058376066236,0.002157054080427212,1.4043111207874803,1.322597057016494,-0.002972377389432568,
2026-07-04 06:00:00+00:00,NVDA,Fold_1,-0.0026145801291910242,0.0008217348877818109,-1.0007306365979076,-0.0008217348877818109,-0.4447971164022772,1.3314538342886113,0.003341043433564561,
2026-07-04 07:00:00+00:00,NVDA,Fold_1,0.00035873520217277743,-0.00035873520217277743,0.11526627878344414,0.0025165630938317474,0.9903340926970136,1.4469686468078649,,
2026-07-04 08:00:00+00:00,NVDA,Fold_1,,,,,,1.6104100983180412,,
2026-07-04 09:00:00+00:00,NVDA,Fold_1,,,,,,1.571621263350094,,
2026-07-04 10:00:00+00:00,NVDA,Fold_1,,,,,,1.80024957262837,,
2026-07-04 11:00:00+00:00,NVDA,Fold_1,,,,0.0038518822864772595,0.8843669971390737,,-0.00046045226644841897,-0.0046556840274224465
2026-07-04 12:00:00+00:00,NVDA,Fold_1,,,,0.003389656412100095,0.7163430400180957,,-0.0004606643804063726,-0.0004606643804063726
2026-07-04 13:00:00+00:00,NVDA,Fold_1,,,,0.0029274305377227083,0.584650085602762,,-0.0037382220401473987,0.0
2026-07-04 14:00:00+00:00,NVDA,Fold_1,,0.0046556840274224465,,-0.0008217348877818109,-0.1579321506673563,,0.0037522487792340797,0.0
2026-07-04 15:00:00+00:00,NVDA,Fold_1,,0.0004606643804063726,,0.0029274305377227083,0.46652988194967965,,0.0,0.0
2026-07-04 16:00:00+00:00,NVDA,Fold_1,,-0.0,,0.0029274305377227083,0.40335412553298516,1.5250734282297749,-0.0037382220401473987,0.001741089717328892
2026-07-04 17:00:00+00:00,NVDA,Fold_1,-0.0046556840274224465,-0.0,-0.9490426324194009,-0.0008217348877818109,-0.109659322243676,1.3284444823472723,0.0037522487792340797,0.004420457465946992
2026-07-04 18:00:00+00:00,NVDA,Fold_1,-0.0004606643804063726,-0.0,-0.08598147230955702,0.0029274305377227083,0.34557064145218647,1.2744956176815907,0.001741089717328892,
2026-07-04 19:00:00+00:00,NVDA,Fold_1,0.001741089717328892,-0.001741089717328892,0.30523254070609374,0.0046736171742591814,0.5017396822829501,1.4408197016605335,-0.001073509866066913,
2026-07-04 20:00:00+00:00,NVDA,Fold_1,0.004420457465946992,-0.004420457465946992,0.7840116694899836,0.0035950901340453534,0.3788054847478023,1.4875038315221663,,
2026-07-04 21:00:00+00:00,NVDA,Fold_1,,,,,,1.302033453227648,,
2026-07-04 22:00:00+00:00,NVDA,Fold_1,,,,,,1.2395243238386993,,
2026-07-04 23:00:00+00:00,NVDA,Fold_1,,,,,,1.412505877219623,,
2026-07-05 00:00:00+00:00,NVDA,Fold_1,,,,,,,,
2026-07-05 01:00:00+00:00,NVDA,Fold_1,,,,0.0035950901340453534,0.3130931307416159,,0.0015352336113811926,0.001637582518806635
2026-07-05 02:00:00+00:00,NVDA,Fold_1,,,,0.005135843048636346,0.4228801861095244,,-0.0006642481222216556,-0.0005620561034184179
2026-07-05 03:00:00+00:00,NVDA,Fold_1,,,,0.004468183452313701,0.3663553527474306,,0.0007669495858471098,0.00010225994477952582
2026-07-05 04:00:00+00:00,NVDA,Fold_1,,-0.001637582518806635,,0.005238559909608975,0.41910012028739996,,-0.0006641802483011716,5.1090788330876435e-05
2026-07-05 05:00:00+00:00,NVDA,Fold_1,,0.0005620561034184179,,0.00457090031328633,0.3662093955673079,,0.0,0.0007157464212679265
2026-07-05 06:00:00+00:00,NVDA,Fold_1,,-0.00010225994477952582,,0.00457090031328633,0.35815019412405,0.44541009967900436,0.0007157464212679265,0.0007668711656441118
2026-07-05 07:00:00+00:00,NVDA,Fold_1,0.0016887569725194673,-5.1090788330876435e-05,0.29868496286197127,0.005289918340095623,0.43310358752346784,0.4131575852668961,0.0,0.0005108817819556855
2026-07-05 08:00:00+00:00,NVDA,Fold_1,0.00015328802820491205,-0.0007157464212679265,0.0290625079913355,0.005289918340095623,0.4561949212632366,0.4082611777704044,5.108817819543532e-05,0.0007152344947378708
2026-07-05 09:00:00+00:00,NVDA,Fold_1,0.0008692095306268577,-0.0007668711656441118,0.17056937972238317,0.0053412767705818265,0.46874502447359745,0.3023980912942375,0.00045977011494247044,-0.0006130268199233679
2026-07-05 10:00:00+00:00,NVDA,Fold_1,0.0005619986716396408,-0.0005108817819556855,0.11389931182464834,0.005803502644959213,0.5174528413604021,0.26439147472938124,0.00020424836601296015,
2026-07-05 11:00:00+00:00,NVDA,Fold_1,0.001431492842535853,-0.0007152344947378708,0.2987486361136869,0.0060089363669044715,0.5430189571675468,0.24137243795261842,-0.0012762916071064057,
2026-07-05 12:00:00+00:00,NVDA,Fold_1,0.00015337423312877796,0.0006130268199233679,0.03293462236389952,0.004724975604745385,0.43263187087662863,0.15367234573477562,,
2026-07-05 13:00:00+00:00,NVDA,Fold_1,,,,,,0.3595695664064393,,
2026-07-05 14:00:00+00:00,NVDA,Fold_1,,,,0.007549689281495464,0.6460437585403949,0.3416405511568061,0.0009175247221939742,
2026-07-05 15:00:00+00:00,NVDA,Fold_1,,,,0.008474141030250237,0.7932473792616702,0.435763571545344,0.0009676105113056721,
2026-07-05 16:00:00+00:00,NVDA,Fold_1,,,,0.009449951209490992,0.996787652988933,0.6087543803145742,,
2026-07-05 17:00:00+00:00,NVDA,Fold_1,,,,,,0.6663694477538777,,
2026-07-05 18:00:00+00:00,NVDA,Fold_1,,,,0.00842278259976359,1.0936627670275922,,,
2026-07-05 19:00:00+00:00,NVDA,Fold_1,,,,,,,,
2026-07-05 20:00:00+00:00,NVDA,Fold_1,,,,,,,,
2026-07-05 21:00:00+00:00,NVDA,Fold_1,,,,,,,,
2026-07-05 22:00:00+00:00,NVDA,Fold_1,,,,,,,,
2026-07-05 23:00:00+00:00,NVDA,Fold_1,,,,0.009758101792409324,1.8855939842352525,,-0.004882762829968024,-0.008188800162758803
2026-07-06 00:00:00+00:00,NVDA,Fold_1,,,,0.004827692465718236,0.9224493261734924,,-0.001175568617429179,-0.0033222591362126463
2026-07-06 01:00:00+00:00,NVDA,Fold_1,,,,0.003646448564531779,0.3448721949383694,,-0.002149217070924081,
2026-07-06 02:00:00+00:00,NVDA,Fold_1,,0.008188800162758803,,0.001489394484104567,0.14235213591171328,,0.0,
2026-07-06 03:00:00+00:00,NVDA,Fold_1,,0.0033222591362126463,,0.001489394484104567,0.14116192557318982,,,
2026-07-11 04:00:00+00:00,NVDA,Fold_1,-0.0059404999524760305,-0.0,-0.34058171098927875,-0.0013845125560967286,-0.1944333908037998,0.43934578220983117,-0.003394368217239485,-0.004350528278433741
2026-07-11 05:00:00+00:00,NVDA,Fold_1,-0.01004392734180215,0.0024405417045508804,-0.575518187800038,-0.004774181227919394,-0.47382177876747644,0.43272791273878886,-0.0008155041734626556,-0.000671591672263383
2026-07-11 06:00:00+00:00,NVDA,Fold_1,-0.010851240650599503,0.00558579203666576,-0.6191282910588454,-0.00558579203666576,-0.45071396536270947,0.4307364674177108,-0.00014402995823126208,-0.0006721398050794081
2026-07-11 07:00:00+00:00,NVDA,Fold_1,-0.004350528278433741,0.004350528278433741,-0.24918472286798846,-0.005729017473503406,-0.40188814304619874,0.4223586001516131,0.00028810141169688386,-0.001488523960434085
2026-07-11 08:00:00+00:00,NVDA,Fold_1,-0.0031104943293296383,0.000671591672263383,-0.17910090247824587,-0.005442566599828225,-0.34329125114394204,0.2629830839339886,-0.0008160522273424897,-0.0005760368663594306
2026-07-11 09:00:00+00:00,NVDA,Fold_1,-0.0062541774085744795,0.0006721398050794081,-0.35991740682235684,-0.0062541774085744795,-0.35991740682235684,0.2681898828934676,-0.0009608455440788255,0.012298822964208478
2026-07-11 10:00:00+00:00,NVDA,Fold_1,-0.005832576373284937,0.001488523960434085,-0.33503873180210075,-0.0072090136541583805,-0.38338669323699076,0.18160012589791374,0.0012022120702090966,0.01110843952873286
2026-07-11 11:00:00+00:00,NVDA,Fold_1,-0.0012472416770604733,0.0005760368663594306,-0.07151234614848202,-0.0060154683471785875,-0.29869674467972956,0.17974945905857717,0.012055715658021215,0.007780979827089363
2026-07-11 12:00:00+00:00,NVDA,Fold_1,0.011618416630659212,-0.012298822964208478,0.6740132385152727,0.005967726534899187,0.282673284391825,0.11964315283051942,-0.0021356366570168817,-0.007213706041478862
2026-07-11 13:00:00+00:00,NVDA,Fold_1,0.009603380389897165,-0.01110843952873286,0.5325135451325093,0.003819344982335382,0.16404803792797817,0.6817172725775387,-0.0020926471987063877,-0.0076571863407209895
2026-07-11 14:00:00+00:00,NVDA,Fold_1,0.007200460829493105,-0.007780979827089363,0.6360299405596737,0.0017187052420508664,0.1121238372086288,1.13485479460788,-0.003002573634543926,-0.0031932132303879035
2026-07-11 15:00:00+00:00,NVDA,Fold_1,0.004996396829209715,0.007213706041478862,0.4584479678719417,-0.0012890289315382608,-0.0836336007141402,1.2250586863562298,-0.002581385343467635,-0.004254505473492931
2026-07-11 16:00:00+00:00,NVDA,Fold_1,0.00336619379658587,0.0076571863407209895,0.3963444247006303,-0.0038670867946147824,-0.3093296191315755,1.6385436358760455,0.0023963575365444356,-0.0016774502755810827
2026-07-11 17:00:00+00:00,NVDA,Fold_1,0.004562920268972315,0.0031932132303879035,0.5397558371476412,-0.0014799961806549744,-0.11461109704002602,1.6866890071058636,-0.004064068850107572,-0.004064068850107572
2026-07-11 18:00:00+00:00,NVDA,Fold_1,-0.011437520763134201,0.004254505473492931,-1.3720464910784402,-0.00553805022438647,-0.4201688167657921,1.7239932186514495,0.0,0.0
2026-07-11 19:00:00+00:00,NVDA,Fold_1,-0.009321792066964596,0.0016774502755810827,-1.0912617127174395,-0.00553805022438647,-0.3970105344891851,0.6400836104642672,0.0,
2026-07-11 20:00:00+00:00,NVDA,Fold_1,-0.00724430464207404,0.004064068850107572,-0.8803971945990228,-0.00553805022438647,-0.3998434621726516,0.7014853838498964,0.0,
2026-07-11 21:00:00+00:00,NVDA,Fold_1,-0.004254505473492931,-0.0,-0.5183957891632291,-0.00553805022438647,-0.3895907537628359,0.720939767215386,,
2026-07-11 22:00:00+00:00,NVDA,Fold_1,,,,,,0.6805385046285225,,
2026-07-11 23:00:00+00:00,NVDA,Fold_1,,,,-0.006683853719087196,-0.4376267839358669,0.682057789553313,0.0,0.0
2026-07-12 00:00:00+00:00,NVDA,Fold_1,,,,-0.006683853719087196,-0.41843177179742486,0.5829595555302133,0.0,0.0
2026-07-12 01:00:00+00:00,NVDA,Fold_1,,,,-0.006683853719087196,-0.4088113646258879,0.0,0.0,0.010189368451408276
2026-07-12 02:00:00+00:00,NVDA,Fold_1,,-0.0,,-0.006683853719087196,-0.4354404272955391,0.0,0.0,0.012111890800730718
2026-07-12 03:00:00+00:00,NVDA,Fold_1,,-0.0,,-0.006683853719087196,-0.42687076218821757,0.0,0.010189368451408276,0.009324233394213177
2026-07-12 04:00:00+00:00,NVDA,Fold_1,,-0.010189368451408276,,0.003437410484101955,0.21838550330275047,0.0,0.0019031306499190936,-0.0008088305262157203
2026-07-12 05:00:00+00:00,NVDA,Fold_1,0.012111890800730718,-0.012111890800730718,1.2876628878731045,0.005347082975269757,0.27308390658018444,1.186664969459298,-0.002754297654098292,-0.0023743945293950297
2026-07-12 06:00:00+00:00,NVDA,Fold_1,0.009324233394213177,-0.009324233394213177,1.0112926547776642,0.0025780578630765216,0.13181053441407756,1.082894509574291,4.7619047619074095e-05,-0.0005714285714285561
2026-07-12 07:00:00+00:00,NVDA,Fold_1,0.009372296452946127,0.0008088305262157203,1.0018585392103023,0.002625799675355589,0.12993273698395597,1.1738940628905339,0.0003333174610733458,-0.0006190181419931662
2026-07-12 08:00:00+00:00,NVDA,Fold_1,0.009708737864077666,0.0023743945293950297,1.0381368773490007,0.002959992361309949,0.1439657088194429,1.1733942112592075,-0.0009520182787510212,0.0006188118811880639
2026-07-12 09:00:00+00:00,NVDA,Fold_1,0.008747476689416445,0.0005714285714285561,0.9353690217984496,0.002005156115726159,0.09588780512859127,1.1678479499439687,0.0,0.0033828854583572987
2026-07-12 10:00:00+00:00,NVDA,Fold_1,-0.0014273479874393757,0.0006190181419931662,-0.15253694140018395,0.002005156115726159,0.09427317554589809,1.189490698680287,0.0015723270440253234,0.010386887745378326
2026-07-12 11:00:00+00:00,NVDA,Fold_1,-0.001757051951752353,-0.0006188118811880639,-0.18832614921624927,0.003580635920939601,0.16618308764466647,0.40487336178914846,0.0018077160934304448,0.008039579468150926
2026-07-12 12:00:00+00:00,NVDA,Fold_1,0.0028095238095238173,-0.0033828854583572987,0.3008047315518443,0.005394824787548824,0.24629066190425242,0.3812372470761532,0.006980388432499263,0.008737356949522823
2026-07-12 13:00:00+00:00,NVDA,Fold_1,0.009761439931431859,-0.010386887745378326,1.4062284414766284,0.01241287119259038,0.7511910531899514,0.3682307897317586,-0.0007545034424218944,0.0025464491181741433
2026-07-12 14:00:00+00:00,NVDA,Fold_1,0.00866336633663356,-0.008039579468150926,1.1224956120222591,0.011649002196123304,0.6249255813408701,0.8939230353606404,0.0025011798017933184,0.003256252949504379
2026-07-12 15:00:00+00:00,NVDA,Fold_1,0.012149799885649015,-0.008737356949522823,1.5937684883815422,0.014179318246920758,0.7593392269653936,0.9473066067575807,0.0008002636162500743,0.0008473379466178432
2026-07-12 16:00:00+00:00,NVDA,Fold_1,0.012959786544692209,-0.0025464491181741433,1.7420696728611138,0.014990929055666902,0.8114672257491857,0.8940053362119496,-4.703668861705257e-05,-0.00470366886171214
2026-07-12 17:00:00+00:00,NVDA,Fold_1,0.011322011322011383,-0.003256252949504379,1.5698756026605794,0.014943187243387834,0.8233201046137536,0.8878129745837626,9.407780234260699e-05,
2026-07-12 18:00:00+00:00,NVDA,Fold_1,0.009592098390236892,-0.0008473379466178432,1.335774892913272,0.015038670867946191,0.8214335325894322,0.9431564491556332,-0.0047504821033819145,
2026-07-12 19:00:00+00:00,NVDA,Fold_1,-0.002169197396963196,0.00470366886171214,-0.32434768496317307,0.010216747827747508,0.5916570333286827,1.0478363643163067,,
2026-07-12 20:00:00+00:00,NVDA,Fold_1,,,,,,0.80976943073696,,
2026-07-12 21:00:00+00:00,NVDA,Fold_1,,,,0.013892867373245466,0.7013598115379381,0.8821671655699709,,
2026-07-12 22:00:00+00:00,NVDA,Fold_1,,,,,,0.8126144046499857,,
2026-07-12 23:00:00+00:00,NVDA,Fold_1,,,,,,,,
2026-07-13 00:00:00+00:00,NVDA,Fold_1,,,,-0.0002864508736751814,-0.013641991078328843,,-0.006160458452722062,-0.00792741165234001
2026-07-13 01:00:00+00:00,NVDA,Fold_1,,,,-0.006445144657691193,-0.2960962989175951,,-0.0014415453366009023,
2026-07-13 02:00:00+00:00,NVDA,Fold_1,,,,-0.0078773990260671,-0.3198075231099584,,-0.00033684615754769887,
2026-07-13 03:00:00+00:00,NVDA,Fold_1,,0.00792741165234001,,-0.008211591712021349,-0.327351713449056,,,
2026-07-18 04:00:00+00:00,NVDA,Fold_2,0.0010355540214015413,0.00044315328179622693,0.11315366584239601,-0.0015738736966358635,-0.42125141368078545,0.3709198344734467,0.0,0.0
2026-07-18 05:00:00+00:00,NVDA,Fold_2,0.0023701362828361106,0.0005415784550244496,0.27365775813986365,-0.0015738736966358635,-0.31474942891997487,0.46068819446340337,0.0049261083743843415,0.0
2026-07-18 06:00:00+00:00,NVDA,Fold_2,0.0073427384908621995,-0.0033444816053511683,0.853859849990656,0.0033444816053511683,0.5500122230286375,0.4173934110042987,-0.004901960784313708,-0.004901960784313708
2026-07-18 07:00:00+00:00,NVDA,Fold_2,-0.00044315328179622693,-0.0,-0.04975617643354311,-0.0015738736966358635,-0.21642555311781533,0.6388118316858726,0.0,0.0
2026-07-18 08:00:00+00:00,NVDA,Fold_2,-0.0005415784550244496,-0.0,-0.060357957985068336,-0.0015738736966358635,-0.19214702280116286,0.8788666789113553,0.0,0.00472906403940887
2026-07-18 09:00:00+00:00,NVDA,Fold_2,-0.0015738736966358635,0.004901960784313708,-0.17536665314851596,-0.0015738736966358635,-0.17536665314851596,0.8784602986651567,0.0,0.0
2026-07-18 10:00:00+00:00,NVDA,Fold_2,0.0,-0.0,0.0,-0.0015738736966358635,-0.16357194616771992,0.8727703841977182,0.00472906403940887,-0.0012315270935960854
2026-07-18 11:00:00+00:00,NVDA,Fold_2,0.00472906403940887,-0.00472906403940887,0.5308572886839175,0.003147747393271727,0.30600822103165654,0.8545693109144475,-0.004706805255932589,-0.005736418905667895
2026-07-18 12:00:00+00:00,NVDA,Fold_2,-0.004901960784313708,-0.0,-0.5406602726445323,-0.0015738736966358635,-0.1417355764198698,0.9881885723432028,-0.0012315270935960854,-0.003694581280788145
2026-07-18 13:00:00+00:00,NVDA,Fold_2,-0.0012315270935960854,0.0012315270935960854,-0.13096031398236133,-0.0028034625221325937,-0.230922428819561,0.9361188900687467,0.00019728729963008895,-0.0029593094944512233
2026-07-18 14:00:00+00:00,NVDA,Fold_2,-0.001034482758620725,0.005736418905667895,-0.11160923855256012,-0.0026067283100531524,-0.20770738570954284,0.7997561237198034,-0.002662853197889392,-0.0031559741604615388
2026-07-18 15:00:00+00:00,NVDA,Fold_2,-0.003694581280788145,0.003694581280788145,-0.424851867065557,-0.005262640173126054,-0.4279184231057608,0.8534601969252741,-0.0004944375772558685,0.00024721878862798974
2026-07-18 16:00:00+00:00,NVDA,Fold_2,-0.004187192118226601,0.0029593094944512233,-0.6096463790998006,-0.005754475703324768,-0.569199907286975,1.1380544682263511,0.0,0.0
2026-07-18 17:00:00+00:00,NVDA,Fold_2,-0.00887428907628951,0.0031559741604615388,-1.325106442261322,-0.005754475703324768,-0.5625155881281593,1.1625297447999463,0.0007420232500618962,-9.893643334157876e-05
2026-07-18 18:00:00+00:00,NVDA,Fold_2,-0.0034482758620688614,-0.00024721878862798974,-0.5614870539953386,-0.0050167224080266415,-0.5166397430004044,0.7535718002950579,-0.0007414730598122032,-0.0009391992090953538
2026-07-18 19:00:00+00:00,NVDA,Fold_2,-0.0029593094944512233,-0.0,-0.5246560635023649,-0.005754475703324768,-0.6247491925372864,0.530387717050047,-9.893643334157876e-05,
2026-07-18 20:00:00+00:00,NVDA,Fold_2,-0.0032545983529759237,9.893643334157876e-05,-0.5904368498520665,-0.005852842809364489,-0.6308034777611462,0.5263508125627832,-9.894622272788034e-05,
2026-07-18 21:00:00+00:00,NVDA,Fold_2,-0.0006922126081581048,0.0009391992090953538,-0.1255818039252202,-0.00595120991540421,-0.6233498420110974,0.5136044396180854,,
2026-07-18 22:00:00+00:00,NVDA,Fold_2,,,,,,0.2254647245669897,,
2026-07-18 23:00:00+00:00,NVDA,Fold_2,,,,-0.004770804642927451,-0.46498231287205494,0.22983475061262187,-0.0009883864591054836,-0.0016802569804793555
2026-07-19 00:00:00+00:00,NVDA,Fold_2,,,,-0.005754475703324768,-0.5381935378312246,0.26072768660928075,0.0008409596834033639,-0.0013851100667821026
2026-07-19 01:00:00+00:00,NVDA,Fold_2,,,,-0.004918355301987032,-0.4479250527191252,0.1937566655417269,-0.00153222617635429,-0.00316330565440881
2026-07-19 02:00:00+00:00,NVDA,Fold_2,,0.0016802569804793555,,-0.006443045445603035,-0.595289160039483,0.3309813638495003,-0.0006930349982673389,-0.0012870649967823278
2026-07-19 03:00:00+00:00,NVDA,Fold_2,,0.0013851100667821026,,-0.00713161518788108,-0.6405996480514514,0.45807566345342515,-0.0009411997820378826,-0.0028235993461137587
2026-07-19 04:00:00+00:00,NVDA,Fold_2,,0.00316330565440881,,-0.008066102695258648,-0.7157148026362375,0.4513330065989732,0.0003470844902815351,-0.001834589448631463
2026-07-19 05:00:00+00:00,NVDA,Fold_2,-0.002965159377316451,0.0012870649967823278,-0.5399285696764717,-0.007721817824119626,-0.6754555417447371,0.399042301976933,-0.0022304832713754275,-0.0030235439900868633
2026-07-19 06:00:00+00:00,NVDA,Fold_2,-0.004204798417017042,0.0028235993461137587,-0.7643656516392203,-0.009935077710013673,-0.8513751981700294,0.4008234269089708,4.9677098857392465e-05,0.005464480874316946
2026-07-19 07:00:00+00:00,NVDA,Fold_2,-0.004992091735863902,0.001834589448631463,-1.0471876323111529,-0.009885894156993813,-0.9599630410436683,0.5887369784170363,-0.0008444687298198028,-0.0014902389349760181
2026-07-19 08:00:00+00:00,NVDA,Fold_2,-0.0043067174892332805,0.0030235439900868633,-1.0323693197548305,-0.010722014558331772,-1.1690732528081027,0.5659357387381645,0.006264293526896836,0.005617977528090012
2026-07-19 09:00:00+00:00,NVDA,Fold_2,0.0026254520235795553,-0.005464480874316946,0.6296076845126344,-0.004524886877828038,-0.4852758261472267,0.5304787413406649,-0.006867588932806368,-0.0009387351778655795
2026-07-19 10:00:00+00:00,NVDA,Fold_2,-0.0033220944069813907,0.0014902389349760181,-0.6088018940927541,-0.011361400747590067,-0.9159898937015356,1.3432596863336206,0.006268344858464836,0.005671359633849127
2026-07-19 11:00:00+00:00,NVDA,Fold_2,0.0025774473358117778,-0.005617977528090012,0.3981408840426725,-0.0051642730670863335,-0.34542742111781516,1.6090651934177975,-0.00029663321303208257,0.0018786770158698562
2026-07-19 12:00:00+00:00,NVDA,Fold_2,0.004520615996025823,0.0009387351778655795,0.6583290705706799,-0.0054593743852054955,-0.33900565962732276,1.8204795404987952,-0.000296721230404029,0.002621037535235571
2026-07-19 13:00:00+00:00,NVDA,Fold_2,0.004172669017932451,-0.005671359633849127,0.6463610683364119,-0.005754475703324768,-0.3744580576703664,1.8820454515241065,0.002473410833539358,0.004798417017066514
2026-07-19 14:00:00+00:00,NVDA,Fold_2,0.007507208909217633,-0.0018786770158698562,1.167070503988543,-0.003295298052331197,-0.21210694861646168,1.8933586636910462,0.00044411547002232155,0.0033061929434985426
2026-07-19 15:00:00+00:00,NVDA,Fold_2,0.0016798418972332474,-0.002621037535235571,0.25531998531291794,-0.002852646075152343,-0.1770062776713054,1.8428091945406762,0.0018743217914569676,0.0026635099141758545
2026-07-19 16:00:00+00:00,NVDA,Fold_2,0.010496990199492684,-0.004798417017066514,1.6326306061526494,-0.0009836710603973176,-0.061609516397232444,1.638210558595554,0.000984639621898431,-0.001920047262701896
2026-07-19 17:00:00+00:00,NVDA,Fold_2,0.005191081228061334,-0.0033061929434985426,0.7998678370653608,0.0,0.0,0.9403551791324576,-0.0001967342120794413,-0.0006393861892582953
2026-07-19 18:00:00+00:00,NVDA,Fold_2,0.005291528608871943,-0.0026635099141758545,0.8137004991808988,-0.0001967342120794413,-0.011866062893672947,0.4293408311200078,-0.0027056277056277667,-0.0027056277056277667
2026-07-19 19:00:00+00:00,NVDA,Fold_2,0.002869156566905673,0.001920047262701896,0.44143245984504864,-0.0029018296281723144,-0.17291296474302767,0.42210905081352673,0.002269027770926968,0.0057712228086619355
2026-07-19 20:00:00+00:00,NVDA,Fold_2,0.002664692820133263,0.0006393861892582953,0.4002664831819089,-0.0006393861892582953,-0.03674083496686034,0.6740437837864945,-0.0022638909395147344,0.0029529012254538856
2026-07-19 21:00:00+00:00,NVDA,Fold_2,-4.9324257670013694e-05,0.0027056277056277667,-0.007303732794220931,-0.0029018296281723144,-0.16240792176671384,0.6488264117046372,0.0057712228086619355,0.000838553741429493
2026-07-19 22:00:00+00:00,NVDA,Fold_2,0.003840094525403792,-0.0057712228086619355,0.5587133162443609,0.002852646075152565,0.15503737175596738,0.7495193578136594,-0.0005394801373223013,-0.0058361942128494215
2026-07-19 23:00:00+00:00,NVDA,Fold_2,0.0023116269919338794,-0.0029529012254538856,0.315994694856824,0.0023116269919338794,0.11668877439445724,1.0527819382971995,-0.004367240787084725,-0.0018646646057215444
2026-07-20 00:00:00+00:00,NVDA,Fold_2,-0.001869342778433647,-0.000838553741429493,-0.2607906666348104,-0.0020657092268344668,-0.10523050572977839,1.0841140918770975,-0.0009364218827008219,0.0031542631838343826
2026-07-20 01:00:00+00:00,NVDA,Fold_2,-9.865338134451562e-05,0.0058361942128494215,-0.01312410346055902,-0.003000196734212035,-0.14414650385407332,1.2166747064999988,0.003453209017808545,
2026-07-20 02:00:00+00:00,NVDA,Fold_2,0.001082730449333047,0.0018646646057215444,0.1438383578083097,0.00044265197717874294,0.02101084264521695,1.1625876005775153,0.0006391032889239145,
2026-07-20 03:00:00+00:00,NVDA,Fold_2,0.003995461944458212,-0.0031542631838343826,0.5216274220779898,0.0010820381664371492,0.04994488322852913,1.1998803510366278,,
2026-07-25 04:00:00+00:00,NVDA,Fold_2,-0.00827526132404166,0.014238299100485685,-0.5488081408093759,0.001025791324736236,0.16663778136250007,0.8946837141215274,-0.0020982774605963206,0.010101010101010166
2026-07-25 05:00:00+00:00,NVDA,Fold_2,-0.010882708585247869,0.005350194552529164,-0.7247727291104313,-0.0010746385306760198,-0.12396180155377558,0.9167565981610225,0.008459657701711532,-0.0024449877750610804
2026-07-25 06:00:00+00:00,NVDA,Fold_2,-0.002722529292577658,-0.007375928096912787,-0.18103932346686466,0.007375928096912787,0.6936366452121047,0.9029646912437382,0.003733695388643765,0.002182029772584082
2026-07-25 07:00:00+00:00,NVDA,Fold_2,-0.004281110202510874,-0.010101010101010166,-0.27348088321112785,0.011137162954278912,0.8713462571632488,1.09239997004947,-0.01449275362318836,-0.0010144927536231974
2026-07-25 08:00:00+00:00,NVDA,Fold_2,-0.0077821011673151474,0.0024449877750610804,-0.5000883084855031,-0.003516998827667095,-0.24757835647119755,1.0622762246998674,0.013137254901960826,0.012696078431372548
2026-07-25 09:00:00+00:00,NVDA,Fold_2,0.009574052364204721,-0.002182029772584082,0.5582493056049216,0.009574052364204721,0.5582493056049216,1.1238201870051985,0.0005322237275013908,-0.00493516547319528
2026-07-25 10:00:00+00:00,NVDA,Fold_2,0.009076269945835103,0.0010144927536231974,0.4953462816179705,0.010111371629542676,0.5109026800238031,1.2790283870616,-0.0009671647565162589,0.0008704482808645775
2026-07-25 11:00:00+00:00,NVDA,Fold_2,0.010220048899755474,-0.012696078431372548,0.5583253738774197,0.009134427510746335,0.4321617813665033,1.2814181944715906,-0.004501669974345313,-0.013069364441647746
2026-07-25 12:00:00+00:00,NVDA,Fold_2,-0.0027639043786064077,0.00493516547319528,-0.1517735401702769,0.004591637358343004,0.2058709182469213,1.2779204783997986,0.006369736458232023,-0.008655061752406934
2026-07-25 13:00:00+00:00,NVDA,Fold_2,-0.00014492753623185362,-0.0008704482808645775,-0.007931527942462208,0.01099062133645945,0.4659119179107709,1.22417668665357,-0.014881383775426471,-0.0008213750785137641
2026-07-25 14:00:00+00:00,NVDA,Fold_2,-0.0005392156862745745,0.013069364441647746,-0.029808962600507884,-0.00405431809300516,-0.16553180339834117,1.277028327276576,-4.904605424493891e-05,-9.80921084897668e-05
2026-07-25 15:00:00+00:00,NVDA,Fold_2,-0.013547513063673411,0.008655061752406934,-0.7681092140990758,-0.004103165298944944,-0.16450057174569294,1.3264061309204171,0.01432215028448125,0.021336080047086536
2026-07-25 16:00:00+00:00,NVDA,Fold_2,4.835823782589621e-05,0.0008213750785137641,0.002762561304460932,0.01016021883548257,0.3943196944642576,0.9956875412173712,-0.014168278529980705,-0.007446808510638392
2026-07-25 17:00:00+00:00,NVDA,Fold_2,-0.0131661745486229,9.80921084897668e-05,-0.687378444849553,-0.004152012504884728,-0.14190789599026848,1.2638304774505502,0.02138617746603222,0.014175700201108477
2026-07-25 18:00:00+00:00,NVDA,Fold_2,0.012496353204317856,-0.021336080047086536,0.6156510265782869,0.017145369284876866,0.5342298559983878,1.386889632090613,-0.014263074484944571,-0.0072035729721942054
2026-07-25 19:00:00+00:00,NVDA,Fold_2,-0.008262066966227,0.007446808510638392,-0.3815562062848124,0.002637749120750321,0.07459658260038315,1.6757172862654637,0.007307804735457557,0.007064211244275587
2026-07-25 20:00:00+00:00,NVDA,Fold_2,0.01407621756829669,-0.014175700201108477,0.6174519769480192,0.009964830011723214,0.2596798631836761,1.718046854469084,-0.00014509576320376194,-0.0005803830528148257
2026-07-25 21:00:00+00:00,NVDA,Fold_2,0.013978811065332497,0.0072035729721942054,0.6048539727190884,0.009818288393903751,0.24527622846727748,1.5611970993209523,-9.674454602615068e-05,0.0064818845837566474
2026-07-25 22:00:00+00:00,NVDA,Fold_2,-0.0004352030947776253,-0.007064211244275587,-0.018836533953477345,0.009720593982024184,0.23642894591366545,1.5620071098746566,-0.0003386386725364732,0.008514343766629517
2026-07-25 23:00:00+00:00,NVDA,Fold_2,0.013587089812135078,0.0005803830528148257,0.5882214196017724,0.009378663540445364,0.22239036722469413,1.4345325935388853,0.006920247773906318,0.0021293070073558074
2026-07-26 00:00:00+00:00,NVDA,Fold_2,-0.0007683811170340338,-0.0064818845837566474,-0.033266097402266166,0.01636381398983966,0.3786828903208014,1.238879665088716,0.0019224299514586374,-0.006440140337386491
2026-07-26 01:00:00+00:00,NVDA,Fold_2,0.01563870213387908,-0.008514343766629517,0.6696185980987678,0.018317702227432564,0.40960200997109986,0.8189036338355671,-0.006667626037319407,-0.015397898978270264
2026-07-26 02:00:00+00:00,NVDA,Fold_2,0.0015476881408398313,-0.0021293070073558074,0.06663476176580109,0.011527940601797626,0.25350167415358893,0.3794569284878447,-0.0016901680509948669,0.014052540081127995
2026-07-26 03:00:00+00:00,NVDA,Fold_2,0.0,0.006440140337386491,0.0,0.009818288393903751,0.2155197873977195,0.4706232545911867,-0.0071107241329270154,-0.003821409568035561
2026-07-26 04:00:00+00:00,NVDA,Fold_2,-0.0070146582168255645,0.015397898978270264,-0.3093196830647342,0.002637749120750321,0.05698232285610039,0.4806842805815386,0.023043944265809246,-0.003020559290655811
2026-07-26 05:00:00+00:00,NVDA,Fold_2,0.016211769260549902,-0.014052540081127995,0.7052750805767588,0.025742477530285246,0.5379815958829701,0.5668726906893247,-0.019286632696795092,-0.012381541978189525
2026-07-26 06:00:00+00:00,NVDA,Fold_2,-0.010236939491517272,0.003821409568035561,-0.39924352605230495,0.005959359124658059,0.10956227642041419,1.0770515571247554,-0.006312518209187212,0.008012042342429915
2026-07-26 07:00:00+00:00,NVDA,Fold_2,-0.018371948002110727,0.003020559290655811,-0.6734586148555288,-0.0003907776475186031,-0.006631045819494596,1.262573121837859,0.013438232994527066,0.016174745895230602
2026-07-26 08:00:00+00:00,NVDA,Fold_2,0.0014970059880239361,0.012381541978189525,0.054667915006398865,0.013042203985931922,0.21663897277623734,1.2565089854466955,0.0009643666522012317,0.004725396595785858
2026-07-26 09:00:00+00:00,NVDA,Fold_2,0.004160015479127477,-0.008012042342429915,0.15294694122149866,0.014019148104728485,0.2305061255919584,1.381222936517353,0.0017341875812899588,0.0042391251987090595
2026-07-26 10:00:00+00:00,NVDA,Fold_2,0.013105329825586987,-0.016174745895230602,0.49599569366374124,0.01577764751856181,0.2627041770221822,1.4188394464741279,0.002019716277951611,0.003270016830968947
2026-07-26 11:00:00+00:00,NVDA,Fold_2,-0.007714653078718103,-0.004725396595785858,-0.29186150753546086,0.017829230168034504,0.29207450409824864,1.3723985884667915,0.00047991553486581573,-0.0068627921485818755
2026-07-26 12:00:00+00:00,NVDA,Fold_2,0.01228513159172584,-0.0042391251987090595,0.4646814720624108,0.018317702227432564,0.2954372103216702,1.0074666863401396,0.0007674965222814745,0.004557010601045741
2026-07-26 13:00:00+00:00,NVDA,Fold_2,0.019497654417513832,-0.003270016830968947,0.7409838760747005,0.01909925752246977,0.3049151760929035,0.5936879021947766,-0.008100464937928376,-0.007333557014810865
2026-07-26 14:00:00+00:00,NVDA,Fold_2,-0.0021698249674525494,0.0068627921485818755,-0.0830001068709568,0.010844079718639987,0.17174664181199512,0.47160859762803015,0.011984149995167614,-4.8323185464327345e-05
2026-07-26 15:00:00+00:00,NVDA,Fold_2,0.008815453538224327,-0.004557010601045741,0.34821574428746654,0.022958186791715463,0.370224966523946,0.37145865204629513,-0.011078216025212417,-0.01188998185464607
2026-07-26 16:00:00+00:00,NVDA,Fold_2,-0.004087521038711239,0.007333557014810865,-0.15761048269398184,0.011625635013677194,0.18051635075633662,0.6032761023290835,-0.0008208594881699005,0.00965717044905845
2026-07-26 17:00:00+00:00,NVDA,Fold_2,-0.006910783702068435,4.8323185464327345e-05,-0.26908269699778103,0.010795232512700315,0.1670222382230409,0.779851963546516,0.0,0.013386169235973355
2026-07-26 18:00:00+00:00,NVDA,Fold_2,-0.007387154026958331,0.01188998185464607,-0.30040761257480153,0.010795232512700315,0.1721904662098192,0.8041098654990366,0.010486637993524228,-0.00024162760353751978
2026-07-26 19:00:00+00:00,NVDA,Fold_2,0.002252792024157513,-0.00965717044905845,0.10199267159126331,0.021395076201641272,0.3751520596094137,0.8933609425596938,0.0028694404591105283,-0.010425633668101453
2026-07-26 20:00:00+00:00,NVDA,Fold_2,0.013337199188170334,-0.013386169235973355,0.6220553746225244,0.024325908558030518,0.434027428926798,1.0736544966172552,-0.013447782546494924,-0.012875536480686622
2026-07-26 21:00:00+00:00,NVDA,Fold_2,-0.012128736510361948,0.00024162760353751978,-0.5720257711539132,0.010550996483001063,0.1880808124591479,0.973585196335804,0.00019334880123733633,0.009377416860015364
2026-07-26 22:00:00+00:00,NVDA,Fold_2,-0.0008691453404152671,0.010425633668101453,-0.0389023235302716,0.01074638530676042,0.17967470499452315,0.9787663311882576,0.0003866228494104895,0.009037309104968028
2026-07-26 23:00:00+00:00,NVDA,Fold_2,0.00033827864495239446,0.012875536480686622,0.015141173816265797,0.011137162954278912,0.1840809402094123,0.8487856310142365,0.00879227053140097,0.009082125603864677
2026-07-27 00:00:00+00:00,NVDA,Fold_2,0.00913352341371465,-0.009377416860015364,0.4088230396244603,0.020027354435326217,0.32733313402485814,0.8481321634073586,-0.0001436643999617182,-0.0011493151996934126
2026-07-27 01:00:00+00:00,NVDA,Fold_2,-0.0014825442372070619,-0.009037309104968028,-0.06586505968527159,0.019880812817506754,0.3189908856565822,0.9261933226731555,0.0004310551271613505,
2026-07-27 02:00:00+00:00,NVDA,Fold_2,-0.00391034811635671,-0.009082125603864677,-0.17386252457706086,0.02032043767096514,0.3228124779812203,0.7947930530241057,-0.001436231328992621,
2026-07-27 03:00:00+00:00,NVDA,Fold_2,0.008217324052590902,0.0011493151996934126,0.36995318858422266,0.01885502149277074,0.30012239207501984,0.7893196187927494,,
2026-08-01 04:00:00+00:00,NVDA,Fold_2,0.001959798994974893,-0.008446287679546804,0.08035287613787731,-0.009881815473234745,-0.9924354315860362,1.912347926754927,0.013942524700335968,0.00040122373238382636
2026-08-01 05:00:00+00:00,NVDA,Fold_2,0.01619518668194697,-0.042113402061855654,0.6505317759896103,0.003922931770781624,0.27293167385420114,1.9368074877558523,-0.015185240144432899,-0.015531483405055058
2026-08-01 06:00:00+00:00,NVDA,Fold_2,0.007132378977186438,0.011321879034660864,0.2762387567991543,-0.011321879034660864,-0.620131379624294,1.9369824187181617,0.0018583626318433577,-0.01557006529382221
2026-08-01 07:00:00+00:00,NVDA,Fold_2,0.008850900262998174,-0.00040122373238382636,0.3292103215998943,-0.009484556559737789,-0.4320645714502153,1.959342775594235,-0.002205845490549918,5.013285205790474e-05
2026-08-01 08:00:00+00:00,NVDA,Fold_2,0.02592783505154639,0.015531483405055058,0.9670128992060014,-0.011669480583970548,-0.476769166358586,1.9639300059185703,-0.01522383560267293,0.0023112093654222843
2026-08-01 09:00:00+00:00,NVDA,Fold_2,-0.026715661932664614,0.01557006529382221,-0.995345329931921,-0.026715661932664614,-0.995345329931921,1.7603779995058755,0.017755102040816206,0.01780612244897961
2026-08-01 10:00:00+00:00,NVDA,Fold_2,0.00045137669893180465,-5.013285205790474e-05,0.016176614380923444,-0.009434899195550739,-0.3130490328723091,0.9962367340172027,5.0130338881126946e-05,0.001654301183076079
2026-08-01 11:00:00+00:00,NVDA,Fold_2,-0.013256170549537427,-0.0023112093654222843,-0.451891199899822,-0.009385241831363578,-0.27707152840252375,1.1691123282373526,0.0,0.001152939996992286
2026-08-01 12:00:00+00:00,NVDA,Fold_2,0.0019588146659970107,-0.01780612244897961,0.06682693684647109,-0.009385241831363578,-0.2614315789577461,1.0289012289337465,0.0016040904305980597,0.0
2026-08-01 13:00:00+00:00,NVDA,Fold_2,0.0017045169699705376,-0.001654301183076079,0.05830142672724695,-0.007796206177376086,-0.20655551471567185,0.8823051392363386,-0.0004504279065111749,0.0016015214453730664
2026-08-01 14:00:00+00:00,NVDA,Fold_2,0.0034668140481335374,-0.001152939996992286,0.1188262652007679,-0.008243122455060092,-0.20866659701929918,0.8835839798587614,-0.001151612257159984,0.0024033647105947686
2026-08-01 15:00:00+00:00,NVDA,Fold_2,0.01780612244897961,-0.0,0.6105335228857802,-0.009385241831363578,-0.22754674593145094,0.8788360356086498,0.0032081808611958973,0.003258308687152045
2026-08-01 16:00:00+00:00,NVDA,Fold_2,0.003258472027271031,-0.0016015214453730664,0.11330881921145791,-0.006207170523388594,-0.14663827470537494,0.6218529603498724,0.000349772647778801,-0.0004497076900015218
2026-08-01 17:00:00+00:00,NVDA,Fold_2,0.0035590756428893755,-0.0024033647105947686,0.12533006552274525,-0.00585956897407891,-0.13508132951946095,0.1370669105555846,-0.00029970029970027845,-0.0009990009990009652
2026-08-01 18:00:00+00:00,NVDA,Fold_2,0.003258308687152045,-0.003258308687152045,0.11539583051137108,-0.006157513159201544,-0.1379219012127804,0.13664117362321598,-0.0004996502448285645,-0.002148496052762905
2026-08-01 19:00:00+00:00,NVDA,Fold_2,0.0011510935388618915,0.0004497076900015218,0.04082078910013738,-0.006654086801072601,-0.14450233844745375,0.13917543148009862,-0.00019996000799837876,0.0007998400319935151
2026-08-01 20:00:00+00:00,NVDA,Fold_2,0.0014019627478469854,0.0009990009990009652,0.05031771263072259,-0.006852716257821023,-0.14611618714779753,0.13653869895895182,-0.0014499999999999513,-0.00010000000000010001
2026-08-01 21:00:00+00:00,NVDA,Fold_2,0.0011028121710361383,0.002148496052762905,0.03981213715352983,-0.008292779819247142,-0.17284365773776794,0.13579075803212481,0.002453557658604888,0.0
2026-08-01 22:00:00+00:00,NVDA,Fold_2,0.000349772647778801,-0.0007998400319935151,0.012640521541459457,-0.00585956897407891,-0.11899909099710268,0.14103685321951048,-0.001098901098901095,-0.0023976023976023386
2026-08-01 23:00:00+00:00,NVDA,Fold_2,-0.001098901098901095,0.00010000000000010001,-0.03968110708525501,-0.0069520309861952345,-0.1374983539611295,0.11602448563638623,-0.0013501350135012302,-0.0018501850185017599
2026-08-02 00:00:00+00:00,NVDA,Fold_2,-0.002148496052762905,-0.0,-0.07756026295982758,-0.008292779819247142,-0.1600187321669382,0.12194960366185875,5.007260527767343e-05,0.0007510890791648794
2026-08-02 01:00:00+00:00,NVDA,Fold_2,-0.0015996800639871411,0.0023976023976023386,-0.05816425252028618,-0.008243122455060092,-0.15652332144858216,0.13013985953975826,-0.0005507710795112919,-0.0015521730422591862
2026-08-02 02:00:00+00:00,NVDA,Fold_2,-0.0019499999999998963,0.0018501850185017599,-0.0709009144264181,-0.008789353461118199,-0.1632246936183366,0.13071926866514835,0.0012524422624116127,-0.0006512699764541496
2026-08-02 03:00:00+00:00,NVDA,Fold_2,0.0007510890791648794,-0.0007510890791648794,0.029325827860893647,-0.007547919356440502,-0.14735201848560675,0.14073858856836183,-0.0022515761032724235,-0.00305213649554692
2026-08-02 04:00:00+00:00,NVDA,Fold_2,-0.003946053946053851,0.0015521730422591862,-0.2325408703291471,-0.009782500744860423,-0.2824176181204839,0.21243783478822925,0.0003510355548868027,-0.001253698410310422
2026-08-02 05:00:00+00:00,NVDA,Fold_2,-0.0025002500250025372,0.0006512699764541496,-0.1537814542683287,-0.009434899195550739,-0.2787704517990888,0.1829824119237617,-0.0011529977942650316,-0.0021054742330057774
2026-08-02 06:00:00+00:00,NVDA,Fold_2,-0.0023033398427720897,0.00305213649554692,-0.15825765144382303,-0.010577018571854224,-0.34258134215122565,0.21087004897131426,-0.00045169385194476774,-0.0014052697616060428
2026-08-02 07:00:00+00:00,NVDA,Fold_2,-0.0028039254956939708,0.001253698410310422,-0.2260621323934155,-0.01102393484953823,-0.4114287135017574,0.24209032766684083,-0.0005021088572002563,-0.001205061257280593
2026-08-02 08:00:00+00:00,NVDA,Fold_2,-0.00275537297730577,0.0021054742330057774,-0.22276616881291003,-0.011520508491409287,-0.42365966217939943,0.2390948413003476,-0.0004521249874409605,-0.000703305536019383
2026-08-02 09:00:00+00:00,NVDA,Fold_2,-0.004453117182027455,0.0014052697616060428,-0.36143169242782763,-0.011967424769093293,-0.4343879923389754,0.23992750181565975,-0.0002512941649495115,-0.000603105995878761
2026-08-02 10:00:00+00:00,NVDA,Fold_2,-0.002457248884208507,0.001205061257280593,-0.2606423844990701,-0.012215711590028877,-0.570045396061078,0.2285320566415772,0.0,-0.00020108586366374137
2026-08-02 11:00:00+00:00,NVDA,Fold_2,-0.0028072989773411106,0.000703305536019383,-0.9310950958387957,-0.012215711590028877,-1.7543844864655416,0.392728786648048,-0.00035190026141163067,-0.001105972250150855
2026-08-02 12:00:00+00:00,NVDA,Fold_2,-0.002007528230865807,0.000603105995878761,-0.6659721815885163,-0.012563313139338561,-1.777122097962125,0.31195055452868625,0.00015086748805637207,0.0033190847372390753
2026-08-02 13:00:00+00:00,NVDA,Fold_2,-0.0014059048001606733,0.00020108586366374137,-0.46615518587681104,-0.012414341046777189,-1.7291570715466043,0.15184794418731368,-0.0009050683829445738,0.004022526146419958
2026-08-02 14:00:00+00:00,NVDA,Fold_2,-0.0018084999497639531,0.001105972250150855,-0.6274830121160754,-0.013308173602145201,-1.9118047315948405,0.2204912479958479,0.004076497232007981,-0.00045294413688967694
2026-08-02 15:00:00+00:00,NVDA,Fold_2,0.002713976981454369,-0.0033190847372390753,0.9353339628401979,-0.009285927102989366,-1.3065023318992697,0.3130497994056338,0.0008520876146560497,0.0020550348353465253
2026-08-02 16:00:00+00:00,NVDA,Fold_2,0.0038206314096120852,-0.004022526146419958,1.0724574042110797,-0.008441751911808515,-0.9542282246925582,1.2458018130406325,-0.005358573717948678,0.00220352564102555
2026-08-02 17:00:00+00:00,NVDA,Fold_2,-0.00155841544339419,0.00045294413688967694,-0.48935487885345746,-0.013755089879829097,-1.7162791981600503,1.3705027500983968,0.0065958410956143965,0.0002517496601379676
2026-08-02 18:00:00+00:00,NVDA,Fold_2,0.005380940407342161,-0.0020550348353465253,1.3062401568269013,-0.007249975171317979,-0.6903108339939937,1.8158974999414315,0.0010004001600640855,-0.009303721488595373
2026-08-02 19:00:00+00:00,NVDA,Fold_2,0.00623491552695099,-0.00220352564102555,1.1584208088213428,-0.0062568278875756445,-0.450231228121984,1.8822226065174048,-0.007295622626424136,-0.00974415350789537
2026-08-02 20:00:00+00:00,NVDA,Fold_2,-0.00020130850528432553,-0.0002517496601379676,-0.037270270953329396,-0.013506803058893624,-0.9566139069016981,1.868167278989444,-0.0030202355783750523,0.0027182120205375693
2026-08-02 21:00:00+00:00,NVDA,Fold_2,-0.007267806125006215,0.009303721488595373,-1.1138889886032242,-0.016486244910120185,-0.9550174439454885,2.013212736392119,0.000555387256386819,0.017317984449156887
2026-08-02 22:00:00+00:00,NVDA,Fold_2,-0.00756209935897445,0.00974415350789537,-1.1380968958093713,-0.015940013904061967,-0.8961216147749368,1.862251280630103,0.005197557652520501,0.018822223343593958
2026-08-02 23:00:00+00:00,NVDA,Fold_2,0.002970645989627707,-0.0027182120205375693,0.4568514190656056,-0.010825305392789808,-0.6147712113316912,1.8943695982869804,0.011495983935743137,0.013654618473895486
2026-08-03 00:00:00+00:00,NVDA,Fold_2,0.007853141256502605,-0.017317984449156887,1.1109729068162149,0.0005462310060582176,0.028216671078213056,1.784816222657855,0.0020348404387313668,0.0025311429847634237
2026-08-03 01:00:00+00:00,NVDA,Fold_2,0.008894663202078767,-0.018822223343593958,0.9749205789945818,0.0025821829377297156,0.10221707426932182,1.7496278927156281,9.90589400693409e-05,
2026-08-03 02:00:00+00:00,NVDA,Fold_2,0.016409946642504725,-0.013654618473895486,1.791702398961188,0.002681497666103816,0.1046075006496328,1.7437953889059155,0.0003961965134706702,
2026-08-03 03:00:00+00:00,NVDA,Fold_2,0.019892961728769087,-0.0025311429847634237,2.1750641976475626,0.003078756579600883,0.11901535385258533,1.355780979003086,,
2026-08-08 04:00:00+00:00,NVDA,Fold_3,0.0013439655944809115,-0.0002685044303230022,0.17072864794412038,-0.000983284169124854,-0.3059658263456906,0.5153673381593927,-0.0004921259842520787,-0.0026843235504654395
2026-08-08 05:00:00+00:00,NVDA,Fold_3,-0.0017426273458445163,-0.0005822285919026005,-0.22003632165170073,-0.001474926253687392,-0.3225676311595786,0.5230841336514982,0.0010742580905063193,-0.0026408844724945535
2026-08-08 06:00:00+00:00,NVDA,Fold_3,-0.0005585968048262835,0.0004022526146419958,-0.07030791091761304,-0.0004022526146419958,-0.07160108775537662,0.37989507810096196,-0.00326402861614139,-0.001386094343840849
2026-08-08 07:00:00+00:00,NVDA,Fold_3,-0.002416539872908019,0.0026843235504654395,-0.30480888539987905,-0.0036649682667382333,-0.5661734575843642,0.4187964439377309,-0.0004485914229319654,0.0005831688498116883
2026-08-08 08:00:00+00:00,NVDA,Fold_3,-0.0020601934790398513,0.0026408844724945535,-0.252435915313369,-0.0041119156163405,-0.5519223138145193,0.5524758081626454,0.002333722287047868,-8.975854950177276e-05
2026-08-08 09:00:00+00:00,NVDA,Fold_3,-0.0017877893984088455,0.001386094343840849,-0.21863450445359542,-0.0017877893984088455,-0.21863450445359542,0.5484364342352671,-0.0012984687024267805,-0.0005372973941076831
2026-08-08 10:00:00+00:00,NVDA,Fold_3,-0.0021027201145311647,-0.0005831688498116883,-0.2589018063969547,-0.003083936712255264,-0.35154884352576554,0.5744062274247904,-0.00112082492714638,-0.002420981842636283
2026-08-08 11:00:00+00:00,NVDA,Fold_3,-0.0027304059800365987,8.975854950177276e-05,-0.333911869863704,-0.00420130508626082,-0.4449584746051405,0.5785719256353601,0.001885098743267477,0.00031418312387798686
2026-08-08 12:00:00+00:00,NVDA,Fold_3,-0.0019226469930695433,0.0005372973941076831,-0.23400046738948665,-0.0023241262179315436,-0.23095706513737108,0.5836027748717332,-0.0031807185736045795,-0.001209569035032776
2026-08-08 13:00:00+00:00,NVDA,Fold_3,-0.0018392248340212136,0.002420981842636283,-0.24856902930104555,-0.00549745240010735,-0.575505259389175,0.6973561208956376,0.0016179048132669571,0.0013482540110556496
2026-08-08 14:00:00+00:00,NVDA,Fold_3,0.00022439637375470944,-0.00031418312387798686,0.03119418895571298,-0.0038884419415392557,-0.3992204368720789,0.7094168644204061,0.00035895365010985003,0.0026921523758245414
2026-08-08 15:00:00+00:00,NVDA,Fold_3,-0.0017462165308499422,0.001209569035032776,-0.24674812826153192,-0.003530884061857642,-0.35279647033909944,0.7687902305663333,-0.0006279434850863241,0.001749271137026387
2026-08-08 16:00:00+00:00,NVDA,Fold_3,-0.0010759919300605825,-0.0013482540110556496,-0.15546062470985547,-0.00415661035130066,-0.407994828508035,0.6872659507348905,0.0029621650733808735,0.0024235896054933814
2026-08-08 17:00:00+00:00,NVDA,Fold_3,0.003007181328545716,-0.0026921523758245414,0.5548969269426876,-0.0012067578439259874,-0.14577546695078222,0.8546703170346155,-0.0005817335660267542,-0.0006712310377232633
2026-08-08 18:00:00+00:00,NVDA,Fold_3,0.0005375862377923202,-0.001749271137026387,0.09617480329559756,-0.0017877893984088455,-0.20228306139873087,0.9614888160502426,4.477478284226066e-05,0.002014865227903506
2026-08-08 19:00:00+00:00,NVDA,Fold_3,0.003775111230955863,-0.0024235896054933814,0.674784591375551,-0.0017430946634486855,-0.19079720648286833,0.9250755178884182,-0.0001343183344526544,0.0017013655697335484
2026-08-08 20:00:00+00:00,NVDA,Fold_3,0.002019114281868406,0.0006712310377232633,0.4882713327047836,-0.0018771788683293877,-0.2696852209378181,0.8327315084680694,0.002104603259896143,0.002418054809242509
2026-08-08 21:00:00+00:00,NVDA,Fold_3,0.003767660910518167,-0.002014865227903506,0.9370957462322532,0.00022347367480102243,0.03209060466536295,0.8162302556715092,-0.00026810849457081787,-0.00035747799276097947
2026-08-08 22:00:00+00:00,NVDA,Fold_3,0.0041290785871370694,-0.0017013655697335484,0.9952065183015628,-4.46947349602711e-05,-0.006053621370571451,0.8988922873042495,0.0005810575246949501,0.00040227059401964915
2026-08-08 23:00:00+00:00,NVDA,Fold_3,0.0017452006980802626,-0.002418054809242509,0.4222998431589821,0.000536336819522587,0.07108431484255257,0.8709145892879642,-0.0006700616456714048,-0.0007147324220495577
2026-08-09 00:00:00+00:00,NVDA,Fold_3,0.0016566669651651988,0.00035747799276097947,0.4213022176222103,-0.00013408420488070227,-0.018226451810512218,0.6032438800186399,0.0004917080148405528,0.000804613115193753
2026-08-09 01:00:00+00:00,NVDA,Fold_3,0.0021043205730915115,-0.00040227059401964915,0.5331802218728975,0.0003575578796817247,0.04731215913553769,0.6112417046852564,-0.0005361451166115971,-0.0012510052720936526
2026-08-09 02:00:00+00:00,NVDA,Fold_3,0.0017015941250224653,0.0007147324220495577,0.4379735136872882,-0.00017877893984097337,-0.023502817852559057,0.6183309230855929,0.0008493518104604192,0.0036656236030399025
2026-08-09 03:00:00+00:00,NVDA,Fold_3,0.0004468474909513631,-0.000804613115193753,0.11541496213813976,0.0006704210244032893,0.08658056575788241,0.6534416020808974,-0.0015632676760909403,0.0018312564205638093
2026-08-09 04:00:00+00:00,NVDA,Fold_3,-0.0008492379207080125,0.0012510052720936526,-0.22612202752030017,-0.0008938946992045338,-0.11660185923120865,0.42022920967160793,0.004384002863022429,0.003310369508812805
2026-08-09 05:00:00+00:00,NVDA,Fold_3,0.0029482712409540923,-0.0036656236030399025,0.7743761139222138,0.003486189326897371,0.4398700903751279,0.6008786968402492,-0.000979868163192621,-0.00026723677177975524
2026-08-09 06:00:00+00:00,NVDA,Fold_3,0.002637342988690783,-0.0018312564205638093,0.602278282844328,0.002502905157772517,0.269444129617597,1.1708802020459466,-8.91662951404415e-05,0.0018724921979491604
2026-08-09 07:00:00+00:00,NVDA,Fold_3,0.002055222947010993,-0.003310369508812805,0.46780115347395784,0.002413515687851975,0.2543015947287804,1.1881637875105242,0.0008025682182986049,-0.0007579810950596455
2026-08-09 08:00:00+00:00,NVDA,Fold_3,0.003397407241841899,0.00026723677177975524,0.8437785479375101,0.0032180209171359664,0.36353510949279055,1.3027756361659488,0.0011583355609017243,-0.0015592978704446203
2026-08-09 09:00:00+00:00,NVDA,Fold_3,0.0037071776318728933,-0.0018724921979491604,0.9226437100561866,0.004380084026101683,0.4875150969641447,1.280690684107083,-0.002714489142043419,-0.002714489142043419
2026-08-09 10:00:00+00:00,NVDA,Fold_3,0.002549879216247719,0.0007579810950596455,0.6530274198034771,0.0016537051935281433,0.1863222313908487,1.3254077380238907,0.0,0.0012047655169336036
2026-08-09 11:00:00+00:00,NVDA,Fold_3,-0.0018261179404952532,0.0015592978704446203,-0.4442354515146396,0.0016537051935281433,0.17419798094135686,1.421360361351455,0.0,-0.0013386283521485964
2026-08-09 12:00:00+00:00,NVDA,Fold_3,-0.0008470798038341387,0.002714489142043419,-0.2089158742433815,0.0016537051935281433,0.17390972118735312,0.8444172315912698,0.0012047655169336036,-0.0012493864620052308
2026-08-09 13:00:00+00:00,NVDA,Fold_3,0.00044587123238803983,-0.0012047655169336036,0.11247021690311901,0.0028604630374540196,0.30311022506929564,0.8401290892160147,-0.002540333363044822,-0.0022729298511453555
2026-08-09 14:00:00+00:00,NVDA,Fold_3,-0.0028958389022543107,0.0013386283521485964,-0.807389736364317,0.0003128631447215646,0.03611643170190212,1.0024077523315253,8.936151199678832e-05,-0.0007595728519727007
2026-08-09 15:00:00+00:00,NVDA,Fold_3,-0.003960484158063271,0.0012493864620052308,-1.0423864396094573,0.0004022526146421068,0.04322188694851299,1.1248550171240652,0.00017870705446099144,0.002233838180762282
2026-08-09 16:00:00+00:00,NVDA,Fold_3,-0.0010709026817188327,0.0022729298511453555,-0.281931206918257,0.0005810315544829692,0.06159814391368299,1.02639619543655,-0.001027381962746321,0.0036628400410951834
2026-08-09 17:00:00+00:00,NVDA,Fold_3,-0.002097184418366149,0.0007595728519727007,-0.5554198292556537,-0.0004469473496022669,-0.04703541187939397,0.8079030853228728,0.0030853156859238506,0.00447147200858522
2026-08-09 18:00:00+00:00,NVDA,Fold_3,0.0009816607915755782,-0.002233838180762282,0.2778281208704547,0.002636989362652997,0.292729476362414,0.8915090883001675,0.001604778674274332,0.0009806980787232522
2026-08-09 19:00:00+00:00,NVDA,Fold_3,0.0013815848114804297,-0.0036628400410951834,0.3607041447120572,0.00424599982122098,0.4293378563682634,1.2253260694812589,-0.0002225288174818596,0.0005785749254527683
2026-08-09 20:00:00+00:00,NVDA,Fold_3,0.0037085027478664934,-0.00447147200858522,0.9523188462196115,0.004022526146419958,0.3951539671578761,1.23648573791687,-0.0004006410256409687,0.0008457977207978473
2026-08-09 21:00:00+00:00,NVDA,Fold_3,0.003216726980297624,-0.0009806980787232522,0.8254993160630684,0.003620273531778073,0.35115178563879546,0.930148579791721,0.0012024048096190842,-0.0021376085504343223
2026-08-09 22:00:00+00:00,NVDA,Fold_3,0.004243534193951737,-0.0005785749254527683,1.1211905151435126,0.00482703137570395,0.476401618489624,0.9885513799574497,4.4480028467352994e-05,-0.001200960768614756
2026-08-09 23:00:00+00:00,NVDA,Fold_3,0.005321051690216461,-0.0008457977207978473,1.39493987421813,0.00487172611066411,0.47161777175867253,0.986766906458845,-0.0033803318062537446,-0.00080060490148115
2026-08-10 00:00:00+00:00,NVDA,Fold_3,-0.0011590068203094495,0.0021376085504343223,-0.3041914627480999,0.001474926253687281,0.14135159195910868,0.8647374736136506,0.0021421877091980512,0.002499218994064467
2026-08-10 01:00:00+00:00,NVDA,Fold_3,-0.0006230806889491181,0.001200960768614756,-0.14870136111216206,0.003620273531778073,0.3120389061584762,1.027224975499988,0.00044533511467381715,
2026-08-10 02:00:00+00:00,NVDA,Fold_3,4.451566951568786e-05,0.00080060490148115,0.01032102530230289,0.004067220881380118,0.336925892904871,1.065825580118899,-8.902737591809373e-05,
2026-08-10 03:00:00+00:00,NVDA,Fold_3,0.0003562680917390537,-0.002499218994064467,0.08283307975197976,0.003977831411459576,0.32698532389886154,1.0752078031630885,,
2026-08-15 04:00:00+00:00,NVDA,Fold_3,-0.002641361768734085,0.002091119416266274,-0.8286711128762603,-0.0004901960784314818,-0.3767035994943188,0.3660821161426583,-0.0007579473003700432,-4.4585135315799995e-05
2026-08-15 05:00:00+00:00,NVDA,Fold_3,-0.0026699893200426983,0.0023592254618295394,-0.8365040424787443,-0.0012477718360071055,-0.6771023576451576,0.3619879057329446,0.0007585222202390884,0.0004461895413170325
2026-08-15 06:00:00+00:00,NVDA,Fold_3,-0.0019268165697325923,0.0004901960784314818,-0.6048365991960623,-0.0004901960784314818,-0.2176118398665905,0.3654881140473475,-4.4585135315799995e-05,0.00013375540594773305
2026-08-15 07:00:00+00:00,NVDA,Fold_3,-0.0021356113187399606,4.4585135315799995e-05,-0.6689368358789127,-0.0005347593582888388,-0.20514782677258578,0.5176708843203763,-0.0002675227394328683,0.00040128410914919144
2026-08-15 08:00:00+00:00,NVDA,Fold_3,-0.0019140885822390707,-0.0004461895413170325,-0.5994346398714648,-0.0008021390374332027,-0.27518203567643645,0.498243259895207,0.0004459905450004964,0.0015163678530014657
2026-08-15 09:00:00+00:00,NVDA,Fold_3,-0.00035650623885918886,-0.00013375540594773305,-0.12022873818883073,-0.00035650623885918886,-0.12022873818883073,0.5342284929137676,0.00022289586305279663,-8.915834522105204e-05
2026-08-15 10:00:00+00:00,NVDA,Fold_3,0.0003566810825270661,-0.00040128410914919144,0.12065844882349783,-0.00013368983957218195,-0.04186997186109139,0.47477660979944036,0.0008468155279226508,-0.0015153541025983985
2026-08-15 11:00:00+00:00,NVDA,Fold_3,0.0019632339817954314,-0.0015163678530014657,0.6995533176845229,0.0007130124777183777,0.2200272747733396,0.4701415296053261,-0.0011578197363733,-0.0018257926612040842
2026-08-15 12:00:00+00:00,NVDA,Fold_3,4.458513531591102e-05,8.915834522105204e-05,0.01636261374754099,-0.0004456327985739028,-0.13353469151378908,0.3965502357970901,-0.0012037449843959047,0.0037004012483281556
2026-08-15 13:00:00+00:00,NVDA,Fold_3,-0.0011146780809702106,0.0015153541025983985,-0.4130082647537319,-0.0016488413547237624,-0.47322074822439425,0.6260907765721453,0.0005356425478730831,0.004642235414899831
2026-08-15 14:00:00+00:00,NVDA,Fold_3,-0.00031219338150023646,0.0018257926612040842,-0.1159826019590971,-0.0011140819964349236,-0.3056789933096149,0.7743298554795915,0.00437207227303138,0.003658264554985413
2026-08-15 15:00:00+00:00,NVDA,Fold_3,0.0036109129814549945,-0.0037004012483281556,1.4580157918833427,0.0032531194295899457,0.9288171269657883,0.8875208750325058,-0.000266512681561748,0.0003553502420823307
2026-08-15 16:00:00+00:00,NVDA,Fold_3,0.003119846681820082,-0.004642235414899831,1.0942372035919172,0.002985739750445582,0.7114331923571949,1.7513907778605344,-0.00044430621584390373,0.0020438085928822236
2026-08-15 17:00:00+00:00,NVDA,Fold_3,0.0018257926612041953,-0.003658264554985413,0.64732715414487,0.002540106951871568,0.589570817290376,1.7945966939851543,0.0010668089078544885,0.0027114726407966305
2026-08-15 18:00:00+00:00,NVDA,Fold_3,0.004057066428889922,-0.0003553502420823307,1.4741570984253123,0.0036096256684492456,0.8295141739535792,1.8626426039369977,0.0014208960525732284,0.0013764930509303497
2026-08-15 19:00:00+00:00,NVDA,Fold_3,0.006695531848413205,-0.0020438085928822236,2.426539184607079,0.005035650623886001,1.1175667019445705,1.7535740996178117,0.00022169999556598263,0.000620759987584707
2026-08-15 20:00:00+00:00,NVDA,Fold_3,0.0063796564800358,-0.0027114726407966305,2.2419347407687362,0.005258467023173008,1.097832268373993,1.5097170632331005,-0.0002659810266867346,-0.0010195939356326678
2026-08-15 21:00:00+00:00,NVDA,Fold_3,0.001732332430151473,-0.0013764930509303497,0.6168477741017149,0.004991087344028644,1.0260802041223984,1.5517257188890998,0.0006651294785384732,4.4341965235839e-05
2026-08-15 22:00:00+00:00,NVDA,Fold_3,0.0026658372950636444,-0.000620759987584707,0.9472569182356246,0.005659536541889443,1.1300921012504035,0.6792369681148429,-0.0014179997341250417,-0.0003544999335312049
2026-08-15 23:00:00+00:00,NVDA,Fold_3,0.0016891141041026625,0.0010195939356326678,0.6024472280955552,0.004233511586452687,0.8270302640613453,0.6459896258658837,0.0007987574883514537,0.0
2026-08-16 00:00:00+00:00,NVDA,Fold_3,0.0014208960525732284,-4.4341965235839e-05,0.493374100349939,0.005035650623886001,0.9346211582034795,0.8718423025739109,0.00026603999467922357,-0.0004877399902452062
2026-08-16 01:00:00+00:00,NVDA,Fold_3,0.00026603999467922357,0.0003544999335312049,0.09176104348391642,0.005303030303030365,0.9552120814060027,0.8357519663240757,-0.0010638769449000662,0.00026596923622501656
2026-08-16 02:00:00+00:00,NVDA,Fold_3,-0.0010195939356326678,-0.0,-0.35160279631901037,0.004233511586452687,0.7456543170130668,0.6830946372009,0.00031062791213654073,0.0027069003771911238
2026-08-16 03:00:00+00:00,NVDA,Fold_3,-0.0004434196523590561,0.0004877399902452062,-0.15046715111425957,0.004545454545454408,0.7712125436200438,0.7610573046264759,0.0010203176293142047,0.0021293585307426977
2026-08-16 04:00:00+00:00,NVDA,Fold_3,-8.86249833826902e-05,-0.00026596923622501656,-0.030821988477809415,0.005570409982174729,0.9490678642131717,0.795293580456731,0.0013738089962331834,0.0020828717039662603
2026-08-16 05:00:00+00:00,NVDA,Fold_3,0.0027069003771911238,-0.0027069003771911238,0.9394398085373111,0.006951871657754127,1.159010535450069,0.8490539203228489,-0.00026553372278281806,-0.0014604354753053883
2026-08-16 06:00:00+00:00,NVDA,Fold_3,0.0016405799671883603,-0.0021293585307426977,0.5689526236670517,0.006684491978609541,1.0928004115470422,0.7253405782898348,0.0009738822487825871,-0.0005312084993359667
2026-08-16 07:00:00+00:00,NVDA,Fold_3,0.0023493949199875352,-0.0020828717039662603,0.8128501884679035,0.007664884135472283,1.2275994614947208,0.7435637663254625,-0.0021669909782416896,-0.0015478506987439689
2026-08-16 08:00:00+00:00,NVDA,Fold_3,0.001242511648546607,0.0014604354753053883,0.4279228888661505,0.005481283422459793,0.858665339941293,0.7783048026509847,0.0006648052120727943,0.00208305633116157
2026-08-16 09:00:00+00:00,NVDA,Fold_3,0.0015970188980569677,0.0005312084993359667,0.506644368223563,0.006149732620320814,0.8724979109683425,1.0120561651337474,-4.4290902648569386e-05,-0.0016387633979980665
2026-08-16 10:00:00+00:00,NVDA,Fold_3,0.0005317970307998632,0.0015478506987439689,0.1684300881409003,0.006105169340463457,0.850680074774915,1.020897008094526,0.0014616645258447303,-0.0017717145767817133
2026-08-16 11:00:00+00:00,NVDA,Fold_3,0.0006195786864930941,-0.00208305633116157,0.1959907807988452,0.007575757575757569,1.0376858108261602,0.9800032066112211,-0.0030517470145953185,-0.0018575851393188847
2026-08-16 12:00:00+00:00,NVDA,Fold_3,-0.002169101372288651,0.0016387633979980665,-0.6766444494075674,0.004500891265597051,0.5986842747202074,0.9803511472203424,-0.00017745441639671622,0.00022181802049603405
2026-08-16 13:00:00+00:00,NVDA,Fold_3,-0.003316822925880092,0.0017717145767817133,-0.9344309481958483,0.004322638146167623,0.5115757804987732,1.2633706174170105,0.0013755158184318717,-0.00022185739006974625
2026-08-16 14:00:00+00:00,NVDA,Fold_3,0.00022160173735774613,0.0018575851393188847,0.06368632043554376,0.0057040998217468,0.6787373004657478,1.210749255378869,-0.0009748316199928997,0.0
2026-08-16 15:00:00+00:00,NVDA,Fold_3,-0.0014173088847549975,-0.00022181802049603405,-0.4023389686471636,0.004723707664884058,0.5474380451772705,1.1555523466176345,-0.0006209527188858477,0.0017297968597533853
2026-08-16 16:00:00+00:00,NVDA,Fold_3,-0.0019931788988795107,0.00022185739006974625,-0.6980327280707013,0.004099821746880616,0.5781882246757916,1.435105176142222,0.0015977276761938164,0.00035505059470986033
2026-08-16 17:00:00+00:00,NVDA,Fold_3,-0.0018575851393188847,-0.0,-0.6469029791237164,0.0057040998217468,0.7893350122129134,1.4299687130049064,0.0007532789790853922,-0.0010191421481744456
2026-08-16 18:00:00+00:00,NVDA,Fold_3,0.0019519985803646556,-0.0017297968597533853,0.659343709102958,0.0064616755793225344,0.856092792522647,1.4115992353258704,-0.0019924728802301894,-0.0018596413548814805
2026-08-16 19:00:00+00:00,NVDA,Fold_3,0.00013311443404173673,-0.00035505059470986033,0.04529609129373273,0.004456327985739694,0.587297773309549,0.8933500762646773,0.00022182786157931567,
2026-08-16 20:00:00+00:00,NVDA,Fold_3,-0.0010191421481744456,0.0010191421481744456,-0.3354465256685861,0.004679144385026701,0.5891673596226283,1.1580053533206365,-8.871146595690327e-05,
2026-08-16 21:00:00+00:00,NVDA,Fold_3,-0.0001330612969041578,0.0018596413548814805,-0.04379655016878104,0.004590017825311987,0.571022870353224,1.0389758634780095,,
2026-08-16 22:00:00+00:00,NVDA,Fold_3,,,,,,0.9901918045277889,,
2026-08-16 23:00:00+00:00,NVDA,Fold_3,,,,0.004411764705882337,0.5284890979785707,1.058556063268216,0.0011091885176803817,0.0012422911398022318
2026-08-17 00:00:00+00:00,NVDA,Fold_3,,,,0.00552584670231715,0.6583769546544623,0.9556070237829466,4.431838326546256e-05,0.001063641198369103
2026-08-17 01:00:00+00:00,NVDA,Fold_3,,,,0.005570409982174729,0.6507426645184449,1.0347434811757013,8.863283846660686e-05,
2026-08-17 02:00:00+00:00,NVDA,Fold_3,,-0.0012422911398022318,,0.005659536541889443,0.6546441341060524,0.4283891779655312,0.0009305623255195794,
2026-08-17 03:00:00+00:00,NVDA,Fold_3,,-0.001063641198369103,,0.006595365418894827,0.7692331500617023,0.4463567495674475,,
2026-08-22 04:00:00+00:00,NVDA,Fold_3,0.0028783658310120863,-0.002133976619038913,0.3867119823255051,0.004417166503928982,1.4536539535627553,0.3536481554320582,-9.258401999823196e-05,0.0003240440699934233
2026-08-22 05:00:00+00:00,NVDA,Fold_3,0.00294848280825577,-0.00404406637846888,0.3762231137651483,0.004324173524898889,0.9556758564442892,0.6680539441455956,0.0011111111111110628,0.0010648148148146852
2026-08-22 06:00:00+00:00,NVDA,Fold_3,0.003946329913180779,-0.005440089273260007,0.5041178824294742,0.005440089273260007,0.9827877585440582,0.6675522229738722,-0.0006936736958934597,-0.006104328523862446
2026-08-22 07:00:00+00:00,NVDA,Fold_3,0.002458712191501178,-0.0003240440699934233,0.31298859406047264,0.004742641930534308,0.7394124907830035,0.6663267359625415,0.0006478781988985549,-0.004442593363876202
2026-08-22 08:00:00+00:00,NVDA,Fold_3,0.005113187375075601,-0.0010648148148146852,0.6544763746336819,0.005393592783744738,0.7562598481615732,0.6908645853443617,-0.006058363779309128,-0.005688387365305414
2026-08-22 09:00:00+00:00,NVDA,Fold_3,-0.0006974473427256989,0.006104328523862446,-0.0899775187290056,-0.0006974473427256989,-0.0899775187290056,0.5891580938562021,0.0009771077610274403,0.0015819839940443003
2026-08-22 10:00:00+00:00,NVDA,Fold_3,-0.004119988889917714,0.004442593363876202,-0.5185156134104177,0.00027897893709027954,0.03250602116881483,1.0525283367905638,-0.0006042857806907165,0.0023241760795797983
2026-08-22 11:00:00+00:00,NVDA,Fold_3,-0.00462962962962965,0.005688387365305414,-0.5831157426271614,-0.0003254754266052151,-0.03550237068163779,0.8391448086222634,0.0012093023255812518,0.0032093023255814757
2026-08-22 12:00:00+00:00,NVDA,Fold_3,-0.004532001479837344,-0.0015819839940443003,-0.5804731775508359,0.0008834333007858852,0.09238899651104829,0.8488514853344484,0.0017188516212951477,0.0006503762891387765
2026-08-22 13:00:00+00:00,NVDA,Fold_3,-0.0021287426535240295,-0.0023241760795797983,-0.2708873984788482,0.002603803412842387,0.2566548392222426,0.8476823561068174,0.0002782544172887924,-0.002504289755599798
2026-08-22 14:00:00+00:00,NVDA,Fold_3,-0.0024973407945243498,-0.0032093023255814757,-0.34392478963668316,0.0028827823499326666,0.2932086685358144,0.9790690148366782,-0.0013445222309795835,-0.0036626640085307693
2026-08-22 15:00:00+00:00,NVDA,Fold_3,0.002233389168062594,-0.0006503762891387765,0.3616871679797503,0.0015343841539965375,0.1757064897349124,1.1427465857447634,-0.0014391829155060432,-0.0023676880222842644
2026-08-22 16:00:00+00:00,NVDA,Fold_3,-0.00018593408636635722,0.002504289755599798,-0.03484246999879109,9.299297903009318e-05,0.011838700404669146,0.5348881029588816,-0.0008833511553303364,0.0026965456320608983
2026-08-22 17:00:00+00:00,NVDA,Fold_3,-0.00046511627906975495,0.0036626640085307693,-0.09380927700087986,-0.000790440321755681,-0.10436741871983217,0.6529127636705556,-4.653327128900653e-05,0.0026523964634712627
2026-08-22 18:00:00+00:00,NVDA,Fold_3,-0.0017188516212951477,0.0023676880222842644,-0.3576760987693263,-0.0008369368112707276,-0.11014738663350564,0.688330746392321,0.003629764065335772,0.003815905812276199
2026-08-22 19:00:00+00:00,NVDA,Fold_3,0.00018550294485919494,-0.0026965456320608983,0.03963119301731565,0.0027897893709025734,0.36498363049923593,0.6280759141991019,-0.000927342699494571,9.273426994949041e-05
2026-08-22 20:00:00+00:00,NVDA,Fold_3,-0.0010199823821225307,-0.0026523964634712627,-0.21119067110421297,0.0018598595806016416,0.22877753726377398,0.9598281651474961,0.0011138441546387767,0.0012530746739685128
2026-08-22 21:00:00+00:00,NVDA,Fold_3,0.0014391829155060432,-0.003815905812276199,0.29899997495073,0.0029757753289627598,0.3569395473703434,0.979577939250799,-9.271707384916894e-05,0.00041722683232126023
2026-08-22 22:00:00+00:00,NVDA,Fold_3,0.0027895299642008986,-9.273426994949041e-05,0.5768007831079573,0.0028827823499326666,0.33496967326361776,0.9551177468859983,0.00023181417775508528,0.002179053270898068
2026-08-22 23:00:00+00:00,NVDA,Fold_3,0.003908794788273662,-0.0012530746739685128,0.8123177145918828,0.0031152647975078995,0.35459993249197735,0.8747959262611815,0.0002781125428756859,0.002317604523964123
2026-08-23 00:00:00+00:00,NVDA,Fold_3,0.004234724742891771,-0.00041722683232126023,0.8801748425461996,0.003394243734598179,0.37709673105863684,0.8143935357625943,0.0016682113067654214,0.0023169601482855295
2026-08-23 01:00:00+00:00,NVDA,Fold_3,0.002271989613761738,-0.002179053270898068,0.47212332173386473,0.005068117357139634,0.5499966699124352,0.802505206328635,0.0003700962250186013,0.002128053293856347
2026-08-23 02:00:00+00:00,NVDA,Fold_3,0.0035735833294658903,-0.002317604523964123,0.7344299774912226,0.005440089273260007,0.5710369560977427,0.4593437003474117,0.0002774694783573839,0.0017110617832039043
2026-08-23 03:00:00+00:00,NVDA,Fold_3,0.0027351536785498176,-0.0023169601482855295,0.5770371184033487,0.0057190682103502866,0.60327773644559,0.3409776186535125,0.001479426722145183,0.0017568192325474463
2026-08-23 04:00:00+00:00,NVDA,Fold_3,0.004311743706245208,-0.002128053293856347,0.9109973961666722,0.007206955874831555,0.7459705484155867,0.3183325641786939,-4.6163789123809806e-05,0.0005539654694857177
2026-08-23 05:00:00+00:00,NVDA,Fold_3,0.004032631871697445,-0.0017110617832039043,0.946422677960048,0.007160459385316509,0.8072840964228597,0.3837168904594143,0.00032316144222321874,0.0018928027330225028
2026-08-23 06:00:00+00:00,NVDA,Fold_3,0.004077849860982363,-0.0017568192325474463,0.9571545639665983,0.007485934811921835,0.8283056557046323,0.4115642255415342,0.00027690603655150525,0.0012922281705740613
2026-08-23 07:00:00+00:00,NVDA,Fold_3,0.0026831976313841377,-0.0005539654694857177,0.634230938467577,0.0077649137490121145,0.8496264169879276,0.4117221818753272,0.0012918704438498185,0.0005997969917874713
2026-08-23 08:00:00+00:00,NVDA,Fold_3,0.0036071032186459906,-0.0018928027330225028,0.8564374072489795,0.009066815455433197,0.9791933616143913,0.3064279370129079,-0.00027647221454241144,0.0005068657266611432
2026-08-23 09:00:00+00:00,NVDA,Fold_3,0.0030513176144244536,-0.0012922281705740613,0.7188490038720305,0.008787836518342917,0.9258640599738629,0.36080807281021704,-0.0004148230088495408,0.004655235988200612
2026-08-23 10:00:00+00:00,NVDA,Fold_3,0.0011540947280952452,-0.0005997969917874713,0.41762955972621146,0.008369368112707498,1.3324079688377077,0.6352631714432359,0.0011988749020150902,0.005348826485913172
2026-08-23 11:00:00+00:00,NVDA,Fold_3,0.002400627856516291,-0.0005068657266611432,0.8652533074951109,0.009578276840098487,1.494880401367552,0.5411532596894573,0.003868650117441197,0.007645189517800466
2026-08-23 12:00:00+00:00,NVDA,Fold_3,0.005953479785859361,-0.004655235988200612,2.1559144609804215,0.013483981959362179,2.0820802292367784,0.6367142153526365,0.00027526723861082125,0.0007799238427306232
2026-08-23 13:00:00+00:00,NVDA,Fold_3,0.005951831687736497,-0.005348826485913172,1.8367120846607374,0.013762960896452459,1.7841792523977418,1.195539361959555,0.0034857588405265982,0.0022932623950833175
2026-08-23 14:00:00+00:00,NVDA,Fold_3,0.008155930329001748,-0.007645189517800466,2.5637362963077472,0.017296694099595555,2.2511506138626167,1.2179064838216236,-0.0029708853238265,-0.0007312948489418547
2026-08-23 15:00:00+00:00,NVDA,Fold_3,0.005438790560471807,-0.0007799238427306232,1.5454598958862078,0.014274422281117749,1.6559160662096417,1.3148515787643305,0.0017878426698452188,0.0045383698542220685
2026-08-23 16:00:00+00:00,NVDA,Fold_3,0.007654355143634328,-0.0022932623950833175,1.9969226499373205,0.016087785372204344,1.6901438179501571,1.6340163810397659,0.00045760307509268294,0.003798105523269202
2026-08-23 17:00:00+00:00,NVDA,Fold_3,0.006908303781145042,0.0007312948489418547,1.8473890348793391,0.01655275026735481,1.7588990916129164,1.6286548088393134,0.0022869688514841613,0.0034761926542559163
2026-08-23 18:00:00+00:00,NVDA,Fold_3,0.005321833279809063,-0.0045383698542220685,1.45643126979561,0.018877574743106917,2.026367679471375,1.6820397902472801,0.0010496052571533632,0.001460320357778544
2026-08-23 19:00:00+00:00,NVDA,Fold_3,0.006100077970921491,-0.003798105523269202,1.6431580143431386,0.01994699400195299,2.080975800254636,1.4744039685076546,0.00013676148796482046,-0.0020514223194748604
2026-08-23 20:00:00+00:00,NVDA,Fold_3,0.002742355683532205,-0.0034761926542559163,0.8031816049368267,0.020086483470497907,2.250492551166441,1.58866377833779,0.0002734855736359343,-0.006335749122567069
2026-08-23 21:00:00+00:00,NVDA,Fold_3,0.006005317685889855,-0.001460320357778544,1.8079590519919557,0.020365462407588186,2.317383223274664,1.3726758528292713,-0.0024606971975392744,-0.012257917521075412
2026-08-23 22:00:00+00:00,NVDA,Fold_3,0.0017388916853520175,0.0020514223194748604,0.523082037969257,0.017854651973775892,2.0062731587287788,0.6462913315186085,-0.004156959481065314,-0.010872047873555335
2026-08-23 23:00:00+00:00,NVDA,Fold_3,-0.00288158075287015,0.006335749122567069,-0.7856133985592547,0.013623471427907319,1.371561099966146,1.0424301311599091,-0.0056880733944955075,-0.006376146788990789
2026-08-24 00:00:00+00:00,NVDA,Fold_3,-0.010815497649796946,0.012257917521075412,-2.4711865036618645,0.007857906728041986,0.6555944282496244,1.3335531368627573,-0.0010610813803284547,-0.003967521682967323
2026-08-24 01:00:00+00:00,NVDA,Fold_3,-0.012901167031364014,0.010872047873555335,-2.414713004303327,0.006788487469196136,0.45888752659840104,1.2518731454045446,0.0003694638156375163,
2026-08-24 02:00:00+00:00,NVDA,Fold_3,-0.012671498245134138,0.006376146788990789,-2.38203765808653,0.007160459385316509,0.4809370522942195,1.1076094346475618,-0.0032777803425512175,
2026-08-24 03:00:00+00:00,NVDA,Fold_3,-0.016176805650489734,0.003967521682967323,-3.0409842670653076,0.003859208629748423,0.25649249915966005,1.1287309672967187,,
2026-06-27 06:00:00+00:00,GOOGL,Fold_1,,,,,,,,
2026-06-27 07:00:00+00:00,GOOGL,Fold_1,,,,,,,,
2026-06-27 08:00:00+00:00,GOOGL,Fold_1,,,,,,,,
2026-06-27 09:00:00+00:00,GOOGL,Fold_1,,,,,,,,
2026-06-27 10:00:00+00:00,GOOGL,Fold_1,,,,,,,,
2026-06-27 11:00:00+00:00,GOOGL,Fold_1,,,,,,,,
2026-06-27 12:00:00+00:00,GOOGL,Fold_1,,,,,,,,
2026-06-27 13:00:00+00:00,GOOGL,Fold_1,,,,,,,0.0,-0.0002040637845086568
2026-06-27 14:00:00+00:00,GOOGL,Fold_1,,,,,,,-0.0004372795382326933,-0.0005830393843103687
2026-06-27 15:00:00+00:00,GOOGL,Fold_1,,,,,,,0.00023331777881474558,
2026-06-27 16:00:00+00:00,GOOGL,Fold_1,,0.0002040637845086568,,,,,-0.0003790529507814444,
2026-06-27 17:00:00+00:00,GOOGL,Fold_1,,0.0005830393843103687,,,,,,
2026-06-27 18:00:00+00:00,GOOGL,Fold_1,,,,,,,,
2026-06-27 19:00:00+00:00,GOOGL,Fold_1,,,,,,,,
2026-06-27 20:00:00+00:00,GOOGL,Fold_1,,,,,,,,
2026-06-27 21:00:00+00:00,GOOGL,Fold_1,,,,,,,,
2026-06-27 22:00:00+00:00,GOOGL,Fold_1,,,,,,,,
2026-06-27 23:00:00+00:00,GOOGL,Fold_1,,,,,,,,
2026-06-28 00:00:00+00:00,GOOGL,Fold_1,,,,,,,,
2026-06-28 01:00:00+00:00,GOOGL,Fold_1,,,,,,,,
2026-06-28 02:00:00+00:00,GOOGL,Fold_1,,,,,,,,
2026-06-28 03:00:00+00:00,GOOGL,Fold_1,,,,,,,-0.001249636733507753,
2026-06-28 04:00:00+00:00,GOOGL,Fold_1,,,,,,,-0.002618791282334887,
2026-06-28 05:00:00+00:00,GOOGL,Fold_1,,,,,,,,
2026-06-28 06:00:00+00:00,GOOGL,Fold_1,,,,,,,,
2026-06-28 07:00:00+00:00,GOOGL,Fold_1,,,,,,,-0.0013119533527696792,-0.011836734693877582
2026-06-28 08:00:00+00:00,GOOGL,Fold_1,,,,,,,-0.000145964092833184,-0.013341118084951087
2026-06-28 09:00:00+00:00,GOOGL,Fold_1,,,,,,,-0.010394160583941603,
2026-06-28 10:00:00+00:00,GOOGL,Fold_1,,0.011836734693877582,,,,,-0.0028323597096830966,
2026-06-28 11:00:00+00:00,GOOGL,Fold_1,,0.013341118084951087,,,,,,
2026-06-28 12:00:00+00:00,GOOGL,Fold_1,,,,,,,,
2026-06-28 13:00:00+00:00,GOOGL,Fold_1,,,,,,,0.001124326883247484,0.003106692703710223
2026-06-28 14:00:00+00:00,GOOGL,Fold_1,,,,,,,0.0019801394963943064,0.0013299444378767067
2026-06-28 15:00:00+00:00,GOOGL,Fold_1,,,,,,,0.0,-0.0032150547149218944
2026-06-28 16:00:00+00:00,GOOGL,Fold_1,,-0.003106692703710223,,,,,-0.0006489101259474772,-0.002094209951921555
2026-06-28 17:00:00+00:00,GOOGL,Fold_1,,-0.0013299444378767067,,,,,-0.0025678108674478395,
2026-06-28 18:00:00+00:00,GOOGL,Fold_1,,0.0032150547149218944,,,,,0.0011244599633071228,
2026-06-28 19:00:00+00:00,GOOGL,Fold_1,0.0010059766850107899,0.002094209951921555,,,,,,
2026-06-28 20:00:00+00:00,GOOGL,Fold_1,,,,,,0.5063921874727083,,
2026-06-28 21:00:00+00:00,GOOGL,Fold_1,,,,,,0.5423255599685618,,
2026-06-28 22:00:00+00:00,GOOGL,Fold_1,,,,,,0.4806163989991724,,
2026-06-28 23:00:00+00:00,GOOGL,Fold_1,,,,,,,,
2026-06-29 00:00:00+00:00,GOOGL,Fold_1,,,,,,,-0.0009415641734832336,0.006296710410168771
2026-06-29 01:00:00+00:00,GOOGL,Fold_1,,,,,,,0.0015314837721622787,
2026-06-29 02:00:00+00:00,GOOGL,Fold_1,,,,,,,0.005704875610186511,
2026-06-29 03:00:00+00:00,GOOGL,Fold_1,,-0.006296710410168771,,,,,,
2026-07-04 04:00:00+00:00,GOOGL,Fold_1,,,,,,,,
2026-07-04 05:00:00+00:00,GOOGL,Fold_1,,,,,,,,
2026-07-04 06:00:00+00:00,GOOGL,Fold_1,,,,,,,,
2026-07-04 07:00:00+00:00,GOOGL,Fold_1,,,,,,,,
2026-07-04 08:00:00+00:00,GOOGL,Fold_1,,,,,,,,
2026-07-04 09:00:00+00:00,GOOGL,Fold_1,,,,,,,,
2026-07-04 10:00:00+00:00,GOOGL,Fold_1,,,,,,,,
2026-07-04 11:00:00+00:00,GOOGL,Fold_1,,,,,,,,
2026-07-04 12:00:00+00:00,GOOGL,Fold_1,,,,,,,,
2026-07-04 13:00:00+00:00,GOOGL,Fold_1,,,,-0.0013977803248441667,,,,
2026-07-04 14:00:00+00:00,GOOGL,Fold_1,,,,,,,,
2026-07-04 15:00:00+00:00,GOOGL,Fold_1,,,,-0.001453691537837809,,,5.599260897559688e-05,
2026-07-04 16:00:00+00:00,GOOGL,Fold_1,,,,-0.0013977803248441667,,,,
2026-07-04 17:00:00+00:00,GOOGL,Fold_1,,,,,,,,
2026-07-04 18:00:00+00:00,GOOGL,Fold_1,,,,,,,,
2026-07-04 19:00:00+00:00,GOOGL,Fold_1,,,,,,,,
2026-07-04 20:00:00+00:00,GOOGL,Fold_1,,,,,,,,
2026-07-04 21:00:00+00:00,GOOGL,Fold_1,,,,,,,,
2026-07-04 22:00:00+00:00,GOOGL,Fold_1,,,,-0.0013977803248441667,,,,
2026-07-04 23:00:00+00:00,GOOGL,Fold_1,,,,,,,,
2026-07-05 00:00:00+00:00,GOOGL,Fold_1,,,,-0.001453691537837809,,,-8.398891346339532e-05,
2026-07-05 01:00:00+00:00,GOOGL,Fold_1,,,,-0.0015375583573283835,,,,
2026-07-05 02:00:00+00:00,GOOGL,Fold_1,,,,,,,,
2026-07-05 03:00:00+00:00,GOOGL,Fold_1,,,,-0.004500852645998088,,,,
2026-07-05 04:00:00+00:00,GOOGL,Fold_1,,,,,,,,
2026-07-05 05:00:00+00:00,GOOGL,Fold_1,,,,,,,,
2026-07-05 06:00:00+00:00,GOOGL,Fold_1,,,,,,,,
2026-07-05 07:00:00+00:00,GOOGL,Fold_1,,,,,,,,
2026-07-05 08:00:00+00:00,GOOGL,Fold_1,,,,,,,,
2026-07-05 09:00:00+00:00,GOOGL,Fold_1,,,,-0.004500852645998088,,,0.0008424599831506896,0.0030890199382194172
2026-07-05 10:00:00+00:00,GOOGL,Fold_1,,,,-0.003662184451091677,,,0.0010942760942762586,0.0030864197530864335
2026-07-05 11:00:00+00:00,GOOGL,Fold_1,,,,-0.002571915797713098,,,0.0011491353457215858,
2026-07-05 12:00:00+00:00,GOOGL,Fold_1,,-0.0030890199382194172,,-0.0014257359313409879,,,0.0008398656215005129,
2026-07-05 13:00:00+00:00,GOOGL,Fold_1,,-0.0030864197530864335,,-0.0005870677364344656,,,,
2026-07-05 14:00:00+00:00,GOOGL,Fold_1,,,,,,,,
2026-07-05 15:00:00+00:00,GOOGL,Fold_1,,,,,,,,
2026-07-05 16:00:00+00:00,GOOGL,Fold_1,,,,,,,,
2026-07-05 17:00:00+00:00,GOOGL,Fold_1,,,,,,,,
2026-07-05 18:00:00+00:00,GOOGL,Fold_1,,,,,,,,
2026-07-05 19:00:00+00:00,GOOGL,Fold_1,,,,,,,,
2026-07-05 20:00:00+00:00,GOOGL,Fold_1,,,,,,,,
2026-07-05 21:00:00+00:00,GOOGL,Fold_1,,,,0.00019568924547819222,,,0.00011180054782267135,0.00788193862149944
2026-07-05 22:00:00+00:00,GOOGL,Fold_1,,,,0.0003075116714656989,,,0.00044715219943003426,0.006316024816947152
2026-07-05 23:00:00+00:00,GOOGL,Fold_1,,,,0.0007548013754159477,,,0.007318844628191545,0.003547684228169201
2026-07-06 00:00:00+00:00,GOOGL,Fold_1,,-0.00788193862149944,,0.008079170277599301,,,-0.001442041042706732,-0.004714364947310146
2026-07-06 01:00:00+00:00,GOOGL,Fold_1,,-0.006316024816947152,,0.00662547873976127,,,-0.0023050433237058465,
2026-07-06 02:00:00+00:00,GOOGL,Fold_1,,-0.003547684228169201,,0.004305163400520007,,,-0.0009742519137091454,
2026-07-06 03:00:00+00:00,GOOGL,Fold_1,0.003130415339035242,0.004714364947310146,,0.0033267171731290457,,,,
2026-07-11 04:00:00+00:00,GOOGL,Fold_1,,,,,,,,
2026-07-11 05:00:00+00:00,GOOGL,Fold_1,,,,,,,,
2026-07-11 06:00:00+00:00,GOOGL,Fold_1,,,,,,,,
2026-07-11 07:00:00+00:00,GOOGL,Fold_1,,,,,,,,
2026-07-11 08:00:00+00:00,GOOGL,Fold_1,,,,,,,,
2026-07-11 09:00:00+00:00,GOOGL,Fold_1,,,,,,,,
2026-07-11 10:00:00+00:00,GOOGL,Fold_1,,,,,,,,
2026-07-11 11:00:00+00:00,GOOGL,Fold_1,,,,,,,,
2026-07-11 12:00:00+00:00,GOOGL,Fold_1,,,,,,,,
2026-07-11 13:00:00+00:00,GOOGL,Fold_1,,,,-0.001763470958712321,-0.1463882179846339,,0.0008412315630081935,
2026-07-11 14:00:00+00:00,GOOGL,Fold_1,,,,-0.0009237228831350253,,,,
2026-07-11 15:00:00+00:00,GOOGL,Fold_1,,,,,,,,
2026-07-11 16:00:00+00:00,GOOGL,Fold_1,,,,-0.0009237228831350253,,,,
2026-07-11 17:00:00+00:00,GOOGL,Fold_1,,,,,,,,
2026-07-11 18:00:00+00:00,GOOGL,Fold_1,,,,,,,,
2026-07-11 19:00:00+00:00,GOOGL,Fold_1,,,,,,,,
2026-07-11 20:00:00+00:00,GOOGL,Fold_1,,,,-0.0009237228831350253,,,-0.001456909111285598,
2026-07-11 21:00:00+00:00,GOOGL,Fold_1,,,,-0.002379286214135856,,,0.0023849607182941934,
2026-07-11 22:00:00+00:00,GOOGL,Fold_1,,,,0.0,,,,
2026-07-11 23:00:00+00:00,GOOGL,Fold_1,,,,,,,,
2026-07-12 00:00:00+00:00,GOOGL,Fold_1,,,,,,,,
2026-07-12 01:00:00+00:00,GOOGL,Fold_1,,,,5.5983205038412365e-05,,,,
2026-07-12 02:00:00+00:00,GOOGL,Fold_1,,,,,,,,
2026-07-12 03:00:00+00:00,GOOGL,Fold_1,,,,5.5983205038412365e-05,,,5.598007109486325e-05,0.00019593024883146626
2026-07-12 04:00:00+00:00,GOOGL,Fold_1,,,,0.00011196641007704677,,,0.00033586162501042516,
2026-07-12 05:00:00+00:00,GOOGL,Fold_1,,,,0.00044786564030796505,,,-0.00019585350158091153,
2026-07-12 06:00:00+00:00,GOOGL,Fold_1,,-0.00019593024883146626,,0.0002519244226730777,,,,
2026-07-12 07:00:00+00:00,GOOGL,Fold_1,,,,,,,,
2026-07-12 08:00:00+00:00,GOOGL,Fold_1,,,,,,,,
2026-07-12 09:00:00+00:00,GOOGL,Fold_1,,,,,,,,
2026-07-12 10:00:00+00:00,GOOGL,Fold_1,,,,-5.5983205038412365e-05,,,,
2026-07-12 11:00:00+00:00,GOOGL,Fold_1,,,,,,,,
2026-07-12 12:00:00+00:00,GOOGL,Fold_1,,,,,,,,
2026-07-12 13:00:00+00:00,GOOGL,Fold_1,,,,-0.0009797060881736597,,,0.0008125525357243202,
2026-07-12 14:00:00+00:00,GOOGL,Fold_1,,,,-0.00016794961511545914,,,,
2026-07-12 15:00:00+00:00,GOOGL,Fold_1,,,,,,,,
2026-07-12 16:00:00+00:00,GOOGL,Fold_1,,,,,,,,
2026-07-12 17:00:00+00:00,GOOGL,Fold_1,,,,-0.00013995801259625296,,,,
2026-07-12 18:00:00+00:00,GOOGL,Fold_1,,,,,,,,
2026-07-12 19:00:00+00:00,GOOGL,Fold_1,,,,,,,,
2026-07-12 20:00:00+00:00,GOOGL,Fold_1,,,,,,,,
2026-07-12 21:00:00+00:00,GOOGL,Fold_1,,,,,,,,
2026-07-12 22:00:00+00:00,GOOGL,Fold_1,,,,,,,,
2026-07-12 23:00:00+00:00,GOOGL,Fold_1,,,,-0.002239328201539603,,,-0.0015991022583812242,-0.003534857623790133
2026-07-13 00:00:00+00:00,GOOGL,Fold_1,,,,-0.003834849545136465,,,-0.0008429807800381939,-0.0015735641227380137
2026-07-13 01:00:00+00:00,GOOGL,Fold_1,,,,-0.004674597620713872,,,-0.001096799595027842,
2026-07-13 02:00:00+00:00,GOOGL,Fold_1,,0.003534857623790133,,-0.005766270118964356,,,0.00036600129508146395,
2026-07-13 03:00:00+00:00,GOOGL,Fold_1,,0.0015735641227380137,,-0.005402379286214121,,,,
2026-07-18 04:00:00+00:00,GOOGL,Fold_2,,,,,,0.11144199346546162,,
2026-07-18 05:00:00+00:00,GOOGL,Fold_2,,,,,,,,
2026-07-18 06:00:00+00:00,GOOGL,Fold_2,,,,0.0011260285838023965,0.1062119553388278,,,
2026-07-18 07:00:00+00:00,GOOGL,Fold_2,,,,,,,,
2026-07-18 08:00:00+00:00,GOOGL,Fold_2,,,,0.0011260285838023965,0.08719207082766026,,,
2026-07-18 09:00:00+00:00,GOOGL,Fold_2,,,,,,,,
2026-07-18 10:00:00+00:00,GOOGL,Fold_2,,,,,,,,
2026-07-18 11:00:00+00:00,GOOGL,Fold_2,,,,,,,,
2026-07-18 12:00:00+00:00,GOOGL,Fold_2,,,,,,,,
2026-07-18 13:00:00+00:00,GOOGL,Fold_2,,,,0.0012126461671717603,0.09169726524258036,,0.0003460506964270138,
2026-07-18 14:00:00+00:00,GOOGL,Fold_2,,,,0.0015591165006494379,0.11004551751192497,,,
2026-07-18 15:00:00+00:00,GOOGL,Fold_2,,,,,,,,
2026-07-18 16:00:00+00:00,GOOGL,Fold_2,,,,-5.774505557976095e-05,,,0.0018768226835677027,
2026-07-18 17:00:00+00:00,GOOGL,Fold_2,,,,0.0018189692507579736,,,0.00011528041962072244,
2026-07-18 18:00:00+00:00,GOOGL,Fold_2,,,,0.0019344593619170514,,,,
2026-07-18 19:00:00+00:00,GOOGL,Fold_2,,,,,,,,
2026-07-18 20:00:00+00:00,GOOGL,Fold_2,,,,,,,,
2026-07-18 21:00:00+00:00,GOOGL,Fold_2,,,,,,,,
2026-07-18 22:00:00+00:00,GOOGL,Fold_2,,,,,,,,
2026-07-18 23:00:00+00:00,GOOGL,Fold_2,,,,,,,,
2026-07-19 00:00:00+00:00,GOOGL,Fold_2,,,,,,,,
2026-07-19 01:00:00+00:00,GOOGL,Fold_2,,,,0.0019344593619170514,,,,
2026-07-19 02:00:00+00:00,GOOGL,Fold_2,,,,,,,,
2026-07-19 03:00:00+00:00,GOOGL,Fold_2,,,,,,,,
2026-07-19 04:00:00+00:00,GOOGL,Fold_2,,,,,,,,
2026-07-19 05:00:00+00:00,GOOGL,Fold_2,,,,0.002252057167605015,,,0.0,
2026-07-19 06:00:00+00:00,GOOGL,Fold_2,,,,0.002252057167605015,,,,
2026-07-19 07:00:00+00:00,GOOGL,Fold_2,,,,,,,,
2026-07-19 08:00:00+00:00,GOOGL,Fold_2,,,,,,,,
2026-07-19 09:00:00+00:00,GOOGL,Fold_2,,,,,,,,
2026-07-19 10:00:00+00:00,GOOGL,Fold_2,,,,,,,,
2026-07-19 11:00:00+00:00,GOOGL,Fold_2,,,,,,,,
2026-07-19 12:00:00+00:00,GOOGL,Fold_2,,,,0.002252057167605015,,,2.880765131219043e-05,
2026-07-19 13:00:00+00:00,GOOGL,Fold_2,,,,0.002280929695394729,,,2.8806821455340526e-05,
2026-07-19 14:00:00+00:00,GOOGL,Fold_2,,,,0.002309802223184443,,,,
2026-07-19 15:00:00+00:00,GOOGL,Fold_2,,,,,,,,
2026-07-19 16:00:00+00:00,GOOGL,Fold_2,,,,0.003955536307203689,,,0.0002588289428275825,
2026-07-19 17:00:00+00:00,GOOGL,Fold_2,,,,0.004215389057312002,,,-0.00146631781719897,
2026-07-19 18:00:00+00:00,GOOGL,Fold_2,,,,0.0027428901400317063,,,,
2026-07-19 19:00:00+00:00,GOOGL,Fold_2,,,,,,,,
2026-07-19 20:00:00+00:00,GOOGL,Fold_2,,,,,,,,
2026-07-19 21:00:00+00:00,GOOGL,Fold_2,,,,,,,,
2026-07-19 22:00:00+00:00,GOOGL,Fold_2,,,,,,,,
2026-07-19 23:00:00+00:00,GOOGL,Fold_2,,,,0.004475241807420094,,,0.0,0.0013797068123024836
2026-07-20 00:00:00+00:00,GOOGL,Fold_2,,,,0.004475241807420094,,,2.8743891923088682e-05,0.0008623167576891078
2026-07-20 01:00:00+00:00,GOOGL,Fold_2,,,,0.00450411433521003,,,0.0013509240895632768,
2026-07-20 02:00:00+00:00,GOOGL,Fold_2,,-0.0013797068123024836,,0.005861123141331026,,,-0.0005166771915724455,
2026-07-20 03:00:00+00:00,GOOGL,Fold_2,,-0.0008623167576891078,,0.005341417641114399,,,,
2026-07-25 04:00:00+00:00,GOOGL,Fold_2,,,,-0.00034478435305917987,-0.09044209973796134,0.20191013982805409,0.0,9.406452826632439e-05
2026-07-25 05:00:00+00:00,GOOGL,Fold_2,,-0.0001254351030135492,,-0.00034478435305917987,-0.06499250390124732,0.2047433023469607,0.0003762581130655196,-0.001410967923995865
2026-07-25 06:00:00+00:00,GOOGL,Fold_2,,-3.13440320962588e-05,,3.13440320962588e-05,0.004835808054734648,0.19833168774551135,-0.00028208744710866984,-0.0004388026955022273
2026-07-25 07:00:00+00:00,GOOGL,Fold_2,,-9.406452826632439e-05,,-0.00025075225677040347,-0.03350954448183088,0.09985402452913454,-0.0015048908954099494,-0.00015675946827176102
2026-07-25 08:00:00+00:00,GOOGL,Fold_2,-0.001285709805889046,0.001410967923995865,-0.1407514006988053,-0.0017552657973921582,-0.21049572624359686,0.09958066506859178,0.0013501632755590354,
2026-07-25 09:00:00+00:00,GOOGL,Fold_2,-0.00040747241725169747,0.0004388026955022273,-0.04621699761036623,-0.00040747241725169747,-0.04621699761036623,0.19843825271946375,0.0,
2026-07-25 10:00:00+00:00,GOOGL,Fold_2,-6.270968551091993e-05,0.00015675946827176102,-0.007082157559676616,-0.00040747241725169747,-0.042604530378422094,0.2595143793146803,,
2026-07-25 11:00:00+00:00,GOOGL,Fold_2,,,,,,0.25958531192413076,,
2026-07-25 12:00:00+00:00,GOOGL,Fold_2,,,,,,0.2840421567772133,,
2026-07-25 13:00:00+00:00,GOOGL,Fold_2,,,,-0.0022254262788365953,-0.1899563220971968,0.31630251013507077,-0.00012565576602885375,-0.001036660069738904
2026-07-25 14:00:00+00:00,GOOGL,Fold_2,,,,-0.0023508024072216305,-0.3405358216476267,,-0.0007854472336548124,-0.0009111187910396668
2026-07-25 15:00:00+00:00,GOOGL,Fold_2,,,,-0.0031344032096288776,-0.843510381261852,,-0.00012577034335314874,0.0011004905043390245
2026-07-25 16:00:00+00:00,GOOGL,Fold_2,,0.001036660069738904,,-0.003259779338014135,-0.8373476028314292,,0.0,0.0012578616352201255
2026-07-25 17:00:00+00:00,GOOGL,Fold_2,,0.0009111187910396668,,-0.003259779338014135,-0.8690490814441589,,0.001226415094339517,-0.0002830188679244783
2026-07-25 18:00:00+00:00,GOOGL,Fold_2,,-0.0011004905043390245,,-0.0020373620862589314,-0.5854271570724213,0.39595269085040136,3.1408021608614334e-05,-0.0011620967995226161
2026-07-25 19:00:00+00:00,GOOGL,Fold_2,0.00021989759055074387,-0.0012578616352201255,0.10879393927242291,-0.0020060180541626726,-0.6077636234984349,0.8875409904712691,-0.0015389447236179299,
2026-07-25 20:00:00+00:00,GOOGL,Fold_2,-0.0011938797951553948,0.0002830188679244783,-0.6364654029288881,-0.003541875626880575,-1.1217566948215898,0.8553954670518941,0.00034600987700916797,
2026-07-25 21:00:00+00:00,GOOGL,Fold_2,-6.288517167662988e-05,0.0011620967995226161,-0.030820887179819356,-0.0031970912738216173,-0.9046722993621409,1.1093340792013597,,
2026-07-25 22:00:00+00:00,GOOGL,Fold_2,,,,,,1.1105523963057693,,
2026-07-25 23:00:00+00:00,GOOGL,Fold_2,,,,-0.0023508024072216305,-0.6454603045390588,1.2267347098619368,0.0018222375820791115,0.004084325615004936
2026-07-26 00:00:00+00:00,GOOGL,Fold_2,,,,-0.0005328485456369547,-0.14248096411602693,1.4135229661834876,0.002069809013077295,0.004704111393357691
2026-07-26 01:00:00+00:00,GOOGL,Fold_2,,,,0.0015358575727180135,0.36954928142380666,1.555706497433184,0.0001877757956998405,0.0027227490376491303
2026-07-26 02:00:00+00:00,GOOGL,Fold_2,,-0.004084325615004936,,0.0017239217652957883,0.365976571746546,1.690555250546022,0.002440627053412303,0.0012828937075628488
2026-07-26 03:00:00+00:00,GOOGL,Fold_2,,-0.004704111393357691,,0.004168756268806417,0.8914690888814084,1.0233600135546452,9.364172675341287e-05,-0.001935262352904421
2026-07-26 04:00:00+00:00,GOOGL,Fold_2,,-0.0027227490376491303,,0.004262788365095194,0.7842205123412463,0.9148506417650748,-0.0012484394506865337,-0.000811485642946308
2026-07-26 05:00:00+00:00,GOOGL,Fold_2,0.0053724590781991655,-0.0012828937075628488,2.034664781387197,0.0030090270812437314,0.5474378221564593,1.0221380032024072,-0.0007812499999999556,0.00021874999999993427
2026-07-26 06:00:00+00:00,GOOGL,Fold_2,0.0027597453507699488,0.001935262352904421,0.9939792965221038,0.0022254262788363732,0.37784639538085246,1.2702691273124085,0.0012197028928850884,0.002157935887411977
2026-07-26 07:00:00+00:00,GOOGL,Fold_2,0.0019090539229493775,0.000811485642946308,0.6742163038056049,0.0034478435305915767,0.5636703785473413,1.2937027812052013,-0.00021865433872680917,0.0013743987005685465
2026-07-26 08:00:00+00:00,GOOGL,Fold_2,0.0015019243405614002,-0.00021874999999993427,0.5219565866872429,0.003228435305917765,0.510334631943935,1.1451252297856238,0.0011559971256287493,0.002561939575717709
2026-07-26 09:00:00+00:00,GOOGL,Fold_2,0.00021849736242463003,-0.002157935887411977,0.08086473790437017,0.004388164493480451,0.7262913659561756,1.2358316605007693,0.00043689926351264674,0.001778804144301649
2026-07-26 10:00:00+00:00,GOOGL,Fold_2,0.0005617977528089568,-0.0013743987005685465,0.20968114905580865,0.004826980942828296,0.7925921244471713,0.9180057518810776,0.0009669973173622726,0.001528479630669377
2026-07-26 11:00:00+00:00,GOOGL,Fold_2,0.0027812499999999574,-0.002561939575717709,1.0400952351929096,0.005798645937813429,0.9389885711401682,0.9322431575272652,0.00037395992396138666,0.000685593193929579
2026-07-26 12:00:00+00:00,GOOGL,Fold_2,0.003940578577013243,-0.001778804144301649,1.5004646017802044,0.006174774322968757,1.0025487666202932,0.7600606625430262,0.00018691006510707098,0.0003738201302139199
2026-07-26 13:00:00+00:00,GOOGL,Fold_2,0.0029049790716562107,-0.001528479630669377,1.134866439991886,0.006362838515546532,1.0442123211507721,0.5340027951758228,0.00012458342417542845,0.0015884386582365462
2026-07-26 14:00:00+00:00,GOOGL,Fold_2,0.0032492892179836197,-0.000685593193929579,1.2998780206521936,0.006488214643931789,1.074684642672465,0.4960320350209807,6.228395253948804e-05,0.001837376599918894
2026-07-26 15:00:00+00:00,GOOGL,Fold_2,0.002153289227312394,-0.0003738201302139199,0.8649716025676402,0.0065509027081243065,1.074298591213208,0.4168106707739361,0.0014013016535359135,0.000529380624669118
2026-07-26 16:00:00+00:00,GOOGL,Fold_2,0.0031193461850396176,-0.0015884386582365462,1.2911286032197251,0.007961384152457285,1.3269949501072462,0.3358211005403307,0.0003731575346725968,-0.0008707009142359112
2026-07-26 17:00:00+00:00,GOOGL,Fold_2,0.002524229486740026,-0.001837376599918894,1.0294068434802002,0.008337512537612835,1.3510721515756776,0.5424885594276421,-0.0012433944668945873,
2026-07-26 18:00:00+00:00,GOOGL,Fold_2,0.0009033986480173617,-0.000529380624669118,0.370342885572329,0.00708375125376115,1.1390195911626122,0.49942464100325556,0.0,
2026-07-26 19:00:00+00:00,GOOGL,Fold_2,0.0007163546890087691,0.0008707009142359112,0.27943999049230206,0.00708375125376115,1.0702109295975804,0.8070316401957293,,
2026-07-26 20:00:00+00:00,GOOGL,Fold_2,,,,,,0.8084000851822725,,
2026-07-26 21:00:00+00:00,GOOGL,Fold_2,,,,,,0.966141782247805,,
2026-07-26 22:00:00+00:00,GOOGL,Fold_2,,,,0.010939067201604757,1.6605857953527259,1.087176348782692,0.0013332093138622714,-0.001953306669147059
2026-07-26 23:00:00+00:00,GOOGL,Fold_2,,,,0.012286860581744996,1.8438680890627899,,-0.003870448352737199,-0.0025390141193956106
2026-07-27 00:00:00+00:00,GOOGL,Fold_2,,,,0.008368856569709093,1.2512482974834027,,0.0005905940132417964,0.0014609430853875782
2026-07-27 01:00:00+00:00,GOOGL,Fold_2,,0.001953306669147059,,0.008964393179538455,0.987478448592096,,0.0007455731593661863,
2026-07-27 02:00:00+00:00,GOOGL,Fold_2,,0.0025390141193956106,,0.009716649949849332,1.1117514093547227,,0.0001241696156950578,
2026-07-27 03:00:00+00:00,GOOGL,Fold_2,,-0.0014609430853875782,,0.00984202607823459,1.1089387412029084,1.8746895851661667,,
2026-08-01 04:00:00+00:00,GOOGL,Fold_2,-0.0019506403188872534,0.002091695403923177,-0.10119928718656838,0.0003967129498443356,0.05041412795813184,1.0348949942650345,0.0023226829820983674,-0.00832766825288922
2026-08-01 05:00:00+00:00,GOOGL,Fold_2,-0.0008301473370341261,-0.0006786946439680808,-0.043054754507814444,0.002720317370360048,0.24436901609339107,1.0266144502559835,0.0001130390549934912,-0.010540891878143999
2026-08-01 06:00:00+00:00,GOOGL,Fold_2,-0.012776166034367487,-0.0028336639274582076,-0.6628058372619652,0.0028336639274582076,0.2078974282042553,1.0338214313686556,-0.010737496467928653,-0.010652726758971443
2026-08-01 07:00:00+00:00,GOOGL,Fold_2,-0.010401944711402433,0.00832766825288922,-0.5514324600812478,-0.007934258996882826,-0.5151453556021242,0.7221670543687294,8.568980291334682e-05,0.0001713796058269157
2026-08-01 08:00:00+00:00,GOOGL,Fold_2,-0.009869351281036165,0.010540891878143999,-0.4969862240450521,-0.00784924907905915,-0.4329866211308067,0.5711554433151786,0.0,0.002827521206409056
2026-08-01 09:00:00+00:00,GOOGL,Fold_2,-0.00784924907905915,0.010652726758971443,-0.39644683852250945,-0.00784924907905915,-0.39644683852250945,0.5771767121966505,8.568246080042918e-05,-0.0003712906634678603
2026-08-01 10:00:00+00:00,GOOGL,Fold_2,-0.008157715839564927,-0.0001713796058269157,-0.41233291496912544,-0.0077642391612353645,-0.36333308014862825,0.5825005092395633,0.002741603838245288,-0.012594242631939756
2026-08-01 11:00:00+00:00,GOOGL,Fold_2,-0.007743175267054814,-0.002827521206409056,-0.39728916100018935,-0.0050439217908755385,-0.224123090587338,0.5886801661262459,-0.0031897926634768536,-0.015436318067897026
2026-08-01 12:00:00+00:00,GOOGL,Fold_2,-0.01102006216445317,0.0003712906634678603,-0.571724217323138,-0.00821762538962878,-0.3480993835929701,0.6039363259864926,-0.012142857142857122,-0.005742857142857161
2026-08-01 13:00:00+00:00,GOOGL,Fold_2,-0.012425021422450833,0.012594242631939756,-0.6430025340550832,-0.02026069708132605,-0.8121673883613738,0.6020369849692578,-0.0001446131597975242,-0.002834417932031874
2026-08-01 14:00:00+00:00,GOOGL,Fold_2,-0.012652443378173839,0.015436318067897026,-0.6841236943218814,-0.020402380277699028,-0.8147424609887022,0.6994474697940728,0.006624240671102122,-0.0046282904252240575
2026-08-01 15:00:00+00:00,GOOGL,Fold_2,-0.0061120155370861795,0.005742857142857161,-0.46244013033527187,-0.01391328988381968,-0.7443649260273597,0.9754018433384943,-0.009253139458030524,0.014598120635650469
2026-08-01 16:00:00+00:00,GOOGL,Fold_2,-0.01539296321681527,0.002834417932031874,-1.1224997292435357,-0.02303768773023518,-1.1413184807319063,1.1381509311328524,-0.0019433245351972994,
2026-08-01 17:00:00+00:00,GOOGL,Fold_2,-0.019993164730006785,0.0046282904252240575,-1.4085552020266447,-0.02493624256163207,-1.1500982661895462,1.233170285762321,0.02606800348735816,
2026-08-01 18:00:00+00:00,GOOGL,Fold_2,0.008771428571428652,-0.014598120635650469,0.6220624948767398,0.00048172286766789973,0.021606824548436876,1.1625347446136343,,
2026-08-01 19:00:00+00:00,GOOGL,Fold_2,,,,,,1.728246923676334,,
2026-08-01 20:00:00+00:00,GOOGL,Fold_2,,,,-0.02890337206007365,-0.8632147339883383,1.6539889077334518,,
2026-08-01 21:00:00+00:00,GOOGL,Fold_2,,,,,,1.8443401352552486,,
2026-08-01 22:00:00+00:00,GOOGL,Fold_2,,,,-0.02890337206007365,-0.7830452593721692,,0.032915086081120704,0.0052815873942224645
2026-08-01 23:00:00+00:00,GOOGL,Fold_2,,,,0.003060357041654971,0.07899935148754537,,-0.031018701621560618,-0.019718628171083163
2026-08-02 00:00:00+00:00,GOOGL,Fold_2,,,,-0.028053272881836122,-0.537889387667542,,0.004402332361516104,0.014868804664723179
2026-08-02 01:00:00+00:00,GOOGL,Fold_2,,-0.0052815873942224645,,-0.023774440351374326,-0.3838746798052216,,0.007227656671794813,0.02624016719398581
2026-08-02 02:00:00+00:00,GOOGL,Fold_2,,0.019718628171083163,,-0.01671861717200329,-0.2700168064944541,,0.0031700288184439707,0.018876080691642594
2026-08-02 03:00:00+00:00,GOOGL,Fold_2,,-0.014868804664723179,,-0.013601586851799241,-0.21352537520138778,2.020883392266828,0.01565642056880212,0.013875323182993338
2026-08-02 04:00:00+00:00,GOOGL,Fold_2,0.03166034432448206,-0.02624016719398581,0.9943484992662758,0.0018418815528480348,0.028339377607473834,1.7506878541847595,0.0,-0.0009899589874134973
2026-08-02 05:00:00+00:00,GOOGL,Fold_2,-0.0012147578959262884,-0.018876080691642594,-0.036981978463894026,0.0018418815528480348,0.026937113747770237,1.5634910361600711,-0.0017536416348465922,-0.0008768208174232406
2026-08-02 06:00:00+00:00,GOOGL,Fold_2,0.02895043731778424,-0.013875323182993338,0.8811071121784121,8.50099178237862e-05,0.0012196547678056825,1.196943622738614,0.0007650242257670747,-0.006120193806137264
2026-08-02 07:00:00+00:00,GOOGL,Fold_2,0.025224231517227302,0.0009899589874134973,0.7667348854823752,0.0008500991782374179,0.011961715960690452,0.4620615007729459,0.00011325028312580976,-0.003369195922989787
2026-08-02 08:00:00+00:00,GOOGL,Fold_2,0.017982708933717673,0.0008768208174232406,0.5593647149251788,0.0009634457353357995,0.013631505946835515,0.48948827441022685,-0.006992413090250338,-0.0020665836258635384
2026-08-02 09:00:00+00:00,GOOGL,Fold_2,0.007670209709853326,0.006120193806137264,0.2385910771435383,-0.006035704165485933,-0.08396337799069373,0.48804710877230856,0.0035350799669300326,-0.0004846480599821623
2026-08-02 10:00:00+00:00,GOOGL,Fold_2,-0.004355819544618944,0.003369195922989787,-0.1339737564906713,-0.0025219608954377692,-0.03412581106669178,0.571373341652592,0.0014204141927787184,-0.0031249112241128474
2026-08-02 11:00:00+00:00,GOOGL,Fold_2,-0.002941592419742678,0.0020665836258635384,-0.09047041345067958,-0.0011051289317086654,-0.014717622593003698,0.26514515283867957,-0.005418286006070638,0.00045388783296940183
2026-08-02 12:00:00+00:00,GOOGL,Fold_2,-0.006601875726064632,0.0004846480599821623,-0.2030666317245576,-0.006517427033153722,-0.08548030305900232,0.27304780637306014,0.0008841985168281941,-0.0005704506560183509
2026-08-02 13:00:00+00:00,GOOGL,Fold_2,-0.006483578708946669,0.0031249112241128474,-0.19863320380008506,-0.005638991215641709,-0.07257292791000433,0.3115066909613641,0.005015531047847022,0.006240916474309577
2026-08-02 14:00:00+00:00,GOOGL,Fold_2,-0.0016136337900577447,-0.00045388783296940183,-0.05095714431503031,-0.0006517427033152501,-0.008521535995910684,0.32194027874308373,-0.006436612130320207,-0.007315620835341985
2026-08-02 15:00:00+00:00,GOOGL,Fold_2,-0.0010548222481968628,0.0005704506560183509,-0.03331071220074723,-0.007084159818645519,-0.09133082107977301,0.37625985816865265,0.00770547945205502,0.009931506849315097
2026-08-02 16:00:00+00:00,GOOGL,Fold_2,0.0030965029402574284,-0.006240916474309577,0.0969322098059102,0.0005667327854916859,0.007144136064833053,0.36140272695355696,-0.008524497309544188,0.0016142735768904792
2026-08-02 17:00:00+00:00,GOOGL,Fold_2,-0.0068650534736603985,0.007315620835341985,-0.21850437314498708,-0.007962595636157532,-0.10070584952024482,0.43609680777217597,0.01082578765460318,0.010197377817132924
2026-08-02 18:00:00+00:00,GOOGL,Fold_2,0.0093553907586994,-0.009931506849315097,0.29297436554085843,0.002776990648909017,0.03411029139543499,0.5101180777670933,-0.0005934214988131403,0.0016954899966090675
2026-08-02 19:00:00+00:00,GOOGL,Fold_2,0.007865264597760158,-0.0016142735768904792,0.2679092543376197,0.0021819212241429575,0.028784525488061905,0.6480729264602341,-2.8274945570672116e-05,0.004863290638165374
2026-08-02 20:00:00+00:00,GOOGL,Fold_2,0.0028071568321661466,-0.010197377817132924,0.09801438781444954,0.002153584584868362,0.028765291915777754,0.6685613298974208,0.002318611095402323,0.014646835944126968
2026-08-02 21:00:00+00:00,GOOGL,Fold_2,0.011643835616438558,-0.0016954899966090675,0.4164099761190526,0.004477189005384075,0.06051756823595358,0.6666453293143382,0.0025671406003158204,0.015346422929361392
2026-08-02 22:00:00+00:00,GOOGL,Fold_2,0.006485414896629793,-0.004863290638165374,0.2373629486076806,0.007055823179370924,0.09646377413966466,0.6108569824338378,0.009707645122259967,0.012211936182785266
2026-08-02 23:00:00+00:00,GOOGL,Fold_2,0.024993573081207643,-0.014646835944126968,0.935135020481533,0.016831963729101673,0.23255733808888238,0.5723395785322697,0.003009697915505649,0.00590792553784425
2026-08-03 00:00:00+00:00,GOOGL,Fold_2,0.017067932632530924,-0.015346422929361392,0.7877072112411873,0.019892320770756644,0.33522679381459997,0.5567367635074176,-0.0005278950877972699,0.002389419871082321
2026-08-03 01:00:00+00:00,GOOGL,Fold_2,0.017134617015862164,-0.012211936182785266,1.2192060227265178,0.019353924624539554,0.4973572491200614,0.6406492559948173,0.0034192310899840983,
2026-08-03 02:00:00+00:00,GOOGL,Fold_2,0.020641293898093993,-0.00590792553784425,1.4688739844085232,0.022839331255313233,0.58070785572614,0.6386012734633154,-0.0004986702127659504,
2026-08-03 03:00:00+00:00,GOOGL,Fold_2,0.017772511848341166,-0.002389419871082321,1.2881679393724494,0.022329271748370738,0.5722070959548375,0.6006513564094461,,
2026-08-08 04:00:00+00:00,GOOGL,Fold_3,,,,0.00016890940825398104,0.08582321640786959,0.29155468888292563,0.00016888088268407486,
2026-08-08 05:00:00+00:00,GOOGL,Fold_3,,-0.0004786440296196126,,0.0003378188165079621,0.12112022839143166,0.16154252867048444,,
2026-08-08 06:00:00+00:00,GOOGL,Fold_3,,,,,,0.025535935786741796,,
2026-08-08 07:00:00+00:00,GOOGL,Fold_3,,,,,,,,
2026-08-08 08:00:00+00:00,GOOGL,Fold_3,,,,0.0003096672484657059,0.0695565487062873,,0.0,
2026-08-08 09:00:00+00:00,GOOGL,Fold_3,,,,0.0003096672484657059,0.06604370933517582,,,
2026-08-08 10:00:00+00:00,GOOGL,Fold_3,,,,,,,,
2026-08-08 11:00:00+00:00,GOOGL,Fold_3,,,,0.0003096672484657059,0.05651854538210205,,-0.0007317141811836736,0.0
2026-08-08 12:00:00+00:00,GOOGL,Fold_3,,,,-0.00042227352063517465,-0.07532890602330386,,0.0003942884501646482,0.0007322499788773307
2026-08-08 13:00:00+00:00,GOOGL,Fold_3,,,,-2.8151568042478203e-05,-0.004778157380196759,,0.0003378283269053206,0.0005067424903577589
2026-08-08 14:00:00+00:00,GOOGL,Fold_3,,-0.0,,0.0003096672484657059,0.10413782702676767,,0.0,0.0004502856499593033
2026-08-08 15:00:00+00:00,GOOGL,Fold_3,,-0.0007322499788773307,,0.0003096672484657059,0.1032211977492535,0.5981370928144686,0.00016885711873459996,0.0004502856499593033
2026-08-08 16:00:00+00:00,GOOGL,Fold_3,,-0.0005067424903577589,,0.00047857665671968697,0.15774339742983387,0.6156130938821835,0.0002813810180366527,
2026-08-08 17:00:00+00:00,GOOGL,Fold_3,0.0004502856499593033,-0.0004502856499593033,0.24564155096257928,0.0007600923371431367,0.271451149847749,0.6078785342632257,0.0,
2026-08-08 18:00:00+00:00,GOOGL,Fold_3,0.0011828653504943887,-0.0004502856499593033,0.6477491325750339,0.0007600923371431367,0.26324969683419364,0.5623630415953216,,
2026-08-08 19:00:00+00:00,GOOGL,Fold_3,,,,,,0.4322615830896153,,
2026-08-08 20:00:00+00:00,GOOGL,Fold_3,,,,,,0.38588315949169066,,
2026-08-08 21:00:00+00:00,GOOGL,Fold_3,,,,0.00047857665671968697,0.2717492035509022,0.3320975431654107,0.0003657953234474931,
2026-08-08 22:00:00+00:00,GOOGL,Fold_3,,,,0.0008445470412701273,0.5049648571673996,,,
2026-08-08 23:00:00+00:00,GOOGL,Fold_3,,,,,,,,
2026-08-09 00:00:00+00:00,GOOGL,Fold_3,,,,0.0008445470412701273,0.6371440626813341,,8.438343834393791e-05,
2026-08-09 01:00:00+00:00,GOOGL,Fold_3,,,,0.0009290017453971178,0.6623546006555323,,,
2026-08-09 02:00:00+00:00,GOOGL,Fold_3,,,,,,,,
2026-08-09 03:00:00+00:00,GOOGL,Fold_3,,,,,,,,
2026-08-09 04:00:00+00:00,GOOGL,Fold_3,,,,0.0021958223073024197,1.4692214381248814,,0.0008146067415730762,0.0009269662921347344
2026-08-09 05:00:00+00:00,GOOGL,Fold_3,,,,0.0030122177805302908,,,-0.0002526032164810177,0.0005613404810687062
2026-08-09 06:00:00+00:00,GOOGL,Fold_3,,,,0.002758853668149097,,,0.0003649635036495624,0.0001965188096575421
2026-08-09 07:00:00+00:00,GOOGL,Fold_3,,-0.0009269662921347344,,0.0031248240526995374,1.5471022873312401,,0.0004490219740129753,0.0012909381752870264
2026-08-09 08:00:00+00:00,GOOGL,Fold_3,,-0.0005613404810687062,,0.0035752491413771903,1.7865210677752716,,-0.0006171281101855497,
2026-08-09 09:00:00+00:00,GOOGL,Fold_3,,-0.0001965188096575421,,0.0029559146444455564,1.4727771940841148,1.2090848761095705,0.001459567182193311,
2026-08-09 10:00:00+00:00,GOOGL,Fold_3,0.0022191011235954683,-0.0012909381752870264,2.1538576328133816,0.0044197961826473176,1.887282535428611,1.3698270000348969,,
2026-08-09 11:00:00+00:00,GOOGL,Fold_3,,,,,,1.3920106046477514,,
2026-08-09 12:00:00+00:00,GOOGL,Fold_3,,,,,,1.4876770376478203,,
2026-08-09 13:00:00+00:00,GOOGL,Fold_3,,,,0.004335341478520327,1.5394580381044882,1.7569402216660268,0.00044848077138692766,0.001345442314160783
2026-08-09 14:00:00+00:00,GOOGL,Fold_3,,,,0.004785766567197758,1.6133156260055947,,0.00044827972654926107,0.0008965594530987442
2026-08-09 15:00:00+00:00,GOOGL,Fold_3,,,,0.005236191655875189,1.7326695177900668,,0.00044807886187969714,-0.00022403943093984857
2026-08-09 16:00:00+00:00,GOOGL,Fold_3,,-0.001345442314160783,,0.0056866167445526195,1.8748457493819939,,0.0,0.0008957563542715263
2026-08-09 17:00:00+00:00,GOOGL,Fold_3,,-0.0008965594530987442,,0.0056866167445526195,1.8519481011501313,,-0.0006718172657037558,0.0011756802149816004
2026-08-09 18:00:00+00:00,GOOGL,Fold_3,,0.00022403943093984857,,0.005010979111536473,1.5843004182478848,0.4425542596220562,0.0015686274509802978,0.0019327731092437794
2026-08-09 19:00:00+00:00,GOOGL,Fold_3,0.0022424038569346383,-0.0008957563542715263,1.6038533092964444,0.006587466921907481,1.8247983931125,0.8598987808945117,0.0002796733415371122,0.00047544468061300194
2026-08-09 20:00:00+00:00,GOOGL,Fold_3,0.002073293735290749,-0.0011756802149816004,1.3004753260505413,0.006868982602330931,1.6482284057507952,1.1242945582940662,8.387854386837645e-05,-0.0002795951462283286
2026-08-09 21:00:00+00:00,GOOGL,Fold_3,0.0017083006609164286,-0.0019327731092437794,1.1115069391852528,0.006953437306457921,1.7100089867039658,1.1659030813068367,0.00011182867846470934,-0.006933378064804763
2026-08-09 22:00:00+00:00,GOOGL,Fold_3,0.0013716269174783857,-0.00047544468061300194,0.9184225316757402,0.00706604357862739,1.7673568168736011,1.207818441735916,-0.0004752187403908037,-0.006093981494423195
2026-08-09 23:00:00+00:00,GOOGL,Fold_3,0.0008957563542715263,0.0002795951462283286,0.5975351985134495,0.006587466921907481,1.6227115591182544,1.1998135878530582,-0.006572323526121582,-0.004726479471976686
2026-08-10 00:00:00+00:00,GOOGL,Fold_3,-0.005014005602240967,0.006933378064804763,-3.287258323735578,-2.8151568042478203e-05,-0.0067393960219658995,1.264796168313568,0.000957180259564927,0.0012105515047435844
2026-08-10 01:00:00+00:00,GOOGL,Fold_3,-0.005621434164895356,0.006093981494423195,-1.3330344627101047,0.0009290017453971178,0.07956232903470001,1.6796147860872226,0.0009000140627197784,
2026-08-10 02:00:00+00:00,GOOGL,Fold_3,-0.005004753117485938,0.004726479471976686,-1.1744694100610162,0.0018298519227519794,0.15342696490285399,1.6091071017334033,-0.0006463034254081679,
2026-08-10 03:00:00+00:00,GOOGL,Fold_3,-0.005731219771310414,-0.0012105515047435844,-1.372246869395401,0.0011823658577780893,0.10009031896554196,1.6796428212136478,,
2026-08-15 04:00:00+00:00,GOOGL,Fold_3,0.0019003743161531972,-0.00025871733693616505,0.42014993299372605,0.00020121302710629507,0.10896746968537237,0.35773945433923593,0.0003736061616277375,
2026-08-15 05:00:00+00:00,GOOGL,Fold_3,0.002015026339272863,-0.00097771387491008,0.4460211686514519,0.0005748943631607162,0.22040600445563158,0.3591947348751509,-8.618460742904066e-05,
2026-08-15 06:00:00+00:00,GOOGL,Fold_3,0.0020902071205237682,-0.0004886602086866532,0.46761286967426413,0.0004886602086866532,0.15460342343465158,0.3628521080610685,,
2026-08-15 07:00:00+00:00,GOOGL,Fold_3,,,,,,0.3570683325500539,,
2026-08-15 08:00:00+00:00,GOOGL,Fold_3,,,,2.874471815794699e-05,0.006933552965516402,0.1724464768345873,0.0,0.0
2026-08-15 09:00:00+00:00,GOOGL,Fold_3,,,,2.874471815794699e-05,0.006269135668077254,0.11985563354190644,0.0006611095142283752,-0.0004886461626902872
2026-08-15 10:00:00+00:00,GOOGL,Fold_3,,,,0.0006898732357929482,0.13932785965524297,0.11028873218514851,-0.0006606727371959442,-0.00020107431132043718
2026-08-15 11:00:00+00:00,GOOGL,Fold_3,,-0.0,,2.874471815794699e-05,0.005455104000770291,0.18572299362130085,-0.0004886461626902872,-2.874389192297766e-05
2026-08-15 12:00:00+00:00,GOOGL,Fold_3,,0.0004886461626902872,,-0.00045991549052848413,-0.0825436537457056,0.2914716065189045,0.0009490121646105187,0.0011215598309033403
2026-08-15 13:00:00+00:00,GOOGL,Fold_3,,0.00020107431132043718,,0.0004886602086866532,0.08347987270446079,0.3200185818657074,-0.0004884215365167366,0.0002585761075675208
2026-08-15 14:00:00+00:00,GOOGL,Fold_3,-2.874389192297766e-05,2.874389192297766e-05,-0.0073044376334984356,0.0,0.0,0.43689137768326475,0.0006611285176350012,0.0008910862628992433
2026-08-15 15:00:00+00:00,GOOGL,Fold_3,0.0006323656223052865,-0.0011215598309033403,0.25006928850682203,0.0006611285176350012,0.18486853485950122,0.6499909542280335,8.617718028247623e-05,
2026-08-15 16:00:00+00:00,GOOGL,Fold_3,5.7449803234410624e-05,-0.0002585761075675208,0.024369835515597127,0.0007473626721090643,0.2153770400484295,0.7523970242655817,0.0001436162573602573,
2026-08-15 17:00:00+00:00,GOOGL,Fold_3,0.0008623167576891078,-0.0008910862628992433,0.4132910453965888,0.0008910862628992433,0.27958928642181113,0.789003890570751,,
2026-08-15 18:00:00+00:00,GOOGL,Fold_3,,,,,,0.6917872024656252,,
2026-08-15 19:00:00+00:00,GOOGL,Fold_3,,,,0.0012072781626377704,0.3751058130322955,0.6916924888370592,-0.0007177514283253084,
2026-08-15 20:00:00+00:00,GOOGL,Fold_3,,,,0.0004886602086866532,0.14518799251305978,0.5759818986908103,,
2026-08-15 21:00:00+00:00,GOOGL,Fold_3,,,,,,0.9827203743580528,,
2026-08-15 22:00:00+00:00,GOOGL,Fold_3,,,,,,,,
2026-08-15 23:00:00+00:00,GOOGL,Fold_3,,,,,,,,
2026-08-16 00:00:00+00:00,GOOGL,Fold_3,,,,,,,,
2026-08-16 01:00:00+00:00,GOOGL,Fold_3,,,,0.0017534278076403176,0.6027668107146692,,8.608321377323591e-05,-0.0008608321377331363
2026-08-16 02:00:00+00:00,GOOGL,Fold_3,,,,0.0018396619621143806,0.7493678558472605,,-0.00025822741227432555,0.00017215160818295772
2026-08-16 03:00:00+00:00,GOOGL,Fold_3,,,,0.0015809594986921915,0.6449866082871148,,-0.000688784295718059,
2026-08-16 04:00:00+00:00,GOOGL,Fold_3,,0.0008608321377331363,,0.0008910862628992433,0.3574996671969362,,0.0011200459506031102,
2026-08-16 05:00:00+00:00,GOOGL,Fold_3,,-0.00017215160818295772,,0.0020121302710627287,0.7462083494552267,,,
2026-08-16 06:00:00+00:00,GOOGL,Fold_3,,,,,,1.2866220882195116,,
2026-08-16 07:00:00+00:00,GOOGL,Fold_3,,,,,,1.2413448037807167,,
2026-08-16 08:00:00+00:00,GOOGL,Fold_3,,,,0.0021845985800108547,0.6526144011484345,1.2413448037807167,-0.0006596873655527746,-0.0006596873655527746
2026-08-16 09:00:00+00:00,GOOGL,Fold_3,,,,0.0015234700623760755,0.4474631771752437,,0.0,
2026-08-16 10:00:00+00:00,GOOGL,Fold_3,,,,0.0015234700623760755,0.4220020706543626,,0.0,
2026-08-16 11:00:00+00:00,GOOGL,Fold_3,,0.0006596873655527746,,0.0015234700623760755,0.43543260497175945,,,
2026-08-16 12:00:00+00:00,GOOGL,Fold_3,,,,,,,,
2026-08-16 13:00:00+00:00,GOOGL,Fold_3,,,,0.0021845985800108547,0.6220179236037823,,0.0,-0.0008317797217839429
2026-08-16 14:00:00+00:00,GOOGL,Fold_3,,,,0.0021845985800108547,0.6627940029568317,,0.0,0.0007744156030404792
2026-08-16 15:00:00+00:00,GOOGL,Fold_3,,,,0.0021845985800108547,0.6735654918039107,0.610193536992741,-0.0008317797217839429,0.0006310053061810983
2026-08-16 16:00:00+00:00,GOOGL,Fold_3,,0.0008317797217839429,,0.0013510017534279495,0.4470084130056593,0.0,0.001607532437708059,0.0019807096107475886
2026-08-16 17:00:00+00:00,GOOGL,Fold_3,,-0.0007744156030404792,,0.002960705970278088,0.8913303171446602,0.7718155605893932,-0.00014329932362722175,-0.00014329932362722175
2026-08-16 18:00:00+00:00,GOOGL,Fold_3,,-0.0006310053061810983,,0.002816982379487909,0.6097670245751889,1.3797998500714972,0.0005159515005590531,
2026-08-16 19:00:00+00:00,GOOGL,Fold_3,0.001147282374874603,-0.0019807096107475886,0.6606372425634891,0.003334387306332509,0.7436257236202657,1.2648345944299482,-0.0005156854318865145,
2026-08-16 20:00:00+00:00,GOOGL,Fold_3,0.0006310053061810983,0.00014329932362722175,0.369577647716906,0.002816982379487909,0.6311615193320682,1.173082207615186,,
2026-08-16 21:00:00+00:00,GOOGL,Fold_3,,,,,,1.2701317240957988,,
2026-08-16 22:00:00+00:00,GOOGL,Fold_3,,,,,,1.4175295966192045,,
2026-08-16 23:00:00+00:00,GOOGL,Fold_3,,,,0.00290321653396175,0.640883834122364,1.3633456737052643,-0.0006018916595011969,-0.0031527658354828514
2026-08-17 00:00:00+00:00,GOOGL,Fold_3,,,,0.0022995774526430868,0.5019587296129462,,-0.0019214775301844567,-0.0006882904585735483
2026-08-17 01:00:00+00:00,GOOGL,Fold_3,,,,0.0003736813360544211,0.08136115641011107,,-0.0006321475777253394,
2026-08-17 02:00:00+00:00,GOOGL,Fold_3,,0.0031527658354828514,,-0.0002587024634223001,-0.04670208634413466,,0.0018688901667625046,
2026-08-17 03:00:00+00:00,GOOGL,Fold_3,,0.0006882904585735483,,0.0016097042168501385,0.2853095991368182,,,
2026-08-22 04:00:00+00:00,GOOGL,Fold_3,-0.006717238983149021,0.003601510310775491,-1.0755246238881526,-0.0034278410411341387,-1.3443918084986988,0.2892294043617894,-0.0004663907188248162,-8.744825977968773e-05
2026-08-22 05:00:00+00:00,GOOGL,Fold_3,-0.006331773331208268,0.004326490316211351,-0.9717563554301559,-0.0038926330467117243,-1.034751639033731,0.47356863403664284,0.00023330417031219852,0.000466608340624175
2026-08-22 06:00:00+00:00,GOOGL,Fold_3,-0.00524957220337019,0.0036602370439228205,-0.8046386315481736,-0.0036602370439228205,-0.7934164054008259,0.48278746724436195,0.00014578109510754444,-0.0002915621902151999
2026-08-22 07:00:00+00:00,GOOGL,Fold_3,-0.0036886436247459686,8.744825977968773e-05,-0.5656985552477254,-0.0035149895421799915,-0.6602190298880377,0.5231003586033514,8.745590764669409e-05,-0.0003789755998017119
2026-08-22 08:00:00+00:00,GOOGL,Fold_3,-0.0038619007520542814,-0.000466608340624175,-0.5922623718942326,-0.0034278410411341387,-0.5758698352599632,0.5321275149485076,-0.0005246895586777933,0.00026234477933884115
2026-08-22 09:00:00+00:00,GOOGL,Fold_3,-0.0039507320474088115,0.0002915621902151999,-0.6489895502224992,-0.0039507320474088115,-0.6489895502224992,0.5619847814768794,5.8329444703630884e-05,0.000845776948203536
2026-08-22 10:00:00+00:00,GOOGL,Fold_3,-0.0004663907188248162,0.0003789755998017119,-0.07653900798316347,-0.0038926330467117243,-0.5914295234132595,0.5605532231480815,0.0007290755322251208,0.00034995625546807574
2026-08-22 11:00:00+00:00,GOOGL,Fold_3,0.0007290755322251208,-0.00026234477933884115,0.12012775633302647,-0.0031663955379968023,-0.4518212353733741,0.13304314899604663,5.828354946824099e-05,
2026-08-22 12:00:00+00:00,GOOGL,Fold_3,0.0005539681614088465,-0.000845776948203536,0.0913282506397832,-0.003108296537299493,-0.4184052729737601,0.1620298129747613,-0.000437101145205121,
2026-08-22 13:00:00+00:00,GOOGL,Fold_3,-2.915196921549068e-05,-0.00034995625546807574,-0.0048692353272334135,-0.003544039042528535,-0.45852919238329753,0.16276794635403363,,
2026-08-22 14:00:00+00:00,GOOGL,Fold_3,,,,,,0.20764743249183518,,
2026-08-22 15:00:00+00:00,GOOGL,Fold_3,,,,-0.004037880548454553,-0.8021611595464644,0.3444332271448613,0.00011666909727270358,
2026-08-22 16:00:00+00:00,GOOGL,Fold_3,,,,-0.003921682547060268,-0.7543823864418597,0.33206323986123465,0.0009040800256641113,
2026-08-22 17:00:00+00:00,GOOGL,Fold_3,,,,-0.0030211480362538623,-0.6395295539087076,0.3785060136023667,,
2026-08-22 18:00:00+00:00,GOOGL,Fold_3,,,,,,0.5049310718848419,,
2026-08-22 19:00:00+00:00,GOOGL,Fold_3,,,,-0.002614455031373586,-0.6436166918809584,,0.00029125648045669195,0.00034950777654807474
2026-08-22 20:00:00+00:00,GOOGL,Fold_3,,,,-0.002323960027887595,-0.5779758032909976,,5.8234334963769285e-05,
2026-08-22 21:00:00+00:00,GOOGL,Fold_3,,,,-0.0022658610271903967,-0.5632228427682247,,0.0,
2026-08-22 22:00:00+00:00,GOOGL,Fold_3,,-0.00034950777654807474,,-0.0022658610271903967,-0.5535307921271231,0.41232210872013353,,
2026-08-22 23:00:00+00:00,GOOGL,Fold_3,,,,,,0.4475397526704638,,
2026-08-23 00:00:00+00:00,GOOGL,Fold_3,,,,-0.0036021380432257333,-0.8374534202891999,,0.0,0.0011078717201165045
2026-08-23 01:00:00+00:00,GOOGL,Fold_3,,,,-0.0036021380432257333,-0.8052309738205239,,0.0006997084548105992,0.001224489795918382
2026-08-23 02:00:00+00:00,GOOGL,Fold_3,,,,-0.002904950034859355,-0.6692301052918257,0.1532053272195245,0.00040787786971208106,
2026-08-23 03:00:00+00:00,GOOGL,Fold_3,,-0.0011078717201165045,,-0.0024982570299790785,-0.5530927693712956,0.3701219429572984,0.00011648902090977131,
2026-08-23 04:00:00+00:00,GOOGL,Fold_3,,-0.001224489795918382,,-0.002382059028584682,-0.5146498311296395,0.3685946002096482,,
2026-08-23 05:00:00+00:00,GOOGL,Fold_3,,,,,,0.8090935931441575,,
2026-08-23 06:00:00+00:00,GOOGL,Fold_3,,,,-0.002904950034859355,-1.5192205778737773,0.8520541776406226,,
2026-08-23 07:00:00+00:00,GOOGL,Fold_3,,,,,,0.8257291248481345,,
2026-08-23 08:00:00+00:00,GOOGL,Fold_3,,,,-0.002178712526144544,-1.029470354908942,,,
2026-08-23 09:00:00+00:00,GOOGL,Fold_3,,,,,,,,
2026-08-23 10:00:00+00:00,GOOGL,Fold_3,,,,-0.0036021380432257333,-1.7583809932214303,,,
2026-08-23 11:00:00+00:00,GOOGL,Fold_3,,,,,,,,
2026-08-23 12:00:00+00:00,GOOGL,Fold_3,,,,-0.0036021380432257333,,,0.000991253644314849,0.0012536443148687404
2026-08-23 13:00:00+00:00,GOOGL,Fold_3,,,,-0.002614455031373586,,,0.00014562824022834597,0.0004368847206850379
2026-08-23 14:00:00+00:00,GOOGL,Fold_3,,,,-0.002469207529630535,,,0.00011648562858557199,0.00046594251434228795
2026-08-23 15:00:00+00:00,GOOGL,Fold_3,,-0.0012536443148687404,,-0.0023530095282361385,,,0.00017470809189656933,0.0003494161837929166
2026-08-23 16:00:00+00:00,GOOGL,Fold_3,,-0.0004368847206850379,,-0.002178712526144544,-1.0140553419505964,,0.00017467757431077757,0.0016885498850038871
2026-08-23 17:00:00+00:00,GOOGL,Fold_3,,-0.00046594251434228795,,-0.0020044155240529493,-0.9275577843091076,1.2080611784586994,0.0,0.0015136079173336814
2026-08-23 18:00:00+00:00,GOOGL,Fold_3,0.001603498542274151,-0.0003494161837929166,2.176166298927175,-0.0020044155240529493,-1.0669758513346768,1.2489695313950402,0.0015136079173336814,
2026-08-23 19:00:00+00:00,GOOGL,Fold_3,0.002126172307333807,-0.0016885498850038871,2.920431742527238,-0.0004938415059261292,-0.26271315541236356,1.213339854414234,0.0,
2026-08-23 20:00:00+00:00,GOOGL,Fold_3,0.001980255685954724,-0.0015136079173336814,1.8231927774399939,-0.0004938415059261292,-0.17393324836809249,1.2892781325388334,,
2026-08-23 21:00:00+00:00,GOOGL,Fold_3,,,,,,1.2937306217362516,,
2026-08-23 22:00:00+00:00,GOOGL,Fold_3,,,,-0.002178712526144544,-0.7152003013082113,1.3858317663087492,0.010422428600541433,0.0013100818073306097
2026-08-23 23:00:00+00:00,GOOGL,Fold_3,,,,0.008221008598652046,2.6159907642591738,1.5457786586305797,-0.005704901028610987,-0.007750597862102748
2026-08-24 00:00:00+00:00,GOOGL,Fold_3,,,,0.002469207529630424,0.13020570625673636,1.7722207047237715,-0.003332463994899837,-0.005187052652931068
2026-08-24 01:00:00+00:00,GOOGL,Fold_3,,-0.0013100818073306097,,-0.000871485010457862,-0.03924615086909071,2.0394541950262663,0.0012792928999243447,
2026-08-24 02:00:00+00:00,GOOGL,Fold_3,,0.007750597862102748,,0.0004066930048802764,0.01723707008737785,2.066897652778158,-0.003136070619664255,
2026-08-24 03:00:00+00:00,GOOGL,Fold_3,,0.005187052652931068,,-0.0027306530327678713,-0.11428212582090941,2.0648744969835113,,
2026-06-27 06:00:00+00:00,CRCL,Fold_1,,,,,,,,
2026-06-27 07:00:00+00:00,CRCL,Fold_1,,,,,,,,
2026-06-27 08:00:00+00:00,CRCL,Fold_1,,,,,,,,
2026-06-27 09:00:00+00:00,CRCL,Fold_1,,,,,,,,
2026-06-27 10:00:00+00:00,CRCL,Fold_1,,,,,,,,
2026-06-27 11:00:00+00:00,CRCL,Fold_1,,,,,,,,
2026-06-27 12:00:00+00:00,CRCL,Fold_1,,,,,,,,
2026-06-27 13:00:00+00:00,CRCL,Fold_1,,,,,,,,
2026-06-27 14:00:00+00:00,CRCL,Fold_1,,,,,,,,
2026-06-27 15:00:00+00:00,CRCL,Fold_1,,,,,,,,
2026-06-27 16:00:00+00:00,CRCL,Fold_1,,,,,,,,
2026-06-27 17:00:00+00:00,CRCL,Fold_1,,,,,,,,
2026-06-27 18:00:00+00:00,CRCL,Fold_1,,,,,,,,
2026-06-27 19:00:00+00:00,CRCL,Fold_1,,,,,,,,
2026-06-27 20:00:00+00:00,CRCL,Fold_1,,,,,,,,
2026-06-27 21:00:00+00:00,CRCL,Fold_1,,,,,,,,
2026-06-27 22:00:00+00:00,CRCL,Fold_1,,,,,,,,
2026-06-27 23:00:00+00:00,CRCL,Fold_1,,,,,,,,
2026-06-28 00:00:00+00:00,CRCL,Fold_1,,,,,,,,
2026-06-28 01:00:00+00:00,CRCL,Fold_1,,,,,,,,
2026-06-28 02:00:00+00:00,CRCL,Fold_1,,,,,,,,
2026-06-28 03:00:00+00:00,CRCL,Fold_1,,,,,,,,
2026-06-28 04:00:00+00:00,CRCL,Fold_1,,,,,,,,
2026-06-28 05:00:00+00:00,CRCL,Fold_1,,,,,,,,
2026-06-28 06:00:00+00:00,CRCL,Fold_1,,,,,,,,
2026-06-28 07:00:00+00:00,CRCL,Fold_1,,,,,,,,
2026-06-28 08:00:00+00:00,CRCL,Fold_1,,,,,,,,
2026-06-28 09:00:00+00:00,CRCL,Fold_1,,,,,,,,
2026-06-28 10:00:00+00:00,CRCL,Fold_1,,,,,,,,
2026-06-28 11:00:00+00:00,CRCL,Fold_1,,,,,,,,
2026-06-28 12:00:00+00:00,CRCL,Fold_1,,,,,,,,
2026-06-28 13:00:00+00:00,CRCL,Fold_1,,,,,,,,
2026-06-28 14:00:00+00:00,CRCL,Fold_1,,,,,,,,
2026-06-28 15:00:00+00:00,CRCL,Fold_1,,,,,,,,
2026-06-28 16:00:00+00:00,CRCL,Fold_1,,,,,,,,
2026-06-28 17:00:00+00:00,CRCL,Fold_1,,,,,,,,
2026-06-28 18:00:00+00:00,CRCL,Fold_1,,,,,,,,
2026-06-28 19:00:00+00:00,CRCL,Fold_1,,,,,,,,
2026-06-28 20:00:00+00:00,CRCL,Fold_1,,,,,,,,
2026-06-28 21:00:00+00:00,CRCL,Fold_1,,,,,,,,
2026-06-28 22:00:00+00:00,CRCL,Fold_1,,,,,,,,
2026-06-28 23:00:00+00:00,CRCL,Fold_1,,,,,,,,
2026-06-29 00:00:00+00:00,CRCL,Fold_1,,,,,,,-0.002450980392156743,0.012799564270152386
2026-06-29 01:00:00+00:00,CRCL,Fold_1,,,,,,,0.00423150423150398,
2026-06-29 02:00:00+00:00,CRCL,Fold_1,,,,,,,0.011009922522767557,
2026-06-29 03:00:00+00:00,CRCL,Fold_1,,-0.012799564270152386,,,,,,
2026-07-04 04:00:00+00:00,CRCL,Fold_1,,,,0.005580693815987914,1.5668767363493525,0.31218349297665127,0.0005999700014998055,
2026-07-04 05:00:00+00:00,CRCL,Fold_1,,-0.00482000301250185,,0.006184012066364986,1.174225339791418,0.8286061375106282,,
2026-07-04 06:00:00+00:00,CRCL,Fold_1,,,,,,0.8196906983744982,,
2026-07-04 07:00:00+00:00,CRCL,Fold_1,,,,,,,,
2026-07-04 08:00:00+00:00,CRCL,Fold_1,,,,0.010558069381598756,1.2058124935913745,,0.0,-0.029552238805970243
2026-07-04 09:00:00+00:00,CRCL,Fold_1,,,,0.010558069381598756,1.217617843541779,,-0.017611940298507545,
2026-07-04 10:00:00+00:00,CRCL,Fold_1,,,,-0.007239819004524972,-0.7857653037176127,,-0.012154360376785078,
2026-07-04 11:00:00+00:00,CRCL,Fold_1,,0.029552238805970243,,-0.019306184012066407,-1.2552843941314091,,,
2026-07-04 12:00:00+00:00,CRCL,Fold_1,,,,,,,,
2026-07-04 13:00:00+00:00,CRCL,Fold_1,,,,0.00015082956259426794,0.00827443339296375,,0.0,0.010405670336299133
2026-07-04 14:00:00+00:00,CRCL,Fold_1,,,,0.00015082956259426794,0.007663456703546708,,0.009500829437490532,0.009651636253958706
2026-07-04 15:00:00+00:00,CRCL,Fold_1,,,,0.009653092006033148,0.478811691649554,1.525291059343304,0.0008963250672244794,
2026-07-04 16:00:00+00:00,CRCL,Fold_1,,-0.010405670336299133,,0.010558069381598756,0.4594453213157416,1.9119889069630054,-0.0007462686567163423,
2026-07-04 17:00:00+00:00,CRCL,Fold_1,,-0.009651636253958706,,0.009803921568627638,0.40924523200609425,1.3912305585799092,,
2026-07-04 18:00:00+00:00,CRCL,Fold_1,,,,,,0.7462593318404241,,
2026-07-04 19:00:00+00:00,CRCL,Fold_1,,,,,,0.7462593318404241,,
2026-07-04 20:00:00+00:00,CRCL,Fold_1,,,,,,0.7462593318404241,,
2026-07-04 21:00:00+00:00,CRCL,Fold_1,,,,,,,,
2026-07-04 22:00:00+00:00,CRCL,Fold_1,,,,0.0117647058823529,0.393576717794306,,0.0007453786523552441,
2026-07-04 23:00:00+00:00,CRCL,Fold_1,,,,0.012518853695324239,0.39113108978845307,,,
2026-07-05 00:00:00+00:00,CRCL,Fold_1,,,,,,,,
2026-07-05 01:00:00+00:00,CRCL,Fold_1,,,,0.01749622926093508,,,,
2026-07-05 02:00:00+00:00,CRCL,Fold_1,,,,,,,,
2026-07-05 03:00:00+00:00,CRCL,Fold_1,,,,0.019306184012066296,,,0.0010358094110685112,-0.00029594554601952705
2026-07-05 04:00:00+00:00,CRCL,Fold_1,,,,0.020361990950226394,,,0.0,0.0002956393200295171
2026-07-05 05:00:00+00:00,CRCL,Fold_1,,,,0.020361990950226394,,,-0.001330376940133049,0.0011825572801182904
2026-07-05 06:00:00+00:00,CRCL,Fold_1,,0.00029594554601952705,,0.019004524886877983,,,0.001628182356423924,0.001332149200710564
2026-07-05 07:00:00+00:00,CRCL,Fold_1,,-0.0002956393200295171,,0.02066365007541493,,,0.0008866558297622174,-0.0011822077730160307
2026-07-05 08:00:00+00:00,CRCL,Fold_1,,-0.0011825572801182904,,0.021568627450980538,0.5778400419639204,0.18716843760112578,-0.0011811604901815764,-0.002805256164181258
2026-07-05 09:00:00+00:00,CRCL,Fold_1,0.0010358094110685112,-0.001332149200710564,0.06340556810209431,0.020361990950226394,0.5574203035273035,0.17249875339703047,-0.0008869179600887733,0.001626016260162677
2026-07-05 10:00:00+00:00,CRCL,Fold_1,-0.0008869179600887733,0.0011822077730160307,-0.054384633404331514,0.019457013574660786,0.5248844613240765,0.18389619106498037,-0.000739754401538617,0.001775410563692681
2026-07-05 11:00:00+00:00,CRCL,Fold_1,-0.001626016260162566,0.002805256164181258,-0.14596952979876915,0.018702865761689447,0.7270195971535192,0.26494550678793666,0.0032573289902280145,0.004589872668048445
2026-07-05 12:00:00+00:00,CRCL,Fold_1,0.002960331557134488,-0.001626016260162677,0.43229237805054255,0.02202111613876334,1.3711823243859065,0.4379921166064257,-0.0007378984651713605,0.0019185360094451376
2026-07-05 13:00:00+00:00,CRCL,Fold_1,0.0005911038865078488,-0.001775410563692681,0.08717986315947282,0.02126696832579178,1.3176319560485557,0.6322019982617776,0.0020676414119036313,0.00310146211785578
2026-07-05 14:00:00+00:00,CRCL,Fold_1,0.001771740735272198,-0.004589872668048445,0.26769193125885055,0.02337858220211153,1.462496661143691,0.6326357379133154,0.0005895357406042745,-0.0001473839351509021
2026-07-05 15:00:00+00:00,CRCL,Fold_1,0.0035476718403546492,-0.0019185360094451376,0.5344728833770818,0.023981900452488825,1.474993838048887,0.6929692188964351,0.00044189129474148103,-0.0007364854912357277
2026-07-05 16:00:00+00:00,CRCL,Fold_1,0.004882379050155317,-0.00310146211785578,1.5007158189858856,0.02443438914027163,3.024427764760535,1.3045506643377944,-0.0011778563015312216,0.0008833922261484162
2026-07-05 17:00:00+00:00,CRCL,Fold_1,0.004441812259401878,0.0001473839351509021,1.373372664368876,0.023227752639517485,2.8537716537459286,1.2000246196990758,0.0,0.0028007075471698784
2026-07-05 18:00:00+00:00,CRCL,Fold_1,0.001180637544273777,0.0007364854912357277,0.35703343549485383,0.023227752639517485,2.7551345522249973,1.2427480312040209,0.0020636792452830566,0.010908018867924474
2026-07-05 19:00:00+00:00,CRCL,Fold_1,0.003987594151528828,-0.0008833922261484162,1.2460523855451946,0.025339366515837236,3.0666678023453455,0.8738176428747011,0.0007355104442483551,0.02147690497205046
2026-07-05 20:00:00+00:00,CRCL,Fold_1,0.0026529108327193462,-0.0028007075471698784,0.8104629304620844,0.026093514328808576,3.0494869137594804,0.9356977726349862,0.008084668528590244,0.010877554020285007
2026-07-05 21:00:00+00:00,CRCL,Fold_1,0.010163499779054286,-0.010908018867924474,3.1942757418971897,0.03438914027149331,4.0850880323705185,0.8116002536342569,0.012540099154272344,-0.005395158938466094
2026-07-05 22:00:00+00:00,CRCL,Fold_1,0.022379269729092988,-0.02147690497205046,4.217496121569134,0.047360482654600355,3.3340053949005526,1.5251757691701306,-0.009648617511520796,-0.03629032258064513
2026-07-05 23:00:00+00:00,CRCL,Fold_1,0.01370872641509413,-0.010877554020285007,1.6634159604652268,0.0372549019607844,1.6693079693142838,1.6078610476441064,-0.008143085647811632,-0.02733750181765293
2026-07-06 00:00:00+00:00,CRCL,Fold_1,0.005454009433962126,0.005395158938466094,0.5331857795651029,0.028808446455505177,1.0283758760730426,1.8201856374462024,-0.01891218296437458,-0.02492303181351696
2026-07-06 01:00:00+00:00,CRCL,Fold_1,-0.015592821418064173,0.03629032258064513,-1.4078369839305842,0.009351432880844612,0.3049316721997683,1.9319019923393752,-0.0004482964734010553,
2026-07-06 02:00:00+00:00,CRCL,Fold_1,-0.016757312950169023,0.02733750181765293,-1.132116780098487,0.008898944193061809,0.21480877902834683,1.9594541106250714,-0.0056809687546718335,
2026-07-06 03:00:00+00:00,CRCL,Fold_1,-0.030183727034120644,0.02492303181351696,-2.087186699706481,0.003167420814479849,0.07743712253648351,1.9960604999475042,,
2026-07-11 04:00:00+00:00,CRCL,Fold_1,-0.0007535795026374359,0.006741573033707926,-0.015192637444419612,-0.005400540054005365,-0.26669625267615193,0.11326512299103866,0.003016591251885359,0.006184012066364986
2026-07-11 05:00:00+00:00,CRCL,Fold_1,-0.0006011421701233033,0.004192872117400381,-0.012092621324409714,-0.002400240024002298,-0.08362931879170754,0.1700648716153394,0.0036090225563909506,0.00586466165413535
2026-07-11 06:00:00+00:00,CRCL,Fold_1,0.004061982849405732,-0.0012001200120010935,0.08171444342516478,0.0012001200120010935,0.03414290086636307,0.1713980688631549,-0.00044950554390177366,0.00269703326341042
2026-07-11 07:00:00+00:00,CRCL,Fold_1,-0.0005992509363297316,-0.006184012066364986,-0.012063638134952743,0.0007500750075006835,0.018493533771842985,0.1840809214234463,0.0026982461400091307,0.003597661520012174
2026-07-11 08:00:00+00:00,CRCL,Fold_1,0.0016471997604072808,-0.00586466165413535,0.033231396174931455,0.003450345034503588,0.07625274235433853,0.16370329562793554,0.0004484975332634811,0.0010464942442816039
2026-07-11 09:00:00+00:00,CRCL,Fold_1,0.003900390039003998,-0.00269703326341042,0.07879475529973609,0.003900390039003998,0.07879475529973609,0.1735946098512267,0.0004482964734011663,0.001195457262402888
2026-07-11 10:00:00+00:00,CRCL,Fold_1,0.009803921568627638,-0.003597661520012174,0.2005045068451241,0.004350435043504408,0.08237275746928314,0.16826520746324422,0.00014936519790875735,0.0007468259895444529
2026-07-11 11:00:00+00:00,CRCL,Fold_1,0.006917293233082544,-0.0010464942442816039,0.2493956376788204,0.004500450045004545,0.1405203566628367,0.14828830474061838,0.0005973715651135247,0.0010454002389488348
2026-07-11 12:00:00+00:00,CRCL,Fold_1,0.0038957147138147796,-0.001195457262402888,0.14644586315227667,0.005100510051005092,0.15655175502572757,0.14840630233360977,0.0,-0.0008955223880597885
2026-07-11 13:00:00+00:00,CRCL,Fold_1,0.004347174336681192,-0.0007468259895444529,0.16342267740097435,0.005100510051005092,0.14852326816799113,0.09865304397691557,0.00044776119402989423,-0.002388059701492473
2026-07-11 14:00:00+00:00,CRCL,Fold_1,0.0020929884885634298,-0.0010454002389488348,0.14440535614422653,0.005550555055505724,0.282834354270371,0.1676442335658492,-0.001342682381023419,-0.002237803968372476
2026-07-11 15:00:00+00:00,CRCL,Fold_1,0.0002988643156005555,0.0008955223880597885,0.020996400690798007,0.0042004200420042714,0.20866447306988536,0.03869881709420695,-0.0014938751120405769,
2026-07-11 16:00:00+00:00,CRCL,Fold_1,-0.0016430171769977742,0.002388059701492473,-0.11820100705543861,0.0027002700270029045,0.1319745584641624,0.12629950444142699,0.0005984440454815942,
2026-07-11 17:00:00+00:00,CRCL,Fold_1,-0.0011947431302269385,0.002237803968372476,-0.0870362665468206,0.0033003300330032292,0.1573963621277943,0.1628580220437398,,
2026-07-11 18:00:00+00:00,CRCL,Fold_1,,,,,,0.23128083573156044,,
2026-07-11 19:00:00+00:00,CRCL,Fold_1,,,,,,0.2680055947745677,,
2026-07-11 20:00:00+00:00,CRCL,Fold_1,,,,0.005400540054005365,0.6229028656250507,0.5346461805070406,,
2026-07-11 21:00:00+00:00,CRCL,Fold_1,,,,,,,,
2026-07-11 22:00:00+00:00,CRCL,Fold_1,,,,,,,,
2026-07-11 23:00:00+00:00,CRCL,Fold_1,,,,-0.001950195019501888,-0.19366987664028001,,0.0048098602134374335,0.002254621975048998
2026-07-12 00:00:00+00:00,CRCL,Fold_1,,,,0.002850285028502819,0.2782212168979042,,-0.004487658937920691,0.000897531787584116
2026-07-12 01:00:00+00:00,CRCL,Fold_1,,,,-0.0016501650165016146,-0.14381638384748205,,0.0019534184823442047,0.0
2026-07-12 02:00:00+00:00,CRCL,Fold_1,,-0.002254621975048998,,0.0003000300030004954,0.024531821287755544,,0.003449310137972228,0.0
2026-07-12 03:00:00+00:00,CRCL,Fold_1,,-0.000897531787584116,,0.0037503750375038614,0.29606454861910086,,-0.0053803616798684395,
2026-07-12 04:00:00+00:00,CRCL,Fold_1,,-0.0,,-0.0016501650165016146,-0.12495988288395746,1.5579646757456287,0.0019534184823442047,
2026-07-12 05:00:00+00:00,CRCL,Fold_1,0.002254621975048998,-0.0,0.3488569249819014,0.0003000300030004954,0.02230114956217957,1.776819225965304,,
2026-07-12 06:00:00+00:00,CRCL,Fold_1,,,,,,1.6457630794035858,,
2026-07-12 07:00:00+00:00,CRCL,Fold_1,,,,,,1.6136447268696827,,
2026-07-12 08:00:00+00:00,CRCL,Fold_1,,,,0.0003000300030004954,0.021267982109562475,1.518990119732932,0.00014997000599858978,0.0037492501499700737
2026-07-12 09:00:00+00:00,CRCL,Fold_1,,,,0.0004500450045004101,0.031245147190952435,,0.00014994751836860942,0.004048582995951344
2026-07-12 10:00:00+00:00,CRCL,Fold_1,,,,0.0006000600060007688,0.04100371385525647,,0.0034482758620690834,0.002248875562218755
2026-07-12 11:00:00+00:00,CRCL,Fold_1,,-0.0037492501499700737,,0.004050405040504135,0.27257219672712163,,0.0004482294935004294,0.0004482294935004294
2026-07-12 12:00:00+00:00,CRCL,Fold_1,,-0.004048582995951344,,0.004500450045004545,0.2832927762620318,,-0.0016427718040621375,0.0002986857825568734
2026-07-12 13:00:00+00:00,CRCL,Fold_1,,-0.002248875562218755,,0.002850285028502819,0.17681086232767082,0.5807665154996036,0.0016454749439043237,0.002243829468960401
2026-07-12 14:00:00+00:00,CRCL,Fold_1,0.004199160167966287,-0.0004482294935004294,0.6100444844823676,0.004500450045004545,0.27070520930033487,0.6544991100011556,0.0002986857825568734,
2026-07-12 15:00:00+00:00,CRCL,Fold_1,0.004348478032688563,-0.0002986857825568734,0.6263146056064592,0.004800480048004818,0.28226972676285256,0.6029507239350297,0.00029859659599873467,
2026-07-12 16:00:00+00:00,CRCL,Fold_1,0.004497751124437732,-0.002243829468960401,0.6561071325159387,0.005100510051005092,0.29961786778311655,0.6076272963009864,,
2026-07-12 17:00:00+00:00,CRCL,Fold_1,,,,,,0.6150727296626074,,
2026-07-12 18:00:00+00:00,CRCL,Fold_1,,,,0.005100510051005092,0.28618757642466275,0.41333674079988364,,
2026-07-12 19:00:00+00:00,CRCL,Fold_1,,,,,,0.474219527668339,,
2026-07-12 20:00:00+00:00,CRCL,Fold_1,,,,,,,,
2026-07-12 21:00:00+00:00,CRCL,Fold_1,,,,0.005100510051005092,0.2757772491001813,,-0.010746268656716351,-0.014925373134328401
2026-07-12 22:00:00+00:00,CRCL,Fold_1,,,,-0.005700570057005638,-0.3046165759692678,,0.001961375980688018,-0.021273385636692788
2026-07-12 23:00:00+00:00,CRCL,Fold_1,,,,-0.0037503750375037503,-0.14132678364149198,,-0.00617376901069111,-0.0204788435476585
2026-07-13 00:00:00+00:00,CRCL,Fold_1,,0.014925373134328401,,-0.009900990099009799,-0.3780573404241692,,-0.017121212121212093,-0.020606060606060628
2026-07-13 01:00:00+00:00,CRCL,Fold_1,,0.021273385636692788,,-0.026852685268526688,-1.0029633490809282,,0.002774780329890536,
2026-07-13 02:00:00+00:00,CRCL,Fold_1,,0.0204788435476585,,-0.024152415241524117,-0.6249022852386269,1.4238260717168243,-0.006302843966179861,
2026-07-13 03:00:00+00:00,CRCL,Fold_1,-0.03522388059701487,0.020606060606060628,-2.533661226009368,-0.030303030303030276,-0.7706415336891588,1.4912010588957734,,
2026-07-18 04:00:00+00:00,CRCL,Fold_2,,,,,,0.18246464168001433,,
2026-07-18 05:00:00+00:00,CRCL,Fold_2,,,,0.0013247226361980946,0.09945777576052628,,,
2026-07-18 06:00:00+00:00,CRCL,Fold_2,,,,,,,,
2026-07-18 07:00:00+00:00,CRCL,Fold_2,,,,0.004139758238118851,0.22146472550924579,,,
2026-07-18 08:00:00+00:00,CRCL,Fold_2,,,,,,,,
2026-07-18 09:00:00+00:00,CRCL,Fold_2,,,,0.0033118065904951255,0.1382496957212228,,0.0011553061561313527,0.001815481102492189
2026-07-18 10:00:00+00:00,CRCL,Fold_2,,,,0.0044709388971684305,0.18416355230901985,,-0.0006594131223210953,0.0008242664029014524
2026-07-18 11:00:00+00:00,CRCL,Fold_2,,,,0.003808577579069272,0.14807451681860656,,0.001319696469812115,-0.0019795447047178394
2026-07-18 12:00:00+00:00,CRCL,Fold_2,,-0.001815481102492189,,0.005133300215267367,0.19999628255986993,,0.00016474464579907533,-0.0006589785831961903
2026-07-18 13:00:00+00:00,CRCL,Fold_2,,-0.0008242664029014524,,0.005298890544792156,0.19611474826615483,,-0.0034590676988963676,-0.001482457585241348
2026-07-18 14:00:00+00:00,CRCL,Fold_2,,0.0019795447047178394,,0.0018214936247722413,0.06679568712624101,0.11230405474173073,0.0026446280991734294,0.002314049586776834
2026-07-18 15:00:00+00:00,CRCL,Fold_2,0.0011553061561313527,0.0006589785831961903,0.057084142423954536,0.0044709388971684305,0.15620758933703638,0.2348900828191023,-0.0006594131223210953,0.0009891196834816984
2026-07-18 16:00:00+00:00,CRCL,Fold_2,-0.0006594131223210953,0.001482457585241348,-0.032502101263827375,0.003808577579069272,0.12753242246959887,0.2548084801266326,0.00032992411745302874,0.001814582645991436
2026-07-18 17:00:00+00:00,CRCL,Fold_2,0.00032992411745302874,-0.002314049586776834,0.032716178689702446,0.004139758238118851,0.26874172119903794,0.5040055073527482,0.0013192612137202797,0.0003298153034299034
2026-07-18 18:00:00+00:00,CRCL,Fold_2,0.0003294892915979286,-0.0009891196834816984,0.03273261970291417,0.005464480874316946,0.3433352276039506,0.5016872067967474,0.00016469038208155595,
2026-07-18 19:00:00+00:00,CRCL,Fold_2,0.00032943501894244775,-0.001814582645991436,0.062179712784975694,0.0056300712038417355,0.6507414492195476,0.9531500680486471,-0.001152642845381191,
2026-07-18 20:00:00+00:00,CRCL,Fold_2,0.0026446280991734294,-0.0003298153034299034,0.6211346106735904,0.0044709388971684305,0.6238368437808386,1.1860509236792756,,
2026-07-18 21:00:00+00:00,CRCL,Fold_2,,,,,,0.8051976708786643,,
2026-07-18 22:00:00+00:00,CRCL,Fold_2,,,,,,0.5659628476685327,,
2026-07-18 23:00:00+00:00,CRCL,Fold_2,,,,0.005961251862891093,0.7621708050117575,0.580829589875571,0.0021399176954732813,0.009382716049382678
2026-07-19 00:00:00+00:00,CRCL,Fold_2,,,,0.008113926146713135,1.16993335264154,,0.00509198423127466,0.007391590013140492
2026-07-19 01:00:00+00:00,CRCL,Fold_2,,,,0.013247226361980502,1.7899882209426756,,0.0021245301519856596,0.0008171269815329119
2026-07-19 02:00:00+00:00,CRCL,Fold_2,,-0.009382716049382678,,0.015399900645802322,1.554299169041833,,0.00016307893020228725,-0.0004892367906066397
2026-07-19 03:00:00+00:00,CRCL,Fold_2,,-0.007391590013140492,,0.015565490975327112,1.5699298910947554,,-0.0014674710582096573,-0.008315669329854836
2026-07-19 04:00:00+00:00,CRCL,Fold_2,,-0.0008171269815329119,,0.014075178009604228,1.4390782448030117,1.0390091781782431,0.0008164598301763082,0.0011430437622468315
2026-07-19 05:00:00+00:00,CRCL,Fold_2,0.008888888888888946,0.0004892367906066397,1.8450441117956404,0.014903129657227954,1.4860236023455748,1.251465943295101,-0.007668461412954741,-0.004731603850546606
2026-07-19 06:00:00+00:00,CRCL,Fold_2,-0.000985545335085436,0.008315669329854836,-0.21117722801716826,0.007120384169564398,0.7192297570006682,1.1679702493173967,0.008056560341992869,
2026-07-19 07:00:00+00:00,CRCL,Fold_2,0.0019611047556791217,-0.0011430437622468315,0.2982519542848522,0.015234310316277533,1.0725113885113635,1.5975010236551634,-0.0050562714076007875,
2026-07-19 08:00:00+00:00,CRCL,Fold_2,-0.005218525766470972,0.004731603850546606,-0.6699980038095921,0.010101010101010166,0.5898846679084112,1.60597703351128,,
2026-07-19 09:00:00+00:00,CRCL,Fold_2,,,,,,1.6276725672735943,,
2026-07-19 10:00:00+00:00,CRCL,Fold_2,,,,0.005961251862891093,0.32064583569527644,1.8120486487915277,0.0,0.0027983539094651455
2026-07-19 11:00:00+00:00,CRCL,Fold_2,,,,0.005961251862891093,0.30778064433120667,2.03913920062936,-0.0009876543209876854,0.003786008230452609
2026-07-19 12:00:00+00:00,CRCL,Fold_2,,,,0.004967709885742577,0.2530179744374565,2.025901501271359,0.0037897511945954587,0.005107925523150536
2026-07-19 13:00:00+00:00,CRCL,Fold_2,,-0.0027983539094651455,,0.008776287464812071,0.44023246016867895,1.60591562004064,0.000984898227183173,0.0006565988181221893
2026-07-19 14:00:00+00:00,CRCL,Fold_2,,-0.003786008230452609,,0.009769829441960587,0.4691061806530849,1.0324934414558253,0.0003279763857002571,
2026-07-19 15:00:00+00:00,CRCL,Fold_2,,-0.005107925523150536,,0.010101010101010166,0.4950793155079199,0.605598170318528,-0.0006557377049180024,
2026-07-19 16:00:00+00:00,CRCL,Fold_2,0.0034567901234567877,-0.0006565988181221893,0.4196485984087946,0.009438648782911008,0.461420997491686,0.5366713834232519,,
2026-07-19 17:00:00+00:00,CRCL,Fold_2,,,,,,0.5124931075957616,,
2026-07-19 18:00:00+00:00,CRCL,Fold_2,,,,,,0.5493287297018803,,
2026-07-19 19:00:00+00:00,CRCL,Fold_2,,,,,,0.5361335054554113,,
2026-07-19 20:00:00+00:00,CRCL,Fold_2,,,,,,,,
2026-07-19 21:00:00+00:00,CRCL,Fold_2,,,,0.012916045702930923,0.5271883500700383,,,
2026-07-19 22:00:00+00:00,CRCL,Fold_2,,,,,,,,
2026-07-19 23:00:00+00:00,CRCL,Fold_2,,,,0.012253684384831987,0.4886537416629411,,-0.00539833142483237,-0.004089645018812371
2026-07-20 00:00:00+00:00,CRCL,Fold_2,,,,0.0067892035105148185,0.26771545716216844,,-0.004111842105263164,0.002960526315789469
2026-07-20 01:00:00+00:00,CRCL,Fold_2,,,,0.002649445272395967,0.09668195889401086,,0.005450041288191709,
2026-07-20 02:00:00+00:00,CRCL,Fold_2,,0.004089645018812371,,0.008113926146713135,0.30269418816398325,,0.0016425755584756896,
2026-07-20 03:00:00+00:00,CRCL,Fold_2,,-0.002960526315789469,,0.009769829441960587,0.33881454666475264,,,
2026-07-25 04:00:00+00:00,CRCL,Fold_2,-0.010726349049601569,0.004998387616897859,-0.42926705512805763,-0.004837929366231175,-0.47425375942138837,0.31590160124655103,0.0025927726462484646,-0.000972289742343202
2026-07-25 05:00:00+00:00,CRCL,Fold_2,-0.0037037037037037646,-0.00016165535079215587,-0.1477709513648916,-0.002257700370907889,-0.15601981737539214,0.268343555944354,-0.003879101341522473,
2026-07-25 06:00:00+00:00,CRCL,Fold_2,-0.006624651440176543,0.006128043863892874,-0.26380387434843744,-0.006128043863892874,-0.3451079787055051,0.28072152482998464,0.0003245172805450558,
2026-07-25 07:00:00+00:00,CRCL,Fold_2,-0.005965817478232882,0.000972289742343202,-0.23736988567719347,-0.005805515239477477,-0.2829059342968,0.30981659014149343,,
2026-07-25 08:00:00+00:00,CRCL,Fold_2,,,,,,0.3205515134168604,,
2026-07-25 09:00:00+00:00,CRCL,Fold_2,,,,-0.0016126431220770954,-0.06437747857117003,0.3418364149965923,0.0,-0.00016152479405584508
2026-07-25 10:00:00+00:00,CRCL,Fold_2,,,,-0.0016126431220770954,-0.05881936341205164,0.338310884213042,0.0,0.0016152479405588949
2026-07-25 11:00:00+00:00,CRCL,Fold_2,,,,-0.0016126431220770954,-0.05567870434405279,0.2623030632762565,-0.00016152479405584508,0.0032304958811177897
2026-07-25 12:00:00+00:00,CRCL,Fold_2,,0.00016152479405584508,,-0.0017739074342847383,-0.05811361356682868,0.1965119951584304,0.001777059773828693,0.005331179321486301
2026-07-25 13:00:00+00:00,CRCL,Fold_2,,-0.0016152479405588949,,0.0,0.0,0.020068561427617364,0.0016126431220770954,0.004515400741815778
2026-07-25 14:00:00+00:00,CRCL,Fold_2,,-0.0032304958811177897,,0.0016126431220770954,0.06939487261848902,0.13110447521191732,0.0019320560296247624,0.005313154081468374
2026-07-25 15:00:00+00:00,CRCL,Fold_2,0.005168793409788375,-0.005331179321486301,0.3082093203924011,0.0035478148685694766,0.14958999414614874,0.14048433343815364,0.0009641651936365125,0.009641651936365125
2026-07-25 16:00:00+00:00,CRCL,Fold_2,0.006137942174123667,-0.004515400741815778,0.9751161908070571,0.004515400741815778,0.48734198056304506,0.3922239764879626,0.0024080911863861854,0.00915074650826786
2026-07-25 17:00:00+00:00,CRCL,Fold_2,0.00856081408496201,-0.005313154081468374,1.427963960947915,0.006934365424931421,0.7572172741488825,0.37427981022296086,0.006245996156310163,0.007206918641896376
2026-07-25 18:00:00+00:00,CRCL,Fold_2,0.015024232633279455,-0.009641651936365125,2.4592263057219514,0.013223673601032049,1.3689522909115308,0.3636043837982733,0.00047747891134819476,0.0009549578226961675
2026-07-25 19:00:00+00:00,CRCL,Fold_2,0.01370746653765531,-0.00915074650826786,1.9606870934915537,0.01370746653765531,1.2006707310787306,0.6653656815670596,0.0004772510340438352,-0.00572701240852691
2026-07-25 20:00:00+00:00,CRCL,Fold_2,0.01255836419256151,-0.007206918641896376,1.8226590216743688,0.01419125947427835,1.223614067901317,0.7336236190250056,0.0,-0.007632373986325436
2026-07-25 21:00:00+00:00,CRCL,Fold_2,0.010605817130001638,-0.0009549578226961675,1.5458864779488255,0.01419125947427835,1.1942459502928233,0.7800496392900566,-0.006201303863889285,-0.006201303863889285
2026-07-25 22:00:00+00:00,CRCL,Fold_2,0.003371327660940837,0.00572701240852691,0.514686836300475,0.007901951298177723,0.6779150419117246,0.8780413704504813,-0.0014400000000001079,0.005600000000000049
2026-07-25 23:00:00+00:00,CRCL,Fold_2,-0.00048046124279310654,0.007632373986325436,-0.06837756961723249,0.0064505724883083815,0.5028219030119059,1.4099087106140837,0.0014420765902900534,0.007370613683704619
2026-07-26 00:00:00+00:00,CRCL,Fold_2,-0.005252268024828921,0.006201303863889285,-0.78913757718395,0.007901951298177723,0.6346089174619984,1.4717978964236071,0.005600000000000049,0.007519999999999971
2026-07-26 01:00:00+00:00,CRCL,Fold_2,-0.00015908367801464873,-0.005600000000000049,-0.023845602389542215,0.013546202225447557,1.0603872917349175,1.0185829002863356,0.00031821797931574913,0.005568814638027053
2026-07-26 02:00:00+00:00,CRCL,Fold_2,-0.00031801558276356445,-0.007370613683704619,-0.043899920717675116,0.013868730849862843,0.9778309111872211,1.3025434933608917,0.001590583744234264,0.0036583426117384743
2026-07-26 03:00:00+00:00,CRCL,Fold_2,0.0012720623310542578,-0.007519999999999971,0.18024971016107108,0.015481373971939938,1.0968460834087455,1.33579926713044,0.003652532952199472,0.0004764173415912065
2026-07-26 04:00:00+00:00,CRCL,Fold_2,0.011200000000000099,-0.005568814638027053,1.5983705950618934,0.01919045315271739,1.341684212669241,1.3656968401405776,-0.0015822784810126667,0.00015822784810115564
2026-07-26 05:00:00+00:00,CRCL,Fold_2,0.011055920525556928,-0.0036583426117384743,1.6897748264337507,0.017577810030640295,1.2905880678916297,0.9278987369897435,-0.0015847860538827918,0.0012678288431060558
2026-07-26 06:00:00+00:00,CRCL,Fold_2,0.008000000000000007,-0.0004764173415912065,1.2127212876855413,0.0159651669085632,1.1408754122313787,0.9345310778945873,0.0033333333333334103,0.0034920634920634352
2026-07-26 07:00:00+00:00,CRCL,Fold_2,0.005727923627685039,-0.00015822784810115564,0.9179118360410133,0.019351717464925144,1.4355551297179834,1.1335519940159675,-0.00047460844803037805,-0.0034804619522227354
2026-07-26 08:00:00+00:00,CRCL,Fold_2,0.0049308096071258856,-0.0012678288431060558,0.7741197148204729,0.018867924528301883,1.3473817204604854,0.8875104738646079,0.0006331117442228695,-0.0039569484013928236
2026-07-26 09:00:00+00:00,CRCL,Fold_2,0.003970144513260276,-0.0034920634920634352,0.6336604233580045,0.019512981777132676,1.3928004697887195,0.9278686690030377,-0.003638089212274598,
2026-07-26 10:00:00+00:00,CRCL,Fold_2,-0.0033227848101266,0.0034804619522227354,-0.5421411030338459,0.015803902596355446,1.1344078972554699,0.9365395161317907,-0.0009525321479599835,
2026-07-26 11:00:00+00:00,CRCL,Fold_2,-0.002694136291600646,0.0039569484013928236,-0.413086406973834,0.014836316723109144,0.9850268624516169,0.8912830666238774,,
2026-07-26 12:00:00+00:00,CRCL,Fold_2,,,,,,0.8698683666044128,,
2026-07-26 13:00:00+00:00,CRCL,Fold_2,,,,0.015158845347524652,0.9505600907755626,0.9257021119673919,0.003812549642573382,0.004606830818109531
2026-07-26 14:00:00+00:00,CRCL,Fold_2,,,,0.019029188840509637,1.153135939712304,0.6498781336165274,0.00015825288811521787,0.0007912644405760894
2026-07-26 15:00:00+00:00,CRCL,Fold_2,,,,0.01919045315271739,1.117113597342681,1.087316651759716,0.0006329113924050667,0.00031645569620253333
2026-07-26 16:00:00+00:00,CRCL,Fold_2,,-0.004606830818109531,,0.019835510401548184,1.1426338874630313,1.0820423360151148,0.0,0.0025300442757747454
2026-07-26 17:00:00+00:00,CRCL,Fold_2,,-0.0007912644405760894,,0.019835510401548184,1.1277465688276134,0.7164294736868643,-0.0003162555344718987,0.0026881720430107503
2026-07-26 18:00:00+00:00,CRCL,Fold_2,,-0.00031645569620253333,,0.019512981777132676,1.1041687438981573,0.6342065374709429,0.002847200253084381,-0.0006327111673520847
2026-07-26 19:00:00+00:00,CRCL,Fold_2,0.007148530579825119,-0.0025300442757747454,1.1520861948191499,0.02241573939687158,1.399158424355251,0.666000984566596,0.0001577287066245603,0.0012618296529969264
2026-07-26 20:00:00+00:00,CRCL,Fold_2,0.003481563538534571,-0.0026881720430107503,0.5483435075025767,0.022577003709079113,1.3602802150867201,0.661132761857081,-0.0036271881406717554,0.011827787415234159
2026-07-26 21:00:00+00:00,CRCL,Fold_2,-0.00031645569620253333,0.0006327111673520847,-0.04983555329515715,0.018867924528301883,1.1230561678700761,0.4444915990891513,0.0047483380816712994,0.0039569484013928236
2026-07-26 22:00:00+00:00,CRCL,Fold_2,0.003795066413662118,-0.0012618296529969264,0.5678638507571571,0.02370585389453317,1.3250181994964592,0.7648461869980221,0.010712035286704502,-0.002520478890989275
2026-07-26 23:00:00+00:00,CRCL,Fold_2,0.01454775458570512,-0.011827787415234159,2.381354413364741,0.03467182712465733,2.0958205048166096,1.1553776832086122,-0.011377805486284198,-0.01091022443890266
2026-07-27 00:00:00+00:00,CRCL,Fold_2,0.0033217336285986665,-0.0039569484013928236,0.41929111087871535,0.02289953233349462,1.0554722837659642,1.536867438773966,-0.0017341951757843255,0.0042566608860161725
2026-07-27 01:00:00+00:00,CRCL,Fold_2,-0.0012618296529968154,0.002520478890989275,-0.1224642129678473,0.02112562489920977,0.740482399657308,1.7980980220178693,0.002210991787744865,
2026-07-27 02:00:00+00:00,CRCL,Fold_2,0.0007885191610157438,0.01091022443890266,0.0787906311254273,0.02338332527011766,0.8348247098950474,1.840507192063351,0.0037819098644815696,
2026-07-27 03:00:00+00:00,CRCL,Fold_2,0.008230452674897082,-0.0042566608860161725,0.8184845269211661,0.027253668763102867,0.9582233099436848,1.8476275909978253,,
2026-08-01 04:00:00+00:00,CRCL,Fold_2,,,,,,0.15625207038737557,,
2026-08-01 05:00:00+00:00,CRCL,Fold_2,,,,-0.0027419354838710275,-0.17565185868608887,,-0.004528546013262136,
2026-08-01 06:00:00+00:00,CRCL,Fold_2,,,,-0.007258064516129092,-0.3726904169382574,,,
2026-08-01 07:00:00+00:00,CRCL,Fold_2,,,,,,,,
2026-08-01 08:00:00+00:00,CRCL,Fold_2,,,,0.001290322580645098,0.050316552741868296,,0.0008054123711340733,-0.00048324742268046617
2026-08-01 09:00:00+00:00,CRCL,Fold_2,,,,0.0020967741935484785,0.07340321298183959,,0.0008047642040882597,-0.0011266698857235191
2026-08-01 10:00:00+00:00,CRCL,Fold_2,,,,0.002903225806451637,0.0944110576809182,,-0.002090704406561672,-0.01592151817304599
2026-08-01 11:00:00+00:00,CRCL,Fold_2,,0.00048324742268046617,,0.0008064516129031585,0.024508290499873707,,0.00016116035455282507,0.0
2026-08-01 12:00:00+00:00,CRCL,Fold_2,,0.0011266698857235191,,0.000967741935483879,0.027748405000634923,0.2215602525500486,-0.014018691588785104,-0.0020947470190139095
2026-08-01 13:00:00+00:00,CRCL,Fold_2,,0.01592151817304599,,-0.013064516129032255,-0.35759958554219773,0.11897407757712902,0.014054584082366484,0.017159666612191593
2026-08-01 14:00:00+00:00,CRCL,Fold_2,-0.00048324742268046617,-0.0,-0.021129921204828494,0.0008064516129031585,0.02604269522803945,0.679709256573501,-0.0019339242546333457,0.003223207091055613
2026-08-01 15:00:00+00:00,CRCL,Fold_2,-0.0032190568163528166,0.0020947470190139095,-0.15464729493348955,-0.0011290322580644885,-0.038353503197702955,1.0521808671626516,0.0050056515420635606,-0.013402228322299314
2026-08-01 16:00:00+00:00,CRCL,Fold_2,0.0009649404953362417,-0.017159666612191593,0.046448262526999684,0.003870967741935516,0.1265879718252731,1.0563389034630142,0.00016066838046269183,-0.018316195372750643
2026-08-01 17:00:00+00:00,CRCL,Fold_2,0.003223207091055613,-0.003223207091055613,0.18837174842177368,0.0040322580645162365,0.1542721334611267,1.3229424442399946,-0.01847389558232926,-0.019116465863453724
2026-08-01 18:00:00+00:00,CRCL,Fold_2,-0.015468901063486973,0.013402228322299314,-1.0420101233239858,-0.014516129032258074,-0.6184339060548294,1.5139616662722422,0.0,-0.0003273322422259195
2026-08-01 19:00:00+00:00,CRCL,Fold_2,-0.0014708285667591747,0.018316195372750643,-0.08462661804635092,-0.014516129032258074,-0.5114596569102944,1.697822682371035,-0.000654664484451728,-0.0003273322422259195
2026-08-01 20:00:00+00:00,CRCL,Fold_2,-0.01595487510072513,0.019116465863453724,-0.9414902955851587,-0.015161290322580623,-0.5315079535272084,1.5397817754309955,0.0003275466754011358,-0.0003275466754012468
2026-08-01 21:00:00+00:00,CRCL,Fold_2,-0.013725173583077677,0.0003273322422259195,-0.8235601108095034,-0.014838709677419404,-0.5140590012992885,1.191197141084405,0.0,0.0
2026-08-01 22:00:00+00:00,CRCL,Fold_2,-0.018637532133676138,0.0003273322422259195,-1.1295337053982308,-0.014838709677419404,-0.5053656881928201,1.216798420728032,-0.0006548788474132206,0.0
2026-08-01 23:00:00+00:00,CRCL,Fold_2,-0.019437751004016124,0.0003275466754012468,-1.1795828701668454,-0.015483870967741953,-0.5146626045198501,1.120168530656277,0.000655307994757548,0.001638269986893759
2026-08-02 00:00:00+00:00,CRCL,Fold_2,-0.0003273322422259195,-0.0,-0.01988917795118253,-0.014838709677419404,-0.481936882174723,1.1121055076153201,0.0,-0.00032743942370649926
2026-08-02 01:00:00+00:00,CRCL,Fold_2,-0.0003273322422259195,-0.0,-0.020423489960571042,-0.014838709677419404,-0.4835056945693442,0.08018643835468735,0.0009823182711199419,-0.0004911591355599709
2026-08-02 02:00:00+00:00,CRCL,Fold_2,0.0013101867016049873,-0.001638269986893759,0.08392710725683221,-0.013870967741935525,-0.4538240804010766,0.08232444667785761,-0.0013084723585213842,0.0026169447170427684
2026-08-02 03:00:00+00:00,CRCL,Fold_2,-0.00032743942370649926,0.00032743942370649926,-0.020923066665872556,-0.015161290322580623,-0.4843959908204944,0.08976082818137972,-0.00016377333770067892,0.002129053390107938
2026-08-02 04:00:00+00:00,CRCL,Fold_2,-0.0004911591355599709,0.0004911591355599709,-0.03143652419232511,-0.015322580645161343,-0.48045180815996696,0.1315012622981118,0.004095004095004073,
2026-08-02 05:00:00+00:00,CRCL,Fold_2,0.004259501965923951,-0.0026169447170427684,0.2795800581023102,-0.011290322580645218,-0.3559939927547428,0.13494192561783055,-0.0017944535073409762,
2026-08-02 06:00:00+00:00,CRCL,Fold_2,0.001800916830386301,-0.002129053390107938,0.11923581341688334,-0.013064516129032255,-0.4077557880214046,0.297957302314694,,
2026-08-02 07:00:00+00:00,CRCL,Fold_2,,,,,,0.34422982232580157,,
2026-08-02 08:00:00+00:00,CRCL,Fold_2,,,,-0.012903225806451535,-0.39190360846447564,0.38390995319262833,-0.00032679738562091387,-0.0019607843137255943
2026-08-02 09:00:00+00:00,CRCL,Fold_2,,,,-0.013225806451612865,-0.3949494371653326,0.43843849181016686,-0.0006538084341287664,
2026-08-02 10:00:00+00:00,CRCL,Fold_2,,,,-0.013870967741935525,-0.4080115192778932,0.4154383050923679,-0.0009813542688911214,
2026-08-02 11:00:00+00:00,CRCL,Fold_2,,0.0019607843137255943,,-0.014838709677419404,-0.4302436983612687,0.42442323396449794,,
2026-08-02 12:00:00+00:00,CRCL,Fold_2,,,,,,0.10340768973092236,,
2026-08-02 13:00:00+00:00,CRCL,Fold_2,,,,-0.014516129032258074,-0.39914177130400197,,0.0,-0.0004909983633387682
2026-08-02 14:00:00+00:00,CRCL,Fold_2,,,,-0.014516129032258074,-0.4391726927489361,,0.0,-0.0004909983633387682
2026-08-02 15:00:00+00:00,CRCL,Fold_2,,,,-0.014516129032258074,-0.5386246896735033,0.09401593530359041,-0.0004909983633387682,
2026-08-02 16:00:00+00:00,CRCL,Fold_2,,0.0004909983633387682,,-0.015000000000000013,-0.5496422878258321,0.10935093355802664,0.0,
2026-08-02 17:00:00+00:00,CRCL,Fold_2,,0.0004909983633387682,,-0.015000000000000013,-0.5681280782248754,0.1096918102317488,,
2026-08-02 18:00:00+00:00,CRCL,Fold_2,,,,,,0.05734648998145626,,
2026-08-02 19:00:00+00:00,CRCL,Fold_2,,,,-0.015967741935483892,-2.1097978883507054,0.20515277351964756,,
2026-08-02 20:00:00+00:00,CRCL,Fold_2,,,,,,0.19938327820259005,,
2026-08-02 21:00:00+00:00,CRCL,Fold_2,,,,-0.014516129032258074,-1.7780538251794225,,0.00032733224222569746,0.01571194762684125
2026-08-02 22:00:00+00:00,CRCL,Fold_2,,,,-0.014193548387096855,-1.667830487619828,,0.0,0.014070680628272214
2026-08-02 23:00:00+00:00,CRCL,Fold_2,,,,-0.014193548387096855,-1.6446496306123668,,0.015379581151832467,0.014234293193717384
2026-08-03 00:00:00+00:00,CRCL,Fold_2,,-0.01571194762684125,,0.000967741935483879,0.11183308760482118,,-0.00128907508862397,-0.010151466322913305
2026-08-03 01:00:00+00:00,CRCL,Fold_2,,-0.014070680628272214,,-0.00032258064516133,-0.011723481562131845,,0.00016134236850606776,
2026-08-03 02:00:00+00:00,CRCL,Fold_2,,-0.014234293193717384,,-0.0001612903225806095,-0.005752801097640404,1.9270940552510756,-0.009033715115341234,
2026-08-03 03:00:00+00:00,CRCL,Fold_2,0.0054009819967266726,0.010151466322913305,0.5386949877913115,-0.00919354838709674,-0.324196541691175,1.7093847251182392,,
2026-08-08 04:00:00+00:00,CRCL,Fold_3,,0.00029850746268655914,,0.0002986857825568734,0.04791878784512308,0.1636343574113856,-0.0002985965959989567,-0.0010450880859959044
2026-08-08 05:00:00+00:00,CRCL,Fold_3,,0.0014912019087385264,,0.0,0.0,0.1656559277426246,0.0001493428912784367,
2026-08-08 06:00:00+00:00,CRCL,Fold_3,,-0.0001493428912784367,,0.0001493428912784367,0.013828228240558366,0.16343096172323962,-0.0008959235478572802,
2026-08-08 07:00:00+00:00,CRCL,Fold_3,-0.0013432835820895717,0.0010450880859959044,-0.08771985690811784,-0.0007467144563918504,-0.059721457305496516,0.14276846524002684,,
2026-08-08 08:00:00+00:00,CRCL,Fold_3,,,,,,0.1383520253206823,,
2026-08-08 09:00:00+00:00,CRCL,Fold_3,,,,-0.00014934289127821465,-0.009596424424484908,0.11740660756101438,-0.00044809559372671615,-0.0007468259895443419
2026-08-08 10:00:00+00:00,CRCL,Fold_3,,,,-0.0005973715651134137,-0.03491783673462917,0.08299632572264591,0.0,0.0013448894202032768
2026-08-08 11:00:00+00:00,CRCL,Fold_3,,,,-0.0005973715651134137,-0.03253757048346493,0.06641009656732162,-0.0002988643156006665,0.0026897788404063316
2026-08-08 12:00:00+00:00,CRCL,Fold_3,,0.0007468259895443419,,-0.0008960573476700651,-0.04603398691154315,0.07277851736613525,0.001644245142002898,0.0023916292974588416
2026-08-08 13:00:00+00:00,CRCL,Fold_3,,-0.0013448894202032768,,0.0007467144563919614,0.039427407191505254,0.06232791751383739,0.0013430831219218842,0.0023877033278614235
2026-08-08 14:00:00+00:00,CRCL,Fold_3,,-0.0026897788404063316,,0.0020908004778972256,0.12392352752144113,0.18965464538103796,-0.0005961251862890427,0.0019374068554398605
2026-08-08 15:00:00+00:00,CRCL,Fold_3,0.0016430171769976631,-0.0023916292974588416,0.30233898012878224,0.0014934289127839229,0.19432183241388332,0.4389627456214054,0.0016403220996121792,0.002833283626602956
2026-08-08 16:00:00+00:00,CRCL,Fold_3,0.003735803945009053,-0.0023877033278614235,1.1671363959462087,0.0031362007168460604,0.6656490778573246,0.7421356930672692,0.0008932559178205235,0.0013398838767306742
2026-08-08 17:00:00+00:00,CRCL,Fold_3,0.0046323968918111635,-0.0019374068554398605,1.4839398173316463,0.0040322580645162365,0.8456106675254094,0.8094362949206159,0.0002974862412612467,0.0019336605681985475
2026-08-08 18:00:00+00:00,CRCL,Fold_3,0.00523168908819116,-0.002833283626602956,1.908740860513218,0.004330943847072888,0.999349944224831,0.8823580826403327,0.00014869888475854687,0.0032713754646840343
2026-08-08 19:00:00+00:00,CRCL,Fold_3,0.0037307864497835297,-0.0013398838767306742,1.5737892975265662,0.0044802867383513245,1.1573577934326822,0.9119317988398714,0.0014867677668746193,0.003122212310437078
2026-08-08 20:00:00+00:00,CRCL,Fold_3,0.003874813710879277,-0.0019336605681985475,1.6477334430980943,0.005973715651135025,1.509148024166114,0.8644450435303472,0.0016330166270783764,0.0017814726840856832
2026-08-08 21:00:00+00:00,CRCL,Fold_3,0.0061139278258275365,-0.0032713754646840343,2.5688299720071877,0.007616487455197163,1.847605114905123,0.8815371230893239,0.0,0.0004446420631392112
2026-08-08 22:00:00+00:00,CRCL,Fold_3,0.004466279589102173,-0.003122212310437078,2.024433679440057,0.007616487455197163,1.94004231784911,0.7490326214213482,0.00014821402104647774,-0.0013339261894175225
2026-08-08 23:00:00+00:00,CRCL,Fold_3,0.0037185780157666937,-0.0017814726840856832,1.6801854585407285,0.0077658303464755996,1.9218914304644683,0.7781475845333164,0.00029638411381149865,-0.0020746887966804906
2026-08-09 00:00:00+00:00,CRCL,Fold_3,0.0037174721189590088,-0.0004446420631392112,1.67837888442721,0.008064516129032251,1.946196018369113,0.8142655302905477,-0.001777777777777878,-0.0031111111111110645
2026-08-09 01:00:00+00:00,CRCL,Fold_3,0.001784121320249632,0.0013339261894175225,0.8264031919792517,0.006272401433691677,1.5172799995978556,0.8355033958571882,-0.0005936479667556505,
2026-08-09 02:00:00+00:00,CRCL,Fold_3,-0.0002969121140141695,0.0020746887966804906,-0.12495641831742124,0.005675029868578374,1.2198614584322813,1.2722470324027435,-0.0007425007425007069,
2026-08-09 03:00:00+00:00,CRCL,Fold_3,-0.002667852378834934,0.0031111111111110645,-1.118935601916402,0.004928315412186635,1.0335031308173677,1.1509156665430598,,
2026-08-09 04:00:00+00:00,CRCL,Fold_3,,,,,,0.8358120457813377,,
2026-08-09 05:00:00+00:00,CRCL,Fold_3,,,,0.0092592592592593,1.917081875856062,0.8751971175800116,0.0007398638650488731,0.0026635099141758545
2026-08-09 06:00:00+00:00,CRCL,Fold_3,,,,0.010005973715651262,1.995577812822082,0.8808515860954168,0.0007393168712110931,0.001182906993937527
2026-08-09 07:00:00+00:00,CRCL,Fold_3,,,,0.010752688172043223,2.091014020499803,1.0631826685892891,0.0011820330969267712,
2026-08-09 08:00:00+00:00,CRCL,Fold_3,,-0.0026635099141758545,,0.011947431302270273,2.3629126755609176,0.8680033922770084,-0.0007378984651713605,
2026-08-09 09:00:00+00:00,CRCL,Fold_3,,-0.001182906993937527,,0.01120071684587809,2.1896029265323635,0.9005457973204412,,
2026-08-09 10:00:00+00:00,CRCL,Fold_3,,,,,,0.8909901998263784,,
2026-08-09 11:00:00+00:00,CRCL,Fold_3,,,,0.01120071684587809,2.087237115075801,0.884247915915013,,
2026-08-09 12:00:00+00:00,CRCL,Fold_3,,,,,,0.8650362795095674,,
2026-08-09 13:00:00+00:00,CRCL,Fold_3,,,,0.012694145758662012,2.214754393934659,,0.0002949417490045736,0.0025070048665389866
2026-08-09 14:00:00+00:00,CRCL,Fold_3,,,,0.012992831541218663,2.279665697910143,,0.0008845643520567492,0.0025062656641603454
2026-08-09 15:00:00+00:00,CRCL,Fold_3,,,,0.013888888888889062,2.4884526026966594,,0.001325673884224443,0.00044189129474148103
2026-08-09 16:00:00+00:00,CRCL,Fold_3,,-0.0025070048665389866,,0.015232974910394326,2.7415913885223064,,0.0002942041776992088,-0.00029420417769943086
2026-08-09 17:00:00+00:00,CRCL,Fold_3,,-0.0025062656641603454,,0.015531660692951199,2.830096675118278,,-0.0011764705882352233,0.00014705882352950006
2026-08-09 18:00:00+00:00,CRCL,Fold_3,,-0.00044189129474148103,,0.01433691756272415,2.609605044988369,0.5699743128261843,0.0005889281507653887,0.001914016489988235
2026-08-09 19:00:00+00:00,CRCL,Fold_3,0.002212063117534191,0.00029420417769943086,0.9534213718969966,0.014934289127837452,2.4929728724674196,0.9974961442291246,0.0007357268981755816,-0.0008828722778102538
2026-08-09 20:00:00+00:00,CRCL,Fold_3,0.0026536930561700256,-0.00014705882352950006,1.1396217985486685,0.015681003584229636,2.576129024154269,0.8961725242139454,0.000588148801646593,-0.008087046022643873
2026-08-09 21:00:00+00:00,CRCL,Fold_3,0.0023567535719546395,-0.001914016489988235,1.058520041341064,0.01627837514934294,2.763420303011156,0.9497098424304102,-0.0022042615723730785,-0.011609110947832346
2026-08-09 22:00:00+00:00,CRCL,Fold_3,-0.0011768167107972793,0.0008828722778102538,-0.569252970595432,0.014038231780167498,2.5365900519268236,0.9965361113088314,-0.006480117820324205,-0.00677466863033882
2026-08-09 23:00:00+00:00,CRCL,Fold_3,-0.00794117647058834,0.008087046022643873,-3.2062432526769062,0.007467144563918726,1.1133083534191428,1.1977559673128693,-0.0029647198339755043,0.0016305959086866384
2026-08-10 00:00:00+00:00,CRCL,Fold_3,-0.009717314487632467,0.011609110947832346,-2.1600378129461952,0.0044802867383513245,0.36365559483630117,1.519515441539256,0.002676181980374448,0.0038655961938742767
2026-08-10 01:00:00+00:00,CRCL,Fold_3,-0.00765155974102405,0.00677466863033882,-1.6192926934028944,0.007168458781362075,0.5478956905908657,1.4857821993689773,0.0019276393831553218,
2026-08-10 02:00:00+00:00,CRCL,Fold_3,-0.0064696368181151875,-0.0016305959086866384,-1.2945396841205832,0.009109916367980864,0.651293213576973,1.6098076208368421,-0.0007399733609589898,
2026-08-10 03:00:00+00:00,CRCL,Fold_3,-0.007788390889052144,-0.0038655961938742767,-1.5124279082958743,0.008363201911589124,0.5741885542437376,1.646587273587959,,
2026-08-15 04:00:00+00:00,CRCL,Fold_3,0.0069841269841270925,-0.001965463989891836,0.3525296192893106,0.0005607738679378471,0.06933409919073061,0.3970966289829517,-0.000560459576853134,-0.0007005744710664175
2026-08-15 05:00:00+00:00,CRCL,Fold_3,0.005214205186020449,-0.004647887323943722,0.2624800936603609,0.0,0.0,0.3185804083294268,-0.0007009673349221979,-0.0007009673349221979
2026-08-15 06:00:00+00:00,CRCL,Fold_3,0.002108814846056628,0.0007009673349221979,0.10617724539277598,-0.0007009673349221979,-0.04991209299967044,0.33015066665288323,0.0005611672278338364,0.0012626262626262985
2026-08-15 07:00:00+00:00,CRCL,Fold_3,0.0012635125649302914,0.0007005744710664175,0.06360282542828936,-0.00014019346698446178,-0.008643114157328779,0.3232956484502535,-0.0005608524957935179,
2026-08-15 08:00:00+00:00,CRCL,Fold_3,0.003943661971830936,0.0007009673349221979,0.19800876329652875,-0.0007009673349221979,-0.038554327487563086,0.31687402372974965,0.0012626262626262985,
2026-08-15 09:00:00+00:00,CRCL,Fold_3,0.0005607738679378471,-0.0012626262626262985,0.02813617240441503,0.0005607738679378471,0.02813617240441503,0.25039747738107604,,
2026-08-15 10:00:00+00:00,CRCL,Fold_3,,,,,,0.09971745602921332,,
2026-08-15 11:00:00+00:00,CRCL,Fold_3,,,,0.0008411608019067707,0.03601523579642216,0.10538608346020344,-0.0002801512816920093,0.0011206051267684813
2026-08-15 12:00:00+00:00,CRCL,Fold_3,,,,0.0005607738679378471,0.022562267477151437,0.11314511068176328,0.0009808042594927624,0.0012610340479191073
2026-08-15 13:00:00+00:00,CRCL,Fold_3,,,,0.0015421281368288575,0.059033841038528094,0.10032932153537093,0.0004199328107503675,0.00013997760358352984
2026-08-15 14:00:00+00:00,CRCL,Fold_3,,-0.0011206051267684813,,0.001962708537782243,0.09037818620839161,0.1382273594854226,-0.00013991884706876512,-0.00013991884706876512
2026-08-15 15:00:00+00:00,CRCL,Fold_3,,-0.0012610340479191073,,0.001822515070797559,0.11073916678493904,0.14333100516866984,-0.0001399384270919235,
2026-08-15 16:00:00+00:00,CRCL,Fold_3,,-0.00013997760358352984,,0.0016823216038133193,0.11706738620245707,0.14456326670166486,0.0001399580125960309,
2026-08-15 17:00:00+00:00,CRCL,Fold_3,0.0009805294859221991,0.00013991884706876512,0.11913754875731014,0.001822515070797559,0.14496752951341,0.15710616990946952,,
2026-08-15 18:00:00+00:00,CRCL,Fold_3,,,,,,0.1597493757599275,,
2026-08-15 19:00:00+00:00,CRCL,Fold_3,,,,0.0007009673349220868,0.08642056874384772,0.2311931757733643,0.0012608573830203973,
2026-08-15 20:00:00+00:00,CRCL,Fold_3,,,,0.001962708537782243,0.22881610381049908,0.12882652955663765,,
2026-08-15 21:00:00+00:00,CRCL,Fold_3,,,,,,0.37645220092148285,,
2026-08-15 22:00:00+00:00,CRCL,Fold_3,,,,,,,,
2026-08-15 23:00:00+00:00,CRCL,Fold_3,,,,,,,,
2026-08-16 00:00:00+00:00,CRCL,Fold_3,,,,,,,,
2026-08-16 01:00:00+00:00,CRCL,Fold_3,,,,0.0011215477358754722,0.14976984807168886,,0.0,0.0004201092283993013
2026-08-16 02:00:00+00:00,CRCL,Fold_3,,,,0.0011215477358754722,0.14375658814947057,,-0.0005601456378657721,0.0005601456378658831
2026-08-16 03:00:00+00:00,CRCL,Fold_3,,,,0.0005607738679378471,0.08722645985710258,,0.0009808042594927624,0.001961608518985525
2026-08-16 04:00:00+00:00,CRCL,Fold_3,,-0.0004201092283993013,,0.0015421281368288575,0.46394984886814244,,0.00013997760358352984,0.0013997760358344102
2026-08-16 05:00:00+00:00,CRCL,Fold_3,,-0.0005601456378658831,,0.0016823216038133193,0.4770238545486306,,0.0008397480755772957,0.002799160251924393
2026-08-16 06:00:00+00:00,CRCL,Fold_3,,-0.001961608518985525,,0.00252348240572009,0.7344537353603324,0.963134849410931,0.0004195217452105382,0.0034960145434204115
2026-08-16 07:00:00+00:00,CRCL,Fold_3,0.0018204733230642312,-0.0013997760358344102,1.1872934007943392,0.0029440628066732533,0.8888273605543613,1.0129832897556943,0.0015376013419066137,0.0033547665641597835
2026-08-16 08:00:00+00:00,CRCL,Fold_3,0.0033608738271952987,-0.002799160251924393,2.2015013103920573,0.004486190943502111,1.3366605181927675,0.9145704305544821,0.0015352407536637358,0.0025122121423586385
2026-08-16 09:00:00+00:00,CRCL,Fold_3,0.005464480874316946,-0.0034960145434204115,3.447749199195504,0.006028319080330968,1.7009752144498766,1.1276509655840523,0.0002787068004459492,0.0015328874024527206
2026-08-16 10:00:00+00:00,CRCL,Fold_3,0.004759238521836462,-0.0033547665641597835,2.8804678658288867,0.00630870601429967,1.6798118148494294,0.8460131855939592,0.0006965728615213607,0.0019504040122597655
2026-08-16 11:00:00+00:00,CRCL,Fold_3,0.00531840447865628,-0.0025122121423586385,3.322407087543192,0.007009673349221979,1.8961378058350913,0.9526502766391192,0.0005568703884171189,0.0020882639565642513
2026-08-16 12:00:00+00:00,CRCL,Fold_3,0.00503426094252557,-0.0015328874024527206,3.235136605374262,0.007570447217159826,2.074421915937031,0.8536545570609932,0.0006957005704744113,0.0025045220537078805
2026-08-16 13:00:00+00:00,CRCL,Fold_3,0.005311713726586564,-0.0019504040122597655,3.5865021457942037,0.008271414552081913,2.3461317050322674,0.9245799061051065,0.0008342602892101869,0.003615127919911032
2026-08-16 14:00:00+00:00,CRCL,Fold_3,0.004605722260990985,-0.0020882639565642513,3.1595414538194047,0.009112575353988683,2.5882668395644486,0.8876641008104101,0.0009724923589884416,0.0027785495971104357
2026-08-16 15:00:00+00:00,CRCL,Fold_3,0.004041248606465819,-0.0025045220537078805,2.7511868769783465,0.010093929622879472,2.805363683689175,0.7024910351471181,0.0018043025676615088,0.002775850104094424
2026-08-16 16:00:00+00:00,CRCL,Fold_3,0.005572582892170663,-0.003615127919911032,3.908972087375376,0.011916444693677475,3.3661037434339924,0.4107420199619019,0.0,0.0018010529232472816
2026-08-16 17:00:00+00:00,CRCL,Fold_3,0.004872615898649624,-0.0027785495971104357,3.22097752075691,0.011916444693677475,3.1300843745350684,0.7327392690742277,0.0009697977279023995,0.0008312551953448821
2026-08-16 18:00:00+00:00,CRCL,Fold_3,0.00528732433560597,-0.002775850104094424,3.4449493133824225,0.012897798962568263,3.2961412144623004,0.9438779942391292,0.0008304498269895433,-0.0015224913494810144
2026-08-16 19:00:00+00:00,CRCL,Fold_3,0.005422691879866548,-0.0018010529232472816,3.622902242912605,0.013738959764475034,3.555012797688522,0.9490063963523153,-0.0009680542110359625,-0.005255151431337257
2026-08-16 20:00:00+00:00,CRCL,Fold_3,0.003612114476243322,-0.0008312551953448821,2.4809665212909797,0.012757605495583801,3.3520637022770208,0.9656071331232535,-0.0013842746400885009,-0.00595238095238082
2026-08-16 21:00:00+00:00,CRCL,Fold_3,0.0012491325468424463,0.0015224913494810144,0.7343105750214933,0.011355670825739628,2.5231033093197213,1.3808095028121408,-0.0029110063764901106,-0.012337122262267797
2026-08-16 22:00:00+00:00,CRCL,Fold_3,-0.003463563313937379,0.005255151431337257,-1.7464883033907097,0.008411608019066374,1.5843932161705903,1.5104841135581557,-0.0016682886139303132,-0.00667315445572092
2026-08-16 23:00:00+00:00,CRCL,Fold_3,-0.005126073704627365,0.00595238095238082,-1.92675890748072,0.006729286415253055,0.9340300083345752,1.363048330126727,-0.007798356774822435,0.002645871048600368
2026-08-17 00:00:00+00:00,CRCL,Fold_3,-0.01384083044982698,0.012337122262267797,-4.940725860080359,-0.0011215477358754722,-0.1461893516819191,1.3175227437322736,0.0028070175438597023,0.007859649122807122
2026-08-17 01:00:00+00:00,CRCL,Fold_3,-0.011893237449868588,0.00667315445572092,-2.4073092126774664,0.0016823216038133193,0.12298085824807573,1.4609736335462853,0.007697690692792136,
2026-08-17 02:00:00+00:00,CRCL,Fold_3,-0.0033222591362125353,-0.002645871048600368,-0.6585091043061,0.009392962287957385,0.6652081389150273,1.6693768838950074,-0.0026388888888888573,
2026-08-17 03:00:00+00:00,CRCL,Fold_3,-0.004574438591627317,-0.007859649122807122,-0.7217953324542203,0.006729286415253055,0.37540520281209167,2.040447753628862,,
2026-08-22 04:00:00+00:00,CRCL,Fold_3,0.016103603603603744,-0.012227956024231545,0.44097438821675033,-0.00022160664819936837,-0.01486444522481478,0.3990377461356385,-0.020724814363293875,-0.024049650892164487
2026-08-22 05:00:00+00:00,CRCL,Fold_3,-0.0018075011296881938,0.01526802630112567,-0.04958274001030172,-0.020941828254847694,-0.995009360479103,0.3363111530455554,-0.0012449071978271053,-0.005319148936170248
2026-08-22 06:00:00+00:00,CRCL,Fold_3,-0.011758118701007847,0.02216066481994461,-0.3080360324413094,-0.02216066481994461,-0.8210346079025813,0.6955576867105581,-0.0021529745042492276,-0.004645892351274772
2026-08-22 07:00:00+00:00,CRCL,Fold_3,-0.012115772941440395,0.024049650892164487,-0.31753838058053085,-0.02426592797783933,-0.7789106350727176,0.6351453898710407,-0.0019305019305019266,-0.003293209175562195
2026-08-22 08:00:00+00:00,CRCL,Fold_3,-0.020505962331438754,0.005319148936170248,-0.5430496262290272,-0.026149584487534572,-0.7586033902673138,0.6417884857871888,-0.0005688929343496962,-0.002161793150529001
2026-08-22 09:00:00+00:00,CRCL,Fold_3,-0.02670360110803316,0.004645892351274772,-0.8138335900299704,-0.02670360110803316,-0.8138335900299704,0.6703402011529059,-0.0007969034608379388,-0.00011384335154829284
2026-08-22 10:00:00+00:00,CRCL,Fold_3,-0.027263659536739482,0.003293209175562195,-0.8348868699204519,-0.027479224376731337,-0.77906654797349,0.5998034993009048,-0.0007975390224449486,-0.000911473168508592
2026-08-22 11:00:00+00:00,CRCL,Fold_3,-0.00746944318696241,0.002161793150529001,-0.22877080383930434,-0.028254847645429293,-0.7494384509403335,0.5955512815516307,0.0014823261117444808,-0.0007981755986318229
2026-08-22 12:00:00+00:00,CRCL,Fold_3,-0.004759206798866877,0.00011384335154829284,-0.14981509411803365,-0.02681440443213301,-0.6891972263722099,0.050590800892199944,-0.0015939883866560312,-0.003415689399977162
2026-08-22 13:00:00+00:00,CRCL,Fold_3,-0.004201680672269004,0.000911473168508592,-0.1324467609248113,-0.028365650969529144,-0.6926066846188081,0.09990620973083328,-0.0006842285323298558,-0.0006842285323298558
2026-08-22 14:00:00+00:00,CRCL,Fold_3,-0.00295824325861882,0.0007981755986318229,-0.13622228710835352,-0.02903047091412747,-0.9872966137504525,0.1345241768251723,-0.001141161702613247,
2026-08-22 15:00:00+00:00,CRCL,Fold_3,-0.003529143897996412,0.003415689399977162,-0.188058757340761,-0.030138504155124646,-1.1356144000973902,0.13491093745770077,0.0011424654404204038,
2026-08-22 16:00:00+00:00,CRCL,Fold_3,-0.0015950780448900082,0.0006842285323298558,-0.0895602636464089,-0.02903047091412747,-1.1073666905224173,0.14685938237439808,,
2026-08-22 17:00:00+00:00,CRCL,Fold_3,,,,,,0.20189855517717367,,
2026-08-22 18:00:00+00:00,CRCL,Fold_3,,,,,,0.21631361206516828,,
2026-08-22 19:00:00+00:00,CRCL,Fold_3,,,,-0.028365650969529144,-1.1502734488982942,0.19465598063154171,0.0,
2026-08-22 20:00:00+00:00,CRCL,Fold_3,,,,-0.028365650969529144,-1.0925877695282529,,,
2026-08-22 21:00:00+00:00,CRCL,Fold_3,,,,,,,,
2026-08-22 22:00:00+00:00,CRCL,Fold_3,,,,-0.028365650969529144,-1.1310246667199684,,,
2026-08-22 23:00:00+00:00,CRCL,Fold_3,,,,,,,,
2026-08-23 00:00:00+00:00,CRCL,Fold_3,,,,-0.0241551246537397,-0.8859274851244312,,0.0,-0.00840240717610985
2026-08-23 01:00:00+00:00,CRCL,Fold_3,,,,-0.0241551246537397,-0.9129548206754009,,-0.0007948223004426991,-0.01737254456682169
2026-08-23 02:00:00+00:00,CRCL,Fold_3,,,,-0.024930747922437657,-0.9210844014726244,,-0.0076136363636364335,-0.013409090909091037
2026-08-23 03:00:00+00:00,CRCL,Fold_3,,0.00840240717610985,,-0.03235457063711911,-1.247323307770187,,-0.009046146799496113,-0.0024046719340432565
2026-08-23 04:00:00+00:00,CRCL,Fold_3,,0.01737254456682169,,-0.04110803324099721,-1.5968386293630832,,0.003235498035590423,0.007164317078807381
2026-08-23 05:00:00+00:00,CRCL,Fold_3,,0.013409090909091037,,-0.038005540166205054,-1.386672731455745,0.8610815588438555,0.003455425017277358,0.009329647546648223
2026-08-23 06:00:00+00:00,CRCL,Fold_3,-0.01078687407743828,0.0024046719340432565,-1.4864643620765083,-0.034681440443213196,-2.2529407096814453,1.7738404158865364,0.00045913682277309853,0.0055096418732780705
2026-08-23 07:00:00+00:00,CRCL,Fold_3,-0.010332689905756753,-0.007164317078807381,-1.3258372598277475,-0.03423822714681446,-2.033689761313367,1.6839925280542984,0.005392381826526016,0.007342817806333279
2026-08-23 08:00:00+00:00,CRCL,Fold_3,-0.004204545454545516,-0.009329647546648223,-0.5384331478545851,-0.02903047091412747,-1.690999362285554,1.6912847120969894,-0.000342348510783963,0.005705808513066346
2026-08-23 09:00:00+00:00,CRCL,Fold_3,0.003091721058055663,-0.0055096418732780705,0.3588957453905368,-0.02936288088642669,-1.5243393719748588,1.7466751392994813,0.0022831050228311334,0.008105022831050412
2026-08-23 10:00:00+00:00,CRCL,Fold_3,0.014559741160157014,-0.007342817806333279,1.6901347487282488,-0.027146814404432118,-1.3863769483260968,1.460922890943598,0.003758542141230059,0.00842824601366754
2026-08-23 11:00:00+00:00,CRCL,Fold_3,0.015088689242110043,-0.005705808513066346,1.7222431500698103,-0.023490304709141374,-1.1610000496865351,0.5873513607120788,0.002042437308521494,0.005446499489390799
2026-08-23 12:00:00+00:00,CRCL,Fold_3,0.01365932047750218,-0.008105022831050412,1.505899629762236,-0.02149584487534628,-1.0105088152718646,0.5811231192573358,0.0026044615558826756,0.00498244819386251
2026-08-23 13:00:00+00:00,CRCL,Fold_3,0.015832950894905995,-0.00842824601366754,1.737805474033103,-0.0189473684210526,-0.8736236101479862,0.5654926075527871,0.0007906031172351113,0.002484752654167588
2026-08-23 14:00:00+00:00,CRCL,Fold_3,0.011183384685609976,-0.005446499489390799,1.2194237196592488,-0.018171745152354535,-0.8203885964160296,0.5096465783087524,0.0015799571154497816,0.0027084979121994035
2026-08-23 15:00:00+00:00,CRCL,Fold_3,0.013127853881278684,-0.00498244819386251,1.4339915108519647,-0.0166204986149584,-0.7411758659360018,0.385234243528928,0.0001126760563381346,0.001352112676056283
2026-08-23 16:00:00+00:00,CRCL,Fold_3,0.010933940774487505,-0.002484752654167588,1.1976571158787588,-0.01650969529085866,-0.7282317388328033,0.2680897374645265,0.0010139702568723319,-0.0006759801712483693
2026-08-23 17:00:00+00:00,CRCL,Fold_3,0.008169749234085977,-0.0027084979121994035,0.8954253796312558,-0.015512465373961337,-0.675593286715179,0.34911207139841854,0.00022509848058538395,-0.0014631401238041075
2026-08-23 18:00:00+00:00,CRCL,Fold_3,0.006341297701279558,-0.001352112676056283,0.7159550779588254,-0.015290858725761747,-0.6771467976629886,0.24928463589582764,-0.0019129064926296513,-0.0019129064926296513
2026-08-23 19:00:00+00:00,CRCL,Fold_3,0.0018070928393945085,0.0006759801712483693,0.20990939947677703,-0.01717451523545699,-0.7726477393910682,0.2646186877378895,0.00022547914317927464,
2026-08-23 20:00:00+00:00,CRCL,Fold_3,0.0012413948764247174,0.0014631401238041075,0.14636759119476553,-0.01695290858725762,-0.7646503542689441,0.34959901817729483,-0.0002254283137961277,
2026-08-23 21:00:00+00:00,CRCL,Fold_3,-0.0005633802816901179,0.0019129064926296513,-0.06644255111271749,-0.01717451523545699,-0.7655615695370348,0.34277950915329675,,
2026-08-23 22:00:00+00:00,CRCL,Fold_3,,,,,,0.2901776017964692,,
2026-08-23 23:00:00+00:00,CRCL,Fold_3,,,,-0.012299168975069219,-0.5491391086882282,0.322699595762687,-0.0070675342158401655,-0.018173659412160648
2026-08-24 00:00:00+00:00,CRCL,Fold_3,,,,-0.01927977839335171,-0.851194336466321,0.301031339240114,-0.012314992656197066,-0.02892328550446277
2026-08-24 01:00:00+00:00,CRCL,Fold_3,,,,-0.03135734072022156,-1.2651224926535392,0.9150647258994885,0.0011439029970257142,
2026-08-24 02:00:00+00:00,CRCL,Fold_3,,0.018173659412160648,,-0.030249307479224385,-0.98031285755712,1.3317665610191614,-0.017938756855575777,
2026-08-24 03:00:00+00:00,CRCL,Fold_3,,0.02892328550446277,,-0.04764542936288085,-1.5231852321365433,1.3875543302195965,,
2026-06-27 06:00:00+00:00,QQQ,Fold_1,,,,,,,,
2026-06-27 07:00:00+00:00,QQQ,Fold_1,,,,,,,,
2026-06-27 08:00:00+00:00,QQQ,Fold_1,,,,,,,,
2026-06-27 09:00:00+00:00,QQQ,Fold_1,,,,,,,,
2026-06-27 10:00:00+00:00,QQQ,Fold_1,,,,,,,,
2026-06-27 11:00:00+00:00,QQQ,Fold_1,,,,,,,,
2026-06-27 12:00:00+00:00,QQQ,Fold_1,,,,,,,,
2026-06-27 13:00:00+00:00,QQQ,Fold_1,,,,,,,,
2026-06-27 14:00:00+00:00,QQQ,Fold_1,,,,,,,,
2026-06-27 15:00:00+00:00,QQQ,Fold_1,,,,,,,,
2026-06-27 16:00:00+00:00,QQQ,Fold_1,,,,,,,,
2026-06-27 17:00:00+00:00,QQQ,Fold_1,,,,,,,,
2026-06-27 18:00:00+00:00,QQQ,Fold_1,,,,,,,,
2026-06-27 19:00:00+00:00,QQQ,Fold_1,,,,,,,,
2026-06-27 20:00:00+00:00,QQQ,Fold_1,,,,,,,,
2026-06-27 21:00:00+00:00,QQQ,Fold_1,,,,,,,,
2026-06-27 22:00:00+00:00,QQQ,Fold_1,,,,,,,,
2026-06-27 23:00:00+00:00,QQQ,Fold_1,,,,,,,,
2026-06-28 00:00:00+00:00,QQQ,Fold_1,,,,,,,,
2026-06-28 01:00:00+00:00,QQQ,Fold_1,,,,,,,,
2026-06-28 02:00:00+00:00,QQQ,Fold_1,,,,,,,,
2026-06-28 03:00:00+00:00,QQQ,Fold_1,,,,,,,,
2026-06-28 04:00:00+00:00,QQQ,Fold_1,,,,,,,,
2026-06-28 05:00:00+00:00,QQQ,Fold_1,,,,,,,,
2026-06-28 06:00:00+00:00,QQQ,Fold_1,,,,,,,,
2026-06-28 07:00:00+00:00,QQQ,Fold_1,,,,,,,,
2026-06-28 08:00:00+00:00,QQQ,Fold_1,,,,,,,,
2026-06-28 09:00:00+00:00,QQQ,Fold_1,,,,,,,,
2026-06-28 10:00:00+00:00,QQQ,Fold_1,,,,,,,,
2026-06-28 11:00:00+00:00,QQQ,Fold_1,,,,,,,,
2026-06-28 12:00:00+00:00,QQQ,Fold_1,,,,,,,,
2026-06-28 13:00:00+00:00,QQQ,Fold_1,,,,,,,,
2026-06-28 14:00:00+00:00,QQQ,Fold_1,,,,,,,,
2026-06-28 15:00:00+00:00,QQQ,Fold_1,,,,,,,,
2026-06-28 16:00:00+00:00,QQQ,Fold_1,,,,,,,,
2026-06-28 17:00:00+00:00,QQQ,Fold_1,,,,,,,,
2026-06-28 18:00:00+00:00,QQQ,Fold_1,,,,,,,,
2026-06-28 19:00:00+00:00,QQQ,Fold_1,,,,,,,,
2026-06-28 20:00:00+00:00,QQQ,Fold_1,,,,,,,,
2026-06-28 21:00:00+00:00,QQQ,Fold_1,,,,,,,,
2026-06-28 22:00:00+00:00,QQQ,Fold_1,,,,,,,,
2026-06-28 23:00:00+00:00,QQQ,Fold_1,,,,,,,,
2026-06-29 00:00:00+00:00,QQQ,Fold_1,,,,,,,0.0008023987499472529,0.003265903683995708
2026-06-29 01:00:00+00:00,QQQ,Fold_1,,,,,,,0.00045010830731140317,
2026-06-29 02:00:00+00:00,QQQ,Fold_1,,,,,,,0.002010516548097918,
2026-06-29 03:00:00+00:00,QQQ,Fold_1,,-0.003265903683995708,,,,,,
2026-07-04 04:00:00+00:00,QQQ,Fold_1,,,,,,,,
2026-07-04 05:00:00+00:00,QQQ,Fold_1,,,,,,,,
2026-07-04 06:00:00+00:00,QQQ,Fold_1,,,,0.0014559270095257926,,,,
2026-07-04 07:00:00+00:00,QQQ,Fold_1,,,,,,,,
2026-07-04 08:00:00+00:00,QQQ,Fold_1,,,,,,,,
2026-07-04 09:00:00+00:00,QQQ,Fold_1,,,,-0.002066029756374932,,,0.002695567597610138,
2026-07-04 10:00:00+00:00,QQQ,Fold_1,,,,0.0006239687183682285,,,6.928662491012538e-05,
2026-07-04 11:00:00+00:00,QQQ,Fold_1,,,,0.0006932985759646737,,,,
2026-07-04 12:00:00+00:00,QQQ,Fold_1,,,,,,,,
2026-07-04 13:00:00+00:00,QQQ,Fold_1,,,,8.319582911564538e-05,,,-0.00018024263431537513,
2026-07-04 14:00:00+00:00,QQQ,Fold_1,,,,-9.706180063517866e-05,,,,
2026-07-04 15:00:00+00:00,QQQ,Fold_1,,,,,,,,
2026-07-04 16:00:00+00:00,QQQ,Fold_1,,,,0.0008458242626767642,,,-0.0029093931837073095,
2026-07-04 17:00:00+00:00,QQQ,Fold_1,,,,-0.002066029756374932,,,0.0007225232735861287,
2026-07-04 18:00:00+00:00,QQQ,Fold_1,,,,-0.0013449992373716357,,,,
2026-07-04 19:00:00+00:00,QQQ,Fold_1,,,,,,,,
2026-07-04 20:00:00+00:00,QQQ,Fold_1,,,,,,,,
2026-07-04 21:00:00+00:00,QQQ,Fold_1,,,,,,,,
2026-07-04 22:00:00+00:00,QQQ,Fold_1,,,,,,,,
2026-07-04 23:00:00+00:00,QQQ,Fold_1,,,,0.0008458242626767642,,,,
2026-07-05 00:00:00+00:00,QQQ,Fold_1,,,,,,,,
2026-07-05 01:00:00+00:00,QQQ,Fold_1,,,,-0.0006655666329261622,,,,
2026-07-05 02:00:00+00:00,QQQ,Fold_1,,,,,,,,
2026-07-05 03:00:00+00:00,QQQ,Fold_1,,,,,,,,
2026-07-05 04:00:00+00:00,QQQ,Fold_1,,,,,,,,
2026-07-05 05:00:00+00:00,QQQ,Fold_1,,,,,,,,
2026-07-05 06:00:00+00:00,QQQ,Fold_1,,,,0.0009983499493890768,,,-0.0010804670942360373,
2026-07-05 07:00:00+00:00,QQQ,Fold_1,,,,-8.319582911586743e-05,,,,
2026-07-05 08:00:00+00:00,QQQ,Fold_1,,,,,,,,
2026-07-05 09:00:00+00:00,QQQ,Fold_1,,,,0.00047144303165591595,,,,
2026-07-05 10:00:00+00:00,QQQ,Fold_1,,,,,,,,
2026-07-05 11:00:00+00:00,QQQ,Fold_1,,,,,,,,
2026-07-05 12:00:00+00:00,QQQ,Fold_1,,,,0.001067679806985744,,,0.00013851182891011504,0.0008449221563522347
2026-07-05 13:00:00+00:00,QQQ,Fold_1,,,,0.0012063395221784123,,,0.0013572279311968583,0.0017311580755061673
2026-07-05 14:00:00+00:00,QQQ,Fold_1,,,,0.0025652047310693593,,,-0.0006500331931842407,
2026-07-05 15:00:00+00:00,QQQ,Fold_1,,-0.0008449221563522347,,0.0019135040696627303,,,0.00102412223037196,
2026-07-05 16:00:00+00:00,QQQ,Fold_1,,-0.0017311580755061673,,0.0029395859620902076,,,,
2026-07-05 17:00:00+00:00,QQQ,Fold_1,,,,,,,,
2026-07-05 18:00:00+00:00,QQQ,Fold_1,,,,,,,,
2026-07-05 19:00:00+00:00,QQQ,Fold_1,,,,,,,,
2026-07-05 20:00:00+00:00,QQQ,Fold_1,,,,0.0037022143956515485,,,,
2026-07-05 21:00:00+00:00,QQQ,Fold_1,,,,,,,,
2026-07-05 22:00:00+00:00,QQQ,Fold_1,,,,0.0018857721266238858,,,,
2026-07-05 23:00:00+00:00,QQQ,Fold_1,,,,,,,,
2026-07-06 00:00:00+00:00,QQQ,Fold_1,,,,0.0012618034082556573,,,-0.004708489128929516,-0.006522642293311232
2026-07-06 01:00:00+00:00,QQQ,Fold_1,,,,-0.0034526269083043903,,,-0.0019897036315570382,
2026-07-06 02:00:00+00:00,QQQ,Fold_1,,,,-0.005435460835563566,,,0.00016730101635364925,
2026-07-06 03:00:00+00:00,QQQ,Fold_1,,0.006522642293311232,,-0.005269069177332053,,,,
2026-07-11 04:00:00+00:00,QQQ,Fold_1,0.0021358393848782686,-0.0008532423208191808,0.5400857465905236,0.0009221156360532667,0.571156517353742,0.3123087153284409,6.875120314608907e-05,
2026-07-11 05:00:00+00:00,QQQ,Fold_1,0.00129686329794243,-0.0010598177663996289,0.33648910659495884,0.0009909302357586913,0.4453285276411584,0.3256426326677003,0.0,
2026-07-11 06:00:00+00:00,QQQ,Fold_1,0.0015009225854423214,-0.0009909302357586913,0.3993740490012035,0.0009909302357586913,0.3728890466167529,0.28773770843563173,,
2026-07-11 07:00:00+00:00,QQQ,Fold_1,,,,,,0.2697443483427984,,
2026-07-11 08:00:00+00:00,QQQ,Fold_1,,,,0.001059744835464338,0.3188987368191877,0.28322059527589516,0.0,
2026-07-11 09:00:00+00:00,QQQ,Fold_1,,,,0.001059744835464338,0.2845372668586624,0.28893624138744245,-0.00083864936207656,
2026-07-11 10:00:00+00:00,QQQ,Fold_1,,,,0.0002202067190575363,0.05500203197804532,0.2978847336975431,,
2026-07-11 11:00:00+00:00,QQQ,Fold_1,,,,,,0.2823174849063647,,
2026-07-11 12:00:00+00:00,QQQ,Fold_1,,,,,,,,
2026-07-11 13:00:00+00:00,QQQ,Fold_1,,,,4.128875982334357e-05,0.008351608613599551,,,
2026-07-11 14:00:00+00:00,QQQ,Fold_1,,,,,,,,
2026-07-11 15:00:00+00:00,QQQ,Fold_1,,,,,,,,
2026-07-11 16:00:00+00:00,QQQ,Fold_1,,,,0.0011147965152285,0.3958171109024309,,0.0,
2026-07-11 17:00:00+00:00,QQQ,Fold_1,,,,0.0011147965152285,0.5889901401979226,,,
2026-07-11 18:00:00+00:00,QQQ,Fold_1,,,,,,,,
2026-07-11 19:00:00+00:00,QQQ,Fold_1,,,,-0.00011010335952876815,-0.052730628014877615,,0.0012250347551994167,
2026-07-11 20:00:00+00:00,QQQ,Fold_1,,,,0.0011147965152285,0.49919428105214775,,,
2026-07-11 21:00:00+00:00,QQQ,Fold_1,,,,,,,,
2026-07-11 22:00:00+00:00,QQQ,Fold_1,,,,0.0011147965152285,0.43907564582249053,,,
2026-07-11 23:00:00+00:00,QQQ,Fold_1,,,,,,,,
2026-07-12 00:00:00+00:00,QQQ,Fold_1,,,,,,,,
2026-07-12 01:00:00+00:00,QQQ,Fold_1,,,,,,,,
2026-07-12 02:00:00+00:00,QQQ,Fold_1,,,,,,,,
2026-07-12 03:00:00+00:00,QQQ,Fold_1,,,,,,,,
2026-07-12 04:00:00+00:00,QQQ,Fold_1,,,,0.0011147965152285,,,,
2026-07-12 05:00:00+00:00,QQQ,Fold_1,,,,,,,,
2026-07-12 06:00:00+00:00,QQQ,Fold_1,,,,-0.00011010335952876815,,,0.0012250347551994167,
2026-07-12 07:00:00+00:00,QQQ,Fold_1,,,,0.0011147965152285,,,,
2026-07-12 08:00:00+00:00,QQQ,Fold_1,,,,,,,,
2026-07-12 09:00:00+00:00,QQQ,Fold_1,,,,0.0011147965152285,,,,
2026-07-12 10:00:00+00:00,QQQ,Fold_1,,,,,,,,
2026-07-12 11:00:00+00:00,QQQ,Fold_1,,,,,,,,
2026-07-12 12:00:00+00:00,QQQ,Fold_1,,,,,,,,
2026-07-12 13:00:00+00:00,QQQ,Fold_1,,,,-0.00017891795923419274,,,,
2026-07-12 14:00:00+00:00,QQQ,Fold_1,,,,,,,,
2026-07-12 15:00:00+00:00,QQQ,Fold_1,,,,,,,,
2026-07-12 16:00:00+00:00,QQQ,Fold_1,,,,0.0001376291994110712,,,,
2026-07-12 17:00:00+00:00,QQQ,Fold_1,,,,,,,,
2026-07-12 18:00:00+00:00,QQQ,Fold_1,,,,,,,,
2026-07-12 19:00:00+00:00,QQQ,Fold_1,,,,0.0012248998747574902,,,0.0001237147412986861,
2026-07-12 20:00:00+00:00,QQQ,Fold_1,,,,0.0013487661542272988,,,,
2026-07-12 21:00:00+00:00,QQQ,Fold_1,,,,,,,,
2026-07-12 22:00:00+00:00,QQQ,Fold_1,,,,,,,,
2026-07-12 23:00:00+00:00,QQQ,Fold_1,,,,0.001458869513756067,,,-0.009702466845323943,-0.013371813371813368
2026-07-13 00:00:00+00:00,QQQ,Fold_1,,,,-0.008257751964656834,,,-0.0021926476914750914,-0.0046212131725392736
2026-07-13 01:00:00+00:00,QQQ,Fold_1,,,,-0.010432293315349894,,,-0.0015159733522482899,
2026-07-13 02:00:00+00:00,QQQ,Fold_1,,0.013371813371813368,,-0.011932451588929194,,,-0.0009193224871851813,
2026-07-13 03:00:00+00:00,QQQ,Fold_1,,0.0046212131725392736,,-0.01284080430504142,,,,
2026-07-18 04:00:00+00:00,QQQ,Fold_2,-0.0015971452826659682,0.000316957210776625,-0.2846937583920927,-0.0008064051609930623,-0.3520970987297488,0.35162026269476493,0.0015420533809882286,0.001556465094829207
2026-07-18 05:00:00+00:00,QQQ,Fold_2,0.0016575381954455626,-0.0009650285187532415,0.31059783057403345,0.0007344047001900389,0.23835866710381579,0.3857125855835753,1.4389524426228206e-05,0.00015828476868828822
2026-07-18 06:00:00+00:00,QQQ,Fold_2,0.00173836835535357,-0.0007488047923507324,0.3265218077681094,0.0007488047923507324,0.19890880016360035,0.3530224147354069,0.0,0.00028778634741555287
2026-07-18 07:00:00+00:00,QQQ,Fold_2,0.0012390145512173323,-0.001556465094829207,0.23281443702657773,0.0007488047923507324,0.172324785151466,0.3501509930745684,0.0001438931737076654,0.0003885115690112073
2026-07-18 08:00:00+00:00,QQQ,Fold_2,0.0011234660367573923,-0.00015828476868828822,0.21541895695777213,0.000892805713956335,0.18753034601749488,0.3572384990876566,0.00014387247144131976,0.0002445832014503768
2026-07-18 09:00:00+00:00,QQQ,Fold_2,0.0010368066355623817,-0.00028778634741555287,0.20043081308555338,0.0010368066355623817,0.20043081308555338,0.3600985521260565,0.00010069624259179122,-0.000474710857931937
2026-07-18 10:00:00+00:00,QQQ,Fold_2,0.0019455813685362866,-0.0003885115690112073,0.38168026749884343,0.00113760728068657,0.20661853471123767,0.36535424794398685,0.0,4.3151187376855304e-05
2026-07-18 11:00:00+00:00,QQQ,Fold_2,0.0004029066839339457,-0.0002445832014503768,0.08232645048631836,0.00113760728068657,0.20130655357126165,0.30024085676037465,-0.0005753491650244413,
2026-07-18 12:00:00+00:00,QQQ,Fold_2,-0.0001870611258202315,0.000474710857931937,-0.0387634612906108,0.0005616035942630493,0.09502180036592685,0.03567840981994794,0.0006188564109206318,
2026-07-18 13:00:00+00:00,QQQ,Fold_2,0.0004316795211234403,-4.3151187376855304e-05,0.09255233833450452,0.0011808075571682064,0.19610140200822304,0.14415943770198567,,
2026-07-18 14:00:00+00:00,QQQ,Fold_2,,,,,,0.20102775209566118,,
2026-07-18 15:00:00+00:00,QQQ,Fold_2,,,,0.0012240078336500648,0.183651630128841,0.22177463765004077,0.00018697234247588845,0.0004890045880137084
2026-07-18 16:00:00+00:00,QQQ,Fold_2,,,,0.001411209031737748,0.33604205154013816,0.4203034667801558,0.00024445658738625475,0.0005176727732880693
2026-07-18 17:00:00+00:00,QQQ,Fold_2,,,,0.0016560105984677609,0.4029732951211956,0.45088261389048384,5.7505139521740745e-05,0.0003306545522505644
2026-07-18 18:00:00+00:00,QQQ,Fold_2,,-0.0004890045880137084,,0.0017136109671100908,0.4500928191614201,0.5094257826734863,0.00021563187326600897,0.0002731337061370187
2026-07-18 19:00:00+00:00,QQQ,Fold_2,,-0.0005176727732880693,,0.0019296123495189388,0.5056222816292826,0.2525744103116754,5.748943631611603e-05,
2026-07-18 20:00:00+00:00,QQQ,Fold_2,,-0.0003306545522505644,,0.0019872127181614907,0.8006770079178213,0.13705250691528034,0.0,
2026-07-18 21:00:00+00:00,QQQ,Fold_2,0.0007622718577859899,-0.0002731337061370187,0.5171196739252638,0.0019872127181614907,0.7783320339195784,0.14788567718682033,,
2026-07-18 22:00:00+00:00,QQQ,Fold_2,,,,,,0.1727012605551069,,
2026-07-18 23:00:00+00:00,QQQ,Fold_2,,,,0.0024192154829789647,0.9026107437326327,0.1803352021970741,4.309601792784612e-05,
2026-07-19 00:00:00+00:00,QQQ,Fold_2,,,,0.002462415759460823,1.1853445510377456,0.20449282423532006,0.0,
2026-07-19 01:00:00+00:00,QQQ,Fold_2,,,,0.002462415759460823,1.1632411720284341,0.20888044315999216,,
2026-07-19 02:00:00+00:00,QQQ,Fold_2,,,,,,0.06661947837389778,,
2026-07-19 03:00:00+00:00,QQQ,Fold_2,,,,0.002764817694833166,1.23845702846262,,,
2026-07-19 04:00:00+00:00,QQQ,Fold_2,,,,,,,,
2026-07-19 05:00:00+00:00,QQQ,Fold_2,,,,0.0028512182477966608,1.3285555202032637,,5.743660434798237e-05,0.001105654633698272
2026-07-19 06:00:00+00:00,QQQ,Fold_2,,,,0.0029088186164392127,2.397852554101123,,0.0,0.0014932659449213848
2026-07-19 07:00:00+00:00,QQQ,Fold_2,,,,0.0029088186164392127,2.3600751315743356,,0.00104815782672385,0.0016942825144301565
2026-07-19 08:00:00+00:00,QQQ,Fold_2,,-0.001105654633698272,,0.003960025344162288,3.1570915061108886,,0.00044464206313898913,0.0006454481561697367
2026-07-19 09:00:00+00:00,QQQ,Fold_2,,-0.0014932659449213848,,0.004406428201140455,2.393744270049597,,0.0002007168458781905,0.0002867383512545896
2026-07-19 10:00:00+00:00,QQQ,Fold_2,,-0.0016942825144301565,,0.00460802949138861,2.400530389028695,1.3999050763253302,0.0,0.00014334040479324628
2026-07-19 11:00:00+00:00,QQQ,Fold_2,0.001751816432612463,-0.0006454481561697367,2.075374421431032,0.00460802949138861,2.363870875779134,1.236941123907048,8.6004242876081e-05,0.00014334040479324628
2026-07-19 12:00:00+00:00,QQQ,Fold_2,0.001780432472791027,-0.0002867383512545896,2.109275803290242,0.004694430044352327,2.3714249832456296,1.1815820370269088,5.7331231188229026e-05,5.7331231188229026e-05
2026-07-19 13:00:00+00:00,QQQ,Fold_2,0.0018378657783648666,-0.00014334040479324628,2.635900369419765,0.004752030412994657,2.8630608471943026,1.4194350618039056,0.0,0.0003009717086595032
2026-07-19 14:00:00+00:00,QQQ,Fold_2,0.0007888810797629375,-0.00014334040479324628,1.220260886561702,0.004752030412994657,3.0434205247728876,1.5012726344130056,0.0,0.00038696362541923435
2026-07-19 15:00:00+00:00,QQQ,Fold_2,0.00034408602150537426,-5.7331231188229026e-05,0.5427814943097884,0.004752030412994657,3.060282993425244,0.6580199082732356,0.0003009717086595032,0.00038696362541923435
2026-07-19 16:00:00+00:00,QQQ,Fold_2,0.00044435525485941874,-0.0003009717086595032,0.7146284269960511,0.0050544323483669995,3.2733852314882212,0.3113947559609924,8.596604341271075e-05,0.0002149151085319989
2026-07-19 17:00:00+00:00,QQQ,Fold_2,0.0005303594977352777,-0.00038696362541923435,0.8449933706045742,0.005140832901330494,3.254619825698296,0.45634568341663995,0.0,0.00012893798083135621
2026-07-19 18:00:00+00:00,QQQ,Fold_2,0.00044431704170833086,-0.00038696362541923435,0.7092484113374715,0.005140832901330494,3.2187126748539283,0.43467523127827246,0.00012893798083135621,0.00012893798083135621
2026-07-19 19:00:00+00:00,QQQ,Fold_2,0.0005159515005590531,-0.0002149151085319989,0.8186513841074126,0.0052704337307758475,3.2387849093415984,0.454462674222843,0.0,0.0
2026-07-19 20:00:00+00:00,QQQ,Fold_2,0.0005159515005590531,-0.00012893798083135621,0.820574646036852,0.0052704337307758475,3.206559242072021,0.4617490528884666,0.0,4.297378599060764e-05
2026-07-19 21:00:00+00:00,QQQ,Fold_2,0.0005159515005590531,-0.00012893798083135621,0.8160163962806363,0.0052704337307758475,3.1505570070425017,0.4591840607601732,0.0,-0.0006302821945280979
2026-07-19 22:00:00+00:00,QQQ,Fold_2,0.0002149151085319989,-0.0,0.3399045301361056,0.0052704337307758475,3.1137071194072328,0.4591840607601732,4.297378599060764e-05,-0.0027073485174043954
2026-07-19 23:00:00+00:00,QQQ,Fold_2,0.0001719173077749936,-4.297378599060764e-05,0.27763467330600256,0.005313634007257484,3.1688014392881008,0.22598338367385762,-0.0006732270494034243,0.00037242347413801724
2026-07-20 00:00:00+00:00,QQQ,Fold_2,-0.0005014254810102869,0.0006302821945280979,-0.8294195502735805,0.004636829675709775,2.800647044639804,0.21089499337907852,-0.00207837628644314,0.001376028437921173
2026-07-20 01:00:00+00:00,QQQ,Fold_2,-0.0027073485174043954,0.0027073485174043954,-3.6295789648393306,0.002548816312424318,1.234091413052662,0.9628222936414499,0.0031312391376163706,
2026-07-20 02:00:00+00:00,QQQ,Fold_2,0.0004154132645752817,-0.00037242347413801724,0.29603727128751356,0.00568803640343285,1.4482885459887997,1.4712622814146974,0.0003293288850070297,
2026-07-20 03:00:00+00:00,QQQ,Fold_2,0.0007448789571693482,-0.001376028437921173,0.3436330259600115,0.00601923852312658,0.9817609428441776,1.9276388071664035,,
2026-07-25 04:00:00+00:00,QQQ,Fold_2,0.001709276844412022,-0.0007881715878736983,0.227808522007305,0.0003501451643495024,0.11430923420165277,0.3902242146558595,0.001122989193052204,0.0013563375968033142
2026-07-25 05:00:00+00:00,QQQ,Fold_2,0.004242619305380835,-0.001648888824036021,0.5770553004525241,0.0014735275666371006,0.34713808479084474,0.38441107160713,0.00017481498747140556,0.00048074121554675386
2026-07-25 06:00:00+00:00,QQQ,Fold_2,0.0021895892330598965,-0.0016486001488116298,0.2964490315904412,0.0016486001488116298,0.31565866807825577,0.2753554990989447,5.826147751109012e-05,0.0004369610813330649
2026-07-25 07:00:00+00:00,QQQ,Fold_2,0.0021455782114343513,-0.0013563375968033142,0.29039273484535616,0.0017069576762034355,0.28295005265877665,0.12637457306323913,0.00024759685406339216,0.0004660646664724766
2026-07-25 08:00:00+00:00,QQQ,Fold_2,0.0021304227284002497,-0.00048074121554675386,0.2939724449348569,0.0019549771676175,0.2955106589124478,0.13101112175230645,0.00013104824031340279,0.0003931447209399863
2026-07-25 09:00:00+00:00,QQQ,Fold_2,0.0020862816042486187,-0.0004369610813330649,0.288185328049726,0.0020862816042486187,0.288185328049726,0.13141564160656521,8.735404594806262e-05,0.00062603732929567
2026-07-25 10:00:00+00:00,QQQ,Fold_2,0.0018230344043053126,-0.0004660646664724766,0.25658039959000617,0.0021738178953358833,0.2832555168826221,0.1354390546024562,0.0001746928317707397,0.0005531939672742681
2026-07-25 11:00:00+00:00,QQQ,Fold_2,0.000874074937357916,-0.0003931447209399863,0.12383989804928025,0.0023488904775104125,0.2882075257371502,0.14121402510923453,0.00036387983232422094,0.0005385421518397937
2026-07-25 12:00:00+00:00,QQQ,Fold_2,0.0010632719645771171,-0.00062603732929567,0.1518322774017174,0.0027136250237078663,0.31639087476961275,0.02389571764314909,1.4549898878168932e-05,0.0004510468652243471
2026-07-25 13:00:00+00:00,QQQ,Fold_2,0.0010195164579085425,-0.0005531939672742681,0.14800667531323825,0.0027282144055555957,0.3067899899308265,0.04028188995443376,0.00016004655899903852,0.0006547359231776628
2026-07-25 14:00:00+00:00,QQQ,Fold_2,0.0009318985977837535,-0.0005385421518397937,0.1916557515200791,0.0028886976058823954,0.43876761238094647,0.06216761150151407,0.0002763998196129158,0.0007564626642033723
2026-07-25 15:00:00+00:00,QQQ,Fold_2,0.0010773665666947707,-0.0004510468652243471,0.2500265886766372,0.0031658958609925847,0.5195224609494041,0.06673974030690717,0.00021815008726000507,0.0006399069226292742
2026-07-25 16:00:00+00:00,QQQ,Fold_2,0.0012082920864147084,-0.0006547359231776628,0.3334315031551429,0.003384736588710746,0.6345466042075423,0.08522595672108955,0.00026172300981452956,0.0005379861868410885
2026-07-25 17:00:00+00:00,QQQ,Fold_2,0.0012954122030739423,-0.0007564626642033723,0.3809602782158719,0.003647345461972762,0.7021990193005193,0.08501516146773258,0.00015989998982446352,0.0002761908915152045
2026-07-25 18:00:00+00:00,QQQ,Fold_2,0.0010912424158651124,-0.0006399069226292742,0.32520998307149135,0.0038078286622995616,0.7177116976423759,0.08718715947331837,0.00011627230974942115,0.00021801058078030344
2026-07-25 19:00:00+00:00,QQQ,Fold_2,0.0011930743489014795,-0.0005379861868410885,0.7636101854904745,0.003924543717082729,1.5381865490113331,0.14969212444572755,0.0,0.00020345288612455548
2026-07-25 20:00:00+00:00,QQQ,Fold_2,0.001032862483816066,-0.0002761908915152045,0.6793165534177852,0.003924543717082729,1.5334514488943292,0.10235167641951476,0.00010172644306227774,0.00023251758414222223
2026-07-25 21:00:00+00:00,QQQ,Fold_2,0.0008580570098895013,-0.00021801058078030344,0.5797362881251779,0.004026669390018167,1.5707233063626065,0.17185456578341293,0.00010171609584563868,0.0002906174167016662
2026-07-25 22:00:00+00:00,QQQ,Fold_2,0.0007415485278081668,-0.00020345288612455548,0.5067401866779668,0.004128795062953161,1.585506115543539,0.1550388603648325,2.905878592396327e-05,0.000276058466277318
2026-07-25 23:00:00+00:00,QQQ,Fold_2,0.0005087726948962423,-0.00023251758414222223,0.3586422803792344,0.004157973826649064,1.6053882150914358,0.14789879095578376,0.0001598186784448341,0.0003922822107280677
2026-07-26 00:00:00+00:00,QQQ,Fold_2,0.0005086913551537453,-0.0002906174167016662,0.4450143034453227,0.004318457026975864,2.019362062846832,0.12677841382618865,8.715989482710462e-05,0.0005520126672380332
2026-07-26 01:00:00+00:00,QQQ,Fold_2,0.0004795675172934999,-0.000276058466277318,0.894782725124395,0.00440599331806335,4.293148892331271,0.27029746536827626,0.00014525383106955836,0.0008569976033117044
2026-07-26 02:00:00+00:00,QQQ,Fold_2,0.0006248910073822778,-0.0003922822107280677,1.1642292244192596,0.004551887136541977,4.331490978877339,0.26105265017963886,0.00031951201800883844,0.0012199549778519891
2026-07-26 03:00:00+00:00,QQQ,Fold_2,0.000842790508435165,-0.0005520126672380332,1.5710271147204562,0.004872853537195576,4.54168916022187,0.21149857495403604,0.00039200313602516523,0.0012921584854159729
2026-07-26 04:00:00+00:00,QQQ,Fold_2,0.0011332926510330132,-0.0008569976033117044,2.0994691285138285,0.005266766847088711,4.779881548873243,0.45017653850625433,0.0005079530941600741,0.001799605247881031
2026-07-26 05:00:00+00:00,QQQ,Fold_2,0.0016127157552159321,-0.0012199549778519891,2.9690280159037297,0.005777395211765013,5.1094893144874325,0.6279807066458238,0.0003916505896517375,0.002378914692699352
2026-07-26 06:00:00+00:00,QQQ,Fold_2,0.0018448844405061227,-0.0012921584854159729,5.991129795038569,0.0061713085216579255,9.447362115489343,1.307444290765371,0.000898993707044049,0.002319983760113775
2026-07-26 07:00:00+00:00,QQQ,Fold_2,0.0026581451085772034,-0.001799605247881031,8.159078509134032,0.00707585019622714,10.053971873929866,1.2096382705694484,0.0010865156168511358,-0.006171408703714465
2026-07-26 08:00:00+00:00,QQQ,Fold_2,0.003601771839372603,-0.002378914692699352,7.575504711463304,0.008170053834819058,7.816222593670596,1.305969160960034,0.0003328364904562342,-0.008899758331765595
2026-07-26 09:00:00+00:00,QQQ,Fold_2,0.00361514003223129,-0.002319983760113775,5.626272369677958,0.008505609617320609,5.9199231941352135,1.2054040368340397,-0.007580360501113881,-0.007450163469606141
2026-07-26 10:00:00+00:00,QQQ,Fold_2,-0.004382909555323278,0.006171408703714465,-6.847387432090841,0.0008607735290255825,0.591624395563014,1.2011573945674148,-0.001661759132386753,0.0010786857526019489
2026-07-26 11:00:00+00:00,QQQ,Fold_2,-0.006542015404923163,0.008899758331765595,-1.644606256252903,-0.0008024160016339987,-0.08734752270862557,2.07548183543752,0.001795935054316189,0.003358252540591078
2026-07-26 12:00:00+00:00,QQQ,Fold_2,-0.0051474639677521195,0.007450163469606141,-1.2692190592140569,0.0009920779656567014,0.10430562482818684,2.009789386980586,0.0009473699552549064,0.0035125562956377365
2026-07-26 13:00:00+00:00,QQQ,Fold_2,-0.00509937996175458,-0.0010786857526019489,-1.2249625697150133,0.0019403877857695484,0.19580787050482978,2.0580225217906327,0.0006115673597761884,0.002693808608538628
2026-07-26 14:00:00+00:00,QQQ,Fold_2,-0.00557139342720292,-0.003358252540591078,-1.328466253809248,0.0025531418233808445,0.2520595996962737,2.0456898719504752,0.0019499985447772872,0.0021973864198610027
2026-07-26 15:00:00+00:00,QQQ,Fold_2,-0.003963776292567167,-0.0035125562956377365,-0.9425690625048808,0.004508118990998344,0.43764683359452955,2.0125288799975687,0.00013071515714879745,0.0005519084412943798
2026-07-26 16:00:00+00:00,QQQ,Fold_2,0.003775400134106821,-0.002693808608538628,0.8745309801587601,0.004639423427629463,0.43276386058243815,2.060507485773136,0.00011617606482627885,0.0005227922917181438
2026-07-26 17:00:00+00:00,QQQ,Fold_2,0.005563018338979209,-0.0021973864198610027,1.2888013664058329,0.004756138482412631,0.4378383660381489,0.7487435972576206,0.00030492674497950567,0.0004791705992535089
2026-07-26 18:00:00+00:00,QQQ,Fold_2,0.004066403346402181,-0.0005519084412943798,0.942341871930579,0.005062515501218279,0.46015879018112965,0.45361392110677223,0.0001016112643346112,0.0005080563216721679
2026-07-26 19:00:00+00:00,QQQ,Fold_2,0.003218009202632599,-0.0005227922917181438,0.7454609181642445,0.005164641174153495,0.4633651647576218,0.3971447388809315,7.25721003815849e-05,0.001756244829237641
2026-07-26 20:00:00+00:00,QQQ,Fold_2,0.0026776099420822153,-0.0004791705992535089,0.6202829951406802,0.00523758808339303,0.4641491933380074,0.4082160009769792,0.00033380743664923607,0.002133464921192374
2026-07-26 21:00:00+00:00,QQQ,Fold_2,0.0010602451635393084,-0.0005080563216721679,0.24561612508177266,0.005573143865894581,0.48797976058304093,0.42068952975421214,0.0013492927094667095,0.0037141820819730498
2026-07-26 22:00:00+00:00,QQQ,Fold_2,0.0022799552722150285,-0.001756244829237641,0.5279046798218687,0.006929956377748292,0.5993783931063602,0.06385691725749267,0.0004491581906169717,0.002825349908719632
2026-07-26 23:00:00+00:00,QQQ,Fold_2,0.0026136578141107147,-0.002133464921192374,0.5985864872876487,0.00738222721503301,0.6243309654733862,0.2735544792442939,0.0019116859042127565,0.0026792567596924943
2026-07-27 00:00:00+00:00,QQQ,Fold_2,0.004224125417331859,-0.0037141820819730498,0.9667934564536912,0.009308025618954607,0.7779001161395895,0.2636478933791242,0.0004625547476908576,0.00036137089663346167
2026-07-27 01:00:00+00:00,QQQ,Fold_2,0.004586556744125225,-0.002825349908719632,1.0286797304083057,0.009774885838087055,0.7917750543471349,0.4139287675307288,0.00030341120887689144,
2026-07-27 02:00:00+00:00,QQQ,Fold_2,0.004818437781196616,-0.0026792567596924943,1.0803727781158297,0.010081262856892925,0.8076236204493628,0.38935325399278015,-0.00040442557125119905,
2026-07-27 03:00:00+00:00,QQQ,Fold_2,0.004076895175915807,-0.00036137089663346167,0.9141119044262472,0.009672760165151839,0.7667878907035401,0.367480110193111,,
2026-08-01 04:00:00+00:00,QQQ,Fold_2,0.0026422971927417827,-0.0006993618323281048,0.4932810463006713,0.00016018406605411428,0.07325001261874395,0.5206004326611497,8.73591333974133e-05,0.001004630034070031
2026-08-01 05:00:00+00:00,QQQ,Fold_2,0.0034198197619128567,-0.0007430394685081776,0.6762334837574305,0.0002475571929925202,0.0847870705764411,0.5520900837515585,0.00029117167481951256,0.0012229210342418195
2026-08-01 06:00:00+00:00,QQQ,Fold_2,0.003710520933765782,-0.0005388009494546875,0.7431328956099107,0.0005388009494546875,0.15260717408299726,0.5026072365044307,0.0006258368748908172,0.0014699889386970977
2026-08-01 07:00:00+00:00,QQQ,Fold_2,0.0017046944662995056,-0.001004630034070031,0.3605194075530781,0.001164975025847781,0.30174795962538015,0.5174624651023714,0.00030545010254412475,0.0008581693357188058
2026-08-01 08:00:00+00:00,QQQ,Fold_2,0.0019668691813454764,-0.0012229210342418195,0.44244735219419823,0.0014707809701328678,0.36243050989654185,0.12882723608878782,0.0005380096550922087,0.000639795265515053
2026-08-01 09:00:00+00:00,QQQ,Fold_2,0.0020095819195875553,-0.0014699889386970977,0.45480327483219174,0.0020095819195875553,0.45480327483219174,0.11215387785561283,1.4532982604009703e-05,0.00039239053030848403
2026-08-01 10:00:00+00:00,QQQ,Fold_2,0.0018636615124778544,-0.0008581693357188058,0.4327910533313702,0.002024144107410697,0.4351903650884755,0.11944983440772691,8.719662839684617e-05,0.0005667780845806103
2026-08-01 11:00:00+00:00,QQQ,Fold_2,0.001863498718844614,-0.000639795265515053,0.4374849122151657,0.002111517234349103,0.4292983740026719,0.13824915978917504,0.0002906300860265887,0.0007265752150662497
2026-08-01 12:00:00+00:00,QQQ,Fold_2,0.0018629562787448872,-0.00039239053030848403,0.4372394488453356,0.00240276099081127,0.4604490894616959,0.13822916134601881,0.00018885466906848336,0.0009588006275784711
2026-08-01 13:00:00+00:00,QQQ,Fold_2,0.001425433811871768,-0.0005667780845806103,0.3566777187406386,0.0025920694325114457,0.5024017920562467,0.14737632529825997,0.00024691716655289575,0.00095861958779353
2026-08-01 14:00:00+00:00,QQQ,Fold_2,0.0013668353399638455,-0.0007265752150662497,0.3891275217694421,0.002839626625504188,0.5970576556131598,0.12949632604206535,0.0005227543345047714,0.0007115267330759512
2026-08-01 15:00:00+00:00,QQQ,Fold_2,0.0013515673821737906,-0.0009588006275784711,0.3988248738135835,0.003363865387135734,0.7018885286295041,0.13222043671068076,0.00018867376854081463,0.00018867376854081463
2026-08-01 16:00:00+00:00,QQQ,Fold_2,0.0015259409969481386,-0.00095861958779353,0.4622910186518422,0.0035531738288359094,0.731304285652249,0.13193160004909585,0.0,0.0
2026-08-01 17:00:00+00:00,QQQ,Fold_2,0.0014386189258313031,-0.0007115267330759512,0.5050363455973484,0.0035531738288359094,0.816591634269668,0.12751927984484757,0.0,0.0
2026-08-01 18:00:00+00:00,QQQ,Fold_2,0.0011476552966469544,-0.00018867376854081463,0.4319608145220128,0.0035531738288359094,0.8458226997429379,0.15722503659062406,0.0,0.0
2026-08-01 19:00:00+00:00,QQQ,Fold_2,0.00095861958779353,-0.0,0.3614876618658005,0.0035531738288359094,0.8205012903821484,0.17822980705961677,0.0,0.0
2026-08-01 20:00:00+00:00,QQQ,Fold_2,0.0007115267330759512,-0.0,0.27605692066373216,0.0035531738288359094,0.8189832820545935,0.19787669762218424,0.0,0.00046434012914464695
2026-08-01 21:00:00+00:00,QQQ,Fold_2,0.00018867376854081463,-0.0,0.11453513997319267,0.0035531738288359094,1.245325996230291,0.3150942140451474,0.0,0.00047885075818032696
2026-08-01 22:00:00+00:00,QQQ,Fold_2,0.0,-0.0,0.0,0.0035531738288359094,1.4065848575882838,0.13291138466568764,0.00046434012914464695,0.000507872016251909
2026-08-01 23:00:00+00:00,QQQ,Fold_2,0.00046434012914464695,-0.00046434012914464695,0.33175438686111686,0.0040191638391751106,1.572811928318899,2.311174615901907e-07,1.4503894295581077e-05,0.0017694751040655543
2026-08-02 00:00:00+00:00,QQQ,Fold_2,0.00047885075818032696,-0.00047885075818032696,0.36443113560903573,0.004033726026998252,1.640920989118053,0.35338776786346027,2.9007367871480838e-05,0.002233567326100694
2026-08-02 01:00:00+00:00,QQQ,Fold_2,0.000507872016251909,-0.000507872016251909,0.38674013618521086,0.0040628504026445356,1.6156975941642793,0.3515486571447422,0.0017258883248731927,0.0025090645395213773
2026-08-02 02:00:00+00:00,QQQ,Fold_2,0.0022346368715084886,-0.0017694751040655543,4.4316364128701915,0.005795750753593287,5.870546998968331,0.9053577829857112,0.00047778308647861145,0.0009410878976094939
2026-08-02 03:00:00+00:00,QQQ,Fold_2,0.0027134876296888155,-0.002233567326100694,2.9747834475572468,0.006276302951755408,3.4403403812233035,1.84637275092815,0.0003038985847010345,0.0006512112529304392
2026-08-02 04:00:00+00:00,QQQ,Fold_2,0.003018210839439872,-0.0025090645395213773,3.3129679012978097,0.006582108896040495,3.539470830597096,1.78277132593046,0.00015913661154765002,0.0005497446580733367
2026-08-02 05:00:00+00:00,QQQ,Fold_2,0.0027122282332805447,-0.0009410878976094939,2.9813818516720865,0.006742292962094609,3.560311044379889,1.703153861063113,0.000188040616773133,0.0006798391529492243
2026-08-02 06:00:00+00:00,QQQ,Fold_2,0.0028862331032082356,-0.0006512112529304392,3.183116646789049,0.006931601403794785,3.6036987116155754,1.7513576706626042,0.00020246720754335534,0.000607401622630066
2026-08-02 07:00:00+00:00,QQQ,Fold_2,0.00306018854242196,-0.0005497446580733367,3.371875247029072,0.007135472033318324,3.639507605171768,1.696211047945822,0.00028918031838753855,0.00044822949350065144
2026-08-02 08:00:00+00:00,QQQ,Fold_2,0.0016215668389580884,-0.0006798391529492243,1.8256982266574906,0.007426715789780047,3.803361183940743,1.6744627735748658,0.0001156386869227699,-0.00013009352278792186
2026-08-02 09:00:00+00:00,QQQ,Fold_2,0.0012590084223322862,-0.000607401622630066,1.4178791204083125,0.007543213292364959,3.799110780866799,0.3223165984327127,4.335949356115698e-05,0.0006503924034166886
2026-08-02 10:00:00+00:00,QQQ,Fold_2,0.0009982205633434216,-0.00044822949350065144,1.1383440989637548,0.007586899855834162,3.8063277249090164,0.20570812105401792,-0.000289050757312892,0.0006214591282229787
2026-08-02 11:00:00+00:00,QQQ,Fold_2,0.0005496571874910039,0.00013009352278792186,0.6280514559027489,0.007295656099372438,3.6096766951674155,0.23286847747462938,0.0008963164286126535,0.0010264268779274222
2026-08-02 12:00:00+00:00,QQQ,Fold_2,0.0012581890754479463,-0.0006503924034166886,1.3814495494722236,0.008198511744404557,3.8383343048612963,0.5491110532728652,1.4443770401717515e-05,0.0003466504896438849
2026-08-02 13:00:00+00:00,QQQ,Fold_2,0.0010699671780338704,-0.0006214591282229787,1.1006066992402208,0.008213073932227477,3.548980354450645,0.9843227262114559,0.00011554849425854385,0.0005488553477286384
2026-08-02 14:00:00+00:00,QQQ,Fold_2,0.0008961998236509672,-0.0010264268779274222,0.9159281641047097,0.008329571434812166,3.5246891320191733,0.9983828510641833,0.00021662839565017578,0.0007798622243404552
2026-08-02 15:00:00+00:00,QQQ,Fold_2,0.0009972683519057224,-0.0003466504896438849,1.0174354784942372,0.008548004252158847,3.5602782811300497,0.9882158894328492,0.00021658147795200478,0.0008085708510208178
2026-08-02 16:00:00+00:00,QQQ,Fold_2,0.0011706555671175956,-0.0005488553477286384,1.2093487569521777,0.008766437069505306,3.646870236586488,1.001721164181357,0.0003464553289160843,0.0009960590706334926
2026-08-02 17:00:00+00:00,QQQ,Fold_2,0.0018070895738160342,-0.0007798622243404552,1.8670039279359454,0.009115929577259596,3.7424011663982566,0.990534393195401,0.0002453208652610783,0.000649378760985142
2026-08-02 18:00:00+00:00,QQQ,Fold_2,0.001155501632146061,-0.0008085708510208178,1.19961041106616,0.009363486770252338,3.812857600027943,0.793821162606415,0.00040395879620280795,0.0005482297948466996
2026-08-02 19:00:00+00:00,QQQ,Fold_2,0.001545461110709745,-0.0009960590706334926,1.617095182070328,0.009771228029298973,3.95979114407532,0.29285860934280233,0.0,0.0006201147933433404
2026-08-02 20:00:00+00:00,QQQ,Fold_2,0.0014297474112907604,-0.000649378760985142,1.5042113550066234,0.009771228029298973,3.9326236727663857,0.26534137996072416,0.00014421274263787254,0.0006345360676069944
2026-08-02 21:00:00+00:00,QQQ,Fold_2,0.00135724392849923,-0.0005482297948466996,1.427931753986686,0.009916849907529945,3.9434311623909046,0.3587913771481905,0.00047583342946144747,-0.00046141423462908726
2026-08-02 22:00:00+00:00,QQQ,Fold_2,0.0016167915349414308,-0.0006201147933433404,1.7144991546310744,0.010397402105692288,4.118598776096733,0.3753500345418465,1.4412336960534233e-05,0.0
2026-08-02 23:00:00+00:00,QQQ,Fold_2,0.0012843268828375276,-0.0006345360676069944,1.3687387083187592,0.01041196429351543,4.097575206977994,0.46034313407575206,-0.0009512005303663473,0.0005764851699190388
2026-08-03 00:00:00+00:00,QQQ,Fold_2,8.656259918637943e-05,0.00046141423462908726,0.09182975699345759,0.009450859897190966,3.6609503590386145,0.5146460757181774,0.0009376803231391229,0.0017311021350259193
2026-08-03 01:00:00+00:00,QQQ,Fold_2,0.0006201147933433404,-0.0,0.5551556606949124,0.010397402105692288,3.3617408383993688,1.1242186633227917,0.0005909058153779068,
2026-08-03 02:00:00+00:00,QQQ,Fold_2,0.0012113870381587066,-0.0005764851699190388,1.0381700749912504,0.01099445180643932,3.3665561318647317,1.3167375037238558,0.000201653559185333,
2026-08-03 03:00:00+00:00,QQQ,Fold_2,0.0012688891452301565,-0.0017311021350259193,1.4039699211388006,0.011198322435962638,4.380685708167784,1.7713767077580576,,
2026-08-08 04:00:00+00:00,QQQ,Fold_3,0.0013281498595758556,0.0003867136247496239,0.23767539197341322,-0.0005523564908791467,-0.242120869680806,0.16210864096710806,0.0005526617571880443,-0.003758099948878879
2026-08-08 05:00:00+00:00,QQQ,Fold_3,0.0012512702812939036,-0.0,0.22285695990741256,0.0,0.0,0.20377287176311706,-0.004308380628857855,-0.004308380628857855
2026-08-08 06:00:00+00:00,QQQ,Fold_3,-0.003785628428135235,0.004308380628857855,-0.6742512535532824,-0.004308380628857855,-1.0852076351973627,0.19830512044216894,0.0,0.0
2026-08-08 07:00:00+00:00,QQQ,Fold_3,-0.004143360265175033,0.003758099948878879,-0.6792499603638342,-0.004308380628857855,-0.865040854526315,0.7392198028610939,0.0,0.0
2026-08-08 08:00:00+00:00,QQQ,Fold_3,-0.004308380628857855,0.004308380628857855,-0.7074074839848529,-0.004308380628857855,-0.7749260726529568,0.7270702786260378,0.0,0.0
2026-08-08 09:00:00+00:00,QQQ,Fold_3,-0.004308380628857855,-0.0,-0.7144446888713392,-0.004308380628857855,-0.7144446888713392,0.728417575363727,0.0,0.0
2026-08-08 10:00:00+00:00,QQQ,Fold_3,-0.003758099948878879,-0.0,-0.6244705510594764,-0.004308380628857855,-0.6628027568398733,0.7299103213370491,0.0,0.0
2026-08-08 11:00:00+00:00,QQQ,Fold_3,-0.004308380628857855,-0.0,-0.716733986479264,-0.004308380628857855,-0.6207098400467349,0.7406207297330537,0.0,0.0
2026-08-08 12:00:00+00:00,QQQ,Fold_3,0.0,-0.0,0.0,-0.004308380628857855,-0.585371796334989,0.7169311054185618,0.0,0.0
2026-08-08 13:00:00+00:00,QQQ,Fold_3,0.0,-0.0,0.0,-0.004308380628857855,-0.7096559977687927,0.0,0.0,0.0
2026-08-08 14:00:00+00:00,QQQ,Fold_3,0.0,-0.0,0.0,-0.004308380628857855,-0.8408540286949138,0.0,0.0,0.0
2026-08-08 15:00:00+00:00,QQQ,Fold_3,0.0,-0.0,0.0,-0.004308380628857855,-0.8146570136745948,0.0,0.0,6.934331877128663e-05
2026-08-08 16:00:00+00:00,QQQ,Fold_3,0.0,-0.0,0.0,-0.004308380628857855,-0.8722428942839622,0.0,0.0,0.00012481797378827153
2026-08-08 17:00:00+00:00,QQQ,Fold_3,0.0,-0.0,0.0,-0.004308380628857855,-0.9032360823418505,0.0,6.934331877128663e-05,0.00012481797378827153
2026-08-08 18:00:00+00:00,QQQ,Fold_3,6.934331877128663e-05,-6.934331877128663e-05,0.02221186330800233,-0.004239336067497823,-0.8588319858764947,0.0,5.547080848700148e-05,0.0002773540424350074
2026-08-08 19:00:00+00:00,QQQ,Fold_3,0.00012481797378827153,-0.00012481797378827153,0.040457911487642606,-0.004184100418409997,-0.8305084673127832,0.022476617493142777,0.0,0.00022187092658843
2026-08-08 20:00:00+00:00,QQQ,Fold_3,0.00012481797378827153,-0.00012481797378827153,0.053818409427376736,-0.004184100418409997,-1.0717833192292705,0.03435060327909989,0.00022187092658843,0.00022187092658843
2026-08-08 21:00:00+00:00,QQQ,Fold_3,0.0003467165938562111,-0.0002773540424350074,0.150271655580456,-0.003963157822058361,-0.9917065544339346,0.034528926974063276,0.0,0.0
2026-08-08 22:00:00+00:00,QQQ,Fold_3,0.0003467165938562111,-0.00022187092658843,0.15125865996586432,-0.003963157822058361,-0.9715962123160792,0.0920256304075652,0.0,0.0
2026-08-08 23:00:00+00:00,QQQ,Fold_3,0.0003467165938562111,-0.00022187092658843,0.15130452068084185,-0.003963157822058361,-0.9472819698997267,0.09205353202462106,0.0,0.0
2026-08-09 00:00:00+00:00,QQQ,Fold_3,0.0002773540424350074,-0.0,0.12263560016942554,-0.003963157822058361,-0.9366760284210426,0.09327070100309827,0.0,0.0
2026-08-09 01:00:00+00:00,QQQ,Fold_3,0.00022187092658843,-0.0,0.0999364363659097,-0.003963157822058361,-0.9322429631058247,0.09804479456482773,0.0,0.0
2026-08-09 02:00:00+00:00,QQQ,Fold_3,0.00022187092658843,-0.0,0.10056994107456867,-0.003963157822058361,-0.9175312675769579,0.10056994107456864,0.0,0.0
2026-08-09 03:00:00+00:00,QQQ,Fold_3,0.0,-0.0,0.0,-0.003963157822058361,-0.9001696892831706,0.10078906367869349,0.0,0.0
2026-08-09 04:00:00+00:00,QQQ,Fold_3,0.0,-0.0,0.0,-0.003963157822058361,-0.8819825682653788,0.0,0.0,0.0
2026-08-09 05:00:00+00:00,QQQ,Fold_3,0.0,-0.0,0.0,-0.003963157822058361,-0.8680259757415396,0.0,0.0,-0.0003881879938998356
2026-08-09 06:00:00+00:00,QQQ,Fold_3,0.0,-0.0,0.0,-0.003963157822058361,-0.8629908921125792,0.0,0.0,-0.0005406904200748741
2026-08-09 07:00:00+00:00,QQQ,Fold_3,0.0,-0.0,0.0,-0.003963157822058361,-15.735827538713279,0.0,-0.0003881879938998356,-0.0009843338416746228
2026-08-09 08:00:00+00:00,QQQ,Fold_3,-0.0003881879938998356,0.0003881879938998356,-3.329612624324599,-0.004349807365673808,-16.970641567661833,0.0,-0.00015256164877541778,-0.0005963773543035122
2026-08-09 09:00:00+00:00,QQQ,Fold_3,-0.0005406904200748741,0.0005406904200748741,-2.3226671525136897,-0.004501705400665523,-8.64829253910009,1.6675559043684849,-0.0004438834251153656,-0.0004438834251153656
2026-08-09 10:00:00+00:00,QQQ,Fold_3,-0.0009843338416746228,0.0009843338416746228,-4.022831250747851,-0.004943590593368907,-8.888463107221844,1.5842879473296445,0.0,0.0009020386072524644
2026-08-09 11:00:00+00:00,QQQ,Fold_3,-0.0009843338416746228,0.0005963773543035122,-3.0055873680804472,-0.004943590593368907,-6.536271351247567,1.5306650565377014,0.0,0.0009020386072524644
2026-08-09 12:00:00+00:00,QQQ,Fold_3,-0.0009843338416746228,0.0004438834251153656,-3.0055873680804472,-0.004943590593368907,-6.436475088564488,1.5306650565377014,0.0009020386072524644,0.0009020386072524644
2026-08-09 13:00:00+00:00,QQQ,Fold_3,-8.318314154986961e-05,-0.0009020386072524644,-0.2539932987107229,-0.004046011295690155,-5.189794934877025,1.5306650565377014,0.0,0.0
2026-08-09 14:00:00+00:00,QQQ,Fold_3,0.00030512329755083556,-0.0009020386072524644,0.5367221360487939,-0.004046011295690155,-2.946746876993938,2.0963083151727946,0.0,0.0
2026-08-09 15:00:00+00:00,QQQ,Fold_3,0.0004577547821504879,-0.0009020386072524644,0.8052060476353075,-0.004046011295690155,-2.9055316041492945,1.9445875586741137,0.0,0.001275580943929766
2026-08-09 16:00:00+00:00,QQQ,Fold_3,0.0009020386072524644,-0.0,1.5867162290429828,-0.004046011295690155,-2.865998719835126,1.90338990331489,0.0,0.001275580943929766
2026-08-09 17:00:00+00:00,QQQ,Fold_3,0.0009020386072524644,-0.0,1.5867162290429828,-0.004046011295690155,-2.8280367957926567,1.5867162290429828,0.001275580943929766,0.0014835560978314621
2026-08-09 18:00:00+00:00,QQQ,Fold_3,0.0021787701744402366,-0.001275580943929766,3.8325299686109293,-0.002775591366668051,-1.9150185610351285,1.5867162290429828,0.0,-0.0012739559100475306
2026-08-09 19:00:00+00:00,QQQ,Fold_3,0.001275580943929766,-0.001275580943929766,1.4994872731285822,-0.002775591366668051,-1.2636765282553297,1.654343134887729,0.00020771020272514207,-0.0026863852885786743
2026-08-09 20:00:00+00:00,QQQ,Fold_3,0.0014835560978314621,-0.0014835560978314621,1.7428410402529677,-0.0025684576825883987,-1.154276666952419,1.4985175299370264,-0.001481358419515133,-0.002893494482978154
2026-08-09 21:00:00+00:00,QQQ,Fold_3,0.0,0.0012739559100475306,0.0,-0.004046011295690155,-1.791092844870084,1.4648591183925948,-0.0014142310465309338,0.001400366036270917
2026-08-09 22:00:00+00:00,QQQ,Fold_3,-0.0014142310465309338,0.0026863852885786743,-1.232261364921047,-0.005454520347432101,-1.7753354647620267,1.8764173157742947,0.0,0.005651051067729229
2026-08-09 23:00:00+00:00,QQQ,Fold_3,-0.0014142310465309338,0.002893494482978154,-1.049832718406741,-0.005454520347432101,-1.4952216943762215,1.9126824957788622,0.00281858321068551,0.00574824359223558
2026-08-10 00:00:00+00:00,QQQ,Fold_3,0.00012462612163521847,-0.001400366036270917,0.09251428921867383,-0.002651311156220193,-0.7186704764892796,1.9126824957788622,0.0028245067497403298,0.0026722049151954863
2026-08-10 01:00:00+00:00,QQQ,Fold_3,0.002949484878697284,-0.005651051067729229,1.4949905084008626,0.00016570694726381063,0.030334000341716034,1.937723943074183,9.664637092887673e-05,
2026-08-10 02:00:00+00:00,QQQ,Fold_3,0.0028381165981365974,-0.00574824359223558,1.177898911282831,0.0002623693331678112,0.03890608708187494,1.9662529011576675,-0.00024849522336967134,
2026-08-10 03:00:00+00:00,QQQ,Fold_3,0.0040763130164716,-0.0026722049151954863,1.6927159508989882,1.3808912271873197e-05,0.002027360767757195,1.9711982990341987,,
2026-08-15 04:00:00+00:00,QQQ,Fold_3,0.0016961904110526227,1.3655605626050615e-05,0.6290608531940807,0.000259527386968994,0.2357636656047522,0.7959096126069399,1.3655792104216857e-05,0.0005052643078562458
2026-08-15 05:00:00+00:00,QQQ,Fold_3,0.00199770127524479,-0.00030051360507044045,0.7410283922724513,0.0002731867231251517,0.1755191542172384,0.7957288344207514,0.00020483408439186945,0.0009285811825754386
2026-08-15 06:00:00+00:00,QQQ,Fold_3,0.002223514521260128,-0.000478076765469293,0.834481795694058,0.000478076765469293,0.253740348607725,0.776476201274293,0.00028670899037464004,-0.0003549730357020886
2026-08-15 07:00:00+00:00,QQQ,Fold_3,0.0004916018025400426,-0.0005052643078562458,0.18439957417655564,0.0007649228247506024,0.351406424310041,0.7632305574437377,0.0004367646657386093,-0.0003412223951082538
2026-08-15 08:00:00+00:00,QQQ,Fold_3,0.00122937383892463,-0.0009285811825754386,0.4636523956729016,0.0012020215817512003,0.4966053904454905,0.20341453351755764,-0.0010777920270675923,-0.0006275751043685052
2026-08-15 09:00:00+00:00,QQQ,Fold_3,0.00012293402540630716,0.0003549730357020886,0.0471905354775582,0.00012293402540630716,0.0471905354775582,0.1525156110799498,0.0003004684576406458,0.0005872792581160802
2026-08-15 10:00:00+00:00,QQQ,Fold_3,0.0001638695052506023,0.0003412223951082538,0.06172720686869449,0.0004234394208439962,0.14767139428379422,0.5123275881691972,0.0001501891017325896,0.0006280635163364856
2026-08-15 11:00:00+00:00,QQQ,Fold_3,0.0003004233237744458,0.0006275751043685052,0.11348795357225615,0.0005736921185630628,0.18768330105179698,0.5172707056815565,0.0001365150439578411,0.0009965598208923065
2026-08-15 12:00:00+00:00,QQQ,Fold_3,0.00023209775411281441,-0.0005872792581160802,0.08810917233350363,0.0007102854801257497,0.2201595307350145,0.5217729969376811,0.0003412410253609277,0.00031394174333221336
2026-08-15 13:00:00+00:00,QQQ,Fold_3,0.0002866268118910664,-0.0006280635163364856,0.10877612874239828,0.0010517688840321338,0.3091809511958095,0.5187487983518382,0.0005185094218620456,0.0007777641327930684
2026-08-15 14:00:00+00:00,QQQ,Fold_3,0.000368359300390253,-0.0009965598208923065,0.14441104213513645,0.0015708236579701218,0.4548157322790681,0.5409371129998248,-0.0005455165359700143,-0.0009546539379475805
2026-08-15 15:00:00+00:00,QQQ,Fold_3,0.0009014053729223814,-0.00031394174333221336,0.4763173991775593,0.0010244502117198184,0.38278257730480564,0.744830542316001,0.0008050760728661732,-0.00025926178617730056
2026-08-15 16:00:00+00:00,QQQ,Fold_3,0.0014063161344057828,-0.0007777641327930684,0.8730729819291967,0.0018303510449393379,0.7719797883189561,0.5603678792091554,-0.0012134598603841251,-0.0010089441535776622
2026-08-15 17:00:00+00:00,QQQ,Fold_3,4.095451318741894e-05,0.0009546539379475805,0.025339853802275672,0.0006146701270317578,0.24897517780335943,0.6921216721465985,0.00015016039860760166,0.0002866698518873001
2026-08-15 18:00:00+00:00,QQQ,Fold_3,5.4598564057650734e-05,0.00025926178617730056,0.03119922401801793,0.0007649228247506024,0.2764459217102303,1.0515273271845933,5.459558321740943e-05,0.000232031228673657
2026-08-15 19:00:00+00:00,QQQ,Fold_3,-0.00023196474135922518,0.0010089441535776622,-0.132561557961317,0.0008195601693758992,0.286808553944318,1.0522943354959637,8.188890405347315e-05,0.00031390746553827675
2026-08-15 20:00:00+00:00,QQQ,Fold_3,-0.0006682577565632064,-0.0002866698518873001,-0.44298026428519854,0.0009015161863132892,0.3550300084021394,1.1940242235598988,9.552923194511287e-05,0.0003002347289700058
2026-08-15 21:00:00+00:00,QQQ,Fold_3,-2.729071433438257e-05,-0.000232031228673657,-0.018093436808190567,0.000997131539407281,0.38167875805396817,1.11954840496558,0.0001364572956892296,0.00032749750965432867
2026-08-15 22:00:00+00:00,QQQ,Fold_3,-0.0006953534031415298,-0.00031390746553827675,-0.466362940355481,0.0011337249009697459,0.42729219261521534,1.0802510296394983,6.821933881817621e-05,0.00020465801645452864
2026-08-15 23:00:00+00:00,QQQ,Fold_3,0.0005869906491025034,-0.0003002347289700058,0.39394790088247755,0.0012020215817512003,0.4418557393348336,0.8858939902847658,0.00012278643346341767,0.0002865016780813079
2026-08-16 00:00:00+00:00,QQQ,Fold_3,0.0005596047279776695,-0.00032749750965432867,0.3791343043419331,0.0013249556071575075,0.4798207349542497,0.06313209857823261,1.3641262089469919e-05,0.00038195533850782226
2026-08-16 01:00:00+00:00,QQQ,Fold_3,0.0005186297256720707,-0.00020465801645452864,0.35181980808018565,0.0013386149433138872,0.47422324273633965,0.05251557760348561,0.0001500518360888492,0.000572925192339202
2026-08-16 02:00:00+00:00,QQQ,Fold_3,0.0005868224248049003,-0.0002865016780813079,0.5355440312695473,0.0014888676410327317,0.6939949017860441,0.09773661750135679,0.0002182244711466108,0.00045008797173973214
2026-08-16 03:00:00+00:00,QQQ,Fold_3,0.0007095779375843048,-0.00038195533850782226,0.6559087451532943,0.0017074170195328087,0.7891379476564448,0.11461446988745919,0.00020454080589082935,0.00025908502079485807
2026-08-16 04:00:00+00:00,QQQ,Fold_3,0.00077770046252712,-0.000572925192339202,0.7171848737666187,0.001912307061876728,0.8639368799367976,0.15910127349635797,2.7266530334024708e-05,-0.0010633946830265195
2026-08-16 05:00:00+00:00,QQQ,Fold_3,0.000736718600780284,-0.00045008797173973214,0.6807385790093039,0.0019396257341892653,0.8609652389352973,0.17864560933914655,2.7265786890495747e-05,-0.0008043407132730662
2026-08-16 06:00:00+00:00,QQQ,Fold_3,0.0006411393182095271,-0.00025908502079485807,0.5925094468038873,0.0019669444065018027,0.8568971459159532,0.19623092445498258,-0.001117866782997412,-0.0007770537394006238
2026-08-16 07:00:00+00:00,QQQ,Fold_3,-0.0004910787362907287,0.0010633946830265195,-0.45473654967271465,0.0008468788416882145,0.3630167169698398,0.21558601802870148,0.0002866033409760771,0.0005186155693852612
2026-08-16 08:00:00+00:00,QQQ,Fold_3,-0.00035461476561338134,0.0008043407132730662,-0.2900446593551354,0.0011337249009697459,0.42178620341245016,1.0305672658637681,5.457547105458538e-05,0.0003274528263272902
2026-08-16 09:00:00+00:00,QQQ,Fold_3,-0.0005181700415899382,0.0007770537394006238,-0.42788940910646905,0.0011883622455948206,0.4388570510457311,1.0710204204146934,0.0001773606013888429,0.0005866542969015232
2026-08-16 10:00:00+00:00,QQQ,Fold_3,-0.0005453306066802721,-0.0005186155693852612,-0.5081011431966425,0.0013659336156262025,0.5599054183815037,1.1785926022498994,9.548492702204925e-05,0.0004637839312509051
2026-08-16 11:00:00+00:00,QQQ,Fold_3,-0.00047715127058567397,-0.0003274528263272902,-0.4470387207995216,0.0014615489687199723,0.5929295076696585,1.1783494256946137,0.0003137062345703878,0.0006546912721470122
2026-08-16 12:00:00+00:00,QQQ,Fold_3,-0.00019085530441420584,-0.0005866542969015232,-0.1790005153761092,0.001775713700314041,0.7101361926387177,1.1885096646435291,5.454049631858915e-05,0.000504499590946228
2026-08-16 13:00:00+00:00,QQQ,Fold_3,0.0009826400262038515,-0.0004637839312509051,0.9147722297516288,0.0018303510449393379,0.7157956911870565,1.2354602090315117,0.000286321989528604,0.0023723821989527494
2026-08-16 14:00:00+00:00,QQQ,Fold_3,0.0009823584789816486,-0.0006546912721470122,0.9241096959582207,0.0021171971042206472,0.8246248599080354,0.26528079636368856,0.00016356573297904298,0.00039528385469922434
2026-08-16 15:00:00+00:00,QQQ,Fold_3,0.0010914498547007767,-0.000504499590946228,1.04800029807277,0.0022811091380958715,0.8941863951478531,0.2706346596488947,0.0019215830573613424,0.0011856576311377598
2026-08-16 16:00:00+00:00,QQQ,Fold_3,0.002837266402946348,-0.0023723821989527494,2.837151108030502,0.004207075536128757,1.6940936886450155,0.2505609226178899,-0.0016866617699065056,-0.0004624717756194219
2026-08-16 17:00:00+00:00,QQQ,Fold_3,0.0010502339157358875,-0.00039528385469922434,0.7938552722771907,0.002513317852752328,0.7548949800900284,1.327946507251719,0.0009537564378558905,0.0021391394391911955
2026-08-16 18:00:00+00:00,QQQ,Fold_3,0.0016907553858740432,-0.0011856576311377598,1.1584356235940936,0.003469471383690692,0.9323903202056871,1.9227375129654334,0.0002722421866492297,0.001347598823913776
2026-08-16 19:00:00+00:00,QQQ,Fold_3,0.0019088132635252109,0.0004624717756194219,1.2528201938896166,0.003742658106816066,0.9513735794590501,1.9131992378559912,0.0009117631048936037,0.001143105982254422
2026-08-16 20:00:00+00:00,QQQ,Fold_3,0.002535268861173501,-0.0021391394391911955,1.6621059256028414,0.004657833629285513,1.1681600358930877,1.902976529444848,0.000163152098543895,0.00033990020529972576
2026-08-16 21:00:00+00:00,QQQ,Fold_3,0.0025348542458809575,-0.001347598823913776,1.6091221477541362,0.004821745663160737,1.1568879526262688,1.8797394720410394,6.796895178284856e-05,-0.004336419123744162
2026-08-16 22:00:00+00:00,QQQ,Fold_3,0.0006801055523817379,-0.001143105982254422,0.4318171699862853,0.004890042343941969,1.1597853099179574,1.8801461187700068,0.00010874293170948235,-0.0045536102653326305
2026-08-16 23:00:00+00:00,QQQ,Fold_3,0.0024797667384253153,-0.00033990020529972576,1.5738414592146204,0.004999317033192119,1.171682967346839,1.493342906656229,-0.004512340980754481,-0.0037240404479721434
2026-08-17 00:00:00+00:00,QQQ,Fold_3,-0.002994664053141527,0.004336419123744162,-1.9011885656418168,0.0004644174293129133,0.1076601455509856,0.6355075851452886,-0.00015018295013924376,0.0015837474741957625
2026-08-17 01:00:00+00:00,QQQ,Fold_3,-0.0034157095422132633,0.0045536102653326305,-1.2124015390888234,0.00031416473159406877,0.04027352880251419,1.7310967578372543,0.000942198189340715,
2026-08-17 02:00:00+00:00,QQQ,Fold_3,-0.003385406044785211,0.0037240404479721434,-1.2014534330452626,0.001256658926376053,0.15934568008737734,1.7087574322055483,0.0007912471692450573,
2026-08-17 03:00:00+00:00,QQQ,Fold_3,-0.002759539442382719,-0.0015837474741957625,-0.9650852387946132,0.002048900423439415,0.2533406764781075,1.6878441595407625,,
2026-08-22 04:00:00+00:00,QQQ,Fold_3,-0.0014005798400538172,-0.00011221612826317617,-0.3102177121744715,0.0003788303962284356,0.20553186508937155,0.5582954154581355,-0.0004908904753222476,-0.0004908904753222476
2026-08-22 05:00:00+00:00,QQQ,Fold_3,-0.001974651635039515,0.0007851934941111027,-0.43715789238012026,-0.00011224604332704669,-0.043040717521632216,0.5107902844122015,0.0,0.0
2026-08-22 06:00:00+00:00,QQQ,Fold_3,-0.0023421105313776724,0.00011224604332704669,-0.5180368276977263,-0.00011224604332704669,-0.035110683762677654,0.5051627568572007,0.0,0.0
2026-08-22 07:00:00+00:00,QQQ,Fold_3,-0.00037872943288774774,0.0004908904753222476,-0.08402471450027486,-0.00011224604332704669,-0.03049963616013261,0.48279069952036796,0.0,0.0004911315671307648
2026-08-22 08:00:00+00:00,QQQ,Fold_3,-0.0007851934941111027,-0.0,-0.1787431429148808,-0.00011224604332704669,-0.02799073880340545,0.2467456499918977,0.0,0.0004911315671307648
2026-08-22 09:00:00+00:00,QQQ,Fold_3,-0.00011224604332704669,-0.0,-0.025564843943954457,-0.00011224604332704669,-0.025564843943954457,0.21385708917738327,0.0004911315671307648,0.0004911315671307648
2026-08-22 10:00:00+00:00,QQQ,Fold_3,0.0,-0.0004911315671307648,0.0,0.0003788303962284356,0.08137503890646527,0.1571684555998319,0.0,0.0
2026-08-22 11:00:00+00:00,QQQ,Fold_3,0.0004911315671307648,-0.0004911315671307648,0.11364223648660719,0.0003788303962284356,0.07591321297098165,0.17601058770584402,0.0,-0.000785424760515685
2026-08-22 12:00:00+00:00,QQQ,Fold_3,0.0004911315671307648,-0.0004911315671307648,0.11411866422498033,0.0003788303962284356,0.07187171684458045,0.11411866422499728,0.0,0.0003786869381057212
2026-08-22 13:00:00+00:00,QQQ,Fold_3,0.0004911315671307648,-0.0,0.11429271193236065,0.0003788303962284356,0.068287487210611,0.11429271193237761,-0.000785424760515685,0.0003786869381057212
2026-08-22 14:00:00+00:00,QQQ,Fold_3,-0.00029467894027845887,0.000785424760515685,-0.1180985975937091,-0.00040689190706033607,-0.12043534904844738,0.19683099598954434,0.001165026739469166,0.001165026739469166
2026-08-22 15:00:00+00:00,QQQ,Fold_3,0.0008700044903457993,-0.0003786869381057212,0.3478166375650749,0.0007576607924570933,0.21418481338258152,0.4022584232433297,0.0,4.20603987325574e-05
2026-08-22 16:00:00+00:00,QQQ,Fold_3,0.0003786869381057212,-0.0003786869381057212,0.22510920932696418,0.0007576607924570933,0.3059790557462021,0.9411862229927453,0.0,4.20603987325574e-05
2026-08-22 17:00:00+00:00,QQQ,Fold_3,0.0003786869381057212,-0.001165026739469166,0.23767019132410833,0.0007576607924570933,0.31130121203921857,0.9601088625778034,4.20603987325574e-05,4.20603987325574e-05
2026-08-22 18:00:00+00:00,QQQ,Fold_3,0.0004207632645618631,-4.20603987325574e-05,0.27470482333864404,0.0007997530587044999,0.3302283650424321,0.9987448598827358,0.0,0.0
2026-08-22 19:00:00+00:00,QQQ,Fold_3,0.0004207632645618631,-4.20603987325574e-05,0.2800929211925135,0.0007997530587044999,0.3260137074390558,1.0173292510794545,0.0,0.0
2026-08-22 20:00:00+00:00,QQQ,Fold_3,0.001207136139691034,-4.20603987325574e-05,0.8054670705872735,0.0007997530587044999,0.31702872360920836,1.0197383508743987,0.0,0.0
2026-08-22 21:00:00+00:00,QQQ,Fold_3,4.20603987325574e-05,-0.0,0.02863070094614294,0.0007997530587044999,0.31430687277169733,0.7878123530771107,0.0,0.0
2026-08-22 22:00:00+00:00,QQQ,Fold_3,4.20603987325574e-05,-0.0,0.029069166679934675,0.0007997530587044999,0.3106089253976384,0.029069166680521365,0.0,-0.00036450812432531343
2026-08-22 23:00:00+00:00,QQQ,Fold_3,4.20603987325574e-05,-0.0,0.030730914988384987,0.0007997530587044999,0.3200505978901421,0.030730914989005213,0.0,-0.00036450812432531343
2026-08-23 00:00:00+00:00,QQQ,Fold_3,0.0,-0.0,0.0,0.0007997530587044999,0.3126466804171321,0.030761344947019882,-0.00036450812432531343,-0.00040656675405514875
2026-08-23 01:00:00+00:00,QQQ,Fold_3,-0.00036450812432531343,0.00036450812432531343,-0.2698813854204464,0.00043495341789201447,0.1681793815418615,1.9779722985427076e-07,0.0,0.0
2026-08-23 02:00:00+00:00,QQQ,Fold_3,-0.00036450812432531343,0.00036450812432531343,-0.38981664133793736,0.00043495341789201447,0.23757876359677524,0.38981664133804145,-4.2073966032285526e-05,0.0
2026-08-23 03:00:00+00:00,QQQ,Fold_3,-0.00040656675405514875,0.00040656675405514875,-0.4460219978281063,0.00039286115164438584,0.21549316806867003,0.3998817911563485,4.207573632530881e-05,
2026-08-23 04:00:00+00:00,QQQ,Fold_3,-0.00036450812432531343,-0.0,-0.4319460119072775,0.00043495341789201447,0.2525053735986432,0.42479263705040005,0.0,
2026-08-23 05:00:00+00:00,QQQ,Fold_3,-0.00036450812432531343,-0.0,-0.44307465039601024,0.00043495341789201447,0.2539810943090583,0.4501034974735994,,
2026-08-23 06:00:00+00:00,QQQ,Fold_3,,,,,,0.473834423765982,,
2026-08-23 07:00:00+00:00,QQQ,Fold_3,,,,,,0.5080371316587035,,
2026-08-23 08:00:00+00:00,QQQ,Fold_3,,,,0.00043495341789201447,0.24196617784452706,0.10291717921107377,0.0,0.0
2026-08-23 09:00:00+00:00,QQQ,Fold_3,,,,0.00043495341789201447,0.2321981633080346,,0.0,0.0
2026-08-23 10:00:00+00:00,QQQ,Fold_3,,,,0.00043495341789201447,0.22842233177848592,,0.0,0.0
2026-08-23 11:00:00+00:00,QQQ,Fold_3,,-0.0,,0.00043495341789201447,0.23660029146651007,,0.0,0.0
2026-08-23 12:00:00+00:00,QQQ,Fold_3,,-0.0,,0.00043495341789201447,0.23298786114205938,,0.0,0.0009817258740867363
2026-08-23 13:00:00+00:00,QQQ,Fold_3,,-0.0,,0.00043495341789201447,0.22953599829843432,4.3330357849757103e-07,0.0,0.0009817258740867363
2026-08-23 14:00:00+00:00,QQQ,Fold_3,0.0,-0.0,0.0,0.00043495341789201447,0.22623314987010323,3.7525190652960116e-07,0.0009817258740867363,0.0009817258740867363
2026-08-23 15:00:00+00:00,QQQ,Fold_3,0.0009817258740867363,-0.0009817258740867363,1.4825418770667123,0.001417106297002979,0.8736621781704849,4.034713876036109e-07,0.0,0.0
2026-08-23 16:00:00+00:00,QQQ,Fold_3,0.0009817258740867363,-0.0009817258740867363,1.723708235140451,0.001417106297002979,1.0019607524645922,1.7237082351405153,0.0,0.0
2026-08-23 17:00:00+00:00,QQQ,Fold_3,0.0009817258740867363,-0.0009817258740867363,1.723708235140451,0.001417106297002979,0.9886891631525131,1.7237082351405153,0.0,0.0
2026-08-23 18:00:00+00:00,QQQ,Fold_3,0.0009817258740867363,-0.0,1.723708235140451,0.001417106297002979,0.9759313491347928,1.7237082351405153,0.0,0.0
2026-08-23 19:00:00+00:00,QQQ,Fold_3,0.0009817258740867363,-0.0,1.7230808029611853,0.001417106297002979,0.9633042226694165,1.7230808029612499,0.0,0.0
2026-08-23 20:00:00+00:00,QQQ,Fold_3,0.0009817258740867363,-0.0,1.7230808029611853,0.001417106297002979,0.9514840913081094,1.7230808029612499,0.0,0.0
2026-08-23 21:00:00+00:00,QQQ,Fold_3,0.0,-0.0,0.0,0.001417106297002979,0.9400886611747137,1.7230808029612499,0.0,0.0006865341235482436
2026-08-23 22:00:00+00:00,QQQ,Fold_3,0.0,-0.0,0.0,0.001417106297002979,0.9290930938975491,0.0,0.0,-0.002760147394673118
2026-08-23 23:00:00+00:00,QQQ,Fold_3,0.0,-0.0,0.0,0.001417106297002979,0.9184745383775946,0.0,0.0006865341235482436,-0.0012890028442128498
2026-08-24 00:00:00+00:00,QQQ,Fold_3,0.0006865341235482436,-0.0006865341235482436,1.2049736083040694,0.0021046133123807653,1.348829600386562,0.0,-0.003444316877152742,-0.0051244714513736245
2026-08-24 01:00:00+00:00,QQQ,Fold_3,-0.002760147394673118,0.002760147394673118,-4.127565832227333,-0.001346952519923672,-0.7274627009629325,1.0266534303511217,0.001475216365066867,
2026-08-24 02:00:00+00:00,QQQ,Fold_3,-0.0012890028442128498,0.0012890028442128498,-0.6489350212433813,0.00012627679874266384,0.02271420790368392,1.834655891774498,-0.0031565213731569175,
2026-08-24 03:00:00+00:00,QQQ,Fold_3,-0.00444145545234198,0.0051244714513736245,-2.0614101062088714,-0.003030643169828373,-0.49731195801130934,1.9183821231032092,,
