datetime,open,high,low,close,volume
2026-07-02 08:00:00+00:00,196.3,198.3,195.0,195.12,0
2026-07-02 08:15:00+00:00,195.1,195.86,195.0737,195.65,0
2026-07-02 08:30:00+00:00,195.65,196.3922,195.5,195.969,0
2026-07-02 08:45:00+00:00,195.9307,196.2988,195.85,196.2988,0
2026-07-02 09:00:00+00:00,196.21,196.2555,195.85,196.038,0
2026-07-02 09:15:00+00:00,196.0221,196.1,195.79,196.09,0
2026-07-02 09:30:00+00:00,196.09,196.2688,195.9462,195.9836,0
2026-07-02 09:45:00+00:00,195.9,196.14,195.7,195.755,0
2026-07-02 10:00:00+00:00,195.7122,195.84,195.5117,195.55,0
2026-07-02 10:15:00+00:00,195.522,195.75,195.4,195.6,0
2026-07-02 10:30:00+00:00,195.6,196.1442,195.556,195.9288,0
2026-07-02 10:45:00+00:00,195.8106,196.178,195.77,196.15,0
2026-07-02 11:00:00+00:00,196.13,197.58,196.01,196.5001,0
2026-07-02 11:15:00+00:00,196.52,196.65,196.25,196.46,0
2026-07-02 11:30:00+00:00,196.4609,196.64,196.25,196.5,0
2026-07-02 11:45:00+00:00,196.52,197.04,196.5,196.9199,0
2026-07-02 12:00:00+00:00,196.8,197.84,196.8,197.67,0
2026-07-02 12:15:00+00:00,197.63,200.04,197.23,197.7562,0
2026-07-02 12:30:00+00:00,197.7304,198.7,197.43,198.26,0
2026-07-02 12:45:00+00:00,198.21,198.49,197.4314,197.767,0
2026-07-02 13:00:00+00:00,197.79,198.0,197.23,197.435,0
2026-07-02 13:15:00+00:00,197.4,197.76,196.86,197.17,0
2026-07-02 13:30:00+00:00,197.14999389648438,198.69000244140625,196.77999877929688,198.10000610351562,10605964
2026-07-02 13:45:00+00:00,198.11990356445312,198.94000244140625,197.5,198.85499572753906,5121622
2026-07-02 14:00:00+00:00,198.89999389648438,200.05499267578125,198.52000427246094,199.0330047607422,5370937
2026-07-02 14:15:00+00:00,199.03500366210938,199.36349487304688,197.44000244140625,197.85000610351562,4357245
2026-07-02 14:30:00+00:00,197.88999938964844,198.2050018310547,196.0800018310547,196.4600067138672,5133846
2026-07-02 14:45:00+00:00,196.47000122070312,196.86000061035156,195.2100067138672,196.24000549316406,5539278
2026-07-02 15:00:00+00:00,196.25,196.47000122070312,194.7100067138672,195.25999450683594,5406942
2026-07-02 15:15:00+00:00,195.27000427246094,195.4600067138672,194.4199981689453,194.7794952392578,4611400
2026-07-02 15:30:00+00:00,194.77999877929688,196.0,194.75999450683594,195.06509399414062,3953655
2026-07-02 15:45:00+00:00,195.0800018310547,195.39999389648438,194.01499938964844,194.49000549316406,3420469
2026-07-02 16:00:00+00:00,194.5,194.6591033935547,193.86000061035156,194.55999755859375,3586998
2026-07-02 16:15:00+00:00,194.57000732421875,194.61000061035156,193.625,193.7899932861328,4053942
2026-07-02 16:30:00+00:00,193.7899932861328,194.15989685058594,193.17999267578125,194.0399932861328,3564873
2026-07-02 16:45:00+00:00,194.0399932861328,194.14999389648438,193.1300048828125,193.49000549316406,2803047
2026-07-02 17:00:00+00:00,193.5,193.72000122070312,192.8800048828125,193.0749969482422,3402812
2026-07-02 17:15:00+00:00,193.07000732421875,193.40989685058594,192.76199340820312,193.0500030517578,2582278
2026-07-02 17:30:00+00:00,193.0449981689453,193.27999877929688,192.35000610351562,192.9499969482422,2925506
2026-07-02 17:45:00+00:00,192.9499969482422,193.14999389648438,192.38999938964844,192.5449981689453,2693853
2026-07-02 18:00:00+00:00,192.5449981689453,193.6999969482422,192.5,193.19509887695312,2875237
2026-07-02 18:15:00+00:00,193.19009399414062,193.86000061035156,192.58999633789062,193.76260375976562,2974342
2026-07-02 18:30:00+00:00,193.75999450683594,193.9499969482422,193.20069885253906,193.22500610351562,2384540
2026-07-02 18:45:00+00:00,193.22000122070312,193.75999450683594,192.89999389648438,193.42999267578125,2626355
2026-07-02 19:00:00+00:00,193.4199981689453,193.52999877929688,192.52999877929688,192.88009643554688,2743796
2026-07-02 19:15:00+00:00,192.88499450683594,193.3300018310547,192.64999389648438,193.10499572753906,3273076
2026-07-02 19:30:00+00:00,193.11500549316406,193.8000030517578,193.06500244140625,193.6649932861328,3487808
2026-07-02 19:45:00+00:00,193.66000366210938,195.0,193.41000366210938,194.6199951171875,11605062
2026-07-02 20:00:00+00:00,194.48,207.5,194.48,194.7438,0
2026-07-02 20:15:00+00:00,194.75,194.83,194.5,194.6697,0
2026-07-02 20:30:00+00:00,194.67,194.83,183.9575,193.3398,0
2026-07-02 20:45:00+00:00,194.55,194.62,181.3941,194.53,0
2026-07-02 21:00:00+00:00,194.53,203.8033,181.3941,194.3,0
2026-07-02 21:15:00+00:00,194.27,194.56,194.21,194.44,0
2026-07-02 21:30:00+00:00,194.42,194.55,194.35,194.45,0
2026-07-02 21:45:00+00:00,194.4,194.83,194.4,194.5591,0
2026-07-02 22:00:00+00:00,194.55,194.83,194.49,194.625,0
2026-07-02 22:15:00+00:00,194.625,194.79,194.5,194.575,0
2026-07-02 22:30:00+00:00,194.62,194.77,194.5,194.68,0
2026-07-02 22:45:00+00:00,194.67,194.83,194.45,194.66,0
2026-07-02 23:00:00+00:00,194.66,194.72,194.35,194.38,0
2026-07-02 23:15:00+00:00,194.38,194.6,194.2722,194.57,0
2026-07-02 23:30:00+00:00,194.58,194.6,194.35,194.447,0
2026-07-02 23:45:00+00:00,194.465,194.6,194.35,194.3965,0
2026-07-06 08:00:00+00:00,195.03,195.55,194.0522,195.0022,0
2026-07-06 08:15:00+00:00,195.05,195.19,194.653,195.09,0
2026-07-06 08:30:00+00:00,195.11,195.38,194.9864,195.22,0
2026-07-06 08:45:00+00:00,195.2249,195.3267,195.0442,195.1925,0
2026-07-06 09:00:00+00:00,195.2012,195.4,195.132,195.17,0
2026-07-06 09:15:00+00:00,195.18,195.36,195.1117,195.36,0
2026-07-06 09:30:00+00:00,195.3599,195.4677,195.2012,195.2012,0
2026-07-06 09:45:00+00:00,195.24,195.3,194.83,195.1,0
2026-07-06 10:00:00+00:00,195.102,195.5,195.04,195.33,0
2026-07-06 10:15:00+00:00,195.33,195.62,195.2522,195.3,0
2026-07-06 10:30:00+00:00,195.35,195.55,195.26,195.339,0
2026-07-06 10:45:00+00:00,195.33,195.35,195.1,195.2415,0
2026-07-06 11:00:00+00:00,195.3,195.7,195.1,195.2007,0
2026-07-06 11:15:00+00:00,195.23,195.93,195.2,195.83,0
2026-07-06 11:30:00+00:00,195.83,195.95,195.5,195.5976,0
2026-07-06 11:45:00+00:00,195.625,195.91,195.2,195.4,0
2026-07-06 12:00:00+00:00,195.4487,195.77,195.24,195.4726,0
2026-07-06 12:15:00+00:00,195.48,195.67,195.1,195.16,0
2026-07-06 12:30:00+00:00,195.17,195.5493,194.8497,194.9599,0
2026-07-06 12:45:00+00:00,194.9569,195.45,194.94,195.27,0
2026-07-06 13:00:00+00:00,195.28,195.49,194.9,194.99,0
2026-07-06 13:15:00+00:00,195.01,195.18,194.33,194.42,0
2026-07-06 13:30:00+00:00,194.38999938964844,195.47999572753906,194.0,195.36500549316406,10523683
2026-07-06 13:45:00+00:00,195.3800048828125,196.72999572753906,194.57000732421875,196.27999877929688,5647739
2026-07-06 14:00:00+00:00,196.27999877929688,197.4199981689453,196.02999877929688,196.60000610351562,5287192
2026-07-06 14:15:00+00:00,196.60499572753906,196.75970458984375,195.87100219726562,196.57400512695312,3331542
2026-07-06 14:30:00+00:00,196.58990478515625,196.75999450683594,195.9499969482422,196.5500030517578,3015723
2026-07-06 14:45:00+00:00,196.5402069091797,196.72999572753906,195.66000366210938,196.02499389648438,2765520
2026-07-06 15:00:00+00:00,196.02000427246094,196.11000061035156,195.5800018310547,195.67999267578125,2376774
2026-07-06 15:15:00+00:00,195.6699981689453,196.5500030517578,195.36000061035156,196.5135040283203,2912354
2026-07-06 15:30:00+00:00,196.5,196.64999389648438,196.1699981689453,196.1999969482422,2269368
2026-07-06 15:45:00+00:00,196.2093963623047,196.4499969482422,196.02999877929688,196.39999389648438,1770882
2026-07-06 16:00:00+00:00,196.41000366210938,197.5500030517578,196.25999450683594,197.1649932861328,3875278
2026-07-06 16:15:00+00:00,197.1699981689453,197.38999938964844,196.88999938964844,197.0,2423189
2026-07-06 16:30:00+00:00,197.00509643554688,197.24000549316406,196.61000061035156,196.69000244140625,1839874
2026-07-06 16:45:00+00:00,196.67999267578125,196.7100067138672,196.25999450683594,196.4600067138672,1917822
2026-07-06 17:00:00+00:00,196.42999267578125,196.87649536132812,196.3699951171875,196.5050048828125,1532559
2026-07-06 17:15:00+00:00,196.52000427246094,196.5500030517578,195.85000610351562,195.97000122070312,1805366
2026-07-06 17:30:00+00:00,195.97000122070312,196.07000732421875,195.73500061035156,195.85499572753906,2091987
2026-07-06 17:45:00+00:00,195.85000610351562,196.07000732421875,195.6300048828125,195.69000244140625,1784756
2026-07-06 18:00:00+00:00,195.6999969482422,196.4600067138672,195.6999969482422,196.28500366210938,1862717
2026-07-06 18:15:00+00:00,196.28500366210938,196.6699981689453,196.25,196.27000427246094,1569094
2026-07-06 18:30:00+00:00,196.27000427246094,196.47500610351562,196.0399932861328,196.30499267578125,1383452
2026-07-06 18:45:00+00:00,196.30999755859375,196.64959716796875,196.3000030517578,196.625,1905806
2026-07-06 19:00:00+00:00,196.6300048828125,196.97000122070312,196.49000549316406,196.85000610351562,2036114
2026-07-06 19:15:00+00:00,196.85499572753906,197.13999938964844,196.7729949951172,196.85000610351562,2581322
2026-07-06 19:30:00+00:00,196.85499572753906,196.9499969482422,196.47999572753906,196.65499877929688,3541289
2026-07-06 19:45:00+00:00,196.64999389648438,197.03500366210938,195.4199981689453,195.5749969482422,8227729
2026-07-06 20:00:00+00:00,195.55,196.0427,195.2,195.4394,0
2026-07-06 20:15:00+00:00,195.43,195.5637,195.33,195.434,0
2026-07-06 20:30:00+00:00,195.44,195.55,195.28,195.33,0
2026-07-06 20:45:00+00:00,195.355,208.8782,191.226,195.25,0
2026-07-06 21:00:00+00:00,195.2842,208.8782,183.3654,195.42,0
2026-07-06 21:15:00+00:00,195.42,202.5263,182.847,195.3995,0
2026-07-06 21:30:00+00:00,195.38,202.5263,190.0723,195.565,0
2026-07-06 21:45:00+00:00,195.55,195.58,195.4,195.5,0
2026-07-06 22:00:00+00:00,195.5,195.55,195.38,195.525,0
2026-07-06 22:15:00+00:00,195.525,195.66,195.45,195.49,0
2026-07-06 22:30:00+00:00,195.46,195.7,195.4,195.5,0
2026-07-06 22:45:00+00:00,195.61,195.61,195.26,195.3922,0
2026-07-06 23:00:00+00:00,195.4,195.46,195.27,195.44,0
2026-07-06 23:15:00+00:00,195.33,195.44,195.18,195.3,0
2026-07-06 23:30:00+00:00,195.2982,195.3,195.18,195.26,0
2026-07-06 23:45:00+00:00,195.27,195.3,194.68,194.6983,0
2026-07-07 08:00:00+00:00,193.99,195.55,193.2598,194.247,0
2026-07-07 08:15:00+00:00,194.18,194.24,193.94,193.9985,0
2026-07-07 08:30:00+00:00,193.9415,194.1,193.94,193.9497,0
2026-07-07 08:45:00+00:00,194.0,194.05,193.77,193.83,0
2026-07-07 09:00:00+00:00,193.76,194.08,193.71,194.06,0
2026-07-07 09:15:00+00:00,194.02,194.0605,193.89,193.98,0
2026-07-07 09:30:00+00:00,194.0188,194.0188,193.73,193.89,0
2026-07-07 09:45:00+00:00,193.8995,194.13,193.67,194.1277,0
2026-07-07 10:00:00+00:00,194.0,194.19,193.8,193.98,0
2026-07-07 10:15:00+00:00,193.99,194.4,193.8278,193.91,0
2026-07-07 10:30:00+00:00,193.9,193.94,192.1,192.89,0
2026-07-07 10:45:00+00:00,192.89,193.13,192.03,192.56,0
2026-07-07 11:00:00+00:00,192.57,192.74,190.68,191.2,0
2026-07-07 11:15:00+00:00,191.19,191.49,191.0,191.08,0
2026-07-07 11:30:00+00:00,191.0,191.36,190.6112,191.35,0
2026-07-07 11:45:00+00:00,191.35,191.61,191.15,191.45,0
2026-07-07 12:00:00+00:00,191.4783,192.26,191.16,192.2104,0
2026-07-07 12:15:00+00:00,192.2799,192.69,191.88,192.6091,0
2026-07-07 12:30:00+00:00,192.6017,195.55,192.39,192.53,0
2026-07-07 12:45:00+00:00,192.55,192.57,192.2487,192.34,0
2026-07-07 13:00:00+00:00,192.38,192.6,192.05,192.4087,0
2026-07-07 13:15:00+00:00,192.4,192.77,184.97,192.3,0
2026-07-07 13:30:00+00:00,192.3699951171875,193.29989624023438,191.44000244140625,192.56640625,14983520
2026-07-07 13:45:00+00:00,192.5749969482422,192.88999938964844,191.5800018310547,192.63999938964844,6291519
2026-07-07 14:00:00+00:00,192.63499450683594,193.5,192.5399932861328,192.97799682617188,4869264
2026-07-07 14:15:00+00:00,192.99000549316406,193.05499267578125,191.4600067138672,191.860107421875,4747669
2026-07-07 14:30:00+00:00,191.8699951171875,192.17970275878906,191.14999389648438,191.65989685058594,4105610
2026-07-07 14:45:00+00:00,191.65499877929688,192.7899932861328,191.60000610351562,192.57000732421875,3294981
2026-07-07 15:00:00+00:00,192.5800018310547,193.36500549316406,192.32000732421875,193.05690002441406,3598185
2026-07-07 15:15:00+00:00,193.02999877929688,193.19000244140625,192.54400634765625,193.0500030517578,3108658
2026-07-07 15:30:00+00:00,193.0500030517578,193.48500061035156,192.8000946044922,193.47000122070312,2787823
2026-07-07 15:45:00+00:00,193.4600067138672,194.77999877929688,193.44769287109375,194.72000122070312,3196874
2026-07-07 16:00:00+00:00,194.72500610351562,196.16000366210938,194.60000610351562,196.1199951171875,4631677
2026-07-07 16:15:00+00:00,196.1199951171875,197.58999633789062,195.97000122070312,197.38999938964844,5486598
2026-07-07 16:30:00+00:00,197.38949584960938,198.1199951171875,196.78030395507812,197.2899932861328,4906344
2026-07-07 16:45:00+00:00,197.2899932861328,197.50999450683594,196.63099670410156,197.44000244140625,4149886
2026-07-07 17:00:00+00:00,197.4499969482422,198.41000366210938,197.3302001953125,197.43499755859375,4252304
2026-07-07 17:15:00+00:00,197.44000244140625,198.00999450683594,197.2899932861328,197.44000244140625,2379504
2026-07-07 17:30:00+00:00,197.42999267578125,198.25,197.3800048828125,197.9197998046875,2874960
2026-07-07 17:45:00+00:00,197.92999267578125,198.13999938964844,197.625,197.94000244140625,2186741
2026-07-07 18:00:00+00:00,197.9499969482422,197.9499969482422,197.3000030517578,197.52499389648438,1820464
2026-07-07 18:15:00+00:00,197.5261993408203,197.77999877929688,197.22000122070312,197.27499389648438,1832141
2026-07-07 18:30:00+00:00,197.27999877929688,197.64999389648438,196.9600067138672,197.08999633789062,2412546
2026-07-07 18:45:00+00:00,197.08999633789062,197.35000610351562,196.32000732421875,196.41799926757812,2715807
2026-07-07 19:00:00+00:00,196.41799926757812,196.89500427246094,196.17010498046875,196.5050048828125,2776737
2026-07-07 19:15:00+00:00,196.5,196.5,195.6999969482422,196.14500427246094,3243592
2026-07-07 19:30:00+00:00,196.14999389648438,196.6699981689453,195.47000122070312,196.03500366210938,3625341
2026-07-07 19:45:00+00:00,196.03500366210938,197.0500030517578,195.83999633789062,196.92999267578125,6954303
2026-07-07 20:00:00+00:00,196.977,197.1,194.3997,196.77,0
2026-07-07 20:15:00+00:00,196.93,196.93,196.45,196.473,0
2026-07-07 20:30:00+00:00,196.5008,196.6,194.97,196.52,0
2026-07-07 20:45:00+00:00,196.52,196.93,195.64,196.6,0
2026-07-07 21:00:00+00:00,196.58,208.233,188.1873,196.7342,0
2026-07-07 21:15:00+00:00,196.51,208.233,189.4522,196.145,0
2026-07-07 21:30:00+00:00,196.0,196.2827,195.8,195.87,0
2026-07-07 21:45:00+00:00,196.03,196.03,195.68,195.68,0
2026-07-07 22:00:00+00:00,195.77,196.07,195.55,195.67,0
2026-07-07 22:15:00+00:00,195.6717,196.93,195.52,195.655,0
2026-07-07 22:30:00+00:00,195.655,196.0,195.53,195.755,0
2026-07-07 22:45:00+00:00,195.755,196.0,195.69,195.95,0
2026-07-07 23:00:00+00:00,195.95,196.39,195.82,196.005,0
2026-07-07 23:15:00+00:00,196.06,196.39,195.85,196.2931,0
2026-07-07 23:30:00+00:00,196.298,196.45,195.8587,196.0,0
2026-07-07 23:45:00+00:00,196.0,196.12,195.6,195.89,0
2026-07-08 08:00:00+00:00,196.385,197.45,195.3827,196.87,0
2026-07-08 08:15:00+00:00,196.81,196.888,193.8732,194.09,0
2026-07-08 08:30:00+00:00,194.0,194.49,193.47,193.96,0
2026-07-08 08:45:00+00:00,194.0,194.6275,193.83,193.95,0
2026-07-08 09:00:00+00:00,193.96,194.145,192.9317,192.95,0
2026-07-08 09:15:00+00:00,192.99,193.48,192.9019,193.3,0
2026-07-08 09:30:00+00:00,193.18,193.71,193.09,193.47,0
2026-07-08 09:45:00+00:00,193.4311,193.7288,193.2725,193.39,0
2026-07-08 10:00:00+00:00,193.4,193.65,193.04,193.2,0
2026-07-08 10:15:00+00:00,193.28,193.917,193.26,193.66,0
2026-07-08 10:30:00+00:00,193.8,194.275,193.55,194.1965,0
2026-07-08 10:45:00+00:00,194.16,194.2,193.7,193.7112,0
2026-07-08 11:00:00+00:00,193.745,194.2,193.6,193.845,0
2026-07-08 11:15:00+00:00,193.85,194.0,193.65,193.74,0
2026-07-08 11:30:00+00:00,193.71,194.69,193.6,194.4508,0
2026-07-08 11:45:00+00:00,194.5,194.77,194.25,194.39,0
2026-07-08 12:00:00+00:00,194.45,195.25,194.2,195.07,0
2026-07-08 12:15:00+00:00,195.005,195.1,194.62,195.03,0
2026-07-08 12:30:00+00:00,195.03,195.15,194.72,195.15,0
2026-07-08 12:45:00+00:00,195.15,195.5,194.7,194.9,0
2026-07-08 13:00:00+00:00,194.7001,195.59,194.7,195.4,0
2026-07-08 13:15:00+00:00,195.5,195.93,194.76,195.1,0
2026-07-08 13:30:00+00:00,195.1300048828125,198.47000122070312,195.10499572753906,198.2655029296875,11514246
2026-07-08 13:45:00+00:00,199.3249969482422,199.86000061035156,197.10000610351562,197.61500549316406,6262868
2026-07-08 14:00:00+00:00,197.57000732421875,197.72000122070312,196.3800048828125,197.32009887695312,3914347
2026-07-08 14:15:00+00:00,197.30999755859375,197.5998992919922,196.52000427246094,197.00999450683594,3081363
2026-07-08 14:30:00+00:00,197.00999450683594,197.36940002441406,196.77000427246094,197.25,2711825
2026-07-08 14:45:00+00:00,197.25,199.3000030517578,196.0500030517578,198.78329467773438,9113192
2026-07-08 15:00:00+00:00,198.78500366210938,199.4499969482422,197.16009521484375,197.25990295410156,5570203
2026-07-08 15:15:00+00:00,197.22999572753906,197.4600067138672,196.38999938964844,196.58999633789062,3557425
2026-07-08 15:30:00+00:00,196.5500030517578,197.83999633789062,196.5500030517578,197.4550018310547,2656682
2026-07-08 15:45:00+00:00,197.4445037841797,197.60000610351562,196.86000061035156,197.23989868164062,2861339
2026-07-08 16:00:00+00:00,197.22000122070312,198.7100067138672,197.2100067138672,198.7100067138672,2902612
2026-07-08 16:15:00+00:00,198.7100067138672,200.10000610351562,198.44000244140625,199.2528076171875,5559286
2026-07-08 16:30:00+00:00,199.25999450683594,199.8800048828125,198.906494140625,199.58030700683594,2920882
2026-07-08 16:45:00+00:00,199.60169982910156,201.1999969482422,199.33009338378906,200.9949951171875,4555802
2026-07-08 17:00:00+00:00,201.0399932861328,201.1300048828125,200.24000549316406,200.625,3118480
2026-07-08 17:15:00+00:00,200.61500549316406,203.12899780273438,200.610595703125,203.0800018310547,5758771
2026-07-08 17:30:00+00:00,203.08999633789062,203.7100067138672,202.5,202.61990356445312,6090845
2026-07-08 17:45:00+00:00,202.61000061035156,202.66990661621094,201.92999267578125,202.1999969482422,3349068
2026-07-08 18:00:00+00:00,202.18499755859375,202.7899932861328,201.89999389648438,202.5200958251953,3178599
2026-07-08 18:15:00+00:00,202.52499389648438,202.9600067138672,202.17999267578125,202.19000244140625,2897344
2026-07-08 18:30:00+00:00,202.1999969482422,203.23680114746094,202.09300231933594,203.09620666503906,3527524
2026-07-08 18:45:00+00:00,203.0800018310547,204.1999969482422,202.8800048828125,204.17999267578125,5081361
2026-07-08 19:00:00+00:00,204.17999267578125,204.8300018310547,204.11000061035156,204.35499572753906,5118946
2026-07-08 19:15:00+00:00,204.35499572753906,204.5500030517578,204.07000732421875,204.4550018310547,3977440
2026-07-08 19:30:00+00:00,204.4550018310547,205.14999389648438,203.77000427246094,204.41000366210938,5529309
2026-07-08 19:45:00+00:00,204.42990112304688,204.9250030517578,203.85000610351562,204.14999389648438,9583760
2026-07-08 20:00:00+00:00,204.12,204.33,202.7383,203.6204,0
2026-07-08 20:15:00+00:00,204.12,204.12,203.44,203.5,0
2026-07-08 20:30:00+00:00,203.4701,203.58,192.76,202.73,0
2026-07-08 20:45:00+00:00,202.73,215.6948,188.5275,202.9,0
2026-07-08 21:00:00+00:00,202.93,216.04,189.3442,202.86,0
2026-07-08 21:15:00+00:00,202.71,202.86,202.55,202.74,0
2026-07-08 21:30:00+00:00,202.74,208.721,202.71,202.99,0
2026-07-08 21:45:00+00:00,202.92,203.4994,202.91,203.1969,0
2026-07-08 22:00:00+00:00,203.1988,203.43,203.0,203.19,0
2026-07-08 22:15:00+00:00,203.16,203.43,203.05,203.12,0
2026-07-08 22:30:00+00:00,203.07,203.18,202.65,202.69,0
2026-07-08 22:45:00+00:00,202.69,202.997,202.5801,202.9178,0
2026-07-08 23:00:00+00:00,202.88,203.4299,202.8,203.223,0
2026-07-08 23:15:00+00:00,203.16,203.27,202.81,203.0025,0
2026-07-08 23:30:00+00:00,203.05,203.49,203.0,203.4,0
2026-07-08 23:45:00+00:00,203.39,203.68,203.3,203.62,0
2026-07-09 08:00:00+00:00,205.12,205.86,203.4,205.4,0
2026-07-09 08:15:00+00:00,205.4,205.45,204.5,204.6,0
2026-07-09 08:30:00+00:00,204.69,205.0,204.3712,204.61,0
2026-07-09 08:45:00+00:00,204.6031,204.6092,203.8535,204.486,0
2026-07-09 09:00:00+00:00,204.53,204.6587,204.2512,204.33,0
2026-07-09 09:15:00+00:00,204.3407,204.61,204.2837,204.39,0
2026-07-09 09:30:00+00:00,204.38,204.4272,204.05,204.13,0
2026-07-09 09:45:00+00:00,204.14,204.61,204.14,204.5626,0
2026-07-09 10:00:00+00:00,204.55,204.61,204.47,204.55,0
2026-07-09 10:15:00+00:00,204.53,204.79,204.47,204.69,0
2026-07-09 10:30:00+00:00,204.61,204.91,204.33,204.66,0
2026-07-09 10:45:00+00:00,204.76,204.76,203.81,204.237,0
2026-07-09 11:00:00+00:00,204.17,204.7,204.12,204.66,0
2026-07-09 11:15:00+00:00,204.6789,205.35,204.5,205.179,0
2026-07-09 11:30:00+00:00,205.28,205.78,205.2,205.5987,0
2026-07-09 11:45:00+00:00,205.5987,205.8,205.13,205.66,0
2026-07-09 12:00:00+00:00,205.71,206.1,205.5,205.72,0
2026-07-09 12:15:00+00:00,205.76,206.24,205.62,205.8305,0
2026-07-09 12:30:00+00:00,205.775,206.34,205.7,205.82,0
2026-07-09 12:45:00+00:00,205.8005,205.85,205.2,205.235,0
2026-07-09 13:00:00+00:00,205.2695,205.97,204.9,205.23,0
2026-07-09 13:15:00+00:00,205.3,205.52,204.27,204.41,0
2026-07-09 13:30:00+00:00,204.4600067138672,204.4600067138672,201.5399932861328,201.67909240722656,16601925
2026-07-09 13:45:00+00:00,201.6300048828125,202.677001953125,201.32000732421875,202.10000610351562,7582977
2026-07-09 14:00:00+00:00,202.0800018310547,202.1699981689453,199.67999267578125,200.24989318847656,8073211
2026-07-09 14:15:00+00:00,200.22999572753906,200.27499389648438,198.97000122070312,200.23500061035156,7676854
2026-07-09 14:30:00+00:00,200.24850463867188,200.85800170898438,199.30999755859375,200.72999572753906,4885358
2026-07-09 14:45:00+00:00,200.75,201.6699981689453,200.52000427246094,201.2949981689453,5098913
2026-07-09 15:00:00+00:00,201.2899932861328,202.02999877929688,201.110107421875,201.36000061035156,3531397
2026-07-09 15:15:00+00:00,201.3699951171875,202.1999969482422,201.0,201.72000122070312,3101598
2026-07-09 15:30:00+00:00,201.74000549316406,201.77999877929688,201.17030334472656,201.38999938964844,2701261
2026-07-09 15:45:00+00:00,201.39999389648438,202.1237030029297,201.33819580078125,201.74000549316406,2530723
2026-07-09 16:00:00+00:00,201.75,202.5084991455078,201.7100067138672,202.02000427246094,4509920
2026-07-09 16:15:00+00:00,202.02999877929688,202.36000061035156,201.91000366210938,202.17630004882812,2277609
2026-07-09 16:30:00+00:00,202.19000244140625,202.55999755859375,201.7100067138672,201.77999877929688,2184042
2026-07-09 16:45:00+00:00,201.75999450683594,201.99000549316406,201.63999938964844,201.7100067138672,1800006
2026-07-09 17:00:00+00:00,201.7100067138672,203.24000549316406,201.69009399414062,203.0749969482422,3486383
2026-07-09 17:15:00+00:00,203.0749969482422,203.3300018310547,202.75,202.8300018310547,1967897
2026-07-09 17:30:00+00:00,202.8300018310547,203.30999755859375,202.77000427246094,203.17999267578125,1984590
2026-07-09 17:45:00+00:00,203.18499755859375,203.5299072265625,203.110107421875,203.32000732421875,2189810
2026-07-09 18:00:00+00:00,203.30999755859375,203.5500030517578,203.02029418945312,203.22000122070312,2136973
2026-07-09 18:15:00+00:00,203.22000122070312,203.52999877929688,202.92010498046875,203.50999450683594,2545843
2026-07-09 18:30:00+00:00,203.52999877929688,204.1999969482422,203.52999877929688,204.00509643554688,3802301
2026-07-09 18:45:00+00:00,203.99000549316406,204.00999450683594,203.39999389648438,203.47000122070312,2327754
2026-07-09 19:00:00+00:00,203.47999572753906,203.52000427246094,202.97000122070312,203.39010620117188,2447366
2026-07-09 19:15:00+00:00,203.38999938964844,204.5800018310547,203.32009887695312,203.7899932861328,4051007
2026-07-09 19:30:00+00:00,203.77999877929688,204.1300048828125,203.5,203.9550018310547,3310334
2026-07-09 19:45:00+00:00,203.95010375976562,204.10000610351562,202.58999633789062,202.72999572753906,6244507
2026-07-09 20:00:00+00:00,202.69,202.99,202.37,202.89,0
2026-07-09 20:15:00+00:00,202.86,202.89,202.45,202.625,0
2026-07-09 20:30:00+00:00,202.62,203.17,202.53,202.855,0
2026-07-09 20:45:00+00:00,202.855,202.9,194.83,202.54,0
2026-07-09 21:00:00+00:00,202.52,211.494,188.646,202.8514,0
2026-07-09 21:15:00+00:00,202.88,215.0322,190.0388,202.64,0
2026-07-09 21:30:00+00:00,202.6217,202.84,202.62,202.8,0
2026-07-09 21:45:00+00:00,202.809,202.82,200.14,202.7487,0
2026-07-09 22:00:00+00:00,202.75,202.8,202.49,202.6999,0
2026-07-09 22:15:00+00:00,202.6,202.7,202.1803,202.2,0
2026-07-09 22:30:00+00:00,202.2857,202.37,202.11,202.329,0
2026-07-09 22:45:00+00:00,202.275,202.43,202.15,202.3607,0
2026-07-09 23:00:00+00:00,202.395,202.66,202.21,202.66,0
2026-07-09 23:15:00+00:00,202.65,202.66,202.42,202.63,0
2026-07-09 23:30:00+00:00,202.62,202.63,202.27,202.3,0
2026-07-09 23:45:00+00:00,202.31,202.44,202.16,202.315,0
2026-07-10 08:00:00+00:00,201.22,203.0975,201.1012,201.89,0
2026-07-10 08:15:00+00:00,201.91,201.9788,201.4137,201.5382,0
2026-07-10 08:30:00+00:00,201.5363,201.74,201.42,201.7227,0
2026-07-10 08:45:00+00:00,201.75,201.8977,201.52,201.58,0
2026-07-10 09:00:00+00:00,201.55,201.7,200.7,201.61,0
2026-07-10 09:15:00+00:00,201.58,201.78,201.58,201.66,0
2026-07-10 09:30:00+00:00,201.66,201.8982,201.66,201.78,0
2026-07-10 09:45:00+00:00,201.7767,201.82,201.65,201.7122,0
2026-07-10 10:00:00+00:00,201.798,201.9,201.7127,201.84,0
2026-07-10 10:15:00+00:00,201.84,201.9855,201.69,201.79,0
2026-07-10 10:30:00+00:00,201.8662,202.0872,201.722,202.0,0
2026-07-10 10:45:00+00:00,202.0012,202.13,201.905,202.12,0
2026-07-10 11:00:00+00:00,202.12,202.325,202.0,202.099,0
2026-07-10 11:15:00+00:00,202.0833,202.25,201.77,201.89,0
2026-07-10 11:30:00+00:00,201.89,201.98,201.54,201.74,0
2026-07-10 11:45:00+00:00,201.72,201.79,201.29,201.3289,0
2026-07-10 12:00:00+00:00,201.33,201.7,201.0,201.45,0
2026-07-10 12:15:00+00:00,201.49,201.68,201.2,201.57,0
2026-07-10 12:30:00+00:00,201.56,201.7,201.37,201.41,0
2026-07-10 12:45:00+00:00,201.41,201.8,201.35,201.55,0
2026-07-10 13:00:00+00:00,201.52,201.77,201.4257,201.7,0
2026-07-10 13:15:00+00:00,201.72,202.78,201.52,201.98,0
2026-07-10 13:30:00+00:00,201.9199981689453,204.99000549316406,201.9199981689453,204.6199951171875,11487140
2026-07-10 13:45:00+00:00,204.63999938964844,207.44000244140625,204.3800048828125,207.3314971923828,9559482
2026-07-10 14:00:00+00:00,207.3300018310547,208.13999938964844,205.89999389648438,208.00289916992188,10359027
2026-07-10 14:15:00+00:00,208.02000427246094,208.0500030517578,206.24000549316406,207.3000030517578,4828287
2026-07-10 14:30:00+00:00,207.2899932861328,207.83999633789062,205.72000122070312,206.92999267578125,5078786
2026-07-10 14:45:00+00:00,206.91000366210938,207.2100067138672,205.94000244140625,206.10000610351562,3743216
2026-07-10 15:00:00+00:00,206.11000061035156,207.4199981689453,205.87449645996094,207.1999969482422,5520155
2026-07-10 15:15:00+00:00,207.1999969482422,208.8000030517578,207.1999969482422,208.57000732421875,5881361
2026-07-10 15:30:00+00:00,208.58999633789062,209.47940063476562,207.66000366210938,207.99899291992188,6474534
2026-07-10 15:45:00+00:00,208.00999450683594,209.38999938964844,207.82000732421875,209.01809692382812,4605747
2026-07-10 16:00:00+00:00,209.02999877929688,209.5800018310547,208.9022979736328,209.0601043701172,4157544
2026-07-10 16:15:00+00:00,209.0800018310547,210.55999755859375,209.02000427246094,209.7899932861328,6475243
2026-07-10 16:30:00+00:00,209.7949981689453,210.3800048828125,209.67999267578125,209.81500244140625,3390480
2026-07-10 16:45:00+00:00,209.81500244140625,210.02000427246094,209.41000366210938,209.6199951171875,2812684
2026-07-10 17:00:00+00:00,209.61500549316406,210.1905059814453,209.4801025390625,209.86000061035156,2913551
2026-07-10 17:15:00+00:00,209.8699951171875,210.30999755859375,209.66000366210938,210.19000244140625,2530767
2026-07-10 17:30:00+00:00,210.19000244140625,210.7899932861328,210.0800018310547,210.75,3447797
2026-07-10 17:45:00+00:00,210.73599243164062,210.87989807128906,210.3300018310547,210.3800048828125,3464789
2026-07-10 18:00:00+00:00,210.3800048828125,210.84500122070312,209.9600067138672,210.07139587402344,3881204
2026-07-10 18:15:00+00:00,210.0749969482422,210.52999877929688,209.92999267578125,210.30999755859375,3010361
2026-07-10 18:30:00+00:00,210.32000732421875,210.42999267578125,209.7899932861328,209.97500610351562,2365577
2026-07-10 18:45:00+00:00,209.97000122070312,210.25950622558594,209.82000732421875,210.1300048828125,2266900
2026-07-10 19:00:00+00:00,210.13499450683594,210.73989868164062,210.08999633789062,210.22500610351562,4184493
2026-07-10 19:15:00+00:00,210.22500610351562,210.22999572753906,209.74000549316406,209.96609497070312,4689999
2026-07-10 19:30:00+00:00,209.97000122070312,210.2899932861328,209.63999938964844,209.63999938964844,3903013
2026-07-10 19:45:00+00:00,209.63999938964844,211.0,209.55999755859375,210.9499969482422,9104274
2026-07-10 20:00:00+00:00,210.96,211.1,207.949,210.7997,0
2026-07-10 20:15:00+00:00,210.7902,210.96,210.71,210.775,0
2026-07-10 20:30:00+00:00,210.79,210.96,210.085,210.535,0
2026-07-10 20:45:00+00:00,210.5006,210.67,210.45,210.6682,0
2026-07-10 21:00:00+00:00,210.5822,210.67,210.35,210.385,0
2026-07-10 21:15:00+00:00,210.37,216.0477,197.6362,210.4202,0
2026-07-10 21:30:00+00:00,210.4202,216.0477,198.5073,210.33,0
2026-07-10 21:45:00+00:00,210.33,210.43,210.29,210.34,0
2026-07-10 22:00:00+00:00,210.3512,210.55,210.35,210.4817,0
2026-07-10 22:15:00+00:00,210.5482,210.55,210.4,210.53,0
2026-07-10 22:30:00+00:00,210.5007,210.54,210.33,210.4102,0
2026-07-10 22:45:00+00:00,210.4102,210.64,210.35,210.612,0
2026-07-10 23:00:00+00:00,210.639,210.64,210.49,210.52,0
2026-07-10 23:15:00+00:00,210.52,210.54,210.41,210.5,0
2026-07-10 23:30:00+00:00,210.49,210.59,210.48,210.5595,0
2026-07-10 23:45:00+00:00,210.55,210.65,210.5307,210.57,0
2026-07-13 08:00:00+00:00,207.72,208.46,205.92,206.8,0
2026-07-13 08:15:00+00:00,206.784,207.266,206.7312,207.1,0
2026-07-13 08:30:00+00:00,207.02,207.5,206.77,207.37,0
2026-07-13 08:45:00+00:00,207.39,207.6,207.19,207.495,0
2026-07-13 09:00:00+00:00,207.55,207.55,207.17,207.29,0
2026-07-13 09:15:00+00:00,207.33,208.2,207.2617,208.14,0
2026-07-13 09:30:00+00:00,208.1793,208.55,207.78,208.33,0
2026-07-13 09:45:00+00:00,208.28,208.3962,207.8412,208.15,0
2026-07-13 10:00:00+00:00,208.1585,208.25,207.5,207.7,0
2026-07-13 10:15:00+00:00,207.63,207.8797,207.2195,207.35,0
2026-07-13 10:30:00+00:00,207.35,207.8188,207.345,207.52,0
2026-07-13 10:45:00+00:00,207.47,207.96,207.47,207.81,0
2026-07-13 11:00:00+00:00,207.805,208.79,207.805,208.48,0
2026-07-13 11:15:00+00:00,208.5,208.68,208.03,208.41,0
2026-07-13 11:30:00+00:00,208.42,208.6,208.16,208.16,0
2026-07-13 11:45:00+00:00,208.2,208.48,208.02,208.0332,0
2026-07-13 12:00:00+00:00,208.15,210.433,207.8,208.2585,0
2026-07-13 12:15:00+00:00,208.34,208.34,207.7797,207.81,0
2026-07-13 12:30:00+00:00,207.78,207.82,207.41,207.76,0
2026-07-13 12:45:00+00:00,207.8007,208.06,207.73,207.86,0
2026-07-13 13:00:00+00:00,207.8514,208.3,207.74,207.89,0
2026-07-13 13:15:00+00:00,207.9,208.82,207.7,208.61,0
2026-07-13 13:30:00+00:00,208.5399932861328,210.57000732421875,207.66000366210938,208.11000061035156,13529039
2026-07-13 13:45:00+00:00,208.10000610351562,208.8300018310547,207.02000427246094,208.71499633789062,5419567
2026-07-13 14:00:00+00:00,208.7100067138672,209.5800018310547,208.33999633789062,209.11000061035156,4571342
2026-07-13 14:15:00+00:00,209.11500549316406,209.2899932861328,207.7100067138672,208.6300048828125,3494293
2026-07-13 14:30:00+00:00,208.6300048828125,208.8800048828125,207.07000732421875,207.30999755859375,3428473
2026-07-13 14:45:00+00:00,207.31500244140625,207.6300048828125,206.63999938964844,207.39500427246094,3839605
2026-07-13 15:00:00+00:00,207.39500427246094,207.67999267578125,207.07000732421875,207.4199981689453,2992489
2026-07-13 15:15:00+00:00,207.4199981689453,208.0469970703125,207.30999755859375,207.80499267578125,3062440
2026-07-13 15:30:00+00:00,207.80999755859375,208.02999877929688,207.11000061035156,207.16000366210938,2679526
2026-07-13 15:45:00+00:00,207.1300048828125,207.19219970703125,206.6699981689453,206.75,2919709
2026-07-13 16:00:00+00:00,206.75,206.8249969482422,205.8000030517578,206.2449951171875,3760625
2026-07-13 16:15:00+00:00,206.24000549316406,206.2440948486328,205.57000732421875,205.9199981689453,2623564
2026-07-13 16:30:00+00:00,205.9199981689453,205.9199981689453,204.52000427246094,205.1300048828125,4286866
2026-07-13 16:45:00+00:00,205.13499450683594,205.24000549316406,204.32000732421875,204.64999389648438,2737122
2026-07-13 17:00:00+00:00,204.63999938964844,205.16990661621094,204.49000549316406,204.7100067138672,2403161
2026-07-13 17:15:00+00:00,204.7100067138672,204.8199005126953,203.83999633789062,204.24000549316406,3481813
2026-07-13 17:30:00+00:00,204.25,204.33999633789062,203.7100067138672,204.02000427246094,2579971
2026-07-13 17:45:00+00:00,204.02999877929688,204.13999938964844,203.47000122070312,203.64999389648438,2478507
2026-07-13 18:00:00+00:00,203.64500427246094,204.4499969482422,203.60000610351562,204.16000366210938,3081328
2026-07-13 18:15:00+00:00,204.15029907226562,204.22999572753906,203.6156005859375,203.6300048828125,2190064
2026-07-13 18:30:00+00:00,203.61500549316406,204.2899932861328,203.35000610351562,204.10000610351562,2485737
2026-07-13 18:45:00+00:00,204.1199951171875,204.13999938964844,203.5399932861328,203.7720947265625,2145225
2026-07-13 19:00:00+00:00,203.8000030517578,204.5,203.60000610351562,203.88999938964844,2535971
2026-07-13 19:15:00+00:00,203.8699951171875,204.06900024414062,203.54910278320312,203.8300018310547,2626940
2026-07-13 19:30:00+00:00,203.85000610351562,204.35000610351562,203.61000061035156,204.04989624023438,3313909
2026-07-13 19:45:00+00:00,204.0399932861328,204.5,203.4199981689453,203.47999572753906,8342249
2026-07-13 20:00:00+00:00,203.94,204.0,202.78,203.42,0
2026-07-13 20:15:00+00:00,203.44,203.6,203.15,203.485,0
2026-07-13 20:30:00+00:00,203.485,203.68,203.11,203.61,0
2026-07-13 20:45:00+00:00,203.54,216.0287,189.5638,203.6571,0
2026-07-13 21:00:00+00:00,203.64,215.286,189.5442,203.7496,0
2026-07-13 21:15:00+00:00,203.75,216.0287,189.5638,203.54,0
2026-07-13 21:30:00+00:00,203.5218,203.68,203.4,203.68,0
2026-07-13 21:45:00+00:00,203.5669,203.7,203.5,203.62,0
2026-07-13 22:00:00+00:00,203.62,203.96,203.61,203.9,0
2026-07-13 22:15:00+00:00,203.85,203.9,203.6,203.62,0
2026-07-13 22:30:00+00:00,203.665,203.78,203.52,203.7,0
2026-07-13 22:45:00+00:00,203.72,203.83,203.29,203.45,0
2026-07-13 23:00:00+00:00,203.47,203.66,203.25,203.32,0
2026-07-13 23:15:00+00:00,203.35,203.47,203.25,203.25,0
2026-07-13 23:30:00+00:00,203.2012,203.44,202.93,203.02,0
2026-07-13 23:45:00+00:00,203.04,203.35,202.75,203.25,0
2026-07-14 08:00:00+00:00,204.997,205.49,203.1087,204.97,0
2026-07-14 08:15:00+00:00,204.94,205.3,204.727,205.3,0
2026-07-14 08:30:00+00:00,205.2985,205.3,204.99,205.0384,0
2026-07-14 08:45:00+00:00,205.04,205.12,204.69,204.76,0
2026-07-14 09:00:00+00:00,204.72,205.0,204.62,204.98,0
2026-07-14 09:15:00+00:00,204.93,204.98,204.44,204.44,0
2026-07-14 09:30:00+00:00,204.49,204.7188,204.42,204.56,0
2026-07-14 09:45:00+00:00,204.64,204.7188,204.35,204.53,0
2026-07-14 10:00:00+00:00,204.53,204.72,204.47,204.56,0
2026-07-14 10:15:00+00:00,204.6,204.656,204.4,204.54,0
2026-07-14 10:30:00+00:00,204.54,204.68,204.35,204.45,0
2026-07-14 10:45:00+00:00,204.42,204.65,204.3645,204.57,0
2026-07-14 11:00:00+00:00,204.55,205.4,204.31,205.36,0
2026-07-14 11:15:00+00:00,205.3605,206.3,205.15,206.0135,0
2026-07-14 11:30:00+00:00,206.0109,206.178,205.76,205.9591,0
2026-07-14 11:45:00+00:00,205.99,206.66,205.94,206.2056,0
2026-07-14 12:00:00+00:00,206.2,206.32,205.6,205.7997,0
2026-07-14 12:15:00+00:00,205.75,206.49,205.65,206.2708,0
2026-07-14 12:30:00+00:00,206.3,207.93,206.3,207.35,0
2026-07-14 12:45:00+00:00,207.36,207.78,206.93,207.1,0
2026-07-14 13:00:00+00:00,207.09,207.2,206.73,206.8587,0
2026-07-14 13:15:00+00:00,206.855,208.54,206.81,208.2,0
2026-07-14 13:30:00+00:00,208.1999969482422,208.33999633789062,203.8000030517578,204.2050018310547,12380767
2026-07-14 13:45:00+00:00,204.1999969482422,205.52999877929688,204.1999969482422,205.0,5294028
2026-07-14 14:00:00+00:00,204.99000549316406,205.1199951171875,204.05999755859375,204.6999969482422,3239665
2026-07-14 14:15:00+00:00,204.64999389648438,206.0500030517578,204.2263946533203,205.53219604492188,4717728
2026-07-14 14:30:00+00:00,205.5399932861328,207.42999267578125,205.25,206.50999450683594,3775688
2026-07-14 14:45:00+00:00,206.47999572753906,207.67999267578125,206.35000610351562,207.48500061035156,2998027
2026-07-14 15:00:00+00:00,207.5,208.3300018310547,207.2100067138672,207.77999877929688,3986437
2026-07-14 15:15:00+00:00,207.77999877929688,209.13999938964844,207.76390075683594,209.10000610351562,3844049
2026-07-14 15:30:00+00:00,209.1199951171875,209.30999755859375,208.42999267578125,209.13009643554688,3384317
2026-07-14 15:45:00+00:00,209.1300048828125,209.3188018798828,208.32000732421875,209.1699981689453,2937416
2026-07-14 16:00:00+00:00,209.18820190429688,209.27000427246094,208.3101043701172,208.55999755859375,2812996
2026-07-14 16:15:00+00:00,208.5749969482422,209.5850067138672,208.3699951171875,209.55499267578125,3053905
2026-07-14 16:30:00+00:00,209.55999755859375,210.25950622558594,209.3000030517578,210.0800018310547,3576585
2026-07-14 16:45:00+00:00,210.08999633789062,210.9149932861328,209.8000030517578,210.8699951171875,3810163
2026-07-14 17:00:00+00:00,210.8699951171875,211.5,210.8000030517578,211.2100067138672,4525413
2026-07-14 17:15:00+00:00,211.1999969482422,211.52000427246094,210.88999938964844,211.02999877929688,3110405
2026-07-14 17:30:00+00:00,211.02999877929688,211.24000549316406,210.50999450683594,210.7698974609375,2394521
2026-07-14 17:45:00+00:00,210.75999450683594,211.48370361328125,210.69000244140625,211.3101043701172,2457565
2026-07-14 18:00:00+00:00,211.32000732421875,212.00999450683594,211.14999389648438,211.9149932861328,3325056
2026-07-14 18:15:00+00:00,211.91000366210938,212.10000610351562,211.57000732421875,211.77969360351562,2951782
2026-07-14 18:30:00+00:00,211.77999877929688,212.5399932861328,211.72500610351562,212.09500122070312,3493592
2026-07-14 18:45:00+00:00,212.0800018310547,212.42999267578125,211.91000366210938,212.32000732421875,2331304
2026-07-14 19:00:00+00:00,212.32000732421875,212.33070373535156,211.4600067138672,211.72999572753906,2678080
2026-07-14 19:15:00+00:00,211.72999572753906,212.22500610351562,211.25999450683594,211.27499389648438,3111545
2026-07-14 19:30:00+00:00,211.27999877929688,211.875,211.02000427246094,211.7449951171875,3758280
2026-07-14 19:45:00+00:00,211.75,212.3000030517578,211.47999572753906,211.8000030517578,8259596
2026-07-14 20:00:00+00:00,211.771,211.86,211.18,211.84,0
2026-07-14 20:15:00+00:00,211.84,211.95,211.61,211.84,0
2026-07-14 20:30:00+00:00,211.84,211.84,211.54,211.6,0
2026-07-14 20:45:00+00:00,211.625,218.6291,198.508,211.631,0
2026-07-14 21:00:00+00:00,211.63,217.9895,211.61,211.65,0
2026-07-14 21:15:00+00:00,211.6503,211.66,201.3796,211.5412,0
2026-07-14 21:30:00+00:00,211.565,211.8,211.4,211.435,0
2026-07-14 21:45:00+00:00,211.4495,211.8,211.4,211.53,0
2026-07-14 22:00:00+00:00,211.56,211.65,211.25,211.33,0
2026-07-14 22:15:00+00:00,211.395,211.64,211.33,211.535,0
2026-07-14 22:30:00+00:00,211.535,211.58,211.44,211.5499,0
2026-07-14 22:45:00+00:00,211.4678,211.58,211.35,211.4987,0
2026-07-14 23:00:00+00:00,211.4547,211.5,211.25,211.47,0
2026-07-14 23:15:00+00:00,211.5,211.7,211.27,211.66,0
2026-07-14 23:30:00+00:00,211.688,211.85,211.6,211.6,0
2026-07-14 23:45:00+00:00,211.65,211.88,211.52,211.8192,0
2026-07-15 08:00:00+00:00,212.1657,213.21,210.66,210.68,0
2026-07-15 08:15:00+00:00,210.68,211.16,210.5,210.91,0
2026-07-15 08:30:00+00:00,210.855,211.0,210.5,210.853,0
2026-07-15 08:45:00+00:00,210.9567,211.3988,210.8203,211.0,0
2026-07-15 09:00:00+00:00,211.1642,211.3688,210.9,210.99,0
2026-07-15 09:15:00+00:00,210.971,211.2988,210.75,211.1659,0
2026-07-15 09:30:00+00:00,211.12,211.295,210.78,210.9501,0
2026-07-15 09:45:00+00:00,210.95,211.05,210.7512,210.925,0
2026-07-15 10:00:00+00:00,210.95,211.24,210.8,211.1,0
2026-07-15 10:15:00+00:00,211.12,211.2457,210.6066,210.94,0
2026-07-15 10:30:00+00:00,210.97,211.54,210.7075,211.2239,0
2026-07-15 10:45:00+00:00,211.275,211.95,211.21,211.5555,0
2026-07-15 11:00:00+00:00,211.78,212.0,211.38,211.68,0
2026-07-15 11:15:00+00:00,211.6,211.75,211.4012,211.43,0
2026-07-15 11:30:00+00:00,211.4629,211.9,211.43,211.47,0
2026-07-15 11:45:00+00:00,211.7,211.7,211.2,211.332,0
2026-07-15 12:00:00+00:00,211.3499,211.4,210.93,211.185,0
2026-07-15 12:15:00+00:00,211.15,211.39,210.93,211.09,0
2026-07-15 12:30:00+00:00,211.0,211.75,210.85,211.09,0
2026-07-15 12:45:00+00:00,211.0,211.5,210.98,211.3799,0
2026-07-15 13:00:00+00:00,211.39,211.65,210.89,210.99,0
2026-07-15 13:15:00+00:00,210.9408,212.0,210.82,212.0,0
2026-07-15 13:30:00+00:00,212.00999450683594,213.80999755859375,211.16009521484375,212.0095977783203,11109086
2026-07-15 13:45:00+00:00,211.9949951171875,212.0500030517578,210.7100067138672,211.99000549316406,4697485
2026-07-15 14:00:00+00:00,211.97999572753906,212.07989501953125,210.27999877929688,211.35499572753906,4149456
2026-07-15 14:15:00+00:00,211.36500549316406,211.97000122070312,209.36000061035156,210.67999267578125,4560791
2026-07-15 14:30:00+00:00,210.67999267578125,210.82000732421875,209.36500549316406,209.98500061035156,4085179
2026-07-15 14:45:00+00:00,209.92999267578125,210.67999267578125,209.57009887695312,210.02999877929688,3417909
2026-07-15 15:00:00+00:00,210.03500366210938,210.2100067138672,209.08999633789062,209.1199951171875,3566371
2026-07-15 15:15:00+00:00,209.11300659179688,209.52000427246094,208.3699951171875,209.5,3562226
2026-07-15 15:30:00+00:00,209.5050048828125,209.73779296875,208.77000427246094,208.89950561523438,2241721
2026-07-15 15:45:00+00:00,208.89999389648438,208.97999572753906,208.3699951171875,208.64010620117188,4234906
2026-07-15 16:00:00+00:00,208.60000610351562,208.77000427246094,206.83189392089844,206.94200134277344,5634202
2026-07-15 16:15:00+00:00,206.94009399414062,207.2899932861328,206.52000427246094,206.86000061035156,3216502
2026-07-15 16:30:00+00:00,206.85499572753906,207.10000610351562,206.0399932861328,206.6699981689453,3924142
2026-07-15 16:45:00+00:00,206.67739868164062,207.77999877929688,206.5,207.27999877929688,3553716
2026-07-15 17:00:00+00:00,207.3000030517578,208.36990356445312,207.19000244140625,207.9499969482422,3029223
2026-07-15 17:15:00+00:00,207.9600067138672,209.10989379882812,207.9199981689453,209.02999877929688,2883032
2026-07-15 17:30:00+00:00,209.02999877929688,209.40989685058594,208.86000061035156,209.1199951171875,2237228
2026-07-15 17:45:00+00:00,209.12989807128906,209.80499267578125,209.0500946044922,209.63999938964844,3001553
2026-07-15 18:00:00+00:00,209.6199951171875,211.0,209.5800018310547,210.3699951171875,2802530
2026-07-15 18:15:00+00:00,210.38499450683594,210.75,209.9199981689453,210.47000122070312,2071074
2026-07-15 18:30:00+00:00,210.49000549316406,210.7198944091797,210.2100067138672,210.3800048828125,1988651
2026-07-15 18:45:00+00:00,210.3800048828125,210.66000366210938,209.85000610351562,210.27000427246094,2433392
2026-07-15 19:00:00+00:00,210.27999877929688,212.00999450683594,210.19000244140625,211.64500427246094,4245755
2026-07-15 19:15:00+00:00,211.63999938964844,211.74000549316406,210.41000366210938,210.968505859375,2955653
2026-07-15 19:30:00+00:00,211.0,211.85000610351562,210.91000366210938,211.72000122070312,3050545
2026-07-15 19:45:00+00:00,211.6999969482422,212.56930541992188,211.25999450683594,212.49000549316406,8537140
2026-07-15 20:00:00+00:00,212.5,212.71,212.07,212.26,0
2026-07-15 20:15:00+00:00,212.28,212.43,212.1173,212.35,0
2026-07-15 20:30:00+00:00,212.375,212.55,212.35,212.405,0
2026-07-15 20:45:00+00:00,212.38,226.2547,212.01,212.07,0
2026-07-15 21:00:00+00:00,212.1,212.5,199.5629,212.13,0
2026-07-15 21:15:00+00:00,212.13,226.2547,211.7,211.75,0
2026-07-15 21:30:00+00:00,211.8,211.9,211.71,211.9,0
2026-07-15 21:45:00+00:00,211.89,212.0,211.7,211.82,0
2026-07-15 22:00:00+00:00,211.88,212.5,211.75,212.0,0
2026-07-15 22:15:00+00:00,211.9012,212.1,211.77,211.86,0
2026-07-15 22:30:00+00:00,211.86,211.9488,211.47,211.595,0
2026-07-15 22:45:00+00:00,211.646,211.76,211.18,211.67,0
2026-07-15 23:00:00+00:00,211.66,211.8,211.4855,211.63,0
2026-07-15 23:15:00+00:00,211.6105,211.63,211.36,211.5012,0
2026-07-15 23:30:00+00:00,211.56,211.62,211.4,211.597,0
2026-07-15 23:45:00+00:00,211.5092,211.59,211.1,211.2502,0
2026-07-16 08:00:00+00:00,210.92,212.5,208.9,208.98,0
2026-07-16 08:15:00+00:00,208.89,209.73,208.8679,209.38,0
2026-07-16 08:30:00+00:00,209.5,209.85,209.3488,209.5,0
2026-07-16 08:45:00+00:00,209.55,210.1,209.4,210.01,0
2026-07-16 09:00:00+00:00,209.94,210.5,209.92,210.19,0
2026-07-16 09:15:00+00:00,210.22,210.49,210.0,210.02,0
2026-07-16 09:30:00+00:00,210.02,210.2588,209.83,209.9,0
2026-07-16 09:45:00+00:00,209.8981,210.03,209.21,209.25,0
2026-07-16 10:00:00+00:00,209.21,209.793,209.122,209.6,0
2026-07-16 10:15:00+00:00,209.6,209.6488,209.304,209.5668,0
2026-07-16 10:30:00+00:00,209.68,210.42,209.56,209.8,0
2026-07-16 10:45:00+00:00,209.85,210.0,209.5,209.89,0
2026-07-16 11:00:00+00:00,209.89,209.92,208.68,209.12,0
2026-07-16 11:15:00+00:00,209.2,209.478,208.75,209.2,0
2026-07-16 11:30:00+00:00,209.1202,209.29,208.7,208.8,0
2026-07-16 11:45:00+00:00,208.8,209.3,208.4,209.25,0
2026-07-16 12:00:00+00:00,209.2,212.5,208.76,208.9525,0
2026-07-16 12:15:00+00:00,208.97,209.38,208.86,209.315,0
2026-07-16 12:30:00+00:00,209.315,209.43,208.76,208.7705,0
2026-07-16 12:45:00+00:00,208.76,209.43,208.61,208.95,0
2026-07-16 13:00:00+00:00,208.975,209.68,208.975,209.5,0
2026-07-16 13:15:00+00:00,209.5,210.74,209.43,210.17,0
2026-07-16 13:30:00+00:00,210.26499938964844,211.0800018310547,207.47500610351562,207.78500366210938,11070353
2026-07-16 13:45:00+00:00,207.5399932861328,208.4600067138672,207.17999267578125,207.5,5200908
2026-07-16 14:00:00+00:00,207.47999572753906,208.64999389648438,207.2899932861328,208.58999633789062,4244881
2026-07-16 14:15:00+00:00,208.5850067138672,209.27000427246094,207.9138946533203,208.9698944091797,4104323
2026-07-16 14:30:00+00:00,208.9499969482422,209.14999389648438,207.6300048828125,207.84500122070312,2964528
2026-07-16 14:45:00+00:00,207.83999633789062,208.00999450683594,206.0,206.48500061035156,5320449
2026-07-16 15:00:00+00:00,206.5,206.75,205.85000610351562,206.02999877929688,4413816
2026-07-16 15:15:00+00:00,206.00999450683594,207.0970001220703,205.89999389648438,207.05999755859375,5304974
2026-07-16 15:30:00+00:00,207.02999877929688,207.8699951171875,206.7100067138672,207.44000244140625,2642608
2026-07-16 15:45:00+00:00,207.4149932861328,207.94000244140625,207.05999755859375,207.60000610351562,2528995
2026-07-16 16:00:00+00:00,207.60000610351562,208.1699981689453,206.4644012451172,206.64999389648438,3271962
2026-07-16 16:15:00+00:00,206.63999938964844,212.5,206.4700927734375,207.22000122070312,2495502
2026-07-16 16:30:00+00:00,207.22999572753906,207.81500244140625,207.10000610351562,207.3000030517578,2448954
2026-07-16 16:45:00+00:00,207.3000030517578,207.58999633789062,206.82000732421875,207.1999969482422,2150182
2026-07-16 17:00:00+00:00,207.2050018310547,207.6999969482422,206.6199951171875,207.0850067138672,2380343
2026-07-16 17:15:00+00:00,207.10499572753906,207.3498992919922,206.75,207.32260131835938,1920292
2026-07-16 17:30:00+00:00,207.3300018310547,207.4499969482422,206.00999450683594,206.17999267578125,2515045
2026-07-16 17:45:00+00:00,206.1999053955078,206.8300018310547,205.875,206.6782989501953,2447239
2026-07-16 18:00:00+00:00,206.67999267578125,207.24000549316406,206.27499389648438,206.82000732421875,2308922
2026-07-16 18:15:00+00:00,206.80999755859375,207.3800048828125,206.58999633789062,206.88999938964844,4611113
2026-07-16 18:30:00+00:00,206.8800048828125,206.98989868164062,206.52000427246094,206.9499969482422,1974334
2026-07-16 18:45:00+00:00,206.94000244140625,207.4199981689453,206.8699951171875,207.02000427246094,1943067
2026-07-16 19:00:00+00:00,207.0,207.66000366210938,206.68319702148438,206.82000732421875,3005330
2026-07-16 19:15:00+00:00,206.80999755859375,207.19000244140625,206.13999938964844,206.47000122070312,3033285
2026-07-16 19:30:00+00:00,206.4600067138672,206.57989501953125,205.94000244140625,206.05999755859375,3677225
2026-07-16 19:45:00+00:00,206.0500030517578,207.5399932861328,205.97000122070312,207.47000122070312,10513986
2026-07-16 20:00:00+00:00,207.49,207.49,206.98,206.9982,0
2026-07-16 20:15:00+00:00,207.4,207.4,206.81,206.8637,0
2026-07-16 20:30:00+00:00,206.8981,207.09,206.78,206.905,0
2026-07-16 20:45:00+00:00,206.9394,207.4,206.5513,206.87,0
2026-07-16 21:00:00+00:00,206.8712,208.1399,202.2243,206.88,0
2026-07-16 21:15:00+00:00,206.8802,206.96,202.2243,206.72,0
2026-07-16 21:30:00+00:00,206.725,206.88,206.4062,206.7487,0
2026-07-16 21:45:00+00:00,206.7,206.75,206.51,206.7295,0
2026-07-16 22:00:00+00:00,206.715,207.4,206.5,206.52,0
2026-07-16 22:15:00+00:00,206.54,206.65,206.17,206.28,0
2026-07-16 22:30:00+00:00,206.24,207.4,206.12,206.2,0
2026-07-16 22:45:00+00:00,206.25,206.45,206.15,206.36,0
2026-07-16 23:00:00+00:00,206.3565,206.45,206.12,206.27,0
2026-07-16 23:15:00+00:00,206.27,206.2811,205.55,205.71,0
2026-07-16 23:30:00+00:00,205.665,206.0,205.25,205.8985,0
2026-07-16 23:45:00+00:00,205.9,206.18,205.7,205.965,0
2026-07-17 08:00:00+00:00,201.23,207.4,200.73,201.07,0
2026-07-17 08:15:00+00:00,201.0,201.07,200.14,200.595,0
2026-07-17 08:30:00+00:00,200.65,200.987,200.33,200.75,0
2026-07-17 08:45:00+00:00,200.7457,201.5917,200.58,200.995,0
2026-07-17 09:00:00+00:00,201.0,201.4788,200.99,201.23,0
2026-07-17 09:15:00+00:00,201.25,201.45,200.85,201.3072,0
2026-07-17 09:30:00+00:00,201.3,201.69,201.07,201.56,0
2026-07-17 09:45:00+00:00,201.55,202.18,201.48,201.72,0
2026-07-17 10:00:00+00:00,201.71,202.38,201.65,202.15,0
2026-07-17 10:15:00+00:00,202.25,202.42,201.57,202.33,0
2026-07-17 10:30:00+00:00,202.31,202.8,202.13,202.16,0
2026-07-17 10:45:00+00:00,202.16,202.48,201.7,201.8326,0
2026-07-17 11:00:00+00:00,201.88,207.4,201.51,202.1797,0
2026-07-17 11:15:00+00:00,202.165,202.4,201.8805,202.25,0
2026-07-17 11:30:00+00:00,202.35,202.56,202.0,202.2,0
2026-07-17 11:45:00+00:00,202.1987,202.73,202.0,202.455,0
2026-07-17 12:00:00+00:00,202.4954,202.6,201.7,201.79,0
2026-07-17 12:15:00+00:00,201.76,202.03,201.43,201.91,0
2026-07-17 12:30:00+00:00,201.95,202.4,201.71,202.25,0
2026-07-17 12:45:00+00:00,202.2527,202.57,202.02,202.315,0
2026-07-17 13:00:00+00:00,202.3,202.39,201.68,201.68,0
2026-07-17 13:15:00+00:00,201.7,202.9,201.0,202.9,0
2026-07-17 13:30:00+00:00,202.73500061035156,202.73500061035156,197.97000122070312,198.34500122070312,27000054
2026-07-17 13:45:00+00:00,198.33099365234375,201.7299041748047,198.25999450683594,201.6649932861328,12375334
2026-07-17 14:00:00+00:00,201.69000244140625,205.5399932861328,201.52000427246094,204.49000549316406,8695417
2026-07-17 14:15:00+00:00,204.5,206.1999969482422,203.60000610351562,203.8000030517578,6261285
2026-07-17 14:30:00+00:00,203.82000732421875,204.64500427246094,202.9001007080078,203.25,5515437
2026-07-17 14:45:00+00:00,203.2449951171875,204.2899932861328,202.76600646972656,203.01019287109375,4528136
2026-07-17 15:00:00+00:00,203.00999450683594,203.47999572753906,202.3699951171875,203.27999877929688,3730839
2026-07-17 15:15:00+00:00,203.28509521484375,204.05999755859375,203.08999633789062,203.9250030517578,2955173
2026-07-17 15:30:00+00:00,203.9250030517578,205.0,203.83999633789062,204.4250030517578,3625940
2026-07-17 15:45:00+00:00,204.39999389648438,205.39990234375,204.2899932861328,205.1199951171875,2847295
2026-07-17 16:00:00+00:00,205.1199951171875,205.3800048828125,204.0,205.02000427246094,4015835
2026-07-17 16:15:00+00:00,205.0399932861328,205.2949981689453,204.1699981689453,204.8350067138672,2771626
2026-07-17 16:30:00+00:00,204.8249969482422,205.32200622558594,204.55999755859375,205.3000030517578,2013133
2026-07-17 16:45:00+00:00,205.3300018310547,206.16000366210938,205.1699981689453,205.61000061035156,3170902
2026-07-17 17:00:00+00:00,205.6199951171875,206.64500427246094,205.5800018310547,206.1649932861328,2687012
2026-07-17 17:15:00+00:00,206.1649932861328,206.375,205.3509979248047,206.13499450683594,2489365
2026-07-17 17:30:00+00:00,206.13999938964844,206.22999572753906,205.11000061035156,205.30999755859375,2053655
2026-07-17 17:45:00+00:00,205.31500244140625,205.5,204.25,204.41000366210938,2155726
2026-07-17 18:00:00+00:00,204.42300415039062,204.7073974609375,203.6027069091797,203.63499450683594,2342067
2026-07-17 18:15:00+00:00,203.63999938964844,203.6999969482422,202.99000549316406,203.3957977294922,2678587
2026-07-17 18:30:00+00:00,203.36000061035156,203.89999389648438,202.8000030517578,203.07000732421875,2702198
2026-07-17 18:45:00+00:00,203.07000732421875,203.6708984375,202.9600067138672,203.30499267578125,2358852
2026-07-17 19:00:00+00:00,203.2949981689453,203.3800048828125,202.11000061035156,202.27000427246094,2924427
2026-07-17 19:15:00+00:00,202.25999450683594,203.11000061035156,201.63009643554688,202.96499633789062,3846139
2026-07-17 19:30:00+00:00,202.97000122070312,203.3300018310547,202.52000427246094,203.04510498046875,4011833
2026-07-17 19:45:00+00:00,203.02999877929688,203.82000732421875,202.5800018310547,202.63999938964844,7001101
2026-07-17 20:00:00+00:00,202.647,207.04,202.09,202.31,0
2026-07-17 20:15:00+00:00,202.81,202.81,202.3,202.4997,0
2026-07-17 20:30:00+00:00,202.5,202.61,202.48,202.5246,0
2026-07-17 20:45:00+00:00,202.55,208.8782,191.43,202.76,0
2026-07-17 21:00:00+00:00,202.76,204.4257,193.6731,202.61,0
2026-07-17 21:15:00+00:00,202.6079,202.75,202.6,202.7488,0
2026-07-17 21:30:00+00:00,202.74,202.8,202.6,202.67,0
2026-07-17 21:45:00+00:00,202.63,202.81,202.61,202.675,0
2026-07-17 22:00:00+00:00,202.61,202.75,202.6,202.66,0
2026-07-17 22:15:00+00:00,202.66,202.75,202.59,202.625,0
2026-07-17 22:30:00+00:00,202.6291,202.81,202.54,202.8,0
2026-07-17 22:45:00+00:00,202.8,202.8,202.7,202.7246,0
2026-07-17 23:00:00+00:00,202.7492,202.8,202.61,202.66,0
2026-07-17 23:15:00+00:00,202.622,202.73,202.54,202.615,0
2026-07-17 23:30:00+00:00,202.6197,202.62,202.43,202.4796,0
2026-07-17 23:45:00+00:00,202.465,202.58,202.4,202.4887,0
2026-07-20 08:00:00+00:00,203.12,203.96,202.53,203.7,0
2026-07-20 08:15:00+00:00,203.75,204.04,203.7451,203.89,0
2026-07-20 08:30:00+00:00,203.86,203.88,203.3,203.4163,0
2026-07-20 08:45:00+00:00,203.37,203.725,203.326,203.6888,0
2026-07-20 09:00:00+00:00,203.66,203.69,203.3135,203.54,0
2026-07-20 09:15:00+00:00,203.46,203.86,203.4012,203.79,0
2026-07-20 09:30:00+00:00,203.75,204.093,203.71,203.8212,0
2026-07-20 09:45:00+00:00,203.9,204.29,203.824,203.94,0
2026-07-20 10:00:00+00:00,203.9,204.1188,203.71,203.91,0
2026-07-20 10:15:00+00:00,203.82,204.24,203.7,204.17,0
2026-07-20 10:30:00+00:00,204.13,204.76,203.97,204.7,0
2026-07-20 10:45:00+00:00,204.738,205.0,204.52,204.56,0
2026-07-20 11:00:00+00:00,204.51,205.36,202.81,205.23,0
2026-07-20 11:15:00+00:00,205.2479,205.38,205.0,205.1,0
2026-07-20 11:30:00+00:00,205.06,206.42,205.03,206.28,0
2026-07-20 11:45:00+00:00,206.3,206.33,205.6,205.73,0
2026-07-20 12:00:00+00:00,205.73,205.7988,205.2,205.57,0
2026-07-20 12:15:00+00:00,205.55,206.0,205.41,205.97,0
2026-07-20 12:30:00+00:00,205.99,206.64,205.56,205.7928,0
2026-07-20 12:45:00+00:00,205.78,206.35,205.56,206.0,0
2026-07-20 13:00:00+00:00,205.995,206.0,205.15,205.2383,0
2026-07-20 13:15:00+00:00,205.16,206.55,205.0,206.13,0
2026-07-20 13:30:00+00:00,205.97500610351562,207.74000549316406,205.0800018310547,207.1999969482422,10796110
2026-07-20 13:45:00+00:00,207.1999969482422,207.29989624023438,205.5988006591797,205.85499572753906,3977085
2026-07-20 14:00:00+00:00,205.85000610351562,206.57989501953125,205.27000427246094,205.6999969482422,3173576
2026-07-20 14:15:00+00:00,205.72000122070312,205.99000549316406,204.66000366210938,205.93499755859375,3270804
2026-07-20 14:30:00+00:00,205.9261016845703,206.25,205.2100067138672,205.51499938964844,2602941
2026-07-20 14:45:00+00:00,205.52999877929688,205.88999938964844,204.58009338378906,204.875,2242922
2026-07-20 15:00:00+00:00,204.875,206.0800018310547,204.71060180664062,205.77999877929688,2651092
2026-07-20 15:15:00+00:00,205.7899932861328,206.5050048828125,205.6300048828125,206.49000549316406,2736919
2026-07-20 15:30:00+00:00,206.4604949951172,206.53500366210938,205.5,206.1300048828125,2066191
2026-07-20 15:45:00+00:00,206.1300048828125,206.19000244140625,204.77999877929688,205.92010498046875,2517717
2026-07-20 16:00:00+00:00,205.94000244140625,206.3350067138672,205.74549865722656,205.889892578125,1815170
2026-07-20 16:15:00+00:00,205.8852996826172,205.91000366210938,205.1300048828125,205.27499389648438,1635179
2026-07-20 16:30:00+00:00,205.2899932861328,205.36000061035156,204.2899932861328,204.30999755859375,2460631
2026-07-20 16:45:00+00:00,204.32000732421875,204.81500244140625,203.66000366210938,204.02000427246094,2174991
2026-07-20 17:00:00+00:00,204.02999877929688,204.10000610351562,203.11000061035156,203.1999969482422,1964389
2026-07-20 17:15:00+00:00,203.1999969482422,203.9199981689453,203.0426025390625,203.7899932861328,2084028
2026-07-20 17:30:00+00:00,203.7899932861328,204.25999450683594,203.6501007080078,203.97500610351562,1524410
2026-07-20 17:45:00+00:00,203.97999572753906,204.72999572753906,203.97500610351562,204.43499755859375,1716744
2026-07-20 18:00:00+00:00,204.47000122070312,204.88999938964844,204.4539031982422,204.84429931640625,1556107
2026-07-20 18:15:00+00:00,204.8300018310547,205.01499938964844,204.24000549316406,204.30999755859375,1512886
2026-07-20 18:30:00+00:00,204.3105926513672,204.31500244140625,203.6300048828125,203.6300048828125,1840734
2026-07-20 18:45:00+00:00,203.6300048828125,203.7100067138672,203.13999938964844,203.35000610351562,1755933
2026-07-20 19:00:00+00:00,203.36500549316406,203.47000122070312,202.38999938964844,202.49000549316406,3460823
2026-07-20 19:15:00+00:00,202.47999572753906,203.0500030517578,202.27999877929688,202.95989990234375,2502235
2026-07-20 19:30:00+00:00,202.9499969482422,203.38999938964844,202.7100067138672,203.0500030517578,2420394
2026-07-20 19:45:00+00:00,203.0500030517578,203.44000244140625,202.5800018310547,203.3800048828125,5450126
2026-07-20 20:00:00+00:00,203.38,203.41,202.68,202.69,0
2026-07-20 20:15:00+00:00,203.28,203.28,202.425,202.6,0
2026-07-20 20:30:00+00:00,202.65,202.73,202.42,202.4775,0
2026-07-20 20:45:00+00:00,202.4748,210.1876,191.226,202.72,0
2026-07-20 21:00:00+00:00,202.72,215.0513,189.5442,202.635,0
2026-07-20 21:15:00+00:00,202.65,215.0513,202.5263,202.66,0
2026-07-20 21:30:00+00:00,202.65,202.81,202.65,202.81,0
2026-07-20 21:45:00+00:00,202.81,202.95,202.7,202.86,0
2026-07-20 22:00:00+00:00,202.9,202.92,202.45,202.5962,0
2026-07-20 22:15:00+00:00,202.525,202.6,202.4,202.45,0
2026-07-20 22:30:00+00:00,202.4312,202.57,202.3,202.4391,0
2026-07-20 22:45:00+00:00,202.5272,202.57,202.33,202.4,0
2026-07-20 23:00:00+00:00,202.4475,202.8,202.31,202.7,0
2026-07-20 23:15:00+00:00,202.7377,203.24,202.65,203.1,0
2026-07-20 23:30:00+00:00,203.04,203.2,203.0,203.1,0
2026-07-20 23:45:00+00:00,203.03,203.19,202.71,203.0892,0
2026-07-21 08:00:00+00:00,204.59,205.48,203.28,205.4215,0
2026-07-21 08:15:00+00:00,205.45,205.56,205.31,205.53,0
2026-07-21 08:30:00+00:00,205.5,205.8,205.4242,205.6615,0
2026-07-21 08:45:00+00:00,205.7185,205.7305,205.5025,205.6122,0
2026-07-21 09:00:00+00:00,205.69,205.85,205.5,205.5568,0
2026-07-21 09:15:00+00:00,205.55,205.88,205.504,205.524,0
2026-07-21 09:30:00+00:00,205.6662,205.72,205.41,205.55,0
2026-07-21 09:45:00+00:00,205.5315,205.57,205.34,205.4,0
2026-07-21 10:00:00+00:00,205.4,205.79,205.4,205.62,0
2026-07-21 10:15:00+00:00,205.5783,205.7422,205.3452,205.5214,0
2026-07-21 10:30:00+00:00,205.5,205.81,205.4,205.51,0
2026-07-21 10:45:00+00:00,205.6,205.666,205.31,205.37,0
2026-07-21 11:00:00+00:00,205.395,205.62,203.28,205.425,0
2026-07-21 11:15:00+00:00,205.4,205.49,205.17,205.38,0
2026-07-21 11:30:00+00:00,205.361,205.75,205.36,205.57,0
2026-07-21 11:45:00+00:00,205.57,206.17,205.55,206.015,0
2026-07-21 12:00:00+00:00,206.03,206.2,205.8,206.1688,0
2026-07-21 12:15:00+00:00,206.07,206.17,203.28,205.75,0
2026-07-21 12:30:00+00:00,205.75,205.96,205.5,205.81,0
2026-07-21 12:45:00+00:00,205.867,206.38,205.75,206.15,0
2026-07-21 13:00:00+00:00,206.1975,206.2,205.83,205.84,0
2026-07-21 13:15:00+00:00,205.82,207.55,205.66,207.5,0
2026-07-21 13:30:00+00:00,207.5399932861328,208.64999389648438,206.25999450683594,206.6999969482422,11355188
2026-07-21 13:45:00+00:00,206.6999969482422,207.05999755859375,204.82000732421875,205.44000244140625,5309588
2026-07-21 14:00:00+00:00,205.44000244140625,205.9199981689453,204.0200958251953,204.50010681152344,4511455
2026-07-21 14:15:00+00:00,204.5,205.4499969482422,204.01010131835938,205.38999938964844,3350380
2026-07-21 14:30:00+00:00,205.3699951171875,205.53529357910156,204.70030212402344,205.4409942626953,2665289
2026-07-21 14:45:00+00:00,205.4499969482422,205.88999938964844,205.08999633789062,205.83050537109375,2593527
2026-07-21 15:00:00+00:00,205.8300018310547,206.5800018310547,205.4600067138672,206.17739868164062,3634795
2026-07-21 15:15:00+00:00,206.2100067138672,206.72999572753906,205.6999969482422,206.60000610351562,3027276
2026-07-21 15:30:00+00:00,206.6199951171875,206.82000732421875,206.1199951171875,206.14999389648438,3397562
2026-07-21 15:45:00+00:00,206.14500427246094,206.5,205.72000122070312,205.77000427246094,5114910
2026-07-21 16:00:00+00:00,205.77999877929688,206.5373992919922,205.58050537109375,205.8249969482422,2114760
2026-07-21 16:15:00+00:00,205.8101043701172,206.10000610351562,205.02000427246094,205.0850067138672,2715480
2026-07-21 16:30:00+00:00,205.0800018310547,205.39500427246094,204.8300018310547,205.32000732421875,2960143
2026-07-21 16:45:00+00:00,205.3300018310547,205.50729370117188,204.97000122070312,205.4573974609375,2509340
2026-07-21 17:00:00+00:00,205.4550018310547,206.36000061035156,205.3000030517578,206.35499572753906,3426909
2026-07-21 17:15:00+00:00,206.35009765625,206.35499572753906,205.67999267578125,206.125,2893107
2026-07-21 17:30:00+00:00,206.125,206.96499633789062,205.71119689941406,206.75999450683594,2658301
2026-07-21 17:45:00+00:00,206.77020263671875,206.92999267578125,206.17999267578125,206.25999450683594,1610920
2026-07-21 18:00:00+00:00,206.27000427246094,206.64999389648438,206.16000366210938,206.17999267578125,1527344
2026-07-21 18:15:00+00:00,206.18499755859375,206.44000244140625,205.94000244140625,206.25,1513793
2026-07-21 18:30:00+00:00,206.24989318847656,207.0697021484375,206.22000122070312,207.0,2149596
2026-07-21 18:45:00+00:00,207.0,207.34500122070312,206.91000366210938,207.1699981689453,2297719
2026-07-21 19:00:00+00:00,207.18499755859375,207.3000030517578,206.5,206.72999572753906,3628517
2026-07-21 19:15:00+00:00,206.72000122070312,207.19000244140625,206.61000061035156,206.77000427246094,2253531
2026-07-21 19:30:00+00:00,206.7899932861328,207.2100067138672,206.61000061035156,206.92999267578125,2385334
2026-07-21 19:45:00+00:00,206.92999267578125,207.82009887695312,206.5,207.17999267578125,8053849
2026-07-21 20:00:00+00:00,207.29,207.39,206.45,207.245,0
2026-07-21 20:15:00+00:00,207.29,207.29,206.8,206.97,0
2026-07-21 20:30:00+00:00,207.0,207.03,206.75,206.8197,0
2026-07-21 20:45:00+00:00,206.77,219.4824,200.674,206.7,0
2026-07-21 21:00:00+00:00,206.77,213.2832,205.6974,206.7537,0
2026-07-21 21:15:00+00:00,206.9,207.13,206.75,207.1156,0
2026-07-21 21:30:00+00:00,206.98,207.13,206.8,206.875,0
2026-07-21 21:45:00+00:00,206.85,206.94,206.75,206.77,0
2026-07-21 22:00:00+00:00,206.73,206.79,206.55,206.68,0
2026-07-21 22:15:00+00:00,206.6676,206.69,206.4,206.4409,0
2026-07-21 22:30:00+00:00,206.4985,206.6,206.3,206.36,0
2026-07-21 22:45:00+00:00,206.3569,206.51,206.17,206.4,0
2026-07-21 23:00:00+00:00,206.4982,206.5,206.35,206.4201,0
2026-07-21 23:15:00+00:00,206.4012,206.58,206.35,206.47,0
2026-07-21 23:30:00+00:00,206.52,206.58,206.3,206.4,0
2026-07-21 23:45:00+00:00,206.38,206.467,206.2,206.35,0
2026-07-22 08:00:00+00:00,205.55,207.29,204.64,204.845,0
2026-07-22 08:15:00+00:00,204.91,205.36,204.805,205.2,0
2026-07-22 08:30:00+00:00,205.2,205.3,204.9192,205.0,0
2026-07-22 08:45:00+00:00,205.0,205.29,204.95,205.0635,0
2026-07-22 09:00:00+00:00,205.0635,205.5188,205.034,205.45,0
2026-07-22 09:15:00+00:00,205.2655,205.4952,205.2612,205.42,0
2026-07-22 09:30:00+00:00,205.38,205.4952,204.95,204.9545,0
2026-07-22 09:45:00+00:00,205.03,205.4945,204.954,205.2437,0
2026-07-22 10:00:00+00:00,205.38,205.7455,205.2,205.2952,0
2026-07-22 10:15:00+00:00,205.2912,205.8,205.2037,205.695,0
2026-07-22 10:30:00+00:00,205.695,205.95,205.25,205.48,0
2026-07-22 10:45:00+00:00,205.5557,206.002,205.3942,205.8167,0
2026-07-22 11:00:00+00:00,205.69,207.29,205.25,205.31,0
2026-07-22 11:15:00+00:00,205.27,205.4377,205.08,205.1975,0
2026-07-22 11:30:00+00:00,205.14,205.28,204.81,205.0,0
2026-07-22 11:45:00+00:00,204.96,205.18,204.77,204.9,0
2026-07-22 12:00:00+00:00,204.9,207.29,204.5,204.802,0
2026-07-22 12:15:00+00:00,204.87,205.03,204.55,205.0,0
2026-07-22 12:30:00+00:00,204.99,207.29,204.5602,205.3226,0
2026-07-22 12:45:00+00:00,205.3,205.35,204.62,205.03,0
2026-07-22 13:00:00+00:00,205.06,205.55,205.0301,205.45,0
2026-07-22 13:15:00+00:00,205.4089,207.29,205.05,205.77,0
2026-07-22 13:30:00+00:00,205.80499267578125,207.42999267578125,204.9499969482422,207.26510620117188,8725900
2026-07-22 13:45:00+00:00,207.27000427246094,208.22999572753906,206.76499938964844,207.75,5016536
2026-07-22 14:00:00+00:00,207.72999572753906,207.77000427246094,206.52540588378906,207.0500030517578,3652494
2026-07-22 14:15:00+00:00,207.05999755859375,207.5850067138672,206.46490478515625,206.79949951171875,3150570
2026-07-22 14:30:00+00:00,206.8000030517578,208.17999267578125,206.4499969482422,207.28990173339844,4022213
2026-07-22 14:45:00+00:00,207.2949981689453,209.5,207.17999267578125,209.22999572753906,4434997
2026-07-22 15:00:00+00:00,209.17999267578125,213.11000061035156,209.10000610351562,212.99639892578125,9909807
2026-07-22 15:15:00+00:00,213.02000427246094,213.5458984375,212.1199951171875,212.1999969482422,8418996
2026-07-22 15:30:00+00:00,212.22500610351562,212.6699981689453,211.83999633789062,211.98500061035156,4273103
2026-07-22 15:45:00+00:00,211.98500061035156,213.61000061035156,211.8800048828125,213.2301025390625,5073159
2026-07-22 16:00:00+00:00,213.2100067138672,213.6999969482422,212.9149932861328,213.4700927734375,5158881
2026-07-22 16:15:00+00:00,213.47000122070312,214.25999450683594,213.41000366210938,213.5,5346362
2026-07-22 16:30:00+00:00,213.49000549316406,214.32000732421875,213.3800048828125,213.59010314941406,3365546
2026-07-22 16:45:00+00:00,213.6199951171875,214.1699981689453,213.32000732421875,214.00999450683594,3940774
2026-07-22 17:00:00+00:00,214.02999877929688,214.38999938964844,213.4600067138672,213.49000549316406,2948759
2026-07-22 17:15:00+00:00,213.49000549316406,213.83999633789062,213.1999969482422,213.75999450683594,2894590
2026-07-22 17:30:00+00:00,213.77000427246094,214.37989807128906,213.6999969482422,213.85000610351562,3211728
2026-07-22 17:45:00+00:00,213.85000610351562,214.15989685058594,213.46009826660156,213.60000610351562,2305809
2026-07-22 18:00:00+00:00,213.58999633789062,213.9499969482422,213.50999450683594,213.52999877929688,2343872
2026-07-22 18:15:00+00:00,213.52999877929688,213.8300018310547,213.47999572753906,213.74000549316406,2086632
2026-07-22 18:30:00+00:00,213.72999572753906,213.8000030517578,213.4600067138672,213.6699981689453,2413376
2026-07-22 18:45:00+00:00,213.66580200195312,213.99000549316406,213.57000732421875,213.77000427246094,2195639
2026-07-22 19:00:00+00:00,213.77000427246094,214.2050018310547,213.30999755859375,213.32000732421875,3027493
2026-07-22 19:15:00+00:00,213.32000732421875,213.58999633789062,212.91000366210938,213.35000610351562,3972715
2026-07-22 19:30:00+00:00,213.35000610351562,213.39999389648438,212.36000061035156,212.47999572753906,4868560
2026-07-22 19:45:00+00:00,212.49000549316406,212.80999755859375,211.72000122070312,212.05990600585938,8533201
2026-07-22 20:00:00+00:00,212.0601,212.7814,211.75,212.57,0
2026-07-22 20:15:00+00:00,212.06,212.97,212.06,212.52,0
2026-07-22 20:30:00+00:00,212.52,212.72,212.06,212.4887,0
2026-07-22 20:45:00+00:00,212.45,227.095,212.06,212.89,0
2026-07-22 21:00:00+00:00,212.89,227.095,212.65,213.8017,0
2026-07-22 21:15:00+00:00,213.87,213.87,212.06,213.0,0
2026-07-22 21:30:00+00:00,212.91,212.95,210.18,210.35,0
2026-07-22 21:45:00+00:00,210.38,211.5,210.28,211.07,0
2026-07-22 22:00:00+00:00,211.07,211.4462,210.35,210.75,0
2026-07-22 22:15:00+00:00,210.74,211.43,210.6,211.145,0
2026-07-22 22:30:00+00:00,211.17,211.43,210.82,210.8714,0
2026-07-22 22:45:00+00:00,210.8522,211.24,210.68,211.1166,0
2026-07-22 23:00:00+00:00,211.12,211.2,210.8,211.06,0
2026-07-22 23:15:00+00:00,211.13,211.2,210.81,210.92,0
2026-07-22 23:30:00+00:00,210.9,211.65,210.88,211.6392,0
2026-07-22 23:45:00+00:00,211.647,212.05,211.5787,212.04,0
2026-07-23 08:00:00+00:00,210.501,212.5,210.0065,211.44,0
2026-07-23 08:15:00+00:00,211.4415,211.713,210.599,210.898,0
2026-07-23 08:30:00+00:00,210.8798,211.317,210.803,210.9788,0
2026-07-23 08:45:00+00:00,210.9,211.68,210.88,211.55,0
2026-07-23 09:00:00+00:00,211.4894,211.86,211.3,211.5,0
2026-07-23 09:15:00+00:00,211.5,211.5,210.9,211.0762,0
2026-07-23 09:30:00+00:00,210.97,211.091,210.694,210.98,0
2026-07-23 09:45:00+00:00,210.88,211.1445,210.7137,210.7532,0
2026-07-23 10:00:00+00:00,210.81,210.9788,210.37,210.44,0
2026-07-23 10:15:00+00:00,210.42,210.6,210.312,210.312,0
2026-07-23 10:30:00+00:00,210.388,210.97,210.3,210.7277,0
2026-07-23 10:45:00+00:00,210.7,210.93,210.6,210.8542,0
2026-07-23 11:00:00+00:00,210.93,212.06,210.7,211.05,0
2026-07-23 11:15:00+00:00,211.08,211.25,210.43,210.5,0
2026-07-23 11:30:00+00:00,210.45,210.76,209.73,210.0987,0
2026-07-23 11:45:00+00:00,210.05,210.73,209.8,210.63,0
2026-07-23 12:00:00+00:00,210.65,210.77,210.13,210.165,0
2026-07-23 12:15:00+00:00,210.1885,210.4,209.51,209.65,0
2026-07-23 12:30:00+00:00,209.62,209.9442,208.95,209.16,0
2026-07-23 12:45:00+00:00,209.15,209.55,209.06,209.16,0
2026-07-23 13:00:00+00:00,209.0955,209.48,208.65,208.8073,0
2026-07-23 13:15:00+00:00,208.88,209.47,208.27,209.46,0
2026-07-23 13:30:00+00:00,209.39500427246094,210.8686981201172,208.4499969482422,209.6999969482422,11380322
2026-07-23 13:45:00+00:00,209.67010498046875,210.3553009033203,208.72999572753906,208.92999267578125,4934455
2026-07-23 14:00:00+00:00,208.9499969482422,209.9600067138672,208.47000122070312,208.6300048828125,4416179
2026-07-23 14:15:00+00:00,208.64990234375,209.22000122070312,208.0500030517578,208.5760040283203,3506387
2026-07-23 14:30:00+00:00,208.5399932861328,209.12989807128906,207.33999633789062,208.2100067138672,3951734
2026-07-23 14:45:00+00:00,208.24000549316406,208.7100067138672,207.1999969482422,207.30499267578125,3182161
2026-07-23 15:00:00+00:00,207.3300018310547,207.33999633789062,206.52999877929688,206.63999938964844,4409387
2026-07-23 15:15:00+00:00,206.6300048828125,207.77960205078125,206.04010009765625,206.3800048828125,3859916
2026-07-23 15:30:00+00:00,206.34500122070312,207.49000549316406,205.9600067138672,207.22999572753906,3312792
2026-07-23 15:45:00+00:00,207.22999572753906,208.25,207.10000610351562,208.1800994873047,2764966
2026-07-23 16:00:00+00:00,208.19000244140625,209.42999267578125,208.0399932861328,208.8800048828125,2915527
2026-07-23 16:15:00+00:00,208.8699951171875,209.81500244140625,208.72000122070312,209.6300048828125,2587242
2026-07-23 16:30:00+00:00,209.63999938964844,210.38999938964844,209.24000549316406,209.97500610351562,3044314
2026-07-23 16:45:00+00:00,209.9600067138672,209.97000122070312,209.4199981689453,209.8800048828125,2134160
2026-07-23 17:00:00+00:00,209.88999938964844,210.42999267578125,209.17999267578125,210.09010314941406,2415541
2026-07-23 17:15:00+00:00,210.05999755859375,210.42999267578125,209.80999755859375,210.1300048828125,1623639
2026-07-23 17:30:00+00:00,210.13499450683594,210.1999969482422,209.14999389648438,209.44000244140625,1670467
2026-07-23 17:45:00+00:00,209.35049438476562,209.8300018310547,209.0,209.07000732421875,1466498
2026-07-23 18:00:00+00:00,209.08999633789062,209.10989379882812,208.25999450683594,208.4550018310547,2280464
2026-07-23 18:15:00+00:00,208.4600067138672,208.72889709472656,208.19000244140625,208.57000732421875,1877756
2026-07-23 18:30:00+00:00,208.57980346679688,208.8249969482422,207.5800018310547,207.6793975830078,2327486
2026-07-23 18:45:00+00:00,207.64999389648438,208.0198974609375,207.3300018310547,207.6750030517578,2102448
2026-07-23 19:00:00+00:00,207.6741943359375,207.82000732421875,207.1199951171875,207.38999938964844,2074442
2026-07-23 19:15:00+00:00,207.3800048828125,208.1649932861328,207.36000061035156,207.84500122070312,2808685
2026-07-23 19:30:00+00:00,207.85000610351562,207.88999938964844,206.88999938964844,206.9700927734375,3088279
2026-07-23 19:45:00+00:00,206.97999572753906,208.97999572753906,206.91000366210938,208.6999969482422,7617498
2026-07-23 20:00:00+00:00,208.78,210.08,208.556,209.5493,0
2026-07-23 20:15:00+00:00,208.76,209.65,204.7913,209.25,0
2026-07-23 20:30:00+00:00,209.26,209.33,208.93,208.9923,0
2026-07-23 20:45:00+00:00,208.975,222.3682,203.2372,209.15,0
2026-07-23 21:00:00+00:00,209.1,215.0322,198.1799,208.82,0
2026-07-23 21:15:00+00:00,208.8368,208.85,208.18,208.27,0
2026-07-23 21:30:00+00:00,208.25,208.76,208.04,208.5,0
2026-07-23 21:45:00+00:00,208.425,208.5,207.19,208.4,0
2026-07-23 22:00:00+00:00,208.43,208.64,207.6517,207.8,0
2026-07-23 22:15:00+00:00,207.735,207.96,207.51,207.81,0
2026-07-23 22:30:00+00:00,207.87,208.27,207.777,208.15,0
2026-07-23 22:45:00+00:00,208.08,208.76,208.08,208.38,0
2026-07-23 23:00:00+00:00,208.4975,208.5,208.08,208.14,0
2026-07-23 23:15:00+00:00,208.12,208.3999,208.0,208.03,0
2026-07-23 23:30:00+00:00,208.0,208.05,207.7957,208.01,0
2026-07-23 23:45:00+00:00,207.96,208.07,207.78,207.99,0
2026-07-24 08:00:00+00:00,206.59,208.76,206.1,207.09,0
2026-07-24 08:15:00+00:00,207.0,207.3988,206.9515,207.3271,0
2026-07-24 08:30:00+00:00,207.39,207.73,207.023,207.5145,0
2026-07-24 08:45:00+00:00,207.5587,207.7,207.3012,207.45,0
2026-07-24 09:00:00+00:00,207.46,208.0988,207.4045,207.7925,0
2026-07-24 09:15:00+00:00,207.7988,208.28,207.5075,208.274,0
2026-07-24 09:30:00+00:00,208.2642,208.5,208.04,208.5,0
2026-07-24 09:45:00+00:00,208.47,208.4988,208.15,208.4442,0
2026-07-24 10:00:00+00:00,208.33,208.3988,207.7172,207.88,0
2026-07-24 10:15:00+00:00,207.81,208.0,207.7112,207.9927,0
2026-07-24 10:30:00+00:00,207.9732,208.0,207.52,207.86,0
2026-07-24 10:45:00+00:00,207.7465,208.07,207.74,207.95,0
2026-07-24 11:00:00+00:00,207.93,208.34,207.87,208.202,0
2026-07-24 11:15:00+00:00,208.25,208.49,208.14,208.24,0
2026-07-24 11:30:00+00:00,208.25,208.4411,208.02,208.41,0
2026-07-24 11:45:00+00:00,208.3779,208.75,208.0235,208.6596,0
2026-07-24 12:00:00+00:00,208.37,208.99,208.11,208.75,0
2026-07-24 12:15:00+00:00,208.835,208.9,208.433,208.4859,0
2026-07-24 12:30:00+00:00,208.45,208.76,208.13,208.25,0
2026-07-24 12:45:00+00:00,208.16,208.29,207.863,207.9822,0
2026-07-24 13:00:00+00:00,207.955,208.11,207.81,207.97,0
2026-07-24 13:15:00+00:00,207.9558,208.2,206.92,207.45,0
2026-07-24 13:30:00+00:00,207.55999755859375,208.60000610351562,206.72999572753906,207.80369567871094,6675566
2026-07-24 13:45:00+00:00,207.77000427246094,208.49000549316406,205.6699981689453,206.28390502929688,5612607
2026-07-24 14:00:00+00:00,206.2899932861328,208.3000030517578,206.2301025390625,207.91000366210938,4336905
2026-07-24 14:15:00+00:00,207.92999267578125,208.35000610351562,206.47000122070312,208.11000061035156,3680861
2026-07-24 14:30:00+00:00,208.11000061035156,208.25990295410156,207.11099243164062,207.4700927734375,3485395
2026-07-24 14:45:00+00:00,207.47999572753906,209.5800018310547,207.10000610351562,209.4949951171875,4261469
2026-07-24 15:00:00+00:00,209.52000427246094,210.04989624023438,208.58999633789062,209.72999572753906,3992387
2026-07-24 15:15:00+00:00,209.71499633789062,210.36000061035156,209.10000610351562,209.2100067138672,3347179
2026-07-24 15:30:00+00:00,209.2100067138672,209.85499572753906,208.97999572753906,209.22999572753906,2774061
2026-07-24 15:45:00+00:00,209.24000549316406,210.30999755859375,209.15499877929688,210.18099975585938,2471300
2026-07-24 16:00:00+00:00,210.18499755859375,211.90989685058594,210.00999450683594,210.8699951171875,5869962
2026-07-24 16:15:00+00:00,210.85000610351562,211.10000610351562,210.6699981689453,210.77000427246094,3442320
2026-07-24 16:30:00+00:00,210.77499389648438,210.8800048828125,209.97999572753906,210.17999267578125,2320326
2026-07-24 16:45:00+00:00,210.1699981689453,210.42999267578125,209.75999450683594,210.22000122070312,2439516
2026-07-24 17:00:00+00:00,210.24000549316406,210.33059692382812,209.52000427246094,209.7899932861328,2434325
2026-07-24 17:15:00+00:00,209.7801055908203,210.35499572753906,209.61000061035156,210.25,1844245
2026-07-24 17:30:00+00:00,210.27000427246094,210.52999877929688,209.80999755859375,209.85000610351562,1739096
2026-07-24 17:45:00+00:00,209.85000610351562,210.29989624023438,209.6699981689453,209.6999969482422,1435377
2026-07-24 18:00:00+00:00,209.6999969482422,209.91000366210938,209.01010131835938,209.28500366210938,1805412
2026-07-24 18:15:00+00:00,209.27000427246094,209.33999633789062,207.72999572753906,207.8249969482422,2858937
2026-07-24 18:30:00+00:00,207.8300018310547,207.88580322265625,206.1300048828125,206.22000122070312,4053718
2026-07-24 18:45:00+00:00,206.22000122070312,207.05999755859375,206.02000427246094,206.27999877929688,4695385
2026-07-24 19:00:00+00:00,206.27000427246094,206.7100067138672,204.94000244140625,205.10000610351562,4675593
2026-07-24 19:15:00+00:00,205.08999633789062,205.83799743652344,204.80999755859375,205.60659790039062,4568377
2026-07-24 19:30:00+00:00,205.60000610351562,206.1199951171875,205.3699951171875,205.77999877929688,4388316
2026-07-24 19:45:00+00:00,205.77499389648438,207.17999267578125,205.2899932861328,206.9600067138672,8860080
2026-07-24 20:00:00+00:00,206.98,207.25,206.78,206.97,0
2026-07-24 20:15:00+00:00,206.84,207.1,206.76,206.7888,0
2026-07-24 20:30:00+00:00,206.76,206.87,206.53,206.75,0
2026-07-24 20:45:00+00:00,206.71,216.0477,192.6807,207.03,0
2026-07-24 21:00:00+00:00,207.03,216.0477,199.582,206.72,0
2026-07-24 21:15:00+00:00,206.7077,206.95,206.66,206.95,0
2026-07-24 21:30:00+00:00,206.95,207.0,206.8,206.835,0
2026-07-24 21:45:00+00:00,206.83,206.93,206.75,206.905,0
2026-07-24 22:00:00+00:00,206.9005,206.96,206.75,206.7593,0
2026-07-24 22:15:00+00:00,206.76,206.8261,206.62,206.73,0
2026-07-24 22:30:00+00:00,206.7099,206.96,206.637,206.76,0
2026-07-24 22:45:00+00:00,206.76,206.9,206.7115,206.7127,0
2026-07-24 23:00:00+00:00,206.7246,206.82,206.62,206.62,0
2026-07-24 23:15:00+00:00,206.61,206.76,206.58,206.69,0
2026-07-24 23:30:00+00:00,206.75,206.77,206.5,206.6,0
2026-07-24 23:45:00+00:00,206.6,206.8,206.58,206.7995,0
2026-07-27 08:00:00+00:00,208.7,209.75,208.34,209.1,0
2026-07-27 08:15:00+00:00,209.1475,209.3965,208.9122,209.282,0
2026-07-27 08:30:00+00:00,209.32,209.6,209.22,209.51,0
2026-07-27 08:45:00+00:00,209.51,209.62,209.3235,209.5085,0
2026-07-27 09:00:00+00:00,209.4767,209.5052,209.0527,209.1466,0
2026-07-27 09:15:00+00:00,209.09,209.296,209.0417,209.1877,0
2026-07-27 09:30:00+00:00,209.13,209.2507,209.0147,209.2507,0
2026-07-27 09:45:00+00:00,209.22,209.2788,209.12,209.21,0
2026-07-27 10:00:00+00:00,209.2,209.21,208.54,208.5848,0
2026-07-27 10:15:00+00:00,208.58,208.9352,208.52,208.75,0
2026-07-27 10:30:00+00:00,208.7867,209.2,208.52,209.1,0
2026-07-27 10:45:00+00:00,209.0988,209.1,208.3842,208.6252,0
2026-07-27 11:00:00+00:00,208.56,208.7,208.17,208.395,0
2026-07-27 11:15:00+00:00,208.35,208.48,207.7635,207.88,0
2026-07-27 11:30:00+00:00,207.89,208.19,207.8257,207.93,0
2026-07-27 11:45:00+00:00,207.9559,208.22,207.8512,208.22,0
2026-07-27 12:00:00+00:00,208.2,208.5975,207.9437,207.9537,0
2026-07-27 12:15:00+00:00,208.0,208.19,207.95,208.1387,0
2026-07-27 12:30:00+00:00,208.1387,208.4802,208.0,208.1722,0
2026-07-27 12:45:00+00:00,208.1722,208.45,208.1715,208.2707,0
2026-07-27 13:00:00+00:00,208.3,208.89,208.1025,208.38,0
2026-07-27 13:15:00+00:00,208.4064,208.5,207.5,208.19,0
2026-07-27 13:30:00+00:00,208.11000061035156,208.75,202.0493927001953,202.27499389648438,12529789
2026-07-27 13:45:00+00:00,202.27499389648438,203.0399932861328,201.1999969482422,201.76499938964844,8560103
2026-07-27 14:00:00+00:00,201.80999755859375,202.9290008544922,200.85000610351562,201.135498046875,6134565
2026-07-27 14:15:00+00:00,201.14999389648438,201.58999633789062,198.8800048828125,198.94500732421875,7568178
2026-07-27 14:30:00+00:00,198.9499969482422,199.639892578125,197.4199981689453,197.6699981689453,8894514
2026-07-27 14:45:00+00:00,197.69000244140625,200.0,197.68280029296875,199.77499389648438,7006526
2026-07-27 15:00:00+00:00,199.8000030517578,199.89999389648438,197.7100067138672,197.91000366210938,5317371
2026-07-27 15:15:00+00:00,197.91000366210938,198.3800048828125,196.77000427246094,197.06500244140625,6003717
2026-07-27 15:30:00+00:00,197.0749969482422,197.0749969482422,195.9199981689453,196.8300018310547,6053181
2026-07-27 15:45:00+00:00,196.8300018310547,197.6300048828125,196.4199981689453,197.60000610351562,4025296
2026-07-27 16:00:00+00:00,197.60000610351562,198.5399932861328,197.47000122070312,197.69000244140625,4049448
2026-07-27 16:15:00+00:00,197.69000244140625,198.33180236816406,196.77099609375,197.77999877929688,4176818
2026-07-27 16:30:00+00:00,197.77999877929688,198.14999389648438,196.72999572753906,197.30999755859375,2819015
2026-07-27 16:45:00+00:00,197.32000732421875,197.82510375976562,196.1804962158203,196.32510375976562,3607240
2026-07-27 17:00:00+00:00,196.3300018310547,196.39999389648438,195.58009338378906,195.9949951171875,3502827
2026-07-27 17:15:00+00:00,195.9949951171875,196.0198974609375,195.44000244140625,195.57000732421875,3020650
2026-07-27 17:30:00+00:00,195.5800018310547,196.1699981689453,195.5,195.89999389648438,2326350
2026-07-27 17:45:00+00:00,195.91000366210938,196.8394012451172,195.75999450683594,196.7949981689453,3091838
2026-07-27 18:00:00+00:00,196.8000030517578,197.0800018310547,196.35000610351562,196.61300659179688,2640171
2026-07-27 18:15:00+00:00,196.60659790039062,196.74989318847656,196.0500030517578,196.7050018310547,2107503
2026-07-27 18:30:00+00:00,196.69500732421875,196.8000030517578,196.08999633789062,196.78509521484375,2450711
2026-07-27 18:45:00+00:00,196.78500366210938,197.64999389648438,196.5500030517578,197.44949340820312,2923071
2026-07-27 19:00:00+00:00,197.44000244140625,197.8300018310547,197.1649932861328,197.50999450683594,4092627
2026-07-27 19:15:00+00:00,197.50999450683594,198.02000427246094,197.41000366210938,197.72999572753906,3305868
2026-07-27 19:30:00+00:00,197.72999572753906,197.8300018310547,196.66009521484375,196.8000030517578,4064647
2026-07-27 19:45:00+00:00,196.8000030517578,197.39999389648438,196.30999755859375,196.52000427246094,9646802
2026-07-27 20:00:00+00:00,196.53,197.0081,196.4,196.74,0
2026-07-27 20:15:00+00:00,196.51,202.1699,196.51,196.68,0
2026-07-27 20:30:00+00:00,196.62,197.11,196.62,197.0,0
2026-07-27 20:45:00+00:00,197.0,206.0108,196.83,196.94,0
2026-07-27 21:00:00+00:00,196.91,206.0108,185.6813,197.0385,0
2026-07-27 21:15:00+00:00,197.04,197.18,185.8865,197.0995,0
2026-07-27 21:30:00+00:00,197.09,197.13,196.96,197.0001,0
2026-07-27 21:45:00+00:00,197.01,197.1,196.96,197.01,0
2026-07-27 22:00:00+00:00,197.01,197.14,196.54,196.56,0
2026-07-27 22:15:00+00:00,196.54,196.7,196.25,196.3092,0
2026-07-27 22:30:00+00:00,196.3,196.57,196.25,196.33,0
2026-07-27 22:45:00+00:00,196.33,196.5,196.3,196.36,0
2026-07-27 23:00:00+00:00,196.3887,196.45,196.1,196.18,0
2026-07-27 23:15:00+00:00,196.1808,196.49,196.15,196.41,0
2026-07-27 23:30:00+00:00,196.41,196.51,196.2,196.27,0
2026-07-27 23:45:00+00:00,196.26,196.5,196.062,196.14,0
2026-07-28 08:00:00+00:00,194.2,196.51,193.0,193.2837,0
2026-07-28 08:15:00+00:00,193.3,194.44,193.1885,194.33,0
2026-07-28 08:30:00+00:00,194.36,195.18,194.1111,194.9118,0
2026-07-28 08:45:00+00:00,194.91,194.94,194.4,194.5,0
2026-07-28 09:00:00+00:00,194.5565,194.56,194.1042,194.24,0
2026-07-28 09:15:00+00:00,194.25,194.78,194.15,194.65,0
2026-07-28 09:30:00+00:00,194.65,194.8135,194.4,194.5267,0
2026-07-28 09:45:00+00:00,194.48,194.5762,194.35,194.52,0
2026-07-28 10:00:00+00:00,194.5,194.74,194.35,194.55,0
2026-07-28 10:15:00+00:00,194.5482,194.739,194.31,194.6512,0
2026-07-28 10:30:00+00:00,194.7,194.85,193.607,194.095,0
2026-07-28 10:45:00+00:00,193.97,194.55,193.7855,194.5488,0
2026-07-28 11:00:00+00:00,194.55,196.51,194.1,194.3,0
2026-07-28 11:15:00+00:00,194.33,195.18,194.28,194.7999,0
2026-07-28 11:30:00+00:00,194.75,194.79,194.03,194.24,0
2026-07-28 11:45:00+00:00,194.2946,195.7775,194.25,195.5951,0
2026-07-28 12:00:00+00:00,195.55,195.97,195.47,195.5279,0
2026-07-28 12:15:00+00:00,195.53,196.08,195.5,195.79,0
2026-07-28 12:30:00+00:00,195.86,196.06,195.4,195.9585,0
2026-07-28 12:45:00+00:00,195.96,196.0,195.32,195.43,0
2026-07-28 13:00:00+00:00,195.5472,196.47,195.2,195.85,0
2026-07-28 13:15:00+00:00,195.8912,196.2455,194.02,195.05,0
2026-07-28 13:30:00+00:00,194.9499969482422,195.4550018310547,193.57000732421875,194.3000030517578,16710095
2026-07-28 13:45:00+00:00,194.27000427246094,194.5,192.8000030517578,193.6300048828125,7536609
2026-07-28 14:00:00+00:00,193.63999938964844,195.1699981689453,193.52000427246094,193.91000366210938,6017080
2026-07-28 14:15:00+00:00,193.92999267578125,194.17999267578125,192.74000549316406,194.08999633789062,6557458
2026-07-28 14:30:00+00:00,194.08999633789062,196.33999633789062,193.89999389648438,196.0198974609375,6283680
2026-07-28 14:45:00+00:00,196.00999450683594,197.59739685058594,195.71420288085938,196.77000427246094,5847016
2026-07-28 15:00:00+00:00,196.77999877929688,197.08999633789062,195.86000061035156,196.4810028076172,3986255
2026-07-28 15:15:00+00:00,196.50999450683594,197.85000610351562,196.26499938964844,196.72000122070312,4549595
2026-07-28 15:30:00+00:00,196.6999969482422,197.89999389648438,196.44000244140625,197.74009704589844,3621673
2026-07-28 15:45:00+00:00,197.7301025390625,198.61000061035156,197.69000244140625,198.3300018310547,4206894
2026-07-28 16:00:00+00:00,198.3300018310547,198.6999969482422,197.4499969482422,197.69000244140625,3172886
2026-07-28 16:15:00+00:00,197.6699981689453,198.17999267578125,197.25,197.27999877929688,2375816
2026-07-28 16:30:00+00:00,197.27999877929688,197.8300018310547,196.60000610351562,197.67999267578125,4459099
2026-07-28 16:45:00+00:00,197.6699981689453,198.2449951171875,197.35000610351562,198.0200958251953,2112344
2026-07-28 17:00:00+00:00,198.02999877929688,198.19000244140625,197.14999389648438,197.6199951171875,2402845
2026-07-28 17:15:00+00:00,197.61500549316406,198.24000549316406,197.52999877929688,197.6999969482422,1909729
2026-07-28 17:30:00+00:00,197.69009399414062,198.08990478515625,197.27000427246094,197.35000610351562,1754416
2026-07-28 17:45:00+00:00,197.35000610351562,197.4394989013672,196.6699981689453,197.10000610351562,1876448
2026-07-28 18:00:00+00:00,197.10000610351562,197.39930725097656,196.75,196.8699951171875,1571946
2026-07-28 18:15:00+00:00,196.8699951171875,197.1699981689453,196.64999389648438,196.7050018310547,1737030
2026-07-28 18:30:00+00:00,196.7050018310547,197.33999633789062,196.53309631347656,197.00999450683594,1975966
2026-07-28 18:45:00+00:00,197.00999450683594,197.38999938964844,196.85000610351562,197.07000732421875,2706563
2026-07-28 19:00:00+00:00,197.07000732421875,197.74000549316406,197.05369567871094,197.60499572753906,3101215
2026-07-28 19:15:00+00:00,197.5800018310547,198.02999877929688,197.2899932861328,197.88999938964844,2386687
2026-07-28 19:30:00+00:00,197.91000366210938,197.99000549316406,197.0,197.17999267578125,4733716
2026-07-28 19:45:00+00:00,197.17999267578125,198.14999389648438,196.75,196.9499969482422,8805369
2026-07-28 20:00:00+00:00,197.01,197.1,196.0,196.77,0
2026-07-28 20:15:00+00:00,197.01,197.6,196.6,197.48,0
2026-07-28 20:30:00+00:00,197.46,197.5314,186.7664,197.1793,0
2026-07-28 20:45:00+00:00,197.1815,201.3796,183.6614,197.21,0
2026-07-28 21:00:00+00:00,197.21,201.3796,183.6614,197.1,0
2026-07-28 21:15:00+00:00,197.1,197.12,183.749,196.93,0
2026-07-28 21:30:00+00:00,196.95,197.09,196.85,197.03,0
2026-07-28 21:45:00+00:00,197.0685,197.07,196.89,196.89,0
2026-07-28 22:00:00+00:00,196.8966,197.24,196.83,196.9,0
2026-07-28 22:15:00+00:00,196.9,197.02,196.52,196.77,0
2026-07-28 22:30:00+00:00,196.7416,196.75,196.41,196.48,0
2026-07-28 22:45:00+00:00,196.48,196.5,195.5,195.53,0
2026-07-28 23:00:00+00:00,195.5001,195.97,195.02,195.82,0
2026-07-28 23:15:00+00:00,195.82,196.07,195.0,195.6972,0
2026-07-28 23:30:00+00:00,195.6997,196.91,195.58,196.69,0
2026-07-28 23:45:00+00:00,196.84,197.75,196.705,197.63,0
2026-07-29 08:00:00+00:00,196.13,197.01,194.0432,195.7,0
2026-07-29 08:15:00+00:00,195.73,196.13,195.45,195.6685,0
2026-07-29 08:30:00+00:00,195.78,196.75,195.67,196.75,0
2026-07-29 08:45:00+00:00,196.75,196.89,196.2137,196.6955,0
2026-07-29 09:00:00+00:00,196.4757,197.54,196.409,197.52,0
2026-07-29 09:15:00+00:00,197.5947,197.6022,197.17,197.33,0
2026-07-29 09:30:00+00:00,197.27,197.9655,197.09,197.82,0
2026-07-29 09:45:00+00:00,197.84,198.25,197.75,198.06,0
2026-07-29 10:00:00+00:00,198.08,198.3,197.75,197.867,0
2026-07-29 10:15:00+00:00,197.83,197.867,197.45,197.58,0
2026-07-29 10:30:00+00:00,197.63,197.78,197.12,197.12,0
2026-07-29 10:45:00+00:00,197.17,197.17,196.75,196.9,0
2026-07-29 11:00:00+00:00,196.885,197.4995,196.68,197.4283,0
2026-07-29 11:15:00+00:00,197.47,197.7,197.0,197.48,0
2026-07-29 11:30:00+00:00,197.48,197.6,197.1,197.3,0
2026-07-29 11:45:00+00:00,197.29,197.5,197.15,197.5,0
2026-07-29 12:00:00+00:00,197.52,197.52,196.95,196.994,0
2026-07-29 12:15:00+00:00,197.0469,197.14,196.3,196.37,0
2026-07-29 12:30:00+00:00,196.43,196.9,196.2217,196.88,0
2026-07-29 12:45:00+00:00,196.88,197.15,196.75,196.89,0
2026-07-29 13:00:00+00:00,196.92,197.0,196.3401,196.425,0
2026-07-29 13:15:00+00:00,196.46,196.7499,194.5,195.81,0
2026-07-29 13:30:00+00:00,195.84500122070312,197.07400512695312,194.86000061035156,196.4199981689453,8703818
2026-07-29 13:45:00+00:00,196.38999938964844,196.58990478515625,192.64999389648438,193.3800048828125,5844405
2026-07-29 14:00:00+00:00,193.38999938964844,193.64999389648438,191.1999969482422,191.7899932861328,6874409
2026-07-29 14:15:00+00:00,191.7899932861328,192.47999572753906,190.92300415039062,191.63499450683594,5354105
2026-07-29 14:30:00+00:00,191.61000061035156,192.30999755859375,190.9600067138672,191.11000061035156,3993917
2026-07-29 14:45:00+00:00,191.10000610351562,192.6300048828125,191.00999450683594,192.48500061035156,4012056
2026-07-29 15:00:00+00:00,192.47999572753906,193.16000366210938,192.16000366210938,192.38999938964844,3382699
2026-07-29 15:15:00+00:00,192.39500427246094,193.1199951171875,192.22000122070312,192.375,2591831
2026-07-29 15:30:00+00:00,192.375,192.60000610351562,191.64999389648438,191.75999450683594,2814305
2026-07-29 15:45:00+00:00,191.74000549316406,192.1199951171875,191.44000244140625,191.86000061035156,2728192
2026-07-29 16:00:00+00:00,191.85000610351562,192.1199951171875,190.8000030517578,190.91009521484375,4560418
2026-07-29 16:15:00+00:00,190.91000366210938,191.67999267578125,190.6820068359375,191.58999633789062,4119267
2026-07-29 16:30:00+00:00,191.5749969482422,191.97999572753906,191.27999877929688,191.625,2010832
2026-07-29 16:45:00+00:00,191.59500122070312,192.1699981689453,191.47999572753906,191.97000122070312,4875856
2026-07-29 17:00:00+00:00,191.97000122070312,192.9499969482422,191.85499572753906,192.92999267578125,3526370
2026-07-29 17:15:00+00:00,192.92999267578125,193.0800018310547,192.1300048828125,192.16949462890625,2284304
2026-07-29 17:30:00+00:00,192.110107421875,192.3300018310547,191.75999450683594,192.05999755859375,2456305
2026-07-29 17:45:00+00:00,192.07000732421875,192.5,191.7100067138672,192.32000732421875,2155442
2026-07-29 18:00:00+00:00,192.35000610351562,194.0570068359375,192.30499267578125,192.83999633789062,6816030
2026-07-29 18:15:00+00:00,192.7899932861328,193.3000030517578,192.38999938964844,193.1999969482422,2264198
2026-07-29 18:30:00+00:00,193.17100524902344,195.5500030517578,192.72000122070312,195.4698944091797,3929146
2026-07-29 18:45:00+00:00,195.4499969482422,196.17999267578125,195.23680114746094,195.9398956298828,4096802
2026-07-29 19:00:00+00:00,195.9300994873047,196.32989501953125,194.19500732421875,194.8800048828125,3472150
2026-07-29 19:15:00+00:00,194.875,195.1186065673828,192.56500244140625,193.3699951171875,4327083
2026-07-29 19:30:00+00:00,193.3800048828125,193.7550048828125,191.03199768066406,191.47999572753906,4989470
2026-07-29 19:45:00+00:00,191.4600067138672,192.3000030517578,190.02000427246094,190.05999755859375,16024674
2026-07-29 20:00:00+00:00,190.01,190.38,189.0,189.8077,0
2026-07-29 20:15:00+00:00,190.01,202.04,188.88,189.17,0
2026-07-29 20:30:00+00:00,189.1568,189.85,189.0,189.85,0
2026-07-29 20:45:00+00:00,189.85,192.1368,177.0854,189.6912,0
2026-07-29 21:00:00+00:00,189.6529,199.5629,177.0854,189.97,0
2026-07-29 21:15:00+00:00,189.904,190.12,181.945,190.0,0
2026-07-29 21:30:00+00:00,190.05,190.1,189.03,189.1141,0
2026-07-29 21:45:00+00:00,189.12,190.01,188.78,189.29,0
2026-07-29 22:00:00+00:00,189.28,191.67,189.2,190.9,0
2026-07-29 22:15:00+00:00,190.9407,192.15,190.76,191.7989,0
2026-07-29 22:30:00+00:00,191.68,191.8,191.2,191.31,0
2026-07-29 22:45:00+00:00,191.29,191.42,190.8,190.98,0
2026-07-29 23:00:00+00:00,190.98,191.47,190.95,191.15,0
2026-07-29 23:15:00+00:00,191.1709,191.51,191.1,191.472,0
2026-07-29 23:30:00+00:00,191.45,191.8,191.3,191.4966,0
2026-07-29 23:45:00+00:00,191.42,191.76,191.01,191.2641,0
2026-07-30 08:00:00+00:00,191.3,192.0,190.01,190.97,0
2026-07-30 08:15:00+00:00,190.91,191.6,190.7712,191.4304,0
2026-07-30 08:30:00+00:00,191.45,191.88,191.45,191.7,0
2026-07-30 08:45:00+00:00,191.7,191.89,191.4142,191.6025,0
2026-07-30 09:00:00+00:00,191.6922,192.22,191.5,192.18,0
2026-07-30 09:15:00+00:00,192.13,192.66,192.02,192.45,0
2026-07-30 09:30:00+00:00,192.48,192.6488,192.1,192.1687,0
2026-07-30 09:45:00+00:00,192.1629,192.2265,191.62,191.6877,0
2026-07-30 10:00:00+00:00,191.678,192.0,191.45,191.86,0
2026-07-30 10:15:00+00:00,191.85,192.6957,191.85,192.58,0
2026-07-30 10:30:00+00:00,192.697,192.8,192.4,192.4799,0
2026-07-30 10:45:00+00:00,192.52,192.8,192.3,192.43,0
2026-07-30 11:00:00+00:00,192.415,193.15,190.01,192.9629,0
2026-07-30 11:15:00+00:00,192.962,193.45,192.89,193.3483,0
2026-07-30 11:30:00+00:00,193.3485,193.49,192.86,193.4521,0
2026-07-30 11:45:00+00:00,193.4,193.68,193.27,193.3008,0
2026-07-30 12:00:00+00:00,193.3491,194.3,193.1,194.17,0
2026-07-30 12:15:00+00:00,194.25,194.28,193.42,193.64,0
2026-07-30 12:30:00+00:00,193.5507,194.2,193.55,193.815,0
2026-07-30 12:45:00+00:00,193.8,194.25,193.61,194.1167,0
2026-07-30 13:00:00+00:00,194.114,194.66,194.08,194.3,0
2026-07-30 13:15:00+00:00,194.2901,194.43,192.97,193.31,0
2026-07-30 13:30:00+00:00,193.4499969482422,193.5,191.52000427246094,192.44000244140625,13633910
2026-07-30 13:45:00+00:00,192.39999389648438,195.60000610351562,192.38999938964844,195.5352020263672,8540975
2026-07-30 14:00:00+00:00,195.52999877929688,196.39999389648438,194.9199981689453,195.77999877929688,6399757
2026-07-30 14:15:00+00:00,195.7899932861328,197.17999267578125,195.28050231933594,196.80999755859375,5263421
2026-07-30 14:30:00+00:00,196.80999755859375,197.25,195.91000366210938,195.97999572753906,4821087
2026-07-30 14:45:00+00:00,195.9550018310547,196.0,194.24000549316406,194.87730407714844,5480010
2026-07-30 15:00:00+00:00,194.88999938964844,195.3249969482422,194.04010009765625,194.30499267578125,4077097
2026-07-30 15:15:00+00:00,194.3000030517578,194.5399932861328,193.43499755859375,193.50999450683594,4660228
2026-07-30 15:30:00+00:00,193.50999450683594,193.58999633789062,192.83090209960938,193.14999389648438,3715169
2026-07-30 15:45:00+00:00,193.1699981689453,193.52000427246094,192.72999572753906,193.11090087890625,3760107
2026-07-30 16:00:00+00:00,193.1199951171875,194.3699951171875,192.85000610351562,194.22000122070312,3442229
2026-07-30 16:15:00+00:00,194.22000122070312,194.31500244140625,193.63999938964844,193.80999755859375,2348987
2026-07-30 16:30:00+00:00,193.80999755859375,194.01499938964844,192.67999267578125,192.89959716796875,3049527
2026-07-30 16:45:00+00:00,192.88999938964844,193.57969665527344,192.86000061035156,193.39500427246094,1791286
2026-07-30 17:00:00+00:00,193.41000366210938,194.00999450683594,193.39999389648438,193.5072021484375,1911029
2026-07-30 17:15:00+00:00,193.50999450683594,193.99000549316406,193.43719482421875,193.6199951171875,1621195
2026-07-30 17:30:00+00:00,193.6199951171875,193.80999755859375,193.0601043701172,193.66009521484375,2124729
2026-07-30 17:45:00+00:00,193.66000366210938,194.02999877929688,193.5749969482422,193.77000427246094,1808465
2026-07-30 18:00:00+00:00,193.75050354003906,194.07000732421875,193.585693359375,193.6898956298828,1800810
2026-07-30 18:15:00+00:00,193.68499755859375,193.72999572753906,193.24000549316406,193.49000549316406,1846620
2026-07-30 18:30:00+00:00,193.49000549316406,193.83250427246094,193.13999938964844,193.32000732421875,2097631
2026-07-30 18:45:00+00:00,193.31500244140625,193.7480010986328,193.27999877929688,193.52000427246094,2106993
2026-07-30 19:00:00+00:00,193.52980041503906,194.77999877929688,193.4199981689453,194.58999633789062,3210893
2026-07-30 19:15:00+00:00,194.5800018310547,194.9250030517578,193.9949951171875,194.05499267578125,2979772
2026-07-30 19:30:00+00:00,194.0399932861328,194.8249969482422,193.99000549316406,194.75010681152344,3422755
2026-07-30 19:45:00+00:00,194.75999450683594,195.32550048828125,194.55999755859375,195.14999389648438,8523229
2026-07-30 20:00:00+00:00,195.04,195.88,194.94,195.4,0
2026-07-30 20:15:00+00:00,195.04,196.35,195.04,195.95,0
2026-07-30 20:30:00+00:00,195.98,196.3599,183.9575,196.06,0
2026-07-30 20:45:00+00:00,196.0607,196.19,182.2548,195.4754,0
2026-07-30 21:00:00+00:00,195.48,203.8033,182.0157,195.45,0
2026-07-30 21:15:00+00:00,195.4761,196.7994,195.4,196.1861,0
2026-07-30 21:30:00+00:00,196.16,196.295,195.04,195.86,0
2026-07-30 21:45:00+00:00,195.93,196.12,195.4,195.48,0
2026-07-30 22:00:00+00:00,195.48,195.99,195.23,195.9099,0
2026-07-30 22:15:00+00:00,195.71,196.23,195.65,195.77,0
2026-07-30 22:30:00+00:00,195.72,195.95,195.5,195.95,0
2026-07-30 22:45:00+00:00,195.97,196.18,195.86,196.01,0
2026-07-30 23:00:00+00:00,196.07,196.39,196.01,196.2,0
2026-07-30 23:15:00+00:00,196.19,196.3,196.02,196.2001,0
2026-07-30 23:30:00+00:00,196.2228,196.5,196.1,196.48,0
2026-07-30 23:45:00+00:00,196.49,196.85,196.37,196.839,0
2026-07-31 08:00:00+00:00,198.4897,198.8,195.04,198.4976,0
2026-07-31 08:15:00+00:00,198.46,198.7677,198.44,198.7,0
2026-07-31 08:30:00+00:00,198.68,198.77,198.25,198.33,0
2026-07-31 08:45:00+00:00,198.38,198.6,198.26,198.46,0
2026-07-31 09:00:00+00:00,198.42,198.68,198.3312,198.4399,0
2026-07-31 09:15:00+00:00,198.4399,198.6288,198.05,198.0977,0
2026-07-31 09:30:00+00:00,198.11,198.3997,197.8,197.91,0
2026-07-31 09:45:00+00:00,197.9,198.0788,197.74,197.82,0
2026-07-31 10:00:00+00:00,197.8,198.1962,197.65,198.1,0
2026-07-31 10:15:00+00:00,198.09,198.1988,197.88,198.0215,0
2026-07-31 10:30:00+00:00,198.02,198.1,197.75,197.94,0
2026-07-31 10:45:00+00:00,197.863,197.98,197.5,197.65,0
2026-07-31 11:00:00+00:00,197.745,198.18,197.64,197.8188,0
2026-07-31 11:15:00+00:00,197.82,197.84,197.2,197.25,0
2026-07-31 11:30:00+00:00,197.32,197.5,197.2,197.262,0
2026-07-31 11:45:00+00:00,197.31,197.8,197.25,197.5332,0
2026-07-31 12:00:00+00:00,197.64,197.66,195.04,196.8617,0
2026-07-31 12:15:00+00:00,196.8929,197.03,196.3,196.99,0
2026-07-31 12:30:00+00:00,196.9888,197.1,196.52,196.6279,0
2026-07-31 12:45:00+00:00,196.7272,197.0,196.4,196.882,0
2026-07-31 13:00:00+00:00,196.8699,197.5,196.7327,197.31,0
2026-07-31 13:15:00+00:00,197.35,198.68,197.2,198.57,0
2026-07-31 13:30:00+00:00,198.4405059814453,200.08999633789062,197.11000061035156,197.51510620117188,15113088
2026-07-31 13:45:00+00:00,197.52000427246094,198.50259399414062,196.93820190429688,197.69000244140625,5059126
2026-07-31 14:00:00+00:00,197.6699981689453,197.89999389648438,194.9499969482422,195.47799682617188,5468925
2026-07-31 14:15:00+00:00,195.46499633789062,197.25,195.0500946044922,196.9949951171875,4225616
2026-07-31 14:30:00+00:00,197.0,198.07000732421875,196.77020263671875,197.85499572753906,3045326
2026-07-31 14:45:00+00:00,197.8800048828125,198.92999267578125,197.5399932861328,198.110107421875,4832867
2026-07-31 15:00:00+00:00,198.1199951171875,198.33999633789062,196.6199951171875,197.1999053955078,3268391
2026-07-31 15:15:00+00:00,197.14999389648438,197.9199981689453,195.32000732421875,195.6199951171875,3770730
2026-07-31 15:30:00+00:00,195.60000610351562,196.6699981689453,195.2386932373047,196.1898956298828,3017050
2026-07-31 15:45:00+00:00,196.19000244140625,196.50999450683594,195.6199951171875,196.27999877929688,2269836
2026-07-31 16:00:00+00:00,196.27499389648438,196.80999755859375,196.17999267578125,196.61500549316406,1979949
2026-07-31 16:15:00+00:00,196.625,198.02000427246094,196.14999389648438,198.02000427246094,2463293
2026-07-31 16:30:00+00:00,198.0449981689453,198.2899932861328,197.5,197.69500732421875,2479331
2026-07-31 16:45:00+00:00,197.67999267578125,198.52000427246094,197.57000732421875,198.22000122070312,2256728
2026-07-31 17:00:00+00:00,198.22000122070312,198.8350067138672,198.1300048828125,198.7100067138672,1986522
2026-07-31 17:15:00+00:00,198.70460510253906,199.3199005126953,198.67999267578125,199.2550048828125,2448814
2026-07-31 17:30:00+00:00,199.2550048828125,199.97000122070312,199.14999389648438,199.33999633789062,2668009
2026-07-31 17:45:00+00:00,199.3350067138672,199.70970153808594,198.97000122070312,199.4949951171875,2145949
2026-07-31 18:00:00+00:00,199.4949951171875,199.789794921875,198.83999633789062,198.91319274902344,2266024
2026-07-31 18:15:00+00:00,198.91000366210938,199.22999572753906,198.49000549316406,198.5500946044922,2675708
2026-07-31 18:30:00+00:00,198.59500122070312,198.8780059814453,198.4810028076172,198.72500610351562,2811699
2026-07-31 18:45:00+00:00,198.72000122070312,199.32989501953125,198.72000122070312,198.97000122070312,2163446
2026-07-31 19:00:00+00:00,198.9600067138672,199.10000610351562,198.25999450683594,198.6999969482422,2155011
2026-07-31 19:15:00+00:00,198.70590209960938,201.1199951171875,198.6999969482422,200.30499267578125,8783227
2026-07-31 19:30:00+00:00,200.30499267578125,201.08999633789062,199.8800048828125,201.08999633789062,4988003
2026-07-31 19:45:00+00:00,201.10000610351562,201.97000122070312,200.6199951171875,200.80999755859375,14664518
2026-07-31 20:00:00+00:00,200.75,200.75,199.65,199.9103,0
2026-07-31 20:15:00+00:00,200.75,200.75,199.83,199.9496,0
2026-07-31 20:30:00+00:00,199.9376,200.0,199.91,199.96,0
2026-07-31 20:45:00+00:00,199.9527,200.8,199.49,199.49,0
2026-07-31 21:00:00+00:00,199.5294,200.07,199.5,199.99,0
2026-07-31 21:15:00+00:00,199.9888,208.9337,193.7188,199.8408,0
2026-07-31 21:30:00+00:00,199.82,208.9337,199.32,199.3673,0
2026-07-31 21:45:00+00:00,199.36,199.47,198.91,199.04,0
2026-07-31 22:00:00+00:00,199.05,199.1,198.9,198.9741,0
2026-07-31 22:15:00+00:00,198.98,199.1,198.9012,199.0867,0
2026-07-31 22:30:00+00:00,199.03,200.75,199.0,199.1001,0
2026-07-31 22:45:00+00:00,199.1,199.19,198.96,198.9671,0
2026-07-31 23:00:00+00:00,198.9671,199.2,198.96,199.01,0
2026-07-31 23:15:00+00:00,199.0,199.16,199.0,199.1,0
2026-07-31 23:30:00+00:00,199.1,199.12,199.0,199.0892,0
2026-07-31 23:45:00+00:00,199.09,199.1,198.94,198.9495,0
2026-08-03 08:00:00+00:00,201.99,202.7477,200.31,200.88,0
2026-08-03 08:15:00+00:00,200.84,200.88,199.66,199.99,0
2026-08-03 08:30:00+00:00,199.92,200.49,199.6645,200.0095,0
2026-08-03 08:45:00+00:00,200.3,200.8707,200.0072,200.72,0
2026-08-03 09:00:00+00:00,200.77,200.8788,200.44,200.62,0
2026-08-03 09:15:00+00:00,200.53,200.9,200.44,200.72,0
2026-08-03 09:30:00+00:00,200.63,200.8857,200.5012,200.5012,0
2026-08-03 09:45:00+00:00,200.61,200.79,200.4062,200.74,0
2026-08-03 10:00:00+00:00,200.6608,200.7,200.0112,200.22,0
2026-08-03 10:15:00+00:00,200.22,200.3,199.66,199.95,0
2026-08-03 10:30:00+00:00,199.96,200.1,199.8,200.0,0
2026-08-03 10:45:00+00:00,200.0,200.46,199.9867,200.4012,0
2026-08-03 11:00:00+00:00,200.275,200.45,199.25,199.3589,0
2026-08-03 11:15:00+00:00,199.4191,199.7399,199.32,199.343,0
2026-08-03 11:30:00+00:00,199.31,199.8506,199.11,199.36,0
2026-08-03 11:45:00+00:00,199.33,199.67,198.2996,198.51,0
2026-08-03 12:00:00+00:00,198.5791,198.87,197.944,198.7131,0
2026-08-03 12:15:00+00:00,198.7,198.89,198.42,198.53,0
2026-08-03 12:30:00+00:00,198.7582,198.8,198.0825,198.6831,0
2026-08-03 12:45:00+00:00,198.6831,198.8,198.3075,198.6431,0
2026-08-03 13:00:00+00:00,198.6517,198.9,198.44,198.74,0
2026-08-03 13:15:00+00:00,198.7646,199.29,196.75,197.69,0
2026-08-03 13:30:00+00:00,198.5,199.8300018310547,198.08999633789062,198.85000610351562,11716047
2026-08-03 13:45:00+00:00,198.8800048828125,202.35000610351562,198.67999267578125,202.2624053955078,6197519
2026-08-03 14:00:00+00:00,202.22999572753906,205.58999633789062,201.50999450683594,204.2100067138672,9989110
2026-08-03 14:15:00+00:00,204.1999969482422,205.72000122070312,203.9499969482422,205.39010620117188,5750138
2026-08-03 14:30:00+00:00,205.38999938964844,206.3699951171875,204.8000946044922,206.00999450683594,5658348
2026-08-03 14:45:00+00:00,206.00999450683594,206.60000610351562,205.71499633789062,206.2899932861328,4099330
2026-08-03 15:00:00+00:00,206.29190063476562,207.2100067138672,206.0800018310547,206.63499450683594,5209147
2026-08-03 15:15:00+00:00,206.63499450683594,207.39999389648438,206.38999938964844,206.4149932861328,4119178
2026-08-03 15:30:00+00:00,206.4199981689453,207.24000549316406,206.27000427246094,206.63499450683594,3692284
2026-08-03 15:45:00+00:00,206.63499450683594,207.19000244140625,206.61000061035156,206.77999877929688,3094378
2026-08-03 16:00:00+00:00,206.77499389648438,207.22999572753906,206.61000061035156,207.1300048828125,2158625
2026-08-03 16:15:00+00:00,207.1199951171875,207.47999572753906,206.89999389648438,207.08999633789062,2257899
2026-08-03 16:30:00+00:00,207.08680725097656,207.13499450683594,206.69000244140625,207.08999633789062,2240317
2026-08-03 16:45:00+00:00,207.10000610351562,207.32000732421875,206.86000061035156,206.89999389648438,1582139
2026-08-03 17:00:00+00:00,206.89999389648438,207.6199951171875,206.82000732421875,207.53500366210938,2413168
2026-08-03 17:15:00+00:00,207.52999877929688,208.67990112304688,207.36000061035156,208.59500122070312,3374120
2026-08-03 17:30:00+00:00,208.5998992919922,208.7100067138672,207.69020080566406,207.96499633789062,2809750
2026-08-03 17:45:00+00:00,207.9499969482422,208.4499969482422,207.66000366210938,208.11090087890625,2990875
2026-08-03 18:00:00+00:00,208.11990356445312,208.74000549316406,208.05999755859375,208.25999450683594,2548377
2026-08-03 18:15:00+00:00,208.27999877929688,208.50999450683594,207.57000732421875,207.7100067138672,2379880
2026-08-03 18:30:00+00:00,207.6999969482422,208.07000732421875,207.60000610351562,208.0,1946971
2026-08-03 18:45:00+00:00,208.0,208.17999267578125,207.69500732421875,208.16000366210938,1806122
2026-08-03 19:00:00+00:00,208.15499877929688,208.72000122070312,207.63999938964844,207.74989318847656,3263949
2026-08-03 19:15:00+00:00,207.75,208.14599609375,207.67999267578125,207.83999633789062,2684863
2026-08-03 19:30:00+00:00,207.85000610351562,207.9199981689453,207.10000610351562,207.27000427246094,3379314
2026-08-03 19:45:00+00:00,207.27499389648438,207.44000244140625,205.9199981689453,206.69000244140625,8563631
2026-08-03 20:00:00+00:00,206.68,206.75,206.05,206.5,0
2026-08-03 20:15:00+00:00,206.64,206.9407,206.5,206.69,0
2026-08-03 20:30:00+00:00,206.6682,206.88,206.0,206.85,0
2026-08-03 20:45:00+00:00,206.87,220.9158,202.5263,206.6546,0
2026-08-03 21:00:00+00:00,206.67,220.9367,199.8468,206.74,0
2026-08-03 21:15:00+00:00,206.7326,218.7645,202.5263,206.8163,0
2026-08-03 21:30:00+00:00,206.8169,220.9367,202.5263,206.63,0
2026-08-03 21:45:00+00:00,206.62,206.8,206.6001,206.76,0
2026-08-03 22:00:00+00:00,206.7491,206.9818,206.72,206.77,0
2026-08-03 22:15:00+00:00,206.79,206.939,206.74,206.8167,0
2026-08-03 22:30:00+00:00,206.8115,207.4032,206.78,207.2093,0
2026-08-03 22:45:00+00:00,207.2093,207.25,206.9,206.9934,0
2026-08-03 23:00:00+00:00,206.99,207.06,206.72,206.8799,0
2026-08-03 23:15:00+00:00,206.88,207.06,206.8,206.92,0
2026-08-03 23:30:00+00:00,206.91,207.06,206.75,206.8212,0
2026-08-03 23:45:00+00:00,206.8001,206.95,206.75,206.8031,0
2026-08-04 08:00:00+00:00,207.76,208.6988,206.64,208.49,0
2026-08-04 08:15:00+00:00,208.58,208.7,208.3512,208.45,0
2026-08-04 08:30:00+00:00,208.41,208.5,208.0,208.0632,0
2026-08-04 08:45:00+00:00,208.1867,208.36,207.8255,208.3,0
2026-08-04 09:00:00+00:00,208.2,208.3588,207.89,208.14,0
2026-08-04 09:15:00+00:00,208.2232,208.45,208.1,208.35,0
2026-08-04 09:30:00+00:00,208.37,208.55,208.29,208.54,0
2026-08-04 09:45:00+00:00,208.5413,208.696,208.1012,208.3503,0
2026-08-04 10:00:00+00:00,208.47,208.67,208.35,208.5001,0
2026-08-04 10:15:00+00:00,208.5487,208.71,208.3232,208.5575,0
2026-08-04 10:30:00+00:00,208.55,208.75,208.29,208.75,0
2026-08-04 10:45:00+00:00,208.7,208.86,208.48,208.6477,0
2026-08-04 11:00:00+00:00,208.56,209.5,208.56,209.44,0
2026-08-04 11:15:00+00:00,209.4,209.63,209.2527,209.63,0
2026-08-04 11:30:00+00:00,209.6062,209.72,209.1652,209.7,0
2026-08-04 11:45:00+00:00,209.691,210.68,209.52,210.5,0
2026-08-04 12:00:00+00:00,210.53,210.57,209.92,209.998,0
2026-08-04 12:15:00+00:00,209.94,210.55,209.91,210.0803,0
2026-08-04 12:30:00+00:00,210.08,210.31,209.9,209.9443,0
2026-08-04 12:45:00+00:00,209.9469,210.23,209.78,209.96,0
2026-08-04 13:00:00+00:00,209.998,210.34,209.78,210.2782,0
2026-08-04 13:15:00+00:00,210.2293,211.57,210.0,211.44,0
2026-08-04 13:30:00+00:00,210.67999267578125,212.1708984375,210.47999572753906,211.20680236816406,13873704
2026-08-04 13:45:00+00:00,211.25,212.11000061035156,209.19000244140625,210.0399932861328,7502598
2026-08-04 14:00:00+00:00,210.0,210.83999633789062,209.7899932861328,210.22000122070312,4330903
2026-08-04 14:15:00+00:00,210.22000122070312,210.39500427246094,209.11500549316406,210.2624053955078,4281847
2026-08-04 14:30:00+00:00,210.24000549316406,210.72999572753906,209.78500366210938,210.1649932861328,4019334
2026-08-04 14:45:00+00:00,210.1300048828125,211.03990173339844,209.0500030517578,209.57000732421875,4985812
2026-08-04 15:00:00+00:00,209.55999755859375,210.11749267578125,209.5,210.0449981689453,2996624
2026-08-04 15:15:00+00:00,210.0399932861328,210.45140075683594,209.85000610351562,209.89999389648438,2931032
2026-08-04 15:30:00+00:00,209.89999389648438,210.63999938964844,209.6199951171875,210.63699340820312,2528397
2026-08-04 15:45:00+00:00,210.63999938964844,210.9499969482422,210.5749969482422,210.77499389648438,2420837
2026-08-04 16:00:00+00:00,210.77000427246094,210.8300018310547,210.37010192871094,210.50999450683594,2125517
2026-08-04 16:15:00+00:00,210.52999877929688,210.91000366210938,210.17010498046875,210.22030639648438,2465868
2026-08-04 16:30:00+00:00,210.22000122070312,210.56500244140625,209.94000244140625,210.49000549316406,2274608
2026-08-04 16:45:00+00:00,210.49000549316406,210.77499389648438,210.3800048828125,210.62399291992188,1616068
2026-08-04 17:00:00+00:00,210.6468048095703,211.3800048828125,210.60000610351562,211.27000427246094,2910185
2026-08-04 17:15:00+00:00,211.27000427246094,211.64999389648438,211.17999267578125,211.4600067138672,2287063
2026-08-04 17:30:00+00:00,211.4698944091797,211.88980102539062,211.1649932861328,211.75999450683594,2299383
2026-08-04 17:45:00+00:00,211.77000427246094,212.1199951171875,211.39999389648438,211.47999572753906,3737627
2026-08-04 18:00:00+00:00,211.49000549316406,211.67999267578125,211.0399932861328,211.66009521484375,2198067
2026-08-04 18:15:00+00:00,211.6699981689453,212.64999389648438,211.66000366210938,212.55999755859375,3824632
2026-08-04 18:30:00+00:00,212.57000732421875,213.0,212.1999969482422,212.3249969482422,3687386
2026-08-04 18:45:00+00:00,212.3292999267578,212.99000549316406,212.25999450683594,212.9499969482422,3130238
2026-08-04 19:00:00+00:00,212.94000244140625,213.05999755859375,212.55999755859375,212.67999267578125,3773647
2026-08-04 19:15:00+00:00,212.6750030517578,212.94000244140625,212.2899932861328,212.49000549316406,3177671
2026-08-04 19:30:00+00:00,212.48500061035156,212.9499969482422,212.3300018310547,212.86000061035156,3626399
2026-08-04 19:45:00+00:00,212.86000061035156,212.97999572753906,211.80999755859375,211.83999633789062,8331035
2026-08-04 20:00:00+00:00,211.94,212.3999,210.9,211.76,0
2026-08-04 20:15:00+00:00,211.71,211.94,209.29,210.49,0
2026-08-04 20:30:00+00:00,210.5,212.5,209.71,212.35,0
2026-08-04 20:45:00+00:00,212.35,213.93,211.2,213.73,0
2026-08-04 21:00:00+00:00,213.7472,215.8,213.24,215.46,0
2026-08-04 21:15:00+00:00,215.4628,219.4824,208.233,215.3,0
2026-08-04 21:30:00+00:00,215.31,219.4824,215.2615,215.6345,0
2026-08-04 21:45:00+00:00,215.7,224.9013,200.674,215.1,0
2026-08-04 22:00:00+00:00,215.1003,215.85,214.7003,215.75,0
2026-08-04 22:15:00+00:00,215.6849,215.75,211.94,215.1774,0
2026-08-04 22:30:00+00:00,215.2,215.69,215.1,215.27,0
2026-08-04 22:45:00+00:00,215.2522,216.6,215.2,216.58,0
2026-08-04 23:00:00+00:00,216.4901,217.1,216.01,216.9499,0
2026-08-04 23:15:00+00:00,216.9599,216.98,216.1745,216.2715,0
2026-08-04 23:30:00+00:00,216.3171,216.64,216.1,216.6,0
2026-08-04 23:45:00+00:00,216.55,216.75,216.21,216.5,0
2026-08-05 08:00:00+00:00,216.64,217.8087,211.94,216.72,0
2026-08-05 08:15:00+00:00,216.68,216.91,216.06,216.2267,0
2026-08-05 08:30:00+00:00,216.15,216.2365,215.53,215.68,0
2026-08-05 08:45:00+00:00,215.6192,216.08,215.53,215.69,0
2026-08-05 09:00:00+00:00,215.75,216.05,215.65,215.7136,0
2026-08-05 09:15:00+00:00,215.7136,216.18,215.53,216.14,0
2026-08-05 09:30:00+00:00,216.178,216.3,215.9547,216.1,0
2026-08-05 09:45:00+00:00,216.01,216.1288,215.7025,215.98,0
2026-08-05 10:00:00+00:00,215.96,216.05,215.65,215.68,0
2026-08-05 10:15:00+00:00,215.7,216.2,215.6522,215.97,0
2026-08-05 10:30:00+00:00,215.99,216.6678,215.904,216.62,0
2026-08-05 10:45:00+00:00,216.62,216.68,216.122,216.41,0
2026-08-05 11:00:00+00:00,216.45,216.515,215.36,215.95,0
2026-08-05 11:15:00+00:00,215.8625,215.95,215.4,215.5,0
2026-08-05 11:30:00+00:00,215.43,216.0,215.2,215.66,0
2026-08-05 11:45:00+00:00,215.6841,216.0,215.5,215.7035,0
2026-08-05 12:00:00+00:00,215.6792,215.8552,215.11,215.456,0
2026-08-05 12:15:00+00:00,215.4495,215.46,214.8,215.15,0
2026-08-05 12:30:00+00:00,215.1162,215.51,214.95,215.22,0
2026-08-05 12:45:00+00:00,215.2226,215.4,215.0,215.1,0
2026-08-05 13:00:00+00:00,215.1,215.35,215.01,215.0571,0
2026-08-05 13:15:00+00:00,215.0923,217.69,214.9501,216.85,0
2026-08-05 13:30:00+00:00,216.86000061035156,221.77000427246094,216.39999389648438,219.89999389648438,27810608
2026-08-05 13:45:00+00:00,219.91000366210938,221.35000610351562,218.86000061035156,221.15499877929688,10834941
2026-08-05 14:00:00+00:00,221.15499877929688,222.16000366210938,220.11000061035156,221.9499969482422,9382285
2026-08-05 14:15:00+00:00,221.92999267578125,222.22000122070312,220.7100067138672,220.72779846191406,6152544
2026-08-05 14:30:00+00:00,220.6999969482422,220.72999572753906,219.55999755859375,219.9001007080078,5475213
2026-08-05 14:45:00+00:00,219.89500427246094,220.25790405273438,218.35000610351562,218.8000030517578,4906706
2026-08-05 15:00:00+00:00,218.80999755859375,219.7899932861328,218.7449951171875,219.33999633789062,3569223
2026-08-05 15:15:00+00:00,219.35000610351562,219.69419860839844,218.5500030517578,219.11000061035156,3786661
2026-08-05 15:30:00+00:00,219.0989990234375,220.3300018310547,219.08009338378906,219.9499969482422,3477866
2026-08-05 15:45:00+00:00,219.9257049560547,220.00999450683594,218.44000244140625,219.05499267578125,3376551
2026-08-05 16:00:00+00:00,219.05499267578125,219.94000244140625,218.96499633789062,219.5,3074684
2026-08-05 16:15:00+00:00,219.52000427246094,221.3699951171875,219.47000122070312,221.1699981689453,4405517
2026-08-05 16:30:00+00:00,221.1699981689453,221.52499389648438,221.0399932861328,221.1699981689453,3529524
2026-08-05 16:45:00+00:00,221.14999389648438,221.60000610351562,221.08099365234375,221.33999633789062,2972159
2026-08-05 17:00:00+00:00,221.32000732421875,221.48500061035156,220.6082000732422,221.3800048828125,2937600
2026-08-05 17:15:00+00:00,221.3800048828125,221.57000732421875,221.02000427246094,221.0500030517578,2642289
2026-08-05 17:30:00+00:00,221.05999755859375,221.44000244140625,220.80999755859375,221.2779998779297,2083950
2026-08-05 17:45:00+00:00,221.28500366210938,221.28500366210938,220.68060302734375,220.81500244140625,2106128
2026-08-05 18:00:00+00:00,220.82000732421875,221.27000427246094,220.59010314941406,221.0469970703125,2275996
2026-08-05 18:15:00+00:00,221.05499267578125,221.8000030517578,220.9199981689453,221.73980712890625,2853301
2026-08-05 18:30:00+00:00,221.74000549316406,221.91000366210938,221.1699981689453,221.74000549316406,3043095
2026-08-05 18:45:00+00:00,221.74000549316406,221.91969299316406,221.2899932861328,221.72999572753906,2708870
2026-08-05 19:00:00+00:00,221.74000549316406,222.17999267578125,221.6822052001953,221.88009643554688,5521324
2026-08-05 19:15:00+00:00,221.8800048828125,222.0800018310547,221.60000610351562,221.8350067138672,3587629
2026-08-05 19:30:00+00:00,221.8300018310547,221.8699951171875,220.1699981689453,220.25,5041903
2026-08-05 19:45:00+00:00,220.25,220.4398956298828,218.85000610351562,219.1999969482422,10690681
2026-08-05 20:00:00+00:00,219.22,221.905,218.5,220.0748,0
2026-08-05 20:15:00+00:00,220.06,220.12,219.22,219.8817,0
2026-08-05 20:30:00+00:00,219.8859,220.18,219.22,220.07,0
2026-08-05 20:45:00+00:00,220.062,233.4137,215.6948,219.9604,0
2026-08-05 21:00:00+00:00,219.96,234.2166,215.6948,220.01,0
2026-08-05 21:15:00+00:00,220.013,234.2166,219.22,220.0195,0
2026-08-05 21:30:00+00:00,220.0002,220.02,219.5,219.53,0
2026-08-05 21:45:00+00:00,219.5,220.0,219.2537,219.86,0
2026-08-05 22:00:00+00:00,219.83,220.48,219.83,220.16,0
2026-08-05 22:15:00+00:00,220.1597,220.7526,219.22,220.52,0
2026-08-05 22:30:00+00:00,220.46,221.16,220.46,220.74,0
2026-08-05 22:45:00+00:00,220.74,221.14,220.61,220.82,0
2026-08-05 23:00:00+00:00,220.84,220.87,220.7,220.81,0
2026-08-05 23:15:00+00:00,220.841,221.0,220.75,220.9155,0
2026-08-05 23:30:00+00:00,220.98,220.98,220.62,220.7477,0
2026-08-05 23:45:00+00:00,220.76,220.8,220.5,220.7423,0
2026-08-06 08:00:00+00:00,220.1187,220.42,218.4027,218.5463,0
2026-08-06 08:15:00+00:00,218.58,219.54,218.45,219.43,0
2026-08-06 08:30:00+00:00,219.49,220.0,219.35,219.5,0
2026-08-06 08:45:00+00:00,219.7925,219.8545,219.3,219.6488,0
2026-08-06 09:00:00+00:00,219.51,219.57,218.8,219.02,0
2026-08-06 09:15:00+00:00,218.8557,219.19,218.75,218.83,0
2026-08-06 09:30:00+00:00,218.82,219.1488,218.8012,219.0,0
2026-08-06 09:45:00+00:00,219.086,219.5,218.94,219.48,0
2026-08-06 10:00:00+00:00,219.45,219.78,219.35,219.7,0
2026-08-06 10:15:00+00:00,219.7,219.9,219.55,219.8475,0
2026-08-06 10:30:00+00:00,219.75,219.88,219.18,219.2517,0
2026-08-06 10:45:00+00:00,219.27,219.39,219.0012,219.39,0
2026-08-06 11:00:00+00:00,219.42,219.59,218.8,219.496,0
2026-08-06 11:15:00+00:00,219.5453,220.89,219.48,220.6083,0
2026-08-06 11:30:00+00:00,220.6424,222.38,220.63,222.1,0
2026-08-06 11:45:00+00:00,222.02,222.2688,221.6,221.93,0
2026-08-06 12:00:00+00:00,221.9,221.95,221.01,221.0374,0
2026-08-06 12:15:00+00:00,221.0115,221.65,220.61,221.4331,0
2026-08-06 12:30:00+00:00,221.4,222.15,221.4,221.8167,0
2026-08-06 12:45:00+00:00,221.81,222.0,221.21,221.3029,0
2026-08-06 13:00:00+00:00,221.2781,221.39,220.85,221.0897,0
2026-08-06 13:15:00+00:00,221.0663,221.78,220.3,221.5983,0
2026-08-06 13:30:00+00:00,221.52999877929688,223.52999877929688,220.02000427246094,222.0540008544922,15419590
2026-08-06 13:45:00+00:00,222.05999755859375,223.62750244140625,221.9600067138672,222.16000366210938,6813764
2026-08-06 14:00:00+00:00,222.13499450683594,222.6300048828125,221.2899932861328,221.35000610351562,5156863
2026-08-06 14:15:00+00:00,221.3282928466797,221.8699951171875,219.33009338378906,219.81500244140625,6170263
2026-08-06 14:30:00+00:00,219.82179260253906,219.9698944091797,218.92100524902344,219.22000122070312,5974173
2026-08-06 14:45:00+00:00,219.22999572753906,219.7899932861328,218.80999755859375,219.1199951171875,3588890
2026-08-06 15:00:00+00:00,219.11000061035156,219.3498992919922,217.71009826660156,218.34500122070312,4677777
2026-08-06 15:15:00+00:00,218.32000732421875,218.42990112304688,217.7100067138672,218.2041015625,2879386
2026-08-06 15:30:00+00:00,218.2100067138672,218.4199981689453,217.31019592285156,217.3800048828125,2996025
2026-08-06 15:45:00+00:00,217.35499572753906,218.17990112304688,217.27000427246094,217.91009521484375,3106849
2026-08-06 16:00:00+00:00,217.88999938964844,218.66000366210938,217.44000244140625,218.36500549316406,2615298
2026-08-06 16:15:00+00:00,218.36000061035156,219.1300048828125,218.02000427246094,218.52999877929688,3224895
2026-08-06 16:30:00+00:00,218.5399932861328,219.30999755859375,218.5,218.9499969482422,2514584
2026-08-06 16:45:00+00:00,218.9199981689453,219.44000244140625,218.47999572753906,219.3699951171875,1412419
2026-08-06 17:00:00+00:00,219.3800048828125,219.75,219.27000427246094,219.32000732421875,2662908
2026-08-06 17:15:00+00:00,219.3220977783203,219.71800231933594,218.9600067138672,218.9600067138672,1458272
2026-08-06 17:30:00+00:00,218.97000122070312,219.25,218.57000732421875,218.76499938964844,1580896
2026-08-06 17:45:00+00:00,218.8000946044922,219.6199951171875,218.66000366210938,219.61000061035156,1536447
2026-08-06 18:00:00+00:00,219.61000061035156,220.07989501953125,219.47999572753906,220.00999450683594,2151943
2026-08-06 18:15:00+00:00,220.00999450683594,220.91000366210938,217.38999938964844,220.41000366210938,2980734
2026-08-06 18:30:00+00:00,220.4149932861328,220.4499969482422,219.49000549316406,219.8498992919922,1949971
2026-08-06 18:45:00+00:00,219.8300018310547,219.97999572753906,219.41000366210938,219.4949951171875,1895569
2026-08-06 19:00:00+00:00,219.4949951171875,220.36349487304688,219.49000549316406,219.8144989013672,2709128
2026-08-06 19:15:00+00:00,219.8000030517578,220.13580322265625,219.41000366210938,219.85000610351562,2757813
2026-08-06 19:30:00+00:00,219.86000061035156,220.2899932861328,219.6591033935547,219.89999389648438,2549709
2026-08-06 19:45:00+00:00,219.91000366210938,219.94000244140625,218.57000732421875,218.99000549316406,7459058
2026-08-06 20:00:00+00:00,218.99,219.2,218.58,218.86,0
2026-08-06 20:15:00+00:00,218.89,219.2277,218.8,218.93,0
2026-08-06 20:30:00+00:00,218.9,221.45,218.87,219.0249,0
2026-08-06 20:45:00+00:00,219.0647,222.3682,211.4094,218.9688,0
2026-08-06 21:00:00+00:00,218.95,230.3812,206.172,219.0994,0
2026-08-06 21:15:00+00:00,219.0864,219.11,211.5445,218.93,0
2026-08-06 21:30:00+00:00,218.9159,218.99,218.8,218.861,0
2026-08-06 21:45:00+00:00,218.8,218.9176,218.71,218.7122,0
2026-08-06 22:00:00+00:00,218.83,219.5,218.7,219.4778,0
2026-08-06 22:15:00+00:00,219.4,219.68,219.2,219.41,0
2026-08-06 22:30:00+00:00,219.5,219.65,219.41,219.5604,0
2026-08-06 22:45:00+00:00,219.5604,219.65,219.48,219.56,0
2026-08-06 23:00:00+00:00,219.57,219.6,219.43,219.5096,0
2026-08-06 23:15:00+00:00,219.5,219.78,219.45,219.54,0
2026-08-06 23:30:00+00:00,219.55,219.7,219.45,219.58,0
2026-08-06 23:45:00+00:00,219.628,219.628,219.4,219.42,0
2026-08-07 08:00:00+00:00,218.84,220.1557,218.4742,219.86,0
2026-08-07 08:15:00+00:00,219.86,220.1475,219.7012,219.8,0
2026-08-07 08:30:00+00:00,219.9,220.15,219.8,219.959,0
2026-08-07 08:45:00+00:00,219.93,220.03,219.8,219.8442,0
2026-08-07 09:00:00+00:00,219.9087,220.08,219.82,220.0,0
2026-08-07 09:15:00+00:00,219.95,220.07,219.83,219.99,0
2026-08-07 09:30:00+00:00,219.95,220.0738,219.7502,219.8438,0
2026-08-07 09:45:00+00:00,219.7622,219.92,219.4,219.4,0
2026-08-07 10:00:00+00:00,219.4,219.54,219.2,219.41,0
2026-08-07 10:15:00+00:00,219.39,219.57,219.2215,219.54,0
2026-08-07 10:30:00+00:00,219.62,219.62,219.3155,219.44,0
2026-08-07 10:45:00+00:00,219.3925,219.48,219.2517,219.3731,0
2026-08-07 11:00:00+00:00,219.36,219.9,218.99,219.8,0
2026-08-07 11:15:00+00:00,219.82,220.41,219.66,220.33,0
2026-08-07 11:30:00+00:00,220.3475,220.59,220.2399,220.4226,0
2026-08-07 11:45:00+00:00,220.4004,220.45,219.63,219.8,0
2026-08-07 12:00:00+00:00,219.8,220.35,219.6245,219.98,0
2026-08-07 12:15:00+00:00,219.9676,220.11,219.6,219.9504,0
2026-08-07 12:30:00+00:00,219.98,221.31,219.6905,221.2999,0
2026-08-07 12:45:00+00:00,221.2861,221.6797,221.0724,221.1612,0
2026-08-07 13:00:00+00:00,221.17,221.4,220.7,220.8,0
2026-08-07 13:15:00+00:00,220.88,221.91,220.51,221.52,0
2026-08-07 13:30:00+00:00,222.0,223.1300048828125,220.66000366210938,222.27499389648438,10304466
2026-08-07 13:45:00+00:00,222.27000427246094,223.1699981689453,221.74000549316406,222.5,4936771
2026-08-07 14:00:00+00:00,222.50999450683594,222.8000030517578,220.92999267578125,221.41009521484375,4595938
2026-08-07 14:15:00+00:00,221.41000366210938,223.4499969482422,221.1699981689453,223.3498992919922,4505175
2026-08-07 14:30:00+00:00,223.3300018310547,223.6300048828125,222.67999267578125,222.79989624023438,4026307
2026-08-07 14:45:00+00:00,222.80499267578125,223.7698974609375,222.72999572753906,223.17999267578125,3875268
2026-08-07 15:00:00+00:00,223.1699981689453,223.98500061035156,223.13499450683594,223.5850067138672,3718881
2026-08-07 15:15:00+00:00,223.56500244140625,224.64999389648438,223.49000549316406,224.1999969482422,4230220
2026-08-07 15:30:00+00:00,224.2100067138672,224.75999450683594,224.0800018310547,224.34500122070312,2652697
2026-08-07 15:45:00+00:00,224.35650634765625,224.67999267578125,223.59219360351562,223.82000732421875,3014866
2026-08-07 16:00:00+00:00,223.82000732421875,223.8896026611328,223.23500061035156,223.60009765625,3140882
2026-08-07 16:15:00+00:00,223.58999633789062,223.64990234375,222.25,222.4499969482422,3287868
2026-08-07 16:30:00+00:00,222.4600067138672,222.64999389648438,221.9600067138672,222.4149932861328,3362228
2026-08-07 16:45:00+00:00,222.41000366210938,222.61500549316406,221.8800048828125,221.89999389648438,2015795
2026-08-07 17:00:00+00:00,221.89999389648438,222.33999633789062,221.7100067138672,221.80499267578125,2390302
2026-08-07 17:15:00+00:00,221.80999755859375,222.10499572753906,221.55039978027344,221.8249969482422,1786475
2026-08-07 17:30:00+00:00,221.8249969482422,222.36000061035156,221.67999267578125,222.05999755859375,1766543
2026-08-07 17:45:00+00:00,222.05999755859375,222.36000061035156,221.94000244140625,222.08999633789062,1346031
2026-08-07 18:00:00+00:00,222.10000610351562,222.39999389648438,221.85000610351562,221.94500732421875,1348421
2026-08-07 18:15:00+00:00,221.9600067138672,222.14500427246094,221.83999633789062,221.94500732421875,1403409
2026-08-07 18:30:00+00:00,221.9600067138672,222.11000061035156,221.76499938964844,221.88999938964844,1513267
2026-08-07 18:45:00+00:00,221.91000366210938,222.39500427246094,221.8800048828125,222.27000427246094,1545554
2026-08-07 19:00:00+00:00,222.30999755859375,222.99000549316406,222.30999755859375,222.85000610351562,2658461
2026-08-07 19:15:00+00:00,222.85910034179688,223.13999938964844,222.781005859375,223.0399932861328,2565074
2026-08-07 19:30:00+00:00,223.0399932861328,223.13999938964844,222.38999938964844,222.93499755859375,2962248
2026-08-07 19:45:00+00:00,222.93499755859375,224.2100067138672,222.66000366210938,223.97999572753906,8724093
2026-08-07 20:00:00+00:00,223.96,224.0,223.26,223.4917,0
2026-08-07 20:15:00+00:00,223.96,223.96,223.27,223.45,0
2026-08-07 20:30:00+00:00,223.44,223.96,223.3004,223.5062,0
2026-08-07 20:45:00+00:00,223.5,223.72,223.39,223.6,0
2026-08-07 21:00:00+00:00,223.6183,249.1383,158.04,223.41,0
2026-08-07 21:15:00+00:00,223.4,223.96,223.3,223.33,0
2026-08-07 21:30:00+00:00,223.33,223.37,223.08,223.13,0
2026-08-07 21:45:00+00:00,223.1383,223.39,223.12,223.3547,0
2026-08-07 22:00:00+00:00,223.354,223.41,223.27,223.4,0
2026-08-07 22:15:00+00:00,223.4,223.43,223.3,223.3248,0
2026-08-07 22:30:00+00:00,223.3212,223.37,223.28,223.35,0
2026-08-07 22:45:00+00:00,223.3529,223.449,223.2,223.44,0
2026-08-07 23:00:00+00:00,223.44,223.8,223.3,223.66,0
2026-08-07 23:15:00+00:00,223.7,223.8,223.5,223.5605,0
2026-08-07 23:30:00+00:00,223.564,223.71,223.5,223.69,0
2026-08-07 23:45:00+00:00,223.68,223.92,223.65,223.7619,0
2026-08-10 08:00:00+00:00,224.858,225.58,224.4317,225.1,0
2026-08-10 08:15:00+00:00,225.11,225.26,224.8563,224.99,0
2026-08-10 08:30:00+00:00,224.98,225.1888,224.9,225.07,0
2026-08-10 08:45:00+00:00,225.05,225.188,224.73,224.89,0
2026-08-10 09:00:00+00:00,224.89,225.0637,224.7012,224.89,0
2026-08-10 09:15:00+00:00,224.89,225.0588,224.7227,224.78,0
2026-08-10 09:30:00+00:00,224.78,224.8672,224.6,224.68,0
2026-08-10 09:45:00+00:00,224.68,224.91,224.61,224.8,0
2026-08-10 10:00:00+00:00,224.7635,224.98,224.65,224.65,0
2026-08-10 10:15:00+00:00,224.6227,224.99,224.61,224.87,0
2026-08-10 10:30:00+00:00,224.87,224.9867,224.7328,224.878,0
2026-08-10 10:45:00+00:00,224.8975,225.1888,224.8112,224.99,0
2026-08-10 11:00:00+00:00,224.99,225.078,223.96,224.59,0
2026-08-10 11:15:00+00:00,224.5819,224.6872,224.2,224.62,0
2026-08-10 11:30:00+00:00,224.6102,224.63,224.08,224.1131,0
2026-08-10 11:45:00+00:00,224.0845,224.28,223.8,224.17,0
2026-08-10 12:00:00+00:00,224.1503,224.23,223.401,223.76,0
2026-08-10 12:15:00+00:00,223.8,223.8,223.04,223.33,0
2026-08-10 12:30:00+00:00,223.3299,223.37,222.7,223.29,0
2026-08-10 12:45:00+00:00,223.2601,223.37,222.85,223.01,0
2026-08-10 13:00:00+00:00,222.97,223.2,222.28,222.88,0
2026-08-10 13:15:00+00:00,222.9372,223.91,222.71,223.32,0
2026-08-10 13:30:00+00:00,223.4499969482422,224.1378936767578,222.41000366210938,223.00999450683594,10002245
2026-08-10 13:45:00+00:00,223.02000427246094,223.5,221.75999450683594,222.07000732421875,4978141
2026-08-10 14:00:00+00:00,222.0800018310547,222.42999267578125,221.4499969482422,222.11000061035156,4317182
2026-08-10 14:15:00+00:00,222.11000061035156,222.38499450683594,220.17999267578125,220.4001007080078,4538562
2026-08-10 14:30:00+00:00,220.39999389648438,220.6300048828125,220.10000610351562,220.47999572753906,3545946
2026-08-10 14:45:00+00:00,220.48500061035156,221.13999938964844,219.52000427246094,219.5968017578125,4048585
2026-08-10 15:00:00+00:00,219.60000610351562,219.8695068359375,218.92999267578125,219.13999938964844,3955819
2026-08-10 15:15:00+00:00,219.14999389648438,219.50999450683594,219.0,219.4499969482422,2741857
2026-08-10 15:30:00+00:00,219.42999267578125,219.69000244140625,218.75999450683594,219.6649932861328,3557143
2026-08-10 15:45:00+00:00,219.6699981689453,219.8300018310547,218.99000549316406,219.6302947998047,2777241
2026-08-10 16:00:00+00:00,219.63999938964844,219.88499450683594,219.42999267578125,219.75,2247236
2026-08-10 16:15:00+00:00,219.75,220.60000610351562,218.34010314941406,218.34010314941406,4753876
2026-08-10 16:30:00+00:00,218.36000061035156,218.6699981689453,216.77000427246094,217.1649932861328,6820871
2026-08-10 16:45:00+00:00,217.17999267578125,217.6300048828125,216.8699951171875,217.61990356445312,3677007
2026-08-10 17:00:00+00:00,217.61000061035156,218.66000366210938,217.22999572753906,218.64999389648438,3872343
2026-08-10 17:15:00+00:00,218.64010620117188,219.0,218.36050415039062,218.4980926513672,2829974
2026-08-10 17:30:00+00:00,218.48989868164062,219.0449981689453,217.8300018310547,218.19979858398438,2624646
2026-08-10 17:45:00+00:00,218.19000244140625,218.42999267578125,218.0800018310547,218.3000030517578,1659287
2026-08-10 18:00:00+00:00,218.3000030517578,218.8699951171875,218.27999877929688,218.67999267578125,2351119
2026-08-10 18:15:00+00:00,218.68800354003906,218.7198944091797,218.32000732421875,218.5399932861328,1538634
2026-08-10 18:30:00+00:00,218.5449981689453,218.83999633789062,218.3699951171875,218.81320190429688,1543359
2026-08-10 18:45:00+00:00,218.82000732421875,219.10000610351562,218.5800018310547,219.02000427246094,1599827
2026-08-10 19:00:00+00:00,219.02000427246094,219.4499969482422,218.9257049560547,219.2949981689453,2653701
2026-08-10 19:15:00+00:00,219.2899932861328,219.389892578125,218.75999450683594,219.1488037109375,2356956
2026-08-10 19:30:00+00:00,219.14999389648438,219.21499633789062,218.80999755859375,218.8800048828125,2150512
2026-08-10 19:45:00+00:00,218.88999938964844,218.92999267578125,217.3699951171875,217.55999755859375,8330673
2026-08-10 20:00:00+00:00,217.541,218.49,217.31,218.02,0
2026-08-10 20:15:00+00:00,217.55,219.66,217.55,218.84,0
2026-08-10 20:30:00+00:00,218.81,219.2,218.2988,218.9064,0
2026-08-10 20:45:00+00:00,218.9067,219.47,206.0108,219.3412,0
2026-08-10 21:00:00+00:00,219.35,229.1204,218.8,219.0499,0
2026-08-10 21:15:00+00:00,219.0141,225.45,206.0108,218.75,0
2026-08-10 21:30:00+00:00,218.6817,218.95,218.66,218.879,0
2026-08-10 21:45:00+00:00,218.8715,218.97,218.66,218.959,0
2026-08-10 22:00:00+00:00,218.94,219.4,218.85,219.05,0
2026-08-10 22:15:00+00:00,219.0139,219.1,218.66,218.89,0
2026-08-10 22:30:00+00:00,218.8475,218.8899,218.57,218.6177,0
2026-08-10 22:45:00+00:00,218.6177,218.7,218.5512,218.64,0
2026-08-10 23:00:00+00:00,218.66,218.7,218.5,218.5707,0
2026-08-10 23:15:00+00:00,218.58,218.6,218.5,218.5288,0
2026-08-10 23:30:00+00:00,218.5201,218.7,218.5,218.63,0
2026-08-10 23:45:00+00:00,218.62,218.7,217.9,217.99,0
2026-08-11 08:00:00+00:00,218.6085,219.61,217.55,218.68,0
2026-08-11 08:15:00+00:00,218.8,218.89,218.5,218.65,0
2026-08-11 08:30:00+00:00,218.64,218.8962,218.31,218.84,0
2026-08-11 08:45:00+00:00,218.755,219.4822,218.755,219.07,0
2026-08-11 09:00:00+00:00,219.12,219.2888,218.8162,219.135,0
2026-08-11 09:15:00+00:00,219.15,219.9367,219.15,219.75,0
2026-08-11 09:30:00+00:00,219.79,219.85,219.64,219.7,0
2026-08-11 09:45:00+00:00,219.7488,219.7488,219.2812,219.3948,0
2026-08-11 10:00:00+00:00,219.39,219.41,219.2,219.338,0
2026-08-11 10:15:00+00:00,219.301,220.01,219.2712,219.89,0
2026-08-11 10:30:00+00:00,219.89,219.965,219.6997,219.8121,0
2026-08-11 10:45:00+00:00,219.8048,219.88,219.6,219.777,0
2026-08-11 11:00:00+00:00,219.7,220.35,219.67,220.06,0
2026-08-11 11:15:00+00:00,220.02,220.14,219.77,219.8701,0
2026-08-11 11:30:00+00:00,219.9132,220.1,219.691,220.0987,0
2026-08-11 11:45:00+00:00,220.1,220.11,219.84,219.9831,0
2026-08-11 12:00:00+00:00,219.9731,220.57,219.8025,220.4974,0
2026-08-11 12:15:00+00:00,220.4748,221.25,220.41,221.161,0
2026-08-11 12:30:00+00:00,221.18,221.34,220.82,220.9338,0
2026-08-11 12:45:00+00:00,220.9429,221.2,220.85,221.0232,0
2026-08-11 13:00:00+00:00,221.0569,221.63,221.0,221.34,0
2026-08-11 13:15:00+00:00,221.34,222.45,221.0,222.45,0
2026-08-11 13:30:00+00:00,222.14999389648438,222.1999969482422,219.25010681152344,220.5850067138672,13093907
2026-08-11 13:45:00+00:00,220.55999755859375,220.5800018310547,218.8300018310547,219.8800048828125,5117312
2026-08-11 14:00:00+00:00,219.86000061035156,220.127197265625,219.44000244140625,219.9199981689453,3939024
2026-08-11 14:15:00+00:00,219.91700744628906,220.3000030517578,219.1999969482422,219.5749969482422,3835417
2026-08-11 14:30:00+00:00,219.58999633789062,219.6750030517578,218.85000610351562,218.89999389648438,3372962
2026-08-11 14:45:00+00:00,218.88999938964844,220.55999755859375,218.8300018310547,219.80499267578125,3689836
2026-08-11 15:00:00+00:00,219.80499267578125,219.83680725097656,218.77000427246094,218.81500244140625,2530406
2026-08-11 15:15:00+00:00,218.80999755859375,219.3300018310547,218.46499633789062,219.0800018310547,3105607
2026-08-11 15:30:00+00:00,219.08999633789062,219.3800048828125,218.7100067138672,218.82000732421875,2119376
2026-08-11 15:45:00+00:00,218.82000732421875,218.82000732421875,218.4199981689453,218.52999877929688,2304555
2026-08-11 16:00:00+00:00,218.5399932861328,218.58299255371094,218.25,218.4499969482422,1756612
2026-08-11 16:15:00+00:00,218.4550018310547,218.75,218.25999450683594,218.6699981689453,1727717
2026-08-11 16:30:00+00:00,218.6699981689453,219.2698974609375,218.64999389648438,218.83009338378906,1971710
2026-08-11 16:45:00+00:00,218.8302001953125,218.8979949951172,217.64999389648438,217.7169952392578,2607991
2026-08-11 17:00:00+00:00,217.72500610351562,217.82000732421875,216.72999572753906,216.77999877929688,3127359
2026-08-11 17:15:00+00:00,216.75999450683594,217.55499267578125,216.72000122070312,217.28509521484375,2079716
2026-08-11 17:30:00+00:00,217.28500366210938,217.5500030517578,216.9300994873047,217.5500030517578,1845316
2026-08-11 17:45:00+00:00,217.5500030517578,217.83999633789062,217.49009704589844,217.74000549316406,1400386
2026-08-11 18:00:00+00:00,217.72500610351562,217.77000427246094,217.02999877929688,217.13780212402344,1476079
2026-08-11 18:15:00+00:00,217.13499450683594,217.13499450683594,216.3000030517578,216.47000122070312,2334113
2026-08-11 18:30:00+00:00,216.47999572753906,216.92799377441406,216.39999389648438,216.63279724121094,1967577
2026-08-11 18:45:00+00:00,216.6199951171875,217.35499572753906,216.61500549316406,217.15789794921875,1663183
2026-08-11 19:00:00+00:00,217.13999938964844,217.5,217.07009887695312,217.44009399414062,1874843
2026-08-11 19:15:00+00:00,217.4550018310547,217.97000122070312,217.4199981689453,217.85499572753906,2061998
2026-08-11 19:30:00+00:00,217.86000061035156,218.17999267578125,217.7100067138672,217.74600219726562,2381128
2026-08-11 19:45:00+00:00,217.74000549316406,218.16000366210938,216.89280700683594,217.47999572753906,8687212
2026-08-11 20:00:00+00:00,217.48,217.8,217.3537,217.68,0
2026-08-11 20:15:00+00:00,217.5,218.1,217.5,217.97,0
2026-08-11 20:30:00+00:00,217.93,218.06,217.8,217.8107,0
2026-08-11 20:45:00+00:00,217.83,218.6291,212.9972,217.6012,0
2026-08-11 21:00:00+00:00,217.6487,217.95,212.9972,217.7502,0
2026-08-11 21:15:00+00:00,217.71,217.9,217.5,217.8,0
2026-08-11 21:30:00+00:00,217.8,218.1,217.7,217.8877,0
2026-08-11 21:45:00+00:00,217.8022,218.0,217.7812,217.9139,0
2026-08-11 22:00:00+00:00,217.9877,218.0,217.7,217.9985,0
2026-08-11 22:15:00+00:00,217.9507,218.2,217.92,218.0409,0
2026-08-11 22:30:00+00:00,218.0012,218.21,217.9417,218.11,0
2026-08-11 22:45:00+00:00,218.1767,218.23,218.0512,218.2165,0
2026-08-11 23:00:00+00:00,218.229,218.23,218.05,218.09,0
2026-08-11 23:15:00+00:00,218.1377,218.14,218.05,218.139,0
2026-08-11 23:30:00+00:00,218.101,218.15,218.02,218.0595,0
2026-08-11 23:45:00+00:00,218.0595,218.1,217.94,218.0385,0
2026-08-12 08:00:00+00:00,218.31,219.2033,217.5,218.79,0
2026-08-12 08:15:00+00:00,218.79,219.15,218.72,218.95,0
2026-08-12 08:30:00+00:00,218.96,218.98,218.82,218.88,0
2026-08-12 08:45:00+00:00,218.8317,219.26,218.8315,219.09,0
2026-08-12 09:00:00+00:00,219.0975,219.77,219.05,219.5107,0
2026-08-12 09:15:00+00:00,219.54,219.7774,219.36,219.61,0
2026-08-12 09:30:00+00:00,219.5112,220.12,219.5112,220.0239,0
2026-08-12 09:45:00+00:00,220.0052,220.27,219.7043,220.039,0
2026-08-12 10:00:00+00:00,220.0,220.12,219.99,220.12,0
2026-08-12 10:15:00+00:00,220.0522,220.1288,220.0,220.0052,0
2026-08-12 10:30:00+00:00,220.0071,220.1,219.97,220.039,0
2026-08-12 10:45:00+00:00,220.0012,220.03,219.4075,219.71,0
2026-08-12 11:00:00+00:00,219.74,219.99,219.21,219.43,0
2026-08-12 11:15:00+00:00,219.4012,219.45,219.2,219.3,0
2026-08-12 11:30:00+00:00,219.2822,219.55,219.25,219.3501,0
2026-08-12 11:45:00+00:00,219.44,219.59,219.3,219.49,0
2026-08-12 12:00:00+00:00,219.4987,219.67,219.33,219.33,0
2026-08-12 12:15:00+00:00,219.44,219.781,219.03,219.735,0
2026-08-12 12:30:00+00:00,219.79,220.63,208.8008,220.4602,0
2026-08-12 12:45:00+00:00,220.45,221.09,220.07,220.65,0
2026-08-12 13:00:00+00:00,220.6831,220.91,220.12,220.36,0
2026-08-12 13:15:00+00:00,220.35,221.18,220.0732,220.79,0
2026-08-12 13:30:00+00:00,221.0399932861328,222.4499969482422,220.1999969482422,221.32460021972656,13369326
2026-08-12 13:45:00+00:00,221.32000732421875,223.8300018310547,221.1999969482422,223.63499450683594,8285569
2026-08-12 14:00:00+00:00,223.63499450683594,224.0500030517578,222.4199981689453,223.11000061035156,5955158
2026-08-12 14:15:00+00:00,223.11000061035156,224.72999572753906,223.02000427246094,224.47659301757812,5074880
2026-08-12 14:30:00+00:00,224.4499969482422,224.82000732421875,223.6750030517578,224.80999755859375,4293796
2026-08-12 14:45:00+00:00,224.80999755859375,225.10000610351562,223.64999389648438,223.7449951171875,6189887
2026-08-12 15:00:00+00:00,223.7449951171875,224.50999450683594,223.37049865722656,223.4199981689453,3011629
2026-08-12 15:15:00+00:00,223.41000366210938,224.0,223.35000610351562,223.83990478515625,2414632
2026-08-12 15:30:00+00:00,223.85000610351562,223.94000244140625,223.13999938964844,223.1699981689453,2305363
2026-08-12 15:45:00+00:00,223.1649932861328,223.61000061035156,222.89010620117188,223.02000427246094,2664169
2026-08-12 16:00:00+00:00,223.02499389648438,223.85000610351562,222.99000549316406,223.60009765625,2670454
2026-08-12 16:15:00+00:00,223.6199951171875,223.7100067138672,223.19000244140625,223.22000122070312,1801170
2026-08-12 16:30:00+00:00,223.22079467773438,223.27999877929688,222.67010498046875,222.89999389648438,2245088
2026-08-12 16:45:00+00:00,222.9149932861328,223.9759979248047,222.86000061035156,223.8000030517578,2208113
2026-08-12 17:00:00+00:00,223.8000030517578,224.2899932861328,223.7899932861328,224.12010192871094,2065096
2026-08-12 17:15:00+00:00,224.12969970703125,224.22999572753906,223.6699981689453,224.10009765625,1700963
2026-08-12 17:30:00+00:00,224.0904998779297,224.13999938964844,223.86000061035156,224.09010314941406,1671570
2026-08-12 17:45:00+00:00,224.0850067138672,224.22000122070312,223.51010131835938,223.65499877929688,1975477
2026-08-12 18:00:00+00:00,223.63999938964844,223.97999572753906,223.1699981689453,223.97000122070312,1865926
2026-08-12 18:15:00+00:00,223.9600067138672,224.1999969482422,223.69000244140625,224.1199951171875,1706167
2026-08-12 18:30:00+00:00,224.1199951171875,224.4499969482422,223.7100067138672,223.77499389648438,2000180
2026-08-12 18:45:00+00:00,223.77000427246094,223.9250030517578,223.5,223.68280029296875,1466290
2026-08-12 19:00:00+00:00,223.67999267578125,223.8800048828125,223.4600067138672,223.52499389648438,1673948
2026-08-12 19:15:00+00:00,223.52000427246094,223.66000366210938,222.80999755859375,223.0,2383465
2026-08-12 19:30:00+00:00,222.99000549316406,223.0164031982422,222.22999572753906,222.34030151367188,3113333
2026-08-12 19:45:00+00:00,222.32000732421875,224.3498992919922,222.24000549316406,224.1300048828125,7653412
2026-08-12 20:00:00+00:00,224.09,224.5,223.41,223.72,0
2026-08-12 20:15:00+00:00,224.09,224.09,223.09,223.32,0
2026-08-12 20:30:00+00:00,223.35,223.74,223.3,223.49,0
2026-08-12 20:45:00+00:00,223.5,226.2547,207.6764,223.4765,0
2026-08-12 21:00:00+00:00,223.41,223.64,223.35,223.58,0
2026-08-12 21:15:00+00:00,223.58,226.2547,223.46,223.551,0
2026-08-12 21:30:00+00:00,223.5829,224.09,223.55,223.8,0
2026-08-12 21:45:00+00:00,223.73,223.9455,223.7012,223.7805,0
2026-08-12 22:00:00+00:00,223.7995,223.8062,223.55,223.5808,0
2026-08-12 22:15:00+00:00,223.6382,223.6382,223.3545,223.5085,0
2026-08-12 22:30:00+00:00,223.49,223.6,223.39,223.549,0
2026-08-12 22:45:00+00:00,223.511,223.6077,223.5,223.55,0
2026-08-12 23:00:00+00:00,223.549,223.85,223.51,223.7915,0
2026-08-12 23:15:00+00:00,223.83,223.88,223.722,223.7358,0
2026-08-12 23:30:00+00:00,223.798,223.87,223.5852,223.8107,0
2026-08-12 23:45:00+00:00,223.8392,223.86,223.61,223.7415,0
2026-08-13 08:00:00+00:00,224.43,224.7882,223.62,223.71,0
2026-08-13 08:15:00+00:00,223.71,224.13,223.6012,224.1105,0
2026-08-13 08:30:00+00:00,224.08,224.187,223.962,224.0,0
2026-08-13 08:45:00+00:00,223.99,224.035,223.71,223.9,0
2026-08-13 09:00:00+00:00,223.95,224.0,223.51,223.5197,0
2026-08-13 09:15:00+00:00,223.52,223.74,223.3,223.5537,0
2026-08-13 09:30:00+00:00,223.5012,223.9988,223.5012,223.98,0
2026-08-13 09:45:00+00:00,223.96,224.31,223.8412,224.23,0
2026-08-13 10:00:00+00:00,224.23,224.4255,224.0947,224.37,0
2026-08-13 10:15:00+00:00,224.372,224.4,224.2,224.3755,0
2026-08-13 10:30:00+00:00,224.35,224.4,224.1512,224.33,0
2026-08-13 10:45:00+00:00,224.3017,224.52,224.3,224.42,0
2026-08-13 11:00:00+00:00,224.42,224.55,223.92,224.0,0
2026-08-13 11:15:00+00:00,224.0,224.1,223.72,223.83,0
2026-08-13 11:30:00+00:00,223.85,224.15,223.8,223.96,0
2026-08-13 11:45:00+00:00,224.0,224.1,223.8,223.88,0
2026-08-13 12:00:00+00:00,223.8548,223.97,223.35,223.4169,0
2026-08-13 12:15:00+00:00,223.43,224.09,222.95,223.639,0
2026-08-13 12:30:00+00:00,223.6338,223.97,223.3096,223.6378,0
2026-08-13 12:45:00+00:00,223.5052,224.0,223.4,223.96,0
2026-08-13 13:00:00+00:00,223.97,224.78,223.95,224.6001,0
2026-08-13 13:15:00+00:00,224.6,225.2399,224.41,225.11,0
2026-08-13 13:30:00+00:00,225.05499267578125,227.22999572753906,224.13499450683594,224.91000366210938,16574662
2026-08-13 13:45:00+00:00,224.89999389648438,226.139892578125,224.75,225.77000427246094,6041203
2026-08-13 14:00:00+00:00,225.77999877929688,226.4199981689453,225.01010131835938,226.2050018310547,4537914
2026-08-13 14:15:00+00:00,226.2001953125,226.21499633789062,225.5500030517578,226.02999877929688,2712741
2026-08-13 14:30:00+00:00,226.03500366210938,226.47999572753906,225.6199951171875,225.6300048828125,2742104
2026-08-13 14:45:00+00:00,225.6300048828125,225.7100067138672,224.63999938964844,224.99000549316406,3959699
2026-08-13 15:00:00+00:00,224.97999572753906,225.1699981689453,224.33999633789062,224.67999267578125,2719090
2026-08-13 15:15:00+00:00,224.69000244140625,225.1300048828125,224.3000030517578,224.4499969482422,3113405
2026-08-13 15:30:00+00:00,224.4481964111328,224.7899932861328,223.7100067138672,224.57679748535156,3010371
2026-08-13 15:45:00+00:00,224.55999755859375,224.82000732421875,224.10000610351562,224.27000427246094,1763334
2026-08-13 16:00:00+00:00,224.24000549316406,225.14500427246094,224.2050018310547,224.7913055419922,1924025
2026-08-13 16:15:00+00:00,224.7899932861328,225.4600067138672,224.66000366210938,225.2899932861328,2157178
2026-08-13 16:30:00+00:00,225.3000030517578,225.59500122070312,224.9600067138672,225.02000427246094,1592464
2026-08-13 16:45:00+00:00,225.002197265625,225.36500549316406,224.99000549316406,225.3300018310547,1383156
2026-08-13 17:00:00+00:00,225.33999633789062,225.8000030517578,225.3300018310547,225.64999389648438,1685171
2026-08-13 17:15:00+00:00,225.66000366210938,225.90989685058594,225.322998046875,225.34500122070312,1571624
2026-08-13 17:30:00+00:00,225.34500122070312,225.60000610351562,225.14199829101562,225.1898956298828,1503023
2026-08-13 17:45:00+00:00,225.1699981689453,225.74000549316406,225.09060668945312,225.30499267578125,1581597
2026-08-13 18:00:00+00:00,225.3000030517578,225.4250030517578,225.0399932861328,225.1999969482422,1482312
2026-08-13 18:15:00+00:00,225.2100067138672,225.64999389648438,225.20010375976562,225.625,1152408
2026-08-13 18:30:00+00:00,225.6284942626953,225.97999572753906,225.4199981689453,225.55999755859375,1932806
2026-08-13 18:45:00+00:00,225.5399932861328,225.80499267578125,225.49000549316406,225.73500061035156,1602475
2026-08-13 19:00:00+00:00,225.73849487304688,226.24000549316406,225.6300048828125,225.70030212402344,2675122
2026-08-13 19:15:00+00:00,225.6999969482422,226.07980346679688,225.47000122070312,225.77999877929688,2155104
2026-08-13 19:30:00+00:00,225.75999450683594,226.1999969482422,225.61000061035156,225.77999877929688,2290632
2026-08-13 19:45:00+00:00,225.7899932861328,225.85989379882812,224.85000610351562,225.3699951171875,8364661
2026-08-13 20:00:00+00:00,225.3,226.0,225.2,225.3,0
2026-08-13 20:15:00+00:00,225.3,225.5,225.3,225.498,0
2026-08-13 20:30:00+00:00,225.45,225.498,225.3,225.45,0
2026-08-13 20:45:00+00:00,225.4267,228.6601,222.3682,225.36,0
2026-08-13 21:00:00+00:00,225.3828,233.7118,223.8906,225.4995,0
2026-08-13 21:15:00+00:00,225.4863,225.5,223.8906,225.4693,0
2026-08-13 21:30:00+00:00,225.4666,225.69,225.43,225.59,0
2026-08-13 21:45:00+00:00,225.59,225.69,225.52,225.54,0
2026-08-13 22:00:00+00:00,225.5209,225.6,225.3,225.6,0
2026-08-13 22:15:00+00:00,225.546,225.6,225.48,225.56,0
2026-08-13 22:30:00+00:00,225.58,225.73,225.53,225.6433,0
2026-08-13 22:45:00+00:00,225.63,225.77,225.5,225.6434,0
2026-08-13 23:00:00+00:00,225.795,226.0,225.6,225.9999,0
2026-08-13 23:15:00+00:00,225.99,226.0,225.597,225.6564,0
2026-08-13 23:30:00+00:00,225.6831,225.7,225.53,225.54,0
2026-08-13 23:45:00+00:00,225.53,225.64,225.41,225.4256,0
2026-08-14 08:00:00+00:00,225.05,225.52,224.805,225.31,0
2026-08-14 08:15:00+00:00,225.33,225.45,225.2037,225.3037,0
2026-08-14 08:30:00+00:00,225.3078,225.8,225.3078,225.72,0
2026-08-14 08:45:00+00:00,225.744,225.85,225.52,225.7037,0
2026-08-14 09:00:00+00:00,225.74,225.85,225.7,225.83,0
2026-08-14 09:15:00+00:00,225.7622,226.12,225.7622,226.0071,0
2026-08-14 09:30:00+00:00,226.0,226.08,225.81,225.83,0
2026-08-14 09:45:00+00:00,225.8492,225.9988,225.76,225.94,0
2026-08-14 10:00:00+00:00,225.9487,226.44,225.852,226.2985,0
2026-08-14 10:15:00+00:00,226.26,226.2931,226.0,226.045,0
2026-08-14 10:30:00+00:00,226.09,226.2688,225.99,226.0,0
2026-08-14 10:45:00+00:00,226.1688,226.2731,225.9578,226.2731,0
2026-08-14 11:00:00+00:00,226.19,226.4385,225.88,225.91,0
2026-08-14 11:15:00+00:00,225.91,225.9975,225.76,225.8092,0
2026-08-14 11:30:00+00:00,225.78,225.9,225.61,225.7512,0
2026-08-14 11:45:00+00:00,225.75,225.99,225.7,225.8094,0
2026-08-14 12:00:00+00:00,225.8,225.99,225.19,225.49,0
2026-08-14 12:15:00+00:00,225.49,225.74,225.23,225.7,0
2026-08-14 12:30:00+00:00,225.7,225.99,225.6301,225.9369,0
2026-08-14 12:45:00+00:00,225.93,226.2302,225.81,225.97,0
2026-08-14 13:00:00+00:00,225.9601,226.1,225.8,225.9815,0
2026-08-14 13:15:00+00:00,225.9792,226.795,225.8055,226.75,0
2026-08-14 13:30:00+00:00,226.8000030517578,227.49000549316406,225.00999450683594,225.72500610351562,9535300
2026-08-14 13:45:00+00:00,225.7100067138672,226.8000030517578,225.35000610351562,225.75,3613764
2026-08-14 14:00:00+00:00,225.65499877929688,226.58999633789062,225.3800048828125,225.83189392089844,3086507
2026-08-14 14:15:00+00:00,225.82000732421875,225.8699951171875,224.5,225.11500549316406,3390793
2026-08-14 14:30:00+00:00,225.11500549316406,226.35000610351562,225.0,226.3249969482422,2993452
2026-08-14 14:45:00+00:00,226.30999755859375,226.94000244140625,226.0800018310547,226.10000610351562,3540427
2026-08-14 15:00:00+00:00,226.10000610351562,226.3249969482422,225.3699951171875,225.4600067138672,1973515
2026-08-14 15:15:00+00:00,225.47000122070312,226.5,224.92999267578125,225.54800415039062,2453002
2026-08-14 15:30:00+00:00,225.5399932861328,225.57000732421875,224.6199951171875,224.8699951171875,2073094
2026-08-14 15:45:00+00:00,224.86000061035156,225.38999938964844,224.68499755859375,225.24000549316406,1804874
2026-08-14 16:00:00+00:00,225.27000427246094,225.6199951171875,225.13900756835938,225.55999755859375,1614966
2026-08-14 16:15:00+00:00,225.55999755859375,225.8000030517578,225.4600067138672,225.64999389648438,1248075
2026-08-14 16:30:00+00:00,225.63999938964844,225.7100067138672,224.97999572753906,225.07000732421875,1869302
2026-08-14 16:45:00+00:00,225.05999755859375,225.2100067138672,224.9499969482422,225.0677947998047,1187809
2026-08-14 17:00:00+00:00,225.05999755859375,225.34500122070312,225.05999755859375,225.33999633789062,1894068
2026-08-14 17:15:00+00:00,225.3300018310547,225.37989807128906,225.07000732421875,225.1199951171875,922537
2026-08-14 17:30:00+00:00,225.1199951171875,225.4199981689453,225.0998992919922,225.4149932861328,1295670
2026-08-14 17:45:00+00:00,225.41400146484375,225.66259765625,225.19000244140625,225.33999633789062,1321725
2026-08-14 18:00:00+00:00,225.343994140625,226.5,225.25999450683594,225.3000030517578,1324431
2026-08-14 18:15:00+00:00,225.3000030517578,225.3699951171875,224.55999755859375,224.72000122070312,1789606
2026-08-14 18:30:00+00:00,224.6999969482422,225.3968048095703,224.64999389648438,225.3249969482422,1509489
2026-08-14 18:45:00+00:00,225.32000732421875,225.32000732421875,224.91000366210938,225.1300048828125,1608942
2026-08-14 19:00:00+00:00,225.1300048828125,225.4499969482422,224.80999755859375,224.91000366210938,1871617
2026-08-14 19:15:00+00:00,224.91000366210938,225.35000610351562,224.85000610351562,225.1300048828125,1680224
2026-08-14 19:30:00+00:00,225.1649932861328,225.3800048828125,225.00999450683594,225.05250549316406,2022490
2026-08-14 19:45:00+00:00,225.0500030517578,225.92999267578125,224.86000061035156,225.16000366210938,17516340
2026-08-14 20:00:00+00:00,225.09,225.22,224.85,224.93,0
2026-08-14 20:15:00+00:00,225.16,225.48,224.76,224.78,0
2026-08-14 20:30:00+00:00,224.7801,225.0,224.78,224.97,0
2026-08-14 20:45:00+00:00,224.97,234.8373,221.6373,224.9604,0
2026-08-14 21:00:00+00:00,224.9987,236.5457,221.6755,225.0032,0
2026-08-14 21:15:00+00:00,225.0032,225.06,224.94,224.97,0
2026-08-14 21:30:00+00:00,224.94,225.02,224.94,224.98,0
2026-08-14 21:45:00+00:00,224.9783,225.16,224.94,224.9614,0
2026-08-14 22:00:00+00:00,224.9614,225.16,224.9,224.9379,0
2026-08-14 22:15:00+00:00,224.94,224.96,224.8595,224.9,0
2026-08-14 22:30:00+00:00,224.9,224.9,224.86,224.8787,0
2026-08-14 22:45:00+00:00,224.8716,224.95,224.87,224.87,0
2026-08-14 23:00:00+00:00,224.88,224.9,224.87,224.8913,0
2026-08-14 23:15:00+00:00,224.89,224.95,224.87,224.9412,0
2026-08-14 23:30:00+00:00,224.9412,225.0,224.88,224.8863,0
2026-08-14 23:45:00+00:00,224.89,224.92,224.7,224.72,0
2026-08-17 08:00:00+00:00,225.79,226.55,225.5103,226.18,0
2026-08-17 08:15:00+00:00,226.23,226.4,226.11,226.32,0
2026-08-17 08:30:00+00:00,226.34,226.35,226.0,226.15,0
2026-08-17 08:45:00+00:00,226.0239,226.3,226.0239,226.18,0
2026-08-17 09:00:00+00:00,226.17,226.2,226.0,226.09,0
2026-08-17 09:15:00+00:00,226.0905,226.1,225.9325,226.0275,0
2026-08-17 09:30:00+00:00,225.95,226.05,225.932,226.02,0
2026-08-17 09:45:00+00:00,226.03,226.24,226.002,226.0732,0
2026-08-17 10:00:00+00:00,226.1967,226.4755,226.0732,226.1987,0
2026-08-17 10:15:00+00:00,226.1987,226.45,226.0,226.45,0
2026-08-17 10:30:00+00:00,226.38,226.475,226.049,226.24,0
2026-08-17 10:45:00+00:00,226.24,226.39,226.1512,226.33,0
2026-08-17 11:00:00+00:00,226.39,226.79,226.26,226.5215,0
2026-08-17 11:15:00+00:00,226.5785,226.77,226.4512,226.5423,0
2026-08-17 11:30:00+00:00,226.54,226.74,226.5,226.6384,0
2026-08-17 11:45:00+00:00,226.6287,226.85,226.59,226.63,0
2026-08-17 12:00:00+00:00,226.6069,226.7888,224.598,226.77,0
2026-08-17 12:15:00+00:00,226.77,227.1288,226.59,226.88,0
2026-08-17 12:30:00+00:00,226.86,227.08,225.99,226.2331,0
2026-08-17 12:45:00+00:00,226.2393,226.46,226.05,226.261,0
2026-08-17 13:00:00+00:00,226.31,226.49,226.22,226.3633,0
2026-08-17 13:15:00+00:00,226.3767,226.74,225.5,226.01,0
2026-08-17 13:30:00+00:00,226.02000427246094,227.1699981689453,225.13999938964844,225.88999938964844,9168523
2026-08-17 13:45:00+00:00,225.90499877929688,226.4600067138672,225.02999877929688,226.19000244140625,4339653
2026-08-17 14:00:00+00:00,226.1540069580078,226.3000030517578,225.35000610351562,226.16000366210938,3050093
2026-08-17 14:15:00+00:00,226.13999938964844,226.63999938964844,225.80499267578125,226.60000610351562,2477599
2026-08-17 14:30:00+00:00,226.60000610351562,227.22000122070312,226.41000366210938,227.02000427246094,4508472
2026-08-17 14:45:00+00:00,227.0343017578125,227.22000122070312,225.61000061035156,226.24000549316406,3573485
2026-08-17 15:00:00+00:00,226.25,227.07989501953125,226.24819946289062,226.75,3062109
2026-08-17 15:15:00+00:00,226.7449951171875,227.75,226.72999572753906,227.44000244140625,4348912
2026-08-17 15:30:00+00:00,227.46499633789062,227.5399932861328,226.71200561523438,227.27999877929688,2547045
2026-08-17 15:45:00+00:00,227.2899932861328,227.9199981689453,227.27999877929688,227.6999969482422,2559987
2026-08-17 16:00:00+00:00,227.69500732421875,227.74899291992188,227.09500122070312,227.2050018310547,2366748
2026-08-17 16:15:00+00:00,227.2100067138672,227.35609436035156,226.8300018310547,227.0303955078125,2478594
2026-08-17 16:30:00+00:00,227.03089904785156,227.0989990234375,226.74000549316406,226.7899932861328,1320140
2026-08-17 16:45:00+00:00,226.78500366210938,227.2100067138672,226.73269653320312,227.05999755859375,1337410
2026-08-17 17:00:00+00:00,227.0500030517578,227.16900634765625,226.1300048828125,226.14999389648438,1806204
2026-08-17 17:15:00+00:00,226.14999389648438,226.4600067138672,225.8300018310547,225.9199981689453,2340530
2026-08-17 17:30:00+00:00,225.91000366210938,226.27999877929688,225.88999938964844,226.22999572753906,1561116
2026-08-17 17:45:00+00:00,226.22999572753906,226.25,225.77000427246094,225.8249969482422,1456107
2026-08-17 18:00:00+00:00,225.8249969482422,225.89999389648438,225.4499969482422,225.6999969482422,2046246
2026-08-17 18:15:00+00:00,225.6999969482422,225.77000427246094,225.38999938964844,225.52999877929688,1367809
2026-08-17 18:30:00+00:00,225.5301055908203,225.72999572753906,225.4199981689453,225.7100067138672,1147748
2026-08-17 18:45:00+00:00,225.7100067138672,225.9149932861328,225.5800018310547,225.60000610351562,1368222
2026-08-17 19:00:00+00:00,225.60000610351562,225.72000122070312,225.35000610351562,225.4600067138672,1519116
2026-08-17 19:15:00+00:00,225.4600067138672,225.7949981689453,225.3699951171875,225.5,1580485
2026-08-17 19:30:00+00:00,225.49000549316406,226.00999450683594,225.36000061035156,225.5500030517578,2027130
2026-08-17 19:45:00+00:00,225.56500244140625,225.72999572753906,224.86000061035156,225.0500030517578,6294286
2026-08-17 20:00:00+00:00,225.01,225.7884,224.9,225.0247,0
2026-08-17 20:15:00+00:00,225.03,225.07,219.22,225.0009,0
2026-08-17 20:30:00+00:00,225.0016,225.08,224.9,224.94,0
2026-08-17 20:45:00+00:00,224.94,235.9964,220.9158,225.0222,0
2026-08-17 21:00:00+00:00,225.0062,233.878,218.7645,224.98,0
2026-08-17 21:15:00+00:00,224.98,246.7079,171.9907,225.0454,0
2026-08-17 21:30:00+00:00,225.0492,225.11,224.93,224.98,0
2026-08-17 21:45:00+00:00,224.98,225.07,224.95,225.06,0
2026-08-17 22:00:00+00:00,225.06,225.08,224.95,225.0295,0
2026-08-17 22:15:00+00:00,225.02,225.03,224.9324,225.02,0
2026-08-17 22:30:00+00:00,225.02,225.0599,225.0,225.049,0
2026-08-17 22:45:00+00:00,225.04,225.16,225.01,225.08,0
2026-08-17 23:00:00+00:00,225.075,225.1599,225.011,225.07,0
2026-08-17 23:15:00+00:00,225.08,225.15,225.06,225.13,0
2026-08-17 23:30:00+00:00,225.15,225.31,225.13,225.1987,0
2026-08-17 23:45:00+00:00,225.1605,225.2,225.1,225.15,0
2026-08-18 08:00:00+00:00,222.315,225.01,220.63,220.93,0
2026-08-18 08:15:00+00:00,220.9292,221.3,220.7,221.04,0
2026-08-18 08:30:00+00:00,221.07,221.2,220.9,221.1171,0
2026-08-18 08:45:00+00:00,221.1587,221.1587,220.41,220.5,0
2026-08-18 09:00:00+00:00,220.4415,220.7067,220.15,220.4,0
2026-08-18 09:15:00+00:00,220.38,220.42,219.77,219.89,0
2026-08-18 09:30:00+00:00,219.83,220.0,219.53,219.66,0
2026-08-18 09:45:00+00:00,219.68,220.3225,219.5603,220.27,0
2026-08-18 10:00:00+00:00,220.327,220.35,220.03,220.25,0
2026-08-18 10:15:00+00:00,220.2308,220.66,220.2237,220.355,0
2026-08-18 10:30:00+00:00,220.39,220.6,220.3415,220.45,0
2026-08-18 10:45:00+00:00,220.45,220.8685,220.4,220.8,0
2026-08-18 11:00:00+00:00,220.81,220.96,220.4335,220.82,0
2026-08-18 11:15:00+00:00,220.8,220.9,220.6,220.62,0
2026-08-18 11:30:00+00:00,220.61,220.9,220.5,220.74,0
2026-08-18 11:45:00+00:00,220.65,220.98,220.6,220.8129,0
2026-08-18 12:00:00+00:00,220.77,221.16,220.5571,220.6083,0
2026-08-18 12:15:00+00:00,220.58,221.11,220.55,220.7601,0
2026-08-18 12:30:00+00:00,220.76,220.89,220.42,220.55,0
2026-08-18 12:45:00+00:00,220.55,221.66,220.32,220.34,0
2026-08-18 13:00:00+00:00,220.3648,220.49,220.09,220.25,0
2026-08-18 13:15:00+00:00,220.2,220.5994,219.75,220.31,0
2026-08-18 13:30:00+00:00,220.4499969482422,221.63999938964844,219.4320068359375,220.4199981689453,11882189
2026-08-18 13:45:00+00:00,220.38999938964844,220.82000732421875,219.3300018310547,220.20809936523438,5769684
2026-08-18 14:00:00+00:00,220.17999267578125,220.8000030517578,218.88999938964844,219.0050048828125,5102552
2026-08-18 14:15:00+00:00,219.02000427246094,220.27000427246094,218.8350067138672,219.97000122070312,4002277
2026-08-18 14:30:00+00:00,219.94000244140625,220.52999877929688,219.38999938964844,219.4080047607422,3435595
2026-08-18 14:45:00+00:00,219.41000366210938,219.47999572753906,218.72999572753906,219.05999755859375,3539149
2026-08-18 15:00:00+00:00,219.07000732421875,219.52000427246094,218.69020080566406,219.47000122070312,3526866
2026-08-18 15:15:00+00:00,219.4698944091797,219.7899932861328,219.2899932861328,219.53970336914062,2762779
2026-08-18 15:30:00+00:00,219.52999877929688,219.9199981689453,219.32000732421875,219.67999267578125,2301033
2026-08-18 15:45:00+00:00,219.6699981689453,220.24969482421875,219.6699981689453,220.05999755859375,2448613
2026-08-18 16:00:00+00:00,220.07000732421875,220.36000061035156,219.92999267578125,219.97000122070312,1765883
2026-08-18 16:15:00+00:00,219.97999572753906,220.04989624023438,219.41000366210938,219.52999877929688,1925336
2026-08-18 16:30:00+00:00,219.52999877929688,220.07000732421875,219.38999938964844,219.83999633789062,2476492
2026-08-18 16:45:00+00:00,219.83999633789062,220.4499969482422,219.6199951171875,220.1999969482422,1786262
2026-08-18 17:00:00+00:00,220.1999969482422,220.33999633789062,219.87770080566406,220.08990478515625,1888528
2026-08-18 17:15:00+00:00,220.08999633789062,220.375,219.9499969482422,220.3300018310547,1458132
2026-08-18 17:30:00+00:00,220.30999755859375,220.50999450683594,220.16000366210938,220.33949279785156,1628657
2026-08-18 17:45:00+00:00,220.33999633789062,220.47999572753906,219.94000244140625,219.97000122070312,1527357
2026-08-18 18:00:00+00:00,219.95620727539062,220.0531005859375,219.2220001220703,219.6199951171875,2122933
2026-08-18 18:15:00+00:00,219.625,220.29969787597656,219.59500122070312,219.93499755859375,1802137
2026-08-18 18:30:00+00:00,219.92999267578125,220.19000244140625,219.83999633789062,219.9600067138672,1289134
2026-08-18 18:45:00+00:00,219.9532012939453,220.1699981689453,219.75999450683594,219.81500244140625,1581273
2026-08-18 19:00:00+00:00,219.80499267578125,219.94000244140625,219.6199951171875,219.68499755859375,1568694
2026-08-18 19:15:00+00:00,219.68499755859375,219.73919677734375,219.1300048828125,219.24000549316406,2622310
2026-08-18 19:30:00+00:00,219.24000549316406,219.5500030517578,218.9199981689453,219.44009399414062,3810967
2026-08-18 19:45:00+00:00,219.4499969482422,220.02999877929688,219.1649932861328,219.8000030517578,8467976
2026-08-18 20:00:00+00:00,219.81,220.18,219.57,219.9,0
2026-08-18 20:15:00+00:00,219.74,219.92,219.7,219.8,0
2026-08-18 20:30:00+00:00,219.76,219.839,219.66,219.69,0
2026-08-18 20:45:00+00:00,219.7,234.7265,208.233,219.62,0
2026-08-18 21:00:00+00:00,219.63,224.9013,208.233,219.5687,0
2026-08-18 21:15:00+00:00,219.56,219.57,219.4,219.46,0
2026-08-18 21:30:00+00:00,219.47,219.74,219.43,219.5011,0
2026-08-18 21:45:00+00:00,219.5,219.52,219.4,219.4302,0
2026-08-18 22:00:00+00:00,219.49,219.5,219.4,219.43,0
2026-08-18 22:15:00+00:00,219.42,219.74,219.4,219.48,0
2026-08-18 22:30:00+00:00,219.46,219.5,219.25,219.3,0
2026-08-18 22:45:00+00:00,219.28,219.34,218.93,219.05,0
2026-08-18 23:00:00+00:00,219.03,219.25,218.98,219.0975,0
2026-08-18 23:15:00+00:00,219.0975,219.21,218.93,219.1,0
2026-08-18 23:30:00+00:00,219.1,219.35,218.99,219.1815,0
2026-08-18 23:45:00+00:00,219.21,219.37,219.15,219.25,0
2026-08-19 08:00:00+00:00,219.4,221.1,218.53,221.1,0
2026-08-19 08:15:00+00:00,221.11,221.14,220.5,220.71,0
2026-08-19 08:30:00+00:00,220.708,220.86,220.3345,220.7313,0
2026-08-19 08:45:00+00:00,220.82,220.9988,220.4,220.45,0
2026-08-19 09:00:00+00:00,220.5,220.76,220.3512,220.48,0
2026-08-19 09:15:00+00:00,220.41,220.5788,220.195,220.22,0
2026-08-19 09:30:00+00:00,220.4,220.57,220.05,220.1535,0
2026-08-19 09:45:00+00:00,220.23,220.49,220.06,220.44,0
2026-08-19 10:00:00+00:00,220.38,220.5557,219.85,220.32,0
2026-08-19 10:15:00+00:00,220.24,220.5258,220.08,220.45,0
2026-08-19 10:30:00+00:00,220.47,220.8,220.2292,220.73,0
2026-08-19 10:45:00+00:00,220.705,220.84,220.1178,220.2637,0
2026-08-19 11:00:00+00:00,220.16,220.55,219.74,220.14,0
2026-08-19 11:15:00+00:00,220.184,220.3,220.03,220.19,0
2026-08-19 11:30:00+00:00,220.1987,220.1987,219.5077,219.6,0
2026-08-19 11:45:00+00:00,219.6272,219.925,219.463,219.8,0
2026-08-19 12:00:00+00:00,219.8499,220.6,219.58,220.56,0
2026-08-19 12:15:00+00:00,220.56,220.7272,220.11,220.19,0
2026-08-19 12:30:00+00:00,220.23,221.04,219.8,220.95,0
2026-08-19 12:45:00+00:00,221.0007,221.36,220.7,221.17,0
2026-08-19 13:00:00+00:00,221.17,221.65,221.0,221.5957,0
2026-08-19 13:15:00+00:00,221.63,222.071,220.88,221.67,0
2026-08-19 13:30:00+00:00,221.6699981689453,222.8699951171875,219.36000061035156,219.97999572753906,10346564
2026-08-19 13:45:00+00:00,220.02999877929688,220.47000122070312,217.91000366210938,218.67999267578125,6159294
2026-08-19 14:00:00+00:00,218.68499755859375,218.85000610351562,216.88999938964844,216.92999267578125,5212887
2026-08-19 14:15:00+00:00,216.9250030517578,218.14999389648438,216.75999450683594,218.14999389648438,4187886
2026-08-19 14:30:00+00:00,218.14999389648438,219.52999877929688,217.9600067138672,219.375,4184839
2026-08-19 14:45:00+00:00,219.3990936279297,219.92979431152344,218.92999267578125,219.89500427246094,2797133
2026-08-19 15:00:00+00:00,219.89999389648438,219.9499969482422,219.05299377441406,219.26499938964844,2368610
2026-08-19 15:15:00+00:00,219.26499938964844,219.66000366210938,218.89999389648438,219.27000427246094,2279722
2026-08-19 15:30:00+00:00,219.2550048828125,219.30999755859375,218.77999877929688,219.3000030517578,1944753
2026-08-19 15:45:00+00:00,219.27999877929688,219.4199981689453,218.64010620117188,219.3209991455078,1997748
2026-08-19 16:00:00+00:00,219.30999755859375,220.64999389648438,219.25,220.14999389648438,3239851
2026-08-19 16:15:00+00:00,220.1199951171875,220.32000732421875,219.36000061035156,219.4001007080078,2202054
2026-08-19 16:30:00+00:00,219.3800048828125,219.52490234375,219.08999633789062,219.30999755859375,1888085
2026-08-19 16:45:00+00:00,219.3000030517578,219.4499969482422,218.77999877929688,218.9199981689453,1615420
2026-08-19 17:00:00+00:00,218.9199981689453,219.2899932861328,218.8000946044922,218.97999572753906,1451727
2026-08-19 17:15:00+00:00,218.98500061035156,219.32000732421875,218.75999450683594,218.9813995361328,1291704
2026-08-19 17:30:00+00:00,218.9803924560547,219.32000732421875,218.8531951904297,219.2200927734375,1373145
2026-08-19 17:45:00+00:00,219.2100067138672,219.4600067138672,219.00999450683594,219.1199951171875,1438161
2026-08-19 18:00:00+00:00,219.13999938964844,219.77999877929688,218.72189331054688,219.0749969482422,2015563
2026-08-19 18:15:00+00:00,219.0749969482422,219.16990661621094,218.6300048828125,219.16000366210938,1467600
2026-08-19 18:30:00+00:00,219.16000366210938,219.8000030517578,219.14999389648438,219.6199951171875,1690268
2026-08-19 18:45:00+00:00,219.6300048828125,219.72799682617188,219.35000610351562,219.4398956298828,1302036
2026-08-19 19:00:00+00:00,219.47000122070312,219.82009887695312,219.42999267578125,219.61000061035156,1389094
2026-08-19 19:15:00+00:00,219.6199951171875,219.99000549316406,219.52000427246094,219.53500366210938,1676914
2026-08-19 19:30:00+00:00,219.5399932861328,219.84500122070312,218.79010009765625,218.8699951171875,2399877
2026-08-19 19:45:00+00:00,218.8800048828125,218.9199981689453,217.0399932861328,217.64999389648438,9547497
2026-08-19 20:00:00+00:00,217.56,217.85,215.33,217.65,0
2026-08-19 20:15:00+00:00,217.56,218.0742,217.56,217.8191,0
2026-08-19 20:30:00+00:00,217.8,217.92,217.8,217.8455,0
2026-08-19 20:45:00+00:00,217.83,227.095,215.6948,218.0446,0
2026-08-19 21:00:00+00:00,218.06,227.095,215.6948,218.2677,0
2026-08-19 21:15:00+00:00,218.2677,218.35,217.56,218.18,0
2026-08-19 21:30:00+00:00,218.18,218.23,218.03,218.1,0
2026-08-19 21:45:00+00:00,218.0915,218.37,218.06,218.3193,0
2026-08-19 22:00:00+00:00,218.32,218.91,218.18,218.65,0
2026-08-19 22:15:00+00:00,218.77,218.77,217.56,218.56,0
2026-08-19 22:30:00+00:00,218.5912,218.7,218.55,218.62,0
2026-08-19 22:45:00+00:00,218.6,218.6788,218.55,218.6,0
2026-08-19 23:00:00+00:00,218.67,218.9,218.56,218.7,0
2026-08-19 23:15:00+00:00,218.7,218.82,218.65,218.7277,0
2026-08-19 23:30:00+00:00,218.73,218.8799,218.65,218.851,0
2026-08-19 23:45:00+00:00,218.8599,219.0,218.8,218.8244,0
2026-08-20 08:00:00+00:00,219.09,219.5,217.56,218.48,0
2026-08-20 08:15:00+00:00,218.48,218.7425,218.21,218.34,0
2026-08-20 08:30:00+00:00,218.48,218.4957,217.8855,218.3835,0
2026-08-20 08:45:00+00:00,218.3347,218.5,217.91,218.04,0
2026-08-20 09:00:00+00:00,218.02,218.65,217.9,218.3573,0
2026-08-20 09:15:00+00:00,218.333,218.56,218.22,218.51,0
2026-08-20 09:30:00+00:00,218.46,218.56,218.2512,218.5588,0
2026-08-20 09:45:00+00:00,218.5,218.58,218.3,218.41,0
2026-08-20 10:00:00+00:00,218.3503,218.65,218.34,218.614,0
2026-08-20 10:15:00+00:00,218.6164,218.65,218.41,218.6159,0
2026-08-20 10:30:00+00:00,218.6475,218.7,218.4012,218.48,0
2026-08-20 10:45:00+00:00,218.498,218.77,218.4245,218.73,0
2026-08-20 11:00:00+00:00,218.75,218.9,218.26,218.5205,0
2026-08-20 11:15:00+00:00,218.5019,218.65,218.01,218.0457,0
2026-08-20 11:30:00+00:00,218.04,218.32,218.02,218.1,0
2026-08-20 11:45:00+00:00,218.1,218.2,217.35,217.406,0
2026-08-20 12:00:00+00:00,217.42,217.42,216.6,216.61,0
2026-08-20 12:15:00+00:00,216.64,217.1672,216.43,216.97,0
2026-08-20 12:30:00+00:00,216.97,217.4,216.61,217.4,0
2026-08-20 12:45:00+00:00,217.4,217.98,217.28,217.88,0
2026-08-20 13:00:00+00:00,217.88,218.25,217.85,217.94,0
2026-08-20 13:15:00+00:00,217.93,218.54,217.8239,218.38,0
2026-08-20 13:30:00+00:00,218.36000061035156,219.86000061035156,217.17840576171875,219.1300048828125,8072226
2026-08-20 13:45:00+00:00,219.08999633789062,219.24989318847656,217.360107421875,217.7100067138672,4163906
2026-08-20 14:00:00+00:00,217.69749450683594,218.07000732421875,217.07000732421875,217.86000061035156,2821753
2026-08-20 14:15:00+00:00,217.86000061035156,217.9199981689453,216.7100067138672,217.5,4200476
2026-08-20 14:30:00+00:00,217.5,218.97000122070312,217.36000061035156,218.8300018310547,3243379
2026-08-20 14:45:00+00:00,218.83990478515625,218.91000366210938,217.26010131835938,217.69000244140625,2842179
2026-08-20 15:00:00+00:00,217.7100067138672,218.30990600585938,217.25,217.57000732421875,2604062
2026-08-20 15:15:00+00:00,217.56500244140625,217.64990234375,216.63999938964844,216.8300018310547,2812578
2026-08-20 15:30:00+00:00,216.8000030517578,216.93460083007812,215.92999267578125,215.94000244140625,2576952
2026-08-20 15:45:00+00:00,215.9300994873047,216.3000030517578,215.66000366210938,216.28500366210938,2223264
2026-08-20 16:00:00+00:00,216.27999877929688,216.75,216.25,216.39999389648438,1794755
2026-08-20 16:15:00+00:00,216.40499877929688,216.9600067138672,216.3000030517578,216.83999633789062,1492393
2026-08-20 16:30:00+00:00,216.8350067138672,217.0500030517578,216.5800018310547,216.875,1110021
2026-08-20 16:45:00+00:00,216.875,217.97999572753906,216.72999572753906,217.8000030517578,2796051
2026-08-20 17:00:00+00:00,217.77999877929688,217.9499969482422,216.8000030517578,216.8350067138672,2585396
2026-08-20 17:15:00+00:00,216.83999633789062,216.88999938964844,216.1999969482422,216.2949981689453,1912938
2026-08-20 17:30:00+00:00,216.3000030517578,216.47999572753906,216.17999267578125,216.4499969482422,1254934
2026-08-20 17:45:00+00:00,216.4600067138672,217.0,216.41000366210938,216.77999877929688,1213381
2026-08-20 18:00:00+00:00,216.77999877929688,216.86000061035156,216.39999389648438,216.58999633789062,1244086
2026-08-20 18:15:00+00:00,216.59010314941406,216.9499969482422,216.35000610351562,216.9199981689453,1297653
2026-08-20 18:30:00+00:00,216.88099670410156,217.0,216.47000122070312,216.55999755859375,1534499
2026-08-20 18:45:00+00:00,216.5500030517578,216.77999877929688,216.49009704589844,216.60000610351562,1562011
2026-08-20 19:00:00+00:00,216.58999633789062,217.07000732421875,216.52999877929688,216.85000610351562,1632065
2026-08-20 19:15:00+00:00,216.85000610351562,217.4600067138672,216.75999450683594,217.4499969482422,1878362
2026-08-20 19:30:00+00:00,217.44000244140625,217.44000244140625,216.827392578125,216.91000366210938,2068176
2026-08-20 19:45:00+00:00,216.9149932861328,217.19000244140625,216.35499572753906,217.0500030517578,6099742
2026-08-20 20:00:00+00:00,217.01,217.14,216.65,216.8982,0
2026-08-20 20:15:00+00:00,216.85,217.07,216.79,216.9494,0
2026-08-20 20:30:00+00:00,216.9585,217.1,216.9,217.0,0
2026-08-20 20:45:00+00:00,216.9774,217.05,216.95,217.0,0
2026-08-20 21:00:00+00:00,217.02,223.8273,203.2372,217.1,0
2026-08-20 21:15:00+00:00,217.06,230.3812,206.172,217.06,0
2026-08-20 21:30:00+00:00,217.05,217.1,217.01,217.07,0
2026-08-20 21:45:00+00:00,217.07,217.2,217.05,217.1605,0
2026-08-20 22:00:00+00:00,217.199,217.23,216.96,217.0084,0
2026-08-20 22:15:00+00:00,217.05,217.1155,216.54,217.02,0
2026-08-20 22:30:00+00:00,217.0159,217.15,217.0,217.13,0
2026-08-20 22:45:00+00:00,217.1046,217.24,217.1,217.15,0
2026-08-20 23:00:00+00:00,217.1912,217.2,217.1,217.1594,0
2026-08-20 23:15:00+00:00,217.15,217.24,217.1,217.1508,0
2026-08-20 23:30:00+00:00,217.17,217.21,217.08,217.15,0
2026-08-20 23:45:00+00:00,217.1586,217.17,217.02,217.05,0
2026-08-21 08:00:00+00:00,217.75,218.3,216.85,217.89,0
2026-08-21 08:15:00+00:00,217.95,218.0965,217.6542,218.0,0
2026-08-21 08:30:00+00:00,217.96,218.2755,217.82,218.2755,0
2026-08-21 08:45:00+00:00,218.1037,218.48,218.1032,218.3,0
2026-08-21 09:00:00+00:00,218.2764,218.3,213.02,215.68,0
2026-08-21 09:15:00+00:00,215.5817,216.52,215.54,216.51,0
2026-08-21 09:30:00+00:00,216.48,216.85,216.36,216.8,0
2026-08-21 09:45:00+00:00,216.76,217.35,216.7,217.33,0
2026-08-21 10:00:00+00:00,217.35,217.575,217.0985,217.5,0
2026-08-21 10:15:00+00:00,217.5,217.65,217.3,217.6,0
2026-08-21 10:30:00+00:00,217.6,217.6462,217.2932,217.5,0
2026-08-21 10:45:00+00:00,217.55,217.6487,217.43,217.57,0
2026-08-21 11:00:00+00:00,217.55,217.87,217.25,217.7243,0
2026-08-21 11:15:00+00:00,217.6957,218.38,217.69,218.219,0
2026-08-21 11:30:00+00:00,218.22,218.66,218.13,218.45,0
2026-08-21 11:45:00+00:00,218.45,218.48,218.0,218.01,0
2026-08-21 12:00:00+00:00,218.0795,218.2514,217.9,218.0681,0
2026-08-21 12:15:00+00:00,218.06,218.19,217.76,218.12,0
2026-08-21 12:30:00+00:00,218.136,218.26,217.69,218.1219,0
2026-08-21 12:45:00+00:00,218.14,218.24,217.811,217.88,0
2026-08-21 13:00:00+00:00,217.84,217.9,217.43,217.49,0
2026-08-21 13:15:00+00:00,217.49,218.7097,216.12,218.45,0
2026-08-21 13:30:00+00:00,218.4199981689453,218.74000549316406,216.72999572753906,216.8800048828125,16762924
2026-08-21 13:45:00+00:00,216.8800048828125,217.3699951171875,215.9093017578125,216.49000549316406,4268940
2026-08-21 14:00:00+00:00,216.52000427246094,216.77000427246094,215.22999572753906,215.41949462890625,3786088
2026-08-21 14:15:00+00:00,215.41990661621094,215.60000610351562,214.5850067138672,214.6446075439453,7458922
2026-08-21 14:30:00+00:00,214.64990234375,215.30990600585938,214.5,214.88499450683594,3557310
2026-08-21 14:45:00+00:00,214.8800048828125,215.17999267578125,214.66000366210938,214.86000061035156,2870511
2026-08-21 15:00:00+00:00,214.86000061035156,215.77000427246094,214.83999633789062,215.7550048828125,2425451
2026-08-21 15:15:00+00:00,215.75,215.9499969482422,215.39999389648438,215.8300018310547,2138508
2026-08-21 15:30:00+00:00,215.82000732421875,217.02499389648438,215.75999450683594,216.6999969482422,3185429
2026-08-21 15:45:00+00:00,216.72500610351562,216.8300018310547,215.9149932861328,216.1750030517578,2470146
2026-08-21 16:00:00+00:00,216.1649932861328,216.35000610351562,215.69500732421875,215.7100067138672,2157829
2026-08-21 16:15:00+00:00,215.6999969482422,215.9550018310547,215.4300994873047,215.67999267578125,1763811
2026-08-21 16:30:00+00:00,215.67010498046875,215.82000732421875,215.49000549316406,215.7899932861328,1215311
2026-08-21 16:45:00+00:00,215.77999877929688,215.77999877929688,215.02999877929688,215.28509521484375,1538768
2026-08-21 17:00:00+00:00,215.27999877929688,215.61000061035156,215.21009826660156,215.38999938964844,1755487
2026-08-21 17:15:00+00:00,215.38999938964844,215.38999938964844,214.63499450683594,215.0800018310547,2983866
2026-08-21 17:30:00+00:00,215.0850067138672,215.6300048828125,214.89999389648438,215.61990356445312,1731413
2026-08-21 17:45:00+00:00,215.6199951171875,215.92999267578125,215.57000732421875,215.77999877929688,2234453
2026-08-21 18:00:00+00:00,215.77999877929688,216.12680053710938,215.6699981689453,215.73680114746094,1767487
2026-08-21 18:15:00+00:00,215.7449951171875,215.97000122070312,215.35499572753906,215.3699951171875,1483627
2026-08-21 18:30:00+00:00,215.36000061035156,215.4199981689453,215.02000427246094,215.02000427246094,1556634
2026-08-21 18:45:00+00:00,215.02499389648438,215.36000061035156,215.02499389648438,215.32000732421875,1514486
2026-08-21 19:00:00+00:00,215.32000732421875,215.4600067138672,214.9199981689453,214.94500732421875,1617076
2026-08-21 19:15:00+00:00,214.94500732421875,215.17999267578125,214.72500610351562,214.8800048828125,1818643
2026-08-21 19:30:00+00:00,214.8800048828125,215.33999633789062,214.8800048828125,215.30999755859375,2186277
2026-08-21 19:45:00+00:00,215.3000030517578,215.47999572753906,214.57000732421875,214.75,6337121
2026-08-21 20:00:00+00:00,214.76,214.98,214.69,214.9577,0
2026-08-21 20:15:00+00:00,214.72,215.15,214.72,215.0841,0
2026-08-21 20:30:00+00:00,215.08,215.15,215.0,215.0112,0
2026-08-21 20:45:00+00:00,215.0587,215.08,214.96,215.03,0
2026-08-21 21:00:00+00:00,215.04,215.07,214.72,215.0495,0
2026-08-21 21:15:00+00:00,215.0477,216.0477,215.02,215.05,0
2026-08-21 21:30:00+00:00,215.0492,216.0477,215.02,215.1302,0
2026-08-21 21:45:00+00:00,215.1301,215.25,215.062,215.18,0
2026-08-21 22:00:00+00:00,215.179,215.26,215.06,215.25,0
2026-08-21 22:15:00+00:00,215.2244,215.3,215.18,215.29,0
2026-08-21 22:30:00+00:00,215.2918,215.3,214.72,215.28,0
2026-08-21 22:45:00+00:00,215.279,215.39,215.27,215.3619,0
2026-08-21 23:00:00+00:00,215.3643,215.44,215.34,215.419,0
2026-08-21 23:15:00+00:00,215.42,215.48,215.32,215.4304,0
2026-08-21 23:30:00+00:00,215.43,215.46,215.35,215.37,0
2026-08-21 23:45:00+00:00,215.36,215.45,215.35,215.38,0
2026-08-24 08:00:00+00:00,215.18,216.4,214.3,215.29,0
2026-08-24 08:15:00+00:00,215.2672,215.31,214.45,214.87,0
2026-08-24 08:30:00+00:00,215.0,215.5,214.7,215.01,0
2026-08-24 08:45:00+00:00,215.0132,215.1888,214.74,215.0,0
2026-08-24 09:00:00+00:00,214.88,215.2659,214.6125,214.95,0
2026-08-24 09:15:00+00:00,214.98,215.0,214.76,214.7627,0
2026-08-24 09:30:00+00:00,214.7828,215.15,214.7652,215.09,0
2026-08-24 09:45:00+00:00,215.1,215.23,214.95,215.0,0
2026-08-24 10:00:00+00:00,215.0346,215.4,214.7,214.99,0
2026-08-24 10:15:00+00:00,214.94,215.1,214.79,214.9,0
2026-08-24 10:30:00+00:00,214.9,215.25,214.55,214.737,0
2026-08-24 10:45:00+00:00,214.65,214.7952,214.3,214.5,0
2026-08-24 11:00:00+00:00,214.45,214.72,212.81,213.3377,0
2026-08-24 11:15:00+00:00,213.33,214.1782,213.2622,214.01,0
2026-08-24 11:30:00+00:00,214.1,214.89,214.01,214.57,0
2026-08-24 11:45:00+00:00,214.5999,214.69,214.19,214.5005,0
2026-08-24 12:00:00+00:00,214.5,214.66,214.184,214.27,0
2026-08-24 12:15:00+00:00,214.2699,214.7,214.25,214.7,0
2026-08-24 12:30:00+00:00,214.7,215.1,214.3,214.806,0
2026-08-24 12:45:00+00:00,214.87,215.56,214.76,215.3087,0
2026-08-24 13:00:00+00:00,215.298,215.48,214.94,215.2671,0
2026-08-24 13:15:00+00:00,215.27,215.9,215.12,215.73,0
2026-08-24 13:30:00+00:00,215.3800048828125,215.58999633789062,209.6800994873047,209.91000366210938,15041716
2026-08-24 13:45:00+00:00,209.55999755859375,210.22999572753906,209.02000427246094,209.6699981689453,7845417
2026-08-24 14:00:00+00:00,209.64999389648438,210.08999633789062,208.8699951171875,209.24000549316406,5699284
2026-08-24 14:15:00+00:00,209.25,209.7100067138672,208.6199951171875,209.36000061035156,4722284
2026-08-24 14:30:00+00:00,209.35000610351562,210.30999755859375,209.26260375976562,209.86000061035156,4557306
2026-08-24 14:45:00+00:00,209.8699951171875,210.1300048828125,209.52000427246094,209.6999969482422,3519588
2026-08-24 15:00:00+00:00,209.6999969482422,210.34500122070312,208.97000122070312,209.1699981689453,4238997
2026-08-24 15:15:00+00:00,209.16000366210938,209.9550018310547,208.86000061035156,209.8699951171875,3762003
2026-08-24 15:30:00+00:00,209.85499572753906,210.35000610351562,209.58999633789062,210.1750030517578,3428307
2026-08-24 15:45:00+00:00,210.1699981689453,210.72000122070312,209.94009399414062,210.22610473632812,2741821
2026-08-24 16:00:00+00:00,210.24000549316406,210.5,210.01499938964844,210.39999389648438,2953317
2026-08-24 16:15:00+00:00,210.38999938964844,211.02999877929688,210.35000610351562,210.6699981689453,3331908
2026-08-24 16:30:00+00:00,210.6699981689453,210.75,210.12600708007812,210.25999450683594,2175640
2026-08-24 16:45:00+00:00,210.27000427246094,210.28500366210938,209.60000610351562,209.67999267578125,1930938
2026-08-24 17:00:00+00:00,209.6750030517578,210.2050018310547,209.63999938964844,210.06500244140625,2031024
2026-08-24 17:15:00+00:00,210.05999755859375,210.05999755859375,209.1699981689453,209.2722930908203,2124008
2026-08-24 17:30:00+00:00,209.27999877929688,209.6999969482422,209.1999969482422,209.55050659179688,1958018
2026-08-24 17:45:00+00:00,209.55999755859375,209.6779022216797,209.5,209.5749969482422,1210945
2026-08-24 18:00:00+00:00,209.5800018310547,209.89999389648438,209.56500244140625,209.8249969482422,2088124
2026-08-24 18:15:00+00:00,209.8249969482422,210.4199981689453,209.69000244140625,210.38999938964844,1938508
2026-08-24 18:30:00+00:00,210.38999938964844,210.47999572753906,209.72000122070312,209.7949981689453,2356902
2026-08-24 18:45:00+00:00,209.77999877929688,209.8101043701172,209.2100067138672,209.3000030517578,2116996
2026-08-24 19:00:00+00:00,209.27999877929688,209.5695037841797,209.11000061035156,209.49000549316406,2330605
2026-08-24 19:15:00+00:00,209.47000122070312,209.55999755859375,209.19000244140625,209.3699951171875,2429541
2026-08-24 19:30:00+00:00,209.3699951171875,209.47000122070312,208.4499969482422,208.63999938964844,4433505
2026-08-24 19:45:00+00:00,208.64999389648438,208.68499755859375,207.3699951171875,208.4600067138672,11208738
2026-08-24 20:00:00+00:00,208.49,209.8496,208.13,208.4,0
2026-08-24 20:15:00+00:00,208.48,208.48,208.12,208.22,0
2026-08-24 20:30:00+00:00,208.2131,208.6,208.08,208.46,0
2026-08-24 20:45:00+00:00,208.46,208.7,208.34,208.67,0
2026-08-24 21:00:00+00:00,208.66,216.0287,206.0108,208.68,0
2026-08-24 21:15:00+00:00,208.68,223.1792,206.0108,208.729,0
2026-08-24 21:30:00+00:00,208.73,216.0287,208.72,208.9,0
2026-08-24 21:45:00+00:00,208.8995,208.95,208.76,208.7759,0
2026-08-24 22:00:00+00:00,208.8,208.94,208.64,208.6955,0
2026-08-24 22:15:00+00:00,208.69,208.7,208.58,208.68,0
2026-08-24 22:30:00+00:00,208.68,208.75,208.62,208.7255,0
2026-08-24 22:45:00+00:00,208.7154,208.75,208.65,208.69,0
2026-08-24 23:00:00+00:00,208.69,208.93,208.66,208.8539,0
2026-08-24 23:15:00+00:00,208.93,208.978,208.73,208.7301,0
2026-08-24 23:30:00+00:00,208.75,208.77,208.5915,208.6292,0
2026-08-24 23:45:00+00:00,208.61,208.9,208.56,208.8,0
2026-08-25 08:00:00+00:00,210.52,210.87,208.48,210.1012,0
2026-08-25 08:15:00+00:00,210.1975,210.93,210.1,210.6817,0
2026-08-25 08:30:00+00:00,210.7482,210.85,210.54,210.79,0
2026-08-25 08:45:00+00:00,210.81,210.98,210.76,210.8122,0
2026-08-25 09:00:00+00:00,210.8977,211.4973,210.773,211.28,0
2026-08-25 09:15:00+00:00,211.25,211.4772,210.7565,210.89,0
2026-08-25 09:30:00+00:00,210.8974,211.1988,210.74,211.1,0
2026-08-25 09:45:00+00:00,211.09,211.4922,211.05,211.32,0
2026-08-25 10:00:00+00:00,211.34,211.43,211.0525,211.38,0
2026-08-25 10:15:00+00:00,211.3527,211.4,211.14,211.1897,0
2026-08-25 10:30:00+00:00,211.1973,211.4935,210.824,211.01,0
2026-08-25 10:45:00+00:00,210.9522,211.1977,210.83,210.8496,0
2026-08-25 11:00:00+00:00,210.85,210.85,210.01,210.2525,0
2026-08-25 11:15:00+00:00,210.28,210.64,210.16,210.54,0
2026-08-25 11:30:00+00:00,210.5727,210.84,210.49,210.57,0
2026-08-25 11:45:00+00:00,210.564,210.99,210.5,210.8985,0
2026-08-25 12:00:00+00:00,210.87,211.2,210.56,211.19,0
2026-08-25 12:15:00+00:00,211.1873,211.36,211.01,211.27,0
2026-08-25 12:30:00+00:00,211.29,211.3,211.0,211.095,0
2026-08-25 12:45:00+00:00,211.15,211.2,211.0,211.09,0
2026-08-25 13:00:00+00:00,211.08,211.26,211.0,211.15,0
2026-08-25 13:15:00+00:00,211.15,211.47,211.0,211.05,0
2026-08-25 13:30:00+00:00,211.02499389648438,212.77999877929688,210.11000061035156,212.6396942138672,15034633
2026-08-25 13:45:00+00:00,212.63999938964844,214.72909545898438,212.57000732421875,213.5050048828125,8349500
2026-08-25 14:00:00+00:00,213.5050048828125,213.85000610351562,212.55999755859375,213.41000366210938,5993072
2026-08-25 14:15:00+00:00,213.39999389648438,213.8800048828125,211.8000030517578,211.8199005126953,4672555
2026-08-25 14:30:00+00:00,211.8000946044922,212.0399932861328,211.0821990966797,211.53500366210938,4996448
2026-08-25 14:45:00+00:00,211.5399932861328,211.89990234375,210.9300994873047,211.02000427246094,3227497
2026-08-25 15:00:00+00:00,211.02499389648438,211.14999389648438,210.22000122070312,210.38949584960938,3822168
2026-08-25 15:15:00+00:00,210.38499450683594,211.25999450683594,210.19000244140625,211.19500732421875,3499649
2026-08-25 15:30:00+00:00,211.1999969482422,211.39999389648438,210.94000244140625,211.30499267578125,2699995
2026-08-25 15:45:00+00:00,211.3000030517578,211.85000610351562,210.88999938964844,211.625,2397268
2026-08-25 16:00:00+00:00,211.6300048828125,211.92999267578125,211.4405975341797,211.8699951171875,2055056
2026-08-25 16:15:00+00:00,211.8699951171875,212.3195037841797,211.86050415039062,212.1999969482422,2232013
2026-08-25 16:30:00+00:00,212.22000122070312,212.49000549316406,211.9499969482422,212.2100067138672,2388054
2026-08-25 16:45:00+00:00,212.2050018310547,212.5800018310547,212.02999877929688,212.17999267578125,1537033
2026-08-25 17:00:00+00:00,212.17999267578125,212.3699951171875,211.72000122070312,211.97000122070312,2858813
2026-08-25 17:15:00+00:00,211.97999572753906,212.44000244140625,211.91000366210938,212.25999450683594,1469022
2026-08-25 17:30:00+00:00,212.27000427246094,212.47500610351562,212.20010375976562,212.28500366210938,1419518
2026-08-25 17:45:00+00:00,212.27999877929688,212.52000427246094,212.13999938964844,212.36500549316406,1418679
2026-08-25 18:00:00+00:00,212.36500549316406,212.39990234375,208.47999572753906,211.9250030517578,1692517
2026-08-25 18:15:00+00:00,211.9250030517578,212.3000030517578,211.86000061035156,212.2550048828125,1364568
2026-08-25 18:30:00+00:00,212.25999450683594,212.9499969482422,212.25,212.83999633789062,2486357
2026-08-25 18:45:00+00:00,212.84010314941406,213.3000030517578,212.83999633789062,213.17990112304688,2179536
2026-08-25 19:00:00+00:00,213.1699981689453,213.43499755859375,212.16000366210938,212.22000122070312,2984559
2026-08-25 19:15:00+00:00,212.22999572753906,212.35000610351562,211.7100067138672,212.03500366210938,2760814
2026-08-25 19:30:00+00:00,212.02999877929688,212.76499938964844,211.88999938964844,212.46499633789062,2950291
2026-08-25 19:45:00+00:00,212.4600067138672,213.22999572753906,212.2301025390625,212.97999572753906,5972698
2026-08-25 20:00:00+00:00,212.97,222.29,212.95,213.2707,0
2026-08-25 20:15:00+00:00,213.05,213.93,213.05,213.8287,0
2026-08-25 20:30:00+00:00,213.82,222.27,213.32,213.36,0
2026-08-25 20:45:00+00:00,213.3887,213.65,213.28,213.59,0
2026-08-25 21:00:00+00:00,213.59,213.69,200.1337,213.58,0
2026-08-25 21:15:00+00:00,213.5025,218.6291,212.9972,213.91,0
2026-08-25 21:30:00+00:00,213.91,213.94,201.3796,213.9205,0
2026-08-25 21:45:00+00:00,213.94,214.0,213.8501,213.99,0
2026-08-25 22:00:00+00:00,213.95,214.3,213.05,214.18,0
2026-08-25 22:15:00+00:00,214.16,214.19,213.94,214.17,0
2026-08-25 22:30:00+00:00,214.1677,214.24,214.05,214.16,0
2026-08-25 22:45:00+00:00,214.17,214.2,214.073,214.14,0
2026-08-25 23:00:00+00:00,214.17,214.18,213.95,213.98,0
2026-08-25 23:15:00+00:00,213.95,214.05,213.82,213.87,0
2026-08-25 23:30:00+00:00,213.8602,213.95,213.75,213.76,0
2026-08-25 23:45:00+00:00,213.7505,213.82,213.5,213.67,0
2026-08-26 08:00:00+00:00,213.83,214.3,213.05,213.68,0
2026-08-26 08:15:00+00:00,213.7,213.82,213.32,213.8167,0
2026-08-26 08:30:00+00:00,213.6932,213.9,213.603,213.722,0
2026-08-26 08:45:00+00:00,213.798,213.8,213.5,213.662,0
2026-08-26 09:00:00+00:00,213.662,213.7688,213.5552,213.6512,0
2026-08-26 09:15:00+00:00,213.6987,213.76,213.4,213.55,0
2026-08-26 09:30:00+00:00,213.4922,213.7537,213.4922,213.6757,0
2026-08-26 09:45:00+00:00,213.6507,213.799,213.5635,213.75,0
2026-08-26 10:00:00+00:00,213.7487,213.8,213.5745,213.6877,0
2026-08-26 10:15:00+00:00,213.67,213.74,213.542,213.6182,0
2026-08-26 10:30:00+00:00,213.5515,213.9382,213.4217,213.85,0
2026-08-26 10:45:00+00:00,213.85,213.9682,213.7535,213.88,0
2026-08-26 11:00:00+00:00,213.85,214.05,213.05,213.592,0
2026-08-26 11:15:00+00:00,213.668,213.9,213.43,213.5115,0
2026-08-26 11:30:00+00:00,213.5115,213.67,212.77,212.8384,0
2026-08-26 11:45:00+00:00,212.801,213.03,212.45,212.9943,0
2026-08-26 12:00:00+00:00,213.0,213.0885,212.59,212.88,0
2026-08-26 12:15:00+00:00,212.88,213.3,212.5815,213.3,0
2026-08-26 12:30:00+00:00,213.2972,213.37,212.5703,212.7287,0
2026-08-26 12:45:00+00:00,212.73,212.86,212.35,212.49,0
2026-08-26 13:00:00+00:00,212.4537,212.75,212.15,212.469,0
2026-08-26 13:15:00+00:00,212.4354,213.47,212.14,212.4915,0
2026-08-26 13:30:00+00:00,212.4199981689453,213.60000610351562,210.7801055908203,212.91000366210938,12019309
2026-08-26 13:45:00+00:00,212.91000366210938,213.60000610351562,211.9302978515625,212.6699981689453,4715008
2026-08-26 14:00:00+00:00,212.63999938964844,212.6699981689453,211.41009521484375,211.48500061035156,3315717
2026-08-26 14:15:00+00:00,211.48500061035156,211.48939514160156,210.19320678710938,210.50259399414062,5152696
2026-08-26 14:30:00+00:00,210.49009704589844,210.9199981689453,210.08079528808594,210.80499267578125,3715923
2026-08-26 14:45:00+00:00,210.80999755859375,211.39999389648438,210.72000122070312,211.15499877929688,3326369
2026-08-26 15:00:00+00:00,211.16000366210938,211.52999877929688,210.83999633789062,211.08009338378906,2685294
2026-08-26 15:15:00+00:00,211.08990478515625,211.14999389648438,210.58999633789062,211.08270263671875,2588207
2026-08-26 15:30:00+00:00,211.08990478515625,211.30999755859375,210.83050537109375,211.2899932861328,2025593
2026-08-26 15:45:00+00:00,211.26400756835938,211.42999267578125,210.60000610351562,210.61500549316406,2424167
2026-08-26 16:00:00+00:00,210.6199951171875,210.66000366210938,209.75999450683594,209.88499450683594,3809125
2026-08-26 16:15:00+00:00,209.88499450683594,210.3800048828125,209.8000030517578,210.17990112304688,2457420
2026-08-26 16:30:00+00:00,210.1750030517578,210.32000732421875,209.52000427246094,209.72950744628906,3257670
2026-08-26 16:45:00+00:00,209.72000122070312,209.88999938964844,209.47000122070312,209.8699951171875,2686869
2026-08-26 17:00:00+00:00,209.8699951171875,210.118896484375,209.7100067138672,210.0449981689453,2294649
2026-08-26 17:15:00+00:00,210.04989624023438,210.25,210.00999450683594,210.06500244140625,2225486
2026-08-26 17:30:00+00:00,210.05999755859375,210.6300048828125,209.89999389648438,210.47999572753906,2879689
2026-08-26 17:45:00+00:00,210.44000244140625,210.63999938964844,210.24000549316406,210.55999755859375,2512996
2026-08-26 18:00:00+00:00,210.55499267578125,210.9149932861328,210.1649932861328,210.26499938964844,2788936
2026-08-26 18:15:00+00:00,210.26499938964844,210.85000610351562,210.14999389648438,210.78500366210938,2451601
2026-08-26 18:30:00+00:00,210.78500366210938,211.02000427246094,210.49000549316406,210.52999877929688,2644397
2026-08-26 18:45:00+00:00,210.52999877929688,211.1699981689453,210.52999877929688,211.05999755859375,3830430
2026-08-26 19:00:00+00:00,211.05059814453125,211.3300018310547,210.8699951171875,210.96200561523438,3708132
2026-08-26 19:15:00+00:00,210.9600067138672,211.21499633789062,210.74000549316406,210.88999938964844,3528174
2026-08-26 19:30:00+00:00,210.89500427246094,210.9949951171875,209.572998046875,209.61019897460938,6254659
2026-08-26 19:45:00+00:00,209.60499572753906,210.1300048828125,209.22999572753906,209.9499969482422,13642278
2026-08-26 20:00:00+00:00,209.96,210.6145,209.66,210.419,0
2026-08-26 20:15:00+00:00,209.66,211.5,203.5,206.88,0
2026-08-26 20:30:00+00:00,206.99,208.25,205.26,207.2323,0
2026-08-26 20:45:00+00:00,207.24,210.66,207.15,210.54,0
2026-08-26 21:00:00+00:00,210.4977,220.26,208.46,219.26,0
2026-08-26 21:15:00+00:00,219.3367,226.2547,215.26,217.41,0
2026-08-26 21:30:00+00:00,217.37,226.2547,217.0,219.18,0
2026-08-26 21:45:00+00:00,219.05,220.8,209.66,219.02,0
2026-08-26 22:00:00+00:00,219.0012,219.64,217.83,218.39,0
2026-08-26 22:15:00+00:00,218.38,218.6,209.66,217.92,0
2026-08-26 22:30:00+00:00,217.94,218.74,217.9,218.69,0
2026-08-26 22:45:00+00:00,218.69,218.9292,218.21,218.7,0
2026-08-26 23:00:00+00:00,218.6977,218.74,217.7712,218.25,0
2026-08-26 23:15:00+00:00,218.23,218.59,218.0,218.141,0
2026-08-26 23:30:00+00:00,218.15,218.3,218.01,218.3,0
2026-08-26 23:45:00+00:00,218.2985,219.64,218.25,219.53,0
2026-08-27 08:00:00+00:00,222.0,224.27,209.66,224.19,0
2026-08-27 08:15:00+00:00,224.15,225.93,223.61,225.71,0
2026-08-27 08:30:00+00:00,225.6,226.0,224.7,225.3,0
2026-08-27 08:45:00+00:00,225.34,226.81,225.3012,226.3,0
2026-08-27 09:00:00+00:00,226.32,226.39,224.81,224.91,0
2026-08-27 09:15:00+00:00,224.91,225.25,224.52,224.7485,0
2026-08-27 09:30:00+00:00,224.75,225.39,224.59,225.17,0
2026-08-27 09:45:00+00:00,225.17,225.36,224.5,224.51,0
2026-08-27 10:00:00+00:00,224.52,224.915,224.3,224.915,0
2026-08-27 10:15:00+00:00,224.89,225.12,223.88,223.9572,0
2026-08-27 10:30:00+00:00,223.93,224.89,223.89,224.8012,0
2026-08-27 10:45:00+00:00,224.83,225.0,223.73,223.737,0
2026-08-27 11:00:00+00:00,223.77,223.94,223.0,223.3705,0
2026-08-27 11:15:00+00:00,223.4,223.5,222.3,222.3003,0
2026-08-27 11:30:00+00:00,222.3002,222.5,221.71,222.22,0
2026-08-27 11:45:00+00:00,222.3,222.54,221.5,222.44,0
2026-08-27 12:00:00+00:00,222.41,222.75,221.94,222.5785,0
2026-08-27 12:15:00+00:00,222.52,223.68,222.234,223.2999,0
2026-08-27 12:30:00+00:00,223.2959,223.58,222.5018,222.5594,0
2026-08-27 12:45:00+00:00,222.62,223.1,221.5,222.144,0
2026-08-27 13:00:00+00:00,222.14,223.39,221.75,223.275,0
2026-08-27 13:15:00+00:00,223.26,223.99,222.49,222.86,0
2026-08-27 13:30:00+00:00,222.5850067138672,225.8300018310547,220.89999389648438,224.94000244140625,59896380
2026-08-27 13:45:00+00:00,224.9499969482422,225.25,222.2812042236328,224.24000549316406,18121910
2026-08-27 14:00:00+00:00,224.24000549316406,225.94000244140625,223.9438934326172,225.39010620117188,15857524
2026-08-27 14:15:00+00:00,225.40499877929688,226.39999389648438,224.22000122070312,225.72000122070312,13610374
2026-08-27 14:30:00+00:00,225.72000122070312,226.24929809570312,223.5,224.60499572753906,9556549
2026-08-27 14:45:00+00:00,224.60499572753906,226.97999572753906,224.3699951171875,226.9499969482422,9013927
2026-08-27 15:00:00+00:00,226.95700073242188,227.30999755859375,225.02000427246094,225.74000549316406,10401667
2026-08-27 15:15:00+00:00,225.74000549316406,226.0500030517578,225.2100067138672,225.4499969482422,4760448
2026-08-27 15:30:00+00:00,225.4499969482422,226.25999450683594,224.89999389648438,225.3332061767578,4502514
2026-08-27 15:45:00+00:00,225.3300018310547,226.77999877929688,224.83999633789062,226.1699981689453,6122501
2026-08-27 16:00:00+00:00,226.18499755859375,227.75999450683594,226.14840698242188,227.4199981689453,7640623
2026-08-27 16:15:00+00:00,227.42999267578125,228.63999938964844,227.25999450683594,228.52499389648438,8387632
2026-08-27 16:30:00+00:00,228.52999877929688,229.85000610351562,228.31500244140625,229.49000549316406,10063061
2026-08-27 16:45:00+00:00,229.47999572753906,229.6999969482422,228.8800048828125,229.673095703125,6170831
2026-08-27 17:00:00+00:00,229.67010498046875,229.99000549316406,229.4199981689453,229.97000122070312,6160118
2026-08-27 17:15:00+00:00,229.97000122070312,230.47000122070312,229.1999969482422,229.24949645996094,10072284
2026-08-27 17:30:00+00:00,229.24000549316406,229.60000610351562,228.91000366210938,228.9600067138672,4764596
2026-08-27 17:45:00+00:00,228.9698028564453,228.97000122070312,228.25,228.25999450683594,4702392
2026-08-27 18:00:00+00:00,228.27000427246094,228.35499572753906,227.4199981689453,227.5800018310547,5063140
2026-08-27 18:15:00+00:00,227.57000732421875,227.91709899902344,226.0800018310547,226.08999633789062,6364102
2026-08-27 18:30:00+00:00,226.10000610351562,226.97000122070312,225.64999389648438,226.80999755859375,6256610
2026-08-27 18:45:00+00:00,226.80999755859375,226.81500244140625,225.35000610351562,226.11669921875,5181881
2026-08-27 19:00:00+00:00,226.1300048828125,226.63999938964844,225.61000061035156,225.85000610351562,5251524
2026-08-27 19:15:00+00:00,225.84300231933594,227.47999572753906,225.83999633789062,227.2100067138672,6381546
2026-08-27 19:30:00+00:00,227.1999969482422,228.8000030517578,226.94580078125,228.27000427246094,7334893
2026-08-27 19:45:00+00:00,228.25999450683594,228.97999572753906,227.5500030517578,228.0500030517578,12094956
2026-08-27 20:00:00+00:00,227.91,228.23,226.86,226.91,0
2026-08-27 20:15:00+00:00,227.98,227.98,226.64,226.76,0
2026-08-27 20:30:00+00:00,226.76,227.0,226.58,226.99,0
2026-08-27 20:45:00+00:00,227.0,227.01,226.72,226.8255,0
2026-08-27 21:00:00+00:00,226.802,227.0,226.75,226.84,0
2026-08-27 21:15:00+00:00,226.86,227.98,226.71,226.9,0
2026-08-27 21:30:00+00:00,226.9377,226.98,226.61,226.747,0
2026-08-27 21:45:00+00:00,226.74,233.7118,222.3682,225.95,0
2026-08-27 22:00:00+00:00,226.01,226.3,225.83,225.96,0
2026-08-27 22:15:00+00:00,225.9109,226.48,225.85,226.46,0
2026-08-27 22:30:00+00:00,226.4001,226.51,226.34,226.41,0
2026-08-27 22:45:00+00:00,226.4,227.98,226.26,226.3,0
2026-08-27 23:00:00+00:00,226.3599,226.44,226.14,226.15,0
2026-08-27 23:15:00+00:00,226.18,226.2199,226.02,226.0323,0
2026-08-27 23:30:00+00:00,226.05,226.16,225.9997,226.1,0
2026-08-27 23:45:00+00:00,226.1585,226.35,226.08,226.149,0
2026-08-28 08:00:00+00:00,226.6,227.98,225.42,225.54,0
2026-08-28 08:15:00+00:00,225.54,225.785,225.28,225.43,0
2026-08-28 08:30:00+00:00,225.43,225.7188,225.4,225.422,0
2026-08-28 08:45:00+00:00,225.5,225.52,225.2,225.46,0
2026-08-28 09:00:00+00:00,225.45,226.0,225.35,225.77,0
2026-08-28 09:15:00+00:00,225.75,225.83,225.6,225.71,0
2026-08-28 09:30:00+00:00,225.71,225.8,225.4927,225.798,0
2026-08-28 09:45:00+00:00,225.75,226.26,225.72,226.04,0
2026-08-28 10:00:00+00:00,226.05,226.2897,225.9,226.289,0
2026-08-28 10:15:00+00:00,226.28,226.56,226.1427,226.4673,0
2026-08-28 10:30:00+00:00,226.4457,226.99,226.4457,226.795,0
2026-08-28 10:45:00+00:00,226.75,226.9065,226.72,226.8391,0
2026-08-28 11:00:00+00:00,226.8,227.14,226.65,226.88,0
2026-08-28 11:15:00+00:00,226.9482,227.5,226.85,227.2685,0
2026-08-28 11:30:00+00:00,227.2111,227.51,226.7035,226.79,0
2026-08-28 11:45:00+00:00,226.93,227.06,226.6512,226.68,0
2026-08-28 12:00:00+00:00,226.68,227.24,226.65,227.042,0
2026-08-28 12:15:00+00:00,227.0723,227.84,226.85,227.81,0
2026-08-28 12:30:00+00:00,227.8243,227.85,227.172,227.64,0
2026-08-28 12:45:00+00:00,227.6017,227.95,227.3,227.826,0
2026-08-28 13:00:00+00:00,227.86,228.67,227.59,228.62,0
2026-08-28 13:15:00+00:00,228.66,228.7,226.58,227.3,0
2026-08-28 13:30:00+00:00,227.3300018310547,229.25999450683594,226.0500030517578,228.05499267578125,19950280
2026-08-28 13:45:00+00:00,228.11000061035156,228.33999633789062,224.66000366210938,225.25999450683594,9848980
2026-08-28 14:00:00+00:00,225.25,225.8000030517578,223.25,223.52000427246094,8100079
2026-08-28 14:15:00+00:00,223.52999877929688,225.52000427246094,223.47999572753906,225.11500549316406,8000463
2026-08-28 14:30:00+00:00,225.11500549316406,225.8300018310547,224.4600067138672,225.4499969482422,5270482
2026-08-28 14:45:00+00:00,225.4499969482422,226.91000366210938,225.32000732421875,226.74229431152344,5420578
2026-08-28 15:00:00+00:00,226.75999450683594,226.7899932861328,224.11000061035156,224.30999755859375,5341453
2026-08-28 15:15:00+00:00,224.32000732421875,224.45989990234375,223.5,224.0,6059590
2026-08-28 15:30:00+00:00,224.0,224.19000244140625,222.6199951171875,223.02999877929688,5321510
2026-08-28 15:45:00+00:00,223.0449981689453,223.1199951171875,221.0399932861328,221.3350067138672,7596883
2026-08-28 16:00:00+00:00,221.34500122070312,221.38499450683594,220.3699951171875,220.77999877929688,6991175
2026-08-28 16:15:00+00:00,220.77000427246094,220.88270568847656,219.94000244140625,220.17999267578125,6028449
2026-08-28 16:30:00+00:00,220.1999969482422,220.63999938964844,219.77000427246094,220.11700439453125,5475155
2026-08-28 16:45:00+00:00,220.1199951171875,220.9499969482422,219.75999450683594,219.7899932861328,4381631
2026-08-28 17:00:00+00:00,219.78500366210938,219.83999633789062,217.88999938964844,218.67999267578125,7997311
2026-08-28 17:15:00+00:00,218.66000366210938,219.32000732421875,218.49000549316406,218.69000244140625,4514519
2026-08-28 17:30:00+00:00,218.6999969482422,219.4300994873047,218.5,219.02999877929688,3942949
2026-08-28 17:45:00+00:00,219.02999877929688,219.8300018310547,218.90499877929688,219.36000061035156,3483515
2026-08-28 18:00:00+00:00,219.3800048828125,219.44659423828125,218.44000244140625,218.5800018310547,3432761
2026-08-28 18:15:00+00:00,218.57200622558594,218.75,218.07000732421875,218.39500427246094,2941746
2026-08-28 18:30:00+00:00,218.39500427246094,218.69000244140625,217.6999969482422,217.99000549316406,3981841
2026-08-28 18:45:00+00:00,218.0,218.02000427246094,216.80999755859375,217.36000061035156,6461780
2026-08-28 19:00:00+00:00,217.36000061035156,217.5800018310547,216.9199981689453,217.2698974609375,4682548
2026-08-28 19:15:00+00:00,217.24139404296875,217.60000610351562,216.9499969482422,217.27999877929688,4449133
2026-08-28 19:30:00+00:00,217.2899932861328,217.57000732421875,216.94900512695312,217.19000244140625,4995095
2026-08-28 19:45:00+00:00,217.18499755859375,218.1802978515625,216.92999267578125,217.5399932861328,12757205
2026-08-28 20:00:00+00:00,217.51,217.91,217.4,217.76,0
2026-08-28 20:15:00+00:00,217.55,218.04,217.55,217.88,0
2026-08-28 20:30:00+00:00,217.8995,217.94,217.5,217.6913,0
2026-08-28 20:45:00+00:00,217.6923,221.6755,217.55,217.7499,0
2026-08-28 21:00:00+00:00,217.7303,232.0498,217.6,217.7892,0
2026-08-28 21:15:00+00:00,217.7899,217.7899,217.57,217.72,0
2026-08-28 21:30:00+00:00,217.695,217.72,217.58,217.71,0
2026-08-28 21:45:00+00:00,217.72,217.84,217.55,217.7805,0
2026-08-28 22:00:00+00:00,217.7809,217.84,217.7,217.8154,0
2026-08-28 22:15:00+00:00,217.82,217.94,217.7905,217.885,0
2026-08-28 22:30:00+00:00,217.8891,217.98,217.879,217.94,0
2026-08-28 22:45:00+00:00,217.9486,217.96,217.85,217.8769,0
2026-08-28 23:00:00+00:00,217.88,217.95,217.86,217.92,0
2026-08-28 23:15:00+00:00,217.93,217.96,217.9,217.9,0
2026-08-28 23:30:00+00:00,217.9097,227.69,217.85,218.0,0
2026-08-28 23:45:00+00:00,218.0,225.94,217.85,217.89,0
2026-08-31 08:00:00+00:00,218.9988,219.16,217.3022,218.8925,0
2026-08-31 08:15:00+00:00,218.9,218.99,218.61,218.73,0
2026-08-31 08:30:00+00:00,218.73,219.0,218.73,218.9,0
2026-08-31 08:45:00+00:00,218.8987,219.25,218.88,219.15,0
2026-08-31 09:00:00+00:00,219.14,219.31,218.73,219.2012,0
2026-08-31 09:15:00+00:00,219.278,219.3,219.1,219.17,0
2026-08-31 09:30:00+00:00,219.17,219.2,218.96,219.08,0
2026-08-31 09:45:00+00:00,219.08,219.08,218.58,218.86,0
2026-08-31 10:00:00+00:00,218.84,218.97,218.5,218.59,0
2026-08-31 10:15:00+00:00,218.6,219.199,218.5,219.11,0
2026-08-31 10:30:00+00:00,219.11,219.12,218.7197,219.04,0
2026-08-31 10:45:00+00:00,219.02,219.2467,219.0,219.02,0
2026-08-31 11:00:00+00:00,219.05,219.09,217.55,218.52,0
2026-08-31 11:15:00+00:00,218.52,218.97,218.49,218.962,0
2026-08-31 11:30:00+00:00,218.95,218.97,218.5355,218.57,0
2026-08-31 11:45:00+00:00,218.68,218.8,218.5,218.784,0
2026-08-31 12:00:00+00:00,218.7872,219.01,218.7,218.88,0
2026-08-31 12:15:00+00:00,218.88,219.1,218.49,218.7,0
2026-08-31 12:30:00+00:00,218.7,218.95,218.5,218.65,0
2026-08-31 12:45:00+00:00,218.52,218.7399,218.12,218.2,0
2026-08-31 13:00:00+00:00,218.1995,218.49,217.73,218.2499,0
2026-08-31 13:15:00+00:00,218.23,219.0,218.0612,218.98,0
2026-08-31 13:30:00+00:00,218.86199951171875,219.34800720214844,216.2100067138672,218.05499267578125,13770584
2026-08-31 13:45:00+00:00,218.0800018310547,219.04510498046875,217.60000610351562,218.86380004882812,5964736
2026-08-31 14:00:00+00:00,218.8800048828125,220.1999969482422,218.39999389648438,220.19000244140625,5989916
2026-08-31 14:15:00+00:00,220.17010498046875,220.36000061035156,219.34019470214844,220.07000732421875,5526853
2026-08-31 14:30:00+00:00,220.07000732421875,220.60000610351562,219.6699981689453,219.94500732421875,4107353
2026-08-31 14:45:00+00:00,219.94500732421875,220.08999633789062,219.25,219.72500610351562,2798900
2026-08-31 15:00:00+00:00,219.75,220.02999877929688,219.13999938964844,219.25509643554688,2777095
2026-08-31 15:15:00+00:00,219.27000427246094,220.5399932861328,219.1199951171875,220.27000427246094,2988063
2026-08-31 15:30:00+00:00,220.25,220.30990600585938,219.5,219.72000122070312,2270650
2026-08-31 15:45:00+00:00,219.72999572753906,220.36000061035156,219.41000366210938,219.48980712890625,2192610
2026-08-31 16:00:00+00:00,219.5,219.77000427246094,219.10000610351562,219.72999572753906,1963398
2026-08-31 16:15:00+00:00,219.72000122070312,220.2899932861328,219.6199951171875,220.22540283203125,1741751
2026-08-31 16:30:00+00:00,220.2299041748047,220.2899932861328,219.72999572753906,219.73500061035156,2064677
2026-08-31 16:45:00+00:00,219.73500061035156,220.1999969482422,219.63999938964844,220.17999267578125,1564740
2026-08-31 17:00:00+00:00,220.19000244140625,220.25999450683594,219.77000427246094,219.8300018310547,1633799
2026-08-31 17:15:00+00:00,219.82000732421875,219.93499755859375,219.33999633789062,219.3699951171875,1682540
2026-08-31 17:30:00+00:00,219.36000061035156,219.7050018310547,219.1300048828125,219.64999389648438,2061522
2026-08-31 17:45:00+00:00,219.66000366210938,220.02000427246094,219.5,219.60499572753906,1741841
2026-08-31 18:00:00+00:00,219.61000061035156,219.75,219.32000732421875,219.3300018310547,1445575
2026-08-31 18:15:00+00:00,219.3249969482422,219.60800170898438,218.9105987548828,218.97000122070312,2033798
2026-08-31 18:30:00+00:00,218.9499969482422,218.96560668945312,217.8000030517578,218.13999938964844,3789804
2026-08-31 18:45:00+00:00,218.14990234375,218.8376007080078,217.7100067138672,218.57000732421875,3542478
2026-08-31 19:00:00+00:00,218.60000610351562,219.1699981689453,218.5800018310547,218.94500732421875,2525814
2026-08-31 19:15:00+00:00,218.9499969482422,219.8498992919922,218.75,219.82000732421875,2811850
2026-08-31 19:30:00+00:00,219.82000732421875,220.02000427246094,219.58999633789062,219.96139526367188,3109691
2026-08-31 19:45:00+00:00,219.9600067138672,221.3000030517578,219.272705078125,220.8800048828125,10771045
2026-08-31 20:00:00+00:00,220.85,220.95,220.46,220.49,0
2026-08-31 20:15:00+00:00,220.5,220.8,220.43,220.751,0
2026-08-31 20:30:00+00:00,220.759,220.8,220.58,220.6977,0
2026-08-31 20:45:00+00:00,220.69,235.9964,220.58,220.66,0
2026-08-31 21:00:00+00:00,220.65,233.878,210.1876,220.53,0
2026-08-31 21:15:00+00:00,220.53,225.3488,210.1876,220.6592,0
2026-08-31 21:30:00+00:00,220.6495,220.66,220.54,220.5969,0
2026-08-31 21:45:00+00:00,220.59,220.66,220.51,220.53,0
2026-08-31 22:00:00+00:00,220.5298,220.58,220.27,220.311,0
2026-08-31 22:15:00+00:00,220.34,220.36,220.3,220.3423,0
2026-08-31 22:30:00+00:00,220.34,220.48,220.34,220.45,0
2026-08-31 22:45:00+00:00,220.42,220.45,220.26,220.28,0
2026-08-31 23:00:00+00:00,220.271,220.3,220.2,220.24,0
2026-08-31 23:15:00+00:00,220.2505,220.5,220.19,220.3619,0
2026-08-31 23:30:00+00:00,220.3619,220.44,220.25,220.37,0
2026-08-31 23:45:00+00:00,220.37,220.39,220.22,220.27,0
2026-09-01 08:00:00+00:00,220.205,220.89,218.91,219.12,0
2026-09-01 08:15:00+00:00,219.12,219.15,218.44,218.44,0
2026-09-01 08:30:00+00:00,218.48,218.74,218.18,218.39,0
2026-09-01 08:45:00+00:00,218.37,218.58,217.9031,217.93,0
2026-09-01 09:00:00+00:00,217.948,218.02,217.52,217.85,0
2026-09-01 09:15:00+00:00,217.8305,217.93,217.5232,217.61,0
2026-09-01 09:30:00+00:00,217.65,218.38,217.6,218.34,0
2026-09-01 09:45:00+00:00,218.33,218.42,218.11,218.1985,0
2026-09-01 10:00:00+00:00,218.16,218.36,218.0537,218.11,0
2026-09-01 10:15:00+00:00,218.2488,218.5,218.0547,218.31,0
2026-09-01 10:30:00+00:00,218.3,218.35,218.15,218.2,0
2026-09-01 10:45:00+00:00,218.14,218.287,217.77,218.01,0
2026-09-01 11:00:00+00:00,218.0,220.78,217.7,217.8,0
2026-09-01 11:15:00+00:00,217.8272,218.06,217.75,218.01,0
2026-09-01 11:30:00+00:00,218.0,218.3,217.9,218.19,0
2026-09-01 11:45:00+00:00,218.18,220.78,217.26,217.38,0
2026-09-01 12:00:00+00:00,217.42,217.7,217.23,217.64,0
2026-09-01 12:15:00+00:00,217.6457,217.78,217.41,217.4773,0
2026-09-01 12:30:00+00:00,217.45,217.57,216.93,217.0832,0
2026-09-01 12:45:00+00:00,217.0793,217.29,216.89,217.13,0
2026-09-01 13:00:00+00:00,217.1392,220.78,216.8,216.8,0
2026-09-01 13:15:00+00:00,216.84,217.18,216.64,216.77,0
2026-09-01 13:30:00+00:00,216.61000061035156,217.3000030517578,215.10000610351562,215.64990234375,14228957
2026-09-01 13:45:00+00:00,215.6300048828125,217.4199981689453,215.5500030517578,216.94000244140625,5700978
2026-09-01 14:00:00+00:00,216.97000122070312,218.11000061035156,216.77000427246094,217.88499450683594,4719880
2026-09-01 14:15:00+00:00,217.872802734375,218.38999938964844,217.5800018310547,217.61000061035156,3339097
2026-09-01 14:30:00+00:00,217.61000061035156,218.1300048828125,217.52999877929688,218.01499938964844,2454220
2026-09-01 14:45:00+00:00,218.02999877929688,218.5800018310547,217.6300048828125,218.05499267578125,3158877
2026-09-01 15:00:00+00:00,218.0449981689453,218.5399932861328,217.6999969482422,217.97500610351562,2701721
2026-09-01 15:15:00+00:00,217.97500610351562,218.8000030517578,217.8800048828125,218.8000030517578,2441997
2026-09-01 15:30:00+00:00,218.8000030517578,219.53990173339844,218.6999969482422,219.49000549316406,2793647
2026-09-01 15:45:00+00:00,219.47999572753906,220.41000366210938,219.4199981689453,220.25,4766123
2026-09-01 16:00:00+00:00,220.25,220.3000030517578,219.57000732421875,219.8000030517578,2248360
2026-09-01 16:15:00+00:00,219.80499267578125,219.9499969482422,219.08949279785156,219.5800018310547,2444408
2026-09-01 16:30:00+00:00,219.60000610351562,219.7449951171875,219.0800018310547,219.11000061035156,2165436
2026-09-01 16:45:00+00:00,219.10000610351562,219.8498992919922,218.92999267578125,219.67999267578125,1947044
2026-09-01 17:00:00+00:00,219.67999267578125,219.69000244140625,218.2801055908203,218.4600067138672,2495054
2026-09-01 17:15:00+00:00,218.47000122070312,218.5500030517578,218.1300048828125,218.3596954345703,1941701
2026-09-01 17:30:00+00:00,218.34500122070312,218.60000610351562,218.24000549316406,218.30499267578125,1274347
2026-09-01 17:45:00+00:00,218.30499267578125,218.3699951171875,217.77999877929688,218.0,2002465
2026-09-01 18:00:00+00:00,218.02000427246094,218.17999267578125,217.49000549316406,217.51499938964844,1950340
2026-09-01 18:15:00+00:00,217.5,217.875,217.2899932861328,217.4593048095703,1602403
2026-09-01 18:30:00+00:00,217.4600067138672,217.5449981689453,216.50999450683594,216.51499938964844,2736024
2026-09-01 18:45:00+00:00,216.51499938964844,217.41000366210938,216.35009765625,217.30999755859375,3084642
2026-09-01 19:00:00+00:00,217.32000732421875,217.83999633789062,217.2476043701172,217.82620239257812,2418722
2026-09-01 19:15:00+00:00,217.82000732421875,217.91009521484375,217.47999572753906,217.58999633789062,1997287
2026-09-01 19:30:00+00:00,217.60000610351562,217.6300048828125,217.01010131835938,217.375,2590389
2026-09-01 19:45:00+00:00,217.375,217.6999969482422,216.63999938964844,217.5399932861328,6649290
2026-09-01 20:00:00+00:00,217.58,217.77,217.36,217.62,0
2026-09-01 20:15:00+00:00,217.6,217.67,217.44,217.51,0
2026-09-01 20:30:00+00:00,217.49,217.6095,217.44,217.51,0
2026-09-01 20:45:00+00:00,217.54,219.4824,208.233,218.3371,0
2026-09-01 21:00:00+00:00,217.5107,224.9013,217.44,217.62,0
2026-09-01 21:15:00+00:00,217.6106,224.9013,208.233,217.5912,0
2026-09-01 21:30:00+00:00,217.6,217.6,217.5,217.56,0
2026-09-01 21:45:00+00:00,217.5543,217.61,217.44,217.6,0
2026-09-01 22:00:00+00:00,217.6,217.75,217.21,217.32,0
2026-09-01 22:15:00+00:00,217.27,217.4,217.21,217.2512,0
2026-09-01 22:30:00+00:00,217.2577,217.4,217.25,217.39,0
2026-09-01 22:45:00+00:00,217.4,217.58,217.35,217.49,0
2026-09-01 23:00:00+00:00,217.48,217.5,217.4017,217.41,0
2026-09-01 23:15:00+00:00,217.44,217.5,217.4,217.5,0
2026-09-01 23:30:00+00:00,217.49,217.5,217.43,217.5,0
2026-09-01 23:45:00+00:00,217.5,217.61,217.4001,217.4798,0
2026-09-02 08:00:00+00:00,217.496,217.6995,216.933,217.26,0
2026-09-02 08:15:00+00:00,217.26,217.5,217.0531,217.34,0
2026-09-02 08:30:00+00:00,217.35,217.5,217.11,217.15,0
2026-09-02 08:45:00+00:00,217.15,217.1587,216.486,216.72,0
2026-09-02 09:00:00+00:00,216.7745,216.98,216.5652,216.83,0
2026-09-02 09:15:00+00:00,216.792,216.9572,216.53,216.6888,0
2026-09-02 09:30:00+00:00,216.65,216.7488,216.35,216.5,0
2026-09-02 09:45:00+00:00,216.5757,216.867,216.42,216.75,0
2026-09-02 10:00:00+00:00,216.75,216.8,216.4,216.705,0
2026-09-02 10:15:00+00:00,216.68,216.83,216.5603,216.7032,0
2026-09-02 10:30:00+00:00,216.7975,216.7988,216.5622,216.7487,0
2026-09-02 10:45:00+00:00,216.73,216.77,216.51,216.7015,0
2026-09-02 11:00:00+00:00,216.7502,217.44,216.07,216.97,0
2026-09-02 11:15:00+00:00,216.97,217.1,216.75,216.9688,0
2026-09-02 11:30:00+00:00,216.92,217.1988,216.75,216.95,0
2026-09-02 11:45:00+00:00,216.9173,217.45,216.9173,217.4327,0
2026-09-02 12:00:00+00:00,217.44,218.368,217.267,218.35,0
2026-09-02 12:15:00+00:00,218.36,218.6,218.13,218.3031,0
2026-09-02 12:30:00+00:00,218.3,218.36,217.75,217.8,0
2026-09-02 12:45:00+00:00,217.8057,217.9,217.75,217.8,0
2026-09-02 13:00:00+00:00,217.78,218.07,217.7557,217.9187,0
2026-09-02 13:15:00+00:00,217.91,218.98,217.82,218.86,0
2026-09-02 13:30:00+00:00,218.78500366210938,220.1300048828125,218.47999572753906,219.5500946044922,10663658
2026-09-02 13:45:00+00:00,219.5850067138672,221.5500030517578,219.2100067138672,221.4600067138672,6948305
2026-09-02 14:00:00+00:00,221.4600067138672,223.10000610351562,221.16000366210938,222.42999267578125,8696534
2026-09-02 14:15:00+00:00,222.43499755859375,223.44000244140625,222.1300048828125,222.8300018310547,7153748
2026-09-02 14:30:00+00:00,222.83999633789062,224.22000122070312,222.59820556640625,224.07000732421875,7264636
2026-09-02 14:45:00+00:00,224.05999755859375,224.24000549316406,223.375,224.00140380859375,4870066
2026-09-02 15:00:00+00:00,224.0500030517578,226.8000030517578,223.92970275878906,226.49000549316406,11066283
2026-09-02 15:15:00+00:00,226.4801025390625,227.0,226.1199951171875,226.30999755859375,7677775
2026-09-02 15:30:00+00:00,226.32000732421875,227.10000610351562,225.77000427246094,227.0299072265625,5996164
2026-09-02 15:45:00+00:00,227.02999877929688,227.9499969482422,226.572998046875,227.61000061035156,8415242
2026-09-02 16:00:00+00:00,227.60000610351562,227.82000732421875,227.02999877929688,227.42999267578125,4852812
2026-09-02 16:15:00+00:00,227.44000244140625,227.67999267578125,226.8000030517578,227.0399932861328,3916946
2026-09-02 16:30:00+00:00,227.033203125,227.67999267578125,226.1699981689453,226.1699981689453,4047592
2026-09-02 16:45:00+00:00,226.16000366210938,226.32000732421875,225.52000427246094,225.77679443359375,4025485
2026-09-02 17:00:00+00:00,225.7899932861328,226.0,224.8000030517578,225.22000122070312,4298168
2026-09-02 17:15:00+00:00,225.2050018310547,225.51950073242188,224.75,225.5072021484375,3418467
2026-09-02 17:30:00+00:00,225.5198974609375,225.57000732421875,224.8300018310547,225.24000549316406,2603223
2026-09-02 17:45:00+00:00,225.22999572753906,225.44500732421875,224.4600067138672,224.6699981689453,3327199
2026-09-02 18:00:00+00:00,224.67999267578125,224.89999389648438,224.42999267578125,224.7050018310547,2356963
2026-09-02 18:15:00+00:00,224.7050018310547,225.32000732421875,224.51609802246094,224.9600067138672,3297184
2026-09-02 18:30:00+00:00,224.95799255371094,225.34500122070312,224.58999633789062,224.72000122070312,2245638
2026-09-02 18:45:00+00:00,224.7200927734375,224.8800048828125,224.27999877929688,224.5050048828125,2325226
2026-09-02 19:00:00+00:00,224.5,224.66000366210938,224.17999267578125,224.49679565429688,2552703
2026-09-02 19:15:00+00:00,224.47999572753906,224.85000610351562,224.2904052734375,224.39999389648438,2762807
2026-09-02 19:30:00+00:00,224.41400146484375,224.50999450683594,223.7301025390625,224.00999450683594,3760380
2026-09-02 19:45:00+00:00,224.01499938964844,224.63999938964844,224.01499938964844,224.39999389648438,6450890
2026-09-02 20:00:00+00:00,224.41,224.8036,224.2,224.7912,0
2026-09-02 20:15:00+00:00,224.75,224.7989,223.88,224.02,0
2026-09-02 20:30:00+00:00,223.99,224.25,223.91,224.12,0
2026-09-02 20:45:00+00:00,224.12,233.4137,215.6948,224.06,0
2026-09-02 21:00:00+00:00,224.04,227.095,215.6948,224.09,0
2026-09-02 21:15:00+00:00,224.09,234.2166,216.04,225.08,0
2026-09-02 21:30:00+00:00,225.0635,225.29,224.41,224.67,0
2026-09-02 21:45:00+00:00,224.6977,225.1199,224.5823,225.0199,0
2026-09-02 22:00:00+00:00,224.9,225.0499,224.55,224.8888,0
2026-09-02 22:15:00+00:00,224.8841,225.19,224.8,225.0892,0
2026-09-02 22:30:00+00:00,225.0855,225.18,225.02,225.13,0
2026-09-02 22:45:00+00:00,225.15,225.18,224.9,224.9515,0
2026-09-02 23:00:00+00:00,225.01,225.01,224.77,224.8,0
2026-09-02 23:15:00+00:00,224.75,225.0788,224.71,225.06,0
2026-09-02 23:30:00+00:00,225.1,225.2,225.0,225.18,0
2026-09-02 23:45:00+00:00,225.1792,225.5,225.1512,225.35,0
2026-09-03 08:00:00+00:00,225.46,226.3762,224.41,225.7055,0
2026-09-03 08:15:00+00:00,225.83,225.895,225.45,225.77,0
2026-09-03 08:30:00+00:00,225.77,225.78,225.245,225.4,0
2026-09-03 08:45:00+00:00,225.495,225.5988,225.24,225.4,0
2026-09-03 09:00:00+00:00,225.4042,225.5512,225.2645,225.3927,0
2026-09-03 09:15:00+00:00,225.417,225.42,225.0,225.1955,0
2026-09-03 09:30:00+00:00,225.02,225.197,224.8,224.83,0
2026-09-03 09:45:00+00:00,224.87,224.9,224.39,224.7,0
2026-09-03 10:00:00+00:00,224.6,224.8975,224.56,224.56,0
2026-09-03 10:15:00+00:00,224.64,224.8688,224.5012,224.6664,0
2026-09-03 10:30:00+00:00,224.648,224.8643,224.6,224.8643,0
2026-09-03 10:45:00+00:00,224.83,224.8982,224.65,224.7817,0
2026-09-03 11:00:00+00:00,224.81,224.9,224.11,224.26,0
2026-09-03 11:15:00+00:00,224.29,224.65,224.263,224.4817,0
2026-09-03 11:30:00+00:00,224.52,224.55,223.89,224.036,0
2026-09-03 11:45:00+00:00,224.03,224.41,223.01,223.458,0
2026-09-03 12:00:00+00:00,223.46,223.89,223.31,223.71,0
2026-09-03 12:15:00+00:00,223.73,225.05,223.35,225.05,0
2026-09-03 12:30:00+00:00,225.0299,225.65,224.76,225.2007,0
2026-09-03 12:45:00+00:00,225.23,226.07,225.055,225.84,0
2026-09-03 13:00:00+00:00,225.85,226.26,225.56,226.19,0
2026-09-03 13:15:00+00:00,226.19,226.3,225.45,226.01,0
2026-09-03 13:30:00+00:00,226.02000427246094,228.44000244140625,224.75,227.72999572753906,18232744
2026-09-03 13:45:00+00:00,227.7100067138672,229.07000732421875,227.39999389648438,228.27999877929688,8073504
2026-09-03 14:00:00+00:00,228.17999267578125,228.97000122070312,227.5500030517578,228.08949279785156,5720260
2026-09-03 14:15:00+00:00,228.05999755859375,228.67999267578125,227.3300018310547,227.38999938964844,4271571
2026-09-03 14:30:00+00:00,227.38499450683594,227.5800018310547,226.19000244140625,226.4001007080078,4927085
2026-09-03 14:45:00+00:00,226.41000366210938,226.47000122070312,225.44000244140625,226.14500427246094,4425270
2026-09-03 15:00:00+00:00,226.16000366210938,226.9600067138672,225.69000244140625,226.9600067138672,3564534
2026-09-03 15:15:00+00:00,226.9600067138672,227.9499969482422,226.77000427246094,227.81500244140625,4149992
2026-09-03 15:30:00+00:00,227.8300018310547,228.0399932861328,227.1781005859375,227.37950134277344,3381134
2026-09-03 15:45:00+00:00,227.38499450683594,227.72000122070312,227.0800018310547,227.50999450683594,2057928
2026-09-03 16:00:00+00:00,227.50999450683594,228.0500030517578,227.0709991455078,227.8800048828125,2654097
2026-09-03 16:15:00+00:00,227.87539672851562,228.09970092773438,226.8800048828125,227.0399932861328,2447678
2026-09-03 16:30:00+00:00,227.02999877929688,227.94000244140625,227.02000427246094,227.7949981689453,2033318
2026-09-03 16:45:00+00:00,227.7949981689453,227.8300018310547,227.1199951171875,227.53990173339844,1697357
2026-09-03 17:00:00+00:00,227.5500030517578,227.64999389648438,227.17999267578125,227.25999450683594,1539994
2026-09-03 17:15:00+00:00,227.25,227.5800018310547,227.07000732421875,227.44000244140625,1619292
2026-09-03 17:30:00+00:00,227.44009399414062,229.98500061035156,227.39999389648438,229.8300018310547,8512361
2026-09-03 17:45:00+00:00,229.83999633789062,230.35000610351562,229.2100067138672,230.02000427246094,9045990
2026-09-03 18:00:00+00:00,230.02000427246094,230.39999389648438,229.88999938964844,230.13519287109375,4376683
2026-09-03 18:15:00+00:00,230.1300048828125,230.39999389648438,229.49000549316406,229.50999450683594,3004671
2026-09-03 18:30:00+00:00,229.5137939453125,230.10000610351562,229.27999877929688,229.5749969482422,2765245
2026-09-03 18:45:00+00:00,229.5749969482422,229.88009643554688,229.32000732421875,229.44000244140625,2039535
2026-09-03 19:00:00+00:00,229.44529724121094,229.69000244140625,229.1699981689453,229.3498992919922,2335760
2026-09-03 19:15:00+00:00,229.33999633789062,229.67999267578125,229.33999633789062,229.53799438476562,2500337
2026-09-03 19:30:00+00:00,229.5500030517578,229.69000244140625,228.8000030517578,228.96499633789062,2972530
2026-09-03 19:45:00+00:00,228.96499633789062,229.14500427246094,228.3300018310547,228.39999389648438,6542974
2026-09-03 20:00:00+00:00,228.41,228.75,228.22,228.52,0
2026-09-03 20:15:00+00:00,228.52,228.6106,228.39,228.45,0
2026-09-03 20:30:00+00:00,228.4407,228.55,228.44,228.54,0
2026-09-03 20:45:00+00:00,228.54,237.9406,218.6296,228.4972,0
2026-09-03 21:00:00+00:00,228.49,237.9406,215.0322,228.6,0
2026-09-03 21:15:00+00:00,228.5941,228.67,215.0322,228.52,0
2026-09-03 21:30:00+00:00,228.52,228.75,228.45,228.71,0
2026-09-03 21:45:00+00:00,228.75,229.0498,228.71,228.9,0
2026-09-03 22:00:00+00:00,228.9177,229.19,228.73,229.025,0
2026-09-03 22:15:00+00:00,229.0356,229.38,229.0,229.28,0
2026-09-03 22:30:00+00:00,229.2877,229.52,229.17,229.2877,0
2026-09-03 22:45:00+00:00,229.29,229.49,229.15,229.4523,0
2026-09-03 23:00:00+00:00,229.46,229.58,229.4307,229.48,0
2026-09-03 23:15:00+00:00,229.49,229.72,229.4,229.65,0
2026-09-03 23:30:00+00:00,229.68,229.85,229.54,229.83,0
2026-09-03 23:45:00+00:00,229.8387,229.96,229.6,229.622,0
2026-09-04 08:00:00+00:00,230.35,230.79,228.45,230.65,0
2026-09-04 08:15:00+00:00,230.65,230.98,230.5,230.8769,0
2026-09-04 08:30:00+00:00,230.89,230.9053,230.25,230.36,0
2026-09-04 08:45:00+00:00,230.3525,230.68,230.3035,230.57,0
2026-09-04 09:00:00+00:00,230.54,230.56,229.98,230.0,0
2026-09-04 09:15:00+00:00,229.922,230.4232,229.85,230.26,0
2026-09-04 09:30:00+00:00,230.28,230.55,230.26,230.52,0
2026-09-04 09:45:00+00:00,230.538,230.97,230.466,230.8912,0
2026-09-04 10:00:00+00:00,230.9387,231.77,230.9012,231.72,0
2026-09-04 10:15:00+00:00,231.71,232.49,231.68,232.26,0
2026-09-04 10:30:00+00:00,232.143,232.3355,231.62,231.68,0
2026-09-04 10:45:00+00:00,231.68,232.098,231.41,231.49,0
2026-09-04 11:00:00+00:00,231.43,231.55,228.45,231.37,0
2026-09-04 11:15:00+00:00,231.3556,231.43,231.01,231.1143,0
2026-09-04 11:30:00+00:00,231.0517,231.35,230.9,231.0,0
2026-09-04 11:45:00+00:00,230.99,231.25,230.94,231.2,0
2026-09-04 12:00:00+00:00,231.24,232.13,231.13,231.905,0
2026-09-04 12:15:00+00:00,231.87,232.08,231.55,231.7,0
2026-09-04 12:30:00+00:00,231.7772,231.7772,230.52,230.9,0
2026-09-04 12:45:00+00:00,230.95,230.97,230.12,230.59,0
2026-09-04 13:00:00+00:00,230.588,230.7,230.3,230.611,0
2026-09-04 13:15:00+00:00,230.66,231.7,230.6,231.13,0
2026-09-04 13:30:00+00:00,231.14199829101562,233.77000427246094,229.82000732421875,232.91000366210938,20779871
2026-09-04 13:45:00+00:00,232.85000610351562,234.64999389648438,232.6300048828125,234.55999755859375,12051534
2026-09-04 14:00:00+00:00,234.55999755859375,234.55999755859375,232.9199981689453,234.19500732421875,7520709
2026-09-04 14:15:00+00:00,234.19000244140625,234.75999450683594,233.36000061035156,234.71609497070312,6773617
2026-09-04 14:30:00+00:00,234.72000122070312,234.74000549316406,233.22000122070312,233.4499969482422,5765604
2026-09-04 14:45:00+00:00,233.44000244140625,233.5500030517578,232.1199951171875,232.24000549316406,4568177
2026-09-04 15:00:00+00:00,232.2449951171875,232.80999755859375,231.64999389648438,232.46499633789062,4458597
2026-09-04 15:15:00+00:00,232.46499633789062,232.55499267578125,231.75999450683594,231.78500366210938,2901660
2026-09-04 15:30:00+00:00,231.77999877929688,232.05889892578125,231.27000427246094,231.86500549316406,3485124
2026-09-04 15:45:00+00:00,231.86500549316406,231.91000366210938,230.72999572753906,231.0449981689453,3214265
2026-09-04 16:00:00+00:00,231.02999877929688,231.3350067138672,230.50999450683594,231.17340087890625,3088657
2026-09-04 16:15:00+00:00,231.1649932861328,231.25,230.7126007080078,231.15499877929688,2365796
2026-09-04 16:30:00+00:00,231.14999389648438,231.6300048828125,231.0,231.58999633789062,2602997
2026-09-04 16:45:00+00:00,231.5800018310547,232.23500061035156,231.2779998779297,231.57000732421875,3740783
2026-09-04 17:00:00+00:00,231.57000732421875,231.64999389648438,230.92999267578125,230.9550018310547,2178594
2026-09-04 17:15:00+00:00,230.9600067138672,231.08999633789062,230.60299682617188,230.75,2199276
2026-09-04 17:30:00+00:00,230.74000549316406,230.77999877929688,230.3000030517578,230.375,2209145
2026-09-04 17:45:00+00:00,230.3800048828125,230.45700073242188,230.07000732421875,230.26539611816406,2216151
2026-09-04 18:00:00+00:00,230.25999450683594,230.3697967529297,229.89999389648438,230.22999572753906,2952176
2026-09-04 18:15:00+00:00,230.22999572753906,230.47000122070312,230.16000366210938,230.35000610351562,1834496
2026-09-04 18:30:00+00:00,230.35000610351562,230.42999267578125,230.08999633789062,230.31500244140625,1499041
2026-09-04 18:45:00+00:00,230.30999755859375,230.69500732421875,230.3000030517578,230.60499572753906,2133831
2026-09-04 19:00:00+00:00,230.60000610351562,230.72000122070312,229.85000610351562,230.0,2526541
2026-09-04 19:15:00+00:00,230.00999450683594,230.2050018310547,229.85000610351562,229.8699951171875,2033165
2026-09-04 19:30:00+00:00,229.8699951171875,230.27000427246094,229.6300048828125,229.98500061035156,3302326
2026-09-04 19:45:00+00:00,229.98500061035156,231.08999633789062,229.9600067138672,230.34500122070312,7747170
2026-09-04 20:00:00+00:00,230.36,230.36,229.56,229.96,0
2026-09-04 20:15:00+00:00,229.96,230.36,229.81,229.9805,0
2026-09-04 20:30:00+00:00,229.9977,230.08,229.94,230.01,0
2026-09-04 20:45:00+00:00,230.01,230.36,229.94,230.0,0
2026-09-04 21:00:00+00:00,229.9844,242.8142,216.0477,230.0,0
2026-09-04 21:15:00+00:00,230.02,230.36,229.98,229.99,0
2026-09-04 21:30:00+00:00,229.98,230.03,229.94,230.0177,0
2026-09-04 21:45:00+00:00,230.0195,230.36,230.0,230.081,0
2026-09-04 22:00:00+00:00,230.089,230.15,229.95,229.9585,0
2026-09-04 22:15:00+00:00,229.951,230.09,229.8617,230.0182,0
2026-09-04 22:30:00+00:00,230.03,230.09,229.93,229.991,0
2026-09-04 22:45:00+00:00,229.9902,230.08,229.91,229.9397,0
2026-09-04 23:00:00+00:00,229.94,229.99,229.86,229.94,0
2026-09-04 23:15:00+00:00,229.95,229.96,229.86,229.8941,0
2026-09-04 23:30:00+00:00,229.88,230.15,227.41,229.84,0
2026-09-04 23:45:00+00:00,229.7741,230.18,227.48,229.5,0
2026-09-08 08:00:00+00:00,231.0,233.0502,230.3125,230.73,0
2026-09-08 08:15:00+00:00,230.7578,230.94,230.6512,230.808,0
2026-09-08 08:30:00+00:00,230.73,230.87,230.45,230.58,0
2026-09-08 08:45:00+00:00,230.5998,230.8852,230.37,230.5488,0
2026-09-08 09:00:00+00:00,230.47,231.0,230.28,230.936,0
2026-09-08 09:15:00+00:00,230.9443,231.0,230.8025,230.95,0
2026-09-08 09:30:00+00:00,230.99,231.68,230.9512,231.384,0
2026-09-08 09:45:00+00:00,231.39,231.76,231.3042,231.75,0
2026-09-08 10:00:00+00:00,231.74,231.88,231.4457,231.5843,0
2026-09-08 10:15:00+00:00,231.5843,231.9845,231.48,231.7,0
2026-09-08 10:30:00+00:00,231.6427,231.75,231.2,231.6772,0
2026-09-08 10:45:00+00:00,231.67,231.71,230.9047,231.18,0
2026-09-08 11:00:00+00:00,231.19,231.3772,230.36,230.8467,0
2026-09-08 11:15:00+00:00,230.8204,231.25,230.8,231.0201,0
2026-09-08 11:30:00+00:00,231.08,231.29,230.8,230.85,0
2026-09-08 11:45:00+00:00,230.86,231.73,230.75,231.71,0
2026-09-08 12:00:00+00:00,231.69,231.7,231.35,231.36,0
2026-09-08 12:15:00+00:00,231.3612,231.89,231.3,231.8,0
2026-09-08 12:30:00+00:00,231.818,232.31,231.76,231.99,0
2026-09-08 12:45:00+00:00,232.0,232.6,231.99,232.2441,0
2026-09-08 13:00:00+00:00,232.2457,232.65,232.1852,232.61,0
2026-09-08 13:15:00+00:00,232.62,233.23,232.4305,233.21,0
2026-09-08 13:30:00+00:00,233.2100067138672,233.7100067138672,229.4600067138672,229.76499938964844,15602751
2026-09-08 13:45:00+00:00,229.77999877929688,230.47000122070312,229.05999755859375,229.57119750976562,6309885
2026-09-08 14:00:00+00:00,229.5800018310547,229.70989990234375,228.05999755859375,228.4906005859375,5463310
2026-09-08 14:15:00+00:00,228.50999450683594,228.6999969482422,227.6300048828125,227.9423065185547,4712261
2026-09-08 14:30:00+00:00,227.9600067138672,227.9600067138672,227.10000610351562,227.44000244140625,4410675
2026-09-08 14:45:00+00:00,227.44000244140625,227.4499969482422,226.77000427246094,227.05499267578125,4194902
2026-09-08 15:00:00+00:00,227.05999755859375,227.8000030517578,226.9199981689453,227.38009643554688,4415093
2026-09-08 15:15:00+00:00,227.3896942138672,227.57000732421875,226.37440490722656,226.8699951171875,4902451
2026-09-08 15:30:00+00:00,226.87159729003906,227.13999938964844,226.33999633789062,226.9145965576172,3094028
2026-09-08 15:45:00+00:00,226.9199981689453,226.9600067138672,226.07000732421875,226.25999450683594,3536494
2026-09-08 16:00:00+00:00,226.27000427246094,226.47999572753906,225.8699951171875,226.0522003173828,3336795
2026-09-08 16:15:00+00:00,226.05999755859375,226.08999633789062,225.57000732421875,225.66000366210938,2972222
2026-09-08 16:30:00+00:00,225.6699981689453,226.1750030517578,225.5500030517578,225.8300018310547,2988037
2026-09-08 16:45:00+00:00,225.83999633789062,226.1999969482422,225.60000610351562,225.75,2585492
2026-09-08 17:00:00+00:00,225.75,226.36990356445312,225.72999572753906,226.07699584960938,2243366
2026-09-08 17:15:00+00:00,226.0767059326172,226.22000122070312,225.4600067138672,225.64999389648438,2403610
2026-09-08 17:30:00+00:00,225.6699981689453,226.25999450683594,225.64999389648438,225.89500427246094,2003645
2026-09-08 17:45:00+00:00,225.8979949951172,226.13999938964844,225.75999450683594,225.76499938964844,1548910
2026-09-08 18:00:00+00:00,225.76620483398438,226.03500366210938,225.7100067138672,225.88499450683594,1318088
2026-09-08 18:15:00+00:00,225.88999938964844,226.14999389648438,225.84500122070312,226.0800018310547,1339932
2026-09-08 18:30:00+00:00,226.0800018310547,226.39990234375,225.81610107421875,226.2100067138672,2271161
2026-09-08 18:45:00+00:00,226.2050018310547,226.22999572753906,225.25,225.6750030517578,2926866
2026-09-08 19:00:00+00:00,225.67999267578125,225.77000427246094,225.4199981689453,225.5500030517578,2022500
2026-09-08 19:15:00+00:00,225.55499267578125,225.63499450683594,225.3000030517578,225.5500030517578,2187612
2026-09-08 19:30:00+00:00,225.5500030517578,225.89999389648438,225.30999755859375,225.5749969482422,3134265
2026-09-08 19:45:00+00:00,225.5800018310547,225.89999389648438,224.85000610351562,225.77000427246094,8450001
2026-09-08 20:00:00+00:00,225.78,225.94,225.51,225.751,0
2026-09-08 20:15:00+00:00,225.75,225.78,225.53,225.58,0
2026-09-08 20:30:00+00:00,225.57,225.69,225.55,225.5954,0
2026-09-08 20:45:00+00:00,225.57,225.77,216.0287,225.75,0
2026-09-08 21:00:00+00:00,225.75,238.2209,212.9972,225.721,0
2026-09-08 21:15:00+00:00,225.7202,232.4888,212.9972,225.64,0
2026-09-08 21:30:00+00:00,225.64,232.4888,216.0287,225.6456,0
2026-09-08 21:45:00+00:00,225.6456,238.2209,225.45,225.61,0
2026-09-08 22:00:00+00:00,225.5776,225.73,225.4,225.7044,0
2026-09-08 22:15:00+00:00,225.7,225.81,225.58,225.7496,0
2026-09-08 22:30:00+00:00,225.75,225.98,225.7,225.89,0
2026-09-08 22:45:00+00:00,225.91,226.0,225.82,225.9576,0
2026-09-08 23:00:00+00:00,225.9576,225.99,225.8012,225.84,0
2026-09-08 23:15:00+00:00,225.84,225.89,225.69,225.71,0
2026-09-08 23:30:00+00:00,225.69,225.72,225.34,225.36,0
2026-09-08 23:45:00+00:00,225.4,225.53,225.2,225.31,0
2026-09-09 08:00:00+00:00,225.9918,226.4791,225.73,226.116,0
2026-09-09 08:15:00+00:00,226.116,226.4012,226.0,226.3797,0
2026-09-09 08:30:00+00:00,226.29,226.4425,225.85,225.89,0
2026-09-09 08:45:00+00:00,225.89,226.2157,225.8237,226.09,0
2026-09-09 09:00:00+00:00,226.08,226.15,225.8452,225.97,0
2026-09-09 09:15:00+00:00,225.9512,226.0557,225.6512,225.82,0
2026-09-09 09:30:00+00:00,225.8,225.94,225.3,225.33,0
2026-09-09 09:45:00+00:00,225.31,225.5145,224.06,224.2,0
2026-09-09 10:00:00+00:00,224.2,224.6137,223.9027,224.32,0
2026-09-09 10:15:00+00:00,224.26,224.6,224.05,224.495,0
2026-09-09 10:30:00+00:00,224.51,224.95,224.26,224.38,0
2026-09-09 10:45:00+00:00,224.44,224.6,224.15,224.39,0
2026-09-09 11:00:00+00:00,224.39,224.95,224.19,224.56,0
2026-09-09 11:15:00+00:00,224.55,224.8285,224.3,224.68,0
2026-09-09 11:30:00+00:00,224.67,224.95,224.5,224.768,0
2026-09-09 11:45:00+00:00,224.76,225.35,224.7025,224.864,0
2026-09-09 12:00:00+00:00,224.88,224.95,224.31,224.366,0
2026-09-09 12:15:00+00:00,224.324,224.8,224.32,224.48,0
2026-09-09 12:30:00+00:00,224.44,224.77,224.38,224.6,0
2026-09-09 12:45:00+00:00,224.6164,224.79,224.51,224.6287,0
2026-09-09 13:00:00+00:00,224.58,224.8967,224.51,224.68,0
2026-09-09 13:15:00+00:00,224.65,225.3422,224.27,225.31,0
2026-09-09 13:30:00+00:00,225.27000427246094,226.17999267578125,224.5601043701172,224.77000427246094,8556770
2026-09-09 13:45:00+00:00,224.77499389648438,225.3300018310547,224.39999389648438,224.85009765625,4419509
2026-09-09 14:00:00+00:00,224.85499572753906,224.89999389648438,223.82000732421875,224.25,4427760
2026-09-09 14:15:00+00:00,224.2449951171875,225.38999938964844,223.5500030517578,224.88499450683594,4623775
2026-09-09 14:30:00+00:00,224.875,225.3800048828125,224.1300048828125,224.4550018310547,3408352
2026-09-09 14:45:00+00:00,224.4600067138672,224.77000427246094,224.0800018310547,224.46499633789062,2482501
2026-09-09 15:00:00+00:00,224.47000122070312,224.82000732421875,224.1699981689453,224.2899932861328,2767940
2026-09-09 15:15:00+00:00,224.3000030517578,224.6199951171875,223.50999450683594,223.59010314941406,4816207
2026-09-09 15:30:00+00:00,223.60000610351562,224.6300048828125,223.5800018310547,224.17999267578125,2536716
2026-09-09 15:45:00+00:00,224.17999267578125,224.46499633789062,224.1199951171875,224.4199981689453,1617082
2026-09-09 16:00:00+00:00,224.44000244140625,224.50999450683594,223.86500549316406,223.88999938964844,1519045
2026-09-09 16:15:00+00:00,223.8800048828125,223.9600067138672,223.69000244140625,223.86000061035156,1570355
2026-09-09 16:30:00+00:00,223.86000061035156,224.17999267578125,223.75,224.16000366210938,1102246
2026-09-09 16:45:00+00:00,224.16000366210938,224.40989685058594,224.02000427246094,224.05999755859375,1220348
2026-09-09 17:00:00+00:00,224.0500030517578,224.49000549316406,223.90499877929688,224.41050720214844,1254567
2026-09-09 17:15:00+00:00,224.4149932861328,224.4149932861328,224.19000244140625,224.27000427246094,960924
2026-09-09 17:30:00+00:00,224.27000427246094,224.3800048828125,224.05099487304688,224.33999633789062,1055858
2026-09-09 17:45:00+00:00,224.3300018310547,224.38999938964844,224.11500549316406,224.23500061035156,1016742
2026-09-09 18:00:00+00:00,224.23500061035156,224.4199981689453,224.0500030517578,224.11500549316406,1047454
2026-09-09 18:15:00+00:00,224.1199951171875,224.25999450683594,223.89999389648438,224.19500732421875,1157259
2026-09-09 18:30:00+00:00,224.19500732421875,224.24000549316406,224.08999633789062,224.15699768066406,851032
2026-09-09 18:45:00+00:00,224.14999389648438,224.2050018310547,223.6300048828125,223.6699981689453,1496933
2026-09-09 19:00:00+00:00,223.6750030517578,224.17999267578125,223.4600067138672,223.62010192871094,2459739
2026-09-09 19:15:00+00:00,223.625,224.375,223.57000732421875,224.13499450683594,2274055
2026-09-09 19:30:00+00:00,224.13999938964844,224.24000549316406,223.74029541015625,223.83680725097656,1952444
2026-09-09 19:45:00+00:00,223.82000732421875,224.02999877929688,223.5,223.6999969482422,6451540
2026-09-09 20:00:00+00:00,223.77,224.0,223.6012,223.7755,0
2026-09-09 20:15:00+00:00,223.75,223.8,223.65,223.77,0
2026-09-09 20:30:00+00:00,223.74,223.76,223.69,223.71,0
2026-09-09 20:45:00+00:00,223.7177,226.2547,223.63,226.2547,0
2026-09-09 21:00:00+00:00,223.6847,230.15,223.65,223.65,0
2026-09-09 21:15:00+00:00,223.655,226.2547,223.62,223.65,0
2026-09-09 21:30:00+00:00,223.68,223.68,223.6,223.6,0
2026-09-09 21:45:00+00:00,223.6412,223.67,223.51,223.57,0
2026-09-09 22:00:00+00:00,223.6,223.67,223.47,223.56,0
2026-09-09 22:15:00+00:00,223.48,223.67,223.46,223.46,0
2026-09-09 22:30:00+00:00,223.4855,223.67,223.46,223.63,0
2026-09-09 22:45:00+00:00,223.65,223.65,223.51,223.5441,0
2026-09-09 23:00:00+00:00,223.54,223.58,223.5,223.5295,0
2026-09-09 23:15:00+00:00,223.5105,223.59,223.5,223.5045,0
2026-09-09 23:30:00+00:00,223.5299,223.53,223.45,223.5292,0
2026-09-09 23:45:00+00:00,223.55,223.67,223.47,223.6699,0
2026-09-10 08:00:00+00:00,222.77,223.67,222.6165,223.0067,0
2026-09-10 08:15:00+00:00,223.0067,223.6,222.8155,223.4172,0
2026-09-10 08:30:00+00:00,223.4172,223.599,223.1537,223.2975,0
2026-09-10 08:45:00+00:00,223.2975,223.3687,223.05,223.2377,0
2026-09-10 09:00:00+00:00,223.2377,223.46,223.0925,223.4587,0
2026-09-10 09:15:00+00:00,223.4587,223.569,223.39,223.5467,0
2026-09-10 09:30:00+00:00,223.5467,223.5467,223.0,223.2392,0
2026-09-10 09:45:00+00:00,223.2392,223.4988,223.175,223.2025,0
2026-09-10 10:00:00+00:00,223.2975,223.4845,223.1,223.2867,0
2026-09-10 10:15:00+00:00,223.2867,223.2965,223.05,223.2742,0
2026-09-10 10:30:00+00:00,223.2742,223.2742,222.713,223.0662,0
2026-09-10 10:45:00+00:00,223.0662,223.2,222.75,223.056,0
2026-09-10 11:00:00+00:00,223.056,223.18,222.51,222.8282,0
2026-09-10 11:15:00+00:00,222.8282,222.83,222.4312,222.5975,0
2026-09-10 11:30:00+00:00,222.5025,222.765,222.4222,222.499,0
2026-09-10 11:45:00+00:00,222.499,222.5,222.07,222.2185,0
2026-09-10 12:00:00+00:00,222.2185,222.49,221.79,222.2547,0
2026-09-10 12:15:00+00:00,222.2547,222.26,221.653,221.97,0
2026-09-10 12:30:00+00:00,222.0462,223.67,220.76,220.899,0
2026-09-10 12:45:00+00:00,220.899,223.42,220.23,220.2792,0
2026-09-10 13:00:00+00:00,220.2784,220.8,196.93,220.599,0
2026-09-10 13:15:00+00:00,220.599,221.178,220.24,220.6912,0
2026-09-10 13:30:00+00:00,220.48500061035156,220.99000549316406,218.2899932861328,218.30499267578125,14949442
2026-09-10 13:45:00+00:00,218.30999755859375,218.8979949951172,217.1999969482422,217.3769989013672,6626422
2026-09-10 14:00:00+00:00,217.39999389648438,218.4199981689453,217.2899932861328,217.99000549316406,4344007
2026-09-10 14:15:00+00:00,217.97999572753906,219.05999755859375,217.85499572753906,218.22999572753906,4396645
2026-09-10 14:30:00+00:00,218.22999572753906,218.52000427246094,217.97000122070312,218.3300018310547,3354444
2026-09-10 14:45:00+00:00,218.32000732421875,218.57000732421875,217.75999450683594,218.14500427246094,3427886
2026-09-10 15:00:00+00:00,218.14999389648438,218.58999633789062,217.92999267578125,218.32989501953125,2964602
2026-09-10 15:15:00+00:00,218.32000732421875,218.4949951171875,217.8000030517578,218.14999389648438,2364834
2026-09-10 15:30:00+00:00,218.1436004638672,219.0,218.00999450683594,218.73500061035156,2899094
2026-09-10 15:45:00+00:00,218.73500061035156,219.1199951171875,218.5,218.77999877929688,2095540
2026-09-10 16:00:00+00:00,218.77999877929688,219.19000244140625,218.3000030517578,218.32000732421875,2900473
2026-09-10 16:15:00+00:00,218.3300018310547,218.72000122070312,217.52999877929688,217.75,2946515
2026-09-10 16:30:00+00:00,217.75,218.42999267578125,217.63999938964844,218.42999267578125,3377258
2026-09-10 16:45:00+00:00,218.4398956298828,218.89500427246094,218.41700744628906,218.75,1553764
2026-09-10 17:00:00+00:00,218.75999450683594,219.1300048828125,218.6199951171875,218.74000549316406,2000656
2026-09-10 17:15:00+00:00,218.75,218.84979248046875,218.4499969482422,218.69000244140625,1317975
2026-09-10 17:30:00+00:00,218.68499755859375,218.68499755859375,218.1199951171875,218.36000061035156,1635784
2026-09-10 17:45:00+00:00,218.36720275878906,218.6199951171875,218.2949981689453,218.3708953857422,1160757
2026-09-10 18:00:00+00:00,218.35000610351562,218.52999877929688,218.02000427246094,218.18069458007812,1276668
2026-09-10 18:15:00+00:00,218.17050170898438,218.32000732421875,218.02999877929688,218.03500366210938,1112711
2026-09-10 18:30:00+00:00,218.0301055908203,218.0850067138672,217.7449951171875,217.9127960205078,1691780
2026-09-10 18:45:00+00:00,217.9199981689453,218.4499969482422,217.8249969482422,218.23080444335938,1755705
2026-09-10 19:00:00+00:00,218.22999572753906,218.2899932861328,217.69000244140625,217.97000122070312,2145157
2026-09-10 19:15:00+00:00,217.97000122070312,218.3845977783203,217.97000122070312,218.3000030517578,1932743
2026-09-10 19:30:00+00:00,218.30990600585938,218.75,218.20010375976562,218.4600067138672,3811716
2026-09-10 19:45:00+00:00,218.47000122070312,218.94000244140625,218.22000122070312,218.3800048828125,6574310
2026-09-10 20:00:00+00:00,218.4,223.67,218.13,218.578,0
2026-09-10 20:15:00+00:00,218.5,218.659,218.36,218.5087,0
2026-09-10 20:30:00+00:00,218.5088,218.5585,218.3,218.4792,0
2026-09-10 20:45:00+00:00,218.4792,222.3682,218.32,218.4275,0
2026-09-10 21:00:00+00:00,218.4275,233.7118,208.1399,219.4462,0
2026-09-10 21:15:00+00:00,219.4462,223.8906,218.36,218.848,0
2026-09-10 21:30:00+00:00,218.848,218.9862,218.505,218.695,0
2026-09-10 21:45:00+00:00,218.695,218.83,218.36,218.7685,0
2026-09-10 22:00:00+00:00,218.7685,218.9,218.69,218.8782,0
2026-09-10 22:15:00+00:00,218.8782,218.9,218.5,218.6462,0
2026-09-10 22:30:00+00:00,218.6462,218.69,218.35,218.3697,0
2026-09-10 22:45:00+00:00,218.3697,218.673,218.31,218.3985,0
2026-09-10 23:00:00+00:00,218.3985,218.478,218.25,218.3585,0
2026-09-10 23:15:00+00:00,218.3585,218.36,218.152,218.288,0
2026-09-10 23:30:00+00:00,218.288,218.36,218.1,218.1195,0
2026-09-10 23:45:00+00:00,218.1195,218.2,217.68,217.76,0
2026-09-11 08:00:00+00:00,218.15,220.0485,217.79,219.725,0
2026-09-11 08:15:00+00:00,219.725,220.3,219.5047,220.099,0
2026-09-11 08:30:00+00:00,220.099,220.3,220.01,220.127,0
2026-09-11 08:45:00+00:00,220.127,220.39,220.013,220.2987,0
2026-09-11 09:00:00+00:00,220.2987,220.56,219.84,220.0787,0
2026-09-11 09:15:00+00:00,220.0787,220.4967,220.03,220.2992,0
2026-09-11 09:30:00+00:00,220.2992,220.38,220.11,220.1587,0
2026-09-11 09:45:00+00:00,220.1587,220.3788,220.11,220.3397,0
2026-09-11 10:00:00+00:00,220.33,220.5,220.12,220.3585,0
2026-09-11 10:15:00+00:00,220.3585,220.3982,220.18,220.1995,0
2026-09-11 10:30:00+00:00,220.1979,220.275,220.102,220.178,0
2026-09-11 10:45:00+00:00,220.178,220.27,220.1,220.188,0
2026-09-11 11:00:00+00:00,220.188,220.2,219.58,219.8292,0
2026-09-11 11:15:00+00:00,219.8292,220.147,219.75,219.987,0
2026-09-11 11:30:00+00:00,219.987,220.05,219.73,219.9082,0
2026-09-11 11:45:00+00:00,219.9082,219.9082,219.55,219.6477,0
2026-09-11 12:00:00+00:00,219.58,219.8272,219.1,219.2567,0
2026-09-11 12:15:00+00:00,219.2567,219.83,219.12,219.7467,0
2026-09-11 12:30:00+00:00,219.6,219.92,218.34,219.9192,0
2026-09-11 12:45:00+00:00,219.9192,221.54,219.8,221.3777,0
2026-09-11 13:00:00+00:00,221.316,221.89,220.81,220.9787,0
2026-09-11 13:15:00+00:00,220.9787,221.47,220.7,221.15,0
2026-09-11 13:30:00+00:00,221.25,221.33999633789062,219.03070068359375,220.05999755859375,12438364
2026-09-11 13:45:00+00:00,220.07000732421875,221.7100067138672,219.34500122070312,221.58999633789062,5502821
2026-09-11 14:00:00+00:00,221.6300048828125,222.0,220.80999755859375,221.1699981689453,5036248
2026-09-11 14:15:00+00:00,221.1699981689453,221.92999267578125,220.64999389648438,221.60000610351562,3798445
2026-09-11 14:30:00+00:00,221.58999633789062,221.58999633789062,219.6699981689453,219.78810119628906,4513767
2026-09-11 14:45:00+00:00,219.77999877929688,220.11000061035156,219.3000030517578,219.47000122070312,2877548
2026-09-11 15:00:00+00:00,219.4499969482422,220.27999877929688,219.36160278320312,219.7805938720703,2142973
2026-09-11 15:15:00+00:00,219.7982940673828,220.5749969482422,219.7899932861328,220.1800994873047,2355469
2026-09-11 15:30:00+00:00,220.17999267578125,220.3000030517578,219.42010498046875,219.57000732421875,2853654
2026-09-11 15:45:00+00:00,219.57000732421875,219.83990478515625,219.50050354003906,219.68499755859375,1477836
2026-09-11 16:00:00+00:00,219.67999267578125,219.9698944091797,219.5500030517578,219.5800018310547,1514419
2026-09-11 16:15:00+00:00,219.5800018310547,219.58999633789062,219.08999633789062,219.16000366210938,1699375
2026-09-11 16:30:00+00:00,219.16000366210938,219.22000122070312,218.64999389648438,219.11990356445312,2126750
2026-09-11 16:45:00+00:00,219.11500549316406,219.24000549316406,218.9600067138672,219.10499572753906,1310099
2026-09-11 17:00:00+00:00,219.11000061035156,219.36000061035156,218.89999389648438,218.98500061035156,1894571
2026-09-11 17:15:00+00:00,218.98500061035156,219.42999267578125,218.94000244140625,219.25,1297095
2026-09-11 17:30:00+00:00,219.25599670410156,219.41000366210938,219.0,219.2899932861328,1232881
2026-09-11 17:45:00+00:00,219.3000030517578,219.39999389648438,219.0800018310547,219.14500427246094,948272
2026-09-11 18:00:00+00:00,219.13999938964844,219.25,219.02999877929688,219.1999969482422,799600
2026-09-11 18:15:00+00:00,219.18739318847656,219.55990600585938,219.09500122070312,219.50999450683594,1324798
2026-09-11 18:30:00+00:00,219.5050048828125,220.00999450683594,219.49000549316406,219.64999389648438,2280961
2026-09-11 18:45:00+00:00,219.65499877929688,219.66990661621094,219.24000549316406,219.35000610351562,1335134
2026-09-11 19:00:00+00:00,219.33999633789062,219.44500732421875,218.81069946289062,219.11000061035156,1966622
2026-09-11 19:15:00+00:00,219.10009765625,219.22999572753906,218.36000061035156,218.41000366210938,2007169
2026-09-11 19:30:00+00:00,218.4199981689453,218.83999633789062,218.22999572753906,218.7657928466797,2840089
2026-09-11 19:45:00+00:00,218.75999450683594,218.85000610351562,218.14999389648438,218.1999969482422,5016636
2026-09-11 20:00:00+00:00,218.19,220.0007,218.05,218.3487,0
2026-09-11 20:15:00+00:00,218.3,230.14,218.29,218.369,0
2026-09-11 20:30:00+00:00,218.369,218.42,218.29,218.3797,0
2026-09-11 20:45:00+00:00,218.3797,218.4,218.35,218.3987,0
2026-09-11 21:00:00+00:00,218.3987,218.4,218.3,218.3492,0
2026-09-11 21:15:00+00:00,218.3492,221.6755,214.971,218.3697,0
2026-09-11 21:30:00+00:00,218.3697,232.0498,214.971,218.3797,0
2026-09-11 21:45:00+00:00,218.3795,218.38,218.35,218.3597,0
2026-09-11 22:00:00+00:00,218.3597,218.39,218.34,218.3595,0
2026-09-11 22:15:00+00:00,218.3595,218.3787,218.31,218.3397,0
2026-09-11 22:30:00+00:00,218.3399,218.35,218.111,218.1892,0
2026-09-11 22:45:00+00:00,218.1892,218.23,218.16,218.2295,0
2026-09-11 23:00:00+00:00,218.23,218.29,218.21,218.2792,0
2026-09-11 23:15:00+00:00,218.2695,218.32,218.25,218.2795,0
2026-09-11 23:30:00+00:00,218.2795,218.29,218.25,218.2697,0
2026-09-11 23:45:00+00:00,218.2602,218.27,218.17,218.26,0
2026-09-14 08:00:00+00:00,213.94,215.02,213.3917,213.7382,0
2026-09-14 08:15:00+00:00,213.7,213.74,212.831,212.878,0
2026-09-14 08:30:00+00:00,212.878,213.1562,212.7925,212.9185,0
2026-09-14 08:45:00+00:00,212.9185,212.9965,211.9,212.0967,0
2026-09-14 09:00:00+00:00,212.01,212.25,211.29,211.4995,0
2026-09-14 09:15:00+00:00,211.4985,211.7,211.0,211.45,0
2026-09-14 09:30:00+00:00,211.4982,211.99,211.44,211.8577,0
2026-09-14 09:45:00+00:00,211.8582,212.0,211.75,211.928,0
2026-09-14 10:00:00+00:00,211.928,211.96,211.54,211.7292,0
2026-09-14 10:15:00+00:00,211.7292,212.18,211.5225,212.009,0
2026-09-14 10:30:00+00:00,212.009,212.25,211.86,212.1565,0
2026-09-14 10:45:00+00:00,212.1565,212.35,211.5112,212.3475,0
2026-09-14 11:00:00+00:00,212.32,218.29,212.05,212.189,0
2026-09-14 11:15:00+00:00,212.189,213.289,211.92,213.289,0
2026-09-14 11:30:00+00:00,213.2987,213.389,213.0,213.1682,0
2026-09-14 11:45:00+00:00,213.1682,213.3975,212.8,212.89,0
2026-09-14 12:00:00+00:00,212.889,213.06,212.5225,212.8182,0
2026-09-14 12:15:00+00:00,212.8182,217.745,212.7,212.8195,0
2026-09-14 12:30:00+00:00,212.82,212.94,212.18,212.7177,0
2026-09-14 12:45:00+00:00,212.7177,218.29,212.03,212.0792,0
2026-09-14 13:00:00+00:00,212.08,212.3,211.73,212.1987,0
2026-09-14 13:15:00+00:00,212.19,212.63,211.1,211.33,0
2026-09-14 13:30:00+00:00,211.0800018310547,211.5,208.92999267578125,209.86000061035156,28630817
2026-09-14 13:45:00+00:00,209.86000061035156,211.55999755859375,209.84629821777344,210.7899932861328,9101542
2026-09-14 14:00:00+00:00,210.7899932861328,211.6999969482422,210.4499969482422,211.4199981689453,5887966
2026-09-14 14:15:00+00:00,211.4250030517578,211.52999877929688,210.07000732421875,210.4550018310547,4589016
2026-09-14 14:30:00+00:00,210.4499969482422,211.02000427246094,210.25,210.52000427246094,3663789
2026-09-14 14:45:00+00:00,210.52999877929688,210.86000061035156,210.3000030517578,210.47999572753906,2736093
2026-09-14 15:00:00+00:00,210.4600067138672,211.25999450683594,210.27999877929688,210.74000549316406,2917255
2026-09-14 15:15:00+00:00,210.72999572753906,211.60000610351562,210.71800231933594,211.4600067138672,3052976
2026-09-14 15:30:00+00:00,211.4499969482422,212.1999969482422,211.1999969482422,212.0500030517578,4059684
2026-09-14 15:45:00+00:00,212.0574951171875,212.3300018310547,211.67999267578125,212.1884002685547,2631054
2026-09-14 16:00:00+00:00,212.17999267578125,212.28500366210938,211.65150451660156,211.6898956298828,2150847
2026-09-14 16:15:00+00:00,211.6999969482422,212.22999572753906,211.67999267578125,211.7899932861328,2042470
2026-09-14 16:30:00+00:00,211.77000427246094,211.86000061035156,211.50999450683594,211.86000061035156,1542806
2026-09-14 16:45:00+00:00,211.85499572753906,212.38999938964844,211.6999969482422,212.10499572753906,2107238
2026-09-14 17:00:00+00:00,212.10989379882812,212.3800048828125,212.05889892578125,212.0709991455078,1433905
2026-09-14 17:15:00+00:00,212.07000732421875,212.58999633789062,211.9600067138672,212.5800018310547,1777265
2026-09-14 17:30:00+00:00,212.58999633789062,212.6060028076172,212.1667022705078,212.37840270996094,1495448
2026-09-14 17:45:00+00:00,212.3699951171875,212.77000427246094,212.3699951171875,212.41009521484375,1765802
2026-09-14 18:00:00+00:00,212.4199981689453,212.6300048828125,212.1999969482422,212.4600067138672,3305273
2026-09-14 18:15:00+00:00,212.4600067138672,212.4949951171875,212.03500366210938,212.09500122070312,1514339
2026-09-14 18:30:00+00:00,212.11000061035156,212.4499969482422,212.07000732421875,212.39999389648438,1539953
2026-09-14 18:45:00+00:00,212.39999389648438,212.5800018310547,212.22999572753906,212.55499267578125,1462693
2026-09-14 19:00:00+00:00,212.57000732421875,212.6199951171875,212.19000244140625,212.27999877929688,2786877
2026-09-14 19:15:00+00:00,212.27000427246094,212.36000061035156,212.10000610351562,212.10499572753906,3708346
2026-09-14 19:30:00+00:00,212.10000610351562,212.1999969482422,211.67999267578125,212.07000732421875,3410225
2026-09-14 19:45:00+00:00,212.0749969482422,212.39999389648438,210.7899932861328,210.88999938964844,10201445
2026-09-14 20:00:00+00:00,210.94,211.2282,210.27,211.0987,0
2026-09-14 20:15:00+00:00,211.05,211.55,210.9,211.5292,0
2026-09-14 20:30:00+00:00,211.5487,212.4,209.01,212.3792,0
2026-09-14 20:45:00+00:00,212.36,226.5096,199.969,212.398,0
2026-09-14 21:00:00+00:00,212.398,226.5096,199.969,212.2095,0
2026-09-14 21:15:00+00:00,212.2095,221.775,202.5263,212.3975,0
2026-09-14 21:30:00+00:00,212.3975,212.4,210.96,212.2487,0
2026-09-14 21:45:00+00:00,212.2487,212.54,212.2,212.539,0
2026-09-14 22:00:00+00:00,212.51,212.58,212.3,212.4992,0
2026-09-14 22:15:00+00:00,212.5,212.62,212.3122,212.3977,0
2026-09-14 22:30:00+00:00,212.3977,212.45,212.18,212.2295,0
2026-09-14 22:45:00+00:00,212.2295,212.4,212.2,212.3877,0
2026-09-14 23:00:00+00:00,212.3877,212.4,212.2,212.3892,0
2026-09-14 23:15:00+00:00,212.3892,212.39,212.25,212.2987,0
2026-09-14 23:30:00+00:00,212.2987,212.3,212.11,212.1695,0
2026-09-14 23:45:00+00:00,212.1695,212.17,212.01,212.04,0
2026-09-15 08:00:00+00:00,211.81,212.61,210.96,211.1987,0
2026-09-15 08:15:00+00:00,211.1987,211.6,211.1923,211.4952,0
2026-09-15 08:30:00+00:00,211.4952,211.4952,211.2,211.3782,0
2026-09-15 08:45:00+00:00,211.3782,211.5,211.2222,211.3977,0
2026-09-15 09:00:00+00:00,211.3977,211.6845,211.2212,211.5157,0
2026-09-15 09:15:00+00:00,211.5157,211.75,211.2312,211.7465,0
2026-09-15 09:30:00+00:00,211.7465,211.9188,211.5437,211.917,0
2026-09-15 09:45:00+00:00,211.917,212.32,211.803,212.188,0
2026-09-15 10:00:00+00:00,212.188,212.44,212.112,212.3465,0
2026-09-15 10:15:00+00:00,212.3465,212.44,212.082,212.378,0
2026-09-15 10:30:00+00:00,212.302,212.5,212.2425,212.4172,0
2026-09-15 10:45:00+00:00,212.4172,212.43,212.1927,212.3795,0
2026-09-15 11:00:00+00:00,212.36,212.64,212.34,212.518,0
2026-09-15 11:15:00+00:00,212.442,212.54,212.15,212.2792,0
2026-09-15 11:30:00+00:00,212.2792,212.28,212.01,212.2377,0
2026-09-15 11:45:00+00:00,212.2377,212.3787,212.122,212.3085,0
2026-09-15 12:00:00+00:00,212.31,220.91,212.0232,212.4987,0
2026-09-15 12:15:00+00:00,212.4987,212.7692,212.2207,212.2882,0
2026-09-15 12:30:00+00:00,212.2882,212.35,211.98,212.3377,0
2026-09-15 12:45:00+00:00,212.3377,212.96,212.2927,212.55,0
2026-09-15 13:00:00+00:00,212.5695,212.84,211.1696,212.8135,0
2026-09-15 13:15:00+00:00,212.8,213.49,212.27,213.49,0
2026-09-15 13:30:00+00:00,213.08999633789062,213.87950134277344,212.5625,213.30999755859375,13152347
2026-09-15 13:45:00+00:00,213.31500244140625,213.94000244140625,212.99000549316406,213.25,4741527
2026-09-15 14:00:00+00:00,213.25999450683594,213.30239868164062,212.41050720214844,212.63999938964844,4650655
2026-09-15 14:15:00+00:00,212.63499450683594,212.89999389648438,211.9600067138672,212.74009704589844,3187069
2026-09-15 14:30:00+00:00,212.74000549316406,213.05999755859375,212.52049255371094,212.7100067138672,2720525
2026-09-15 14:45:00+00:00,212.7100067138672,212.9499969482422,211.6300048828125,212.03500366210938,3083752
2026-09-15 15:00:00+00:00,212.03500366210938,212.58999633789062,212.02000427246094,212.2299041748047,2032588
2026-09-15 15:15:00+00:00,212.22500610351562,212.3699951171875,211.97999572753906,212.25999450683594,2538790
2026-09-15 15:30:00+00:00,212.2510986328125,212.47000122070312,211.99049377441406,212.27999877929688,1595093
2026-09-15 15:45:00+00:00,212.27999877929688,212.44000244140625,211.92999267578125,212.17990112304688,1816121
2026-09-15 16:00:00+00:00,212.19000244140625,212.35000610351562,211.83999633789062,211.8419952392578,1560376
2026-09-15 16:15:00+00:00,211.8498992919922,212.1699981689453,211.80499267578125,211.97000122070312,1587837
2026-09-15 16:30:00+00:00,211.9600067138672,212.19500732421875,211.7100067138672,212.0800018310547,1390574
2026-09-15 16:45:00+00:00,212.0749969482422,212.16000366210938,211.6999969482422,211.77000427246094,1373639
2026-09-15 17:00:00+00:00,211.77499389648438,211.8000030517578,211.27000427246094,211.4250030517578,1923175
2026-09-15 17:15:00+00:00,211.4250030517578,211.74029541015625,211.16000366210938,211.3300018310547,1618711
2026-09-15 17:30:00+00:00,211.33990478515625,211.7899932861328,211.3300018310547,211.54989624023438,1424459
2026-09-15 17:45:00+00:00,211.55999755859375,211.97999572753906,211.4700927734375,211.9597930908203,1561927
2026-09-15 18:00:00+00:00,211.9600067138672,212.11000061035156,211.6699981689453,211.6999969482422,1689224
2026-09-15 18:15:00+00:00,211.7100067138672,212.1999969482422,211.55999755859375,212.10000610351562,1316574
2026-09-15 18:30:00+00:00,212.10000610351562,212.3300018310547,211.92999267578125,212.0124053955078,1492282
2026-09-15 18:45:00+00:00,212.02000427246094,212.14999389648438,211.91000366210938,212.110107421875,1294427
2026-09-15 19:00:00+00:00,212.10000610351562,212.19000244140625,211.8800048828125,212.01499938964844,1238989
2026-09-15 19:15:00+00:00,212.02000427246094,212.14999389648438,211.88999938964844,212.1363983154297,1310337
2026-09-15 19:30:00+00:00,212.11000061035156,212.1699981689453,211.75,211.93499755859375,1679580
2026-09-15 19:45:00+00:00,211.92999267578125,212.3000030517578,211.83009338378906,212.1699981689453,4743957
2026-09-15 20:00:00+00:00,212.14,212.43,212.1112,212.3992,0
2026-09-15 20:15:00+00:00,212.37,212.46,212.17,212.3992,0
2026-09-15 20:30:00+00:00,212.3992,212.65,212.37,212.6295,0
2026-09-15 20:45:00+00:00,212.6295,212.69,212.17,212.5995,0
2026-09-15 21:00:00+00:00,212.5995,212.62,212.41,212.5272,0
2026-09-15 21:15:00+00:00,212.5272,218.6291,208.233,212.3987,0
2026-09-15 21:30:00+00:00,212.3987,224.9013,200.674,212.249,0
2026-09-15 21:45:00+00:00,212.2457,212.4,212.17,212.3682,0
2026-09-15 22:00:00+00:00,212.37,212.49,210.7,212.299,0
2026-09-15 22:15:00+00:00,212.299,212.64,212.26,212.58,0
2026-09-15 22:30:00+00:00,212.5987,212.6788,212.55,212.6092,0
2026-09-15 22:45:00+00:00,212.6092,212.61,212.4105,212.488,0
2026-09-15 23:00:00+00:00,212.488,212.4888,212.17,212.4197,0
2026-09-15 23:15:00+00:00,212.4197,212.4888,212.17,212.2775,0
2026-09-15 23:30:00+00:00,212.2775,212.44,212.18,212.439,0
2026-09-15 23:45:00+00:00,212.439,212.46,212.3012,212.3705,0
2026-09-16 08:00:00+00:00,213.83,213.9185,212.17,213.478,0
2026-09-16 08:15:00+00:00,213.478,213.7075,213.35,213.636,0
2026-09-16 08:30:00+00:00,213.636,213.6962,213.2,213.408,0
2026-09-16 08:45:00+00:00,213.408,213.598,213.203,213.588,0
2026-09-16 09:00:00+00:00,213.588,213.6975,213.28,213.3482,0
2026-09-16 09:15:00+00:00,213.3482,213.35,213.05,213.07,0
2026-09-16 09:30:00+00:00,213.0987,213.41,213.0512,213.4087,0
2026-09-16 09:45:00+00:00,213.4087,213.41,213.164,213.3882,0
2026-09-16 10:00:00+00:00,213.3882,213.41,213.01,213.24,0
2026-09-16 10:15:00+00:00,213.2882,213.32,213.1432,213.2487,0
2026-09-16 10:30:00+00:00,213.2487,213.2995,213.15,213.2582,0
2026-09-16 10:45:00+00:00,213.2582,213.3857,213.15,213.38,0
2026-09-16 11:00:00+00:00,213.24,213.52,213.1,213.1195,0
2026-09-16 11:15:00+00:00,213.1,213.2292,213.0,213.2092,0
2026-09-16 11:30:00+00:00,213.2092,213.52,213.161,213.4585,0
2026-09-16 11:45:00+00:00,213.4585,213.789,213.4,213.6995,0
2026-09-16 12:00:00+00:00,213.6995,214.25,213.62,214.039,0
2026-09-16 12:15:00+00:00,214.039,214.3,213.95,214.2987,0
2026-09-16 12:30:00+00:00,214.28,214.5,208.58,213.7585,0
2026-09-16 12:45:00+00:00,213.71,214.0,213.6,213.8475,0
2026-09-16 13:00:00+00:00,213.8475,214.8852,213.5503,213.988,0
2026-09-16 13:15:00+00:00,213.96,214.36,213.84,214.22,0
2026-09-16 13:30:00+00:00,213.72000122070312,214.36000061035156,213.30999755859375,213.47000122070312,10161367
2026-09-16 13:45:00+00:00,213.89999389648438,215.14999389648438,213.80999755859375,214.7198944091797,4909708
2026-09-16 14:00:00+00:00,214.8000030517578,215.25,214.5500030517578,214.80599975585938,3451293
2026-09-16 14:15:00+00:00,214.82000732421875,215.3000030517578,214.7606964111328,215.02000427246094,2636301
2026-09-16 14:30:00+00:00,215.0399932861328,215.35000610351562,214.8415069580078,215.2801055908203,2500147
2026-09-16 14:45:00+00:00,215.2801055908203,215.5,215.10000610351562,215.4499969482422,2245976
2026-09-16 15:00:00+00:00,215.4499969482422,216.3000030517578,215.4499969482422,215.97500610351562,3797836
2026-09-16 15:15:00+00:00,215.97000122070312,216.0850067138672,215.67999267578125,215.85000610351562,2041572
2026-09-16 15:30:00+00:00,215.85499572753906,216.2899932861328,215.77999877929688,216.15499877929688,2207794
2026-09-16 15:45:00+00:00,216.15499877929688,216.75999450683594,216.0399932861328,216.0500030517578,2396623
2026-09-16 16:00:00+00:00,216.05169677734375,216.1699981689453,215.50010681152344,215.7050018310547,1864631
2026-09-16 16:15:00+00:00,215.70849609375,215.97000122070312,215.60000610351562,215.8699951171875,1405739
2026-09-16 16:30:00+00:00,215.8699951171875,215.97000122070312,215.7519989013672,215.8699951171875,1395108
2026-09-16 16:45:00+00:00,215.875,216.19000244140625,215.875,216.0050048828125,1295997
2026-09-16 17:00:00+00:00,216.0050048828125,216.0050048828125,215.4499969482422,215.67010498046875,1551048
2026-09-16 17:15:00+00:00,215.67999267578125,215.68499755859375,215.22999572753906,215.44000244140625,1471153
2026-09-16 17:30:00+00:00,215.4499969482422,215.5,214.72000122070312,214.7449951171875,1532226
2026-09-16 17:45:00+00:00,214.75990295410156,215.3300018310547,214.72999572753906,215.25,1644951
2026-09-16 18:00:00+00:00,215.2550048828125,216.44500732421875,214.95249938964844,215.6699981689453,3292465
2026-09-16 18:15:00+00:00,215.69000244140625,215.90989685058594,215.08999633789062,215.52760314941406,2032154
2026-09-16 18:30:00+00:00,215.52000427246094,215.75860595703125,214.19070434570312,215.5449981689453,3609833
2026-09-16 18:45:00+00:00,215.52999877929688,215.72000122070312,213.69000244140625,213.86500549316406,3444785
2026-09-16 19:00:00+00:00,213.8699951171875,214.47999572753906,212.77000427246094,212.9949951171875,3785950
2026-09-16 19:15:00+00:00,213.00709533691406,213.39999389648438,212.5,213.35000610351562,3331450
2026-09-16 19:30:00+00:00,213.3350067138672,214.07969665527344,213.1999969482422,213.66000366210938,3426845
2026-09-16 19:45:00+00:00,213.6320037841797,214.4499969482422,213.3350067138672,213.91000366210938,7652486
2026-09-16 20:00:00+00:00,213.91,214.48,213.72,214.3682,0
2026-09-16 20:15:00+00:00,214.3,214.42,213.9,214.2692,0
2026-09-16 20:30:00+00:00,214.2692,227.095,213.9,214.3882,0
2026-09-16 20:45:00+00:00,214.3895,219.648,201.9537,214.3895,0
2026-09-16 21:00:00+00:00,214.3895,227.095,208.18,214.4487,0
2026-09-16 21:15:00+00:00,214.4487,214.45,214.39,214.4195,0
2026-09-16 21:30:00+00:00,214.4195,214.88,214.4,214.8382,0
2026-09-16 21:45:00+00:00,214.8382,214.84,213.9,214.7382,0
2026-09-16 22:00:00+00:00,214.6787,214.7372,214.35,214.6697,0
2026-09-16 22:15:00+00:00,214.6697,214.84,214.6,214.8292,0
2026-09-16 22:30:00+00:00,214.8292,215.25,214.8031,215.0877,0
2026-09-16 22:45:00+00:00,215.0977,215.1888,214.84,214.9182,0
2026-09-16 23:00:00+00:00,214.9182,215.08,214.85,215.0195,0
2026-09-16 23:15:00+00:00,215.0195,215.24,215.0,215.1987,0
2026-09-16 23:30:00+00:00,215.1987,215.3197,215.05,215.3197,0
2026-09-16 23:45:00+00:00,215.3197,215.8,215.3,215.68,0
2026-09-17 08:00:00+00:00,216.29,216.5885,213.9,216.1975,0
2026-09-17 08:15:00+00:00,216.1975,216.7595,216.1017,216.7587,0
2026-09-17 08:30:00+00:00,216.7587,216.89,216.57,216.689,0
2026-09-17 08:45:00+00:00,216.689,217.1987,216.612,217.06,0
2026-09-17 09:00:00+00:00,217.0892,217.4,217.06,217.2585,0
2026-09-17 09:15:00+00:00,217.26,217.3987,217.09,217.317,0
2026-09-17 09:30:00+00:00,217.317,217.56,217.23,217.3572,0
2026-09-17 09:45:00+00:00,217.3572,217.3575,217.1,217.22,0
2026-09-17 10:00:00+00:00,217.2177,217.2277,216.8,216.9882,0
2026-09-17 10:15:00+00:00,216.9882,217.2,216.91,217.1087,0
2026-09-17 10:30:00+00:00,217.1087,217.1088,216.8,216.8487,0
2026-09-17 10:45:00+00:00,216.8,217.0487,216.7615,217.0465,0
2026-09-17 11:00:00+00:00,216.965,217.38,216.77,216.9175,0
2026-09-17 11:15:00+00:00,216.9175,216.92,216.3317,216.7987,0
2026-09-17 11:30:00+00:00,216.75,216.95,207.75,216.8585,0
2026-09-17 11:45:00+00:00,216.8585,217.12,216.5,217.118,0
2026-09-17 12:00:00+00:00,217.12,217.55,217.02,217.4697,0
2026-09-17 12:15:00+00:00,217.46,218.18,217.43,218.0975,0
2026-09-17 12:30:00+00:00,218.05,218.9787,217.9992,218.3992,0
2026-09-17 12:45:00+00:00,218.37,218.8,218.21,218.5,0
2026-09-17 13:00:00+00:00,218.51,218.79,218.3,218.5787,0
2026-09-17 13:15:00+00:00,218.5787,219.0,218.19,218.4,0
2026-09-17 13:30:00+00:00,218.38800048828125,218.6999969482422,217.14500427246094,217.82000732421875,12708072
2026-09-17 13:45:00+00:00,217.8300018310547,219.19000244140625,217.7100067138672,219.02999877929688,5383889
2026-09-17 14:00:00+00:00,219.03509521484375,219.64999389648438,218.5,219.4949951171875,5222008
2026-09-17 14:15:00+00:00,219.47999572753906,219.85000610351562,219.07000732421875,219.50999450683594,4388019
2026-09-17 14:30:00+00:00,219.5050048828125,219.8699951171875,219.3000946044922,219.35000610351562,2975737
2026-09-17 14:45:00+00:00,219.35000610351562,219.36500549316406,218.91000366210938,219.1300048828125,2648408
2026-09-17 15:00:00+00:00,219.14999389648438,219.47000122070312,218.7700958251953,218.83949279785156,2141172
2026-09-17 15:15:00+00:00,218.82000732421875,219.30999755859375,218.8000030517578,219.22999572753906,1879405
2026-09-17 15:30:00+00:00,219.24989318847656,219.27999877929688,218.94000244140625,219.1649932861328,1418183
2026-09-17 15:45:00+00:00,219.1699981689453,219.22999572753906,218.7100067138672,218.9600067138672,1581127
2026-09-17 16:00:00+00:00,218.9600067138672,219.02999877929688,218.6199951171875,218.71499633789062,1282870
2026-09-17 16:15:00+00:00,218.72000122070312,219.0,218.69000244140625,218.92999267578125,2710506
2026-09-17 16:30:00+00:00,218.9250030517578,219.0399932861328,218.72000122070312,218.90499877929688,2247298
2026-09-17 16:45:00+00:00,218.9149932861328,219.0800018310547,218.47999572753906,218.6999969482422,2345167
2026-09-17 17:00:00+00:00,218.7050018310547,219.19000244140625,218.67999267578125,218.89999389648438,1231466
2026-09-17 17:15:00+00:00,218.92999267578125,219.02000427246094,218.77999877929688,218.89500427246094,1159364
2026-09-17 17:30:00+00:00,218.89999389648438,219.39999389648438,218.75999450683594,219.39010620117188,1623248
2026-09-17 17:45:00+00:00,219.39999389648438,219.4499969482422,219.10009765625,219.2449951171875,1231125
2026-09-17 18:00:00+00:00,219.2449951171875,219.54989624023438,219.07009887695312,219.39999389648438,1628518
2026-09-17 18:15:00+00:00,219.39999389648438,219.8249969482422,219.39500427246094,219.5500030517578,2032066
2026-09-17 18:30:00+00:00,219.5500030517578,219.64999389648438,219.30999755859375,219.41000366210938,1352964
2026-09-17 18:45:00+00:00,219.41000366210938,219.5500030517578,219.31500244140625,219.3699951171875,1110914
2026-09-17 19:00:00+00:00,219.3699951171875,219.75999450683594,219.34500122070312,219.6699981689453,1573309
2026-09-17 19:15:00+00:00,219.6699981689453,219.85499572753906,219.5399932861328,219.58999633789062,1643843
2026-09-17 19:30:00+00:00,219.5800018310547,219.8000030517578,219.36279296875,219.4499969482422,2161493
2026-09-17 19:45:00+00:00,219.44000244140625,219.89999389648438,219.22000122070312,219.39999389648438,6401134
2026-09-17 20:00:00+00:00,219.36,219.3862,218.73,219.1225,0
2026-09-17 20:15:00+00:00,219.22,219.34,218.9,218.988,0
2026-09-17 20:30:00+00:00,218.988,219.13,218.9,219.04,0
2026-09-17 20:45:00+00:00,219.04,222.3682,211.4094,219.2792,0
2026-09-17 21:00:00+00:00,219.2792,230.3812,206.172,219.349,0
2026-09-17 21:15:00+00:00,219.349,219.37,211.5445,219.32,0
2026-09-17 21:30:00+00:00,219.339,219.37,219.3,219.3695,0
2026-09-17 21:45:00+00:00,219.3695,219.48,219.35,219.4685,0
2026-09-17 22:00:00+00:00,219.42,219.48,219.15,219.317,0
2026-09-17 22:15:00+00:00,219.317,219.317,219.1,219.2072,0
2026-09-17 22:30:00+00:00,219.2072,219.34,219.02,219.0795,0
2026-09-17 22:45:00+00:00,219.0795,219.19,219.06,219.179,0
2026-09-17 23:00:00+00:00,219.179,219.3482,219.105,219.2475,0
2026-09-17 23:15:00+00:00,219.2475,219.25,219.1,219.2465,0
2026-09-17 23:30:00+00:00,219.2465,219.3,219.11,219.2482,0
2026-09-17 23:45:00+00:00,219.2482,219.29,219.1,219.2308,0
2026-09-18 08:00:00+00:00,221.7,222.0,219.34,221.3677,0
2026-09-18 08:15:00+00:00,221.3677,221.69,221.2817,221.5377,0
2026-09-18 08:30:00+00:00,221.47,221.67,221.3832,221.5977,0
2026-09-18 08:45:00+00:00,221.5977,221.65,221.29,221.3585,0
2026-09-18 09:00:00+00:00,221.3585,221.4987,221.2,221.4577,0
2026-09-18 09:15:00+00:00,221.4577,221.4887,221.08,221.1197,0
2026-09-18 09:30:00+00:00,221.1197,221.15,220.6822,220.6822,0
2026-09-18 09:45:00+00:00,220.69,220.85,220.5922,220.5922,0
2026-09-18 10:00:00+00:00,220.6777,220.988,220.6147,220.9,0
2026-09-18 10:15:00+00:00,220.93,221.097,220.823,220.9497,0
2026-09-18 10:30:00+00:00,220.9497,221.2,220.8125,220.9992,0
2026-09-18 10:45:00+00:00,220.9992,221.01,220.74,220.9375,0
2026-09-18 11:00:00+00:00,220.82,220.918,219.34,220.5957,0
2026-09-18 11:15:00+00:00,220.5957,220.6,220.03,220.1475,0
2026-09-18 11:30:00+00:00,220.1475,220.34,219.81,219.9175,0
2026-09-18 11:45:00+00:00,219.9175,220.08,219.77,219.8785,0
2026-09-18 12:00:00+00:00,219.88,220.0777,219.15,219.4195,0
2026-09-18 12:15:00+00:00,219.4195,219.54,219.09,219.2178,0
2026-09-18 12:30:00+00:00,219.2475,219.47,219.1525,219.3887,0
2026-09-18 12:45:00+00:00,219.3887,219.3985,218.95,219.1682,0
2026-09-18 13:00:00+00:00,219.1,222.58,218.93,219.209,0
2026-09-18 13:15:00+00:00,219.209,219.95,218.55,219.09,0
2026-09-18 13:30:00+00:00,219.36000061035156,220.07000732421875,218.0399932861328,219.72999572753906,23945167
2026-09-18 13:45:00+00:00,219.72500610351562,220.0399932861328,219.1999969482422,219.2200927734375,3439816
2026-09-18 14:00:00+00:00,219.22000122070312,220.88999938964844,218.9199981689453,220.625,5334114
2026-09-18 14:15:00+00:00,220.64999389648438,220.83999633789062,219.52000427246094,219.52000427246094,3156838
2026-09-18 14:30:00+00:00,219.5,219.57000732421875,218.85000610351562,219.0500030517578,4428633
2026-09-18 14:45:00+00:00,219.0500030517578,219.5500030517578,218.9739990234375,219.00999450683594,3164489
2026-09-18 15:00:00+00:00,219.00999450683594,219.5500030517578,219.0,219.47500610351562,2557998
2026-09-18 15:15:00+00:00,219.4600067138672,219.9149932861328,219.44000244140625,219.8350067138672,1925952
2026-09-18 15:30:00+00:00,219.8300018310547,219.91009521484375,219.44009399414062,219.63999938964844,1759182
2026-09-18 15:45:00+00:00,219.64999389648438,219.75,219.47000122070312,219.52000427246094,1711313
2026-09-18 16:00:00+00:00,219.5449981689453,219.58999633789062,219.27499389648438,219.4600067138672,1802428
2026-09-18 16:15:00+00:00,219.44000244140625,219.80999755859375,219.14999389648438,219.5395965576172,1832990
2026-09-18 16:30:00+00:00,219.5399932861328,219.93499755859375,219.47000122070312,219.5399932861328,1361878
2026-09-18 16:45:00+00:00,219.53500366210938,219.80999755859375,219.4250030517578,219.65499877929688,2849999
2026-09-18 17:00:00+00:00,219.66000366210938,219.97000122070312,219.42999267578125,219.93499755859375,2349561
2026-09-18 17:15:00+00:00,219.92999267578125,220.2653045654297,219.85000610351562,220.0,1712403
2026-09-18 17:30:00+00:00,220.0,220.0,219.63499450683594,219.81500244140625,1261749
2026-09-18 17:45:00+00:00,219.81500244140625,219.8350067138672,219.4001007080078,219.49000549316406,1158087
2026-09-18 18:00:00+00:00,219.4886932373047,219.6300048828125,219.3800048828125,219.51199340820312,1112328
2026-09-18 18:15:00+00:00,219.51499938964844,219.6999969482422,219.3000030517578,219.38999938964844,1379709
2026-09-18 18:30:00+00:00,219.39999389648438,219.49000549316406,219.27999877929688,219.3350067138672,1643477
2026-09-18 18:45:00+00:00,219.33999633789062,219.88499450683594,219.3249969482422,219.55999755859375,2653434
2026-09-18 19:00:00+00:00,219.56199645996094,219.62989807128906,219.36000061035156,219.57000732421875,1844610
2026-09-18 19:15:00+00:00,219.57000732421875,219.9499969482422,219.47000122070312,219.47999572753906,2815522
2026-09-18 19:30:00+00:00,219.47999572753906,219.80999755859375,219.36000061035156,219.77499389648438,2395429
2026-09-18 19:45:00+00:00,219.77000427246094,222.72999572753906,219.63999938964844,222.08999633789062,16884187
2026-09-18 20:00:00+00:00,222.0782,222.3,221.58,221.7492,0
2026-09-18 20:15:00+00:00,221.75,222.27,221.51,221.5987,0
2026-09-18 20:30:00+00:00,221.5987,222.27,221.31,221.4995,0
2026-09-18 20:45:00+00:00,221.4995,222.27,221.48,221.9667,0
2026-09-18 21:00:00+00:00,221.9667,224.225,216.0477,222.1272,0
2026-09-18 21:15:00+00:00,222.1272,234.6997,216.0477,222.0687,0
2026-09-18 21:30:00+00:00,222.0687,222.28,222.02,222.2695,0
2026-09-18 21:45:00+00:00,222.2695,222.33,222.06,222.298,0
2026-09-18 22:00:00+00:00,222.298,222.49,222.222,222.3292,0
2026-09-18 22:15:00+00:00,222.3292,222.33,222.08,222.1975,0
2026-09-18 22:30:00+00:00,222.1975,222.34,222.05,222.208,0
2026-09-18 22:45:00+00:00,222.208,230.32,222.13,222.2992,0
2026-09-18 23:00:00+00:00,222.2992,222.48,222.27,222.4482,0
2026-09-18 23:15:00+00:00,222.4482,222.47,222.38,222.41,0
2026-09-18 23:30:00+00:00,222.4487,222.5,222.36,222.4997,0
2026-09-18 23:45:00+00:00,222.4997,222.58,222.48,222.53,0
2026-09-21 08:00:00+00:00,223.2,223.96,223.0832,223.899,0
2026-09-21 08:15:00+00:00,223.899,224.0,223.85,223.9867,0
2026-09-21 08:30:00+00:00,223.9867,224.2387,223.86,224.1295,0
2026-09-21 08:45:00+00:00,224.1295,224.1682,224.01,224.1682,0
2026-09-21 09:00:00+00:00,224.1017,224.7185,224.0915,224.589,0
2026-09-21 09:15:00+00:00,224.589,224.7975,224.52,224.737,0
2026-09-21 09:30:00+00:00,224.737,224.8995,224.63,224.8697,0
2026-09-21 09:45:00+00:00,224.8697,224.9,224.52,224.53,0
2026-09-21 10:00:00+00:00,224.5395,224.767,224.3217,224.399,0
2026-09-21 10:15:00+00:00,224.399,224.46,224.25,224.3987,0
2026-09-21 10:30:00+00:00,224.3512,224.55,224.1932,224.3662,0
2026-09-21 10:45:00+00:00,224.3662,224.37,224.05,224.2182,0
2026-09-21 11:00:00+00:00,224.2182,224.3,223.85,224.1495,0
2026-09-21 11:15:00+00:00,224.1495,224.2492,224.06,224.1682,0
2026-09-21 11:30:00+00:00,224.1682,224.23,223.93,224.1287,0
2026-09-21 11:45:00+00:00,224.1287,224.63,224.05,224.539,0
2026-09-21 12:00:00+00:00,224.539,224.67,224.1627,224.2292,0
2026-09-21 12:15:00+00:00,224.2292,224.2962,223.6535,223.7292,0
2026-09-21 12:30:00+00:00,223.7292,223.89,223.4112,223.8121,0
2026-09-21 12:45:00+00:00,223.89,223.89,223.422,223.4985,0
2026-09-21 13:00:00+00:00,223.4985,223.74,223.4,223.4587,0
2026-09-21 13:15:00+00:00,223.4587,223.7,222.55,222.96,0
2026-09-21 13:30:00+00:00,222.93499755859375,224.42120361328125,221.55999755859375,224.13999938964844,11739104
2026-09-21 13:45:00+00:00,224.15060424804688,224.92999267578125,224.07000732421875,224.1300048828125,4362709
2026-09-21 14:00:00+00:00,224.1199951171875,224.2899932861328,222.5800018310547,223.3300018310547,4287278
2026-09-21 14:15:00+00:00,223.3249969482422,223.7949981689453,223.1300048828125,223.63999938964844,3452966
2026-09-21 14:30:00+00:00,223.64500427246094,224.5800018310547,223.55999755859375,224.52000427246094,3070219
2026-09-21 14:45:00+00:00,224.52999877929688,225.16000366210938,224.24330139160156,224.95680236816406,4258367
2026-09-21 15:00:00+00:00,224.9600067138672,225.5,224.91000366210938,225.47000122070312,4227253
2026-09-21 15:15:00+00:00,225.47999572753906,225.4949951171875,224.71009826660156,224.86000061035156,2733469
2026-09-21 15:30:00+00:00,224.875,225.36000061035156,224.8699951171875,225.02999877929688,2248428
2026-09-21 15:45:00+00:00,225.05999755859375,225.27000427246094,224.85000610351562,225.10499572753906,1829270
2026-09-21 16:00:00+00:00,225.10499572753906,225.4499969482422,224.85000610351562,225.36500549316406,4036922
2026-09-21 16:15:00+00:00,225.38999938964844,225.79849243164062,225.2899932861328,225.5800018310547,2202509
2026-09-21 16:30:00+00:00,225.59500122070312,226.5399932861328,225.59500122070312,226.11990356445312,3282824
2026-09-21 16:45:00+00:00,226.1199951171875,226.39999389648438,225.86000061035156,226.28500366210938,1839844
2026-09-21 17:00:00+00:00,226.28500366210938,227.14500427246094,226.24000549316406,227.0800018310547,3106223
2026-09-21 17:15:00+00:00,227.0850067138672,227.24000549316406,226.62030029296875,227.1999969482422,2564624
2026-09-21 17:30:00+00:00,227.19000244140625,227.3699951171875,226.7532958984375,227.25999450683594,2364320
2026-09-21 17:45:00+00:00,227.25,227.6699981689453,227.0800018310547,227.09060668945312,2408677
2026-09-21 18:00:00+00:00,227.10000610351562,227.32000732421875,227.00999450683594,227.18069458007812,1865142
2026-09-21 18:15:00+00:00,227.19200134277344,227.5399932861328,227.07000732421875,227.44000244140625,1930084
2026-09-21 18:30:00+00:00,227.44000244140625,227.69000244140625,227.30999755859375,227.67999267578125,1878492
2026-09-21 18:45:00+00:00,227.6999969482422,228.5,227.47999572753906,227.6898956298828,3851778
2026-09-21 19:00:00+00:00,227.69000244140625,227.82000732421875,227.32000732421875,227.41009521484375,2216133
2026-09-21 19:15:00+00:00,227.4149932861328,227.5800018310547,227.22999572753906,227.39500427246094,2276307
2026-09-21 19:30:00+00:00,227.39999389648438,227.67999267578125,227.2100067138672,227.44000244140625,3008769
2026-09-21 19:45:00+00:00,227.42999267578125,227.5196990966797,226.94000244140625,227.25,6734546
2026-09-21 20:00:00+00:00,227.24,227.49,226.298,227.2097,0
2026-09-21 20:15:00+00:00,227.2002,227.38,226.88,227.079,0
2026-09-21 20:30:00+00:00,227.079,227.0875,226.85,226.9292,0
2026-09-21 20:45:00+00:00,226.9292,227.38,226.82,226.9497,0
2026-09-21 21:00:00+00:00,226.9497,229.1204,223.1792,226.879,0
2026-09-21 21:15:00+00:00,226.879,227.38,225.45,227.1465,0
2026-09-21 21:30:00+00:00,227.1465,227.635,226.87,227.0195,0
2026-09-21 21:45:00+00:00,227.0195,227.07,226.8,226.999,0
2026-09-21 22:00:00+00:00,226.999,227.1985,226.96,227.1292,0
2026-09-21 22:15:00+00:00,227.1292,227.35,227.1,227.2997,0
2026-09-21 22:30:00+00:00,227.2997,227.38,227.15,227.2487,0
2026-09-21 22:45:00+00:00,227.2487,227.28,227.2,227.269,0
2026-09-21 23:00:00+00:00,227.269,227.38,227.22,227.3682,0
2026-09-21 23:15:00+00:00,227.3682,227.4,227.1,227.178,0
2026-09-21 23:30:00+00:00,227.178,227.3,227.1,227.2492,0
2026-09-21 23:45:00+00:00,227.2492,227.44,227.21,227.2938,0
2026-09-22 08:00:00+00:00,226.02,227.528,225.8635,226.3257,0
2026-09-22 08:15:00+00:00,226.3257,226.3257,225.9,225.9975,0
2026-09-22 08:30:00+00:00,226.0,226.5582,225.87,226.5582,0
2026-09-22 08:45:00+00:00,226.5582,226.85,226.3032,226.7872,0
2026-09-22 09:00:00+00:00,226.7872,226.878,226.3427,226.5755,0
2026-09-22 09:15:00+00:00,226.5755,226.8242,226.26,226.4672,0
2026-09-22 09:30:00+00:00,226.4672,226.7,226.32,226.6962,0
2026-09-22 09:45:00+00:00,226.6962,227.38,226.55,227.3282,0
2026-09-22 10:00:00+00:00,227.3282,227.4782,227.11,227.2887,0
2026-09-22 10:15:00+00:00,227.2887,227.4,226.81,227.2965,0
2026-09-22 10:30:00+00:00,227.2965,227.49,227.0222,227.3982,0
2026-09-22 10:45:00+00:00,227.3982,227.67,227.2032,227.6665,0
2026-09-22 11:00:00+00:00,227.6665,227.67,226.8827,227.0975,0
2026-09-22 11:15:00+00:00,227.0975,227.15,226.81,226.8395,0
2026-09-22 11:30:00+00:00,226.8395,227.06,226.75,226.9185,0
2026-09-22 11:45:00+00:00,226.9185,227.06,226.652,226.739,0
2026-09-22 12:00:00+00:00,226.739,226.9585,226.5,226.8265,0
2026-09-22 12:15:00+00:00,226.8265,226.95,226.65,226.9372,0
2026-09-22 12:30:00+00:00,226.8327,226.94,226.23,226.2982,0
2026-09-22 12:45:00+00:00,226.2982,226.4,226.13,226.268,0
2026-09-22 13:00:00+00:00,226.268,226.3075,226.0,226.0987,0
2026-09-22 13:15:00+00:00,226.0987,226.94,225.5607,226.92,0
2026-09-22 13:30:00+00:00,226.91000366210938,229.60000610351562,226.5,228.02999877929688,12249708
2026-09-22 13:45:00+00:00,227.4149932861328,227.9199981689453,227.1999969482422,227.55999755859375,4127323
2026-09-22 14:00:00+00:00,227.55999755859375,228.1999969482422,227.0500030517578,228.14999389648438,4179012
2026-09-22 14:15:00+00:00,228.14999389648438,228.5,227.83999633789062,228.22999572753906,3259740
2026-09-22 14:30:00+00:00,228.22000122070312,228.9199981689453,227.63999938964844,227.9499969482422,3164841
2026-09-22 14:45:00+00:00,227.94000244140625,228.4398956298828,227.70970153808594,228.27499389648438,2312174
2026-09-22 15:00:00+00:00,228.30999755859375,228.92999267578125,228.1300048828125,228.71499633789062,2819289
2026-09-22 15:15:00+00:00,228.7100067138672,229.11000061035156,228.50999450683594,228.81500244140625,2507028
2026-09-22 15:30:00+00:00,228.80999755859375,228.81689453125,228.16000366210938,228.28599548339844,2037729
2026-09-22 15:45:00+00:00,228.28799438476562,228.6649932861328,228.210205078125,228.49000549316406,1476783
2026-09-22 16:00:00+00:00,228.49000549316406,228.8000030517578,228.30999755859375,228.8000030517578,1411060
2026-09-22 16:15:00+00:00,228.7899932861328,229.07000732421875,228.6199951171875,228.67999267578125,1661264
2026-09-22 16:30:00+00:00,228.6750030517578,229.09800720214844,228.59500122070312,228.77000427246094,1456097
2026-09-22 16:45:00+00:00,228.77000427246094,229.38999938964844,228.72000122070312,229.3699951171875,1944629
2026-09-22 17:00:00+00:00,229.3699951171875,229.97999572753906,229.33999633789062,229.75999450683594,2982764
2026-09-22 17:15:00+00:00,229.75990295410156,229.81500244140625,229.3300018310547,229.47000122070312,1646167
2026-09-22 17:30:00+00:00,229.47000122070312,229.54739379882812,228.92999267578125,228.9600067138672,1636266
2026-09-22 17:45:00+00:00,228.95339965820312,229.25,228.74110412597656,229.14019775390625,1814864
2026-09-22 18:00:00+00:00,229.13499450683594,229.41000366210938,228.86000061035156,229.16299438476562,1613775
2026-09-22 18:15:00+00:00,229.16000366210938,229.52000427246094,229.1475067138672,229.42999267578125,1329464
2026-09-22 18:30:00+00:00,229.43499755859375,229.52000427246094,229.17010498046875,229.48500061035156,1283012
2026-09-22 18:45:00+00:00,229.49000549316406,229.58999633789062,229.25,229.30999755859375,1386813
2026-09-22 19:00:00+00:00,229.30999755859375,229.7100067138672,229.1699981689453,229.5500030517578,1856697
2026-09-22 19:15:00+00:00,229.5399932861328,229.80499267578125,229.44000244140625,229.6885986328125,2652382
2026-09-22 19:30:00+00:00,229.67999267578125,229.75999450683594,229.1699981689453,229.19000244140625,2017337
2026-09-22 19:45:00+00:00,229.17999267578125,229.9199981689453,228.60000610351562,228.8300018310547,6342728
2026-09-22 20:00:00+00:00,228.81,228.95,228.06,228.3182,0
2026-09-22 20:15:00+00:00,228.3182,228.87,227.8,228.0992,0
2026-09-22 20:30:00+00:00,228.0992,228.25,228.061,228.2487,0
2026-09-22 20:45:00+00:00,228.2487,228.87,212.9972,228.1877,0
2026-09-22 21:00:00+00:00,228.1877,267.9975,198.1862,228.0985,0
2026-09-22 21:15:00+00:00,228.0985,228.2,212.3439,228.1882,0
2026-09-22 21:30:00+00:00,228.1882,228.4,228.12,228.2497,0
2026-09-22 21:45:00+00:00,228.2497,228.87,228.11,228.1497,0
2026-09-22 22:00:00+00:00,228.1497,228.32,228.1401,228.298,0
2026-09-22 22:15:00+00:00,228.298,228.5,228.21,228.328,0
2026-09-22 22:30:00+00:00,228.328,228.4,228.2137,228.3982,0
2026-09-22 22:45:00+00:00,228.3982,228.4,228.24,228.3295,0
2026-09-22 23:00:00+00:00,228.3295,228.4,228.2812,228.389,0
2026-09-22 23:15:00+00:00,228.389,228.47,228.3,228.4677,0
2026-09-22 23:30:00+00:00,228.4677,228.65,228.38,228.5792,0
2026-09-22 23:45:00+00:00,228.5792,228.65,228.37,228.56,0
2026-09-23 08:00:00+00:00,228.84,229.25,228.14,229.138,0
2026-09-23 08:15:00+00:00,229.0888,229.2485,228.9012,229.187,0
2026-09-23 08:30:00+00:00,229.187,229.2175,228.92,229.0888,0
2026-09-23 08:45:00+00:00,228.9695,229.1,228.9,228.9987,0
2026-09-23 09:00:00+00:00,228.9987,229.249,228.951,229.1492,0
2026-09-23 09:15:00+00:00,229.1492,229.35,229.1207,229.3292,0
2026-09-23 09:30:00+00:00,229.3292,229.39,229.165,229.2587,0
2026-09-23 09:45:00+00:00,229.2587,229.2588,228.9515,229.1877,0
2026-09-23 10:00:00+00:00,229.1877,229.19,228.91,229.0965,0
2026-09-23 10:15:00+00:00,229.0965,229.19,228.8015,229.1072,0
2026-09-23 10:30:00+00:00,229.1072,229.1088,228.85,229.0097,0
2026-09-23 10:45:00+00:00,229.0097,229.178,228.93,229.096,0
2026-09-23 11:00:00+00:00,229.096,229.1755,228.01,228.3692,0
2026-09-23 11:15:00+00:00,228.3692,228.4387,227.702,227.9072,0
2026-09-23 11:30:00+00:00,227.9072,227.9852,227.33,227.6487,0
2026-09-23 11:45:00+00:00,227.6487,227.95,227.605,227.916,0
2026-09-23 12:00:00+00:00,227.916,228.87,227.33,227.4682,0
2026-09-23 12:15:00+00:00,227.4682,227.75,227.3017,227.6985,0
2026-09-23 12:30:00+00:00,227.6985,227.948,227.28,227.3975,0
2026-09-23 12:45:00+00:00,227.3975,227.7977,227.3,227.6995,0
2026-09-23 13:00:00+00:00,227.6995,227.7,227.35,227.6397,0
2026-09-23 13:15:00+00:00,227.63,228.12,227.4,228.07,0
2026-09-23 13:30:00+00:00,228.0800018310547,228.9499969482422,227.60159301757812,228.7449951171875,8334518
2026-09-23 13:45:00+00:00,228.625,228.6533966064453,227.67999267578125,227.72500610351562,3328762
2026-09-23 14:00:00+00:00,227.74000549316406,228.15989685058594,226.0500030517578,226.05999755859375,4181966
2026-09-23 14:15:00+00:00,226.07000732421875,226.37319946289062,225.02000427246094,225.60499572753906,4866082
2026-09-23 14:30:00+00:00,225.61990356445312,226.14999389648438,225.2301025390625,225.9499969482422,2543256
2026-09-23 14:45:00+00:00,225.9600067138672,226.64990234375,225.5341033935547,226.05999755859375,3339862
2026-09-23 15:00:00+00:00,226.05999755859375,226.38999938964844,225.86000061035156,225.9499969482422,1770344
2026-09-23 15:15:00+00:00,225.97000122070312,226.0196075439453,225.3249969482422,225.3699951171875,2509748
2026-09-23 15:30:00+00:00,225.3699951171875,225.6699981689453,225.01499938964844,225.47000122070312,2213937
2026-09-23 15:45:00+00:00,225.47000122070312,225.52999877929688,224.72000122070312,224.7899932861328,2492726
2026-09-23 16:00:00+00:00,224.8000030517578,225.02000427246094,224.6999969482422,224.83999633789062,1503182
2026-09-23 16:15:00+00:00,224.84170532226562,224.91000366210938,224.42999267578125,224.52000427246094,1876732
2026-09-23 16:30:00+00:00,224.52000427246094,224.72999572753906,224.17999267578125,224.21499633789062,2490326
2026-09-23 16:45:00+00:00,224.21499633789062,224.6199951171875,224.02000427246094,224.57269287109375,1904524
2026-09-23 17:00:00+00:00,224.5800018310547,224.85000610351562,224.1300048828125,224.38499450683594,1990153
2026-09-23 17:15:00+00:00,224.3699951171875,224.6649932861328,224.27999877929688,224.4499969482422,1754057
2026-09-23 17:30:00+00:00,224.44549560546875,225.1999969482422,224.37010192871094,225.17190551757812,1416551
2026-09-23 17:45:00+00:00,225.17999267578125,225.39999389648438,225.10000610351562,225.36500549316406,1277406
2026-09-23 18:00:00+00:00,225.37379455566406,225.44000244140625,225.10000610351562,225.3000030517578,1237723
2026-09-23 18:15:00+00:00,225.30999755859375,225.6300048828125,225.27000427246094,225.53500366210938,1399994
2026-09-23 18:30:00+00:00,225.53500366210938,225.5500030517578,225.24139404296875,225.3800048828125,1040568
2026-09-23 18:45:00+00:00,225.38999938964844,225.5399932861328,225.25,225.29150390625,986434
2026-09-23 19:00:00+00:00,225.2899932861328,225.5570068359375,225.13999938964844,225.3000030517578,1325771
2026-09-23 19:15:00+00:00,225.29010009765625,225.47999572753906,225.0299072265625,225.10000610351562,1558265
2026-09-23 19:30:00+00:00,225.10000610351562,225.8000030517578,225.00999450683594,225.27999877929688,2238033
2026-09-23 19:45:00+00:00,225.27499389648438,225.6699981689453,224.72500610351562,225.50999450683594,6494016
2026-09-23 20:00:00+00:00,225.54,226.0,225.31,225.478,0
2026-09-23 20:15:00+00:00,225.48,225.51,225.2,225.328,0
2026-09-23 20:30:00+00:00,225.328,225.37,225.11,225.319,0
2026-09-23 20:45:00+00:00,225.3177,226.2547,225.11,225.3485,0
2026-09-23 21:00:00+00:00,225.3485,225.35,225.0007,225.0179,0
2026-09-23 21:15:00+00:00,225.0195,228.2,225.0,225.0975,0
2026-09-23 21:30:00+00:00,225.0975,225.15,225.0,225.1482,0
2026-09-23 21:45:00+00:00,225.1482,225.24,225.04,225.1877,0
2026-09-23 22:00:00+00:00,225.1877,225.32,225.1,225.2677,0
2026-09-23 22:15:00+00:00,225.2677,225.3,225.16,225.1795,0
2026-09-23 22:30:00+00:00,225.1795,225.51,225.05,225.2475,0
2026-09-23 22:45:00+00:00,225.1525,225.28,225.15,225.2592,0
2026-09-23 23:00:00+00:00,225.2592,225.3475,225.15,225.289,0
2026-09-23 23:15:00+00:00,225.289,225.29,225.15,225.2487,0
2026-09-23 23:30:00+00:00,225.2487,225.3267,225.15,225.3072,0
2026-09-23 23:45:00+00:00,225.3072,225.31,225.04,225.0409,0
2026-09-24 08:00:00+00:00,224.15,225.51,223.24,223.4162,0
2026-09-24 08:15:00+00:00,223.4162,223.5647,222.7,222.9057,0
2026-09-24 08:30:00+00:00,222.9057,223.165,222.5617,222.9977,0
2026-09-24 08:45:00+00:00,222.9977,223.1352,222.36,222.7167,0
2026-09-24 09:00:00+00:00,222.7167,222.719,222.3642,222.6185,0
2026-09-24 09:15:00+00:00,222.6087,222.95,222.3157,222.9085,0
2026-09-24 09:30:00+00:00,222.9085,222.91,222.28,222.4067,0
2026-09-24 09:45:00+00:00,222.4067,222.8882,222.28,222.8882,0
2026-09-24 10:00:00+00:00,222.8882,223.1,222.5045,222.7372,0
2026-09-24 10:15:00+00:00,222.7372,223.1,222.6,222.8462,0
2026-09-24 10:30:00+00:00,222.8462,223.2,222.7,223.1982,0
2026-09-24 10:45:00+00:00,223.1982,223.64,223.0617,223.5545,0
2026-09-24 11:00:00+00:00,223.4,223.5667,222.8,223.1482,0
2026-09-24 11:15:00+00:00,223.1482,223.28,222.8522,222.9377,0
2026-09-24 11:30:00+00:00,222.9377,223.4157,222.8,222.9467,0
2026-09-24 11:45:00+00:00,222.9467,223.0877,222.7,222.9577,0
2026-09-24 12:00:00+00:00,222.9577,223.1092,222.5525,223.109,0
2026-09-24 12:15:00+00:00,223.109,223.7467,223.0402,223.4952,0
2026-09-24 12:30:00+00:00,223.4952,223.5,222.75,223.148,0
2026-09-24 12:45:00+00:00,223.148,223.26,222.8122,222.8977,0
2026-09-24 13:00:00+00:00,222.8977,223.1596,222.63,222.739,0
2026-09-24 13:15:00+00:00,222.739,222.9982,221.7,222.09,0
2026-09-24 13:30:00+00:00,222.64999389648438,223.2299041748047,221.09080505371094,222.72999572753906,9019270
2026-09-24 13:45:00+00:00,222.70199584960938,222.89999389648438,222.19000244140625,222.5675048828125,2768832
2026-09-24 14:00:00+00:00,222.55999755859375,222.94549560546875,221.6699981689453,222.10000610351562,3193287
2026-09-24 14:15:00+00:00,222.09500122070312,222.5500030517578,222.02999877929688,222.46499633789062,1968220
2026-09-24 14:30:00+00:00,222.46499633789062,222.72000122070312,222.13999938964844,222.2100067138672,1843454
2026-09-24 14:45:00+00:00,222.1999969482422,222.44000244140625,221.3699951171875,221.57460021972656,2639235
2026-09-24 15:00:00+00:00,221.5800018310547,221.8000030517578,221.4250030517578,221.5399932861328,1941715
2026-09-24 15:15:00+00:00,221.5399932861328,222.02999877929688,221.52000427246094,221.9499969482422,1878606
2026-09-24 15:30:00+00:00,221.9600067138672,222.13999938964844,221.72000122070312,222.00050354003906,1487791
2026-09-24 15:45:00+00:00,222.00999450683594,222.58999633789062,221.69000244140625,222.41000366210938,1678499
2026-09-24 16:00:00+00:00,222.39999389648438,222.5,222.0500030517578,222.48989868164062,1048505
2026-09-24 16:15:00+00:00,222.4499969482422,223.92999267578125,222.4499969482422,223.3563995361328,2866695
2026-09-24 16:30:00+00:00,223.35000610351562,224.4799041748047,223.1699981689453,223.9600067138672,2013504
2026-09-24 16:45:00+00:00,223.97000122070312,224.52999877929688,223.8300018310547,224.2550048828125,1737651
2026-09-24 17:00:00+00:00,224.24000549316406,224.6300048828125,224.07000732421875,224.4600067138672,2383697
2026-09-24 17:15:00+00:00,224.4600067138672,224.55990600585938,223.75999450683594,224.1300048828125,1708316
2026-09-24 17:30:00+00:00,224.11500549316406,224.38999938964844,223.57000732421875,223.58009338378906,1843261
2026-09-24 17:45:00+00:00,223.59500122070312,224.24000549316406,223.52000427246094,223.9499969482422,1310759
2026-09-24 18:00:00+00:00,223.9499969482422,223.9550018310547,223.32000732421875,223.78990173339844,1320912
2026-09-24 18:15:00+00:00,223.77999877929688,224.11500549316406,223.67999267578125,223.9600067138672,1137994
2026-09-24 18:30:00+00:00,223.9499969482422,224.3813934326172,223.8000030517578,223.9600067138672,1083369
2026-09-24 18:45:00+00:00,223.95989990234375,224.47889709472656,223.92999267578125,224.22999572753906,1404425
2026-09-24 19:00:00+00:00,224.21499633789062,224.2698974609375,223.64999389648438,223.67999267578125,1352834
2026-09-24 19:15:00+00:00,223.6737060546875,224.07000732421875,223.6699981689453,223.75999450683594,1231285
2026-09-24 19:30:00+00:00,223.75,223.86000061035156,223.42999267578125,223.5500030517578,2735581
2026-09-24 19:45:00+00:00,223.55999755859375,224.89999389648438,223.47999572753906,224.5399932861328,6872800
2026-09-24 20:00:00+00:00,224.49,224.6272,223.89,224.0577,0
2026-09-24 20:15:00+00:00,224.06,224.58,223.412,223.5977,0
2026-09-24 20:30:00+00:00,223.5977,223.898,223.5122,223.768,0
2026-09-24 20:45:00+00:00,223.768,224.58,222.3682,223.9907,0
2026-09-24 21:00:00+00:00,224.01,233.7118,215.33,223.9195,0
2026-09-24 21:15:00+00:00,223.9195,224.0,223.8517,223.9585,0
2026-09-24 21:30:00+00:00,223.9585,224.1,223.9,224.0987,0
2026-09-24 21:45:00+00:00,224.0987,224.15,223.952,224.028,0
2026-09-24 22:00:00+00:00,224.028,224.15,223.8042,223.9785,0
2026-09-24 22:15:00+00:00,223.9785,223.98,223.7,223.788,0
2026-09-24 22:30:00+00:00,223.712,224.0685,223.7022,224.0587,0
2026-09-24 22:45:00+00:00,224.0587,224.1,223.95,224.0987,0
2026-09-24 23:00:00+00:00,224.0987,224.1,223.88,223.9987,0
2026-09-24 23:15:00+00:00,223.9987,224.1,223.9012,224.0987,0
2026-09-24 23:30:00+00:00,224.0987,224.1,223.85,223.9962,0
2026-09-24 23:45:00+00:00,223.9962,224.0,223.7506,223.82,0
2026-09-25 08:00:00+00:00,224.53,225.579,224.3337,225.5775,0
2026-09-25 08:15:00+00:00,225.5775,226.0,225.4447,225.9382,0
2026-09-25 08:30:00+00:00,225.9382,226.0692,225.6732,225.9615,0
2026-09-25 08:45:00+00:00,226.0185,226.4707,225.9005,226.4365,0
2026-09-25 09:00:00+00:00,226.4365,226.4985,226.2625,226.4262,0
2026-09-25 09:15:00+00:00,226.4262,226.4982,226.1,226.4282,0
2026-09-25 09:30:00+00:00,226.4282,226.5,226.1152,226.2975,0
2026-09-25 09:45:00+00:00,226.2975,226.2975,226.0117,226.0537,0
2026-09-25 10:00:00+00:00,226.1962,226.23,226.0097,226.2292,0
2026-09-25 10:15:00+00:00,226.2292,226.357,226.1042,226.2382,0
2026-09-25 10:30:00+00:00,226.2382,226.27,225.88,225.997,0
2026-09-25 10:45:00+00:00,225.997,226.0,225.68,225.797,0
2026-09-25 11:00:00+00:00,225.7,225.85,225.3355,225.8262,0
2026-09-25 11:15:00+00:00,225.8262,226.3,225.72,226.1782,0
2026-09-25 11:30:00+00:00,226.1782,226.3788,225.95,226.0895,0
2026-09-25 11:45:00+00:00,226.0895,226.16,225.95,226.0182,0
2026-09-25 12:00:00+00:00,226.02,226.35,225.95,226.0292,0
2026-09-25 12:15:00+00:00,226.0292,226.03,225.82,225.9782,0
2026-09-25 12:30:00+00:00,225.9782,225.98,225.4012,225.6075,0
2026-09-25 12:45:00+00:00,225.6075,225.65,225.14,225.458,0
2026-09-25 13:00:00+00:00,225.458,225.8497,225.11,225.7585,0
2026-09-25 13:15:00+00:00,225.7585,225.79,224.58,225.13,0
2026-09-25 13:30:00+00:00,225.25,226.94000244140625,224.8101043701172,225.03500366210938,11312305
2026-09-25 13:45:00+00:00,225.0,225.55569458007812,224.6999969482422,225.2100067138672,3215655
2026-09-25 14:00:00+00:00,225.22000122070312,225.28500366210938,224.02999877929688,224.05999755859375,3724682
2026-09-25 14:15:00+00:00,224.07000732421875,224.139892578125,223.21299743652344,223.27000427246094,3268826
2026-09-25 14:30:00+00:00,223.27999877929688,224.10499572753906,223.13290405273438,223.4250030517578,2765470
2026-09-25 14:45:00+00:00,223.4250030517578,224.46499633789062,223.19000244140625,224.39999389648438,2537896
2026-09-25 15:00:00+00:00,224.38999938964844,224.6750030517578,224.11000061035156,224.35000610351562,1892125
2026-09-25 15:15:00+00:00,224.36990356445312,224.60000610351562,224.05999755859375,224.16000366210938,1501298
2026-09-25 15:30:00+00:00,224.17999267578125,224.6999969482422,223.30999755859375,223.39999389648438,2378841
2026-09-25 15:45:00+00:00,223.39999389648438,225.19000244140625,223.35009765625,225.17739868164062,2676071
2026-09-25 16:00:00+00:00,225.1750030517578,225.8699951171875,225.11000061035156,225.6699981689453,3068132
2026-09-25 16:15:00+00:00,225.6699981689453,225.69500732421875,224.3000030517578,225.02999877929688,2390568
2026-09-25 16:30:00+00:00,225.02000427246094,225.22999572753906,224.66000366210938,225.0500030517578,2719642
2026-09-25 16:45:00+00:00,225.04010009765625,225.1199951171875,224.41000366210938,224.6750030517578,1305172
2026-09-25 17:00:00+00:00,224.6699981689453,225.27999877929688,224.64500427246094,225.2799072265625,1448239
2026-09-25 17:15:00+00:00,225.27999877929688,225.35000610351562,224.89500427246094,225.05999755859375,1197841
2026-09-25 17:30:00+00:00,225.05999755859375,225.16000366210938,224.67999267578125,224.75,1453034
2026-09-25 17:45:00+00:00,224.75,224.88999938964844,224.6179962158203,224.67999267578125,1477359
2026-09-25 18:00:00+00:00,224.69000244140625,225.17999267578125,224.67010498046875,225.02499389648438,1368514
2026-09-25 18:15:00+00:00,225.02999877929688,225.0850067138672,224.30999755859375,224.35499572753906,1438422
2026-09-25 18:30:00+00:00,224.35000610351562,224.7100067138672,224.1157989501953,224.2899932861328,1830865
2026-09-25 18:45:00+00:00,224.27999877929688,224.27999877929688,223.97500610351562,223.98500061035156,1332959
2026-09-25 19:00:00+00:00,223.99000549316406,224.25799560546875,223.7899932861328,224.19500732421875,2090464
2026-09-25 19:15:00+00:00,224.19400024414062,224.2196044921875,223.5500030517578,223.79429626464844,1708737
2026-09-25 19:30:00+00:00,223.7899932861328,224.30999755859375,223.66009521484375,224.17999267578125,2201582
2026-09-25 19:45:00+00:00,224.1999969482422,225.5299072265625,224.19830322265625,225.0800018310547,9041763
2026-09-25 20:00:00+00:00,225.08,225.1,224.8,225.0485,0
2026-09-25 20:15:00+00:00,225.0485,225.07,224.91,224.9892,0
2026-09-25 20:30:00+00:00,224.9892,225.05,224.51,225.0492,0
2026-09-25 20:45:00+00:00,225.0492,234.8373,221.6373,225.0687,0
2026-09-25 21:00:00+00:00,225.0687,234.8373,221.6755,224.9995,0
2026-09-25 21:15:00+00:00,224.9995,226.58,224.96,225.1275,0
2026-09-25 21:30:00+00:00,225.1275,229.33,219.415,225.2985,0
2026-09-25 21:45:00+00:00,225.2985,225.98,225.07,225.1887,0
2026-09-25 22:00:00+00:00,225.1887,225.2,225.0201,225.0885,0
2026-09-25 22:15:00+00:00,225.0885,225.14,225.03,225.1392,0
2026-09-25 22:30:00+00:00,225.1392,225.14,225.08,225.1097,0
2026-09-25 22:45:00+00:00,225.1097,225.12,225.08,225.1092,0
2026-09-25 23:00:00+00:00,225.1092,225.11,225.03,225.0397,0
2026-09-25 23:15:00+00:00,225.0397,225.04,225.0007,225.0295,0
2026-09-25 23:30:00+00:00,225.0295,225.03,224.9,224.9985,0
2026-09-25 23:45:00+00:00,224.9985,225.0,224.92,225.0,0
