rtoken_symbol,native_ticker,name,trading_period,weekend_tradable
RAUSDT,A,,"overnight,pre_market,regular,after_hours",no
RAAUSDT,AA,Alcoa,"pre_market,regular,after_hours,overnight",no
RAALUSDT,AAL,,"after_hours,regular,pre_market,overnight",no
RAAMIUSDT,AAMI,Acadian Asset Management,"pre_market,regular,after_hours,overnight",no
RAAOIUSDT,AAOI,,"overnight,pre_market,regular,after_hours",yes
RAAONUSDT,AAON,"AAON, Inc.","pre_market,regular,after_hours,overnight",no
RAAOXUSDT,AAOX,Tradr 2X Long AAOI Daily ETF,"pre_market,regular,after_hours,overnight",no
RAAPDUSDT,AAPD,Direxion Daily AAPL Bear 1X Shares,"pre_market,regular,after_hours,overnight",no
RAAPLUSDT,AAPL,,"overnight,pre_market,regular,after_hours",yes
RAAPUUSDT,AAPU,Direxion Daily AAPL Bull 2X Shares,"pre_market,regular,after_hours,overnight",no
RAAUCUSDT,AAUC,Allied Gold,"pre_market,regular,after_hours,overnight",no
RAAXJUSDT,AAXJ,iShares MSCI All Country Asia ex Japan ETF,"pre_market,regular,after_hours,overnight",no
RABBVUSDT,ABBV,,"overnight,pre_market,regular,after_hours",no
RABCBUSDT,ABCB,Ameris Bancorp,"pre_market,regular,after_hours,overnight",no
RABCLUSDT,ABCL,AbCellera Biologics,"pre_market,regular,after_hours,overnight",no
RABEVUSDT,ABEV,Ambev S.A.,"pre_market,regular,after_hours,overnight",no
RABGUSDT,ABG,Asbury Automotive,"pre_market,regular,after_hours,overnight",no
RABMUSDT,ABM,ABM Industries,"pre_market,regular,after_hours,overnight",no
RABNBUSDT,ABNB,,"overnight,pre_market,regular,after_hours",yes
RABTUSDT,ABT,,"after_hours,regular,pre_market,overnight",no
RABVXUSDT,ABVX,Abivax S.A.,"pre_market,regular,after_hours,overnight",no
RACADUSDT,ACAD,ACADIA Pharmaceuticals Inc.,"pre_market,regular,after_hours,overnight",no
RACGLUSDT,ACGL,Arch Capital Group Ltd,"pre_market,regular,after_hours,overnight",no
RACHCUSDT,ACHC,Acadia Healthcare,"pre_market,regular,after_hours,overnight",no
RACHRUSDT,ACHR,,"overnight,pre_market,regular,after_hours",no
RACIUSDT,ACI,"Albertsons Companies, Inc.","pre_market,regular,after_hours,overnight",no
RACIWUSDT,ACIW,"ACI Worldwide, Inc.","pre_market,regular,after_hours,overnight",no
RACLSUSDT,ACLS,Axcelis Technologies,"pre_market,regular,after_hours,overnight",no
RACMUSDT,ACM,AECOM,"pre_market,regular,after_hours,overnight",no
RACMRUSDT,ACMR,"ACM Research, Inc.","pre_market,regular,after_hours,overnight",no
RACNUSDT,ACN,,"after_hours,regular,pre_market,overnight",no
RACTUSDT,ACT,"Enact Holdings, Inc.","pre_market,regular,after_hours,overnight",no
RACVAUSDT,ACVA,ACV Auctions,"pre_market,regular,after_hours,overnight",no
RACWIUSDT,ACWI,iShares MSCI ACWI ETF,"pre_market,regular,after_hours,overnight",no
RADBEUSDT,ADBE,,"overnight,pre_market,regular,after_hours",yes
RADCUSDT,ADC,Agree Realty Corporation,"pre_market,regular,after_hours,overnight",no
RADEAUSDT,ADEA,Adeia,"pre_market,regular,after_hours,overnight",no
RADIUSDT,ADI,,"after_hours,regular,pre_market,overnight",no
RADIGUSDT,ADIG,ADI Global Distribution,"pre_market,regular,after_hours,overnight",no
RADMUSDT,ADM,,"overnight,pre_market,regular,after_hours",no
RADMAUSDT,ADMA,ADMA Biologics,"pre_market,regular,after_hours,overnight",no
RADNTUSDT,ADNT,Adient,"pre_market,regular,after_hours,overnight",no
RADPUSDT,ADP,,"overnight,pre_market,regular,after_hours",no
RADPTUSDT,ADPT,Adaptive Biotechnologies,"pre_market,regular,after_hours,overnight",no
RADSKUSDT,ADSK,,"after_hours,regular,pre_market,overnight",no
RADTUSDT,ADT,ADT Inc.,"pre_market,regular,after_hours,overnight",no
RADUSUSDT,ADUS,Addus HomeCare,"pre_market,regular,after_hours,overnight",no
RAEEUSDT,AEE,Ameren Corp,"pre_market,regular,after_hours,overnight",no
RAEGUSDT,AEG,Aegon Ltd.,"pre_market,regular,after_hours,overnight",no
RAEHRUSDT,AEHR,,"after_hours,regular,pre_market,overnight",yes
RAEISUSDT,AEIS,"Advanced Energy Industries, Inc.","pre_market,regular,after_hours,overnight",no
RAEMUSDT,AEM,,"after_hours,regular,pre_market,overnight",no
RAEOUSDT,AEO,American Eagle Outfitters,"pre_market,regular,after_hours,overnight",no
RAEPUSDT,AEP,,"after_hours,regular,pre_market,overnight",no
RAERUSDT,AER,AerCap Holdings N.V.,"pre_market,regular,after_hours,overnight",no
RAEROUSDT,AERO,Grupo Aeromexico,"pre_market,regular,after_hours,overnight",no
RAESUSDT,AES,The AES Corporation,"pre_market,regular,after_hours,overnight",no
RAESIUSDT,AESI,Atlas Energy Solutions,"pre_market,regular,after_hours,overnight",no
RAFGUSDT,AFG,"American Financial Group, Inc.","pre_market,regular,after_hours,overnight",no
RAFGEUSDT,AFGE,AMERICAN FINANCIAL GROUP INC OHIO 4.500% SUBORD DEB DUE 15/09/2060,"pre_market,regular,after_hours",no
RAFLUSDT,AFL,,"after_hours,regular,pre_market,overnight",no
RAFRMUSDT,AFRM,,"overnight,pre_market,regular,after_hours",no
RAGUSDT,AG,First Majestic Silver Corp.,"pre_market,regular,after_hours,overnight",no
RAGCOUSDT,AGCO,AGCO Corporation,"pre_market,regular,after_hours,overnight",no
RAGGUSDT,AGG,,"after_hours,regular,pre_market,overnight",no
RAGIUSDT,AGI,Alamos Gold Inc.,"pre_market,regular,after_hours,overnight",no
RAGIOUSDT,AGIO,Agios Pharmaceuticals,"pre_market,regular,after_hours,overnight",no
RAGLUSDT,AGL,Agilon Health,"pre_market,regular,after_hours,overnight",no
RAGMUSDT,AGM,Federal Agricultural Mortgage-C,"pre_market,regular,after_hours,overnight",no
RAGNCUSDT,AGNC,AGNC Investment Corp.,"pre_market,regular,after_hours,overnight",no
RAGOUSDT,AGO,Assured Guaranty,"pre_market,regular,after_hours,overnight",no
RAGROUSDT,AGRO,Adecoagro,"pre_market,regular,after_hours,overnight",no
RAGXUSDT,AGX,"Argan, Inc.","pre_market,regular,after_hours,overnight",no
RAGYSUSDT,AGYS,Agilysys,"pre_market,regular,after_hours,overnight",no
RAHRUSDT,AHR,"American Healthcare REIT, Inc.","pre_market,regular,after_hours,overnight",no
RAIUSDT,AI,C3.ai,"pre_market,regular,after_hours,overnight",no
RAIGUSDT,AIG,,"overnight,pre_market,regular,after_hours",no
RAINUSDT,AIN,Albany International,"pre_market,regular,after_hours,overnight",no
RAIPOUSDT,AIPO,,"regular,pre_market,after_hours,overnight",no
RAIQUSDT,AIQ,Global X Artificial Intelligence & Technology ETF,"pre_market,regular,after_hours,overnight",no
RAIRUSDT,AIR,AAR CORP.,"pre_market,regular,after_hours,overnight",no
RAIRRUSDT,AIRR,First Trust Rba American Industrial Renaissance Etf,"pre_market,regular,after_hours,overnight",no
RAITUSDT,AIT,"Applied Industrial Technologies, Inc.","pre_market,regular,after_hours,overnight",no
RAIZUSDT,AIZ,"Assurant, Inc.","pre_market,regular,after_hours,overnight",no
RAJGUSDT,AJG,,"after_hours,regular,pre_market,overnight",no
RAKAMUSDT,AKAM,Akamai,"pre_market,regular,after_hours,overnight",no
RAKRUSDT,AKR,Acadia Realty Trust,"pre_market,regular,after_hours,overnight",no
RALABUSDT,ALAB,,"overnight,pre_market,regular,after_hours",no
RALBUSDT,ALB,,"overnight,pre_market,regular,after_hours",no
RALCUSDT,ALC,Koninklijke Philips NV,"pre_market,regular,after_hours,overnight",no
RALGUSDT,ALG,Alamo,"pre_market,regular,after_hours,overnight",no
RALGMUSDT,ALGM,"Allegro MicroSystems, Inc.","pre_market,regular,after_hours,overnight",no
RALGNUSDT,ALGN,"Align Technology, Inc.","pre_market,regular,after_hours,overnight",no
RALGTUSDT,ALGT,Allegiant Travel,"pre_market,regular,after_hours,overnight",no
RALHUSDT,ALH,Alliance Laundry Holdings Inc.,"pre_market,regular,after_hours,overnight",no
RALHCUSDT,ALHC,Alignment Healthcare,"pre_market,regular,after_hours,overnight",no
RALKUSDT,ALK,"Alaska Air Group, Inc.","pre_market,regular,after_hours,overnight",no
RALKSUSDT,ALKS,Alkermes plc,"pre_market,regular,after_hours,overnight",no
RALKTUSDT,ALKT,Alkami Technology,"pre_market,regular,after_hours,overnight",no
RALLUSDT,ALL,,"after_hours,regular,pre_market,overnight",no
RALLEUSDT,ALLE,Allegion plc,"pre_market,regular,after_hours,overnight",no
RALLYUSDT,ALLY,Ally Financial Inc.,"pre_market,regular,after_hours,overnight",no
RALMUSDT,ALM,Almonty Industries Inc.,"pre_market,regular,after_hours,overnight",no
RALMRUSDT,ALMR,Alamar Biosciences,"pre_market,regular,after_hours,overnight",no
RALNTUSDT,ALNT,Allient,"pre_market,regular,after_hours,overnight",no
RALNYUSDT,ALNY,,"overnight,pre_market,regular,after_hours",no
RALRMUSDT,ALRM,Alarm.com,"pre_market,regular,after_hours,overnight",no
RALSNUSDT,ALSN,"Allison Transmission Holdings, Inc.","pre_market,regular,after_hours,overnight",no
RALVUSDT,ALV,"Autoliv, Inc.","pre_market,regular,after_hours,overnight",no
RALVOUSDT,ALVO,Alvotech,"pre_market,regular,after_hours,overnight",no
RAMALUSDT,AMAL,Amalgamated Bank,"pre_market,regular,after_hours,overnight",no
RAMATUSDT,AMAT,,"overnight,pre_market,regular,after_hours",yes
RAMBAUSDT,AMBA,Ambarella,"pre_market,regular,after_hours,overnight",no
RAMBPUSDT,AMBP,Ardagh Metal,"pre_market,regular,after_hours,overnight",no
RAMBQUSDT,AMBQ,Ambiq Micro,"pre_market,regular,after_hours,overnight",no
RAMCUSDT,AMC,,"overnight,pre_market,regular,after_hours",no
RAMCRUSDT,AMCR,Amcor,"pre_market,regular,after_hours,overnight",no
RAMDUSDT,AMD,,"overnight,pre_market,regular,after_hours",yes
RAMDLUSDT,AMDL,GraniteShares 2x Long AMD Daily ETF,"pre_market,regular,after_hours,overnight",no
RAMEUSDT,AME,,"after_hours,regular,pre_market,overnight",no
RAMGUSDT,AMG,"Affiliated Managers Group, Inc.","pre_market,regular,after_hours,overnight",no
RAMGNUSDT,AMGN,,"after_hours,regular,pre_market,overnight",no
RAMHUSDT,AMH,American Homes 4 Rent,"pre_market,regular,after_hours,overnight",no
RAMKRUSDT,AMKR,,"overnight,pre_market,regular,after_hours",no
RAMLXUSDT,AMLX,Amylyx Pharmaceuticals,"pre_market,regular,after_hours,overnight",no
RAMPUSDT,AMP,,"overnight,pre_market,regular,after_hours",no
RAMPGUSDT,AMPG,AmpliTech Group,"pre_market,regular,after_hours",no
RAMPLUSDT,AMPL,Amplitude,"pre_market,regular,after_hours,overnight",no
RAMPXUSDT,AMPX,Amprius Technologies,"pre_market,regular,after_hours,overnight",no
RAMRUSDT,AMR,Alpha Metallurgical,"pre_market,regular,after_hours,overnight",no
RAMRXUSDT,AMRX,"Amneal Pharmaceuticals, Inc.","pre_market,regular,after_hours,overnight",no
RAMRZUSDT,AMRZ,,"pre_market,regular,after_hours,overnight",no
RAMSCUSDT,AMSC,American Superconductor,"pre_market,regular,after_hours,overnight",no
RAMTUSDT,AMT,,"after_hours,regular,pre_market,overnight",no
RAMTMUSDT,AMTM,"Amentum Holdings, Inc.","pre_market,regular,after_hours,overnight",no
RAMZDUSDT,AMZD,Direxion Daily AMZN Bear 1X Shares,"pre_market,regular,after_hours,overnight",no
RAMZNUSDT,AMZN,,"overnight,pre_market,regular,after_hours",yes
RAMZUUSDT,AMZU,Direxion Daily AMZN Bull 2X Shares,"pre_market,regular,after_hours,overnight",no
RANUSDT,AN,"AutoNation, Inc.","pre_market,regular,after_hours,overnight",no
RANABUSDT,ANAB,AnaptysBio,"pre_market,regular,after_hours,overnight",no
RANDEUSDT,ANDE,Andersons,"pre_market,regular,after_hours,overnight",no
RANDGUSDT,ANDG,Andersen Group,"pre_market,regular,after_hours",no
RANETUSDT,ANET,,"overnight,pre_market,regular,after_hours",no
RANIPUSDT,ANIP,ANI Pharmaceuticals,"pre_market,regular,after_hours,overnight",no
RAONUSDT,AON,,"after_hours,regular,pre_market,overnight",no
RAOSUSDT,AOS,A. O. Smith Corporation,"pre_market,regular,after_hours,overnight",no
RAPAUSDT,APA,APA Corporation,"pre_market,regular,after_hours,overnight",no
RAPAMUSDT,APAM,Artisan Partners Asset Management,"pre_market,regular,after_hours,overnight",no
RAPDUSDT,APD,,"after_hours,regular,pre_market,overnight",no
RAPGUSDT,APG,APi Group Corporation,"pre_market,regular,after_hours,overnight",no
RAPHUSDT,APH,,"after_hours,regular,pre_market,overnight",no
RAPLDUSDT,APLD,,"overnight,pre_market,regular,after_hours",yes
RAPLEUSDT,APLE,Apple Hospitality REIT Inc,"pre_market,regular,after_hours,overnight",no
RAPOUSDT,APO,,"after_hours,regular,pre_market,overnight",no
RAPPUSDT,APP,,"overnight,pre_market,regular,after_hours",yes
RAPPFUSDT,APPF,"AppFolio, Inc.","pre_market,regular,after_hours,overnight",no
RAPPNUSDT,APPN,Appian,"pre_market,regular,after_hours,overnight",no
RAPPSUSDT,APPS,Digital Turbine,"pre_market,regular,after_hours,overnight",no
RAPTVUSDT,APTV,Aptiv PLC,"pre_market,regular,after_hours,overnight",no
RAQNUSDT,AQN,Algonquin Power & Utilities Corp.,"pre_market,regular,after_hours,overnight",no
RARUSDT,AR,Antero Resources Corporation,"pre_market,regular,after_hours,overnight",no
RARCBUSDT,ARCB,ArcBest,"pre_market,regular,after_hours,overnight",no
RARCCUSDT,ARCC,Ares Capital Corporation,"pre_market,regular,after_hours,overnight",no
RARCOUSDT,ARCO,Arcos Dorados,"pre_market,regular,after_hours,overnight",no
RARDTUSDT,ARDT,Ardent Health,"pre_market,regular,after_hours,overnight",no
RARESUSDT,ARES,,"after_hours,regular,pre_market,overnight",no
RARGXUSDT,ARGX,,"after_hours,regular,pre_market,overnight",no
RARISUSDT,ARIS,Aris Mining,"pre_market,regular,after_hours,overnight",no
RARKGUSDT,ARKG,ARK Genomic Revolution ETF,"pre_market,regular,after_hours,overnight",no
RARKKUSDT,ARKK,,"overnight,pre_market,regular,after_hours",no
RARLOUSDT,ARLO,Arlo Technologies,"pre_market,regular,after_hours,overnight",no
RARMUSDT,ARM,,"overnight,pre_market,regular,after_hours",yes
RARMKUSDT,ARMK,Aramark,"pre_market,regular,after_hours,overnight",no
RAROCUSDT,AROC,"Archrock, Inc.","pre_market,regular,after_hours,overnight",no
RARQTUSDT,ARQT,Arcutis Biotherapeutics,"pre_market,regular,after_hours,overnight",no
RARRUSDT,ARR,ARMOUR Residential REIT Inc,"pre_market,regular,after_hours,overnight",no
RARWUSDT,ARW,"Arrow Electronics, Inc.","pre_market,regular,after_hours,overnight",no
RARWRUSDT,ARWR,"Arrowhead Pharmaceuticals, Inc.","pre_market,regular,after_hours,overnight",no
RARXUSDT,ARX,Accelerant Holdings,"pre_market,regular,after_hours,overnight",no
RARXSUSDT,ARXS,Arxis Aerospace / Defense,"pre_market,regular,after_hours,overnight",no
RASUSDT,AS,"Amer Sports, Inc.","pre_market,regular,after_hours,overnight",no
RASANUSDT,ASAN,Asana,"pre_market,regular,after_hours,overnight",no
RASBUSDT,ASB,Associated Banc-Corp,"pre_market,regular,after_hours,overnight",no
RASHUSDT,ASH,Ashland,"pre_market,regular,after_hours,overnight",no
RASHRUSDT,ASHR,Xtrackers Harvest CSI 300 China A-Shares ETF,"pre_market,regular,after_hours,overnight",no
RASMLUSDT,ASML,,"overnight,pre_market,regular,after_hours",yes
RASNDUSDT,ASND,Ascendis Pharma A/S,"pre_market,regular,after_hours,overnight",no
RASOUSDT,ASO,Academy,"pre_market,regular,after_hours,overnight",no
RASRUSDT,ASR,"Grupo Aeroportuario del Sureste, S.A.B. de C.V.","pre_market,regular,after_hours",no
RASSTUSDT,ASST,,"overnight,pre_market,regular,after_hours",no
RASTHUSDT,ASTH,Astrana Health,"pre_market,regular,after_hours,overnight",no
RASTSUSDT,ASTS,,"overnight,pre_market,regular,after_hours",yes
RASXUSDT,ASX,,"after_hours,regular,pre_market,overnight",no
RATATUSDT,ATAT,Atour Lifestyle Holdings Limited (ADR),"pre_market,regular,after_hours,overnight",no
RATECUSDT,ATEC,Alphatec,"pre_market,regular,after_hours,overnight",no
RATENUSDT,ATEN,A10 Networks,"pre_market,regular,after_hours,overnight",no
RATEXUSDT,ATEX,Anterix,"pre_market,regular,after_hours,overnight",no
RATHMUSDT,ATHM,Autohome,"pre_market,regular,after_hours,overnight",no
RATIUSDT,ATI,ATI Inc.,"pre_market,regular,after_hours,overnight",no
RATKRUSDT,ATKR,Atkore,"pre_market,regular,after_hours,overnight",no
RATLCUSDT,ATLC,Atlanticus,"pre_market,regular,after_hours",no
RATMUUSDT,ATMU,Atmus Filtration Technologies,"pre_market,regular,after_hours,overnight",no
RATOUSDT,ATO,Atmos Energy Corp,"pre_market,regular,after_hours,overnight",no
RATRUSDT,ATR,"AptarGroup, Inc.","pre_market,regular,after_hours,overnight",no
RATRCUSDT,ATRC,AtriCure,"pre_market,regular,after_hours,overnight",no
RATROUSDT,ATRO,Astronics,"pre_market,regular,after_hours,overnight",no
RAUUSDT,AU,,"after_hours,regular,pre_market,overnight",no
RAUBUSDT,AUB,Atlantic Union Bankshares Corporation,"pre_market,regular,after_hours,overnight",no
RAUGOUSDT,AUGO,Aura Minerals Inc.,"pre_market,regular,after_hours,overnight",no
RAUPHUSDT,AUPH,Aurinia Pharmaceuticals,"pre_market,regular,after_hours,overnight",no
RAURUSDT,AUR,"Aurora Innovation, Inc.","pre_market,regular,after_hours,overnight",no
RAVAUSDT,AVA,Avista,"pre_market,regular,after_hours,overnight",no
RAVAHUSDT,AVAH,Aveanna Healthcare,"pre_market,regular,after_hours,overnight",no
RAVALUSDT,AVAL,Grupo Aval Acciones y Valores S.A.,"pre_market,regular,after_hours,overnight",no
RAVAVUSDT,AVAV,,"overnight,pre_market,regular,after_hours",no
RAVBPUSDT,AVBP,ArriVent BioPharma,"pre_market,regular,after_hours,overnight",no
RAVDEUSDT,AVDE,American Century Etf Trust Avantis International Equity Etf,"pre_market,regular,after_hours,overnight",no
RAVDVUSDT,AVDV,American Century Etf Trust Avantis International Small Cap Val Etf,"pre_market,regular,after_hours,overnight",no
RAVEMUSDT,AVEM,American Century Etf Trust Avantis Emerging Mkts Equity Etf Usd,"pre_market,regular,after_hours,overnight",no
RAVEXUSDT,AVEX,AEVEX Corp,"pre_market,regular,after_hours,overnight",no
RAVGOUSDT,AVGO,,"overnight,pre_market,regular,after_hours",yes
RAVLUSDT,AVL,,"regular,pre_market,after_hours,overnight",no
RAVLNUSDT,AVLN,Avalyn Pharma,"pre_market,regular,after_hours,overnight",no
RAVLVUSDT,AVLV,AVANTIS U.S. LARGE CAP VALUE ETF,"pre_market,regular,after_hours,overnight",no
RAVNTUSDT,AVNT,Avient,"pre_market,regular,after_hours,overnight",no
RAVPTUSDT,AVPT,AvePoint,"pre_market,regular,after_hours,overnight",no
RAVTUSDT,AVT,"Avnet, Inc.","pre_market,regular,after_hours,overnight",no
RAVTRUSDT,AVTR,"Avantor, Inc.","pre_market,regular,after_hours,overnight",no
RAVUVUSDT,AVUV,American Century Etf Trust Avantis U S Small Cap Value Etf Usd,"pre_market,regular,after_hours,overnight",no
RAVYUSDT,AVY,Avery Dennison Corporation,"pre_market,regular,after_hours,overnight",no
RAWIUSDT,AWI,"Armstrong World Industries, Inc.","pre_market,regular,after_hours,overnight",no
RAWKUSDT,AWK,"American Water Works Company, Inc.","pre_market,regular,after_hours,overnight",no
RAXUSDT,AX,"Axos Financial, Inc.","pre_market,regular,after_hours,overnight",no
RAXGNUSDT,AXGN,AxoGen,"pre_market,regular,after_hours,overnight",no
RAXPUSDT,AXP,,"overnight,pre_market,regular,after_hours",no
RAXSUSDT,AXS,AXIS Capital Holdings Limited,"pre_market,regular,after_hours,overnight",no
RAXSMUSDT,AXSM,"Axsome Therapeutics, Inc.","pre_market,regular,after_hours,overnight",no
RAXTAUSDT,AXTA,Axalta Coating Systems Ltd.,"pre_market,regular,after_hours,overnight",no
RAXTIUSDT,AXTI,,"overnight,pre_market,regular,after_hours",yes
RAYAUSDT,AYA,Aya Gold & Silver,"pre_market,regular,after_hours,overnight",no
RAYIUSDT,AYI,"Acuity Brands, Inc.","pre_market,regular,after_hours,overnight",no
RAZNUSDT,AZN,,"after_hours,regular,pre_market,overnight",no
RAZOUSDT,AZO,,"after_hours,regular,pre_market,overnight",no
RAZZUSDT,AZZ,AZZ Inc.,"pre_market,regular,after_hours,overnight",no
RBUSDT,B,,"after_hours,regular,pre_market,overnight",no
RBAUSDT,BA,,"overnight,pre_market,regular,after_hours",no
RBABAUSDT,BABA,,"overnight,pre_market,regular,after_hours",yes
RBACUSDT,BAC,,"after_hours,regular,pre_market,overnight",no
RBAHUSDT,BAH,Booz Allen Hamilton Holding Corporation,"pre_market,regular,after_hours,overnight",no
RBAIUSDT,BAI,iShares A.I. Innovation and Tech Active ETF,"pre_market,regular,after_hours,overnight",no
RBALLUSDT,BALL,Ball Corporation,"pre_market,regular,after_hours,overnight",no
RBAMUSDT,BAM,Brookfield Asset Management Ltd.,"pre_market,regular,after_hours,overnight",no
RBANCUSDT,BANC,Banc of California,"pre_market,regular,after_hours,overnight",no
RBANDUSDT,BAND,Bandwidth,"pre_market,regular,after_hours,overnight",no
RBANFUSDT,BANF,BancFirst,"pre_market,regular,after_hours,overnight",no
RBANRUSDT,BANR,Banner Corp,"pre_market,regular,after_hours,overnight",no
RBAPUSDT,BAP,Credicorp,"pre_market,regular,after_hours,overnight",no
RBATRAUSDT,BATRA,Atlanta Braves-A,"pre_market,regular,after_hours,overnight",no
RBATRKUSDT,BATRK,Atlanta Braves-C,"pre_market,regular,after_hours,overnight",no
RBAXUSDT,BAX,Baxter International Inc.,"pre_market,regular,after_hours,overnight",no
RBBUSDT,BB,,"overnight,pre_market,regular,after_hours",yes
RBBAIUSDT,BBAI,,"overnight,pre_market,regular,after_hours",no
RBBARUSDT,BBAR,Banco BBVA,"pre_market,regular,after_hours,overnight",no
RBBDUSDT,BBD,Banco Bradesco S.A. (Pref),"pre_market,regular,after_hours,overnight",no
RBBDOUSDT,BBDO,"B3 SA - BRASIL, BOLSA, BALCAO","pre_market,regular,after_hours,overnight",no
RBBIOUSDT,BBIO,"BridgeBio Pharma, Inc.","pre_market,regular,after_hours,overnight",no
RBBTUSDT,BBT,Beacon Financial,"pre_market,regular,after_hours,overnight",no
RBBUCUSDT,BBUC,Brookfield Business Corp,"pre_market,regular,after_hours,overnight",no
RBBWIUSDT,BBWI,Bath & Body Works,"pre_market,regular,after_hours,overnight",no
RBBYUSDT,BBY,"Best Buy Co., Inc.","pre_market,regular,after_hours,overnight",no
RBCUSDT,BC,Bit-tech / BitSight,"pre_market,regular,after_hours,overnight",no
RBCAXUSDT,BCAX,Bicara Therapeutics,"pre_market,regular,after_hours,overnight",no
RBCCUSDT,BCC,Boise Cascade,"pre_market,regular,after_hours,overnight",no
RBCEUSDT,BCE,BCE Inc.,"pre_market,regular,after_hours,overnight",no
RBCHUSDT,BCH,Banco de Chile,"pre_market,regular,after_hours,overnight",no
RBCOUSDT,BCO,The Brink's Company,"pre_market,regular,after_hours,overnight",no
RBCPCUSDT,BCPC,Balchem Corporation,"pre_market,regular,after_hours,overnight",no
RBCRXUSDT,BCRX,BioCryst Pharmaceuticals,"pre_market,regular,after_hours,overnight",no
RBDXUSDT,BDX,,"after_hours,regular,pre_market,overnight",no
RBEUSDT,BE,,"overnight,pre_market,regular,after_hours",yes
RBEAMUSDT,BEAM,Beam Therapeutics,"pre_market,regular,after_hours,overnight",no
RBEKEUSDT,BEKE,KE Holdings Inc.,"pre_market,regular,after_hours,overnight",no
RBELFAUSDT,BELFA,Bel Fuse-A,"pre_market,regular,after_hours",no
RBELFBUSDT,BELFB,Bel Fuse-B,"pre_market,regular,after_hours,overnight",no
RBENUSDT,BEN,"Franklin Resources, Inc.","pre_market,regular,after_hours,overnight",no
RBEPUSDT,BEP,Brookfield Renewable Partners L.P.,"pre_market,regular,after_hours",no
RBEPCUSDT,BEPC,Brookfield Renewable Corporation,"pre_market,regular,after_hours,overnight",no
RBFAMUSDT,BFAM,Bright Horizons Family Solutions,"pre_market,regular,after_hours,overnight",no
RBFCUSDT,BFC,Bank First,"pre_market,regular,after_hours,overnight",no
RBFHUSDT,BFH,Bread Financial,"pre_market,regular,after_hours,overnight",no
RBFLYUSDT,BFLY,Butterfly Network,"pre_market,regular,after_hours,overnight",no
RBGUSDT,BG,Bunge,"pre_market,regular,after_hours,overnight",no
RBGCUSDT,BGC,"BGC Group, Inc.","pre_market,regular,after_hours,overnight",no
RBGSIUSDT,BGSI,Boyd Group Services,"pre_market,regular,after_hours",no
RBHCUSDT,BHC,Bausch Health,"pre_market,regular,after_hours,overnight",no
RBHEUSDT,BHE,Benchmark Electronics,"pre_market,regular,after_hours,overnight",no
RBHFUSDT,BHF,Brighthouse Financial,"pre_market,regular,after_hours,overnight",no
RBHRBUSDT,BHRB,Burke & Herbert Financial Services,"pre_market,regular,after_hours,overnight",no
RBHVNUSDT,BHVN,Biohaven,"pre_market,regular,after_hours,overnight",no
RBIDUUSDT,BIDU,,"overnight,pre_market,regular,after_hours",no
RBIIBUSDT,BIIB,Biogen Inc,"pre_market,regular,after_hours,overnight",no
RBILUSDT,BIL,SPDR Bloomberg Barclays 1-3 Month T-Bill ETF,"pre_market,regular,after_hours,overnight",no
RBILIUSDT,BILI,,"overnight,pre_market,regular,after_hours",no
RBILLUSDT,BILL,"BILL Holdings, Inc.","pre_market,regular,after_hours,overnight",no
RBINCUSDT,BINC,,"after_hours,regular,pre_market,overnight",no
RBIOUSDT,BIO,"Bio-Rad Laboratories, Inc. (Class A)","pre_market,regular,after_hours,overnight",no
RBIPUSDT,BIP,Brookfield Infrastructure Partners L.P.,"pre_market,regular,after_hours",no
RBIPCUSDT,BIPC,Brookfield Infrastructure Corporation,"pre_market,regular,after_hours,overnight",no
RBIRKUSDT,BIRK,Birkenstock Holding plc,"pre_market,regular,after_hours,overnight",no
RBITIUSDT,BITI,,"after_hours,regular,pre_market,overnight",no
RBITOUSDT,BITO,,"after_hours,regular,pre_market,overnight",no
RBITXUSDT,BITX,2x Bitcoin ETF,"pre_market,regular,after_hours,overnight",no
RBIVUSDT,BIV,Vanguard Intermediate-Term Bond ETF,"pre_market,regular,after_hours,overnight",no
RBJUSDT,BJ,"BJ's Wholesale Club Holdings, Inc.","pre_market,regular,after_hours,overnight",no
RBKDUSDT,BKD,Brookdale Senior Living,"pre_market,regular,after_hours,overnight",no
RBKEUSDT,BKE,Buckle Inc,"pre_market,regular,after_hours,overnight",no
RBKHUSDT,BKH,Black Hills Corporation,"pre_market,regular,after_hours,overnight",no
RBKLNUSDT,BKLN,Invesco Senior Loan ETF,"pre_market,regular,after_hours,overnight",no
RBKNGUSDT,BKNG,,"after_hours,regular,pre_market,overnight",no
RBKRUSDT,BKR,,"after_hours,regular,pre_market,overnight",no
RBKSYUSDT,BKSY,,"overnight,pre_market,regular,after_hours",no
RBKUUSDT,BKU,BankUnited,"pre_market,regular,after_hours,overnight",no
RBKVUSDT,BKV,BKV Corp,"pre_market,regular,after_hours,overnight",no
RBLUSDT,BL,BlackLine,"pre_market,regular,after_hours,overnight",no
RBLBDUSDT,BLBD,Blue Bird,"pre_market,regular,after_hours,overnight",no
RBLCOUSDT,BLCO,Bausch + Lomb Corporation,"pre_market,regular,after_hours,overnight",no
RBLDRUSDT,BLDR,"Builders FirstSource, Inc.","pre_market,regular,after_hours,overnight",no
RBLFSUSDT,BLFS,BioLife Solutions,"pre_market,regular,after_hours,overnight",no
RBLKUSDT,BLK,,"after_hours,regular,pre_market,overnight",no
RBLKBUSDT,BLKB,Blackbaud,"pre_market,regular,after_hours,overnight",no
RBLLNUSDT,BLLN,"BillionToOne, Inc.","pre_market,regular,after_hours",no
RBLSHUSDT,BLSH,,"after_hours,regular,pre_market,overnight",no
RBLTEUSDT,BLTE,"Belite Bio, Inc.","pre_market,regular,after_hours",no
RBLXUSDT,BLX,Bladex,"pre_market,regular,after_hours,overnight",no
RBMAUSDT,BMA,Banco Macro S.A.,"pre_market,regular,after_hours,overnight",no
RBMIUSDT,BMI,Badger Meter,"pre_market,regular,after_hours,overnight",no
RBMNRUSDT,BMNR,,"regular,overnight,pre_market,after_hours",no
RBMRNUSDT,BMRN,BioMarin Pharmaceutical Inc.,"pre_market,regular,after_hours,overnight",no
RBMYUSDT,BMY,,"after_hours,regular,pre_market,overnight",no
RBNDUSDT,BND,Vanguard Total Bond Market ETF,"pre_market,regular,after_hours,overnight",no
RBNDXUSDT,BNDX,Vanguard Total International Bond ETF,"pre_market,regular,after_hours,overnight",no
RBNLUSDT,BNL,Broadstone Net Lease,"pre_market,regular,after_hours,overnight",no
RBNOUSDT,BNO,,"overnight,pre_market,regular,after_hours",no
RBNTUSDT,BNT,Brookfield Wealth Solutions Ltd.,"pre_market,regular,after_hours,overnight",no
RBNTXUSDT,BNTX,BioNTech SE,"pre_market,regular,after_hours,overnight",no
RBNYUSDT,BNY,,"after_hours,regular,pre_market,overnight",no
RBOBSUSDT,BOBS,Bob's Discount Furniture,"pre_market,regular,after_hours,overnight",no
RBOHUSDT,BOH,Bank of Hawaii Corp,"pre_market,regular,after_hours,overnight",no
RBOKFUSDT,BOKF,ROKKE / Rokt / Roku,"pre_market,regular,after_hours,overnight",no
RBOOTUSDT,BOOT,"Boot Barn Holdings, Inc.","pre_market,regular,after_hours,overnight",no
RBOTZUSDT,BOTZ,,"after_hours,regular,pre_market,overnight",no
RBOXXUSDT,BOXX,ALPHA ARCHITECT 1-3 MONTH BOX ETF,"pre_market,regular,after_hours,overnight",no
RBPUSDT,BP,,"after_hours,regular,pre_market,overnight",no
RBPOPUSDT,BPOP,"Popular, Inc.","pre_market,regular,after_hours,overnight",no
RBRUSDT,BR,"Broadridge Financial Solutions, Inc.","pre_market,regular,after_hours,overnight",no
RBRCUSDT,BRC,Brady Corporation,"pre_market,regular,after_hours",no
RBRKRUSDT,BRKR,Bruker Corporation,"pre_market,regular,after_hours,overnight",no
RBROUSDT,BRO,"Brown & Brown, Inc.","pre_market,regular,after_hours,overnight",no
RBROSUSDT,BROS,Dutch Bros Inc.,"pre_market,regular,after_hours,overnight",no
RBRSLUSDT,BRSL,Brightstar Lottery / Brightstar,"pre_market,regular,after_hours,overnight",no
RBRVEUSDT,BRVE,Braveheart Bio,"pre_market,regular,after_hours,overnight",no
RBRXUSDT,BRX,Brixmor Property Group Inc.,"pre_market,regular,after_hours,overnight",no
RBRZEUSDT,BRZE,Braze,"pre_market,regular,after_hours,overnight",no
RBSACUSDT,BSAC,Banco Santander-Chile,"pre_market,regular,after_hours,overnight",no
RBSBRUSDT,BSBR,Banco Santander (Brasil) S.A.,"pre_market,regular,after_hours,overnight",no
RBSPUSDT,BSP,Bending Spoons S.p.A.,"pre_market,regular,after_hours,overnight",no
RBSVUSDT,BSV,Vanguard Short-Term Bond ETF,"pre_market,regular,after_hours,overnight",no
RBSXUSDT,BSX,,"after_hours,regular,pre_market,overnight",no
RBSYUSDT,BSY,"Bentley Systems, Incorporated","pre_market,regular,after_hours,overnight",no
RBTCZUSDT,BTCZ,T-Rex 2X Inverse Bitcoin Daily Target ETF,"pre_market,regular,after_hours,overnight",no
RBTDRUSDT,BTDR,Bitdeer Technologies Group,"pre_market,regular,after_hours,overnight",no
RBTEUSDT,BTE,Baytex Energy,"pre_market,regular,after_hours,overnight",no
RBTGUSDT,BTG,,"after_hours,regular,pre_market,overnight",no
RBTGOUSDT,BTGO,,"overnight,pre_market,regular,after_hours",no
RBTIUSDT,BTI,,"after_hours,regular,pre_market,overnight",no
RBTSGUSDT,BTSG,"BrightSpring Health Services, Inc.","pre_market,regular,after_hours,overnight",no
RBTUUSDT,BTU,Peabody Energy,"pre_market,regular,after_hours,overnight",no
RBULLUSDT,BULL,Webull,"pre_market,regular,after_hours,overnight",no
RBULZUSDT,BULZ,MICROSECTORS FANG & INNOVATION 3X LEVERAGED ETN,"pre_market,regular,after_hours,overnight",no
RBURLUSDT,BURL,Burlington Stores,"pre_market,regular,after_hours,overnight",no
RBUSEUSDT,BUSE,First Busey,"pre_market,regular,after_hours,overnight",no
RBVNUSDT,BVN,Compañía de Minas Buenaventura S.A.A.,"pre_market,regular,after_hours,overnight",no
RBWAUSDT,BWA,BorgWarner Inc.,"pre_market,regular,after_hours,overnight",no
RBWINUSDT,BWIN,Baldwin Insurance Group,"pre_market,regular,after_hours,overnight",no
RBWLPUSDT,BWLP,BW LPG,"pre_market,regular,after_hours,overnight",no
RBWXTUSDT,BWXT,,"overnight,pre_market,regular,after_hours",no
RBXUSDT,BX,,"after_hours,regular,pre_market,overnight",no
RBXDCUSDT,BXDC,Blackstone Digital Infrastructure Trust,"pre_market,regular,after_hours,overnight",no
RBXMTUSDT,BXMT,Blackstone Mortgage Trust,"pre_market,regular,after_hours,overnight",no
RBXPUSDT,BXP,"BXP, Inc. (Boston Properties)","pre_market,regular,after_hours,overnight",no
RBXSLUSDT,BXSL,Blackstone Secured Lending Fund,"pre_market,regular,after_hours,overnight",no
RBYUSDT,BY,Byline Bancorp,"pre_market,regular,after_hours,overnight",no
RBYDUSDT,BYD,Boyd Gaming Corporation,"pre_market,regular,after_hours,overnight",no
RBZUSDT,BZ,,"overnight,pre_market,regular,after_hours",no
RCUSDT,C,,"overnight,pre_market,regular,after_hours",no
RCAAPUSDT,CAAP,Corporacion America Airports,"pre_market,regular,after_hours,overnight",no
RCACCUSDT,CACC,Credit Acceptance Corporation,"pre_market,regular,after_hours,overnight",no
RCACIUSDT,CACI,CACI International Inc,"pre_market,regular,after_hours,overnight",no
RCAEUSDT,CAE,CAE Inc.,"pre_market,regular,after_hours,overnight",no
RCAGUSDT,CAG,"Conagra Brands, Inc.","pre_market,regular,after_hours,overnight",no
RCAHUSDT,CAH,,"after_hours,regular,pre_market,overnight",no
RCAIUSDT,CAI,Caris Life Sciences,"pre_market,regular,after_hours,overnight",no
RCALMUSDT,CALM,Cal-Maine Foods,"pre_market,regular,after_hours,overnight",no
RCALXUSDT,CALX,Calix,"pre_market,regular,after_hours,overnight",no
RCALYUSDT,CALY,Callaway Golf Company,"pre_market,regular,after_hours,overnight",no
RCAMTUSDT,CAMT,Camtek Ltd.,"pre_market,regular,after_hours,overnight",no
RCAPRUSDT,CAPR,,"overnight,pre_market,regular,after_hours",no
RCARUSDT,CAR,"Avis Budget Group, Inc.","pre_market,regular,after_hours,overnight",no
RCARGUSDT,CARG,CarGurus,"pre_market,regular,after_hours,overnight",no
RCARRUSDT,CARR,,"after_hours,regular,pre_market,overnight",no
RCARTUSDT,CART,Maplebear Inc. (Instacart),"pre_market,regular,after_hours,overnight",no
RCASHUSDT,CASH,Pathward Financial,"pre_market,regular,after_hours,overnight",no
RCASYUSDT,CASY,Casey's General Stores Inc,"pre_market,regular,after_hours,overnight",no
RCATYUSDT,CATY,Cathay General Bancorp,"pre_market,regular,after_hours,overnight",no
RCAVAUSDT,CAVA,,"overnight,pre_market,regular,after_hours",no
RCBUSDT,CB,,"after_hours,regular,pre_market,overnight",no
RCBCUSDT,CBC,"Central Bancompany, Inc.","pre_market,regular,after_hours,overnight",no
RCBLUSDT,CBL,CBL & Associates Properties,"pre_market,regular,after_hours,overnight",no
RCBOEUSDT,CBOE,Cboe Global Markets Inc,"pre_market,regular,after_hours,overnight",no
RCBREUSDT,CBRE,,"overnight,pre_market,regular,after_hours",no
RCBRSUSDT,CBRS,,"overnight,pre_market,regular,after_hours",no
RCBSHUSDT,CBSH,"Commerce Bancshares, Inc.","pre_market,regular,after_hours,overnight",no
RCBTUSDT,CBT,Cabot Corporation,"pre_market,regular,after_hours,overnight",no
RCBUUSDT,CBU,Community Financial System,"pre_market,regular,after_hours,overnight",no
RCBZUSDT,CBZ,CBIZ Inc,"pre_market,regular,after_hours,overnight",no
RCCUSDT,CC,The Chemours,"pre_market,regular,after_hours,overnight",no
RCCCUSDT,CCC,CCC Intelligent Solutions Holdings,"pre_market,regular,after_hours,overnight",no
RCCEPUSDT,CCEP,,"after_hours,regular,pre_market,overnight",no
RCCIUSDT,CCI,,"overnight,pre_market,regular,after_hours",no
RCCJUSDT,CCJ,,"after_hours,regular,pre_market,overnight",no
RCCKUSDT,CCK,"Crown Holdings, Inc.","pre_market,regular,after_hours,overnight",no
RCCLUSDT,CCL,,"overnight,pre_market,regular,after_hours",no
RCCSUSDT,CCS,Century Communities,"pre_market,regular,after_hours,overnight",no
RCCUUSDT,CCU,United Breweries Co Inc,"pre_market,regular,after_hours,overnight",no
RCDEUSDT,CDE,"Coeur Mining, Inc.","pre_market,regular,after_hours,overnight",no
RCDLRUSDT,CDLR,Cadeler AS,"pre_market,regular,after_hours,overnight",no
RCDNAUSDT,CDNA,CareDx,"pre_market,regular,after_hours,overnight",no
RCDNLUSDT,CDNL,Cardinal Infrastructure Group,"pre_market,regular,after_hours,overnight",no
RCDNSUSDT,CDNS,,"after_hours,regular,pre_market,overnight",no
RCDPUSDT,CDP,COPT Defense Properties,"pre_market,regular,after_hours,overnight",no
RCDWUSDT,CDW,CDW Corporation,"pre_market,regular,after_hours,overnight",no
RCEUSDT,CE,Celanese Corporation,"pre_market,regular,after_hours,overnight",no
RCECOUSDT,CECO,CECO Environmental Corp.,"pre_market,regular,after_hours,overnight",no
RCEGUSDT,CEG,,"overnight,pre_market,regular,after_hours",no
RCELCUSDT,CELC,Celculity Inc. / Celcuity Inc.,"pre_market,regular,after_hours,overnight",no
RCELHUSDT,CELH,,"overnight,pre_market,regular,after_hours",no
RCENTUSDT,CENT,Central Garden & Pet,"pre_market,regular,after_hours,overnight",no
RCENTAUSDT,CENTA,Central Garden & Pet-A,"pre_market,regular,after_hours,overnight",no
RCENXUSDT,CENX,Century Aluminum Company,"pre_market,regular,after_hours,overnight",no
RCEPUUSDT,CEPU,Central Puerto,"pre_market,regular,after_hours,overnight",no
RCFUSDT,CF,"CF Industries Holdings, Inc.","pre_market,regular,after_hours,overnight",no
RCFGUSDT,CFG,Citizens Financial Group Inc,"pre_market,regular,after_hours,overnight",no
RCFRUSDT,CFR,"Cullen/Frost Bankers, Inc.","pre_market,regular,after_hours,overnight",no
RCGUSDT,CG,The Carlyle Group Inc.,"pre_market,regular,after_hours,overnight",no
RCGDVUSDT,CGDV,CAPITAL GROUP DIVIDEND VALUE ETF,"pre_market,regular,after_hours,overnight",no
RCGGRUSDT,CGGR,CAPITAL GROUP GROWTH ETF,"pre_market,regular,after_hours,overnight",no
RCGNXUSDT,CGNX,,"overnight,pre_market,regular,after_hours",no
RCGONUSDT,CGON,"CG Oncology, Inc.","pre_market,regular,after_hours,overnight",no
RCHAUSDT,CHA,Chagee Holdings,"pre_market,regular,after_hours,overnight",no
RCHCOUSDT,CHCO,City Holding,"pre_market,regular,after_hours,overnight",no
RCHDUSDT,CHD,"Church & Dwight Co., Inc.","pre_market,regular,after_hours,overnight",no
RCHDNUSDT,CHDN,Churchill Downs Incorporated,"pre_market,regular,after_hours,overnight",no
RCHEUSDT,CHE,Chemed Corporation,"pre_market,regular,after_hours,overnight",no
RCHHUSDT,CHH,"Choice Hotels International, Inc.","pre_market,regular,after_hours,overnight",no
RCHKPUSDT,CHKP,Check Point Software Technologies Ltd.,"pre_market,regular,after_hours,overnight",no
RCHRDUSDT,CHRD,Chord Energy Corporation,"pre_market,regular,after_hours,overnight",no
RCHRNUSDT,CHRN,ChronoScale,"pre_market,regular,after_hours,overnight",no
RCHRWUSDT,CHRW,C.H. Robinson Worldwide,"pre_market,regular,after_hours,overnight",no
RCHSCOUSDT,CHSCO,CHS INC CUM RED PRF 'B' USD25,"pre_market,regular,after_hours",no
RCHTUSDT,CHT,Chunghwa Telecom Co Ltd,"pre_market,regular,after_hours,overnight",no
RCHTRUSDT,CHTR,"Charter Communications, Inc.","pre_market,regular,after_hours,overnight",no
RCHYMUSDT,CHYM,"Chime Financial, Inc.","pre_market,regular,after_hours,overnight",no
RCIUSDT,CI,,"after_hours,regular,pre_market,overnight",no
RCIBUSDT,CIB,BanColombia S.A.,"pre_market,regular,after_hours,overnight",no
RCIBRUSDT,CIBR,,"after_hours,regular,pre_market,overnight",no
RCIENUSDT,CIEN,,"overnight,pre_market,regular,after_hours",no
RCIFRUSDT,CIFR,,"overnight,pre_market,regular,after_hours",no
RCIGUSDT,CIG,Companhia Energética de Minas Gerais (CEMIG),"pre_market,regular,after_hours,overnight",no
RCIGIUSDT,CIGI,Colliers International Group Inc.,"pre_market,regular,after_hours",no
RCINFUSDT,CINF,Cincinnati Financial Corporation,"pre_market,regular,after_hours,overnight",no
RCLUSDT,CL,,"after_hours,regular,pre_market,overnight",no
RCLBKUSDT,CLBK,Columbia Financial,"pre_market,regular,after_hours,overnight",no
RCLBTUSDT,CLBT,Cellebrite,"pre_market,regular,after_hours,overnight",no
RCLDXUSDT,CLDX,Celldex Therapeutics,"pre_market,regular,after_hours,overnight",no
RCLFUSDT,CLF,Cleveland-Cliffs Inc.,"pre_market,regular,after_hours,overnight",no
RCLHUSDT,CLH,"Clean Harbors, Inc.","pre_market,regular,after_hours,overnight",no
RCLOAUSDT,CLOA,,"after_hours,regular,pre_market,overnight",no
RCLOIUSDT,CLOI,,"after_hours,regular,pre_market,overnight",no
RCLOVUSDT,CLOV,Clover Health,"pre_market,regular,after_hours,overnight",no
RCLSUSDT,CLS,,"after_hours,regular,pre_market,overnight",no
RCLSKUSDT,CLSK,CleanSpark,"pre_market,regular,after_hours,overnight",no
RCLWUSDT,CLW,,"overnight,pre_market,regular,after_hours",no
RCLXUSDT,CLX,The Clorox Company,"pre_market,regular,after_hours,overnight",no
RCMBTUSDT,CMBT,CMB.TECH / CMB N.V.,"pre_market,regular,after_hours,overnight",no
RCMCUSDT,CMC,Commercial Metals Company,"pre_market,regular,after_hours,overnight",no
RCMCSAUSDT,CMCSA,,"after_hours,regular,pre_market,overnight",no
RCMEUSDT,CME,,"after_hours,regular,pre_market,overnight",no
RCMGUSDT,CMG,,"after_hours,regular,pre_market,overnight",no
RCMIUSDT,CMI,,"after_hours,regular,pre_market,overnight",no
RCMPRUSDT,CMPR,Cimpress,"pre_market,regular,after_hours,overnight",no
RCMPSUSDT,CMPS,COMPASS Pathways,"pre_market,regular,after_hours,overnight",no
RCMREUSDT,CMRE,Costamare,"pre_market,regular,after_hours,overnight",no
RCMSUSDT,CMS,CMS Energy,"pre_market,regular,after_hours,overnight",no
RCMSAUSDT,CMSA,CMS Energy Corporation (Preferred Notes),"pre_market,regular,after_hours",no
RCNAUSDT,CNA,CNA Financial Corporation,"pre_market,regular,after_hours,overnight",no
RCNCUSDT,CNC,,"overnight,pre_market,regular,after_hours",no
RCNHUSDT,CNH,CNH Industrial N.V.,"pre_market,regular,after_hours,overnight",no
RCNIUSDT,CNI,,"after_hours,regular,pre_market,overnight",no
RCNKUSDT,CNK,Cinemark,"pre_market,regular,after_hours,overnight",no
RCNMUSDT,CNM,"Core & Main, Inc.","pre_market,regular,after_hours,overnight",no
RCNMDUSDT,CNMD,ConMed,"pre_market,regular,after_hours,overnight",no
RCNOUSDT,CNO,"CNO Financial Group, Inc.","pre_market,regular,after_hours,overnight",no
RCNOBUSDT,CNOB,ConnectOne Bank,"pre_market,regular,after_hours,overnight",no
RCNPUSDT,CNP,CenterPoint Energy Inc,"pre_market,regular,after_hours,overnight",no
RCNQUSDT,CNQ,,"after_hours,regular,pre_market,overnight",no
RCNSUSDT,CNS,Cohen & Steers,"pre_market,regular,after_hours,overnight",no
RCNXUSDT,CNX,CNX Resources Corporation,"pre_market,regular,after_hours,overnight",no
RCNXCUSDT,CNXC,Concentrix,"pre_market,regular,after_hours,overnight",no
RCNXNUSDT,CNXN,PC Connection,"pre_market,regular,after_hours,overnight",no
RCOAGUSDT,COAG,Hemab Therapeutics Holdings,"pre_market,regular,after_hours,overnight",no
RCOCOUSDT,COCO,"The Vita Coco Company, Inc.","pre_market,regular,after_hours,overnight",no
RCOFUSDT,COF,,"overnight,pre_market,regular,after_hours",no
RCOGTUSDT,COGT,"Cogent Biosciences, Inc.","pre_market,regular,after_hours,overnight",no
RCOHRUSDT,COHR,,"overnight,pre_market,regular,after_hours",yes
RCOHUUSDT,COHU,Cohu Inc,"pre_market,regular,after_hours,overnight",no
RCOINUSDT,COIN,,"overnight,pre_market,regular,after_hours",yes
RCOKEUSDT,COKE,"Coca-Cola Consolidated, Inc.","pre_market,regular,after_hours,overnight",no
RCOLBUSDT,COLB,"Columbia Banking System, Inc.","pre_market,regular,after_hours,overnight",no
RCOLDUSDT,COLD,"Americold Realty Trust, Inc.","pre_market,regular,after_hours,overnight",no
RCOLMUSDT,COLM,Columbia Sportswear,"pre_market,regular,after_hours,overnight",no
RCOMPUSDT,COMP,"Compass, Inc.","pre_market,regular,after_hours,overnight",no
RCONLUSDT,CONL,,"overnight,pre_market,regular,after_hours",no
RCOOUSDT,COO,"The Cooper Companies, Inc.","pre_market,regular,after_hours,overnight",no
RCOPUSDT,COP,,"after_hours,regular,pre_market,overnight",no
RCOPXUSDT,COPX,,"overnight,pre_market,regular,after_hours",no
RCORUSDT,COR,,"after_hours,regular,pre_market,overnight",no
RCORTUSDT,CORT,Corcept Therapeutics Incorporated,"pre_market,regular,after_hours,overnight",no
RCORZUSDT,CORZ,"Core Scientific, Inc.","pre_market,regular,after_hours,overnight",no
RCOSTUSDT,COST,,"overnight,pre_market,regular,after_hours",no
RCOTYUSDT,COTY,Coty Inc,"pre_market,regular,after_hours,overnight",no
RCOURUSDT,COUR,Coursera,"pre_market,regular,after_hours,overnight",no
RCPAUSDT,CPA,"Copa Holdings, S.A.","pre_market,regular,after_hours",no
RCPAYUSDT,CPAY,"Corpay, Inc.","pre_market,regular,after_hours,overnight",no
RCPBUSDT,CPB,Campbell Soup Company,"pre_market,regular,after_hours,overnight",no
RCPKUSDT,CPK,Chesapeake Utilities Corp,"pre_market,regular,after_hours,overnight",no
RCPNGUSDT,CPNG,,"overnight,pre_market,regular,after_hours",no
RCPRIUSDT,CPRI,Capri Holdings,"pre_market,regular,after_hours,overnight",no
RCPRTUSDT,CPRT,"Copart, Inc.","pre_market,regular,after_hours,overnight",no
RCPTUSDT,CPT,Camden Property Trust,"pre_market,regular,after_hours,overnight",no
RCQPUSDT,CQP,Cheniere Energy Partners LP,"pre_market,regular,after_hours",no
RCRUSDT,CR,Crane Company,"pre_market,regular,after_hours,overnight",no
RCRBGUSDT,CRBG,"Corebridge Financial, Inc.","pre_market,regular,after_hours,overnight",no
RCRCUSDT,CRC,California Resources Corporation,"pre_market,regular,after_hours,overnight",no
RCRCAUSDT,CRCA,,"regular,pre_market,after_hours,overnight",no
RCRCLUSDT,CRCL,,"overnight,pre_market,regular,after_hours",yes
RCRDOUSDT,CRDO,,"overnight,pre_market,regular,after_hours",no
RCRHUSDT,CRH,,"after_hours,regular,pre_market,overnight",no
RCRKUSDT,CRK,Comstock Resources,"pre_market,regular,after_hours,overnight",no
RCRLUSDT,CRL,"Charles River Laboratories International, Inc.","pre_market,regular,after_hours,overnight",no
RCRMUSDT,CRM,,"overnight,pre_market,regular,after_hours",no
RCROXUSDT,CROX,"Crocs, Inc.","pre_market,regular,after_hours,overnight",no
RCRSUSDT,CRS,Carpenter Technology,"pre_market,regular,after_hours,overnight",no
RCRSPUSDT,CRSP,,"overnight,pre_market,regular,after_hours",no
RCRSRUSDT,CRSR,Corsair Gaming,"pre_market,regular,after_hours,overnight",no
RCRUSUSDT,CRUS,"Cirrus Logic, Inc.","pre_market,regular,after_hours,overnight",no
RCRVLUSDT,CRVL,CorVel,"pre_market,regular,after_hours,overnight",no
RCRWDUSDT,CRWD,,"overnight,pre_market,regular,after_hours",yes
RCRWVUSDT,CRWV,,"overnight,pre_market,regular,after_hours",yes
RCSANYUSDT,CSAN,Cosan,,no
RCSCOUSDT,CSCO,,"overnight,pre_market,regular,after_hours",yes
RCSGPUSDT,CSGP,"CoStar Group, Inc.","pre_market,regular,after_hours,overnight",no
RCSIQUSDT,CSIQ,,"overnight,pre_market,regular,after_hours",no
RCSLUSDT,CSL,Carlisle Companies Incorporated,"pre_market,regular,after_hours,overnight",no
RCSQRUSDT,CSQR,Csquare,"pre_market,regular,after_hours,overnight",no
RCSTMUSDT,CSTM,Constellium,"pre_market,regular,after_hours,overnight",no
RCSWUSDT,CSW,"CSW Industrials, Inc.","pre_market,regular,after_hours,overnight",no
RCSWCUSDT,CSWC,Capital Southwest Corp,"pre_market,regular,after_hours,overnight",no
RCSXUSDT,CSX,,"after_hours,regular,pre_market,overnight",no
RCTASUSDT,CTAS,,"after_hours,regular,pre_market,overnight",no
RCTBIUSDT,CTBI,Community Trust Bancorp,"pre_market,regular,after_hours,overnight",no
RCTOSUSDT,CTOS,Custom Truck One Source,"pre_market,regular,after_hours,overnight",no
RCTREUSDT,CTRE,"CareTrust REIT, Inc.","pre_market,regular,after_hours,overnight",no
RCTRIUSDT,CTRI,Centuri,"pre_market,regular,after_hours,overnight",no
RCTSUSDT,CTS,CTS Corp,"pre_market,regular,after_hours,overnight",no
RCTSHUSDT,CTSH,Cognizant,"pre_market,regular,after_hours,overnight",no
RCTVAUSDT,CTVA,,"after_hours,regular,pre_market,overnight",no
RCUBEUSDT,CUBE,CubeSmart,"pre_market,regular,after_hours,overnight",no
RCUBIUSDT,CUBI,Customers Bancorp,"pre_market,regular,after_hours,overnight",no
RCURBUSDT,CURB,Curbline Properties,"pre_market,regular,after_hours,overnight",no
RCUZUSDT,CUZ,Cousins Properties Incorporated,"pre_market,regular,after_hours,overnight",no
RCVBFUSDT,CVBF,CVB Financial,"pre_market,regular,after_hours,overnight",no
RCVCOUSDT,CVCO,"Cavco Industries, Inc.","pre_market,regular,after_hours,overnight",no
RCVEUSDT,CVE,Cenovus Energy Inc.,"pre_market,regular,after_hours,overnight",no
RCVLTUSDT,CVLT,"Commvault Systems, Inc.","pre_market,regular,after_hours,overnight",no
RCVNAUSDT,CVNA,,"overnight,pre_market,regular,after_hours",no
RCVSUSDT,CVS,,"after_hours,regular,pre_market,overnight",no
RCVSAUSDT,CVSA,Covista,"pre_market,regular,after_hours,overnight",no
RCVXUSDT,CVX,,"after_hours,regular,pre_market,overnight",no
RCWUSDT,CW,Curtiss-Wright Corporation,"pre_market,regular,after_hours,overnight",no
RCWBUSDT,CWB,SPDR Bloomberg Convertible Securities ETF,"pre_market,regular,after_hours,overnight",no
RCWENUSDT,CWEN,"Clearway Energy, Inc.","pre_market,regular,after_hours,overnight",no
RCWKUSDT,CWK,Cushman & Wakefield,"pre_market,regular,after_hours,overnight",no
RCWSTUSDT,CWST,"Casella Waste Systems, Inc.","pre_market,regular,after_hours,overnight",no
RCWTUSDT,CWT,California Water Service Group,"pre_market,regular,after_hours,overnight",no
RCXUSDT,CX,"Cemex, S.A.B. de C.V.","pre_market,regular,after_hours,overnight",no
RCXTUSDT,CXT,Crane NXT,"pre_market,regular,after_hours,overnight",no
RCXWUSDT,CXW,"CoreCivic, Inc.","pre_market,regular,after_hours,overnight",no
RCYTKUSDT,CYTK,"Cytokinetics, Incorporated","pre_market,regular,after_hours,overnight",no
RCZRUSDT,CZR,"Caesars Entertainment, Inc.","pre_market,regular,after_hours,overnight",no
RDUSDT,D,,"after_hours,regular,pre_market,overnight",no
RDALUSDT,DAL,,"after_hours,regular,pre_market,overnight",no
RDANUSDT,DAN,Dana,"pre_market,regular,after_hours,overnight",no
RDAOUSDT,DAO,Youdao,"pre_market,regular,after_hours",no
RDARUSDT,DAR,Darling Ingredients Inc.,"pre_market,regular,after_hours,overnight",no
RDASHUSDT,DASH,,"overnight,pre_market,regular,after_hours",no
RDAVEUSDT,DAVE,"Dave, Inc.","pre_market,regular,after_hours,overnight",no
RDBCUSDT,DBC,,"after_hours,regular,pre_market,overnight",no
RDBDUSDT,DBD,Diebold Nixdorf,"pre_market,regular,after_hours,overnight",no
RDBRGUSDT,DBRG,DigitalBridge Group,"pre_market,regular,after_hours,overnight",no
RDBXUSDT,DBX,"Dropbox, Inc.","pre_market,regular,after_hours,overnight",no
RDCHUSDT,DCH,Dauch,"pre_market,regular,after_hours,overnight",no
RDCIUSDT,DCI,"Donaldson Company, Inc.","pre_market,regular,after_hours,overnight",no
RDCOUSDT,DCO,Ducommun Inc,"pre_market,regular,after_hours,overnight",no
RDCOMUSDT,DCOM,Dime Commercial Bancshares,"pre_market,regular,after_hours,overnight",no
RDDUSDT,DD,"DuPont de Nemours, Inc.","pre_market,regular,after_hours,overnight",no
RDDOGUSDT,DDOG,,"overnight,pre_market,regular,after_hours",yes
RDDSUSDT,DDS,"Dillard's, Inc.","pre_market,regular,after_hours,overnight",no
RDEUSDT,DE,,"after_hours,regular,pre_market,overnight",no
RDECKUSDT,DECK,Deckers Outdoor Corporation,"pre_market,regular,after_hours,overnight",no
RDEIUSDT,DEI,Douglas Emmett Inc,"pre_market,regular,after_hours,overnight",no
RDELLUSDT,DELL,,"overnight,pre_market,regular,after_hours",yes
RDEOUSDT,DEO,Diageo plc,"pre_market,regular,after_hours,overnight",no
RDFACUSDT,DFAC,DIMENSIONAL U.S. CORE EQUITY 2 ETF,"pre_market,regular,after_hours,overnight",no
RDFASUSDT,DFAS,DIMENSIONAL U.S. SMALL CAP ETF,"pre_market,regular,after_hours,overnight",no
RDFGPUSDT,DFGP,DIMENSIONAL ETF TRUST GLOBAL CORE PLUS FIXED INCOME ETF,"pre_market,regular,after_hours,overnight",no
RDFICUSDT,DFIC,DIMENSIONAL INTERNATIONAL CORE EQUITY 2 ETF,"pre_market,regular,after_hours,overnight",no
RDFTXUSDT,DFTX,Definium Therapeutics / Definity,"pre_market,regular,after_hours,overnight",no
RDGUSDT,DG,Dollar General,"pre_market,regular,after_hours,overnight",no
RDGIIUSDT,DGII,Digi International,"pre_market,regular,after_hours,overnight",no
RDGROUSDT,DGRO,Ishares Trust Core Divid Gwth,"pre_market,regular,after_hours,overnight",no
RDGRWUSDT,DGRW,,"after_hours,regular,pre_market,overnight",no
RDGXUSDT,DGX,Quest Diagnostics Incorporated,"pre_market,regular,after_hours,overnight",no
RDHCUSDT,DHC,Diversified Healthcare Trust,"pre_market,regular,after_hours,overnight",no
RDHIUSDT,DHI,,"overnight,pre_market,regular,after_hours",no
RDHRUSDT,DHR,,"after_hours,regular,pre_market,overnight",no
RDHTUSDT,DHT,DHT Holdings,"pre_market,regular,after_hours,overnight",no
RDIAUSDT,DIA,,"overnight,pre_market,regular,after_hours",no
RDINOUSDT,DINO,HF Sinclair Corporation,"pre_market,regular,after_hours,overnight",no
RDIODUSDT,DIOD,Diodes Incorporated,"pre_market,regular,after_hours,overnight",no
RDISUSDT,DIS,,"overnight,pre_market,regular,after_hours",no
RDJTUSDT,DJT,Trump Media & Technology,"pre_market,regular,after_hours,overnight",no
RDKNGUSDT,DKNG,,"overnight,pre_market,regular,after_hours",no
RDKSUSDT,DKS,Dick's Sporting Goods,"pre_market,regular,after_hours,overnight",no
RDLBUSDT,DLB,"Dolby Laboratories, Inc.","pre_market,regular,after_hours,overnight",no
RDLLLUSDT,DLLL,,regular,no
RDLOUSDT,DLO,DLocal Limited,"pre_market,regular,after_hours,overnight",no
RDLRUSDT,DLR,,"after_hours,regular,pre_market,overnight",no
RDLTRUSDT,DLTR,Dollar Tree,"pre_market,regular,after_hours,overnight",no
RDMCUSDT,DMC,Del Monte,"pre_market,regular,after_hours,overnight",no
RDMRAUSDT,DMRA,Damora Therapeutics,"pre_market,regular,after_hours,overnight",no
RDNLIUSDT,DNLI,Denali Therapeutics,"pre_market,regular,after_hours,overnight",no
RDNNUSDT,DNN,,"overnight,pre_market,regular,after_hours",no
RDNOWUSDT,DNOW,DNOW Inc,"pre_market,regular,after_hours,overnight",no
RDNTHUSDT,DNTH,"Dianthus Therapeutics, Inc.","pre_market,regular,after_hours,overnight",no
RDOCUSDT,DOC,"Healthpeak Properties, Inc.","pre_market,regular,after_hours,overnight",no
RDOCNUSDT,DOCN,,"overnight,pre_market,regular,after_hours",no
RDOCUUSDT,DOCU,,"overnight,pre_market,regular,after_hours",no
RDOOUSDT,DOO,BRP Inc. (Bombardier Recreational Products),"pre_market,regular,after_hours",no
RDORMUSDT,DORM,Dorman Products,"pre_market,regular,after_hours,overnight",no
RDOVUSDT,DOV,Dover Corporation,"pre_market,regular,after_hours,overnight",no
RDOWUSDT,DOW,Dow Inc,"pre_market,regular,after_hours,overnight",no
RDOXUSDT,DOX,Amdocs Limited,"pre_market,regular,after_hours,overnight",no
RDPCUSDT,DPC,DPC Dash Limited (Domino's China),"pre_market,regular,after_hours,overnight",no
RDPZUSDT,DPZ,"Domino's Pizza, Inc.","pre_market,regular,after_hours,overnight",no
RDRAMUSDT,DRAM,,"overnight,pre_market,regular,after_hours",yes
RDRDUSDT,DRD,DRDGOLD,"pre_market,regular,after_hours,overnight",no
RDRHUSDT,DRH,DIAMONDROCK HOSPITALITY CO,"pre_market,regular,after_hours,overnight",no
RDRIUSDT,DRI,"Darden Restaurants, Inc.","pre_market,regular,after_hours,overnight",no
RDRIPUSDT,DRIP,Direxion Daily S&P Oil & Gas Exp. & Prod. Bear 2X Shares,"pre_market,regular,after_hours,overnight",no
RDRSUSDT,DRS,"Leonardo DRS, Inc.","pre_market,regular,after_hours,overnight",no
RDRVNUSDT,DRVN,Driven Brands,"pre_market,regular,after_hours,overnight",no
RDSGRUSDT,DSGR,Distribution Solutions Group,"pre_market,regular,after_hours,overnight",no
RDSGXUSDT,DSGX,The Descartes Systems Group Inc,"pre_market,regular,after_hours,overnight",no
RDTUSDT,DT,"Dynatrace, Inc.","pre_market,regular,after_hours,overnight",no
RDTEUSDT,DTE,,"overnight,pre_market,regular,after_hours",no
RDTMUSDT,DTM,"DT Midstream, Inc.","pre_market,regular,after_hours,overnight",no
RDTWUSDT,DTW,DTE ENERGY CO 5.25% JR SUB DEBNTRS SR E 01/12/77 USD25,"pre_market,regular,after_hours",no
RDUKUSDT,DUK,,"after_hours,regular,pre_market,overnight",no
RDUOLUSDT,DUOL,,"overnight,pre_market,regular,after_hours",no
RDVUSDT,DV,DoubleVerify,"pre_market,regular,after_hours,overnight",no
RDVAUSDT,DVA,DaVita Inc.,"pre_market,regular,after_hours,overnight",no
RDVNUSDT,DVN,,"after_hours,regular,pre_market,overnight",no
RDXUSDT,DX,Dynex Capital Inc,"pre_market,regular,after_hours,overnight",no
RDXCUSDT,DXC,DXC Technology,"pre_market,regular,after_hours,overnight",no
RDXCMUSDT,DXCM,,"overnight,pre_market,regular,after_hours",no
RDXPEUSDT,DXPE,DXP Enterprises,"pre_market,regular,after_hours,overnight",no
RDXYZUSDT,DXYZ,,regular,no
RDYUSDT,DY,"Dycom Industries, Inc.","pre_market,regular,after_hours,overnight",no
RDYNUSDT,DYN,Dyne Therapeutics,"pre_market,regular,after_hours,overnight",no
RDYNFUSDT,DYNF,iShares U.S. Equity Factor Rotation Active ETF,"pre_market,regular,after_hours,overnight",no
REATUSDT,EAT,"Brinker International, Inc.","pre_market,regular,after_hours,overnight",no
REBAYUSDT,EBAY,,"after_hours,regular,pre_market,overnight",no
REBCUSDT,EBC,"Eastern Bankshares, Inc.","pre_market,regular,after_hours,overnight",no
RECUSDT,EC,Ecopetrol SA,"pre_market,regular,after_hours,overnight",no
RECGUSDT,ECG,"Everus Construction Group, Inc.","pre_market,regular,after_hours,overnight",no
RECHUSDT,ECH,,"after_hours,regular,pre_market,overnight",no
RECHOUSDT,ECHO,,"overnight,pre_market,regular,after_hours",no
RECLUSDT,ECL,,"after_hours,regular,pre_market,overnight",no
RECOUSDT,ECO,Okeanis Eco Tankers,"pre_market,regular,after_hours,overnight",no
RECPGUSDT,ECPG,Encore Capital Group,"pre_market,regular,after_hours,overnight",no
REDUUSDT,EDU,New Oriental Education & Technology Group Inc.,"pre_market,regular,after_hours,overnight",no
REEUSDT,EE,"Excelerate Energy, Inc.","pre_market,regular,after_hours,overnight",no
REEFTUSDT,EEFT,Euronet Worldwide,"pre_market,regular,after_hours,overnight",no
REEMUSDT,EEM,,"after_hours,regular,pre_market,overnight",no
REFAUSDT,EFA,,"after_hours,regular,pre_market,overnight",no
REFCUSDT,EFC,Ellington Financial,"pre_market,regular,after_hours,overnight",no
REFSCUSDT,EFSC,Enterprise Financial Services,"pre_market,regular,after_hours,overnight",no
REFVUSDT,EFV,iShares MSCI EAFE Value ETF,"pre_market,regular,after_hours,overnight",no
REFXUSDT,EFX,Equifax,"pre_market,regular,after_hours,overnight",no
REFXTUSDT,EFXT,Enerflex,"pre_market,regular,after_hours,overnight",no
REGUSDT,EG,"Everest Group, Ltd.","pre_market,regular,after_hours,overnight",no
REGOUSDT,EGO,Eldorado Gold Corporation,"pre_market,regular,after_hours,overnight",no
REGPUSDT,EGP,"EastGroup Properties, Inc.","pre_market,regular,after_hours,overnight",no
REHCUSDT,EHC,Encompass Health Corporation,"pre_market,regular,after_hours,overnight",no
REIXUSDT,EIX,Edison International,"pre_market,regular,after_hours,overnight",no
RELUSDT,EL,,"overnight,pre_market,regular,after_hours",no
RELANUSDT,ELAN,Elanco Animal Health Incorporated,"pre_market,regular,after_hours,overnight",no
RELEUSDT,ELE,Elemental Royalty,"pre_market,regular,after_hours,overnight",no
RELFUSDT,ELF,e.l.f. Beauty,"pre_market,regular,after_hours,overnight",no
RELPCUSDT,ELPC,Companhia Paranaense de Energia (COPEL),"pre_market,regular,after_hours,overnight",no
RELSUSDT,ELS,"Equity LifeStyle Properties, Inc.","pre_market,regular,after_hours,overnight",no
RELVUSDT,ELV,,"after_hours,regular,pre_market,overnight",no
RELVNUSDT,ELVN,Enliven Therapeutics,"pre_market,regular,after_hours,overnight",no
REMAUSDT,EMA,Emera Incorporated,"pre_market,regular,after_hours,overnight",no
REMATUSDT,EMAT,Evolution Metals & Technologie,"pre_market,regular,after_hours,overnight",no
REMBUSDT,EMB,iShares J.P. Morgan USD Emerging Markets Bond ETF,"pre_market,regular,after_hours,overnight",no
REMBJUSDT,EMBJ,Embraer S.A. (ADR),"pre_market,regular,after_hours,overnight",no
REMEUSDT,EME,,"overnight,pre_market,regular,after_hours",no
REMNUSDT,EMN,Eastman Chemical Company,"pre_market,regular,after_hours,overnight",no
REMRUSDT,EMR,,"after_hours,regular,pre_market,overnight",no
REMXCUSDT,EMXC,Ishares Msci Emerging Markets Ex China Etf,"pre_market,regular,after_hours,overnight",no
RENBUSDT,ENB,,"after_hours,regular,pre_market,overnight",no
RENICUSDT,ENIC,Enel Chile S.A.,"pre_market,regular,after_hours,overnight",no
RENLTUSDT,ENLT,Enlight Renewable Energy Ltd.,"pre_market,regular,after_hours,overnight",no
RENPHUSDT,ENPH,,"overnight,pre_market,regular,after_hours",no
RENRUSDT,ENR,Energizer Holdings,"pre_market,regular,after_hours,overnight",no
RENSUSDT,ENS,EnerSys,"pre_market,regular,after_hours,overnight",no
RENSGUSDT,ENSG,"The Ensign Group, Inc.","pre_market,regular,after_hours,overnight",no
RENTGUSDT,ENTG,Entegris,"pre_market,regular,after_hours,overnight",no
RENVAUSDT,ENVA,"Enova International, Inc.","pre_market,regular,after_hours,overnight",no
REOGUSDT,EOG,,"after_hours,regular,pre_market,overnight",no
REOSEUSDT,EOSE,Eos Energy,"pre_market,regular,after_hours,overnight",no
REPACUSDT,EPAC,Enerpac Tool,"pre_market,regular,after_hours,overnight",no
REPAMUSDT,EPAM,"EPAM Systems, Inc.","pre_market,regular,after_hours,overnight",no
REPRUSDT,EPR,EPR Properties,"pre_market,regular,after_hours,overnight",no
REPRTUSDT,EPRT,"Essential Properties Realty Trust, Inc.","pre_market,regular,after_hours,overnight",no
REQHUSDT,EQH,"Equitable Holdings, Inc.","pre_market,regular,after_hours,overnight",no
REQIXUSDT,EQIX,,"overnight,pre_market,regular,after_hours",no
REQPTUSDT,EQPT,EquipmentShare,"pre_market,regular,after_hours,overnight",no
REQTUSDT,EQT,,"overnight,pre_market,regular,after_hours",no
REQXUSDT,EQX,Equinox Gold Corp.,"pre_market,regular,after_hours,overnight",no
RERASUSDT,ERAS,"Erasca, Inc.","pre_market,regular,after_hours,overnight",no
RERICUSDT,ERIC,Telefonaktiebolaget LM Ericsson (publ),"pre_market,regular,after_hours,overnight",no
RERIEUSDT,ERIE,Erie Indemnity Company,"pre_market,regular,after_hours,overnight",no
REROUSDT,ERO,Ero Copper,"pre_market,regular,after_hours,overnight",no
REROCUSDT,EROC,ERock,"pre_market,regular,after_hours",no
REROKUSDT,EROK,EAGLEROCK LAND LLC,"pre_market,regular,after_hours",no
RESUSDT,ES,Eversource Energy,"pre_market,regular,after_hours,overnight",no
RESABUSDT,ESAB,ESAB Corporation,"pre_market,regular,after_hours,overnight",no
RESEUSDT,ESE,ESE CO / ESCO Technologies Inc.,"pre_market,regular,after_hours,overnight",no
RESIUSDT,ESI,Element Solutions Inc,"pre_market,regular,after_hours,overnight",no
RESLTUSDT,ESLT,Elbit Systems Ltd,"pre_market,regular,after_hours,overnight",no
RESNTUSDT,ESNT,Essent Group Ltd.,"pre_market,regular,after_hours,overnight",no
RESQUSDT,ESQ,Esquire Financial,"pre_market,regular,after_hours,overnight",no
RESSUSDT,ESS,"Essex Property Trust, Inc.","pre_market,regular,after_hours,overnight",no
RESTAUSDT,ESTA,Establishment Labs,"pre_market,regular,after_hours,overnight",no
RESTCUSDT,ESTC,Elastic N.V.,"pre_market,regular,after_hours,overnight",no
RETHAUSDT,ETHA,,"overnight,pre_market,regular,after_hours",no
RETNUSDT,ETN,,"overnight,pre_market,regular,after_hours",no
RETONUSDT,ETON,Eton Pharmaceutical,"pre_market,regular,after_hours,overnight",no
RETORUSDT,ETOR,eToro Group,"pre_market,regular,after_hours,overnight",no
RETRUSDT,ETR,,"after_hours,regular,pre_market,overnight",no
RETSYUSDT,ETSY,"Etsy, Inc.","pre_market,regular,after_hours,overnight",no
REVRUSDT,EVR,Evercore Inc.,"pre_market,regular,after_hours,overnight",no
REVRGUSDT,EVRG,"Evergy, Inc.","pre_market,regular,after_hours,overnight",no
REVTCUSDT,EVTC,Evertec,"pre_market,regular,after_hours,overnight",no
REWUSDT,EW,,"after_hours,regular,pre_market,overnight",no
REWBCUSDT,EWBC,"East West Bancorp, Inc.","pre_market,regular,after_hours,overnight",no
REWJUSDT,EWJ,,"overnight,pre_market,regular,after_hours",no
REWTUSDT,EWT,iShares MSCI Taiwan ETF,"pre_market,regular,after_hours,overnight",no
REWTXUSDT,EWTX,"Edgewise Therapeutics, Inc.","pre_market,regular,after_hours,overnight",no
REWYUSDT,EWY,,"overnight,pre_market,regular,after_hours",yes
REWZUSDT,EWZ,,"overnight,pre_market,regular,after_hours",no
REXCUSDT,EXC,,"after_hours,regular,pre_market,overnight",no
REXEUSDT,EXE,Expand Energy,"pre_market,regular,after_hours,overnight",no
REXELUSDT,EXEL,"Exelixis, Inc.","pre_market,regular,after_hours,overnight",no
REXKUSDT,EXK,Endeavour Silver,"pre_market,regular,after_hours,overnight",no
REXLSUSDT,EXLS,"ExlService Holdings, Inc.","pre_market,regular,after_hours,overnight",no
REXODUSDT,EXOD,,"regular,pre_market,after_hours,overnight",no
REXPUSDT,EXP,Eagle Materials Inc.,"pre_market,regular,after_hours,overnight",no
REXPDUSDT,EXPD,Expeditors International,"pre_market,regular,after_hours,overnight",no
REXPEUSDT,EXPE,Expedia Group Inc,"pre_market,regular,after_hours,overnight",no
REXPOUSDT,EXPO,Exponent,"pre_market,regular,after_hours,overnight",no
REXRUSDT,EXR,Cinemark Holdings Inc,"pre_market,regular,after_hours,overnight",no
REXTRUSDT,EXTR,"Extreme Networks, Inc.","pre_market,regular,after_hours,overnight",no
REZPWUSDT,EZPW,EZCORP,"pre_market,regular,after_hours,overnight",no
RFUSDT,F,,"after_hours,regular,pre_market,overnight",no
RFAUSDT,FA,First Advantage,"pre_market,regular,after_hours,overnight",no
RFAFUSDT,FAF,First American Financial Corporation,"pre_market,regular,after_hours,overnight",no
RFANGUSDT,FANG,,"after_hours,regular,pre_market,overnight",no
RFASUSDT,FAS,,"overnight,pre_market,regular,after_hours",no
RFASTUSDT,FAST,,"after_hours,regular,pre_market,overnight",no
RFAZUSDT,FAZ,,"regular,pre_market,after_hours,overnight",no
RFBINUSDT,FBIN,"Fortune Brands Innovations, Inc.","pre_market,regular,after_hours,overnight",no
RFBKUSDT,FBK,FB Financial,"pre_market,regular,after_hours,overnight",no
RFBNCUSDT,FBNC,First Bancorp NC,"pre_market,regular,after_hours,overnight",no
RFBNDUSDT,FBND,Fidelity Covington Trust Total Bd Etf,"pre_market,regular,after_hours,overnight",no
RFBPUSDT,FBP,First BanCorp,"pre_market,regular,after_hours,overnight",no
RFBTCUSDT,FBTC,Fidelity Wise Origin Bitcoin Fund,"pre_market,regular,after_hours,overnight",no
RFCFUSDT,FCF,First Commonwealth Financial,"pre_market,regular,after_hours,overnight",no
RFCFSUSDT,FCFS,"FirstCash Holdings, Inc.","pre_market,regular,after_hours,overnight",no
RFCNUSDT,FCN,"FTI Consulting, Inc.","pre_market,regular,after_hours,overnight",no
RFCNCAUSDT,FCNCA,"First Citizens BancShares, Inc.","pre_market,regular,after_hours,overnight",no
RFCPTUSDT,FCPT,Four Corners Property Trust Inc,"pre_market,regular,after_hours,overnight",no
RFCXUSDT,FCX,,"overnight,pre_market,regular,after_hours",no
RFDSUSDT,FDS,FactSet Research Systems Inc.,"pre_market,regular,after_hours,overnight",no
RFDVVUSDT,FDVV,Fidelity Core Dividend ETF,"pre_market,regular,after_hours,overnight",no
RFDXUSDT,FDX,,"after_hours,regular,pre_market,overnight",no
RFDXFUSDT,FDXF,FedEx Freight,"pre_market,regular,after_hours,overnight",no
RFEUSDT,FE,FirstEnergy Corp.,"pre_market,regular,after_hours,overnight",no
RFELEUSDT,FELE,"Franklin Electric Co., Inc.","pre_market,regular,after_hours,overnight",no
RFENIUSDT,FENI,FIDELITY ENHANCED INTERNATIONAL ETF,"pre_market,regular,after_hours,overnight",no
RFERUSDT,FER,Ferrovial SE,"pre_market,regular,after_hours,overnight",no
RFERGUSDT,FERG,,"after_hours,regular,pre_market,overnight",no
RFFBCUSDT,FFBC,First Financial Bancorp,"pre_market,regular,after_hours,overnight",no
RFFINUSDT,FFIN,"First Financial Bankshares, Inc.","pre_market,regular,after_hours,overnight",no
RFFIVUSDT,FFIV,"F5, Inc.","pre_market,regular,after_hours,overnight",no
RFGUSDT,FG,F&G Annuities & Life,"pre_market,regular,after_hours,overnight",no
RFGDLUSDT,FGDL,,"regular,pre_market,after_hours,overnight",no
RFHBUSDT,FHB,First Hawaiian,"pre_market,regular,after_hours,overnight",no
RFHIUSDT,FHI,"Federated Hermes, Inc.","pre_market,regular,after_hours,overnight",no
RFHNUSDT,FHN,First Horizon Corporation,"pre_market,regular,after_hours,overnight",no
RFIBKUSDT,FIBK,First Interstate BancSystem,"pre_market,regular,after_hours,overnight",no
RFICOUSDT,FICO,Fair Isaac Corporation,"pre_market,regular,after_hours,overnight",no
RFIGUSDT,FIG,,"after_hours,regular,pre_market,overnight",no
RFIGRUSDT,FIGR,,"regular,overnight,pre_market,after_hours",no
RFIGSUSDT,FIGS,FIGS Inc,"pre_market,regular,after_hours,overnight",no
RFINAUSDT,FINA,Fidelity MSCI North American Subset Index ETF,"pre_market,regular,after_hours,overnight",no
RFISUSDT,FIS,Fidelity National Information Services,"pre_market,regular,after_hours,overnight",no
RFISVUSDT,FISV,"Fiserv, Inc.","pre_market,regular,after_hours,overnight",no
RFIVEUSDT,FIVE,"Five Below, Inc.","pre_market,regular,after_hours,overnight",no
RFIVNUSDT,FIVN,Five9,"pre_market,regular,after_hours,overnight",no
RFIXUSDT,FIX,,"after_hours,regular,pre_market,overnight",no
RFIZZUSDT,FIZZ,National Beverage,"pre_market,regular,after_hours,overnight",no
RFLEXUSDT,FLEX,,"after_hours,regular,pre_market,overnight",no
RFLGUSDT,FLG,"Flagstar Financial, Inc.","pre_market,regular,after_hours,overnight",no
RFLHYUSDT,FLHY,,"after_hours,regular,pre_market,overnight",no
RFLNCUSDT,FLNC,Fluence Energy,"pre_market,regular,after_hours,overnight",no
RFLNGUSDT,FLNG,Flex LNG,"pre_market,regular,after_hours,overnight",no
RFLOCUSDT,FLOC,Flowco Holdings,"pre_market,regular,after_hours,overnight",no
RFLOTUSDT,FLOT,Floating Rate Note Ishares,"pre_market,regular,after_hours,overnight",no
RFLQLUSDT,FLQL,,"after_hours,regular,pre_market,overnight",no
RFLRUSDT,FLR,Fluor Corporation,"pre_market,regular,after_hours,overnight",no
RFLSUSDT,FLS,Flowserve Corporation,"pre_market,regular,after_hours,overnight",no
RFLUTUSDT,FLUT,Flutter Entertainment plc,"pre_market,regular,after_hours,overnight",no
RFLYUSDT,FLY,Firefly Aerospace,"pre_market,regular,after_hours,overnight",no
RFLYWUSDT,FLYW,Flywire,"pre_market,regular,after_hours,overnight",no
RFMCUSDT,FMC,FMC Corp,"pre_market,regular,after_hours,overnight",no
RFMSUSDT,FMS,Fresenius Medical Care AG,"pre_market,regular,after_hours,overnight",no
RFMXUSDT,FMX,Fomento Económico Mexicano (FEMSA),"pre_market,regular,after_hours,overnight",no
RFNUSDT,FN,,"overnight,pre_market,regular,after_hours",no
RFNBUSDT,FNB,F.N.B. Corporation,"pre_market,regular,after_hours,overnight",no
RFNDUSDT,FND,"Floor & Decor Holdings, Inc.","pre_market,regular,after_hours,overnight",no
RFNDXUSDT,FNDX,Schwab Strategic Tr Fundamental U S Large Co Index Etf,"pre_market,regular,after_hours,overnight",no
RFNFUSDT,FNF,"Fidelity National Financial, Inc.","pre_market,regular,after_hours,overnight",no
RFNGUUSDT,FNGU,MicroSectors FANG+ Index 3X Leveraged ETN,"pre_market,regular,after_hours,overnight",no
RFOILUSDT,FOIL,Londian Wason New Energy Tech,"pre_market,regular,after_hours,overnight",no
RFORUSDT,FOR,Forestar Group,"pre_market,regular,after_hours,overnight",no
RFORMUSDT,FORM,"FormFactor, Inc.","pre_market,regular,after_hours,overnight",no
RFORTYUSDT,FORTY,Formula Systems,"pre_market,regular,after_hours",no
RFOURUSDT,FOUR,"Shift4 Payments, Inc.","pre_market,regular,after_hours,overnight",no
RFOXAUSDT,FOXA,Fox Corporation (Class A),"pre_market,regular,after_hours,overnight",no
RFPSUSDT,FPS,Forgent Power Solutions / Forgent Corp,"pre_market,regular,after_hours,overnight",no
RFRUSDT,FR,"First Industrial Realty Trust, Inc.","pre_market,regular,after_hours,overnight",no
RFRBTUSDT,FRBT,,"pre_market,regular,after_hours",no
RFRHCUSDT,FRHC,Freedom Holding Corp.,"pre_market,regular,after_hours,overnight",no
RFRMEUSDT,FRME,First Merchants,"pre_market,regular,after_hours,overnight",no
RFRMIUSDT,FRMI,Fermi,"pre_market,regular,after_hours,overnight",no
RFRNMUSDT,FRNM,Freenome,"pre_market,regular,after_hours,overnight",no
RFROUSDT,FRO,Frontline plc,"pre_market,regular,after_hours,overnight",no
RFROGUSDT,FROG,JFrog Ltd.,"pre_market,regular,after_hours,overnight",no
RFRPTUSDT,FRPT,Freshpet,"pre_market,regular,after_hours,overnight",no
RFRSHUSDT,FRSH,Freshworks,"pre_market,regular,after_hours,overnight",no
RFRTUSDT,FRT,Federal Realty Investment Trust,"pre_market,regular,after_hours,overnight",no
RFRVOUSDT,FRVO,Fervo Energy,"pre_market,regular,after_hours,overnight",no
RFSKUSDT,FSK,FS KKR Capital,"pre_market,regular,after_hours,overnight",no
RFSLRUSDT,FSLR,,"overnight,pre_market,regular,after_hours",no
RFSLYUSDT,FSLY,,"overnight,pre_market,regular,after_hours",no
RFSMUSDT,FSM,Fortuna Silver Mines,"pre_market,regular,after_hours,overnight",no
RFSOLUSDT,FSOL,,"regular,pre_market,after_hours,overnight",no
RFSSUSDT,FSS,Federal Signal Corporation,"pre_market,regular,after_hours,overnight",no
RFSUNUSDT,FSUN,FirstSun Capital Bancorp,"pre_market,regular,after_hours,overnight",no
RFSVUSDT,FSV,FirstService Corporation,"pre_market,regular,after_hours",no
RFTAIUSDT,FTAI,FTAI Aviation,"pre_market,regular,after_hours,overnight",no
RFTDRUSDT,FTDR,"Frontdoor, Inc.","pre_market,regular,after_hours,overnight",no
RFTGCUSDT,FTGC,,"after_hours,regular,pre_market,overnight",no
RFTIUSDT,FTI,TechnipFMC PLC,"pre_market,regular,after_hours,overnight",no
RFTNTUSDT,FTNT,,"overnight,pre_market,regular,after_hours",no
RFTREUSDT,FTRE,Fortrea Holdings,"pre_market,regular,after_hours,overnight",no
RFTSUSDT,FTS,Fortis Inc,"pre_market,regular,after_hours,overnight",no
RFTVUSDT,FTV,Fortive Corporation,"pre_market,regular,after_hours,overnight",no
RFULUSDT,FUL,H.B. Fuller,"pre_market,regular,after_hours,overnight",no
RFULTUSDT,FULT,Fulton Financial Corporation,"pre_market,regular,after_hours,overnight",no
RFUTUUSDT,FUTU,,"overnight,pre_market,regular,after_hours",yes
RFWDIUSDT,FWDI,,"regular,pre_market,after_hours,overnight",no
RFWONAUSDT,FWONA,Formula One Group (Liberty Media - Class A),"pre_market,regular,after_hours,overnight",no
RFWONKUSDT,FWONK,Formula One Group (Liberty Media),"pre_market,regular,after_hours,overnight",no
RFXIUSDT,FXI,,"overnight,pre_market,regular,after_hours",no
RGUSDT,G,Genpact Limited,"pre_market,regular,after_hours,overnight",no
RGABCUSDT,GABC,German American Bancorp,"pre_market,regular,after_hours,overnight",no
RGAPUSDT,GAP,"The Gap, Inc.","pre_market,regular,after_hours,overnight",no
RGATXUSDT,GATX,GATX Corporation,"pre_market,regular,after_hours,overnight",no
RGBCIUSDT,GBCI,"Glacier Bancorp, Inc.","pre_market,regular,after_hours,overnight",no
RGBDCUSDT,GBDC,Golub Capital BDC,"pre_market,regular,after_hours,overnight",no
RGBTCUSDT,GBTC,Grayscale Bitcoin Trust,"pre_market,regular,after_hours,overnight",no
RGBTGUSDT,GBTG,"Global Business Travel Group, Inc.","pre_market,regular,after_hours,overnight",no
RGCMGUSDT,GCMG,GCM Grosvenor,"pre_market,regular,after_hours,overnight",no
RGCTUSDT,GCT,GigaCloud Technology,"pre_market,regular,after_hours,overnight",no
RGDUSDT,GD,,"after_hours,regular,pre_market,overnight",no
RGDDYUSDT,GDDY,GoDaddy Inc.,"pre_market,regular,after_hours,overnight",no
RGDSUSDT,GDS,GDS Holdings Limited,"pre_market,regular,after_hours,overnight",no
RGDXUSDT,GDX,VanEck Gold Miners Equity ETF,"pre_market,regular,after_hours,overnight",no
RGDXJUSDT,GDXJ,VanEck Junior Gold Miners ETF,"pre_market,regular,after_hours,overnight",no
RGDXUUSDT,GDXU,MicroSectors Gold Miners 3X Leveraged ETN,"pre_market,regular,after_hours,overnight",no
RGEUSDT,GE,,"after_hours,regular,pre_market,overnight",no
RGEHCUSDT,GEHC,,"overnight,pre_market,regular,after_hours",no
RGEMIUSDT,GEMI,,"after_hours,regular,pre_market,overnight",no
RGENUSDT,GEN,Gen Digital Inc.,"pre_market,regular,after_hours,overnight",no
RGENBUSDT,GENB,Generate Biomedicines,"pre_market,regular,after_hours,overnight",no
RGEOUSDT,GEO,The GEO Group Inc,"pre_market,regular,after_hours,overnight",no
RGEVUSDT,GEV,,"overnight,pre_market,regular,after_hours",no
RGFFUSDT,GFF,Griffon,"pre_market,regular,after_hours,overnight",no
RGFIUSDT,GFI,Gold Fields Limited,"pre_market,regular,after_hours,overnight",no
RGFLUSDT,GFL,GFL Environmental Inc.,"pre_market,regular,after_hours,overnight",no
RGFSUSDT,GFS,,"after_hours,regular,pre_market,overnight",no
RGGALUSDT,GGAL,Grupo Financiero Galicia S.A.,"pre_market,regular,after_hours,overnight",no
RGGBUSDT,GGB,Gerdau S.A.,"pre_market,regular,after_hours,overnight",no
RGGGUSDT,GGG,Graco Inc.,"pre_market,regular,after_hours,overnight",no
RGGOVUSDT,GGOV,ISHARES GLOBAL GOVERNMENT BOND USD HEDGED ACTIVE ETF,"pre_market,regular,after_hours,overnight",no
RGHUSDT,GH,"Guardant Health, Inc.","pre_market,regular,after_hours,overnight",no
RGHCUSDT,GHC,Graham Holdings Company,"pre_market,regular,after_hours,overnight",no
RGHRSUSDT,GHRS,GH Research,"pre_market,regular,after_hours,overnight",no
RGIBUSDT,GIB,CGI Inc.,"pre_market,regular,after_hours,overnight",no
RGICUSDT,GIC,Global Industrial,"pre_market,regular,after_hours,overnight",no
RGILUSDT,GIL,Gildan Activewear Inc.,"pre_market,regular,after_hours,overnight",no
RGILDUSDT,GILD,,"after_hours,regular,pre_market,overnight",no
RGISUSDT,GIS,General Mills,"pre_market,regular,after_hours,overnight",no
RGKOSUSDT,GKOS,Glaukos Corporation,"pre_market,regular,after_hours,overnight",no
RGLUSDT,GL,Globe Life Inc.,"pre_market,regular,after_hours,overnight",no
RGLBEUSDT,GLBE,Global-e Online Ltd.,"pre_market,regular,after_hours,overnight",no
RGLDUSDT,GLD,,"overnight,pre_market,regular,after_hours",no
RGLDMUSDT,GLDM,Spdr Gold Minishares Trust,"pre_market,regular,after_hours,overnight",no
RGLNGUSDT,GLNG,Golar LNG Limited,"pre_market,regular,after_hours,overnight",no
RGLOBUSDT,GLOB,Globant,"pre_market,regular,after_hours,overnight",no
RGLPIUSDT,GLPI,Gaming & Leisure Properties,"pre_market,regular,after_hours,overnight",no
RGLTRUSDT,GLTR,,"after_hours,regular,pre_market,overnight",no
RGLWUSDT,GLW,,"after_hours,regular,pre_market,overnight",yes
RGLXYUSDT,GLXY,,"overnight,pre_market,regular,after_hours",no
RGMUSDT,GM,,"after_hours,regular,pre_market,overnight",no
RGMABUSDT,GMAB,Genmab A/S,"pre_market,regular,after_hours,overnight",no
RGMEUSDT,GME,,"overnight,pre_market,regular,after_hours",no
RGMEDUSDT,GMED,"Globus Medical, Inc.","pre_market,regular,after_hours,overnight",no
RGNLUSDT,GNL,Global Net Lease Inc,"pre_market,regular,after_hours,overnight",no
RGNRCUSDT,GNRC,Generac Holdings Inc.,"pre_market,regular,after_hours,overnight",no
RGNTXUSDT,GNTX,Rentokil Initial plc (ADR),"pre_market,regular,after_hours,overnight",no
RGNWUSDT,GNW,Genworth Financial,"pre_market,regular,after_hours,overnight",no
RGOLDUSDT,GOLD,Gold.com,"pre_market,regular,after_hours,overnight",no
RGOLFUSDT,GOLF,Acushnet Holdings Corp.,"pre_market,regular,after_hours,overnight",no
RGOOGLUSDT,GOOGL,,"overnight,pre_market,regular,after_hours",yes
RGOVTUSDT,GOVT,iShares U.S. Treasury Bond ETF,"pre_market,regular,after_hours,overnight",no
RGPCUSDT,GPC,Genuine Parts Company,"pre_market,regular,after_hours,overnight",no
RGPCRUSDT,GPCR,Structure Therapeutics,"pre_market,regular,after_hours,overnight",no
RGPGIUSDT,GPGI,GPGI Inc,"pre_market,regular,after_hours,overnight",no
RGPIUSDT,GPI,Group 1 Automotive,"pre_market,regular,after_hours,overnight",no
RGPKUSDT,GPK,Graphic Packaging,"pre_market,regular,after_hours,overnight",no
RGPNUSDT,GPN,Global Payments Inc.,"pre_market,regular,after_hours,overnight",no
RGPORUSDT,GPOR,Gulfport Energy,"pre_market,regular,after_hours,overnight",no
RGPROUSDT,GPRO,GoPro,"pre_market,regular,after_hours,overnight",no
RGRABUSDT,GRAB,,"overnight,pre_market,regular,after_hours",no
RGRALUSDT,GRAL,Grail,"pre_market,regular,after_hours,overnight",no
RGRBKUSDT,GRBK,Green Brick Partners,"pre_market,regular,after_hours,overnight",no
RGRCUSDT,GRC,Gorman-Rupp,"pre_market,regular,after_hours,overnight",no
RGRDNUSDT,GRDN,Guardian Pharmacy Services,"pre_market,regular,after_hours,overnight",no
RGRFSUSDT,GRFS,"Grifols, S.A.","pre_market,regular,after_hours,overnight",no
RGRMNUSDT,GRMN,Garmin Ltd.,"pre_market,regular,after_hours,overnight",no
RGRNDUSDT,GRND,,"after_hours,regular,pre_market,overnight",no
RGSUSDT,GS,,"overnight,pre_market,regular,after_hours",no
RGSATUSDT,GSAT,"Globalstar, Inc.","pre_market,regular,after_hours,overnight",no
RGSHDUSDT,GSHD,Goosehead Insurance,"pre_market,regular,after_hours,overnight",no
RGSKUSDT,GSK,,"after_hours,regular,pre_market,overnight",no
RGSLUSDT,GSL,Global Ship Lease,"pre_market,regular,after_hours",no
RGTESUSDT,GTES,Gates Industrial Corporation plc,"pre_market,regular,after_hours,overnight",no
RGTLBUSDT,GTLB,,"overnight,pre_market,regular,after_hours",no
RGTXUSDT,GTX,Garrett Motion Inc.,"pre_market,regular,after_hours,overnight",no
RGTYUSDT,GTY,Getty Realty,"pre_market,regular,after_hours,overnight",no
RGVAUSDT,GVA,"Arbor Realty Trust, Inc.","pre_market,regular,after_hours,overnight",no
RGWREUSDT,GWRE,,"overnight,pre_market,regular,after_hours",no
RGWWUSDT,GWW,,"after_hours,regular,pre_market,overnight",no
RGXOUSDT,GXO,"GXO Logistics, Inc.","pre_market,regular,after_hours,overnight",no
RHUSDT,H,Hyatt Hotels,"pre_market,regular,after_hours,overnight",no
RHALUSDT,HAL,,"overnight,pre_market,regular,after_hours",no
RHALOUSDT,HALO,"Halozyme Therapeutics, Inc.","pre_market,regular,after_hours,overnight",no
RHAPNUSDT,HAPN,Happen Inc,"pre_market,regular,after_hours,overnight",no
RHASUSDT,HAS,"Hasbro, Inc.","pre_market,regular,after_hours,overnight",no
RHASIUSDT,HASI,HASI (Hannon Armstrong),"pre_market,regular,after_hours,overnight",no
RHAWKUSDT,HAWK,HawkEye 360,"pre_market,regular,after_hours,overnight",no
RHAYWUSDT,HAYW,Hayward Holdings,"pre_market,regular,after_hours,overnight",no
RHBANUSDT,HBAN,,"overnight,pre_market,regular,after_hours",no
RHBMUSDT,HBM,Hudbay Minerals Inc.,"pre_market,regular,after_hours,overnight",no
RHCAUSDT,HCA,,"after_hours,regular,pre_market,overnight",no
RHCCUSDT,HCC,"Warrior Met Coal, Inc.","pre_market,regular,after_hours,overnight",no
RHCIUSDT,HCI,HCI Group,"pre_market,regular,after_hours,overnight",no
RHCMUSDT,HCM,Hutchmed (China),"pre_market,regular,after_hours,overnight",no
RHCSGUSDT,HCSG,Healthcare Services Group,"pre_market,regular,after_hours,overnight",no
RHDUSDT,HD,,"after_hours,regular,pre_market,overnight",no
RHDBUSDT,HDB,,"after_hours,regular,pre_market,overnight",no
RHDVUSDT,HDV,Ishares Trust Ishares Core High Dividend,"pre_market,regular,after_hours,overnight",no
RHEUSDT,HE,Hawaiian Electric Industries,"pre_market,regular,after_hours,overnight",no
RHEIUSDT,HEI,,"after_hours,regular,pre_market,overnight",no
RHESMUSDT,HESM,Hess Midstream LP,"pre_market,regular,after_hours,overnight",no
RHGUSDT,HG,Hamilton Insurance,"pre_market,regular,after_hours,overnight",no
RHGTYUSDT,HGTY,"Hagerty, Inc.","pre_market,regular,after_hours,overnight",no
RHGVUSDT,HGV,Hilton Grand Vacations,"pre_market,regular,after_hours,overnight",no
RHHHUSDT,HHH,Howard Hughes Holdings Inc.,"pre_market,regular,after_hours,overnight",no
RHIGUSDT,HIG,,"overnight,pre_market,regular,after_hours",no
RHIIUSDT,HII,"Huntington Ingalls Industries, Inc.","pre_market,regular,after_hours,overnight",no
RHIMSUSDT,HIMS,,"after_hours,regular,pre_market,overnight",yes
RHIMXUSDT,HIMX,,"overnight,pre_market,regular,after_hours",no
RHIWUSDT,HIW,Highwoods Properties Inc,"pre_market,regular,after_hours,overnight",no
RHLUSDT,HL,Hecla Mining Company,"pre_market,regular,after_hours,overnight",no
RHLIUSDT,HLI,"Houlihan Lokey, Inc.","pre_market,regular,after_hours,overnight",no
RHLIOUSDT,HLIO,Helios Technologies,"pre_market,regular,after_hours,overnight",no
RHLNUSDT,HLN,Haleon plc,"pre_market,regular,after_hours,overnight",no
RHLNEUSDT,HLNE,Hamilton Lane Incorporated,"pre_market,regular,after_hours,overnight",no
RHLTUSDT,HLT,,"after_hours,regular,pre_market,overnight",no
RHMCUSDT,HMC,Honda Motor Co Ltd,"pre_market,regular,after_hours,overnight",no
RHMNUSDT,HMN,Horace Mann Educators,"pre_market,regular,after_hours,overnight",no
RHMYUSDT,HMY,Harmony Gold Mining Company Limited,"pre_market,regular,after_hours,overnight",no
RHNGEUSDT,HNGE,Hinge Health,"pre_market,regular,after_hours,overnight",no
RHNIUSDT,HNI,HNI Corp,"pre_market,regular,after_hours,overnight",no
RHOGUSDT,HOG,Harley-Davidson,"pre_market,regular,after_hours,overnight",no
RHOMBUSDT,HOMB,"Home BancShares, Inc.","pre_market,regular,after_hours,overnight",no
RHONUSDT,HON,,"after_hours,regular,pre_market,overnight",no
RHONAUSDT,HONA,Honeywell Aerospace,"pre_market,regular,after_hours,overnight",no
RHOODUSDT,HOOD,,"overnight,pre_market,regular,after_hours",yes
RHOPEUSDT,HOPE,Hope Bancorp,"pre_market,regular,after_hours,overnight",no
RHOSUSDT,HOS,Hornbeck Offshore Services,"pre_market,regular,after_hours,overnight",no
RHPEUSDT,HPE,,"overnight,pre_market,regular,after_hours",no
RHPQUSDT,HPQ,HP Inc,"pre_market,regular,after_hours,overnight",no
RHQYUSDT,HQY,"HealthEquity, Inc.","pre_market,regular,after_hours,overnight",no
RHRUSDT,HR,Healthcare Realty Trust Incorporated,"pre_market,regular,after_hours,overnight",no
RHRBUSDT,HRB,"H&R Block, Inc.","pre_market,regular,after_hours,overnight",no
RHRIUSDT,HRI,Herc Holdings Inc.,"pre_market,regular,after_hours,overnight",no
RHRLUSDT,HRL,Hormel Foods Corporation,"pre_market,regular,after_hours,overnight",no
RHRMYUSDT,HRMY,Harmony Biosciences,"pre_market,regular,after_hours,overnight",no
RHSAIUSDT,HSAI,Hesai,"pre_market,regular,after_hours,overnight",no
RHSICUSDT,HSIC,"Henry Schein, Inc.","pre_market,regular,after_hours,overnight",no
RHSTUSDT,HST,"Host Hotels & Resorts, Inc.","pre_market,regular,after_hours,overnight",no
RHSYUSDT,HSY,,"overnight,pre_market,regular,after_hours",no
RHTFLUSDT,HTFL,Heartflow,"pre_market,regular,after_hours,overnight",no
RHTGCUSDT,HTGC,Hercules Capital,"pre_market,regular,after_hours,overnight",no
RHTHUSDT,HTH,Hilltop Holdings,"pre_market,regular,after_hours,overnight",no
RHTHTUSDT,HTHT,H World Group Limited (Huazhu),"pre_market,regular,after_hours,overnight",no
RHTOUSDT,HTO,H2O America,"pre_market,regular,after_hours,overnight",no
RHUBBUSDT,HUBB,Hubbell,"pre_market,regular,after_hours,overnight",no
RHUBGUSDT,HUBG,Hub Group,"pre_market,regular,after_hours,overnight",no
RHUBSUSDT,HUBS,"HubSpot, Inc.","pre_market,regular,after_hours,overnight",no
RHUMUSDT,HUM,,"after_hours,regular,pre_market,overnight",no
RHUNUSDT,HUN,Huntsman,"pre_market,regular,after_hours,overnight",no
RHURNUSDT,HURN,Huron Consulting,"pre_market,regular,after_hours,overnight",no
RHUTUSDT,HUT,Hut 8 Corp.,"pre_market,regular,after_hours,overnight",no
RHWCUSDT,HWC,Hancock Whitney Corporation,"pre_market,regular,after_hours,overnight",no
RHWKNUSDT,HWKN,Hawkins Inc,"pre_market,regular,after_hours,overnight",no
RHWMUSDT,HWM,,"after_hours,regular,pre_market,overnight",no
RHXLUSDT,HXL,Hexcel Corporation,"pre_market,regular,after_hours,overnight",no
RHYGUSDT,HYG,,"after_hours,regular,pre_market,overnight",no
RHYMCUSDT,HYMC,Hycroft Mining,"pre_market,regular,after_hours,overnight",no
RHYSUSDT,HYS,,"after_hours,regular,pre_market,overnight",no
RIAGUSDT,IAG,IAMGOLD Corporation,"pre_market,regular,after_hours,overnight",no
RIAUUSDT,IAU,,"after_hours,regular,pre_market,overnight",no
RIAUXUSDT,IAUX,I-80 Gold,"pre_market,regular,after_hours,overnight",no
RIBBUSDT,IBB,,"overnight,pre_market,regular,after_hours",no
RIBITUSDT,IBIT,,"overnight,pre_market,regular,after_hours",no
RIBKRUSDT,IBKR,,"after_hours,regular,pre_market,overnight",no
RIBMUSDT,IBM,,"overnight,pre_market,regular,after_hours",yes
RIBOCUSDT,IBOC,International Bancshares Corporation,"pre_market,regular,after_hours,overnight",no
RIBPUSDT,IBP,"Installed Building Products, Inc.","pre_market,regular,after_hours,overnight",no
RIBRXUSDT,IBRX,ImmunityBio,"pre_market,regular,after_hours,overnight",no
RICEUSDT,ICE,,"after_hours,regular,pre_market,overnight",no
RICFIUSDT,ICFI,ICF International,"pre_market,regular,after_hours,overnight",no
RICHRUSDT,ICHR,Ichor Holdings,"pre_market,regular,after_hours,overnight",no
RICLUSDT,ICL,ICL Group Ltd,"pre_market,regular,after_hours,overnight",no
RICLNUSDT,ICLN,,"overnight,pre_market,regular,after_hours",no
RICLRUSDT,ICLR,ICON plc,"pre_market,regular,after_hours,overnight",no
RICUIUSDT,ICUI,ICU Medical,"pre_market,regular,after_hours,overnight",no
RIDAUSDT,IDA,"IDACORP, Inc.","pre_market,regular,after_hours,overnight",no
RIDCCUSDT,IDCC,"InterDigital, Inc.","pre_market,regular,after_hours,overnight",no
RIDEVUSDT,IDEV,Ishares Core Msci International Developed Markets Etf,"pre_market,regular,after_hours,overnight",no
RIDTUSDT,IDT,IDT Corp,"pre_market,regular,after_hours,overnight",no
RIDXXUSDT,IDXX,,"after_hours,regular,pre_market,overnight",no
RIDYAUSDT,IDYA,IDEAYA Biosciences,"pre_market,regular,after_hours,overnight",no
RIEUSDT,IE,Ivanhoe Electric,"pre_market,regular,after_hours,overnight",no
RIEFUSDT,IEF,,"after_hours,regular,pre_market,overnight",no
RIEFAUSDT,IEFA,,"after_hours,regular,pre_market,overnight",no
RIEIUSDT,IEI,iShares 3-7 Year Treasury Bond ETF,"pre_market,regular,after_hours,overnight",no
RIEMGUSDT,IEMG,,"after_hours,regular,pre_market,overnight",no
RIEPUSDT,IEP,Icahn Enterprises L.P.,"pre_market,regular,after_hours,overnight",no
RIESCUSDT,IESC,"IES Holdings, Inc.","pre_market,regular,after_hours,overnight",no
RIEXUSDT,IEX,IDEX Corporation,"pre_market,regular,after_hours,overnight",no
RIFFUSDT,IFF,International Flavors & Fragrances Inc.,"pre_market,regular,after_hours,overnight",no
RIFSUSDT,IFS,Intercorp Financial Services Inc.,"pre_market,regular,after_hours,overnight",no
RIGIBUSDT,IGIB,Ishares 5-10 Year Investment Grade Corporate Bond Etf,"pre_market,regular,after_hours,overnight",no
RIGSBUSDT,IGSB,iShares 1-5 Year Investment Grade Corporate Bond ETF,"pre_market,regular,after_hours,overnight",no
RIGVUSDT,IGV,,"after_hours,regular,pre_market,overnight",no
RIHGUSDT,IHG,InterContinental Hotels Group PLC,"pre_market,regular,after_hours,overnight",no
RIHSUSDT,IHS,IHS Holding,"pre_market,regular,after_hours,overnight",no
RIIPRUSDT,IIPR,Innovative Industrial Properties Inc,"pre_market,regular,after_hours,overnight",no
RIJHUSDT,IJH,,"after_hours,regular,pre_market,overnight",no
RIJRUSDT,IJR,iShares Core S&P Small-Cap ETF,"pre_market,regular,after_hours,overnight",no
RILFUSDT,ILF,iShares Latin America 40 ETF,"pre_market,regular,after_hours,overnight",no
RILMNUSDT,ILMN,"Illumina, Inc.","pre_market,regular,after_hours,overnight",no
RIMAXUSDT,IMAX,IMAX Corp,"pre_market,regular,after_hours,overnight",no
RIMCRUSDT,IMCR,Immunocore,"pre_market,regular,after_hours,overnight",no
RIMKTAUSDT,IMKTA,Ingles Markets,"pre_market,regular,after_hours,overnight",no
RIMNMUSDT,IMNM,Immunome,"pre_market,regular,after_hours,overnight",no
RIMOUSDT,IMO,Imperial Oil Limited,"pre_market,regular,after_hours,overnight",no
RIMOSUSDT,IMOS,ChipMOS TECHNOLOGIES,"pre_market,regular,after_hours",no
RIMVTUSDT,IMVT,"Immunovant, Inc.","pre_market,regular,after_hours,overnight",no
RINBXUSDT,INBX,Inhibrx Biosciences,"pre_market,regular,after_hours,overnight",no
RINCEUSDT,INCE,,"after_hours,regular,pre_market,overnight",no
RINCYUSDT,INCY,Incyte,"pre_market,regular,after_hours,overnight",no
RINDAUSDT,INDA,,"overnight,pre_market,regular,after_hours",no
RINDBUSDT,INDB,Independent Bank,"pre_market,regular,after_hours,overnight",no
RINDVUSDT,INDV,Indivior PLC,"pre_market,regular,after_hours,overnight",no
RINFQUSDT,INFQ,Infleqtion,"pre_market,regular,after_hours,overnight",no
RINFYUSDT,INFY,Infosys Limited,"pre_market,regular,after_hours,overnight",no
RINGMUSDT,INGM,Ingram Micro Holding Corporation,"pre_market,regular,after_hours,overnight",no
RINGRUSDT,INGR,Ingredion Incorporated,"pre_market,regular,after_hours,overnight",no
RINNVUSDT,INNV,InnovAge Holding,"pre_market,regular,after_hours,overnight",no
RINODUSDT,INOD,Innodata,"pre_market,regular,after_hours,overnight",no
RINSMUSDT,INSM,Insmed,"pre_market,regular,after_hours,overnight",no
RINSPUSDT,INSP,Inspire Medical Systems,"pre_market,regular,after_hours,overnight",no
RINSWUSDT,INSW,"International Seaways, Inc.","pre_market,regular,after_hours,overnight",no
RINTAUSDT,INTA,Intapp,"pre_market,regular,after_hours,overnight",no
RINTCUSDT,INTC,,"overnight,pre_market,regular,after_hours",yes
RINTRUSDT,INTR,Inter & Co,"pre_market,regular,after_hours,overnight",no
RINTUUSDT,INTU,,"overnight,pre_market,regular,after_hours",no
RINVAUSDT,INVA,Innoviva,"pre_market,regular,after_hours,overnight",no
RINVHUSDT,INVH,Invitation Homes Inc.,"pre_market,regular,after_hours,overnight",no
RINVXUSDT,INVX,Innovex International,"pre_market,regular,after_hours,overnight",no
RIONDUSDT,IOND,DPC Holdings PLC,"pre_market,regular,after_hours",no
RIONQUSDT,IONQ,,"overnight,pre_market,regular,after_hours",yes
RIONSUSDT,IONS,"Ionis Pharmaceuticals, Inc.","pre_market,regular,after_hours,overnight",no
RIOSPUSDT,IOSP,Innospec,"pre_market,regular,after_hours,overnight",no
RIOVAUSDT,IOVA,Iovance Biotherapeutics,"pre_market,regular,after_hours,overnight",no
RIPUSDT,IP,International Paper Company,"pre_market,regular,after_hours,overnight",no
RIPARUSDT,IPAR,Interparfums,"pre_market,regular,after_hours,overnight",no
RIPGPUSDT,IPGP,IPG Photonics Corporation,"pre_market,regular,after_hours,overnight",no
RIQLTUSDT,IQLT,iShares MSCI Intl Quality Factor ETF,"pre_market,regular,after_hours,overnight",no
RIQMMUSDT,IQMM,ProShares GENIUS Money Market ETF,"pre_market,regular,after_hours,overnight",no
RIQMXUSDT,IQMX,IQM Quantum Computers,"pre_market,regular,after_hours,overnight",no
RIQQQUSDT,IQQQ,NASDAQ-100 HIGH INCOME ETF,"overnight,pre_market,regular,after_hours",no
RIQVUSDT,IQV,,"overnight,pre_market,regular,after_hours",no
RIRUSDT,IR,Ingersoll Rand Inc,"pre_market,regular,after_hours,overnight",no
RIRDMUSDT,IRDM,Iridium Communications Inc.,"pre_market,regular,after_hours,overnight",no
RIRENUSDT,IREN,,"overnight,pre_market,regular,after_hours",yes
RIRMUSDT,IRM,Iron Mountain Inc,"pre_market,regular,after_hours,overnight",no
RIRONUSDT,IRON,Disc Medicine,"pre_market,regular,after_hours,overnight",no
RIRTUSDT,IRT,Independence Realty Trust Inc,"pre_market,regular,after_hours,overnight",no
RIRTCUSDT,IRTC,iRhythm Technologies,"pre_market,regular,after_hours,overnight",no
RISRGUSDT,ISRG,,"after_hours,regular,pre_market,overnight",yes
RITUSDT,IT,"Gartner, Inc.","pre_market,regular,after_hours,overnight",no
RITAUSDT,ITA,,"after_hours,regular,pre_market,overnight",no
RITBUSDT,ITB,iShares US Home Construction ETF,"pre_market,regular,after_hours,overnight",no
RITGUSDT,ITG,ITG Inc,"pre_market,regular,after_hours",no
RITGRUSDT,ITGR,Integer Holdings,"pre_market,regular,after_hours,overnight",no
RITOTUSDT,ITOT,,"after_hours,regular,pre_market,overnight",no
RITRIUSDT,ITRI,Itron,"pre_market,regular,after_hours,overnight",no
RITTUSDT,ITT,ITT Inc.,"pre_market,regular,after_hours,overnight",no
RITWUSDT,ITW,,"after_hours,regular,pre_market,overnight",no
RIUSBUSDT,IUSB,Ishares Trust Core Total Usd Bd Mkt,"pre_market,regular,after_hours,overnight",no
RIUSGUSDT,IUSG,iShares Core S&P U.S. Growth ETF,"pre_market,regular,after_hours,overnight",no
RIUSVUSDT,IUSV,iShares Core S&P U.S. Value ETF,"pre_market,regular,after_hours,overnight",no
RIVEUSDT,IVE,iShares S&P 500 Value ETF,"pre_market,regular,after_hours,overnight",no
RIVTUSDT,IVT,InvenTrust Properties,"pre_market,regular,after_hours,overnight",no
RIVVUSDT,IVV,,"after_hours,regular,pre_market,overnight",no
RIVWUSDT,IVW,Ishares S&P 500 Growth Etf,"pre_market,regular,after_hours,overnight",no
RIVZUSDT,IVZ,Invesco Ltd.,"pre_market,regular,after_hours,overnight",no
RIWBUSDT,IWB,Ishares Russell 1000 Etf,"pre_market,regular,after_hours,overnight",no
RIWDUSDT,IWD,Ishares Russell 1000 Value Etf,"pre_market,regular,after_hours,overnight",no
RIWFUSDT,IWF,,"after_hours,regular,pre_market,overnight",no
RIWMUSDT,IWM,,"after_hours,regular,pre_market,overnight",yes
RIWNUSDT,IWN,,"after_hours,regular,pre_market,overnight",no
RIWOUSDT,IWO,iShares Russell 2000 Growth ETF,"pre_market,regular,after_hours,overnight",no
RIWPUSDT,IWP,Ishares Russell Midcap Growth Etf,"pre_market,regular,after_hours,overnight",no
RIWRUSDT,IWR,Russell Midcap Index Ishares,"pre_market,regular,after_hours,overnight",no
RIWSUSDT,IWS,iShares Russell Mid-Cap Value ETF,"pre_market,regular,after_hours,overnight",no
RIXUSDT,IX,ORIX Corporation,"pre_market,regular,after_hours,overnight",no
RIXUSUSDT,IXUS,Ishares Core MSCI Total Interna,"pre_market,regular,after_hours,overnight",no
RIYEUSDT,IYE,Ishares U.S. Energy Etf,"pre_market,regular,after_hours,overnight",no
RIYRUSDT,IYR,iShares US Real Estate ETF,"pre_market,regular,after_hours,overnight",no
RIYWUSDT,IYW,iShares US Technology ETF,"pre_market,regular,after_hours,overnight",no
RJUSDT,J,Jacobs Solutions Inc.,"pre_market,regular,after_hours,overnight",no
RJAAAUSDT,JAAA,,"after_hours,regular,pre_market,overnight",no
RJANUSDT,JAN,Janus Henderson Group plc,"pre_market,regular,after_hours,overnight",no
RJAZZUSDT,JAZZ,Jazz Pharmaceuticals plc,"pre_market,regular,after_hours,overnight",no
RJBHTUSDT,JBHT,"Trex Company, Inc.","pre_market,regular,after_hours,overnight",no
RJBLUSDT,JBL,,"overnight,pre_market,regular,after_hours",no
RJBLUUSDT,JBLU,JetBlue Airways,"pre_market,regular,after_hours,overnight",no
RJBSUSDT,JBS,JBS S.A.,"pre_market,regular,after_hours,overnight",no
RJBTMUSDT,JBTM,JBT Corporation (John Bean Technologies),"pre_market,regular,after_hours,overnight",no
RJCIUSDT,JCI,,"after_hours,regular,pre_market,overnight",no
RJDUSDT,JD,,"overnight,pre_market,regular,after_hours",no
RJEFUSDT,JEF,Jefferies Financial Group Inc.,"pre_market,regular,after_hours,overnight",no
RJEPIUSDT,JEPI,JPMorgan Equity Premium Income ETF,"pre_market,regular,after_hours,overnight",no
RJEPQUSDT,JEPQ,,"overnight,pre_market,regular,after_hours",no
RJETSUSDT,JETS,U.S. Global Jets ETF,"pre_market,regular,after_hours,overnight",no
RJHXUSDT,JHX,James Hardie Industries plc,"pre_market,regular,after_hours,overnight",no
RJJSFUSDT,JJSF,J&J Snack Foods,"pre_market,regular,after_hours,overnight",no
RJKHYUSDT,JKHY,"Jack Henry & Associates, Inc.","pre_market,regular,after_hours,overnight",no
RJLLUSDT,JLL,Jones Lang LaSalle Incorporated,"pre_market,regular,after_hours,overnight",no
RJMKEUSDT,JMKE,,"overnight,pre_market,regular,after_hours",no
RJNJUSDT,JNJ,,"overnight,pre_market,regular,after_hours",no
RJNKUSDT,JNK,SPDR Bloomberg High Yield Bond ETF,"pre_market,regular,after_hours,overnight",no
RJOBYUSDT,JOBY,,"overnight,pre_market,regular,after_hours",no
RJOEUSDT,JOE,The St. Joe,"pre_market,regular,after_hours,overnight",no
RJOYYUSDT,JOYY,JOYY Inc,"pre_market,regular,after_hours",no
RJPIEUSDT,JPIE,JPMORGAN INCOME ETF,"pre_market,regular,after_hours,overnight",no
RJPMUSDT,JPM,,"overnight,pre_market,regular,after_hours",no
RJPSTUSDT,JPST,Jpmorgan Ultra-Short Income Etf,"pre_market,regular,after_hours,overnight",no
RJSMUSDT,JSM,Navient Corporation,"pre_market,regular,after_hours",no
RJXNUSDT,JXN,Jackson Financial Inc.,"pre_market,regular,after_hours,overnight",no
RKAIUSDT,KAI,Kadant,"pre_market,regular,after_hours,overnight",no
RKALUUSDT,KALU,Kaiser Aluminum,"pre_market,regular,after_hours,overnight",no
RKARDUSDT,KARD,Kardigan,"pre_market,regular,after_hours,overnight",no
RKAROUSDT,KARO,Karooooo,"pre_market,regular,after_hours",no
RKBUSDT,KB,KB Financial Group Inc.,"pre_market,regular,after_hours,overnight",no
RKBHUSDT,KBH,KB Home,"pre_market,regular,after_hours,overnight",no
RKBRUSDT,KBR,"KBR, Inc.","pre_market,regular,after_hours,overnight",no
RKBWBUSDT,KBWB,Powershares Exch Traded Fd Tst Ii Kbw Bk Port,"pre_market,regular,after_hours,overnight",no
RKCUSDT,KC,Kingsoft Cloud,"pre_market,regular,after_hours,overnight",no
RKDUSDT,KD,Kyndryl,"pre_market,regular,after_hours,overnight",no
RKDPUSDT,KDP,,"after_hours,regular,pre_market,overnight",no
RKEELUSDT,KEEL,Keel Infrastructure,"pre_market,regular,after_hours,overnight",no
RKENUSDT,KEN,Kenon,"pre_market,regular,after_hours,overnight",no
RKEPUSDT,KEP,Korea Electric Power Corporation (KEPCO),"pre_market,regular,after_hours,overnight",no
RKEXUSDT,KEX,Kirby Corporation,"pre_market,regular,after_hours,overnight",no
RKEYUSDT,KEY,KeyCorp,"pre_market,regular,after_hours,overnight",no
RKEYSUSDT,KEYS,,"after_hours,regular,pre_market,overnight",no
RKFYUSDT,KFY,Korn Ferry,"pre_market,regular,after_hours,overnight",no
RKGCUSDT,KGC,,"overnight,pre_market,regular,after_hours",no
RKGSUSDT,KGS,"Kodiak Gas Services, Inc.","pre_market,regular,after_hours,overnight",no
RKHCUSDT,KHC,The Kraft Heinz Company,"pre_market,regular,after_hours,overnight",no
RKIEUSDT,KIE,Spdr S&P Insurance Etf,"pre_market,regular,after_hours,overnight",no
RKIMUSDT,KIM,Kimco Realty Corporation,"pre_market,regular,after_hours,overnight",no
RKKRUSDT,KKR,,"after_hours,regular,pre_market,overnight",no
RKLACUSDT,KLAC,,"overnight,pre_market,regular,after_hours",no
RKLARUSDT,KLAR,Klarna Group PLC,"pre_market,regular,after_hours,overnight",no
RKLICUSDT,KLIC,"Kulicke and Soffa Industries, Inc.","pre_market,regular,after_hours,overnight",no
RKLMNUSDT,KLMN,Invesco MSCI North America Climate ETF,"pre_market,regular,after_hours,overnight",no
RKLRAUSDT,KLRA,Kailera Therapeutics,"pre_market,regular,after_hours,overnight",no
RKMBUSDT,KMB,,"overnight,pre_market,regular,after_hours",no
RKMIUSDT,KMI,,"after_hours,regular,pre_market,overnight",no
RKMPRUSDT,KMPR,Kemper,"pre_market,regular,after_hours,overnight",no
RKMTUSDT,KMT,Kennametal,"pre_market,regular,after_hours,overnight",no
RKMXUSDT,KMX,"CarMax, Inc.","pre_market,regular,after_hours,overnight",no
RKNUSDT,KN,Knowles,"pre_market,regular,after_hours,overnight",no
RKNFUSDT,KNF,Knife River Corporation,"pre_market,regular,after_hours,overnight",no
RKNSAUSDT,KNSA,Kinorsa / Kiniksa Pharmaceuticals,"pre_market,regular,after_hours,overnight",no
RKNSLUSDT,KNSL,"Kinsale Capital Group, Inc.","pre_market,regular,after_hours,overnight",no
RKNTKUSDT,KNTK,Kinetik Holdings Inc.,"pre_market,regular,after_hours,overnight",no
RKNXUSDT,KNX,Knight-Swift Transportation Holdings Inc.,"pre_market,regular,after_hours,overnight",no
RKOUSDT,KO,,"overnight,pre_market,regular,after_hours",yes
RKODUSDT,KOD,Kodiak Sciences,"pre_market,regular,after_hours,overnight",no
RKOFUSDT,KOF,"Coca-Cola Femsa, S.A.B. de C.V.","pre_market,regular,after_hours,overnight",no
RKOSUSDT,KOS,Kosmos Energy,"pre_market,regular,after_hours,overnight",no
RKRUSDT,KR,,"overnight,pre_market,regular,after_hours",no
RKRCUSDT,KRC,Kilroy Realty Corporation,"pre_market,regular,after_hours,overnight",no
RKREUSDT,KRE,Spdr Series Trust S&P Regional Bkg Etf,"pre_market,regular,after_hours,overnight",no
RKRGUSDT,KRG,Kite Realty Group Trust,"pre_market,regular,after_hours,overnight",no
RKRMNUSDT,KRMN,Karman Space & Defense,"pre_market,regular,after_hours,overnight",no
RKRPUSDT,KRP,Kimbell Royalty,"pre_market,regular,after_hours",no
RKRSAUSDT,KRSA,Korsana Biosciences,"pre_market,regular,after_hours",no
RKRYSUSDT,KRYS,"Krystal Biotech, Inc.","pre_market,regular,after_hours,overnight",no
RKSPIUSDT,KSPI,Kaspi.kz JSC,"pre_market,regular,after_hours,overnight",no
RKSSUSDT,KSS,Kohl's Corp,"pre_market,regular,after_hours,overnight",no
RKSTRUSDT,KSTR,,"overnight,pre_market,regular,after_hours",no
RKTUSDT,KT,KT Corporation,"pre_market,regular,after_hours,overnight",no
RKTBUSDT,KTB,"Kontoor Brands, Inc.","pre_market,regular,after_hours,overnight",no
RKTOSUSDT,KTOS,"Kratos Defense & Security Solutions, Inc.","pre_market,regular,after_hours,overnight",no
RKVUEUSDT,KVUE,,"overnight,pre_market,regular,after_hours",no
RKVYOUSDT,KVYO,"Klaviyo, Inc.","pre_market,regular,after_hours,overnight",no
RKWEBUSDT,KWEB,,"overnight,pre_market,regular,after_hours",no
RKWRUSDT,KWR,Quaker Houghton,"pre_market,regular,after_hours,overnight",no
RKYIVUSDT,KYIV,Kyivstar Group,"pre_market,regular,after_hours,overnight",no
RKYMRUSDT,KYMR,"Kymera Therapeutics, Inc.","pre_market,regular,after_hours,overnight",no
RLUSDT,L,Loews Corporation,"pre_market,regular,after_hours,overnight",no
RLABDUSDT,LABD,,"overnight,pre_market,regular,after_hours",no
RLABUUSDT,LABU,,"overnight,pre_market,regular,after_hours",no
RLADUSDT,LAD,"Lithia Motors, Inc.","pre_market,regular,after_hours,overnight",no
RLAMRUSDT,LAMR,Lamar Advertising Company,"pre_market,regular,after_hours,overnight",no
RLASRUSDT,LASR,nLIGHT,"pre_market,regular,after_hours,overnight",no
RLAURUSDT,LAUR,"Laureate Education, Inc.","pre_market,regular,after_hours,overnight",no
RLAZUSDT,LAZ,Lazard,"pre_market,regular,after_hours,overnight",no
RLAZRUSDT,LAZR,,"overnight,pre_market,regular,after_hours",no
RLBUSDT,LB,LandBridge Company LLC,"pre_market,regular,after_hours,overnight",no
RLBRTUSDT,LBRT,Liberty Energy,"pre_market,regular,after_hours,overnight",no
RLBRXUSDT,LBRX,LB Pharmaceuticals,"pre_market,regular,after_hours,overnight",no
RLBTYAUSDT,LBTYA,Liberty Global-A,"pre_market,regular,after_hours,overnight",no
RLBTYBUSDT,LBTYB,Liberty Global Ltd. (ADR),"pre_market,regular,after_hours",no
RLBTYKUSDT,LBTYK,Liberty Global-C,"pre_market,regular,after_hours,overnight",no
RLCIDUSDT,LCID,,"overnight,pre_market,regular,after_hours",no
RLCIIUSDT,LCII,LCI Industries,"pre_market,regular,after_hours,overnight",no
RLCLNUSDT,LCLN,Lincoln International,"pre_market,regular,after_hours,overnight",no
RLCTUUSDT,LCTU,BLACKROCK U.S. CARBON TRANSITION READINESS ETF,"pre_market,regular,after_hours,overnight",no
RLDOSUSDT,LDOS,"Leidos Holdings, Inc.","pre_market,regular,after_hours,overnight",no
RLEAUSDT,LEA,Lear Corporation,"pre_market,regular,after_hours,overnight",no
RLECOUSDT,LECO,"Lincoln Electric Holdings, Inc.","pre_market,regular,after_hours,overnight",no
RLEGNUSDT,LEGN,Legend Biotech Corporation,"pre_market,regular,after_hours,overnight",no
RLENUSDT,LEN,Lennar Corp,"pre_market,regular,after_hours,overnight",no
RLEUUSDT,LEU,Centrus Energy,"pre_market,regular,after_hours,overnight",no
RLEVIUSDT,LEVI,Levi Strauss & Co.,"pre_market,regular,after_hours,overnight",no
RLFTOUSDT,LFTO,Liftoff Mobile,"pre_market,regular,after_hours,overnight",no
RLFUSUSDT,LFUS,"Littelfuse, Inc.","pre_market,regular,after_hours,overnight",no
RLGHLUSDT,LGHL,,"pre_market,regular,after_hours",no
RLGNUSDT,LGN,Legence Corp,"pre_market,regular,after_hours,overnight",no
RLGNDUSDT,LGND,Ligand Pharmaceuticals Incorporated,"pre_market,regular,after_hours,overnight",no
RLHUSDT,LH,Labcorp (Laboratory Corporation of America Holdings),"pre_market,regular,after_hours,overnight",no
RLHXUSDT,LHX,,"after_hours,regular,pre_market,overnight",no
RLIUSDT,LI,,"overnight,pre_market,regular,after_hours",no
RLIFUSDT,LIF,Life360,"pre_market,regular,after_hours,overnight",no
RLIFEUSDT,LIFE,Ethos Technologies,"pre_market,regular,after_hours",no
RLIIUSDT,LII,Lennox International Inc.,"pre_market,regular,after_hours,overnight",no
RLILAUSDT,LILA,Liberty Latin America-A,"pre_market,regular,after_hours,overnight",no
RLILAKUSDT,LILAK,Liberty Latin America-C,"pre_market,regular,after_hours,overnight",no
RLIMEUSDT,LIME,Neutron Holdings,"pre_market,regular,after_hours,overnight",no
RLINUSDT,LIN,,"after_hours,regular,pre_market,overnight",no
RLINDUSDT,LIND,Lindblad Expeditions,"pre_market,regular,after_hours,overnight",no
RLIONUSDT,LION,Lionsgate Studios,"pre_market,regular,after_hours,overnight",no
RLITUSDT,LIT,,"overnight,pre_market,regular,after_hours",no
RLITEUSDT,LITE,,"overnight,pre_market,regular,after_hours",yes
RLIVNUSDT,LIVN,LivaNova PLC,"pre_market,regular,after_hours,overnight",no
RLKFNUSDT,LKFN,Lakeland Financial,"pre_market,regular,after_hours,overnight",no
RLKFTUSDT,LKFT,Lakefront Biotherapeutics,"pre_market,regular,after_hours,overnight",no
RLKQUSDT,LKQ,LKQ Corporation,"pre_market,regular,after_hours,overnight",no
RLLYUSDT,LLY,,"overnight,pre_market,regular,after_hours",no
RLLYVAUSDT,LLYVA,Liberty Live (Class A),"pre_market,regular,after_hours,overnight",no
RLLYVKUSDT,LLYVK,Liberty Live (Class C),"pre_market,regular,after_hours,overnight",no
RLMATUSDT,LMAT,LeMaitre Vascular,"pre_market,regular,after_hours,overnight",no
RLMNDUSDT,LMND,"Lemonade, Inc.","pre_market,regular,after_hours,overnight",no
RLMTUSDT,LMT,,"overnight,pre_market,regular,after_hours",yes
RLNCUSDT,LNC,Lincoln National Corporation,"pre_market,regular,after_hours,overnight",no
RLNGUSDT,LNG,,"after_hours,regular,pre_market,overnight",no
RLNTUSDT,LNT,Alliant Energy,"pre_market,regular,after_hours,overnight",no
RLNTHUSDT,LNTH,"Lantheus Holdings, Inc.","pre_market,regular,after_hours,overnight",no
RLOARUSDT,LOAR,Loar Holdings Inc.,"pre_market,regular,after_hours,overnight",no
RLOBUSDT,LOB,Live Oak Bancshares,"pre_market,regular,after_hours,overnight",no
RLOGIUSDT,LOGI,Logitech International S.A.,"pre_market,regular,after_hours,overnight",no
RLOPEUSDT,LOPE,Grand Canyon Education,"pre_market,regular,after_hours,overnight",no
RLOWUSDT,LOW,,"after_hours,regular,pre_market,overnight",no
RLPGUSDT,LPG,Dorian LPG,"pre_market,regular,after_hours,overnight",no
RLPLUSDT,LPL,LG Display,"pre_market,regular,after_hours,overnight",no
RLPLAUSDT,LPLA,LPL Financial,"pre_market,regular,after_hours,overnight",no
RLPTHUSDT,LPTH,LightPath Technologies,"pre_market,regular,after_hours,overnight",no
RLPXUSDT,LPX,Louisiana-Pacific Corporation,"pre_market,regular,after_hours,overnight",no
RLQDUSDT,LQD,Ishares Iboxx $ Investment Grade Corporate Bond Etf,"pre_market,regular,after_hours,overnight",no
RLQDAUSDT,LQDA,Liquidia,"pre_market,regular,after_hours,overnight",no
RLRCXUSDT,LRCX,,"overnight,pre_market,regular,after_hours",yes
RLRNUSDT,LRN,Stride,"pre_market,regular,after_hours,overnight",no
RLSCCUSDT,LSCC,Lattice Semiconductor,"pre_market,regular,after_hours,overnight",no
RLSTRUSDT,LSTR,"Landstar System, Inc.","pre_market,regular,after_hours,overnight",no
RLTCUSDT,LTC,LTC Properties Inc,"pre_market,regular,after_hours,overnight",no
RLTGOUSDT,LTGO,Latigo Biotherapeutics,"pre_market,regular,after_hours,overnight",no
RLTHUSDT,LTH,"Life Time Group Holdings, Inc.","pre_market,regular,after_hours,overnight",no
RLTMUSDT,LTM,LATAM Airlines Group S.A.,"pre_market,regular,after_hours,overnight",no
RLULUUSDT,LULU,Lululemon Athletica Inc.,"pre_market,regular,after_hours,overnight",no
RLUMNUSDT,LUMN,"Lumen Technologies, Inc.","pre_market,regular,after_hours,overnight",no
RLUNRUSDT,LUNR,,"overnight,pre_market,regular,after_hours",no
RLUVUSDT,LUV,Southwest Airlines,"pre_market,regular,after_hours,overnight",no
RLVSUSDT,LVS,Las Vegas Sands Corp,"pre_market,regular,after_hours,overnight",no
RLWUSDT,LW,"Lamb Weston Holdings, Inc.","pre_market,regular,after_hours,overnight",no
RLWLGUSDT,LWLG,Lightwave Logic,"pre_market,regular,after_hours,overnight",no
RLXPUSDT,LXP,LXP Industrial Trust,"pre_market,regular,after_hours,overnight",no
RLYBUSDT,LYB,LyondellBasell Industries,"pre_market,regular,after_hours,overnight",no
RLYFTUSDT,LYFT,"Lyft, Inc.","pre_market,regular,after_hours,overnight",no
RLYNXUSDT,LYNX,LYNTRIS INC,"pre_market,regular,after_hours,overnight",no
RLYTEUSDT,LYTE,,"overnight,pre_market,regular,after_hours",no
RLYVUSDT,LYV,,"overnight,pre_market,regular,after_hours",no
RMUSDT,M,"Macy's, Inc.","pre_market,regular,after_hours,overnight",no
RMAUSDT,MA,,"overnight,pre_market,regular,after_hours",yes
RMAAUSDT,MAA,"Mid-America Apartment Communities, Inc.","pre_market,regular,after_hours,overnight",no
RMAASUSDT,MAAS,MaaS America / MaaS Global,"pre_market,regular,after_hours,overnight",no
RMACUSDT,MAC,The Macerich Company,"pre_market,regular,after_hours,overnight",no
RMAGSUSDT,MAGS,Roundhill Magnificent Seven ETF,"pre_market,regular,after_hours,overnight",no
RMAINUSDT,MAIN,Main Street Capital,"pre_market,regular,after_hours,overnight",no
RMAIRUSDT,MAIR,Madison Air Solutions Corp,"pre_market,regular,after_hours,overnight",no
RMANUSDT,MAN,ManpowerGroup,"pre_market,regular,after_hours,overnight",no
RMANEUSDT,MANE,Veradigm Inc. (formerly Allscripts),"pre_market,regular,after_hours,overnight",no
RMANHUSDT,MANH,"Manhattan Associates, Inc.","pre_market,regular,after_hours,overnight",no
RMANUUSDT,MANU,Manchester United,"pre_market,regular,after_hours,overnight",no
RMARUSDT,MAR,,"after_hours,regular,pre_market,overnight",no
RMARAUSDT,MARA,,"overnight,pre_market,regular,after_hours",yes
RMASUSDT,MAS,Masco Corporation,"pre_market,regular,after_hours,overnight",no
RMATUSDT,MAT,Mattel,"pre_market,regular,after_hours,overnight",no
RMATXUSDT,MATX,"Matson, Inc.","pre_market,regular,after_hours,overnight",no
RMBBUSDT,MBB,iShares MBS ETF,"pre_market,regular,after_hours,overnight",no
RMBCUSDT,MBC,MasterBrand,"pre_market,regular,after_hours,overnight",no
RMBGLUSDT,MBGL,Mobility Global / Mobility Group,"pre_market,regular,after_hours,overnight",no
RMBINUSDT,MBIN,Merchants Bancorp,"pre_market,regular,after_hours,overnight",no
RMBLYUSDT,MBLY,Mobileye Global Inc.,"pre_market,regular,after_hours,overnight",no
RMBXUSDT,MBX,MBX Biosciences,"pre_market,regular,after_hours,overnight",no
RMCUSDT,MC,Moelis & Company,"pre_market,regular,after_hours,overnight",no
RMCDUSDT,MCD,,"overnight,pre_market,regular,after_hours",no
RMCHBUSDT,MCHB,Mechanics Bancorp,"pre_market,regular,after_hours,overnight",no
RMCHIUSDT,MCHI,iShares MSCI China ETF,"pre_market,regular,after_hours,overnight",no
RMCHPUSDT,MCHP,,"after_hours,regular,pre_market,overnight",no
RMCKUSDT,MCK,,"after_hours,regular,pre_market,overnight",no
RMCOUSDT,MCO,,"after_hours,regular,pre_market,overnight",no
RMCRIUSDT,MCRI,Monarch Casino & Resort,"pre_market,regular,after_hours,overnight",no
RMCYUSDT,MCY,Mercury General Corporation,"pre_market,regular,after_hours,overnight",no
RMDUSDT,MD,Pediatrix Medical,"pre_market,regular,after_hours,overnight",no
RMDAUSDT,MDA,MDA Space Ltd.,"pre_market,regular,after_hours,overnight",no
RMDBUSDT,MDB,,"overnight,pre_market,regular,after_hours",no
RMDGLUSDT,MDGL,"Madrigal Pharmaceuticals, Inc.","pre_market,regular,after_hours,overnight",no
RMDLNUSDT,MDLN,,"regular,pre_market,after_hours,overnight",no
RMDLZUSDT,MDLZ,,"after_hours,regular,pre_market,overnight",no
RMDTUSDT,MDT,,"after_hours,regular,pre_market,overnight",no
RMDUUSDT,MDU,"MDU Resources Group, Inc.","pre_market,regular,after_hours,overnight",no
RMDYUSDT,MDY,State Street® SPDR® S&P MIDCAP 400® ETF Trust,"pre_market,regular,after_hours,overnight",no
RMEDPUSDT,MEDP,"Medpace Holdings, Inc.","pre_market,regular,after_hours,overnight",no
RMELIUSDT,MELI,,"overnight,pre_market,regular,after_hours",yes
RMESOUSDT,MESO,Mesoblast,"pre_market,regular,after_hours,overnight",no
RMETUSDT,MET,"MetLife, Inc.","pre_market,regular,after_hours,overnight",no
RMETAUSDT,META,,"overnight,pre_market,regular,after_hours",yes
RMETUUSDT,METU,Direxion Daily META Bull 2X ETF,"pre_market,regular,after_hours,overnight",no
RMFCUSDT,MFC,Manulife Financial Corporation,"pre_market,regular,after_hours,overnight",no
RMFPUSDT,MFP,Midera Food Processing,"pre_market,regular,after_hours,overnight",no
RMGAUSDT,MGA,Magna International Inc.,"pre_market,regular,after_hours,overnight",no
RMGEEUSDT,MGEE,MGE Energy,"pre_market,regular,after_hours,overnight",no
RMGKUSDT,MGK,Vanguard Mega Cap Growth ETF,"pre_market,regular,after_hours,overnight",no
RMGMUSDT,MGM,MGM Resorts International,"pre_market,regular,after_hours,overnight",no
RMGNIUSDT,MGNI,Magnite,"pre_market,regular,after_hours,overnight",no
RMGRCUSDT,MGRC,McGrath RentCorp,"pre_market,regular,after_hours,overnight",no
RMGRTUSDT,MGRT,Mega Fortune,"pre_market,regular,after_hours",no
RMGYUSDT,MGY,Magnolia Oil & Gas Corporation,"pre_market,regular,after_hours,overnight",no
RMHUSDT,MH,McGraw Hill,"pre_market,regular,after_hours,overnight",no
RMHKUSDT,MHK,"Mohawk Industries, Inc.","pre_market,regular,after_hours,overnight",no
RMHOUSDT,MHO,M/I Homes,"pre_market,regular,after_hours,overnight",no
RMIAXUSDT,MIAX,Miami International Holdings,"pre_market,regular,after_hours,overnight",no
RMICCUSDT,MICC,PhenomeX Inc. / Luminex (MICC),"pre_market,regular,after_hours,overnight",no
RMIDDUSDT,MIDD,The Middleby Corporation,"pre_market,regular,after_hours,overnight",no
RMINTUSDT,MINT,Pimco Etf Trust Enhanced Short Maturity Etf,"pre_market,regular,after_hours,overnight",no
RMIRUSDT,MIR,Mirion,"pre_market,regular,after_hours,overnight",no
RMIRMUSDT,MIRM,"Mirum Pharmaceuticals, Inc.","pre_market,regular,after_hours,overnight",no
RMKCUSDT,MKC,"McCormick & Company, Incorporated","pre_market,regular,after_hours,overnight",no
RMKLUSDT,MKL,Markel Group Inc.,"pre_market,regular,after_hours,overnight",no
RMKSIUSDT,MKSI,MKS Inc,"pre_market,regular,after_hours,overnight",no
RMLCOUSDT,MLCO,Melco Resorts and Entertainment,"pre_market,regular,after_hours,overnight",no
RMLIUSDT,MLI,"Mueller Industries, Inc.","pre_market,regular,after_hours,overnight",no
RMLKNUSDT,MLKN,MillerKnoll,"pre_market,regular,after_hours,overnight",no
RMLMUSDT,MLM,,"overnight,pre_market,regular,after_hours",no
RMLYSUSDT,MLYS,Mineralys Therapeutics,"pre_market,regular,after_hours,overnight",no
RMMEDUSDT,MMED,MindMed (Mind Medicine Inc.),"pre_market,regular,after_hours,overnight",no
RMMMUSDT,MMM,,"after_hours,regular,pre_market,overnight",no
RMMSUSDT,MMS,Maximus,"pre_market,regular,after_hours,overnight",no
RMMSIUSDT,MMSI,"Merit Medical Systems, Inc.","pre_market,regular,after_hours,overnight",no
RMMYTUSDT,MMYT,MakeMyTrip Limited,"pre_market,regular,after_hours,overnight",no
RMNDYUSDT,MNDY,,"overnight,pre_market,regular,after_hours",no
RMNSOUSDT,MNSO,MINISO,"pre_market,regular,after_hours,overnight",no
RMNSTUSDT,MNST,,"after_hours,regular,pre_market,overnight",no
RMOUSDT,MO,,"after_hours,regular,pre_market,overnight",no
RMODUSDT,MOD,Modine Manufacturing Company,"pre_market,regular,after_hours,overnight",no
RMOHUSDT,MOH,"Molina Healthcare, Inc.","pre_market,regular,after_hours,overnight",no
RMORNUSDT,MORN,"Morningstar, Inc.","pre_market,regular,after_hours,overnight",no
RMOSUSDT,MOS,The Mosaic Company,"pre_market,regular,after_hours,overnight",no
RMPUSDT,MP,,"overnight,pre_market,regular,after_hours",no
RMPCUSDT,MPC,,"after_hours,regular,pre_market,overnight",no
RMPLXUSDT,MPLX,MPLX LP,"pre_market,regular,after_hours,overnight",no
RMPTUSDT,MPT,Medical Properties Trust,"pre_market,regular,after_hours,overnight",no
RMPWRUSDT,MPWR,,"after_hours,regular,pre_market,overnight",no
RMQUSDT,MQ,Marqeta,"pre_market,regular,after_hours,overnight",no
RMRCYUSDT,MRCY,"Mercury Systems, Inc.","pre_market,regular,after_hours,overnight",no
RMRKUSDT,MRK,,"after_hours,regular,pre_market,overnight",no
RMRNAUSDT,MRNA,,"after_hours,regular,pre_market,overnight",no
RMRPUSDT,MRP,Millrose Properties / Millrose,"pre_market,regular,after_hours,overnight",no
RMRSHUSDT,MRSH,,"after_hours,regular,pre_market,overnight",no
RMRVIUSDT,MRVI,Maravai LifeSciences,"pre_market,regular,after_hours,overnight",no
RMRVLUSDT,MRVL,,"overnight,pre_market,regular,after_hours",yes
RMRXUSDT,MRX,Marex Group plc,"pre_market,regular,after_hours,overnight",no
RMSUSDT,MS,,"after_hours,regular,pre_market,overnight",no
RMSAUSDT,MSA,MSA Safety Incorporated,"pre_market,regular,after_hours,overnight",no
RMSCIUSDT,MSCI,,"after_hours,regular,pre_market,overnight",no
RMSFTUSDT,MSFT,,"overnight,pre_market,regular,after_hours",yes
RMSFUUSDT,MSFU,Direxion Daily MSFT Bull 2X Shares,"pre_market,regular,after_hours,overnight",no
RMSGEUSDT,MSGE,Madison Square Garden Entertainment,"pre_market,regular,after_hours,overnight",no
RMSGSUSDT,MSGS,Madison Square Garden Sports Corp.,"pre_market,regular,after_hours,overnight",no
RMSIUSDT,MSI,,"after_hours,regular,pre_market,overnight",no
RMSMUSDT,MSM,"MSC Industrial Direct Co., Inc.","pre_market,regular,after_hours,overnight",no
RMSTRUSDT,MSTR,,"overnight,pre_market,regular,after_hours",yes
RMSTUUSDT,MSTU,,"regular,overnight,pre_market,after_hours",no
RMSTZUSDT,MSTZ,,"after_hours,regular,pre_market,overnight",no
RMTUSDT,MT,ArcelorMittal S.A.,"pre_market,regular,after_hours,overnight",no
RMTBUSDT,MTB,,"overnight,pre_market,regular,after_hours",no
RMTCHUSDT,MTCH,"Match Group, Inc.","pre_market,regular,after_hours,overnight",no
RMTDUSDT,MTD,Mettler-Toledo International,"pre_market,regular,after_hours,overnight",no
RMTDRUSDT,MTDR,Matador Resources Company,"pre_market,regular,after_hours,overnight",no
RMTGUSDT,MTG,MGIC Investment Corporation,"pre_market,regular,after_hours,overnight",no
RMTHUSDT,MTH,Meritage Homes Corporation,"pre_market,regular,after_hours,overnight",no
RMTNUSDT,MTN,"Vail Resorts, Inc.","pre_market,regular,after_hours,overnight",no
RMTRNUSDT,MTRN,Materion Corporation,"pre_market,regular,after_hours,overnight",no
RMTSIUSDT,MTSI,"MACOM Technology Solutions Holdings, Inc.","pre_market,regular,after_hours,overnight",no
RMTUMUSDT,MTUM,iShares MSCI USA Momentum Factor ETF,"pre_market,regular,after_hours,overnight",no
RMTXUSDT,MTX,Minerals Technologies,"pre_market,regular,after_hours,overnight",no
RMTZUSDT,MTZ,,"after_hours,regular,pre_market,overnight",no
RMUUSDT,MU,,"overnight,pre_market,regular,after_hours",yes
RMUBUSDT,MUB,S&P National Amt-Free Muni Bd Ishares,"pre_market,regular,after_hours,overnight",no
RMUDUSDT,MUD,Direxion Daily MU Bear 1X Shares,"pre_market,regular,after_hours,overnight",no
RMULLUSDT,MULL,GraniteShares 2x Long MU Daily ETF,"pre_market,regular,after_hours,overnight",no
RMURUSDT,MUR,Murphy Oil Corporation,"pre_market,regular,after_hours,overnight",no
RMUSAUSDT,MUSA,Murphy USA Inc.,"pre_market,regular,after_hours,overnight",no
RMVLLUSDT,MVLL,,"regular,pre_market,after_hours,overnight",no
RMWAUSDT,MWA,Mueller Water Products,"pre_market,regular,after_hours,overnight",no
RMWHUSDT,MWH,SOLV Energy / MWH Constructors,"pre_market,regular,after_hours,overnight",no
RMXLUSDT,MXL,MaxLinear,"pre_market,regular,after_hours,overnight",no
RMYRGUSDT,MYRG,MYR Group Inc.,"pre_market,regular,after_hours,overnight",no
RMZTIUSDT,MZTI,Marzetti,"pre_market,regular,after_hours,overnight",no
RNAKAUSDT,NAKA,Nakamoto,"pre_market,regular,after_hours",no
RNAMSUSDT,NAMS,NewAmsterdam Pharma,"pre_market,regular,after_hours,overnight",no
RNASAUSDT,NASA,,"regular,pre_market,after_hours,overnight",no
RNATUSDT,NAT,Nordic American Tankers,"pre_market,regular,after_hours,overnight",no
RNATLUSDT,NATL,NCR Atleos,"pre_market,regular,after_hours,overnight",no
RNAVNUSDT,NAVN,Navan,"pre_market,regular,after_hours,overnight",no
RNBHCUSDT,NBHC,National Bank,"pre_market,regular,after_hours,overnight",no
RNBISUSDT,NBIS,,"overnight,pre_market,regular,after_hours",yes
RNBIXUSDT,NBIX,"Neurocrine Biosciences, Inc.","pre_market,regular,after_hours,overnight",no
RNBRUSDT,NBR,Nabors Industries,"pre_market,regular,after_hours,overnight",no
RNBTBUSDT,NBTB,NBT Bancorp,"pre_market,regular,after_hours,overnight",no
RNBTXUSDT,NBTX,Nanobiotix,"pre_market,regular,after_hours,overnight",no
RNCLHUSDT,NCLH,Norwegian Cruise Line Holdings Ltd.,"pre_market,regular,after_hours,overnight",no
RNCNOUSDT,NCNO,nCino,"pre_market,regular,after_hours,overnight",no
RNDAQUSDT,NDAQ,,"after_hours,regular,pre_market,overnight",no
RNDSNUSDT,NDSN,Nordson Corporation,"pre_market,regular,after_hours,overnight",no
RNEUSDT,NE,Noble Corporation plc,"pre_market,regular,after_hours,overnight",no
RNEEUSDT,NEE,,"overnight,pre_market,regular,after_hours",no
RNEMUSDT,NEM,,"after_hours,regular,pre_market,overnight",no
RNEOUSDT,NEO,NeoGenomics,"pre_market,regular,after_hours,overnight",no
RNEOGUSDT,NEOG,Neogen,"pre_market,regular,after_hours,overnight",no
RNESRUSDT,NESR,National Energy Services Reunited,"pre_market,regular,after_hours,overnight",no
RNETUSDT,NET,,"overnight,pre_market,regular,after_hours",no
RNEUUSDT,NEU,NewMarket Corporation,"pre_market,regular,after_hours,overnight",no
RNEXAUSDT,NEXA,Nexa Resources,"pre_market,regular,after_hours,overnight",no
RNEXTUSDT,NEXT,NextDecade,"pre_market,regular,after_hours,overnight",no
RNFGUSDT,NFG,National Fuel Gas Company,"pre_market,regular,after_hours,overnight",no
RNFLXUSDT,NFLX,,"overnight,pre_market,regular,after_hours",no
RNGUSDT,NG,Novagold Resources,"pre_market,regular,after_hours,overnight",no
RNGVTUSDT,NGVT,Ingevity,"pre_market,regular,after_hours,overnight",no
RNHCUSDT,NHC,National Healthcare,"pre_market,regular,after_hours,overnight",no
RNHIUSDT,NHI,National Health Investors Inc,"pre_market,regular,after_hours,overnight",no
RNIUSDT,NI,NiSource Inc.,"pre_market,regular,after_hours,overnight",no
RNICUSDT,NIC,Nicolet Bankshares,"pre_market,regular,after_hours,overnight",no
RNICEUSDT,NICE,NICE Ltd.,"pre_market,regular,after_hours,overnight",no
RNIKLUSDT,NIKL,,"overnight,pre_market,regular,after_hours",no
RNIOUSDT,NIO,,"overnight,pre_market,regular,after_hours",no
RNJRUSDT,NJR,New Jersey Resources Corporation,"pre_market,regular,after_hours,overnight",no
RNKEUSDT,NKE,,"after_hours,regular,pre_market,overnight",no
RNKTRUSDT,NKTR,Nektar Therapeutics,"pre_market,regular,after_hours,overnight",no
RNLYUSDT,NLY,"Annaly Capital Management, Inc.","pre_market,regular,after_hours,overnight",no
RNMAXUSDT,NMAX,Newsmax,"pre_market,regular,after_hours,overnight",no
RNMIHUSDT,NMIH,NMI Holdings,"pre_market,regular,after_hours,overnight",no
RNMMUSDT,NMM,Navios Maritime,"pre_market,regular,after_hours",no
RNMRUSDT,NMR,"Nomura Holdings, Inc.","pre_market,regular,after_hours,overnight",no
RNMRKUSDT,NMRK,Newmark Group,"pre_market,regular,after_hours,overnight",no
RNNUSDT,NN,NextNav,"pre_market,regular,after_hours,overnight",no
RNNEUSDT,NNE,NANO Nuclear Energy,"pre_market,regular,after_hours,overnight",no
RNNIUSDT,NNI,"Nelnet, Inc.","pre_market,regular,after_hours,overnight",no
RNNNUSDT,NNN,NNN REIT,"pre_market,regular,after_hours,overnight",no
RNOCUSDT,NOC,,"after_hours,regular,pre_market,overnight",no
RNOGUSDT,NOG,Northern Oil & Gas,"pre_market,regular,after_hours,overnight",no
RNOKUSDT,NOK,,"overnight,pre_market,regular,after_hours",yes
RNOMDUSDT,NOMD,Nomad Foods,"pre_market,regular,after_hours,overnight",no
RNOVUSDT,NOV,NOV Inc.,"pre_market,regular,after_hours,overnight",no
RNOVTUSDT,NOVT,Novanta Inc.,"pre_market,regular,after_hours,overnight",no
RNOWUSDT,NOW,,"overnight,pre_market,regular,after_hours",yes
RNPUSDT,NP,Neptune Insurance / Neptune,"pre_market,regular,after_hours,overnight",no
RNPOUSDT,NPO,Enpro Inc.,"pre_market,regular,after_hours,overnight",no
RNRGUSDT,NRG,NRG Energy Inc,"pre_market,regular,after_hours,overnight",no
RNRIXUSDT,NRIX,Nurix Therapeutics,"pre_market,regular,after_hours,overnight",no
RNSCUSDT,NSC,Norfolk Southern Corporation,"pre_market,regular,after_hours,overnight",no
RNSPUSDT,NSP,Insperity,"pre_market,regular,after_hours,overnight",no
RNTAPUSDT,NTAP,,"overnight,pre_market,regular,after_hours",no
RNTBUSDT,NTB,Bank of N.T Butterfield & Son,"pre_market,regular,after_hours,overnight",no
RNTCTUSDT,NTCT,NetScout Systems,"pre_market,regular,after_hours,overnight",no
RNTESUSDT,NTES,,"after_hours,regular,pre_market,overnight",no
RNTLAUSDT,NTLA,Intellia Therapeutics,"pre_market,regular,after_hours,overnight",no
RNTNXUSDT,NTNX,,"overnight,pre_market,regular,after_hours",no
RNTRAUSDT,NTRA,,"overnight,pre_market,regular,after_hours",no
RNTRSUSDT,NTRS,Northern Trust Corp,"pre_market,regular,after_hours,overnight",no
RNTRSOUSDT,NTRSO,NORTHERN TRUST CORP 4.7 DEP SHS REP 1/1000TH NON CUM PFD E,"pre_market,regular,after_hours",no
RNTSKUSDT,NTSK,"Netskope, Inc.","pre_market,regular,after_hours,overnight",no
RNTSTUSDT,NTST,Netstreit,"pre_market,regular,after_hours,overnight",no
RNUUSDT,NU,,"after_hours,regular,pre_market,overnight",no
RNUEUSDT,NUE,,"after_hours,regular,pre_market,overnight",no
RNUTXUSDT,NUTX,Nutex Health,"pre_market,regular,after_hours,overnight",no
RNUVBUSDT,NUVB,Nuvation Bio,"pre_market,regular,after_hours,overnight",no
RNVAXUSDT,NVAX,Novavax,"pre_market,regular,after_hours,overnight",no
RNVCRUSDT,NVCR,Novocure,"pre_market,regular,after_hours,overnight",no
RNVDUSDT,NVD,,"overnight,pre_market,regular,after_hours",no
RNVDAUSDT,NVDA,,"overnight,pre_market,regular,after_hours",yes
RNVDLUSDT,NVDL,,"after_hours,regular,pre_market,overnight",no
RNVDXUSDT,NVDX,T-Rex 2X Long Nvidia Daily Target ETF,"pre_market,regular,after_hours,overnight",no
RNVGSUSDT,NVGS,Navigator,"pre_market,regular,after_hours,overnight",no
RNVMIUSDT,NVMI,Nova Ltd.,"pre_market,regular,after_hours",no
RNVOUSDT,NVO,,"overnight,pre_market,regular,after_hours",no
RNVRUSDT,NVR,"NVR, Inc.","pre_market,regular,after_hours,overnight",no
RNVSUSDT,NVS,,"after_hours,regular,pre_market,overnight",no
RNVSTUSDT,NVST,Envista Holdings Corporation,"pre_market,regular,after_hours,overnight",no
RNVTUSDT,NVT,nVent Electric plc,"pre_market,regular,after_hours,overnight",no
RNVTSUSDT,NVTS,Navitas Semiconductor,"pre_market,regular,after_hours,overnight",no
RNWBIUSDT,NWBI,Northwest Bancshares,"pre_market,regular,after_hours,overnight",no
RNWEUSDT,NWE,"NorthWestern Energy Group, Inc.","pre_market,regular,after_hours,overnight",no
RNWGUSDT,NWG,NatWest,"pre_market,regular,after_hours,overnight",no
RNWLUSDT,NWL,Newell Brands,"pre_market,regular,after_hours,overnight",no
RNWNUSDT,NWN,Northwest Natural,"pre_market,regular,after_hours,overnight",no
RNWSUSDT,NWS,News Corporation (Class B),"pre_market,regular,after_hours,overnight",no
RNWSAUSDT,NWSA,News Corporation (Class A),"pre_market,regular,after_hours,overnight",no
RNXEUSDT,NXE,NexGen Energy Ltd.,"pre_market,regular,after_hours,overnight",no
RNXPIUSDT,NXPI,,"overnight,pre_market,regular,after_hours",no
RNXSTUSDT,NXST,"Nexstar Media Group, Inc.","pre_market,regular,after_hours,overnight",no
RNXTUSDT,NXT,Nextpower,"pre_market,regular,after_hours,overnight",no
RNYAXUSDT,NYAX,Nayax,"pre_market,regular,after_hours",no
RNYTUSDT,NYT,The New York Times Company,"pre_market,regular,after_hours,overnight",no
ROUSDT,O,,"after_hours,regular,pre_market,overnight",no
ROBDCUSDT,OBDC,Blue Owl Capital Corporation,"pre_market,regular,after_hours,overnight",no
ROBKUSDT,OBK,Origin Bancorp,"pre_market,regular,after_hours,overnight",no
ROCUSDT,OC,Owens Corning,"pre_market,regular,after_hours,overnight",no
ROCFCUSDT,OCFC,OceanFirst Financial,"pre_market,regular,after_hours,overnight",no
ROCTVUSDT,OCTV,Octave Intelligence,"pre_market,regular,after_hours,overnight",no
ROCULUSDT,OCUL,Ocular Therapeutix,"pre_market,regular,after_hours,overnight",no
RODFLUSDT,ODFL,,"after_hours,regular,pre_market,overnight",no
ROEFUSDT,OEF,Ishares S&P 100 Etf,"pre_market,regular,after_hours,overnight",no
ROFGUSDT,OFG,OFG Bancorp,"pre_market,regular,after_hours,overnight",no
ROGCUSDT,OGC,Oceanagold Corporation,"pre_market,regular,after_hours,overnight",no
ROGEUSDT,OGE,OGE Energy Corp.,"pre_market,regular,after_hours,overnight",no
ROGNUSDT,OGN,Organon & Co,"pre_market,regular,after_hours,overnight",no
ROGSUSDT,OGS,"ONE Gas, Inc.","pre_market,regular,after_hours,overnight",no
ROHIUSDT,OHI,"Omega Healthcare Investors, Inc.","pre_market,regular,after_hours,overnight",no
ROIHUSDT,OIH,,"after_hours,regular,pre_market,overnight",no
ROIIUSDT,OII,Oil India / Oil Corp,"pre_market,regular,after_hours,overnight",no
ROKEUSDT,OKE,"ONEOK, Inc.","pre_market,regular,after_hours,overnight",no
ROKLOUSDT,OKLO,,"overnight,pre_market,regular,after_hours",no
ROKTAUSDT,OKTA,,"overnight,pre_market,regular,after_hours",no
ROLEDUSDT,OLED,Universal Display,"pre_market,regular,after_hours,overnight",no
ROLLIUSDT,OLLI,Ollie's Bargain Outlet,"pre_market,regular,after_hours,overnight",no
ROLNUSDT,OLN,Olin,"pre_market,regular,after_hours,overnight",no
ROMABUSDT,OMAB,Grupo Aeroportuario del Centro Norte (OMA),"pre_market,regular,after_hours",no
ROMCUSDT,OMC,Omnicom Group,"pre_market,regular,after_hours,overnight",no
ROMCLUSDT,OMCL,Omnicell,"pre_market,regular,after_hours,overnight",no
ROMFUSDT,OMF,"OneMain Holdings, Inc.","pre_market,regular,after_hours,overnight",no
RONUSDT,ON,,"overnight,pre_market,regular,after_hours",no
RONBUSDT,ONB,Old National Bancorp,"pre_market,regular,after_hours,overnight",no
RONCUSDT,ONC,BeiGene Ltd,"pre_market,regular,after_hours,overnight",no
RONDSUSDT,ONDS,,"overnight,pre_market,regular,after_hours",yes
RONONUSDT,ONON,On Holding AG,"pre_market,regular,after_hours,overnight",no
RONTOUSDT,ONTO,Onto Innovation Inc.,"pre_market,regular,after_hours,overnight",no
ROPCHUSDT,OPCH,Option Care Health,"pre_market,regular,after_hours,overnight",no
ROPENUSDT,OPEN,,"overnight,pre_market,regular,after_hours",no
ROPLNUSDT,OPLN,Openlane,"pre_market,regular,after_hours,overnight",no
ROPRAUSDT,OPRA,,"overnight,pre_market,regular,after_hours",no
RORUSDT,OR,Osisko Gold Royalties Ltd,"pre_market,regular,after_hours,overnight",no
RORAUSDT,ORA,"Ormat Technologies, Inc.","pre_market,regular,after_hours,overnight",no
RORCLUSDT,ORCL,,"overnight,pre_market,regular,after_hours",yes
RORCXUSDT,ORCX,Defiance Daily Target 2X Long ORCL ETF,"pre_market,regular,after_hours,overnight",no
RORIUSDT,ORI,Old Republic International Corporation,"pre_market,regular,after_hours,overnight",no
RORKAUSDT,ORKA,"Oruka Therapeutics, Inc.","pre_market,regular,after_hours,overnight",no
RORLYUSDT,ORLY,,"after_hours,regular,pre_market,overnight",no
ROSCRUSDT,OSCR,,"after_hours,regular,pre_market,overnight",no
ROSISUSDT,OSIS,OSI Systems,"pre_market,regular,after_hours,overnight",no
ROSKUSDT,OSK,Oshkosh Corporation,"pre_market,regular,after_hours,overnight",no
ROSSUSDT,OSS,,"regular,pre_market,after_hours",no
ROSWUSDT,OSW,OneSpaWorld,"pre_market,regular,after_hours,overnight",no
ROTEXUSDT,OTEX,Open Text Corporation,"pre_market,regular,after_hours,overnight",no
ROTFUSDT,OTF,Blue Owl Technology Finance Corp.,"pre_market,regular,after_hours,overnight",no
ROTISUSDT,OTIS,Otis Worldwide Corporation,"pre_market,regular,after_hours,overnight",no
ROTTRUSDT,OTTR,Otter Tail,"pre_market,regular,after_hours,overnight",no
ROUSTUSDT,OUST,Ouster,"pre_market,regular,after_hours,overnight",no
ROUTUSDT,OUT,OUTFRONT Media Inc.,"pre_market,regular,after_hours,overnight",no
ROVVUSDT,OVV,Ovintiv Inc.,"pre_market,regular,after_hours,overnight",no
ROWLUSDT,OWL,Blue Owl Capital,"pre_market,regular,after_hours,overnight",no
ROXYUSDT,OXY,,"after_hours,regular,pre_market,overnight",no
ROZKUSDT,OZK,Bank OZK,"pre_market,regular,after_hours,overnight",no
RPUSDT,P,Everpure (or Pandora Music / Pentair),"pre_market,regular,after_hours,overnight",no
RPAAUSDT,PAA,Plains All American Pipeline,"pre_market,regular,after_hours,overnight",no
RPAASUSDT,PAAS,Pan American Silver Corp.,"pre_market,regular,after_hours,overnight",no
RPACUSDT,PAC,"Grupo Aeroportuario del Pacífico, S.A.B. de C.V.","pre_market,regular,after_hours",no
RPACSUSDT,PACS,"PACS Group, Inc.","pre_market,regular,after_hours,overnight",no
RPAGUSDT,PAG,"Penske Automotive Group, Inc.","pre_market,regular,after_hours,overnight",no
RPAGPUSDT,PAGP,"Plains GP Holdings, L.P.","pre_market,regular,after_hours",no
RPAGSUSDT,PAGS,PagSeguro Digital,"pre_market,regular,after_hours,overnight",no
RPAHCUSDT,PAHC,Phibro Animal Health,"pre_market,regular,after_hours,overnight",no
RPALLUSDT,PALL,,"after_hours,regular,pre_market,overnight",no
RPAMUSDT,PAM,Pampa Energía S.A.,"pre_market,regular,after_hours,overnight",no
RPANWUSDT,PANW,,"overnight,pre_market,regular,after_hours",no
RPARRUSDT,PARR,Par Pacific,"pre_market,regular,after_hours,overnight",no
RPATHUSDT,PATH,UiPath,"pre_market,regular,after_hours,overnight",no
RPATKUSDT,PATK,Patrick Industries,"pre_market,regular,after_hours,overnight",no
RPAVEUSDT,PAVE,,"after_hours,regular,pre_market,overnight",no
RPAXUSDT,PAX,Patria Investments,"pre_market,regular,after_hours,overnight",no
RPAYCUSDT,PAYC,"Paycom Software, Inc.","pre_market,regular,after_hours,overnight",no
RPAYOUSDT,PAYO,Payoneer Global,"pre_market,regular,after_hours,overnight",no
RPAYPUSDT,PAYP,PayPay Corporation,"pre_market,regular,after_hours,overnight",no
RPAYXUSDT,PAYX,,"overnight,pre_market,regular,after_hours",no
RPBUSDT,PB,"Prosperity Bancshares, Inc.","pre_market,regular,after_hours,overnight",no
RPBAUSDT,PBA,Pembina Pipeline Corporation,"pre_market,regular,after_hours,overnight",no
RPBFUSDT,PBF,PBF Energy Inc.,"pre_market,regular,after_hours,overnight",no
RPBHUSDT,PBH,Prestige Consumer Healthcare,"pre_market,regular,after_hours,overnight",no
RPBIUSDT,PBI,Pitney Bowes,"pre_market,regular,after_hours,overnight",no
RPBRUSDT,PBR,,"after_hours,regular,pre_market,overnight",no
RPBTUSDT,PBT,Permian Basin Royalty Trust,"pre_market,regular,after_hours",no
RPCARUSDT,PCAR,,"after_hours,regular,pre_market,overnight",no
RPCGUSDT,PCG,,"after_hours,regular,pre_market,overnight",no
RPCORUSDT,PCOR,"Procore Technologies, Inc.","pre_market,regular,after_hours,overnight",no
RPCTYUSDT,PCTY,Paylocity Holding Corporation,"pre_market,regular,after_hours,overnight",no
RPCVXUSDT,PCVX,"Vaxcyte, Inc.","pre_market,regular,after_hours,overnight",no
RPDBCUSDT,PDBC,,"after_hours,regular,pre_market,overnight",no
RPDDUSDT,PDD,,"overnight,pre_market,regular,after_hours",yes
RPDFSUSDT,PDFS,PDF Solutions,"pre_market,regular,after_hours,overnight",no
RPEBUSDT,PEB,Pebblebrook Hotel Trust,"pre_market,regular,after_hours,overnight",no
RPEBOUSDT,PEBO,Peoples Bancorp,"pre_market,regular,after_hours,overnight",no
RPECOUSDT,PECO,"Phillips Edison & Company, Inc.","pre_market,regular,after_hours,overnight",no
RPEGUSDT,PEG,,"overnight,pre_market,regular,after_hours",no
RPEGAUSDT,PEGA,Pegasystems Inc.,"pre_market,regular,after_hours,overnight",no
RPENUSDT,PEN,"Penumbra, Inc.","pre_market,regular,after_hours,overnight",no
RPENGUSDT,PENG,Penguin Solutions,"pre_market,regular,after_hours,overnight",no
RPENNUSDT,PENN,Penn Entertainment,"pre_market,regular,after_hours,overnight",no
RPEPUSDT,PEP,,"overnight,pre_market,regular,after_hours",no
RPFEUSDT,PFE,,"after_hours,regular,pre_market,overnight",no
RPFGUSDT,PFG,"Principal Financial Group, Inc.","pre_market,regular,after_hours,overnight",no
RPFGCUSDT,PFGC,Performance Food Group Company,"pre_market,regular,after_hours,overnight",no
RPFHUSDT,PFH,"Prudential Financial, Inc. (Junior Sub Notes)","pre_market,regular,after_hours",no
RPFSUSDT,PFS,Provident Financial Services,"pre_market,regular,after_hours,overnight",no
RPFSIUSDT,PFSI,PennyMac Financial Services,"pre_market,regular,after_hours,overnight",no
RPGUSDT,PG,,"after_hours,regular,pre_market,overnight",no
RPGENUSDT,PGEN,Precigen,"pre_market,regular,after_hours,overnight",no
RPGNYUSDT,PGNY,Progyny,"pre_market,regular,after_hours,overnight",no
RPGRUSDT,PGR,,"after_hours,regular,pre_market,overnight",no
RPGYUSDT,PGY,Pagaya Technologies,"pre_market,regular,after_hours,overnight",no
RPHUSDT,PH,,"after_hours,regular,pre_market,overnight",no
RPHGUSDT,PHG,"F5, Inc.","pre_market,regular,after_hours,overnight",no
RPHIUSDT,PHI,PLDT,"pre_market,regular,after_hours,overnight",no
RPHINUSDT,PHIN,Phinia,"pre_market,regular,after_hours,overnight",no
RPHMUSDT,PHM,"PulteGroup, Inc.","pre_market,regular,after_hours,overnight",no
RPHVSUSDT,PHVS,Pharvaris,"pre_market,regular,after_hours,overnight",no
RPHYSUSDT,PHYS,Sprott Physical Gold Trust,"pre_market,regular,after_hours,overnight",no
RPIUSDT,PI,"Impinj, Inc.","pre_market,regular,after_hours,overnight",no
RPIIUSDT,PII,Polaris,"pre_market,regular,after_hours,overnight",no
RPINSUSDT,PINS,,"overnight,pre_market,regular,after_hours",no
RPIPRUSDT,PIPR,Piper Sandler Companies,"pre_market,regular,after_hours,overnight",no
RPJTUSDT,PJT,PJT Partners,"pre_market,regular,after_hours,overnight",no
RPKUSDT,PK,Park Hotels & Resorts Inc,"pre_market,regular,after_hours,overnight",no
RPKGUSDT,PKG,Packaging Corporation of America,"pre_market,regular,after_hours,overnight",no
RPKXUSDT,PKX,POSCO Holdings Inc.,"pre_market,regular,after_hours,overnight",no
RPLABUSDT,PLAB,Photronics,"pre_market,regular,after_hours,overnight",no
RPLBLUSDT,PLBL,Polibeli,"pre_market,regular,after_hours,overnight",no
RPLDUSDT,PLD,,"after_hours,regular,pre_market,overnight",no
RPLGOUSDT,PLGO,Pelagos Insurance,"pre_market,regular,after_hours,overnight",no
RPLMRUSDT,PLMR,Palomar Holdings,"pre_market,regular,after_hours,overnight",no
RPLNTUSDT,PLNT,Planet Fitness,"pre_market,regular,after_hours,overnight",no
RPLPCUSDT,PLPC,Preformed Line Products,"pre_market,regular,after_hours,overnight",no
RPLSEUSDT,PLSE,Pulse Biosciences,"pre_market,regular,after_hours,overnight",no
RPLTDUSDT,PLTD,Direxion Daily PLTR Bear 1X Shares,"pre_market,regular,after_hours,overnight",no
RPLTRUSDT,PLTR,,"overnight,pre_market,regular,after_hours",yes
RPLTUUSDT,PLTU,Direxion Daily PLTR Bull 2X Shares,"pre_market,regular,after_hours,overnight",no
RPLUGUSDT,PLUG,,"overnight,pre_market,regular,after_hours",no
RPLUSUSDT,PLUS,ePlus,"pre_market,regular,after_hours,overnight",no
RPLXSUSDT,PLXS,Plexus Corp.,"pre_market,regular,after_hours,overnight",no
RPMUSDT,PM,,"after_hours,regular,pre_market,overnight",no
RPNCUSDT,PNC,,"after_hours,regular,pre_market,overnight",no
RPNFPUSDT,PNFP,"Pinnacle Financial Partners, Inc.","pre_market,regular,after_hours,overnight",no
RPNRUSDT,PNR,Pentair plc,"pre_market,regular,after_hours,overnight",no
RPNWUSDT,PNW,Pinnacle West Capital Corporation,"pre_market,regular,after_hours,overnight",no
RPODDUSDT,PODD,Insulet Corporation,"pre_market,regular,after_hours,overnight",no
RPOETUSDT,POET,POET Technologies,"pre_market,regular,after_hours,overnight",no
RPONYUSDT,PONY,Pony AI,"pre_market,regular,after_hours,overnight",no
RPOOLUSDT,POOL,Pool Corporation,"pre_market,regular,after_hours,overnight",no
RPORUSDT,POR,Portland General Electric Company,"pre_market,regular,after_hours,overnight",no
RPOSTUSDT,POST,Post Holdings,"pre_market,regular,after_hours,overnight",no
RPOWIUSDT,POWI,Power Integrations,"pre_market,regular,after_hours,overnight",no
RPOWLUSDT,POWL,Powell Industries,"pre_market,regular,after_hours,overnight",no
RPPCUSDT,PPC,Pilgrim's Pride Corporation,"pre_market,regular,after_hours,overnight",no
RPPGUSDT,PPG,"PPG Industries, Inc.","pre_market,regular,after_hours,overnight",no
RPPLUSDT,PPL,PPL Corporation,"pre_market,regular,after_hours,overnight",no
RPPLIUSDT,PPLI,People,"pre_market,regular,after_hours,overnight",no
RPPLTUSDT,PPLT,,"after_hours,regular,pre_market,overnight",no
RPPTAUSDT,PPTA,Perpetua Resources,"pre_market,regular,after_hours,overnight",no
RPRUSDT,PR,Permian Resources Corporation,"pre_market,regular,after_hours,overnight",no
RPRAXUSDT,PRAX,"Praxis Precision Medicines, Inc.","pre_market,regular,after_hours,overnight",no
RPRCHUSDT,PRCH,Porch Group,"pre_market,regular,after_hours,overnight",no
RPRDOUSDT,PRDO,Perdoceo Education,"pre_market,regular,after_hours,overnight",no
RPRGUSDT,PRG,PROG Holdings,"pre_market,regular,after_hours,overnight",no
RPRGOUSDT,PRGO,Perrigo,"pre_market,regular,after_hours,overnight",no
RPRGSUSDT,PRGS,Progress Software,"pre_market,regular,after_hours,overnight",no
RPRIUSDT,PRI,"Primerica, Inc.","pre_market,regular,after_hours,overnight",no
RPRIMUSDT,PRIM,Primoris Services Corporation,"pre_market,regular,after_hours,overnight",no
RPRKUSDT,PRK,Park National,"pre_market,regular,after_hours,overnight",no
RPRKSUSDT,PRKS,United Parks & Resorts,"pre_market,regular,after_hours,overnight",no
RPRLBUSDT,PRLB,Proto Labs,"pre_market,regular,after_hours,overnight",no
RPRMUSDT,PRM,"Perimeter Solutions, SA","pre_market,regular,after_hours,overnight",no
RPRMBUSDT,PRMB,Primo Water Corporation,"pre_market,regular,after_hours,overnight",no
RPRUUSDT,PRU,"Prudential Financial, Inc.","pre_market,regular,after_hours,overnight",no
RPRVAUSDT,PRVA,Privia Health,"pre_market,regular,after_hours,overnight",no
RPSUSDT,PS,"Pershing Square Holdings, Ltd.","pre_market,regular,after_hours,overnight",no
RPSAUSDT,PSA,,"after_hours,regular,pre_market,overnight",no
RPSKYUSDT,PSKY,Paramount Skydance,"pre_market,regular,after_hours,overnight",no
RPSLVUSDT,PSLV,Sprott Physical Silver Trust,"pre_market,regular,after_hours,overnight",no
RPSMTUSDT,PSMT,"PriceSmart, Inc.","pre_market,regular,after_hours,overnight",no
RPSNUSDT,PSN,Parsons Corporation,"pre_market,regular,after_hours,overnight",no
RPSNLUSDT,PSNL,Personalis,"pre_market,regular,after_hours,overnight",no
RPSOUSDT,PSO,Pearson plc,"pre_market,regular,after_hours,overnight",no
RPSQUSDT,PSQ,,"overnight,pre_market,regular,after_hours",no
RPSQLUSDT,PSQL,Pasqal Holding,"pre_market,regular,after_hours,overnight",no
RPSXUSDT,PSX,,"after_hours,regular,pre_market,overnight",no
RPTCTUSDT,PTCT,"PTC Therapeutics, Inc.","pre_market,regular,after_hours,overnight",no
RPTGXUSDT,PTGX,"Protagonist Therapeutics, Inc.","pre_market,regular,after_hours,overnight",no
RPTONUSDT,PTON,Peloton Interactive,"pre_market,regular,after_hours,overnight",no
RPTRNUSDT,PTRN,Pattern Group Inc.,"pre_market,regular,after_hours,overnight",no
RPUKUSDT,PUK,Prudential PLC,"pre_market,regular,after_hours,overnight",no
RPUMPUSDT,PUMP,ProPetro Holding,"pre_market,regular,after_hours,overnight",no
RPURRUSDT,PURR,HYPERLIQUID STRATEGIES INC,"pre_market,regular,after_hours,overnight",no
RPVHUSDT,PVH,PVH Corp,"pre_market,regular,after_hours,overnight",no
RPVLAUSDT,PVLA,Palvella Therapeutics,"pre_market,regular,after_hours,overnight",no
RPWRUSDT,PWR,,"after_hours,regular,pre_market,overnight",no
RPYLDUSDT,PYLD,PIMCO MULTI SECTOR BOND ACTIVE ETF,"pre_market,regular,after_hours,overnight",no
RPYPLUSDT,PYPL,,"overnight,pre_market,regular,after_hours",no
RQUSDT,Q,Qnity Electronics / Qorvo,"pre_market,regular,after_hours,overnight",no
RQBTSUSDT,QBTS,,"overnight,pre_market,regular,after_hours",no
RQCOMUSDT,QCOM,,"overnight,pre_market,regular,after_hours",yes
RQCRHUSDT,QCRH,QCR Holdings,"pre_market,regular,after_hours,overnight",no
RQGENUSDT,QGEN,QIAGEN N.V.,"pre_market,regular,after_hours,overnight",no
RQIDUSDT,QID,ProShares UltraShort QQQ,"pre_market,regular,after_hours,overnight",no
RQLDUSDT,QLD,,"overnight,pre_market,regular,after_hours",no
RQLYSUSDT,QLYS,"Qualys, Inc.","pre_market,regular,after_hours,overnight",no
RQQQUSDT,QQQ,,"overnight,pre_market,regular,after_hours",yes
RQQQIUSDT,QQQI,,"overnight,pre_market,regular,after_hours",no
RQQQMUSDT,QQQM,,"after_hours,regular,pre_market,overnight",yes
RQRVOUSDT,QRVO,"Qorvo, Inc.","pre_market,regular,after_hours,overnight",no
RQSUSDT,QS,QuantumScape,"pre_market,regular,after_hours,overnight",no
RQSRUSDT,QSR,Restaurant Brands International,"pre_market,regular,after_hours,overnight",no
RQTWOUSDT,QTWO,Q2 Holdings,"pre_market,regular,after_hours,overnight",no
RQUALUSDT,QUAL,iShares MSCI USA Quality Factor ETF,"pre_market,regular,after_hours,overnight",no
RQUBTUSDT,QUBT,,"overnight,pre_market,regular,after_hours",no
RQUREUSDT,QURE,uniQure NV,"pre_market,regular,after_hours,overnight",no
RQXOUSDT,QXO,"QXO, Inc.","pre_market,regular,after_hours,overnight",no
RQYLDUSDT,QYLD,Global X Nasdaq 100 Covered Call ETF,"pre_market,regular,after_hours,overnight",no
RRUSDT,R,"Ryder System, Inc.","pre_market,regular,after_hours,overnight",no
RRACEUSDT,RACE,,"overnight,pre_market,regular,after_hours",no
RRALUSDT,RAL,Ralliant / ReliaQuest,"pre_market,regular,after_hours,overnight",no
RRAMUSDT,RAM,,"overnight,pre_market,regular,after_hours",no
RRAMPUSDT,RAMP,LiveRamp,"pre_market,regular,after_hours,overnight",no
RRAPPUSDT,RAPP,Rapport Therapeutics,"pre_market,regular,after_hours,overnight",no
RRAREUSDT,RARE,Ultragenyx Pharmaceutical,"pre_market,regular,after_hours,overnight",no
RRBAUSDT,RBA,"RB Global, Inc.","pre_market,regular,after_hours,overnight",no
RRBCUSDT,RBC,RBC Bearings Incorporated,"pre_market,regular,after_hours,overnight",no
RRBCAAUSDT,RBCAA,Republic Bancorp,"pre_market,regular,after_hours,overnight",no
RRBLXUSDT,RBLX,,"overnight,pre_market,regular,after_hours",no
RRBRKUSDT,RBRK,"Rubrik, Inc.","pre_market,regular,after_hours,overnight",no
RRCATUSDT,RCAT,Red Cat Holdings,"pre_market,regular,after_hours,overnight",no
RRCIUSDT,RCI,Rogers Communications Inc.,"pre_market,regular,after_hours,overnight",no
RRCLUSDT,RCL,,"after_hours,regular,pre_market,overnight",no
RRCUSUSDT,RCUS,Arcus Biosciences,"pre_market,regular,after_hours,overnight",no
RRDDTUSDT,RDDT,,"overnight,pre_market,regular,after_hours",no
RRDNUSDT,RDN,Radian Group Inc.,"pre_market,regular,after_hours,overnight",no
RRDNTUSDT,RDNT,"RadNet, Inc.","pre_market,regular,after_hours,overnight",no
RRDWUSDT,RDW,,"overnight,pre_market,regular,after_hours",no
RRDYUSDT,RDY,Dr. Reddy's Laboratories Limited,"pre_market,regular,after_hours,overnight",no
RREGUSDT,REG,Regency Centers Corporation,"pre_market,regular,after_hours,overnight",no
RREGNUSDT,REGN,,"after_hours,regular,pre_market,overnight",no
RRELXUSDT,RELX,RELX PLC,"pre_market,regular,after_hours,overnight",no
RRELYUSDT,RELY,"Remitly Global, Inc.","pre_market,regular,after_hours,overnight",no
RREMXUSDT,REMX,,"overnight,pre_market,regular,after_hours",no
RRESUSDT,RES,RPC Inc,"pre_market,regular,after_hours,overnight",no
RREXUSDT,REX,REX American Resources,"pre_market,regular,after_hours,overnight",no
RREXRUSDT,REXR,"Rexford Industrial Realty, Inc.","pre_market,regular,after_hours,overnight",no
RREYNUSDT,REYN,Reynolds Consumer Products Inc.,"pre_market,regular,after_hours,overnight",no
RREZIUSDT,REZI,"Resideo Technologies, Inc.","pre_market,regular,after_hours,overnight",no
RRFUSDT,RF,,"pre_market,regular,after_hours,overnight",no
RRGAUSDT,RGA,"Reinsurance Group of America, Incorporated","pre_market,regular,after_hours,overnight",no
RRGCUSDT,RGC,Regencell Bioscience,overnight,no
RRGENUSDT,RGEN,Repligen Corporation,"pre_market,regular,after_hours,overnight",no
RRGTIUSDT,RGTI,,"overnight,pre_market,regular,after_hours",no
RRHUSDT,RH,RH,"pre_market,regular,after_hours,overnight",no
RRHIUSDT,RHI,Robert Half,"pre_market,regular,after_hours,overnight",no
RRHPUSDT,RHP,"Ryman Hospitality Properties, Inc.","pre_market,regular,after_hours,overnight",no
RRIGUSDT,RIG,Transocean Ltd.,"pre_market,regular,after_hours,overnight",no
RRIOUSDT,RIO,,"after_hours,regular,pre_market,overnight",no
RRIOTUSDT,RIOT,,"overnight,pre_market,regular,after_hours",no
RRITMUSDT,RITM,Rithm Capital Corp.,"pre_market,regular,after_hours,overnight",no
RRIVNUSDT,RIVN,,"overnight,pre_market,regular,after_hours",no
RRJFUSDT,RJF,Raymond James Financial Inc,"pre_market,regular,after_hours,overnight",no
RRKLBUSDT,RKLB,,"overnight,pre_market,regular,after_hours",yes
RRKTUSDT,RKT,,"overnight,pre_market,regular,after_hours",no
RRLUSDT,RL,Ralph Lauren,"pre_market,regular,after_hours,overnight",no
RRLAYUSDT,RLAY,Relay Therapeutics,"pre_market,regular,after_hours,overnight",no
RRLIUSDT,RLI,RLI Corp.,"pre_market,regular,after_hours,overnight",no
RRLJUSDT,RLJ,RLJ Lodging Trust,"pre_market,regular,after_hours,overnight",no
RRLXUSDT,RLX,RLX Technology,"pre_market,regular,after_hours,overnight",no
RRMBSUSDT,RMBS,,"overnight,pre_market,regular,after_hours",yes
RRMDUSDT,RMD,ResMed Inc.,"pre_market,regular,after_hours,overnight",no
RRNRUSDT,RNR,RenaissanceRe Holdings Ltd.,"pre_market,regular,after_hours,overnight",no
RRNSTUSDT,RNST,Renasant,"pre_market,regular,after_hours,overnight",no
RRNWUSDT,RNW,ReNew Energy Global,"pre_market,regular,after_hours,overnight",no
RROADUSDT,ROAD,"Construction Partners, Inc.","pre_market,regular,after_hours,overnight",no
RROCKUSDT,ROCK,Gibraltar Industries,"pre_market,regular,after_hours,overnight",no
RROGUSDT,ROG,Rogers,"pre_market,regular,after_hours,overnight",no
RROIVUSDT,ROIV,Roivant Sciences Ltd.,"pre_market,regular,after_hours,overnight",no
RROKUSDT,ROK,,"after_hours,regular,pre_market,overnight",no
RROKUUSDT,ROKU,,"overnight,pre_market,regular,after_hours",no
RROLUSDT,ROL,Rollins,"pre_market,regular,after_hours,overnight",no
RROPUSDT,ROP,,"overnight,pre_market,regular,after_hours",no
RROSTUSDT,ROST,,"after_hours,regular,pre_market,overnight",no
RRPMUSDT,RPM,RPM International Inc.,"pre_market,regular,after_hours,overnight",no
RRPRXUSDT,RPRX,,"overnight,pre_market,regular,after_hours",no
RRRCUSDT,RRC,Range Resources Corporation,"pre_market,regular,after_hours,overnight",no
RRRRUSDT,RRR,"Red Rock Resorts, Inc.","pre_market,regular,after_hours,overnight",no
RRRXUSDT,RRX,Regal Rexnord Corporation,"pre_market,regular,after_hours,overnight",no
RRSUSDT,RS,"Reliance, Inc.","pre_market,regular,after_hours,overnight",no
RRSGUSDT,RSG,,"after_hours,regular,pre_market,overnight",no
RRSIUSDT,RSI,"Rush Street Interactive, Inc.","pre_market,regular,after_hours,overnight",no
RRSPUSDT,RSP,Invesco Exchange Traded Fd Tr S&P 500 Equal Weight Etf,"pre_market,regular,after_hours,overnight",no
RRTOUSDT,RTO,Rentokil Initial plc,"pre_market,regular,after_hours,overnight",no
RRTXUSDT,RTX,,"overnight,pre_market,regular,after_hours",no
RRUMUSDT,RUM,RUM Group,"pre_market,regular,after_hours,overnight",no
RRUNUSDT,RUN,Sunrun,"pre_market,regular,after_hours,overnight",no
RRUSHAUSDT,RUSHA,"Rush Enterprises, Inc. (Class A)","pre_market,regular,after_hours,overnight",no
RRUSHBUSDT,RUSHB,"Rush Enterprises, Inc. (Class B)","pre_market,regular,after_hours,overnight",no
RRVLVUSDT,RVLV,Revolve Group,"pre_market,regular,after_hours,overnight",no
RRVMDUSDT,RVMD,,"overnight,pre_market,regular,after_hours",no
RRVTYUSDT,RVTY,"Revvity, Inc.","pre_market,regular,after_hours,overnight",no
RRWMUSDT,RWM,Short Russell 2000 Proshares,"pre_market,regular,after_hours,overnight",no
RRXOUSDT,RXO,Reno de Medici / Renault,"pre_market,regular,after_hours,overnight",no
RRXRXUSDT,RXRX,Recursion Pharmaceuticals,"pre_market,regular,after_hours,overnight",no
RRXTUSDT,RXT,,"overnight,pre_market,regular,after_hours",no
RRYANUSDT,RYAN,"Ryan Specialty Holdings, Inc.","pre_market,regular,after_hours,overnight",no
RRYNUSDT,RYN,Rayonier Inc.,"pre_market,regular,after_hours,overnight",no
RRYTMUSDT,RYTM,"Rhythm Pharmaceuticals, Inc.","pre_market,regular,after_hours,overnight",no
RSUSDT,S,"SentinelOne, Inc.","pre_market,regular,after_hours,overnight",no
RSAUSDT,SA,Seabridge Gold,"pre_market,regular,after_hours,overnight",no
RSAFTUSDT,SAFT,Safety Insurance,"pre_market,regular,after_hours,overnight",no
RSAHUSDT,SAH,Sonic Automotive,"pre_market,regular,after_hours,overnight",no
RSAIAUSDT,SAIA,"Saia, Inc.","pre_market,regular,after_hours,overnight",no
RSAICUSDT,SAIC,Science Applications International Corp,"pre_market,regular,after_hours,overnight",no
RSAILUSDT,SAIL,SailPoint Technologies / SailPoint,"pre_market,regular,after_hours,overnight",no
RSAMUSDT,SAM,Boston Beer,"pre_market,regular,after_hours,overnight",no
RSANMUSDT,SANM,Sanmina Corporation,"pre_market,regular,after_hours,overnight",no
RSAPUSDT,SAP,,"after_hours,regular,pre_market,overnight",no
RSAROUSDT,SARO,"StandardAero, Inc.","pre_market,regular,after_hours,overnight",no
RSATAUSDT,SATA,,"regular,pre_market,after_hours",no
RSBACUSDT,SBAC,SBA Communications Corporation,"pre_market,regular,after_hours,overnight",no
RSBCFUSDT,SBCF,Seacoast Bank,"pre_market,regular,after_hours,overnight",no
RSBETUSDT,SBET,,"after_hours,regular,pre_market,overnight",no
RSBHUSDT,SBH,Sally Beauty Holdings,"pre_market,regular,after_hours,overnight",no
RSBLKUSDT,SBLK,Star Bulk Carriers,"pre_market,regular,after_hours,overnight",no
RSBRAUSDT,SBRA,"Sabra Health Care REIT, Inc.","pre_market,regular,after_hours,overnight",no
RSBSUSDT,SBS,Companhia de Saneamento Básico do Estado de São Paulo (Sabesp),"pre_market,regular,after_hours,overnight",no
RSBSWUSDT,SBSW,Sibanye Stillwater Limited,"pre_market,regular,after_hours,overnight",no
RSBUXUSDT,SBUX,,"after_hours,regular,pre_market,overnight",no
RSCCOUSDT,SCCO,,"overnight,pre_market,regular,after_hours",no
RSCHAUSDT,SCHA,Schwab Strategic Tr Us Small-Cap Etf,"pre_market,regular,after_hours,overnight",no
RSCHBUSDT,SCHB,Schwab US Broad Market ETF,"pre_market,regular,after_hours,overnight",no
RSCHDUSDT,SCHD,,"overnight,pre_market,regular,after_hours",no
RSCHFUSDT,SCHF,Schwab Strategic Tr Intl Equity Etf,"pre_market,regular,after_hours,overnight",no
RSCHGUSDT,SCHG,Schwab Strategic Tr Us Large-Cap Growth Etf,"pre_market,regular,after_hours,overnight",no
RSCHHUSDT,SCHH,Schwab US REIT ETF,"pre_market,regular,after_hours,overnight",no
RSCHWUSDT,SCHW,,"overnight,pre_market,regular,after_hours",no
RSCHXUSDT,SCHX,Schwab Strategic Tr Us Large-Cap Etf,"pre_market,regular,after_hours,overnight",no
RSCIUSDT,SCI,Service Corporation International,"pre_market,regular,after_hours,overnight",no
RSCLUSDT,SCL,Stepan,"pre_market,regular,after_hours,overnight",no
RSCZUSDT,SCZ,EAFE Smallcap Index MSCI Ishares,"pre_market,regular,after_hours,overnight",no
RSDGRUSDT,SDGR,Schrodinger,"pre_market,regular,after_hours,overnight",no
RSDRLUSDT,SDRL,Seadrill,"pre_market,regular,after_hours,overnight",no
RSDSUSDT,SDS,Proshares Ultrashort S&P500,"pre_market,regular,after_hours,overnight",no
RSEUSDT,SE,,"after_hours,regular,pre_market,overnight",no
RSEBUSDT,SEB,Seaboard Corporation,"pre_market,regular,after_hours,overnight",no
RSEDGUSDT,SEDG,,"overnight,pre_market,regular,after_hours",no
RSEIUSDT,SEI,"SolarEdge Technologies, Inc.","pre_market,regular,after_hours,overnight",no
RSEICUSDT,SEIC,SEI Investments Company,"pre_market,regular,after_hours,overnight",no
RSEPNUSDT,SEPN,Septerna,"pre_market,regular,after_hours,overnight",no
RSEZLUSDT,SEZL,Sezzle,"pre_market,regular,after_hours,overnight",no
RSFUSDT,SF,Stifel Financial Corp.,"pre_market,regular,after_hours,overnight",no
RSFBUSDT,SFB,STIFEL FINANCIAL CORP 5.2% SR NOTES DUE 15/10/2047 USD25,"pre_market,regular,after_hours",no
RSFBSUSDT,SFBS,"ServisFirst Bancshares, Inc.","pre_market,regular,after_hours,overnight",no
RSFDUSDT,SFD,"Smithfield Foods, Inc.","pre_market,regular,after_hours,overnight",no
RSFLUSDT,SFL,SFL Corp,"pre_market,regular,after_hours,overnight",no
RSFMUSDT,SFM,"Sprouts Farmers Market, Inc.","pre_market,regular,after_hours,overnight",no
RSFNCUSDT,SFNC,Simmons First National,"pre_market,regular,after_hours,overnight",no
RSGHCUSDT,SGHC,Super Group (SGHC) Limited,"pre_market,regular,after_hours,overnight",no
RSGIUSDT,SGI,Superior Group Enterprises (or Stanley Furniture / SGI),"pre_market,regular,after_hours,overnight",no
RSGOLUSDT,SGOL,Abrdn Gold ETF Trust,"pre_market,regular,after_hours,overnight",no
RSGOVUSDT,SGOV,,"after_hours,regular,pre_market,overnight",yes
RSGRYUSDT,SGRY,Surgery Partners,"pre_market,regular,after_hours,overnight",no
RSHUSDT,SH,Short S&P 500 Proshares,"pre_market,regular,after_hours,overnight",no
RSHAKUSDT,SHAK,Shake Shack,"pre_market,regular,after_hours,overnight",no
RSHAZUSDT,SHAZ,SharonAI Holdings,"pre_market,regular,after_hours",no
RSHCUSDT,SHC,Sotera Health Company,"pre_market,regular,after_hours,overnight",no
RSHELUSDT,SHEL,,"after_hours,regular,pre_market,overnight",no
RSHGUSDT,SHG,Shinhan Financial Group Co Ltd,"pre_market,regular,after_hours,overnight",no
RSHOUSDT,SHO,Sunstone Hotel Investors Inc,"pre_market,regular,after_hours,overnight",no
RSHOOUSDT,SHOO,Steven Madden,"pre_market,regular,after_hours,overnight",no
RSHOPUSDT,SHOP,,"overnight,pre_market,regular,after_hours",no
RSHVUSDT,SHV,iShares 0–1 Year Treasury Bond ETF,"pre_market,regular,after_hours,overnight",no
RSHWUSDT,SHW,,"after_hours,regular,pre_market,overnight",no
RSHYUSDT,SHY,,"after_hours,regular,pre_market,overnight",no
RSIDUSDT,SID,National Steel,"pre_market,regular,after_hours,overnight",no
RSIGUSDT,SIG,Signet Jewelers,"pre_market,regular,after_hours,overnight",no
RSIGIUSDT,SIGI,"Selective Insurance Group, Inc.","pre_market,regular,after_hours,overnight",no
RSIIUSDT,SII,Sprott,"pre_market,regular,after_hours",no
RSILUSDT,SIL,Global X Funds Global X Silver Miners Etf (Post Rev Spl,"pre_market,regular,after_hours,overnight",no
RSIMUSDT,SIM,"Grupo Simec, S.A.B. de C.V.","pre_market,regular,after_hours,overnight",no
RSIMOUSDT,SIMO,,"overnight,pre_market,regular,after_hours",no
RSINDUSDT,SIND,Sinda,"pre_market,regular,after_hours,overnight",no
RSIRIUSDT,SIRI,Sirius XM Holdings Inc.,"pre_market,regular,after_hours,overnight",no
RSITEUSDT,SITE,"SiteOne Landscape Supply, Inc.","pre_market,regular,after_hours,overnight",no
RSITMUSDT,SITM,,"overnight,pre_market,regular,after_hours",no
RSJMUSDT,SJM,The J.M. Smucker Company,"pre_market,regular,after_hours,overnight",no
RSKEUSDT,SKE,Skeena Resources,"pre_market,regular,after_hours,overnight",no
RSKHYUSDT,SKHY,,"overnight,pre_market,regular,after_hours",yes
RSKMUSDT,SKM,"SK Telecom Co., Ltd.","pre_market,regular,after_hours,overnight",no
RSKTUSDT,SKT,Tanger Inc.,"pre_market,regular,after_hours,overnight",no
RSKWDUSDT,SKWD,Skyward Specialty Insurance,"pre_market,regular,after_hours,overnight",no
RSKYUSDT,SKY,"Champion Homes, Inc. (formerly Skyline Champion)","pre_market,regular,after_hours,overnight",no
RSKYWUSDT,SKYW,SkyWest,"pre_market,regular,after_hours,overnight",no
RSLABUSDT,SLAB,Silicon Laboratories Inc.,"pre_market,regular,after_hours,overnight",no
RSLBUSDT,SLB,,"after_hours,regular,pre_market,overnight",no
RSLDEUSDT,SLDE,Slide Insurance Holdings,"pre_market,regular,after_hours,overnight",no
RSLFUSDT,SLF,Sun Life Financial Inc.,"pre_market,regular,after_hours,overnight",no
RSLGUSDT,SLG,SL Green Realty,"pre_market,regular,after_hours,overnight",no
RSLGNUSDT,SLGN,Silgan Holdings Inc.,"pre_market,regular,after_hours,overnight",no
RSLMUSDT,SLM,SLM Corporation (Sallie Mae),"pre_market,regular,after_hours,overnight",no
RSLSUSDT,SLS,Sellas Life Sciences,"pre_market,regular,after_hours,overnight",no
RSLVUSDT,SLV,,"overnight,pre_market,regular,after_hours",yes
RSLVMUSDT,SLVM,Sylvamo,"pre_market,regular,after_hours,overnight",no
RSMUSDT,SM,SM Energy Company,"pre_market,regular,after_hours,overnight",no
RSMAUSDT,SMA,SmartStop Self Storage REIT,"pre_market,regular,after_hours,overnight",no
RSMCIUSDT,SMCI,,"overnight,pre_market,regular,after_hours",no
RSMGUSDT,SMG,The Scotts Miracle,"pre_market,regular,after_hours,overnight",no
RSMHUSDT,SMH,,"after_hours,regular,pre_market,overnight",yes
RSMMTUSDT,SMMT,Summit Therapeutics Inc.,"pre_market,regular,after_hours,overnight",no
RSMRUSDT,SMR,,"overnight,pre_market,regular,after_hours",no
RSMTCUSDT,SMTC,,"overnight,pre_market,regular,after_hours",no
RSNUSDT,SN,"SharkNinja, Inc.","pre_market,regular,after_hours,overnight",no
RSNAUSDT,SNA,Snap-on Incorporated,"pre_market,regular,after_hours,overnight",no
RSNAPUSDT,SNAP,,"overnight,pre_market,regular,after_hours",no
RSNDAUSDT,SNDA,Sonida Senior Living,"pre_market,regular,after_hours,overnight",no
RSNDKUSDT,SNDK,,"overnight,pre_market,regular,after_hours",yes
RSNDRUSDT,SNDR,"Schneider National, Inc.","pre_market,regular,after_hours,overnight",no
RSNDXUSDT,SNDX,Syndax Pharmaceuticals,"pre_market,regular,after_hours,overnight",no
RSNEXUSDT,SNEX,,"overnight,pre_market,regular,after_hours",no
RSNNUSDT,SNN,Smith & Nephew plc,"pre_market,regular,after_hours,overnight",no
RSNOWUSDT,SNOW,,"overnight,pre_market,regular,after_hours",yes
RSNPSUSDT,SNPS,,"after_hours,regular,pre_market,overnight",no
RSNXUSDT,SNX,TD SYNNEX Corporation,"pre_market,regular,after_hours,overnight",no
RSNXXUSDT,SNXX,,"pre_market,regular,after_hours",no
RSOUSDT,SO,,"after_hours,regular,pre_market,overnight",no
RSOBOUSDT,SOBO,South Bow Corporation,"pre_market,regular,after_hours,overnight",no
RSOFIUSDT,SOFI,,"overnight,pre_market,regular,after_hours",yes
RSOJCUSDT,SOJC,The Southern Company (5.25% Jr Sub Nts),"pre_market,regular,after_hours",no
RSOLSUSDT,SOLS,Solstice Advanced Materials (formerly Chemours spin/specialty),"pre_market,regular,after_hours,overnight",no
RSOLVUSDT,SOLV,Solventum Corporation,"pre_market,regular,after_hours,overnight",no
RSONUSDT,SON,Sonoco Products Company,"pre_market,regular,after_hours,overnight",no
RSONOUSDT,SONO,Sonos,"pre_market,regular,after_hours,overnight",no
RSONYUSDT,SONY,,"overnight,pre_market,regular,after_hours",yes
RSOUNUSDT,SOUN,,"overnight,pre_market,regular,after_hours",no
RSOXLUSDT,SOXL,,"overnight,pre_market,regular,after_hours",no
RSOXQUSDT,SOXQ,INVESCO PHLX SEMICONDUCTOR ETF,"pre_market,regular,after_hours,overnight",no
RSOXSUSDT,SOXS,,"overnight,pre_market,regular,after_hours",yes
RSOXXUSDT,SOXX,,"overnight,pre_market,regular,after_hours",yes
RSPBUSDT,SPB,Spectrum Brands,"pre_market,regular,after_hours,overnight",no
RSPCEUSDT,SPCE,,"overnight,pre_market,regular,after_hours",no
RSPCXUSDT,SPCX,,"overnight,pre_market,regular,after_hours",yes
RSPDNUSDT,SPDN,Direxion Daily S&P 500 Bear 1X Shares,"pre_market,regular,after_hours,overnight",no
RSPDWUSDT,SPDW,SPDR Portfolio Developed World ex-US ETF,"pre_market,regular,after_hours,overnight",no
RSPEMUSDT,SPEM,SPDR Portfolio Emerging Markets ETF,"pre_market,regular,after_hours,overnight",no
RSPGUSDT,SPG,,"after_hours,regular,pre_market,overnight",no
RSPHQUSDT,SPHQ,Powershares Exchange Traded Fd Tst Powershares S&P 500 Quality Portfolio,"pre_market,regular,after_hours,overnight",no
RSPHRUSDT,SPHR,Sphere Entertainment Co.,"pre_market,regular,after_hours,overnight",no
RSPHYUSDT,SPHY,Spdr Portfolio High Yield Bond Etf,"pre_market,regular,after_hours,overnight",no
RSPIBUSDT,SPIB,Spdr Series Trust Portfolio Intermediate Trm Corprt Bd Etf,"pre_market,regular,after_hours,overnight",no
RSPLVUSDT,SPLV,Invesco S&P 500 Low Volatility ETF,"pre_market,regular,after_hours,overnight",no
RSPMDUSDT,SPMD,Spdr Portfolio S&P 400 Mid Cap Etf,"pre_market,regular,after_hours,overnight",no
RSPMOUSDT,SPMO,,"overnight,pre_market,regular,after_hours",yes
RSPNTUSDT,SPNT,SiriusPoint,"pre_market,regular,after_hours,overnight",no
RSPOTUSDT,SPOT,,"overnight,pre_market,regular,after_hours",no
RSPSBUSDT,SPSB,Spdr Portfolio Short Term Corporate Bond Etf,"pre_market,regular,after_hours,overnight",no
RSPSCUSDT,SPSC,SPS Commerce,"pre_market,regular,after_hours,overnight",no
RSPSMUSDT,SPSM,Spdr Portfolio S&P 600 Small Cap Etf,"pre_market,regular,after_hours,overnight",no
RSPXCUSDT,SPXC,"SPX Technologies, Inc.","pre_market,regular,after_hours,overnight",no
RSPXLUSDT,SPXL,Direxion Daily S&P 500 Bull 3X Shares ETF,"pre_market,regular,after_hours,overnight",no
RSPXSUSDT,SPXS,Direxion Daily S&P 500 Bear 3X Shares ETF,"pre_market,regular,after_hours,overnight",no
RSPXUUSDT,SPXU,,regular,no
RSPYUSDT,SPY,,"overnight,pre_market,regular,after_hours",yes
RSPYGUSDT,SPYG,Spdr Series Trust Spdr Portfolio S&P 500 Growth Etf,"pre_market,regular,after_hours,overnight",no
RSPYIUSDT,SPYI,NEOS S&P 500 HIGH INCOME ETF,"pre_market,regular,after_hours,overnight",no
RSPYMUSDT,SPYM,SPDR Portfolio S&P 500 ETF,"pre_market,regular,after_hours,overnight",no
RSPYVUSDT,SPYV,Spdr Series Trust Spdr Portfolio S&P 500 Value Etf,"pre_market,regular,after_hours,overnight",no
RSQMUSDT,SQM,Sociedad Química y Minera de Chile S.A.,"pre_market,regular,after_hours,overnight",no
RSQQQUSDT,SQQQ,,"overnight,pre_market,regular,after_hours",yes
RSRADUSDT,SRAD,Sportradar Group AG,"pre_market,regular,after_hours,overnight",no
RSRCEUSDT,SRCE,1st Source Corp.,"pre_market,regular,after_hours,overnight",no
RSREUSDT,SRE,,"after_hours,regular,pre_market,overnight",no
RSRPTUSDT,SRPT,Sarepta Therapeutics,"pre_market,regular,after_hours,overnight",no
RSRRKUSDT,SRRK,Scholar Rock Holding Corporation,"pre_market,regular,after_hours,overnight",no
RSSBUSDT,SSB,SouthState Corporation,"pre_market,regular,after_hours,overnight",no
RSSDUSDT,SSD,"Simpson Manufacturing Co., Inc.","pre_market,regular,after_hours,overnight",no
RSSLUSDT,SSL,Sasol Limited,"pre_market,regular,after_hours,overnight",no
RSSMRUSDT,SSMR,Sunshine Silver Mining & Refining,"pre_market,regular,after_hours,overnight",no
RSSNCUSDT,SSNC,"SS&C Technologies Holdings, Inc.","pre_market,regular,after_hours,overnight",no
RSSOUSDT,SSO,Proshares Ultra S&P500,"pre_market,regular,after_hours,overnight",no
RSSPCUSDT,SSPC,,"overnight,pre_market,regular,after_hours",no
RSSRMUSDT,SSRM,SSR Mining Inc.,"pre_market,regular,after_hours,overnight",no
RSTUSDT,ST,Sensata Technologies Holding plc,"pre_market,regular,after_hours,overnight",no
RSTAGUSDT,STAG,"STAG Industrial, Inc.","pre_market,regular,after_hours,overnight",no
RSTBAUSDT,STBA,S&T Bancorp,"pre_market,regular,after_hours,overnight",no
RSTCUSDT,STC,Stewart Information Services,"pre_market,regular,after_hours,overnight",no
RSTDNUSDT,STDN,Standard Nuclear,"pre_market,regular,after_hours,overnight",no
RSTEUSDT,STE,STERIS plc,"pre_market,regular,after_hours,overnight",no
RSTEPUSDT,STEP,StepStone Group Inc.,"pre_market,regular,after_hours,overnight",no
RSTGWUSDT,STGW,Stagwell,"pre_market,regular,after_hours,overnight",no
RSTLAUSDT,STLA,Stellantis N.V.,"pre_market,regular,after_hours,overnight",no
RSTLDUSDT,STLD,,"overnight,pre_market,regular,after_hours",no
RSTMUSDT,STM,,"overnight,pre_market,regular,after_hours",no
RSTNUSDT,STN,Stantec Inc.,"pre_market,regular,after_hours,overnight",no
RSTNEUSDT,STNE,StoneCo,"pre_market,regular,after_hours,overnight",no
RSTNGUSDT,STNG,Scorpio Tankers,"pre_market,regular,after_hours,overnight",no
RSTOKUSDT,STOK,Stoke Therapeutics,"pre_market,regular,after_hours,overnight",no
RSTRAUSDT,STRA,Strategic Education,"pre_market,regular,after_hours,overnight",no
RSTRCUSDT,STRC,,"overnight,pre_market,regular,after_hours",yes
RSTRLUSDT,STRL,"Sterling Infrastructure, Inc.","pre_market,regular,after_hours,overnight",no
RSTTUSDT,STT,,"after_hours,regular,pre_market,overnight",no
RSTUBUSDT,STUB,Stubhub Holdings,"pre_market,regular,after_hours,overnight",no
RSTVNUSDT,STVN,Stevanato Group S.p.A.,"pre_market,regular,after_hours",no
RSTWDUSDT,STWD,"Starwood Property Trust, Inc.","pre_market,regular,after_hours,overnight",no
RSTXUSDT,STX,,"overnight,pre_market,regular,after_hours",yes
RSTZUSDT,STZ,Constellation Brands,"pre_market,regular,after_hours,overnight",no
RSUUSDT,SU,,"after_hours,regular,pre_market,overnight",no
RSUIUSDT,SUI,"Sun Communities, Inc.","pre_market,regular,after_hours,overnight",no
RSUNUSDT,SUN,Sunoco LP,"pre_market,regular,after_hours,overnight",no
RSUNBUSDT,SUNB,,"overnight,pre_market,regular,after_hours",no
RSUNCUSDT,SUNC,SunocoCorp,"pre_market,regular,after_hours,overnight",no
RSUPNUSDT,SUPN,Supernus Pharmaceuticals,"pre_market,regular,after_hours,overnight",no
RSUZUSDT,SUZ,Suzano S.A.,"pre_market,regular,after_hours,overnight",no
RSVMUSDT,SVM,Silvercorp Metals,"pre_market,regular,after_hours,overnight",no
RSVVUSDT,SVV,Savers Value Village,"pre_market,regular,after_hours,overnight",no
RSWUSDT,SW,Smurfit WestRock,"pre_market,regular,after_hours,overnight",no
RSWKUSDT,SWK,"Stanley Black & Decker, Inc.","pre_market,regular,after_hours,overnight",no
RSWKSUSDT,SWKS,"Skyworks Solutions, Inc.","pre_market,regular,after_hours,overnight",no
RSWXUSDT,SWX,"Southwest Gas Holdings, Inc.","pre_market,regular,after_hours,overnight",no
RSXIUSDT,SXI,Standex International,"pre_market,regular,after_hours,overnight",no
RSXTUSDT,SXT,Sensient Technologies Corporation,"pre_market,regular,after_hours,overnight",no
RSYBTUSDT,SYBT,Stock Yards Bancorp,"pre_market,regular,after_hours,overnight",no
RSYFUSDT,SYF,Synchrony Financial,"pre_market,regular,after_hours,overnight",no
RSYKUSDT,SYK,,"after_hours,regular,pre_market,overnight",no
RSYMUSDT,SYM,Symbotic Inc.,"pre_market,regular,after_hours,overnight",no
RSYNAUSDT,SYNA,Synaptics Incorporated,"pre_market,regular,after_hours,overnight",no
RSYREUSDT,SYRE,"Spyre Therapeutics, Inc.","pre_market,regular,after_hours,overnight",no
RSYYUSDT,SYY,,"overnight,pre_market,regular,after_hours",no
RTUSDT,T,,"after_hours,regular,pre_market,overnight",no
RTACUSDT,TAC,TransAlta Corporation,"pre_market,regular,after_hours,overnight",no
RTAKUSDT,TAK,Takeda Pharmaceutical Company Limited,"pre_market,regular,after_hours,overnight",no
RTALUSDT,TAL,TAL Education Group,"pre_market,regular,after_hours,overnight",no
RTALOUSDT,TALO,Talos Energy,"pre_market,regular,after_hours,overnight",no
RTANUSDT,TAN,,"overnight,pre_market,regular,after_hours",no
RTAPUSDT,TAP,Molson Coors Beverage Company (Class B),"pre_market,regular,after_hours,overnight",no
RTARSUSDT,TARS,Tarsus Pharmaceuticals,"pre_market,regular,after_hours,overnight",no
RTBBBUSDT,TBBB,BBB Foods Inc.,"pre_market,regular,after_hours,overnight",no
RTBBKUSDT,TBBK,The Bancorp,"pre_market,regular,after_hours,overnight",no
RTCBIUSDT,TCBI,"Texas Capital Bancshares, Inc.","pre_market,regular,after_hours,overnight",no
RTCBKUSDT,TCBK,TriCo Bancshares,"pre_market,regular,after_hours,overnight",no
RTCOMUSDT,TCOM,,"overnight,pre_market,regular,after_hours",no
RTDUSDT,TD,,"after_hours,regular,pre_market,overnight",no
RTDCUSDT,TDC,Teradata Corp,"pre_market,regular,after_hours,overnight",no
RTDGUSDT,TDG,,"after_hours,regular,pre_market,overnight",no
RTDSUSDT,TDS,Telephone and Data Systems,"pre_market,regular,after_hours,overnight",no
RTDYUSDT,TDY,Teledyne Technologies Inc,"pre_market,regular,after_hours,overnight",no
RTEUSDT,TE,T1 Energy,"pre_market,regular,after_hours,overnight",no
RTEAMUSDT,TEAM,,"overnight,pre_market,regular,after_hours",no
RTECHUSDT,TECH,Bio-Techne Corporation,"pre_market,regular,after_hours,overnight",no
RTECKUSDT,TECK,Teck Resources Limited,"pre_market,regular,after_hours,overnight",no
RTECLUSDT,TECL,Direxion Daily Technology Bull 3X Shares ETF,"pre_market,regular,after_hours,overnight",no
RTELUSDT,TEL,,"after_hours,regular,pre_market,overnight",no
RTEMUSDT,TEM,,"after_hours,regular,pre_market,overnight",yes
RTENUSDT,TEN,Tsakos Energy Navigation,"pre_market,regular,after_hours,overnight",no
RTENBUSDT,TENB,"Tenable Holdings, Inc.","pre_market,regular,after_hours,overnight",no
RTEOUSDT,TEO,Telecom Argentina S.A.,"pre_market,regular,after_hours,overnight",no
RTERUSDT,TER,,"overnight,pre_market,regular,after_hours",no
RTEVAUSDT,TEVA,Teva Pharmaceutical Industries Ltd.,"pre_market,regular,after_hours,overnight",no
RTEXUSDT,TEX,Terex Corporation,"pre_market,regular,after_hours,overnight",no
RTFCUSDT,TFC,,"after_hours,regular,pre_market,overnight",no
RTFIIUSDT,TFII,TFI International Inc.,"pre_market,regular,after_hours,overnight",no
RTFINUSDT,TFIN,Triumph Financial,"pre_market,regular,after_hours,overnight",no
RTFPMUSDT,TFPM,Triple Flag Precious Metals Corp.,"pre_market,regular,after_hours,overnight",no
RTFSLUSDT,TFSL,TFS Financial Corporation,"pre_market,regular,after_hours,overnight",no
RTFXUSDT,TFX,Teleflex Incorporated,"pre_market,regular,after_hours,overnight",no
RTGBUSDT,TGB,Taseko Mines,"pre_market,regular,after_hours,overnight",no
RTGLSUSDT,TGLS,Tecnoglass Holdings,"pre_market,regular,after_hours,overnight",no
RTGSUSDT,TGS,Transportadora de Gas del Sur S.A.,"pre_market,regular,after_hours,overnight",no
RTGTUSDT,TGT,,"after_hours,regular,pre_market,overnight",no
RTGTXUSDT,TGTX,"TG Therapeutics, Inc.","pre_market,regular,after_hours,overnight",no
RTHUSDT,TH,Target Hospitality,"pre_market,regular,after_hours,overnight",no
RTHCUSDT,THC,Tenet Healthcare Corporation,"pre_market,regular,after_hours,overnight",no
RTHGUSDT,THG,"Hanover Insurance Group, Inc.","pre_market,regular,after_hours,overnight",no
RTHOUSDT,THO,Thor Industries,"pre_market,regular,after_hours,overnight",no
RTICUSDT,TIC,TIC Solutions,"pre_market,regular,after_hours,overnight",no
RTIGOUSDT,TIGO,Millicom International Cellular S.A.,"pre_market,regular,after_hours,overnight",no
RTILEUSDT,TILE,Interface,"pre_market,regular,after_hours,overnight",no
RTIMBUSDT,TIMB,TIM S.A. (Brazil),"pre_market,regular,after_hours,overnight",no
RTIPUSDT,TIP,,"after_hours,regular,pre_market,overnight",no
RTJXUSDT,TJX,,"after_hours,regular,pre_market,overnight",no
RTKCUSDT,TKC,Turkcell Iletisim Hizmetleri A.S.,"pre_market,regular,after_hours,overnight",no
RTKRUSDT,TKR,The Timken Company,"pre_market,regular,after_hours,overnight",no
RTLKUSDT,TLK,PT Telkom Indonesia (Persero) Tbk,"pre_market,regular,after_hours,overnight",no
RTLNUSDT,TLN,,"after_hours,regular,pre_market,overnight",no
RTLTUSDT,TLT,,"overnight,pre_market,regular,after_hours",yes
RTLXUSDT,TLX,Telix Pharmaceuticals,"pre_market,regular,after_hours,overnight",no
RTMUSDT,TM,,"after_hours,regular,pre_market,overnight",no
RTMCUSDT,TMC,TMC the metals,"pre_market,regular,after_hours,overnight",no
RTMDXUSDT,TMDX,TransMedics,"pre_market,regular,after_hours,overnight",no
RTMEUSDT,TME,Tencent Music Entertainment Group,"pre_market,regular,after_hours,overnight",no
RTMFUSDT,TMF,Direxion Daily 20+ Year Treasury Bull 3X Shares ETF,"pre_market,regular,after_hours,overnight",no
RTMOUSDT,TMO,,"after_hours,regular,pre_market,overnight",no
RTMPUSDT,TMP,Tompkins Financial,"pre_market,regular,after_hours,overnight",no
RTMUSUSDT,TMUS,,"after_hours,regular,pre_market,overnight",no
RTNAUSDT,TNA,,"overnight,pre_market,regular,after_hours",no
RTNETUSDT,TNET,Trinet Group,"pre_market,regular,after_hours,overnight",no
RTNGXUSDT,TNGX,"Tango Therapeutics, Inc.","pre_market,regular,after_hours,overnight",no
RTNKUSDT,TNK,Teekay Tankers,"pre_market,regular,after_hours,overnight",no
RTNLUSDT,TNL,Travel + Leisure Co.,"pre_market,regular,after_hours,overnight",no
RTOLUSDT,TOL,"Toll Brothers, Inc.","pre_market,regular,after_hours,overnight",no
RTOPUSDT,TOP,Top Financial Group,overnight,no
RTOSTUSDT,TOST,,"overnight,pre_market,regular,after_hours",no
RTOWNUSDT,TOWN,TowneBank,"pre_market,regular,after_hours,overnight",no
RTPBUSDT,TPB,Turning Point Brands,"pre_market,regular,after_hours,overnight",no
RTPGUSDT,TPG,TPG Inc.,"pre_market,regular,after_hours,overnight",no
RTPLUSDT,TPL,Texas Pacific Land Corporation,"pre_market,regular,after_hours,overnight",no
RTPRUSDT,TPR,"Tapestry, Inc.","pre_market,regular,after_hours,overnight",no
RTQQQUSDT,TQQQ,,"overnight,pre_market,regular,after_hours",yes
RTRUSDT,TR,Tootsie Roll Industries,"pre_market,regular,after_hours",no
RTREXUSDT,TREX,"Trex Company, Inc.","pre_market,regular,after_hours,overnight",no
RTRGPUSDT,TRGP,Targa Resources,"pre_market,regular,after_hours,overnight",no
RTRIUSDT,TRI,Thomson Reuters Corporation,"pre_market,regular,after_hours,overnight",no
RTRINUSDT,TRIN,Trinity Capital,"pre_market,regular,after_hours,overnight",no
RTRLVUSDT,TRLV,Trulieve Cannabis,"pre_market,regular,after_hours,overnight",no
RTRMBUSDT,TRMB,Trimble Inc.,"pre_market,regular,after_hours,overnight",no
RTRMDUSDT,TRMD,Torm,"pre_market,regular,after_hours,overnight",no
RTRMKUSDT,TRMK,Trustmark,"pre_market,regular,after_hours,overnight",no
RTRNUSDT,TRN,Trinity Industries,"pre_market,regular,after_hours,overnight",no
RTRNOUSDT,TRNO,Terreno Realty Corporation,"pre_market,regular,after_hours,overnight",no
RTROWUSDT,TROW,"T. Rowe Price Group, Inc.","pre_market,regular,after_hours,overnight",no
RTRPUSDT,TRP,TC Energy,"pre_market,regular,after_hours,overnight",no
RTRSUSDT,TRS,TriMas Corp,"pre_market,regular,after_hours,overnight",no
RTRUUSDT,TRU,TransUnion,"pre_market,regular,after_hours,overnight",no
RTRVUSDT,TRV,,"after_hours,regular,pre_market,overnight",no
RTRVIUSDT,TRVI,Trevi Therapeutics,"pre_market,regular,after_hours,overnight",no
RTSUSDT,TS,Tenaris S.A.,"pre_market,regular,after_hours,overnight",no
RTSCOUSDT,TSCO,Tractor Supply Company,"pre_market,regular,after_hours,overnight",no
RTSDDUSDT,TSDD,GraniteShares 2x Short TSLA Daily ETF,"pre_market,regular,after_hours,overnight",no
RTSEMUSDT,TSEM,,"overnight,pre_market,regular,after_hours",no
RTSHAUSDT,TSHA,Taysha Gene Therapies,"pre_market,regular,after_hours,overnight",no
RTSLAUSDT,TSLA,,"overnight,pre_market,regular,after_hours",yes
RTSLGUSDT,TSLG,Leverage Shares 2x Long TSLA Daily ETF,"pre_market,regular,after_hours,overnight",no
RTSLLUSDT,TSLL,Direxion Daily TSLA Bull 2X Shares,"pre_market,regular,after_hours,overnight",no
RTSLQUSDT,TSLQ,Tradr 2X Short TSLA Daily ETF,"pre_market,regular,after_hours,overnight",no
RTSLXUSDT,TSLX,Sixth Street Specialty Lending,"pre_market,regular,after_hours,overnight",no
RTSMUSDT,TSM,,"overnight,pre_market,regular,after_hours",yes
RTSMXUSDT,TSMX,Direxion Daily TSM Bull 2X Shares,"pre_market,regular,after_hours,overnight",no
RTSNUSDT,TSN,Tyson Foods,"pre_market,regular,after_hours,overnight",no
RTTUSDT,TT,,"after_hours,regular,pre_market,overnight",no
RTTAMUSDT,TTAM,Titan America,"pre_market,regular,after_hours,overnight",no
RTTANUSDT,TTAN,"ServiceTitan, Inc.","pre_market,regular,after_hours,overnight",no
RTTCUSDT,TTC,The Toro Company,"pre_market,regular,after_hours,overnight",no
RTTDUSDT,TTD,,"overnight,pre_market,regular,after_hours",no
RTTEKUSDT,TTEK,"Tetra Tech, Inc.","pre_market,regular,after_hours,overnight",no
RTTMIUSDT,TTMI,TTM Technologies,"pre_market,regular,after_hours,overnight",no
RTTWOUSDT,TTWO,,"after_hours,regular,pre_market,overnight",yes
RTUUSDT,TU,TELUS Corporation,"pre_market,regular,after_hours,overnight",no
RTVUSDT,TV,Grupo Televisa,"pre_market,regular,after_hours,overnight",no
RTVTXUSDT,TVTX,"Travere Therapeutics, Inc.","pre_market,regular,after_hours,overnight",no
RTWUSDT,TW,Tradeweb Markets Inc.,"pre_market,regular,after_hours,overnight",no
RTWFGUSDT,TWFG,"TWFG, Inc.","pre_market,regular,after_hours",no
RTWLOUSDT,TWLO,,"overnight,pre_market,regular,after_hours",no
RTWSTUSDT,TWST,Twist Bioscience Corporation,"pre_market,regular,after_hours,overnight",no
RTXGUSDT,TXG,"10x Genomics, Inc.","pre_market,regular,after_hours,overnight",no
RTXNUSDT,TXN,,"overnight,pre_market,regular,after_hours",no
RTXNMUSDT,TXNM,"TXNM Energy, Inc.","pre_market,regular,after_hours,overnight",no
RTXRHUSDT,TXRH,"Texas Roadhouse, Inc.","pre_market,regular,after_hours,overnight",no
RTXTUSDT,TXT,Textron Inc.,"pre_market,regular,after_hours,overnight",no
RTYLUSDT,TYL,"Tyler Technologies, Inc.","pre_market,regular,after_hours,overnight",no
RTZAUSDT,TZA,,"overnight,pre_market,regular,after_hours",no
RUUSDT,U,,"overnight,pre_market,regular,after_hours",no
RUAUSDT,UA,Under Armour-C,"pre_market,regular,after_hours,overnight",no
RUAAUSDT,UAA,Under Armour-A,"pre_market,regular,after_hours,overnight",no
RUALUSDT,UAL,,"overnight,pre_market,regular,after_hours",no
RUBERUSDT,UBER,,"overnight,pre_market,regular,after_hours",no
RUBSIUSDT,UBSI,"United Bankshares, Inc.","pre_market,regular,after_hours,overnight",no
RUCBUSDT,UCB,"United Community Banks, Inc.","pre_market,regular,after_hours,overnight",no
RUCTTUSDT,UCTT,"Ultra Clean Holdings, Inc.","pre_market,regular,after_hours,overnight",no
RUDOWUSDT,UDOW,ProShares UltraPro Dow30 ETF,"pre_market,regular,after_hours,overnight",no
RUDRUSDT,UDR,"UDR, Inc.","pre_market,regular,after_hours,overnight",no
RUEUSDT,UE,Urban Edge Properties,"pre_market,regular,after_hours,overnight",no
RUECUSDT,UEC,,"overnight,pre_market,regular,after_hours",no
RUFCSUSDT,UFCS,United Fire Group,"pre_market,regular,after_hours,overnight",no
RUFPIUSDT,UFPI,"UFP Industries, Inc.","pre_market,regular,after_hours,overnight",no
RUFPTUSDT,UFPT,UFP Technologies,"pre_market,regular,after_hours,overnight",no
RUGIUSDT,UGI,UGI Corporation,"pre_market,regular,after_hours,overnight",no
RUGPUSDT,UGP,Ultrapar Participações S.A.,"pre_market,regular,after_hours,overnight",no
RUHALUSDT,UHAL,AMERCO / U-Haul Holding Company,"pre_market,regular,after_hours,overnight",no
RUHSUSDT,UHS,"Universal Health Services, Inc.","pre_market,regular,after_hours,overnight",no
RUIUSDT,UI,Ubiquiti Inc,"pre_market,regular,after_hours,overnight",no
RULUSDT,UL,,"pre_market,regular,after_hours,overnight",no
RULSUSDT,ULS,UL Solutions Inc.,"pre_market,regular,after_hours,overnight",no
RULTAUSDT,ULTA,Ulta Beauty,"pre_market,regular,after_hours,overnight",no
RUMBFUSDT,UMBF,UMB Financial Corporation,"pre_market,regular,after_hours,overnight",no
RUMCUSDT,UMC,,"overnight,pre_market,regular,after_hours",no
RUNFUSDT,UNF,UniFirst Corporation,"pre_market,regular,after_hours,overnight",no
RUNFIUSDT,UNFI,United Natural Foods,"pre_market,regular,after_hours,overnight",no
RUNGUSDT,UNG,,"overnight,pre_market,regular,after_hours",no
RUNHUSDT,UNH,,"overnight,pre_market,regular,after_hours",no
RUNITUSDT,UNIT,Uniti Group Inc,"pre_market,regular,after_hours,overnight",no
RUNMUSDT,UNM,Unum Group,"pre_market,regular,after_hours,overnight",no
RUPROUSDT,UPRO,,"overnight,pre_market,regular,after_hours",no
RUPSUSDT,UPS,,"after_hours,regular,pre_market,overnight",no
RUPSTUSDT,UPST,Upstart,"pre_market,regular,after_hours,overnight",no
RURAUSDT,URA,,"overnight,pre_market,regular,after_hours",no
RURBNUSDT,URBN,"Urban Outfitters, Inc.","pre_market,regular,after_hours,overnight",no
RURGNUSDT,URGN,UroGen Pharma Ltd,"pre_market,regular,after_hours,overnight",no
RURIUSDT,URI,,"after_hours,regular,pre_market,overnight",no
RURNMUSDT,URNM,,"after_hours,regular,pre_market,overnight",no
RUROYUSDT,UROY,Uranium Royalty,"pre_market,regular,after_hours,overnight",no
RUSACUSDT,USAC,USA Compression,"pre_market,regular,after_hours",no
RUSARUSDT,USAR,,"regular,pre_market,after_hours,overnight",no
RUSASUSDT,USAS,Americas Gold And Silver,"pre_market,regular,after_hours,overnight",no
RUSBUSDT,USB,,"after_hours,regular,pre_market,overnight",no
RUSFDUSDT,USFD,US Foods Holding,"pre_market,regular,after_hours,overnight",no
RUSFRUSDT,USFR,,"after_hours,regular,pre_market,overnight",no
RUSHYUSDT,USHY,Ishares Broad Usd High Yield Corporate Bond Etf,"pre_market,regular,after_hours,overnight",no
RUSIGUSDT,USIG,Ishares Broad Usd Investment Grade Corporate Bond Etf,"pre_market,regular,after_hours,overnight",no
RUSLMUSDT,USLM,United States Lime & Minerals,"pre_market,regular,after_hours,overnight",no
RUSMVUSDT,USMV,iShares MSCI Min Vol USA ETF,"pre_market,regular,after_hours,overnight",no
RUSOUSDT,USO,,"overnight,pre_market,regular,after_hours",yes
RUTHRUSDT,UTHR,United Therapeutics,"pre_market,regular,after_hours,overnight",no
RUTZUSDT,UTZ,Utz Brands,"pre_market,regular,after_hours,overnight",no
RUUUUUSDT,UUUU,Energy Fuels,"pre_market,regular,after_hours,overnight",no
RUVXYUSDT,UVXY,,"overnight,pre_market,regular,after_hours",no
RUWMCUSDT,UWMC,UWM Holdings,"pre_market,regular,after_hours,overnight",no
RVUSDT,V,,"overnight,pre_market,regular,after_hours",no
RVACUSDT,VAC,Marriott Vacations Worldwide,"pre_market,regular,after_hours,overnight",no
RVALUSDT,VAL,Valaris Limited,"pre_market,regular,after_hours,overnight",no
RVALEUSDT,VALE,,"after_hours,regular,pre_market,overnight",no
RVBUSDT,VB,Vanguard Small-Cap ETF,"pre_market,regular,after_hours,overnight",no
RVBILUSDT,VBIL,Vanguard 0-3 Month Treasury Bill ETF,"pre_market,regular,after_hours,overnight",no
RVCUSDT,VC,Visteon,"pre_market,regular,after_hours,overnight",no
RVCELUSDT,VCEL,Vericel,"pre_market,regular,after_hours,overnight",no
RVCITUSDT,VCIT,Vanguard Intermediate-Term Corporate Bond ETF,"pre_market,regular,after_hours,overnight",no
RVCLTUSDT,VCLT,Vanguard Long-Term Corporate Bond ETF,"pre_market,regular,after_hours,overnight",no
RVCSHUSDT,VCSH,Vanguard Short-Term Corporate Bond ETF,"pre_market,regular,after_hours,overnight",no
RVCTRUSDT,VCTR,"Victory Capital Holdings, Inc.","pre_market,regular,after_hours,overnight",no
RVCYTUSDT,VCYT,"Veracyte, Inc.","pre_market,regular,after_hours,overnight",no
RVDEUSDT,VDE,Vanguard Energy Index Fund ETF,"pre_market,regular,after_hours,overnight",no
RVEAUSDT,VEA,Vanguard FTSE Developed Markets ETF,"pre_market,regular,after_hours,overnight",no
RVECOUSDT,VECO,Veeco Instruments,"pre_market,regular,after_hours,overnight",no
RVEEVUSDT,VEEV,,"after_hours,regular,pre_market,overnight",no
RVERAUSDT,VERA,Vera Therapeutics,"pre_market,regular,after_hours,overnight",no
RVERXUSDT,VERX,Vertex,"pre_market,regular,after_hours,overnight",no
RVETUSDT,VET,Vermilion Energy,"pre_market,regular,after_hours,overnight",no
RVEUUSDT,VEU,Vanguard FTSE All-World ex-US ETF,"pre_market,regular,after_hours,overnight",no
RVFCUSDT,VFC,V.F. Corporation,"pre_market,regular,after_hours,overnight",no
RVFHUSDT,VFH,Vanguard Financials ETF,"pre_market,regular,after_hours,overnight",no
RVFSUSDT,VFS,,"overnight,pre_market,regular,after_hours",no
RVGUSDT,VG,Venture Global LNG Inc,"pre_market,regular,after_hours,overnight",no
RVGITUSDT,VGIT,Vanguard Intermediate-Term Treasury ETF,"pre_market,regular,after_hours,overnight",no
RVGKUSDT,VGK,Vanguard FTSE Europe ETF,"pre_market,regular,after_hours,overnight",no
RVGLTUSDT,VGLT,Vanguard Long-Term Treasury ETF,"pre_market,regular,after_hours,overnight",no
RVGNTUSDT,VGNT,VERSIGENT PLC,"pre_market,regular,after_hours,overnight",no
RVGSHUSDT,VGSH,Vanguard Short-Term Treasury ETF,"pre_market,regular,after_hours,overnight",no
RVGTUSDT,VGT,,"after_hours,regular,pre_market,overnight",no
RVIAUSDT,VIA,Via Transportation,"pre_market,regular,after_hours,overnight",no
RVIAVUSDT,VIAV,Viavi Solutions Inc.,"pre_market,regular,after_hours,overnight",no
RVICIUSDT,VICI,VICI Properties,"pre_market,regular,after_hours,overnight",no
RVICRUSDT,VICR,Vicor Corporation,"pre_market,regular,after_hours,overnight",no
RVIGUSDT,VIG,Vanguard Dividend Appreciation ETF,"pre_market,regular,after_hours,overnight",no
RVIPSUSDT,VIPS,VIPshop Holdings Limited (ADR),"pre_market,regular,after_hours,overnight",no
RVIRUSDT,VIR,Vir Biotechnology,"pre_market,regular,after_hours,overnight",no
RVIRTUSDT,VIRT,"Virtu Financial, Inc.","pre_market,regular,after_hours",no
RVISNUSDT,VISN,Vistance Networks,"pre_market,regular,after_hours,overnight",no
RVISTUSDT,VIST,"Vista Energy, S.A.B. de C.V.","pre_market,regular,after_hours,overnight",no
RVIVUSDT,VIV,Telefonica Brasil S.A.,"pre_market,regular,after_hours,overnight",no
RVKTXUSDT,VKTX,"Viking Therapeutics, Inc.","pre_market,regular,after_hours,overnight",no
RVLOUSDT,VLO,,"after_hours,regular,pre_market,overnight",no
RVLTOUSDT,VLTO,Verint Systems Inc.,"pre_market,regular,after_hours,overnight",no
RVLUEUSDT,VLUE,iShares MSCI USA Value Factor ETF,"pre_market,regular,after_hours,overnight",no
RVLYUSDT,VLY,Valley National Bancorp,"pre_market,regular,after_hours,overnight",no
RVMCUSDT,VMC,,"overnight,pre_market,regular,after_hours",no
RVMIUSDT,VMI,"Valmont Industries, Inc.","pre_market,regular,after_hours,overnight",no
RVNETUSDT,VNET,21Vianet,"pre_market,regular,after_hours,overnight",no
RVNOUSDT,VNO,Vornado Realty Trust,"pre_market,regular,after_hours,overnight",no
RVNOMUSDT,VNOM,"Viper Energy, Inc.","pre_market,regular,after_hours,overnight",no
RVNQUSDT,VNQ,,"after_hours,regular,pre_market,overnight",no
RVNTUSDT,VNT,Vontier,"pre_market,regular,after_hours,overnight",no
RVOUSDT,VO,Vanguard Mid-Cap ETF,"pre_market,regular,after_hours,overnight",no
RVODUSDT,VOD,Vodafone Group PLC,"pre_market,regular,after_hours,overnight",no
RVONGUSDT,VONG,Vanguard Russell 1000 Growth ETF,"pre_market,regular,after_hours,overnight",no
RVOOUSDT,VOO,,"after_hours,regular,pre_market,overnight",yes
RVOOGUSDT,VOOG,Vanguard S&P 500 Growth ETF,"pre_market,regular,after_hours,overnight",no
RVOTUSDT,VOT,Vanguard Mid-Cap Growth ETF,"pre_market,regular,after_hours,overnight",no
RVOYAUSDT,VOYA,"Voya Financial, Inc.","pre_market,regular,after_hours,overnight",no
RVOYGUSDT,VOYG,Voyager Technologies,"pre_market,regular,after_hours,overnight",no
RVPGUSDT,VPG,,"after_hours,regular,pre_market,overnight",no
RVRDNUSDT,VRDN,Viridian Therapeutics,"pre_market,regular,after_hours,overnight",no
RVRNSUSDT,VRNS,"Varonis Systems, Inc.","pre_market,regular,after_hours,overnight",no
RVRSKUSDT,VRSK,Verisk Analytics,"pre_market,regular,after_hours,overnight",no
RVRSNUSDT,VRSN,VeriSign,"pre_market,regular,after_hours,overnight",no
RVRTUSDT,VRT,,"overnight,pre_market,regular,after_hours",yes
RVRTXUSDT,VRTX,,"after_hours,regular,pre_market,overnight",no
RVSATUSDT,VSAT,"Viasat, Inc.","pre_market,regular,after_hours,overnight",no
RVSECUSDT,VSEC,VSE Corporation,"pre_market,regular,after_hours,overnight",no
RVSHUSDT,VSH,"Vishay Intertechnology, Inc.","pre_market,regular,after_hours,overnight",no
RVSNTUSDT,VSNT,Versant Health / Versant Media,"pre_market,regular,after_hours,overnight",no
RVSTUSDT,VST,,"overnight,pre_market,regular,after_hours",no
RVSTSUSDT,VSTS,Vestis,"pre_market,regular,after_hours,overnight",no
RVSXYUSDT,VSXY,,"after_hours,regular,pre_market,overnight",no
RVTUSDT,VT,Vanguard Total World Stock ETF,"pre_market,regular,after_hours,overnight",no
RVTEBUSDT,VTEB,Vanguard Tax-Exempt Bond Etf,"pre_market,regular,after_hours,overnight",no
RVTIUSDT,VTI,,"after_hours,regular,pre_market,overnight",no
RVTIPUSDT,VTIP,Vanguard Short-Term Inflation-Protected Securities ETF,"pre_market,regular,after_hours,overnight",no
RVTMXUSDT,VTMX,Vesta Real Estate,"pre_market,regular,after_hours,overnight",no
RVTRSUSDT,VTRS,Viatris Inc.,"pre_market,regular,after_hours,overnight",no
RVTVUSDT,VTV,,"after_hours,regular,pre_market,overnight",no
RVTWOUSDT,VTWO,Vanguard Russell 2000 ETF,"pre_market,regular,after_hours,overnight",no
RVUGUSDT,VUG,Vanguard Growth ETF,"pre_market,regular,after_hours,overnight",no
RVVVUSDT,VVV,Valvoline Inc.,"pre_market,regular,after_hours,overnight",no
RVVXUSDT,VVX,V2X,"pre_market,regular,after_hours,overnight",no
RVWOUSDT,VWO,Vanguard FTSE Emerging Markets ETF,"pre_market,regular,after_hours,overnight",no
RVXUSUSDT,VXUS,,"after_hours,regular,pre_market,overnight",no
RVXXUSDT,VXX,iPath Series B S&P 500 VIX Short-Term Futures ETN,"pre_market,regular,after_hours,overnight",no
RVYMUSDT,VYM,Vanguard High Dividend Yield ETF,"pre_market,regular,after_hours,overnight",no
RVYMIUSDT,VYMI,Vanguard International High Dividend Yield Etf,"pre_market,regular,after_hours,overnight",no
RVZUSDT,VZ,,"after_hours,regular,pre_market,overnight",no
RVZLAUSDT,VZLA,Vizsla Silver,"pre_market,regular,after_hours,overnight",no
RWUSDT,W,Wayfair Inc.,"pre_market,regular,after_hours,overnight",no
RWABUSDT,WAB,Westinghouse Air Brake Technologies (Wabtec),"pre_market,regular,after_hours,overnight",no
RWAFDUSDT,WAFD,WaFd,"pre_market,regular,after_hours,overnight",no
RWALUSDT,WAL,Western Alliance Bancorporation,"pre_market,regular,after_hours,overnight",no
RWATUSDT,WAT,,"overnight,pre_market,regular,after_hours",no
RWAYUSDT,WAY,Waystar Holding Corp.,"pre_market,regular,after_hours,overnight",no
RWBUSDT,WB,Weibo,"pre_market,regular,after_hours,overnight",no
RWBDUSDT,WBD,,"after_hours,regular,pre_market,overnight",no
RWBIUSDT,WBI,WaterBridge Infrastructure,"pre_market,regular,after_hours,overnight",no
RWBTNUSDT,WBTN,WEBTOON Entertainment,"pre_market,regular,after_hours,overnight",no
RWCCUSDT,WCC,"WESCO International, Inc.","pre_market,regular,after_hours,overnight",no
RWCNUSDT,WCN,,"overnight,pre_market,regular,after_hours",no
RWDUSDT,WD,Walker & Dunlop,"pre_market,regular,after_hours,overnight",no
RWDAYUSDT,WDAY,,"overnight,pre_market,regular,after_hours",no
RWDCUSDT,WDC,,"overnight,pre_market,regular,after_hours",yes
RWDFCUSDT,WDFC,WD-40,"pre_market,regular,after_hours,overnight",no
RWDSUSDT,WDS,Woodside Energy Group Ltd,"pre_market,regular,after_hours,overnight",no
RWECUSDT,WEC,"WEC Energy Group, Inc.","pre_market,regular,after_hours,overnight",no
RWELLUSDT,WELL,,"after_hours,regular,pre_market,overnight",no
RWENUSDT,WEN,The Wendy's Co,"pre_market,regular,after_hours,overnight",no
RWERNUSDT,WERN,Werner Enterprises,"pre_market,regular,after_hours,overnight",no
RWESUSDT,WES,Western Midstream,"pre_market,regular,after_hours",no
RWEXUSDT,WEX,WEX Inc.,"pre_market,regular,after_hours,overnight",no
RWFUSDT,WF,Woori Financial Group Inc.,"pre_market,regular,after_hours,overnight",no
RWFCUSDT,WFC,,"overnight,pre_market,regular,after_hours",no
RWFGUSDT,WFG,West Fraser Timber Co. Ltd.,"pre_market,regular,after_hours,overnight",no
RWFRDUSDT,WFRD,Weatherford International plc,"pre_market,regular,after_hours,overnight",no
RWGSUSDT,WGS,GeneDx Holdings,"pre_market,regular,after_hours,overnight",no
RWHUSDT,WH,"Wyndham Hotels & Resorts, Inc.","pre_market,regular,after_hours,overnight",no
RWHDUSDT,WHD,"Cactus, Inc.","pre_market,regular,after_hours,overnight",no
RWHRUSDT,WHR,Whirlpool,"pre_market,regular,after_hours,overnight",no
RWINGUSDT,WING,Wingstop,"pre_market,regular,after_hours,overnight",no
RWITUSDT,WIT,Wipro Limited,"pre_market,regular,after_hours,overnight",no
RWIXUSDT,WIX,Wix.com,"pre_market,regular,after_hours,overnight",no
RWKUSDT,WK,Workiva,"pre_market,regular,after_hours,overnight",no
RWKCUSDT,WKC,World Kinect,"pre_market,regular,after_hours,overnight",no
RWLKUSDT,WLK,Westlake Corporation,"pre_market,regular,after_hours,overnight",no
RWLTHUSDT,WLTH,Wealthfront,"pre_market,regular,after_hours,overnight",no
RWLYUSDT,WLY,John Wiley & Sons-A,"pre_market,regular,after_hours,overnight",no
RWLYBUSDT,WLYB,John Wiley & Sons-B,"pre_market,regular,after_hours",no
RWMUSDT,WM,,"after_hours,regular,pre_market,overnight",no
RWMBUSDT,WMB,,"after_hours,regular,pre_market,overnight",no
RWMGUSDT,WMG,Warner Music Group Corp.,"pre_market,regular,after_hours,overnight",no
RWMKUSDT,WMK,Weis Markets,"pre_market,regular,after_hours,overnight",no
RWMTUSDT,WMT,,"after_hours,regular,pre_market,overnight",no
RWOLFUSDT,WOLF,Wolfspeed,"pre_market,regular,after_hours,overnight",no
RWORUSDT,WOR,Worthington Enterprises,"pre_market,regular,after_hours,overnight",no
RWPCUSDT,WPC,W. P. Carey Inc.,"pre_market,regular,after_hours,overnight",no
RWPMUSDT,WPM,,"after_hours,regular,pre_market,overnight",no
RWRBUSDT,WRB,W. R. Berkley Corporation,"pre_market,regular,after_hours,overnight",no
RWRBYUSDT,WRBY,Warby Parker,"pre_market,regular,after_hours,overnight",no
RWRDUSDT,WRD,WeRide,"pre_market,regular,after_hours,overnight",no
RWSUSDT,WS,Worthington Steel,"pre_market,regular,after_hours,overnight",no
RWSBCUSDT,WSBC,Wesbanco,"pre_market,regular,after_hours,overnight",no
RWSCUSDT,WSC,WillScot Holdings Corporation,"pre_market,regular,after_hours,overnight",no
RWSEUSDT,WSE,Wise plc,"pre_market,regular,after_hours,overnight",no
RWSFSUSDT,WSFS,WSFS Financial,"pre_market,regular,after_hours,overnight",no
RWSMUSDT,WSM,"Williams-Sonoma, Inc.","pre_market,regular,after_hours,overnight",no
RWSOUSDT,WSO,"Watsco, Inc.","pre_market,regular,after_hours,overnight",no
RWSTUSDT,WST,"West Pharmaceutical Services, Inc.","pre_market,regular,after_hours,overnight",no
RWTUSDT,WT,WisdomTree,"pre_market,regular,after_hours,overnight",no
RWTFCUSDT,WTFC,Wintrust Financial Corporation,"pre_market,regular,after_hours,overnight",no
RWTMUSDT,WTM,"White Mountains Insurance Group, Ltd.","pre_market,regular,after_hours,overnight",no
RWTRGUSDT,WTRG,"Essential Utilities, Inc.","pre_market,regular,after_hours,overnight",no
RWTSUSDT,WTS,"Watts Water Technologies, Inc.","pre_market,regular,after_hours,overnight",no
RWTTRUSDT,WTTR,Select Water Solutions,"pre_market,regular,after_hours,overnight",no
RWTWUSDT,WTW,Willis Towers Watson plc,"pre_market,regular,after_hours,overnight",no
RWUUSDT,WU,The Western Union,"pre_market,regular,after_hours,overnight",no
RWULFUSDT,WULF,,"overnight,pre_market,regular,after_hours",no
RWWDUSDT,WWD,Woodward,"pre_market,regular,after_hours,overnight",no
RWWWUSDT,WWW,Wolverine World Wide,"pre_market,regular,after_hours,overnight",no
RWYUSDT,WY,Weyerhaeuser Company,"pre_market,regular,after_hours,overnight",no
RWYNNUSDT,WYNN,"Wynn Resorts, Limited","pre_market,regular,after_hours,overnight",no
RXBIUSDT,XBI,,"overnight,pre_market,regular,after_hours",no
RXEUSDT,XE,X-energy / Xe (or X-Energy Reactor),"pre_market,regular,after_hours,overnight",no
RXELUSDT,XEL,,"after_hours,regular,pre_market,overnight",no
RXENEUSDT,XENE,Xenon Pharmaceuticals Inc.,"pre_market,regular,after_hours,overnight",no
RXHBUSDT,XHB,SPDR S&P Homebuilders ETF,"pre_market,regular,after_hours,overnight",no
RXHRUSDT,XHR,Xenia Hotels & Resorts Inc,"pre_market,regular,after_hours,overnight",no
RXLBUSDT,XLB,Materials Select Sector SPDR ETF,"pre_market,regular,after_hours,overnight",no
RXLCUSDT,XLC,The Communication Services Select Sector SPDR® Fund,"pre_market,regular,after_hours,overnight",no
RXLEUSDT,XLE,Energy Select Sector SPDR Fund,"pre_market,regular,after_hours,overnight",no
RXLFUSDT,XLF,Financial Select Sector SPDR Fund,"pre_market,regular,after_hours,overnight",no
RXLIUSDT,XLI,Industrial Select Sector SPDR Fund,"pre_market,regular,after_hours,overnight",no
RXLKUSDT,XLK,,"after_hours,regular,pre_market,overnight",no
RXLPUSDT,XLP,Consumer Staples Select Sector SPDR Fund,"pre_market,regular,after_hours,overnight",no
RXLREUSDT,XLRE,Real Estate Select Sector Spdr Fund (The),"pre_market,regular,after_hours,overnight",no
RXLUUSDT,XLU,,"after_hours,regular,pre_market,overnight",no
RXLVUSDT,XLV,,"overnight,pre_market,regular,after_hours",no
RXLYUSDT,XLY,Consumer Discretionary Select Sector SPDR Fund,"pre_market,regular,after_hours,overnight",no
RXMEUSDT,XME,SPDR S&P Metals & Mining ETF,"pre_market,regular,after_hours,overnight",no
RXMTRUSDT,XMTR,"Xometry, Inc.","pre_market,regular,after_hours,overnight",no
RXNCRUSDT,XNCR,Xencor,"pre_market,regular,after_hours,overnight",no
RXOMUSDT,XOM,,"regular,pre_market,after_hours,overnight",no
RXOPUSDT,XOP,SPDR S&P Oil & Gas Exploration & Production ETF,"pre_market,regular,after_hours,overnight",no
RXPUSDT,XP,XP Inc.,"pre_market,regular,after_hours,overnight",no
RXPEVUSDT,XPEV,XPeng Inc.,"pre_market,regular,after_hours,overnight",no
RXPOUSDT,XPO,"XPO, Inc.","pre_market,regular,after_hours,overnight",no
RXPROUSDT,XPRO,Expro Group,"pre_market,regular,after_hours,overnight",no
RXRAYUSDT,XRAY,Dentsply Sirona,"pre_market,regular,after_hours,overnight",no
RXRTUSDT,XRT,SPDR S&P Retail ETF,"pre_market,regular,after_hours,overnight",no
RXXIUSDT,XXI,Twenty One Capital,"pre_market,regular,after_hours,overnight",no
RXYLUSDT,XYL,Xylem Inc.,"pre_market,regular,after_hours,overnight",no
RXYZUSDT,XYZ,,"overnight,pre_market,regular,after_hours",no
RXZOUSDT,XZO,Exzeo Group,"pre_market,regular,after_hours,overnight",no
RYANGUSDT,YANG,,"overnight,pre_market,regular,after_hours",no
RYETIUSDT,YETI,YETI Holdings,"pre_market,regular,after_hours,overnight",no
RYINNUSDT,YINN,,"pre_market,regular,after_hours,overnight",no
RYMMUSDT,YMM,Full Truck Alliance Co. Ltd. (ADM),"pre_market,regular,after_hours,overnight",no
RYOUUSDT,YOU,"Clear Secure, Inc.","pre_market,regular,after_hours,overnight",no
RYPFUSDT,YPF,YPF Sociedad Anónima,"pre_market,regular,after_hours,overnight",no
RYSWYUSDT,YSWY,Yesway,"pre_market,regular,after_hours",no
RYUMUSDT,YUM,,"overnight,pre_market,regular,after_hours",no
RYUMCUSDT,YUMC,"Yum China Holdings, Inc.","pre_market,regular,after_hours,overnight",no
RZUSDT,Z,"Zillow Group, Inc. (Class C)","pre_market,regular,after_hours,overnight",no
RZBHUSDT,ZBH,"Zimmer Biomet Holdings, Inc.","pre_market,regular,after_hours,overnight",no
RZBIOUSDT,ZBIO,Zenas BioPharma,"pre_market,regular,after_hours,overnight",no
RZBRAUSDT,ZBRA,Zebra Technologies Corporation,"pre_market,regular,after_hours,overnight",no
RZDUSDT,ZD,Ziff Davis,"pre_market,regular,after_hours,overnight",no
RZETAUSDT,ZETA,Zeta Global Holdings Corp.,"pre_market,regular,after_hours,overnight",no
RZGUSDT,ZG,"Zillow Group, Inc. (Class A)","pre_market,regular,after_hours,overnight",no
RZGNUSDT,ZGN,Ermenegildo Zegna N.V.,"pre_market,regular,after_hours,overnight",no
RZIMUSDT,ZIM,ZIM Integrated Shipping,"pre_market,regular,after_hours,overnight",no
RZIONUSDT,ZION,"Zions Bancorporation, N.A.","pre_market,regular,after_hours,overnight",no
RZLABUSDT,ZLAB,Zai Lab,"pre_market,regular,after_hours,overnight",no
RZMUSDT,ZM,,"overnight,pre_market,regular,after_hours",no
RZSUSDT,ZS,,"after_hours,regular,pre_market,overnight",no
RZTOUSDT,ZTO,ZTO Express (Cayman) Inc.,"pre_market,regular,after_hours,overnight",no
RZTSUSDT,ZTS,,"overnight,pre_market,regular,after_hours",no
RZWSUSDT,ZWS,Zurn Elkay Water Solutions Corporation,"pre_market,regular,after_hours,overnight",no
RZYMEUSDT,ZYME,Zymeworks,"pre_market,regular,after_hours,overnight",no
