datetime_utc,open,high,low,close,volume,bars_15m,valid_hour,datetime_et,session
2026-07-02 08:00:00+00:00,422.72,424.6849,421.55,423.8925,0,4,True,2026-07-02 04:00:00-04:00,Pre-Market
2026-07-02 09:00:00+00:00,423.894,430.45,423.5312,428.27,0,4,True,2026-07-02 05:00:00-04:00,Pre-Market
2026-07-02 10:00:00+00:00,428.27,429.3965,426.1,428.695,0,4,True,2026-07-02 06:00:00-04:00,Pre-Market
2026-07-02 11:00:00+00:00,428.54,428.9,384.98,427.195,0,4,True,2026-07-02 07:00:00-04:00,Pre-Market
2026-07-02 12:00:00+00:00,427.063,431.6488,426.9,429.7388,0,4,True,2026-07-02 08:00:00-04:00,Pre-Market
2026-07-02 13:00:00+00:00,429.7589,437.96,410.7999877929688,413.0133056640625,12251694,4,True,2026-07-02 09:00:00-04:00,Transition
2026-07-02 14:00:00+00:00,413.1499938964844,414.30999755859375,395.3800048828125,397.8250122070313,16990323,4,True,2026-07-02 10:00:00-04:00,Regular
2026-07-02 15:00:00+00:00,397.78021240234375,400.7999877929688,394.25,398.4200134277344,9367008,4,True,2026-07-02 11:00:00-04:00,Regular
2026-07-02 16:00:00+00:00,398.4800109863281,398.6900024414063,390.2799987792969,390.8200073242188,7826631,4,True,2026-07-02 12:00:00-04:00,Regular
2026-07-02 17:00:00+00:00,390.8254089355469,392.2000122070313,389.8900146484375,391.3399963378906,5935624,4,True,2026-07-02 13:00:00-04:00,Regular
2026-07-02 18:00:00+00:00,391.4100036621094,394.4500122070313,390.9800109863281,392.1899108886719,5576545,4,True,2026-07-02 14:00:00-04:00,Regular
2026-07-02 19:00:00+00:00,392.2000122070313,394.1900024414063,389.3010864257813,392.8200073242188,8454342,4,True,2026-07-02 15:00:00-04:00,Regular
2026-07-02 20:00:00+00:00,393.45,393.88,392.07,393.5,0,4,True,2026-07-02 16:00:00-04:00,After-Hours
2026-07-02 21:00:00+00:00,393.47,393.75,393.17,393.35,0,4,True,2026-07-02 17:00:00-04:00,After-Hours
2026-07-02 22:00:00+00:00,393.3498,394.87,393.03,394.49,0,4,True,2026-07-02 18:00:00-04:00,After-Hours
2026-07-02 23:00:00+00:00,394.47,394.6,393.69,394.399,0,4,True,2026-07-02 19:00:00-04:00,After-Hours
2026-07-03 00:00:00+00:00,,,,,0,0,False,2026-07-02 20:00:00-04:00,Closed
2026-07-03 01:00:00+00:00,,,,,0,0,False,2026-07-02 21:00:00-04:00,Closed
2026-07-03 02:00:00+00:00,,,,,0,0,False,2026-07-02 22:00:00-04:00,Closed
2026-07-03 03:00:00+00:00,,,,,0,0,False,2026-07-02 23:00:00-04:00,Closed
2026-07-03 04:00:00+00:00,,,,,0,0,False,2026-07-03 00:00:00-04:00,Closed
2026-07-03 05:00:00+00:00,,,,,0,0,False,2026-07-03 01:00:00-04:00,Closed
2026-07-03 06:00:00+00:00,,,,,0,0,False,2026-07-03 02:00:00-04:00,Closed
2026-07-03 07:00:00+00:00,,,,,0,0,False,2026-07-03 03:00:00-04:00,Closed
2026-07-03 08:00:00+00:00,,,,,0,0,False,2026-07-03 04:00:00-04:00,Pre-Market
2026-07-03 09:00:00+00:00,,,,,0,0,False,2026-07-03 05:00:00-04:00,Pre-Market
2026-07-03 10:00:00+00:00,,,,,0,0,False,2026-07-03 06:00:00-04:00,Pre-Market
2026-07-03 11:00:00+00:00,,,,,0,0,False,2026-07-03 07:00:00-04:00,Pre-Market
2026-07-03 12:00:00+00:00,,,,,0,0,False,2026-07-03 08:00:00-04:00,Pre-Market
2026-07-03 13:00:00+00:00,,,,,0,0,False,2026-07-03 09:00:00-04:00,Transition
2026-07-03 14:00:00+00:00,,,,,0,0,False,2026-07-03 10:00:00-04:00,Regular
2026-07-03 15:00:00+00:00,,,,,0,0,False,2026-07-03 11:00:00-04:00,Regular
2026-07-03 16:00:00+00:00,,,,,0,0,False,2026-07-03 12:00:00-04:00,Regular
2026-07-03 17:00:00+00:00,,,,,0,0,False,2026-07-03 13:00:00-04:00,Regular
2026-07-03 18:00:00+00:00,,,,,0,0,False,2026-07-03 14:00:00-04:00,Regular
2026-07-03 19:00:00+00:00,,,,,0,0,False,2026-07-03 15:00:00-04:00,Regular
2026-07-03 20:00:00+00:00,,,,,0,0,False,2026-07-03 16:00:00-04:00,After-Hours
2026-07-03 21:00:00+00:00,,,,,0,0,False,2026-07-03 17:00:00-04:00,After-Hours
2026-07-03 22:00:00+00:00,,,,,0,0,False,2026-07-03 18:00:00-04:00,After-Hours
2026-07-03 23:00:00+00:00,,,,,0,0,False,2026-07-03 19:00:00-04:00,After-Hours
2026-07-04 00:00:00+00:00,,,,,0,0,False,2026-07-03 20:00:00-04:00,Closed
2026-07-04 01:00:00+00:00,,,,,0,0,False,2026-07-03 21:00:00-04:00,Closed
2026-07-04 02:00:00+00:00,,,,,0,0,False,2026-07-03 22:00:00-04:00,Closed
2026-07-04 03:00:00+00:00,,,,,0,0,False,2026-07-03 23:00:00-04:00,Closed
2026-07-04 04:00:00+00:00,,,,,0,0,False,2026-07-04 00:00:00-04:00,Weekend
2026-07-04 05:00:00+00:00,,,,,0,0,False,2026-07-04 01:00:00-04:00,Weekend
2026-07-04 06:00:00+00:00,,,,,0,0,False,2026-07-04 02:00:00-04:00,Weekend
2026-07-04 07:00:00+00:00,,,,,0,0,False,2026-07-04 03:00:00-04:00,Weekend
2026-07-04 08:00:00+00:00,,,,,0,0,False,2026-07-04 04:00:00-04:00,Weekend
2026-07-04 09:00:00+00:00,,,,,0,0,False,2026-07-04 05:00:00-04:00,Weekend
2026-07-04 10:00:00+00:00,,,,,0,0,False,2026-07-04 06:00:00-04:00,Weekend
2026-07-04 11:00:00+00:00,,,,,0,0,False,2026-07-04 07:00:00-04:00,Weekend
2026-07-04 12:00:00+00:00,,,,,0,0,False,2026-07-04 08:00:00-04:00,Weekend
2026-07-04 13:00:00+00:00,,,,,0,0,False,2026-07-04 09:00:00-04:00,Weekend
2026-07-04 14:00:00+00:00,,,,,0,0,False,2026-07-04 10:00:00-04:00,Weekend
2026-07-04 15:00:00+00:00,,,,,0,0,False,2026-07-04 11:00:00-04:00,Weekend
2026-07-04 16:00:00+00:00,,,,,0,0,False,2026-07-04 12:00:00-04:00,Weekend
2026-07-04 17:00:00+00:00,,,,,0,0,False,2026-07-04 13:00:00-04:00,Weekend
2026-07-04 18:00:00+00:00,,,,,0,0,False,2026-07-04 14:00:00-04:00,Weekend
2026-07-04 19:00:00+00:00,,,,,0,0,False,2026-07-04 15:00:00-04:00,Weekend
2026-07-04 20:00:00+00:00,,,,,0,0,False,2026-07-04 16:00:00-04:00,Weekend
2026-07-04 21:00:00+00:00,,,,,0,0,False,2026-07-04 17:00:00-04:00,Weekend
2026-07-04 22:00:00+00:00,,,,,0,0,False,2026-07-04 18:00:00-04:00,Weekend
2026-07-04 23:00:00+00:00,,,,,0,0,False,2026-07-04 19:00:00-04:00,Weekend
2026-07-05 00:00:00+00:00,,,,,0,0,False,2026-07-04 20:00:00-04:00,Weekend
2026-07-05 01:00:00+00:00,,,,,0,0,False,2026-07-04 21:00:00-04:00,Weekend
2026-07-05 02:00:00+00:00,,,,,0,0,False,2026-07-04 22:00:00-04:00,Weekend
2026-07-05 03:00:00+00:00,,,,,0,0,False,2026-07-04 23:00:00-04:00,Weekend
2026-07-05 04:00:00+00:00,,,,,0,0,False,2026-07-05 00:00:00-04:00,Weekend
2026-07-05 05:00:00+00:00,,,,,0,0,False,2026-07-05 01:00:00-04:00,Weekend
2026-07-05 06:00:00+00:00,,,,,0,0,False,2026-07-05 02:00:00-04:00,Weekend
2026-07-05 07:00:00+00:00,,,,,0,0,False,2026-07-05 03:00:00-04:00,Weekend
2026-07-05 08:00:00+00:00,,,,,0,0,False,2026-07-05 04:00:00-04:00,Weekend
2026-07-05 09:00:00+00:00,,,,,0,0,False,2026-07-05 05:00:00-04:00,Weekend
2026-07-05 10:00:00+00:00,,,,,0,0,False,2026-07-05 06:00:00-04:00,Weekend
2026-07-05 11:00:00+00:00,,,,,0,0,False,2026-07-05 07:00:00-04:00,Weekend
2026-07-05 12:00:00+00:00,,,,,0,0,False,2026-07-05 08:00:00-04:00,Weekend
2026-07-05 13:00:00+00:00,,,,,0,0,False,2026-07-05 09:00:00-04:00,Weekend
2026-07-05 14:00:00+00:00,,,,,0,0,False,2026-07-05 10:00:00-04:00,Weekend
2026-07-05 15:00:00+00:00,,,,,0,0,False,2026-07-05 11:00:00-04:00,Weekend
2026-07-05 16:00:00+00:00,,,,,0,0,False,2026-07-05 12:00:00-04:00,Weekend
2026-07-05 17:00:00+00:00,,,,,0,0,False,2026-07-05 13:00:00-04:00,Weekend
2026-07-05 18:00:00+00:00,,,,,0,0,False,2026-07-05 14:00:00-04:00,Weekend
2026-07-05 19:00:00+00:00,,,,,0,0,False,2026-07-05 15:00:00-04:00,Weekend
2026-07-05 20:00:00+00:00,,,,,0,0,False,2026-07-05 16:00:00-04:00,Weekend
2026-07-05 21:00:00+00:00,,,,,0,0,False,2026-07-05 17:00:00-04:00,Weekend
2026-07-05 22:00:00+00:00,,,,,0,0,False,2026-07-05 18:00:00-04:00,Weekend
2026-07-05 23:00:00+00:00,,,,,0,0,False,2026-07-05 19:00:00-04:00,Weekend
2026-07-06 00:00:00+00:00,,,,,0,0,False,2026-07-05 20:00:00-04:00,Weekend
2026-07-06 01:00:00+00:00,,,,,0,0,False,2026-07-05 21:00:00-04:00,Weekend
2026-07-06 02:00:00+00:00,,,,,0,0,False,2026-07-05 22:00:00-04:00,Weekend
2026-07-06 03:00:00+00:00,,,,,0,0,False,2026-07-05 23:00:00-04:00,Weekend
2026-07-06 04:00:00+00:00,,,,,0,0,False,2026-07-06 00:00:00-04:00,Closed
2026-07-06 05:00:00+00:00,,,,,0,0,False,2026-07-06 01:00:00-04:00,Closed
2026-07-06 06:00:00+00:00,,,,,0,0,False,2026-07-06 02:00:00-04:00,Closed
2026-07-06 07:00:00+00:00,,,,,0,0,False,2026-07-06 03:00:00-04:00,Closed
2026-07-06 08:00:00+00:00,399.4,399.5,396.0065,399.3362,0,4,True,2026-07-06 04:00:00-04:00,Pre-Market
2026-07-06 09:00:00+00:00,399.16,400.3122,398.8732,400.08,0,4,True,2026-07-06 05:00:00-04:00,Pre-Market
2026-07-06 10:00:00+00:00,400.1,400.1,399.29,399.7142,0,4,True,2026-07-06 06:00:00-04:00,Pre-Market
2026-07-06 11:00:00+00:00,399.71,399.9,393.45,399.0863,0,4,True,2026-07-06 07:00:00-04:00,Pre-Market
2026-07-06 12:00:00+00:00,399.0224,399.2,397.5928,398.48,0,4,True,2026-07-06 08:00:00-04:00,Pre-Market
2026-07-06 13:00:00+00:00,398.5,403.0799865722656,390.5,401.7065124511719,8121555,4,True,2026-07-06 09:00:00-04:00,Transition
2026-07-06 14:00:00+00:00,401.8399963378906,408.2049865722656,400.9200134277344,407.5700073242188,7261537,4,True,2026-07-06 10:00:00-04:00,Regular
2026-07-06 15:00:00+00:00,407.6099853515625,414.6400146484375,407.6099853515625,414.1400146484375,7022485,4,True,2026-07-06 11:00:00-04:00,Regular
2026-07-06 16:00:00+00:00,414.1749877929688,418.9200134277344,413.9400024414063,418.239990234375,7767191,4,True,2026-07-06 12:00:00-04:00,Regular
2026-07-06 17:00:00+00:00,418.2300109863281,419.5499877929688,414.0101013183594,414.5150146484375,5148360,4,True,2026-07-06 13:00:00-04:00,Regular
2026-07-06 18:00:00+00:00,414.5499877929688,417.7900085449219,414.2300109863281,416.351806640625,3837830,4,True,2026-07-06 14:00:00-04:00,Regular
2026-07-06 19:00:00+00:00,416.3599853515625,420.0,415.9005126953125,419.7699890136719,8467877,4,True,2026-07-06 15:00:00-04:00,Regular
2026-07-06 20:00:00+00:00,419.85,419.95,400.49,419.11,0,4,True,2026-07-06 16:00:00-04:00,After-Hours
2026-07-06 21:00:00+00:00,419.18,439.4753,419.07,419.25,0,4,True,2026-07-06 17:00:00-04:00,After-Hours
2026-07-06 22:00:00+00:00,419.285,419.285,417.6,417.7776,0,4,True,2026-07-06 18:00:00-04:00,After-Hours
2026-07-06 23:00:00+00:00,417.7,418.47,416.55,416.9895,0,4,True,2026-07-06 19:00:00-04:00,After-Hours
2026-07-07 00:00:00+00:00,,,,,0,0,False,2026-07-06 20:00:00-04:00,Closed
2026-07-07 01:00:00+00:00,,,,,0,0,False,2026-07-06 21:00:00-04:00,Closed
2026-07-07 02:00:00+00:00,,,,,0,0,False,2026-07-06 22:00:00-04:00,Closed
2026-07-07 03:00:00+00:00,,,,,0,0,False,2026-07-06 23:00:00-04:00,Closed
2026-07-07 04:00:00+00:00,,,,,0,0,False,2026-07-07 00:00:00-04:00,Closed
2026-07-07 05:00:00+00:00,,,,,0,0,False,2026-07-07 01:00:00-04:00,Closed
2026-07-07 06:00:00+00:00,,,,,0,0,False,2026-07-07 02:00:00-04:00,Closed
2026-07-07 07:00:00+00:00,,,,,0,0,False,2026-07-07 03:00:00-04:00,Closed
2026-07-07 08:00:00+00:00,414.5,419.77,412.0,414.5367,0,4,True,2026-07-07 04:00:00-04:00,Pre-Market
2026-07-07 09:00:00+00:00,414.54,415.33,413.9,415.21,0,4,True,2026-07-07 05:00:00-04:00,Pre-Market
2026-07-07 10:00:00+00:00,415.2,416.68,415.1,416.22,0,4,True,2026-07-07 06:00:00-04:00,Pre-Market
2026-07-07 11:00:00+00:00,416.19,418.5,416.1567,417.81,0,4,True,2026-07-07 07:00:00-04:00,Pre-Market
2026-07-07 12:00:00+00:00,417.7127,419.0,415.58,415.8495,0,4,True,2026-07-07 08:00:00-04:00,Pre-Market
2026-07-07 13:00:00+00:00,415.96,447.2,411.0499877929688,413.0299987792969,6044976,4,True,2026-07-07 09:00:00-04:00,Transition
2026-07-07 14:00:00+00:00,413.05999755859375,415.939697265625,406.8999938964844,408.7947998046875,6927999,4,True,2026-07-07 10:00:00-04:00,Regular
2026-07-07 15:00:00+00:00,408.7000122070313,409.3500061035156,404.4534912109375,407.1499938964844,4573846,4,True,2026-07-07 11:00:00-04:00,Regular
2026-07-07 16:00:00+00:00,407.159912109375,410.1000061035156,406.5799865722656,409.1900024414063,4739920,4,True,2026-07-07 12:00:00-04:00,Regular
2026-07-07 17:00:00+00:00,409.2000122070313,409.2900085449219,405.7999877929688,408.25,2394148,4,True,2026-07-07 13:00:00-04:00,Regular
2026-07-07 18:00:00+00:00,408.2550048828125,408.3900146484375,403.2500915527344,403.6700134277344,3124745,4,True,2026-07-07 14:00:00-04:00,Regular
2026-07-07 19:00:00+00:00,403.7300109863281,405.1099853515625,401.8800048828125,402.9800109863281,5748631,4,True,2026-07-07 15:00:00-04:00,Regular
2026-07-07 20:00:00+00:00,402.9,404.46,402.02,404.145,0,4,True,2026-07-07 16:00:00-04:00,After-Hours
2026-07-07 21:00:00+00:00,404.19,422.3693,402.9,403.775,0,4,True,2026-07-07 17:00:00-04:00,After-Hours
2026-07-07 22:00:00+00:00,403.97,404.39,402.9,403.9,0,4,True,2026-07-07 18:00:00-04:00,After-Hours
2026-07-07 23:00:00+00:00,404.0,404.4,403.01,403.78,0,4,True,2026-07-07 19:00:00-04:00,After-Hours
2026-07-08 00:00:00+00:00,,,,,0,0,False,2026-07-07 20:00:00-04:00,Closed
2026-07-08 01:00:00+00:00,,,,,0,0,False,2026-07-07 21:00:00-04:00,Closed
2026-07-08 02:00:00+00:00,,,,,0,0,False,2026-07-07 22:00:00-04:00,Closed
2026-07-08 03:00:00+00:00,,,,,0,0,False,2026-07-07 23:00:00-04:00,Closed
2026-07-08 04:00:00+00:00,,,,,0,0,False,2026-07-08 00:00:00-04:00,Closed
2026-07-08 05:00:00+00:00,,,,,0,0,False,2026-07-08 01:00:00-04:00,Closed
2026-07-08 06:00:00+00:00,,,,,0,0,False,2026-07-08 02:00:00-04:00,Closed
2026-07-08 07:00:00+00:00,,,,,0,0,False,2026-07-08 03:00:00-04:00,Closed
2026-07-08 08:00:00+00:00,402.5,403.81,397.16,398.44,0,4,True,2026-07-08 04:00:00-04:00,Pre-Market
2026-07-08 09:00:00+00:00,398.456,398.77,396.3048,396.85,0,4,True,2026-07-08 05:00:00-04:00,Pre-Market
2026-07-08 10:00:00+00:00,396.99,398.97,396.41,398.491,0,4,True,2026-07-08 06:00:00-04:00,Pre-Market
2026-07-08 11:00:00+00:00,398.38,398.8,395.99,398.24,0,4,True,2026-07-08 07:00:00-04:00,Pre-Market
2026-07-08 12:00:00+00:00,398.2347,399.89,397.7,398.5382,0,4,True,2026-07-08 08:00:00-04:00,Pre-Market
2026-07-08 13:00:00+00:00,398.55,401.61,393.75,395.8800048828125,6200353,4,True,2026-07-08 09:00:00-04:00,Transition
2026-07-08 14:00:00+00:00,395.8349914550781,397.58990478515625,391.9201049804688,392.6300048828125,6560462,4,True,2026-07-08 10:00:00-04:00,Regular
2026-07-08 15:00:00+00:00,392.7300109863281,393.3500061035156,390.9599914550781,392.8949890136719,3902014,4,True,2026-07-08 11:00:00-04:00,Regular
2026-07-08 16:00:00+00:00,392.8999938964844,395.0700073242188,392.7999877929688,394.6600036621094,2938042,4,True,2026-07-08 12:00:00-04:00,Regular
2026-07-08 17:00:00+00:00,394.6099853515625,395.5,392.2000122070313,392.2699890136719,2459532,4,True,2026-07-08 13:00:00-04:00,Regular
2026-07-08 18:00:00+00:00,392.2699890136719,393.2799987792969,390.510009765625,391.3499145507813,3552198,4,True,2026-07-08 14:00:00-04:00,Regular
2026-07-08 19:00:00+00:00,391.3500061035156,396.0700073242188,391.2300109863281,393.8699951171875,5153235,4,True,2026-07-08 15:00:00-04:00,Regular
2026-07-08 20:00:00+00:00,394.06,407.4747,392.45,393.02,0,4,True,2026-07-08 16:00:00-04:00,After-Hours
2026-07-08 21:00:00+00:00,392.94,407.4747,388.5537,393.62,0,4,True,2026-07-08 17:00:00-04:00,After-Hours
2026-07-08 22:00:00+00:00,393.6584,393.8,393.23,393.3,0,4,True,2026-07-08 18:00:00-04:00,After-Hours
2026-07-08 23:00:00+00:00,393.27,394.0,393.1,393.9987,0,4,True,2026-07-08 19:00:00-04:00,After-Hours
2026-07-09 00:00:00+00:00,,,,,0,0,False,2026-07-08 20:00:00-04:00,Closed
2026-07-09 01:00:00+00:00,,,,,0,0,False,2026-07-08 21:00:00-04:00,Closed
2026-07-09 02:00:00+00:00,,,,,0,0,False,2026-07-08 22:00:00-04:00,Closed
2026-07-09 03:00:00+00:00,,,,,0,0,False,2026-07-08 23:00:00-04:00,Closed
2026-07-09 04:00:00+00:00,,,,,0,0,False,2026-07-09 00:00:00-04:00,Closed
2026-07-09 05:00:00+00:00,,,,,0,0,False,2026-07-09 01:00:00-04:00,Closed
2026-07-09 06:00:00+00:00,,,,,0,0,False,2026-07-09 02:00:00-04:00,Closed
2026-07-09 07:00:00+00:00,,,,,0,0,False,2026-07-09 03:00:00-04:00,Closed
2026-07-09 08:00:00+00:00,396.9275,398.43,394.24,396.4568,0,4,True,2026-07-09 04:00:00-04:00,Pre-Market
2026-07-09 09:00:00+00:00,396.67,396.67,395.55,396.14,0,4,True,2026-07-09 05:00:00-04:00,Pre-Market
2026-07-09 10:00:00+00:00,396.15,396.3817,394.6,395.0,0,4,True,2026-07-09 06:00:00-04:00,Pre-Market
2026-07-09 11:00:00+00:00,394.995,395.91,393.69,394.85,0,4,True,2026-07-09 07:00:00-04:00,Pre-Market
2026-07-09 12:00:00+00:00,394.8356,396.27,393.87,394.6,0,4,True,2026-07-09 08:00:00-04:00,Pre-Market
2026-07-09 13:00:00+00:00,394.65,396.25,390.8630981445313,395.4100036621094,4756894,4,True,2026-07-09 09:00:00-04:00,Transition
2026-07-09 14:00:00+00:00,395.4299926757813,398.45989990234375,391.9100036621094,395.7099914550781,5097177,4,True,2026-07-09 10:00:00-04:00,Regular
2026-07-09 15:00:00+00:00,395.7099914550781,400.4599914550781,394.5,399.4200134277344,4223649,4,True,2026-07-09 11:00:00-04:00,Regular
2026-07-09 16:00:00+00:00,399.4200134277344,402.1499938964844,398.0400085449219,401.7699890136719,4839570,4,True,2026-07-09 12:00:00-04:00,Regular
2026-07-09 17:00:00+00:00,401.739990234375,405.4700012207031,401.6199951171875,404.9880065917969,4343543,4,True,2026-07-09 13:00:00-04:00,Regular
2026-07-09 18:00:00+00:00,405.0,407.8599853515625,404.30999755859375,407.16009521484375,3697784,4,True,2026-07-09 14:00:00-04:00,Regular
2026-07-09 19:00:00+00:00,407.2049865722656,407.739990234375,403.8500061035156,406.5400085449219,5400928,4,True,2026-07-09 15:00:00-04:00,Regular
2026-07-09 20:00:00+00:00,406.55,433.9217,389.4538,406.59,0,4,True,2026-07-09 16:00:00-04:00,After-Hours
2026-07-09 21:00:00+00:00,406.65,433.9217,389.4538,405.25,0,4,True,2026-07-09 17:00:00-04:00,After-Hours
2026-07-09 22:00:00+00:00,405.25,405.43,393.795,405.0,0,4,True,2026-07-09 18:00:00-04:00,After-Hours
2026-07-09 23:00:00+00:00,405.18,405.33,404.5,405.095,0,4,True,2026-07-09 19:00:00-04:00,After-Hours
2026-07-10 00:00:00+00:00,,,,,0,0,False,2026-07-09 20:00:00-04:00,Closed
2026-07-10 01:00:00+00:00,,,,,0,0,False,2026-07-09 21:00:00-04:00,Closed
2026-07-10 02:00:00+00:00,,,,,0,0,False,2026-07-09 22:00:00-04:00,Closed
2026-07-10 03:00:00+00:00,,,,,0,0,False,2026-07-09 23:00:00-04:00,Closed
2026-07-10 04:00:00+00:00,,,,,0,0,False,2026-07-10 00:00:00-04:00,Closed
2026-07-10 05:00:00+00:00,,,,,0,0,False,2026-07-10 01:00:00-04:00,Closed
2026-07-10 06:00:00+00:00,,,,,0,0,False,2026-07-10 02:00:00-04:00,Closed
2026-07-10 07:00:00+00:00,,,,,0,0,False,2026-07-10 03:00:00-04:00,Closed
2026-07-10 08:00:00+00:00,404.01,406.55,401.5,403.13,0,4,True,2026-07-10 04:00:00-04:00,Pre-Market
2026-07-10 09:00:00+00:00,403.25,405.1315,402.132,405.101,0,4,True,2026-07-10 05:00:00-04:00,Pre-Market
2026-07-10 10:00:00+00:00,405.146,405.795,404.5,405.678,0,4,True,2026-07-10 06:00:00-04:00,Pre-Market
2026-07-10 11:00:00+00:00,405.63,407.44,405.02,406.7935,0,4,True,2026-07-10 07:00:00-04:00,Pre-Market
2026-07-10 12:00:00+00:00,406.85,408.5,406.5,407.525,0,4,True,2026-07-10 08:00:00-04:00,Pre-Market
2026-07-10 13:00:00+00:00,407.45,412.5799865722656,404.9100036621094,409.8399963378906,5843567,4,True,2026-07-10 09:00:00-04:00,Transition
2026-07-10 14:00:00+00:00,409.760009765625,411.4200134277344,402.8100891113281,406.7550048828125,5904871,4,True,2026-07-10 10:00:00-04:00,Regular
2026-07-10 15:00:00+00:00,406.7699890136719,410.5935974121094,405.80999755859375,409.4249877929688,4216251,4,True,2026-07-10 11:00:00-04:00,Regular
2026-07-10 16:00:00+00:00,409.4249877929688,413.1600036621094,409.4249877929688,412.1700134277344,4118083,4,True,2026-07-10 12:00:00-04:00,Regular
2026-07-10 17:00:00+00:00,412.2099914550781,412.4299926757813,408.2300109863281,408.5801086425781,3751104,4,True,2026-07-10 13:00:00-04:00,Regular
2026-07-10 18:00:00+00:00,408.6900024414063,411.1900024414063,407.7999877929688,408.4700012207031,3110436,4,True,2026-07-10 14:00:00-04:00,Regular
2026-07-10 19:00:00+00:00,408.5,410.4549865722656,407.1749877929688,407.7449951171875,4020750,4,True,2026-07-10 15:00:00-04:00,Regular
2026-07-10 20:00:00+00:00,407.76,407.8,399.763,407.7,0,4,True,2026-07-10 16:00:00-04:00,After-Hours
2026-07-10 21:00:00+00:00,407.72,423.4646,407.2,407.37,0,4,True,2026-07-10 17:00:00-04:00,After-Hours
2026-07-10 22:00:00+00:00,407.365,407.38,407.03,407.085,0,4,True,2026-07-10 18:00:00-04:00,After-Hours
2026-07-10 23:00:00+00:00,407.09,407.65,407.05,407.59,0,4,True,2026-07-10 19:00:00-04:00,After-Hours
2026-07-11 00:00:00+00:00,,,,,0,0,False,2026-07-10 20:00:00-04:00,Closed
2026-07-11 01:00:00+00:00,,,,,0,0,False,2026-07-10 21:00:00-04:00,Closed
2026-07-11 02:00:00+00:00,,,,,0,0,False,2026-07-10 22:00:00-04:00,Closed
2026-07-11 03:00:00+00:00,,,,,0,0,False,2026-07-10 23:00:00-04:00,Closed
2026-07-11 04:00:00+00:00,,,,,0,0,False,2026-07-11 00:00:00-04:00,Weekend
2026-07-11 05:00:00+00:00,,,,,0,0,False,2026-07-11 01:00:00-04:00,Weekend
2026-07-11 06:00:00+00:00,,,,,0,0,False,2026-07-11 02:00:00-04:00,Weekend
2026-07-11 07:00:00+00:00,,,,,0,0,False,2026-07-11 03:00:00-04:00,Weekend
2026-07-11 08:00:00+00:00,,,,,0,0,False,2026-07-11 04:00:00-04:00,Weekend
2026-07-11 09:00:00+00:00,,,,,0,0,False,2026-07-11 05:00:00-04:00,Weekend
2026-07-11 10:00:00+00:00,,,,,0,0,False,2026-07-11 06:00:00-04:00,Weekend
2026-07-11 11:00:00+00:00,,,,,0,0,False,2026-07-11 07:00:00-04:00,Weekend
2026-07-11 12:00:00+00:00,,,,,0,0,False,2026-07-11 08:00:00-04:00,Weekend
2026-07-11 13:00:00+00:00,,,,,0,0,False,2026-07-11 09:00:00-04:00,Weekend
2026-07-11 14:00:00+00:00,,,,,0,0,False,2026-07-11 10:00:00-04:00,Weekend
2026-07-11 15:00:00+00:00,,,,,0,0,False,2026-07-11 11:00:00-04:00,Weekend
2026-07-11 16:00:00+00:00,,,,,0,0,False,2026-07-11 12:00:00-04:00,Weekend
2026-07-11 17:00:00+00:00,,,,,0,0,False,2026-07-11 13:00:00-04:00,Weekend
2026-07-11 18:00:00+00:00,,,,,0,0,False,2026-07-11 14:00:00-04:00,Weekend
2026-07-11 19:00:00+00:00,,,,,0,0,False,2026-07-11 15:00:00-04:00,Weekend
2026-07-11 20:00:00+00:00,,,,,0,0,False,2026-07-11 16:00:00-04:00,Weekend
2026-07-11 21:00:00+00:00,,,,,0,0,False,2026-07-11 17:00:00-04:00,Weekend
2026-07-11 22:00:00+00:00,,,,,0,0,False,2026-07-11 18:00:00-04:00,Weekend
2026-07-11 23:00:00+00:00,,,,,0,0,False,2026-07-11 19:00:00-04:00,Weekend
2026-07-12 00:00:00+00:00,,,,,0,0,False,2026-07-11 20:00:00-04:00,Weekend
2026-07-12 01:00:00+00:00,,,,,0,0,False,2026-07-11 21:00:00-04:00,Weekend
2026-07-12 02:00:00+00:00,,,,,0,0,False,2026-07-11 22:00:00-04:00,Weekend
2026-07-12 03:00:00+00:00,,,,,0,0,False,2026-07-11 23:00:00-04:00,Weekend
2026-07-12 04:00:00+00:00,,,,,0,0,False,2026-07-12 00:00:00-04:00,Weekend
2026-07-12 05:00:00+00:00,,,,,0,0,False,2026-07-12 01:00:00-04:00,Weekend
2026-07-12 06:00:00+00:00,,,,,0,0,False,2026-07-12 02:00:00-04:00,Weekend
2026-07-12 07:00:00+00:00,,,,,0,0,False,2026-07-12 03:00:00-04:00,Weekend
2026-07-12 08:00:00+00:00,,,,,0,0,False,2026-07-12 04:00:00-04:00,Weekend
2026-07-12 09:00:00+00:00,,,,,0,0,False,2026-07-12 05:00:00-04:00,Weekend
2026-07-12 10:00:00+00:00,,,,,0,0,False,2026-07-12 06:00:00-04:00,Weekend
2026-07-12 11:00:00+00:00,,,,,0,0,False,2026-07-12 07:00:00-04:00,Weekend
2026-07-12 12:00:00+00:00,,,,,0,0,False,2026-07-12 08:00:00-04:00,Weekend
2026-07-12 13:00:00+00:00,,,,,0,0,False,2026-07-12 09:00:00-04:00,Weekend
2026-07-12 14:00:00+00:00,,,,,0,0,False,2026-07-12 10:00:00-04:00,Weekend
2026-07-12 15:00:00+00:00,,,,,0,0,False,2026-07-12 11:00:00-04:00,Weekend
2026-07-12 16:00:00+00:00,,,,,0,0,False,2026-07-12 12:00:00-04:00,Weekend
2026-07-12 17:00:00+00:00,,,,,0,0,False,2026-07-12 13:00:00-04:00,Weekend
2026-07-12 18:00:00+00:00,,,,,0,0,False,2026-07-12 14:00:00-04:00,Weekend
2026-07-12 19:00:00+00:00,,,,,0,0,False,2026-07-12 15:00:00-04:00,Weekend
2026-07-12 20:00:00+00:00,,,,,0,0,False,2026-07-12 16:00:00-04:00,Weekend
2026-07-12 21:00:00+00:00,,,,,0,0,False,2026-07-12 17:00:00-04:00,Weekend
2026-07-12 22:00:00+00:00,,,,,0,0,False,2026-07-12 18:00:00-04:00,Weekend
2026-07-12 23:00:00+00:00,,,,,0,0,False,2026-07-12 19:00:00-04:00,Weekend
2026-07-13 00:00:00+00:00,,,,,0,0,False,2026-07-12 20:00:00-04:00,Weekend
2026-07-13 01:00:00+00:00,,,,,0,0,False,2026-07-12 21:00:00-04:00,Weekend
2026-07-13 02:00:00+00:00,,,,,0,0,False,2026-07-12 22:00:00-04:00,Weekend
2026-07-13 03:00:00+00:00,,,,,0,0,False,2026-07-12 23:00:00-04:00,Weekend
2026-07-13 04:00:00+00:00,,,,,0,0,False,2026-07-13 00:00:00-04:00,Closed
2026-07-13 05:00:00+00:00,,,,,0,0,False,2026-07-13 01:00:00-04:00,Closed
2026-07-13 06:00:00+00:00,,,,,0,0,False,2026-07-13 02:00:00-04:00,Closed
2026-07-13 07:00:00+00:00,,,,,0,0,False,2026-07-13 03:00:00-04:00,Closed
2026-07-13 08:00:00+00:00,401.49,403.4,398.5,402.49,0,4,True,2026-07-13 04:00:00-04:00,Pre-Market
2026-07-13 09:00:00+00:00,402.4318,404.0,402.0,403.6422,0,4,True,2026-07-13 05:00:00-04:00,Pre-Market
2026-07-13 10:00:00+00:00,403.63,404.5,403.1,404.22,0,4,True,2026-07-13 06:00:00-04:00,Pre-Market
2026-07-13 11:00:00+00:00,404.3,406.0,404.03,404.61,0,4,True,2026-07-13 07:00:00-04:00,Pre-Market
2026-07-13 12:00:00+00:00,404.6,404.6988,402.66,404.05,0,4,True,2026-07-13 08:00:00-04:00,Pre-Market
2026-07-13 13:00:00+00:00,404.0,405.3999938964844,394.0799865722656,395.4715881347656,5807499,4,True,2026-07-13 09:00:00-04:00,Transition
2026-07-13 14:00:00+00:00,395.5350036621094,399.2999877929688,392.7401123046875,397.7300109863281,6124988,4,True,2026-07-13 10:00:00-04:00,Regular
2026-07-13 15:00:00+00:00,397.80999755859375,399.1900024414063,394.8599853515625,395.5750122070313,3278491,4,True,2026-07-13 11:00:00-04:00,Regular
2026-07-13 16:00:00+00:00,395.5134887695313,396.0698852539063,392.7900085449219,393.7000122070313,3533056,4,True,2026-07-13 12:00:00-04:00,Regular
2026-07-13 17:00:00+00:00,393.7282104492188,395.1000061035156,392.5,393.0899963378906,2851894,4,True,2026-07-13 13:00:00-04:00,Regular
2026-07-13 18:00:00+00:00,393.1449890136719,393.7499084472656,392.1700134277344,392.5150146484375,2598361,4,True,2026-07-13 14:00:00-04:00,Regular
2026-07-13 19:00:00+00:00,392.5400085449219,394.9500122070313,391.3700866699219,394.75,5202938,4,True,2026-07-13 15:00:00-04:00,Regular
2026-07-13 20:00:00+00:00,394.76,394.99,367.3895,393.6856,0,4,True,2026-07-13 16:00:00-04:00,After-Hours
2026-07-13 21:00:00+00:00,394.0,394.76,367.3895,393.86,0,4,True,2026-07-13 17:00:00-04:00,After-Hours
2026-07-13 22:00:00+00:00,393.975,394.76,393.35,393.5,0,4,True,2026-07-13 18:00:00-04:00,After-Hours
2026-07-13 23:00:00+00:00,393.4,393.58,392.5911,393.024,0,4,True,2026-07-13 19:00:00-04:00,After-Hours
2026-07-14 00:00:00+00:00,,,,,0,0,False,2026-07-13 20:00:00-04:00,Closed
2026-07-14 01:00:00+00:00,,,,,0,0,False,2026-07-13 21:00:00-04:00,Closed
2026-07-14 02:00:00+00:00,,,,,0,0,False,2026-07-13 22:00:00-04:00,Closed
2026-07-14 03:00:00+00:00,,,,,0,0,False,2026-07-13 23:00:00-04:00,Closed
2026-07-14 04:00:00+00:00,,,,,0,0,False,2026-07-14 00:00:00-04:00,Closed
2026-07-14 05:00:00+00:00,,,,,0,0,False,2026-07-14 01:00:00-04:00,Closed
2026-07-14 06:00:00+00:00,,,,,0,0,False,2026-07-14 02:00:00-04:00,Closed
2026-07-14 07:00:00+00:00,,,,,0,0,False,2026-07-14 03:00:00-04:00,Closed
2026-07-14 08:00:00+00:00,395.05,396.23,393.21,394.35,0,4,True,2026-07-14 04:00:00-04:00,Pre-Market
2026-07-14 09:00:00+00:00,394.44,395.42,394.2,394.7,0,4,True,2026-07-14 05:00:00-04:00,Pre-Market
2026-07-14 10:00:00+00:00,394.7,395.3,394.01,394.86,0,4,True,2026-07-14 06:00:00-04:00,Pre-Market
2026-07-14 11:00:00+00:00,394.85,396.8,394.55,396.55,0,4,True,2026-07-14 07:00:00-04:00,Pre-Market
2026-07-14 12:00:00+00:00,396.44,400.25,395.76,398.22,0,4,True,2026-07-14 08:00:00-04:00,Pre-Market
2026-07-14 13:00:00+00:00,398.4294,400.8200073242188,395.2019958496094,398.30999755859375,4241180,4,True,2026-07-14 09:00:00-04:00,Transition
2026-07-14 14:00:00+00:00,398.3699951171875,399.510009765625,396.7000122070313,398.9599914550781,3720761,4,True,2026-07-14 10:00:00-04:00,Regular
2026-07-14 15:00:00+00:00,399.0,402.2200012207031,395.760009765625,396.6199951171875,3848506,4,True,2026-07-14 11:00:00-04:00,Regular
2026-07-14 16:00:00+00:00,396.6138916015625,398.1700134277344,395.3999938964844,395.4750061035156,2300316,4,True,2026-07-14 12:00:00-04:00,Regular
2026-07-14 17:00:00+00:00,395.4750061035156,396.1698913574219,394.760009765625,395.7799987792969,1781568,4,True,2026-07-14 13:00:00-04:00,Regular
2026-07-14 18:00:00+00:00,395.7799987792969,397.0499877929688,395.4100036621094,396.6900024414063,1859822,4,True,2026-07-14 14:00:00-04:00,Regular
2026-07-14 19:00:00+00:00,396.69049072265625,397.3299865722656,395.239990234375,396.05999755859375,2753940,4,True,2026-07-14 15:00:00-04:00,Regular
2026-07-14 20:00:00+00:00,396.104,421.3994,369.6616,395.285,0,4,True,2026-07-14 16:00:00-04:00,After-Hours
2026-07-14 21:00:00+00:00,395.22,421.3994,368.1134,395.2301,0,4,True,2026-07-14 17:00:00-04:00,After-Hours
2026-07-14 22:00:00+00:00,395.26,395.47,395.01,395.18,0,4,True,2026-07-14 18:00:00-04:00,After-Hours
2026-07-14 23:00:00+00:00,395.2,396.09,395.15,395.8,0,4,True,2026-07-14 19:00:00-04:00,After-Hours
2026-07-15 00:00:00+00:00,,,,,0,0,False,2026-07-14 20:00:00-04:00,Closed
2026-07-15 01:00:00+00:00,,,,,0,0,False,2026-07-14 21:00:00-04:00,Closed
2026-07-15 02:00:00+00:00,,,,,0,0,False,2026-07-14 22:00:00-04:00,Closed
2026-07-15 03:00:00+00:00,,,,,0,0,False,2026-07-14 23:00:00-04:00,Closed
2026-07-15 04:00:00+00:00,,,,,0,0,False,2026-07-15 00:00:00-04:00,Closed
2026-07-15 05:00:00+00:00,,,,,0,0,False,2026-07-15 01:00:00-04:00,Closed
2026-07-15 06:00:00+00:00,,,,,0,0,False,2026-07-15 02:00:00-04:00,Closed
2026-07-15 07:00:00+00:00,,,,,0,0,False,2026-07-15 03:00:00-04:00,Closed
2026-07-15 08:00:00+00:00,397.49,398.0653,396.18,396.75,0,4,True,2026-07-15 04:00:00-04:00,Pre-Market
2026-07-15 09:00:00+00:00,396.9,397.2588,396.25,396.5465,0,4,True,2026-07-15 05:00:00-04:00,Pre-Market
2026-07-15 10:00:00+00:00,396.7935,396.85,396.31,396.56,0,4,True,2026-07-15 06:00:00-04:00,Pre-Market
2026-07-15 11:00:00+00:00,396.78,397.25,396.5,396.6,0,4,True,2026-07-15 07:00:00-04:00,Pre-Market
2026-07-15 12:00:00+00:00,396.795,398.59,396.38,398.3,0,4,True,2026-07-15 08:00:00-04:00,Pre-Market
2026-07-15 13:00:00+00:00,398.3788,406.5895080566406,397.4400024414063,398.6000061035156,6603454,4,True,2026-07-15 09:00:00-04:00,Transition
2026-07-15 14:00:00+00:00,398.5899963378906,400.3800048828125,393.2359924316406,395.989990234375,5328781,4,True,2026-07-15 10:00:00-04:00,Regular
2026-07-15 15:00:00+00:00,396.0050048828125,397.8699951171875,395.1099853515625,395.1961059570313,2701079,4,True,2026-07-15 11:00:00-04:00,Regular
2026-07-15 16:00:00+00:00,395.1701965332031,395.7799987792969,390.6600036621094,393.4549865722656,3908532,4,True,2026-07-15 12:00:00-04:00,Regular
2026-07-15 17:00:00+00:00,393.5,399.2799987792969,393.30999755859375,399.0050048828125,3830346,4,True,2026-07-15 13:00:00-04:00,Regular
2026-07-15 18:00:00+00:00,399.0050048828125,399.3599853515625,394.5509948730469,394.9299926757813,2786752,4,True,2026-07-15 14:00:00-04:00,Regular
2026-07-15 19:00:00+00:00,394.9800109863281,396.1300048828125,394.0299987792969,394.1900024414063,3260940,4,True,2026-07-15 15:00:00-04:00,Regular
2026-07-15 20:00:00+00:00,394.46,395.7978,393.35,394.87,0,4,True,2026-07-15 16:00:00-04:00,After-Hours
2026-07-15 21:00:00+00:00,394.801,395.0,384.7504,394.64,0,4,True,2026-07-15 17:00:00-04:00,After-Hours
2026-07-15 22:00:00+00:00,394.65,395.13,394.46,394.91,0,4,True,2026-07-15 18:00:00-04:00,After-Hours
2026-07-15 23:00:00+00:00,394.87,395.0,394.6,394.8,0,4,True,2026-07-15 19:00:00-04:00,After-Hours
2026-07-16 00:00:00+00:00,,,,,0,0,False,2026-07-15 20:00:00-04:00,Closed
2026-07-16 01:00:00+00:00,,,,,0,0,False,2026-07-15 21:00:00-04:00,Closed
2026-07-16 02:00:00+00:00,,,,,0,0,False,2026-07-15 22:00:00-04:00,Closed
2026-07-16 03:00:00+00:00,,,,,0,0,False,2026-07-15 23:00:00-04:00,Closed
2026-07-16 04:00:00+00:00,,,,,0,0,False,2026-07-16 00:00:00-04:00,Closed
2026-07-16 05:00:00+00:00,,,,,0,0,False,2026-07-16 01:00:00-04:00,Closed
2026-07-16 06:00:00+00:00,,,,,0,0,False,2026-07-16 02:00:00-04:00,Closed
2026-07-16 07:00:00+00:00,,,,,0,0,False,2026-07-16 03:00:00-04:00,Closed
2026-07-16 08:00:00+00:00,393.96,395.92,392.954,394.71,0,4,True,2026-07-16 04:00:00-04:00,Pre-Market
2026-07-16 09:00:00+00:00,394.8,395.2488,393.93,394.352,0,4,True,2026-07-16 05:00:00-04:00,Pre-Market
2026-07-16 10:00:00+00:00,394.048,395.19,394.02,394.49,0,4,True,2026-07-16 06:00:00-04:00,Pre-Market
2026-07-16 11:00:00+00:00,394.5,394.5,392.1,392.9,0,4,True,2026-07-16 07:00:00-04:00,Pre-Market
2026-07-16 12:00:00+00:00,392.9572,393.0,391.41,391.41,0,4,True,2026-07-16 08:00:00-04:00,Pre-Market
2026-07-16 13:00:00+00:00,391.53,393.0115,385.3200073242188,387.1391906738281,5374558,4,True,2026-07-16 09:00:00-04:00,Transition
2026-07-16 14:00:00+00:00,387.0700073242188,395.30999755859375,386.8900146484375,394.3699951171875,6385137,4,True,2026-07-16 10:00:00-04:00,Regular
2026-07-16 15:00:00+00:00,394.3599853515625,394.5899963378906,392.010009765625,392.7000122070313,2720865,4,True,2026-07-16 11:00:00-04:00,Regular
2026-07-16 16:00:00+00:00,392.7000122070313,394.4599914550781,387.7999877929688,389.010009765625,3449634,4,True,2026-07-16 12:00:00-04:00,Regular
2026-07-16 17:00:00+00:00,389.0899963378906,389.3999938964844,386.8599853515625,388.9049987792969,2434429,4,True,2026-07-16 13:00:00-04:00,Regular
2026-07-16 18:00:00+00:00,388.9400024414063,391.1900024414063,388.6000061035156,390.3999938964844,2415053,4,True,2026-07-16 14:00:00-04:00,Regular
2026-07-16 19:00:00+00:00,390.4100036621094,391.8500061035156,389.3500061035156,391.1000061035156,3606977,4,True,2026-07-16 15:00:00-04:00,Regular
2026-07-16 20:00:00+00:00,391.17,391.17,389.9,390.16,0,4,True,2026-07-16 16:00:00-04:00,After-Hours
2026-07-16 21:00:00+00:00,390.225,390.7,380.7347,390.54,0,4,True,2026-07-16 17:00:00-04:00,After-Hours
2026-07-16 22:00:00+00:00,390.62,391.06,388.58,389.4,0,4,True,2026-07-16 18:00:00-04:00,After-Hours
2026-07-16 23:00:00+00:00,389.74,389.95,387.93,388.6507,0,4,True,2026-07-16 19:00:00-04:00,After-Hours
2026-07-17 00:00:00+00:00,,,,,0,0,False,2026-07-16 20:00:00-04:00,Closed
2026-07-17 01:00:00+00:00,,,,,0,0,False,2026-07-16 21:00:00-04:00,Closed
2026-07-17 02:00:00+00:00,,,,,0,0,False,2026-07-16 22:00:00-04:00,Closed
2026-07-17 03:00:00+00:00,,,,,0,0,False,2026-07-16 23:00:00-04:00,Closed
2026-07-17 04:00:00+00:00,,,,,0,0,False,2026-07-17 00:00:00-04:00,Closed
2026-07-17 05:00:00+00:00,,,,,0,0,False,2026-07-17 01:00:00-04:00,Closed
2026-07-17 06:00:00+00:00,,,,,0,0,False,2026-07-17 02:00:00-04:00,Closed
2026-07-17 07:00:00+00:00,,,,,0,0,False,2026-07-17 03:00:00-04:00,Closed
2026-07-17 08:00:00+00:00,384.97,391.06,382.48,383.6,0,4,True,2026-07-17 04:00:00-04:00,Pre-Market
2026-07-17 09:00:00+00:00,383.6756,385.68,383.28,385.0146,0,4,True,2026-07-17 05:00:00-04:00,Pre-Market
2026-07-17 10:00:00+00:00,385.0,385.36,383.258,384.3,0,4,True,2026-07-17 06:00:00-04:00,Pre-Market
2026-07-17 11:00:00+00:00,384.36,391.06,384.0,384.61,0,4,True,2026-07-17 07:00:00-04:00,Pre-Market
2026-07-17 12:00:00+00:00,384.6,384.72,382.63,383.0636,0,4,True,2026-07-17 08:00:00-04:00,Pre-Market
2026-07-17 13:00:00+00:00,383.1,383.15,377.2200012207031,381.4200134277344,6737071,4,True,2026-07-17 09:00:00-04:00,Transition
2026-07-17 14:00:00+00:00,381.4500122070313,383.25,378.510009765625,380.2099914550781,5386246,4,True,2026-07-17 10:00:00-04:00,Regular
2026-07-17 15:00:00+00:00,380.2000122070313,382.8999938964844,378.7999877929688,382.4639892578125,3543794,4,True,2026-07-17 11:00:00-04:00,Regular
2026-07-17 16:00:00+00:00,382.489990234375,385.2200012207031,381.5,384.1199951171875,3361587,4,True,2026-07-17 12:00:00-04:00,Regular
2026-07-17 17:00:00+00:00,384.1050109863281,385.6899108886719,381.7999877929688,382.3999938964844,3044286,4,True,2026-07-17 13:00:00-04:00,Regular
2026-07-17 18:00:00+00:00,382.4500122070313,382.8066101074219,380.5799865722656,381.75,2372581,4,True,2026-07-17 14:00:00-04:00,Regular
2026-07-17 19:00:00+00:00,381.739990234375,383.2099914550781,380.6860046386719,380.6900024414063,3556317,4,True,2026-07-17 15:00:00-04:00,Regular
2026-07-17 20:00:00+00:00,380.84,463.9364,367.864,380.2,0,4,True,2026-07-17 16:00:00-04:00,After-Hours
2026-07-17 21:00:00+00:00,380.29,380.84,379.72,379.765,0,4,True,2026-07-17 17:00:00-04:00,After-Hours
2026-07-17 22:00:00+00:00,379.79,380.48,379.73,380.2,0,4,True,2026-07-17 18:00:00-04:00,After-Hours
2026-07-17 23:00:00+00:00,380.09,380.4,380.0,380.03,0,4,True,2026-07-17 19:00:00-04:00,After-Hours
2026-07-18 00:00:00+00:00,,,,,0,0,False,2026-07-17 20:00:00-04:00,Closed
2026-07-18 01:00:00+00:00,,,,,0,0,False,2026-07-17 21:00:00-04:00,Closed
2026-07-18 02:00:00+00:00,,,,,0,0,False,2026-07-17 22:00:00-04:00,Closed
2026-07-18 03:00:00+00:00,,,,,0,0,False,2026-07-17 23:00:00-04:00,Closed
2026-07-18 04:00:00+00:00,,,,,0,0,False,2026-07-18 00:00:00-04:00,Weekend
2026-07-18 05:00:00+00:00,,,,,0,0,False,2026-07-18 01:00:00-04:00,Weekend
2026-07-18 06:00:00+00:00,,,,,0,0,False,2026-07-18 02:00:00-04:00,Weekend
2026-07-18 07:00:00+00:00,,,,,0,0,False,2026-07-18 03:00:00-04:00,Weekend
2026-07-18 08:00:00+00:00,,,,,0,0,False,2026-07-18 04:00:00-04:00,Weekend
2026-07-18 09:00:00+00:00,,,,,0,0,False,2026-07-18 05:00:00-04:00,Weekend
2026-07-18 10:00:00+00:00,,,,,0,0,False,2026-07-18 06:00:00-04:00,Weekend
2026-07-18 11:00:00+00:00,,,,,0,0,False,2026-07-18 07:00:00-04:00,Weekend
2026-07-18 12:00:00+00:00,,,,,0,0,False,2026-07-18 08:00:00-04:00,Weekend
2026-07-18 13:00:00+00:00,,,,,0,0,False,2026-07-18 09:00:00-04:00,Weekend
2026-07-18 14:00:00+00:00,,,,,0,0,False,2026-07-18 10:00:00-04:00,Weekend
2026-07-18 15:00:00+00:00,,,,,0,0,False,2026-07-18 11:00:00-04:00,Weekend
2026-07-18 16:00:00+00:00,,,,,0,0,False,2026-07-18 12:00:00-04:00,Weekend
2026-07-18 17:00:00+00:00,,,,,0,0,False,2026-07-18 13:00:00-04:00,Weekend
2026-07-18 18:00:00+00:00,,,,,0,0,False,2026-07-18 14:00:00-04:00,Weekend
2026-07-18 19:00:00+00:00,,,,,0,0,False,2026-07-18 15:00:00-04:00,Weekend
2026-07-18 20:00:00+00:00,,,,,0,0,False,2026-07-18 16:00:00-04:00,Weekend
2026-07-18 21:00:00+00:00,,,,,0,0,False,2026-07-18 17:00:00-04:00,Weekend
2026-07-18 22:00:00+00:00,,,,,0,0,False,2026-07-18 18:00:00-04:00,Weekend
2026-07-18 23:00:00+00:00,,,,,0,0,False,2026-07-18 19:00:00-04:00,Weekend
2026-07-19 00:00:00+00:00,,,,,0,0,False,2026-07-18 20:00:00-04:00,Weekend
2026-07-19 01:00:00+00:00,,,,,0,0,False,2026-07-18 21:00:00-04:00,Weekend
2026-07-19 02:00:00+00:00,,,,,0,0,False,2026-07-18 22:00:00-04:00,Weekend
2026-07-19 03:00:00+00:00,,,,,0,0,False,2026-07-18 23:00:00-04:00,Weekend
2026-07-19 04:00:00+00:00,,,,,0,0,False,2026-07-19 00:00:00-04:00,Weekend
2026-07-19 05:00:00+00:00,,,,,0,0,False,2026-07-19 01:00:00-04:00,Weekend
2026-07-19 06:00:00+00:00,,,,,0,0,False,2026-07-19 02:00:00-04:00,Weekend
2026-07-19 07:00:00+00:00,,,,,0,0,False,2026-07-19 03:00:00-04:00,Weekend
2026-07-19 08:00:00+00:00,,,,,0,0,False,2026-07-19 04:00:00-04:00,Weekend
2026-07-19 09:00:00+00:00,,,,,0,0,False,2026-07-19 05:00:00-04:00,Weekend
2026-07-19 10:00:00+00:00,,,,,0,0,False,2026-07-19 06:00:00-04:00,Weekend
2026-07-19 11:00:00+00:00,,,,,0,0,False,2026-07-19 07:00:00-04:00,Weekend
2026-07-19 12:00:00+00:00,,,,,0,0,False,2026-07-19 08:00:00-04:00,Weekend
2026-07-19 13:00:00+00:00,,,,,0,0,False,2026-07-19 09:00:00-04:00,Weekend
2026-07-19 14:00:00+00:00,,,,,0,0,False,2026-07-19 10:00:00-04:00,Weekend
2026-07-19 15:00:00+00:00,,,,,0,0,False,2026-07-19 11:00:00-04:00,Weekend
2026-07-19 16:00:00+00:00,,,,,0,0,False,2026-07-19 12:00:00-04:00,Weekend
2026-07-19 17:00:00+00:00,,,,,0,0,False,2026-07-19 13:00:00-04:00,Weekend
2026-07-19 18:00:00+00:00,,,,,0,0,False,2026-07-19 14:00:00-04:00,Weekend
2026-07-19 19:00:00+00:00,,,,,0,0,False,2026-07-19 15:00:00-04:00,Weekend
2026-07-19 20:00:00+00:00,,,,,0,0,False,2026-07-19 16:00:00-04:00,Weekend
2026-07-19 21:00:00+00:00,,,,,0,0,False,2026-07-19 17:00:00-04:00,Weekend
2026-07-19 22:00:00+00:00,,,,,0,0,False,2026-07-19 18:00:00-04:00,Weekend
2026-07-19 23:00:00+00:00,,,,,0,0,False,2026-07-19 19:00:00-04:00,Weekend
2026-07-20 00:00:00+00:00,,,,,0,0,False,2026-07-19 20:00:00-04:00,Weekend
2026-07-20 01:00:00+00:00,,,,,0,0,False,2026-07-19 21:00:00-04:00,Weekend
2026-07-20 02:00:00+00:00,,,,,0,0,False,2026-07-19 22:00:00-04:00,Weekend
2026-07-20 03:00:00+00:00,,,,,0,0,False,2026-07-19 23:00:00-04:00,Weekend
2026-07-20 04:00:00+00:00,,,,,0,0,False,2026-07-20 00:00:00-04:00,Closed
2026-07-20 05:00:00+00:00,,,,,0,0,False,2026-07-20 01:00:00-04:00,Closed
2026-07-20 06:00:00+00:00,,,,,0,0,False,2026-07-20 02:00:00-04:00,Closed
2026-07-20 07:00:00+00:00,,,,,0,0,False,2026-07-20 03:00:00-04:00,Closed
2026-07-20 08:00:00+00:00,382.622,382.622,379.31,381.59,0,4,True,2026-07-20 04:00:00-04:00,Pre-Market
2026-07-20 09:00:00+00:00,381.5953,382.68,381.22,382.32,0,4,True,2026-07-20 05:00:00-04:00,Pre-Market
2026-07-20 10:00:00+00:00,382.3,382.42,381.624,382.11,0,4,True,2026-07-20 06:00:00-04:00,Pre-Market
2026-07-20 11:00:00+00:00,382.0487,385.88,380.84,385.34,0,4,True,2026-07-20 07:00:00-04:00,Pre-Market
2026-07-20 12:00:00+00:00,385.1782,385.45,384.0,384.4718,0,4,True,2026-07-20 08:00:00-04:00,Pre-Market
2026-07-20 13:00:00+00:00,384.3729,386.4,375.3699951171875,375.6000061035156,5123941,4,True,2026-07-20 09:00:00-04:00,Transition
2026-07-20 14:00:00+00:00,375.6300048828125,376.95989990234375,372.8999938964844,373.3699951171875,5892775,4,True,2026-07-20 10:00:00-04:00,Regular
2026-07-20 15:00:00+00:00,373.3599853515625,374.739990234375,371.6400146484375,373.9949951171875,4181220,4,True,2026-07-20 11:00:00-04:00,Regular
2026-07-20 16:00:00+00:00,374.0,377.0,372.4184875488281,372.8999938964844,3775645,4,True,2026-07-20 12:00:00-04:00,Regular
2026-07-20 17:00:00+00:00,372.885009765625,373.5700073242188,370.760009765625,373.1050109863281,3302062,4,True,2026-07-20 13:00:00-04:00,Regular
2026-07-20 18:00:00+00:00,373.0499877929688,374.6000061035156,370.5199890136719,371.3299865722656,3490100,4,True,2026-07-20 14:00:00-04:00,Regular
2026-07-20 19:00:00+00:00,371.2099914550781,371.8999938964844,369.4249877929688,369.5899963378906,5390956,4,True,2026-07-20 15:00:00-04:00,Regular
2026-07-20 20:00:00+00:00,369.54,379.496,364.6697,370.09,0,4,True,2026-07-20 16:00:00-04:00,After-Hours
2026-07-20 21:00:00+00:00,370.09,370.48,347.4276,370.29,0,4,True,2026-07-20 17:00:00-04:00,After-Hours
2026-07-20 22:00:00+00:00,370.3,370.3,369.41,369.6988,0,4,True,2026-07-20 18:00:00-04:00,After-Hours
2026-07-20 23:00:00+00:00,369.6997,370.8,369.69,370.5,0,4,True,2026-07-20 19:00:00-04:00,After-Hours
2026-07-21 00:00:00+00:00,,,,,0,0,False,2026-07-20 20:00:00-04:00,Closed
2026-07-21 01:00:00+00:00,,,,,0,0,False,2026-07-20 21:00:00-04:00,Closed
2026-07-21 02:00:00+00:00,,,,,0,0,False,2026-07-20 22:00:00-04:00,Closed
2026-07-21 03:00:00+00:00,,,,,0,0,False,2026-07-20 23:00:00-04:00,Closed
2026-07-21 04:00:00+00:00,,,,,0,0,False,2026-07-21 00:00:00-04:00,Closed
2026-07-21 05:00:00+00:00,,,,,0,0,False,2026-07-21 01:00:00-04:00,Closed
2026-07-21 06:00:00+00:00,,,,,0,0,False,2026-07-21 02:00:00-04:00,Closed
2026-07-21 07:00:00+00:00,,,,,0,0,False,2026-07-21 03:00:00-04:00,Closed
2026-07-21 08:00:00+00:00,372.71,374.69,369.57,374.2,0,4,True,2026-07-21 04:00:00-04:00,Pre-Market
2026-07-21 09:00:00+00:00,374.24,374.62,374.0,374.0432,0,4,True,2026-07-21 05:00:00-04:00,Pre-Market
2026-07-21 10:00:00+00:00,373.99,374.56,373.25,373.43,0,4,True,2026-07-21 06:00:00-04:00,Pre-Market
2026-07-21 11:00:00+00:00,373.6,374.0,369.57,372.73,0,4,True,2026-07-21 07:00:00-04:00,Pre-Market
2026-07-21 12:00:00+00:00,372.7283,374.0,371.06,371.31,0,4,True,2026-07-21 08:00:00-04:00,Pre-Market
2026-07-21 13:00:00+00:00,371.33,377.6700134277344,369.989990234375,377.6416931152344,6580310,4,True,2026-07-21 09:00:00-04:00,Transition
2026-07-21 14:00:00+00:00,377.6300048828125,384.0700073242188,377.3399963378906,382.7539978027344,7421644,4,True,2026-07-21 10:00:00-04:00,Regular
2026-07-21 15:00:00+00:00,382.8183898925781,382.9800109863281,380.4700012207031,381.0899963378906,3419616,4,True,2026-07-21 11:00:00-04:00,Regular
2026-07-21 16:00:00+00:00,381.1000061035156,382.0450134277344,380.3301086425781,380.6700134277344,2176330,4,True,2026-07-21 12:00:00-04:00,Regular
2026-07-21 17:00:00+00:00,380.6900024414063,381.1900024414063,379.1099853515625,379.489990234375,2176438,4,True,2026-07-21 13:00:00-04:00,Regular
2026-07-21 18:00:00+00:00,379.5,380.6899108886719,378.239990234375,378.3699951171875,1751001,4,True,2026-07-21 14:00:00-04:00,Regular
2026-07-21 19:00:00+00:00,378.2999877929688,379.5799865722656,376.7000122070313,378.9198913574219,3711515,4,True,2026-07-21 15:00:00-04:00,Regular
2026-07-21 20:00:00+00:00,378.93,380.0,352.5135,379.137,0,4,True,2026-07-21 16:00:00-04:00,After-Hours
2026-07-21 21:00:00+00:00,379.023,379.8,378.93,379.5,0,4,True,2026-07-21 17:00:00-04:00,After-Hours
2026-07-21 22:00:00+00:00,379.4,379.52,378.55,379.15,0,4,True,2026-07-21 18:00:00-04:00,After-Hours
2026-07-21 23:00:00+00:00,379.16,379.6,378.85,379.5,0,4,True,2026-07-21 19:00:00-04:00,After-Hours
2026-07-22 00:00:00+00:00,,,,,0,0,False,2026-07-21 20:00:00-04:00,Closed
2026-07-22 01:00:00+00:00,,,,,0,0,False,2026-07-21 21:00:00-04:00,Closed
2026-07-22 02:00:00+00:00,,,,,0,0,False,2026-07-21 22:00:00-04:00,Closed
2026-07-22 03:00:00+00:00,,,,,0,0,False,2026-07-21 23:00:00-04:00,Closed
2026-07-22 04:00:00+00:00,,,,,0,0,False,2026-07-22 00:00:00-04:00,Closed
2026-07-22 05:00:00+00:00,,,,,0,0,False,2026-07-22 01:00:00-04:00,Closed
2026-07-22 06:00:00+00:00,,,,,0,0,False,2026-07-22 02:00:00-04:00,Closed
2026-07-22 07:00:00+00:00,,,,,0,0,False,2026-07-22 03:00:00-04:00,Closed
2026-07-22 08:00:00+00:00,376.6385,379.3292,376.52,378.33,0,4,True,2026-07-22 04:00:00-04:00,Pre-Market
2026-07-22 09:00:00+00:00,378.2212,379.4,377.4,377.4075,0,4,True,2026-07-22 05:00:00-04:00,Pre-Market
2026-07-22 10:00:00+00:00,377.5537,378.8727,377.2112,378.01,0,4,True,2026-07-22 06:00:00-04:00,Pre-Market
2026-07-22 11:00:00+00:00,378.01,378.84,376.1,376.6,0,4,True,2026-07-22 07:00:00-04:00,Pre-Market
2026-07-22 12:00:00+00:00,376.6154,376.95,374.44,375.42,0,4,True,2026-07-22 08:00:00-04:00,Pre-Market
2026-07-22 13:00:00+00:00,375.46,380.1700134277344,374.8,379.5400085449219,3939196,4,True,2026-07-22 09:00:00-04:00,Transition
2026-07-22 14:00:00+00:00,379.6000061035156,380.139892578125,376.16009521484375,377.18499755859375,3417390,4,True,2026-07-22 10:00:00-04:00,Regular
2026-07-22 15:00:00+00:00,377.1400146484375,378.9500122070313,376.5400085449219,378.239990234375,2796830,4,True,2026-07-22 11:00:00-04:00,Regular
2026-07-22 16:00:00+00:00,378.2239990234375,378.64990234375,376.2421875,377.9599914550781,1841331,4,True,2026-07-22 12:00:00-04:00,Regular
2026-07-22 17:00:00+00:00,377.9400024414063,378.2998962402344,375.6099853515625,375.9599914550781,2088527,4,True,2026-07-22 13:00:00-04:00,Regular
2026-07-22 18:00:00+00:00,375.8700866699219,376.3999938964844,374.989990234375,375.3399963378906,2343802,4,True,2026-07-22 14:00:00-04:00,Regular
2026-07-22 19:00:00+00:00,375.2999877929688,375.7000122070313,372.8999938964844,374.0509948730469,4148367,4,True,2026-07-22 15:00:00-04:00,Regular
2026-07-22 20:00:00+00:00,374.13,379.2,360.25,364.51,0,4,True,2026-07-22 16:00:00-04:00,After-Hours
2026-07-22 21:00:00+00:00,364.67,388.5537,349.2396,358.484,0,4,True,2026-07-22 17:00:00-04:00,After-Hours
2026-07-22 22:00:00+00:00,358.46,359.75,356.0,359.2714,0,4,True,2026-07-22 18:00:00-04:00,After-Hours
2026-07-22 23:00:00+00:00,359.29,359.33,357.56,358.8,0,4,True,2026-07-22 19:00:00-04:00,After-Hours
2026-07-23 00:00:00+00:00,,,,,0,0,False,2026-07-22 20:00:00-04:00,Closed
2026-07-23 01:00:00+00:00,,,,,0,0,False,2026-07-22 21:00:00-04:00,Closed
2026-07-23 02:00:00+00:00,,,,,0,0,False,2026-07-22 22:00:00-04:00,Closed
2026-07-23 03:00:00+00:00,,,,,0,0,False,2026-07-22 23:00:00-04:00,Closed
2026-07-23 04:00:00+00:00,,,,,0,0,False,2026-07-23 00:00:00-04:00,Closed
2026-07-23 05:00:00+00:00,,,,,0,0,False,2026-07-23 01:00:00-04:00,Closed
2026-07-23 06:00:00+00:00,,,,,0,0,False,2026-07-23 02:00:00-04:00,Closed
2026-07-23 07:00:00+00:00,,,,,0,0,False,2026-07-23 03:00:00-04:00,Closed
2026-07-23 08:00:00+00:00,357.12,374.01,351.88,352.9115,0,4,True,2026-07-23 04:00:00-04:00,Pre-Market
2026-07-23 09:00:00+00:00,352.9115,353.9788,351.9009,352.03,0,4,True,2026-07-23 05:00:00-04:00,Pre-Market
2026-07-23 10:00:00+00:00,351.918,352.7,350.8,352.2,0,4,True,2026-07-23 06:00:00-04:00,Pre-Market
2026-07-23 11:00:00+00:00,352.22,374.01,347.18,347.39,0,4,True,2026-07-23 07:00:00-04:00,Pre-Market
2026-07-23 12:00:00+00:00,347.4,347.85,344.73,345.53,0,4,True,2026-07-23 08:00:00-04:00,Pre-Market
2026-07-23 13:00:00+00:00,345.5677,346.0,326.1600036621094,326.7200012207031,26156061,4,True,2026-07-23 09:00:00-04:00,Transition
2026-07-23 14:00:00+00:00,326.7200927734375,329.0690002441406,321.5801086425781,323.4200134277344,20316296,4,True,2026-07-23 10:00:00-04:00,Regular
2026-07-23 15:00:00+00:00,323.4200134277344,324.79998779296875,318.54998779296875,324.6000061035156,15758518,4,True,2026-07-23 11:00:00-04:00,Regular
2026-07-23 16:00:00+00:00,324.6000061035156,326.3399963378906,320.8100891113281,322.12091064453125,10311414,4,True,2026-07-23 12:00:00-04:00,Regular
2026-07-23 17:00:00+00:00,322.0849914550781,323.3999938964844,320.4100036621094,321.2300109863281,6785400,4,True,2026-07-23 13:00:00-04:00,Regular
2026-07-23 18:00:00+00:00,321.19000244140625,322.159912109375,320.1000061035156,321.2699890136719,6780871,4,True,2026-07-23 14:00:00-04:00,Regular
2026-07-23 19:00:00+00:00,321.2799987792969,323.3995056152344,315.7349853515625,319.4599914550781,19287739,4,True,2026-07-23 15:00:00-04:00,Regular
2026-07-23 20:00:00+00:00,319.19,324.25,318.89,323.99,0,4,True,2026-07-23 16:00:00-04:00,After-Hours
2026-07-23 21:00:00+00:00,323.88,345.4326,318.9061,323.77,0,4,True,2026-07-23 17:00:00-04:00,After-Hours
2026-07-23 22:00:00+00:00,323.79,324.45,323.1,324.1,0,4,True,2026-07-23 18:00:00-04:00,After-Hours
2026-07-23 23:00:00+00:00,324.01,324.42,323.1,324.0,0,4,True,2026-07-23 19:00:00-04:00,After-Hours
2026-07-24 00:00:00+00:00,,,,,0,0,False,2026-07-23 20:00:00-04:00,Closed
2026-07-24 01:00:00+00:00,,,,,0,0,False,2026-07-23 21:00:00-04:00,Closed
2026-07-24 02:00:00+00:00,,,,,0,0,False,2026-07-23 22:00:00-04:00,Closed
2026-07-24 03:00:00+00:00,,,,,0,0,False,2026-07-23 23:00:00-04:00,Closed
2026-07-24 04:00:00+00:00,,,,,0,0,False,2026-07-24 00:00:00-04:00,Closed
2026-07-24 05:00:00+00:00,,,,,0,0,False,2026-07-24 01:00:00-04:00,Closed
2026-07-24 06:00:00+00:00,,,,,0,0,False,2026-07-24 02:00:00-04:00,Closed
2026-07-24 07:00:00+00:00,,,,,0,0,False,2026-07-24 03:00:00-04:00,Closed
2026-07-24 08:00:00+00:00,320.12,325.288,319.69,323.5586,0,4,True,2026-07-24 04:00:00-04:00,Pre-Market
2026-07-24 09:00:00+00:00,323.55,324.9465,322.4,323.91,0,4,True,2026-07-24 05:00:00-04:00,Pre-Market
2026-07-24 10:00:00+00:00,323.91,324.1588,323.08,323.52,0,4,True,2026-07-24 06:00:00-04:00,Pre-Market
2026-07-24 11:00:00+00:00,323.6075,323.7,321.12,322.8649,0,4,True,2026-07-24 07:00:00-04:00,Pre-Market
2026-07-24 12:00:00+00:00,322.8993,323.03,320.6,321.73,0,4,True,2026-07-24 08:00:00-04:00,Pre-Market
2026-07-24 13:00:00+00:00,321.76,325.0,314.2699890136719,315.5150146484375,11281408,4,True,2026-07-24 09:00:00-04:00,Transition
2026-07-24 14:00:00+00:00,315.54998779296875,317.1700134277344,308.5,312.40008544921875,12811080,4,True,2026-07-24 10:00:00-04:00,Regular
2026-07-24 15:00:00+00:00,312.3999938964844,312.6099853515625,308.3099975585937,310.8900146484375,8588036,4,True,2026-07-24 11:00:00-04:00,Regular
2026-07-24 16:00:00+00:00,310.92498779296875,311.9800109863281,309.17999267578125,309.239990234375,4733735,4,True,2026-07-24 12:00:00-04:00,Regular
2026-07-24 17:00:00+00:00,309.2799987792969,310.010009765625,308.0,309.5050048828125,5376040,4,True,2026-07-24 13:00:00-04:00,Regular
2026-07-24 18:00:00+00:00,309.5,309.9200134277344,306.510009765625,309.3900146484375,6270883,4,True,2026-07-24 14:00:00-04:00,Regular
2026-07-24 19:00:00+00:00,309.3399963378906,313.239990234375,308.0801086425781,313.0,9611086,4,True,2026-07-24 15:00:00-04:00,Regular
2026-07-24 20:00:00+00:00,312.91,314.33,300.2652,312.59,0,4,True,2026-07-24 16:00:00-04:00,After-Hours
2026-07-24 21:00:00+00:00,312.55,313.5,300.2652,312.85,0,4,True,2026-07-24 17:00:00-04:00,After-Hours
2026-07-24 22:00:00+00:00,312.8,312.89,311.5,311.7028,0,4,True,2026-07-24 18:00:00-04:00,After-Hours
2026-07-24 23:00:00+00:00,311.84,312.3,310.84,311.38,0,4,True,2026-07-24 19:00:00-04:00,After-Hours
2026-07-25 00:00:00+00:00,,,,,0,0,False,2026-07-24 20:00:00-04:00,Closed
2026-07-25 01:00:00+00:00,,,,,0,0,False,2026-07-24 21:00:00-04:00,Closed
2026-07-25 02:00:00+00:00,,,,,0,0,False,2026-07-24 22:00:00-04:00,Closed
2026-07-25 03:00:00+00:00,,,,,0,0,False,2026-07-24 23:00:00-04:00,Closed
2026-07-25 04:00:00+00:00,,,,,0,0,False,2026-07-25 00:00:00-04:00,Weekend
2026-07-25 05:00:00+00:00,,,,,0,0,False,2026-07-25 01:00:00-04:00,Weekend
2026-07-25 06:00:00+00:00,,,,,0,0,False,2026-07-25 02:00:00-04:00,Weekend
2026-07-25 07:00:00+00:00,,,,,0,0,False,2026-07-25 03:00:00-04:00,Weekend
2026-07-25 08:00:00+00:00,,,,,0,0,False,2026-07-25 04:00:00-04:00,Weekend
2026-07-25 09:00:00+00:00,,,,,0,0,False,2026-07-25 05:00:00-04:00,Weekend
2026-07-25 10:00:00+00:00,,,,,0,0,False,2026-07-25 06:00:00-04:00,Weekend
2026-07-25 11:00:00+00:00,,,,,0,0,False,2026-07-25 07:00:00-04:00,Weekend
2026-07-25 12:00:00+00:00,,,,,0,0,False,2026-07-25 08:00:00-04:00,Weekend
2026-07-25 13:00:00+00:00,,,,,0,0,False,2026-07-25 09:00:00-04:00,Weekend
2026-07-25 14:00:00+00:00,,,,,0,0,False,2026-07-25 10:00:00-04:00,Weekend
2026-07-25 15:00:00+00:00,,,,,0,0,False,2026-07-25 11:00:00-04:00,Weekend
2026-07-25 16:00:00+00:00,,,,,0,0,False,2026-07-25 12:00:00-04:00,Weekend
2026-07-25 17:00:00+00:00,,,,,0,0,False,2026-07-25 13:00:00-04:00,Weekend
2026-07-25 18:00:00+00:00,,,,,0,0,False,2026-07-25 14:00:00-04:00,Weekend
2026-07-25 19:00:00+00:00,,,,,0,0,False,2026-07-25 15:00:00-04:00,Weekend
2026-07-25 20:00:00+00:00,,,,,0,0,False,2026-07-25 16:00:00-04:00,Weekend
2026-07-25 21:00:00+00:00,,,,,0,0,False,2026-07-25 17:00:00-04:00,Weekend
2026-07-25 22:00:00+00:00,,,,,0,0,False,2026-07-25 18:00:00-04:00,Weekend
2026-07-25 23:00:00+00:00,,,,,0,0,False,2026-07-25 19:00:00-04:00,Weekend
2026-07-26 00:00:00+00:00,,,,,0,0,False,2026-07-25 20:00:00-04:00,Weekend
2026-07-26 01:00:00+00:00,,,,,0,0,False,2026-07-25 21:00:00-04:00,Weekend
2026-07-26 02:00:00+00:00,,,,,0,0,False,2026-07-25 22:00:00-04:00,Weekend
2026-07-26 03:00:00+00:00,,,,,0,0,False,2026-07-25 23:00:00-04:00,Weekend
2026-07-26 04:00:00+00:00,,,,,0,0,False,2026-07-26 00:00:00-04:00,Weekend
2026-07-26 05:00:00+00:00,,,,,0,0,False,2026-07-26 01:00:00-04:00,Weekend
2026-07-26 06:00:00+00:00,,,,,0,0,False,2026-07-26 02:00:00-04:00,Weekend
2026-07-26 07:00:00+00:00,,,,,0,0,False,2026-07-26 03:00:00-04:00,Weekend
2026-07-26 08:00:00+00:00,,,,,0,0,False,2026-07-26 04:00:00-04:00,Weekend
2026-07-26 09:00:00+00:00,,,,,0,0,False,2026-07-26 05:00:00-04:00,Weekend
2026-07-26 10:00:00+00:00,,,,,0,0,False,2026-07-26 06:00:00-04:00,Weekend
2026-07-26 11:00:00+00:00,,,,,0,0,False,2026-07-26 07:00:00-04:00,Weekend
2026-07-26 12:00:00+00:00,,,,,0,0,False,2026-07-26 08:00:00-04:00,Weekend
2026-07-26 13:00:00+00:00,,,,,0,0,False,2026-07-26 09:00:00-04:00,Weekend
2026-07-26 14:00:00+00:00,,,,,0,0,False,2026-07-26 10:00:00-04:00,Weekend
2026-07-26 15:00:00+00:00,,,,,0,0,False,2026-07-26 11:00:00-04:00,Weekend
2026-07-26 16:00:00+00:00,,,,,0,0,False,2026-07-26 12:00:00-04:00,Weekend
2026-07-26 17:00:00+00:00,,,,,0,0,False,2026-07-26 13:00:00-04:00,Weekend
2026-07-26 18:00:00+00:00,,,,,0,0,False,2026-07-26 14:00:00-04:00,Weekend
2026-07-26 19:00:00+00:00,,,,,0,0,False,2026-07-26 15:00:00-04:00,Weekend
2026-07-26 20:00:00+00:00,,,,,0,0,False,2026-07-26 16:00:00-04:00,Weekend
2026-07-26 21:00:00+00:00,,,,,0,0,False,2026-07-26 17:00:00-04:00,Weekend
2026-07-26 22:00:00+00:00,,,,,0,0,False,2026-07-26 18:00:00-04:00,Weekend
2026-07-26 23:00:00+00:00,,,,,0,0,False,2026-07-26 19:00:00-04:00,Weekend
2026-07-27 00:00:00+00:00,,,,,0,0,False,2026-07-26 20:00:00-04:00,Weekend
2026-07-27 01:00:00+00:00,,,,,0,0,False,2026-07-26 21:00:00-04:00,Weekend
2026-07-27 02:00:00+00:00,,,,,0,0,False,2026-07-26 22:00:00-04:00,Weekend
2026-07-27 03:00:00+00:00,,,,,0,0,False,2026-07-26 23:00:00-04:00,Weekend
2026-07-27 04:00:00+00:00,,,,,0,0,False,2026-07-27 00:00:00-04:00,Closed
2026-07-27 05:00:00+00:00,,,,,0,0,False,2026-07-27 01:00:00-04:00,Closed
2026-07-27 06:00:00+00:00,,,,,0,0,False,2026-07-27 02:00:00-04:00,Closed
2026-07-27 07:00:00+00:00,,,,,0,0,False,2026-07-27 03:00:00-04:00,Closed
2026-07-27 08:00:00+00:00,315.48,318.4,314.455,317.85,0,4,True,2026-07-27 04:00:00-04:00,Pre-Market
2026-07-27 09:00:00+00:00,317.79,318.0,317.172,317.62,0,4,True,2026-07-27 05:00:00-04:00,Pre-Market
2026-07-27 10:00:00+00:00,317.65,317.73,316.7012,316.77,0,4,True,2026-07-27 06:00:00-04:00,Pre-Market
2026-07-27 11:00:00+00:00,316.75,317.3411,315.0,315.55,0,4,True,2026-07-27 07:00:00-04:00,Pre-Market
2026-07-27 12:00:00+00:00,315.5158,316.89,315.29,316.62,0,4,True,2026-07-27 08:00:00-04:00,Pre-Market
2026-07-27 13:00:00+00:00,316.67,317.0,308.79998779296875,309.0599975585937,8367558,4,True,2026-07-27 09:00:00-04:00,Transition
2026-07-27 14:00:00+00:00,309.1000061035156,310.20001220703125,304.2799987792969,308.760009765625,9221490,4,True,2026-07-27 10:00:00-04:00,Regular
2026-07-27 15:00:00+00:00,308.7550048828125,310.7300109863281,307.0299987792969,308.7398986816406,4616875,4,True,2026-07-27 11:00:00-04:00,Regular
2026-07-27 16:00:00+00:00,308.7699890136719,310.4519958496094,307.25,307.7699890136719,3941918,4,True,2026-07-27 12:00:00-04:00,Regular
2026-07-27 17:00:00+00:00,307.7401123046875,308.6700134277344,306.70001220703125,308.44000244140625,2956889,4,True,2026-07-27 13:00:00-04:00,Regular
2026-07-27 18:00:00+00:00,308.44000244140625,308.7900085449219,305.44000244140625,307.6300048828125,3996601,4,True,2026-07-27 14:00:00-04:00,Regular
2026-07-27 19:00:00+00:00,307.6600036621094,309.3399963378906,307.1199951171875,309.239990234375,6217956,4,True,2026-07-27 15:00:00-04:00,Regular
2026-07-27 20:00:00+00:00,309.23,320.8556,308.38,309.29,0,4,True,2026-07-27 16:00:00-04:00,After-Hours
2026-07-27 21:00:00+00:00,309.25,313.2122,295.1304,308.91,0,4,True,2026-07-27 17:00:00-04:00,After-Hours
2026-07-27 22:00:00+00:00,308.95,308.97,307.63,307.8308,0,4,True,2026-07-27 18:00:00-04:00,After-Hours
2026-07-27 23:00:00+00:00,307.8297,308.26,307.35,308.1,0,4,True,2026-07-27 19:00:00-04:00,After-Hours
2026-07-28 00:00:00+00:00,,,,,0,0,False,2026-07-27 20:00:00-04:00,Closed
2026-07-28 01:00:00+00:00,,,,,0,0,False,2026-07-27 21:00:00-04:00,Closed
2026-07-28 02:00:00+00:00,,,,,0,0,False,2026-07-27 22:00:00-04:00,Closed
2026-07-28 03:00:00+00:00,,,,,0,0,False,2026-07-27 23:00:00-04:00,Closed
2026-07-28 04:00:00+00:00,,,,,0,0,False,2026-07-28 00:00:00-04:00,Closed
2026-07-28 05:00:00+00:00,,,,,0,0,False,2026-07-28 01:00:00-04:00,Closed
2026-07-28 06:00:00+00:00,,,,,0,0,False,2026-07-28 02:00:00-04:00,Closed
2026-07-28 07:00:00+00:00,,,,,0,0,False,2026-07-28 03:00:00-04:00,Closed
2026-07-28 08:00:00+00:00,304.97,309.22,302.89,305.72,0,4,True,2026-07-28 04:00:00-04:00,Pre-Market
2026-07-28 09:00:00+00:00,305.67,306.37,304.55,305.01,0,4,True,2026-07-28 05:00:00-04:00,Pre-Market
2026-07-28 10:00:00+00:00,304.75,305.5,304.2912,304.9386,0,4,True,2026-07-28 06:00:00-04:00,Pre-Market
2026-07-28 11:00:00+00:00,305.06,305.5,303.57,304.6033,0,4,True,2026-07-28 07:00:00-04:00,Pre-Market
2026-07-28 12:00:00+00:00,304.5725,308.09,304.39,307.45,0,4,True,2026-07-28 08:00:00-04:00,Pre-Market
2026-07-28 13:00:00+00:00,307.4,307.76,302.3700866699219,303.6199951171875,7295141,4,True,2026-07-28 09:00:00-04:00,Transition
2026-07-28 14:00:00+00:00,303.54998779296875,305.6199951171875,300.6900939941406,304.0473937988281,7538901,4,True,2026-07-28 10:00:00-04:00,Regular
2026-07-28 15:00:00+00:00,304.0450134277344,309.739990234375,303.8500061035156,309.7250061035156,5256052,4,True,2026-07-28 11:00:00-04:00,Regular
2026-07-28 16:00:00+00:00,309.7250061035156,311.1499938964844,305.9100036621094,307.6698913574219,4733835,4,True,2026-07-28 12:00:00-04:00,Regular
2026-07-28 17:00:00+00:00,307.625,307.8500061035156,306.152587890625,307.1527099609375,3067081,4,True,2026-07-28 13:00:00-04:00,Regular
2026-07-28 18:00:00+00:00,307.0799865722656,307.5994873046875,305.76220703125,306.57501220703125,2757266,4,True,2026-07-28 14:00:00-04:00,Regular
2026-07-28 19:00:00+00:00,306.57000732421875,307.5,305.0400085449219,307.4873962402344,4514950,4,True,2026-07-28 15:00:00-04:00,Regular
2026-07-28 20:00:00+00:00,307.44,309.0,301.7349,306.4,0,4,True,2026-07-28 16:00:00-04:00,After-Hours
2026-07-28 21:00:00+00:00,306.4,325.8724,296.5956,306.0814,0,4,True,2026-07-28 17:00:00-04:00,After-Hours
2026-07-28 22:00:00+00:00,306.06,306.37,304.18,304.47,0,4,True,2026-07-28 18:00:00-04:00,After-Hours
2026-07-28 23:00:00+00:00,304.2001,306.86,303.48,306.86,0,4,True,2026-07-28 19:00:00-04:00,After-Hours
2026-07-29 00:00:00+00:00,,,,,0,0,False,2026-07-28 20:00:00-04:00,Closed
2026-07-29 01:00:00+00:00,,,,,0,0,False,2026-07-28 21:00:00-04:00,Closed
2026-07-29 02:00:00+00:00,,,,,0,0,False,2026-07-28 22:00:00-04:00,Closed
2026-07-29 03:00:00+00:00,,,,,0,0,False,2026-07-28 23:00:00-04:00,Closed
2026-07-29 04:00:00+00:00,,,,,0,0,False,2026-07-29 00:00:00-04:00,Closed
2026-07-29 05:00:00+00:00,,,,,0,0,False,2026-07-29 01:00:00-04:00,Closed
2026-07-29 06:00:00+00:00,,,,,0,0,False,2026-07-29 02:00:00-04:00,Closed
2026-07-29 07:00:00+00:00,,,,,0,0,False,2026-07-29 03:00:00-04:00,Closed
2026-07-29 08:00:00+00:00,306.89,306.93,301.77,305.7145,0,4,True,2026-07-29 04:00:00-04:00,Pre-Market
2026-07-29 09:00:00+00:00,305.69,307.7996,305.51,307.02,0,4,True,2026-07-29 05:00:00-04:00,Pre-Market
2026-07-29 10:00:00+00:00,307.22,307.5,305.89,306.004,0,4,True,2026-07-29 06:00:00-04:00,Pre-Market
2026-07-29 11:00:00+00:00,306.075,309.2,306.01,308.7104,0,4,True,2026-07-29 07:00:00-04:00,Pre-Market
2026-07-29 12:00:00+00:00,308.82,308.85,306.2,307.268,0,4,True,2026-07-29 08:00:00-04:00,Pre-Market
2026-07-29 13:00:00+00:00,307.2775,309.0450134277344,303.8500061035156,305.45001220703125,4933620,4,True,2026-07-29 09:00:00-04:00,Transition
2026-07-29 14:00:00+00:00,305.5400085449219,306.5,301.9549865722656,302.8900146484375,4966792,4,True,2026-07-29 10:00:00-04:00,Regular
2026-07-29 15:00:00+00:00,302.85009765625,303.6700134277344,300.57501220703125,301.4700012207031,4103341,4,True,2026-07-29 11:00:00-04:00,Regular
2026-07-29 16:00:00+00:00,301.4700012207031,302.2799987792969,299.70001220703125,302.20001220703125,4416624,4,True,2026-07-29 12:00:00-04:00,Regular
2026-07-29 17:00:00+00:00,302.2099914550781,304.159912109375,301.9020080566406,303.0799865722656,2993598,4,True,2026-07-29 13:00:00-04:00,Regular
2026-07-29 18:00:00+00:00,303.0400085449219,307.4599914550781,301.69000244140625,307.1300048828125,4407036,4,True,2026-07-29 14:00:00-04:00,Regular
2026-07-29 19:00:00+00:00,307.20001220703125,307.989990234375,297.3800048828125,298.3500061035156,8883412,4,True,2026-07-29 15:00:00-04:00,Regular
2026-07-29 20:00:00+00:00,298.43,311.6811,293.43,296.3,0,4,True,2026-07-29 16:00:00-04:00,After-Hours
2026-07-29 21:00:00+00:00,296.2,311.6811,293.7,295.17,0,4,True,2026-07-29 17:00:00-04:00,After-Hours
2026-07-29 22:00:00+00:00,295.18,298.32,295.17,297.2112,0,4,True,2026-07-29 18:00:00-04:00,After-Hours
2026-07-29 23:00:00+00:00,297.211,297.75,296.5,296.9,0,4,True,2026-07-29 19:00:00-04:00,After-Hours
2026-07-30 00:00:00+00:00,,,,,0,0,False,2026-07-29 20:00:00-04:00,Closed
2026-07-30 01:00:00+00:00,,,,,0,0,False,2026-07-29 21:00:00-04:00,Closed
2026-07-30 02:00:00+00:00,,,,,0,0,False,2026-07-29 22:00:00-04:00,Closed
2026-07-30 03:00:00+00:00,,,,,0,0,False,2026-07-29 23:00:00-04:00,Closed
2026-07-30 04:00:00+00:00,,,,,0,0,False,2026-07-30 00:00:00-04:00,Closed
2026-07-30 05:00:00+00:00,,,,,0,0,False,2026-07-30 01:00:00-04:00,Closed
2026-07-30 06:00:00+00:00,,,,,0,0,False,2026-07-30 02:00:00-04:00,Closed
2026-07-30 07:00:00+00:00,,,,,0,0,False,2026-07-30 03:00:00-04:00,Closed
2026-07-30 08:00:00+00:00,299.24,301.0,297.0468,299.9715,0,4,True,2026-07-30 04:00:00-04:00,Pre-Market
2026-07-30 09:00:00+00:00,300.05,301.5,299.82,300.9,0,4,True,2026-07-30 05:00:00-04:00,Pre-Market
2026-07-30 10:00:00+00:00,300.85,303.2199,300.57,302.3,0,4,True,2026-07-30 06:00:00-04:00,Pre-Market
2026-07-30 11:00:00+00:00,302.11,303.9,302.09,303.29,0,4,True,2026-07-30 07:00:00-04:00,Pre-Market
2026-07-30 12:00:00+00:00,303.3,305.08,303.1672,304.28,0,4,True,2026-07-30 08:00:00-04:00,Pre-Market
2026-07-30 13:00:00+00:00,304.3,307.8999938964844,301.3500061035156,307.0599975585937,7805514,4,True,2026-07-30 09:00:00-04:00,Transition
2026-07-30 14:00:00+00:00,307.010009765625,309.1199951171875,303.82000732421875,304.7950134277344,7114279,4,True,2026-07-30 10:00:00-04:00,Regular
2026-07-30 15:00:00+00:00,304.7950134277344,306.489990234375,303.510009765625,305.2349853515625,4295038,4,True,2026-07-30 11:00:00-04:00,Regular
2026-07-30 16:00:00+00:00,305.2699890136719,307.4800109863281,304.5199890136719,306.1705017089844,2957949,4,True,2026-07-30 12:00:00-04:00,Regular
2026-07-30 17:00:00+00:00,306.19500732421875,308.4800109863281,305.4200134277344,307.635009765625,2582243,4,True,2026-07-30 13:00:00-04:00,Regular
2026-07-30 18:00:00+00:00,307.635009765625,308.2200012207031,306.79998779296875,308.0799865722656,2365809,4,True,2026-07-30 14:00:00-04:00,Regular
2026-07-30 19:00:00+00:00,308.0799865722656,310.8699951171875,308.0299987792969,308.8900146484375,5890903,4,True,2026-07-30 15:00:00-04:00,Regular
2026-07-30 20:00:00+00:00,308.85,308.85,306.1,308.05,0,4,True,2026-07-30 16:00:00-04:00,After-Hours
2026-07-30 21:00:00+00:00,308.0698,309.39,308.01,308.85,0,4,True,2026-07-30 17:00:00-04:00,After-Hours
2026-07-30 22:00:00+00:00,308.88,309.8,308.85,309.75,0,4,True,2026-07-30 18:00:00-04:00,After-Hours
2026-07-30 23:00:00+00:00,309.75,309.9,308.85,309.0996,0,4,True,2026-07-30 19:00:00-04:00,After-Hours
2026-07-31 00:00:00+00:00,,,,,0,0,False,2026-07-30 20:00:00-04:00,Closed
2026-07-31 01:00:00+00:00,,,,,0,0,False,2026-07-30 21:00:00-04:00,Closed
2026-07-31 02:00:00+00:00,,,,,0,0,False,2026-07-30 22:00:00-04:00,Closed
2026-07-31 03:00:00+00:00,,,,,0,0,False,2026-07-30 23:00:00-04:00,Closed
2026-07-31 04:00:00+00:00,,,,,0,0,False,2026-07-31 00:00:00-04:00,Closed
2026-07-31 05:00:00+00:00,,,,,0,0,False,2026-07-31 01:00:00-04:00,Closed
2026-07-31 06:00:00+00:00,,,,,0,0,False,2026-07-31 02:00:00-04:00,Closed
2026-07-31 07:00:00+00:00,,,,,0,0,False,2026-07-31 03:00:00-04:00,Closed
2026-07-31 08:00:00+00:00,315.82,317.3088,308.85,316.31,0,4,True,2026-07-31 04:00:00-04:00,Pre-Market
2026-07-31 09:00:00+00:00,316.2768,316.44,313.33,313.5,0,4,True,2026-07-31 05:00:00-04:00,Pre-Market
2026-07-31 10:00:00+00:00,313.4286,314.8927,313.33,313.7693,0,4,True,2026-07-31 06:00:00-04:00,Pre-Market
2026-07-31 11:00:00+00:00,313.6,314.39,311.6,312.83,0,4,True,2026-07-31 07:00:00-04:00,Pre-Market
2026-07-31 12:00:00+00:00,312.9,312.9,310.1,310.2606,0,4,True,2026-07-31 08:00:00-04:00,Pre-Market
2026-07-31 13:00:00+00:00,310.25,315.5,305.78009033203125,306.3500061035156,6582307,4,True,2026-07-31 09:00:00-04:00,Transition
2026-07-31 14:00:00+00:00,306.3500061035156,310.1600036621094,301.9700012207031,308.8550109863281,9087835,4,True,2026-07-31 10:00:00-04:00,Regular
2026-07-31 15:00:00+00:00,308.8550109863281,309.1600036621094,305.4200134277344,307.5599975585937,4152562,4,True,2026-07-31 11:00:00-04:00,Regular
2026-07-31 16:00:00+00:00,307.6000061035156,310.2200012207031,307.3099975585937,309.7099914550781,3281590,4,True,2026-07-31 12:00:00-04:00,Regular
2026-07-31 17:00:00+00:00,309.70001220703125,311.5299987792969,309.6199951171875,311.0899963378906,2788168,4,True,2026-07-31 13:00:00-04:00,Regular
2026-07-31 18:00:00+00:00,311.0849914550781,312.1532897949219,310.1400146484375,310.8399963378906,2642713,4,True,2026-07-31 14:00:00-04:00,Regular
2026-07-31 19:00:00+00:00,310.8900146484375,313.21148681640625,309.760009765625,311.1199951171875,4536781,4,True,2026-07-31 15:00:00-04:00,Regular
2026-07-31 20:00:00+00:00,311.21,319.69,308.82,309.5,0,4,True,2026-07-31 16:00:00-04:00,After-Hours
2026-07-31 21:00:00+00:00,309.52,326.2686,298.6761,309.6156,0,4,True,2026-07-31 17:00:00-04:00,After-Hours
2026-07-31 22:00:00+00:00,309.5644,311.21,309.5,309.51,0,4,True,2026-07-31 18:00:00-04:00,After-Hours
2026-07-31 23:00:00+00:00,309.6,310.1,309.14,309.2615,0,4,True,2026-07-31 19:00:00-04:00,After-Hours
2026-08-01 00:00:00+00:00,,,,,0,0,False,2026-07-31 20:00:00-04:00,Closed
2026-08-01 01:00:00+00:00,,,,,0,0,False,2026-07-31 21:00:00-04:00,Closed
2026-08-01 02:00:00+00:00,,,,,0,0,False,2026-07-31 22:00:00-04:00,Closed
2026-08-01 03:00:00+00:00,,,,,0,0,False,2026-07-31 23:00:00-04:00,Closed
2026-08-01 04:00:00+00:00,,,,,0,0,False,2026-08-01 00:00:00-04:00,Weekend
2026-08-01 05:00:00+00:00,,,,,0,0,False,2026-08-01 01:00:00-04:00,Weekend
2026-08-01 06:00:00+00:00,,,,,0,0,False,2026-08-01 02:00:00-04:00,Weekend
2026-08-01 07:00:00+00:00,,,,,0,0,False,2026-08-01 03:00:00-04:00,Weekend
2026-08-01 08:00:00+00:00,,,,,0,0,False,2026-08-01 04:00:00-04:00,Weekend
2026-08-01 09:00:00+00:00,,,,,0,0,False,2026-08-01 05:00:00-04:00,Weekend
2026-08-01 10:00:00+00:00,,,,,0,0,False,2026-08-01 06:00:00-04:00,Weekend
2026-08-01 11:00:00+00:00,,,,,0,0,False,2026-08-01 07:00:00-04:00,Weekend
2026-08-01 12:00:00+00:00,,,,,0,0,False,2026-08-01 08:00:00-04:00,Weekend
2026-08-01 13:00:00+00:00,,,,,0,0,False,2026-08-01 09:00:00-04:00,Weekend
2026-08-01 14:00:00+00:00,,,,,0,0,False,2026-08-01 10:00:00-04:00,Weekend
2026-08-01 15:00:00+00:00,,,,,0,0,False,2026-08-01 11:00:00-04:00,Weekend
2026-08-01 16:00:00+00:00,,,,,0,0,False,2026-08-01 12:00:00-04:00,Weekend
2026-08-01 17:00:00+00:00,,,,,0,0,False,2026-08-01 13:00:00-04:00,Weekend
2026-08-01 18:00:00+00:00,,,,,0,0,False,2026-08-01 14:00:00-04:00,Weekend
2026-08-01 19:00:00+00:00,,,,,0,0,False,2026-08-01 15:00:00-04:00,Weekend
2026-08-01 20:00:00+00:00,,,,,0,0,False,2026-08-01 16:00:00-04:00,Weekend
2026-08-01 21:00:00+00:00,,,,,0,0,False,2026-08-01 17:00:00-04:00,Weekend
2026-08-01 22:00:00+00:00,,,,,0,0,False,2026-08-01 18:00:00-04:00,Weekend
2026-08-01 23:00:00+00:00,,,,,0,0,False,2026-08-01 19:00:00-04:00,Weekend
2026-08-02 00:00:00+00:00,,,,,0,0,False,2026-08-01 20:00:00-04:00,Weekend
2026-08-02 01:00:00+00:00,,,,,0,0,False,2026-08-01 21:00:00-04:00,Weekend
2026-08-02 02:00:00+00:00,,,,,0,0,False,2026-08-01 22:00:00-04:00,Weekend
2026-08-02 03:00:00+00:00,,,,,0,0,False,2026-08-01 23:00:00-04:00,Weekend
2026-08-02 04:00:00+00:00,,,,,0,0,False,2026-08-02 00:00:00-04:00,Weekend
2026-08-02 05:00:00+00:00,,,,,0,0,False,2026-08-02 01:00:00-04:00,Weekend
2026-08-02 06:00:00+00:00,,,,,0,0,False,2026-08-02 02:00:00-04:00,Weekend
2026-08-02 07:00:00+00:00,,,,,0,0,False,2026-08-02 03:00:00-04:00,Weekend
2026-08-02 08:00:00+00:00,,,,,0,0,False,2026-08-02 04:00:00-04:00,Weekend
2026-08-02 09:00:00+00:00,,,,,0,0,False,2026-08-02 05:00:00-04:00,Weekend
2026-08-02 10:00:00+00:00,,,,,0,0,False,2026-08-02 06:00:00-04:00,Weekend
2026-08-02 11:00:00+00:00,,,,,0,0,False,2026-08-02 07:00:00-04:00,Weekend
2026-08-02 12:00:00+00:00,,,,,0,0,False,2026-08-02 08:00:00-04:00,Weekend
2026-08-02 13:00:00+00:00,,,,,0,0,False,2026-08-02 09:00:00-04:00,Weekend
2026-08-02 14:00:00+00:00,,,,,0,0,False,2026-08-02 10:00:00-04:00,Weekend
2026-08-02 15:00:00+00:00,,,,,0,0,False,2026-08-02 11:00:00-04:00,Weekend
2026-08-02 16:00:00+00:00,,,,,0,0,False,2026-08-02 12:00:00-04:00,Weekend
2026-08-02 17:00:00+00:00,,,,,0,0,False,2026-08-02 13:00:00-04:00,Weekend
2026-08-02 18:00:00+00:00,,,,,0,0,False,2026-08-02 14:00:00-04:00,Weekend
2026-08-02 19:00:00+00:00,,,,,0,0,False,2026-08-02 15:00:00-04:00,Weekend
2026-08-02 20:00:00+00:00,,,,,0,0,False,2026-08-02 16:00:00-04:00,Weekend
2026-08-02 21:00:00+00:00,,,,,0,0,False,2026-08-02 17:00:00-04:00,Weekend
2026-08-02 22:00:00+00:00,,,,,0,0,False,2026-08-02 18:00:00-04:00,Weekend
2026-08-02 23:00:00+00:00,,,,,0,0,False,2026-08-02 19:00:00-04:00,Weekend
2026-08-03 00:00:00+00:00,,,,,0,0,False,2026-08-02 20:00:00-04:00,Weekend
2026-08-03 01:00:00+00:00,,,,,0,0,False,2026-08-02 21:00:00-04:00,Weekend
2026-08-03 02:00:00+00:00,,,,,0,0,False,2026-08-02 22:00:00-04:00,Weekend
2026-08-03 03:00:00+00:00,,,,,0,0,False,2026-08-02 23:00:00-04:00,Weekend
2026-08-03 04:00:00+00:00,,,,,0,0,False,2026-08-03 00:00:00-04:00,Closed
2026-08-03 05:00:00+00:00,,,,,0,0,False,2026-08-03 01:00:00-04:00,Closed
2026-08-03 06:00:00+00:00,,,,,0,0,False,2026-08-03 02:00:00-04:00,Closed
2026-08-03 07:00:00+00:00,,,,,0,0,False,2026-08-03 03:00:00-04:00,Closed
2026-08-03 08:00:00+00:00,313.4802,316.0605,313.3,314.83,0,4,True,2026-08-03 04:00:00-04:00,Pre-Market
2026-08-03 09:00:00+00:00,314.7,315.0,314.05,314.6405,0,4,True,2026-08-03 05:00:00-04:00,Pre-Market
2026-08-03 10:00:00+00:00,314.68,314.84,313.51,313.55,0,4,True,2026-08-03 06:00:00-04:00,Pre-Market
2026-08-03 11:00:00+00:00,313.67,314.4,311.5977,312.12,0,4,True,2026-08-03 07:00:00-04:00,Pre-Market
2026-08-03 12:00:00+00:00,311.8833,312.99,310.98,312.5635,0,4,True,2026-08-03 08:00:00-04:00,Pre-Market
2026-08-03 13:00:00+00:00,312.54,319.3099975585937,309.38,318.8992919921875,6609792,4,True,2026-08-03 09:00:00-04:00,Transition
2026-08-03 14:00:00+00:00,318.82501220703125,322.2900085449219,316.94000244140625,322.2200012207031,5856384,4,True,2026-08-03 10:00:00-04:00,Regular
2026-08-03 15:00:00+00:00,322.2250061035156,324.20001220703125,321.5199890136719,323.3800048828125,5583747,4,True,2026-08-03 11:00:00-04:00,Regular
2026-08-03 16:00:00+00:00,323.3999938964844,324.07989501953125,319.9100036621094,319.9599914550781,4694058,4,True,2026-08-03 12:00:00-04:00,Regular
2026-08-03 17:00:00+00:00,319.9599914550781,323.010009765625,319.3900146484375,322.2799987792969,3390046,4,True,2026-08-03 13:00:00-04:00,Regular
2026-08-03 18:00:00+00:00,322.2850036621094,323.82000732421875,321.0199890136719,323.5400085449219,3117977,4,True,2026-08-03 14:00:00-04:00,Regular
2026-08-03 19:00:00+00:00,323.57000732421875,324.6499938964844,321.20001220703125,322.1282958984375,4724344,4,True,2026-08-03 15:00:00-04:00,Regular
2026-08-03 20:00:00+00:00,322.08,323.0,304.8767,322.35,0,4,True,2026-08-03 16:00:00-04:00,After-Hours
2026-08-03 21:00:00+00:00,322.45,322.95,302.9224,322.8189,0,4,True,2026-08-03 17:00:00-04:00,After-Hours
2026-08-03 22:00:00+00:00,322.8,322.94,322.68,322.81,0,4,True,2026-08-03 18:00:00-04:00,After-Hours
2026-08-03 23:00:00+00:00,322.8,323.0,322.6427,322.76,0,4,True,2026-08-03 19:00:00-04:00,After-Hours
2026-08-04 00:00:00+00:00,,,,,0,0,False,2026-08-03 20:00:00-04:00,Closed
2026-08-04 01:00:00+00:00,,,,,0,0,False,2026-08-03 21:00:00-04:00,Closed
2026-08-04 02:00:00+00:00,,,,,0,0,False,2026-08-03 22:00:00-04:00,Closed
2026-08-04 03:00:00+00:00,,,,,0,0,False,2026-08-03 23:00:00-04:00,Closed
2026-08-04 04:00:00+00:00,,,,,0,0,False,2026-08-04 00:00:00-04:00,Closed
2026-08-04 05:00:00+00:00,,,,,0,0,False,2026-08-04 01:00:00-04:00,Closed
2026-08-04 06:00:00+00:00,,,,,0,0,False,2026-08-04 02:00:00-04:00,Closed
2026-08-04 07:00:00+00:00,,,,,0,0,False,2026-08-04 03:00:00-04:00,Closed
2026-08-04 08:00:00+00:00,325.2958,326.5922,323.79,324.4,0,4,True,2026-08-04 04:00:00-04:00,Pre-Market
2026-08-04 09:00:00+00:00,324.5,324.5,323.0,324.1433,0,4,True,2026-08-04 05:00:00-04:00,Pre-Market
2026-08-04 10:00:00+00:00,324.2,324.4,322.51,323.86,0,4,True,2026-08-04 06:00:00-04:00,Pre-Market
2026-08-04 11:00:00+00:00,323.83,325.88,322.08,325.728,0,4,True,2026-08-04 07:00:00-04:00,Pre-Market
2026-08-04 12:00:00+00:00,325.728,325.84,324.01,324.4,0,4,True,2026-08-04 08:00:00-04:00,Pre-Market
2026-08-04 13:00:00+00:00,324.4,326.8999938964844,321.04998779296875,321.8399963378906,6305697,4,True,2026-08-04 09:00:00-04:00,Transition
2026-08-04 14:00:00+00:00,321.75,325.45001220703125,320.79010009765625,324.0400085449219,4625839,4,True,2026-08-04 10:00:00-04:00,Regular
2026-08-04 15:00:00+00:00,324.07000732421875,325.0697021484375,322.8599853515625,324.2008972167969,3346047,4,True,2026-08-04 11:00:00-04:00,Regular
2026-08-04 16:00:00+00:00,324.2200012207031,325.7900085449219,324.20001220703125,325.1759948730469,2394474,4,True,2026-08-04 12:00:00-04:00,Regular
2026-08-04 17:00:00+00:00,325.20001220703125,327.45001220703125,325.19000244140625,325.5799865722656,3195638,4,True,2026-08-04 13:00:00-04:00,Regular
2026-08-04 18:00:00+00:00,325.54998779296875,328.79998779296875,325.04998779296875,328.1000061035156,3381103,4,True,2026-08-04 14:00:00-04:00,Regular
2026-08-04 19:00:00+00:00,328.1000061035156,329.57000732421875,326.60009765625,327.4200134277344,4942230,4,True,2026-08-04 15:00:00-04:00,Regular
2026-08-04 20:00:00+00:00,327.53,328.2,324.0,326.0203,0,4,True,2026-08-04 16:00:00-04:00,After-Hours
2026-08-04 21:00:00+00:00,326.07,341.7997,304.9409,323.88,0,4,True,2026-08-04 17:00:00-04:00,After-Hours
2026-08-04 22:00:00+00:00,323.85,325.6,323.7392,325.5941,0,4,True,2026-08-04 18:00:00-04:00,After-Hours
2026-08-04 23:00:00+00:00,325.58,326.468,325.2356,325.38,0,4,True,2026-08-04 19:00:00-04:00,After-Hours
2026-08-05 00:00:00+00:00,,,,,0,0,False,2026-08-04 20:00:00-04:00,Closed
2026-08-05 01:00:00+00:00,,,,,0,0,False,2026-08-04 21:00:00-04:00,Closed
2026-08-05 02:00:00+00:00,,,,,0,0,False,2026-08-04 22:00:00-04:00,Closed
2026-08-05 03:00:00+00:00,,,,,0,0,False,2026-08-04 23:00:00-04:00,Closed
2026-08-05 04:00:00+00:00,,,,,0,0,False,2026-08-05 00:00:00-04:00,Closed
2026-08-05 05:00:00+00:00,,,,,0,0,False,2026-08-05 01:00:00-04:00,Closed
2026-08-05 06:00:00+00:00,,,,,0,0,False,2026-08-05 02:00:00-04:00,Closed
2026-08-05 07:00:00+00:00,,,,,0,0,False,2026-08-05 03:00:00-04:00,Closed
2026-08-05 08:00:00+00:00,327.35,328.821,323.6,324.68,0,4,True,2026-08-05 04:00:00-04:00,Pre-Market
2026-08-05 09:00:00+00:00,324.72,325.18,323.96,324.4788,0,4,True,2026-08-05 05:00:00-04:00,Pre-Market
2026-08-05 10:00:00+00:00,324.47,324.495,323.2,324.3788,0,4,True,2026-08-05 06:00:00-04:00,Pre-Market
2026-08-05 11:00:00+00:00,324.35,325.49,323.6,324.37,0,4,True,2026-08-05 07:00:00-04:00,Pre-Market
2026-08-05 12:00:00+00:00,324.4395,325.0994,323.65,323.85,0,4,True,2026-08-05 08:00:00-04:00,Pre-Market
2026-08-05 13:00:00+00:00,323.89,326.79998779296875,320.42999267578125,325.6700134277344,5150519,4,True,2026-08-05 09:00:00-04:00,Transition
2026-08-05 14:00:00+00:00,325.6099853515625,327.1400146484375,322.3699951171875,323.0473937988281,4305688,4,True,2026-08-05 10:00:00-04:00,Regular
2026-08-05 15:00:00+00:00,323.07000732421875,323.989990234375,321.0,321.8500061035156,3043617,4,True,2026-08-05 11:00:00-04:00,Regular
2026-08-05 16:00:00+00:00,321.8955078125,324.4100036621094,321.760009765625,323.6499938964844,2271404,4,True,2026-08-05 12:00:00-04:00,Regular
2026-08-05 17:00:00+00:00,323.67498779296875,324.0599975585937,321.95001220703125,322.2200012207031,2251889,4,True,2026-08-05 13:00:00-04:00,Regular
2026-08-05 18:00:00+00:00,322.1099853515625,322.8699951171875,320.2799987792969,320.54998779296875,2627157,4,True,2026-08-05 14:00:00-04:00,Regular
2026-08-05 19:00:00+00:00,320.5899963378906,322.989990234375,320.3999938964844,321.4599914550781,4873259,4,True,2026-08-05 15:00:00-04:00,Regular
2026-08-05 20:00:00+00:00,321.45,323.16,309.9424,321.56,0,4,True,2026-08-05 16:00:00-04:00,After-Hours
2026-08-05 21:00:00+00:00,321.52,326.2859,303.6383,321.4558,0,4,True,2026-08-05 17:00:00-04:00,After-Hours
2026-08-05 22:00:00+00:00,321.65,322.88,321.46,321.98,0,4,True,2026-08-05 18:00:00-04:00,After-Hours
2026-08-05 23:00:00+00:00,321.98,322.7,321.11,321.5,0,4,True,2026-08-05 19:00:00-04:00,After-Hours
2026-08-06 00:00:00+00:00,,,,,0,0,False,2026-08-05 20:00:00-04:00,Closed
2026-08-06 01:00:00+00:00,,,,,0,0,False,2026-08-05 21:00:00-04:00,Closed
2026-08-06 02:00:00+00:00,,,,,0,0,False,2026-08-05 22:00:00-04:00,Closed
2026-08-06 03:00:00+00:00,,,,,0,0,False,2026-08-05 23:00:00-04:00,Closed
2026-08-06 04:00:00+00:00,,,,,0,0,False,2026-08-06 00:00:00-04:00,Closed
2026-08-06 05:00:00+00:00,,,,,0,0,False,2026-08-06 01:00:00-04:00,Closed
2026-08-06 06:00:00+00:00,,,,,0,0,False,2026-08-06 02:00:00-04:00,Closed
2026-08-06 07:00:00+00:00,,,,,0,0,False,2026-08-06 03:00:00-04:00,Closed
2026-08-06 08:00:00+00:00,322.0,322.9917,320.7782,322.0999,0,4,True,2026-08-06 04:00:00-04:00,Pre-Market
2026-08-06 09:00:00+00:00,322.12,322.2,320.98,321.94,0,4,True,2026-08-06 05:00:00-04:00,Pre-Market
2026-08-06 10:00:00+00:00,322.0,322.2288,321.38,321.43,0,4,True,2026-08-06 06:00:00-04:00,Pre-Market
2026-08-06 11:00:00+00:00,321.54,322.23,320.7,321.6347,0,4,True,2026-08-06 07:00:00-04:00,Pre-Market
2026-08-06 12:00:00+00:00,321.7177,321.9197,321.01,321.16,0,4,True,2026-08-06 08:00:00-04:00,Pre-Market
2026-08-06 13:00:00+00:00,321.15,321.15,315.5205078125,320.2300109863281,4308052,4,True,2026-08-06 09:00:00-04:00,Transition
2026-08-06 14:00:00+00:00,320.2300109863281,322.239990234375,319.0199890136719,322.0199890136719,4724352,4,True,2026-08-06 10:00:00-04:00,Regular
2026-08-06 15:00:00+00:00,322.0199890136719,323.0,319.44000244140625,319.6499938964844,3275485,4,True,2026-08-06 11:00:00-04:00,Regular
2026-08-06 16:00:00+00:00,319.75,319.9888000488281,318.1099853515625,318.9649963378906,2623355,4,True,2026-08-06 12:00:00-04:00,Regular
2026-08-06 17:00:00+00:00,319.0,319.45001220703125,317.260009765625,318.3999938964844,2258975,4,True,2026-08-06 13:00:00-04:00,Regular
2026-08-06 18:00:00+00:00,318.3099975585937,319.20001220703125,317.7969970703125,318.75,2179953,4,True,2026-08-06 14:00:00-04:00,Regular
2026-08-06 19:00:00+00:00,318.7200012207031,320.1400146484375,318.3099975585937,319.6199951171875,3674469,4,True,2026-08-06 15:00:00-04:00,Regular
2026-08-06 20:00:00+00:00,319.53,320.66,318.8,319.4334,0,4,True,2026-08-06 16:00:00-04:00,After-Hours
2026-08-06 21:00:00+00:00,319.4,319.74,318.9061,319.69,0,4,True,2026-08-06 17:00:00-04:00,After-Hours
2026-08-06 22:00:00+00:00,319.612,320.0,319.5,319.94,0,4,True,2026-08-06 18:00:00-04:00,After-Hours
2026-08-06 23:00:00+00:00,319.99,320.6,319.85,320.47,0,4,True,2026-08-06 19:00:00-04:00,After-Hours
2026-08-07 00:00:00+00:00,,,,,0,0,False,2026-08-06 20:00:00-04:00,Closed
2026-08-07 01:00:00+00:00,,,,,0,0,False,2026-08-06 21:00:00-04:00,Closed
2026-08-07 02:00:00+00:00,,,,,0,0,False,2026-08-06 22:00:00-04:00,Closed
2026-08-07 03:00:00+00:00,,,,,0,0,False,2026-08-06 23:00:00-04:00,Closed
2026-08-07 04:00:00+00:00,,,,,0,0,False,2026-08-07 00:00:00-04:00,Closed
2026-08-07 05:00:00+00:00,,,,,0,0,False,2026-08-07 01:00:00-04:00,Closed
2026-08-07 06:00:00+00:00,,,,,0,0,False,2026-08-07 02:00:00-04:00,Closed
2026-08-07 07:00:00+00:00,,,,,0,0,False,2026-08-07 03:00:00-04:00,Closed
2026-08-07 08:00:00+00:00,321.14,322.126,319.53,321.595,0,4,True,2026-08-07 04:00:00-04:00,Pre-Market
2026-08-07 09:00:00+00:00,321.595,322.2,321.45,321.71,0,4,True,2026-08-07 05:00:00-04:00,Pre-Market
2026-08-07 10:00:00+00:00,321.7873,321.8432,321.14,321.25,0,4,True,2026-08-07 06:00:00-04:00,Pre-Market
2026-08-07 11:00:00+00:00,321.25,322.13,321.0,321.45,0,4,True,2026-08-07 07:00:00-04:00,Pre-Market
2026-08-07 12:00:00+00:00,321.43,323.5,321.0,323.0824,0,4,True,2026-08-07 08:00:00-04:00,Pre-Market
2026-08-07 13:00:00+00:00,323.1487,328.9200134277344,321.25079345703125,326.57000732421875,6566515,4,True,2026-08-07 09:00:00-04:00,Transition
2026-08-07 14:00:00+00:00,326.6499938964844,330.7493896484375,322.80010986328125,330.0,8370839,4,True,2026-08-07 10:00:00-04:00,Regular
2026-08-07 15:00:00+00:00,330.0050048828125,333.7298889160156,329.34039306640625,331.5899963378906,5819324,4,True,2026-08-07 11:00:00-04:00,Regular
2026-08-07 16:00:00+00:00,331.6300048828125,332.2622985839844,327.7015075683594,327.8800048828125,3949821,4,True,2026-08-07 12:00:00-04:00,Regular
2026-08-07 17:00:00+00:00,327.9200134277344,328.0400085449219,326.5199890136719,327.1300048828125,3337726,4,True,2026-08-07 13:00:00-04:00,Regular
2026-08-07 18:00:00+00:00,327.1449890136719,328.0899963378906,326.7200927734375,327.6000061035156,2267355,4,True,2026-08-07 14:00:00-04:00,Regular
2026-08-07 19:00:00+00:00,327.6099853515625,329.20001220703125,326.8599853515625,328.5849914550781,5287758,4,True,2026-08-07 15:00:00-04:00,Regular
2026-08-07 20:00:00+00:00,328.58,338.8841,327.4155,328.77,0,4,True,2026-08-07 16:00:00-04:00,After-Hours
2026-08-07 21:00:00+00:00,328.79,476.8387,300.2652,328.33,0,4,True,2026-08-07 17:00:00-04:00,After-Hours
2026-08-07 22:00:00+00:00,328.36,328.5,328.0,328.3,0,4,True,2026-08-07 18:00:00-04:00,After-Hours
2026-08-07 23:00:00+00:00,328.4,329.1542,328.0,328.9975,0,4,True,2026-08-07 19:00:00-04:00,After-Hours
2026-08-08 00:00:00+00:00,,,,,0,0,False,2026-08-07 20:00:00-04:00,Closed
2026-08-08 01:00:00+00:00,,,,,0,0,False,2026-08-07 21:00:00-04:00,Closed
2026-08-08 02:00:00+00:00,,,,,0,0,False,2026-08-07 22:00:00-04:00,Closed
2026-08-08 03:00:00+00:00,,,,,0,0,False,2026-08-07 23:00:00-04:00,Closed
2026-08-08 04:00:00+00:00,,,,,0,0,False,2026-08-08 00:00:00-04:00,Weekend
2026-08-08 05:00:00+00:00,,,,,0,0,False,2026-08-08 01:00:00-04:00,Weekend
2026-08-08 06:00:00+00:00,,,,,0,0,False,2026-08-08 02:00:00-04:00,Weekend
2026-08-08 07:00:00+00:00,,,,,0,0,False,2026-08-08 03:00:00-04:00,Weekend
2026-08-08 08:00:00+00:00,,,,,0,0,False,2026-08-08 04:00:00-04:00,Weekend
2026-08-08 09:00:00+00:00,,,,,0,0,False,2026-08-08 05:00:00-04:00,Weekend
2026-08-08 10:00:00+00:00,,,,,0,0,False,2026-08-08 06:00:00-04:00,Weekend
2026-08-08 11:00:00+00:00,,,,,0,0,False,2026-08-08 07:00:00-04:00,Weekend
2026-08-08 12:00:00+00:00,,,,,0,0,False,2026-08-08 08:00:00-04:00,Weekend
2026-08-08 13:00:00+00:00,,,,,0,0,False,2026-08-08 09:00:00-04:00,Weekend
2026-08-08 14:00:00+00:00,,,,,0,0,False,2026-08-08 10:00:00-04:00,Weekend
2026-08-08 15:00:00+00:00,,,,,0,0,False,2026-08-08 11:00:00-04:00,Weekend
2026-08-08 16:00:00+00:00,,,,,0,0,False,2026-08-08 12:00:00-04:00,Weekend
2026-08-08 17:00:00+00:00,,,,,0,0,False,2026-08-08 13:00:00-04:00,Weekend
2026-08-08 18:00:00+00:00,,,,,0,0,False,2026-08-08 14:00:00-04:00,Weekend
2026-08-08 19:00:00+00:00,,,,,0,0,False,2026-08-08 15:00:00-04:00,Weekend
2026-08-08 20:00:00+00:00,,,,,0,0,False,2026-08-08 16:00:00-04:00,Weekend
2026-08-08 21:00:00+00:00,,,,,0,0,False,2026-08-08 17:00:00-04:00,Weekend
2026-08-08 22:00:00+00:00,,,,,0,0,False,2026-08-08 18:00:00-04:00,Weekend
2026-08-08 23:00:00+00:00,,,,,0,0,False,2026-08-08 19:00:00-04:00,Weekend
2026-08-09 00:00:00+00:00,,,,,0,0,False,2026-08-08 20:00:00-04:00,Weekend
2026-08-09 01:00:00+00:00,,,,,0,0,False,2026-08-08 21:00:00-04:00,Weekend
2026-08-09 02:00:00+00:00,,,,,0,0,False,2026-08-08 22:00:00-04:00,Weekend
2026-08-09 03:00:00+00:00,,,,,0,0,False,2026-08-08 23:00:00-04:00,Weekend
2026-08-09 04:00:00+00:00,,,,,0,0,False,2026-08-09 00:00:00-04:00,Weekend
2026-08-09 05:00:00+00:00,,,,,0,0,False,2026-08-09 01:00:00-04:00,Weekend
2026-08-09 06:00:00+00:00,,,,,0,0,False,2026-08-09 02:00:00-04:00,Weekend
2026-08-09 07:00:00+00:00,,,,,0,0,False,2026-08-09 03:00:00-04:00,Weekend
2026-08-09 08:00:00+00:00,,,,,0,0,False,2026-08-09 04:00:00-04:00,Weekend
2026-08-09 09:00:00+00:00,,,,,0,0,False,2026-08-09 05:00:00-04:00,Weekend
2026-08-09 10:00:00+00:00,,,,,0,0,False,2026-08-09 06:00:00-04:00,Weekend
2026-08-09 11:00:00+00:00,,,,,0,0,False,2026-08-09 07:00:00-04:00,Weekend
2026-08-09 12:00:00+00:00,,,,,0,0,False,2026-08-09 08:00:00-04:00,Weekend
2026-08-09 13:00:00+00:00,,,,,0,0,False,2026-08-09 09:00:00-04:00,Weekend
2026-08-09 14:00:00+00:00,,,,,0,0,False,2026-08-09 10:00:00-04:00,Weekend
2026-08-09 15:00:00+00:00,,,,,0,0,False,2026-08-09 11:00:00-04:00,Weekend
2026-08-09 16:00:00+00:00,,,,,0,0,False,2026-08-09 12:00:00-04:00,Weekend
2026-08-09 17:00:00+00:00,,,,,0,0,False,2026-08-09 13:00:00-04:00,Weekend
2026-08-09 18:00:00+00:00,,,,,0,0,False,2026-08-09 14:00:00-04:00,Weekend
2026-08-09 19:00:00+00:00,,,,,0,0,False,2026-08-09 15:00:00-04:00,Weekend
2026-08-09 20:00:00+00:00,,,,,0,0,False,2026-08-09 16:00:00-04:00,Weekend
2026-08-09 21:00:00+00:00,,,,,0,0,False,2026-08-09 17:00:00-04:00,Weekend
2026-08-09 22:00:00+00:00,,,,,0,0,False,2026-08-09 18:00:00-04:00,Weekend
2026-08-09 23:00:00+00:00,,,,,0,0,False,2026-08-09 19:00:00-04:00,Weekend
2026-08-10 00:00:00+00:00,,,,,0,0,False,2026-08-09 20:00:00-04:00,Weekend
2026-08-10 01:00:00+00:00,,,,,0,0,False,2026-08-09 21:00:00-04:00,Weekend
2026-08-10 02:00:00+00:00,,,,,0,0,False,2026-08-09 22:00:00-04:00,Weekend
2026-08-10 03:00:00+00:00,,,,,0,0,False,2026-08-09 23:00:00-04:00,Weekend
2026-08-10 04:00:00+00:00,,,,,0,0,False,2026-08-10 00:00:00-04:00,Closed
2026-08-10 05:00:00+00:00,,,,,0,0,False,2026-08-10 01:00:00-04:00,Closed
2026-08-10 06:00:00+00:00,,,,,0,0,False,2026-08-10 02:00:00-04:00,Closed
2026-08-10 07:00:00+00:00,,,,,0,0,False,2026-08-10 03:00:00-04:00,Closed
2026-08-10 08:00:00+00:00,331.76,332.7614,330.49,332.564,0,4,True,2026-08-10 04:00:00-04:00,Pre-Market
2026-08-10 09:00:00+00:00,332.56,332.8,331.7,331.7423,0,4,True,2026-08-10 05:00:00-04:00,Pre-Market
2026-08-10 10:00:00+00:00,331.7487,331.87,330.8,330.995,0,4,True,2026-08-10 06:00:00-04:00,Pre-Market
2026-08-10 11:00:00+00:00,331.03,332.22,329.84,330.3,0,4,True,2026-08-10 07:00:00-04:00,Pre-Market
2026-08-10 12:00:00+00:00,330.32,330.68,328.14,328.3868,0,4,True,2026-08-10 08:00:00-04:00,Pre-Market
2026-08-10 13:00:00+00:00,328.37,330.3500061035156,326.1499938964844,329.4529113769531,4757080,4,True,2026-08-10 09:00:00-04:00,Transition
2026-08-10 14:00:00+00:00,329.4800109863281,332.04998779296875,328.94000244140625,329.4999084472656,4919655,4,True,2026-08-10 10:00:00-04:00,Regular
2026-08-10 15:00:00+00:00,329.4599914550781,331.2699890136719,328.20001220703125,331.1650085449219,3341883,4,True,2026-08-10 11:00:00-04:00,Regular
2026-08-10 16:00:00+00:00,331.1600036621094,331.75,328.4599914550781,329.5199890136719,2660808,4,True,2026-08-10 12:00:00-04:00,Regular
2026-08-10 17:00:00+00:00,329.5199890136719,329.79998779296875,328.4200134277344,329.0201110839844,1493788,4,True,2026-08-10 13:00:00-04:00,Regular
2026-08-10 18:00:00+00:00,329.04998779296875,329.6499938964844,328.3500061035156,328.9100036621094,1578874,4,True,2026-08-10 14:00:00-04:00,Regular
2026-08-10 19:00:00+00:00,328.8900146484375,331.25,328.8099975585937,330.8529968261719,4119683,4,True,2026-08-10 15:00:00-04:00,Regular
2026-08-10 20:00:00+00:00,330.88,331.8,330.05,330.2,0,4,True,2026-08-10 16:00:00-04:00,After-Hours
2026-08-10 21:00:00+00:00,330.23,335.598,313.2122,330.13,0,4,True,2026-08-10 17:00:00-04:00,After-Hours
2026-08-10 22:00:00+00:00,330.13,330.6,329.94,330.23,0,4,True,2026-08-10 18:00:00-04:00,After-Hours
2026-08-10 23:00:00+00:00,330.25,330.39,330.0,330.3,0,4,True,2026-08-10 19:00:00-04:00,After-Hours
2026-08-11 00:00:00+00:00,,,,,0,0,False,2026-08-10 20:00:00-04:00,Closed
2026-08-11 01:00:00+00:00,,,,,0,0,False,2026-08-10 21:00:00-04:00,Closed
2026-08-11 02:00:00+00:00,,,,,0,0,False,2026-08-10 22:00:00-04:00,Closed
2026-08-11 03:00:00+00:00,,,,,0,0,False,2026-08-10 23:00:00-04:00,Closed
2026-08-11 04:00:00+00:00,,,,,0,0,False,2026-08-11 00:00:00-04:00,Closed
2026-08-11 05:00:00+00:00,,,,,0,0,False,2026-08-11 01:00:00-04:00,Closed
2026-08-11 06:00:00+00:00,,,,,0,0,False,2026-08-11 02:00:00-04:00,Closed
2026-08-11 07:00:00+00:00,,,,,0,0,False,2026-08-11 03:00:00-04:00,Closed
2026-08-11 08:00:00+00:00,331.23,332.0,330.3,330.94,0,4,True,2026-08-11 04:00:00-04:00,Pre-Market
2026-08-11 09:00:00+00:00,330.94,331.63,330.6,331.29,0,4,True,2026-08-11 05:00:00-04:00,Pre-Market
2026-08-11 10:00:00+00:00,331.32,332.48,331.0012,332.0947,0,4,True,2026-08-11 06:00:00-04:00,Pre-Market
2026-08-11 11:00:00+00:00,332.0,332.99,332.0,332.81,0,4,True,2026-08-11 07:00:00-04:00,Pre-Market
2026-08-11 12:00:00+00:00,332.75,333.2,331.37,331.48,0,4,True,2026-08-11 08:00:00-04:00,Pre-Market
2026-08-11 13:00:00+00:00,331.45,334.0799865722656,329.5299987792969,333.7550048828125,4521916,4,True,2026-08-11 09:00:00-04:00,Transition
2026-08-11 14:00:00+00:00,333.79998779296875,336.20001220703125,332.739990234375,334.1849975585937,6139368,4,True,2026-08-11 10:00:00-04:00,Regular
2026-08-11 15:00:00+00:00,334.2087097167969,334.57000732421875,332.2099914550781,332.9649963378906,2704811,4,True,2026-08-11 11:00:00-04:00,Regular
2026-08-11 16:00:00+00:00,332.9649963378906,333.4107971191406,331.2699890136719,331.9627990722656,2047076,4,True,2026-08-11 12:00:00-04:00,Regular
2026-08-11 17:00:00+00:00,332.0,332.20001220703125,331.2200012207031,331.94000244140625,1215420,4,True,2026-08-11 13:00:00-04:00,Regular
2026-08-11 18:00:00+00:00,331.94500732421875,332.5199890136719,330.4100036621094,332.0199890136719,1639395,4,True,2026-08-11 14:00:00-04:00,Regular
2026-08-11 19:00:00+00:00,332.0498962402344,333.0347900390625,331.5199890136719,332.7699890136719,2770889,4,True,2026-08-11 15:00:00-04:00,Regular
2026-08-11 20:00:00+00:00,332.73,333.42,332.5,332.9755,0,4,True,2026-08-11 16:00:00-04:00,After-Hours
2026-08-11 21:00:00+00:00,332.9217,333.0,322.6833,332.62,0,4,True,2026-08-11 17:00:00-04:00,After-Hours
2026-08-11 22:00:00+00:00,332.64,332.65,332.3,332.55,0,4,True,2026-08-11 18:00:00-04:00,After-Hours
2026-08-11 23:00:00+00:00,332.54,332.99,332.45,332.99,0,4,True,2026-08-11 19:00:00-04:00,After-Hours
2026-08-12 00:00:00+00:00,,,,,0,0,False,2026-08-11 20:00:00-04:00,Closed
2026-08-12 01:00:00+00:00,,,,,0,0,False,2026-08-11 21:00:00-04:00,Closed
2026-08-12 02:00:00+00:00,,,,,0,0,False,2026-08-11 22:00:00-04:00,Closed
2026-08-12 03:00:00+00:00,,,,,0,0,False,2026-08-11 23:00:00-04:00,Closed
2026-08-12 04:00:00+00:00,,,,,0,0,False,2026-08-12 00:00:00-04:00,Closed
2026-08-12 05:00:00+00:00,,,,,0,0,False,2026-08-12 01:00:00-04:00,Closed
2026-08-12 06:00:00+00:00,,,,,0,0,False,2026-08-12 02:00:00-04:00,Closed
2026-08-12 07:00:00+00:00,,,,,0,0,False,2026-08-12 03:00:00-04:00,Closed
2026-08-12 08:00:00+00:00,333.0097,334.39,332.4582,334.05,0,4,True,2026-08-12 04:00:00-04:00,Pre-Market
2026-08-12 09:00:00+00:00,334.0,334.86,333.8,334.11,0,4,True,2026-08-12 05:00:00-04:00,Pre-Market
2026-08-12 10:00:00+00:00,334.1376,334.44,333.33,333.7197,0,4,True,2026-08-12 06:00:00-04:00,Pre-Market
2026-08-12 11:00:00+00:00,333.73,334.2988,332.81,333.75,0,4,True,2026-08-12 07:00:00-04:00,Pre-Market
2026-08-12 12:00:00+00:00,333.8788,399.0879,333.15,334.0,0,4,True,2026-08-12 08:00:00-04:00,Pre-Market
2026-08-12 13:00:00+00:00,333.98,335.5,326.9200134277344,328.05828857421875,5378291,4,True,2026-08-12 09:00:00-04:00,Transition
2026-08-12 14:00:00+00:00,328.0450134277344,328.3399963378906,323.70001220703125,324.57501220703125,6166080,4,True,2026-08-12 10:00:00-04:00,Regular
2026-08-12 15:00:00+00:00,324.5799865722656,326.0899963378906,323.6400146484375,325.9800109863281,3814080,4,True,2026-08-12 11:00:00-04:00,Regular
2026-08-12 16:00:00+00:00,325.9800109863281,327.1300048828125,325.79998779296875,326.92498779296875,2870731,4,True,2026-08-12 12:00:00-04:00,Regular
2026-08-12 17:00:00+00:00,326.92498779296875,327.20001220703125,325.5799865722656,326.2950134277344,2409703,4,True,2026-08-12 13:00:00-04:00,Regular
2026-08-12 18:00:00+00:00,326.32000732421875,327.4598999023437,325.7481994628906,327.0799865722656,2091210,4,True,2026-08-12 14:00:00-04:00,Regular
2026-08-12 19:00:00+00:00,327.07000732421875,327.94000244140625,326.7799987792969,327.45001220703125,3245762,4,True,2026-08-12 15:00:00-04:00,Regular
2026-08-12 20:00:00+00:00,327.51,327.93,311.6811,327.3298,0,4,True,2026-08-12 16:00:00-04:00,After-Hours
2026-08-12 21:00:00+00:00,327.32,327.55,311.6811,327.54,0,4,True,2026-08-12 17:00:00-04:00,After-Hours
2026-08-12 22:00:00+00:00,327.51,327.54,326.89,327.03,0,4,True,2026-08-12 18:00:00-04:00,After-Hours
2026-08-12 23:00:00+00:00,327.04,327.2,326.97,326.9705,0,4,True,2026-08-12 19:00:00-04:00,After-Hours
2026-08-13 00:00:00+00:00,,,,,0,0,False,2026-08-12 20:00:00-04:00,Closed
2026-08-13 01:00:00+00:00,,,,,0,0,False,2026-08-12 21:00:00-04:00,Closed
2026-08-13 02:00:00+00:00,,,,,0,0,False,2026-08-12 22:00:00-04:00,Closed
2026-08-13 03:00:00+00:00,,,,,0,0,False,2026-08-12 23:00:00-04:00,Closed
2026-08-13 04:00:00+00:00,,,,,0,0,False,2026-08-13 00:00:00-04:00,Closed
2026-08-13 05:00:00+00:00,,,,,0,0,False,2026-08-13 01:00:00-04:00,Closed
2026-08-13 06:00:00+00:00,,,,,0,0,False,2026-08-13 02:00:00-04:00,Closed
2026-08-13 07:00:00+00:00,,,,,0,0,False,2026-08-13 03:00:00-04:00,Closed
2026-08-13 08:00:00+00:00,328.0,328.5,327.0773,327.57,0,4,True,2026-08-13 04:00:00-04:00,Pre-Market
2026-08-13 09:00:00+00:00,327.51,327.58,326.62,327.0405,0,4,True,2026-08-13 05:00:00-04:00,Pre-Market
2026-08-13 10:00:00+00:00,327.0792,327.3488,326.8245,326.97,0,4,True,2026-08-13 06:00:00-04:00,Pre-Market
2026-08-13 11:00:00+00:00,327.0,327.0,325.82,326.17,0,4,True,2026-08-13 07:00:00-04:00,Pre-Market
2026-08-13 12:00:00+00:00,326.25,326.25,324.6,325.2,0,4,True,2026-08-13 08:00:00-04:00,Pre-Market
2026-08-13 13:00:00+00:00,325.25,333.42999267578125,325.15,332.9150085449219,5588944,4,True,2026-08-13 09:00:00-04:00,Transition
2026-08-13 14:00:00+00:00,332.9200134277344,335.3800048828125,331.9800109863281,334.6000061035156,4851891,4,True,2026-08-13 10:00:00-04:00,Regular
2026-08-13 15:00:00+00:00,334.5885925292969,335.4100036621094,332.44000244140625,333.1199951171875,3337026,4,True,2026-08-13 11:00:00-04:00,Regular
2026-08-13 16:00:00+00:00,333.17999267578125,337.07000732421875,333.1401062011719,336.5249938964844,3113590,4,True,2026-08-13 12:00:00-04:00,Regular
2026-08-13 17:00:00+00:00,336.4700012207031,337.0599975585937,335.19000244140625,336.2699890136719,2454636,4,True,2026-08-13 13:00:00-04:00,Regular
2026-08-13 18:00:00+00:00,336.2650146484375,340.32000732421875,335.92999267578125,339.5350036621094,5357799,4,True,2026-08-13 14:00:00-04:00,Regular
2026-08-13 19:00:00+00:00,339.5,341.6400146484375,338.42999267578125,340.07000732421875,5991072,4,True,2026-08-13 15:00:00-04:00,Regular
2026-08-13 20:00:00+00:00,339.96,343.97,339.3,343.1,0,4,True,2026-08-13 16:00:00-04:00,After-Hours
2026-08-13 21:00:00+00:00,343.19,343.1999,322.9687,341.36,0,4,True,2026-08-13 17:00:00-04:00,After-Hours
2026-08-13 22:00:00+00:00,341.36,341.5,339.96,340.88,0,4,True,2026-08-13 18:00:00-04:00,After-Hours
2026-08-13 23:00:00+00:00,340.8749,341.55,340.85,341.51,0,4,True,2026-08-13 19:00:00-04:00,After-Hours
2026-08-14 00:00:00+00:00,,,,,0,0,False,2026-08-13 20:00:00-04:00,Closed
2026-08-14 01:00:00+00:00,,,,,0,0,False,2026-08-13 21:00:00-04:00,Closed
2026-08-14 02:00:00+00:00,,,,,0,0,False,2026-08-13 22:00:00-04:00,Closed
2026-08-14 03:00:00+00:00,,,,,0,0,False,2026-08-13 23:00:00-04:00,Closed
2026-08-14 04:00:00+00:00,,,,,0,0,False,2026-08-14 00:00:00-04:00,Closed
2026-08-14 05:00:00+00:00,,,,,0,0,False,2026-08-14 01:00:00-04:00,Closed
2026-08-14 06:00:00+00:00,,,,,0,0,False,2026-08-14 02:00:00-04:00,Closed
2026-08-14 07:00:00+00:00,,,,,0,0,False,2026-08-14 03:00:00-04:00,Closed
2026-08-14 08:00:00+00:00,339.86,342.38,339.3,341.69,0,4,True,2026-08-14 04:00:00-04:00,Pre-Market
2026-08-14 09:00:00+00:00,341.69,341.8,341.3,341.78,0,4,True,2026-08-14 05:00:00-04:00,Pre-Market
2026-08-14 10:00:00+00:00,341.78,342.29,341.49,342.0487,0,4,True,2026-08-14 06:00:00-04:00,Pre-Market
2026-08-14 11:00:00+00:00,342.06,342.92,341.55,342.37,0,4,True,2026-08-14 07:00:00-04:00,Pre-Market
2026-08-14 12:00:00+00:00,342.3,343.28,340.87,341.2,0,4,True,2026-08-14 08:00:00-04:00,Pre-Market
2026-08-14 13:00:00+00:00,341.35,350.3500061035156,341.09,349.92498779296875,9864395,4,True,2026-08-14 09:00:00-04:00,Transition
2026-08-14 14:00:00+00:00,350.0899963378906,351.260009765625,340.95001220703125,341.20001220703125,8919158,4,True,2026-08-14 10:00:00-04:00,Regular
2026-08-14 15:00:00+00:00,341.1600952148437,341.5199890136719,335.3305969238281,338.70001220703125,7351016,4,True,2026-08-14 11:00:00-04:00,Regular
2026-08-14 16:00:00+00:00,338.70001220703125,340.8399963378906,338.239990234375,338.3219909667969,4438122,4,True,2026-08-14 12:00:00-04:00,Regular
2026-08-14 17:00:00+00:00,338.3353881835937,341.54998779296875,337.8099975585937,341.5199890136719,3595194,4,True,2026-08-14 13:00:00-04:00,Regular
2026-08-14 18:00:00+00:00,341.5150146484375,342.6000061035156,341.0400085449219,341.04998779296875,4414948,4,True,2026-08-14 14:00:00-04:00,Regular
2026-08-14 19:00:00+00:00,341.04998779296875,343.5799865722656,340.5899963378906,342.32000732421875,4421306,4,True,2026-08-14 15:00:00-04:00,Regular
2026-08-14 20:00:00+00:00,342.27,342.5,338.8841,341.91,0,4,True,2026-08-14 16:00:00-04:00,After-Hours
2026-08-14 21:00:00+00:00,342.062,346.5331,341.5,341.8992,0,4,True,2026-08-14 17:00:00-04:00,After-Hours
2026-08-14 22:00:00+00:00,341.85,342.1,341.67,341.82,0,4,True,2026-08-14 18:00:00-04:00,After-Hours
2026-08-14 23:00:00+00:00,341.8,342.1,341.3,341.65,0,4,True,2026-08-14 19:00:00-04:00,After-Hours
2026-08-15 00:00:00+00:00,,,,,0,0,False,2026-08-14 20:00:00-04:00,Closed
2026-08-15 01:00:00+00:00,,,,,0,0,False,2026-08-14 21:00:00-04:00,Closed
2026-08-15 02:00:00+00:00,,,,,0,0,False,2026-08-14 22:00:00-04:00,Closed
2026-08-15 03:00:00+00:00,,,,,0,0,False,2026-08-14 23:00:00-04:00,Closed
2026-08-15 04:00:00+00:00,,,,,0,0,False,2026-08-15 00:00:00-04:00,Weekend
2026-08-15 05:00:00+00:00,,,,,0,0,False,2026-08-15 01:00:00-04:00,Weekend
2026-08-15 06:00:00+00:00,,,,,0,0,False,2026-08-15 02:00:00-04:00,Weekend
2026-08-15 07:00:00+00:00,,,,,0,0,False,2026-08-15 03:00:00-04:00,Weekend
2026-08-15 08:00:00+00:00,,,,,0,0,False,2026-08-15 04:00:00-04:00,Weekend
2026-08-15 09:00:00+00:00,,,,,0,0,False,2026-08-15 05:00:00-04:00,Weekend
2026-08-15 10:00:00+00:00,,,,,0,0,False,2026-08-15 06:00:00-04:00,Weekend
2026-08-15 11:00:00+00:00,,,,,0,0,False,2026-08-15 07:00:00-04:00,Weekend
2026-08-15 12:00:00+00:00,,,,,0,0,False,2026-08-15 08:00:00-04:00,Weekend
2026-08-15 13:00:00+00:00,,,,,0,0,False,2026-08-15 09:00:00-04:00,Weekend
2026-08-15 14:00:00+00:00,,,,,0,0,False,2026-08-15 10:00:00-04:00,Weekend
2026-08-15 15:00:00+00:00,,,,,0,0,False,2026-08-15 11:00:00-04:00,Weekend
2026-08-15 16:00:00+00:00,,,,,0,0,False,2026-08-15 12:00:00-04:00,Weekend
2026-08-15 17:00:00+00:00,,,,,0,0,False,2026-08-15 13:00:00-04:00,Weekend
2026-08-15 18:00:00+00:00,,,,,0,0,False,2026-08-15 14:00:00-04:00,Weekend
2026-08-15 19:00:00+00:00,,,,,0,0,False,2026-08-15 15:00:00-04:00,Weekend
2026-08-15 20:00:00+00:00,,,,,0,0,False,2026-08-15 16:00:00-04:00,Weekend
2026-08-15 21:00:00+00:00,,,,,0,0,False,2026-08-15 17:00:00-04:00,Weekend
2026-08-15 22:00:00+00:00,,,,,0,0,False,2026-08-15 18:00:00-04:00,Weekend
2026-08-15 23:00:00+00:00,,,,,0,0,False,2026-08-15 19:00:00-04:00,Weekend
2026-08-16 00:00:00+00:00,,,,,0,0,False,2026-08-15 20:00:00-04:00,Weekend
2026-08-16 01:00:00+00:00,,,,,0,0,False,2026-08-15 21:00:00-04:00,Weekend
2026-08-16 02:00:00+00:00,,,,,0,0,False,2026-08-15 22:00:00-04:00,Weekend
2026-08-16 03:00:00+00:00,,,,,0,0,False,2026-08-15 23:00:00-04:00,Weekend
2026-08-16 04:00:00+00:00,,,,,0,0,False,2026-08-16 00:00:00-04:00,Weekend
2026-08-16 05:00:00+00:00,,,,,0,0,False,2026-08-16 01:00:00-04:00,Weekend
2026-08-16 06:00:00+00:00,,,,,0,0,False,2026-08-16 02:00:00-04:00,Weekend
2026-08-16 07:00:00+00:00,,,,,0,0,False,2026-08-16 03:00:00-04:00,Weekend
2026-08-16 08:00:00+00:00,,,,,0,0,False,2026-08-16 04:00:00-04:00,Weekend
2026-08-16 09:00:00+00:00,,,,,0,0,False,2026-08-16 05:00:00-04:00,Weekend
2026-08-16 10:00:00+00:00,,,,,0,0,False,2026-08-16 06:00:00-04:00,Weekend
2026-08-16 11:00:00+00:00,,,,,0,0,False,2026-08-16 07:00:00-04:00,Weekend
2026-08-16 12:00:00+00:00,,,,,0,0,False,2026-08-16 08:00:00-04:00,Weekend
2026-08-16 13:00:00+00:00,,,,,0,0,False,2026-08-16 09:00:00-04:00,Weekend
2026-08-16 14:00:00+00:00,,,,,0,0,False,2026-08-16 10:00:00-04:00,Weekend
2026-08-16 15:00:00+00:00,,,,,0,0,False,2026-08-16 11:00:00-04:00,Weekend
2026-08-16 16:00:00+00:00,,,,,0,0,False,2026-08-16 12:00:00-04:00,Weekend
2026-08-16 17:00:00+00:00,,,,,0,0,False,2026-08-16 13:00:00-04:00,Weekend
2026-08-16 18:00:00+00:00,,,,,0,0,False,2026-08-16 14:00:00-04:00,Weekend
2026-08-16 19:00:00+00:00,,,,,0,0,False,2026-08-16 15:00:00-04:00,Weekend
2026-08-16 20:00:00+00:00,,,,,0,0,False,2026-08-16 16:00:00-04:00,Weekend
2026-08-16 21:00:00+00:00,,,,,0,0,False,2026-08-16 17:00:00-04:00,Weekend
2026-08-16 22:00:00+00:00,,,,,0,0,False,2026-08-16 18:00:00-04:00,Weekend
2026-08-16 23:00:00+00:00,,,,,0,0,False,2026-08-16 19:00:00-04:00,Weekend
2026-08-17 00:00:00+00:00,,,,,0,0,False,2026-08-16 20:00:00-04:00,Weekend
2026-08-17 01:00:00+00:00,,,,,0,0,False,2026-08-16 21:00:00-04:00,Weekend
2026-08-17 02:00:00+00:00,,,,,0,0,False,2026-08-16 22:00:00-04:00,Weekend
2026-08-17 03:00:00+00:00,,,,,0,0,False,2026-08-16 23:00:00-04:00,Weekend
2026-08-17 04:00:00+00:00,,,,,0,0,False,2026-08-17 00:00:00-04:00,Closed
2026-08-17 05:00:00+00:00,,,,,0,0,False,2026-08-17 01:00:00-04:00,Closed
2026-08-17 06:00:00+00:00,,,,,0,0,False,2026-08-17 02:00:00-04:00,Closed
2026-08-17 07:00:00+00:00,,,,,0,0,False,2026-08-17 03:00:00-04:00,Closed
2026-08-17 08:00:00+00:00,344.17,345.14,343.57,343.72,0,4,True,2026-08-17 04:00:00-04:00,Pre-Market
2026-08-17 09:00:00+00:00,343.85,343.9688,342.9512,343.04,0,4,True,2026-08-17 05:00:00-04:00,Pre-Market
2026-08-17 10:00:00+00:00,343.03,343.44,342.0,342.99,0,4,True,2026-08-17 06:00:00-04:00,Pre-Market
2026-08-17 11:00:00+00:00,342.93,343.44,341.0,341.1717,0,4,True,2026-08-17 07:00:00-04:00,Pre-Market
2026-08-17 12:00:00+00:00,341.11,341.59,339.63,340.3253,0,4,True,2026-08-17 08:00:00-04:00,Pre-Market
2026-08-17 13:00:00+00:00,340.55,343.1000061035156,337.489990234375,339.44000244140625,4560533,4,True,2026-08-17 09:00:00-04:00,Transition
2026-08-17 14:00:00+00:00,339.4100036621094,341.9700012207031,338.5199890136719,341.7900085449219,3620925,4,True,2026-08-17 10:00:00-04:00,Regular
2026-08-17 15:00:00+00:00,341.82000732421875,342.3529052734375,339.40008544921875,341.44500732421875,3192141,4,True,2026-08-17 11:00:00-04:00,Regular
2026-08-17 16:00:00+00:00,341.4798889160156,341.7325134277344,339.4200134277344,339.7786865234375,2018025,4,True,2026-08-17 12:00:00-04:00,Regular
2026-08-17 17:00:00+00:00,339.75,340.73809814453125,338.8500061035156,339.6000061035156,1987046,4,True,2026-08-17 13:00:00-04:00,Regular
2026-08-17 18:00:00+00:00,339.5899963378906,340.8500061035156,339.0400085449219,340.4861145019531,1798371,4,True,2026-08-17 14:00:00-04:00,Regular
2026-08-17 19:00:00+00:00,340.5085144042969,345.45001220703125,337.5,339.3399963378906,6217557,4,True,2026-08-17 15:00:00-04:00,Regular
2026-08-17 20:00:00+00:00,339.3,339.78,321.55,339.6165,0,4,True,2026-08-17 16:00:00-04:00,After-Hours
2026-08-17 21:00:00+00:00,339.678,340.14,321.5856,339.85,0,4,True,2026-08-17 17:00:00-04:00,After-Hours
2026-08-17 22:00:00+00:00,339.85,339.94,339.3,339.5,0,4,True,2026-08-17 18:00:00-04:00,After-Hours
2026-08-17 23:00:00+00:00,339.433,339.85,339.4299,339.8496,0,4,True,2026-08-17 19:00:00-04:00,After-Hours
2026-08-18 00:00:00+00:00,,,,,0,0,False,2026-08-17 20:00:00-04:00,Closed
2026-08-18 01:00:00+00:00,,,,,0,0,False,2026-08-17 21:00:00-04:00,Closed
2026-08-18 02:00:00+00:00,,,,,0,0,False,2026-08-17 22:00:00-04:00,Closed
2026-08-18 03:00:00+00:00,,,,,0,0,False,2026-08-17 23:00:00-04:00,Closed
2026-08-18 04:00:00+00:00,,,,,0,0,False,2026-08-18 00:00:00-04:00,Closed
2026-08-18 05:00:00+00:00,,,,,0,0,False,2026-08-18 01:00:00-04:00,Closed
2026-08-18 06:00:00+00:00,,,,,0,0,False,2026-08-18 02:00:00-04:00,Closed
2026-08-18 07:00:00+00:00,,,,,0,0,False,2026-08-18 03:00:00-04:00,Closed
2026-08-18 08:00:00+00:00,336.0,337.4942,333.6,334.24,0,4,True,2026-08-18 04:00:00-04:00,Pre-Market
2026-08-18 09:00:00+00:00,334.27,334.7488,332.75,333.82,0,4,True,2026-08-18 05:00:00-04:00,Pre-Market
2026-08-18 10:00:00+00:00,333.82,335.3,333.01,335.02,0,4,True,2026-08-18 06:00:00-04:00,Pre-Market
2026-08-18 11:00:00+00:00,335.1,335.71,334.55,334.72,0,4,True,2026-08-18 07:00:00-04:00,Pre-Market
2026-08-18 12:00:00+00:00,334.7231,335.09,333.22,334.13,0,4,True,2026-08-18 08:00:00-04:00,Pre-Market
2026-08-18 13:00:00+00:00,334.13,340.5299987792969,331.1199951171875,339.1549987792969,6408039,4,True,2026-08-18 09:00:00-04:00,Transition
2026-08-18 14:00:00+00:00,339.1799011230469,339.42999267578125,335.20001220703125,335.79998779296875,4739442,4,True,2026-08-18 10:00:00-04:00,Regular
2026-08-18 15:00:00+00:00,335.79998779296875,339.9200134277344,334.9599914550781,339.8337097167969,3288221,4,True,2026-08-18 11:00:00-04:00,Regular
2026-08-18 16:00:00+00:00,339.8500061035156,340.2786865234375,337.0799865722656,339.57501220703125,2641216,4,True,2026-08-18 12:00:00-04:00,Regular
2026-08-18 17:00:00+00:00,339.58990478515625,339.82000732421875,335.9700012207031,336.44000244140625,2350905,4,True,2026-08-18 13:00:00-04:00,Regular
2026-08-18 18:00:00+00:00,336.44000244140625,337.0799865722656,335.1700134277344,335.7900085449219,2084475,4,True,2026-08-18 14:00:00-04:00,Regular
2026-08-18 19:00:00+00:00,335.7850036621094,337.4100036621094,335.3099975585937,336.885009765625,3671615,4,True,2026-08-18 15:00:00-04:00,Regular
2026-08-18 20:00:00+00:00,336.875,345.805,325.054,336.25,0,4,True,2026-08-18 16:00:00-04:00,After-Hours
2026-08-18 21:00:00+00:00,336.28,336.87,323.1361,336.12,0,4,True,2026-08-18 17:00:00-04:00,After-Hours
2026-08-18 22:00:00+00:00,336.15,336.5,335.8,335.9608,0,4,True,2026-08-18 18:00:00-04:00,After-Hours
2026-08-18 23:00:00+00:00,335.85,336.54,335.82,336.18,0,4,True,2026-08-18 19:00:00-04:00,After-Hours
2026-08-19 00:00:00+00:00,,,,,0,0,False,2026-08-18 20:00:00-04:00,Closed
2026-08-19 01:00:00+00:00,,,,,0,0,False,2026-08-18 21:00:00-04:00,Closed
2026-08-19 02:00:00+00:00,,,,,0,0,False,2026-08-18 22:00:00-04:00,Closed
2026-08-19 03:00:00+00:00,,,,,0,0,False,2026-08-18 23:00:00-04:00,Closed
2026-08-19 04:00:00+00:00,,,,,0,0,False,2026-08-19 00:00:00-04:00,Closed
2026-08-19 05:00:00+00:00,,,,,0,0,False,2026-08-19 01:00:00-04:00,Closed
2026-08-19 06:00:00+00:00,,,,,0,0,False,2026-08-19 02:00:00-04:00,Closed
2026-08-19 07:00:00+00:00,,,,,0,0,False,2026-08-19 03:00:00-04:00,Closed
2026-08-19 08:00:00+00:00,335.5,338.3515,334.3815,337.2,0,4,True,2026-08-19 04:00:00-04:00,Pre-Market
2026-08-19 09:00:00+00:00,337.19,337.4288,336.1047,336.4932,0,4,True,2026-08-19 05:00:00-04:00,Pre-Market
2026-08-19 10:00:00+00:00,336.3,336.4945,335.86,335.96,0,4,True,2026-08-19 06:00:00-04:00,Pre-Market
2026-08-19 11:00:00+00:00,336.0,336.87,335.6003,335.9283,0,4,True,2026-08-19 07:00:00-04:00,Pre-Market
2026-08-19 12:00:00+00:00,335.9221,338.12,335.6,337.71,0,4,True,2026-08-19 08:00:00-04:00,Pre-Market
2026-08-19 13:00:00+00:00,337.6,341.2900085449219,335.70001220703125,337.9849853515625,5235614,4,True,2026-08-19 09:00:00-04:00,Transition
2026-08-19 14:00:00+00:00,338.0350036621094,347.8099975585937,337.5,347.38751220703125,8291055,4,True,2026-08-19 10:00:00-04:00,Regular
2026-08-19 15:00:00+00:00,347.4200134277344,348.5599975585937,345.8599853515625,346.9349975585937,4660573,4,True,2026-08-19 11:00:00-04:00,Regular
2026-08-19 16:00:00+00:00,346.9349975585937,349.19000244140625,346.4599914550781,347.2850036621094,3550269,4,True,2026-08-19 12:00:00-04:00,Regular
2026-08-19 17:00:00+00:00,347.260009765625,348.0299987792969,346.0899963378906,347.7699890136719,2092879,4,True,2026-08-19 13:00:00-04:00,Regular
2026-08-19 18:00:00+00:00,347.7344970703125,348.8900146484375,347.29998779296875,348.32000732421875,2703496,4,True,2026-08-19 14:00:00-04:00,Regular
2026-08-19 19:00:00+00:00,348.2850036621094,351.6199951171875,347.45001220703125,351.110107421875,6499146,4,True,2026-08-19 15:00:00-04:00,Regular
2026-08-19 20:00:00+00:00,351.12,374.01,347.0418,350.1,0,4,True,2026-08-19 16:00:00-04:00,After-Hours
2026-08-19 21:00:00+00:00,337.198,350.23,326.2859,349.9513,0,4,True,2026-08-19 17:00:00-04:00,After-Hours
2026-08-19 22:00:00+00:00,349.99,351.12,349.8717,350.24,0,4,True,2026-08-19 18:00:00-04:00,After-Hours
2026-08-19 23:00:00+00:00,350.2552,351.35,350.19,350.7982,0,4,True,2026-08-19 19:00:00-04:00,After-Hours
2026-08-20 00:00:00+00:00,,,,,0,0,False,2026-08-19 20:00:00-04:00,Closed
2026-08-20 01:00:00+00:00,,,,,0,0,False,2026-08-19 21:00:00-04:00,Closed
2026-08-20 02:00:00+00:00,,,,,0,0,False,2026-08-19 22:00:00-04:00,Closed
2026-08-20 03:00:00+00:00,,,,,0,0,False,2026-08-19 23:00:00-04:00,Closed
2026-08-20 04:00:00+00:00,,,,,0,0,False,2026-08-20 00:00:00-04:00,Closed
2026-08-20 05:00:00+00:00,,,,,0,0,False,2026-08-20 01:00:00-04:00,Closed
2026-08-20 06:00:00+00:00,,,,,0,0,False,2026-08-20 02:00:00-04:00,Closed
2026-08-20 07:00:00+00:00,,,,,0,0,False,2026-08-20 03:00:00-04:00,Closed
2026-08-20 08:00:00+00:00,350.805,351.8747,347.3,347.78,0,4,True,2026-08-20 04:00:00-04:00,Pre-Market
2026-08-20 09:00:00+00:00,347.78,349.285,347.6174,348.79,0,4,True,2026-08-20 05:00:00-04:00,Pre-Market
2026-08-20 10:00:00+00:00,348.77,349.5988,348.399,349.52,0,4,True,2026-08-20 06:00:00-04:00,Pre-Market
2026-08-20 11:00:00+00:00,349.59,349.8437,347.2,347.4112,0,4,True,2026-08-20 07:00:00-04:00,Pre-Market
2026-08-20 12:00:00+00:00,347.44,347.8,344.01,345.3,0,4,True,2026-08-20 08:00:00-04:00,Pre-Market
2026-08-20 13:00:00+00:00,345.32,347.489990234375,342.25,345.1326904296875,6042306,4,True,2026-08-20 09:00:00-04:00,Transition
2026-08-20 14:00:00+00:00,345.1099853515625,345.4389953613281,338.9599914550781,340.135009765625,5623080,4,True,2026-08-20 10:00:00-04:00,Regular
2026-08-20 15:00:00+00:00,340.1033020019531,346.07000732421875,340.0,345.75,5084062,4,True,2026-08-20 11:00:00-04:00,Regular
2026-08-20 16:00:00+00:00,345.8099975585937,346.3299865722656,343.5799865722656,344.5552978515625,2700517,4,True,2026-08-20 12:00:00-04:00,Regular
2026-08-20 17:00:00+00:00,344.57000732421875,344.8999938964844,341.75,342.6698913574219,1907077,4,True,2026-08-20 13:00:00-04:00,Regular
2026-08-20 18:00:00+00:00,342.61199951171875,343.8900146484375,341.5203857421875,343.2300109863281,1764625,4,True,2026-08-20 14:00:00-04:00,Regular
2026-08-20 19:00:00+00:00,343.20001220703125,345.3599853515625,342.510009765625,345.2799987792969,3735773,4,True,2026-08-20 15:00:00-04:00,Regular
2026-08-20 20:00:00+00:00,345.27,347.4,344.801,346.55,0,4,True,2026-08-20 16:00:00-04:00,After-Hours
2026-08-20 21:00:00+00:00,346.54,347.3153,322.9687,346.1,0,4,True,2026-08-20 17:00:00-04:00,After-Hours
2026-08-20 22:00:00+00:00,346.0977,346.4,345.13,346.38,0,4,True,2026-08-20 18:00:00-04:00,After-Hours
2026-08-20 23:00:00+00:00,346.35,346.72,346.16,346.3,0,4,True,2026-08-20 19:00:00-04:00,After-Hours
2026-08-21 00:00:00+00:00,,,,,0,0,False,2026-08-20 20:00:00-04:00,Closed
2026-08-21 01:00:00+00:00,,,,,0,0,False,2026-08-20 21:00:00-04:00,Closed
2026-08-21 02:00:00+00:00,,,,,0,0,False,2026-08-20 22:00:00-04:00,Closed
2026-08-21 03:00:00+00:00,,,,,0,0,False,2026-08-20 23:00:00-04:00,Closed
2026-08-21 04:00:00+00:00,,,,,0,0,False,2026-08-21 00:00:00-04:00,Closed
2026-08-21 05:00:00+00:00,,,,,0,0,False,2026-08-21 01:00:00-04:00,Closed
2026-08-21 06:00:00+00:00,,,,,0,0,False,2026-08-21 02:00:00-04:00,Closed
2026-08-21 07:00:00+00:00,,,,,0,0,False,2026-08-21 03:00:00-04:00,Closed
2026-08-21 08:00:00+00:00,349.4797,349.84,345.13,349.3475,0,4,True,2026-08-21 04:00:00-04:00,Pre-Market
2026-08-21 09:00:00+00:00,349.48,350.95,348.8812,350.52,0,4,True,2026-08-21 05:00:00-04:00,Pre-Market
2026-08-21 10:00:00+00:00,350.52,350.88,347.8,348.7556,0,4,True,2026-08-21 06:00:00-04:00,Pre-Market
2026-08-21 11:00:00+00:00,348.89,350.2,348.2,349.68,0,4,True,2026-08-21 07:00:00-04:00,Pre-Market
2026-08-21 12:00:00+00:00,349.8152,350.25,345.13,349.7103,0,4,True,2026-08-21 08:00:00-04:00,Pre-Market
2026-08-21 13:00:00+00:00,349.7585,354.8783874511719,345.13,354.364990234375,7069177,4,True,2026-08-21 09:00:00-04:00,Transition
2026-08-21 14:00:00+00:00,354.3699951171875,361.6499938964844,352.7099914550781,361.0299987792969,14052410,4,True,2026-08-21 10:00:00-04:00,Regular
2026-08-21 15:00:00+00:00,361.0700073242188,364.4800109863281,358.4110107421875,362.5400085449219,9916173,4,True,2026-08-21 11:00:00-04:00,Regular
2026-08-21 16:00:00+00:00,362.5450134277344,364.9400024414063,360.760009765625,364.3340148925781,5576031,4,True,2026-08-21 12:00:00-04:00,Regular
2026-08-21 17:00:00+00:00,364.3299865722656,364.989990234375,362.5400085449219,362.6600036621094,4396314,4,True,2026-08-21 13:00:00-04:00,Regular
2026-08-21 18:00:00+00:00,362.6300048828125,365.3699951171875,362.5201110839844,364.4599914550781,4269840,4,True,2026-08-21 14:00:00-04:00,Regular
2026-08-21 19:00:00+00:00,364.4599914550781,366.5,361.6199951171875,362.8800048828125,9216763,4,True,2026-08-21 15:00:00-04:00,Regular
2026-08-21 20:00:00+00:00,362.86,363.8987,361.97,362.5313,0,4,True,2026-08-21 16:00:00-04:00,After-Hours
2026-08-21 21:00:00+00:00,362.5429,384.9509,338.6973,363.05,0,4,True,2026-08-21 17:00:00-04:00,After-Hours
2026-08-21 22:00:00+00:00,363.1,363.99,362.81,363.7455,0,4,True,2026-08-21 18:00:00-04:00,After-Hours
2026-08-21 23:00:00+00:00,363.8,364.0,363.42,363.93,0,4,True,2026-08-21 19:00:00-04:00,After-Hours
2026-08-22 00:00:00+00:00,,,,,0,0,False,2026-08-21 20:00:00-04:00,Closed
2026-08-22 01:00:00+00:00,,,,,0,0,False,2026-08-21 21:00:00-04:00,Closed
2026-08-22 02:00:00+00:00,,,,,0,0,False,2026-08-21 22:00:00-04:00,Closed
2026-08-22 03:00:00+00:00,,,,,0,0,False,2026-08-21 23:00:00-04:00,Closed
2026-08-22 04:00:00+00:00,,,,,0,0,False,2026-08-22 00:00:00-04:00,Weekend
2026-08-22 05:00:00+00:00,,,,,0,0,False,2026-08-22 01:00:00-04:00,Weekend
2026-08-22 06:00:00+00:00,,,,,0,0,False,2026-08-22 02:00:00-04:00,Weekend
2026-08-22 07:00:00+00:00,,,,,0,0,False,2026-08-22 03:00:00-04:00,Weekend
2026-08-22 08:00:00+00:00,,,,,0,0,False,2026-08-22 04:00:00-04:00,Weekend
2026-08-22 09:00:00+00:00,,,,,0,0,False,2026-08-22 05:00:00-04:00,Weekend
2026-08-22 10:00:00+00:00,,,,,0,0,False,2026-08-22 06:00:00-04:00,Weekend
2026-08-22 11:00:00+00:00,,,,,0,0,False,2026-08-22 07:00:00-04:00,Weekend
2026-08-22 12:00:00+00:00,,,,,0,0,False,2026-08-22 08:00:00-04:00,Weekend
2026-08-22 13:00:00+00:00,,,,,0,0,False,2026-08-22 09:00:00-04:00,Weekend
2026-08-22 14:00:00+00:00,,,,,0,0,False,2026-08-22 10:00:00-04:00,Weekend
2026-08-22 15:00:00+00:00,,,,,0,0,False,2026-08-22 11:00:00-04:00,Weekend
2026-08-22 16:00:00+00:00,,,,,0,0,False,2026-08-22 12:00:00-04:00,Weekend
2026-08-22 17:00:00+00:00,,,,,0,0,False,2026-08-22 13:00:00-04:00,Weekend
2026-08-22 18:00:00+00:00,,,,,0,0,False,2026-08-22 14:00:00-04:00,Weekend
2026-08-22 19:00:00+00:00,,,,,0,0,False,2026-08-22 15:00:00-04:00,Weekend
2026-08-22 20:00:00+00:00,,,,,0,0,False,2026-08-22 16:00:00-04:00,Weekend
2026-08-22 21:00:00+00:00,,,,,0,0,False,2026-08-22 17:00:00-04:00,Weekend
2026-08-22 22:00:00+00:00,,,,,0,0,False,2026-08-22 18:00:00-04:00,Weekend
2026-08-22 23:00:00+00:00,,,,,0,0,False,2026-08-22 19:00:00-04:00,Weekend
2026-08-23 00:00:00+00:00,,,,,0,0,False,2026-08-22 20:00:00-04:00,Weekend
2026-08-23 01:00:00+00:00,,,,,0,0,False,2026-08-22 21:00:00-04:00,Weekend
2026-08-23 02:00:00+00:00,,,,,0,0,False,2026-08-22 22:00:00-04:00,Weekend
2026-08-23 03:00:00+00:00,,,,,0,0,False,2026-08-22 23:00:00-04:00,Weekend
2026-08-23 04:00:00+00:00,,,,,0,0,False,2026-08-23 00:00:00-04:00,Weekend
2026-08-23 05:00:00+00:00,,,,,0,0,False,2026-08-23 01:00:00-04:00,Weekend
2026-08-23 06:00:00+00:00,,,,,0,0,False,2026-08-23 02:00:00-04:00,Weekend
2026-08-23 07:00:00+00:00,,,,,0,0,False,2026-08-23 03:00:00-04:00,Weekend
2026-08-23 08:00:00+00:00,,,,,0,0,False,2026-08-23 04:00:00-04:00,Weekend
2026-08-23 09:00:00+00:00,,,,,0,0,False,2026-08-23 05:00:00-04:00,Weekend
2026-08-23 10:00:00+00:00,,,,,0,0,False,2026-08-23 06:00:00-04:00,Weekend
2026-08-23 11:00:00+00:00,,,,,0,0,False,2026-08-23 07:00:00-04:00,Weekend
2026-08-23 12:00:00+00:00,,,,,0,0,False,2026-08-23 08:00:00-04:00,Weekend
2026-08-23 13:00:00+00:00,,,,,0,0,False,2026-08-23 09:00:00-04:00,Weekend
2026-08-23 14:00:00+00:00,,,,,0,0,False,2026-08-23 10:00:00-04:00,Weekend
2026-08-23 15:00:00+00:00,,,,,0,0,False,2026-08-23 11:00:00-04:00,Weekend
2026-08-23 16:00:00+00:00,,,,,0,0,False,2026-08-23 12:00:00-04:00,Weekend
2026-08-23 17:00:00+00:00,,,,,0,0,False,2026-08-23 13:00:00-04:00,Weekend
2026-08-23 18:00:00+00:00,,,,,0,0,False,2026-08-23 14:00:00-04:00,Weekend
2026-08-23 19:00:00+00:00,,,,,0,0,False,2026-08-23 15:00:00-04:00,Weekend
2026-08-23 20:00:00+00:00,,,,,0,0,False,2026-08-23 16:00:00-04:00,Weekend
2026-08-23 21:00:00+00:00,,,,,0,0,False,2026-08-23 17:00:00-04:00,Weekend
2026-08-23 22:00:00+00:00,,,,,0,0,False,2026-08-23 18:00:00-04:00,Weekend
2026-08-23 23:00:00+00:00,,,,,0,0,False,2026-08-23 19:00:00-04:00,Weekend
2026-08-24 00:00:00+00:00,,,,,0,0,False,2026-08-23 20:00:00-04:00,Weekend
2026-08-24 01:00:00+00:00,,,,,0,0,False,2026-08-23 21:00:00-04:00,Weekend
2026-08-24 02:00:00+00:00,,,,,0,0,False,2026-08-23 22:00:00-04:00,Weekend
2026-08-24 03:00:00+00:00,,,,,0,0,False,2026-08-23 23:00:00-04:00,Weekend
2026-08-24 04:00:00+00:00,,,,,0,0,False,2026-08-24 00:00:00-04:00,Closed
2026-08-24 05:00:00+00:00,,,,,0,0,False,2026-08-24 01:00:00-04:00,Closed
2026-08-24 06:00:00+00:00,,,,,0,0,False,2026-08-24 02:00:00-04:00,Closed
2026-08-24 07:00:00+00:00,,,,,0,0,False,2026-08-24 03:00:00-04:00,Closed
2026-08-24 08:00:00+00:00,361.45,363.4,360.215,362.0,0,4,True,2026-08-24 04:00:00-04:00,Pre-Market
2026-08-24 09:00:00+00:00,361.9,362.77,361.5751,362.0877,0,4,True,2026-08-24 05:00:00-04:00,Pre-Market
2026-08-24 10:00:00+00:00,362.0774,362.6197,361.7,361.94,0,4,True,2026-08-24 06:00:00-04:00,Pre-Market
2026-08-24 11:00:00+00:00,361.97,362.47,360.91,361.5736,0,4,True,2026-08-24 07:00:00-04:00,Pre-Market
2026-08-24 12:00:00+00:00,361.59,362.64,360.0,362.1788,0,4,True,2026-08-24 08:00:00-04:00,Pre-Market
2026-08-24 13:00:00+00:00,362.1767,363.239990234375,351.5799865722656,353.989990234375,7054864,4,True,2026-08-24 09:00:00-04:00,Transition
2026-08-24 14:00:00+00:00,354.0299987792969,358.6700134277344,352.6099853515625,358.0805053710937,6013144,4,True,2026-08-24 10:00:00-04:00,Regular
2026-08-24 15:00:00+00:00,358.1050109863281,358.70001220703125,355.4200134277344,356.0722045898437,4256551,4,True,2026-08-24 11:00:00-04:00,Regular
2026-08-24 16:00:00+00:00,356.0950012207031,357.2799987792969,354.3500061035156,355.1300048828125,3055986,4,True,2026-08-24 12:00:00-04:00,Regular
2026-08-24 17:00:00+00:00,355.1499938964844,356.94000244140625,353.5201110839844,353.8699951171875,3300157,4,True,2026-08-24 13:00:00-04:00,Regular
2026-08-24 18:00:00+00:00,353.8699951171875,354.70001220703125,348.6000061035156,348.7489929199219,4162251,4,True,2026-08-24 14:00:00-04:00,Regular
2026-08-24 19:00:00+00:00,348.739990234375,351.6300048828125,348.260009765625,348.94000244140625,6791881,4,True,2026-08-24 15:00:00-04:00,Regular
2026-08-24 20:00:00+00:00,348.94,349.5,347.77,347.9996,0,4,True,2026-08-24 16:00:00-04:00,After-Hours
2026-08-24 21:00:00+00:00,347.96,349.29,335.598,349.2283,0,4,True,2026-08-24 17:00:00-04:00,After-Hours
2026-08-24 22:00:00+00:00,349.23,349.5,349.04,349.201,0,4,True,2026-08-24 18:00:00-04:00,After-Hours
2026-08-24 23:00:00+00:00,349.239,349.43,348.86,349.34,0,4,True,2026-08-24 19:00:00-04:00,After-Hours
2026-08-25 00:00:00+00:00,,,,,0,0,False,2026-08-24 20:00:00-04:00,Closed
2026-08-25 01:00:00+00:00,,,,,0,0,False,2026-08-24 21:00:00-04:00,Closed
2026-08-25 02:00:00+00:00,,,,,0,0,False,2026-08-24 22:00:00-04:00,Closed
2026-08-25 03:00:00+00:00,,,,,0,0,False,2026-08-24 23:00:00-04:00,Closed
2026-08-25 04:00:00+00:00,,,,,0,0,False,2026-08-25 00:00:00-04:00,Closed
2026-08-25 05:00:00+00:00,,,,,0,0,False,2026-08-25 01:00:00-04:00,Closed
2026-08-25 06:00:00+00:00,,,,,0,0,False,2026-08-25 02:00:00-04:00,Closed
2026-08-25 07:00:00+00:00,,,,,0,0,False,2026-08-25 03:00:00-04:00,Closed
2026-08-25 08:00:00+00:00,351.01,352.43,350.624,351.74,0,4,True,2026-08-25 04:00:00-04:00,Pre-Market
2026-08-25 09:00:00+00:00,351.7296,352.11,350.7075,351.86,0,4,True,2026-08-25 05:00:00-04:00,Pre-Market
2026-08-25 10:00:00+00:00,351.88,352.11,351.55,351.57,0,4,True,2026-08-25 06:00:00-04:00,Pre-Market
2026-08-25 11:00:00+00:00,351.6,351.75,350.5,350.85,0,4,True,2026-08-25 07:00:00-04:00,Pre-Market
2026-08-25 12:00:00+00:00,351.08,352.1,350.3,351.25,0,4,True,2026-08-25 08:00:00-04:00,Pre-Market
2026-08-25 13:00:00+00:00,351.293,353.1400146484375,349.2002868652344,351.30499267578125,4677827,4,True,2026-08-25 09:00:00-04:00,Transition
2026-08-25 14:00:00+00:00,351.2699890136719,353.5,350.010009765625,351.010009765625,5610531,4,True,2026-08-25 10:00:00-04:00,Regular
2026-08-25 15:00:00+00:00,350.94000244140625,354.87750244140625,349.8301086425781,353.4949951171875,4783040,4,True,2026-08-25 11:00:00-04:00,Regular
2026-08-25 16:00:00+00:00,353.4800109863281,357.0,353.3500061035156,356.314208984375,3516638,4,True,2026-08-25 12:00:00-04:00,Regular
2026-08-25 17:00:00+00:00,356.3349914550781,356.5,351.8699951171875,353.29998779296875,3438733,4,True,2026-08-25 13:00:00-04:00,Regular
2026-08-25 18:00:00+00:00,353.31500244140625,353.70001220703125,348.95001220703125,353.1099853515625,2282939,4,True,2026-08-25 14:00:00-04:00,Regular
2026-08-25 19:00:00+00:00,353.1199951171875,353.6000061035156,349.9200134277344,350.1400146484375,3258127,4,True,2026-08-25 15:00:00-04:00,Regular
2026-08-25 20:00:00+00:00,350.125,350.88,349.71,350.6,0,4,True,2026-08-25 16:00:00-04:00,After-Hours
2026-08-25 21:00:00+00:00,350.53,369.6616,336.8576,350.88,0,4,True,2026-08-25 17:00:00-04:00,After-Hours
2026-08-25 22:00:00+00:00,350.8,350.99,350.25,350.7992,0,4,True,2026-08-25 18:00:00-04:00,After-Hours
2026-08-25 23:00:00+00:00,350.7751,351.0,350.5,350.7845,0,4,True,2026-08-25 19:00:00-04:00,After-Hours
2026-08-26 00:00:00+00:00,,,,,0,0,False,2026-08-25 20:00:00-04:00,Closed
2026-08-26 01:00:00+00:00,,,,,0,0,False,2026-08-25 21:00:00-04:00,Closed
2026-08-26 02:00:00+00:00,,,,,0,0,False,2026-08-25 22:00:00-04:00,Closed
2026-08-26 03:00:00+00:00,,,,,0,0,False,2026-08-25 23:00:00-04:00,Closed
2026-08-26 04:00:00+00:00,,,,,0,0,False,2026-08-26 00:00:00-04:00,Closed
2026-08-26 05:00:00+00:00,,,,,0,0,False,2026-08-26 01:00:00-04:00,Closed
2026-08-26 06:00:00+00:00,,,,,0,0,False,2026-08-26 02:00:00-04:00,Closed
2026-08-26 07:00:00+00:00,,,,,0,0,False,2026-08-26 03:00:00-04:00,Closed
2026-08-26 08:00:00+00:00,348.68,351.0,348.68,349.85,0,4,True,2026-08-26 04:00:00-04:00,Pre-Market
2026-08-26 09:00:00+00:00,349.77,350.0,349.2012,349.81,0,4,True,2026-08-26 05:00:00-04:00,Pre-Market
2026-08-26 10:00:00+00:00,349.81,350.2889,349.35,349.9,0,4,True,2026-08-26 06:00:00-04:00,Pre-Market
2026-08-26 11:00:00+00:00,350.0,350.5,348.3,349.14,0,4,True,2026-08-26 07:00:00-04:00,Pre-Market
2026-08-26 12:00:00+00:00,349.2491,349.95,346.91,346.9721,0,4,True,2026-08-26 08:00:00-04:00,Pre-Market
2026-08-26 13:00:00+00:00,347.0657,351.92999267578125,342.5299987792969,348.8861999511719,6170291,4,True,2026-08-26 09:00:00-04:00,Transition
2026-08-26 14:00:00+00:00,349.0199890136719,349.6600036621094,343.28009033203125,343.510009765625,4315071,4,True,2026-08-26 10:00:00-04:00,Regular
2026-08-26 15:00:00+00:00,343.5140075683594,345.2799987792969,343.0599975585937,344.3699951171875,3680618,4,True,2026-08-26 11:00:00-04:00,Regular
2026-08-26 16:00:00+00:00,344.3550109863281,345.29998779296875,343.40008544921875,345.0899963378906,2320329,4,True,2026-08-26 12:00:00-04:00,Regular
2026-08-26 17:00:00+00:00,345.1000061035156,346.92999267578125,344.739990234375,346.6199951171875,2502338,4,True,2026-08-26 13:00:00-04:00,Regular
2026-08-26 18:00:00+00:00,346.614990234375,346.70001220703125,344.44061279296875,346.1370849609375,2444457,4,True,2026-08-26 14:00:00-04:00,Regular
2026-08-26 19:00:00+00:00,346.114990234375,347.44000244140625,344.9599914550781,345.8800048828125,3917745,4,True,2026-08-26 15:00:00-04:00,Regular
2026-08-26 20:00:00+00:00,345.87,346.98,345.0,346.69,0,4,True,2026-08-26 16:00:00-04:00,After-Hours
2026-08-26 21:00:00+00:00,346.7,361.7074,326.2859,347.3,0,4,True,2026-08-26 17:00:00-04:00,After-Hours
2026-08-26 22:00:00+00:00,347.3,347.99,345.82,347.36,0,4,True,2026-08-26 18:00:00-04:00,After-Hours
2026-08-26 23:00:00+00:00,347.39,347.83,347.11,347.6908,0,4,True,2026-08-26 19:00:00-04:00,After-Hours
2026-08-27 00:00:00+00:00,,,,,0,0,False,2026-08-26 20:00:00-04:00,Closed
2026-08-27 01:00:00+00:00,,,,,0,0,False,2026-08-26 21:00:00-04:00,Closed
2026-08-27 02:00:00+00:00,,,,,0,0,False,2026-08-26 22:00:00-04:00,Closed
2026-08-27 03:00:00+00:00,,,,,0,0,False,2026-08-26 23:00:00-04:00,Closed
2026-08-27 04:00:00+00:00,,,,,0,0,False,2026-08-27 00:00:00-04:00,Closed
2026-08-27 05:00:00+00:00,,,,,0,0,False,2026-08-27 01:00:00-04:00,Closed
2026-08-27 06:00:00+00:00,,,,,0,0,False,2026-08-27 02:00:00-04:00,Closed
2026-08-27 07:00:00+00:00,,,,,0,0,False,2026-08-27 03:00:00-04:00,Closed
2026-08-27 08:00:00+00:00,346.86,347.99,345.19,347.21,0,4,True,2026-08-27 04:00:00-04:00,Pre-Market
2026-08-27 09:00:00+00:00,347.06,347.75,346.61,347.6297,0,4,True,2026-08-27 05:00:00-04:00,Pre-Market
2026-08-27 10:00:00+00:00,347.42,347.58,346.71,347.18,0,4,True,2026-08-27 06:00:00-04:00,Pre-Market
2026-08-27 11:00:00+00:00,347.18,347.85,345.8,346.37,0,4,True,2026-08-27 07:00:00-04:00,Pre-Market
2026-08-27 12:00:00+00:00,346.4,346.99,333.83,345.56,0,4,True,2026-08-27 08:00:00-04:00,Pre-Market
2026-08-27 13:00:00+00:00,345.734,352.42999267578125,345.45001220703125,350.2900085449219,5309184,4,True,2026-08-27 09:00:00-04:00,Transition
2026-08-27 14:00:00+00:00,350.2149963378906,354.92999267578125,349.3500061035156,353.69500732421875,5779152,4,True,2026-08-27 10:00:00-04:00,Regular
2026-08-27 15:00:00+00:00,353.75,353.8299865722656,350.6499938964844,352.4800109863281,3161762,4,True,2026-08-27 11:00:00-04:00,Regular
2026-08-27 16:00:00+00:00,352.4750061035156,354.7300109863281,352.0799865722656,353.8900146484375,2681080,4,True,2026-08-27 12:00:00-04:00,Regular
2026-08-27 17:00:00+00:00,353.8900146484375,355.6000061035156,353.6199951171875,354.2349853515625,2751737,4,True,2026-08-27 13:00:00-04:00,Regular
2026-08-27 18:00:00+00:00,354.2349853515625,355.739990234375,353.25,355.14990234375,2766927,4,True,2026-08-27 14:00:00-04:00,Regular
2026-08-27 19:00:00+00:00,355.0899963378906,355.7099914550781,353.7799987792969,354.5899963378906,4173266,4,True,2026-08-27 15:00:00-04:00,Regular
2026-08-27 20:00:00+00:00,354.62,354.81,354.0,354.53,0,4,True,2026-08-27 16:00:00-04:00,After-Hours
2026-08-27 21:00:00+00:00,354.53,354.81,345.1822,354.37,0,4,True,2026-08-27 17:00:00-04:00,After-Hours
2026-08-27 22:00:00+00:00,354.36,354.81,354.01,354.34,0,4,True,2026-08-27 18:00:00-04:00,After-Hours
2026-08-27 23:00:00+00:00,354.417,354.66,354.17,354.65,0,4,True,2026-08-27 19:00:00-04:00,After-Hours
2026-08-28 00:00:00+00:00,,,,,0,0,False,2026-08-27 20:00:00-04:00,Closed
2026-08-28 01:00:00+00:00,,,,,0,0,False,2026-08-27 21:00:00-04:00,Closed
2026-08-28 02:00:00+00:00,,,,,0,0,False,2026-08-27 22:00:00-04:00,Closed
2026-08-28 03:00:00+00:00,,,,,0,0,False,2026-08-27 23:00:00-04:00,Closed
2026-08-28 04:00:00+00:00,,,,,0,0,False,2026-08-28 00:00:00-04:00,Closed
2026-08-28 05:00:00+00:00,,,,,0,0,False,2026-08-28 01:00:00-04:00,Closed
2026-08-28 06:00:00+00:00,,,,,0,0,False,2026-08-28 02:00:00-04:00,Closed
2026-08-28 07:00:00+00:00,,,,,0,0,False,2026-08-28 03:00:00-04:00,Closed
2026-08-28 08:00:00+00:00,355.02,357.3,353.5517,357.2337,0,4,True,2026-08-28 04:00:00-04:00,Pre-Market
2026-08-28 09:00:00+00:00,357.233,358.01,356.2943,356.5,0,4,True,2026-08-28 05:00:00-04:00,Pre-Market
2026-08-28 10:00:00+00:00,356.2277,356.61,356.0,356.45,0,4,True,2026-08-28 06:00:00-04:00,Pre-Market
2026-08-28 11:00:00+00:00,356.4,357.25,355.17,355.2,0,4,True,2026-08-28 07:00:00-04:00,Pre-Market
2026-08-28 12:00:00+00:00,355.37,356.4,354.82,355.56,0,4,True,2026-08-28 08:00:00-04:00,Pre-Market
2026-08-28 13:00:00+00:00,355.6465,358.79998779296875,354.6199951171875,354.6300048828125,4884246,4,True,2026-08-28 09:00:00-04:00,Transition
2026-08-28 14:00:00+00:00,354.70001220703125,355.7699890136719,351.2099914550781,354.260009765625,5626193,4,True,2026-08-28 10:00:00-04:00,Regular
2026-08-28 15:00:00+00:00,354.260009765625,354.67999267578125,348.0400085449219,348.4601135253906,4837905,4,True,2026-08-28 11:00:00-04:00,Regular
2026-08-28 16:00:00+00:00,348.4599914550781,349.0400085449219,346.95001220703125,346.9599914550781,3533639,4,True,2026-08-28 12:00:00-04:00,Regular
2026-08-28 17:00:00+00:00,346.9599914550781,347.1099853515625,345.9800109863281,347.1000061035156,2496184,4,True,2026-08-28 13:00:00-04:00,Regular
2026-08-28 18:00:00+00:00,347.1000061035156,347.1698913574219,345.20001220703125,345.4800109863281,2149266,4,True,2026-08-28 14:00:00-04:00,Regular
2026-08-28 19:00:00+00:00,345.5199890136719,349.7799987792969,345.4800109863281,348.760009765625,5062930,4,True,2026-08-28 15:00:00-04:00,Regular
2026-08-28 20:00:00+00:00,348.74,349.05,338.8841,347.81,0,4,True,2026-08-28 16:00:00-04:00,After-Hours
2026-08-28 21:00:00+00:00,347.8608,355.7206,326.2686,347.97,0,4,True,2026-08-28 17:00:00-04:00,After-Hours
2026-08-28 22:00:00+00:00,347.9203,348.0,347.65,347.82,0,4,True,2026-08-28 18:00:00-04:00,After-Hours
2026-08-28 23:00:00+00:00,347.82,348.2657,341.07,348.19,0,4,True,2026-08-28 19:00:00-04:00,After-Hours
2026-08-29 00:00:00+00:00,,,,,0,0,False,2026-08-28 20:00:00-04:00,Closed
2026-08-29 01:00:00+00:00,,,,,0,0,False,2026-08-28 21:00:00-04:00,Closed
2026-08-29 02:00:00+00:00,,,,,0,0,False,2026-08-28 22:00:00-04:00,Closed
2026-08-29 03:00:00+00:00,,,,,0,0,False,2026-08-28 23:00:00-04:00,Closed
2026-08-29 04:00:00+00:00,,,,,0,0,False,2026-08-29 00:00:00-04:00,Weekend
2026-08-29 05:00:00+00:00,,,,,0,0,False,2026-08-29 01:00:00-04:00,Weekend
2026-08-29 06:00:00+00:00,,,,,0,0,False,2026-08-29 02:00:00-04:00,Weekend
2026-08-29 07:00:00+00:00,,,,,0,0,False,2026-08-29 03:00:00-04:00,Weekend
2026-08-29 08:00:00+00:00,,,,,0,0,False,2026-08-29 04:00:00-04:00,Weekend
2026-08-29 09:00:00+00:00,,,,,0,0,False,2026-08-29 05:00:00-04:00,Weekend
2026-08-29 10:00:00+00:00,,,,,0,0,False,2026-08-29 06:00:00-04:00,Weekend
2026-08-29 11:00:00+00:00,,,,,0,0,False,2026-08-29 07:00:00-04:00,Weekend
2026-08-29 12:00:00+00:00,,,,,0,0,False,2026-08-29 08:00:00-04:00,Weekend
2026-08-29 13:00:00+00:00,,,,,0,0,False,2026-08-29 09:00:00-04:00,Weekend
2026-08-29 14:00:00+00:00,,,,,0,0,False,2026-08-29 10:00:00-04:00,Weekend
2026-08-29 15:00:00+00:00,,,,,0,0,False,2026-08-29 11:00:00-04:00,Weekend
2026-08-29 16:00:00+00:00,,,,,0,0,False,2026-08-29 12:00:00-04:00,Weekend
2026-08-29 17:00:00+00:00,,,,,0,0,False,2026-08-29 13:00:00-04:00,Weekend
2026-08-29 18:00:00+00:00,,,,,0,0,False,2026-08-29 14:00:00-04:00,Weekend
2026-08-29 19:00:00+00:00,,,,,0,0,False,2026-08-29 15:00:00-04:00,Weekend
2026-08-29 20:00:00+00:00,,,,,0,0,False,2026-08-29 16:00:00-04:00,Weekend
2026-08-29 21:00:00+00:00,,,,,0,0,False,2026-08-29 17:00:00-04:00,Weekend
2026-08-29 22:00:00+00:00,,,,,0,0,False,2026-08-29 18:00:00-04:00,Weekend
2026-08-29 23:00:00+00:00,,,,,0,0,False,2026-08-29 19:00:00-04:00,Weekend
2026-08-30 00:00:00+00:00,,,,,0,0,False,2026-08-29 20:00:00-04:00,Weekend
2026-08-30 01:00:00+00:00,,,,,0,0,False,2026-08-29 21:00:00-04:00,Weekend
2026-08-30 02:00:00+00:00,,,,,0,0,False,2026-08-29 22:00:00-04:00,Weekend
2026-08-30 03:00:00+00:00,,,,,0,0,False,2026-08-29 23:00:00-04:00,Weekend
2026-08-30 04:00:00+00:00,,,,,0,0,False,2026-08-30 00:00:00-04:00,Weekend
2026-08-30 05:00:00+00:00,,,,,0,0,False,2026-08-30 01:00:00-04:00,Weekend
2026-08-30 06:00:00+00:00,,,,,0,0,False,2026-08-30 02:00:00-04:00,Weekend
2026-08-30 07:00:00+00:00,,,,,0,0,False,2026-08-30 03:00:00-04:00,Weekend
2026-08-30 08:00:00+00:00,,,,,0,0,False,2026-08-30 04:00:00-04:00,Weekend
2026-08-30 09:00:00+00:00,,,,,0,0,False,2026-08-30 05:00:00-04:00,Weekend
2026-08-30 10:00:00+00:00,,,,,0,0,False,2026-08-30 06:00:00-04:00,Weekend
2026-08-30 11:00:00+00:00,,,,,0,0,False,2026-08-30 07:00:00-04:00,Weekend
2026-08-30 12:00:00+00:00,,,,,0,0,False,2026-08-30 08:00:00-04:00,Weekend
2026-08-30 13:00:00+00:00,,,,,0,0,False,2026-08-30 09:00:00-04:00,Weekend
2026-08-30 14:00:00+00:00,,,,,0,0,False,2026-08-30 10:00:00-04:00,Weekend
2026-08-30 15:00:00+00:00,,,,,0,0,False,2026-08-30 11:00:00-04:00,Weekend
2026-08-30 16:00:00+00:00,,,,,0,0,False,2026-08-30 12:00:00-04:00,Weekend
2026-08-30 17:00:00+00:00,,,,,0,0,False,2026-08-30 13:00:00-04:00,Weekend
2026-08-30 18:00:00+00:00,,,,,0,0,False,2026-08-30 14:00:00-04:00,Weekend
2026-08-30 19:00:00+00:00,,,,,0,0,False,2026-08-30 15:00:00-04:00,Weekend
2026-08-30 20:00:00+00:00,,,,,0,0,False,2026-08-30 16:00:00-04:00,Weekend
2026-08-30 21:00:00+00:00,,,,,0,0,False,2026-08-30 17:00:00-04:00,Weekend
2026-08-30 22:00:00+00:00,,,,,0,0,False,2026-08-30 18:00:00-04:00,Weekend
2026-08-30 23:00:00+00:00,,,,,0,0,False,2026-08-30 19:00:00-04:00,Weekend
2026-08-31 00:00:00+00:00,,,,,0,0,False,2026-08-30 20:00:00-04:00,Weekend
2026-08-31 01:00:00+00:00,,,,,0,0,False,2026-08-30 21:00:00-04:00,Weekend
2026-08-31 02:00:00+00:00,,,,,0,0,False,2026-08-30 22:00:00-04:00,Weekend
2026-08-31 03:00:00+00:00,,,,,0,0,False,2026-08-30 23:00:00-04:00,Weekend
2026-08-31 04:00:00+00:00,,,,,0,0,False,2026-08-31 00:00:00-04:00,Closed
2026-08-31 05:00:00+00:00,,,,,0,0,False,2026-08-31 01:00:00-04:00,Closed
2026-08-31 06:00:00+00:00,,,,,0,0,False,2026-08-31 02:00:00-04:00,Closed
2026-08-31 07:00:00+00:00,,,,,0,0,False,2026-08-31 03:00:00-04:00,Closed
2026-08-31 08:00:00+00:00,348.8474,349.7443,347.04,347.62,0,4,True,2026-08-31 04:00:00-04:00,Pre-Market
2026-08-31 09:00:00+00:00,347.6275,347.66,346.66,346.82,0,4,True,2026-08-31 05:00:00-04:00,Pre-Market
2026-08-31 10:00:00+00:00,346.8,347.3818,346.6,346.76,0,4,True,2026-08-31 06:00:00-04:00,Pre-Market
2026-08-31 11:00:00+00:00,346.745,346.9,345.81,346.74,0,4,True,2026-08-31 07:00:00-04:00,Pre-Market
2026-08-31 12:00:00+00:00,346.7064,346.9,345.3,345.49,0,4,True,2026-08-31 08:00:00-04:00,Pre-Market
2026-08-31 13:00:00+00:00,345.5182,361.1499938964844,345.2861,360.1300048828125,8535355,4,True,2026-08-31 09:00:00-04:00,Transition
2026-08-31 14:00:00+00:00,360.1400146484375,365.80999755859375,359.9700012207031,363.8900146484375,12038646,4,True,2026-08-31 10:00:00-04:00,Regular
2026-08-31 15:00:00+00:00,363.80999755859375,367.1499938964844,362.9599914550781,365.4400024414063,7622850,4,True,2026-08-31 11:00:00-04:00,Regular
2026-08-31 16:00:00+00:00,365.489990234375,366.760009765625,363.2999877929688,366.0549926757813,5702154,4,True,2026-08-31 12:00:00-04:00,Regular
2026-08-31 17:00:00+00:00,366.0299987792969,368.5400085449219,364.9500122070313,368.3999938964844,6159344,4,True,2026-08-31 13:00:00-04:00,Regular
2026-08-31 18:00:00+00:00,368.3900146484375,368.3999938964844,365.3800048828125,365.7999877929688,4322391,4,True,2026-08-31 14:00:00-04:00,Regular
2026-08-31 19:00:00+00:00,365.7799987792969,368.9200134277344,365.25,367.9200134277344,7279929,4,True,2026-08-31 15:00:00-04:00,Regular
2026-08-31 20:00:00+00:00,367.925,368.94,367.5,367.7,0,4,True,2026-08-31 16:00:00-04:00,After-Hours
2026-08-31 21:00:00+00:00,367.73,367.95,347.4276,367.3962,0,4,True,2026-08-31 17:00:00-04:00,After-Hours
2026-08-31 22:00:00+00:00,367.34,367.4,366.7,366.9371,0,4,True,2026-08-31 18:00:00-04:00,After-Hours
2026-08-31 23:00:00+00:00,366.9371,367.4845,366.88,367.4203,0,4,True,2026-08-31 19:00:00-04:00,After-Hours
2026-09-01 00:00:00+00:00,,,,,0,0,False,2026-08-31 20:00:00-04:00,Closed
2026-09-01 01:00:00+00:00,,,,,0,0,False,2026-08-31 21:00:00-04:00,Closed
2026-09-01 02:00:00+00:00,,,,,0,0,False,2026-08-31 22:00:00-04:00,Closed
2026-09-01 03:00:00+00:00,,,,,0,0,False,2026-08-31 23:00:00-04:00,Closed
2026-09-01 04:00:00+00:00,,,,,0,0,False,2026-09-01 00:00:00-04:00,Closed
2026-09-01 05:00:00+00:00,,,,,0,0,False,2026-09-01 01:00:00-04:00,Closed
2026-09-01 06:00:00+00:00,,,,,0,0,False,2026-09-01 02:00:00-04:00,Closed
2026-09-01 07:00:00+00:00,,,,,0,0,False,2026-09-01 03:00:00-04:00,Closed
2026-09-01 08:00:00+00:00,366.62,367.95,363.32,363.8642,0,4,True,2026-09-01 04:00:00-04:00,Pre-Market
2026-09-01 09:00:00+00:00,363.88,364.0,362.5,363.5637,0,4,True,2026-09-01 05:00:00-04:00,Pre-Market
2026-09-01 10:00:00+00:00,363.56,364.42,363.3,363.6,0,4,True,2026-09-01 06:00:00-04:00,Pre-Market
2026-09-01 11:00:00+00:00,363.62,364.35,362.55,362.6661,0,4,True,2026-09-01 07:00:00-04:00,Pre-Market
2026-09-01 12:00:00+00:00,362.68,363.0,361.33,361.3373,0,4,True,2026-09-01 08:00:00-04:00,Pre-Market
2026-09-01 13:00:00+00:00,361.3885,362.6998901367188,353.3900146484375,358.79998779296875,9821823,4,True,2026-09-01 09:00:00-04:00,Transition
2026-09-01 14:00:00+00:00,358.8500061035156,359.7698974609375,357.20001220703125,357.6499938964844,5079099,4,True,2026-09-01 10:00:00-04:00,Regular
2026-09-01 15:00:00+00:00,357.635009765625,360.3699951171875,357.3599853515625,358.70001220703125,3789257,4,True,2026-09-01 11:00:00-04:00,Regular
2026-09-01 16:00:00+00:00,358.75,359.1000061035156,356.32000732421875,356.8299865722656,3022061,4,True,2026-09-01 12:00:00-04:00,Regular
2026-09-01 17:00:00+00:00,356.7900085449219,357.5595092773437,356.1300048828125,356.5198974609375,1867431,4,True,2026-09-01 13:00:00-04:00,Regular
2026-09-01 18:00:00+00:00,356.5199890136719,356.75,352.9599914550781,354.3550109863281,3430077,4,True,2026-09-01 14:00:00-04:00,Regular
2026-09-01 19:00:00+00:00,354.3800048828125,356.8500061035156,353.9100036621094,356.1199951171875,4394289,4,True,2026-09-01 15:00:00-04:00,Regular
2026-09-01 20:00:00+00:00,356.09,356.09,338.506,355.6408,0,4,True,2026-09-01 16:00:00-04:00,After-Hours
2026-09-01 21:00:00+00:00,355.6413,356.09,337.7105,355.37,0,4,True,2026-09-01 17:00:00-04:00,After-Hours
2026-09-01 22:00:00+00:00,355.41,356.09,354.81,355.17,0,4,True,2026-09-01 18:00:00-04:00,After-Hours
2026-09-01 23:00:00+00:00,355.22,355.98,355.17,355.967,0,4,True,2026-09-01 19:00:00-04:00,After-Hours
2026-09-02 00:00:00+00:00,,,,,0,0,False,2026-09-01 20:00:00-04:00,Closed
2026-09-02 01:00:00+00:00,,,,,0,0,False,2026-09-01 21:00:00-04:00,Closed
2026-09-02 02:00:00+00:00,,,,,0,0,False,2026-09-01 22:00:00-04:00,Closed
2026-09-02 03:00:00+00:00,,,,,0,0,False,2026-09-01 23:00:00-04:00,Closed
2026-09-02 04:00:00+00:00,,,,,0,0,False,2026-09-02 00:00:00-04:00,Closed
2026-09-02 05:00:00+00:00,,,,,0,0,False,2026-09-02 01:00:00-04:00,Closed
2026-09-02 06:00:00+00:00,,,,,0,0,False,2026-09-02 02:00:00-04:00,Closed
2026-09-02 07:00:00+00:00,,,,,0,0,False,2026-09-02 03:00:00-04:00,Closed
2026-09-02 08:00:00+00:00,357.5,358.79,355.14,355.2655,0,4,True,2026-09-02 04:00:00-04:00,Pre-Market
2026-09-02 09:00:00+00:00,355.35,356.2749,354.66,355.3,0,4,True,2026-09-02 05:00:00-04:00,Pre-Market
2026-09-02 10:00:00+00:00,355.39,355.9372,354.69,355.6,0,4,True,2026-09-02 06:00:00-04:00,Pre-Market
2026-09-02 11:00:00+00:00,355.625,357.1,354.01,357.04,0,4,True,2026-09-02 07:00:00-04:00,Pre-Market
2026-09-02 12:00:00+00:00,357.0,358.26,356.76,356.86,0,4,True,2026-09-02 08:00:00-04:00,Pre-Market
2026-09-02 13:00:00+00:00,356.9437,361.2,349.9200134277344,351.79998779296875,6980677,4,True,2026-09-02 09:00:00-04:00,Transition
2026-09-02 14:00:00+00:00,351.7300109863281,356.64801025390625,350.3599853515625,351.3699951171875,6686374,4,True,2026-09-02 10:00:00-04:00,Regular
2026-09-02 15:00:00+00:00,351.3500061035156,355.489990234375,350.94000244140625,352.6700134277344,4093221,4,True,2026-09-02 11:00:00-04:00,Regular
2026-09-02 16:00:00+00:00,352.67999267578125,354.95001220703125,352.20001220703125,353.76690673828125,2967781,4,True,2026-09-02 12:00:00-04:00,Regular
2026-09-02 17:00:00+00:00,353.81561279296875,354.54998779296875,351.95001220703125,352.2300109863281,2323430,4,True,2026-09-02 13:00:00-04:00,Regular
2026-09-02 18:00:00+00:00,352.260009765625,353.2699890136719,351.7170104980469,351.82000732421875,2350516,4,True,2026-09-02 14:00:00-04:00,Regular
2026-09-02 19:00:00+00:00,351.8299865722656,357.2799987792969,351.79998779296875,356.989990234375,5528481,4,True,2026-09-02 15:00:00-04:00,Regular
2026-09-02 20:00:00+00:00,357.1,357.5,355.05,355.69,0,4,True,2026-09-02 16:00:00-04:00,After-Hours
2026-09-02 21:00:00+00:00,355.69,362.5681,337.198,356.1812,0,4,True,2026-09-02 17:00:00-04:00,After-Hours
2026-09-02 22:00:00+00:00,356.3945,357.19,356.0,356.66,0,4,True,2026-09-02 18:00:00-04:00,After-Hours
2026-09-02 23:00:00+00:00,356.68,357.0,356.5,356.85,0,4,True,2026-09-02 19:00:00-04:00,After-Hours
2026-09-03 00:00:00+00:00,,,,,0,0,False,2026-09-02 20:00:00-04:00,Closed
2026-09-03 01:00:00+00:00,,,,,0,0,False,2026-09-02 21:00:00-04:00,Closed
2026-09-03 02:00:00+00:00,,,,,0,0,False,2026-09-02 22:00:00-04:00,Closed
2026-09-03 03:00:00+00:00,,,,,0,0,False,2026-09-02 23:00:00-04:00,Closed
2026-09-03 04:00:00+00:00,,,,,0,0,False,2026-09-03 00:00:00-04:00,Closed
2026-09-03 05:00:00+00:00,,,,,0,0,False,2026-09-03 01:00:00-04:00,Closed
2026-09-03 06:00:00+00:00,,,,,0,0,False,2026-09-03 02:00:00-04:00,Closed
2026-09-03 07:00:00+00:00,,,,,0,0,False,2026-09-03 03:00:00-04:00,Closed
2026-09-03 08:00:00+00:00,358.69,361.56,356.9,360.23,0,4,True,2026-09-03 04:00:00-04:00,Pre-Market
2026-09-03 09:00:00+00:00,360.3896,360.97,359.51,359.8,0,4,True,2026-09-03 05:00:00-04:00,Pre-Market
2026-09-03 10:00:00+00:00,359.7742,360.5,359.5115,359.86,0,4,True,2026-09-03 06:00:00-04:00,Pre-Market
2026-09-03 11:00:00+00:00,359.8,362.38,359.25,361.585,0,4,True,2026-09-03 07:00:00-04:00,Pre-Market
2026-09-03 12:00:00+00:00,361.5,364.67,361.4,363.0664,0,4,True,2026-09-03 08:00:00-04:00,Pre-Market
2026-09-03 13:00:00+00:00,363.14,378.2250061035156,362.5,372.1119995117188,15276493,4,True,2026-09-03 09:00:00-04:00,Transition
2026-09-03 14:00:00+00:00,372.0,380.9200134277344,370.1400146484375,379.5356140136719,14625700,4,True,2026-09-03 10:00:00-04:00,Regular
2026-09-03 15:00:00+00:00,379.5249938964844,383.3500061035156,378.2200012207031,382.75,7948064,4,True,2026-09-03 11:00:00-04:00,Regular
2026-09-03 16:00:00+00:00,382.7999877929688,384.0400085449219,380.8800048828125,381.7149963378906,5442220,4,True,2026-09-03 12:00:00-04:00,Regular
2026-09-03 17:00:00+00:00,381.7699890136719,382.9299926757813,381.5769958496094,382.4700012207031,3302778,4,True,2026-09-03 13:00:00-04:00,Regular
2026-09-03 18:00:00+00:00,382.4800109863281,383.2699890136719,380.7699890136719,380.9400939941406,3530925,4,True,2026-09-03 14:00:00-04:00,Regular
2026-09-03 19:00:00+00:00,380.9501953125,381.3999938964844,376.0,376.3550109863281,7613996,4,True,2026-09-03 15:00:00-04:00,Regular
2026-09-03 20:00:00+00:00,376.365,389.7652,375.25,377.7088,0,4,True,2026-09-03 16:00:00-04:00,After-Hours
2026-09-03 21:00:00+00:00,377.5,379.27,373.43,374.72,0,4,True,2026-09-03 17:00:00-04:00,After-Hours
2026-09-03 22:00:00+00:00,374.717,376.7,373.2,375.4568,0,4,True,2026-09-03 18:00:00-04:00,After-Hours
2026-09-03 23:00:00+00:00,375.47,375.9,374.201,374.6354,0,4,True,2026-09-03 19:00:00-04:00,After-Hours
2026-09-04 00:00:00+00:00,,,,,0,0,False,2026-09-03 20:00:00-04:00,Closed
2026-09-04 01:00:00+00:00,,,,,0,0,False,2026-09-03 21:00:00-04:00,Closed
2026-09-04 02:00:00+00:00,,,,,0,0,False,2026-09-03 22:00:00-04:00,Closed
2026-09-04 03:00:00+00:00,,,,,0,0,False,2026-09-03 23:00:00-04:00,Closed
2026-09-04 04:00:00+00:00,,,,,0,0,False,2026-09-04 00:00:00-04:00,Closed
2026-09-04 05:00:00+00:00,,,,,0,0,False,2026-09-04 01:00:00-04:00,Closed
2026-09-04 06:00:00+00:00,,,,,0,0,False,2026-09-04 02:00:00-04:00,Closed
2026-09-04 07:00:00+00:00,,,,,0,0,False,2026-09-04 03:00:00-04:00,Closed
2026-09-04 08:00:00+00:00,370.71,376.365,368.8042,370.03,0,4,True,2026-09-04 04:00:00-04:00,Pre-Market
2026-09-04 09:00:00+00:00,370.068,370.303,366.68,368.66,0,4,True,2026-09-04 05:00:00-04:00,Pre-Market
2026-09-04 10:00:00+00:00,368.65,369.3,368.22,368.74,0,4,True,2026-09-04 06:00:00-04:00,Pre-Market
2026-09-04 11:00:00+00:00,368.74,376.365,364.28,365.3495,0,4,True,2026-09-04 07:00:00-04:00,Pre-Market
2026-09-04 12:00:00+00:00,365.3,367.57,363.22,364.55,0,4,True,2026-09-04 08:00:00-04:00,Pre-Market
2026-09-04 13:00:00+00:00,364.45,364.6900024414063,356.26031494140625,359.6199951171875,16421912,4,True,2026-09-04 09:00:00-04:00,Transition
2026-09-04 14:00:00+00:00,359.54998779296875,359.69000244140625,352.4200134277344,354.2950134277344,13733146,4,True,2026-09-04 10:00:00-04:00,Regular
2026-09-04 15:00:00+00:00,354.260009765625,355.7998962402344,351.3200988769531,351.7149963378906,8672754,4,True,2026-09-04 11:00:00-04:00,Regular
2026-09-04 16:00:00+00:00,351.739990234375,352.8399963378906,351.4549865722656,351.9700012207031,4630808,4,True,2026-09-04 12:00:00-04:00,Regular
2026-09-04 17:00:00+00:00,351.9862060546875,352.9200134277344,351.41571044921875,352.2950134277344,3542372,4,True,2026-09-04 13:00:00-04:00,Regular
2026-09-04 18:00:00+00:00,352.31988525390625,354.31988525390625,351.8299865722656,354.2582092285156,4521708,4,True,2026-09-04 14:00:00-04:00,Regular
2026-09-04 19:00:00+00:00,354.2799987792969,355.54998779296875,353.1499938964844,353.94989013671875,7815538,4,True,2026-09-04 15:00:00-04:00,Regular
2026-09-04 20:00:00+00:00,353.91,365.5226,338.6973,353.39,0,4,True,2026-09-04 16:00:00-04:00,After-Hours
2026-09-04 21:00:00+00:00,353.3239,371.5499,342.8257,353.42,0,4,True,2026-09-04 17:00:00-04:00,After-Hours
2026-09-04 22:00:00+00:00,353.4238,353.5,352.73,352.93,0,4,True,2026-09-04 18:00:00-04:00,After-Hours
2026-09-04 23:00:00+00:00,352.9201,353.11,352.7,352.89,0,4,True,2026-09-04 19:00:00-04:00,After-Hours
2026-09-05 00:00:00+00:00,,,,,0,0,False,2026-09-04 20:00:00-04:00,Closed
2026-09-05 01:00:00+00:00,,,,,0,0,False,2026-09-04 21:00:00-04:00,Closed
2026-09-05 02:00:00+00:00,,,,,0,0,False,2026-09-04 22:00:00-04:00,Closed
2026-09-05 03:00:00+00:00,,,,,0,0,False,2026-09-04 23:00:00-04:00,Closed
2026-09-05 04:00:00+00:00,,,,,0,0,False,2026-09-05 00:00:00-04:00,Weekend
2026-09-05 05:00:00+00:00,,,,,0,0,False,2026-09-05 01:00:00-04:00,Weekend
2026-09-05 06:00:00+00:00,,,,,0,0,False,2026-09-05 02:00:00-04:00,Weekend
2026-09-05 07:00:00+00:00,,,,,0,0,False,2026-09-05 03:00:00-04:00,Weekend
2026-09-05 08:00:00+00:00,,,,,0,0,False,2026-09-05 04:00:00-04:00,Weekend
2026-09-05 09:00:00+00:00,,,,,0,0,False,2026-09-05 05:00:00-04:00,Weekend
2026-09-05 10:00:00+00:00,,,,,0,0,False,2026-09-05 06:00:00-04:00,Weekend
2026-09-05 11:00:00+00:00,,,,,0,0,False,2026-09-05 07:00:00-04:00,Weekend
2026-09-05 12:00:00+00:00,,,,,0,0,False,2026-09-05 08:00:00-04:00,Weekend
2026-09-05 13:00:00+00:00,,,,,0,0,False,2026-09-05 09:00:00-04:00,Weekend
2026-09-05 14:00:00+00:00,,,,,0,0,False,2026-09-05 10:00:00-04:00,Weekend
2026-09-05 15:00:00+00:00,,,,,0,0,False,2026-09-05 11:00:00-04:00,Weekend
2026-09-05 16:00:00+00:00,,,,,0,0,False,2026-09-05 12:00:00-04:00,Weekend
2026-09-05 17:00:00+00:00,,,,,0,0,False,2026-09-05 13:00:00-04:00,Weekend
2026-09-05 18:00:00+00:00,,,,,0,0,False,2026-09-05 14:00:00-04:00,Weekend
2026-09-05 19:00:00+00:00,,,,,0,0,False,2026-09-05 15:00:00-04:00,Weekend
2026-09-05 20:00:00+00:00,,,,,0,0,False,2026-09-05 16:00:00-04:00,Weekend
2026-09-05 21:00:00+00:00,,,,,0,0,False,2026-09-05 17:00:00-04:00,Weekend
2026-09-05 22:00:00+00:00,,,,,0,0,False,2026-09-05 18:00:00-04:00,Weekend
2026-09-05 23:00:00+00:00,,,,,0,0,False,2026-09-05 19:00:00-04:00,Weekend
2026-09-06 00:00:00+00:00,,,,,0,0,False,2026-09-05 20:00:00-04:00,Weekend
2026-09-06 01:00:00+00:00,,,,,0,0,False,2026-09-05 21:00:00-04:00,Weekend
2026-09-06 02:00:00+00:00,,,,,0,0,False,2026-09-05 22:00:00-04:00,Weekend
2026-09-06 03:00:00+00:00,,,,,0,0,False,2026-09-05 23:00:00-04:00,Weekend
2026-09-06 04:00:00+00:00,,,,,0,0,False,2026-09-06 00:00:00-04:00,Weekend
2026-09-06 05:00:00+00:00,,,,,0,0,False,2026-09-06 01:00:00-04:00,Weekend
2026-09-06 06:00:00+00:00,,,,,0,0,False,2026-09-06 02:00:00-04:00,Weekend
2026-09-06 07:00:00+00:00,,,,,0,0,False,2026-09-06 03:00:00-04:00,Weekend
2026-09-06 08:00:00+00:00,,,,,0,0,False,2026-09-06 04:00:00-04:00,Weekend
2026-09-06 09:00:00+00:00,,,,,0,0,False,2026-09-06 05:00:00-04:00,Weekend
2026-09-06 10:00:00+00:00,,,,,0,0,False,2026-09-06 06:00:00-04:00,Weekend
2026-09-06 11:00:00+00:00,,,,,0,0,False,2026-09-06 07:00:00-04:00,Weekend
2026-09-06 12:00:00+00:00,,,,,0,0,False,2026-09-06 08:00:00-04:00,Weekend
2026-09-06 13:00:00+00:00,,,,,0,0,False,2026-09-06 09:00:00-04:00,Weekend
2026-09-06 14:00:00+00:00,,,,,0,0,False,2026-09-06 10:00:00-04:00,Weekend
2026-09-06 15:00:00+00:00,,,,,0,0,False,2026-09-06 11:00:00-04:00,Weekend
2026-09-06 16:00:00+00:00,,,,,0,0,False,2026-09-06 12:00:00-04:00,Weekend
2026-09-06 17:00:00+00:00,,,,,0,0,False,2026-09-06 13:00:00-04:00,Weekend
2026-09-06 18:00:00+00:00,,,,,0,0,False,2026-09-06 14:00:00-04:00,Weekend
2026-09-06 19:00:00+00:00,,,,,0,0,False,2026-09-06 15:00:00-04:00,Weekend
2026-09-06 20:00:00+00:00,,,,,0,0,False,2026-09-06 16:00:00-04:00,Weekend
2026-09-06 21:00:00+00:00,,,,,0,0,False,2026-09-06 17:00:00-04:00,Weekend
2026-09-06 22:00:00+00:00,,,,,0,0,False,2026-09-06 18:00:00-04:00,Weekend
2026-09-06 23:00:00+00:00,,,,,0,0,False,2026-09-06 19:00:00-04:00,Weekend
2026-09-07 00:00:00+00:00,,,,,0,0,False,2026-09-06 20:00:00-04:00,Weekend
2026-09-07 01:00:00+00:00,,,,,0,0,False,2026-09-06 21:00:00-04:00,Weekend
2026-09-07 02:00:00+00:00,,,,,0,0,False,2026-09-06 22:00:00-04:00,Weekend
2026-09-07 03:00:00+00:00,,,,,0,0,False,2026-09-06 23:00:00-04:00,Weekend
2026-09-07 04:00:00+00:00,,,,,0,0,False,2026-09-07 00:00:00-04:00,Closed
2026-09-07 05:00:00+00:00,,,,,0,0,False,2026-09-07 01:00:00-04:00,Closed
2026-09-07 06:00:00+00:00,,,,,0,0,False,2026-09-07 02:00:00-04:00,Closed
2026-09-07 07:00:00+00:00,,,,,0,0,False,2026-09-07 03:00:00-04:00,Closed
2026-09-07 08:00:00+00:00,,,,,0,0,False,2026-09-07 04:00:00-04:00,Pre-Market
2026-09-07 09:00:00+00:00,,,,,0,0,False,2026-09-07 05:00:00-04:00,Pre-Market
2026-09-07 10:00:00+00:00,,,,,0,0,False,2026-09-07 06:00:00-04:00,Pre-Market
2026-09-07 11:00:00+00:00,,,,,0,0,False,2026-09-07 07:00:00-04:00,Pre-Market
2026-09-07 12:00:00+00:00,,,,,0,0,False,2026-09-07 08:00:00-04:00,Pre-Market
2026-09-07 13:00:00+00:00,,,,,0,0,False,2026-09-07 09:00:00-04:00,Transition
2026-09-07 14:00:00+00:00,,,,,0,0,False,2026-09-07 10:00:00-04:00,Regular
2026-09-07 15:00:00+00:00,,,,,0,0,False,2026-09-07 11:00:00-04:00,Regular
2026-09-07 16:00:00+00:00,,,,,0,0,False,2026-09-07 12:00:00-04:00,Regular
2026-09-07 17:00:00+00:00,,,,,0,0,False,2026-09-07 13:00:00-04:00,Regular
2026-09-07 18:00:00+00:00,,,,,0,0,False,2026-09-07 14:00:00-04:00,Regular
2026-09-07 19:00:00+00:00,,,,,0,0,False,2026-09-07 15:00:00-04:00,Regular
2026-09-07 20:00:00+00:00,,,,,0,0,False,2026-09-07 16:00:00-04:00,After-Hours
2026-09-07 21:00:00+00:00,,,,,0,0,False,2026-09-07 17:00:00-04:00,After-Hours
2026-09-07 22:00:00+00:00,,,,,0,0,False,2026-09-07 18:00:00-04:00,After-Hours
2026-09-07 23:00:00+00:00,,,,,0,0,False,2026-09-07 19:00:00-04:00,After-Hours
2026-09-08 00:00:00+00:00,,,,,0,0,False,2026-09-07 20:00:00-04:00,Closed
2026-09-08 01:00:00+00:00,,,,,0,0,False,2026-09-07 21:00:00-04:00,Closed
2026-09-08 02:00:00+00:00,,,,,0,0,False,2026-09-07 22:00:00-04:00,Closed
2026-09-08 03:00:00+00:00,,,,,0,0,False,2026-09-07 23:00:00-04:00,Closed
2026-09-08 04:00:00+00:00,,,,,0,0,False,2026-09-08 00:00:00-04:00,Closed
2026-09-08 05:00:00+00:00,,,,,0,0,False,2026-09-08 01:00:00-04:00,Closed
2026-09-08 06:00:00+00:00,,,,,0,0,False,2026-09-08 02:00:00-04:00,Closed
2026-09-08 07:00:00+00:00,,,,,0,0,False,2026-09-08 03:00:00-04:00,Closed
2026-09-08 08:00:00+00:00,354.425,356.78,352.1971,352.4127,0,4,True,2026-09-08 04:00:00-04:00,Pre-Market
2026-09-08 09:00:00+00:00,352.34,353.98,352.18,353.87,0,4,True,2026-09-08 05:00:00-04:00,Pre-Market
2026-09-08 10:00:00+00:00,353.89,355.34,353.42,354.61,0,4,True,2026-09-08 06:00:00-04:00,Pre-Market
2026-09-08 11:00:00+00:00,354.5,355.85,354.08,355.818,0,4,True,2026-09-08 07:00:00-04:00,Pre-Market
2026-09-08 12:00:00+00:00,355.75,355.85,354.75,355.8075,0,4,True,2026-09-08 08:00:00-04:00,Pre-Market
2026-09-08 13:00:00+00:00,355.8347,362.4200134277344,355.6,360.17498779296875,9749063,4,True,2026-09-08 09:00:00-04:00,Transition
2026-09-08 14:00:00+00:00,360.20001220703125,365.1799011230469,358.3699951171875,365.1099853515625,10453041,4,True,2026-09-08 10:00:00-04:00,Regular
2026-09-08 15:00:00+00:00,365.1099853515625,368.239990234375,364.2800903320313,367.7701110839844,7518648,4,True,2026-09-08 11:00:00-04:00,Regular
2026-09-08 16:00:00+00:00,367.7799987792969,369.6799926757813,366.6000061035156,368.2699890136719,5358783,4,True,2026-09-08 12:00:00-04:00,Regular
2026-09-08 17:00:00+00:00,368.2300109863281,370.0,365.739990234375,365.7800903320313,3829723,4,True,2026-09-08 13:00:00-04:00,Regular
2026-09-08 18:00:00+00:00,365.7972106933594,367.9299926757813,364.8500061035156,367.0549926757813,3726009,4,True,2026-09-08 14:00:00-04:00,Regular
2026-09-08 19:00:00+00:00,367.0299987792969,368.7999877929688,366.510009765625,368.0400085449219,5533883,4,True,2026-09-08 15:00:00-04:00,Regular
2026-09-08 20:00:00+00:00,368.04,389.2376,350.5771,367.07,0,4,True,2026-09-08 16:00:00-04:00,After-Hours
2026-09-08 21:00:00+00:00,367.07,389.2376,350.3006,366.7465,0,4,True,2026-09-08 17:00:00-04:00,After-Hours
2026-09-08 22:00:00+00:00,366.75,368.16,366.34,366.8938,0,4,True,2026-09-08 18:00:00-04:00,After-Hours
2026-09-08 23:00:00+00:00,366.9,366.9984,366.5,366.65,0,4,True,2026-09-08 19:00:00-04:00,After-Hours
2026-09-09 00:00:00+00:00,,,,,0,0,False,2026-09-08 20:00:00-04:00,Closed
2026-09-09 01:00:00+00:00,,,,,0,0,False,2026-09-08 21:00:00-04:00,Closed
2026-09-09 02:00:00+00:00,,,,,0,0,False,2026-09-08 22:00:00-04:00,Closed
2026-09-09 03:00:00+00:00,,,,,0,0,False,2026-09-08 23:00:00-04:00,Closed
2026-09-09 04:00:00+00:00,,,,,0,0,False,2026-09-09 00:00:00-04:00,Closed
2026-09-09 05:00:00+00:00,,,,,0,0,False,2026-09-09 01:00:00-04:00,Closed
2026-09-09 06:00:00+00:00,,,,,0,0,False,2026-09-09 02:00:00-04:00,Closed
2026-09-09 07:00:00+00:00,,,,,0,0,False,2026-09-09 03:00:00-04:00,Closed
2026-09-09 08:00:00+00:00,367.79,368.5927,366.5,367.125,0,4,True,2026-09-09 04:00:00-04:00,Pre-Market
2026-09-09 09:00:00+00:00,367.15,367.2242,364.2,364.3457,0,4,True,2026-09-09 05:00:00-04:00,Pre-Market
2026-09-09 10:00:00+00:00,364.32,365.2,363.7,364.7,0,4,True,2026-09-09 06:00:00-04:00,Pre-Market
2026-09-09 11:00:00+00:00,364.765,365.63,364.06,364.6,0,4,True,2026-09-09 07:00:00-04:00,Pre-Market
2026-09-09 12:00:00+00:00,364.7937,364.82,363.8,364.3,0,4,True,2026-09-09 08:00:00-04:00,Pre-Market
2026-09-09 13:00:00+00:00,364.26,375.4400024414063,364.08,371.0799865722656,7135091,4,True,2026-09-09 09:00:00-04:00,Transition
2026-09-09 14:00:00+00:00,371.0299987792969,373.6000061035156,369.80999755859375,371.30999755859375,6233610,4,True,2026-09-09 10:00:00-04:00,Regular
2026-09-09 15:00:00+00:00,371.30999755859375,371.8299865722656,367.25,370.625,5213388,4,True,2026-09-09 11:00:00-04:00,Regular
2026-09-09 16:00:00+00:00,370.6199951171875,371.1199951171875,368.55999755859375,368.8039855957031,3074827,4,True,2026-09-09 12:00:00-04:00,Regular
2026-09-09 17:00:00+00:00,368.80999755859375,369.4100036621094,367.7799987792969,368.9400024414063,2155946,4,True,2026-09-09 13:00:00-04:00,Regular
2026-09-09 18:00:00+00:00,368.9599914550781,370.1600036621094,368.010009765625,369.0499877929688,2404105,4,True,2026-09-09 14:00:00-04:00,Regular
2026-09-09 19:00:00+00:00,369.0159912109375,369.7300109863281,367.5,367.7999877929688,3695605,4,True,2026-09-09 15:00:00-04:00,Regular
2026-09-09 20:00:00+00:00,367.78,367.87,354.1142,367.53,0,4,True,2026-09-09 16:00:00-04:00,After-Hours
2026-09-09 21:00:00+00:00,367.51,384.7504,354.1142,367.14,0,4,True,2026-09-09 17:00:00-04:00,After-Hours
2026-09-09 22:00:00+00:00,367.15,367.81,366.38,366.6,0,4,True,2026-09-09 18:00:00-04:00,After-Hours
2026-09-09 23:00:00+00:00,366.65,367.3,366.25,367.2242,0,4,True,2026-09-09 19:00:00-04:00,After-Hours
2026-09-10 00:00:00+00:00,,,,,0,0,False,2026-09-09 20:00:00-04:00,Closed
2026-09-10 01:00:00+00:00,,,,,0,0,False,2026-09-09 21:00:00-04:00,Closed
2026-09-10 02:00:00+00:00,,,,,0,0,False,2026-09-09 22:00:00-04:00,Closed
2026-09-10 03:00:00+00:00,,,,,0,0,False,2026-09-09 23:00:00-04:00,Closed
2026-09-10 04:00:00+00:00,,,,,0,0,False,2026-09-10 00:00:00-04:00,Closed
2026-09-10 05:00:00+00:00,,,,,0,0,False,2026-09-10 01:00:00-04:00,Closed
2026-09-10 06:00:00+00:00,,,,,0,0,False,2026-09-10 02:00:00-04:00,Closed
2026-09-10 07:00:00+00:00,,,,,0,0,False,2026-09-10 03:00:00-04:00,Closed
2026-09-10 08:00:00+00:00,367.0507,367.25,365.54,365.78,0,4,True,2026-09-10 04:00:00-04:00,Pre-Market
2026-09-10 09:00:00+00:00,365.7462,366.75,365.4,366.3,0,4,True,2026-09-10 05:00:00-04:00,Pre-Market
2026-09-10 10:00:00+00:00,366.31,366.505,365.5,365.9,0,4,True,2026-09-10 06:00:00-04:00,Pre-Market
2026-09-10 11:00:00+00:00,365.99,365.99,362.88,363.0118,0,4,True,2026-09-10 07:00:00-04:00,Pre-Market
2026-09-10 12:00:00+00:00,363.12,363.44,360.095,360.15,0,4,True,2026-09-10 08:00:00-04:00,Pre-Market
2026-09-10 13:00:00+00:00,360.1792,402.9,357.67999267578125,366.0700073242188,6620340,4,True,2026-09-10 09:00:00-04:00,Transition
2026-09-10 14:00:00+00:00,366.1400146484375,369.2099914550781,365.0,367.6050109863281,5623530,4,True,2026-09-10 10:00:00-04:00,Regular
2026-09-10 15:00:00+00:00,367.6000061035156,367.6300048828125,365.2300109863281,366.7991943359375,3492129,4,True,2026-09-10 11:00:00-04:00,Regular
2026-09-10 16:00:00+00:00,366.75,367.4299926757813,365.3070068359375,365.8500061035156,2282539,4,True,2026-09-10 12:00:00-04:00,Regular
2026-09-10 17:00:00+00:00,365.8150024414063,367.8500061035156,365.35009765625,365.4565124511719,2377333,4,True,2026-09-10 13:00:00-04:00,Regular
2026-09-10 18:00:00+00:00,365.4549865722656,366.6299133300781,364.8800048828125,366.2699890136719,2091066,4,True,2026-09-10 14:00:00-04:00,Regular
2026-09-10 19:00:00+00:00,366.2699890136719,366.4800109863281,362.7699890136719,363.6099853515625,4175515,4,True,2026-09-10 15:00:00-04:00,Regular
2026-09-10 20:00:00+00:00,363.57,364.16,345.1822,363.7786,0,4,True,2026-09-10 16:00:00-04:00,After-Hours
2026-09-10 21:00:00+00:00,363.7775,363.81,345.1822,363.72,0,4,True,2026-09-10 17:00:00-04:00,After-Hours
2026-09-10 22:00:00+00:00,363.7,363.9,363.38,363.43,0,4,True,2026-09-10 18:00:00-04:00,After-Hours
2026-09-10 23:00:00+00:00,363.47,363.6,363.29,363.42,0,4,True,2026-09-10 19:00:00-04:00,After-Hours
2026-09-11 00:00:00+00:00,,,,,0,0,False,2026-09-10 20:00:00-04:00,Closed
2026-09-11 01:00:00+00:00,,,,,0,0,False,2026-09-10 21:00:00-04:00,Closed
2026-09-11 02:00:00+00:00,,,,,0,0,False,2026-09-10 22:00:00-04:00,Closed
2026-09-11 03:00:00+00:00,,,,,0,0,False,2026-09-10 23:00:00-04:00,Closed
2026-09-11 04:00:00+00:00,,,,,0,0,False,2026-09-11 00:00:00-04:00,Closed
2026-09-11 05:00:00+00:00,,,,,0,0,False,2026-09-11 01:00:00-04:00,Closed
2026-09-11 06:00:00+00:00,,,,,0,0,False,2026-09-11 02:00:00-04:00,Closed
2026-09-11 07:00:00+00:00,,,,,0,0,False,2026-09-11 03:00:00-04:00,Closed
2026-09-11 08:00:00+00:00,364.5,365.47,361.7,365.09,0,4,True,2026-09-11 04:00:00-04:00,Pre-Market
2026-09-11 09:00:00+00:00,365.09,365.39,364.5,365.1,0,4,True,2026-09-11 05:00:00-04:00,Pre-Market
2026-09-11 10:00:00+00:00,365.01,365.4,364.56,364.88,0,4,True,2026-09-11 06:00:00-04:00,Pre-Market
2026-09-11 11:00:00+00:00,364.84,364.9,360.14,361.5611,0,4,True,2026-09-11 07:00:00-04:00,Pre-Market
2026-09-11 12:00:00+00:00,361.61,364.97,361.03,364.7035,0,4,True,2026-09-11 08:00:00-04:00,Pre-Market
2026-09-11 13:00:00+00:00,364.9,368.6600036621094,361.6000061035156,368.3999938964844,7221962,4,True,2026-09-11 09:00:00-04:00,Transition
2026-09-11 14:00:00+00:00,368.30999755859375,368.4200134277344,363.0899963378906,364.9100036621094,5764829,4,True,2026-09-11 10:00:00-04:00,Regular
2026-09-11 15:00:00+00:00,364.7999877929688,367.2300109863281,364.2900085449219,365.1199951171875,3094895,4,True,2026-09-11 11:00:00-04:00,Regular
2026-09-11 16:00:00+00:00,365.1799926757813,366.5899963378906,364.0,364.8200073242188,2637921,4,True,2026-09-11 12:00:00-04:00,Regular
2026-09-11 17:00:00+00:00,364.8399963378906,366.5499877929688,364.5299987792969,365.1199951171875,2350247,4,True,2026-09-11 13:00:00-04:00,Regular
2026-09-11 18:00:00+00:00,365.1199951171875,365.5799865722656,364.0,365.2250061035156,2057705,4,True,2026-09-11 14:00:00-04:00,Regular
2026-09-11 19:00:00+00:00,365.2149963378906,366.5,364.0499877929688,365.4700012207031,4156086,4,True,2026-09-11 15:00:00-04:00,Regular
2026-09-11 20:00:00+00:00,365.51,382.39,364.81,365.18,0,4,True,2026-09-11 16:00:00-04:00,After-Hours
2026-09-11 21:00:00+00:00,365.21,377.7957,341.6298,364.75,0,4,True,2026-09-11 17:00:00-04:00,After-Hours
2026-09-11 22:00:00+00:00,364.74,364.97,364.7,364.9389,0,4,True,2026-09-11 18:00:00-04:00,After-Hours
2026-09-11 23:00:00+00:00,364.93,365.251,364.82,365.25,0,4,True,2026-09-11 19:00:00-04:00,After-Hours
2026-09-12 00:00:00+00:00,,,,,0,0,False,2026-09-11 20:00:00-04:00,Closed
2026-09-12 01:00:00+00:00,,,,,0,0,False,2026-09-11 21:00:00-04:00,Closed
2026-09-12 02:00:00+00:00,,,,,0,0,False,2026-09-11 22:00:00-04:00,Closed
2026-09-12 03:00:00+00:00,,,,,0,0,False,2026-09-11 23:00:00-04:00,Closed
2026-09-12 04:00:00+00:00,,,,,0,0,False,2026-09-12 00:00:00-04:00,Weekend
2026-09-12 05:00:00+00:00,,,,,0,0,False,2026-09-12 01:00:00-04:00,Weekend
2026-09-12 06:00:00+00:00,,,,,0,0,False,2026-09-12 02:00:00-04:00,Weekend
2026-09-12 07:00:00+00:00,,,,,0,0,False,2026-09-12 03:00:00-04:00,Weekend
2026-09-12 08:00:00+00:00,,,,,0,0,False,2026-09-12 04:00:00-04:00,Weekend
2026-09-12 09:00:00+00:00,,,,,0,0,False,2026-09-12 05:00:00-04:00,Weekend
2026-09-12 10:00:00+00:00,,,,,0,0,False,2026-09-12 06:00:00-04:00,Weekend
2026-09-12 11:00:00+00:00,,,,,0,0,False,2026-09-12 07:00:00-04:00,Weekend
2026-09-12 12:00:00+00:00,,,,,0,0,False,2026-09-12 08:00:00-04:00,Weekend
2026-09-12 13:00:00+00:00,,,,,0,0,False,2026-09-12 09:00:00-04:00,Weekend
2026-09-12 14:00:00+00:00,,,,,0,0,False,2026-09-12 10:00:00-04:00,Weekend
2026-09-12 15:00:00+00:00,,,,,0,0,False,2026-09-12 11:00:00-04:00,Weekend
2026-09-12 16:00:00+00:00,,,,,0,0,False,2026-09-12 12:00:00-04:00,Weekend
2026-09-12 17:00:00+00:00,,,,,0,0,False,2026-09-12 13:00:00-04:00,Weekend
2026-09-12 18:00:00+00:00,,,,,0,0,False,2026-09-12 14:00:00-04:00,Weekend
2026-09-12 19:00:00+00:00,,,,,0,0,False,2026-09-12 15:00:00-04:00,Weekend
2026-09-12 20:00:00+00:00,,,,,0,0,False,2026-09-12 16:00:00-04:00,Weekend
2026-09-12 21:00:00+00:00,,,,,0,0,False,2026-09-12 17:00:00-04:00,Weekend
2026-09-12 22:00:00+00:00,,,,,0,0,False,2026-09-12 18:00:00-04:00,Weekend
2026-09-12 23:00:00+00:00,,,,,0,0,False,2026-09-12 19:00:00-04:00,Weekend
2026-09-13 00:00:00+00:00,,,,,0,0,False,2026-09-12 20:00:00-04:00,Weekend
2026-09-13 01:00:00+00:00,,,,,0,0,False,2026-09-12 21:00:00-04:00,Weekend
2026-09-13 02:00:00+00:00,,,,,0,0,False,2026-09-12 22:00:00-04:00,Weekend
2026-09-13 03:00:00+00:00,,,,,0,0,False,2026-09-12 23:00:00-04:00,Weekend
2026-09-13 04:00:00+00:00,,,,,0,0,False,2026-09-13 00:00:00-04:00,Weekend
2026-09-13 05:00:00+00:00,,,,,0,0,False,2026-09-13 01:00:00-04:00,Weekend
2026-09-13 06:00:00+00:00,,,,,0,0,False,2026-09-13 02:00:00-04:00,Weekend
2026-09-13 07:00:00+00:00,,,,,0,0,False,2026-09-13 03:00:00-04:00,Weekend
2026-09-13 08:00:00+00:00,,,,,0,0,False,2026-09-13 04:00:00-04:00,Weekend
2026-09-13 09:00:00+00:00,,,,,0,0,False,2026-09-13 05:00:00-04:00,Weekend
2026-09-13 10:00:00+00:00,,,,,0,0,False,2026-09-13 06:00:00-04:00,Weekend
2026-09-13 11:00:00+00:00,,,,,0,0,False,2026-09-13 07:00:00-04:00,Weekend
2026-09-13 12:00:00+00:00,,,,,0,0,False,2026-09-13 08:00:00-04:00,Weekend
2026-09-13 13:00:00+00:00,,,,,0,0,False,2026-09-13 09:00:00-04:00,Weekend
2026-09-13 14:00:00+00:00,,,,,0,0,False,2026-09-13 10:00:00-04:00,Weekend
2026-09-13 15:00:00+00:00,,,,,0,0,False,2026-09-13 11:00:00-04:00,Weekend
2026-09-13 16:00:00+00:00,,,,,0,0,False,2026-09-13 12:00:00-04:00,Weekend
2026-09-13 17:00:00+00:00,,,,,0,0,False,2026-09-13 13:00:00-04:00,Weekend
2026-09-13 18:00:00+00:00,,,,,0,0,False,2026-09-13 14:00:00-04:00,Weekend
2026-09-13 19:00:00+00:00,,,,,0,0,False,2026-09-13 15:00:00-04:00,Weekend
2026-09-13 20:00:00+00:00,,,,,0,0,False,2026-09-13 16:00:00-04:00,Weekend
2026-09-13 21:00:00+00:00,,,,,0,0,False,2026-09-13 17:00:00-04:00,Weekend
2026-09-13 22:00:00+00:00,,,,,0,0,False,2026-09-13 18:00:00-04:00,Weekend
2026-09-13 23:00:00+00:00,,,,,0,0,False,2026-09-13 19:00:00-04:00,Weekend
2026-09-14 00:00:00+00:00,,,,,0,0,False,2026-09-13 20:00:00-04:00,Weekend
2026-09-14 01:00:00+00:00,,,,,0,0,False,2026-09-13 21:00:00-04:00,Weekend
2026-09-14 02:00:00+00:00,,,,,0,0,False,2026-09-13 22:00:00-04:00,Weekend
2026-09-14 03:00:00+00:00,,,,,0,0,False,2026-09-13 23:00:00-04:00,Weekend
2026-09-14 04:00:00+00:00,,,,,0,0,False,2026-09-14 00:00:00-04:00,Closed
2026-09-14 05:00:00+00:00,,,,,0,0,False,2026-09-14 01:00:00-04:00,Closed
2026-09-14 06:00:00+00:00,,,,,0,0,False,2026-09-14 02:00:00-04:00,Closed
2026-09-14 07:00:00+00:00,,,,,0,0,False,2026-09-14 03:00:00-04:00,Closed
2026-09-14 08:00:00+00:00,360.2,361.3922,358.01,358.49,0,4,True,2026-09-14 04:00:00-04:00,Pre-Market
2026-09-14 09:00:00+00:00,358.49,358.8497,357.52,358.0342,0,4,True,2026-09-14 05:00:00-04:00,Pre-Market
2026-09-14 10:00:00+00:00,358.2,359.9902,358.0,359.62,0,4,True,2026-09-14 06:00:00-04:00,Pre-Market
2026-09-14 11:00:00+00:00,359.78,365.44,359.24,359.5,0,4,True,2026-09-14 07:00:00-04:00,Pre-Market
2026-09-14 12:00:00+00:00,359.5032,359.55,358.55,359.09,0,4,True,2026-09-14 08:00:00-04:00,Pre-Market
2026-09-14 13:00:00+00:00,359.13,367.7300109863281,357.99,360.2099914550781,6745315,4,True,2026-09-14 09:00:00-04:00,Transition
2026-09-14 14:00:00+00:00,360.2250061035156,361.7999877929688,357.0400085449219,358.57000732421875,5720366,4,True,2026-09-14 10:00:00-04:00,Regular
2026-09-14 15:00:00+00:00,358.6099853515625,363.8999938964844,358.4284973144531,363.1542053222656,4728641,4,True,2026-09-14 11:00:00-04:00,Regular
2026-09-14 16:00:00+00:00,363.1744995117188,364.2200012207031,361.9400024414063,362.7554931640625,3200367,4,True,2026-09-14 12:00:00-04:00,Regular
2026-09-14 17:00:00+00:00,362.7749938964844,363.25,362.0899963378906,362.2699890136719,2018618,4,True,2026-09-14 13:00:00-04:00,Regular
2026-09-14 18:00:00+00:00,362.2601013183594,362.5,360.6199951171875,360.8500061035156,2152448,4,True,2026-09-14 14:00:00-04:00,Regular
2026-09-14 19:00:00+00:00,360.8299865722656,361.0700073242188,358.5299987792969,358.9700012207031,4498691,4,True,2026-09-14 15:00:00-04:00,Regular
2026-09-14 20:00:00+00:00,358.97,379.496,340.9204,359.5376,0,4,True,2026-09-14 16:00:00-04:00,After-Hours
2026-09-14 21:00:00+00:00,359.52,359.86,340.9204,359.8228,0,4,True,2026-09-14 17:00:00-04:00,After-Hours
2026-09-14 22:00:00+00:00,359.85,359.88,358.97,359.8037,0,4,True,2026-09-14 18:00:00-04:00,After-Hours
2026-09-14 23:00:00+00:00,359.8363,359.89,359.65,359.89,0,4,True,2026-09-14 19:00:00-04:00,After-Hours
2026-09-15 00:00:00+00:00,,,,,0,0,False,2026-09-14 20:00:00-04:00,Closed
2026-09-15 01:00:00+00:00,,,,,0,0,False,2026-09-14 21:00:00-04:00,Closed
2026-09-15 02:00:00+00:00,,,,,0,0,False,2026-09-14 22:00:00-04:00,Closed
2026-09-15 03:00:00+00:00,,,,,0,0,False,2026-09-14 23:00:00-04:00,Closed
2026-09-15 04:00:00+00:00,,,,,0,0,False,2026-09-15 00:00:00-04:00,Closed
2026-09-15 05:00:00+00:00,,,,,0,0,False,2026-09-15 01:00:00-04:00,Closed
2026-09-15 06:00:00+00:00,,,,,0,0,False,2026-09-15 02:00:00-04:00,Closed
2026-09-15 07:00:00+00:00,,,,,0,0,False,2026-09-15 03:00:00-04:00,Closed
2026-09-15 08:00:00+00:00,358.38,359.88,356.69,357.2,0,4,True,2026-09-15 04:00:00-04:00,Pre-Market
2026-09-15 09:00:00+00:00,357.3,358.38,356.66,357.88,0,4,True,2026-09-15 05:00:00-04:00,Pre-Market
2026-09-15 10:00:00+00:00,358.14,358.8027,357.92,358.8027,0,4,True,2026-09-15 06:00:00-04:00,Pre-Market
2026-09-15 11:00:00+00:00,358.8,359.65,358.13,358.7434,0,4,True,2026-09-15 07:00:00-04:00,Pre-Market
2026-09-15 12:00:00+00:00,358.59,359.51,358.03,358.4298,0,4,True,2026-09-15 08:00:00-04:00,Pre-Market
2026-09-15 13:00:00+00:00,358.6047,362.1099853515625,354.6312866210937,359.1499938964844,5861530,4,True,2026-09-15 09:00:00-04:00,Transition
2026-09-15 14:00:00+00:00,359.1000061035156,360.19000244140625,355.8800048828125,357.6099853515625,3757225,4,True,2026-09-15 10:00:00-04:00,Regular
2026-09-15 15:00:00+00:00,357.5609130859375,362.3900146484375,357.55010986328125,361.114990234375,4615546,4,True,2026-09-15 11:00:00-04:00,Regular
2026-09-15 16:00:00+00:00,361.1650085449219,361.9800109863281,358.8800048828125,360.4949951171875,3669050,4,True,2026-09-15 12:00:00-04:00,Regular
2026-09-15 17:00:00+00:00,360.5499877929688,360.5499877929688,355.1600036621094,357.375,3775263,4,True,2026-09-15 13:00:00-04:00,Regular
2026-09-15 18:00:00+00:00,357.3800048828125,358.17999267578125,356.3800048828125,357.2655029296875,1966861,4,True,2026-09-15 14:00:00-04:00,Regular
2026-09-15 19:00:00+00:00,357.25,357.3800048828125,354.04998779296875,356.6400146484375,4124535,4,True,2026-09-15 15:00:00-04:00,Regular
2026-09-15 20:00:00+00:00,356.7,358.5544,356.0,356.5888,0,4,True,2026-09-15 16:00:00-04:00,After-Hours
2026-09-15 21:00:00+00:00,356.58,356.6764,335.4783,355.7001,0,4,True,2026-09-15 17:00:00-04:00,After-Hours
2026-09-15 22:00:00+00:00,355.73,356.4907,355.7,356.23,0,4,True,2026-09-15 18:00:00-04:00,After-Hours
2026-09-15 23:00:00+00:00,356.2288,356.58,355.7597,355.85,0,4,True,2026-09-15 19:00:00-04:00,After-Hours
2026-09-16 00:00:00+00:00,,,,,0,0,False,2026-09-15 20:00:00-04:00,Closed
2026-09-16 01:00:00+00:00,,,,,0,0,False,2026-09-15 21:00:00-04:00,Closed
2026-09-16 02:00:00+00:00,,,,,0,0,False,2026-09-15 22:00:00-04:00,Closed
2026-09-16 03:00:00+00:00,,,,,0,0,False,2026-09-15 23:00:00-04:00,Closed
2026-09-16 04:00:00+00:00,,,,,0,0,False,2026-09-16 00:00:00-04:00,Closed
2026-09-16 05:00:00+00:00,,,,,0,0,False,2026-09-16 01:00:00-04:00,Closed
2026-09-16 06:00:00+00:00,,,,,0,0,False,2026-09-16 02:00:00-04:00,Closed
2026-09-16 07:00:00+00:00,,,,,0,0,False,2026-09-16 03:00:00-04:00,Closed
2026-09-16 08:00:00+00:00,357.36,358.5,356.5,357.4988,0,4,True,2026-09-16 04:00:00-04:00,Pre-Market
2026-09-16 09:00:00+00:00,357.47,357.5812,356.61,357.4,0,4,True,2026-09-16 05:00:00-04:00,Pre-Market
2026-09-16 10:00:00+00:00,357.4,357.51,356.5,357.51,0,4,True,2026-09-16 06:00:00-04:00,Pre-Market
2026-09-16 11:00:00+00:00,357.58,358.0,356.58,357.85,0,4,True,2026-09-16 07:00:00-04:00,Pre-Market
2026-09-16 12:00:00+00:00,357.8,358.4,356.9,357.45,0,4,True,2026-09-16 08:00:00-04:00,Pre-Market
2026-09-16 13:00:00+00:00,357.584,376.7,354.89129638671875,359.3399963378906,4607841,4,True,2026-09-16 09:00:00-04:00,Transition
2026-09-16 14:00:00+00:00,359.3399963378906,364.4400024414063,359.2699890136719,363.8349914550781,6678508,4,True,2026-09-16 10:00:00-04:00,Regular
2026-09-16 15:00:00+00:00,363.8349914550781,365.0498962402344,361.7699890136719,362.3299865722656,3855562,4,True,2026-09-16 11:00:00-04:00,Regular
2026-09-16 16:00:00+00:00,362.30999755859375,363.10198974609375,360.4400939941406,362.3500061035156,2424584,4,True,2026-09-16 12:00:00-04:00,Regular
2026-09-16 17:00:00+00:00,362.3550109863281,362.3999938964844,360.2699890136719,360.8949890136719,1833522,4,True,2026-09-16 13:00:00-04:00,Regular
2026-09-16 18:00:00+00:00,360.8949890136719,362.8900146484375,356.4200134277344,356.4949951171875,4823149,4,True,2026-09-16 14:00:00-04:00,Regular
2026-09-16 19:00:00+00:00,356.4949951171875,359.29998779296875,355.0,358.1300048828125,5649299,4,True,2026-09-16 15:00:00-04:00,Regular
2026-09-16 20:00:00+00:00,358.13,358.468,337.198,358.069,0,4,True,2026-09-16 16:00:00-04:00,After-Hours
2026-09-16 21:00:00+00:00,358.1,358.5,337.198,358.3,0,4,True,2026-09-16 17:00:00-04:00,After-Hours
2026-09-16 22:00:00+00:00,358.3,359.35,358.15,358.4599,0,4,True,2026-09-16 18:00:00-04:00,After-Hours
2026-09-16 23:00:00+00:00,358.45,359.96,358.16,359.86,0,4,True,2026-09-16 19:00:00-04:00,After-Hours
2026-09-17 00:00:00+00:00,,,,,0,0,False,2026-09-16 20:00:00-04:00,Closed
2026-09-17 01:00:00+00:00,,,,,0,0,False,2026-09-16 21:00:00-04:00,Closed
2026-09-17 02:00:00+00:00,,,,,0,0,False,2026-09-16 22:00:00-04:00,Closed
2026-09-17 03:00:00+00:00,,,,,0,0,False,2026-09-16 23:00:00-04:00,Closed
2026-09-17 04:00:00+00:00,,,,,0,0,False,2026-09-17 00:00:00-04:00,Closed
2026-09-17 05:00:00+00:00,,,,,0,0,False,2026-09-17 01:00:00-04:00,Closed
2026-09-17 06:00:00+00:00,,,,,0,0,False,2026-09-17 02:00:00-04:00,Closed
2026-09-17 07:00:00+00:00,,,,,0,0,False,2026-09-17 03:00:00-04:00,Closed
2026-09-17 08:00:00+00:00,362.49,363.95,358.08,363.0912,0,4,True,2026-09-17 04:00:00-04:00,Pre-Market
2026-09-17 09:00:00+00:00,363.24,363.5442,362.5,362.82,0,4,True,2026-09-17 05:00:00-04:00,Pre-Market
2026-09-17 10:00:00+00:00,362.84,363.29,362.3677,362.62,0,4,True,2026-09-17 06:00:00-04:00,Pre-Market
2026-09-17 11:00:00+00:00,362.62,364.5,362.17,364.24,0,4,True,2026-09-17 07:00:00-04:00,Pre-Market
2026-09-17 12:00:00+00:00,364.24,365.6,356.09,364.5547,0,4,True,2026-09-17 08:00:00-04:00,Pre-Market
2026-09-17 13:00:00+00:00,364.578,371.2900085449219,363.2200012207031,369.6600036621094,7660843,4,True,2026-09-17 09:00:00-04:00,Transition
2026-09-17 14:00:00+00:00,369.6799926757813,374.1199951171875,368.0899963378906,368.5849914550781,8366629,4,True,2026-09-17 10:00:00-04:00,Regular
2026-09-17 15:00:00+00:00,368.6499938964844,369.25,364.010009765625,369.1671142578125,5888989,4,True,2026-09-17 11:00:00-04:00,Regular
2026-09-17 16:00:00+00:00,369.1300048828125,369.6000061035156,366.1300048828125,366.7850036621094,3102397,4,True,2026-09-17 12:00:00-04:00,Regular
2026-09-17 17:00:00+00:00,366.80999755859375,368.8200073242188,366.5499877929688,368.0299987792969,3250371,4,True,2026-09-17 13:00:00-04:00,Regular
2026-09-17 18:00:00+00:00,368.0799865722656,368.3800048828125,365.6499938964844,366.8800048828125,2632791,4,True,2026-09-17 14:00:00-04:00,Regular
2026-09-17 19:00:00+00:00,366.8450012207031,367.5,365.9599914550781,366.0400085449219,3642516,4,True,2026-09-17 15:00:00-04:00,Regular
2026-09-17 20:00:00+00:00,366.04,389.7652,341.9605,365.9675,0,4,True,2026-09-17 16:00:00-04:00,After-Hours
2026-09-17 21:00:00+00:00,365.93,375.136,341.9605,366.29,0,4,True,2026-09-17 17:00:00-04:00,After-Hours
2026-09-17 22:00:00+00:00,366.24,366.369,365.12,365.405,0,4,True,2026-09-17 18:00:00-04:00,After-Hours
2026-09-17 23:00:00+00:00,365.6,365.8673,365.4,365.65,0,4,True,2026-09-17 19:00:00-04:00,After-Hours
2026-09-18 00:00:00+00:00,,,,,0,0,False,2026-09-17 20:00:00-04:00,Closed
2026-09-18 01:00:00+00:00,,,,,0,0,False,2026-09-17 21:00:00-04:00,Closed
2026-09-18 02:00:00+00:00,,,,,0,0,False,2026-09-17 22:00:00-04:00,Closed
2026-09-18 03:00:00+00:00,,,,,0,0,False,2026-09-17 23:00:00-04:00,Closed
2026-09-18 04:00:00+00:00,,,,,0,0,False,2026-09-18 00:00:00-04:00,Closed
2026-09-18 05:00:00+00:00,,,,,0,0,False,2026-09-18 01:00:00-04:00,Closed
2026-09-18 06:00:00+00:00,,,,,0,0,False,2026-09-18 02:00:00-04:00,Closed
2026-09-18 07:00:00+00:00,,,,,0,0,False,2026-09-18 03:00:00-04:00,Closed
2026-09-18 08:00:00+00:00,369.74,370.0,366.2,368.85,0,4,True,2026-09-18 04:00:00-04:00,Pre-Market
2026-09-18 09:00:00+00:00,368.78,368.9488,367.76,368.15,0,4,True,2026-09-18 05:00:00-04:00,Pre-Market
2026-09-18 10:00:00+00:00,368.0499,368.7,367.88,368.48,0,4,True,2026-09-18 06:00:00-04:00,Pre-Market
2026-09-18 11:00:00+00:00,368.51,369.1,366.2,368.2,0,4,True,2026-09-18 07:00:00-04:00,Pre-Market
2026-09-18 12:00:00+00:00,368.33,368.6,367.0,367.482,0,4,True,2026-09-18 08:00:00-04:00,Pre-Market
2026-09-18 13:00:00+00:00,367.5155,370.8999938964844,365.4200134277344,365.6400146484375,8882260,4,True,2026-09-18 09:00:00-04:00,Transition
2026-09-18 14:00:00+00:00,365.6000061035156,368.7699890136719,360.7510070800781,367.7049865722656,9757833,4,True,2026-09-18 10:00:00-04:00,Regular
2026-09-18 15:00:00+00:00,367.7049865722656,368.760009765625,361.6600036621094,363.0244140625,6676563,4,True,2026-09-18 11:00:00-04:00,Regular
2026-09-18 16:00:00+00:00,363.0400085449219,363.4599914550781,361.4819946289063,362.9800109863281,4095610,4,True,2026-09-18 12:00:00-04:00,Regular
2026-09-18 17:00:00+00:00,362.9100036621094,363.9739990234375,362.25,363.7149963378906,2501340,4,True,2026-09-18 13:00:00-04:00,Regular
2026-09-18 18:00:00+00:00,363.7149963378906,364.1000061035156,362.340087890625,364.0,2690289,4,True,2026-09-18 14:00:00-04:00,Regular
2026-09-18 19:00:00+00:00,364.010009765625,365.80999755859375,361.6003112792969,364.2300109863281,6825701,4,True,2026-09-18 15:00:00-04:00,Regular
2026-09-18 20:00:00+00:00,364.22,365.5226,338.6973,364.1626,0,4,True,2026-09-18 16:00:00-04:00,After-Hours
2026-09-18 21:00:00+00:00,364.2,384.9509,338.6973,364.19,0,4,True,2026-09-18 17:00:00-04:00,After-Hours
2026-09-18 22:00:00+00:00,364.181,364.27,363.66,363.69,0,4,True,2026-09-18 18:00:00-04:00,After-Hours
2026-09-18 23:00:00+00:00,363.6872,364.19,363.68,364.18,0,4,True,2026-09-18 19:00:00-04:00,After-Hours
2026-09-19 00:00:00+00:00,,,,,0,0,False,2026-09-18 20:00:00-04:00,Closed
2026-09-19 01:00:00+00:00,,,,,0,0,False,2026-09-18 21:00:00-04:00,Closed
2026-09-19 02:00:00+00:00,,,,,0,0,False,2026-09-18 22:00:00-04:00,Closed
2026-09-19 03:00:00+00:00,,,,,0,0,False,2026-09-18 23:00:00-04:00,Closed
2026-09-19 04:00:00+00:00,,,,,0,0,False,2026-09-19 00:00:00-04:00,Weekend
2026-09-19 05:00:00+00:00,,,,,0,0,False,2026-09-19 01:00:00-04:00,Weekend
2026-09-19 06:00:00+00:00,,,,,0,0,False,2026-09-19 02:00:00-04:00,Weekend
2026-09-19 07:00:00+00:00,,,,,0,0,False,2026-09-19 03:00:00-04:00,Weekend
2026-09-19 08:00:00+00:00,,,,,0,0,False,2026-09-19 04:00:00-04:00,Weekend
2026-09-19 09:00:00+00:00,,,,,0,0,False,2026-09-19 05:00:00-04:00,Weekend
2026-09-19 10:00:00+00:00,,,,,0,0,False,2026-09-19 06:00:00-04:00,Weekend
2026-09-19 11:00:00+00:00,,,,,0,0,False,2026-09-19 07:00:00-04:00,Weekend
2026-09-19 12:00:00+00:00,,,,,0,0,False,2026-09-19 08:00:00-04:00,Weekend
2026-09-19 13:00:00+00:00,,,,,0,0,False,2026-09-19 09:00:00-04:00,Weekend
2026-09-19 14:00:00+00:00,,,,,0,0,False,2026-09-19 10:00:00-04:00,Weekend
2026-09-19 15:00:00+00:00,,,,,0,0,False,2026-09-19 11:00:00-04:00,Weekend
2026-09-19 16:00:00+00:00,,,,,0,0,False,2026-09-19 12:00:00-04:00,Weekend
2026-09-19 17:00:00+00:00,,,,,0,0,False,2026-09-19 13:00:00-04:00,Weekend
2026-09-19 18:00:00+00:00,,,,,0,0,False,2026-09-19 14:00:00-04:00,Weekend
2026-09-19 19:00:00+00:00,,,,,0,0,False,2026-09-19 15:00:00-04:00,Weekend
2026-09-19 20:00:00+00:00,,,,,0,0,False,2026-09-19 16:00:00-04:00,Weekend
2026-09-19 21:00:00+00:00,,,,,0,0,False,2026-09-19 17:00:00-04:00,Weekend
2026-09-19 22:00:00+00:00,,,,,0,0,False,2026-09-19 18:00:00-04:00,Weekend
2026-09-19 23:00:00+00:00,,,,,0,0,False,2026-09-19 19:00:00-04:00,Weekend
2026-09-20 00:00:00+00:00,,,,,0,0,False,2026-09-19 20:00:00-04:00,Weekend
2026-09-20 01:00:00+00:00,,,,,0,0,False,2026-09-19 21:00:00-04:00,Weekend
2026-09-20 02:00:00+00:00,,,,,0,0,False,2026-09-19 22:00:00-04:00,Weekend
2026-09-20 03:00:00+00:00,,,,,0,0,False,2026-09-19 23:00:00-04:00,Weekend
2026-09-20 04:00:00+00:00,,,,,0,0,False,2026-09-20 00:00:00-04:00,Weekend
2026-09-20 05:00:00+00:00,,,,,0,0,False,2026-09-20 01:00:00-04:00,Weekend
2026-09-20 06:00:00+00:00,,,,,0,0,False,2026-09-20 02:00:00-04:00,Weekend
2026-09-20 07:00:00+00:00,,,,,0,0,False,2026-09-20 03:00:00-04:00,Weekend
2026-09-20 08:00:00+00:00,,,,,0,0,False,2026-09-20 04:00:00-04:00,Weekend
2026-09-20 09:00:00+00:00,,,,,0,0,False,2026-09-20 05:00:00-04:00,Weekend
2026-09-20 10:00:00+00:00,,,,,0,0,False,2026-09-20 06:00:00-04:00,Weekend
2026-09-20 11:00:00+00:00,,,,,0,0,False,2026-09-20 07:00:00-04:00,Weekend
2026-09-20 12:00:00+00:00,,,,,0,0,False,2026-09-20 08:00:00-04:00,Weekend
2026-09-20 13:00:00+00:00,,,,,0,0,False,2026-09-20 09:00:00-04:00,Weekend
2026-09-20 14:00:00+00:00,,,,,0,0,False,2026-09-20 10:00:00-04:00,Weekend
2026-09-20 15:00:00+00:00,,,,,0,0,False,2026-09-20 11:00:00-04:00,Weekend
2026-09-20 16:00:00+00:00,,,,,0,0,False,2026-09-20 12:00:00-04:00,Weekend
2026-09-20 17:00:00+00:00,,,,,0,0,False,2026-09-20 13:00:00-04:00,Weekend
2026-09-20 18:00:00+00:00,,,,,0,0,False,2026-09-20 14:00:00-04:00,Weekend
2026-09-20 19:00:00+00:00,,,,,0,0,False,2026-09-20 15:00:00-04:00,Weekend
2026-09-20 20:00:00+00:00,,,,,0,0,False,2026-09-20 16:00:00-04:00,Weekend
2026-09-20 21:00:00+00:00,,,,,0,0,False,2026-09-20 17:00:00-04:00,Weekend
2026-09-20 22:00:00+00:00,,,,,0,0,False,2026-09-20 18:00:00-04:00,Weekend
2026-09-20 23:00:00+00:00,,,,,0,0,False,2026-09-20 19:00:00-04:00,Weekend
2026-09-21 00:00:00+00:00,,,,,0,0,False,2026-09-20 20:00:00-04:00,Weekend
2026-09-21 01:00:00+00:00,,,,,0,0,False,2026-09-20 21:00:00-04:00,Weekend
2026-09-21 02:00:00+00:00,,,,,0,0,False,2026-09-20 22:00:00-04:00,Weekend
2026-09-21 03:00:00+00:00,,,,,0,0,False,2026-09-20 23:00:00-04:00,Weekend
2026-09-21 04:00:00+00:00,,,,,0,0,False,2026-09-21 00:00:00-04:00,Closed
2026-09-21 05:00:00+00:00,,,,,0,0,False,2026-09-21 01:00:00-04:00,Closed
2026-09-21 06:00:00+00:00,,,,,0,0,False,2026-09-21 02:00:00-04:00,Closed
2026-09-21 07:00:00+00:00,,,,,0,0,False,2026-09-21 03:00:00-04:00,Closed
2026-09-21 08:00:00+00:00,368.24,369.69,366.25,369.61,0,4,True,2026-09-21 04:00:00-04:00,Pre-Market
2026-09-21 09:00:00+00:00,369.656,370.44,369.5,369.85,0,4,True,2026-09-21 05:00:00-04:00,Pre-Market
2026-09-21 10:00:00+00:00,369.85,370.23,369.1,369.2,0,4,True,2026-09-21 06:00:00-04:00,Pre-Market
2026-09-21 11:00:00+00:00,369.14,369.95,364.27,369.91,0,4,True,2026-09-21 07:00:00-04:00,Pre-Market
2026-09-21 12:00:00+00:00,369.914,370.1,369.04,369.3247,0,4,True,2026-09-21 08:00:00-04:00,Pre-Market
2026-09-21 13:00:00+00:00,369.3475,378.1499938964844,369.15,376.1950073242188,9540317,4,True,2026-09-21 09:00:00-04:00,Transition
2026-09-21 14:00:00+00:00,376.1799926757813,378.3599853515625,373.8500061035156,376.1600036621094,6680992,4,True,2026-09-21 10:00:00-04:00,Regular
2026-09-21 15:00:00+00:00,376.289794921875,376.2999877929688,373.9400024414063,375.2200012207031,3467311,4,True,2026-09-21 11:00:00-04:00,Regular
2026-09-21 16:00:00+00:00,375.2149963378906,375.5,373.3999938964844,374.0299987792969,2864926,4,True,2026-09-21 12:00:00-04:00,Regular
2026-09-21 17:00:00+00:00,373.9718017578125,374.3500061035156,372.6549987792969,373.5499877929688,2502429,4,True,2026-09-21 13:00:00-04:00,Regular
2026-09-21 18:00:00+00:00,373.5549926757813,376.2300109863281,373.5501098632813,375.8399963378906,2965500,4,True,2026-09-21 14:00:00-04:00,Regular
2026-09-21 19:00:00+00:00,375.8450012207031,376.5799865722656,373.3999938964844,375.3200073242188,4844513,4,True,2026-09-21 15:00:00-04:00,Regular
2026-09-21 20:00:00+00:00,375.3,376.0,367.3895,374.97,0,4,True,2026-09-21 16:00:00-04:00,After-Hours
2026-09-21 21:00:00+00:00,374.9971,382.39,367.3895,374.9534,0,4,True,2026-09-21 17:00:00-04:00,After-Hours
2026-09-21 22:00:00+00:00,374.95,375.3,374.76,374.862,0,4,True,2026-09-21 18:00:00-04:00,After-Hours
2026-09-21 23:00:00+00:00,374.88,375.6585,374.84,375.28,0,4,True,2026-09-21 19:00:00-04:00,After-Hours
2026-09-22 00:00:00+00:00,,,,,0,0,False,2026-09-21 20:00:00-04:00,Closed
2026-09-22 01:00:00+00:00,,,,,0,0,False,2026-09-21 21:00:00-04:00,Closed
2026-09-22 02:00:00+00:00,,,,,0,0,False,2026-09-21 22:00:00-04:00,Closed
2026-09-22 03:00:00+00:00,,,,,0,0,False,2026-09-21 23:00:00-04:00,Closed
2026-09-22 04:00:00+00:00,,,,,0,0,False,2026-09-22 00:00:00-04:00,Closed
2026-09-22 05:00:00+00:00,,,,,0,0,False,2026-09-22 01:00:00-04:00,Closed
2026-09-22 06:00:00+00:00,,,,,0,0,False,2026-09-22 02:00:00-04:00,Closed
2026-09-22 07:00:00+00:00,,,,,0,0,False,2026-09-22 03:00:00-04:00,Closed
2026-09-22 08:00:00+00:00,376.09,378.154,374.11,376.4612,0,4,True,2026-09-22 04:00:00-04:00,Pre-Market
2026-09-22 09:00:00+00:00,376.595,377.98,376.0,377.92,0,4,True,2026-09-22 05:00:00-04:00,Pre-Market
2026-09-22 10:00:00+00:00,377.92,378.66,377.3,377.86,0,4,True,2026-09-22 06:00:00-04:00,Pre-Market
2026-09-22 11:00:00+00:00,377.79,378.75,377.61,377.83,0,4,True,2026-09-22 07:00:00-04:00,Pre-Market
2026-09-22 12:00:00+00:00,377.766,445.27,364.2,377.6622,0,4,True,2026-09-22 08:00:00-04:00,Pre-Market
2026-09-22 13:00:00+00:00,377.7955,379.9,372.8800048828125,375.5750122070313,6192839,4,True,2026-09-22 09:00:00-04:00,Transition
2026-09-22 14:00:00+00:00,375.6499938964844,378.7799987792969,375.4601135253906,376.239990234375,4853523,4,True,2026-09-22 10:00:00-04:00,Regular
2026-09-22 15:00:00+00:00,376.2300109863281,377.0700073242188,375.4500122070313,377.005615234375,2759206,4,True,2026-09-22 11:00:00-04:00,Regular
2026-09-22 16:00:00+00:00,376.989990234375,378.80999755859375,376.0700073242188,378.5350036621094,2659167,4,True,2026-09-22 12:00:00-04:00,Regular
2026-09-22 17:00:00+00:00,378.5400085449219,379.5,377.6600036621094,379.3399963378906,2381842,4,True,2026-09-22 13:00:00-04:00,Regular
2026-09-22 18:00:00+00:00,379.3550109863281,379.8999938964844,378.3250122070313,379.7268981933594,2566640,4,True,2026-09-22 14:00:00-04:00,Regular
2026-09-22 19:00:00+00:00,379.75,380.4175109863281,378.7300109863281,378.8599853515625,4248459,4,True,2026-09-22 15:00:00-04:00,Regular
2026-09-22 20:00:00+00:00,378.87,402.1421,359.0185,378.385,0,4,True,2026-09-22 16:00:00-04:00,After-Hours
2026-09-22 21:00:00+00:00,378.4229,400.748,359.0185,378.57,0,4,True,2026-09-22 17:00:00-04:00,After-Hours
2026-09-22 22:00:00+00:00,378.58,378.7,378.35,378.68,0,4,True,2026-09-22 18:00:00-04:00,After-Hours
2026-09-22 23:00:00+00:00,378.68,379.15,378.61,379.14,0,4,True,2026-09-22 19:00:00-04:00,After-Hours
2026-09-23 00:00:00+00:00,,,,,0,0,False,2026-09-22 20:00:00-04:00,Closed
2026-09-23 01:00:00+00:00,,,,,0,0,False,2026-09-22 21:00:00-04:00,Closed
2026-09-23 02:00:00+00:00,,,,,0,0,False,2026-09-22 22:00:00-04:00,Closed
2026-09-23 03:00:00+00:00,,,,,0,0,False,2026-09-22 23:00:00-04:00,Closed
2026-09-23 04:00:00+00:00,,,,,0,0,False,2026-09-23 00:00:00-04:00,Closed
2026-09-23 05:00:00+00:00,,,,,0,0,False,2026-09-23 01:00:00-04:00,Closed
2026-09-23 06:00:00+00:00,,,,,0,0,False,2026-09-23 02:00:00-04:00,Closed
2026-09-23 07:00:00+00:00,,,,,0,0,False,2026-09-23 03:00:00-04:00,Closed
2026-09-23 08:00:00+00:00,379.5,381.07,378.58,379.5874,0,4,True,2026-09-23 04:00:00-04:00,Pre-Market
2026-09-23 09:00:00+00:00,379.5975,379.9,379.5,379.6,0,4,True,2026-09-23 05:00:00-04:00,Pre-Market
2026-09-23 10:00:00+00:00,379.87,380.48,379.5,380.08,0,4,True,2026-09-23 06:00:00-04:00,Pre-Market
2026-09-23 11:00:00+00:00,380.06,380.29,377.78,378.0,0,4,True,2026-09-23 07:00:00-04:00,Pre-Market
2026-09-23 12:00:00+00:00,377.9,378.9,377.44,377.9201,0,4,True,2026-09-23 08:00:00-04:00,Pre-Market
2026-09-23 13:00:00+00:00,377.96,385.8699951171875,377.64,385.1080017089844,7730894,4,True,2026-09-23 09:00:00-04:00,Transition
2026-09-23 14:00:00+00:00,385.0899963378906,386.7000122070313,378.55999755859375,381.1899108886719,8375027,4,True,2026-09-23 10:00:00-04:00,Regular
2026-09-23 15:00:00+00:00,381.1814880371094,381.7999877929688,379.6099853515625,380.3999938964844,3208990,4,True,2026-09-23 11:00:00-04:00,Regular
2026-09-23 16:00:00+00:00,380.3500061035156,380.9299926757813,378.4299926757813,378.5799865722656,2294923,4,True,2026-09-23 12:00:00-04:00,Regular
2026-09-23 17:00:00+00:00,378.5700073242188,380.14990234375,377.5750122070313,379.7000122070313,2851997,4,True,2026-09-23 13:00:00-04:00,Regular
2026-09-23 18:00:00+00:00,379.7000122070313,380.49951171875,378.9000854492188,379.760009765625,2176562,4,True,2026-09-23 14:00:00-04:00,Regular
2026-09-23 19:00:00+00:00,379.7204895019531,380.4500122070313,379.0501098632813,380.239990234375,3294652,4,True,2026-09-23 15:00:00-04:00,Regular
2026-09-23 20:00:00+00:00,380.195,380.5203,354.1142,379.9899,0,4,True,2026-09-23 16:00:00-04:00,After-Hours
2026-09-23 21:00:00+00:00,379.93,380.1189,354.1142,379.78,0,4,True,2026-09-23 17:00:00-04:00,After-Hours
2026-09-23 22:00:00+00:00,379.79,380.23,379.78,380.05,0,4,True,2026-09-23 18:00:00-04:00,After-Hours
2026-09-23 23:00:00+00:00,380.1,380.41,379.85,380.1339,0,4,True,2026-09-23 19:00:00-04:00,After-Hours
2026-09-24 00:00:00+00:00,,,,,0,0,False,2026-09-23 20:00:00-04:00,Closed
2026-09-24 01:00:00+00:00,,,,,0,0,False,2026-09-23 21:00:00-04:00,Closed
2026-09-24 02:00:00+00:00,,,,,0,0,False,2026-09-23 22:00:00-04:00,Closed
2026-09-24 03:00:00+00:00,,,,,0,0,False,2026-09-23 23:00:00-04:00,Closed
2026-09-24 04:00:00+00:00,,,,,0,0,False,2026-09-24 00:00:00-04:00,Closed
2026-09-24 05:00:00+00:00,,,,,0,0,False,2026-09-24 01:00:00-04:00,Closed
2026-09-24 06:00:00+00:00,,,,,0,0,False,2026-09-24 02:00:00-04:00,Closed
2026-09-24 07:00:00+00:00,,,,,0,0,False,2026-09-24 03:00:00-04:00,Closed
2026-09-24 08:00:00+00:00,379.2842,382.08,375.25,375.83,0,4,True,2026-09-24 04:00:00-04:00,Pre-Market
2026-09-24 09:00:00+00:00,375.97,376.8,374.39,375.61,0,4,True,2026-09-24 05:00:00-04:00,Pre-Market
2026-09-24 10:00:00+00:00,375.61,377.04,375.11,376.3506,0,4,True,2026-09-24 06:00:00-04:00,Pre-Market
2026-09-24 11:00:00+00:00,376.8,380.12,376.0001,376.9214,0,4,True,2026-09-24 07:00:00-04:00,Pre-Market
2026-09-24 12:00:00+00:00,376.96,377.48,376.0,376.6878,0,4,True,2026-09-24 08:00:00-04:00,Pre-Market
2026-09-24 13:00:00+00:00,376.9227,379.4699096679688,376.0001,378.889892578125,4343849,4,True,2026-09-24 09:00:00-04:00,Transition
2026-09-24 14:00:00+00:00,378.8800048828125,379.9400024414063,376.260009765625,376.8250122070313,3916085,4,True,2026-09-24 10:00:00-04:00,Regular
2026-09-24 15:00:00+00:00,376.7999877929688,377.5700073242188,376.010009765625,376.5499877929688,2581235,4,True,2026-09-24 11:00:00-04:00,Regular
2026-09-24 16:00:00+00:00,376.55999755859375,383.3323974609375,375.7000122070313,382.3999938964844,4986276,4,True,2026-09-24 12:00:00-04:00,Regular
2026-09-24 17:00:00+00:00,382.3800048828125,382.7900085449219,379.4100036621094,379.7750854492188,2650697,4,True,2026-09-24 13:00:00-04:00,Regular
2026-09-24 18:00:00+00:00,379.760009765625,380.3500061035156,378.1400146484375,379.9800109863281,2079113,4,True,2026-09-24 14:00:00-04:00,Regular
2026-09-24 19:00:00+00:00,379.9104919433594,380.2485046386719,377.6600036621094,377.9100036621094,3261551,4,True,2026-09-24 15:00:00-04:00,Regular
2026-09-24 20:00:00+00:00,377.94,378.25,376.9,377.7477,0,4,True,2026-09-24 16:00:00-04:00,After-Hours
2026-09-24 21:00:00+00:00,377.73,377.94,359.0925,377.5,0,4,True,2026-09-24 17:00:00-04:00,After-Hours
2026-09-24 22:00:00+00:00,377.57,377.95,377.41,377.85,0,4,True,2026-09-24 18:00:00-04:00,After-Hours
2026-09-24 23:00:00+00:00,377.85,378.31,377.76,378.27,0,4,True,2026-09-24 19:00:00-04:00,After-Hours
2026-09-25 00:00:00+00:00,,,,,0,0,False,2026-09-24 20:00:00-04:00,Closed
2026-09-25 01:00:00+00:00,,,,,0,0,False,2026-09-24 21:00:00-04:00,Closed
2026-09-25 02:00:00+00:00,,,,,0,0,False,2026-09-24 22:00:00-04:00,Closed
2026-09-25 03:00:00+00:00,,,,,0,0,False,2026-09-24 23:00:00-04:00,Closed
2026-09-25 04:00:00+00:00,,,,,0,0,False,2026-09-25 00:00:00-04:00,Closed
2026-09-25 05:00:00+00:00,,,,,0,0,False,2026-09-25 01:00:00-04:00,Closed
2026-09-25 06:00:00+00:00,,,,,0,0,False,2026-09-25 02:00:00-04:00,Closed
2026-09-25 07:00:00+00:00,,,,,0,0,False,2026-09-25 03:00:00-04:00,Closed
2026-09-25 08:00:00+00:00,380.53,382.0,377.94,381.89,0,4,True,2026-09-25 04:00:00-04:00,Pre-Market
2026-09-25 09:00:00+00:00,381.928,381.9288,381.0,381.2,0,4,True,2026-09-25 05:00:00-04:00,Pre-Market
2026-09-25 10:00:00+00:00,381.2,381.48,381.0,381.23,0,4,True,2026-09-25 06:00:00-04:00,Pre-Market
2026-09-25 11:00:00+00:00,381.1,382.72,380.8,382.039,0,4,True,2026-09-25 07:00:00-04:00,Pre-Market
2026-09-25 12:00:00+00:00,382.03,382.39,380.73,381.127,0,4,True,2026-09-25 08:00:00-04:00,Pre-Market
2026-09-25 13:00:00+00:00,381.127,386.8299865722656,369.776611328125,372.5299987792969,12890290,4,True,2026-09-25 09:00:00-04:00,Transition
2026-09-25 14:00:00+00:00,372.5199890136719,375.2000122070313,367.6700134277344,371.5400085449219,10221447,4,True,2026-09-25 10:00:00-04:00,Regular
2026-09-25 15:00:00+00:00,371.5400085449219,373.5,369.6799926757813,373.0899963378906,5305350,4,True,2026-09-25 11:00:00-04:00,Regular
2026-09-25 16:00:00+00:00,373.1300048828125,374.6000061035156,371.1751098632813,372.0650024414063,4216478,4,True,2026-09-25 12:00:00-04:00,Regular
2026-09-25 17:00:00+00:00,372.1299133300781,373.55999755859375,371.5799865722656,373.4100036621094,1888787,4,True,2026-09-25 13:00:00-04:00,Regular
2026-09-25 18:00:00+00:00,373.3631896972656,374.3500061035156,371.7999877929688,372.1300048828125,2922283,4,True,2026-09-25 14:00:00-04:00,Regular
2026-09-25 19:00:00+00:00,372.1050109863281,372.8900146484375,371.0199890136719,372.0799865722656,3678398,4,True,2026-09-25 15:00:00-04:00,Regular
2026-09-25 20:00:00+00:00,372.02,377.7957,346.7248,372.2,0,4,True,2026-09-25 16:00:00-04:00,After-Hours
2026-09-25 21:00:00+00:00,346.5331,378.68,346.5331,372.61,0,4,True,2026-09-25 17:00:00-04:00,After-Hours
2026-09-25 22:00:00+00:00,372.6,372.68,372.5,372.51,0,4,True,2026-09-25 18:00:00-04:00,After-Hours
2026-09-25 23:00:00+00:00,372.532,372.66,372.4,372.59,0,4,True,2026-09-25 19:00:00-04:00,After-Hours
