datetime_utc,timestamp,open,high,low,close,volume,turnover,missing_candle,datetime_et,weekday,session,native_ticker,rtoken_symbol,research_group
2026-06-27 06:00:00+00:00,,,,,,,,True,2026-06-27 02:00:00-04:00,Saturday,Weekend,MSFT,RMSFTUSDT,Development
2026-06-27 07:00:00+00:00,,,,,,,,True,2026-06-27 03:00:00-04:00,Saturday,Weekend,MSFT,RMSFTUSDT,Development
2026-06-27 08:00:00+00:00,,,,,,,,True,2026-06-27 04:00:00-04:00,Saturday,Weekend,MSFT,RMSFTUSDT,Development
2026-06-27 09:00:00+00:00,1782550800000.0,374.24,374.24,373.86,373.86,0.2937,109.863522,False,2026-06-27 05:00:00-04:00,Saturday,Weekend,MSFT,RMSFTUSDT,Development
2026-06-27 10:00:00+00:00,,,,,,,,True,2026-06-27 06:00:00-04:00,Saturday,Weekend,MSFT,RMSFTUSDT,Development
2026-06-27 11:00:00+00:00,,,,,,,,True,2026-06-27 07:00:00-04:00,Saturday,Weekend,MSFT,RMSFTUSDT,Development
2026-06-27 12:00:00+00:00,,,,,,,,True,2026-06-27 08:00:00-04:00,Saturday,Weekend,MSFT,RMSFTUSDT,Development
2026-06-27 13:00:00+00:00,1782565200000.0,373.86,373.86,373.75,373.75,0.0845,31.59084,False,2026-06-27 09:00:00-04:00,Saturday,Weekend,MSFT,RMSFTUSDT,Development
2026-06-27 14:00:00+00:00,,,,,,,,True,2026-06-27 10:00:00-04:00,Saturday,Weekend,MSFT,RMSFTUSDT,Development
2026-06-27 15:00:00+00:00,1782572400000.0,374.25,374.25,373.75,373.75,0.4628,173.12598,False,2026-06-27 11:00:00-04:00,Saturday,Weekend,MSFT,RMSFTUSDT,Development
2026-06-27 16:00:00+00:00,1782576000000.0,374.32,374.32,373.99,373.99,0.2781,104.060784,False,2026-06-27 12:00:00-04:00,Saturday,Weekend,MSFT,RMSFTUSDT,Development
2026-06-27 17:00:00+00:00,1782579600000.0,373.99,373.99,373.75,373.75,0.5493,205.339324,False,2026-06-27 13:00:00-04:00,Saturday,Weekend,MSFT,RMSFTUSDT,Development
2026-06-27 18:00:00+00:00,,,,,,,,True,2026-06-27 14:00:00-04:00,Saturday,Weekend,MSFT,RMSFTUSDT,Development
2026-06-27 19:00:00+00:00,,,,,,,,True,2026-06-27 15:00:00-04:00,Saturday,Weekend,MSFT,RMSFTUSDT,Development
2026-06-27 20:00:00+00:00,,,,,,,,True,2026-06-27 16:00:00-04:00,Saturday,Weekend,MSFT,RMSFTUSDT,Development
2026-06-27 21:00:00+00:00,1782594000000.0,374.34,374.34,374.03,374.03,0.2672,99.988704,False,2026-06-27 17:00:00-04:00,Saturday,Weekend,MSFT,RMSFTUSDT,Development
2026-06-27 22:00:00+00:00,,,,,,,,True,2026-06-27 18:00:00-04:00,Saturday,Weekend,MSFT,RMSFTUSDT,Development
2026-06-27 23:00:00+00:00,1782601200000.0,374.36,374.36,374.04,374.04,0.0596,22.30232,False,2026-06-27 19:00:00-04:00,Saturday,Weekend,MSFT,RMSFTUSDT,Development
2026-06-28 00:00:00+00:00,,,,,,,,True,2026-06-27 20:00:00-04:00,Saturday,Weekend,MSFT,RMSFTUSDT,Development
2026-06-28 01:00:00+00:00,1782608400000.0,374.36,375.15,373.75,375.15,8.7226,3267.151511,False,2026-06-27 21:00:00-04:00,Saturday,Weekend,MSFT,RMSFTUSDT,Development
2026-06-28 02:00:00+00:00,1782612000000.0,375.15,375.15,375.15,375.15,0.0341,12.792615,False,2026-06-27 22:00:00-04:00,Saturday,Weekend,MSFT,RMSFTUSDT,Development
2026-06-28 03:00:00+00:00,1782615600000.0,375.15,375.15,375.15,375.15,0.0654,24.53481,False,2026-06-27 23:00:00-04:00,Saturday,Weekend,MSFT,RMSFTUSDT,Development
2026-06-28 04:00:00+00:00,,,,,,,,True,2026-06-28 00:00:00-04:00,Sunday,Weekend,MSFT,RMSFTUSDT,Development
2026-06-28 05:00:00+00:00,,,,,,,,True,2026-06-28 01:00:00-04:00,Sunday,Weekend,MSFT,RMSFTUSDT,Development
2026-06-28 06:00:00+00:00,1782626400000.0,375.15,375.15,375.15,375.15,1.2674,475.46511,False,2026-06-28 02:00:00-04:00,Sunday,Weekend,MSFT,RMSFTUSDT,Development
2026-06-28 07:00:00+00:00,1782630000000.0,375.16,375.16,375.16,375.16,0.2277,85.423932,False,2026-06-28 03:00:00-04:00,Sunday,Weekend,MSFT,RMSFTUSDT,Development
2026-06-28 08:00:00+00:00,1782633600000.0,375.2,375.2,375.0,375.0,0.7224,270.91066,False,2026-06-28 04:00:00-04:00,Sunday,Weekend,MSFT,RMSFTUSDT,Development
2026-06-28 09:00:00+00:00,,,,,,,,True,2026-06-28 05:00:00-04:00,Sunday,Weekend,MSFT,RMSFTUSDT,Development
2026-06-28 10:00:00+00:00,1782640800000.0,375.2,375.24,375.0,375.0,0.4941,185.374516,False,2026-06-28 06:00:00-04:00,Sunday,Weekend,MSFT,RMSFTUSDT,Development
2026-06-28 11:00:00+00:00,,,,,,,,True,2026-06-28 07:00:00-04:00,Sunday,Weekend,MSFT,RMSFTUSDT,Development
2026-06-28 12:00:00+00:00,,,,,,,,True,2026-06-28 08:00:00-04:00,Sunday,Weekend,MSFT,RMSFTUSDT,Development
2026-06-28 13:00:00+00:00,1782651600000.0,375.0,375.0,375.0,375.0,0.0332,12.45,False,2026-06-28 09:00:00-04:00,Sunday,Weekend,MSFT,RMSFTUSDT,Development
2026-06-28 14:00:00+00:00,1782655200000.0,375.0,375.0,375.0,375.0,0.5572,208.95,False,2026-06-28 10:00:00-04:00,Sunday,Weekend,MSFT,RMSFTUSDT,Development
2026-06-28 15:00:00+00:00,,,,,,,,True,2026-06-28 11:00:00-04:00,Sunday,Weekend,MSFT,RMSFTUSDT,Development
2026-06-28 16:00:00+00:00,1782662400000.0,375.0,375.0,374.95,374.95,0.156,58.4961,False,2026-06-28 12:00:00-04:00,Sunday,Weekend,MSFT,RMSFTUSDT,Development
2026-06-28 17:00:00+00:00,1782666000000.0,375.0,375.0,374.9,374.9,0.1525,57.182845,False,2026-06-28 13:00:00-04:00,Sunday,Weekend,MSFT,RMSFTUSDT,Development
2026-06-28 18:00:00+00:00,,,,,,,,True,2026-06-28 14:00:00-04:00,Sunday,Weekend,MSFT,RMSFTUSDT,Development
2026-06-28 19:00:00+00:00,,,,,,,,True,2026-06-28 15:00:00-04:00,Sunday,Weekend,MSFT,RMSFTUSDT,Development
2026-06-28 20:00:00+00:00,,,,,,,,True,2026-06-28 16:00:00-04:00,Sunday,Weekend,MSFT,RMSFTUSDT,Development
2026-06-28 21:00:00+00:00,,,,,,,,True,2026-06-28 17:00:00-04:00,Sunday,Weekend,MSFT,RMSFTUSDT,Development
2026-06-28 22:00:00+00:00,,,,,,,,True,2026-06-28 18:00:00-04:00,Sunday,Weekend,MSFT,RMSFTUSDT,Development
2026-06-28 23:00:00+00:00,,,,,,,,True,2026-06-28 19:00:00-04:00,Sunday,Weekend,MSFT,RMSFTUSDT,Development
2026-06-29 00:00:00+00:00,1782691200000.0,374.44,383.13,374.03,382.15,114162.0,43271952.36,False,2026-06-28 20:00:00-04:00,Sunday,Weekend,MSFT,RMSFTUSDT,Development
2026-06-29 01:00:00+00:00,1782694800000.0,382.19,382.99,378.41,379.42,78081.0,29712428.82,False,2026-06-28 21:00:00-04:00,Sunday,Weekend,MSFT,RMSFTUSDT,Development
2026-06-29 02:00:00+00:00,1782698400000.0,379.49,380.99,378.43,380.43,28007.0,10635648.95,False,2026-06-28 22:00:00-04:00,Sunday,Weekend,MSFT,RMSFTUSDT,Development
2026-06-29 03:00:00+00:00,1782702000000.0,380.56,382.0,379.49,381.23,33697.0,12825882.02,False,2026-06-28 23:00:00-04:00,Sunday,Weekend,MSFT,RMSFTUSDT,Development
2026-06-29 04:00:00+00:00,1782705600000.0,381.14,381.99,380.28,381.82,26548.0,10117912.91,False,2026-06-29 00:00:00-04:00,Monday,Overnight,MSFT,RMSFTUSDT,Development
2026-06-29 05:00:00+00:00,1782709200000.0,381.92,382.49,380.52,380.61,25034.0,9555155.04,False,2026-06-29 01:00:00-04:00,Monday,Overnight,MSFT,RMSFTUSDT,Development
2026-06-29 06:00:00+00:00,1782712800000.0,380.63,380.66,378.36,378.4,40663.0,15422935.62,False,2026-06-29 02:00:00-04:00,Monday,Overnight,MSFT,RMSFTUSDT,Development
2026-06-29 07:00:00+00:00,1782716400000.0,378.42,378.81,377.59,378.39,29082.0,10999736.3,False,2026-06-29 03:00:00-04:00,Monday,Overnight,MSFT,RMSFTUSDT,Development
2026-06-29 08:00:00+00:00,1782720000000.0,378.02,380.4,373.682,379.61,294002.97737400007,111225383.58167198,False,2026-06-29 04:00:00-04:00,Monday,Pre-Market,MSFT,RMSFTUSDT,Development
2026-06-29 09:00:00+00:00,1782723600000.0,379.65,380.915,379.2,380.01,71046.44923200001,27011504.765760243,False,2026-06-29 05:00:00-04:00,Monday,Pre-Market,MSFT,RMSFTUSDT,Development
2026-06-29 10:00:00+00:00,1782727200000.0,378.92,379.998,378.056,378.74,59344.800308,22474237.87992148,False,2026-06-29 06:00:00-04:00,Monday,Pre-Market,MSFT,RMSFTUSDT,Development
2026-06-29 11:00:00+00:00,1782730800000.0,378.56,380.385,377.635,379.7,205009.91395999995,77748964.31876878,False,2026-06-29 07:00:00-04:00,Monday,Pre-Market,MSFT,RMSFTUSDT,Development
2026-06-29 12:00:00+00:00,1782734400000.0,379.48,380.33,378.775,379.7,154995.98789400002,58826619.25973234,False,2026-06-29 08:00:00-04:00,Monday,Pre-Market,MSFT,RMSFTUSDT,Development
2026-06-29 13:00:00+00:00,1782738000000.0,380.0,380.49,374.57,379.115,6995095.793514,2645778165.796919,False,2026-06-29 09:00:00-04:00,Monday,Transition,MSFT,RMSFTUSDT,Development
2026-06-29 14:00:00+00:00,1782741600000.0,379.42,379.46,371.7,371.96,7002427.884675,2632123010.772409,False,2026-06-29 10:00:00-04:00,Monday,Regular,MSFT,RMSFTUSDT,Development
2026-06-29 15:00:00+00:00,1782745200000.0,371.99,373.64,370.25,371.567,10079077.112238,3751183659.1190224,False,2026-06-29 11:00:00-04:00,Monday,Regular,MSFT,RMSFTUSDT,Development
2026-06-29 16:00:00+00:00,1782748800000.0,371.605,371.76,367.24,368.96,5661796.044045998,2087464568.8674512,False,2026-06-29 12:00:00-04:00,Monday,Regular,MSFT,RMSFTUSDT,Development
2026-06-29 17:00:00+00:00,1782752400000.0,369.0,370.25,367.79,368.81,3940579.441257,1454767749.8634384,False,2026-06-29 13:00:00-04:00,Monday,Regular,MSFT,RMSFTUSDT,Development
2026-06-29 18:00:00+00:00,1782756000000.0,368.71,368.79,367.3,368.11,3712077.647254,1366552386.4116163,False,2026-06-29 14:00:00-04:00,Monday,Regular,MSFT,RMSFTUSDT,Development
2026-06-29 19:00:00+00:00,1782759600000.0,368.15,369.595,366.85,368.505,8809512.752925,3241876907.391968,False,2026-06-29 15:00:00-04:00,Monday,Regular,MSFT,RMSFTUSDT,Development
2026-06-29 20:00:00+00:00,1782763200000.0,368.3,369.434,368.075,369.03,8123826.433389002,2994299444.0019584,False,2026-06-29 16:00:00-04:00,Monday,After-Hours,MSFT,RMSFTUSDT,Development
2026-06-29 21:00:00+00:00,1782766800000.0,369.14,370.873,368.994,370.49,368702.058286,136256315.94338185,False,2026-06-29 17:00:00-04:00,Monday,After-Hours,MSFT,RMSFTUSDT,Development
2026-06-29 22:00:00+00:00,1782770400000.0,370.84,371.858,370.257,371.41,131402.950858,48776591.3943584,False,2026-06-29 18:00:00-04:00,Monday,After-Hours,MSFT,RMSFTUSDT,Development
2026-06-29 23:00:00+00:00,1782774000000.0,372.01,372.49,371.051,371.1,106254.84566999997,39509854.94135562,False,2026-06-29 19:00:00-04:00,Monday,After-Hours,MSFT,RMSFTUSDT,Development
2026-06-30 00:00:00+00:00,1782777600000.0,371.05,371.31,369.59,370.29,5.0,1856.525,False,2026-06-29 20:00:00-04:00,Monday,Overnight,MSFT,RMSFTUSDT,Development
2026-06-30 01:00:00+00:00,1782781200000.0,370.22,370.84,369.78,370.62,11277.0,4176524.9,False,2026-06-29 21:00:00-04:00,Monday,Overnight,MSFT,RMSFTUSDT,Development
2026-06-30 02:00:00+00:00,1782784800000.0,370.66,370.78,370.01,370.18,9563.0,3543139.93,False,2026-06-29 22:00:00-04:00,Monday,Overnight,MSFT,RMSFTUSDT,Development
2026-06-30 03:00:00+00:00,1782788400000.0,370.17,370.8,370.01,370.58,4725.0,1750705.98,False,2026-06-29 23:00:00-04:00,Monday,Overnight,MSFT,RMSFTUSDT,Development
2026-06-30 04:00:00+00:00,1782792000000.0,370.62,371.08,370.54,370.99,5419.0,2009769.19,False,2026-06-30 00:00:00-04:00,Tuesday,Overnight,MSFT,RMSFTUSDT,Development
2026-06-30 05:00:00+00:00,1782795600000.0,370.99,371.4,370.54,370.75,8517.0,3159515.96,False,2026-06-30 01:00:00-04:00,Tuesday,Overnight,MSFT,RMSFTUSDT,Development
2026-06-30 06:00:00+00:00,1782799200000.0,370.81,371.3,370.77,370.86,9313.0,3455251.82,False,2026-06-30 02:00:00-04:00,Tuesday,Overnight,MSFT,RMSFTUSDT,Development
2026-06-30 07:00:00+00:00,1782802800000.0,370.82,371.305,370.29,370.37,8390.0,3110549.92,False,2026-06-30 03:00:00-04:00,Tuesday,Overnight,MSFT,RMSFTUSDT,Development
2026-06-30 08:00:00+00:00,1782806400000.0,370.8,371.305,369.95,370.08,98376.278072,36473339.57453944,False,2026-06-30 04:00:00-04:00,Tuesday,Pre-Market,MSFT,RMSFTUSDT,Development
2026-06-30 09:00:00+00:00,1782810000000.0,370.49,370.65,369.401,370.15,28877.542619,10685808.32992936,False,2026-06-30 05:00:00-04:00,Tuesday,Pre-Market,MSFT,RMSFTUSDT,Development
2026-06-30 10:00:00+00:00,1782813600000.0,370.05,370.595,369.737,370.18,37564.102993,13901813.38949662,False,2026-06-30 06:00:00-04:00,Tuesday,Pre-Market,MSFT,RMSFTUSDT,Development
2026-06-30 11:00:00+00:00,1782817200000.0,370.37,370.633,369.142,369.4,120173.51035700002,44473812.71291857,False,2026-06-30 07:00:00-04:00,Tuesday,Pre-Market,MSFT,RMSFTUSDT,Development
2026-06-30 12:00:00+00:00,1782820800000.0,369.0,369.468,368.01,368.715,228830.95421,84408576.59920222,False,2026-06-30 08:00:00-04:00,Tuesday,Pre-Market,MSFT,RMSFTUSDT,Development
2026-06-30 13:00:00+00:00,1782824400000.0,368.78,372.58,367.52,371.5,4373346.622590999,1621172915.5800855,False,2026-06-30 09:00:00-04:00,Tuesday,Transition,MSFT,RMSFTUSDT,Development
2026-06-30 14:00:00+00:00,1782828000000.0,371.53,372.6,369.19,369.765,4201604.392539,1561274176.223567,False,2026-06-30 10:00:00-04:00,Tuesday,Regular,MSFT,RMSFTUSDT,Development
2026-06-30 15:00:00+00:00,1782831600000.0,369.73,370.91,368.19,370.325,3214156.564799999,1188959261.6018314,False,2026-06-30 11:00:00-04:00,Tuesday,Regular,MSFT,RMSFTUSDT,Development
2026-06-30 16:00:00+00:00,1782835200000.0,370.555,373.36,370.25,372.73,2800702.43544,1040801800.2523528,False,2026-06-30 12:00:00-04:00,Tuesday,Regular,MSFT,RMSFTUSDT,Development
2026-06-30 17:00:00+00:00,1782838800000.0,372.73,373.0,370.43,370.89,2713051.7940280004,1007517829.0095206,False,2026-06-30 13:00:00-04:00,Tuesday,Regular,MSFT,RMSFTUSDT,Development
2026-06-30 18:00:00+00:00,1782842400000.0,370.86,371.42,369.84,370.475,3396137.4553050008,1258754235.2328658,False,2026-06-30 14:00:00-04:00,Tuesday,Regular,MSFT,RMSFTUSDT,Development
2026-06-30 19:00:00+00:00,1782846000000.0,370.49,374.12,370.36,372.92,7936403.059122,2954562543.5693264,False,2026-06-30 15:00:00-04:00,Tuesday,Regular,MSFT,RMSFTUSDT,Development
2026-06-30 20:00:00+00:00,1782849600000.0,373.99,373.99,372.905,373.32,14671472.808337009,5471807944.117013,False,2026-06-30 16:00:00-04:00,Tuesday,After-Hours,MSFT,RMSFTUSDT,Development
2026-06-30 21:00:00+00:00,1782853200000.0,373.98,376.109,373.203,375.39,998433.722797,374995232.1261271,False,2026-06-30 17:00:00-04:00,Tuesday,After-Hours,MSFT,RMSFTUSDT,Development
2026-06-30 22:00:00+00:00,1782856800000.0,375.99,376.331,375.172,375.29,83815.701717,31489860.87160308,False,2026-06-30 18:00:00-04:00,Tuesday,After-Hours,MSFT,RMSFTUSDT,Development
2026-06-30 23:00:00+00:00,1782860400000.0,375.275,375.596,374.95,375.22,42788.78789500002,16059025.75384214,False,2026-06-30 19:00:00-04:00,Tuesday,After-Hours,MSFT,RMSFTUSDT,Development
2026-07-01 00:00:00+00:00,1782864000000.0,375.56,375.89,374.52,375.24,12937.0,4853033.85,False,2026-06-30 20:00:00-04:00,Tuesday,Overnight,MSFT,RMSFTUSDT,Development
2026-07-01 01:00:00+00:00,1782867600000.0,375.21,375.45,374.51,375.11,12184.0,4569410.94,False,2026-06-30 21:00:00-04:00,Tuesday,Overnight,MSFT,RMSFTUSDT,Development
2026-07-01 02:00:00+00:00,1782871200000.0,375.13,375.16,374.45,375.07,10410.0,3901684.09,False,2026-06-30 22:00:00-04:00,Tuesday,Overnight,MSFT,RMSFTUSDT,Development
2026-07-01 03:00:00+00:00,1782874800000.0,375.08,375.62,375.05,375.43,3890.0,1460093.95,False,2026-06-30 23:00:00-04:00,Tuesday,Overnight,MSFT,RMSFTUSDT,Development
2026-07-01 04:00:00+00:00,1782878400000.0,375.39,376.15,375.12,375.82,5524.0,2074812.42,False,2026-07-01 00:00:00-04:00,Wednesday,Overnight,MSFT,RMSFTUSDT,Development
2026-07-01 05:00:00+00:00,1782882000000.0,375.83,375.95,375.24,375.83,6719.0,2523320.29,False,2026-07-01 01:00:00-04:00,Wednesday,Overnight,MSFT,RMSFTUSDT,Development
2026-07-01 06:00:00+00:00,1782885600000.0,375.83,375.83,375.31,375.62,10881.0,4085936.33,False,2026-07-01 02:00:00-04:00,Wednesday,Overnight,MSFT,RMSFTUSDT,Development
2026-07-01 07:00:00+00:00,1782889200000.0,375.64,375.83,375.0,375.83,14282.0,5360894.42,False,2026-07-01 03:00:00-04:00,Wednesday,Overnight,MSFT,RMSFTUSDT,Development
2026-07-01 08:00:00+00:00,1782892800000.0,375.94,378.66,375.056,376.8,183151.71349199995,69029734.293764,False,2026-07-01 04:00:00-04:00,Wednesday,Pre-Market,MSFT,RMSFTUSDT,Development
2026-07-01 09:00:00+00:00,1782896400000.0,378.6,379.68,378.122,379.14,99126.87700300002,37566766.81521514,False,2026-07-01 05:00:00-04:00,Wednesday,Pre-Market,MSFT,RMSFTUSDT,Development
2026-07-01 10:00:00+00:00,1782900000000.0,378.65,380.227,378.25,379.51,87464.334195,33164017.77895312,False,2026-07-01 06:00:00-04:00,Wednesday,Pre-Market,MSFT,RMSFTUSDT,Development
2026-07-01 11:00:00+00:00,1782903600000.0,378.25,380.347,378.25,379.47,173952.698107,66007899.4757143,False,2026-07-01 07:00:00-04:00,Wednesday,Pre-Market,MSFT,RMSFTUSDT,Development
2026-07-01 12:00:00+00:00,1782907200000.0,379.7,381.036,376.304,380.99,482604.8764050001,182689931.18164983,False,2026-07-01 08:00:00-04:00,Wednesday,Pre-Market,MSFT,RMSFTUSDT,Development
2026-07-01 13:00:00+00:00,1782910800000.0,379.938,382.98,374.9,377.556,3305071.234841,1251306194.598132,False,2026-07-01 09:00:00-04:00,Wednesday,Transition,MSFT,RMSFTUSDT,Development
2026-07-01 14:00:00+00:00,1782914400000.0,377.75,385.43,376.78,385.34,7258345.363487001,2775673286.3000364,False,2026-07-01 10:00:00-04:00,Wednesday,Regular,MSFT,RMSFTUSDT,Development
2026-07-01 15:00:00+00:00,1782918000000.0,385.33,387.78,383.83,385.77,5801208.650944999,2238305859.1121726,False,2026-07-01 11:00:00-04:00,Wednesday,Regular,MSFT,RMSFTUSDT,Development
2026-07-01 16:00:00+00:00,1782921600000.0,385.885,387.045,385.08,386.3,3547423.4240640006,1369377454.3842127,False,2026-07-01 12:00:00-04:00,Wednesday,Regular,MSFT,RMSFTUSDT,Development
2026-07-01 17:00:00+00:00,1782925200000.0,386.33,388.26,386.08,387.745,3161815.598695,1224716941.0736732,False,2026-07-01 13:00:00-04:00,Wednesday,Regular,MSFT,RMSFTUSDT,Development
2026-07-01 18:00:00+00:00,1782928800000.0,387.745,388.84,386.8,386.95,3599962.7568809995,1396550112.1055276,False,2026-07-01 14:00:00-04:00,Wednesday,Regular,MSFT,RMSFTUSDT,Development
2026-07-01 19:00:00+00:00,1782932400000.0,386.93,388.01,383.05,384.37,8627146.218203,3324865918.48132,False,2026-07-01 15:00:00-04:00,Wednesday,Regular,MSFT,RMSFTUSDT,Development
2026-07-01 20:00:00+00:00,1782936000000.0,383.67,385.073,383.203,384.68,8406813.106820006,3232053943.2021456,False,2026-07-01 16:00:00-04:00,Wednesday,After-Hours,MSFT,RMSFTUSDT,Development
2026-07-01 21:00:00+00:00,1782939600000.0,384.51,384.695,384.37,384.58,744281.434593,286233744.55590254,False,2026-07-01 17:00:00-04:00,Wednesday,After-Hours,MSFT,RMSFTUSDT,Development
2026-07-01 22:00:00+00:00,1782943200000.0,383.84,384.535,383.704,383.89,41616.80388600001,15981980.50760931,False,2026-07-01 18:00:00-04:00,Wednesday,After-Hours,MSFT,RMSFTUSDT,Development
2026-07-01 23:00:00+00:00,1782946800000.0,384.64,384.98,383.759,384.46,69718.28263700001,26779043.3466892,False,2026-07-01 19:00:00-04:00,Wednesday,After-Hours,MSFT,RMSFTUSDT,Development
2026-07-02 00:00:00+00:00,1782950400000.0,384.28,385.41,383.08,385.28,12041.0,4628603.98,False,2026-07-01 20:00:00-04:00,Wednesday,Overnight,MSFT,RMSFTUSDT,Development
2026-07-02 01:00:00+00:00,1782954000000.0,385.26,385.83,384.75,385.0,11750.0,4526193.62,False,2026-07-01 21:00:00-04:00,Wednesday,Overnight,MSFT,RMSFTUSDT,Development
2026-07-02 02:00:00+00:00,1782957600000.0,384.99,385.76,384.81,385.7,8932.0,3441989.95,False,2026-07-01 22:00:00-04:00,Wednesday,Overnight,MSFT,RMSFTUSDT,Development
2026-07-02 03:00:00+00:00,1782961200000.0,385.76,385.86,385.22,385.41,8469.0,3264551.23,False,2026-07-01 23:00:00-04:00,Wednesday,Overnight,MSFT,RMSFTUSDT,Development
2026-07-02 04:00:00+00:00,1782964800000.0,385.47,385.52,384.81,385.47,8696.0,3349599.22,False,2026-07-02 00:00:00-04:00,Thursday,Overnight,MSFT,RMSFTUSDT,Development
2026-07-02 05:00:00+00:00,1782968400000.0,385.47,385.81,384.27,384.55,10588.0,4076264.89,False,2026-07-02 01:00:00-04:00,Thursday,Overnight,MSFT,RMSFTUSDT,Development
2026-07-02 06:00:00+00:00,1782972000000.0,384.67,386.5,384.67,386.5,24705.0,9521273.33,False,2026-07-02 02:00:00-04:00,Thursday,Overnight,MSFT,RMSFTUSDT,Development
2026-07-02 07:00:00+00:00,1782975600000.0,386.5,387.1,384.99,385.32,24671.0,9518215.66,False,2026-07-02 03:00:00-04:00,Thursday,Overnight,MSFT,RMSFTUSDT,Development
2026-07-02 08:00:00+00:00,1782979200000.0,386.86,387.665,385.067,385.71,197256.43086200004,76173726.8802551,False,2026-07-02 04:00:00-04:00,Thursday,Pre-Market,MSFT,RMSFTUSDT,Development
2026-07-02 09:00:00+00:00,1782982800000.0,385.686,386.21,385.066,385.682,49519.929953,19092487.1763768,False,2026-07-02 05:00:00-04:00,Thursday,Pre-Market,MSFT,RMSFTUSDT,Development
2026-07-02 10:00:00+00:00,1782986400000.0,385.105,386.725,385.105,385.7,47435.37261900001,18305732.46848841,False,2026-07-02 06:00:00-04:00,Thursday,Pre-Market,MSFT,RMSFTUSDT,Development
2026-07-02 11:00:00+00:00,1782990000000.0,386.4,387.469,385.01,385.28,130740.728448,50510948.2878055,False,2026-07-02 07:00:00-04:00,Thursday,Pre-Market,MSFT,RMSFTUSDT,Development
2026-07-02 12:00:00+00:00,1782993600000.0,385.31,385.75,381.0,383.81,344193.71446000005,131762379.12351914,False,2026-07-02 08:00:00-04:00,Thursday,Pre-Market,MSFT,RMSFTUSDT,Development
2026-07-02 13:00:00+00:00,1782997200000.0,384.01,387.215,383.403,386.43,3861292.592363,1488139848.3211448,False,2026-07-02 09:00:00-04:00,Thursday,Transition,MSFT,RMSFTUSDT,Development
2026-07-02 14:00:00+00:00,1783000800000.0,386.32,390.44,385.985,390.07,6019055.4445980005,2340586151.636079,False,2026-07-02 10:00:00-04:00,Thursday,Regular,MSFT,RMSFTUSDT,Development
2026-07-02 15:00:00+00:00,1783004400000.0,389.99,390.555,386.36,389.13,4880740.466147998,1896179384.875616,False,2026-07-02 11:00:00-04:00,Thursday,Regular,MSFT,RMSFTUSDT,Development
2026-07-02 16:00:00+00:00,1783008000000.0,389.122,391.03,388.43,390.381,4971138.740033,1936903492.3732257,False,2026-07-02 12:00:00-04:00,Thursday,Regular,MSFT,RMSFTUSDT,Development
2026-07-02 17:00:00+00:00,1783011600000.0,390.44,392.09,388.79,390.61,3278201.34101,1280906361.878872,False,2026-07-02 13:00:00-04:00,Thursday,Regular,MSFT,RMSFTUSDT,Development
2026-07-02 18:00:00+00:00,1783015200000.0,390.64,391.845,389.725,390.88,2732655.800337,1068271666.7141428,False,2026-07-02 14:00:00-04:00,Thursday,Regular,MSFT,RMSFTUSDT,Development
2026-07-02 19:00:00+00:00,1783018800000.0,390.98,392.2,389.665,389.8,6604467.859032,2581756493.4549146,False,2026-07-02 15:00:00-04:00,Thursday,Regular,MSFT,RMSFTUSDT,Development
2026-07-02 20:00:00+00:00,1783022400000.0,389.825,390.971,389.253,390.52,7736522.469832999,3016548249.864832,False,2026-07-02 16:00:00-04:00,Thursday,After-Hours,MSFT,RMSFTUSDT,Development
2026-07-02 21:00:00+00:00,1783026000000.0,390.455,390.88,390.142,390.41,1261273.3179229998,492435536.0787184,False,2026-07-02 17:00:00-04:00,Thursday,After-Hours,MSFT,RMSFTUSDT,Development
2026-07-02 22:00:00+00:00,1783029600000.0,390.15,390.627,390.004,390.51,47816.854187,18666332.31257505,False,2026-07-02 18:00:00-04:00,Thursday,After-Hours,MSFT,RMSFTUSDT,Development
2026-07-02 23:00:00+00:00,1783033200000.0,390.597,391.316,390.261,390.8,33202.369659,12970529.321998175,False,2026-07-02 19:00:00-04:00,Thursday,After-Hours,MSFT,RMSFTUSDT,Development
2026-07-03 00:00:00+00:00,,,,,,,,True,2026-07-02 20:00:00-04:00,Thursday,Overnight,MSFT,RMSFTUSDT,Development
2026-07-03 01:00:00+00:00,,,,,,,,True,2026-07-02 21:00:00-04:00,Thursday,Overnight,MSFT,RMSFTUSDT,Development
2026-07-03 02:00:00+00:00,1783044000000.0,390.59,390.64,390.59,390.64,0.2,78.123,False,2026-07-02 22:00:00-04:00,Thursday,Overnight,MSFT,RMSFTUSDT,Development
2026-07-03 03:00:00+00:00,1783047600000.0,390.92,390.92,390.53,390.53,1.3313,519.963415,False,2026-07-02 23:00:00-04:00,Thursday,Overnight,MSFT,RMSFTUSDT,Development
2026-07-03 04:00:00+00:00,,,,,,,,True,2026-07-03 00:00:00-04:00,Friday,Overnight,MSFT,RMSFTUSDT,Development
2026-07-03 05:00:00+00:00,,,,,,,,True,2026-07-03 01:00:00-04:00,Friday,Overnight,MSFT,RMSFTUSDT,Development
2026-07-03 06:00:00+00:00,1783058400000.0,390.78,390.78,390.32,390.32,1.95,761.476108,False,2026-07-03 02:00:00-04:00,Friday,Overnight,MSFT,RMSFTUSDT,Development
2026-07-03 07:00:00+00:00,1783062000000.0,390.61,390.61,390.24,390.24,0.1229,47.99461,False,2026-07-03 03:00:00-04:00,Friday,Overnight,MSFT,RMSFTUSDT,Development
2026-07-03 08:00:00+00:00,,,,,,,,True,2026-07-03 04:00:00-04:00,Friday,Pre-Market,MSFT,RMSFTUSDT,Development
2026-07-03 09:00:00+00:00,1783069200000.0,390.24,390.24,390.13,390.13,1.5591,608.372468,False,2026-07-03 05:00:00-04:00,Friday,Pre-Market,MSFT,RMSFTUSDT,Development
2026-07-03 10:00:00+00:00,1783072800000.0,390.42,392.97,390.42,392.97,4.6778,1828.761953,False,2026-07-03 06:00:00-04:00,Friday,Pre-Market,MSFT,RMSFTUSDT,Development
2026-07-03 11:00:00+00:00,,,,,,,,True,2026-07-03 07:00:00-04:00,Friday,Pre-Market,MSFT,RMSFTUSDT,Development
2026-07-03 12:00:00+00:00,,,,,,,,True,2026-07-03 08:00:00-04:00,Friday,Pre-Market,MSFT,RMSFTUSDT,Development
2026-07-03 13:00:00+00:00,1783083600000.0,390.44,390.45,390.41,390.41,0.3478,135.793762,False,2026-07-03 09:00:00-04:00,Friday,Transition,MSFT,RMSFTUSDT,Development
2026-07-03 14:00:00+00:00,1783087200000.0,390.7,390.8,390.65,390.8,0.2592,101.28481,False,2026-07-03 10:00:00-04:00,Friday,Regular,MSFT,RMSFTUSDT,Development
2026-07-03 15:00:00+00:00,,,,,,,,True,2026-07-03 11:00:00-04:00,Friday,Regular,MSFT,RMSFTUSDT,Development
2026-07-03 16:00:00+00:00,1783094400000.0,390.81,390.94,390.41,390.94,0.3991,155.881576,False,2026-07-03 12:00:00-04:00,Friday,Regular,MSFT,RMSFTUSDT,Development
2026-07-03 17:00:00+00:00,1783098000000.0,390.96,390.96,390.96,390.96,0.0024,0.938304,False,2026-07-03 13:00:00-04:00,Friday,Regular,MSFT,RMSFTUSDT,Development
2026-07-03 18:00:00+00:00,1783101600000.0,390.41,390.41,390.41,390.41,0.0349,13.625309,False,2026-07-03 14:00:00-04:00,Friday,Regular,MSFT,RMSFTUSDT,Development
2026-07-03 19:00:00+00:00,,,,,,,,True,2026-07-03 15:00:00-04:00,Friday,Regular,MSFT,RMSFTUSDT,Development
2026-07-03 20:00:00+00:00,,,,,,,,True,2026-07-03 16:00:00-04:00,Friday,After-Hours,MSFT,RMSFTUSDT,Development
2026-07-03 21:00:00+00:00,,,,,,,,True,2026-07-03 17:00:00-04:00,Friday,After-Hours,MSFT,RMSFTUSDT,Development
2026-07-03 22:00:00+00:00,,,,,,,,True,2026-07-03 18:00:00-04:00,Friday,After-Hours,MSFT,RMSFTUSDT,Development
2026-07-03 23:00:00+00:00,,,,,,,,True,2026-07-03 19:00:00-04:00,Friday,After-Hours,MSFT,RMSFTUSDT,Development
2026-07-04 00:00:00+00:00,1783123200000.0,390.62,390.62,390.62,390.62,0.0281,10.976422,False,2026-07-03 20:00:00-04:00,Friday,Overnight,MSFT,RMSFTUSDT,Development
2026-07-04 01:00:00+00:00,1783126800000.0,390.62,390.73,390.62,390.73,0.0342,13.362878,False,2026-07-03 21:00:00-04:00,Friday,Overnight,MSFT,RMSFTUSDT,Development
2026-07-04 02:00:00+00:00,,,,,,,,True,2026-07-03 22:00:00-04:00,Friday,Overnight,MSFT,RMSFTUSDT,Development
2026-07-04 03:00:00+00:00,,,,,,,,True,2026-07-03 23:00:00-04:00,Friday,Overnight,MSFT,RMSFTUSDT,Development
2026-07-04 04:00:00+00:00,,,,,,,,True,2026-07-04 00:00:00-04:00,Saturday,Weekend,MSFT,RMSFTUSDT,Development
2026-07-04 05:00:00+00:00,1783141200000.0,390.77,391.16,390.77,391.16,2.4977,976.95345,False,2026-07-04 01:00:00-04:00,Saturday,Weekend,MSFT,RMSFTUSDT,Development
2026-07-04 06:00:00+00:00,,,,,,,,True,2026-07-04 02:00:00-04:00,Saturday,Weekend,MSFT,RMSFTUSDT,Development
2026-07-04 07:00:00+00:00,,,,,,,,True,2026-07-04 03:00:00-04:00,Saturday,Weekend,MSFT,RMSFTUSDT,Development
2026-07-04 08:00:00+00:00,,,,,,,,True,2026-07-04 04:00:00-04:00,Saturday,Weekend,MSFT,RMSFTUSDT,Development
2026-07-04 09:00:00+00:00,,,,,,,,True,2026-07-04 05:00:00-04:00,Saturday,Weekend,MSFT,RMSFTUSDT,Development
2026-07-04 10:00:00+00:00,,,,,,,,True,2026-07-04 06:00:00-04:00,Saturday,Weekend,MSFT,RMSFTUSDT,Development
2026-07-04 11:00:00+00:00,1783162800000.0,390.94,390.94,390.1,390.1,3.2986,1288.057465,False,2026-07-04 07:00:00-04:00,Saturday,Weekend,MSFT,RMSFTUSDT,Development
2026-07-04 12:00:00+00:00,1783166400000.0,390.38,391.54,390.38,391.54,4.7728,1867.109004,False,2026-07-04 08:00:00-04:00,Saturday,Weekend,MSFT,RMSFTUSDT,Development
2026-07-04 13:00:00+00:00,1783170000000.0,390.95,390.95,390.95,390.95,0.3156,123.38382,False,2026-07-04 09:00:00-04:00,Saturday,Weekend,MSFT,RMSFTUSDT,Development
2026-07-04 14:00:00+00:00,1783173600000.0,390.95,390.95,390.9,390.9,0.2073,81.03996,False,2026-07-04 10:00:00-04:00,Saturday,Weekend,MSFT,RMSFTUSDT,Development
2026-07-04 15:00:00+00:00,1783177200000.0,390.9,390.9,390.9,390.9,0.5844,228.44196,False,2026-07-04 11:00:00-04:00,Saturday,Weekend,MSFT,RMSFTUSDT,Development
2026-07-04 16:00:00+00:00,1783180800000.0,390.9,390.9,390.89,390.89,0.4322,168.944677,False,2026-07-04 12:00:00-04:00,Saturday,Weekend,MSFT,RMSFTUSDT,Development
2026-07-04 17:00:00+00:00,,,,,,,,True,2026-07-04 13:00:00-04:00,Saturday,Weekend,MSFT,RMSFTUSDT,Development
2026-07-04 18:00:00+00:00,,,,,,,,True,2026-07-04 14:00:00-04:00,Saturday,Weekend,MSFT,RMSFTUSDT,Development
2026-07-04 19:00:00+00:00,,,,,,,,True,2026-07-04 15:00:00-04:00,Saturday,Weekend,MSFT,RMSFTUSDT,Development
2026-07-04 20:00:00+00:00,,,,,,,,True,2026-07-04 16:00:00-04:00,Saturday,Weekend,MSFT,RMSFTUSDT,Development
2026-07-04 21:00:00+00:00,,,,,,,,True,2026-07-04 17:00:00-04:00,Saturday,Weekend,MSFT,RMSFTUSDT,Development
2026-07-04 22:00:00+00:00,,,,,,,,True,2026-07-04 18:00:00-04:00,Saturday,Weekend,MSFT,RMSFTUSDT,Development
2026-07-04 23:00:00+00:00,,,,,,,,True,2026-07-04 19:00:00-04:00,Saturday,Weekend,MSFT,RMSFTUSDT,Development
2026-07-05 00:00:00+00:00,1783209600000.0,390.89,390.89,390.89,390.89,0.0683,26.697787,False,2026-07-04 20:00:00-04:00,Saturday,Weekend,MSFT,RMSFTUSDT,Development
2026-07-05 01:00:00+00:00,,,,,,,,True,2026-07-04 21:00:00-04:00,Saturday,Weekend,MSFT,RMSFTUSDT,Development
2026-07-05 02:00:00+00:00,1783216800000.0,390.9,390.9,390.77,390.9,0.6105,238.625111,False,2026-07-04 22:00:00-04:00,Saturday,Weekend,MSFT,RMSFTUSDT,Development
2026-07-05 03:00:00+00:00,1783220400000.0,390.77,390.77,390.77,390.77,0.0336,13.129872,False,2026-07-04 23:00:00-04:00,Saturday,Weekend,MSFT,RMSFTUSDT,Development
2026-07-05 04:00:00+00:00,,,,,,,,True,2026-07-05 00:00:00-04:00,Sunday,Weekend,MSFT,RMSFTUSDT,Development
2026-07-05 05:00:00+00:00,,,,,,,,True,2026-07-05 01:00:00-04:00,Sunday,Weekend,MSFT,RMSFTUSDT,Development
2026-07-05 06:00:00+00:00,1783231200000.0,390.9,390.9,390.77,390.77,0.2018,78.865368,False,2026-07-05 02:00:00-04:00,Sunday,Weekend,MSFT,RMSFTUSDT,Development
2026-07-05 07:00:00+00:00,1783234800000.0,390.9,390.9,390.9,390.9,0.1497,58.51773,False,2026-07-05 03:00:00-04:00,Sunday,Weekend,MSFT,RMSFTUSDT,Development
2026-07-05 08:00:00+00:00,1783238400000.0,390.9,390.9,390.9,390.9,0.1151,44.99259,False,2026-07-05 04:00:00-04:00,Sunday,Weekend,MSFT,RMSFTUSDT,Development
2026-07-05 09:00:00+00:00,1783242000000.0,390.9,390.9,390.73,390.73,0.0637,24.895588,False,2026-07-05 05:00:00-04:00,Sunday,Weekend,MSFT,RMSFTUSDT,Development
2026-07-05 10:00:00+00:00,,,,,,,,True,2026-07-05 06:00:00-04:00,Sunday,Weekend,MSFT,RMSFTUSDT,Development
2026-07-05 11:00:00+00:00,,,,,,,,True,2026-07-05 07:00:00-04:00,Sunday,Weekend,MSFT,RMSFTUSDT,Development
2026-07-05 12:00:00+00:00,1783252800000.0,390.73,390.73,389.71,389.85,3.7072,1446.241602,False,2026-07-05 08:00:00-04:00,Sunday,Weekend,MSFT,RMSFTUSDT,Development
2026-07-05 13:00:00+00:00,,,,,,,,True,2026-07-05 09:00:00-04:00,Sunday,Weekend,MSFT,RMSFTUSDT,Development
2026-07-05 14:00:00+00:00,1783260000000.0,390.49,390.5,390.49,390.5,0.256,99.966491,False,2026-07-05 10:00:00-04:00,Sunday,Weekend,MSFT,RMSFTUSDT,Development
2026-07-05 15:00:00+00:00,,,,,,,,True,2026-07-05 11:00:00-04:00,Sunday,Weekend,MSFT,RMSFTUSDT,Development
2026-07-05 16:00:00+00:00,1783267200000.0,390.5,390.52,390.0,390.0,0.2102,82.037851,False,2026-07-05 12:00:00-04:00,Sunday,Weekend,MSFT,RMSFTUSDT,Development
2026-07-05 17:00:00+00:00,,,,,,,,True,2026-07-05 13:00:00-04:00,Sunday,Weekend,MSFT,RMSFTUSDT,Development
2026-07-05 18:00:00+00:00,,,,,,,,True,2026-07-05 14:00:00-04:00,Sunday,Weekend,MSFT,RMSFTUSDT,Development
2026-07-05 19:00:00+00:00,,,,,,,,True,2026-07-05 15:00:00-04:00,Sunday,Weekend,MSFT,RMSFTUSDT,Development
2026-07-05 20:00:00+00:00,,,,,,,,True,2026-07-05 16:00:00-04:00,Sunday,Weekend,MSFT,RMSFTUSDT,Development
2026-07-05 21:00:00+00:00,1783285200000.0,390.0,390.0,390.0,390.0,0.1282,49.998,False,2026-07-05 17:00:00-04:00,Sunday,Weekend,MSFT,RMSFTUSDT,Development
2026-07-05 22:00:00+00:00,,,,,,,,True,2026-07-05 18:00:00-04:00,Sunday,Weekend,MSFT,RMSFTUSDT,Development
2026-07-05 23:00:00+00:00,,,,,,,,True,2026-07-05 19:00:00-04:00,Sunday,Weekend,MSFT,RMSFTUSDT,Development
2026-07-06 00:00:00+00:00,1783296000000.0,390.91,393.0,390.83,391.46,36033.0,14115241.18,False,2026-07-05 20:00:00-04:00,Sunday,Weekend,MSFT,RMSFTUSDT,Development
2026-07-06 01:00:00+00:00,1783299600000.0,391.46,391.46,389.21,390.77,29467.0,11506749.53,False,2026-07-05 21:00:00-04:00,Sunday,Weekend,MSFT,RMSFTUSDT,Development
2026-07-06 02:00:00+00:00,1783303200000.0,390.75,390.89,390.04,390.45,9241.0,3608128.7,False,2026-07-05 22:00:00-04:00,Sunday,Weekend,MSFT,RMSFTUSDT,Development
2026-07-06 03:00:00+00:00,1783306800000.0,390.38,390.38,389.31,390.0,8805.0,3433132.38,False,2026-07-05 23:00:00-04:00,Sunday,Weekend,MSFT,RMSFTUSDT,Development
2026-07-06 04:00:00+00:00,1783310400000.0,389.99,390.57,389.8,390.12,3031.0,1183044.48,False,2026-07-06 00:00:00-04:00,Monday,Overnight,MSFT,RMSFTUSDT,Development
2026-07-06 05:00:00+00:00,1783314000000.0,390.19,390.19,389.11,389.46,9837.0,3833057.77,False,2026-07-06 01:00:00-04:00,Monday,Overnight,MSFT,RMSFTUSDT,Development
2026-07-06 06:00:00+00:00,1783317600000.0,389.45,389.69,389.13,389.5,6605.0,2572515.63,False,2026-07-06 02:00:00-04:00,Monday,Overnight,MSFT,RMSFTUSDT,Development
2026-07-06 07:00:00+00:00,1783321200000.0,389.5,390.88,389.24,390.5,15377.0,6003172.56,False,2026-07-06 03:00:00-04:00,Monday,Overnight,MSFT,RMSFTUSDT,Development
2026-07-06 08:00:00+00:00,1783324800000.0,390.8,392.16,390.37,391.196,111549.73871,43627446.47018817,False,2026-07-06 04:00:00-04:00,Monday,Pre-Market,MSFT,RMSFTUSDT,Development
2026-07-06 09:00:00+00:00,1783328400000.0,391.1,391.595,390.735,391.45,33815.533797000004,13227504.0010042,False,2026-07-06 05:00:00-04:00,Monday,Pre-Market,MSFT,RMSFTUSDT,Development
2026-07-06 10:00:00+00:00,1783332000000.0,391.38,391.575,390.725,391.01,28265.953228,11055345.70739149,False,2026-07-06 06:00:00-04:00,Monday,Pre-Market,MSFT,RMSFTUSDT,Development
2026-07-06 11:00:00+00:00,1783335600000.0,390.92,391.389,388.237,388.49,92681.514961,36141119.68643597,False,2026-07-06 07:00:00-04:00,Monday,Pre-Market,MSFT,RMSFTUSDT,Development
2026-07-06 12:00:00+00:00,1783339200000.0,388.17,388.695,386.646,387.0,153802.87270000004,59613901.1767964,False,2026-07-06 08:00:00-04:00,Monday,Pre-Market,MSFT,RMSFTUSDT,Development
2026-07-06 13:00:00+00:00,1783342800000.0,387.21,389.03,381.325,384.94,4447906.102941,1712871293.4087777,False,2026-07-06 09:00:00-04:00,Monday,Transition,MSFT,RMSFTUSDT,Development
2026-07-06 14:00:00+00:00,1783346400000.0,384.96,385.39,382.62,385.265,4862803.035967999,1867464681.304309,False,2026-07-06 10:00:00-04:00,Monday,Regular,MSFT,RMSFTUSDT,Development
2026-07-06 15:00:00+00:00,1783350000000.0,385.29,387.01,385.06,386.08,3045595.2841080003,1176039259.0651848,False,2026-07-06 11:00:00-04:00,Monday,Regular,MSFT,RMSFTUSDT,Development
2026-07-06 16:00:00+00:00,1783353600000.0,386.03,386.29,383.69,385.06,3377031.947868,1299245163.6000607,False,2026-07-06 12:00:00-04:00,Monday,Regular,MSFT,RMSFTUSDT,Development
2026-07-06 17:00:00+00:00,1783357200000.0,384.647,384.647,384.647,384.647,2000944.014274,771268484.6311942,False,2026-07-06 13:00:00-04:00,Monday,Regular,MSFT,RMSFTUSDT,Development
2026-07-06 18:00:00+00:00,1783360800000.0,384.74,386.78,384.19,385.795,2022490.604296,780178582.0940279,False,2026-07-06 14:00:00-04:00,Monday,Regular,MSFT,RMSFTUSDT,Development
2026-07-06 19:00:00+00:00,1783364400000.0,385.82,387.19,385.74,386.82,4499924.235535,1738884572.693883,False,2026-07-06 15:00:00-04:00,Monday,Regular,MSFT,RMSFTUSDT,Development
2026-07-06 20:00:00+00:00,1783368000000.0,387.17,387.277,386.58,387.12,7903773.38188,3057283083.542486,False,2026-07-06 16:00:00-04:00,Monday,After-Hours,MSFT,RMSFTUSDT,Development
2026-07-06 21:00:00+00:00,1783371600000.0,387.055,387.575,386.477,387.39,260178.684242,100723702.53092135,False,2026-07-06 17:00:00-04:00,Monday,After-Hours,MSFT,RMSFTUSDT,Development
2026-07-06 22:00:00+00:00,1783375200000.0,387.05,387.283,386.787,386.977,1278398.424327,494681151.29482496,False,2026-07-06 18:00:00-04:00,Monday,After-Hours,MSFT,RMSFTUSDT,Development
2026-07-06 23:00:00+00:00,1783378800000.0,386.51,387.2,384.37,385.51,64515.564998000016,24895188.80275025,False,2026-07-06 19:00:00-04:00,Monday,After-Hours,MSFT,RMSFTUSDT,Development
2026-07-07 00:00:00+00:00,1783382400000.0,385.55,386.99,385.55,386.67,6181.0,2389388.16,False,2026-07-06 20:00:00-04:00,Monday,Overnight,MSFT,RMSFTUSDT,Development
2026-07-07 01:00:00+00:00,1783386000000.0,386.68,386.99,386.23,386.79,10091.0,3901902.48,False,2026-07-06 21:00:00-04:00,Monday,Overnight,MSFT,RMSFTUSDT,Development
2026-07-07 02:00:00+00:00,1783389600000.0,386.69,387.46,386.66,387.26,8220.0,3181923.09,False,2026-07-06 22:00:00-04:00,Monday,Overnight,MSFT,RMSFTUSDT,Development
2026-07-07 03:00:00+00:00,1783393200000.0,387.33,387.78,386.95,387.44,9852.0,3816005.09,False,2026-07-06 23:00:00-04:00,Monday,Overnight,MSFT,RMSFTUSDT,Development
2026-07-07 04:00:00+00:00,1783396800000.0,387.52,389.11,387.28,389.0,16311.0,6331476.59,False,2026-07-07 00:00:00-04:00,Tuesday,Overnight,MSFT,RMSFTUSDT,Development
2026-07-07 05:00:00+00:00,1783400400000.0,389.12,389.71,387.96,388.64,17783.0,6910963.94,False,2026-07-07 01:00:00-04:00,Tuesday,Overnight,MSFT,RMSFTUSDT,Development
2026-07-07 06:00:00+00:00,1783404000000.0,388.6,388.95,388.12,388.83,11465.0,4453873.6,False,2026-07-07 02:00:00-04:00,Tuesday,Overnight,MSFT,RMSFTUSDT,Development
2026-07-07 07:00:00+00:00,1783407600000.0,388.87,389.64,388.1,388.1,10738.0,4180407.52,False,2026-07-07 03:00:00-04:00,Tuesday,Overnight,MSFT,RMSFTUSDT,Development
2026-07-07 08:00:00+00:00,1783411200000.0,389.29,392.406,386.31,392.26,189074.665206,73771886.0698202,False,2026-07-07 04:00:00-04:00,Tuesday,Pre-Market,MSFT,RMSFTUSDT,Development
2026-07-07 09:00:00+00:00,1783414800000.0,392.8,393.435,392.125,392.68,87051.334129,34206665.05358912,False,2026-07-07 05:00:00-04:00,Tuesday,Pre-Market,MSFT,RMSFTUSDT,Development
2026-07-07 10:00:00+00:00,1783418400000.0,392.35,392.687,391.578,392.66,56134.906652,22022285.22864612,False,2026-07-07 06:00:00-04:00,Tuesday,Pre-Market,MSFT,RMSFTUSDT,Development
2026-07-07 11:00:00+00:00,1783422000000.0,391.61,393.48,391.61,392.51,175129.489328,68778726.93442798,False,2026-07-07 07:00:00-04:00,Tuesday,Pre-Market,MSFT,RMSFTUSDT,Development
2026-07-07 12:00:00+00:00,1783425600000.0,391.98,392.785,391.34,392.69,150137.28666900002,58843111.58570851,False,2026-07-07 08:00:00-04:00,Tuesday,Pre-Market,MSFT,RMSFTUSDT,Development
2026-07-07 13:00:00+00:00,1783429200000.0,393.204,393.324,393.204,393.324,3993181.955483,1567525802.471278,False,2026-07-07 09:00:00-04:00,Tuesday,Transition,MSFT,RMSFTUSDT,Development
2026-07-07 14:00:00+00:00,1783432800000.0,393.31,395.55,391.51,391.91,5409227.583245002,2127431898.9619927,False,2026-07-07 10:00:00-04:00,Tuesday,Regular,MSFT,RMSFTUSDT,Development
2026-07-07 15:00:00+00:00,1783436400000.0,391.94,394.12,391.79,393.72,2928978.8519399995,1151508997.2776732,False,2026-07-07 11:00:00-04:00,Tuesday,Regular,MSFT,RMSFTUSDT,Development
2026-07-07 16:00:00+00:00,1783440000000.0,393.8,394.85,392.74,394.18,2931114.732306,1154708545.2313237,False,2026-07-07 12:00:00-04:00,Tuesday,Regular,MSFT,RMSFTUSDT,Development
2026-07-07 17:00:00+00:00,1783443600000.0,394.035,394.31,392.3,392.78,1804057.883772,709546429.2232536,False,2026-07-07 13:00:00-04:00,Tuesday,Regular,MSFT,RMSFTUSDT,Development
2026-07-07 18:00:00+00:00,1783447200000.0,392.8,393.38,390.69,391.055,2457415.000517,963786121.8692648,False,2026-07-07 14:00:00-04:00,Tuesday,Regular,MSFT,RMSFTUSDT,Development
2026-07-07 19:00:00+00:00,1783450800000.0,391.04,391.045,388.24,388.78,4027972.047191999,1568510843.8479817,False,2026-07-07 15:00:00-04:00,Tuesday,Regular,MSFT,RMSFTUSDT,Development
2026-07-07 20:00:00+00:00,1783454400000.0,388.655,389.095,388.475,388.984,3972539.823789,1544088429.62618,False,2026-07-07 16:00:00-04:00,Tuesday,After-Hours,MSFT,RMSFTUSDT,Development
2026-07-07 21:00:00+00:00,1783458000000.0,389.52,389.624,388.993,389.5,111418.91270500002,43400429.68763259,False,2026-07-07 17:00:00-04:00,Tuesday,After-Hours,MSFT,RMSFTUSDT,Development
2026-07-07 22:00:00+00:00,1783461600000.0,389.39,389.56,388.117,388.29,116581.034572,45349730.99592157,False,2026-07-07 18:00:00-04:00,Tuesday,After-Hours,MSFT,RMSFTUSDT,Development
2026-07-07 23:00:00+00:00,1783465200000.0,388.29,388.675,388.12,388.3,54970.16956900001,21350710.69951528,False,2026-07-07 19:00:00-04:00,Tuesday,After-Hours,MSFT,RMSFTUSDT,Development
2026-07-08 00:00:00+00:00,1783468800000.0,388.0,389.07,387.49,388.05,9356.0,3634404.58,False,2026-07-07 20:00:00-04:00,Tuesday,Overnight,MSFT,RMSFTUSDT,Development
2026-07-08 01:00:00+00:00,1783472400000.0,388.03,388.51,387.87,388.1,8055.0,3126110.97,False,2026-07-07 21:00:00-04:00,Tuesday,Overnight,MSFT,RMSFTUSDT,Development
2026-07-08 02:00:00+00:00,1783476000000.0,388.1,388.11,387.44,387.87,6420.0,2489172.4,False,2026-07-07 22:00:00-04:00,Tuesday,Overnight,MSFT,RMSFTUSDT,Development
2026-07-08 03:00:00+00:00,1783479600000.0,387.84,388.61,387.79,388.12,6375.0,2474560.6,False,2026-07-07 23:00:00-04:00,Tuesday,Overnight,MSFT,RMSFTUSDT,Development
2026-07-08 04:00:00+00:00,1783483200000.0,388.12,388.44,387.99,388.14,4857.0,1885729.6,False,2026-07-08 00:00:00-04:00,Wednesday,Overnight,MSFT,RMSFTUSDT,Development
2026-07-08 05:00:00+00:00,1783486800000.0,388.19,388.47,388.0,388.16,5545.0,2152820.53,False,2026-07-08 01:00:00-04:00,Wednesday,Overnight,MSFT,RMSFTUSDT,Development
2026-07-08 06:00:00+00:00,1783490400000.0,388.31,390.53,388.13,390.24,25297.0,9841083.33,False,2026-07-08 02:00:00-04:00,Wednesday,Overnight,MSFT,RMSFTUSDT,Development
2026-07-08 07:00:00+00:00,1783494000000.0,390.24,390.3,388.8,388.9,14632.0,5701141.93,False,2026-07-08 03:00:00-04:00,Wednesday,Overnight,MSFT,RMSFTUSDT,Development
2026-07-08 08:00:00+00:00,1783497600000.0,388.01,389.725,382.874,383.93,240693.631772,93121020.49110515,False,2026-07-08 04:00:00-04:00,Wednesday,Pre-Market,MSFT,RMSFTUSDT,Development
2026-07-08 09:00:00+00:00,1783501200000.0,383.4,383.992,382.09,383.22,118801.781549,45491554.43038677,False,2026-07-08 05:00:00-04:00,Wednesday,Pre-Market,MSFT,RMSFTUSDT,Development
2026-07-08 10:00:00+00:00,1783504800000.0,382.26,383.915,381.975,383.83,54776.216697,20978880.17332577,False,2026-07-08 06:00:00-04:00,Wednesday,Pre-Market,MSFT,RMSFTUSDT,Development
2026-07-08 11:00:00+00:00,1783508400000.0,383.36,384.359,382.8,383.57,120012.932222,46025859.60412866,False,2026-07-08 07:00:00-04:00,Wednesday,Pre-Market,MSFT,RMSFTUSDT,Development
2026-07-08 12:00:00+00:00,1783512000000.0,384.67,384.695,383.251,383.4,91075.523721,34986052.23141322,False,2026-07-08 08:00:00-04:00,Wednesday,Pre-Market,MSFT,RMSFTUSDT,Development
2026-07-08 13:00:00+00:00,1783515600000.0,383.3,385.22,381.86,383.265,3295337.30524,1264138843.1472597,False,2026-07-08 09:00:00-04:00,Wednesday,Transition,MSFT,RMSFTUSDT,Development
2026-07-08 14:00:00+00:00,1783519200000.0,383.31,384.52,381.34,383.15,3232929.036787999,1237642825.5793288,False,2026-07-08 10:00:00-04:00,Wednesday,Regular,MSFT,RMSFTUSDT,Development
2026-07-08 15:00:00+00:00,1783522800000.0,383.14,383.23,381.59,382.705,2139344.429976,818330906.7633836,False,2026-07-08 11:00:00-04:00,Wednesday,Regular,MSFT,RMSFTUSDT,Development
2026-07-08 16:00:00+00:00,1783526400000.0,382.75,383.23,382.06,382.11,2473249.4788760003,946185859.3096858,False,2026-07-08 12:00:00-04:00,Wednesday,Regular,MSFT,RMSFTUSDT,Development
2026-07-08 17:00:00+00:00,1783530000000.0,382.03,383.78,381.54,383.5,2246865.6628400004,860521463.0469346,False,2026-07-08 13:00:00-04:00,Wednesday,Regular,MSFT,RMSFTUSDT,Development
2026-07-08 18:00:00+00:00,1783533600000.0,383.528,384.56,383.31,383.891,1716330.474023,658904845.9523517,False,2026-07-08 14:00:00-04:00,Wednesday,Regular,MSFT,RMSFTUSDT,Development
2026-07-08 19:00:00+00:00,1783537200000.0,383.92,383.93,382.665,383.1,3292496.2540880004,1261944013.2713437,False,2026-07-08 15:00:00-04:00,Wednesday,Regular,MSFT,RMSFTUSDT,Development
2026-07-08 20:00:00+00:00,1783540800000.0,382.9,383.22,382.387,382.99,6005633.370501998,2300749135.78926,False,2026-07-08 16:00:00-04:00,Wednesday,After-Hours,MSFT,RMSFTUSDT,Development
2026-07-08 21:00:00+00:00,1783544400000.0,383.05,383.245,382.904,383.14,52115.826595999984,19968246.71083197,False,2026-07-08 17:00:00-04:00,Wednesday,After-Hours,MSFT,RMSFTUSDT,Development
2026-07-08 22:00:00+00:00,1783548000000.0,383.081,383.4,383.08,383.315,998052.0432059998,382503645.1691081,False,2026-07-08 18:00:00-04:00,Wednesday,After-Hours,MSFT,RMSFTUSDT,Development
2026-07-08 23:00:00+00:00,1783551600000.0,383.45,383.839,383.27,383.46,25570.347866,9806921.36303817,False,2026-07-08 19:00:00-04:00,Wednesday,After-Hours,MSFT,RMSFTUSDT,Development
2026-07-09 00:00:00+00:00,1783555200000.0,383.9,384.58,383.01,383.81,7166.0,2750528.35,False,2026-07-08 20:00:00-04:00,Wednesday,Overnight,MSFT,RMSFTUSDT,Development
2026-07-09 01:00:00+00:00,1783558800000.0,383.82,384.1,383.38,383.58,6251.0,2398937.69,False,2026-07-08 21:00:00-04:00,Wednesday,Overnight,MSFT,RMSFTUSDT,Development
2026-07-09 02:00:00+00:00,1783562400000.0,383.57,384.5,383.57,384.16,6266.0,2407321.54,False,2026-07-08 22:00:00-04:00,Wednesday,Overnight,MSFT,RMSFTUSDT,Development
2026-07-09 03:00:00+00:00,1783566000000.0,384.14,384.41,383.87,384.3,2983.0,1146027.25,False,2026-07-08 23:00:00-04:00,Wednesday,Overnight,MSFT,RMSFTUSDT,Development
2026-07-09 04:00:00+00:00,1783569600000.0,384.34,384.69,384.13,384.64,5239.0,2013949.31,False,2026-07-09 00:00:00-04:00,Thursday,Overnight,MSFT,RMSFTUSDT,Development
2026-07-09 05:00:00+00:00,1783573200000.0,384.61,385.04,384.35,384.8,6659.0,2562876.63,False,2026-07-09 01:00:00-04:00,Thursday,Overnight,MSFT,RMSFTUSDT,Development
2026-07-09 06:00:00+00:00,1783576800000.0,384.78,385.01,384.06,384.25,13038.0,5013889.52,False,2026-07-09 02:00:00-04:00,Thursday,Overnight,MSFT,RMSFTUSDT,Development
2026-07-09 07:00:00+00:00,1783580400000.0,384.29,384.34,383.08,383.36,13063.0,5011238.03,False,2026-07-09 03:00:00-04:00,Thursday,Overnight,MSFT,RMSFTUSDT,Development
2026-07-09 08:00:00+00:00,1783584000000.0,383.39,383.905,380.793,381.2,168837.049682,64635803.31123522,False,2026-07-09 04:00:00-04:00,Thursday,Pre-Market,MSFT,RMSFTUSDT,Development
2026-07-09 09:00:00+00:00,1783587600000.0,381.37,381.546,380.7,380.79,28980.299568,11045293.45268136,False,2026-07-09 05:00:00-04:00,Thursday,Pre-Market,MSFT,RMSFTUSDT,Development
2026-07-09 10:00:00+00:00,1783591200000.0,381.1,381.7,378.687,379.08,94545.29720200002,35936497.28494524,False,2026-07-09 06:00:00-04:00,Thursday,Pre-Market,MSFT,RMSFTUSDT,Development
2026-07-09 11:00:00+00:00,1783594800000.0,379.62,379.784,376.133,376.74,272028.010797,102812469.82750563,False,2026-07-09 07:00:00-04:00,Thursday,Pre-Market,MSFT,RMSFTUSDT,Development
2026-07-09 12:00:00+00:00,1783598400000.0,376.75,376.99,375.128,375.65,354020.9450479998,133158393.69022724,False,2026-07-09 08:00:00-04:00,Thursday,Pre-Market,MSFT,RMSFTUSDT,Development
2026-07-09 13:00:00+00:00,1783602000000.0,375.32,379.31,373.38,378.675,4548698.954966,1711047696.2979205,False,2026-07-09 09:00:00-04:00,Thursday,Transition,MSFT,RMSFTUSDT,Development
2026-07-09 14:00:00+00:00,1783605600000.0,378.848,378.848,378.848,378.848,5629804.180869,2121321383.2844703,False,2026-07-09 10:00:00-04:00,Thursday,Regular,MSFT,RMSFTUSDT,Development
2026-07-09 15:00:00+00:00,1783609200000.0,378.9,380.59,378.84,380.095,2510091.362817,953435864.352908,False,2026-07-09 11:00:00-04:00,Thursday,Regular,MSFT,RMSFTUSDT,Development
2026-07-09 16:00:00+00:00,1783612800000.0,380.12,380.2,378.99,379.44,1673473.2781030005,635309362.6272881,False,2026-07-09 12:00:00-04:00,Thursday,Regular,MSFT,RMSFTUSDT,Development
2026-07-09 17:00:00+00:00,1783616400000.0,379.415,380.915,379.415,380.66,2059536.9690199995,783201130.4863191,False,2026-07-09 13:00:00-04:00,Thursday,Regular,MSFT,RMSFTUSDT,Development
2026-07-09 18:00:00+00:00,1783620000000.0,380.67,381.24,380.44,380.805,2689997.2420250005,1024153772.9652796,False,2026-07-09 14:00:00-04:00,Thursday,Regular,MSFT,RMSFTUSDT,Development
2026-07-09 19:00:00+00:00,1783623600000.0,380.785,384.65,380.762,384.25,4575729.385675,1753354067.6604447,False,2026-07-09 15:00:00-04:00,Thursday,Regular,MSFT,RMSFTUSDT,Development
2026-07-09 20:00:00+00:00,1783627200000.0,383.9,384.454,383.551,384.175,7770257.319553005,2985777320.8909426,False,2026-07-09 16:00:00-04:00,Thursday,After-Hours,MSFT,RMSFTUSDT,Development
2026-07-09 21:00:00+00:00,1783630800000.0,384.125,384.325,383.76,383.76,253322.7948110001,97284135.5336964,False,2026-07-09 17:00:00-04:00,Thursday,After-Hours,MSFT,RMSFTUSDT,Development
2026-07-09 22:00:00+00:00,1783634400000.0,383.765,384.1,383.415,383.733,40686.857634,15615210.300965494,False,2026-07-09 18:00:00-04:00,Thursday,After-Hours,MSFT,RMSFTUSDT,Development
2026-07-09 23:00:00+00:00,1783638000000.0,384.15,384.395,383.552,384.14,33630.70084699999,12915847.11879975,False,2026-07-09 19:00:00-04:00,Thursday,After-Hours,MSFT,RMSFTUSDT,Development
2026-07-10 00:00:00+00:00,1783641600000.0,384.37,384.61,383.3,383.72,9492.0,3645769.85,False,2026-07-09 20:00:00-04:00,Thursday,Overnight,MSFT,RMSFTUSDT,Development
2026-07-10 01:00:00+00:00,1783645200000.0,383.7,384.11,383.41,383.88,2833.0,1087060.15,False,2026-07-09 21:00:00-04:00,Thursday,Overnight,MSFT,RMSFTUSDT,Development
2026-07-10 02:00:00+00:00,1783648800000.0,383.83,385.35,383.69,384.78,7881.0,3030350.17,False,2026-07-09 22:00:00-04:00,Thursday,Overnight,MSFT,RMSFTUSDT,Development
2026-07-10 03:00:00+00:00,1783652400000.0,384.78,384.98,383.99,384.01,4684.0,1801074.67,False,2026-07-09 23:00:00-04:00,Thursday,Overnight,MSFT,RMSFTUSDT,Development
2026-07-10 04:00:00+00:00,1783656000000.0,384.01,384.37,383.82,383.9,3652.0,1402617.48,False,2026-07-10 00:00:00-04:00,Friday,Overnight,MSFT,RMSFTUSDT,Development
2026-07-10 05:00:00+00:00,1783659600000.0,383.97,384.43,383.87,384.2,3906.0,1500900.43,False,2026-07-10 01:00:00-04:00,Friday,Overnight,MSFT,RMSFTUSDT,Development
2026-07-10 06:00:00+00:00,1783663200000.0,384.32,384.79,384.03,384.79,6628.0,2547972.82,False,2026-07-10 02:00:00-04:00,Friday,Overnight,MSFT,RMSFTUSDT,Development
2026-07-10 07:00:00+00:00,1783666800000.0,384.79,385.98,384.7,384.85,16914.0,6516981.57,False,2026-07-10 03:00:00-04:00,Friday,Overnight,MSFT,RMSFTUSDT,Development
2026-07-10 08:00:00+00:00,1783670400000.0,387.43,389.042,384.287,387.845,113557.260921,43885384.47843403,False,2026-07-10 04:00:00-04:00,Friday,Pre-Market,MSFT,RMSFTUSDT,Development
2026-07-10 09:00:00+00:00,1783674000000.0,388.36,388.628,387.258,388.44,35260.725952999994,13685544.57799996,False,2026-07-10 05:00:00-04:00,Friday,Pre-Market,MSFT,RMSFTUSDT,Development
2026-07-10 10:00:00+00:00,1783677600000.0,388.85,388.85,387.337,387.42,38238.027196,14841581.69036569,False,2026-07-10 06:00:00-04:00,Friday,Pre-Market,MSFT,RMSFTUSDT,Development
2026-07-10 11:00:00+00:00,1783681200000.0,387.316,387.316,384.885,386.815,273000.658483,105362177.55272968,False,2026-07-10 07:00:00-04:00,Friday,Pre-Market,MSFT,RMSFTUSDT,Development
2026-07-10 12:00:00+00:00,1783684800000.0,386.34,388.12,386.176,388.12,91217.123988,35320018.3885703,False,2026-07-10 08:00:00-04:00,Friday,Pre-Market,MSFT,RMSFTUSDT,Development
2026-07-10 13:00:00+00:00,1783688400000.0,388.15,391.85,384.765,385.05,3729862.416660001,1447284340.0593967,False,2026-07-10 09:00:00-04:00,Friday,Transition,MSFT,RMSFTUSDT,Development
2026-07-10 14:00:00+00:00,1783692000000.0,385.02,385.84,381.98,382.595,3158603.293942999,1212739417.5028265,False,2026-07-10 10:00:00-04:00,Friday,Regular,MSFT,RMSFTUSDT,Development
2026-07-10 15:00:00+00:00,1783695600000.0,382.48,384.72,381.54,384.14,2859577.195700001,1096448827.97813,False,2026-07-10 11:00:00-04:00,Friday,Regular,MSFT,RMSFTUSDT,Development
2026-07-10 16:00:00+00:00,1783699200000.0,384.2,385.75,383.615,385.66,1862731.349542,716372389.0501564,False,2026-07-10 12:00:00-04:00,Friday,Regular,MSFT,RMSFTUSDT,Development
2026-07-10 17:00:00+00:00,1783702800000.0,385.665,385.77,383.165,383.515,1837046.251247999,706600551.5569047,False,2026-07-10 13:00:00-04:00,Friday,Regular,MSFT,RMSFTUSDT,Development
2026-07-10 18:00:00+00:00,1783706400000.0,383.5,385.59,383.47,385.0,2331697.179176,896767937.0744747,False,2026-07-10 14:00:00-04:00,Friday,Regular,MSFT,RMSFTUSDT,Development
2026-07-10 19:00:00+00:00,1783710000000.0,384.97,385.71,384.78,385.09,2805109.701249,1080515072.9055188,False,2026-07-10 15:00:00-04:00,Friday,Regular,MSFT,RMSFTUSDT,Development
2026-07-10 20:00:00+00:00,1783713600000.0,385.16,385.82,384.916,385.65,5092114.168499,1960768463.2993915,False,2026-07-10 16:00:00-04:00,Friday,After-Hours,MSFT,RMSFTUSDT,Development
2026-07-10 21:00:00+00:00,1783717200000.0,385.63,385.821,384.83,385.39,496602.186645,191284160.20482236,False,2026-07-10 17:00:00-04:00,Friday,After-Hours,MSFT,RMSFTUSDT,Development
2026-07-10 22:00:00+00:00,1783720800000.0,385.229,385.36,385.105,385.34,16507.363075000005,6359043.98835795,False,2026-07-10 18:00:00-04:00,Friday,After-Hours,MSFT,RMSFTUSDT,Development
2026-07-10 23:00:00+00:00,1783724400000.0,385.34,385.4,385.193,385.369,35133.775502,13536890.954920609,False,2026-07-10 19:00:00-04:00,Friday,After-Hours,MSFT,RMSFTUSDT,Development
2026-07-11 00:00:00+00:00,,,,,,,,True,2026-07-10 20:00:00-04:00,Friday,Overnight,MSFT,RMSFTUSDT,Development
2026-07-11 01:00:00+00:00,1783731600000.0,384.87,384.87,384.87,384.87,0.0305,11.738535,False,2026-07-10 21:00:00-04:00,Friday,Overnight,MSFT,RMSFTUSDT,Development
2026-07-11 02:00:00+00:00,,,,,,,,True,2026-07-10 22:00:00-04:00,Friday,Overnight,MSFT,RMSFTUSDT,Development
2026-07-11 03:00:00+00:00,1783738800000.0,385.17,385.17,384.87,385.17,0.7054,271.628388,False,2026-07-10 23:00:00-04:00,Friday,Overnight,MSFT,RMSFTUSDT,Development
2026-07-11 04:00:00+00:00,,,,,,,,True,2026-07-11 00:00:00-04:00,Saturday,Weekend,MSFT,RMSFTUSDT,Development
2026-07-11 05:00:00+00:00,,,,,,,,True,2026-07-11 01:00:00-04:00,Saturday,Weekend,MSFT,RMSFTUSDT,Development
2026-07-11 06:00:00+00:00,,,,,,,,True,2026-07-11 02:00:00-04:00,Saturday,Weekend,MSFT,RMSFTUSDT,Development
2026-07-11 07:00:00+00:00,1783753200000.0,385.17,385.18,385.17,385.18,0.2596,99.990754,False,2026-07-11 03:00:00-04:00,Saturday,Weekend,MSFT,RMSFTUSDT,Development
2026-07-11 08:00:00+00:00,,,,,,,,True,2026-07-11 04:00:00-04:00,Saturday,Weekend,MSFT,RMSFTUSDT,Development
2026-07-11 09:00:00+00:00,,,,,,,,True,2026-07-11 05:00:00-04:00,Saturday,Weekend,MSFT,RMSFTUSDT,Development
2026-07-11 10:00:00+00:00,,,,,,,,True,2026-07-11 06:00:00-04:00,Saturday,Weekend,MSFT,RMSFTUSDT,Development
2026-07-11 11:00:00+00:00,,,,,,,,True,2026-07-11 07:00:00-04:00,Saturday,Weekend,MSFT,RMSFTUSDT,Development
2026-07-11 12:00:00+00:00,1783771200000.0,385.51,385.51,385.51,385.51,0.4056,156.362856,False,2026-07-11 08:00:00-04:00,Saturday,Weekend,MSFT,RMSFTUSDT,Development
2026-07-11 13:00:00+00:00,1783774800000.0,384.82,384.82,384.68,384.68,0.896,344.756346,False,2026-07-11 09:00:00-04:00,Saturday,Weekend,MSFT,RMSFTUSDT,Development
2026-07-11 14:00:00+00:00,1783778400000.0,385.01,385.09,385.01,385.09,0.2596,99.961884,False,2026-07-11 10:00:00-04:00,Saturday,Weekend,MSFT,RMSFTUSDT,Development
2026-07-11 15:00:00+00:00,,,,,,,,True,2026-07-11 11:00:00-04:00,Saturday,Weekend,MSFT,RMSFTUSDT,Development
2026-07-11 16:00:00+00:00,1783785600000.0,385.09,385.09,385.09,385.09,0.0581,22.373729,False,2026-07-11 12:00:00-04:00,Saturday,Weekend,MSFT,RMSFTUSDT,Development
2026-07-11 17:00:00+00:00,,,,,,,,True,2026-07-11 13:00:00-04:00,Saturday,Weekend,MSFT,RMSFTUSDT,Development
2026-07-11 18:00:00+00:00,,,,,,,,True,2026-07-11 14:00:00-04:00,Saturday,Weekend,MSFT,RMSFTUSDT,Development
2026-07-11 19:00:00+00:00,,,,,,,,True,2026-07-11 15:00:00-04:00,Saturday,Weekend,MSFT,RMSFTUSDT,Development
2026-07-11 20:00:00+00:00,,,,,,,,True,2026-07-11 16:00:00-04:00,Saturday,Weekend,MSFT,RMSFTUSDT,Development
2026-07-11 21:00:00+00:00,,,,,,,,True,2026-07-11 17:00:00-04:00,Saturday,Weekend,MSFT,RMSFTUSDT,Development
2026-07-11 22:00:00+00:00,,,,,,,,True,2026-07-11 18:00:00-04:00,Saturday,Weekend,MSFT,RMSFTUSDT,Development
2026-07-11 23:00:00+00:00,,,,,,,,True,2026-07-11 19:00:00-04:00,Saturday,Weekend,MSFT,RMSFTUSDT,Development
2026-07-12 00:00:00+00:00,,,,,,,,True,2026-07-11 20:00:00-04:00,Saturday,Weekend,MSFT,RMSFTUSDT,Development
2026-07-12 01:00:00+00:00,,,,,,,,True,2026-07-11 21:00:00-04:00,Saturday,Weekend,MSFT,RMSFTUSDT,Development
2026-07-12 02:00:00+00:00,,,,,,,,True,2026-07-11 22:00:00-04:00,Saturday,Weekend,MSFT,RMSFTUSDT,Development
2026-07-12 03:00:00+00:00,1783825200000.0,385.09,385.09,385.09,385.09,0.0285,10.975065,False,2026-07-11 23:00:00-04:00,Saturday,Weekend,MSFT,RMSFTUSDT,Development
2026-07-12 04:00:00+00:00,,,,,,,,True,2026-07-12 00:00:00-04:00,Sunday,Weekend,MSFT,RMSFTUSDT,Development
2026-07-12 05:00:00+00:00,,,,,,,,True,2026-07-12 01:00:00-04:00,Sunday,Weekend,MSFT,RMSFTUSDT,Development
2026-07-12 06:00:00+00:00,,,,,,,,True,2026-07-12 02:00:00-04:00,Sunday,Weekend,MSFT,RMSFTUSDT,Development
2026-07-12 07:00:00+00:00,,,,,,,,True,2026-07-12 03:00:00-04:00,Sunday,Weekend,MSFT,RMSFTUSDT,Development
2026-07-12 08:00:00+00:00,,,,,,,,True,2026-07-12 04:00:00-04:00,Sunday,Weekend,MSFT,RMSFTUSDT,Development
2026-07-12 09:00:00+00:00,,,,,,,,True,2026-07-12 05:00:00-04:00,Sunday,Weekend,MSFT,RMSFTUSDT,Development
2026-07-12 10:00:00+00:00,,,,,,,,True,2026-07-12 06:00:00-04:00,Sunday,Weekend,MSFT,RMSFTUSDT,Development
2026-07-12 11:00:00+00:00,,,,,,,,True,2026-07-12 07:00:00-04:00,Sunday,Weekend,MSFT,RMSFTUSDT,Development
2026-07-12 12:00:00+00:00,,,,,,,,True,2026-07-12 08:00:00-04:00,Sunday,Weekend,MSFT,RMSFTUSDT,Development
2026-07-12 13:00:00+00:00,1783861200000.0,384.62,384.62,384.22,384.22,0.6611,254.169962,False,2026-07-12 09:00:00-04:00,Sunday,Weekend,MSFT,RMSFTUSDT,Development
2026-07-12 14:00:00+00:00,1783864800000.0,384.44,384.57,384.44,384.57,0.2601,99.998165,False,2026-07-12 10:00:00-04:00,Sunday,Weekend,MSFT,RMSFTUSDT,Development
2026-07-12 15:00:00+00:00,,,,,,,,True,2026-07-12 11:00:00-04:00,Sunday,Weekend,MSFT,RMSFTUSDT,Development
2026-07-12 16:00:00+00:00,,,,,,,,True,2026-07-12 12:00:00-04:00,Sunday,Weekend,MSFT,RMSFTUSDT,Development
2026-07-12 17:00:00+00:00,,,,,,,,True,2026-07-12 13:00:00-04:00,Sunday,Weekend,MSFT,RMSFTUSDT,Development
2026-07-12 18:00:00+00:00,,,,,,,,True,2026-07-12 14:00:00-04:00,Sunday,Weekend,MSFT,RMSFTUSDT,Development
2026-07-12 19:00:00+00:00,1783882800000.0,384.85,384.85,384.85,384.85,0.0779,29.979815,False,2026-07-12 15:00:00-04:00,Sunday,Weekend,MSFT,RMSFTUSDT,Development
2026-07-12 20:00:00+00:00,,,,,,,,True,2026-07-12 16:00:00-04:00,Sunday,Weekend,MSFT,RMSFTUSDT,Development
2026-07-12 21:00:00+00:00,,,,,,,,True,2026-07-12 17:00:00-04:00,Sunday,Weekend,MSFT,RMSFTUSDT,Development
2026-07-12 22:00:00+00:00,,,,,,,,True,2026-07-12 18:00:00-04:00,Sunday,Weekend,MSFT,RMSFTUSDT,Development
2026-07-12 23:00:00+00:00,,,,,,,,True,2026-07-12 19:00:00-04:00,Sunday,Weekend,MSFT,RMSFTUSDT,Development
2026-07-13 00:00:00+00:00,1783900800000.0,385.04,386.0,383.42,384.3,22044.0,8483918.46,False,2026-07-12 20:00:00-04:00,Sunday,Weekend,MSFT,RMSFTUSDT,Development
2026-07-13 01:00:00+00:00,1783904400000.0,384.21,384.81,383.16,384.8,15756.0,6054985.8,False,2026-07-12 21:00:00-04:00,Sunday,Weekend,MSFT,RMSFTUSDT,Development
2026-07-13 02:00:00+00:00,1783908000000.0,384.8,384.8,383.99,384.1,10481.0,4029184.21,False,2026-07-12 22:00:00-04:00,Sunday,Weekend,MSFT,RMSFTUSDT,Development
2026-07-13 03:00:00+00:00,1783911600000.0,384.11,385.48,384.11,384.65,14961.0,5758424.92,False,2026-07-12 23:00:00-04:00,Sunday,Weekend,MSFT,RMSFTUSDT,Development
2026-07-13 04:00:00+00:00,1783915200000.0,384.69,386.31,384.56,386.0,19471.0,7505767.56,False,2026-07-13 00:00:00-04:00,Monday,Overnight,MSFT,RMSFTUSDT,Development
2026-07-13 05:00:00+00:00,1783918800000.0,385.95,386.49,385.34,385.69,30994.0,11964367.44,False,2026-07-13 01:00:00-04:00,Monday,Overnight,MSFT,RMSFTUSDT,Development
2026-07-13 06:00:00+00:00,1783922400000.0,385.43,387.04,385.38,387.04,14184.0,5478612.22,False,2026-07-13 02:00:00-04:00,Monday,Overnight,MSFT,RMSFTUSDT,Development
2026-07-13 07:00:00+00:00,1783926000000.0,387.06,387.51,386.74,387.47,10820.0,4189495.26,False,2026-07-13 03:00:00-04:00,Monday,Overnight,MSFT,RMSFTUSDT,Development
2026-07-13 08:00:00+00:00,1783929600000.0,385.625,388.983,384.247,387.005,159163.375041,61619734.57136056,False,2026-07-13 04:00:00-04:00,Monday,Pre-Market,MSFT,RMSFTUSDT,Development
2026-07-13 09:00:00+00:00,1783933200000.0,387.06,387.645,386.77,387.33,19624.626194,7600248.78196375,False,2026-07-13 05:00:00-04:00,Monday,Pre-Market,MSFT,RMSFTUSDT,Development
2026-07-13 10:00:00+00:00,1783936800000.0,387.6,388.04,387.1,387.6,24279.610755,9413511.01280901,False,2026-07-13 06:00:00-04:00,Monday,Pre-Market,MSFT,RMSFTUSDT,Development
2026-07-13 11:00:00+00:00,1783940400000.0,386.77,387.545,386.01,386.81,77617.86755399995,30017856.47996639,False,2026-07-13 07:00:00-04:00,Monday,Pre-Market,MSFT,RMSFTUSDT,Development
2026-07-13 12:00:00+00:00,1783944000000.0,386.99,387.964,386.683,387.28,77852.33855900004,30153705.48880105,False,2026-07-13 08:00:00-04:00,Monday,Pre-Market,MSFT,RMSFTUSDT,Development
2026-07-13 13:00:00+00:00,1783947600000.0,386.94,391.08,385.66,387.34,3160093.0022810004,1226619487.7002916,False,2026-07-13 09:00:00-04:00,Monday,Transition,MSFT,RMSFTUSDT,Development
2026-07-13 14:00:00+00:00,1783951200000.0,387.4,389.69,384.19,389.42,3729953.3203540007,1441162952.1237693,False,2026-07-13 10:00:00-04:00,Monday,Regular,MSFT,RMSFTUSDT,Development
2026-07-13 15:00:00+00:00,1783954800000.0,389.45,391.24,389.34,390.561,4114156.024032,1606703871.444412,False,2026-07-13 11:00:00-04:00,Monday,Regular,MSFT,RMSFTUSDT,Development
2026-07-13 16:00:00+00:00,1783958400000.0,390.5,393.335,390.32,393.03,3355971.933475999,1315066463.491198,False,2026-07-13 12:00:00-04:00,Monday,Regular,MSFT,RMSFTUSDT,Development
2026-07-13 17:00:00+00:00,1783962000000.0,393.02,393.555,391.405,391.87,2166600.051819,850500150.3015795,False,2026-07-13 13:00:00-04:00,Monday,Regular,MSFT,RMSFTUSDT,Development
2026-07-13 18:00:00+00:00,1783965600000.0,391.905,393.64,391.85,392.88,2178226.005937,855262361.9553138,False,2026-07-13 14:00:00-04:00,Monday,Regular,MSFT,RMSFTUSDT,Development
2026-07-13 19:00:00+00:00,1783969200000.0,392.91,393.16,389.61,390.985,4456305.264721,1742709029.022856,False,2026-07-13 15:00:00-04:00,Monday,Regular,MSFT,RMSFTUSDT,Development
2026-07-13 20:00:00+00:00,1783972800000.0,390.53,391.225,390.185,390.59,6413518.744109,2507577440.479844,False,2026-07-13 16:00:00-04:00,Monday,After-Hours,MSFT,RMSFTUSDT,Development
2026-07-13 21:00:00+00:00,1783976400000.0,390.6,390.705,389.75,389.865,81849.090799,31959679.96355817,False,2026-07-13 17:00:00-04:00,Monday,After-Hours,MSFT,RMSFTUSDT,Development
2026-07-13 22:00:00+00:00,1783980000000.0,389.99,390.33,389.267,389.93,23161.878227000005,9031423.16191685,False,2026-07-13 18:00:00-04:00,Monday,After-Hours,MSFT,RMSFTUSDT,Development
2026-07-13 23:00:00+00:00,1783983600000.0,389.52,389.99,389.111,389.49,36677.737977,14281368.55037779,False,2026-07-13 19:00:00-04:00,Monday,After-Hours,MSFT,RMSFTUSDT,Development
2026-07-14 00:00:00+00:00,1783987200000.0,389.25,391.45,387.79,389.53,7127.0,2773700.77,False,2026-07-13 20:00:00-04:00,Monday,Overnight,MSFT,RMSFTUSDT,Development
2026-07-14 01:00:00+00:00,1783990800000.0,389.61,389.98,388.81,389.01,6052.0,2355947.29,False,2026-07-13 21:00:00-04:00,Monday,Overnight,MSFT,RMSFTUSDT,Development
2026-07-14 02:00:00+00:00,1783994400000.0,389.15,389.71,389.15,389.47,6038.0,2351221.11,False,2026-07-13 22:00:00-04:00,Monday,Overnight,MSFT,RMSFTUSDT,Development
2026-07-14 03:00:00+00:00,1783998000000.0,389.45,389.85,389.04,389.4,8697.0,3386075.29,False,2026-07-13 23:00:00-04:00,Monday,Overnight,MSFT,RMSFTUSDT,Development
2026-07-14 04:00:00+00:00,1784001600000.0,389.4,389.96,389.23,389.95,5841.0,2275965.13,False,2026-07-14 00:00:00-04:00,Tuesday,Overnight,MSFT,RMSFTUSDT,Development
2026-07-14 05:00:00+00:00,1784005200000.0,389.92,389.92,388.19,388.49,12864.0,5006414.92,False,2026-07-14 01:00:00-04:00,Tuesday,Overnight,MSFT,RMSFTUSDT,Development
2026-07-14 06:00:00+00:00,1784008800000.0,388.49,389.3,388.3,388.98,7629.0,2966960.83,False,2026-07-14 02:00:00-04:00,Tuesday,Overnight,MSFT,RMSFTUSDT,Development
2026-07-14 07:00:00+00:00,1784012400000.0,388.97,389.13,386.16,386.61,21601.0,8371406.65,False,2026-07-14 03:00:00-04:00,Tuesday,Overnight,MSFT,RMSFTUSDT,Development
2026-07-14 08:00:00+00:00,1784016000000.0,386.5,389.492,385.76,386.82,130450.586593,50467066.21865011,False,2026-07-14 04:00:00-04:00,Tuesday,Pre-Market,MSFT,RMSFTUSDT,Development
2026-07-14 09:00:00+00:00,1784019600000.0,386.54,387.602,386.54,387.49,14145.188242,5479359.33047528,False,2026-07-14 05:00:00-04:00,Tuesday,Pre-Market,MSFT,RMSFTUSDT,Development
2026-07-14 10:00:00+00:00,1784023200000.0,387.86,388.16,387.45,387.52,11859.298954,4598305.60154563,False,2026-07-14 06:00:00-04:00,Tuesday,Pre-Market,MSFT,RMSFTUSDT,Development
2026-07-14 11:00:00+00:00,1784026800000.0,385.61,387.7,377.99,378.81,741207.3877429999,281890360.5302709,False,2026-07-14 07:00:00-04:00,Tuesday,Pre-Market,MSFT,RMSFTUSDT,Development
2026-07-14 12:00:00+00:00,1784030400000.0,379.24,381.159,377.55,378.51,503488.1681360001,190864258.38085064,False,2026-07-14 08:00:00-04:00,Tuesday,Pre-Market,MSFT,RMSFTUSDT,Development
2026-07-14 13:00:00+00:00,1784034000000.0,379.52,385.25,378.71,385.24,4295039.977877001,1640489660.5421247,False,2026-07-14 09:00:00-04:00,Tuesday,Transition,MSFT,RMSFTUSDT,Development
2026-07-14 14:00:00+00:00,1784037600000.0,385.24,387.75,382.86,387.46,3860050.199505999,1485614046.2386942,False,2026-07-14 10:00:00-04:00,Tuesday,Regular,MSFT,RMSFTUSDT,Development
2026-07-14 15:00:00+00:00,1784041200000.0,387.53,387.635,384.45,384.765,2681736.173125,1034600138.737142,False,2026-07-14 11:00:00-04:00,Tuesday,Regular,MSFT,RMSFTUSDT,Development
2026-07-14 16:00:00+00:00,1784044800000.0,384.76,387.57,384.2,387.54,1361532.436715,525398620.4793469,False,2026-07-14 12:00:00-04:00,Tuesday,Regular,MSFT,RMSFTUSDT,Development
2026-07-14 17:00:00+00:00,1784048400000.0,387.55,388.18,386.34,387.17,1849846.426898999,715949207.3416452,False,2026-07-14 13:00:00-04:00,Tuesday,Regular,MSFT,RMSFTUSDT,Development
2026-07-14 18:00:00+00:00,1784052000000.0,387.15,387.6,385.28,385.3,1648507.4932500003,637288928.6810488,False,2026-07-14 14:00:00-04:00,Tuesday,Regular,MSFT,RMSFTUSDT,Development
2026-07-14 19:00:00+00:00,1784055600000.0,385.325,386.36,384.76,384.95,4037667.674454,1556306084.581736,False,2026-07-14 15:00:00-04:00,Tuesday,Regular,MSFT,RMSFTUSDT,Development
2026-07-14 20:00:00+00:00,1784059200000.0,385.21,385.624,384.901,385.36,6225939.885942002,2397344847.6311126,False,2026-07-14 16:00:00-04:00,Tuesday,After-Hours,MSFT,RMSFTUSDT,Development
2026-07-14 21:00:00+00:00,1784062800000.0,385.41,385.822,384.826,384.95,72430.842462,27904872.95784778,False,2026-07-14 17:00:00-04:00,Tuesday,After-Hours,MSFT,RMSFTUSDT,Development
2026-07-14 22:00:00+00:00,1784066400000.0,385.49,385.66,384.936,385.49,19714.363887,7597188.38202237,False,2026-07-14 18:00:00-04:00,Tuesday,After-Hours,MSFT,RMSFTUSDT,Development
2026-07-14 23:00:00+00:00,1784070000000.0,385.53,386.79,385.175,386.79,30117.450202,11621507.85005132,False,2026-07-14 19:00:00-04:00,Tuesday,After-Hours,MSFT,RMSFTUSDT,Development
2026-07-15 00:00:00+00:00,1784073600000.0,386.82,386.83,385.68,386.22,7585.0,2930709.27,False,2026-07-14 20:00:00-04:00,Tuesday,Overnight,MSFT,RMSFTUSDT,Development
2026-07-15 01:00:00+00:00,1784077200000.0,386.19,386.47,385.98,386.34,3893.0,1503698.15,False,2026-07-14 21:00:00-04:00,Tuesday,Overnight,MSFT,RMSFTUSDT,Development
2026-07-15 02:00:00+00:00,1784080800000.0,386.41,386.87,386.32,386.66,5388.0,2083152.57,False,2026-07-14 22:00:00-04:00,Tuesday,Overnight,MSFT,RMSFTUSDT,Development
2026-07-15 03:00:00+00:00,1784084400000.0,386.67,386.84,386.35,386.35,3997.0,1545155.76,False,2026-07-14 23:00:00-04:00,Tuesday,Overnight,MSFT,RMSFTUSDT,Development
2026-07-15 04:00:00+00:00,1784088000000.0,386.34,386.89,386.19,386.78,7699.0,2976446.42,False,2026-07-15 00:00:00-04:00,Wednesday,Overnight,MSFT,RMSFTUSDT,Development
2026-07-15 05:00:00+00:00,1784091600000.0,386.79,386.91,385.64,386.12,11541.0,4456022.55,False,2026-07-15 01:00:00-04:00,Wednesday,Overnight,MSFT,RMSFTUSDT,Development
2026-07-15 06:00:00+00:00,1784095200000.0,386.16,386.26,384.28,384.3,23371.0,8999546.14,False,2026-07-15 02:00:00-04:00,Wednesday,Overnight,MSFT,RMSFTUSDT,Development
2026-07-15 07:00:00+00:00,1784098800000.0,384.25,384.9,383.91,384.02,19941.0,7662402.26,False,2026-07-15 03:00:00-04:00,Wednesday,Overnight,MSFT,RMSFTUSDT,Development
2026-07-15 08:00:00+00:00,1784102400000.0,384.97,387.785,384.51,386.89,150783.41460500003,58089687.43511277,False,2026-07-15 04:00:00-04:00,Wednesday,Pre-Market,MSFT,RMSFTUSDT,Development
2026-07-15 09:00:00+00:00,1784106000000.0,386.62,387.05,385.167,386.4,31592.943747,12204006.64708488,False,2026-07-15 05:00:00-04:00,Wednesday,Pre-Market,MSFT,RMSFTUSDT,Development
2026-07-15 10:00:00+00:00,1784109600000.0,386.25,386.895,384.932,385.89,26102.035566,10081344.82319572,False,2026-07-15 06:00:00-04:00,Wednesday,Pre-Market,MSFT,RMSFTUSDT,Development
2026-07-15 11:00:00+00:00,1784113200000.0,385.6,386.59,385.411,386.21,41107.769003,15874299.40150549,False,2026-07-15 07:00:00-04:00,Wednesday,Pre-Market,MSFT,RMSFTUSDT,Development
2026-07-15 12:00:00+00:00,1784116800000.0,386.1,388.599,385.92,388.33,77046.05588900002,29846463.24674351,False,2026-07-15 08:00:00-04:00,Wednesday,Pre-Market,MSFT,RMSFTUSDT,Development
2026-07-15 13:00:00+00:00,1784120400000.0,388.26,391.46,386.525,389.48,4168165.778577001,1622857422.7761073,False,2026-07-15 09:00:00-04:00,Wednesday,Transition,MSFT,RMSFTUSDT,Development
2026-07-15 14:00:00+00:00,1784124000000.0,389.63,397.78,389.57,394.0,6065735.116047999,2396994119.5146413,False,2026-07-15 10:00:00-04:00,Wednesday,Regular,MSFT,RMSFTUSDT,Development
2026-07-15 15:00:00+00:00,1784127600000.0,394.09,397.895,393.74,397.33,4035712.1720330007,1599505283.696781,False,2026-07-15 11:00:00-04:00,Wednesday,Regular,MSFT,RMSFTUSDT,Development
2026-07-15 16:00:00+00:00,1784131200000.0,397.28,398.95,394.19,394.532,5282893.170685,2096573073.4061728,False,2026-07-15 12:00:00-04:00,Wednesday,Regular,MSFT,RMSFTUSDT,Development
2026-07-15 17:00:00+00:00,1784134800000.0,394.525,396.89,394.355,396.13,2329303.085639,921972634.9815836,False,2026-07-15 13:00:00-04:00,Wednesday,Regular,MSFT,RMSFTUSDT,Development
2026-07-15 18:00:00+00:00,1784138400000.0,396.14,397.16,395.34,395.67,2805773.495054,1112195987.4586775,False,2026-07-15 14:00:00-04:00,Wednesday,Regular,MSFT,RMSFTUSDT,Development
2026-07-15 19:00:00+00:00,1784142000000.0,395.63,396.4,394.63,395.6,4888155.774858001,1932524564.540871,False,2026-07-15 15:00:00-04:00,Wednesday,Regular,MSFT,RMSFTUSDT,Development
2026-07-15 20:00:00+00:00,1784145600000.0,395.77,396.124,395.11,396.0,7489850.006167001,2962499320.159265,False,2026-07-15 16:00:00-04:00,Wednesday,After-Hours,MSFT,RMSFTUSDT,Development
2026-07-15 21:00:00+00:00,1784149200000.0,396.225,396.781,396.0,396.225,309638.769125,122654480.79231796,False,2026-07-15 17:00:00-04:00,Wednesday,After-Hours,MSFT,RMSFTUSDT,Development
2026-07-15 22:00:00+00:00,1784152800000.0,396.12,397.22,396.12,397.22,76992.812833,30537144.876844928,False,2026-07-15 18:00:00-04:00,Wednesday,After-Hours,MSFT,RMSFTUSDT,Development
2026-07-15 23:00:00+00:00,1784156400000.0,397.11,397.378,396.73,397.01,22930.703843,9104686.4084116,False,2026-07-15 19:00:00-04:00,Wednesday,After-Hours,MSFT,RMSFTUSDT,Development
2026-07-16 00:00:00+00:00,1784160000000.0,397.02,397.68,396.5,397.15,8727.0,3465581.18,False,2026-07-15 20:00:00-04:00,Wednesday,Overnight,MSFT,RMSFTUSDT,Development
2026-07-16 01:00:00+00:00,1784163600000.0,397.16,397.68,397.01,397.21,8479.0,3369126.9,False,2026-07-15 21:00:00-04:00,Wednesday,Overnight,MSFT,RMSFTUSDT,Development
2026-07-16 02:00:00+00:00,1784167200000.0,397.26,397.46,396.84,397.27,4336.0,1721865.17,False,2026-07-15 22:00:00-04:00,Wednesday,Overnight,MSFT,RMSFTUSDT,Development
2026-07-16 03:00:00+00:00,1784170800000.0,397.26,397.5,397.14,397.45,4333.0,1721516.93,False,2026-07-15 23:00:00-04:00,Wednesday,Overnight,MSFT,RMSFTUSDT,Development
2026-07-16 04:00:00+00:00,1784174400000.0,397.5,397.63,396.85,397.16,3942.0,1565932.37,False,2026-07-16 00:00:00-04:00,Thursday,Overnight,MSFT,RMSFTUSDT,Development
2026-07-16 05:00:00+00:00,1784178000000.0,397.18,397.49,396.68,396.88,3901.0,1548718.77,False,2026-07-16 01:00:00-04:00,Thursday,Overnight,MSFT,RMSFTUSDT,Development
2026-07-16 06:00:00+00:00,1784181600000.0,396.87,397.53,396.69,397.48,14077.0,5591028.87,False,2026-07-16 02:00:00-04:00,Thursday,Overnight,MSFT,RMSFTUSDT,Development
2026-07-16 07:00:00+00:00,1784185200000.0,397.38,398.45,397.21,398.45,13038.0,5187258.71,False,2026-07-16 03:00:00-04:00,Thursday,Overnight,MSFT,RMSFTUSDT,Development
2026-07-16 08:00:00+00:00,1784188800000.0,397.304,401.044,397.304,400.67,240040.85543,95863264.3157738,False,2026-07-16 04:00:00-04:00,Thursday,Pre-Market,MSFT,RMSFTUSDT,Development
2026-07-16 09:00:00+00:00,1784192400000.0,400.81,401.24,400.252,400.56,60511.117495000006,24249237.3271698,False,2026-07-16 05:00:00-04:00,Thursday,Pre-Market,MSFT,RMSFTUSDT,Development
2026-07-16 10:00:00+00:00,1784196000000.0,400.29,401.85,399.609,401.85,86806.50983799998,34773463.86931408,False,2026-07-16 06:00:00-04:00,Thursday,Pre-Market,MSFT,RMSFTUSDT,Development
2026-07-16 11:00:00+00:00,1784199600000.0,400.1,402.01,399.808,400.36,155292.48013299995,62254627.77834186,False,2026-07-16 07:00:00-04:00,Thursday,Pre-Market,MSFT,RMSFTUSDT,Development
2026-07-16 12:00:00+00:00,1784203200000.0,400.41,401.099,398.735,399.3,139764.58545099996,55866490.44959553,False,2026-07-16 08:00:00-04:00,Thursday,Pre-Market,MSFT,RMSFTUSDT,Development
2026-07-16 13:00:00+00:00,1784206800000.0,399.51,399.69,392.14,393.27,4036089.058375001,1596107339.3270135,False,2026-07-16 09:00:00-04:00,Thursday,Transition,MSFT,RMSFTUSDT,Development
2026-07-16 14:00:00+00:00,1784210400000.0,393.3,398.18,392.7,397.305,3850893.234454,1523021727.7080584,False,2026-07-16 10:00:00-04:00,Thursday,Regular,MSFT,RMSFTUSDT,Development
2026-07-16 15:00:00+00:00,1784214000000.0,397.4,400.51,397.0,400.413,3780891.453202,1507602428.627416,False,2026-07-16 11:00:00-04:00,Thursday,Regular,MSFT,RMSFTUSDT,Development
2026-07-16 16:00:00+00:00,1784217600000.0,400.45,404.47,399.545,403.055,3810410.428854,1530824768.9712365,False,2026-07-16 12:00:00-04:00,Thursday,Regular,MSFT,RMSFTUSDT,Development
2026-07-16 17:00:00+00:00,1784221200000.0,403.055,403.98,401.41,402.69,3169512.7780410005,1276009395.042359,False,2026-07-16 13:00:00-04:00,Thursday,Regular,MSFT,RMSFTUSDT,Development
2026-07-16 18:00:00+00:00,1784224800000.0,402.63,405.76,402.505,405.56,4089811.0611219993,1653259088.6313653,False,2026-07-16 14:00:00-04:00,Thursday,Regular,MSFT,RMSFTUSDT,Development
2026-07-16 19:00:00+00:00,1784228400000.0,405.565,405.97,398.99,401.11,6917238.894181,2779027702.968904,False,2026-07-16 15:00:00-04:00,Thursday,Regular,MSFT,RMSFTUSDT,Development
2026-07-16 20:00:00+00:00,1784232000000.0,401.3,401.991,400.245,400.49,7576702.683214,3039173799.3232145,False,2026-07-16 16:00:00-04:00,Thursday,After-Hours,MSFT,RMSFTUSDT,Development
2026-07-16 21:00:00+00:00,1784235600000.0,400.618,401.467,400.04,400.148,325992.177775,130443078.40247492,False,2026-07-16 17:00:00-04:00,Thursday,After-Hours,MSFT,RMSFTUSDT,Development
2026-07-16 22:00:00+00:00,1784239200000.0,400.24,400.71,399.295,400.51,140823.64075900003,56358353.31468376,False,2026-07-16 18:00:00-04:00,Thursday,After-Hours,MSFT,RMSFTUSDT,Development
2026-07-16 23:00:00+00:00,1784242800000.0,400.32,400.876,399.926,400.28,46288.825386,18531536.83021848,False,2026-07-16 19:00:00-04:00,Thursday,After-Hours,MSFT,RMSFTUSDT,Development
2026-07-17 00:00:00+00:00,1784246400000.0,400.0,400.72,399.17,400.01,8404.0,3360333.15,False,2026-07-16 20:00:00-04:00,Thursday,Overnight,MSFT,RMSFTUSDT,Development
2026-07-17 01:00:00+00:00,1784250000000.0,400.01,400.13,397.07,397.22,19396.0,7727187.25,False,2026-07-16 21:00:00-04:00,Thursday,Overnight,MSFT,RMSFTUSDT,Development
2026-07-17 02:00:00+00:00,1784253600000.0,397.3,397.49,395.27,396.77,18157.0,7193900.12,False,2026-07-16 22:00:00-04:00,Thursday,Overnight,MSFT,RMSFTUSDT,Development
2026-07-17 03:00:00+00:00,1784257200000.0,396.76,396.87,395.3,395.5,13496.0,5344728.73,False,2026-07-16 23:00:00-04:00,Thursday,Overnight,MSFT,RMSFTUSDT,Development
2026-07-17 04:00:00+00:00,1784260800000.0,395.52,395.76,393.04,394.26,27629.0,10894257.86,False,2026-07-17 00:00:00-04:00,Friday,Overnight,MSFT,RMSFTUSDT,Development
2026-07-17 05:00:00+00:00,1784264400000.0,394.2,394.93,392.04,392.55,40372.0,15875835.67,False,2026-07-17 01:00:00-04:00,Friday,Overnight,MSFT,RMSFTUSDT,Development
2026-07-17 06:00:00+00:00,1784268000000.0,392.72,394.44,392.36,393.64,18529.0,7292940.05,False,2026-07-17 02:00:00-04:00,Friday,Overnight,MSFT,RMSFTUSDT,Development
2026-07-17 07:00:00+00:00,1784271600000.0,393.57,396.68,393.55,396.01,29357.0,11599716.34,False,2026-07-17 03:00:00-04:00,Friday,Overnight,MSFT,RMSFTUSDT,Development
2026-07-17 08:00:00+00:00,1784275200000.0,396.0,399.703,393.547,394.99,262190.321437,103764441.61190712,False,2026-07-17 04:00:00-04:00,Friday,Pre-Market,MSFT,RMSFTUSDT,Development
2026-07-17 09:00:00+00:00,1784278800000.0,394.72,395.685,393.625,394.97,47311.084308,18676802.7768235,False,2026-07-17 05:00:00-04:00,Friday,Pre-Market,MSFT,RMSFTUSDT,Development
2026-07-17 10:00:00+00:00,1784282400000.0,393.63,394.504,390.723,392.85,98845.844331,38814064.57723346,False,2026-07-17 06:00:00-04:00,Friday,Pre-Market,MSFT,RMSFTUSDT,Development
2026-07-17 11:00:00+00:00,1784286000000.0,393.17,394.584,393.17,393.75,144892.632752,57063180.57893574,False,2026-07-17 07:00:00-04:00,Friday,Pre-Market,MSFT,RMSFTUSDT,Development
2026-07-17 12:00:00+00:00,1784289600000.0,393.93,394.47,393.007,393.85,118785.25613499996,46784547.16787004,False,2026-07-17 08:00:00-04:00,Friday,Pre-Market,MSFT,RMSFTUSDT,Development
2026-07-17 13:00:00+00:00,1784293200000.0,392.67,398.38,392.389,393.37,6021107.451980001,2378132123.767988,False,2026-07-17 09:00:00-04:00,Friday,Transition,MSFT,RMSFTUSDT,Development
2026-07-17 14:00:00+00:00,1784296800000.0,393.4,393.75,390.745,392.3,5595986.687144,2195347547.2667446,False,2026-07-17 10:00:00-04:00,Friday,Regular,MSFT,RMSFTUSDT,Development
2026-07-17 15:00:00+00:00,1784300400000.0,392.36,392.71,389.42,392.535,3365660.397635999,1316802177.6316133,False,2026-07-17 11:00:00-04:00,Friday,Regular,MSFT,RMSFTUSDT,Development
2026-07-17 16:00:00+00:00,1784304000000.0,392.529,394.74,391.157,393.943,2645037.612517,1039355389.5042572,False,2026-07-17 12:00:00-04:00,Friday,Regular,MSFT,RMSFTUSDT,Development
2026-07-17 17:00:00+00:00,1784307600000.0,393.935,395.46,393.935,395.03,1711171.5639730005,675378026.6555936,False,2026-07-17 13:00:00-04:00,Friday,Regular,MSFT,RMSFTUSDT,Development
2026-07-17 18:00:00+00:00,1784311200000.0,395.04,395.97,393.99,395.185,2213797.219812,874431084.5493715,False,2026-07-17 14:00:00-04:00,Friday,Regular,MSFT,RMSFTUSDT,Development
2026-07-17 19:00:00+00:00,1784314800000.0,395.175,395.89,393.8,394.025,4365082.136359,1723590221.2477238,False,2026-07-17 15:00:00-04:00,Friday,Regular,MSFT,RMSFTUSDT,Development
2026-07-17 20:00:00+00:00,1784318400000.0,393.785,394.213,393.001,394.01,6699989.893362001,2638514309.918028,False,2026-07-17 16:00:00-04:00,Friday,After-Hours,MSFT,RMSFTUSDT,Development
2026-07-17 21:00:00+00:00,1784322000000.0,394.0,394.884,394.0,394.575,22382.376114,8824921.01599031,False,2026-07-17 17:00:00-04:00,Friday,After-Hours,MSFT,RMSFTUSDT,Development
2026-07-17 22:00:00+00:00,1784325600000.0,394.575,394.855,394.5,394.62,17194.879622,6786229.20243237,False,2026-07-17 18:00:00-04:00,Friday,After-Hours,MSFT,RMSFTUSDT,Development
2026-07-17 23:00:00+00:00,1784329200000.0,394.62,394.62,393.651,393.651,39038.955382,15389125.452370208,False,2026-07-17 19:00:00-04:00,Friday,After-Hours,MSFT,RMSFTUSDT,Development
2026-07-18 00:00:00+00:00,1784332800000.0,394.11,394.11,394.11,394.11,0.1016,40.041576,False,2026-07-17 20:00:00-04:00,Friday,Overnight,MSFT,RMSFTUSDT,Development
2026-07-18 01:00:00+00:00,1784336400000.0,394.16,394.22,393.81,393.81,0.6289,247.801361,False,2026-07-17 21:00:00-04:00,Friday,Overnight,MSFT,RMSFTUSDT,Development
2026-07-18 02:00:00+00:00,,,,,,,,True,2026-07-17 22:00:00-04:00,Friday,Overnight,MSFT,RMSFTUSDT,Development
2026-07-18 03:00:00+00:00,,,,,,,,True,2026-07-17 23:00:00-04:00,Friday,Overnight,MSFT,RMSFTUSDT,Development
2026-07-18 04:00:00+00:00,1784347200000.0,394.22,394.22,393.43,393.43,0.2168,85.420577,False,2026-07-18 00:00:00-04:00,Saturday,Weekend,MSFT,RMSFTUSDT,Development
2026-07-18 05:00:00+00:00,,,,,,,,True,2026-07-18 01:00:00-04:00,Saturday,Weekend,MSFT,RMSFTUSDT,Development
2026-07-18 06:00:00+00:00,1784354400000.0,394.22,394.22,393.89,393.89,0.056,22.06708,False,2026-07-18 02:00:00-04:00,Saturday,Weekend,MSFT,RMSFTUSDT,Development
2026-07-18 07:00:00+00:00,,,,,,,,True,2026-07-18 03:00:00-04:00,Saturday,Weekend,MSFT,RMSFTUSDT,Development
2026-07-18 08:00:00+00:00,1784361600000.0,394.22,394.22,394.22,394.22,0.2135,84.16597,False,2026-07-18 04:00:00-04:00,Saturday,Weekend,MSFT,RMSFTUSDT,Development
2026-07-18 09:00:00+00:00,1784365200000.0,393.72,393.72,393.72,393.72,0.0277,10.906044,False,2026-07-18 05:00:00-04:00,Saturday,Weekend,MSFT,RMSFTUSDT,Development
2026-07-18 10:00:00+00:00,,,,,,,,True,2026-07-18 06:00:00-04:00,Saturday,Weekend,MSFT,RMSFTUSDT,Development
2026-07-18 11:00:00+00:00,,,,,,,,True,2026-07-18 07:00:00-04:00,Saturday,Weekend,MSFT,RMSFTUSDT,Development
2026-07-18 12:00:00+00:00,,,,,,,,True,2026-07-18 08:00:00-04:00,Saturday,Weekend,MSFT,RMSFTUSDT,Development
2026-07-18 13:00:00+00:00,1784379600000.0,393.72,394.22,393.59,393.78,0.1727,68.00959,False,2026-07-18 09:00:00-04:00,Saturday,Weekend,MSFT,RMSFTUSDT,Development
2026-07-18 14:00:00+00:00,,,,,,,,True,2026-07-18 10:00:00-04:00,Saturday,Weekend,MSFT,RMSFTUSDT,Development
2026-07-18 15:00:00+00:00,1784386800000.0,394.22,394.75,394.22,394.25,3.1984,1261.90503,False,2026-07-18 11:00:00-04:00,Saturday,Weekend,MSFT,RMSFTUSDT,Development
2026-07-18 16:00:00+00:00,1784390400000.0,394.8,394.8,394.25,394.25,0.524,206.7311,False,2026-07-18 12:00:00-04:00,Saturday,Weekend,MSFT,RMSFTUSDT,Development
2026-07-18 17:00:00+00:00,1784394000000.0,394.89,394.89,394.89,394.89,0.086,33.96054,False,2026-07-18 13:00:00-04:00,Saturday,Weekend,MSFT,RMSFTUSDT,Development
2026-07-18 18:00:00+00:00,1784397600000.0,394.29,394.93,394.29,394.54,0.6841,270.023316,False,2026-07-18 14:00:00-04:00,Saturday,Weekend,MSFT,RMSFTUSDT,Development
2026-07-18 19:00:00+00:00,,,,,,,,True,2026-07-18 15:00:00-04:00,Saturday,Weekend,MSFT,RMSFTUSDT,Development
2026-07-18 20:00:00+00:00,,,,,,,,True,2026-07-18 16:00:00-04:00,Saturday,Weekend,MSFT,RMSFTUSDT,Development
2026-07-18 21:00:00+00:00,,,,,,,,True,2026-07-18 17:00:00-04:00,Saturday,Weekend,MSFT,RMSFTUSDT,Development
2026-07-18 22:00:00+00:00,,,,,,,,True,2026-07-18 18:00:00-04:00,Saturday,Weekend,MSFT,RMSFTUSDT,Development
2026-07-18 23:00:00+00:00,,,,,,,,True,2026-07-18 19:00:00-04:00,Saturday,Weekend,MSFT,RMSFTUSDT,Development
2026-07-19 00:00:00+00:00,,,,,,,,True,2026-07-18 20:00:00-04:00,Saturday,Weekend,MSFT,RMSFTUSDT,Development
2026-07-19 01:00:00+00:00,1784422800000.0,394.95,394.95,394.67,394.67,0.3155,124.569653,False,2026-07-18 21:00:00-04:00,Saturday,Weekend,MSFT,RMSFTUSDT,Development
2026-07-19 02:00:00+00:00,1784426400000.0,394.96,395.73,394.96,395.73,5.4996,2173.68188,False,2026-07-18 22:00:00-04:00,Saturday,Weekend,MSFT,RMSFTUSDT,Development
2026-07-19 03:00:00+00:00,,,,,,,,True,2026-07-18 23:00:00-04:00,Saturday,Weekend,MSFT,RMSFTUSDT,Development
2026-07-19 04:00:00+00:00,,,,,,,,True,2026-07-19 00:00:00-04:00,Sunday,Weekend,MSFT,RMSFTUSDT,Development
2026-07-19 05:00:00+00:00,1784437200000.0,395.76,395.84,395.76,395.84,1.0,395.8,False,2026-07-19 01:00:00-04:00,Sunday,Weekend,MSFT,RMSFTUSDT,Development
2026-07-19 06:00:00+00:00,1784440800000.0,396.02,396.05,396.02,396.05,1.0,396.035,False,2026-07-19 02:00:00-04:00,Sunday,Weekend,MSFT,RMSFTUSDT,Development
2026-07-19 07:00:00+00:00,1784444400000.0,395.73,395.73,395.73,395.73,0.0359,14.206707,False,2026-07-19 03:00:00-04:00,Sunday,Weekend,MSFT,RMSFTUSDT,Development
2026-07-19 08:00:00+00:00,,,,,,,,True,2026-07-19 04:00:00-04:00,Sunday,Weekend,MSFT,RMSFTUSDT,Development
2026-07-19 09:00:00+00:00,1784451600000.0,396.08,396.08,396.08,396.08,0.0504,19.962432,False,2026-07-19 05:00:00-04:00,Sunday,Weekend,MSFT,RMSFTUSDT,Development
2026-07-19 10:00:00+00:00,,,,,,,,True,2026-07-19 06:00:00-04:00,Sunday,Weekend,MSFT,RMSFTUSDT,Development
2026-07-19 11:00:00+00:00,,,,,,,,True,2026-07-19 07:00:00-04:00,Sunday,Weekend,MSFT,RMSFTUSDT,Development
2026-07-19 12:00:00+00:00,1784462400000.0,396.08,396.08,396.08,396.08,0.0656,25.982848,False,2026-07-19 08:00:00-04:00,Sunday,Weekend,MSFT,RMSFTUSDT,Development
2026-07-19 13:00:00+00:00,1784466000000.0,395.74,396.09,395.55,395.55,2.1761,861.098464,False,2026-07-19 09:00:00-04:00,Sunday,Weekend,MSFT,RMSFTUSDT,Development
2026-07-19 14:00:00+00:00,1784469600000.0,396.09,396.09,396.09,396.09,0.0555,21.982995,False,2026-07-19 10:00:00-04:00,Sunday,Weekend,MSFT,RMSFTUSDT,Development
2026-07-19 15:00:00+00:00,1784473200000.0,395.74,395.74,395.3,395.3,1.0272,406.23377,False,2026-07-19 11:00:00-04:00,Sunday,Weekend,MSFT,RMSFTUSDT,Development
2026-07-19 16:00:00+00:00,1784476800000.0,396.14,396.19,395.0,395.0,1.01,399.329612,False,2026-07-19 12:00:00-04:00,Sunday,Weekend,MSFT,RMSFTUSDT,Development
2026-07-19 17:00:00+00:00,1784480400000.0,396.19,396.19,395.89,395.89,7.015,2778.77797,False,2026-07-19 13:00:00-04:00,Sunday,Weekend,MSFT,RMSFTUSDT,Development
2026-07-19 18:00:00+00:00,1784484000000.0,395.89,395.95,395.62,395.62,2.3348,924.157235,False,2026-07-19 14:00:00-04:00,Sunday,Weekend,MSFT,RMSFTUSDT,Development
2026-07-19 19:00:00+00:00,1784487600000.0,396.28,396.28,396.28,396.28,0.0506,20.051768,False,2026-07-19 15:00:00-04:00,Sunday,Weekend,MSFT,RMSFTUSDT,Development
2026-07-19 20:00:00+00:00,,,,,,,,True,2026-07-19 16:00:00-04:00,Sunday,Weekend,MSFT,RMSFTUSDT,Development
2026-07-19 21:00:00+00:00,,,,,,,,True,2026-07-19 17:00:00-04:00,Sunday,Weekend,MSFT,RMSFTUSDT,Development
2026-07-19 22:00:00+00:00,,,,,,,,True,2026-07-19 18:00:00-04:00,Sunday,Weekend,MSFT,RMSFTUSDT,Development
2026-07-19 23:00:00+00:00,1784502000000.0,396.35,396.35,396.35,396.35,0.0504,19.97604,False,2026-07-19 19:00:00-04:00,Sunday,Weekend,MSFT,RMSFTUSDT,Development
2026-07-20 00:00:00+00:00,1784505600000.0,394.1,396.01,393.64,394.11,12007.0,4734533.36,False,2026-07-19 20:00:00-04:00,Sunday,Weekend,MSFT,RMSFTUSDT,Development
2026-07-20 01:00:00+00:00,1784509200000.0,393.99,394.4,393.38,393.69,6785.0,2672154.13,False,2026-07-19 21:00:00-04:00,Sunday,Weekend,MSFT,RMSFTUSDT,Development
2026-07-20 02:00:00+00:00,1784512800000.0,393.81,394.21,393.81,393.85,6142.0,2419996.73,False,2026-07-19 22:00:00-04:00,Sunday,Weekend,MSFT,RMSFTUSDT,Development
2026-07-20 03:00:00+00:00,1784516400000.0,393.87,394.68,393.74,394.58,5055.0,1992681.22,False,2026-07-19 23:00:00-04:00,Sunday,Weekend,MSFT,RMSFTUSDT,Development
2026-07-20 04:00:00+00:00,1784520000000.0,394.58,394.83,394.11,394.5,4386.0,1730209.64,False,2026-07-20 00:00:00-04:00,Monday,Overnight,MSFT,RMSFTUSDT,Development
2026-07-20 05:00:00+00:00,1784523600000.0,394.31,394.4,393.84,394.01,3812.0,1502281.67,False,2026-07-20 01:00:00-04:00,Monday,Overnight,MSFT,RMSFTUSDT,Development
2026-07-20 06:00:00+00:00,1784527200000.0,394.08,394.24,393.75,394.0,4258.0,1677851.57,False,2026-07-20 02:00:00-04:00,Monday,Overnight,MSFT,RMSFTUSDT,Development
2026-07-20 07:00:00+00:00,1784530800000.0,394.16,394.91,394.07,394.71,8643.0,3410215.49,False,2026-07-20 03:00:00-04:00,Monday,Overnight,MSFT,RMSFTUSDT,Development
2026-07-20 08:00:00+00:00,1784534400000.0,393.19,394.712,392.462,393.29,80844.94527800001,31855802.68857296,False,2026-07-20 04:00:00-04:00,Monday,Pre-Market,MSFT,RMSFTUSDT,Development
2026-07-20 09:00:00+00:00,1784538000000.0,393.265,393.265,392.38,392.491,21543.753602000004,8464502.01146932,False,2026-07-20 05:00:00-04:00,Monday,Pre-Market,MSFT,RMSFTUSDT,Development
2026-07-20 10:00:00+00:00,1784541600000.0,392.49,393.158,391.006,392.05,54664.550913,21436134.08351797,False,2026-07-20 06:00:00-04:00,Monday,Pre-Market,MSFT,RMSFTUSDT,Development
2026-07-20 11:00:00+00:00,1784545200000.0,391.17,392.114,390.521,391.41,86920.381062,34013031.61432388,False,2026-07-20 07:00:00-04:00,Monday,Pre-Market,MSFT,RMSFTUSDT,Development
2026-07-20 12:00:00+00:00,1784548800000.0,390.89,391.36,388.992,389.31,147257.015217,57440293.58876932,False,2026-07-20 08:00:00-04:00,Monday,Pre-Market,MSFT,RMSFTUSDT,Development
2026-07-20 13:00:00+00:00,1784552400000.0,389.36,392.9,388.639,391.0,3393638.290016,1328025006.0277233,False,2026-07-20 09:00:00-04:00,Monday,Transition,MSFT,RMSFTUSDT,Development
2026-07-20 14:00:00+00:00,1784556000000.0,390.955,396.26,390.17,395.86,3369399.9700029986,1326822536.5876007,False,2026-07-20 10:00:00-04:00,Monday,Regular,MSFT,RMSFTUSDT,Development
2026-07-20 15:00:00+00:00,1784559600000.0,395.9,399.17,395.545,398.94,2792431.549353,1109758372.8334465,False,2026-07-20 11:00:00-04:00,Monday,Regular,MSFT,RMSFTUSDT,Development
2026-07-20 16:00:00+00:00,1784563200000.0,398.98,403.16,398.81,401.42,3284508.534679,1318102507.092641,False,2026-07-20 12:00:00-04:00,Monday,Regular,MSFT,RMSFTUSDT,Development
2026-07-20 17:00:00+00:00,1784566800000.0,401.4,402.38,400.27,401.71,2285881.12313,917504222.1445715,False,2026-07-20 13:00:00-04:00,Monday,Regular,MSFT,RMSFTUSDT,Development
2026-07-20 18:00:00+00:00,1784570400000.0,401.72,402.35,399.88,400.528,3472591.838173,1393552972.104696,False,2026-07-20 14:00:00-04:00,Monday,Regular,MSFT,RMSFTUSDT,Development
2026-07-20 19:00:00+00:00,1784574000000.0,400.53,402.68,400.48,402.429,6048541.11069,2429397722.284081,False,2026-07-20 15:00:00-04:00,Monday,Regular,MSFT,RMSFTUSDT,Development
2026-07-20 20:00:00+00:00,1784577600000.0,401.87,402.654,400.187,400.48,5040690.520606,2028373361.4228024,False,2026-07-20 16:00:00-04:00,Monday,After-Hours,MSFT,RMSFTUSDT,Development
2026-07-20 21:00:00+00:00,1784581200000.0,400.5,401.407,400.39,401.15,181724.71108500005,72842151.56941815,False,2026-07-20 17:00:00-04:00,Monday,After-Hours,MSFT,RMSFTUSDT,Development
2026-07-20 22:00:00+00:00,1784584800000.0,400.26,401.2,399.51,399.78,31855.581481000005,12748864.92446435,False,2026-07-20 18:00:00-04:00,Monday,After-Hours,MSFT,RMSFTUSDT,Development
2026-07-20 23:00:00+00:00,1784588400000.0,400.48,401.493,399.803,401.04,27721.932625,11105020.87471151,False,2026-07-20 19:00:00-04:00,Monday,After-Hours,MSFT,RMSFTUSDT,Development
2026-07-21 00:00:00+00:00,1784592000000.0,401.62,401.76,400.61,401.47,5081.0,2038603.15,False,2026-07-20 20:00:00-04:00,Monday,Overnight,MSFT,RMSFTUSDT,Development
2026-07-21 01:00:00+00:00,1784595600000.0,401.4,401.84,401.19,401.19,3929.0,1577403.15,False,2026-07-20 21:00:00-04:00,Monday,Overnight,MSFT,RMSFTUSDT,Development
2026-07-21 02:00:00+00:00,1784599200000.0,401.23,401.75,401.03,401.51,6979.0,2801932.41,False,2026-07-20 22:00:00-04:00,Monday,Overnight,MSFT,RMSFTUSDT,Development
2026-07-21 03:00:00+00:00,1784602800000.0,401.56,401.7,401.04,401.45,5405.0,2169648.84,False,2026-07-20 23:00:00-04:00,Monday,Overnight,MSFT,RMSFTUSDT,Development
2026-07-21 04:00:00+00:00,1784606400000.0,401.46,401.67,400.72,400.9,6906.0,2770643.71,False,2026-07-21 00:00:00-04:00,Tuesday,Overnight,MSFT,RMSFTUSDT,Development
2026-07-21 05:00:00+00:00,1784610000000.0,400.88,400.88,399.9,400.56,8287.0,3316827.94,False,2026-07-21 01:00:00-04:00,Tuesday,Overnight,MSFT,RMSFTUSDT,Development
2026-07-21 06:00:00+00:00,1784613600000.0,400.56,400.8,399.99,400.3,6557.0,2624995.77,False,2026-07-21 02:00:00-04:00,Tuesday,Overnight,MSFT,RMSFTUSDT,Development
2026-07-21 07:00:00+00:00,1784617200000.0,400.3,400.39,399.29,399.57,13543.0,5414960.99,False,2026-07-21 03:00:00-04:00,Tuesday,Overnight,MSFT,RMSFTUSDT,Development
2026-07-21 08:00:00+00:00,1784620800000.0,398.24,400.838,398.125,399.31,101702.621212,40609653.24470918,False,2026-07-21 04:00:00-04:00,Tuesday,Pre-Market,MSFT,RMSFTUSDT,Development
2026-07-21 09:00:00+00:00,1784624400000.0,399.5,399.72,398.85,399.06,22155.154905,8847040.76697441,False,2026-07-21 05:00:00-04:00,Tuesday,Pre-Market,MSFT,RMSFTUSDT,Development
2026-07-21 10:00:00+00:00,1784628000000.0,398.37,399.84,398.37,399.84,39365.805497,15714526.43770007,False,2026-07-21 06:00:00-04:00,Tuesday,Pre-Market,MSFT,RMSFTUSDT,Development
2026-07-21 11:00:00+00:00,1784631600000.0,398.51,399.228,397.186,397.96,101688.516808,40472609.3141298,False,2026-07-21 07:00:00-04:00,Tuesday,Pre-Market,MSFT,RMSFTUSDT,Development
2026-07-21 12:00:00+00:00,1784635200000.0,398.08,398.4,397.773,398.31,73226.68638799999,29155227.15338811,False,2026-07-21 08:00:00-04:00,Tuesday,Pre-Market,MSFT,RMSFTUSDT,Development
2026-07-21 13:00:00+00:00,1784638800000.0,398.32,401.44,396.36,400.005,3346505.241688001,1336120663.0384889,False,2026-07-21 09:00:00-04:00,Tuesday,Transition,MSFT,RMSFTUSDT,Development
2026-07-21 14:00:00+00:00,1784642400000.0,400.005,401.34,398.33,399.325,4587614.69656,1835862600.6161208,False,2026-07-21 10:00:00-04:00,Tuesday,Regular,MSFT,RMSFTUSDT,Development
2026-07-21 15:00:00+00:00,1784646000000.0,399.34,400.015,398.085,398.57,2900019.970897,1157165678.7853236,False,2026-07-21 11:00:00-04:00,Tuesday,Regular,MSFT,RMSFTUSDT,Development
2026-07-21 16:00:00+00:00,1784649600000.0,398.535,399.36,397.44,398.64,1951496.55417,777224874.4251509,False,2026-07-21 12:00:00-04:00,Tuesday,Regular,MSFT,RMSFTUSDT,Development
2026-07-21 17:00:00+00:00,1784653200000.0,398.61,399.61,398.05,399.2,1509613.294619,602196669.1685466,False,2026-07-21 13:00:00-04:00,Tuesday,Regular,MSFT,RMSFTUSDT,Development
2026-07-21 18:00:00+00:00,1784656800000.0,399.16,399.205,397.99,398.22,1383192.5228680004,551165150.8032852,False,2026-07-21 14:00:00-04:00,Tuesday,Regular,MSFT,RMSFTUSDT,Development
2026-07-21 19:00:00+00:00,1784660400000.0,398.15,399.64,397.39,397.575,3062502.5219049994,1220096717.223421,False,2026-07-21 15:00:00-04:00,Tuesday,Regular,MSFT,RMSFTUSDT,Development
2026-07-21 20:00:00+00:00,1784664000000.0,397.73,397.8,396.75,396.79,6141730.191345999,2442290947.5857315,False,2026-07-21 16:00:00-04:00,Tuesday,After-Hours,MSFT,RMSFTUSDT,Development
2026-07-21 21:00:00+00:00,1784667600000.0,396.91,397.291,396.481,396.66,71413.59834400001,28333373.70842134,False,2026-07-21 17:00:00-04:00,Tuesday,After-Hours,MSFT,RMSFTUSDT,Development
2026-07-21 22:00:00+00:00,1784671200000.0,396.92,396.92,395.756,396.176,93764.504408,37162194.03343914,False,2026-07-21 18:00:00-04:00,Tuesday,After-Hours,MSFT,RMSFTUSDT,Development
2026-07-21 23:00:00+00:00,1784674800000.0,396.24,396.34,395.69,396.05,38052.997999,15071004.01649795,False,2026-07-21 19:00:00-04:00,Tuesday,After-Hours,MSFT,RMSFTUSDT,Development
2026-07-22 00:00:00+00:00,1784678400000.0,396.15,396.52,395.49,396.2,7498.0,2968031.38,False,2026-07-21 20:00:00-04:00,Tuesday,Overnight,MSFT,RMSFTUSDT,Development
2026-07-22 01:00:00+00:00,1784682000000.0,396.26,396.56,395.94,396.39,4566.0,1808734.4,False,2026-07-21 21:00:00-04:00,Tuesday,Overnight,MSFT,RMSFTUSDT,Development
2026-07-22 02:00:00+00:00,1784685600000.0,396.36,396.9,396.2,396.88,5361.0,2125783.16,False,2026-07-21 22:00:00-04:00,Tuesday,Overnight,MSFT,RMSFTUSDT,Development
2026-07-22 03:00:00+00:00,1784689200000.0,396.84,397.21,396.82,397.09,3535.0,1403390.02,False,2026-07-21 23:00:00-04:00,Tuesday,Overnight,MSFT,RMSFTUSDT,Development
2026-07-22 04:00:00+00:00,1784692800000.0,397.09,397.95,397.07,397.94,4903.0,1949122.1,False,2026-07-22 00:00:00-04:00,Wednesday,Overnight,MSFT,RMSFTUSDT,Development
2026-07-22 05:00:00+00:00,1784696400000.0,397.81,399.8,397.81,399.49,16896.0,6741710.65,False,2026-07-22 01:00:00-04:00,Wednesday,Overnight,MSFT,RMSFTUSDT,Development
2026-07-22 06:00:00+00:00,1784700000000.0,399.5,400.0,398.01,398.54,13064.0,5213464.56,False,2026-07-22 02:00:00-04:00,Wednesday,Overnight,MSFT,RMSFTUSDT,Development
2026-07-22 07:00:00+00:00,1784703600000.0,398.61,398.98,397.9,398.94,17765.0,7077359.79,False,2026-07-22 03:00:00-04:00,Wednesday,Overnight,MSFT,RMSFTUSDT,Development
2026-07-22 08:00:00+00:00,1784707200000.0,396.599,399.852,396.599,398.629,147978.806136,59056813.38381144,False,2026-07-22 04:00:00-04:00,Wednesday,Pre-Market,MSFT,RMSFTUSDT,Development
2026-07-22 09:00:00+00:00,1784710800000.0,398.42,399.227,398.125,398.86,22917.625586999995,9136601.87744511,False,2026-07-22 05:00:00-04:00,Wednesday,Pre-Market,MSFT,RMSFTUSDT,Development
2026-07-22 10:00:00+00:00,1784714400000.0,398.68,399.529,398.68,399.1,16893.448302999997,6742945.55896992,False,2026-07-22 06:00:00-04:00,Wednesday,Pre-Market,MSFT,RMSFTUSDT,Development
2026-07-22 11:00:00+00:00,1784718000000.0,398.82,399.457,398.624,398.92,45528.414624,18167453.69369515,False,2026-07-22 07:00:00-04:00,Wednesday,Pre-Market,MSFT,RMSFTUSDT,Development
2026-07-22 12:00:00+00:00,1784721600000.0,399.1,400.069,398.794,399.29,62725.10212999999,25053152.21943734,False,2026-07-22 08:00:00-04:00,Wednesday,Pre-Market,MSFT,RMSFTUSDT,Development
2026-07-22 13:00:00+00:00,1784725200000.0,399.7,401.0,390.78,391.71,3085512.228782,1215617148.7441714,False,2026-07-22 09:00:00-04:00,Wednesday,Transition,MSFT,RMSFTUSDT,Development
2026-07-22 14:00:00+00:00,1784728800000.0,391.515,393.01,388.235,389.56,3811829.175852999,1487217172.3241248,False,2026-07-22 10:00:00-04:00,Wednesday,Regular,MSFT,RMSFTUSDT,Development
2026-07-22 15:00:00+00:00,1784732400000.0,389.565,390.09,388.12,389.49,2561413.721875,996773637.584912,False,2026-07-22 11:00:00-04:00,Wednesday,Regular,MSFT,RMSFTUSDT,Development
2026-07-22 16:00:00+00:00,1784736000000.0,389.495,389.61,388.22,389.45,2420111.2068349994,940919634.3166724,False,2026-07-22 12:00:00-04:00,Wednesday,Regular,MSFT,RMSFTUSDT,Development
2026-07-22 17:00:00+00:00,1784739600000.0,389.446,389.446,387.125,387.164,2850827.121303,1106142599.5407355,False,2026-07-22 13:00:00-04:00,Wednesday,Regular,MSFT,RMSFTUSDT,Development
2026-07-22 18:00:00+00:00,1784743200000.0,387.18,388.875,386.97,388.795,1927584.201053,747930041.7042187,False,2026-07-22 14:00:00-04:00,Wednesday,Regular,MSFT,RMSFTUSDT,Development
2026-07-22 19:00:00+00:00,1784746800000.0,388.765,390.84,388.305,390.28,5020680.857616999,1956244031.455486,False,2026-07-22 15:00:00-04:00,Wednesday,Regular,MSFT,RMSFTUSDT,Development
2026-07-22 20:00:00+00:00,1784750400000.0,390.29,391.44,389.341,390.34,6625707.183504,2586500503.199599,False,2026-07-22 16:00:00-04:00,Wednesday,After-Hours,MSFT,RMSFTUSDT,Development
2026-07-22 21:00:00+00:00,1784754000000.0,387.21,390.552,386.27,386.85,234281.743688,90787479.051686,False,2026-07-22 17:00:00-04:00,Wednesday,After-Hours,MSFT,RMSFTUSDT,Development
2026-07-22 22:00:00+00:00,1784757600000.0,386.99,387.87,386.99,387.75,55496.25881199999,21501831.23980355,False,2026-07-22 18:00:00-04:00,Wednesday,After-Hours,MSFT,RMSFTUSDT,Development
2026-07-22 23:00:00+00:00,1784761200000.0,387.29,388.28,386.84,388.21,41794.160839,16203403.90414044,False,2026-07-22 19:00:00-04:00,Wednesday,After-Hours,MSFT,RMSFTUSDT,Development
2026-07-23 00:00:00+00:00,1784764800000.0,388.17,389.7,388.16,389.59,8648.0,3364964.2,False,2026-07-22 20:00:00-04:00,Wednesday,Overnight,MSFT,RMSFTUSDT,Development
2026-07-23 01:00:00+00:00,1784768400000.0,389.54,389.61,388.7,389.3,7846.0,3053387.69,False,2026-07-22 21:00:00-04:00,Wednesday,Overnight,MSFT,RMSFTUSDT,Development
2026-07-23 02:00:00+00:00,1784772000000.0,389.45,389.45,388.74,389.07,7273.0,2829602.29,False,2026-07-22 22:00:00-04:00,Wednesday,Overnight,MSFT,RMSFTUSDT,Development
2026-07-23 03:00:00+00:00,1784775600000.0,389.11,389.16,388.21,388.65,2836.0,1101923.9,False,2026-07-22 23:00:00-04:00,Wednesday,Overnight,MSFT,RMSFTUSDT,Development
2026-07-23 04:00:00+00:00,1784779200000.0,388.6,389.0,388.34,388.8,3805.0,1479498.17,False,2026-07-23 00:00:00-04:00,Thursday,Overnight,MSFT,RMSFTUSDT,Development
2026-07-23 05:00:00+00:00,1784782800000.0,388.82,389.25,388.55,388.84,3151.0,1225501.89,False,2026-07-23 01:00:00-04:00,Thursday,Overnight,MSFT,RMSFTUSDT,Development
2026-07-23 06:00:00+00:00,1784786400000.0,388.84,388.98,388.1,388.25,5481.0,2129662.39,False,2026-07-23 02:00:00-04:00,Thursday,Overnight,MSFT,RMSFTUSDT,Development
2026-07-23 07:00:00+00:00,1784790000000.0,388.42,388.51,386.03,387.26,16689.0,6460553.79,False,2026-07-23 03:00:00-04:00,Thursday,Overnight,MSFT,RMSFTUSDT,Development
2026-07-23 08:00:00+00:00,1784793600000.0,387.3,388.145,385.99,385.99,92942.38500599998,35966370.14345834,False,2026-07-23 04:00:00-04:00,Thursday,Pre-Market,MSFT,RMSFTUSDT,Development
2026-07-23 09:00:00+00:00,1784797200000.0,386.59,386.799,385.75,386.5,30608.24765,11826068.85380856,False,2026-07-23 05:00:00-04:00,Thursday,Pre-Market,MSFT,RMSFTUSDT,Development
2026-07-23 10:00:00+00:00,1784800800000.0,386.37,390.611,385.38,389.68,165372.035181,64113580.43542743,False,2026-07-23 06:00:00-04:00,Thursday,Pre-Market,MSFT,RMSFTUSDT,Development
2026-07-23 11:00:00+00:00,1784804400000.0,388.32,391.0,388.085,388.28,129900.640373,50572956.28020847,False,2026-07-23 07:00:00-04:00,Thursday,Pre-Market,MSFT,RMSFTUSDT,Development
2026-07-23 12:00:00+00:00,1784808000000.0,388.79,389.606,386.99,387.74,132994.998547,51586060.1379108,False,2026-07-23 08:00:00-04:00,Thursday,Pre-Market,MSFT,RMSFTUSDT,Development
2026-07-23 13:00:00+00:00,1784811600000.0,388.48,391.73,387.235,388.325,3819955.41228,1486384760.449977,False,2026-07-23 09:00:00-04:00,Thursday,Transition,MSFT,RMSFTUSDT,Development
2026-07-23 14:00:00+00:00,1784815200000.0,379.285,379.285,379.285,379.285,6825723.033917,2613574469.000344,False,2026-07-23 10:00:00-04:00,Thursday,Regular,MSFT,RMSFTUSDT,Development
2026-07-23 15:00:00+00:00,1784818800000.0,379.26,379.79,377.39,379.6,4456928.049759,1686969105.7812252,False,2026-07-23 11:00:00-04:00,Thursday,Regular,MSFT,RMSFTUSDT,Development
2026-07-23 16:00:00+00:00,1784822400000.0,379.6,381.38,379.53,381.335,2160705.612661999,822145676.7005941,False,2026-07-23 12:00:00-04:00,Thursday,Regular,MSFT,RMSFTUSDT,Development
2026-07-23 17:00:00+00:00,1784826000000.0,381.34,382.14,380.685,380.955,1513557.078443,577080869.6605234,False,2026-07-23 13:00:00-04:00,Thursday,Regular,MSFT,RMSFTUSDT,Development
2026-07-23 18:00:00+00:00,1784829600000.0,380.94,382.2,380.77,381.92,1788083.321469,682041316.6995031,False,2026-07-23 14:00:00-04:00,Thursday,Regular,MSFT,RMSFTUSDT,Development
2026-07-23 19:00:00+00:00,1784833200000.0,382.01,382.44,379.44,381.55,4688252.570427,1786634451.4325993,False,2026-07-23 15:00:00-04:00,Thursday,Regular,MSFT,RMSFTUSDT,Development
2026-07-23 20:00:00+00:00,1784836800000.0,381.565,382.31,380.42,382.232,6862125.552788,2616730740.1991663,False,2026-07-23 16:00:00-04:00,Thursday,After-Hours,MSFT,RMSFTUSDT,Development
2026-07-23 21:00:00+00:00,1784840400000.0,382.41,383.04,382.225,382.78,35387.453812,13538638.2417564,False,2026-07-23 17:00:00-04:00,Thursday,After-Hours,MSFT,RMSFTUSDT,Development
2026-07-23 22:00:00+00:00,1784844000000.0,382.39,383.415,382.225,382.39,53043.16055400002,20302168.92003846,False,2026-07-23 18:00:00-04:00,Thursday,After-Hours,MSFT,RMSFTUSDT,Development
2026-07-23 23:00:00+00:00,1784847600000.0,383.04,383.393,382.233,383.04,27015.320866,10339692.62245599,False,2026-07-23 19:00:00-04:00,Thursday,After-Hours,MSFT,RMSFTUSDT,Development
2026-07-24 00:00:00+00:00,1784851200000.0,382.44,383.38,381.97,383.05,3483.0,1332712.64,False,2026-07-23 20:00:00-04:00,Thursday,Overnight,MSFT,RMSFTUSDT,Development
2026-07-24 01:00:00+00:00,1784854800000.0,383.28,383.28,382.23,382.32,4266.0,1632699.9,False,2026-07-23 21:00:00-04:00,Thursday,Overnight,MSFT,RMSFTUSDT,Development
2026-07-24 02:00:00+00:00,1784858400000.0,382.32,382.69,381.73,382.13,4161.0,1590027.98,False,2026-07-23 22:00:00-04:00,Thursday,Overnight,MSFT,RMSFTUSDT,Development
2026-07-24 03:00:00+00:00,1784862000000.0,382.11,382.18,381.33,381.39,4093.0,1562521.35,False,2026-07-23 23:00:00-04:00,Thursday,Overnight,MSFT,RMSFTUSDT,Development
2026-07-24 04:00:00+00:00,1784865600000.0,381.36,382.77,381.17,382.54,6970.0,2663580.68,False,2026-07-24 00:00:00-04:00,Friday,Overnight,MSFT,RMSFTUSDT,Development
2026-07-24 05:00:00+00:00,1784869200000.0,382.52,382.63,381.91,381.91,3513.0,1342810.81,False,2026-07-24 01:00:00-04:00,Friday,Overnight,MSFT,RMSFTUSDT,Development
2026-07-24 06:00:00+00:00,1784872800000.0,381.9,382.18,381.56,382.18,5768.0,2202583.39,False,2026-07-24 02:00:00-04:00,Friday,Overnight,MSFT,RMSFTUSDT,Development
2026-07-24 07:00:00+00:00,1784876400000.0,382.21,384.56,382.21,384.19,15356.0,5891547.84,False,2026-07-24 03:00:00-04:00,Friday,Overnight,MSFT,RMSFTUSDT,Development
2026-07-24 08:00:00+00:00,1784880000000.0,385.39,385.749,382.39,385.09,95228.871648,36560430.29218196,False,2026-07-24 04:00:00-04:00,Friday,Pre-Market,MSFT,RMSFTUSDT,Development
2026-07-24 09:00:00+00:00,1784883600000.0,385.58,386.53,385.375,385.97,22897.604363,8835633.69141655,False,2026-07-24 05:00:00-04:00,Friday,Pre-Market,MSFT,RMSFTUSDT,Development
2026-07-24 10:00:00+00:00,1784887200000.0,385.22,385.825,385.17,385.34,24050.982007,9271033.04836272,False,2026-07-24 06:00:00-04:00,Friday,Pre-Market,MSFT,RMSFTUSDT,Development
2026-07-24 11:00:00+00:00,1784890800000.0,385.31,386.314,385.25,386.08,47284.254074,18244823.2998946,False,2026-07-24 07:00:00-04:00,Friday,Pre-Market,MSFT,RMSFTUSDT,Development
2026-07-24 12:00:00+00:00,1784894400000.0,385.79,386.5,385.657,385.75,59527.189464,22982007.29406537,False,2026-07-24 08:00:00-04:00,Friday,Pre-Market,MSFT,RMSFTUSDT,Development
2026-07-24 13:00:00+00:00,1784898000000.0,385.57,388.99,380.76,381.25,5168234.695695001,1984585067.9723845,False,2026-07-24 09:00:00-04:00,Friday,Transition,MSFT,RMSFTUSDT,Development
2026-07-24 14:00:00+00:00,1784901600000.0,381.25,384.47,380.81,384.2,3934806.8956729993,1505332384.905897,False,2026-07-24 10:00:00-04:00,Friday,Regular,MSFT,RMSFTUSDT,Development
2026-07-24 15:00:00+00:00,1784905200000.0,384.2,386.03,383.505,383.9,2910196.293059,1119375282.9855497,False,2026-07-24 11:00:00-04:00,Friday,Regular,MSFT,RMSFTUSDT,Development
2026-07-24 16:00:00+00:00,1784908800000.0,383.905,385.3,383.885,383.96,1541684.0617279997,592804192.8686837,False,2026-07-24 12:00:00-04:00,Friday,Regular,MSFT,RMSFTUSDT,Development
2026-07-24 17:00:00+00:00,1784912400000.0,383.99,384.91,383.64,384.73,1828599.8454270004,702617547.4071797,False,2026-07-24 13:00:00-04:00,Friday,Regular,MSFT,RMSFTUSDT,Development
2026-07-24 18:00:00+00:00,1784916000000.0,384.705,384.94,383.675,384.58,1680907.1186580006,646212975.4182377,False,2026-07-24 14:00:00-04:00,Friday,Regular,MSFT,RMSFTUSDT,Development
2026-07-24 19:00:00+00:00,1784919600000.0,384.59,384.79,381.42,381.8,4517225.674606999,1730194553.7264843,False,2026-07-24 15:00:00-04:00,Friday,Regular,MSFT,RMSFTUSDT,Development
2026-07-24 20:00:00+00:00,1784923200000.0,381.8,382.169,380.827,381.71,5713866.682145997,2180875491.8815026,False,2026-07-24 16:00:00-04:00,Friday,After-Hours,MSFT,RMSFTUSDT,Development
2026-07-24 21:00:00+00:00,1784926800000.0,381.89,381.949,381.082,381.89,72824.108372,27796328.59584956,False,2026-07-24 17:00:00-04:00,Friday,After-Hours,MSFT,RMSFTUSDT,Development
2026-07-24 22:00:00+00:00,1784930400000.0,381.6,381.878,381.6,381.6,22822.143245,8711333.0339757,False,2026-07-24 18:00:00-04:00,Friday,After-Hours,MSFT,RMSFTUSDT,Development
2026-07-24 23:00:00+00:00,1784934000000.0,381.675,381.68,381.28,381.375,31039.095418,11843258.720031468,False,2026-07-24 19:00:00-04:00,Friday,After-Hours,MSFT,RMSFTUSDT,Development
2026-07-25 00:00:00+00:00,,,,,,,,True,2026-07-24 20:00:00-04:00,Friday,Overnight,MSFT,RMSFTUSDT,Development
2026-07-25 01:00:00+00:00,1784941200000.0,381.48,381.48,381.48,381.48,0.0524,19.989552,False,2026-07-24 21:00:00-04:00,Friday,Overnight,MSFT,RMSFTUSDT,Development
2026-07-25 02:00:00+00:00,,,,,,,,True,2026-07-24 22:00:00-04:00,Friday,Overnight,MSFT,RMSFTUSDT,Development
2026-07-25 03:00:00+00:00,,,,,,,,True,2026-07-24 23:00:00-04:00,Friday,Overnight,MSFT,RMSFTUSDT,Development
2026-07-25 04:00:00+00:00,,,,,,,,True,2026-07-25 00:00:00-04:00,Saturday,Weekend,MSFT,RMSFTUSDT,Development
2026-07-25 05:00:00+00:00,,,,,,,,True,2026-07-25 01:00:00-04:00,Saturday,Weekend,MSFT,RMSFTUSDT,Development
2026-07-25 06:00:00+00:00,,,,,,,,True,2026-07-25 02:00:00-04:00,Saturday,Weekend,MSFT,RMSFTUSDT,Development
2026-07-25 07:00:00+00:00,,,,,,,,True,2026-07-25 03:00:00-04:00,Saturday,Weekend,MSFT,RMSFTUSDT,Development
2026-07-25 08:00:00+00:00,1784966400000.0,381.14,381.14,381.04,381.04,0.2311,88.062724,False,2026-07-25 04:00:00-04:00,Saturday,Weekend,MSFT,RMSFTUSDT,Development
2026-07-25 09:00:00+00:00,,,,,,,,True,2026-07-25 05:00:00-04:00,Saturday,Weekend,MSFT,RMSFTUSDT,Development
2026-07-25 10:00:00+00:00,,,,,,,,True,2026-07-25 06:00:00-04:00,Saturday,Weekend,MSFT,RMSFTUSDT,Development
2026-07-25 11:00:00+00:00,,,,,,,,True,2026-07-25 07:00:00-04:00,Saturday,Weekend,MSFT,RMSFTUSDT,Development
2026-07-25 12:00:00+00:00,,,,,,,,True,2026-07-25 08:00:00-04:00,Saturday,Weekend,MSFT,RMSFTUSDT,Development
2026-07-25 13:00:00+00:00,1784984400000.0,381.0,381.14,381.0,381.14,0.2979,113.505925,False,2026-07-25 09:00:00-04:00,Saturday,Weekend,MSFT,RMSFTUSDT,Development
2026-07-25 14:00:00+00:00,,,,,,,,True,2026-07-25 10:00:00-04:00,Saturday,Weekend,MSFT,RMSFTUSDT,Development
2026-07-25 15:00:00+00:00,1784991600000.0,380.9,380.9,380.9,380.9,0.2651,100.97659,False,2026-07-25 11:00:00-04:00,Saturday,Weekend,MSFT,RMSFTUSDT,Development
2026-07-25 16:00:00+00:00,1784995200000.0,380.98,381.05,380.98,381.05,0.1111,42.328558,False,2026-07-25 12:00:00-04:00,Saturday,Weekend,MSFT,RMSFTUSDT,Development
2026-07-25 17:00:00+00:00,,,,,,,,True,2026-07-25 13:00:00-04:00,Saturday,Weekend,MSFT,RMSFTUSDT,Development
2026-07-25 18:00:00+00:00,1785002400000.0,381.01,381.71,380.96,381.71,0.4573,174.440023,False,2026-07-25 14:00:00-04:00,Saturday,Weekend,MSFT,RMSFTUSDT,Development
2026-07-25 19:00:00+00:00,1785006000000.0,381.55,381.55,380.89,380.89,0.5906,225.0476,False,2026-07-25 15:00:00-04:00,Saturday,Weekend,MSFT,RMSFTUSDT,Development
2026-07-25 20:00:00+00:00,,,,,,,,True,2026-07-25 16:00:00-04:00,Saturday,Weekend,MSFT,RMSFTUSDT,Development
2026-07-25 21:00:00+00:00,,,,,,,,True,2026-07-25 17:00:00-04:00,Saturday,Weekend,MSFT,RMSFTUSDT,Development
2026-07-25 22:00:00+00:00,,,,,,,,True,2026-07-25 18:00:00-04:00,Saturday,Weekend,MSFT,RMSFTUSDT,Development
2026-07-25 23:00:00+00:00,,,,,,,,True,2026-07-25 19:00:00-04:00,Saturday,Weekend,MSFT,RMSFTUSDT,Development
2026-07-26 00:00:00+00:00,1785024000000.0,380.71,380.71,380.71,380.71,0.3293,125.367803,False,2026-07-25 20:00:00-04:00,Saturday,Weekend,MSFT,RMSFTUSDT,Development
2026-07-26 01:00:00+00:00,1785027600000.0,381.06,381.06,381.06,381.06,0.0524,19.967544,False,2026-07-25 21:00:00-04:00,Saturday,Weekend,MSFT,RMSFTUSDT,Development
2026-07-26 02:00:00+00:00,1785031200000.0,380.64,380.64,380.64,380.64,0.3889,148.030896,False,2026-07-25 22:00:00-04:00,Saturday,Weekend,MSFT,RMSFTUSDT,Development
2026-07-26 03:00:00+00:00,,,,,,,,True,2026-07-25 23:00:00-04:00,Saturday,Weekend,MSFT,RMSFTUSDT,Development
2026-07-26 04:00:00+00:00,,,,,,,,True,2026-07-26 00:00:00-04:00,Sunday,Weekend,MSFT,RMSFTUSDT,Development
2026-07-26 05:00:00+00:00,,,,,,,,True,2026-07-26 01:00:00-04:00,Sunday,Weekend,MSFT,RMSFTUSDT,Development
2026-07-26 06:00:00+00:00,,,,,,,,True,2026-07-26 02:00:00-04:00,Sunday,Weekend,MSFT,RMSFTUSDT,Development
2026-07-26 07:00:00+00:00,1785049200000.0,380.61,380.68,380.58,380.68,8.0269,3054.888173,False,2026-07-26 03:00:00-04:00,Sunday,Weekend,MSFT,RMSFTUSDT,Development
2026-07-26 08:00:00+00:00,1785052800000.0,380.68,380.68,380.4,380.68,0.7171,272.97608,False,2026-07-26 04:00:00-04:00,Sunday,Weekend,MSFT,RMSFTUSDT,Development
2026-07-26 09:00:00+00:00,1785056400000.0,380.66,380.66,380.33,380.33,1.2133,461.568517,False,2026-07-26 05:00:00-04:00,Sunday,Weekend,MSFT,RMSFTUSDT,Development
2026-07-26 10:00:00+00:00,1785060000000.0,380.46,380.46,380.46,380.46,0.2759,104.968914,False,2026-07-26 06:00:00-04:00,Sunday,Weekend,MSFT,RMSFTUSDT,Development
2026-07-26 11:00:00+00:00,,,,,,,,True,2026-07-26 07:00:00-04:00,Sunday,Weekend,MSFT,RMSFTUSDT,Development
2026-07-26 12:00:00+00:00,1785067200000.0,380.25,380.25,380.25,380.25,0.1311,49.850775,False,2026-07-26 08:00:00-04:00,Sunday,Weekend,MSFT,RMSFTUSDT,Development
2026-07-26 13:00:00+00:00,1785070800000.0,380.23,380.34,380.23,380.34,0.1311,49.858658,False,2026-07-26 09:00:00-04:00,Sunday,Weekend,MSFT,RMSFTUSDT,Development
2026-07-26 14:00:00+00:00,1785074400000.0,380.34,380.34,380.34,380.34,0.0265,10.07901,False,2026-07-26 10:00:00-04:00,Sunday,Weekend,MSFT,RMSFTUSDT,Development
2026-07-26 15:00:00+00:00,1785078000000.0,380.4,380.45,380.4,380.45,1.2817,487.561965,False,2026-07-26 11:00:00-04:00,Sunday,Weekend,MSFT,RMSFTUSDT,Development
2026-07-26 16:00:00+00:00,,,,,,,,True,2026-07-26 12:00:00-04:00,Sunday,Weekend,MSFT,RMSFTUSDT,Development
2026-07-26 17:00:00+00:00,,,,,,,,True,2026-07-26 13:00:00-04:00,Sunday,Weekend,MSFT,RMSFTUSDT,Development
2026-07-26 18:00:00+00:00,1785088800000.0,380.66,380.72,380.66,380.72,0.9759,371.51142,False,2026-07-26 14:00:00-04:00,Sunday,Weekend,MSFT,RMSFTUSDT,Development
2026-07-26 19:00:00+00:00,,,,,,,,True,2026-07-26 15:00:00-04:00,Sunday,Weekend,MSFT,RMSFTUSDT,Development
2026-07-26 20:00:00+00:00,,,,,,,,True,2026-07-26 16:00:00-04:00,Sunday,Weekend,MSFT,RMSFTUSDT,Development
2026-07-26 21:00:00+00:00,,,,,,,,True,2026-07-26 17:00:00-04:00,Sunday,Weekend,MSFT,RMSFTUSDT,Development
2026-07-26 22:00:00+00:00,,,,,,,,True,2026-07-26 18:00:00-04:00,Sunday,Weekend,MSFT,RMSFTUSDT,Development
2026-07-26 23:00:00+00:00,1785106800000.0,380.72,380.72,380.72,380.72,0.0525,19.9878,False,2026-07-26 19:00:00-04:00,Sunday,Weekend,MSFT,RMSFTUSDT,Development
2026-07-27 00:00:00+00:00,1785110400000.0,382.0,385.53,382.0,384.31,27648.0,10635006.14,False,2026-07-26 20:00:00-04:00,Sunday,Weekend,MSFT,RMSFTUSDT,Development
2026-07-27 01:00:00+00:00,1785114000000.0,384.09,384.99,383.25,384.44,16970.0,6515667.29,False,2026-07-26 21:00:00-04:00,Sunday,Weekend,MSFT,RMSFTUSDT,Development
2026-07-27 02:00:00+00:00,1785117600000.0,384.51,384.94,384.29,384.83,4559.0,1753471.12,False,2026-07-26 22:00:00-04:00,Sunday,Weekend,MSFT,RMSFTUSDT,Development
2026-07-27 03:00:00+00:00,1785121200000.0,384.84,384.86,384.19,384.41,5294.0,2035716.73,False,2026-07-26 23:00:00-04:00,Sunday,Weekend,MSFT,RMSFTUSDT,Development
2026-07-27 04:00:00+00:00,1785124800000.0,384.39,384.7,384.31,384.49,3407.0,1310259.19,False,2026-07-27 00:00:00-04:00,Monday,Overnight,MSFT,RMSFTUSDT,Development
2026-07-27 05:00:00+00:00,1785128400000.0,384.54,385.32,384.21,385.01,7528.0,2897281.35,False,2026-07-27 01:00:00-04:00,Monday,Overnight,MSFT,RMSFTUSDT,Development
2026-07-27 06:00:00+00:00,1785132000000.0,385.0,385.32,384.01,384.29,11049.0,4251319.74,False,2026-07-27 02:00:00-04:00,Monday,Overnight,MSFT,RMSFTUSDT,Development
2026-07-27 07:00:00+00:00,1785135600000.0,384.11,384.95,383.5,384.69,12328.0,4738143.17,False,2026-07-27 03:00:00-04:00,Monday,Overnight,MSFT,RMSFTUSDT,Development
2026-07-27 08:00:00+00:00,1785139200000.0,381.934,386.249,381.934,385.831,130390.594965,50253573.64468778,False,2026-07-27 04:00:00-04:00,Monday,Pre-Market,MSFT,RMSFTUSDT,Development
2026-07-27 09:00:00+00:00,1785142800000.0,385.93,386.045,385.139,385.78,20622.022707,7955229.84313861,False,2026-07-27 05:00:00-04:00,Monday,Pre-Market,MSFT,RMSFTUSDT,Development
2026-07-27 10:00:00+00:00,1785146400000.0,385.88,386.29,385.49,386.05,26693.787805000004,10301978.90702292,False,2026-07-27 06:00:00-04:00,Monday,Pre-Market,MSFT,RMSFTUSDT,Development
2026-07-27 11:00:00+00:00,1785150000000.0,387.24,387.52,386.092,387.08,105285.408882,40735514.29473554,False,2026-07-27 07:00:00-04:00,Monday,Pre-Market,MSFT,RMSFTUSDT,Development
2026-07-27 12:00:00+00:00,1785153600000.0,387.17,388.222,386.812,388.09,99325.664592,38497356.22735242,False,2026-07-27 08:00:00-04:00,Monday,Pre-Market,MSFT,RMSFTUSDT,Development
2026-07-27 13:00:00+00:00,1785157200000.0,388.0,392.45,387.753,391.08,3899417.053134,1523276076.4703715,False,2026-07-27 09:00:00-04:00,Monday,Transition,MSFT,RMSFTUSDT,Development
2026-07-27 14:00:00+00:00,1785160800000.0,391.12,393.3,389.3,389.62,4302363.592362999,1682443154.9207838,False,2026-07-27 10:00:00-04:00,Monday,Regular,MSFT,RMSFTUSDT,Development
2026-07-27 15:00:00+00:00,1785164400000.0,389.625,393.87,389.38,390.312,4562622.240113,1789033259.2736118,False,2026-07-27 11:00:00-04:00,Monday,Regular,MSFT,RMSFTUSDT,Development
2026-07-27 16:00:00+00:00,1785168000000.0,390.3,392.0,389.465,391.3,2100803.3763510007,820814760.9499683,False,2026-07-27 12:00:00-04:00,Monday,Regular,MSFT,RMSFTUSDT,Development
2026-07-27 17:00:00+00:00,1785171600000.0,391.38,393.75,390.91,393.73,2569418.514453,1007634727.0112036,False,2026-07-27 13:00:00-04:00,Monday,Regular,MSFT,RMSFTUSDT,Development
2026-07-27 18:00:00+00:00,1785175200000.0,393.76,394.2,392.53,393.56,2212942.239765001,870501990.7372227,False,2026-07-27 14:00:00-04:00,Monday,Regular,MSFT,RMSFTUSDT,Development
2026-07-27 19:00:00+00:00,1785178800000.0,393.57,393.58,388.84,389.14,4179881.843547001,1632036119.7774794,False,2026-07-27 15:00:00-04:00,Monday,Regular,MSFT,RMSFTUSDT,Development
2026-07-27 20:00:00+00:00,1785182400000.0,388.7,389.57,388.48,389.14,4722302.980962001,1837046221.908635,False,2026-07-27 16:00:00-04:00,Monday,After-Hours,MSFT,RMSFTUSDT,Development
2026-07-27 21:00:00+00:00,1785186000000.0,389.19,389.599,388.875,389.19,27932.997141,10868204.04721685,False,2026-07-27 17:00:00-04:00,Monday,After-Hours,MSFT,RMSFTUSDT,Development
2026-07-27 22:00:00+00:00,1785189600000.0,389.39,389.645,388.928,389.2,101671.190959,39588787.95145132,False,2026-07-27 18:00:00-04:00,Monday,After-Hours,MSFT,RMSFTUSDT,Development
2026-07-27 23:00:00+00:00,1785193200000.0,389.2,389.8,388.833,389.69,19808.16121,7709896.91389424,False,2026-07-27 19:00:00-04:00,Monday,After-Hours,MSFT,RMSFTUSDT,Development
2026-07-28 00:00:00+00:00,1785196800000.0,389.11,389.95,388.12,389.09,6656.0,2590254.55,False,2026-07-27 20:00:00-04:00,Monday,Overnight,MSFT,RMSFTUSDT,Development
2026-07-28 01:00:00+00:00,1785200400000.0,389.01,389.89,387.76,389.37,10400.0,4045176.34,False,2026-07-27 21:00:00-04:00,Monday,Overnight,MSFT,RMSFTUSDT,Development
2026-07-28 02:00:00+00:00,1785204000000.0,389.31,389.49,388.79,389.43,6604.0,2570327.98,False,2026-07-27 22:00:00-04:00,Monday,Overnight,MSFT,RMSFTUSDT,Development
2026-07-28 03:00:00+00:00,1785207600000.0,389.4,391.13,389.16,390.4,13409.0,5231038.26,False,2026-07-27 23:00:00-04:00,Monday,Overnight,MSFT,RMSFTUSDT,Development
2026-07-28 04:00:00+00:00,1785211200000.0,390.41,391.0,389.71,390.41,7657.0,2988097.54,False,2026-07-28 00:00:00-04:00,Tuesday,Overnight,MSFT,RMSFTUSDT,Development
2026-07-28 05:00:00+00:00,1785214800000.0,390.44,390.8,389.55,390.14,5577.0,2175014.55,False,2026-07-28 01:00:00-04:00,Tuesday,Overnight,MSFT,RMSFTUSDT,Development
2026-07-28 06:00:00+00:00,1785218400000.0,390.21,391.6,389.7,391.54,12263.0,4793256.62,False,2026-07-28 02:00:00-04:00,Tuesday,Overnight,MSFT,RMSFTUSDT,Development
2026-07-28 07:00:00+00:00,1785222000000.0,391.53,393.01,391.45,392.75,18700.0,7337339.26,False,2026-07-28 03:00:00-04:00,Tuesday,Overnight,MSFT,RMSFTUSDT,Development
2026-07-28 08:00:00+00:00,1785225600000.0,392.32,392.815,390.113,392.47,109358.48950999996,42882952.27268636,False,2026-07-28 04:00:00-04:00,Tuesday,Pre-Market,MSFT,RMSFTUSDT,Development
2026-07-28 09:00:00+00:00,1785229200000.0,392.43,393.53,391.805,392.92,35020.195062,13754731.42766297,False,2026-07-28 05:00:00-04:00,Tuesday,Pre-Market,MSFT,RMSFTUSDT,Development
2026-07-28 10:00:00+00:00,1785232800000.0,393.06,393.334,392.26,392.26,31817.968531,12499822.57287118,False,2026-07-28 06:00:00-04:00,Tuesday,Pre-Market,MSFT,RMSFTUSDT,Development
2026-07-28 11:00:00+00:00,1785236400000.0,393.0,395.244,392.358,394.51,159437.30533200005,62834816.00564041,False,2026-07-28 07:00:00-04:00,Tuesday,Pre-Market,MSFT,RMSFTUSDT,Development
2026-07-28 12:00:00+00:00,1785240000000.0,394.94,396.162,394.305,395.57,122383.54311,48382926.35779274,False,2026-07-28 08:00:00-04:00,Tuesday,Pre-Market,MSFT,RMSFTUSDT,Development
2026-07-28 13:00:00+00:00,1785243600000.0,395.34,400.2,391.35,392.32,5907969.806331001,2333602582.133237,False,2026-07-28 09:00:00-04:00,Tuesday,Transition,MSFT,RMSFTUSDT,Development
2026-07-28 14:00:00+00:00,1785247200000.0,392.4,397.66,392.23,396.54,4491985.57682,1776007567.4712653,False,2026-07-28 10:00:00-04:00,Tuesday,Regular,MSFT,RMSFTUSDT,Development
2026-07-28 15:00:00+00:00,1785250800000.0,396.535,400.31,396.0,397.845,3443931.778419,1372340001.42347,False,2026-07-28 11:00:00-04:00,Tuesday,Regular,MSFT,RMSFTUSDT,Development
2026-07-28 16:00:00+00:00,1785254400000.0,397.855,398.905,396.135,398.84,2663264.460510999,1059861805.320669,False,2026-07-28 12:00:00-04:00,Tuesday,Regular,MSFT,RMSFTUSDT,Development
2026-07-28 17:00:00+00:00,1785258000000.0,398.82,399.51,397.51,399.2,2171079.977481,865538809.8144088,False,2026-07-28 13:00:00-04:00,Tuesday,Regular,MSFT,RMSFTUSDT,Development
2026-07-28 18:00:00+00:00,1785261600000.0,399.15,399.2,396.73,396.95,2640670.747286999,1049473060.880806,False,2026-07-28 14:00:00-04:00,Tuesday,Regular,MSFT,RMSFTUSDT,Development
2026-07-28 19:00:00+00:00,1785265200000.0,397.0,397.12,392.4,393.43,5037153.738504998,1983844213.8264067,False,2026-07-28 15:00:00-04:00,Tuesday,Regular,MSFT,RMSFTUSDT,Development
2026-07-28 20:00:00+00:00,1785268800000.0,393.34,394.163,392.689,393.79,5313975.765637998,2090187005.5117888,False,2026-07-28 16:00:00-04:00,Tuesday,After-Hours,MSFT,RMSFTUSDT,Development
2026-07-28 21:00:00+00:00,1785272400000.0,393.76,394.249,393.75,393.75,29226.467438,11514202.32156493,False,2026-07-28 17:00:00-04:00,Tuesday,After-Hours,MSFT,RMSFTUSDT,Development
2026-07-28 22:00:00+00:00,1785276000000.0,393.71,395.585,393.575,395.0,40226.31886600001,15868526.53784232,False,2026-07-28 18:00:00-04:00,Tuesday,After-Hours,MSFT,RMSFTUSDT,Development
2026-07-28 23:00:00+00:00,1785279600000.0,395.48,395.953,394.435,394.54,77903.74854700001,30787982.10601656,False,2026-07-28 19:00:00-04:00,Tuesday,After-Hours,MSFT,RMSFTUSDT,Development
2026-07-29 00:00:00+00:00,1785283200000.0,395.01,395.44,394.07,394.56,7180.0,2832943.95,False,2026-07-28 20:00:00-04:00,Tuesday,Overnight,MSFT,RMSFTUSDT,Development
2026-07-29 01:00:00+00:00,1785286800000.0,394.41,394.99,393.37,393.41,10627.0,4187708.31,False,2026-07-28 21:00:00-04:00,Tuesday,Overnight,MSFT,RMSFTUSDT,Development
2026-07-29 02:00:00+00:00,1785290400000.0,393.4,395.1,393.21,394.65,8354.0,3292864.89,False,2026-07-28 22:00:00-04:00,Tuesday,Overnight,MSFT,RMSFTUSDT,Development
2026-07-29 03:00:00+00:00,1785294000000.0,394.66,395.97,394.5,395.7,8507.0,3360677.25,False,2026-07-28 23:00:00-04:00,Tuesday,Overnight,MSFT,RMSFTUSDT,Development
2026-07-29 04:00:00+00:00,1785297600000.0,395.7,396.77,394.86,395.9,19541.0,7733634.79,False,2026-07-29 00:00:00-04:00,Wednesday,Overnight,MSFT,RMSFTUSDT,Development
2026-07-29 05:00:00+00:00,1785301200000.0,395.9,395.91,394.99,395.1,5596.0,2212852.94,False,2026-07-29 01:00:00-04:00,Wednesday,Overnight,MSFT,RMSFTUSDT,Development
2026-07-29 06:00:00+00:00,1785304800000.0,395.09,395.76,394.78,395.43,9978.0,3943776.59,False,2026-07-29 02:00:00-04:00,Wednesday,Overnight,MSFT,RMSFTUSDT,Development
2026-07-29 07:00:00+00:00,1785308400000.0,395.43,398.01,395.43,397.95,21117.0,8381933.39,False,2026-07-29 03:00:00-04:00,Wednesday,Overnight,MSFT,RMSFTUSDT,Development
2026-07-29 08:00:00+00:00,1785312000000.0,395.299,398.102,395.299,396.75,144475.31166700012,57301335.79236825,False,2026-07-29 04:00:00-04:00,Wednesday,Pre-Market,MSFT,RMSFTUSDT,Development
2026-07-29 09:00:00+00:00,1785315600000.0,396.35,396.75,392.277,393.14,68522.53929300001,26979434.21386433,False,2026-07-29 05:00:00-04:00,Wednesday,Pre-Market,MSFT,RMSFTUSDT,Development
2026-07-29 10:00:00+00:00,1785319200000.0,393.215,395.322,392.565,394.825,85596.695649,33714826.6194562,False,2026-07-29 06:00:00-04:00,Wednesday,Pre-Market,MSFT,RMSFTUSDT,Development
2026-07-29 11:00:00+00:00,1785322800000.0,395.09,395.994,392.91,394.29,262860.27844,103579540.71269728,False,2026-07-29 07:00:00-04:00,Wednesday,Pre-Market,MSFT,RMSFTUSDT,Development
2026-07-29 12:00:00+00:00,1785326400000.0,394.0,394.896,393.225,394.36,67258.711358,26512872.85111728,False,2026-07-29 08:00:00-04:00,Wednesday,Pre-Market,MSFT,RMSFTUSDT,Development
2026-07-29 13:00:00+00:00,1785330000000.0,394.59,394.8,388.735,392.53,3808547.363288,1488993866.553176,False,2026-07-29 09:00:00-04:00,Wednesday,Transition,MSFT,RMSFTUSDT,Development
2026-07-29 14:00:00+00:00,1785333600000.0,392.35,394.99,390.835,394.24,4474015.157897001,1759554998.146238,False,2026-07-29 10:00:00-04:00,Wednesday,Regular,MSFT,RMSFTUSDT,Development
2026-07-29 15:00:00+00:00,1785337200000.0,394.26,395.8,394.11,394.74,2400091.0787110003,947735484.6877904,False,2026-07-29 11:00:00-04:00,Wednesday,Regular,MSFT,RMSFTUSDT,Development
2026-07-29 16:00:00+00:00,1785340800000.0,394.759,395.99,392.865,395.302,5661229.154034,2234681211.2295938,False,2026-07-29 12:00:00-04:00,Wednesday,Regular,MSFT,RMSFTUSDT,Development
2026-07-29 17:00:00+00:00,1785344400000.0,395.36,397.175,395.06,396.5,3262276.4811679986,1291480778.877175,False,2026-07-29 13:00:00-04:00,Wednesday,Regular,MSFT,RMSFTUSDT,Development
2026-07-29 18:00:00+00:00,1785348000000.0,396.57,401.25,396.456,399.53,7022528.270633999,2797818100.443036,False,2026-07-29 14:00:00-04:00,Wednesday,Regular,MSFT,RMSFTUSDT,Development
2026-07-29 19:00:00+00:00,1785351600000.0,399.62,399.635,389.38,390.99,8328255.041003999,3274863097.639724,False,2026-07-29 15:00:00-04:00,Wednesday,Regular,MSFT,RMSFTUSDT,Development
2026-07-29 20:00:00+00:00,1785355200000.0,396.12,409.15,390.529,402.15,8584817.139691003,3397211309.9333706,False,2026-07-29 16:00:00-04:00,Wednesday,After-Hours,MSFT,RMSFTUSDT,Development
2026-07-29 21:00:00+00:00,1785358800000.0,402.21,404.453,396.66,398.2,757399.5408370001,303286709.97662526,False,2026-07-29 17:00:00-04:00,Wednesday,After-Hours,MSFT,RMSFTUSDT,Development
2026-07-29 22:00:00+00:00,1785362400000.0,398.1,429.95,397.702,419.26,3077523.638149,1291143959.3966677,False,2026-07-29 18:00:00-04:00,Wednesday,After-Hours,MSFT,RMSFTUSDT,Development
2026-07-29 23:00:00+00:00,1785366000000.0,420.01,426.495,419.426,425.4,955612.4245909996,405355596.2739511,False,2026-07-29 19:00:00-04:00,Wednesday,After-Hours,MSFT,RMSFTUSDT,Development
2026-07-30 00:00:00+00:00,1785369600000.0,424.72,426.0,417.67,418.05,102106.0,42967231.89,False,2026-07-29 20:00:00-04:00,Wednesday,Overnight,MSFT,RMSFTUSDT,Development
2026-07-30 01:00:00+00:00,1785373200000.0,418.06,420.81,417.66,418.8,69142.0,28972530.38,False,2026-07-29 21:00:00-04:00,Wednesday,Overnight,MSFT,RMSFTUSDT,Development
2026-07-30 02:00:00+00:00,1785376800000.0,418.81,422.49,418.5,421.88,46478.0,19548786.27,False,2026-07-29 22:00:00-04:00,Wednesday,Overnight,MSFT,RMSFTUSDT,Development
2026-07-30 03:00:00+00:00,1785380400000.0,421.87,422.49,419.78,420.39,34941.0,14712394.46,False,2026-07-29 23:00:00-04:00,Wednesday,Overnight,MSFT,RMSFTUSDT,Development
2026-07-30 04:00:00+00:00,1785384000000.0,420.29,420.82,419.4,420.82,21204.0,8907180.46,False,2026-07-30 00:00:00-04:00,Thursday,Overnight,MSFT,RMSFTUSDT,Development
2026-07-30 05:00:00+00:00,1785387600000.0,420.78,421.67,419.63,419.76,32642.0,13736369.45,False,2026-07-30 01:00:00-04:00,Thursday,Overnight,MSFT,RMSFTUSDT,Development
2026-07-30 06:00:00+00:00,1785391200000.0,419.7,419.73,418.58,419.06,37614.0,15764854.12,False,2026-07-30 02:00:00-04:00,Thursday,Overnight,MSFT,RMSFTUSDT,Development
2026-07-30 07:00:00+00:00,1785394800000.0,419.08,420.18,416.49,418.42,51715.0,21616551.92,False,2026-07-30 03:00:00-04:00,Thursday,Overnight,MSFT,RMSFTUSDT,Development
2026-07-30 08:00:00+00:00,1785398400000.0,418.48,425.024,417.127,422.86,616353.0855090001,259293641.1780898,False,2026-07-30 04:00:00-04:00,Thursday,Pre-Market,MSFT,RMSFTUSDT,Development
2026-07-30 09:00:00+00:00,1785402000000.0,423.99,424.89,421.61,424.89,263684.96419300005,111642262.5705812,False,2026-07-30 05:00:00-04:00,Thursday,Pre-Market,MSFT,RMSFTUSDT,Development
2026-07-30 10:00:00+00:00,1785405600000.0,424.59,427.527,424.025,427.215,356257.086132,151673141.22979796,False,2026-07-30 06:00:00-04:00,Thursday,Pre-Market,MSFT,RMSFTUSDT,Development
2026-07-30 11:00:00+00:00,1785409200000.0,427.04,430.387,425.34,428.91,1212838.512933,519157587.2864426,False,2026-07-30 07:00:00-04:00,Thursday,Pre-Market,MSFT,RMSFTUSDT,Development
2026-07-30 12:00:00+00:00,1785412800000.0,428.24,429.383,425.37,426.84,970886.5994459996,414895087.1268355,False,2026-07-30 08:00:00-04:00,Thursday,Pre-Market,MSFT,RMSFTUSDT,Development
2026-07-30 13:00:00+00:00,1785416400000.0,427.145,451.69,426.53,449.809,21723762.062592,9689479948.409018,False,2026-07-30 09:00:00-04:00,Thursday,Transition,MSFT,RMSFTUSDT,Development
2026-07-30 14:00:00+00:00,1785420000000.0,450.16,452.22,445.285,447.19,20612447.551181,9257986000.35421,False,2026-07-30 10:00:00-04:00,Thursday,Regular,MSFT,RMSFTUSDT,Development
2026-07-30 15:00:00+00:00,1785423600000.0,447.16,450.55,443.69,449.92,10942267.567998,4885948974.049765,False,2026-07-30 11:00:00-04:00,Thursday,Regular,MSFT,RMSFTUSDT,Development
2026-07-30 16:00:00+00:00,1785427200000.0,449.91,456.5,449.64,455.1,9559675.871932998,4341598494.80741,False,2026-07-30 12:00:00-04:00,Thursday,Regular,MSFT,RMSFTUSDT,Development
2026-07-30 17:00:00+00:00,1785430800000.0,455.25,457.9,454.95,455.879,7957362.407313,3629619386.2563567,False,2026-07-30 13:00:00-04:00,Thursday,Regular,MSFT,RMSFTUSDT,Development
2026-07-30 18:00:00+00:00,1785434400000.0,455.88,458.69,455.38,455.998,8732955.784055,3991131938.163248,False,2026-07-30 14:00:00-04:00,Thursday,Regular,MSFT,RMSFTUSDT,Development
2026-07-30 19:00:00+00:00,1785438000000.0,451.0,451.68,450.98,451.545,14972457.78843,6807022934.169184,False,2026-07-30 15:00:00-04:00,Thursday,Regular,MSFT,RMSFTUSDT,Development
2026-07-30 20:00:00+00:00,1785441600000.0,451.36,451.583,448.35,448.61,10049530.000401,4534780065.970949,False,2026-07-30 16:00:00-04:00,Thursday,After-Hours,MSFT,RMSFTUSDT,Development
2026-07-30 21:00:00+00:00,1785445200000.0,448.5,448.706,446.055,447.52,280397.3143149999,125376714.9241519,False,2026-07-30 17:00:00-04:00,Thursday,After-Hours,MSFT,RMSFTUSDT,Development
2026-07-30 22:00:00+00:00,1785448800000.0,447.99,449.253,445.11,449.09,148405.67415700003,66358721.60582504,False,2026-07-30 18:00:00-04:00,Thursday,After-Hours,MSFT,RMSFTUSDT,Development
2026-07-30 23:00:00+00:00,1785452400000.0,449.46,449.46,447.235,447.75,68375.64989900001,30642889.38048635,False,2026-07-30 19:00:00-04:00,Thursday,After-Hours,MSFT,RMSFTUSDT,Development
2026-07-31 00:00:00+00:00,1785456000000.0,447.89,448.56,445.84,446.35,24775.0,11073131.99,False,2026-07-30 20:00:00-04:00,Thursday,Overnight,MSFT,RMSFTUSDT,Development
2026-07-31 01:00:00+00:00,1785459600000.0,446.37,448.37,445.92,447.47,31543.0,14094416.9,False,2026-07-30 21:00:00-04:00,Thursday,Overnight,MSFT,RMSFTUSDT,Development
2026-07-31 02:00:00+00:00,1785463200000.0,447.46,447.76,446.83,447.1,10419.0,4660466.87,False,2026-07-30 22:00:00-04:00,Thursday,Overnight,MSFT,RMSFTUSDT,Development
2026-07-31 03:00:00+00:00,1785466800000.0,447.18,448.02,446.61,447.29,13200.0,5903407.99,False,2026-07-30 23:00:00-04:00,Thursday,Overnight,MSFT,RMSFTUSDT,Development
2026-07-31 04:00:00+00:00,1785470400000.0,447.29,447.48,446.88,447.17,10511.0,4700469.89,False,2026-07-31 00:00:00-04:00,Friday,Overnight,MSFT,RMSFTUSDT,Development
2026-07-31 05:00:00+00:00,1785474000000.0,447.18,447.19,445.99,446.66,18398.0,8213336.38,False,2026-07-31 01:00:00-04:00,Friday,Overnight,MSFT,RMSFTUSDT,Development
2026-07-31 06:00:00+00:00,1785477600000.0,446.71,447.0,446.25,446.7,20687.0,9238717.13,False,2026-07-31 02:00:00-04:00,Friday,Overnight,MSFT,RMSFTUSDT,Development
2026-07-31 07:00:00+00:00,1785481200000.0,446.68,448.2,446.48,447.17,21623.0,9674206.06,False,2026-07-31 03:00:00-04:00,Friday,Overnight,MSFT,RMSFTUSDT,Development
2026-07-31 08:00:00+00:00,1785484800000.0,444.99,449.527,444.99,448.02,197618.485545,88352853.46534295,False,2026-07-31 04:00:00-04:00,Friday,Pre-Market,MSFT,RMSFTUSDT,Development
2026-07-31 09:00:00+00:00,1785488400000.0,447.88,448.837,447.041,448.1,53832.261666,24114952.94753119,False,2026-07-31 05:00:00-04:00,Friday,Pre-Market,MSFT,RMSFTUSDT,Development
2026-07-31 10:00:00+00:00,1785492000000.0,448.18,448.943,447.447,448.18,44288.756575,19849007.18498485,False,2026-07-31 06:00:00-04:00,Friday,Pre-Market,MSFT,RMSFTUSDT,Development
2026-07-31 11:00:00+00:00,1785495600000.0,448.29,450.835,447.85,449.6,210121.79353499995,94375531.17650592,False,2026-07-31 07:00:00-04:00,Friday,Pre-Market,MSFT,RMSFTUSDT,Development
2026-07-31 12:00:00+00:00,1785499200000.0,449.69,451.812,448.612,450.96,186425.84823099995,83926661.12083258,False,2026-07-31 08:00:00-04:00,Friday,Pre-Market,MSFT,RMSFTUSDT,Development
2026-07-31 13:00:00+00:00,1785502800000.0,452.01,462.81,448.961,462.57,9363557.549469003,4284007359.1870174,False,2026-07-31 09:00:00-04:00,Friday,Transition,MSFT,RMSFTUSDT,Development
2026-07-31 14:00:00+00:00,1785506400000.0,462.64,462.96,451.795,452.418,8952955.435853,4080088006.842922,False,2026-07-31 10:00:00-04:00,Friday,Regular,MSFT,RMSFTUSDT,Development
2026-07-31 15:00:00+00:00,1785510000000.0,452.4,463.53,450.74,463.085,9609108.743617,4397381401.722156,False,2026-07-31 11:00:00-04:00,Friday,Regular,MSFT,RMSFTUSDT,Development
2026-07-31 16:00:00+00:00,1785513600000.0,463.065,464.8,461.04,461.916,6256391.59059,2897341576.9287834,False,2026-07-31 12:00:00-04:00,Friday,Regular,MSFT,RMSFTUSDT,Development
2026-07-31 17:00:00+00:00,1785517200000.0,461.93,463.765,460.24,460.398,4771518.771823,2205371044.5616794,False,2026-07-31 13:00:00-04:00,Friday,Regular,MSFT,RMSFTUSDT,Development
2026-07-31 18:00:00+00:00,1785520800000.0,460.44,463.52,460.01,461.229,4758661.444057,2198250221.395556,False,2026-07-31 14:00:00-04:00,Friday,Regular,MSFT,RMSFTUSDT,Development
2026-07-31 19:00:00+00:00,1785524400000.0,461.15,466.82,461.11,464.71,10580678.729953,4910247526.824652,False,2026-07-31 15:00:00-04:00,Friday,Regular,MSFT,RMSFTUSDT,Development
2026-07-31 20:00:00+00:00,1785528000000.0,464.0,464.796,463.18,464.02,12403172.775252,5762316860.934953,False,2026-07-31 16:00:00-04:00,Friday,After-Hours,MSFT,RMSFTUSDT,Development
2026-07-31 21:00:00+00:00,1785531600000.0,463.51,463.675,461.627,462.0,83962.29646299999,38855181.55680463,False,2026-07-31 17:00:00-04:00,Friday,After-Hours,MSFT,RMSFTUSDT,Development
2026-07-31 22:00:00+00:00,1785535200000.0,461.51,461.915,460.725,460.875,74335.565945,34289747.73292062,False,2026-07-31 18:00:00-04:00,Friday,After-Hours,MSFT,RMSFTUSDT,Development
2026-07-31 23:00:00+00:00,1785538800000.0,461.03,461.919,461.03,461.848,51832.734118,23924641.79836758,False,2026-07-31 19:00:00-04:00,Friday,After-Hours,MSFT,RMSFTUSDT,Development
2026-08-01 00:00:00+00:00,1785542400000.0,461.65,462.02,461.65,462.02,3.8386,1772.578007,False,2026-07-31 20:00:00-04:00,Friday,Overnight,MSFT,RMSFTUSDT,Development
2026-08-01 01:00:00+00:00,1785546000000.0,462.02,462.02,461.29,461.29,0.137,63.24564,False,2026-07-31 21:00:00-04:00,Friday,Overnight,MSFT,RMSFTUSDT,Development
2026-08-01 02:00:00+00:00,1785549600000.0,461.27,461.3,461.05,461.05,1.7382,801.57926,False,2026-07-31 22:00:00-04:00,Friday,Overnight,MSFT,RMSFTUSDT,Development
2026-08-01 03:00:00+00:00,1785553200000.0,461.04,461.04,460.99,460.99,1.3007,599.618682,False,2026-07-31 23:00:00-04:00,Friday,Overnight,MSFT,RMSFTUSDT,Development
2026-08-01 04:00:00+00:00,1785556800000.0,460.97,460.97,460.97,460.97,0.07,32.2679,False,2026-08-01 00:00:00-04:00,Saturday,Weekend,MSFT,RMSFTUSDT,Development
2026-08-01 05:00:00+00:00,1785560400000.0,461.1,461.11,461.1,461.11,0.3755,173.143712,False,2026-08-01 01:00:00-04:00,Saturday,Weekend,MSFT,RMSFTUSDT,Development
2026-08-01 06:00:00+00:00,,,,,,,,True,2026-08-01 02:00:00-04:00,Saturday,Weekend,MSFT,RMSFTUSDT,Development
2026-08-01 07:00:00+00:00,1785567600000.0,460.96,460.96,460.94,460.94,0.4786,220.613426,False,2026-08-01 03:00:00-04:00,Saturday,Weekend,MSFT,RMSFTUSDT,Development
2026-08-01 08:00:00+00:00,,,,,,,,True,2026-08-01 04:00:00-04:00,Saturday,Weekend,MSFT,RMSFTUSDT,Development
2026-08-01 09:00:00+00:00,1785574800000.0,460.9,460.9,460.9,460.9,0.1,46.09,False,2026-08-01 05:00:00-04:00,Saturday,Weekend,MSFT,RMSFTUSDT,Development
2026-08-01 10:00:00+00:00,1785578400000.0,461.0,461.0,460.88,460.88,0.5174,238.490368,False,2026-08-01 06:00:00-04:00,Saturday,Weekend,MSFT,RMSFTUSDT,Development
2026-08-01 11:00:00+00:00,,,,,,,,True,2026-08-01 07:00:00-04:00,Saturday,Weekend,MSFT,RMSFTUSDT,Development
2026-08-01 12:00:00+00:00,1785585600000.0,461.09,461.09,461.09,461.09,0.1084,49.982156,False,2026-08-01 08:00:00-04:00,Saturday,Weekend,MSFT,RMSFTUSDT,Development
2026-08-01 13:00:00+00:00,1785589200000.0,460.87,461.05,460.77,460.88,0.2487,114.6237,False,2026-08-01 09:00:00-04:00,Saturday,Weekend,MSFT,RMSFTUSDT,Development
2026-08-01 14:00:00+00:00,1785592800000.0,460.88,460.88,460.88,460.88,0.0217,10.001096,False,2026-08-01 10:00:00-04:00,Saturday,Weekend,MSFT,RMSFTUSDT,Development
2026-08-01 15:00:00+00:00,1785596400000.0,460.75,460.75,460.75,460.75,0.4774,219.96205,False,2026-08-01 11:00:00-04:00,Saturday,Weekend,MSFT,RMSFTUSDT,Development
2026-08-01 16:00:00+00:00,1785600000000.0,461.05,461.05,460.73,460.73,0.435,200.487182,False,2026-08-01 12:00:00-04:00,Saturday,Weekend,MSFT,RMSFTUSDT,Development
2026-08-01 17:00:00+00:00,1785603600000.0,461.05,461.05,461.05,461.05,0.0433,19.963465,False,2026-08-01 13:00:00-04:00,Saturday,Weekend,MSFT,RMSFTUSDT,Development
2026-08-01 18:00:00+00:00,1785607200000.0,460.64,460.64,460.64,460.64,0.0251,11.562064,False,2026-08-01 14:00:00-04:00,Saturday,Weekend,MSFT,RMSFTUSDT,Development
2026-08-01 19:00:00+00:00,1785610800000.0,460.64,460.64,460.64,460.64,0.29,133.5856,False,2026-08-01 15:00:00-04:00,Saturday,Weekend,MSFT,RMSFTUSDT,Development
2026-08-01 20:00:00+00:00,1785614400000.0,460.6,460.6,460.6,460.6,1.1,506.66,False,2026-08-01 16:00:00-04:00,Saturday,Weekend,MSFT,RMSFTUSDT,Development
2026-08-01 21:00:00+00:00,1785618000000.0,460.55,460.66,460.48,460.48,1.3464,620.087507,False,2026-08-01 17:00:00-04:00,Saturday,Weekend,MSFT,RMSFTUSDT,Development
2026-08-01 22:00:00+00:00,1785621600000.0,460.48,460.48,460.48,460.48,0.1032,47.521536,False,2026-08-01 18:00:00-04:00,Saturday,Weekend,MSFT,RMSFTUSDT,Development
2026-08-01 23:00:00+00:00,,,,,,,,True,2026-08-01 19:00:00-04:00,Saturday,Weekend,MSFT,RMSFTUSDT,Development
2026-08-02 00:00:00+00:00,1785628800000.0,460.45,460.45,460.45,460.45,0.2234,102.86453,False,2026-08-01 20:00:00-04:00,Saturday,Weekend,MSFT,RMSFTUSDT,Development
2026-08-02 01:00:00+00:00,1785632400000.0,460.58,460.58,460.58,460.58,0.0434,19.989172,False,2026-08-01 21:00:00-04:00,Saturday,Weekend,MSFT,RMSFTUSDT,Development
2026-08-02 02:00:00+00:00,,,,,,,,True,2026-08-01 22:00:00-04:00,Saturday,Weekend,MSFT,RMSFTUSDT,Development
2026-08-02 03:00:00+00:00,1785639600000.0,460.44,460.44,460.44,460.44,0.9995,460.20978,False,2026-08-01 23:00:00-04:00,Saturday,Weekend,MSFT,RMSFTUSDT,Development
2026-08-02 04:00:00+00:00,1785643200000.0,460.3,460.58,460.3,460.58,5.5902,2573.184684,False,2026-08-02 00:00:00-04:00,Sunday,Weekend,MSFT,RMSFTUSDT,Development
2026-08-02 05:00:00+00:00,,,,,,,,True,2026-08-02 01:00:00-04:00,Sunday,Weekend,MSFT,RMSFTUSDT,Development
2026-08-02 06:00:00+00:00,,,,,,,,True,2026-08-02 02:00:00-04:00,Sunday,Weekend,MSFT,RMSFTUSDT,Development
2026-08-02 07:00:00+00:00,,,,,,,,True,2026-08-02 03:00:00-04:00,Sunday,Weekend,MSFT,RMSFTUSDT,Development
2026-08-02 08:00:00+00:00,,,,,,,,True,2026-08-02 04:00:00-04:00,Sunday,Weekend,MSFT,RMSFTUSDT,Development
2026-08-02 09:00:00+00:00,1785661200000.0,460.1,460.1,460.1,460.1,0.1,46.01,False,2026-08-02 05:00:00-04:00,Sunday,Weekend,MSFT,RMSFTUSDT,Development
2026-08-02 10:00:00+00:00,,,,,,,,True,2026-08-02 06:00:00-04:00,Sunday,Weekend,MSFT,RMSFTUSDT,Development
2026-08-02 11:00:00+00:00,1785668400000.0,460.35,460.35,460.0,460.0,0.0475,21.85833,False,2026-08-02 07:00:00-04:00,Sunday,Weekend,MSFT,RMSFTUSDT,Development
2026-08-02 12:00:00+00:00,,,,,,,,True,2026-08-02 08:00:00-04:00,Sunday,Weekend,MSFT,RMSFTUSDT,Development
2026-08-02 13:00:00+00:00,1785675600000.0,460.0,460.35,460.0,460.35,0.0679,31.24919,False,2026-08-02 09:00:00-04:00,Sunday,Weekend,MSFT,RMSFTUSDT,Development
2026-08-02 14:00:00+00:00,1785679200000.0,460.0,460.0,460.0,460.0,0.1512,69.552,False,2026-08-02 10:00:00-04:00,Sunday,Weekend,MSFT,RMSFTUSDT,Development
2026-08-02 15:00:00+00:00,1785682800000.0,460.35,460.35,460.35,460.35,1.7049,784.850715,False,2026-08-02 11:00:00-04:00,Sunday,Weekend,MSFT,RMSFTUSDT,Development
2026-08-02 16:00:00+00:00,1785686400000.0,460.46,460.46,460.46,460.46,0.0486,22.378356,False,2026-08-02 12:00:00-04:00,Sunday,Weekend,MSFT,RMSFTUSDT,Development
2026-08-02 17:00:00+00:00,,,,,,,,True,2026-08-02 13:00:00-04:00,Sunday,Weekend,MSFT,RMSFTUSDT,Development
2026-08-02 18:00:00+00:00,,,,,,,,True,2026-08-02 14:00:00-04:00,Sunday,Weekend,MSFT,RMSFTUSDT,Development
2026-08-02 19:00:00+00:00,,,,,,,,True,2026-08-02 15:00:00-04:00,Sunday,Weekend,MSFT,RMSFTUSDT,Development
2026-08-02 20:00:00+00:00,,,,,,,,True,2026-08-02 16:00:00-04:00,Sunday,Weekend,MSFT,RMSFTUSDT,Development
2026-08-02 21:00:00+00:00,1785704400000.0,460.46,463.17,460.46,463.17,14.3559,6623.022129,False,2026-08-02 17:00:00-04:00,Sunday,Weekend,MSFT,RMSFTUSDT,Development
2026-08-02 22:00:00+00:00,1785708000000.0,463.18,463.48,463.18,463.48,3.4249,1586.910419,False,2026-08-02 18:00:00-04:00,Sunday,Weekend,MSFT,RMSFTUSDT,Development
2026-08-02 23:00:00+00:00,1785711600000.0,463.5,463.5,463.5,463.5,0.0431,19.97685,False,2026-08-02 19:00:00-04:00,Sunday,Weekend,MSFT,RMSFTUSDT,Development
2026-08-03 00:00:00+00:00,1785715200000.0,461.99,468.88,461.99,468.06,48535.0,22687209.32000002,False,2026-08-02 20:00:00-04:00,Sunday,Weekend,MSFT,RMSFTUSDT,Development
2026-08-03 01:00:00+00:00,1785718800000.0,468.04,470.29,467.29,470.13,37139.0,17417972.11,False,2026-08-02 21:00:00-04:00,Sunday,Weekend,MSFT,RMSFTUSDT,Development
2026-08-03 02:00:00+00:00,1785722400000.0,469.99,470.78,469.47,470.15,25916.0,12183250.24,False,2026-08-02 22:00:00-04:00,Sunday,Weekend,MSFT,RMSFTUSDT,Development
2026-08-03 03:00:00+00:00,1785726000000.0,470.21,470.22,467.99,468.91,17570.0,8241866.5,False,2026-08-02 23:00:00-04:00,Sunday,Weekend,MSFT,RMSFTUSDT,Development
2026-08-03 04:00:00+00:00,1785729600000.0,468.86,468.99,467.99,468.3,9645.0,4518977.4,False,2026-08-03 00:00:00-04:00,Monday,Overnight,MSFT,RMSFTUSDT,Development
2026-08-03 05:00:00+00:00,1785733200000.0,468.31,468.51,467.16,467.74,8905.0,4167043.5,False,2026-08-03 01:00:00-04:00,Monday,Overnight,MSFT,RMSFTUSDT,Development
2026-08-03 06:00:00+00:00,1785736800000.0,467.65,467.77,466.79,467.05,17986.0,8403269.6,False,2026-08-03 02:00:00-04:00,Monday,Overnight,MSFT,RMSFTUSDT,Development
2026-08-03 07:00:00+00:00,1785740400000.0,467.04,469.16,466.53,468.74,30481.0,14259717.23,False,2026-08-03 03:00:00-04:00,Monday,Overnight,MSFT,RMSFTUSDT,Development
2026-08-03 08:00:00+00:00,1785744000000.0,468.0,469.82,461.849,469.0,225913.5207929999,105750503.1361886,False,2026-08-03 04:00:00-04:00,Monday,Pre-Market,MSFT,RMSFTUSDT,Development
2026-08-03 09:00:00+00:00,1785747600000.0,470.0,470.49,468.957,470.04,85737.39790100002,40282919.04598438,False,2026-08-03 05:00:00-04:00,Monday,Pre-Market,MSFT,RMSFTUSDT,Development
2026-08-03 10:00:00+00:00,1785751200000.0,470.45,472.52,469.97,471.49,168320.466018,79364025.4900501,False,2026-08-03 06:00:00-04:00,Monday,Pre-Market,MSFT,RMSFTUSDT,Development
2026-08-03 11:00:00+00:00,1785754800000.0,471.28,475.421,471.28,474.91,417158.742727,197731074.82713583,False,2026-08-03 07:00:00-04:00,Monday,Pre-Market,MSFT,RMSFTUSDT,Development
2026-08-03 12:00:00+00:00,1785758400000.0,474.315,475.79,473.025,474.211,558165.50409,264800446.1224552,False,2026-08-03 08:00:00-04:00,Monday,Pre-Market,MSFT,RMSFTUSDT,Development
2026-08-03 13:00:00+00:00,1785762000000.0,474.67,490.85,471.926,489.525,14793781.779897,7178092336.802001,False,2026-08-03 09:00:00-04:00,Monday,Transition,MSFT,RMSFTUSDT,Development
2026-08-03 14:00:00+00:00,1785765600000.0,489.87,491.32,482.89,483.981,11941962.988074,5816163266.76105,False,2026-08-03 10:00:00-04:00,Monday,Regular,MSFT,RMSFTUSDT,Development
2026-08-03 15:00:00+00:00,1785769200000.0,483.9,488.26,481.63,486.4,6101046.056476,2959248938.8146963,False,2026-08-03 11:00:00-04:00,Monday,Regular,MSFT,RMSFTUSDT,Development
2026-08-03 16:00:00+00:00,1785772800000.0,486.46,489.51,485.965,488.87,5557648.062729999,2710363810.9986787,False,2026-08-03 12:00:00-04:00,Monday,Regular,MSFT,RMSFTUSDT,Development
2026-08-03 17:00:00+00:00,1785776400000.0,488.84,489.95,487.71,487.99,4311215.546979999,2107461842.7475457,False,2026-08-03 13:00:00-04:00,Monday,Regular,MSFT,RMSFTUSDT,Development
2026-08-03 18:00:00+00:00,1785780000000.0,487.99,491.65,487.675,489.285,5096579.906604002,2498055513.4525585,False,2026-08-03 14:00:00-04:00,Monday,Regular,MSFT,RMSFTUSDT,Development
2026-08-03 19:00:00+00:00,1785783600000.0,489.37,490.44,487.01,487.525,10782641.459872,5270621010.182887,False,2026-08-03 15:00:00-04:00,Monday,Regular,MSFT,RMSFTUSDT,Development
2026-08-03 20:00:00+00:00,1785787200000.0,487.81,487.9,486.21,486.53,11371067.368980998,5542671005.386832,False,2026-08-03 16:00:00-04:00,Monday,After-Hours,MSFT,RMSFTUSDT,Development
2026-08-03 21:00:00+00:00,1785790800000.0,486.67,487.86,485.17,485.25,559892.20166,272481841.9543496,False,2026-08-03 17:00:00-04:00,Monday,After-Hours,MSFT,RMSFTUSDT,Development
2026-08-03 22:00:00+00:00,1785794400000.0,485.22,485.275,484.03,484.04,55820.810555,27055118.81817629,False,2026-08-03 18:00:00-04:00,Monday,After-Hours,MSFT,RMSFTUSDT,Development
2026-08-03 23:00:00+00:00,1785798000000.0,484.0,484.616,483.34,484.01,71233.198779,34465755.83002648,False,2026-08-03 19:00:00-04:00,Monday,After-Hours,MSFT,RMSFTUSDT,Development
2026-08-04 00:00:00+00:00,1785801600000.0,484.37,484.76,483.41,484.54,11596.0,5611918.37,False,2026-08-03 20:00:00-04:00,Monday,Overnight,MSFT,RMSFTUSDT,Development
2026-08-04 01:00:00+00:00,1785805200000.0,484.44,486.77,484.03,486.47,10806.0,5238727.0,False,2026-08-03 21:00:00-04:00,Monday,Overnight,MSFT,RMSFTUSDT,Development
2026-08-04 02:00:00+00:00,1785808800000.0,486.46,486.77,485.35,485.5,7035.0,3418227.1,False,2026-08-03 22:00:00-04:00,Monday,Overnight,MSFT,RMSFTUSDT,Development
2026-08-04 03:00:00+00:00,1785812400000.0,485.48,487.01,485.14,486.09,8884.0,4316964.3,False,2026-08-03 23:00:00-04:00,Monday,Overnight,MSFT,RMSFTUSDT,Development
2026-08-04 04:00:00+00:00,1785816000000.0,486.12,486.66,485.84,486.32,5087.0,2473626.45,False,2026-08-04 00:00:00-04:00,Tuesday,Overnight,MSFT,RMSFTUSDT,Development
2026-08-04 05:00:00+00:00,1785819600000.0,486.39,486.39,485.39,486.2,12536.0,6090927.32,False,2026-08-04 01:00:00-04:00,Tuesday,Overnight,MSFT,RMSFTUSDT,Development
2026-08-04 06:00:00+00:00,1785823200000.0,486.22,486.48,483.94,483.94,31275.0,15180596.56,False,2026-08-04 02:00:00-04:00,Tuesday,Overnight,MSFT,RMSFTUSDT,Development
2026-08-04 07:00:00+00:00,1785826800000.0,484.05,484.24,483.13,484.09,21170.0,10241002.6,False,2026-08-04 03:00:00-04:00,Tuesday,Overnight,MSFT,RMSFTUSDT,Development
2026-08-04 08:00:00+00:00,1785830400000.0,482.55,484.289,480.82,481.68,238878.178638,115301838.70407917,False,2026-08-04 04:00:00-04:00,Tuesday,Pre-Market,MSFT,RMSFTUSDT,Development
2026-08-04 09:00:00+00:00,1785834000000.0,482.61,483.299,481.593,482.55,53854.86299499999,25976020.71685773,False,2026-08-04 05:00:00-04:00,Tuesday,Pre-Market,MSFT,RMSFTUSDT,Development
2026-08-04 10:00:00+00:00,1785837600000.0,482.88,483.54,478.97,479.18,133329.33941900005,64050841.34072811,False,2026-08-04 06:00:00-04:00,Tuesday,Pre-Market,MSFT,RMSFTUSDT,Development
2026-08-04 11:00:00+00:00,1785841200000.0,479.31,479.688,476.356,477.99,525945.0453250001,251294123.3090765,False,2026-08-04 07:00:00-04:00,Tuesday,Pre-Market,MSFT,RMSFTUSDT,Development
2026-08-04 12:00:00+00:00,1785844800000.0,476.883,476.883,476.883,476.883,450982.992056,215405082.99846816,False,2026-08-04 08:00:00-04:00,Tuesday,Pre-Market,MSFT,RMSFTUSDT,Development
2026-08-04 13:00:00+00:00,1785848400000.0,476.6,491.14,475.59,491.14,7789637.632407,3778426050.700074,False,2026-08-04 09:00:00-04:00,Tuesday,Transition,MSFT,RMSFTUSDT,Development
2026-08-04 14:00:00+00:00,1785852000000.0,491.06,497.98,490.595,496.02,8558652.380221002,4234183578.131025,False,2026-08-04 10:00:00-04:00,Tuesday,Regular,MSFT,RMSFTUSDT,Development
2026-08-04 15:00:00+00:00,1785855600000.0,496.055,499.34,495.86,497.515,5546228.269757998,2760099910.244012,False,2026-08-04 11:00:00-04:00,Tuesday,Regular,MSFT,RMSFTUSDT,Development
2026-08-04 16:00:00+00:00,1785859200000.0,497.51,497.71,494.245,494.44,3275742.415496001,1624892061.1493225,False,2026-08-04 12:00:00-04:00,Tuesday,Regular,MSFT,RMSFTUSDT,Development
2026-08-04 17:00:00+00:00,1785862800000.0,494.38,496.23,494.34,495.626,3714875.293535,1840440695.611359,False,2026-08-04 13:00:00-04:00,Tuesday,Regular,MSFT,RMSFTUSDT,Development
2026-08-04 18:00:00+00:00,1785866400000.0,495.621,497.53,495.48,496.255,4693423.327518,2331038845.8453608,False,2026-08-04 14:00:00-04:00,Tuesday,Regular,MSFT,RMSFTUSDT,Development
2026-08-04 19:00:00+00:00,1785870000000.0,496.26,497.76,492.35,492.82,8635884.442291,4278603728.5408206,False,2026-08-04 15:00:00-04:00,Tuesday,Regular,MSFT,RMSFTUSDT,Development
2026-08-04 20:00:00+00:00,1785873600000.0,492.0,495.202,491.172,493.01,11185893.617837004,5509852398.178399,False,2026-08-04 16:00:00-04:00,Tuesday,After-Hours,MSFT,RMSFTUSDT,Development
2026-08-04 21:00:00+00:00,1785877200000.0,493.0,493.125,491.537,491.85,516824.5776009999,254665879.1199281,False,2026-08-04 17:00:00-04:00,Tuesday,After-Hours,MSFT,RMSFTUSDT,Development
2026-08-04 22:00:00+00:00,1785880800000.0,490.0,492.93,489.74,489.97,165856.59291200002,81422003.46483251,False,2026-08-04 18:00:00-04:00,Tuesday,After-Hours,MSFT,RMSFTUSDT,Development
2026-08-04 23:00:00+00:00,1785884400000.0,490.602,491.393,489.822,490.748,74051.765782,36330519.99981808,False,2026-08-04 19:00:00-04:00,Tuesday,After-Hours,MSFT,RMSFTUSDT,Development
2026-08-05 00:00:00+00:00,1785888000000.0,490.65,491.42,489.82,490.59,10757.0,5275911.47,False,2026-08-04 20:00:00-04:00,Tuesday,Overnight,MSFT,RMSFTUSDT,Development
2026-08-05 01:00:00+00:00,1785891600000.0,490.51,491.4,490.0,491.12,10613.0,5206590.97,False,2026-08-04 21:00:00-04:00,Tuesday,Overnight,MSFT,RMSFTUSDT,Development
2026-08-05 02:00:00+00:00,1785895200000.0,491.13,491.39,490.82,491.39,6508.0,3196043.64,False,2026-08-04 22:00:00-04:00,Tuesday,Overnight,MSFT,RMSFTUSDT,Development
2026-08-05 03:00:00+00:00,1785898800000.0,491.36,491.69,490.9,491.0,6493.0,3189787.37,False,2026-08-04 23:00:00-04:00,Tuesday,Overnight,MSFT,RMSFTUSDT,Development
2026-08-05 04:00:00+00:00,1785902400000.0,490.97,491.14,490.51,490.6,8911.0,4372831.53,False,2026-08-05 00:00:00-04:00,Wednesday,Overnight,MSFT,RMSFTUSDT,Development
2026-08-05 05:00:00+00:00,1785906000000.0,490.55,490.97,490.1,490.59,16695.0,8190542.79,False,2026-08-05 01:00:00-04:00,Wednesday,Overnight,MSFT,RMSFTUSDT,Development
2026-08-05 06:00:00+00:00,1785909600000.0,490.59,491.51,490.07,491.4,17932.0,8798714.5,False,2026-08-05 02:00:00-04:00,Wednesday,Overnight,MSFT,RMSFTUSDT,Development
2026-08-05 07:00:00+00:00,1785913200000.0,491.4,493.74,491.28,492.32,31363.0,15442583.62,False,2026-08-05 03:00:00-04:00,Wednesday,Overnight,MSFT,RMSFTUSDT,Development
2026-08-05 08:00:00+00:00,1785916800000.0,492.5,494.535,490.749,491.89,193504.567792,95340938.98035224,False,2026-08-05 04:00:00-04:00,Wednesday,Pre-Market,MSFT,RMSFTUSDT,Development
2026-08-05 09:00:00+00:00,1785920400000.0,493.7,495.213,492.26,493.7,39776.750843,19647642.54772308,False,2026-08-05 05:00:00-04:00,Wednesday,Pre-Market,MSFT,RMSFTUSDT,Development
2026-08-05 10:00:00+00:00,1785924000000.0,494.01,495.842,493.64,495.02,57287.87441699999,28341084.86039452,False,2026-08-05 06:00:00-04:00,Wednesday,Pre-Market,MSFT,RMSFTUSDT,Development
2026-08-05 11:00:00+00:00,1785927600000.0,496.27,497.01,494.505,497.01,105811.630651,52449026.51597963,False,2026-08-05 07:00:00-04:00,Wednesday,Pre-Market,MSFT,RMSFTUSDT,Development
2026-08-05 12:00:00+00:00,1785931200000.0,496.66,497.744,495.546,496.336,517568.735236,257305827.87447345,False,2026-08-05 08:00:00-04:00,Wednesday,Pre-Market,MSFT,RMSFTUSDT,Development
2026-08-05 13:00:00+00:00,1785934800000.0,496.72,498.99,487.23,488.555,4094560.991024001,2017999880.4090889,False,2026-08-05 09:00:00-04:00,Wednesday,Transition,MSFT,RMSFTUSDT,Development
2026-08-05 14:00:00+00:00,1785938400000.0,488.35,491.38,487.3,491.08,4463327.725085,2185250163.862113,False,2026-08-05 10:00:00-04:00,Wednesday,Regular,MSFT,RMSFTUSDT,Development
2026-08-05 15:00:00+00:00,1785942000000.0,490.175,492.51,487.86,488.777,7428769.175691,3647930119.824808,False,2026-08-05 11:00:00-04:00,Wednesday,Regular,MSFT,RMSFTUSDT,Development
2026-08-05 16:00:00+00:00,1785945600000.0,488.767,489.685,487.705,488.21,3229069.678524,1578297931.4612842,False,2026-08-05 12:00:00-04:00,Wednesday,Regular,MSFT,RMSFTUSDT,Development
2026-08-05 17:00:00+00:00,1785949200000.0,488.235,489.145,487.42,488.785,1765822.198948,862353220.8516275,False,2026-08-05 13:00:00-04:00,Wednesday,Regular,MSFT,RMSFTUSDT,Development
2026-08-05 18:00:00+00:00,1785952800000.0,488.81,490.37,485.72,489.88,3472961.0168690006,1698984684.815874,False,2026-08-05 14:00:00-04:00,Wednesday,Regular,MSFT,RMSFTUSDT,Development
2026-08-05 19:00:00+00:00,1785956400000.0,489.9,491.445,487.2,487.47,5163018.699525999,2527722053.555077,False,2026-08-05 15:00:00-04:00,Wednesday,Regular,MSFT,RMSFTUSDT,Development
2026-08-05 20:00:00+00:00,1785960000000.0,487.255,488.948,486.097,487.022,6576165.09599,3203714546.252834,False,2026-08-05 16:00:00-04:00,Wednesday,After-Hours,MSFT,RMSFTUSDT,Development
2026-08-05 21:00:00+00:00,1785963600000.0,487.24,487.44,484.163,484.39,110331.49341200004,53632966.4337738,False,2026-08-05 17:00:00-04:00,Wednesday,After-Hours,MSFT,RMSFTUSDT,Development
2026-08-05 22:00:00+00:00,1785967200000.0,484.51,486.74,483.6,486.74,111523.116331,54024875.58874714,False,2026-08-05 18:00:00-04:00,Wednesday,After-Hours,MSFT,RMSFTUSDT,Development
2026-08-05 23:00:00+00:00,1785970800000.0,485.68,486.703,485.321,485.68,24092.592667,11703241.90651459,False,2026-08-05 19:00:00-04:00,Wednesday,After-Hours,MSFT,RMSFTUSDT,Development
2026-08-06 00:00:00+00:00,1785974400000.0,485.99,486.54,484.99,485.45,6143.0,2982937.66,False,2026-08-05 20:00:00-04:00,Wednesday,Overnight,MSFT,RMSFTUSDT,Development
2026-08-06 01:00:00+00:00,1785978000000.0,485.47,486.1,485.01,485.18,10376.0,5038937.23,False,2026-08-05 21:00:00-04:00,Wednesday,Overnight,MSFT,RMSFTUSDT,Development
2026-08-06 02:00:00+00:00,1785981600000.0,485.16,486.84,485.02,486.22,7284.0,3541065.63,False,2026-08-05 22:00:00-04:00,Wednesday,Overnight,MSFT,RMSFTUSDT,Development
2026-08-06 03:00:00+00:00,1785985200000.0,486.2,486.4,485.49,485.93,5280.0,2565335.33,False,2026-08-05 23:00:00-04:00,Wednesday,Overnight,MSFT,RMSFTUSDT,Development
2026-08-06 04:00:00+00:00,1785988800000.0,485.8,486.3,485.11,485.69,4802.0,2332110.29,False,2026-08-06 00:00:00-04:00,Thursday,Overnight,MSFT,RMSFTUSDT,Development
2026-08-06 05:00:00+00:00,1785992400000.0,485.81,486.15,485.51,485.89,3760.0,1826692.6,False,2026-08-06 01:00:00-04:00,Thursday,Overnight,MSFT,RMSFTUSDT,Development
2026-08-06 06:00:00+00:00,1785996000000.0,485.87,485.87,483.87,484.87,10341.0,5014595.12,False,2026-08-06 02:00:00-04:00,Thursday,Overnight,MSFT,RMSFTUSDT,Development
2026-08-06 07:00:00+00:00,1785999600000.0,484.59,486.54,484.53,485.58,16911.0,8209605.17999999,False,2026-08-06 03:00:00-04:00,Thursday,Overnight,MSFT,RMSFTUSDT,Development
2026-08-06 08:00:00+00:00,1786003200000.0,485.17,485.774,483.785,485.06,108356.93883799996,52549398.69342784,False,2026-08-06 04:00:00-04:00,Thursday,Pre-Market,MSFT,RMSFTUSDT,Development
2026-08-06 09:00:00+00:00,1786006800000.0,484.34,485.446,484.34,485.04,25153.066001,12197342.98461512,False,2026-08-06 05:00:00-04:00,Thursday,Pre-Market,MSFT,RMSFTUSDT,Development
2026-08-06 10:00:00+00:00,1786010400000.0,485.82,487.59,484.98,487.16,39849.733901,19374657.6895555,False,2026-08-06 06:00:00-04:00,Thursday,Pre-Market,MSFT,RMSFTUSDT,Development
2026-08-06 11:00:00+00:00,1786014000000.0,485.3,487.59,482.741,482.99,120366.41951999997,58291711.66045295,False,2026-08-06 07:00:00-04:00,Thursday,Pre-Market,MSFT,RMSFTUSDT,Development
2026-08-06 12:00:00+00:00,1786017600000.0,483.08,485.14,481.793,484.12,142948.47187900005,69109896.80431575,False,2026-08-06 08:00:00-04:00,Thursday,Pre-Market,MSFT,RMSFTUSDT,Development
2026-08-06 13:00:00+00:00,1786021200000.0,484.7,497.105,484.19,494.845,4626465.2224590015,2279392794.006346,False,2026-08-06 09:00:00-04:00,Thursday,Transition,MSFT,RMSFTUSDT,Development
2026-08-06 14:00:00+00:00,1786024800000.0,494.85,498.49,493.74,498.35,6050673.125085,3004251451.2354336,False,2026-08-06 10:00:00-04:00,Thursday,Regular,MSFT,RMSFTUSDT,Development
2026-08-06 15:00:00+00:00,1786028400000.0,498.347,498.915,494.67,495.438,4284206.938057,2127374783.821204,False,2026-08-06 11:00:00-04:00,Thursday,Regular,MSFT,RMSFTUSDT,Development
2026-08-06 16:00:00+00:00,1786032000000.0,495.53,495.72,493.5,495.22,1664337.3672200008,823419428.5042615,False,2026-08-06 12:00:00-04:00,Thursday,Regular,MSFT,RMSFTUSDT,Development
2026-08-06 17:00:00+00:00,1786035600000.0,495.23,497.09,494.9,495.96,2119113.000766,1051336461.0530286,False,2026-08-06 13:00:00-04:00,Thursday,Regular,MSFT,RMSFTUSDT,Development
2026-08-06 18:00:00+00:00,1786039200000.0,495.97,497.79,495.891,497.01,3916407.931367001,1946545602.5534072,False,2026-08-06 14:00:00-04:00,Thursday,Regular,MSFT,RMSFTUSDT,Development
2026-08-06 19:00:00+00:00,1786042800000.0,497.125,501.55,496.928,500.025,7289268.886560001,3639115008.879097,False,2026-08-06 15:00:00-04:00,Thursday,Regular,MSFT,RMSFTUSDT,Development
2026-08-06 20:00:00+00:00,1786046400000.0,499.897,501.7,498.503,498.925,7065174.811705,3531798306.7176023,False,2026-08-06 16:00:00-04:00,Thursday,After-Hours,MSFT,RMSFTUSDT,Development
2026-08-06 21:00:00+00:00,1786050000000.0,498.9,499.141,498.381,498.95,54469.874756000005,27166572.23819375,False,2026-08-06 17:00:00-04:00,Thursday,After-Hours,MSFT,RMSFTUSDT,Development
2026-08-06 22:00:00+00:00,1786053600000.0,498.513,499.105,498.215,498.344,1024241.1785139998,510678150.4052985,False,2026-08-06 18:00:00-04:00,Thursday,After-Hours,MSFT,RMSFTUSDT,Development
2026-08-06 23:00:00+00:00,1786057200000.0,498.3,498.944,498.2,498.3,23771.43685,11851879.78464403,False,2026-08-06 19:00:00-04:00,Thursday,After-Hours,MSFT,RMSFTUSDT,Development
2026-08-07 00:00:00+00:00,1786060800000.0,499.49,499.49,497.95,498.33,6291.0,3136512.47,False,2026-08-06 20:00:00-04:00,Thursday,Overnight,MSFT,RMSFTUSDT,Development
2026-08-07 01:00:00+00:00,1786064400000.0,498.26,498.36,497.64,497.73,3879.0,1931442.69,False,2026-08-06 21:00:00-04:00,Thursday,Overnight,MSFT,RMSFTUSDT,Development
2026-08-07 02:00:00+00:00,1786068000000.0,497.8,498.04,497.5,497.93,8812.0,4386636.29,False,2026-08-06 22:00:00-04:00,Thursday,Overnight,MSFT,RMSFTUSDT,Development
2026-08-07 03:00:00+00:00,1786071600000.0,497.87,498.18,497.64,497.64,4508.0,2244843.99,False,2026-08-06 23:00:00-04:00,Thursday,Overnight,MSFT,RMSFTUSDT,Development
2026-08-07 04:00:00+00:00,1786075200000.0,497.65,497.9,497.23,497.77,3852.0,1916780.68,False,2026-08-07 00:00:00-04:00,Friday,Overnight,MSFT,RMSFTUSDT,Development
2026-08-07 05:00:00+00:00,1786078800000.0,497.73,498.58,497.67,498.57,9427.0,4695035.92,False,2026-08-07 01:00:00-04:00,Friday,Overnight,MSFT,RMSFTUSDT,Development
2026-08-07 06:00:00+00:00,1786082400000.0,498.58,498.96,497.77,498.12,26526.0,13221527.74,False,2026-08-07 02:00:00-04:00,Friday,Overnight,MSFT,RMSFTUSDT,Development
2026-08-07 07:00:00+00:00,1786086000000.0,498.14,500.19,498.14,499.47,21077.0,10526103.62,False,2026-08-07 03:00:00-04:00,Friday,Overnight,MSFT,RMSFTUSDT,Development
2026-08-07 08:00:00+00:00,1786089600000.0,499.49,499.49,496.875,497.46,136399.30553400004,68020055.8014034,False,2026-08-07 04:00:00-04:00,Friday,Pre-Market,MSFT,RMSFTUSDT,Development
2026-08-07 09:00:00+00:00,1786093200000.0,497.515,497.825,496.69,497.65,57343.176999,28516988.52629452,False,2026-08-07 05:00:00-04:00,Friday,Pre-Market,MSFT,RMSFTUSDT,Development
2026-08-07 10:00:00+00:00,1786096800000.0,497.65,498.204,497.215,498.204,15328.543663,7628508.80627985,False,2026-08-07 06:00:00-04:00,Friday,Pre-Market,MSFT,RMSFTUSDT,Development
2026-08-07 11:00:00+00:00,1786100400000.0,498.19,498.675,497.766,497.81,55551.657095,27678335.38929828,False,2026-08-07 07:00:00-04:00,Friday,Pre-Market,MSFT,RMSFTUSDT,Development
2026-08-07 12:00:00+00:00,1786104000000.0,497.81,499.096,497.106,497.25,172559.54367099996,85939501.67133515,False,2026-08-07 08:00:00-04:00,Friday,Pre-Market,MSFT,RMSFTUSDT,Development
2026-08-07 13:00:00+00:00,1786107600000.0,497.381,505.1,496.452,501.734,2441618.792015,1223317600.532334,False,2026-08-07 09:00:00-04:00,Friday,Transition,MSFT,RMSFTUSDT,Development
2026-08-07 14:00:00+00:00,1786111200000.0,501.752,504.8,501.15,503.706,3836073.97825,1929689106.8640385,False,2026-08-07 10:00:00-04:00,Friday,Regular,MSFT,RMSFTUSDT,Development
2026-08-07 15:00:00+00:00,1786114800000.0,503.75,503.955,501.555,503.56,2513342.7096030004,1263650404.8375258,False,2026-08-07 11:00:00-04:00,Friday,Regular,MSFT,RMSFTUSDT,Development
2026-08-07 16:00:00+00:00,1786118400000.0,503.56,503.765,500.945,500.965,2244985.254128,1128776565.2888296,False,2026-08-07 12:00:00-04:00,Friday,Regular,MSFT,RMSFTUSDT,Development
2026-08-07 17:00:00+00:00,1786122000000.0,500.78,501.003,498.74,500.35,1935011.9068130008,967373211.5896928,False,2026-08-07 13:00:00-04:00,Friday,Regular,MSFT,RMSFTUSDT,Development
2026-08-07 18:00:00+00:00,1786125600000.0,500.36,500.81,498.87,499.826,1943624.993684,971162295.248924,False,2026-08-07 14:00:00-04:00,Friday,Regular,MSFT,RMSFTUSDT,Development
2026-08-07 19:00:00+00:00,1786129200000.0,500.16,501.91,499.79,499.89,4577718.449306,2293754049.387183,False,2026-08-07 15:00:00-04:00,Friday,Regular,MSFT,RMSFTUSDT,Development
2026-08-07 20:00:00+00:00,1786132800000.0,500.04,500.345,499.209,500.04,7558048.750035999,3776797773.8562393,False,2026-08-07 16:00:00-04:00,Friday,After-Hours,MSFT,RMSFTUSDT,Development
2026-08-07 21:00:00+00:00,1786136400000.0,499.93,500.095,499.543,499.75,903798.883855,451545423.904694,False,2026-08-07 17:00:00-04:00,Friday,After-Hours,MSFT,RMSFTUSDT,Development
2026-08-07 22:00:00+00:00,1786140000000.0,499.45,499.925,499.321,499.66,19083.780583000003,9533999.14822893,False,2026-08-07 18:00:00-04:00,Friday,After-Hours,MSFT,RMSFTUSDT,Development
2026-08-07 23:00:00+00:00,1786143600000.0,499.545,499.83,499.241,499.474,27387.757018,13681872.072429212,False,2026-08-07 19:00:00-04:00,Friday,After-Hours,MSFT,RMSFTUSDT,Development
2026-08-08 00:00:00+00:00,,,,,,,,True,2026-08-07 20:00:00-04:00,Friday,Overnight,MSFT,RMSFTUSDT,Development
2026-08-08 01:00:00+00:00,1786150800000.0,499.87,499.87,499.87,499.87,0.04,19.9948,False,2026-08-07 21:00:00-04:00,Friday,Overnight,MSFT,RMSFTUSDT,Development
2026-08-08 02:00:00+00:00,,,,,,,,True,2026-08-07 22:00:00-04:00,Friday,Overnight,MSFT,RMSFTUSDT,Development
2026-08-08 03:00:00+00:00,,,,,,,,True,2026-08-07 23:00:00-04:00,Friday,Overnight,MSFT,RMSFTUSDT,Development
2026-08-08 04:00:00+00:00,1786161600000.0,499.71,499.71,499.53,499.53,0.0579,28.929465,False,2026-08-08 00:00:00-04:00,Saturday,Weekend,MSFT,RMSFTUSDT,Development
2026-08-08 05:00:00+00:00,1786165200000.0,498.89,499.53,498.89,499.53,0.0738,36.841186,False,2026-08-08 01:00:00-04:00,Saturday,Weekend,MSFT,RMSFTUSDT,Development
2026-08-08 06:00:00+00:00,,,,,,,,True,2026-08-08 02:00:00-04:00,Saturday,Weekend,MSFT,RMSFTUSDT,Development
2026-08-08 07:00:00+00:00,1786172400000.0,499.53,499.53,499.53,499.53,0.0534,26.674902,False,2026-08-08 03:00:00-04:00,Saturday,Weekend,MSFT,RMSFTUSDT,Development
2026-08-08 08:00:00+00:00,,,,,,,,True,2026-08-08 04:00:00-04:00,Saturday,Weekend,MSFT,RMSFTUSDT,Development
2026-08-08 09:00:00+00:00,,,,,,,,True,2026-08-08 05:00:00-04:00,Saturday,Weekend,MSFT,RMSFTUSDT,Development
2026-08-08 10:00:00+00:00,1786183200000.0,499.51,499.51,499.51,499.51,10.0,4995.1,False,2026-08-08 06:00:00-04:00,Saturday,Weekend,MSFT,RMSFTUSDT,Development
2026-08-08 11:00:00+00:00,,,,,,,,True,2026-08-08 07:00:00-04:00,Saturday,Weekend,MSFT,RMSFTUSDT,Development
2026-08-08 12:00:00+00:00,1786190400000.0,499.53,499.53,499.53,499.53,1.126,562.47078,False,2026-08-08 08:00:00-04:00,Saturday,Weekend,MSFT,RMSFTUSDT,Development
2026-08-08 13:00:00+00:00,1786194000000.0,499.49,499.53,499.49,499.53,0.1623,81.069635,False,2026-08-08 09:00:00-04:00,Saturday,Weekend,MSFT,RMSFTUSDT,Development
2026-08-08 14:00:00+00:00,1786197600000.0,499.53,499.53,499.45,499.45,0.05,24.97426,False,2026-08-08 10:00:00-04:00,Saturday,Weekend,MSFT,RMSFTUSDT,Development
2026-08-08 15:00:00+00:00,,,,,,,,True,2026-08-08 11:00:00-04:00,Saturday,Weekend,MSFT,RMSFTUSDT,Development
2026-08-08 16:00:00+00:00,1786204800000.0,499.45,499.45,499.45,499.45,0.1012,50.54434,False,2026-08-08 12:00:00-04:00,Saturday,Weekend,MSFT,RMSFTUSDT,Development
2026-08-08 17:00:00+00:00,1786208400000.0,499.53,499.53,499.53,499.53,0.04,19.9812,False,2026-08-08 13:00:00-04:00,Saturday,Weekend,MSFT,RMSFTUSDT,Development
2026-08-08 18:00:00+00:00,,,,,,,,True,2026-08-08 14:00:00-04:00,Saturday,Weekend,MSFT,RMSFTUSDT,Development
2026-08-08 19:00:00+00:00,,,,,,,,True,2026-08-08 15:00:00-04:00,Saturday,Weekend,MSFT,RMSFTUSDT,Development
2026-08-08 20:00:00+00:00,1786219200000.0,499.53,499.53,499.53,499.53,0.04,19.9812,False,2026-08-08 16:00:00-04:00,Saturday,Weekend,MSFT,RMSFTUSDT,Development
2026-08-08 21:00:00+00:00,,,,,,,,True,2026-08-08 17:00:00-04:00,Saturday,Weekend,MSFT,RMSFTUSDT,Development
2026-08-08 22:00:00+00:00,,,,,,,,True,2026-08-08 18:00:00-04:00,Saturday,Weekend,MSFT,RMSFTUSDT,Development
2026-08-08 23:00:00+00:00,,,,,,,,True,2026-08-08 19:00:00-04:00,Saturday,Weekend,MSFT,RMSFTUSDT,Development
2026-08-09 00:00:00+00:00,,,,,,,,True,2026-08-08 20:00:00-04:00,Saturday,Weekend,MSFT,RMSFTUSDT,Development
2026-08-09 01:00:00+00:00,1786237200000.0,499.53,499.57,499.53,499.57,0.09,44.960664,False,2026-08-08 21:00:00-04:00,Saturday,Weekend,MSFT,RMSFTUSDT,Development
2026-08-09 02:00:00+00:00,,,,,,,,True,2026-08-08 22:00:00-04:00,Saturday,Weekend,MSFT,RMSFTUSDT,Development
2026-08-09 03:00:00+00:00,,,,,,,,True,2026-08-08 23:00:00-04:00,Saturday,Weekend,MSFT,RMSFTUSDT,Development
2026-08-09 04:00:00+00:00,1786248000000.0,499.39,499.39,499.39,499.39,0.3717,185.623263,False,2026-08-09 00:00:00-04:00,Sunday,Weekend,MSFT,RMSFTUSDT,Development
2026-08-09 05:00:00+00:00,,,,,,,,True,2026-08-09 01:00:00-04:00,Sunday,Weekend,MSFT,RMSFTUSDT,Development
2026-08-09 06:00:00+00:00,1786255200000.0,499.56,499.56,499.37,499.37,8.437,4213.189231,False,2026-08-09 02:00:00-04:00,Sunday,Weekend,MSFT,RMSFTUSDT,Development
2026-08-09 07:00:00+00:00,1786258800000.0,499.55,499.55,499.33,499.33,0.0847,42.301919,False,2026-08-09 03:00:00-04:00,Sunday,Weekend,MSFT,RMSFTUSDT,Development
2026-08-09 08:00:00+00:00,1786262400000.0,499.3,499.3,499.3,499.3,0.0201,10.03593,False,2026-08-09 04:00:00-04:00,Sunday,Weekend,MSFT,RMSFTUSDT,Development
2026-08-09 09:00:00+00:00,1786266000000.0,499.3,499.3,499.2,499.2,0.7036,351.30417,False,2026-08-09 05:00:00-04:00,Sunday,Weekend,MSFT,RMSFTUSDT,Development
2026-08-09 10:00:00+00:00,,,,,,,,True,2026-08-09 06:00:00-04:00,Sunday,Weekend,MSFT,RMSFTUSDT,Development
2026-08-09 11:00:00+00:00,1786273200000.0,499.52,499.52,499.16,499.16,0.9299,464.234924,False,2026-08-09 07:00:00-04:00,Sunday,Weekend,MSFT,RMSFTUSDT,Development
2026-08-09 12:00:00+00:00,,,,,,,,True,2026-08-09 08:00:00-04:00,Sunday,Weekend,MSFT,RMSFTUSDT,Development
2026-08-09 13:00:00+00:00,1786280400000.0,499.37,499.37,499.37,499.37,0.04,19.9748,False,2026-08-09 09:00:00-04:00,Sunday,Weekend,MSFT,RMSFTUSDT,Development
2026-08-09 14:00:00+00:00,,,,,,,,True,2026-08-09 10:00:00-04:00,Sunday,Weekend,MSFT,RMSFTUSDT,Development
2026-08-09 15:00:00+00:00,,,,,,,,True,2026-08-09 11:00:00-04:00,Sunday,Weekend,MSFT,RMSFTUSDT,Development
2026-08-09 16:00:00+00:00,1786291200000.0,499.37,499.37,499.37,499.37,0.04,19.9748,False,2026-08-09 12:00:00-04:00,Sunday,Weekend,MSFT,RMSFTUSDT,Development
2026-08-09 17:00:00+00:00,1786294800000.0,499.37,499.37,499.37,499.37,0.0633,31.610121,False,2026-08-09 13:00:00-04:00,Sunday,Weekend,MSFT,RMSFTUSDT,Development
2026-08-09 18:00:00+00:00,1786298400000.0,499.37,499.37,498.97,498.97,0.0476,23.759292,False,2026-08-09 14:00:00-04:00,Sunday,Weekend,MSFT,RMSFTUSDT,Development
2026-08-09 19:00:00+00:00,,,,,,,,True,2026-08-09 15:00:00-04:00,Sunday,Weekend,MSFT,RMSFTUSDT,Development
2026-08-09 20:00:00+00:00,1786305600000.0,499.37,499.37,498.97,498.97,1.18,588.8006,False,2026-08-09 16:00:00-04:00,Sunday,Weekend,MSFT,RMSFTUSDT,Development
2026-08-09 21:00:00+00:00,,,,,,,,True,2026-08-09 17:00:00-04:00,Sunday,Weekend,MSFT,RMSFTUSDT,Development
2026-08-09 22:00:00+00:00,1786312800000.0,499.37,499.37,499.37,499.37,0.335,167.28895,False,2026-08-09 18:00:00-04:00,Sunday,Weekend,MSFT,RMSFTUSDT,Development
2026-08-09 23:00:00+00:00,1786316400000.0,499.37,499.37,499.37,499.37,0.04,19.9748,False,2026-08-09 19:00:00-04:00,Sunday,Weekend,MSFT,RMSFTUSDT,Development
2026-08-10 00:00:00+00:00,1786320000000.0,498.56,499.97,498.09,498.42,10718.0,5345446.67,False,2026-08-09 20:00:00-04:00,Sunday,Weekend,MSFT,RMSFTUSDT,Development
2026-08-10 01:00:00+00:00,1786323600000.0,498.58,499.98,498.58,499.64,10572.0,5279154.4,False,2026-08-09 21:00:00-04:00,Sunday,Weekend,MSFT,RMSFTUSDT,Development
2026-08-10 02:00:00+00:00,1786327200000.0,499.73,499.91,499.07,499.07,4602.0,2299052.2,False,2026-08-09 22:00:00-04:00,Sunday,Weekend,MSFT,RMSFTUSDT,Development
2026-08-10 03:00:00+00:00,1786330800000.0,499.11,499.31,499.05,499.18,1855.0,926055.72,False,2026-08-09 23:00:00-04:00,Sunday,Weekend,MSFT,RMSFTUSDT,Development
2026-08-10 04:00:00+00:00,1786334400000.0,499.18,499.39,499.07,499.25,2142.0,1069378.81,False,2026-08-10 00:00:00-04:00,Monday,Overnight,MSFT,RMSFTUSDT,Development
2026-08-10 05:00:00+00:00,1786338000000.0,499.26,500.9,499.25,500.88,16303.0,8153964.36,False,2026-08-10 01:00:00-04:00,Monday,Overnight,MSFT,RMSFTUSDT,Development
2026-08-10 06:00:00+00:00,1786341600000.0,500.83,501.11,499.69,499.7,13734.0,6875278.38,False,2026-08-10 02:00:00-04:00,Monday,Overnight,MSFT,RMSFTUSDT,Development
2026-08-10 07:00:00+00:00,1786345200000.0,499.69,500.01,499.24,499.57,11997.0,5993148.46,False,2026-08-10 03:00:00-04:00,Monday,Overnight,MSFT,RMSFTUSDT,Development
2026-08-10 08:00:00+00:00,1786348800000.0,499.16,499.748,498.07,498.07,105456.939733,52639706.76032673,False,2026-08-10 04:00:00-04:00,Monday,Pre-Market,MSFT,RMSFTUSDT,Development
2026-08-10 09:00:00+00:00,1786352400000.0,498.79,499.115,498.25,498.79,24042.903533000004,11992280.51164341,False,2026-08-10 05:00:00-04:00,Monday,Pre-Market,MSFT,RMSFTUSDT,Development
2026-08-10 10:00:00+00:00,1786356000000.0,499.25,499.527,499.01,499.06,25506.249739,12732622.94595979,False,2026-08-10 06:00:00-04:00,Monday,Pre-Market,MSFT,RMSFTUSDT,Development
2026-08-10 11:00:00+00:00,1786359600000.0,499.8,500.145,498.47,498.71,57648.411778,28782998.80426109,False,2026-08-10 07:00:00-04:00,Monday,Pre-Market,MSFT,RMSFTUSDT,Development
2026-08-10 12:00:00+00:00,1786363200000.0,498.49,500.09,498.457,499.81,85922.64935099999,42907897.97213354,False,2026-08-10 08:00:00-04:00,Monday,Pre-Market,MSFT,RMSFTUSDT,Development
2026-08-10 13:00:00+00:00,1786366800000.0,501.62,508.79,499.796,507.51,3935163.719510001,1987662606.699288,False,2026-08-10 09:00:00-04:00,Monday,Transition,MSFT,RMSFTUSDT,Development
2026-08-10 14:00:00+00:00,1786370400000.0,507.59,513.72,507.13,509.153,7899044.916446,4030969235.1748896,False,2026-08-10 10:00:00-04:00,Monday,Regular,MSFT,RMSFTUSDT,Development
2026-08-10 15:00:00+00:00,1786374000000.0,509.153,510.69,507.75,510.682,3128559.701323,1593274716.8624232,False,2026-08-10 11:00:00-04:00,Monday,Regular,MSFT,RMSFTUSDT,Development
2026-08-10 16:00:00+00:00,1786377600000.0,510.77,511.131,506.555,508.32,2772936.047066,1411333772.9478548,False,2026-08-10 12:00:00-04:00,Monday,Regular,MSFT,RMSFTUSDT,Development
2026-08-10 17:00:00+00:00,1786381200000.0,508.38,509.065,505.71,505.72,2639370.751811999,1339660661.629863,False,2026-08-10 13:00:00-04:00,Monday,Regular,MSFT,RMSFTUSDT,Development
2026-08-10 18:00:00+00:00,1786384800000.0,505.625,506.33,504.669,506.29,3129661.090570001,1581513516.6943927,False,2026-08-10 14:00:00-04:00,Monday,Regular,MSFT,RMSFTUSDT,Development
2026-08-10 19:00:00+00:00,1786388400000.0,506.34,506.93,504.065,505.93,3274906.099359001,1655446038.770599,False,2026-08-10 15:00:00-04:00,Monday,Regular,MSFT,RMSFTUSDT,Development
2026-08-10 20:00:00+00:00,1786392000000.0,506.01,506.55,505.122,505.375,7391896.857919999,3740270076.636941,False,2026-08-10 16:00:00-04:00,Monday,After-Hours,MSFT,RMSFTUSDT,Development
2026-08-10 21:00:00+00:00,1786395600000.0,506.89,507.125,505.379,505.6,35452.07518999999,17943440.35568763,False,2026-08-10 17:00:00-04:00,Monday,After-Hours,MSFT,RMSFTUSDT,Development
2026-08-10 22:00:00+00:00,1786399200000.0,505.686,506.524,505.685,505.801,18081.029133,9146771.3504059,False,2026-08-10 18:00:00-04:00,Monday,After-Hours,MSFT,RMSFTUSDT,Development
2026-08-10 23:00:00+00:00,1786402800000.0,505.54,505.8,505.111,505.54,15258.833873000003,7712070.98782327,False,2026-08-10 19:00:00-04:00,Monday,After-Hours,MSFT,RMSFTUSDT,Development
2026-08-11 00:00:00+00:00,1786406400000.0,505.12,506.84,504.73,506.28,4997.0,2529041.8,False,2026-08-10 20:00:00-04:00,Monday,Overnight,MSFT,RMSFTUSDT,Development
2026-08-11 01:00:00+00:00,1786410000000.0,506.39,507.04,506.03,506.08,3241.0,1641154.23,False,2026-08-10 21:00:00-04:00,Monday,Overnight,MSFT,RMSFTUSDT,Development
2026-08-11 02:00:00+00:00,1786413600000.0,506.08,506.4,505.97,506.25,3175.0,1607130.4,False,2026-08-10 22:00:00-04:00,Monday,Overnight,MSFT,RMSFTUSDT,Development
2026-08-11 03:00:00+00:00,1786417200000.0,506.23,506.45,505.99,506.2,2719.0,1376465.04,False,2026-08-10 23:00:00-04:00,Monday,Overnight,MSFT,RMSFTUSDT,Development
2026-08-11 04:00:00+00:00,1786420800000.0,506.09,506.11,505.59,505.9,4052.0,2049812.64,False,2026-08-11 00:00:00-04:00,Tuesday,Overnight,MSFT,RMSFTUSDT,Development
2026-08-11 05:00:00+00:00,1786424400000.0,505.89,506.09,505.18,505.36,4970.0,2513071.67,False,2026-08-11 01:00:00-04:00,Tuesday,Overnight,MSFT,RMSFTUSDT,Development
2026-08-11 06:00:00+00:00,1786428000000.0,505.49,505.55,504.61,504.72,6735.0,3401009.5,False,2026-08-11 02:00:00-04:00,Tuesday,Overnight,MSFT,RMSFTUSDT,Development
2026-08-11 07:00:00+00:00,1786431600000.0,504.67,505.18,504.31,504.76,8087.0,4081484.65,False,2026-08-11 03:00:00-04:00,Tuesday,Overnight,MSFT,RMSFTUSDT,Development
2026-08-11 08:00:00+00:00,1786435200000.0,504.26,505.062,503.315,504.57,65212.21271100002,32900317.77436696,False,2026-08-11 04:00:00-04:00,Tuesday,Pre-Market,MSFT,RMSFTUSDT,Development
2026-08-11 09:00:00+00:00,1786438800000.0,504.5,504.855,504.44,504.65,11738.057146999998,5924468.59121099,False,2026-08-11 05:00:00-04:00,Tuesday,Pre-Market,MSFT,RMSFTUSDT,Development
2026-08-11 10:00:00+00:00,1786442400000.0,504.772,506.615,504.772,506.455,26235.506521,13265074.638499483,False,2026-08-11 06:00:00-04:00,Tuesday,Pre-Market,MSFT,RMSFTUSDT,Development
2026-08-11 11:00:00+00:00,1786446000000.0,505.51,506.8,504.253,504.84,50014.70986400001,25283611.18193381,False,2026-08-11 07:00:00-04:00,Tuesday,Pre-Market,MSFT,RMSFTUSDT,Development
2026-08-11 12:00:00+00:00,1786449600000.0,504.54,505.213,503.981,504.49,47347.43212099999,23889573.00353963,False,2026-08-11 08:00:00-04:00,Tuesday,Pre-Market,MSFT,RMSFTUSDT,Development
2026-08-11 13:00:00+00:00,1786453200000.0,504.94,505.5,499.76,501.46,2734828.523411,1374033093.6978593,False,2026-08-11 09:00:00-04:00,Tuesday,Transition,MSFT,RMSFTUSDT,Development
2026-08-11 14:00:00+00:00,1786456800000.0,501.46,504.44,500.31,503.83,2637300.3739070003,1324179287.187396,False,2026-08-11 10:00:00-04:00,Tuesday,Regular,MSFT,RMSFTUSDT,Development
2026-08-11 15:00:00+00:00,1786460400000.0,503.831,504.325,500.46,501.214,3062458.5034,1537692532.001537,False,2026-08-11 11:00:00-04:00,Tuesday,Regular,MSFT,RMSFTUSDT,Development
2026-08-11 16:00:00+00:00,1786464000000.0,501.22,502.7,500.3,502.08,1424503.425852,714434621.9757756,False,2026-08-11 12:00:00-04:00,Tuesday,Regular,MSFT,RMSFTUSDT,Development
2026-08-11 17:00:00+00:00,1786467600000.0,502.11,503.58,501.96,502.91,1515362.7886150002,761631187.416025,False,2026-08-11 13:00:00-04:00,Tuesday,Regular,MSFT,RMSFTUSDT,Development
2026-08-11 18:00:00+00:00,1786471200000.0,502.89,503.73,501.94,503.02,2393506.87499,1203733382.2438457,False,2026-08-11 14:00:00-04:00,Tuesday,Regular,MSFT,RMSFTUSDT,Development
2026-08-11 19:00:00+00:00,1786474800000.0,503.0,504.28,502.08,503.76,3675211.814048,1849853550.3943148,False,2026-08-11 15:00:00-04:00,Tuesday,Regular,MSFT,RMSFTUSDT,Development
2026-08-11 20:00:00+00:00,1786478400000.0,503.694,503.745,502.02,502.056,6176147.081846,3110912520.079156,False,2026-08-11 16:00:00-04:00,Tuesday,After-Hours,MSFT,RMSFTUSDT,Development
2026-08-11 21:00:00+00:00,1786482000000.0,502.01,502.047,501.446,501.74,32287.715118,16197403.50575169,False,2026-08-11 17:00:00-04:00,Tuesday,After-Hours,MSFT,RMSFTUSDT,Development
2026-08-11 22:00:00+00:00,1786485600000.0,501.81,501.94,501.629,501.94,15857.228065,7957748.51762383,False,2026-08-11 18:00:00-04:00,Tuesday,After-Hours,MSFT,RMSFTUSDT,Development
2026-08-11 23:00:00+00:00,1786489200000.0,501.84,502.391,501.661,501.84,17123.871114,8594032.54101608,False,2026-08-11 19:00:00-04:00,Tuesday,After-Hours,MSFT,RMSFTUSDT,Development
2026-08-12 00:00:00+00:00,1786492800000.0,501.79,502.7,501.44,502.59,3042.0,1527964.61,False,2026-08-11 20:00:00-04:00,Tuesday,Overnight,MSFT,RMSFTUSDT,Development
2026-08-12 01:00:00+00:00,1786496400000.0,502.56,502.67,501.62,501.62,2211.0,1110511.77,False,2026-08-11 21:00:00-04:00,Tuesday,Overnight,MSFT,RMSFTUSDT,Development
2026-08-12 02:00:00+00:00,1786500000000.0,501.65,501.93,501.58,501.89,2352.0,1179954.89,False,2026-08-11 22:00:00-04:00,Tuesday,Overnight,MSFT,RMSFTUSDT,Development
2026-08-12 03:00:00+00:00,1786503600000.0,501.92,502.0,501.13,501.2,3202.0,1605615.56,False,2026-08-11 23:00:00-04:00,Tuesday,Overnight,MSFT,RMSFTUSDT,Development
2026-08-12 04:00:00+00:00,1786507200000.0,501.19,501.41,501.04,501.22,1699.0,851559.88,False,2026-08-12 00:00:00-04:00,Wednesday,Overnight,MSFT,RMSFTUSDT,Development
2026-08-12 05:00:00+00:00,1786510800000.0,501.26,501.35,501.05,501.24,2379.0,1192379.44,False,2026-08-12 01:00:00-04:00,Wednesday,Overnight,MSFT,RMSFTUSDT,Development
2026-08-12 06:00:00+00:00,1786514400000.0,501.32,501.41,501.07,501.29,4627.0,2319298.89,False,2026-08-12 02:00:00-04:00,Wednesday,Overnight,MSFT,RMSFTUSDT,Development
2026-08-12 07:00:00+00:00,1786518000000.0,501.33,501.4,499.99,500.15,10487.0,5250534.39,False,2026-08-12 03:00:00-04:00,Wednesday,Overnight,MSFT,RMSFTUSDT,Development
2026-08-12 08:00:00+00:00,1786521600000.0,498.95,502.024,497.594,498.21,87307.321343,43588599.2556352,False,2026-08-12 04:00:00-04:00,Wednesday,Pre-Market,MSFT,RMSFTUSDT,Development
2026-08-12 09:00:00+00:00,1786525200000.0,499.15,500.321,498.5,499.71,41406.555055,20684665.28100278,False,2026-08-12 05:00:00-04:00,Wednesday,Pre-Market,MSFT,RMSFTUSDT,Development
2026-08-12 10:00:00+00:00,1786528800000.0,499.29,500.29,499.29,499.87,25554.645212,12770905.83458727,False,2026-08-12 06:00:00-04:00,Wednesday,Pre-Market,MSFT,RMSFTUSDT,Development
2026-08-12 11:00:00+00:00,1786532400000.0,499.95,500.6,499.362,500.01,52127.685391,26060735.8854507,False,2026-08-12 07:00:00-04:00,Wednesday,Pre-Market,MSFT,RMSFTUSDT,Development
2026-08-12 12:00:00+00:00,1786536000000.0,500.245,501.784,499.51,499.6,571009.169538,285487623.5634424,False,2026-08-12 08:00:00-04:00,Wednesday,Pre-Market,MSFT,RMSFTUSDT,Development
2026-08-12 13:00:00+00:00,1786539600000.0,499.46,501.41,492.72,493.48,3994895.748716,1985878656.2697184,False,2026-08-12 09:00:00-04:00,Wednesday,Transition,MSFT,RMSFTUSDT,Development
2026-08-12 14:00:00+00:00,1786543200000.0,493.555,496.405,491.975,494.97,3694356.701984,1827782978.306584,False,2026-08-12 10:00:00-04:00,Wednesday,Regular,MSFT,RMSFTUSDT,Development
2026-08-12 15:00:00+00:00,1786546800000.0,494.966,495.095,492.105,492.781,2947177.691437,1453974672.270325,False,2026-08-12 11:00:00-04:00,Wednesday,Regular,MSFT,RMSFTUSDT,Development
2026-08-12 16:00:00+00:00,1786550400000.0,492.783,494.97,492.2,494.126,2989889.530056,1475392172.0632143,False,2026-08-12 12:00:00-04:00,Wednesday,Regular,MSFT,RMSFTUSDT,Development
2026-08-12 17:00:00+00:00,1786554000000.0,494.06,494.17,491.54,492.105,1658866.1353460003,817654952.2254301,False,2026-08-12 13:00:00-04:00,Wednesday,Regular,MSFT,RMSFTUSDT,Development
2026-08-12 18:00:00+00:00,1786557600000.0,492.0,492.993,491.85,492.93,1426396.0296370003,702255132.397934,False,2026-08-12 14:00:00-04:00,Wednesday,Regular,MSFT,RMSFTUSDT,Development
2026-08-12 19:00:00+00:00,1786561200000.0,492.96,494.63,492.04,492.45,4000073.8258599993,1973386421.0652075,False,2026-08-12 15:00:00-04:00,Wednesday,Regular,MSFT,RMSFTUSDT,Development
2026-08-12 20:00:00+00:00,1786564800000.0,492.503,492.517,491.376,491.485,8808589.215335,4336183102.467641,False,2026-08-12 16:00:00-04:00,Wednesday,After-Hours,MSFT,RMSFTUSDT,Development
2026-08-12 21:00:00+00:00,1786568400000.0,491.54,491.7,491.302,491.38,197994.643134,97318703.18304564,False,2026-08-12 17:00:00-04:00,Wednesday,After-Hours,MSFT,RMSFTUSDT,Development
2026-08-12 22:00:00+00:00,1786572000000.0,491.22,491.57,490.62,490.81,385669.09551500017,189505722.09338143,False,2026-08-12 18:00:00-04:00,Wednesday,After-Hours,MSFT,RMSFTUSDT,Development
2026-08-12 23:00:00+00:00,1786575600000.0,490.12,490.765,488.822,489.32,63238.64689299999,30966238.96844192,False,2026-08-12 19:00:00-04:00,Wednesday,After-Hours,MSFT,RMSFTUSDT,Development
2026-08-13 00:00:00+00:00,1786579200000.0,489.84,489.84,488.96,489.16,9463.0,4630659.4,False,2026-08-12 20:00:00-04:00,Wednesday,Overnight,MSFT,RMSFTUSDT,Development
2026-08-13 01:00:00+00:00,1786582800000.0,489.14,489.3,488.53,489.16,7274.0,3556950.85,False,2026-08-12 21:00:00-04:00,Wednesday,Overnight,MSFT,RMSFTUSDT,Development
2026-08-13 02:00:00+00:00,1786586400000.0,489.16,490.26,489.0,490.0,6068.0,2970390.43,False,2026-08-12 22:00:00-04:00,Wednesday,Overnight,MSFT,RMSFTUSDT,Development
2026-08-13 03:00:00+00:00,1786590000000.0,489.92,490.18,489.56,489.77,4539.0,2223804.38,False,2026-08-12 23:00:00-04:00,Wednesday,Overnight,MSFT,RMSFTUSDT,Development
2026-08-13 04:00:00+00:00,1786593600000.0,489.87,490.05,489.26,489.79,2577.0,1261773.79,False,2026-08-13 00:00:00-04:00,Thursday,Overnight,MSFT,RMSFTUSDT,Development
2026-08-13 05:00:00+00:00,1786597200000.0,489.76,490.12,489.51,489.78,6088.0,2981718.26,False,2026-08-13 01:00:00-04:00,Thursday,Overnight,MSFT,RMSFTUSDT,Development
2026-08-13 06:00:00+00:00,1786600800000.0,489.72,489.79,489.0,489.2,12244.0,5992404.48,False,2026-08-13 02:00:00-04:00,Thursday,Overnight,MSFT,RMSFTUSDT,Development
2026-08-13 07:00:00+00:00,1786604400000.0,489.3,490.66,489.19,490.41,12753.0,6249060.89,False,2026-08-13 03:00:00-04:00,Thursday,Overnight,MSFT,RMSFTUSDT,Development
2026-08-13 08:00:00+00:00,1786608000000.0,489.2,493.345,489.2,492.565,132931.475323,65340452.4864729,False,2026-08-13 04:00:00-04:00,Thursday,Pre-Market,MSFT,RMSFTUSDT,Development
2026-08-13 09:00:00+00:00,1786611600000.0,493.0,493.226,492.265,493.0,24495.668374,12066950.82302587,False,2026-08-13 05:00:00-04:00,Thursday,Pre-Market,MSFT,RMSFTUSDT,Development
2026-08-13 10:00:00+00:00,1786615200000.0,492.81,494.395,492.375,493.69,35551.220668999995,17545007.34163053,False,2026-08-13 06:00:00-04:00,Thursday,Pre-Market,MSFT,RMSFTUSDT,Development
2026-08-13 11:00:00+00:00,1786618800000.0,493.0,494.2,492.775,493.49,56039.340436999984,27646851.69444072,False,2026-08-13 07:00:00-04:00,Thursday,Pre-Market,MSFT,RMSFTUSDT,Development
2026-08-13 12:00:00+00:00,1786622400000.0,494.46,496.244,493.44,495.89,97801.66716099998,48421243.54524259,False,2026-08-13 08:00:00-04:00,Thursday,Pre-Market,MSFT,RMSFTUSDT,Development
2026-08-13 13:00:00+00:00,1786626000000.0,495.7,499.935,493.0,498.7,2821050.270891999,1401960991.0336256,False,2026-08-13 09:00:00-04:00,Thursday,Transition,MSFT,RMSFTUSDT,Development
2026-08-13 14:00:00+00:00,1786629600000.0,498.674,501.31,497.0,497.533,3866990.538208,1930398527.0903728,False,2026-08-13 10:00:00-04:00,Thursday,Regular,MSFT,RMSFTUSDT,Development
2026-08-13 15:00:00+00:00,1786633200000.0,497.425,497.695,493.43,494.9,2138174.4574990007,1059318764.9229704,False,2026-08-13 11:00:00-04:00,Thursday,Regular,MSFT,RMSFTUSDT,Development
2026-08-13 16:00:00+00:00,1786636800000.0,494.935,494.975,493.77,494.32,1682670.3520550008,831915082.5955908,False,2026-08-13 12:00:00-04:00,Thursday,Regular,MSFT,RMSFTUSDT,Development
2026-08-13 17:00:00+00:00,1786640400000.0,494.32,494.804,493.47,494.14,1586464.345834,783664682.3865789,False,2026-08-13 13:00:00-04:00,Thursday,Regular,MSFT,RMSFTUSDT,Development
2026-08-13 18:00:00+00:00,1786644000000.0,494.12,497.245,493.03,496.93,1487413.468742,736848568.3493245,False,2026-08-13 14:00:00-04:00,Thursday,Regular,MSFT,RMSFTUSDT,Development
2026-08-13 19:00:00+00:00,1786647600000.0,497.02,498.5,495.75,496.9,3856313.701683,1917373535.250939,False,2026-08-13 15:00:00-04:00,Thursday,Regular,MSFT,RMSFTUSDT,Development
2026-08-13 20:00:00+00:00,1786651200000.0,497.21,497.599,495.68,496.1,5842637.973696999,2902777375.238972,False,2026-08-13 16:00:00-04:00,Thursday,After-Hours,MSFT,RMSFTUSDT,Development
2026-08-13 21:00:00+00:00,1786654800000.0,496.55,496.818,495.555,496.26,409496.4198699998,203138233.810639,False,2026-08-13 17:00:00-04:00,Thursday,After-Hours,MSFT,RMSFTUSDT,Development
2026-08-13 22:00:00+00:00,1786658400000.0,495.86,496.164,495.4,495.4,18095.798415,8971788.27936651,False,2026-08-13 18:00:00-04:00,Thursday,After-Hours,MSFT,RMSFTUSDT,Development
2026-08-13 23:00:00+00:00,1786662000000.0,495.63,495.788,495.165,495.63,11079.909546,5491097.91185691,False,2026-08-13 19:00:00-04:00,Thursday,After-Hours,MSFT,RMSFTUSDT,Development
2026-08-14 00:00:00+00:00,1786665600000.0,495.41,496.41,495.37,496.3,1753.0,869466.04,False,2026-08-13 20:00:00-04:00,Thursday,Overnight,MSFT,RMSFTUSDT,Development
2026-08-14 01:00:00+00:00,1786669200000.0,496.08,496.08,495.37,495.52,1816.0,900189.12,False,2026-08-13 21:00:00-04:00,Thursday,Overnight,MSFT,RMSFTUSDT,Development
2026-08-14 02:00:00+00:00,1786672800000.0,495.52,495.88,495.51,495.7,1539.0,762791.8,False,2026-08-13 22:00:00-04:00,Thursday,Overnight,MSFT,RMSFTUSDT,Development
2026-08-14 03:00:00+00:00,1786676400000.0,495.73,496.13,495.54,495.54,2277.0,1128929.09,False,2026-08-13 23:00:00-04:00,Thursday,Overnight,MSFT,RMSFTUSDT,Development
2026-08-14 04:00:00+00:00,1786680000000.0,495.49,495.56,495.21,495.33,1975.0,978336.09,False,2026-08-14 00:00:00-04:00,Friday,Overnight,MSFT,RMSFTUSDT,Development
2026-08-14 05:00:00+00:00,1786683600000.0,495.31,495.32,494.01,494.94,5838.0,2888613.87,False,2026-08-14 01:00:00-04:00,Friday,Overnight,MSFT,RMSFTUSDT,Development
2026-08-14 06:00:00+00:00,1786687200000.0,494.86,495.36,494.47,495.36,2490.0,1232200.34,False,2026-08-14 02:00:00-04:00,Friday,Overnight,MSFT,RMSFTUSDT,Development
2026-08-14 07:00:00+00:00,1786690800000.0,495.38,496.78,495.31,496.15,15400.0,7640154.4,False,2026-08-14 03:00:00-04:00,Friday,Overnight,MSFT,RMSFTUSDT,Development
2026-08-14 08:00:00+00:00,1786694400000.0,495.835,496.55,495.5,495.631,55284.623840000015,27434513.6043726,False,2026-08-14 04:00:00-04:00,Friday,Pre-Market,MSFT,RMSFTUSDT,Development
2026-08-14 09:00:00+00:00,1786698000000.0,495.63,495.725,495.375,495.695,5825.441241999999,2887259.94750771,False,2026-08-14 05:00:00-04:00,Friday,Pre-Market,MSFT,RMSFTUSDT,Development
2026-08-14 10:00:00+00:00,1786701600000.0,495.695,495.99,494.496,495.99,26647.356706,13197622.451971948,False,2026-08-14 06:00:00-04:00,Friday,Pre-Market,MSFT,RMSFTUSDT,Development
2026-08-14 11:00:00+00:00,1786705200000.0,495.99,496.259,494.741,495.11,32819.61947499999,16263933.09285752,False,2026-08-14 07:00:00-04:00,Friday,Pre-Market,MSFT,RMSFTUSDT,Development
2026-08-14 12:00:00+00:00,1786708800000.0,496.99,498.014,495.605,497.81,35969.21401299999,17874177.92255868,False,2026-08-14 08:00:00-04:00,Friday,Pre-Market,MSFT,RMSFTUSDT,Development
2026-08-14 13:00:00+00:00,1786712400000.0,496.51,498.625,493.91,498.625,2068517.8691200004,1026893562.9834244,False,2026-08-14 09:00:00-04:00,Friday,Transition,MSFT,RMSFTUSDT,Development
2026-08-14 14:00:00+00:00,1786716000000.0,498.47,500.0,497.32,498.515,2481880.71095,1237905759.929721,False,2026-08-14 10:00:00-04:00,Friday,Regular,MSFT,RMSFTUSDT,Development
2026-08-14 15:00:00+00:00,1786719600000.0,498.56,499.241,497.42,498.387,1962115.462242,977923718.663212,False,2026-08-14 11:00:00-04:00,Friday,Regular,MSFT,RMSFTUSDT,Development
2026-08-14 16:00:00+00:00,1786723200000.0,498.595,498.595,496.43,496.595,1030822.164737,512712905.3523009,False,2026-08-14 12:00:00-04:00,Friday,Regular,MSFT,RMSFTUSDT,Development
2026-08-14 17:00:00+00:00,1786726800000.0,496.66,496.735,495.599,495.875,738267.0516239997,366208364.1000552,False,2026-08-14 13:00:00-04:00,Friday,Regular,MSFT,RMSFTUSDT,Development
2026-08-14 18:00:00+00:00,1786730400000.0,495.9,496.21,495.12,495.51,855526.4116569997,424042607.0168448,False,2026-08-14 14:00:00-04:00,Friday,Regular,MSFT,RMSFTUSDT,Development
2026-08-14 19:00:00+00:00,1786734000000.0,495.6,495.76,494.66,495.34,2111604.214616,1045490299.2863442,False,2026-08-14 15:00:00-04:00,Friday,Regular,MSFT,RMSFTUSDT,Development
2026-08-14 20:00:00+00:00,1786737600000.0,495.183,495.28,494.617,495.05,5339610.382573,2643827492.0668087,False,2026-08-14 16:00:00-04:00,Friday,After-Hours,MSFT,RMSFTUSDT,Development
2026-08-14 21:00:00+00:00,1786741200000.0,495.19,495.59,495.045,495.39,29355.056266,14541963.54765798,False,2026-08-14 17:00:00-04:00,Friday,After-Hours,MSFT,RMSFTUSDT,Development
2026-08-14 22:00:00+00:00,1786744800000.0,495.38,495.51,495.1,495.38,11395.139983999996,5644499.40655251,False,2026-08-14 18:00:00-04:00,Friday,After-Hours,MSFT,RMSFTUSDT,Development
2026-08-14 23:00:00+00:00,1786748400000.0,495.205,495.299,495.112,495.219,6413.798164999999,3176117.34096672,False,2026-08-14 19:00:00-04:00,Friday,After-Hours,MSFT,RMSFTUSDT,Development
2026-08-15 00:00:00+00:00,1786752000000.0,495.218,495.218,495.217,495.217,0.0,0.0,False,2026-08-14 20:00:00-04:00,Friday,Overnight,MSFT,RMSFTUSDT,Development
2026-08-15 01:00:00+00:00,1786755600000.0,495.87,495.87,495.87,495.87,0.0403,19.983561,False,2026-08-14 21:00:00-04:00,Friday,Overnight,MSFT,RMSFTUSDT,Development
2026-08-15 02:00:00+00:00,,,,,,,,True,2026-08-14 22:00:00-04:00,Friday,Overnight,MSFT,RMSFTUSDT,Development
2026-08-15 03:00:00+00:00,,,,,,,,True,2026-08-14 23:00:00-04:00,Friday,Overnight,MSFT,RMSFTUSDT,Development
2026-08-15 04:00:00+00:00,,,,,,,,True,2026-08-15 00:00:00-04:00,Saturday,Weekend,MSFT,RMSFTUSDT,Development
2026-08-15 05:00:00+00:00,1786770000000.0,495.87,495.87,495.87,495.87,0.2025,100.413675,False,2026-08-15 01:00:00-04:00,Saturday,Weekend,MSFT,RMSFTUSDT,Development
2026-08-15 06:00:00+00:00,1786773600000.0,496.03,496.03,496.03,496.03,0.1425,70.684275,False,2026-08-15 02:00:00-04:00,Saturday,Weekend,MSFT,RMSFTUSDT,Development
2026-08-15 07:00:00+00:00,1786777200000.0,496.06,496.06,495.84,495.84,0.1954,96.911798,False,2026-08-15 03:00:00-04:00,Saturday,Weekend,MSFT,RMSFTUSDT,Development
2026-08-15 08:00:00+00:00,1786780800000.0,495.81,495.81,495.81,495.81,0.0298,14.775138,False,2026-08-15 04:00:00-04:00,Saturday,Weekend,MSFT,RMSFTUSDT,Development
2026-08-15 09:00:00+00:00,,,,,,,,True,2026-08-15 05:00:00-04:00,Saturday,Weekend,MSFT,RMSFTUSDT,Development
2026-08-15 10:00:00+00:00,1786788000000.0,495.81,495.81,495.81,495.81,0.0091,4.511871,False,2026-08-15 06:00:00-04:00,Saturday,Weekend,MSFT,RMSFTUSDT,Development
2026-08-15 11:00:00+00:00,,,,,,,,True,2026-08-15 07:00:00-04:00,Saturday,Weekend,MSFT,RMSFTUSDT,Development
2026-08-15 12:00:00+00:00,1786795200000.0,495.81,495.81,495.74,495.74,0.1009,50.023095,False,2026-08-15 08:00:00-04:00,Saturday,Weekend,MSFT,RMSFTUSDT,Development
2026-08-15 13:00:00+00:00,1786798800000.0,496.09,496.13,496.09,496.13,0.0947,46.981899,False,2026-08-15 09:00:00-04:00,Saturday,Weekend,MSFT,RMSFTUSDT,Development
2026-08-15 14:00:00+00:00,,,,,,,,True,2026-08-15 10:00:00-04:00,Saturday,Weekend,MSFT,RMSFTUSDT,Development
2026-08-15 15:00:00+00:00,1786806000000.0,496.15,496.18,496.15,496.18,0.3419,169.63629,False,2026-08-15 11:00:00-04:00,Saturday,Weekend,MSFT,RMSFTUSDT,Development
2026-08-15 16:00:00+00:00,1786809600000.0,496.21,496.21,496.04,496.04,0.1063,52.738096,False,2026-08-15 12:00:00-04:00,Saturday,Weekend,MSFT,RMSFTUSDT,Development
2026-08-15 17:00:00+00:00,1786813200000.0,496.21,496.38,496.08,496.08,0.422,209.407154,False,2026-08-15 13:00:00-04:00,Saturday,Weekend,MSFT,RMSFTUSDT,Development
2026-08-15 18:00:00+00:00,1786816800000.0,496.18,496.18,494.65,494.81,12.3139,6091.631532,False,2026-08-15 14:00:00-04:00,Saturday,Weekend,MSFT,RMSFTUSDT,Development
2026-08-15 19:00:00+00:00,1786820400000.0,494.94,494.94,494.6,494.94,0.3401,168.312128,False,2026-08-15 15:00:00-04:00,Saturday,Weekend,MSFT,RMSFTUSDT,Development
2026-08-15 20:00:00+00:00,1786824000000.0,494.94,494.94,494.36,494.94,0.3797,187.847089,False,2026-08-15 16:00:00-04:00,Saturday,Weekend,MSFT,RMSFTUSDT,Development
2026-08-15 21:00:00+00:00,1786827600000.0,494.13,494.94,494.13,494.32,0.2494,123.340783,False,2026-08-15 17:00:00-04:00,Saturday,Weekend,MSFT,RMSFTUSDT,Development
2026-08-15 22:00:00+00:00,,,,,,,,True,2026-08-15 18:00:00-04:00,Saturday,Weekend,MSFT,RMSFTUSDT,Development
2026-08-15 23:00:00+00:00,1786834800000.0,494.94,495.05,494.78,494.78,1.7996,890.785201,False,2026-08-15 19:00:00-04:00,Saturday,Weekend,MSFT,RMSFTUSDT,Development
2026-08-16 00:00:00+00:00,,,,,,,,True,2026-08-15 20:00:00-04:00,Saturday,Weekend,MSFT,RMSFTUSDT,Development
2026-08-16 01:00:00+00:00,1786842000000.0,495.05,495.05,495.05,495.05,0.0403,19.950515,False,2026-08-15 21:00:00-04:00,Saturday,Weekend,MSFT,RMSFTUSDT,Development
2026-08-16 02:00:00+00:00,1786845600000.0,495.05,495.05,494.68,494.68,0.1797,88.927259,False,2026-08-15 22:00:00-04:00,Saturday,Weekend,MSFT,RMSFTUSDT,Development
2026-08-16 03:00:00+00:00,,,,,,,,True,2026-08-15 23:00:00-04:00,Saturday,Weekend,MSFT,RMSFTUSDT,Development
2026-08-16 04:00:00+00:00,1786852800000.0,495.05,495.29,495.05,495.29,0.1043,51.638299,False,2026-08-16 00:00:00-04:00,Sunday,Weekend,MSFT,RMSFTUSDT,Development
2026-08-16 05:00:00+00:00,1786856400000.0,494.68,494.68,494.68,494.68,0.0267,13.207956,False,2026-08-16 01:00:00-04:00,Sunday,Weekend,MSFT,RMSFTUSDT,Development
2026-08-16 06:00:00+00:00,1786860000000.0,495.29,495.32,495.11,495.32,2.2387,1108.629527,False,2026-08-16 02:00:00-04:00,Sunday,Weekend,MSFT,RMSFTUSDT,Development
2026-08-16 07:00:00+00:00,,,,,,,,True,2026-08-16 03:00:00-04:00,Sunday,Weekend,MSFT,RMSFTUSDT,Development
2026-08-16 08:00:00+00:00,,,,,,,,True,2026-08-16 04:00:00-04:00,Sunday,Weekend,MSFT,RMSFTUSDT,Development
2026-08-16 09:00:00+00:00,1786870800000.0,494.68,494.68,494.67,494.67,0.0987,48.824586,False,2026-08-16 05:00:00-04:00,Sunday,Weekend,MSFT,RMSFTUSDT,Development
2026-08-16 10:00:00+00:00,,,,,,,,True,2026-08-16 06:00:00-04:00,Sunday,Weekend,MSFT,RMSFTUSDT,Development
2026-08-16 11:00:00+00:00,1786878000000.0,495.32,495.32,495.32,495.32,0.0545,26.99494,False,2026-08-16 07:00:00-04:00,Sunday,Weekend,MSFT,RMSFTUSDT,Development
2026-08-16 12:00:00+00:00,1786881600000.0,494.67,495.32,494.67,495.32,0.1958,96.948296,False,2026-08-16 08:00:00-04:00,Sunday,Weekend,MSFT,RMSFTUSDT,Development
2026-08-16 13:00:00+00:00,1786885200000.0,495.32,495.62,494.64,495.0,3.0175,1495.008511,False,2026-08-16 09:00:00-04:00,Sunday,Weekend,MSFT,RMSFTUSDT,Development
2026-08-16 14:00:00+00:00,,,,,,,,True,2026-08-16 10:00:00-04:00,Sunday,Weekend,MSFT,RMSFTUSDT,Development
2026-08-16 15:00:00+00:00,1786892400000.0,495.0,495.56,495.0,495.56,0.5229,258.855772,False,2026-08-16 11:00:00-04:00,Sunday,Weekend,MSFT,RMSFTUSDT,Development
2026-08-16 16:00:00+00:00,1786896000000.0,495.16,495.16,495.16,495.16,0.0222,10.992552,False,2026-08-16 12:00:00-04:00,Sunday,Weekend,MSFT,RMSFTUSDT,Development
2026-08-16 17:00:00+00:00,1786899600000.0,495.16,495.16,495.16,495.16,0.0504,24.956064,False,2026-08-16 13:00:00-04:00,Sunday,Weekend,MSFT,RMSFTUSDT,Development
2026-08-16 18:00:00+00:00,1786903200000.0,495.16,495.16,494.64,494.64,0.1904,94.205092,False,2026-08-16 14:00:00-04:00,Sunday,Weekend,MSFT,RMSFTUSDT,Development
2026-08-16 19:00:00+00:00,,,,,,,,True,2026-08-16 15:00:00-04:00,Sunday,Weekend,MSFT,RMSFTUSDT,Development
2026-08-16 20:00:00+00:00,1786910400000.0,495.16,495.16,495.16,495.16,0.1453,71.946748,False,2026-08-16 16:00:00-04:00,Sunday,Weekend,MSFT,RMSFTUSDT,Development
2026-08-16 21:00:00+00:00,1786914000000.0,494.72,494.72,494.72,494.72,0.05,24.736,False,2026-08-16 17:00:00-04:00,Sunday,Weekend,MSFT,RMSFTUSDT,Development
2026-08-16 22:00:00+00:00,,,,,,,,True,2026-08-16 18:00:00-04:00,Sunday,Weekend,MSFT,RMSFTUSDT,Development
2026-08-16 23:00:00+00:00,1786921200000.0,495.16,495.16,495.16,495.16,0.0403,19.954948,False,2026-08-16 19:00:00-04:00,Sunday,Weekend,MSFT,RMSFTUSDT,Development
2026-08-17 00:00:00+00:00,1786924800000.0,496.0,496.22,494.73,495.15,3973.0,1968183.01,False,2026-08-16 20:00:00-04:00,Sunday,Weekend,MSFT,RMSFTUSDT,Development
2026-08-17 01:00:00+00:00,1786928400000.0,495.18,495.65,495.06,495.14,2349.0,1163587.95,False,2026-08-16 21:00:00-04:00,Sunday,Weekend,MSFT,RMSFTUSDT,Development
2026-08-17 02:00:00+00:00,1786932000000.0,495.21,495.21,494.19,494.21,6005.0,2971187.39,False,2026-08-16 22:00:00-04:00,Sunday,Weekend,MSFT,RMSFTUSDT,Development
2026-08-17 03:00:00+00:00,1786935600000.0,494.22,494.41,493.71,493.74,6809.0,3363574.08,False,2026-08-16 23:00:00-04:00,Sunday,Weekend,MSFT,RMSFTUSDT,Development
2026-08-17 04:00:00+00:00,1786939200000.0,493.8,494.12,493.52,493.69,6332.0,3126896.93,False,2026-08-17 00:00:00-04:00,Monday,Overnight,MSFT,RMSFTUSDT,Development
2026-08-17 05:00:00+00:00,1786942800000.0,493.68,493.92,492.65,492.98,8364.0,4125579.28,False,2026-08-17 01:00:00-04:00,Monday,Overnight,MSFT,RMSFTUSDT,Development
2026-08-17 06:00:00+00:00,1786946400000.0,492.92,493.36,492.44,493.21,11427.0,5632231.75,False,2026-08-17 02:00:00-04:00,Monday,Overnight,MSFT,RMSFTUSDT,Development
2026-08-17 07:00:00+00:00,1786950000000.0,493.19,493.19,492.27,492.59,8239.0,4058946.3,False,2026-08-17 03:00:00-04:00,Monday,Overnight,MSFT,RMSFTUSDT,Development
2026-08-17 08:00:00+00:00,1786953600000.0,492.47,494.863,490.748,490.8,101322.743093,49859543.88675924,False,2026-08-17 04:00:00-04:00,Monday,Pre-Market,MSFT,RMSFTUSDT,Development
2026-08-17 09:00:00+00:00,1786957200000.0,491.358,491.885,491.358,491.505,23933.264199,11766605.05730402,False,2026-08-17 05:00:00-04:00,Monday,Pre-Market,MSFT,RMSFTUSDT,Development
2026-08-17 10:00:00+00:00,1786960800000.0,491.28,491.969,491.096,491.28,26254.943026,12904217.85596701,False,2026-08-17 06:00:00-04:00,Monday,Pre-Market,MSFT,RMSFTUSDT,Development
2026-08-17 11:00:00+00:00,1786964400000.0,491.95,492.66,491.714,492.51,59878.335928,29471566.06307106,False,2026-08-17 07:00:00-04:00,Monday,Pre-Market,MSFT,RMSFTUSDT,Development
2026-08-17 12:00:00+00:00,1786968000000.0,492.53,492.7,490.853,491.28,69826.72416,34352430.03947789,False,2026-08-17 08:00:00-04:00,Monday,Pre-Market,MSFT,RMSFTUSDT,Development
2026-08-17 13:00:00+00:00,1786971600000.0,491.347,492.6,484.16,484.726,3690519.15714,1801282764.1946907,False,2026-08-17 09:00:00-04:00,Monday,Transition,MSFT,RMSFTUSDT,Development
2026-08-17 14:00:00+00:00,1786975200000.0,484.92,485.465,481.71,483.18,4588974.884400001,2218766603.22247,False,2026-08-17 10:00:00-04:00,Monday,Regular,MSFT,RMSFTUSDT,Development
2026-08-17 15:00:00+00:00,1786978800000.0,483.16,485.25,483.05,485.0,2152108.8213150003,1042416088.936818,False,2026-08-17 11:00:00-04:00,Monday,Regular,MSFT,RMSFTUSDT,Development
2026-08-17 16:00:00+00:00,1786982400000.0,485.01,485.12,479.32,479.605,2520817.7908960013,1214611181.98656,False,2026-08-17 12:00:00-04:00,Monday,Regular,MSFT,RMSFTUSDT,Development
2026-08-17 17:00:00+00:00,1786986000000.0,479.45,480.095,478.46,478.985,2411531.643517,1156055955.3780265,False,2026-08-17 13:00:00-04:00,Monday,Regular,MSFT,RMSFTUSDT,Development
2026-08-17 18:00:00+00:00,1786989600000.0,478.954,480.29,478.925,480.007,2306189.512788,1106210979.9427636,False,2026-08-17 14:00:00-04:00,Monday,Regular,MSFT,RMSFTUSDT,Development
2026-08-17 19:00:00+00:00,1786993200000.0,480.045,481.765,479.35,480.66,3750399.549567,1801894840.2276185,False,2026-08-17 15:00:00-04:00,Monday,Regular,MSFT,RMSFTUSDT,Development
2026-08-17 20:00:00+00:00,1786996800000.0,480.3,480.586,480.059,480.36,8917325.573989997,4283979512.8609934,False,2026-08-17 16:00:00-04:00,Monday,After-Hours,MSFT,RMSFTUSDT,Development
2026-08-17 21:00:00+00:00,1787000400000.0,480.36,480.378,480.185,480.36,165106.35606599995,79305932.2644363,False,2026-08-17 17:00:00-04:00,Monday,After-Hours,MSFT,RMSFTUSDT,Development
2026-08-17 22:00:00+00:00,1787004000000.0,479.99,480.21,479.491,479.72,35749.12355799999,17151092.46590733,False,2026-08-17 18:00:00-04:00,Monday,After-Hours,MSFT,RMSFTUSDT,Development
2026-08-17 23:00:00+00:00,1787007600000.0,479.526,480.144,479.526,479.975,21971.267088,10542727.95353326,False,2026-08-17 19:00:00-04:00,Monday,After-Hours,MSFT,RMSFTUSDT,Development
2026-08-18 00:00:00+00:00,1787011200000.0,480.02,480.22,478.99,479.56,5117.0,2454577.13,False,2026-08-17 20:00:00-04:00,Monday,Overnight,MSFT,RMSFTUSDT,Development
2026-08-18 01:00:00+00:00,1787014800000.0,479.56,480.08,479.51,479.6,7752.0,3719702.57,False,2026-08-17 21:00:00-04:00,Monday,Overnight,MSFT,RMSFTUSDT,Development
2026-08-18 02:00:00+00:00,1787018400000.0,479.64,480.58,479.23,480.5,11244.0,5395650.03,False,2026-08-17 22:00:00-04:00,Monday,Overnight,MSFT,RMSFTUSDT,Development
2026-08-18 03:00:00+00:00,1787022000000.0,480.5,480.67,479.65,479.75,11958.0,5741981.04,False,2026-08-17 23:00:00-04:00,Monday,Overnight,MSFT,RMSFTUSDT,Development
2026-08-18 04:00:00+00:00,1787025600000.0,479.73,479.84,479.28,479.4,7745.0,3714091.83,False,2026-08-18 00:00:00-04:00,Tuesday,Overnight,MSFT,RMSFTUSDT,Development
2026-08-18 05:00:00+00:00,1787029200000.0,479.45,479.59,478.81,479.16,7417.0,3553884.95,False,2026-08-18 01:00:00-04:00,Tuesday,Overnight,MSFT,RMSFTUSDT,Development
2026-08-18 06:00:00+00:00,1787032800000.0,479.09,479.09,478.28,479.0,12011.0,5748649.87,False,2026-08-18 02:00:00-04:00,Tuesday,Overnight,MSFT,RMSFTUSDT,Development
2026-08-18 07:00:00+00:00,1787036400000.0,478.91,479.27,478.49,478.82,6774.0,3244018.22,False,2026-08-18 03:00:00-04:00,Tuesday,Overnight,MSFT,RMSFTUSDT,Development
2026-08-18 08:00:00+00:00,1787040000000.0,479.47,482.25,478.735,481.51,113499.89205199998,54479755.2351435,False,2026-08-18 04:00:00-04:00,Tuesday,Pre-Market,MSFT,RMSFTUSDT,Development
2026-08-18 09:00:00+00:00,1787043600000.0,482.22,483.32,482.004,482.89,57309.615975,27664337.35652727,False,2026-08-18 05:00:00-04:00,Tuesday,Pre-Market,MSFT,RMSFTUSDT,Development
2026-08-18 10:00:00+00:00,1787047200000.0,483.71,484.149,482.536,483.25,44411.594779,21469244.41356872,False,2026-08-18 06:00:00-04:00,Tuesday,Pre-Market,MSFT,RMSFTUSDT,Development
2026-08-18 11:00:00+00:00,1787050800000.0,482.96,484.646,482.508,483.23,125367.654281,60631709.08110517,False,2026-08-18 07:00:00-04:00,Tuesday,Pre-Market,MSFT,RMSFTUSDT,Development
2026-08-18 12:00:00+00:00,1787054400000.0,483.241,483.472,482.0,483.242,98999.309694,47779516.42283878,False,2026-08-18 08:00:00-04:00,Tuesday,Pre-Market,MSFT,RMSFTUSDT,Development
2026-08-18 13:00:00+00:00,1787058000000.0,483.41,484.16,477.18,479.94,2964059.5516249994,1426243803.803276,False,2026-08-18 09:00:00-04:00,Tuesday,Transition,MSFT,RMSFTUSDT,Development
2026-08-18 14:00:00+00:00,1787061600000.0,479.91,483.04,479.695,481.45,2320198.944117,1116617319.7064865,False,2026-08-18 10:00:00-04:00,Tuesday,Regular,MSFT,RMSFTUSDT,Development
2026-08-18 15:00:00+00:00,1787065200000.0,481.58,482.71,480.61,481.63,2107595.807978,1015631029.9831648,False,2026-08-18 11:00:00-04:00,Tuesday,Regular,MSFT,RMSFTUSDT,Development
2026-08-18 16:00:00+00:00,1787068800000.0,481.64,482.795,481.216,482.36,1288620.8731589995,620967713.7726611,False,2026-08-18 12:00:00-04:00,Tuesday,Regular,MSFT,RMSFTUSDT,Development
2026-08-18 17:00:00+00:00,1787072400000.0,482.235,482.33,481.23,481.949,1464279.055516,705427895.9226316,False,2026-08-18 13:00:00-04:00,Tuesday,Regular,MSFT,RMSFTUSDT,Development
2026-08-18 18:00:00+00:00,1787076000000.0,481.99,482.76,481.31,482.33,1593024.490252,768038047.4798887,False,2026-08-18 14:00:00-04:00,Tuesday,Regular,MSFT,RMSFTUSDT,Development
2026-08-18 19:00:00+00:00,1787079600000.0,482.4,483.76,481.07,481.76,3822694.556094,1843506300.029456,False,2026-08-18 15:00:00-04:00,Tuesday,Regular,MSFT,RMSFTUSDT,Development
2026-08-18 20:00:00+00:00,1787083200000.0,481.554,481.957,481.01,481.28,12499443.621892,6018474604.274825,False,2026-08-18 16:00:00-04:00,Tuesday,After-Hours,MSFT,RMSFTUSDT,Development
2026-08-18 21:00:00+00:00,1787086800000.0,480.76,481.6,480.643,480.76,165722.011779,79681960.53754345,False,2026-08-18 17:00:00-04:00,Tuesday,After-Hours,MSFT,RMSFTUSDT,Development
2026-08-18 22:00:00+00:00,1787090400000.0,480.729,481.6,480.711,480.81,24580.559612,11825265.774270467,False,2026-08-18 18:00:00-04:00,Tuesday,After-Hours,MSFT,RMSFTUSDT,Development
2026-08-18 23:00:00+00:00,1787094000000.0,480.81,481.526,480.81,481.325,17363.267654,8354751.21381903,False,2026-08-18 19:00:00-04:00,Tuesday,After-Hours,MSFT,RMSFTUSDT,Development
2026-08-19 00:00:00+00:00,1787097600000.0,480.71,482.49,480.6,481.91,3330.0,1604241.83,False,2026-08-18 20:00:00-04:00,Tuesday,Overnight,MSFT,RMSFTUSDT,Development
2026-08-19 01:00:00+00:00,1787101200000.0,481.91,482.1,481.6,481.7,1436.0,691872.28,False,2026-08-18 21:00:00-04:00,Tuesday,Overnight,MSFT,RMSFTUSDT,Development
2026-08-19 02:00:00+00:00,1787104800000.0,481.7,482.12,481.17,481.17,2832.0,1363735.47,False,2026-08-18 22:00:00-04:00,Tuesday,Overnight,MSFT,RMSFTUSDT,Development
2026-08-19 03:00:00+00:00,1787108400000.0,481.25,481.47,480.91,481.16,3225.0,1551521.92,False,2026-08-18 23:00:00-04:00,Tuesday,Overnight,MSFT,RMSFTUSDT,Development
2026-08-19 04:00:00+00:00,1787112000000.0,481.16,481.62,480.96,481.53,1757.0,845490.35,False,2026-08-19 00:00:00-04:00,Wednesday,Overnight,MSFT,RMSFTUSDT,Development
2026-08-19 05:00:00+00:00,1787115600000.0,481.53,481.66,480.67,481.08,3164.0,1521778.6,False,2026-08-19 01:00:00-04:00,Wednesday,Overnight,MSFT,RMSFTUSDT,Development
2026-08-19 06:00:00+00:00,1787119200000.0,481.35,482.43,480.77,481.21,12570.0,6054231.58,False,2026-08-19 02:00:00-04:00,Wednesday,Overnight,MSFT,RMSFTUSDT,Development
2026-08-19 07:00:00+00:00,1787122800000.0,481.08,481.2,479.01,479.44,14603.0,7013198.56,False,2026-08-19 03:00:00-04:00,Wednesday,Overnight,MSFT,RMSFTUSDT,Development
2026-08-19 08:00:00+00:00,1787126400000.0,477.79,480.969,477.1,477.79,83072.41122800003,39793014.13679166,False,2026-08-19 04:00:00-04:00,Wednesday,Pre-Market,MSFT,RMSFTUSDT,Development
2026-08-19 09:00:00+00:00,1787130000000.0,479.329,480.0,478.875,479.981,16379.945171999998,7852088.7149865,False,2026-08-19 05:00:00-04:00,Wednesday,Pre-Market,MSFT,RMSFTUSDT,Development
2026-08-19 10:00:00+00:00,1787133600000.0,480.26,481.063,479.982,480.26,12480.459336999998,5995263.21263336,False,2026-08-19 06:00:00-04:00,Wednesday,Pre-Market,MSFT,RMSFTUSDT,Development
2026-08-19 11:00:00+00:00,1787137200000.0,480.22,480.4,478.745,479.155,58017.019951,27803087.812728044,False,2026-08-19 07:00:00-04:00,Wednesday,Pre-Market,MSFT,RMSFTUSDT,Development
2026-08-19 12:00:00+00:00,1787140800000.0,479.43,479.43,477.962,478.91,46879.187161,22439360.49155804,False,2026-08-19 08:00:00-04:00,Wednesday,Pre-Market,MSFT,RMSFTUSDT,Development
2026-08-19 13:00:00+00:00,1787144400000.0,478.878,484.16,478.655,482.504,215966.727211,103923691.72164388,False,2026-08-19 09:00:00-04:00,Wednesday,Transition,MSFT,RMSFTUSDT,Development
2026-08-19 14:00:00+00:00,1787148000000.0,482.425,484.81,481.35,484.12,217572.790921,105090551.73296224,False,2026-08-19 10:00:00-04:00,Wednesday,Regular,MSFT,RMSFTUSDT,Development
2026-08-19 15:00:00+00:00,1787151600000.0,484.166,489.19,483.56,488.724,116107.0,56454568.265,False,2026-08-19 11:00:00-04:00,Wednesday,Regular,MSFT,RMSFTUSDT,Development
2026-08-19 16:00:00+00:00,1787155200000.0,488.68,489.1,483.939,484.35,1671370.6537389995,813873605.564075,False,2026-08-19 12:00:00-04:00,Wednesday,Regular,MSFT,RMSFTUSDT,Development
2026-08-19 17:00:00+00:00,1787158800000.0,484.14,484.6,482.87,483.805,894032.864436,432316670.88585216,False,2026-08-19 13:00:00-04:00,Wednesday,Regular,MSFT,RMSFTUSDT,Development
2026-08-19 18:00:00+00:00,1787162400000.0,483.801,484.635,483.403,483.804,1444412.694219,699081936.0357679,False,2026-08-19 14:00:00-04:00,Wednesday,Regular,MSFT,RMSFTUSDT,Development
2026-08-19 19:00:00+00:00,1787166000000.0,483.82,484.755,482.965,484.42,3650241.7275100006,1766112516.0847647,False,2026-08-19 15:00:00-04:00,Wednesday,Regular,MSFT,RMSFTUSDT,Development
2026-08-19 20:00:00+00:00,1787169600000.0,484.31,484.725,483.651,484.31,4825068.387211001,2336693768.6953177,False,2026-08-19 16:00:00-04:00,Wednesday,After-Hours,MSFT,RMSFTUSDT,Development
2026-08-19 21:00:00+00:00,1787173200000.0,484.639,484.874,483.551,483.785,45939.235076,22256585.72201037,False,2026-08-19 17:00:00-04:00,Wednesday,After-Hours,MSFT,RMSFTUSDT,Development
2026-08-19 22:00:00+00:00,1787176800000.0,485.5,485.6,483.781,485.5,67233.65960000001,32622659.12222672,False,2026-08-19 18:00:00-04:00,Wednesday,After-Hours,MSFT,RMSFTUSDT,Development
2026-08-19 23:00:00+00:00,1787180400000.0,485.51,485.95,484.841,485.95,14329.328083,6957183.96845501,False,2026-08-19 19:00:00-04:00,Wednesday,After-Hours,MSFT,RMSFTUSDT,Development
2026-08-20 00:00:00+00:00,1787184000000.0,484.34,485.31,483.81,484.99,3551.0,1721212.96,False,2026-08-19 20:00:00-04:00,Wednesday,Overnight,MSFT,RMSFTUSDT,Development
2026-08-20 01:00:00+00:00,1787187600000.0,484.87,485.09,484.31,484.6,1786.0,865597.36,False,2026-08-19 21:00:00-04:00,Wednesday,Overnight,MSFT,RMSFTUSDT,Development
2026-08-20 02:00:00+00:00,1787191200000.0,484.44,484.88,484.44,484.56,1942.0,941122.8,False,2026-08-19 22:00:00-04:00,Wednesday,Overnight,MSFT,RMSFTUSDT,Development
2026-08-20 03:00:00+00:00,1787194800000.0,484.64,484.82,484.12,484.34,4161.0,2016235.31,False,2026-08-19 23:00:00-04:00,Wednesday,Overnight,MSFT,RMSFTUSDT,Development
2026-08-20 04:00:00+00:00,1787198400000.0,484.18,484.81,484.1,484.15,3302.0,1599746.12,False,2026-08-20 00:00:00-04:00,Thursday,Overnight,MSFT,RMSFTUSDT,Development
2026-08-20 05:00:00+00:00,1787202000000.0,484.22,484.52,483.8,484.32,1705.0,825648.78,False,2026-08-20 01:00:00-04:00,Thursday,Overnight,MSFT,RMSFTUSDT,Development
2026-08-20 06:00:00+00:00,1787205600000.0,484.36,485.14,484.23,484.73,11667.0,5654493.69,False,2026-08-20 02:00:00-04:00,Thursday,Overnight,MSFT,RMSFTUSDT,Development
2026-08-20 07:00:00+00:00,1787209200000.0,484.73,484.73,482.72,483.13,16626.0,8039020.12,False,2026-08-20 03:00:00-04:00,Thursday,Overnight,MSFT,RMSFTUSDT,Development
2026-08-20 08:00:00+00:00,1787212800000.0,484.826,484.826,481.68,482.575,73712.15113,35609307.316986926,False,2026-08-20 04:00:00-04:00,Thursday,Pre-Market,MSFT,RMSFTUSDT,Development
2026-08-20 09:00:00+00:00,1787216400000.0,482.575,483.23,482.45,483.015,4657.575916,2248810.39315841,False,2026-08-20 05:00:00-04:00,Thursday,Pre-Market,MSFT,RMSFTUSDT,Development
2026-08-20 10:00:00+00:00,1787220000000.0,483.015,483.85,482.84,483.435,8375.615113,4047815.01281678,False,2026-08-20 06:00:00-04:00,Thursday,Pre-Market,MSFT,RMSFTUSDT,Development
2026-08-20 11:00:00+00:00,1787223600000.0,483.71,487.725,483.435,484.08,123982.491792,60155226.36979981,False,2026-08-20 07:00:00-04:00,Thursday,Pre-Market,MSFT,RMSFTUSDT,Development
2026-08-20 12:00:00+00:00,1787227200000.0,483.66,483.792,482.391,483.09,54696.45993900001,26427021.25191538,False,2026-08-20 08:00:00-04:00,Thursday,Pre-Market,MSFT,RMSFTUSDT,Development
2026-08-20 13:00:00+00:00,1787230800000.0,483.366,484.115,479.8,481.421,612249.031542,295526245.1515388,False,2026-08-20 09:00:00-04:00,Thursday,Transition,MSFT,RMSFTUSDT,Development
2026-08-20 14:00:00+00:00,1787234400000.0,481.36,483.02,480.94,481.455,1046877.0840330002,504749692.3123429,False,2026-08-20 10:00:00-04:00,Thursday,Regular,MSFT,RMSFTUSDT,Development
2026-08-20 15:00:00+00:00,1787238000000.0,481.434,481.785,479.525,480.695,63291.0,30418158.97,False,2026-08-20 11:00:00-04:00,Thursday,Regular,MSFT,RMSFTUSDT,Development
2026-08-20 16:00:00+00:00,1787241600000.0,480.696,484.01,479.988,483.091,934793.172514,451448801.987814,False,2026-08-20 12:00:00-04:00,Thursday,Regular,MSFT,RMSFTUSDT,Development
2026-08-20 17:00:00+00:00,1787245200000.0,483.05,483.103,481.4,481.4,859710.7730390003,414474644.9633687,False,2026-08-20 13:00:00-04:00,Thursday,Regular,MSFT,RMSFTUSDT,Development
2026-08-20 18:00:00+00:00,1787248800000.0,481.406,482.515,480.516,482.126,1593509.647793,767566013.3348478,False,2026-08-20 14:00:00-04:00,Thursday,Regular,MSFT,RMSFTUSDT,Development
2026-08-20 19:00:00+00:00,1787252400000.0,482.07,482.49,480.63,481.22,3826693.685561,1842898177.3680592,False,2026-08-20 15:00:00-04:00,Thursday,Regular,MSFT,RMSFTUSDT,Development
2026-08-20 20:00:00+00:00,1787256000000.0,481.51,481.968,480.8,481.51,6127069.774609,2948256520.323141,False,2026-08-20 16:00:00-04:00,Thursday,After-Hours,MSFT,RMSFTUSDT,Development
2026-08-20 21:00:00+00:00,1787259600000.0,481.411,481.627,481.126,481.15,1674752.3856479998,806167517.0679265,False,2026-08-20 17:00:00-04:00,Thursday,After-Hours,MSFT,RMSFTUSDT,Development
2026-08-20 22:00:00+00:00,1787263200000.0,481.15,481.399,480.804,481.275,11616.185661999998,5589810.76298822,False,2026-08-20 18:00:00-04:00,Thursday,After-Hours,MSFT,RMSFTUSDT,Development
2026-08-20 23:00:00+00:00,1787266800000.0,481.275,481.45,481.135,481.135,10551.887017,5078231.303335047,False,2026-08-20 19:00:00-04:00,Thursday,After-Hours,MSFT,RMSFTUSDT,Development
2026-08-21 00:00:00+00:00,1787270400000.0,481.68,481.8,480.34,481.24,4105.0,1974564.58,False,2026-08-20 20:00:00-04:00,Thursday,Overnight,MSFT,RMSFTUSDT,Development
2026-08-21 01:00:00+00:00,1787274000000.0,480.94,481.5,480.89,481.5,2377.0,1143672.59,False,2026-08-20 21:00:00-04:00,Thursday,Overnight,MSFT,RMSFTUSDT,Development
2026-08-21 02:00:00+00:00,1787277600000.0,481.49,481.57,481.1,481.26,1456.0,700942.88,False,2026-08-20 22:00:00-04:00,Thursday,Overnight,MSFT,RMSFTUSDT,Development
2026-08-21 03:00:00+00:00,1787281200000.0,481.27,481.37,480.96,481.16,897.0,431572.42,False,2026-08-20 23:00:00-04:00,Thursday,Overnight,MSFT,RMSFTUSDT,Development
2026-08-21 04:00:00+00:00,1787284800000.0,481.17,481.26,481.04,481.11,1073.0,516271.85,False,2026-08-21 00:00:00-04:00,Friday,Overnight,MSFT,RMSFTUSDT,Development
2026-08-21 05:00:00+00:00,1787288400000.0,481.11,481.25,481.0,481.18,1515.0,728915.51,False,2026-08-21 01:00:00-04:00,Friday,Overnight,MSFT,RMSFTUSDT,Development
2026-08-21 06:00:00+00:00,1787292000000.0,481.12,481.48,480.99,481.48,2314.0,1113505.93,False,2026-08-21 02:00:00-04:00,Friday,Overnight,MSFT,RMSFTUSDT,Development
2026-08-21 07:00:00+00:00,1787295600000.0,481.49,481.49,480.0,480.91,11500.0,5527176.47,False,2026-08-21 03:00:00-04:00,Friday,Overnight,MSFT,RMSFTUSDT,Development
2026-08-21 08:00:00+00:00,1787299200000.0,481.135,481.809,480.6,481.75,29708.074965000003,14288348.20224646,False,2026-08-21 04:00:00-04:00,Friday,Pre-Market,MSFT,RMSFTUSDT,Development
2026-08-21 09:00:00+00:00,1787302800000.0,481.99,482.91,481.75,482.55,13155.916945,6344689.59355651,False,2026-08-21 05:00:00-04:00,Friday,Pre-Market,MSFT,RMSFTUSDT,Development
2026-08-21 10:00:00+00:00,1787306400000.0,482.095,482.365,481.5,481.61,9769.011077,4708455.25917806,False,2026-08-21 06:00:00-04:00,Friday,Pre-Market,MSFT,RMSFTUSDT,Development
2026-08-21 11:00:00+00:00,1787310000000.0,481.61,482.537,481.57,481.803,30068.25896,14498638.843408944,False,2026-08-21 07:00:00-04:00,Friday,Pre-Market,MSFT,RMSFTUSDT,Development
2026-08-21 12:00:00+00:00,1787313600000.0,481.5,482.778,481.5,481.5,15400.947297999995,7425979.48511828,False,2026-08-21 08:00:00-04:00,Friday,Pre-Market,MSFT,RMSFTUSDT,Development
2026-08-21 13:00:00+00:00,1787317200000.0,482.04,484.535,478.92,481.81,3923797.870136,1888949254.58558,False,2026-08-21 09:00:00-04:00,Friday,Transition,MSFT,RMSFTUSDT,Development
2026-08-21 14:00:00+00:00,1787320800000.0,481.83,485.43,481.123,485.14,2623980.0276780003,1268459234.7718332,False,2026-08-21 10:00:00-04:00,Friday,Regular,MSFT,RMSFTUSDT,Development
2026-08-21 15:00:00+00:00,1787324400000.0,485.24,486.36,483.57,485.43,2086282.5408990004,1011852456.6706216,False,2026-08-21 11:00:00-04:00,Friday,Regular,MSFT,RMSFTUSDT,Development
2026-08-21 16:00:00+00:00,1787328000000.0,485.455,485.478,483.083,484.704,2016113.441158,975475357.6503972,False,2026-08-21 12:00:00-04:00,Friday,Regular,MSFT,RMSFTUSDT,Development
2026-08-21 17:00:00+00:00,1787331600000.0,481.393,481.393,481.393,481.393,5480898.440021,2647993740.864024,False,2026-08-21 13:00:00-04:00,Friday,Regular,MSFT,RMSFTUSDT,Development
2026-08-21 18:00:00+00:00,1787335200000.0,481.375,482.805,480.765,482.78,1119970.3896690004,539475737.0736866,False,2026-08-21 14:00:00-04:00,Friday,Regular,MSFT,RMSFTUSDT,Development
2026-08-21 19:00:00+00:00,1787338800000.0,482.85,484.33,482.5,483.32,2510633.8776360005,1213406676.4352348,False,2026-08-21 15:00:00-04:00,Friday,Regular,MSFT,RMSFTUSDT,Development
2026-08-21 20:00:00+00:00,1787342400000.0,483.313,483.36,482.346,482.43,4764103.959754,2302067914.9070854,False,2026-08-21 16:00:00-04:00,Friday,After-Hours,MSFT,RMSFTUSDT,Development
2026-08-21 21:00:00+00:00,1787346000000.0,482.43,482.894,482.4,482.894,1260572.589589,608458961.758352,False,2026-08-21 17:00:00-04:00,Friday,After-Hours,MSFT,RMSFTUSDT,Development
2026-08-21 22:00:00+00:00,1787349600000.0,483.16,483.195,482.81,483.16,14854.84185,7174526.15540886,False,2026-08-21 18:00:00-04:00,Friday,After-Hours,MSFT,RMSFTUSDT,Development
2026-08-21 23:00:00+00:00,1787353200000.0,483.14,483.69,482.922,483.69,7307.250079999999,3530410.18915104,False,2026-08-21 19:00:00-04:00,Friday,After-Hours,MSFT,RMSFTUSDT,Development
2026-08-22 00:00:00+00:00,1787356800000.0,483.692,483.698,483.692,483.698,0.0,0.0,False,2026-08-21 20:00:00-04:00,Friday,Overnight,MSFT,RMSFTUSDT,Development
2026-08-22 01:00:00+00:00,1787360400000.0,483.56,483.56,483.01,483.01,0.8556,413.274741,False,2026-08-21 21:00:00-04:00,Friday,Overnight,MSFT,RMSFTUSDT,Development
2026-08-22 02:00:00+00:00,1787364000000.0,483.23,483.4,482.88,482.88,1.2175,588.210916,False,2026-08-21 22:00:00-04:00,Friday,Overnight,MSFT,RMSFTUSDT,Development
2026-08-22 03:00:00+00:00,1787367600000.0,482.85,482.85,482.85,482.85,0.0259,12.505815,False,2026-08-21 23:00:00-04:00,Friday,Overnight,MSFT,RMSFTUSDT,Development
2026-08-22 04:00:00+00:00,,,,,,,,True,2026-08-22 00:00:00-04:00,Saturday,Weekend,MSFT,RMSFTUSDT,Development
2026-08-22 05:00:00+00:00,1787374800000.0,483.49,483.49,483.49,483.49,0.0826,39.936274,False,2026-08-22 01:00:00-04:00,Saturday,Weekend,MSFT,RMSFTUSDT,Development
2026-08-22 06:00:00+00:00,1787378400000.0,482.85,482.85,482.79,482.82,0.2389,115.347339,False,2026-08-22 02:00:00-04:00,Saturday,Weekend,MSFT,RMSFTUSDT,Development
2026-08-22 07:00:00+00:00,1787382000000.0,483.51,483.51,483.51,483.51,0.0413,19.968963,False,2026-08-22 03:00:00-04:00,Saturday,Weekend,MSFT,RMSFTUSDT,Development
2026-08-22 08:00:00+00:00,1787385600000.0,483.51,483.65,482.82,482.82,0.0619,29.908662,False,2026-08-22 04:00:00-04:00,Saturday,Weekend,MSFT,RMSFTUSDT,Development
2026-08-22 09:00:00+00:00,,,,,,,,True,2026-08-22 05:00:00-04:00,Saturday,Weekend,MSFT,RMSFTUSDT,Development
2026-08-22 10:00:00+00:00,1787392800000.0,482.79,482.79,482.69,482.69,1.2199,588.927237,False,2026-08-22 06:00:00-04:00,Saturday,Weekend,MSFT,RMSFTUSDT,Development
2026-08-22 11:00:00+00:00,,,,,,,,True,2026-08-22 07:00:00-04:00,Saturday,Weekend,MSFT,RMSFTUSDT,Development
2026-08-22 12:00:00+00:00,1787400000000.0,482.58,482.58,482.58,482.58,0.4205,202.92489,False,2026-08-22 08:00:00-04:00,Saturday,Weekend,MSFT,RMSFTUSDT,Development
2026-08-22 13:00:00+00:00,1787403600000.0,482.56,482.65,482.56,482.65,0.0917,44.255783,False,2026-08-22 09:00:00-04:00,Saturday,Weekend,MSFT,RMSFTUSDT,Development
2026-08-22 14:00:00+00:00,1787407200000.0,482.65,482.65,482.65,482.65,0.0683,32.964995,False,2026-08-22 10:00:00-04:00,Saturday,Weekend,MSFT,RMSFTUSDT,Development
2026-08-22 15:00:00+00:00,1787410800000.0,482.65,482.65,482.65,482.65,0.0744,35.90916,False,2026-08-22 11:00:00-04:00,Saturday,Weekend,MSFT,RMSFTUSDT,Development
2026-08-22 16:00:00+00:00,1787414400000.0,482.65,482.65,482.65,482.65,0.0227,10.956155,False,2026-08-22 12:00:00-04:00,Saturday,Weekend,MSFT,RMSFTUSDT,Development
2026-08-22 17:00:00+00:00,1787418000000.0,482.65,482.84,482.56,482.84,0.2401,115.88188,False,2026-08-22 13:00:00-04:00,Saturday,Weekend,MSFT,RMSFTUSDT,Development
2026-08-22 18:00:00+00:00,,,,,,,,True,2026-08-22 14:00:00-04:00,Saturday,Weekend,MSFT,RMSFTUSDT,Development
2026-08-22 19:00:00+00:00,1787425200000.0,482.5,482.98,481.42,481.42,2.9293,1412.192212,False,2026-08-22 15:00:00-04:00,Saturday,Weekend,MSFT,RMSFTUSDT,Development
2026-08-22 20:00:00+00:00,1787428800000.0,481.73,481.99,481.39,481.39,0.2591,124.784149,False,2026-08-22 16:00:00-04:00,Saturday,Weekend,MSFT,RMSFTUSDT,Development
2026-08-22 21:00:00+00:00,,,,,,,,True,2026-08-22 17:00:00-04:00,Saturday,Weekend,MSFT,RMSFTUSDT,Development
2026-08-22 22:00:00+00:00,,,,,,,,True,2026-08-22 18:00:00-04:00,Saturday,Weekend,MSFT,RMSFTUSDT,Development
2026-08-22 23:00:00+00:00,,,,,,,,True,2026-08-22 19:00:00-04:00,Saturday,Weekend,MSFT,RMSFTUSDT,Development
2026-08-23 00:00:00+00:00,1787443200000.0,481.69,481.69,481.69,481.69,0.0532,25.625908,False,2026-08-22 20:00:00-04:00,Saturday,Weekend,MSFT,RMSFTUSDT,Development
2026-08-23 01:00:00+00:00,,,,,,,,True,2026-08-22 21:00:00-04:00,Saturday,Weekend,MSFT,RMSFTUSDT,Development
2026-08-23 02:00:00+00:00,,,,,,,,True,2026-08-22 22:00:00-04:00,Saturday,Weekend,MSFT,RMSFTUSDT,Development
2026-08-23 03:00:00+00:00,1787454000000.0,481.68,481.68,481.68,481.68,0.0415,19.98972,False,2026-08-22 23:00:00-04:00,Saturday,Weekend,MSFT,RMSFTUSDT,Development
2026-08-23 04:00:00+00:00,,,,,,,,True,2026-08-23 00:00:00-04:00,Sunday,Weekend,MSFT,RMSFTUSDT,Development
2026-08-23 05:00:00+00:00,,,,,,,,True,2026-08-23 01:00:00-04:00,Sunday,Weekend,MSFT,RMSFTUSDT,Development
2026-08-23 06:00:00+00:00,1787464800000.0,481.68,483.29,481.68,482.47,3.5919,1733.726781,False,2026-08-23 02:00:00-04:00,Sunday,Weekend,MSFT,RMSFTUSDT,Development
2026-08-23 07:00:00+00:00,,,,,,,,True,2026-08-23 03:00:00-04:00,Sunday,Weekend,MSFT,RMSFTUSDT,Development
2026-08-23 08:00:00+00:00,1787472000000.0,482.59,482.59,482.59,482.59,0.2092,100.957828,False,2026-08-23 04:00:00-04:00,Sunday,Weekend,MSFT,RMSFTUSDT,Development
2026-08-23 09:00:00+00:00,1787475600000.0,482.89,482.89,482.46,482.46,0.2477,119.564057,False,2026-08-23 05:00:00-04:00,Sunday,Weekend,MSFT,RMSFTUSDT,Development
2026-08-23 10:00:00+00:00,,,,,,,,True,2026-08-23 06:00:00-04:00,Sunday,Weekend,MSFT,RMSFTUSDT,Development
2026-08-23 11:00:00+00:00,1787482800000.0,482.89,482.89,482.46,482.8,2.5662,1238.277862,False,2026-08-23 07:00:00-04:00,Sunday,Weekend,MSFT,RMSFTUSDT,Development
2026-08-23 12:00:00+00:00,1787486400000.0,483.09,483.09,483.09,483.09,0.3,144.927,False,2026-08-23 08:00:00-04:00,Sunday,Weekend,MSFT,RMSFTUSDT,Development
2026-08-23 13:00:00+00:00,1787490000000.0,483.09,483.25,482.41,483.25,0.6298,304.281462,False,2026-08-23 09:00:00-04:00,Sunday,Weekend,MSFT,RMSFTUSDT,Development
2026-08-23 14:00:00+00:00,,,,,,,,True,2026-08-23 10:00:00-04:00,Sunday,Weekend,MSFT,RMSFTUSDT,Development
2026-08-23 15:00:00+00:00,1787497200000.0,482.41,483.4,482.41,483.21,1.136,548.793094,False,2026-08-23 11:00:00-04:00,Sunday,Weekend,MSFT,RMSFTUSDT,Development
2026-08-23 16:00:00+00:00,1787500800000.0,483.21,484.65,483.21,484.32,7.2029,3488.789834,False,2026-08-23 12:00:00-04:00,Sunday,Weekend,MSFT,RMSFTUSDT,Development
2026-08-23 17:00:00+00:00,1787504400000.0,484.71,485.11,484.71,485.11,7.5268,3649.436325,False,2026-08-23 13:00:00-04:00,Sunday,Weekend,MSFT,RMSFTUSDT,Development
2026-08-23 18:00:00+00:00,1787508000000.0,485.12,485.17,485.03,485.17,0.6452,313.01289,False,2026-08-23 14:00:00-04:00,Sunday,Weekend,MSFT,RMSFTUSDT,Development
2026-08-23 19:00:00+00:00,,,,,,,,True,2026-08-23 15:00:00-04:00,Sunday,Weekend,MSFT,RMSFTUSDT,Development
2026-08-23 20:00:00+00:00,1787515200000.0,485.2,485.2,485.2,485.2,1.0745,521.3474,False,2026-08-23 16:00:00-04:00,Sunday,Weekend,MSFT,RMSFTUSDT,Development
2026-08-23 21:00:00+00:00,1787518800000.0,485.03,485.03,485.03,485.03,0.1345,65.236535,False,2026-08-23 17:00:00-04:00,Sunday,Weekend,MSFT,RMSFTUSDT,Development
2026-08-23 22:00:00+00:00,,,,,,,,True,2026-08-23 18:00:00-04:00,Sunday,Weekend,MSFT,RMSFTUSDT,Development
2026-08-23 23:00:00+00:00,1787526000000.0,485.22,485.53,485.22,485.53,6.4933,3151.43293,False,2026-08-23 19:00:00-04:00,Sunday,Weekend,MSFT,RMSFTUSDT,Development
2026-08-24 00:00:00+00:00,1787529600000.0,484.11,484.32,482.19,482.91,6236.0,3011560.18,False,2026-08-23 20:00:00-04:00,Sunday,Weekend,MSFT,RMSFTUSDT,Development
2026-08-24 01:00:00+00:00,1787533200000.0,483.1,483.73,483.1,483.41,3549.0,1715813.91,False,2026-08-23 21:00:00-04:00,Sunday,Weekend,MSFT,RMSFTUSDT,Development
2026-08-24 02:00:00+00:00,1787536800000.0,483.23,484.03,482.99,483.96,2129.0,1029384.04,False,2026-08-23 22:00:00-04:00,Sunday,Weekend,MSFT,RMSFTUSDT,Development
2026-08-24 03:00:00+00:00,1787540400000.0,483.78,483.87,483.07,483.15,5045.0,2439009.75,False,2026-08-23 23:00:00-04:00,Sunday,Weekend,MSFT,RMSFTUSDT,Development
2026-08-24 04:00:00+00:00,1787544000000.0,483.2,483.5,483.1,483.26,1411.0,681850.59,False,2026-08-24 00:00:00-04:00,Monday,Overnight,MSFT,RMSFTUSDT,Development
2026-08-24 05:00:00+00:00,1787547600000.0,483.26,483.55,482.99,483.14,3348.0,1617980.39,False,2026-08-24 01:00:00-04:00,Monday,Overnight,MSFT,RMSFTUSDT,Development
2026-08-24 06:00:00+00:00,1787551200000.0,483.08,484.19,482.51,483.9,17923.0,8662607.64,False,2026-08-24 02:00:00-04:00,Monday,Overnight,MSFT,RMSFTUSDT,Development
2026-08-24 07:00:00+00:00,1787554800000.0,484.03,484.94,483.44,484.94,10646.0,5150624.13,False,2026-08-24 03:00:00-04:00,Monday,Overnight,MSFT,RMSFTUSDT,Development
2026-08-24 08:00:00+00:00,1787558400000.0,484.12,484.698,483.658,484.12,56697.44390600001,27437690.41508523,False,2026-08-24 04:00:00-04:00,Monday,Pre-Market,MSFT,RMSFTUSDT,Development
2026-08-24 09:00:00+00:00,1787562000000.0,484.42,484.42,483.335,483.335,9613.126377,4652880.05973618,False,2026-08-24 05:00:00-04:00,Monday,Pre-Market,MSFT,RMSFTUSDT,Development
2026-08-24 10:00:00+00:00,1787565600000.0,483.335,483.699,482.56,482.625,8969.515223,4333870.63251565,False,2026-08-24 06:00:00-04:00,Monday,Pre-Market,MSFT,RMSFTUSDT,Development
2026-08-24 11:00:00+00:00,1787569200000.0,482.625,483.826,482.625,483.021,23776.137625,11489523.6831747,False,2026-08-24 07:00:00-04:00,Monday,Pre-Market,MSFT,RMSFTUSDT,Development
2026-08-24 12:00:00+00:00,1787572800000.0,483.02,483.665,482.413,482.53,44899.201285,21689513.949363,False,2026-08-24 08:00:00-04:00,Monday,Pre-Market,MSFT,RMSFTUSDT,Development
2026-08-24 13:00:00+00:00,1787576400000.0,483.28,486.96,481.9,486.69,1655000.2573000004,801807408.1555978,False,2026-08-24 09:00:00-04:00,Monday,Transition,MSFT,RMSFTUSDT,Development
2026-08-24 14:00:00+00:00,1787580000000.0,486.92,488.71,484.7,488.3,2125506.360437,1034420605.5351468,False,2026-08-24 10:00:00-04:00,Monday,Regular,MSFT,RMSFTUSDT,Development
2026-08-24 15:00:00+00:00,1787583600000.0,488.29,489.86,486.6,489.38,2396990.503849,1171696418.6933675,False,2026-08-24 11:00:00-04:00,Monday,Regular,MSFT,RMSFTUSDT,Development
2026-08-24 16:00:00+00:00,1787587200000.0,489.34,490.55,488.56,488.985,1150373.851427,562764843.7536359,False,2026-08-24 12:00:00-04:00,Monday,Regular,MSFT,RMSFTUSDT,Development
2026-08-24 17:00:00+00:00,1787590800000.0,488.961,489.67,487.39,487.918,1551901.62746,758084900.2374445,False,2026-08-24 13:00:00-04:00,Monday,Regular,MSFT,RMSFTUSDT,Development
2026-08-24 18:00:00+00:00,1787594400000.0,487.94,488.91,487.29,487.916,1337938.811754,652974588.3318317,False,2026-08-24 14:00:00-04:00,Monday,Regular,MSFT,RMSFTUSDT,Development
2026-08-24 19:00:00+00:00,1787598000000.0,487.916,489.15,487.27,487.362,2662193.147643,1300097042.8436992,False,2026-08-24 15:00:00-04:00,Monday,Regular,MSFT,RMSFTUSDT,Development
2026-08-24 20:00:00+00:00,1787601600000.0,487.24,488.001,486.776,487.44,5200796.547656,2534685689.368712,False,2026-08-24 16:00:00-04:00,Monday,After-Hours,MSFT,RMSFTUSDT,Development
2026-08-24 21:00:00+00:00,1787605200000.0,487.62,487.977,486.955,487.49,459252.87967800006,223790989.04865947,False,2026-08-24 17:00:00-04:00,Monday,After-Hours,MSFT,RMSFTUSDT,Development
2026-08-24 22:00:00+00:00,1787608800000.0,487.4,487.955,487.4,487.51,8096.045957999999,3947021.56725557,False,2026-08-24 18:00:00-04:00,Monday,After-Hours,MSFT,RMSFTUSDT,Development
2026-08-24 23:00:00+00:00,1787612400000.0,487.45,487.615,486.876,487.29,10973.551269999998,5348853.45850788,False,2026-08-24 19:00:00-04:00,Monday,After-Hours,MSFT,RMSFTUSDT,Development
2026-08-25 00:00:00+00:00,1787616000000.0,487.1,487.46,486.58,487.07,2814.0,1370413.48,False,2026-08-24 20:00:00-04:00,Monday,Overnight,MSFT,RMSFTUSDT,Development
2026-08-25 01:00:00+00:00,1787619600000.0,487.21,487.44,486.79,487.13,1797.0,875433.63,False,2026-08-24 21:00:00-04:00,Monday,Overnight,MSFT,RMSFTUSDT,Development
2026-08-25 02:00:00+00:00,1787623200000.0,487.07,487.3,486.49,486.69,3152.0,1534505.27,False,2026-08-24 22:00:00-04:00,Monday,Overnight,MSFT,RMSFTUSDT,Development
2026-08-25 03:00:00+00:00,1787626800000.0,486.69,487.39,486.6,487.18,1950.0,949452.48,False,2026-08-24 23:00:00-04:00,Monday,Overnight,MSFT,RMSFTUSDT,Development
2026-08-25 04:00:00+00:00,1787630400000.0,487.21,487.31,487.0,487.0,1718.0,837016.34,False,2026-08-25 00:00:00-04:00,Tuesday,Overnight,MSFT,RMSFTUSDT,Development
2026-08-25 05:00:00+00:00,1787634000000.0,487.01,487.45,486.15,486.29,3006.0,1463356.63,False,2026-08-25 01:00:00-04:00,Tuesday,Overnight,MSFT,RMSFTUSDT,Development
2026-08-25 06:00:00+00:00,1787637600000.0,486.5,486.99,486.42,486.99,7678.0,3736771.17,False,2026-08-25 02:00:00-04:00,Tuesday,Overnight,MSFT,RMSFTUSDT,Development
2026-08-25 07:00:00+00:00,1787641200000.0,486.97,487.0,485.76,486.1,3691.0,1794941.19,False,2026-08-25 03:00:00-04:00,Tuesday,Overnight,MSFT,RMSFTUSDT,Development
2026-08-25 08:00:00+00:00,1787644800000.0,486.16,487.29,485.651,486.16,33244.467906999984,16163340.61629893,False,2026-08-25 04:00:00-04:00,Tuesday,Pre-Market,MSFT,RMSFTUSDT,Development
2026-08-25 09:00:00+00:00,1787648400000.0,486.365,486.944,486.365,486.823,13293.862717,6468043.461059292,False,2026-08-25 05:00:00-04:00,Tuesday,Pre-Market,MSFT,RMSFTUSDT,Development
2026-08-25 10:00:00+00:00,1787652000000.0,486.819,486.819,485.84,486.585,6088.020498000003,2961057.31690245,False,2026-08-25 06:00:00-04:00,Tuesday,Pre-Market,MSFT,RMSFTUSDT,Development
2026-08-25 11:00:00+00:00,1787655600000.0,486.1,486.781,484.689,484.99,49410.80470900001,24011358.42723551,False,2026-08-25 07:00:00-04:00,Tuesday,Pre-Market,MSFT,RMSFTUSDT,Development
2026-08-25 12:00:00+00:00,1787659200000.0,484.3,485.518,484.147,484.19,1148120.3813049998,556655489.356183,False,2026-08-25 08:00:00-04:00,Tuesday,Pre-Market,MSFT,RMSFTUSDT,Development
2026-08-25 13:00:00+00:00,1787662800000.0,484.24,490.15,483.851,487.62,2330371.473473999,1133597318.376912,False,2026-08-25 09:00:00-04:00,Tuesday,Transition,MSFT,RMSFTUSDT,Development
2026-08-25 14:00:00+00:00,1787666400000.0,487.62,489.64,485.73,489.315,1549318.378184,755215243.4457908,False,2026-08-25 10:00:00-04:00,Tuesday,Regular,MSFT,RMSFTUSDT,Development
2026-08-25 15:00:00+00:00,1787670000000.0,489.29,490.39,488.452,489.173,2457226.314186,1202415164.9019628,False,2026-08-25 11:00:00-04:00,Tuesday,Regular,MSFT,RMSFTUSDT,Development
2026-08-25 16:00:00+00:00,1787673600000.0,489.184,489.88,488.675,489.691,880935.438455,431041145.9571288,False,2026-08-25 12:00:00-04:00,Tuesday,Regular,MSFT,RMSFTUSDT,Development
2026-08-25 17:00:00+00:00,1787677200000.0,489.61,490.745,489.19,489.88,2216021.8556210008,1085166623.30746,False,2026-08-25 13:00:00-04:00,Tuesday,Regular,MSFT,RMSFTUSDT,Development
2026-08-25 18:00:00+00:00,1787680800000.0,489.77,491.515,489.39,490.59,1174489.3070339996,575671940.5790709,False,2026-08-25 14:00:00-04:00,Tuesday,Regular,MSFT,RMSFTUSDT,Development
2026-08-25 19:00:00+00:00,1787684400000.0,490.58,492.37,490.01,491.54,2140087.263668,1051038372.8802698,False,2026-08-25 15:00:00-04:00,Tuesday,Regular,MSFT,RMSFTUSDT,Development
2026-08-25 20:00:00+00:00,1787688000000.0,491.542,491.75,490.281,490.915,6033424.144951,2965313553.256136,False,2026-08-25 16:00:00-04:00,Tuesday,After-Hours,MSFT,RMSFTUSDT,Development
2026-08-25 21:00:00+00:00,1787691600000.0,490.89,491.214,490.615,490.73,342774.09913,168261840.9935921,False,2026-08-25 17:00:00-04:00,Tuesday,After-Hours,MSFT,RMSFTUSDT,Development
2026-08-25 22:00:00+00:00,1787695200000.0,490.75,491.211,490.6,490.94,18300.878307000003,8982523.10476978,False,2026-08-25 18:00:00-04:00,Tuesday,After-Hours,MSFT,RMSFTUSDT,Development
2026-08-25 23:00:00+00:00,1787698800000.0,490.61,490.94,489.328,489.61,13894.651951000002,6809849.51016642,False,2026-08-25 19:00:00-04:00,Tuesday,After-Hours,MSFT,RMSFTUSDT,Development
2026-08-26 00:00:00+00:00,1787702400000.0,489.82,489.82,488.44,488.66,3132.0,1531902.55,False,2026-08-25 20:00:00-04:00,Tuesday,Overnight,MSFT,RMSFTUSDT,Development
2026-08-26 01:00:00+00:00,1787706000000.0,488.65,488.97,487.99,488.77,4520.0,2207637.43,False,2026-08-25 21:00:00-04:00,Tuesday,Overnight,MSFT,RMSFTUSDT,Development
2026-08-26 02:00:00+00:00,1787709600000.0,488.76,489.84,488.51,489.67,1264.0,618298.91,False,2026-08-25 22:00:00-04:00,Tuesday,Overnight,MSFT,RMSFTUSDT,Development
2026-08-26 03:00:00+00:00,1787713200000.0,489.67,490.1,489.47,490.1,725.0,355043.31,False,2026-08-25 23:00:00-04:00,Tuesday,Overnight,MSFT,RMSFTUSDT,Development
2026-08-26 04:00:00+00:00,1787716800000.0,490.04,490.77,489.51,489.68,1093.0,535956.45,False,2026-08-26 00:00:00-04:00,Wednesday,Overnight,MSFT,RMSFTUSDT,Development
2026-08-26 05:00:00+00:00,1787720400000.0,489.64,490.15,489.64,489.78,2250.0,1102320.13,False,2026-08-26 01:00:00-04:00,Wednesday,Overnight,MSFT,RMSFTUSDT,Development
2026-08-26 06:00:00+00:00,1787724000000.0,489.77,490.7,489.59,490.31,1806.0,885060.5,False,2026-08-26 02:00:00-04:00,Wednesday,Overnight,MSFT,RMSFTUSDT,Development
2026-08-26 07:00:00+00:00,1787727600000.0,490.3,490.3,488.62,489.25,5987.0,2928962.82,False,2026-08-26 03:00:00-04:00,Wednesday,Overnight,MSFT,RMSFTUSDT,Development
2026-08-26 08:00:00+00:00,1787731200000.0,489.663,489.663,487.546,488.26,32444.498986,15855762.92135394,False,2026-08-26 04:00:00-04:00,Wednesday,Pre-Market,MSFT,RMSFTUSDT,Development
2026-08-26 09:00:00+00:00,1787734800000.0,488.26,488.309,487.76,488.245,4280.233806,2088820.86897537,False,2026-08-26 05:00:00-04:00,Wednesday,Pre-Market,MSFT,RMSFTUSDT,Development
2026-08-26 10:00:00+00:00,1787738400000.0,488.245,488.245,487.74,488.04,11398.712489000003,5562479.36506084,False,2026-08-26 06:00:00-04:00,Wednesday,Pre-Market,MSFT,RMSFTUSDT,Development
2026-08-26 11:00:00+00:00,1787742000000.0,488.067,488.623,487.785,487.905,42665.999645,20826387.145657107,False,2026-08-26 07:00:00-04:00,Wednesday,Pre-Market,MSFT,RMSFTUSDT,Development
2026-08-26 12:00:00+00:00,1787745600000.0,488.01,489.184,487.856,488.5,3001733.542209999,1464869382.1201088,False,2026-08-26 08:00:00-04:00,Wednesday,Pre-Market,MSFT,RMSFTUSDT,Development
2026-08-26 13:00:00+00:00,1787749200000.0,488.08,497.085,487.276,495.175,2133510.9039679994,1052140902.2918189,False,2026-08-26 09:00:00-04:00,Wednesday,Transition,MSFT,RMSFTUSDT,Development
2026-08-26 14:00:00+00:00,1787752800000.0,495.16,496.74,492.94,495.23,2183739.205322,1080581636.33477,False,2026-08-26 10:00:00-04:00,Wednesday,Regular,MSFT,RMSFTUSDT,Development
2026-08-26 15:00:00+00:00,1787756400000.0,495.19,495.58,493.95,493.995,1693876.7442469993,838498631.245289,False,2026-08-26 11:00:00-04:00,Wednesday,Regular,MSFT,RMSFTUSDT,Development
2026-08-26 16:00:00+00:00,1787760000000.0,493.986,494.87,493.57,494.131,1501701.334522,742075170.5273646,False,2026-08-26 12:00:00-04:00,Wednesday,Regular,MSFT,RMSFTUSDT,Development
2026-08-26 17:00:00+00:00,1787763600000.0,494.05,495.03,493.637,494.36,855920.6487089997,423161348.4613183,False,2026-08-26 13:00:00-04:00,Wednesday,Regular,MSFT,RMSFTUSDT,Development
2026-08-26 18:00:00+00:00,1787767200000.0,494.37,494.91,493.91,494.86,925756.7406629998,457713758.6266892,False,2026-08-26 14:00:00-04:00,Wednesday,Regular,MSFT,RMSFTUSDT,Development
2026-08-26 19:00:00+00:00,1787770800000.0,494.875,497.39,494.846,496.36,2393560.7049280005,1188091248.3929706,False,2026-08-26 15:00:00-04:00,Wednesday,Regular,MSFT,RMSFTUSDT,Development
2026-08-26 20:00:00+00:00,1787774400000.0,496.08,498.76,495.855,497.5,5713686.454227002,2836892748.1212764,False,2026-08-26 16:00:00-04:00,Wednesday,After-Hours,MSFT,RMSFTUSDT,Development
2026-08-26 21:00:00+00:00,1787778000000.0,497.548,497.665,494.799,495.597,754496.913839,374008336.6020884,False,2026-08-26 17:00:00-04:00,Wednesday,After-Hours,MSFT,RMSFTUSDT,Development
2026-08-26 22:00:00+00:00,1787781600000.0,495.17,497.234,493.99,496.93,34890.284476,17318661.46774605,False,2026-08-26 18:00:00-04:00,Wednesday,After-Hours,MSFT,RMSFTUSDT,Development
2026-08-26 23:00:00+00:00,1787785200000.0,496.1,496.402,495.75,496.1,20096.34446,9968918.2763531,False,2026-08-26 19:00:00-04:00,Wednesday,After-Hours,MSFT,RMSFTUSDT,Development
2026-08-27 00:00:00+00:00,1787788800000.0,495.64,496.49,492.89,493.2,8348.0,4128181.0,False,2026-08-26 20:00:00-04:00,Wednesday,Overnight,MSFT,RMSFTUSDT,Development
2026-08-27 01:00:00+00:00,1787792400000.0,493.34,493.47,491.4,491.83,9883.0,4865888.37,False,2026-08-26 21:00:00-04:00,Wednesday,Overnight,MSFT,RMSFTUSDT,Development
2026-08-27 02:00:00+00:00,1787796000000.0,491.83,492.5,491.49,492.09,3346.0,1646098.42,False,2026-08-26 22:00:00-04:00,Wednesday,Overnight,MSFT,RMSFTUSDT,Development
2026-08-27 03:00:00+00:00,1787799600000.0,492.34,493.13,492.1,492.86,3011.0,1483607.58,False,2026-08-26 23:00:00-04:00,Wednesday,Overnight,MSFT,RMSFTUSDT,Development
2026-08-27 04:00:00+00:00,1787803200000.0,492.84,492.96,492.01,492.1,4954.0,2439880.27,False,2026-08-27 00:00:00-04:00,Thursday,Overnight,MSFT,RMSFTUSDT,Development
2026-08-27 05:00:00+00:00,1787806800000.0,492.09,492.94,491.19,491.19,11149.0,5483669.66,False,2026-08-27 01:00:00-04:00,Thursday,Overnight,MSFT,RMSFTUSDT,Development
2026-08-27 06:00:00+00:00,1787810400000.0,491.5,492.16,490.88,492.07,8112.0,3988474.64,False,2026-08-27 02:00:00-04:00,Thursday,Overnight,MSFT,RMSFTUSDT,Development
2026-08-27 07:00:00+00:00,1787814000000.0,491.99,492.48,491.8,492.48,6760.0,3327053.08,False,2026-08-27 03:00:00-04:00,Thursday,Overnight,MSFT,RMSFTUSDT,Development
2026-08-27 08:00:00+00:00,1787817600000.0,491.84,495.97,490.152,490.81,87781.76492100001,43176189.6650427,False,2026-08-27 04:00:00-04:00,Thursday,Pre-Market,MSFT,RMSFTUSDT,Development
2026-08-27 09:00:00+00:00,1787821200000.0,491.49,491.654,490.31,491.49,36621.145672,17979576.2729582,False,2026-08-27 05:00:00-04:00,Thursday,Pre-Market,MSFT,RMSFTUSDT,Development
2026-08-27 10:00:00+00:00,1787824800000.0,491.65,491.815,490.971,491.66,22966.854721000003,11285951.45355243,False,2026-08-27 06:00:00-04:00,Thursday,Pre-Market,MSFT,RMSFTUSDT,Development
2026-08-27 11:00:00+00:00,1787828400000.0,492.0,492.98,491.66,492.1,70855.62379900001,34890038.97155273,False,2026-08-27 07:00:00-04:00,Thursday,Pre-Market,MSFT,RMSFTUSDT,Development
2026-08-27 12:00:00+00:00,1787832000000.0,492.275,493.145,491.645,492.631,2295342.456863,1129717605.4557836,False,2026-08-27 08:00:00-04:00,Thursday,Pre-Market,MSFT,RMSFTUSDT,Development
2026-08-27 13:00:00+00:00,1787835600000.0,492.98,499.895,490.12,499.27,2631315.7612650003,1303105978.1881137,False,2026-08-27 09:00:00-04:00,Thursday,Transition,MSFT,RMSFTUSDT,Development
2026-08-27 14:00:00+00:00,1787839200000.0,499.14,505.49,498.6,502.73,4667570.941580999,2348598473.930701,False,2026-08-27 10:00:00-04:00,Thursday,Regular,MSFT,RMSFTUSDT,Development
2026-08-27 15:00:00+00:00,1787842800000.0,502.865,503.765,498.065,499.415,2362495.5279820003,1183856904.0521033,False,2026-08-27 11:00:00-04:00,Thursday,Regular,MSFT,RMSFTUSDT,Development
2026-08-27 16:00:00+00:00,1787846400000.0,499.45,504.63,498.685,504.1,1674148.465762,840971315.6796006,False,2026-08-27 12:00:00-04:00,Thursday,Regular,MSFT,RMSFTUSDT,Development
2026-08-27 17:00:00+00:00,1787850000000.0,504.091,505.94,503.31,504.17,2867711.17851,1447260384.400005,False,2026-08-27 13:00:00-04:00,Thursday,Regular,MSFT,RMSFTUSDT,Development
2026-08-27 18:00:00+00:00,1787853600000.0,504.19,504.55,501.401,504.45,1514413.798947,761335645.8135693,False,2026-08-27 14:00:00-04:00,Thursday,Regular,MSFT,RMSFTUSDT,Development
2026-08-27 19:00:00+00:00,1787857200000.0,504.28,506.41,504.265,504.99,3940287.241822999,1990897507.8429053,False,2026-08-27 15:00:00-04:00,Thursday,Regular,MSFT,RMSFTUSDT,Development
2026-08-27 20:00:00+00:00,1787860800000.0,504.99,505.841,503.32,503.51,8397473.499809,4239111802.491581,False,2026-08-27 16:00:00-04:00,Thursday,After-Hours,MSFT,RMSFTUSDT,Development
2026-08-27 21:00:00+00:00,1787864400000.0,503.4,503.75,503.13,503.63,31658.253963999992,15935539.87104919,False,2026-08-27 17:00:00-04:00,Thursday,After-Hours,MSFT,RMSFTUSDT,Development
2026-08-27 22:00:00+00:00,1787868000000.0,503.469,503.719,503.201,503.54,60368.706842,30394780.76211647,False,2026-08-27 18:00:00-04:00,Thursday,After-Hours,MSFT,RMSFTUSDT,Development
2026-08-27 23:00:00+00:00,1787871600000.0,503.54,503.728,503.01,503.19,9735.928579,4901937.81227642,False,2026-08-27 19:00:00-04:00,Thursday,After-Hours,MSFT,RMSFTUSDT,Development
2026-08-28 00:00:00+00:00,1787875200000.0,503.42,504.17,502.78,503.72,2840.0,1430590.65,False,2026-08-27 20:00:00-04:00,Thursday,Overnight,MSFT,RMSFTUSDT,Development
2026-08-28 01:00:00+00:00,1787878800000.0,503.71,504.73,503.62,504.58,2328.0,1174037.82,False,2026-08-27 21:00:00-04:00,Thursday,Overnight,MSFT,RMSFTUSDT,Development
2026-08-28 02:00:00+00:00,1787882400000.0,504.71,505.07,504.07,504.59,2480.0,1251875.16,False,2026-08-27 22:00:00-04:00,Thursday,Overnight,MSFT,RMSFTUSDT,Development
2026-08-28 03:00:00+00:00,1787886000000.0,504.51,505.12,504.04,504.61,3099.0,1564048.32,False,2026-08-27 23:00:00-04:00,Thursday,Overnight,MSFT,RMSFTUSDT,Development
2026-08-28 04:00:00+00:00,1787889600000.0,504.54,504.6,504.3,504.53,520.0,262323.62,False,2026-08-28 00:00:00-04:00,Friday,Overnight,MSFT,RMSFTUSDT,Development
2026-08-28 05:00:00+00:00,1787893200000.0,504.48,504.49,503.75,503.75,3357.0,1692154.08,False,2026-08-28 01:00:00-04:00,Friday,Overnight,MSFT,RMSFTUSDT,Development
2026-08-28 06:00:00+00:00,1787896800000.0,503.8,504.22,503.49,503.85,6168.0,3107510.31,False,2026-08-28 02:00:00-04:00,Friday,Overnight,MSFT,RMSFTUSDT,Development
2026-08-28 07:00:00+00:00,1787900400000.0,503.93,504.84,503.8,504.23,7956.0,4011511.17,False,2026-08-28 03:00:00-04:00,Friday,Overnight,MSFT,RMSFTUSDT,Development
2026-08-28 08:00:00+00:00,1787904000000.0,504.16,504.795,503.087,504.68,33572.22641400002,16926733.83455769,False,2026-08-28 04:00:00-04:00,Friday,Pre-Market,MSFT,RMSFTUSDT,Development
2026-08-28 09:00:00+00:00,1787907600000.0,504.35,504.535,503.88,504.01,12032.895438999998,6067228.94483167,False,2026-08-28 05:00:00-04:00,Friday,Pre-Market,MSFT,RMSFTUSDT,Development
2026-08-28 10:00:00+00:00,1787911200000.0,503.88,503.88,502.556,503.061,15116.438528,7610785.16733727,False,2026-08-28 06:00:00-04:00,Friday,Pre-Market,MSFT,RMSFTUSDT,Development
2026-08-28 11:00:00+00:00,1787914800000.0,503.06,504.323,502.82,504.247,48415.744007,24388278.13383926,False,2026-08-28 07:00:00-04:00,Friday,Pre-Market,MSFT,RMSFTUSDT,Development
2026-08-28 12:00:00+00:00,1787918400000.0,504.27,506.299,504.224,505.8,752328.4876880002,380671970.4436802,False,2026-08-28 08:00:00-04:00,Friday,Pre-Market,MSFT,RMSFTUSDT,Development
2026-08-28 13:00:00+00:00,1787922000000.0,506.14,513.14,504.206,509.99,3056985.043752,1557366357.0112462,False,2026-08-28 09:00:00-04:00,Friday,Transition,MSFT,RMSFTUSDT,Development
2026-08-28 14:00:00+00:00,1787925600000.0,510.01,515.45,508.2,515.22,4216618.821896,2157373565.8977,False,2026-08-28 10:00:00-04:00,Friday,Regular,MSFT,RMSFTUSDT,Development
2026-08-28 15:00:00+00:00,1787929200000.0,514.94,516.29,514.08,514.61,3088357.985156,1590781388.0666084,False,2026-08-28 11:00:00-04:00,Friday,Regular,MSFT,RMSFTUSDT,Development
2026-08-28 16:00:00+00:00,1787932800000.0,514.639,517.75,514.215,516.965,3973127.151435,2051392705.0245607,False,2026-08-28 12:00:00-04:00,Friday,Regular,MSFT,RMSFTUSDT,Development
2026-08-28 17:00:00+00:00,1787936400000.0,516.78,517.68,515.29,515.815,3058719.463555,1580326134.484049,False,2026-08-28 13:00:00-04:00,Friday,Regular,MSFT,RMSFTUSDT,Development
2026-08-28 18:00:00+00:00,1787940000000.0,515.84,516.3,513.89,513.89,2663807.8640469983,1371601328.7174597,False,2026-08-28 14:00:00-04:00,Friday,Regular,MSFT,RMSFTUSDT,Development
2026-08-28 19:00:00+00:00,1787943600000.0,513.895,514.75,512.845,513.66,5478283.882461,2814466701.129174,False,2026-08-28 15:00:00-04:00,Friday,Regular,MSFT,RMSFTUSDT,Development
2026-08-28 20:00:00+00:00,1787947200000.0,513.35,513.738,512.724,513.43,5170542.47777,2654927753.0370216,False,2026-08-28 16:00:00-04:00,Friday,After-Hours,MSFT,RMSFTUSDT,Development
2026-08-28 21:00:00+00:00,1787950800000.0,513.01,513.4,512.536,512.696,436924.295411,224083906.42760915,False,2026-08-28 17:00:00-04:00,Friday,After-Hours,MSFT,RMSFTUSDT,Development
2026-08-28 22:00:00+00:00,1787954400000.0,512.695,512.739,512.129,512.245,14312.962472,7334422.8480444,False,2026-08-28 18:00:00-04:00,Friday,After-Hours,MSFT,RMSFTUSDT,Development
2026-08-28 23:00:00+00:00,1787958000000.0,512.245,513.185,512.136,513.15,29986.035145,15370580.187459368,False,2026-08-28 19:00:00-04:00,Friday,After-Hours,MSFT,RMSFTUSDT,Development
2026-08-29 00:00:00+00:00,1787961600000.0,513.46,513.46,513.46,513.46,0.4041,207.489186,False,2026-08-28 20:00:00-04:00,Friday,Overnight,MSFT,RMSFTUSDT,Development
2026-08-29 01:00:00+00:00,,,,,,,,True,2026-08-28 21:00:00-04:00,Friday,Overnight,MSFT,RMSFTUSDT,Development
2026-08-29 02:00:00+00:00,,,,,,,,True,2026-08-28 22:00:00-04:00,Friday,Overnight,MSFT,RMSFTUSDT,Development
2026-08-29 03:00:00+00:00,,,,,,,,True,2026-08-28 23:00:00-04:00,Friday,Overnight,MSFT,RMSFTUSDT,Development
2026-08-29 04:00:00+00:00,,,,,,,,True,2026-08-29 00:00:00-04:00,Saturday,Weekend,MSFT,RMSFTUSDT,Development
2026-08-29 05:00:00+00:00,,,,,,,,True,2026-08-29 01:00:00-04:00,Saturday,Weekend,MSFT,RMSFTUSDT,Development
2026-08-29 06:00:00+00:00,1787983200000.0,513.51,513.51,513.51,513.51,0.2404,123.447804,False,2026-08-29 02:00:00-04:00,Saturday,Weekend,MSFT,RMSFTUSDT,Development
2026-08-29 07:00:00+00:00,1787986800000.0,513.58,513.91,513.58,513.91,14.8132,7608.822811,False,2026-08-29 03:00:00-04:00,Saturday,Weekend,MSFT,RMSFTUSDT,Development
2026-08-29 08:00:00+00:00,1787990400000.0,513.91,513.91,513.91,513.91,0.1945,99.955495,False,2026-08-29 04:00:00-04:00,Saturday,Weekend,MSFT,RMSFTUSDT,Development
2026-08-29 09:00:00+00:00,1787994000000.0,513.91,513.91,513.43,513.43,5.6683,2912.852917,False,2026-08-29 05:00:00-04:00,Saturday,Weekend,MSFT,RMSFTUSDT,Development
2026-08-29 10:00:00+00:00,1787997600000.0,513.43,513.91,513.39,513.91,1.2891,661.888642,False,2026-08-29 06:00:00-04:00,Saturday,Weekend,MSFT,RMSFTUSDT,Development
2026-08-29 11:00:00+00:00,1788001200000.0,513.91,513.91,513.91,513.91,0.1719,88.341129,False,2026-08-29 07:00:00-04:00,Saturday,Weekend,MSFT,RMSFTUSDT,Development
2026-08-29 12:00:00+00:00,1788004800000.0,513.91,513.91,513.46,513.91,0.2387,122.621312,False,2026-08-29 08:00:00-04:00,Saturday,Weekend,MSFT,RMSFTUSDT,Development
2026-08-29 13:00:00+00:00,,,,,,,,True,2026-08-29 09:00:00-04:00,Saturday,Weekend,MSFT,RMSFTUSDT,Development
2026-08-29 14:00:00+00:00,1788012000000.0,513.46,513.91,513.46,513.91,0.0736,37.811671,False,2026-08-29 10:00:00-04:00,Saturday,Weekend,MSFT,RMSFTUSDT,Development
2026-08-29 15:00:00+00:00,1788015600000.0,513.46,513.91,513.46,513.91,0.3824,196.379839,False,2026-08-29 11:00:00-04:00,Saturday,Weekend,MSFT,RMSFTUSDT,Development
2026-08-29 16:00:00+00:00,1788019200000.0,513.91,513.91,513.31,513.91,6.0448,3106.057876,False,2026-08-29 12:00:00-04:00,Saturday,Weekend,MSFT,RMSFTUSDT,Development
2026-08-29 17:00:00+00:00,,,,,,,,True,2026-08-29 13:00:00-04:00,Saturday,Weekend,MSFT,RMSFTUSDT,Development
2026-08-29 18:00:00+00:00,1788026400000.0,513.91,513.91,513.91,513.91,0.1521,78.165711,False,2026-08-29 14:00:00-04:00,Saturday,Weekend,MSFT,RMSFTUSDT,Development
2026-08-29 19:00:00+00:00,,,,,,,,True,2026-08-29 15:00:00-04:00,Saturday,Weekend,MSFT,RMSFTUSDT,Development
2026-08-29 20:00:00+00:00,1788033600000.0,513.91,513.91,513.52,513.52,14.2406,7318.377776,False,2026-08-29 16:00:00-04:00,Saturday,Weekend,MSFT,RMSFTUSDT,Development
2026-08-29 21:00:00+00:00,1788037200000.0,513.91,513.91,513.91,513.91,8.1998,4213.959218,False,2026-08-29 17:00:00-04:00,Saturday,Weekend,MSFT,RMSFTUSDT,Development
2026-08-29 22:00:00+00:00,,,,,,,,True,2026-08-29 18:00:00-04:00,Saturday,Weekend,MSFT,RMSFTUSDT,Development
2026-08-29 23:00:00+00:00,,,,,,,,True,2026-08-29 19:00:00-04:00,Saturday,Weekend,MSFT,RMSFTUSDT,Development
2026-08-30 00:00:00+00:00,,,,,,,,True,2026-08-29 20:00:00-04:00,Saturday,Weekend,MSFT,RMSFTUSDT,Development
2026-08-30 01:00:00+00:00,,,,,,,,True,2026-08-29 21:00:00-04:00,Saturday,Weekend,MSFT,RMSFTUSDT,Development
2026-08-30 02:00:00+00:00,,,,,,,,True,2026-08-29 22:00:00-04:00,Saturday,Weekend,MSFT,RMSFTUSDT,Development
2026-08-30 03:00:00+00:00,,,,,,,,True,2026-08-29 23:00:00-04:00,Saturday,Weekend,MSFT,RMSFTUSDT,Development
2026-08-30 04:00:00+00:00,,,,,,,,True,2026-08-30 00:00:00-04:00,Sunday,Weekend,MSFT,RMSFTUSDT,Development
2026-08-30 05:00:00+00:00,,,,,,,,True,2026-08-30 01:00:00-04:00,Sunday,Weekend,MSFT,RMSFTUSDT,Development
2026-08-30 06:00:00+00:00,1788069600000.0,513.52,513.91,513.09,513.91,5.2756,2709.951952,False,2026-08-30 02:00:00-04:00,Sunday,Weekend,MSFT,RMSFTUSDT,Development
2026-08-30 07:00:00+00:00,,,,,,,,True,2026-08-30 03:00:00-04:00,Sunday,Weekend,MSFT,RMSFTUSDT,Development
2026-08-30 08:00:00+00:00,1788076800000.0,513.91,514.17,513.91,514.17,27.937,14357.470944,False,2026-08-30 04:00:00-04:00,Sunday,Weekend,MSFT,RMSFTUSDT,Development
2026-08-30 09:00:00+00:00,1788080400000.0,514.09,514.29,514.09,514.29,2.1172,1088.836628,False,2026-08-30 05:00:00-04:00,Sunday,Weekend,MSFT,RMSFTUSDT,Development
2026-08-30 10:00:00+00:00,,,,,,,,True,2026-08-30 06:00:00-04:00,Sunday,Weekend,MSFT,RMSFTUSDT,Development
2026-08-30 11:00:00+00:00,,,,,,,,True,2026-08-30 07:00:00-04:00,Sunday,Weekend,MSFT,RMSFTUSDT,Development
2026-08-30 12:00:00+00:00,1788091200000.0,514.31,514.43,514.31,514.43,4.6357,2384.592027,False,2026-08-30 08:00:00-04:00,Sunday,Weekend,MSFT,RMSFTUSDT,Development
2026-08-30 13:00:00+00:00,1788094800000.0,514.53,514.66,514.21,514.21,0.986,507.256288,False,2026-08-30 09:00:00-04:00,Sunday,Weekend,MSFT,RMSFTUSDT,Development
2026-08-30 14:00:00+00:00,1788098400000.0,514.51,514.51,514.21,514.51,0.1362,70.062822,False,2026-08-30 10:00:00-04:00,Sunday,Weekend,MSFT,RMSFTUSDT,Development
2026-08-30 15:00:00+00:00,1788102000000.0,514.55,514.55,514.55,514.55,0.0485,24.955675,False,2026-08-30 11:00:00-04:00,Sunday,Weekend,MSFT,RMSFTUSDT,Development
2026-08-30 16:00:00+00:00,1788105600000.0,514.62,515.06,514.39,514.64,3.2621,1679.142459,False,2026-08-30 12:00:00-04:00,Sunday,Weekend,MSFT,RMSFTUSDT,Development
2026-08-30 17:00:00+00:00,,,,,,,,True,2026-08-30 13:00:00-04:00,Sunday,Weekend,MSFT,RMSFTUSDT,Development
2026-08-30 18:00:00+00:00,,,,,,,,True,2026-08-30 14:00:00-04:00,Sunday,Weekend,MSFT,RMSFTUSDT,Development
2026-08-30 19:00:00+00:00,1788116400000.0,515.06,515.06,515.06,515.06,0.0388,19.984328,False,2026-08-30 15:00:00-04:00,Sunday,Weekend,MSFT,RMSFTUSDT,Development
2026-08-30 20:00:00+00:00,,,,,,,,True,2026-08-30 16:00:00-04:00,Sunday,Weekend,MSFT,RMSFTUSDT,Development
2026-08-30 21:00:00+00:00,1788123600000.0,514.91,515.06,514.91,515.06,0.72,370.79952,False,2026-08-30 17:00:00-04:00,Sunday,Weekend,MSFT,RMSFTUSDT,Development
2026-08-30 22:00:00+00:00,1788127200000.0,514.91,514.91,513.34,513.91,15.9816,8216.513879,False,2026-08-30 18:00:00-04:00,Sunday,Weekend,MSFT,RMSFTUSDT,Development
2026-08-30 23:00:00+00:00,,,,,,,,True,2026-08-30 19:00:00-04:00,Sunday,Weekend,MSFT,RMSFTUSDT,Development
2026-08-31 00:00:00+00:00,1788134400000.0,512.12,512.29,509.32,509.77,10838.0,5531362.24,False,2026-08-30 20:00:00-04:00,Sunday,Weekend,MSFT,RMSFTUSDT,Development
2026-08-31 01:00:00+00:00,1788138000000.0,509.78,510.08,509.24,510.08,4779.0,2436273.36,False,2026-08-30 21:00:00-04:00,Sunday,Weekend,MSFT,RMSFTUSDT,Development
2026-08-31 02:00:00+00:00,1788141600000.0,509.85,511.57,509.55,510.42,4638.0,2367056.89,False,2026-08-30 22:00:00-04:00,Sunday,Weekend,MSFT,RMSFTUSDT,Development
2026-08-31 03:00:00+00:00,1788145200000.0,510.5,511.04,509.73,510.64,4248.0,2168324.71,False,2026-08-30 23:00:00-04:00,Sunday,Weekend,MSFT,RMSFTUSDT,Development
2026-08-31 04:00:00+00:00,1788148800000.0,510.43,511.32,510.17,511.0,2503.0,1278359.19,False,2026-08-31 00:00:00-04:00,Monday,Overnight,MSFT,RMSFTUSDT,Development
2026-08-31 05:00:00+00:00,1788152400000.0,510.99,511.81,509.69,510.2,7240.0,3695539.79,False,2026-08-31 01:00:00-04:00,Monday,Overnight,MSFT,RMSFTUSDT,Development
2026-08-31 06:00:00+00:00,1788156000000.0,510.23,511.88,509.99,511.75,9762.0,4986408.22,False,2026-08-31 02:00:00-04:00,Monday,Overnight,MSFT,RMSFTUSDT,Development
2026-08-31 07:00:00+00:00,1788159600000.0,511.76,513.15,510.34,510.99,8765.0,4478770.21,False,2026-08-31 03:00:00-04:00,Monday,Overnight,MSFT,RMSFTUSDT,Development
2026-08-31 08:00:00+00:00,1788163200000.0,513.15,513.15,509.428,509.515,53004.910266000006,27063331.89147071,False,2026-08-31 04:00:00-04:00,Monday,Pre-Market,MSFT,RMSFTUSDT,Development
2026-08-31 09:00:00+00:00,1788166800000.0,509.515,510.07,509.385,510.07,15464.737096999996,7882211.02565396,False,2026-08-31 05:00:00-04:00,Monday,Pre-Market,MSFT,RMSFTUSDT,Development
2026-08-31 10:00:00+00:00,1788170400000.0,510.07,510.2,509.855,510.144,19364.114635,9876252.27752856,False,2026-08-31 06:00:00-04:00,Monday,Pre-Market,MSFT,RMSFTUSDT,Development
2026-08-31 11:00:00+00:00,1788174000000.0,510.21,510.558,508.41,508.59,970654.687145,493935788.7963829,False,2026-08-31 07:00:00-04:00,Monday,Pre-Market,MSFT,RMSFTUSDT,Development
2026-08-31 12:00:00+00:00,1788177600000.0,508.99,509.153,508.24,508.36,46567.30661700001,23686074.00209213,False,2026-08-31 08:00:00-04:00,Monday,Pre-Market,MSFT,RMSFTUSDT,Development
2026-08-31 13:00:00+00:00,1788181200000.0,509.049,511.694,507.41,508.954,3230446.596504,1646791531.5849175,False,2026-08-31 09:00:00-04:00,Monday,Transition,MSFT,RMSFTUSDT,Development
2026-08-31 14:00:00+00:00,1788184800000.0,508.995,510.935,507.5,510.895,1892189.1811,962798079.7650782,False,2026-08-31 10:00:00-04:00,Monday,Regular,MSFT,RMSFTUSDT,Development
2026-08-31 15:00:00+00:00,1788188400000.0,510.9,512.185,509.84,509.86,1744427.5768379995,891377546.4498689,False,2026-08-31 11:00:00-04:00,Monday,Regular,MSFT,RMSFTUSDT,Development
2026-08-31 16:00:00+00:00,1788192000000.0,509.82,511.71,509.272,511.465,1136850.0493450002,580382299.8065058,False,2026-08-31 12:00:00-04:00,Monday,Regular,MSFT,RMSFTUSDT,Development
2026-08-31 17:00:00+00:00,1788195600000.0,511.32,511.48,510.07,511.02,1060760.6726349995,541987922.1299429,False,2026-08-31 13:00:00-04:00,Monday,Regular,MSFT,RMSFTUSDT,Development
2026-08-31 18:00:00+00:00,1788199200000.0,510.94,512.19,509.755,511.04,1939659.1356420005,990536980.8212872,False,2026-08-31 14:00:00-04:00,Monday,Regular,MSFT,RMSFTUSDT,Development
2026-08-31 19:00:00+00:00,1788202800000.0,511.035,511.347,506.39,507.143,5461452.456818,2778093445.87118,False,2026-08-31 15:00:00-04:00,Monday,Regular,MSFT,RMSFTUSDT,Development
2026-08-31 20:00:00+00:00,1788206400000.0,507.41,508.123,506.975,507.5,11138610.864111004,5649892167.796258,False,2026-08-31 16:00:00-04:00,Monday,After-Hours,MSFT,RMSFTUSDT,Development
2026-08-31 21:00:00+00:00,1788210000000.0,507.51,507.789,507.401,507.65,548417.672412,278379059.0287881,False,2026-08-31 17:00:00-04:00,Monday,After-Hours,MSFT,RMSFTUSDT,Development
2026-08-31 22:00:00+00:00,1788213600000.0,507.4,507.733,507.301,507.4,12637.254139,6414160.9196146,False,2026-08-31 18:00:00-04:00,Monday,After-Hours,MSFT,RMSFTUSDT,Development
2026-08-31 23:00:00+00:00,1788217200000.0,507.575,507.984,507.331,507.76,10813.911695,5489267.01775766,False,2026-08-31 19:00:00-04:00,Monday,After-Hours,MSFT,RMSFTUSDT,Development
2026-09-01 00:00:00+00:00,1788220800000.0,508.37,508.8,507.35,507.62,2211.0,1122531.81,False,2026-08-31 20:00:00-04:00,Monday,Overnight,MSFT,RMSFTUSDT,Development
2026-09-01 01:00:00+00:00,1788224400000.0,507.62,507.71,506.99,507.34,1974.0,1001362.29,False,2026-08-31 21:00:00-04:00,Monday,Overnight,MSFT,RMSFTUSDT,Development
2026-09-01 02:00:00+00:00,1788228000000.0,507.24,507.32,506.52,506.86,1958.0,992389.84,False,2026-08-31 22:00:00-04:00,Monday,Overnight,MSFT,RMSFTUSDT,Development
2026-09-01 03:00:00+00:00,1788231600000.0,506.88,506.88,506.27,506.44,665.0,336856.71,False,2026-08-31 23:00:00-04:00,Monday,Overnight,MSFT,RMSFTUSDT,Development
2026-09-01 04:00:00+00:00,1788235200000.0,506.41,506.5,505.76,505.93,2948.0,1492048.11,False,2026-09-01 00:00:00-04:00,Tuesday,Overnight,MSFT,RMSFTUSDT,Development
2026-09-01 05:00:00+00:00,1788238800000.0,505.72,506.76,505.61,506.65,5014.0,2537391.45,False,2026-09-01 01:00:00-04:00,Tuesday,Overnight,MSFT,RMSFTUSDT,Development
2026-09-01 06:00:00+00:00,1788242400000.0,506.73,506.86,505.61,506.21,7028.0,3557238.34,False,2026-09-01 02:00:00-04:00,Tuesday,Overnight,MSFT,RMSFTUSDT,Development
2026-09-01 07:00:00+00:00,1788246000000.0,506.22,506.47,504.17,505.35,10555.0,5331665.61,False,2026-09-01 03:00:00-04:00,Tuesday,Overnight,MSFT,RMSFTUSDT,Development
2026-09-01 08:00:00+00:00,1788249600000.0,505.18,507.76,502.022,503.41,79582.38704599999,40166838.30633452,False,2026-09-01 04:00:00-04:00,Tuesday,Pre-Market,MSFT,RMSFTUSDT,Development
2026-09-01 09:00:00+00:00,1788253200000.0,501.51,502.25,500.785,501.43,30678.572948,15379628.79742662,False,2026-09-01 05:00:00-04:00,Tuesday,Pre-Market,MSFT,RMSFTUSDT,Development
2026-09-01 10:00:00+00:00,1788256800000.0,502.16,502.625,501.12,502.16,19421.483585,9752187.23847039,False,2026-09-01 06:00:00-04:00,Tuesday,Pre-Market,MSFT,RMSFTUSDT,Development
2026-09-01 11:00:00+00:00,1788260400000.0,501.21,502.715,500.695,502.5,50579.10792200002,25383155.65812046,False,2026-09-01 07:00:00-04:00,Tuesday,Pre-Market,MSFT,RMSFTUSDT,Development
2026-09-01 12:00:00+00:00,1788264000000.0,501.5,502.399,500.203,500.61,1092780.5952869998,548018977.8427156,False,2026-09-01 08:00:00-04:00,Tuesday,Pre-Market,MSFT,RMSFTUSDT,Development
2026-09-01 13:00:00+00:00,1788267600000.0,500.589,505.9,496.841,502.454,4565519.121667,2286222291.548144,False,2026-09-01 09:00:00-04:00,Tuesday,Transition,MSFT,RMSFTUSDT,Development
2026-09-01 14:00:00+00:00,1788271200000.0,502.42,504.76,501.45,501.45,2212481.6727249995,1114038728.018019,False,2026-09-01 10:00:00-04:00,Tuesday,Regular,MSFT,RMSFTUSDT,Development
2026-09-01 15:00:00+00:00,1788274800000.0,501.635,501.843,499.93,500.82,1614082.1090159998,808438849.6144077,False,2026-09-01 11:00:00-04:00,Tuesday,Regular,MSFT,RMSFTUSDT,Development
2026-09-01 16:00:00+00:00,1788278400000.0,500.99,501.09,499.02,500.89,1520928.2517189998,760576066.1788265,False,2026-09-01 12:00:00-04:00,Tuesday,Regular,MSFT,RMSFTUSDT,Development
2026-09-01 17:00:00+00:00,1788282000000.0,500.949,502.07,500.03,501.409,1354021.288359,678478951.5835669,False,2026-09-01 13:00:00-04:00,Tuesday,Regular,MSFT,RMSFTUSDT,Development
2026-09-01 18:00:00+00:00,1788285600000.0,501.63,501.805,500.094,500.95,1270032.2615670003,636268763.6030837,False,2026-09-01 14:00:00-04:00,Tuesday,Regular,MSFT,RMSFTUSDT,Development
2026-09-01 19:00:00+00:00,1788289200000.0,500.84,501.65,500.085,501.2,2426911.520816,1215465485.8383875,False,2026-09-01 15:00:00-04:00,Tuesday,Regular,MSFT,RMSFTUSDT,Development
2026-09-01 20:00:00+00:00,1788292800000.0,501.1,501.385,500.406,501.1,4812049.591336999,2411058680.745997,False,2026-09-01 16:00:00-04:00,Tuesday,After-Hours,MSFT,RMSFTUSDT,Development
2026-09-01 21:00:00+00:00,1788296400000.0,501.305,501.5,500.651,500.79,1892250.1412550008,948286398.7388417,False,2026-09-01 17:00:00-04:00,Tuesday,After-Hours,MSFT,RMSFTUSDT,Development
2026-09-01 22:00:00+00:00,1788300000000.0,501.17,501.3,500.656,501.17,18575.674154,9305142.17504187,False,2026-09-01 18:00:00-04:00,Tuesday,After-Hours,MSFT,RMSFTUSDT,Development
2026-09-01 23:00:00+00:00,1788303600000.0,501.01,501.11,500.7,501.01,6274.745413,3142873.14832904,False,2026-09-01 19:00:00-04:00,Tuesday,After-Hours,MSFT,RMSFTUSDT,Development
2026-09-02 00:00:00+00:00,1788307200000.0,500.4,501.04,499.84,500.7,861.0,431008.56,False,2026-09-01 20:00:00-04:00,Tuesday,Overnight,MSFT,RMSFTUSDT,Development
2026-09-02 01:00:00+00:00,1788310800000.0,500.71,500.72,499.48,499.6,3313.0,1657243.92,False,2026-09-01 21:00:00-04:00,Tuesday,Overnight,MSFT,RMSFTUSDT,Development
2026-09-02 02:00:00+00:00,1788314400000.0,499.67,499.76,498.81,499.49,4182.0,2087949.93,False,2026-09-01 22:00:00-04:00,Tuesday,Overnight,MSFT,RMSFTUSDT,Development
2026-09-02 03:00:00+00:00,1788318000000.0,499.43,499.58,499.0,499.18,2369.0,1182818.05,False,2026-09-01 23:00:00-04:00,Tuesday,Overnight,MSFT,RMSFTUSDT,Development
2026-09-02 04:00:00+00:00,1788321600000.0,499.16,499.32,498.79,498.98,1858.0,927101.21,False,2026-09-02 00:00:00-04:00,Wednesday,Overnight,MSFT,RMSFTUSDT,Development
2026-09-02 05:00:00+00:00,1788325200000.0,498.97,499.51,498.82,499.05,1402.0,699822.07,False,2026-09-02 01:00:00-04:00,Wednesday,Overnight,MSFT,RMSFTUSDT,Development
2026-09-02 06:00:00+00:00,1788328800000.0,498.82,499.09,498.3,498.69,5262.0,2624013.83,False,2026-09-02 02:00:00-04:00,Wednesday,Overnight,MSFT,RMSFTUSDT,Development
2026-09-02 07:00:00+00:00,1788332400000.0,498.69,498.99,498.02,498.52,7000.0,3490062.53,False,2026-09-02 03:00:00-04:00,Wednesday,Overnight,MSFT,RMSFTUSDT,Development
2026-09-02 08:00:00+00:00,1788336000000.0,497.48,500.575,496.865,497.13,50712.528591,25252668.74209431,False,2026-09-02 04:00:00-04:00,Wednesday,Pre-Market,MSFT,RMSFTUSDT,Development
2026-09-02 09:00:00+00:00,1788339600000.0,497.08,497.5,496.101,497.08,19617.347644,9746416.207517,False,2026-09-02 05:00:00-04:00,Wednesday,Pre-Market,MSFT,RMSFTUSDT,Development
2026-09-02 10:00:00+00:00,1788343200000.0,496.0,497.935,495.553,497.0,52583.90623499999,26101941.17231982,False,2026-09-02 06:00:00-04:00,Wednesday,Pre-Market,MSFT,RMSFTUSDT,Development
2026-09-02 11:00:00+00:00,1788346800000.0,497.0,498.939,496.52,497.59,34738.01929900001,17299085.49045305,False,2026-09-02 07:00:00-04:00,Wednesday,Pre-Market,MSFT,RMSFTUSDT,Development
2026-09-02 12:00:00+00:00,1788350400000.0,498.835,500.794,498.767,500.021,1245993.202496,622018657.9623863,False,2026-09-02 08:00:00-04:00,Wednesday,Pre-Market,MSFT,RMSFTUSDT,Development
2026-09-02 13:00:00+00:00,1788354000000.0,499.9,500.28,495.36,498.42,1716584.1028109996,854439521.703561,False,2026-09-02 09:00:00-04:00,Wednesday,Transition,MSFT,RMSFTUSDT,Development
2026-09-02 14:00:00+00:00,1788357600000.0,498.52,498.97,496.558,498.39,1851826.450559,922114203.316178,False,2026-09-02 10:00:00-04:00,Wednesday,Regular,MSFT,RMSFTUSDT,Development
2026-09-02 15:00:00+00:00,1788361200000.0,498.37,498.629,493.94,494.76,1555274.013297,771681551.396783,False,2026-09-02 11:00:00-04:00,Wednesday,Regular,MSFT,RMSFTUSDT,Development
2026-09-02 16:00:00+00:00,1788364800000.0,494.715,496.235,493.82,495.815,1356406.267785,671100448.1118706,False,2026-09-02 12:00:00-04:00,Wednesday,Regular,MSFT,RMSFTUSDT,Development
2026-09-02 17:00:00+00:00,1788368400000.0,496.07,497.83,495.638,497.645,1200994.5037240002,596406424.3834153,False,2026-09-02 13:00:00-04:00,Wednesday,Regular,MSFT,RMSFTUSDT,Development
2026-09-02 18:00:00+00:00,1788372000000.0,497.69,497.753,494.863,495.29,880757.4547339999,436846361.5190437,False,2026-09-02 14:00:00-04:00,Wednesday,Regular,MSFT,RMSFTUSDT,Development
2026-09-02 19:00:00+00:00,1788375600000.0,495.445,497.44,495.248,496.75,2074641.00834,1030405725.6892024,False,2026-09-02 15:00:00-04:00,Wednesday,Regular,MSFT,RMSFTUSDT,Development
2026-09-02 20:00:00+00:00,1788379200000.0,497.01,498.6,495.836,497.99,3854701.292987,1915644304.136828,False,2026-09-02 16:00:00-04:00,Wednesday,After-Hours,MSFT,RMSFTUSDT,Development
2026-09-02 21:00:00+00:00,1788382800000.0,499.0,499.155,497.41,499.0,39154.084139000006,19511615.59490373,False,2026-09-02 17:00:00-04:00,Wednesday,After-Hours,MSFT,RMSFTUSDT,Development
2026-09-02 22:00:00+00:00,1788386400000.0,498.28,498.71,497.71,498.28,10111.774268,5035876.94390105,False,2026-09-02 18:00:00-04:00,Wednesday,After-Hours,MSFT,RMSFTUSDT,Development
2026-09-02 23:00:00+00:00,1788390000000.0,497.96,498.5,497.666,497.96,6760.325051,3367220.55922237,False,2026-09-02 19:00:00-04:00,Wednesday,After-Hours,MSFT,RMSFTUSDT,Development
2026-09-03 00:00:00+00:00,1788393600000.0,497.74,497.98,496.81,497.1,2941.0,1462009.04,False,2026-09-02 20:00:00-04:00,Wednesday,Overnight,MSFT,RMSFTUSDT,Development
2026-09-03 01:00:00+00:00,1788397200000.0,497.2,497.45,496.51,496.51,2164.0,1075744.59,False,2026-09-02 21:00:00-04:00,Wednesday,Overnight,MSFT,RMSFTUSDT,Development
2026-09-03 02:00:00+00:00,1788400800000.0,496.58,497.44,496.51,497.13,2285.0,1135764.81,False,2026-09-02 22:00:00-04:00,Wednesday,Overnight,MSFT,RMSFTUSDT,Development
2026-09-03 03:00:00+00:00,1788404400000.0,497.13,497.99,497.07,497.32,2010.0,1000189.45,False,2026-09-02 23:00:00-04:00,Wednesday,Overnight,MSFT,RMSFTUSDT,Development
2026-09-03 04:00:00+00:00,1788408000000.0,497.44,497.93,497.0,497.0,2837.0,1411438.82,False,2026-09-03 00:00:00-04:00,Thursday,Overnight,MSFT,RMSFTUSDT,Development
2026-09-03 05:00:00+00:00,1788411600000.0,497.01,497.25,495.26,496.59,7481.0,3713831.29,False,2026-09-03 01:00:00-04:00,Thursday,Overnight,MSFT,RMSFTUSDT,Development
2026-09-03 06:00:00+00:00,1788415200000.0,496.9,497.44,496.63,497.42,3838.0,1907769.72,False,2026-09-03 02:00:00-04:00,Thursday,Overnight,MSFT,RMSFTUSDT,Development
2026-09-03 07:00:00+00:00,1788418800000.0,497.43,498.53,496.49,497.18,13211.0,6574041.97,False,2026-09-03 03:00:00-04:00,Thursday,Overnight,MSFT,RMSFTUSDT,Development
2026-09-03 08:00:00+00:00,1788422400000.0,497.855,499.595,496.113,499.301,90063.408791,44850048.79527084,False,2026-09-03 04:00:00-04:00,Thursday,Pre-Market,MSFT,RMSFTUSDT,Development
2026-09-03 09:00:00+00:00,1788426000000.0,499.301,500.524,498.692,498.97,79940.019308,39949431.180701725,False,2026-09-03 05:00:00-04:00,Thursday,Pre-Market,MSFT,RMSFTUSDT,Development
2026-09-03 10:00:00+00:00,1788429600000.0,498.941,498.98,497.165,498.025,28384.156071,14146359.405462272,False,2026-09-03 06:00:00-04:00,Thursday,Pre-Market,MSFT,RMSFTUSDT,Development
2026-09-03 11:00:00+00:00,1788433200000.0,498.021,500.75,497.568,499.715,90161.843245,45055512.23940339,False,2026-09-03 07:00:00-04:00,Thursday,Pre-Market,MSFT,RMSFTUSDT,Development
2026-09-03 12:00:00+00:00,1788436800000.0,499.762,501.975,499.381,501.024,561503.52847,281261470.8886453,False,2026-09-03 08:00:00-04:00,Thursday,Pre-Market,MSFT,RMSFTUSDT,Development
2026-09-03 13:00:00+00:00,1788440400000.0,501.013,512.37,500.01,511.477,4190667.249086,2132348848.008401,False,2026-09-03 09:00:00-04:00,Thursday,Transition,MSFT,RMSFTUSDT,Development
2026-09-03 14:00:00+00:00,1788444000000.0,511.59,512.89,507.78,509.876,4076367.836332,2081740342.9465733,False,2026-09-03 10:00:00-04:00,Thursday,Regular,MSFT,RMSFTUSDT,Development
2026-09-03 15:00:00+00:00,1788447600000.0,509.877,514.85,509.61,514.67,3993765.434109,2047034612.7991407,False,2026-09-03 11:00:00-04:00,Thursday,Regular,MSFT,RMSFTUSDT,Development
2026-09-03 16:00:00+00:00,1788451200000.0,514.7,514.965,510.882,511.097,2731381.743788,1401021968.5694823,False,2026-09-03 12:00:00-04:00,Thursday,Regular,MSFT,RMSFTUSDT,Development
2026-09-03 17:00:00+00:00,1788454800000.0,511.05,511.645,509.645,510.974,1698059.027872,866862280.2315066,False,2026-09-03 13:00:00-04:00,Thursday,Regular,MSFT,RMSFTUSDT,Development
2026-09-03 18:00:00+00:00,1788458400000.0,510.985,515.54,510.985,512.253,4523170.184351,2324354389.2297983,False,2026-09-03 14:00:00-04:00,Thursday,Regular,MSFT,RMSFTUSDT,Development
2026-09-03 19:00:00+00:00,1788462000000.0,512.262,512.53,509.61,509.924,3995784.030678,2041753335.6624928,False,2026-09-03 15:00:00-04:00,Thursday,Regular,MSFT,RMSFTUSDT,Development
2026-09-03 20:00:00+00:00,1788465600000.0,509.948,510.173,509.211,509.4,4898566.880715,2497835813.9272976,False,2026-09-03 16:00:00-04:00,Thursday,After-Hours,MSFT,RMSFTUSDT,Development
2026-09-03 21:00:00+00:00,1788469200000.0,509.4,509.7,509.249,509.695,718297.584251,365923449.2527044,False,2026-09-03 17:00:00-04:00,Thursday,After-Hours,MSFT,RMSFTUSDT,Development
2026-09-03 22:00:00+00:00,1788472800000.0,509.695,509.695,509.25,509.372,15288.040668,7787901.071976464,False,2026-09-03 18:00:00-04:00,Thursday,After-Hours,MSFT,RMSFTUSDT,Development
2026-09-03 23:00:00+00:00,1788476400000.0,509.376,509.8,509.225,509.649,12208.63166,6219315.857265228,False,2026-09-03 19:00:00-04:00,Thursday,After-Hours,MSFT,RMSFTUSDT,Development
2026-09-04 00:00:00+00:00,1788480000000.0,509.647,509.66,508.29,509.12,3647.0,1856233.06,False,2026-09-03 20:00:00-04:00,Thursday,Overnight,MSFT,RMSFTUSDT,Development
2026-09-04 01:00:00+00:00,1788483600000.0,509.04,509.89,508.87,509.88,1724.0,878030.07,False,2026-09-03 21:00:00-04:00,Thursday,Overnight,MSFT,RMSFTUSDT,Development
2026-09-04 02:00:00+00:00,1788487200000.0,509.96,510.24,509.78,510.1,2876.0,1466930.83,False,2026-09-03 22:00:00-04:00,Thursday,Overnight,MSFT,RMSFTUSDT,Development
2026-09-04 03:00:00+00:00,1788490800000.0,510.09,510.19,509.91,510.13,1289.0,657457.34,False,2026-09-03 23:00:00-04:00,Thursday,Overnight,MSFT,RMSFTUSDT,Development
2026-09-04 04:00:00+00:00,1788494400000.0,510.1,510.19,509.6,509.61,2010.0,1024901.06,False,2026-09-04 00:00:00-04:00,Friday,Overnight,MSFT,RMSFTUSDT,Development
2026-09-04 05:00:00+00:00,1788498000000.0,509.66,509.71,509.19,509.46,1834.0,934324.77,False,2026-09-04 01:00:00-04:00,Friday,Overnight,MSFT,RMSFTUSDT,Development
2026-09-04 06:00:00+00:00,1788501600000.0,509.42,510.0,509.4,509.73,2451.0,1249271.6,False,2026-09-04 02:00:00-04:00,Friday,Overnight,MSFT,RMSFTUSDT,Development
2026-09-04 07:00:00+00:00,1788505200000.0,509.75,509.89,509.22,509.22,3160.0,1610143.21,False,2026-09-04 03:00:00-04:00,Friday,Overnight,MSFT,RMSFTUSDT,Development
2026-09-04 08:00:00+00:00,1788508800000.0,509.601,509.601,507.652,508.741,52025.183744,26459056.037720352,False,2026-09-04 04:00:00-04:00,Friday,Pre-Market,MSFT,RMSFTUSDT,Development
2026-09-04 09:00:00+00:00,1788512400000.0,508.742,508.75,507.715,507.825,31748.953422,16133662.522396466,False,2026-09-04 05:00:00-04:00,Friday,Pre-Market,MSFT,RMSFTUSDT,Development
2026-09-04 10:00:00+00:00,1788516000000.0,507.827,508.755,507.741,508.75,34707.120514,17636392.570141535,False,2026-09-04 06:00:00-04:00,Friday,Pre-Market,MSFT,RMSFTUSDT,Development
2026-09-04 11:00:00+00:00,1788519600000.0,508.792,509.459,508.5,508.63,62241.978863,31681171.648109764,False,2026-09-04 07:00:00-04:00,Friday,Pre-Market,MSFT,RMSFTUSDT,Development
2026-09-04 12:00:00+00:00,1788523200000.0,508.63,509.81,507.201,507.829,144879.94599,73601527.08062248,False,2026-09-04 08:00:00-04:00,Friday,Pre-Market,MSFT,RMSFTUSDT,Development
2026-09-04 13:00:00+00:00,1788526800000.0,507.8,510.6,502.81,504.67,2968274.675252,1503274112.004308,False,2026-09-04 09:00:00-04:00,Friday,Transition,MSFT,RMSFTUSDT,Development
2026-09-04 14:00:00+00:00,1788530400000.0,504.615,504.79,501.36,501.757,3161243.340988,1588904074.4434028,False,2026-09-04 10:00:00-04:00,Friday,Regular,MSFT,RMSFTUSDT,Development
2026-09-04 15:00:00+00:00,1788534000000.0,501.865,501.9,499.65,501.01,2264275.972011,1133472004.703782,False,2026-09-04 11:00:00-04:00,Friday,Regular,MSFT,RMSFTUSDT,Development
2026-09-04 16:00:00+00:00,1788537600000.0,501.01,501.73,500.3,500.3402,1497704.133862,750460639.3266371,False,2026-09-04 12:00:00-04:00,Friday,Regular,MSFT,RMSFTUSDT,Development
2026-09-04 17:00:00+00:00,1788541200000.0,500.36,501.19,499.94,500.62,1317761.097637,659747759.7742492,False,2026-09-04 13:00:00-04:00,Friday,Regular,MSFT,RMSFTUSDT,Development
2026-09-04 18:00:00+00:00,1788544800000.0,500.675,500.9,499.7,500.72,1517907.091102,759287912.9799212,False,2026-09-04 14:00:00-04:00,Friday,Regular,MSFT,RMSFTUSDT,Development
2026-09-04 19:00:00+00:00,1788548400000.0,500.66,500.9099,499.43,499.7,3105829.554056,1552890220.850402,False,2026-09-04 15:00:00-04:00,Friday,Regular,MSFT,RMSFTUSDT,Development
2026-09-04 20:00:00+00:00,1788552000000.0,499.6232,499.9,496.5975,499.43,5547872.583495,2771844893.6657805,False,2026-09-04 16:00:00-04:00,Friday,After-Hours,MSFT,RMSFTUSDT,Development
2026-09-04 21:00:00+00:00,1788555600000.0,499.4,499.69,499.0,499.48,728542.8179,363707483.2443093,False,2026-09-04 17:00:00-04:00,Friday,After-Hours,MSFT,RMSFTUSDT,Development
2026-09-04 22:00:00+00:00,1788559200000.0,499.45,499.62,499.1075,499.56,23898.440572,11937224.959805563,False,2026-09-04 18:00:00-04:00,Friday,After-Hours,MSFT,RMSFTUSDT,Development
2026-09-04 23:00:00+00:00,1788562800000.0,499.6,499.62,499.4,499.6199,22646.410107,11313455.449598407,False,2026-09-04 19:00:00-04:00,Friday,After-Hours,MSFT,RMSFTUSDT,Development
2026-09-05 00:00:00+00:00,1788566400000.0,499.53,499.53,499.53,499.53,0.021,10.49013,False,2026-09-04 20:00:00-04:00,Friday,Overnight,MSFT,RMSFTUSDT,Development
2026-09-05 01:00:00+00:00,,,,,,,,True,2026-09-04 21:00:00-04:00,Friday,Overnight,MSFT,RMSFTUSDT,Development
2026-09-05 02:00:00+00:00,,,,,,,,True,2026-09-04 22:00:00-04:00,Friday,Overnight,MSFT,RMSFTUSDT,Development
2026-09-05 03:00:00+00:00,,,,,,,,True,2026-09-04 23:00:00-04:00,Friday,Overnight,MSFT,RMSFTUSDT,Development
2026-09-05 04:00:00+00:00,,,,,,,,True,2026-09-05 00:00:00-04:00,Saturday,Weekend,MSFT,RMSFTUSDT,Development
2026-09-05 05:00:00+00:00,1788584400000.0,499.53,499.53,498.33,498.59,1.0215,509.828508,False,2026-09-05 01:00:00-04:00,Saturday,Weekend,MSFT,RMSFTUSDT,Development
2026-09-05 06:00:00+00:00,,,,,,,,True,2026-09-05 02:00:00-04:00,Saturday,Weekend,MSFT,RMSFTUSDT,Development
2026-09-05 07:00:00+00:00,1788591600000.0,498.87,498.9,498.87,498.9,0.0348,17.360955,False,2026-09-05 03:00:00-04:00,Saturday,Weekend,MSFT,RMSFTUSDT,Development
2026-09-05 08:00:00+00:00,1788595200000.0,498.25,498.95,498.19,498.95,1.0694,532.840453,False,2026-09-05 04:00:00-04:00,Saturday,Weekend,MSFT,RMSFTUSDT,Development
2026-09-05 09:00:00+00:00,1788598800000.0,498.36,498.36,498.36,498.36,0.1003,49.985508,False,2026-09-05 05:00:00-04:00,Saturday,Weekend,MSFT,RMSFTUSDT,Development
2026-09-05 10:00:00+00:00,,,,,,,,True,2026-09-05 06:00:00-04:00,Saturday,Weekend,MSFT,RMSFTUSDT,Development
2026-09-05 11:00:00+00:00,,,,,,,,True,2026-09-05 07:00:00-04:00,Saturday,Weekend,MSFT,RMSFTUSDT,Development
2026-09-05 12:00:00+00:00,,,,,,,,True,2026-09-05 08:00:00-04:00,Saturday,Weekend,MSFT,RMSFTUSDT,Development
2026-09-05 13:00:00+00:00,1788613200000.0,498.36,499.53,498.3,499.53,2.2085,1102.888845,False,2026-09-05 09:00:00-04:00,Saturday,Weekend,MSFT,RMSFTUSDT,Development
2026-09-05 14:00:00+00:00,1788616800000.0,499.53,499.68,499.53,499.53,9.8511,4921.301215,False,2026-09-05 10:00:00-04:00,Saturday,Weekend,MSFT,RMSFTUSDT,Development
2026-09-05 15:00:00+00:00,1788620400000.0,499.78,499.78,499.78,499.78,0.08,39.9824,False,2026-09-05 11:00:00-04:00,Saturday,Weekend,MSFT,RMSFTUSDT,Development
2026-09-05 16:00:00+00:00,,,,,,,,True,2026-09-05 12:00:00-04:00,Saturday,Weekend,MSFT,RMSFTUSDT,Development
2026-09-05 17:00:00+00:00,1788627600000.0,499.79,499.79,499.79,499.79,0.2,99.958,False,2026-09-05 13:00:00-04:00,Saturday,Weekend,MSFT,RMSFTUSDT,Development
2026-09-05 18:00:00+00:00,1788631200000.0,499.53,499.53,499.53,499.53,0.1267,63.290451,False,2026-09-05 14:00:00-04:00,Saturday,Weekend,MSFT,RMSFTUSDT,Development
2026-09-05 19:00:00+00:00,,,,,,,,True,2026-09-05 15:00:00-04:00,Saturday,Weekend,MSFT,RMSFTUSDT,Development
2026-09-05 20:00:00+00:00,1788638400000.0,499.83,499.83,499.83,499.83,0.04,19.9932,False,2026-09-05 16:00:00-04:00,Saturday,Weekend,MSFT,RMSFTUSDT,Development
2026-09-05 21:00:00+00:00,,,,,,,,True,2026-09-05 17:00:00-04:00,Saturday,Weekend,MSFT,RMSFTUSDT,Development
2026-09-05 22:00:00+00:00,,,,,,,,True,2026-09-05 18:00:00-04:00,Saturday,Weekend,MSFT,RMSFTUSDT,Development
2026-09-05 23:00:00+00:00,1788649200000.0,499.83,501.37,499.83,501.31,47.4059,23703.761813,False,2026-09-05 19:00:00-04:00,Saturday,Weekend,MSFT,RMSFTUSDT,Development
2026-09-06 00:00:00+00:00,,,,,,,,True,2026-09-05 20:00:00-04:00,Saturday,Weekend,MSFT,RMSFTUSDT,Development
2026-09-06 01:00:00+00:00,,,,,,,,True,2026-09-05 21:00:00-04:00,Saturday,Weekend,MSFT,RMSFTUSDT,Development
2026-09-06 02:00:00+00:00,,,,,,,,True,2026-09-05 22:00:00-04:00,Saturday,Weekend,MSFT,RMSFTUSDT,Development
2026-09-06 03:00:00+00:00,,,,,,,,True,2026-09-05 23:00:00-04:00,Saturday,Weekend,MSFT,RMSFTUSDT,Development
2026-09-06 04:00:00+00:00,,,,,,,,True,2026-09-06 00:00:00-04:00,Sunday,Weekend,MSFT,RMSFTUSDT,Development
2026-09-06 05:00:00+00:00,,,,,,,,True,2026-09-06 01:00:00-04:00,Sunday,Weekend,MSFT,RMSFTUSDT,Development
2026-09-06 06:00:00+00:00,1788674400000.0,501.4,501.4,501.4,501.4,0.0598,29.98372,False,2026-09-06 02:00:00-04:00,Sunday,Weekend,MSFT,RMSFTUSDT,Development
2026-09-06 07:00:00+00:00,,,,,,,,True,2026-09-06 03:00:00-04:00,Sunday,Weekend,MSFT,RMSFTUSDT,Development
2026-09-06 08:00:00+00:00,,,,,,,,True,2026-09-06 04:00:00-04:00,Sunday,Weekend,MSFT,RMSFTUSDT,Development
2026-09-06 09:00:00+00:00,,,,,,,,True,2026-09-06 05:00:00-04:00,Sunday,Weekend,MSFT,RMSFTUSDT,Development
2026-09-06 10:00:00+00:00,,,,,,,,True,2026-09-06 06:00:00-04:00,Sunday,Weekend,MSFT,RMSFTUSDT,Development
2026-09-06 11:00:00+00:00,,,,,,,,True,2026-09-06 07:00:00-04:00,Sunday,Weekend,MSFT,RMSFTUSDT,Development
2026-09-06 12:00:00+00:00,,,,,,,,True,2026-09-06 08:00:00-04:00,Sunday,Weekend,MSFT,RMSFTUSDT,Development
2026-09-06 13:00:00+00:00,,,,,,,,True,2026-09-06 09:00:00-04:00,Sunday,Weekend,MSFT,RMSFTUSDT,Development
2026-09-06 14:00:00+00:00,1788703200000.0,501.4,501.4,501.4,501.4,0.0478,23.96692,False,2026-09-06 10:00:00-04:00,Sunday,Weekend,MSFT,RMSFTUSDT,Development
2026-09-06 15:00:00+00:00,1788706800000.0,501.4,501.5,500.93,501.19,4.2,2105.269635,False,2026-09-06 11:00:00-04:00,Sunday,Weekend,MSFT,RMSFTUSDT,Development
2026-09-06 16:00:00+00:00,1788710400000.0,501.69,501.69,500.53,501.17,6.6632,3338.676514,False,2026-09-06 12:00:00-04:00,Sunday,Weekend,MSFT,RMSFTUSDT,Development
2026-09-06 17:00:00+00:00,1788714000000.0,501.36,501.36,500.95,500.95,0.7119,356.698116,False,2026-09-06 13:00:00-04:00,Sunday,Weekend,MSFT,RMSFTUSDT,Development
2026-09-06 18:00:00+00:00,1788717600000.0,500.95,500.95,500.95,500.95,0.2123,106.351685,False,2026-09-06 14:00:00-04:00,Sunday,Weekend,MSFT,RMSFTUSDT,Development
2026-09-06 19:00:00+00:00,1788721200000.0,500.95,501.28,500.95,501.28,0.0399,19.989852,False,2026-09-06 15:00:00-04:00,Sunday,Weekend,MSFT,RMSFTUSDT,Development
2026-09-06 20:00:00+00:00,,,,,,,,True,2026-09-06 16:00:00-04:00,Sunday,Weekend,MSFT,RMSFTUSDT,Development
2026-09-06 21:00:00+00:00,,,,,,,,True,2026-09-06 17:00:00-04:00,Sunday,Weekend,MSFT,RMSFTUSDT,Development
2026-09-06 22:00:00+00:00,,,,,,,,True,2026-09-06 18:00:00-04:00,Sunday,Weekend,MSFT,RMSFTUSDT,Development
2026-09-06 23:00:00+00:00,1788735600000.0,501.28,501.28,500.8,500.84,0.7946,398.019865,False,2026-09-06 19:00:00-04:00,Sunday,Weekend,MSFT,RMSFTUSDT,Development
2026-09-07 00:00:00+00:00,1788739200000.0,500.84,500.84,498.74,498.74,21.9117,10948.032274,False,2026-09-06 20:00:00-04:00,Sunday,Weekend,MSFT,RMSFTUSDT,Development
2026-09-07 01:00:00+00:00,,,,,,,,True,2026-09-06 21:00:00-04:00,Sunday,Weekend,MSFT,RMSFTUSDT,Development
2026-09-07 02:00:00+00:00,,,,,,,,True,2026-09-06 22:00:00-04:00,Sunday,Weekend,MSFT,RMSFTUSDT,Development
2026-09-07 03:00:00+00:00,1788750000000.0,500.12,500.18,500.12,500.18,3.12,1560.4472,False,2026-09-06 23:00:00-04:00,Sunday,Weekend,MSFT,RMSFTUSDT,Development
2026-09-07 04:00:00+00:00,,,,,,,,True,2026-09-07 00:00:00-04:00,Monday,Overnight,MSFT,RMSFTUSDT,Development
2026-09-07 05:00:00+00:00,,,,,,,,True,2026-09-07 01:00:00-04:00,Monday,Overnight,MSFT,RMSFTUSDT,Development
2026-09-07 06:00:00+00:00,,,,,,,,True,2026-09-07 02:00:00-04:00,Monday,Overnight,MSFT,RMSFTUSDT,Development
2026-09-07 07:00:00+00:00,,,,,,,,True,2026-09-07 03:00:00-04:00,Monday,Overnight,MSFT,RMSFTUSDT,Development
2026-09-07 08:00:00+00:00,,,,,,,,True,2026-09-07 04:00:00-04:00,Monday,Pre-Market,MSFT,RMSFTUSDT,Development
2026-09-07 09:00:00+00:00,,,,,,,,True,2026-09-07 05:00:00-04:00,Monday,Pre-Market,MSFT,RMSFTUSDT,Development
2026-09-07 10:00:00+00:00,,,,,,,,True,2026-09-07 06:00:00-04:00,Monday,Pre-Market,MSFT,RMSFTUSDT,Development
2026-09-07 11:00:00+00:00,,,,,,,,True,2026-09-07 07:00:00-04:00,Monday,Pre-Market,MSFT,RMSFTUSDT,Development
2026-09-07 12:00:00+00:00,,,,,,,,True,2026-09-07 08:00:00-04:00,Monday,Pre-Market,MSFT,RMSFTUSDT,Development
2026-09-07 13:00:00+00:00,,,,,,,,True,2026-09-07 09:00:00-04:00,Monday,Transition,MSFT,RMSFTUSDT,Development
2026-09-07 14:00:00+00:00,1788789600000.0,500.25,500.25,498.69,498.69,7.5586,3774.697318,False,2026-09-07 10:00:00-04:00,Monday,Regular,MSFT,RMSFTUSDT,Development
2026-09-07 15:00:00+00:00,1788793200000.0,498.59,498.84,497.87,497.87,8.4335,4201.318253,False,2026-09-07 11:00:00-04:00,Monday,Regular,MSFT,RMSFTUSDT,Development
2026-09-07 16:00:00+00:00,1788796800000.0,497.78,497.78,497.77,497.77,2.0966,1043.635065,False,2026-09-07 12:00:00-04:00,Monday,Regular,MSFT,RMSFTUSDT,Development
2026-09-07 17:00:00+00:00,1788800400000.0,497.93,497.93,497.93,497.93,0.1027,51.137411,False,2026-09-07 13:00:00-04:00,Monday,Regular,MSFT,RMSFTUSDT,Development
2026-09-07 18:00:00+00:00,1788804000000.0,497.93,497.93,497.93,497.93,0.8672,431.804896,False,2026-09-07 14:00:00-04:00,Monday,Regular,MSFT,RMSFTUSDT,Development
2026-09-07 19:00:00+00:00,,,,,,,,True,2026-09-07 15:00:00-04:00,Monday,Regular,MSFT,RMSFTUSDT,Development
2026-09-07 20:00:00+00:00,1788811200000.0,497.99,497.99,497.99,497.99,0.0401,19.969399,False,2026-09-07 16:00:00-04:00,Monday,After-Hours,MSFT,RMSFTUSDT,Development
2026-09-07 21:00:00+00:00,,,,,,,,True,2026-09-07 17:00:00-04:00,Monday,After-Hours,MSFT,RMSFTUSDT,Development
2026-09-07 22:00:00+00:00,,,,,,,,True,2026-09-07 18:00:00-04:00,Monday,After-Hours,MSFT,RMSFTUSDT,Development
2026-09-07 23:00:00+00:00,,,,,,,,True,2026-09-07 19:00:00-04:00,Monday,After-Hours,MSFT,RMSFTUSDT,Development
2026-09-08 00:00:00+00:00,1788825600000.0,499.23,499.23,494.25,495.81,25250.0,12517488.5,False,2026-09-07 20:00:00-04:00,Monday,Overnight,MSFT,RMSFTUSDT,Development
2026-09-08 01:00:00+00:00,1788829200000.0,495.91,497.84,495.5,497.84,5040.0,2502538.32,False,2026-09-07 21:00:00-04:00,Monday,Overnight,MSFT,RMSFTUSDT,Development
2026-09-08 02:00:00+00:00,1788832800000.0,497.84,498.1,496.2,496.4,7090.0,3526402.08,False,2026-09-07 22:00:00-04:00,Monday,Overnight,MSFT,RMSFTUSDT,Development
2026-09-08 03:00:00+00:00,1788836400000.0,496.48,497.25,496.31,496.75,2529.0,1256528.43,False,2026-09-07 23:00:00-04:00,Monday,Overnight,MSFT,RMSFTUSDT,Development
2026-09-08 04:00:00+00:00,1788840000000.0,496.86,497.96,496.51,497.44,2551.0,1268672.46,False,2026-09-08 00:00:00-04:00,Tuesday,Overnight,MSFT,RMSFTUSDT,Development
2026-09-08 05:00:00+00:00,1788843600000.0,497.44,497.49,495.75,496.04,4881.0,2423142.41,False,2026-09-08 01:00:00-04:00,Tuesday,Overnight,MSFT,RMSFTUSDT,Development
2026-09-08 06:00:00+00:00,1788847200000.0,495.96,497.55,495.6,496.57,9795.0,4862535.11,False,2026-09-08 02:00:00-04:00,Tuesday,Overnight,MSFT,RMSFTUSDT,Development
2026-09-08 07:00:00+00:00,1788850800000.0,496.5,497.4,495.56,495.99,7544.0,3744979.34,False,2026-09-08 03:00:00-04:00,Tuesday,Overnight,MSFT,RMSFTUSDT,Development
2026-09-08 08:00:00+00:00,1788854400000.0,496.125,498.0,495.41,496.6666,77938.906707,38703814.071122974,False,2026-09-08 04:00:00-04:00,Tuesday,Pre-Market,MSFT,RMSFTUSDT,Development
2026-09-08 09:00:00+00:00,1788858000000.0,496.67,496.92,496.0112,496.909,29055.329636,14430669.644694222,False,2026-09-08 05:00:00-04:00,Tuesday,Pre-Market,MSFT,RMSFTUSDT,Development
2026-09-08 10:00:00+00:00,1788861600000.0,496.9,497.7,496.0,496.0,29952.305594,14879767.23212634,False,2026-09-08 06:00:00-04:00,Tuesday,Pre-Market,MSFT,RMSFTUSDT,Development
2026-09-08 11:00:00+00:00,1788865200000.0,496.17,496.44,495.15,496.4,55094.70766,27309146.59201911,False,2026-09-08 07:00:00-04:00,Tuesday,Pre-Market,MSFT,RMSFTUSDT,Development
2026-09-08 12:00:00+00:00,1788868800000.0,496.34,498.451,495.13,495.4,60965.076884,30253634.756525777,False,2026-09-08 08:00:00-04:00,Tuesday,Pre-Market,MSFT,RMSFTUSDT,Development
2026-09-08 13:00:00+00:00,1788872400000.0,495.2,496.0,491.2,492.96,2406192.968022,1186299681.721125,False,2026-09-08 09:00:00-04:00,Tuesday,Transition,MSFT,RMSFTUSDT,Development
2026-09-08 14:00:00+00:00,1788876000000.0,492.89,493.07,490.19,492.04,2446178.432934,1202711346.6596043,False,2026-09-08 10:00:00-04:00,Tuesday,Regular,MSFT,RMSFTUSDT,Development
2026-09-08 15:00:00+00:00,1788879600000.0,492.08,494.14,491.9901,492.71,1549882.491002,764074063.9324945,False,2026-09-08 11:00:00-04:00,Tuesday,Regular,MSFT,RMSFTUSDT,Development
2026-09-08 16:00:00+00:00,1788883200000.0,492.71,493.1999,491.13,491.5981,1302253.748776,640590015.2105496,False,2026-09-08 12:00:00-04:00,Tuesday,Regular,MSFT,RMSFTUSDT,Development
2026-09-08 17:00:00+00:00,1788886800000.0,491.575,492.925,491.57,492.51,1091089.685733,537302022.1014433,False,2026-09-08 13:00:00-04:00,Tuesday,Regular,MSFT,RMSFTUSDT,Development
2026-09-08 18:00:00+00:00,1788890400000.0,492.55,492.724,490.15,491.2421,1227182.735667,603392913.0980365,False,2026-09-08 14:00:00-04:00,Tuesday,Regular,MSFT,RMSFTUSDT,Development
2026-09-08 19:00:00+00:00,1788894000000.0,491.21,494.175,491.18,493.95,3059346.256779,1508945383.2178807,False,2026-09-08 15:00:00-04:00,Tuesday,Regular,MSFT,RMSFTUSDT,Development
2026-09-08 20:00:00+00:00,1788897600000.0,494.02,494.69,492.96,493.5,7065601.520463,3490528012.904642,False,2026-09-08 16:00:00-04:00,Tuesday,After-Hours,MSFT,RMSFTUSDT,Development
2026-09-08 21:00:00+00:00,1788901200000.0,493.6,493.9988,493.1588,493.59,171203.224597,84506844.65770532,False,2026-09-08 17:00:00-04:00,Tuesday,After-Hours,MSFT,RMSFTUSDT,Development
2026-09-08 22:00:00+00:00,1788904800000.0,493.55,494.02,493.0,493.84,31819.476094,15704533.5630345,False,2026-09-08 18:00:00-04:00,Tuesday,After-Hours,MSFT,RMSFTUSDT,Development
2026-09-08 23:00:00+00:00,1788908400000.0,493.844,493.92,492.92,493.25,11754.741037,5800599.604359121,False,2026-09-08 19:00:00-04:00,Tuesday,After-Hours,MSFT,RMSFTUSDT,Development
2026-09-09 00:00:00+00:00,1788912000000.0,493.63,494.18,493.43,494.09,1990.0,982742.95,False,2026-09-08 20:00:00-04:00,Tuesday,Overnight,MSFT,RMSFTUSDT,Development
2026-09-09 01:00:00+00:00,1788915600000.0,494.2,494.75,494.06,494.54,2169.0,1072030.88,False,2026-09-08 21:00:00-04:00,Tuesday,Overnight,MSFT,RMSFTUSDT,Development
2026-09-09 02:00:00+00:00,1788919200000.0,494.61,494.86,494.31,494.5,1685.0,833529.84,False,2026-09-08 22:00:00-04:00,Tuesday,Overnight,MSFT,RMSFTUSDT,Development
2026-09-09 03:00:00+00:00,1788922800000.0,494.5,494.76,494.35,494.6,1139.0,563337.6,False,2026-09-08 23:00:00-04:00,Tuesday,Overnight,MSFT,RMSFTUSDT,Development
2026-09-09 04:00:00+00:00,1788926400000.0,494.55,494.84,494.31,494.8,1109.0,548487.25,False,2026-09-09 00:00:00-04:00,Wednesday,Overnight,MSFT,RMSFTUSDT,Development
2026-09-09 05:00:00+00:00,1788930000000.0,494.79,494.83,494.52,494.83,722.0,357168.85,False,2026-09-09 01:00:00-04:00,Wednesday,Overnight,MSFT,RMSFTUSDT,Development
2026-09-09 06:00:00+00:00,1788933600000.0,494.87,495.04,494.3,494.3,3863.0,1911272.76,False,2026-09-09 02:00:00-04:00,Wednesday,Overnight,MSFT,RMSFTUSDT,Development
2026-09-09 07:00:00+00:00,1788937200000.0,494.26,494.79,493.74,493.8,4302.0,2126373.86,False,2026-09-09 03:00:00-04:00,Wednesday,Overnight,MSFT,RMSFTUSDT,Development
2026-09-09 08:00:00+00:00,1788940800000.0,494.19,495.06,493.3662,494.6325,26941.517747,13309720.183465704,False,2026-09-09 04:00:00-04:00,Wednesday,Pre-Market,MSFT,RMSFTUSDT,Development
2026-09-09 09:00:00+00:00,1788944400000.0,494.44,494.65,493.7,493.99,30953.940179,15300756.528936775,False,2026-09-09 05:00:00-04:00,Wednesday,Pre-Market,MSFT,RMSFTUSDT,Development
2026-09-09 10:00:00+00:00,1788948000000.0,493.77,494.44,493.23,493.36,15584.105401,7697473.72845256,False,2026-09-09 06:00:00-04:00,Wednesday,Pre-Market,MSFT,RMSFTUSDT,Development
2026-09-09 11:00:00+00:00,1788951600000.0,493.53,494.5,493.07,493.48,28149.344268,13903986.373952972,False,2026-09-09 07:00:00-04:00,Wednesday,Pre-Market,MSFT,RMSFTUSDT,Development
2026-09-09 12:00:00+00:00,1788955200000.0,493.81,494.39,493.0,493.8324,32319.485624,15953503.271070397,False,2026-09-09 08:00:00-04:00,Wednesday,Pre-Market,MSFT,RMSFTUSDT,Development
2026-09-09 13:00:00+00:00,1788958800000.0,493.92,494.55,491.14,491.655,1498153.841749,738648843.1239526,False,2026-09-09 09:00:00-04:00,Wednesday,Transition,MSFT,RMSFTUSDT,Development
2026-09-09 14:00:00+00:00,1788962400000.0,491.74,493.71,489.8,493.4323,2032678.397509,999819966.789389,False,2026-09-09 10:00:00-04:00,Wednesday,Regular,MSFT,RMSFTUSDT,Development
2026-09-09 15:00:00+00:00,1788966000000.0,493.49,493.8,491.226,492.14,1299076.889743,639420090.2605311,False,2026-09-09 11:00:00-04:00,Wednesday,Regular,MSFT,RMSFTUSDT,Development
2026-09-09 16:00:00+00:00,1788969600000.0,492.085,493.415,491.1,493.216,848810.544704,417546632.2051898,False,2026-09-09 12:00:00-04:00,Wednesday,Regular,MSFT,RMSFTUSDT,Development
2026-09-09 17:00:00+00:00,1788973200000.0,493.2514,493.56,492.465,493.07,1026588.722678,506103764.76998645,False,2026-09-09 13:00:00-04:00,Wednesday,Regular,MSFT,RMSFTUSDT,Development
2026-09-09 18:00:00+00:00,1788976800000.0,493.07,493.27,491.73,491.96,894699.25445,440508902.7992999,False,2026-09-09 14:00:00-04:00,Wednesday,Regular,MSFT,RMSFTUSDT,Development
2026-09-09 19:00:00+00:00,1788980400000.0,491.97,492.07,490.89,491.65,2556637.651632,1256689900.8299112,False,2026-09-09 15:00:00-04:00,Wednesday,Regular,MSFT,RMSFTUSDT,Development
2026-09-09 20:00:00+00:00,1788984000000.0,491.81,492.33,491.01,492.18,3444884.936768,1693672054.658944,False,2026-09-09 16:00:00-04:00,Wednesday,After-Hours,MSFT,RMSFTUSDT,Development
2026-09-09 21:00:00+00:00,1788987600000.0,492.05,492.2,488.7695,492.0006,109323.507825,53792997.35945957,False,2026-09-09 17:00:00-04:00,Wednesday,After-Hours,MSFT,RMSFTUSDT,Development
2026-09-09 22:00:00+00:00,1788991200000.0,492.01,492.5,492.0,492.15,8383.267333,4125640.378089146,False,2026-09-09 18:00:00-04:00,Wednesday,After-Hours,MSFT,RMSFTUSDT,Development
2026-09-09 23:00:00+00:00,1788994800000.0,492.1817,492.85,492.0,492.1816,9988.242492,4916581.464371881,False,2026-09-09 19:00:00-04:00,Wednesday,After-Hours,MSFT,RMSFTUSDT,Development
2026-09-10 00:00:00+00:00,1788998400000.0,492.67,493.71,491.92,492.0,2199.0,1082805.2,False,2026-09-09 20:00:00-04:00,Wednesday,Overnight,MSFT,RMSFTUSDT,Development
2026-09-10 01:00:00+00:00,1789002000000.0,491.92,492.1,491.71,492.1,1721.0,846565.41,False,2026-09-09 21:00:00-04:00,Wednesday,Overnight,MSFT,RMSFTUSDT,Development
2026-09-10 02:00:00+00:00,1789005600000.0,492.11,492.18,491.51,492.0,2002.0,984645.25,False,2026-09-09 22:00:00-04:00,Wednesday,Overnight,MSFT,RMSFTUSDT,Development
2026-09-10 03:00:00+00:00,1789009200000.0,492.13,492.22,491.87,492.13,837.0,411894.0,False,2026-09-09 23:00:00-04:00,Wednesday,Overnight,MSFT,RMSFTUSDT,Development
2026-09-10 04:00:00+00:00,1789012800000.0,492.17,492.31,492.05,492.25,959.0,472018.44,False,2026-09-10 00:00:00-04:00,Thursday,Overnight,MSFT,RMSFTUSDT,Development
2026-09-10 05:00:00+00:00,1789016400000.0,492.25,492.6,492.09,492.31,2602.0,1281172.61,False,2026-09-10 01:00:00-04:00,Thursday,Overnight,MSFT,RMSFTUSDT,Development
2026-09-10 06:00:00+00:00,1789020000000.0,492.41,492.86,491.92,492.73,2280.0,1122566.18,False,2026-09-10 02:00:00-04:00,Thursday,Overnight,MSFT,RMSFTUSDT,Development
2026-09-10 07:00:00+00:00,1789023600000.0,492.78,492.8,491.5,491.5,4803.0,2363260.63,False,2026-09-10 03:00:00-04:00,Thursday,Overnight,MSFT,RMSFTUSDT,Development
2026-09-10 08:00:00+00:00,1789027200000.0,491.9122,492.875,491.51,492.2,36140.151166,17786416.99232398,False,2026-09-10 04:00:00-04:00,Thursday,Pre-Market,MSFT,RMSFTUSDT,Development
2026-09-10 09:00:00+00:00,1789030800000.0,492.0,492.7688,491.5,491.9,13214.705279,6503098.17026204,False,2026-09-10 05:00:00-04:00,Thursday,Pre-Market,MSFT,RMSFTUSDT,Development
2026-09-10 10:00:00+00:00,1789034400000.0,492.1888,492.1888,491.0152,491.18,9623.594785,4731547.924469339,False,2026-09-10 06:00:00-04:00,Thursday,Pre-Market,MSFT,RMSFTUSDT,Development
2026-09-10 11:00:00+00:00,1789038000000.0,491.4,492.0,490.61,491.0,41308.020376,20295419.14486732,False,2026-09-10 07:00:00-04:00,Thursday,Pre-Market,MSFT,RMSFTUSDT,Development
2026-09-10 12:00:00+00:00,1789041600000.0,490.62,491.2888,487.88,488.053,94531.89479,46264048.44760376,False,2026-09-10 08:00:00-04:00,Thursday,Pre-Market,MSFT,RMSFTUSDT,Development
2026-09-10 13:00:00+00:00,1789045200000.0,488.2,491.67,486.0,489.366,1999100.052988,977144576.5031272,False,2026-09-10 09:00:00-04:00,Thursday,Transition,MSFT,RMSFTUSDT,Development
2026-09-10 14:00:00+00:00,1789048800000.0,489.5,493.4018,488.44,492.71,2047093.529277,1005533701.0241476,False,2026-09-10 10:00:00-04:00,Thursday,Regular,MSFT,RMSFTUSDT,Development
2026-09-10 15:00:00+00:00,1789052400000.0,492.75,493.03,491.22,491.39,1185845.068104,583474133.9987779,False,2026-09-10 11:00:00-04:00,Thursday,Regular,MSFT,RMSFTUSDT,Development
2026-09-10 16:00:00+00:00,1789056000000.0,491.35,494.02,491.1117,493.69,1334660.759601,657430654.6870708,False,2026-09-10 12:00:00-04:00,Thursday,Regular,MSFT,RMSFTUSDT,Development
2026-09-10 17:00:00+00:00,1789059600000.0,493.7,494.52,491.74,492.14,1152697.882742,568447133.918866,False,2026-09-10 13:00:00-04:00,Thursday,Regular,MSFT,RMSFTUSDT,Development
2026-09-10 18:00:00+00:00,1789063200000.0,492.11,492.31,490.33,490.82,1061248.639332,521305485.52382094,False,2026-09-10 14:00:00-04:00,Thursday,Regular,MSFT,RMSFTUSDT,Development
2026-09-10 19:00:00+00:00,1789066800000.0,490.81,492.86,490.12,492.44,1832430.803753,900626342.1748672,False,2026-09-10 15:00:00-04:00,Thursday,Regular,MSFT,RMSFTUSDT,Development
2026-09-10 20:00:00+00:00,1789070400000.0,492.55,493.1887,491.34,492.6,5189008.480083,2555278990.991948,False,2026-09-10 16:00:00-04:00,Thursday,After-Hours,MSFT,RMSFTUSDT,Development
2026-09-10 21:00:00+00:00,1789074000000.0,492.48,494.3799,488.5,489.7,226221.247565,110970512.5405776,False,2026-09-10 17:00:00-04:00,Thursday,After-Hours,MSFT,RMSFTUSDT,Development
2026-09-10 22:00:00+00:00,1789077600000.0,489.9,490.67,489.4412,490.01,8119.773507,3979911.6352548646,False,2026-09-10 18:00:00-04:00,Thursday,After-Hours,MSFT,RMSFTUSDT,Development
2026-09-10 23:00:00+00:00,1789081200000.0,490.0172,490.5,490.01,490.188,19588.308682,9603903.759340037,False,2026-09-10 19:00:00-04:00,Thursday,After-Hours,MSFT,RMSFTUSDT,Development
2026-09-11 00:00:00+00:00,1789084800000.0,490.32,491.5,490.32,491.4,3755.0,1843684.73,False,2026-09-10 20:00:00-04:00,Thursday,Overnight,MSFT,RMSFTUSDT,Development
2026-09-11 01:00:00+00:00,1789088400000.0,491.34,491.6,490.81,491.09,3557.0,1747530.38,False,2026-09-10 21:00:00-04:00,Thursday,Overnight,MSFT,RMSFTUSDT,Development
2026-09-11 02:00:00+00:00,1789092000000.0,491.1,491.3,490.75,490.89,565.0,277410.73,False,2026-09-10 22:00:00-04:00,Thursday,Overnight,MSFT,RMSFTUSDT,Development
2026-09-11 03:00:00+00:00,1789095600000.0,490.83,491.1,490.68,491.09,1050.0,515434.25,False,2026-09-10 23:00:00-04:00,Thursday,Overnight,MSFT,RMSFTUSDT,Development
2026-09-11 04:00:00+00:00,1789099200000.0,491.06,491.41,490.8,491.16,1986.0,975355.82,False,2026-09-11 00:00:00-04:00,Friday,Overnight,MSFT,RMSFTUSDT,Development
2026-09-11 05:00:00+00:00,1789102800000.0,491.05,491.75,491.03,491.39,4037.0,1984042.05,False,2026-09-11 01:00:00-04:00,Friday,Overnight,MSFT,RMSFTUSDT,Development
2026-09-11 06:00:00+00:00,1789106400000.0,491.39,491.69,491.05,491.59,4640.0,2279689.12,False,2026-09-11 02:00:00-04:00,Friday,Overnight,MSFT,RMSFTUSDT,Development
2026-09-11 07:00:00+00:00,1789110000000.0,491.59,492.31,491.0,491.42,8807.0,4330362.88,False,2026-09-11 03:00:00-04:00,Friday,Overnight,MSFT,RMSFTUSDT,Development
2026-09-11 08:00:00+00:00,1789113600000.0,491.01,493.16,490.2612,493.16,47532.611765,23354847.467216745,False,2026-09-11 04:00:00-04:00,Friday,Pre-Market,MSFT,RMSFTUSDT,Development
2026-09-11 09:00:00+00:00,1789117200000.0,493.16,493.4875,492.6867,493.145,10818.644629,5333837.534267556,False,2026-09-11 05:00:00-04:00,Friday,Pre-Market,MSFT,RMSFTUSDT,Development
2026-09-11 10:00:00+00:00,1789120800000.0,493.14,493.7372,493.08,493.518,11631.67009,5736951.55520364,False,2026-09-11 06:00:00-04:00,Friday,Pre-Market,MSFT,RMSFTUSDT,Development
2026-09-11 11:00:00+00:00,1789124400000.0,493.44,495.4962,492.44,495.3012,43610.383815,21565971.97058428,False,2026-09-11 07:00:00-04:00,Friday,Pre-Market,MSFT,RMSFTUSDT,Development
2026-09-11 12:00:00+00:00,1789128000000.0,495.469,497.07,494.8,496.51,92072.13296800002,45683058.38808616,False,2026-09-11 08:00:00-04:00,Friday,Pre-Market,MSFT,RMSFTUSDT,Development
2026-09-11 13:00:00+00:00,1789131600000.0,496.51,498.97,493.316,498.48,2471967.669,1227121030.1662242,False,2026-09-11 09:00:00-04:00,Friday,Transition,MSFT,RMSFTUSDT,Development
2026-09-11 14:00:00+00:00,1789135200000.0,498.525,498.53,492.58,493.0031,1659583.826047,822164984.5524254,False,2026-09-11 10:00:00-04:00,Friday,Regular,MSFT,RMSFTUSDT,Development
2026-09-11 15:00:00+00:00,1789138800000.0,493.03,497.23,492.66,494.565,1721776.147158,852972997.3186222,False,2026-09-11 11:00:00-04:00,Friday,Regular,MSFT,RMSFTUSDT,Development
2026-09-11 16:00:00+00:00,1789142400000.0,494.565,496.54,494.155,494.19,906822.700347,449336434.5413416,False,2026-09-11 12:00:00-04:00,Friday,Regular,MSFT,RMSFTUSDT,Development
2026-09-11 17:00:00+00:00,1789146000000.0,494.23,495.71,494.2101,495.2437,737931.476069,365281152.86029845,False,2026-09-11 13:00:00-04:00,Friday,Regular,MSFT,RMSFTUSDT,Development
2026-09-11 18:00:00+00:00,1789149600000.0,495.2475,496.73,495.19,496.62,823205.181992,408202625.3564045,False,2026-09-11 14:00:00-04:00,Friday,Regular,MSFT,RMSFTUSDT,Development
2026-09-11 19:00:00+00:00,1789153200000.0,496.67,497.5,495.54,495.63,2030488.846821,1008404241.484028,False,2026-09-11 15:00:00-04:00,Friday,Regular,MSFT,RMSFTUSDT,Development
2026-09-11 20:00:00+00:00,1789156800000.0,495.59,496.48,492.36,495.43,4646842.654943,2303525917.362639,False,2026-09-11 16:00:00-04:00,Friday,After-Hours,MSFT,RMSFTUSDT,Development
2026-09-11 21:00:00+00:00,1789160400000.0,495.4692,495.48,494.685,495.0101,229989.195783,113866564.14450411,False,2026-09-11 17:00:00-04:00,Friday,After-Hours,MSFT,RMSFTUSDT,Development
2026-09-11 22:00:00+00:00,1789164000000.0,495.1981,495.5,494.8,494.82,4654.137253,2304400.6919986014,False,2026-09-11 18:00:00-04:00,Friday,After-Hours,MSFT,RMSFTUSDT,Development
2026-09-11 23:00:00+00:00,1789167600000.0,495.0,495.2387,494.1,494.89,4705.285751,2328375.447067168,False,2026-09-11 19:00:00-04:00,Friday,After-Hours,MSFT,RMSFTUSDT,Development
2026-09-12 00:00:00+00:00,,,,,,,,True,2026-09-11 20:00:00-04:00,Friday,Overnight,MSFT,RMSFTUSDT,Development
2026-09-12 01:00:00+00:00,1789174800000.0,495.21,495.3,494.72,494.72,8.1672,4042.698998,False,2026-09-11 21:00:00-04:00,Friday,Overnight,MSFT,RMSFTUSDT,Development
2026-09-12 02:00:00+00:00,1789178400000.0,495.12,495.24,494.77,494.77,2.9192,1444.858058,False,2026-09-11 22:00:00-04:00,Friday,Overnight,MSFT,RMSFTUSDT,Development
2026-09-12 03:00:00+00:00,,,,,,,,True,2026-09-11 23:00:00-04:00,Friday,Overnight,MSFT,RMSFTUSDT,Development
2026-09-12 04:00:00+00:00,1789185600000.0,494.77,494.77,494.77,494.77,0.1198,59.273446,False,2026-09-12 00:00:00-04:00,Saturday,Weekend,MSFT,RMSFTUSDT,Development
2026-09-12 05:00:00+00:00,1789189200000.0,495.22,495.22,495.22,495.22,0.0605,29.96081,False,2026-09-12 01:00:00-04:00,Saturday,Weekend,MSFT,RMSFTUSDT,Development
2026-09-12 06:00:00+00:00,,,,,,,,True,2026-09-12 02:00:00-04:00,Saturday,Weekend,MSFT,RMSFTUSDT,Development
2026-09-12 07:00:00+00:00,,,,,,,,True,2026-09-12 03:00:00-04:00,Saturday,Weekend,MSFT,RMSFTUSDT,Development
2026-09-12 08:00:00+00:00,1789200000000.0,495.22,495.22,494.77,494.77,0.8314,411.538843,False,2026-09-12 04:00:00-04:00,Saturday,Weekend,MSFT,RMSFTUSDT,Development
2026-09-12 09:00:00+00:00,1789203600000.0,495.38,495.38,494.72,494.72,0.8272,409.515725,False,2026-09-12 05:00:00-04:00,Saturday,Weekend,MSFT,RMSFTUSDT,Development
2026-09-12 10:00:00+00:00,,,,,,,,True,2026-09-12 06:00:00-04:00,Saturday,Weekend,MSFT,RMSFTUSDT,Development
2026-09-12 11:00:00+00:00,,,,,,,,True,2026-09-12 07:00:00-04:00,Saturday,Weekend,MSFT,RMSFTUSDT,Development
2026-09-12 12:00:00+00:00,1789214400000.0,495.39,495.39,495.39,495.39,0.0293,14.514927,False,2026-09-12 08:00:00-04:00,Saturday,Weekend,MSFT,RMSFTUSDT,Development
2026-09-12 13:00:00+00:00,,,,,,,,True,2026-09-12 09:00:00-04:00,Saturday,Weekend,MSFT,RMSFTUSDT,Development
2026-09-12 14:00:00+00:00,1789221600000.0,495.39,495.43,495.39,495.43,0.5277,261.436475,False,2026-09-12 10:00:00-04:00,Saturday,Weekend,MSFT,RMSFTUSDT,Development
2026-09-12 15:00:00+00:00,,,,,,,,True,2026-09-12 11:00:00-04:00,Saturday,Weekend,MSFT,RMSFTUSDT,Development
2026-09-12 16:00:00+00:00,,,,,,,,True,2026-09-12 12:00:00-04:00,Saturday,Weekend,MSFT,RMSFTUSDT,Development
2026-09-12 17:00:00+00:00,1789232400000.0,495.46,495.46,494.72,494.72,0.1312,64.937308,False,2026-09-12 13:00:00-04:00,Saturday,Weekend,MSFT,RMSFTUSDT,Development
2026-09-12 18:00:00+00:00,1789236000000.0,495.46,495.46,495.46,495.46,0.1009,49.991914,False,2026-09-12 14:00:00-04:00,Saturday,Weekend,MSFT,RMSFTUSDT,Development
2026-09-12 19:00:00+00:00,1789239600000.0,495.56,495.56,495.56,495.56,0.1008,49.952448,False,2026-09-12 15:00:00-04:00,Saturday,Weekend,MSFT,RMSFTUSDT,Development
2026-09-12 20:00:00+00:00,1789243200000.0,495.59,495.59,495.59,495.59,0.0403,19.972277,False,2026-09-12 16:00:00-04:00,Saturday,Weekend,MSFT,RMSFTUSDT,Development
2026-09-12 21:00:00+00:00,,,,,,,,True,2026-09-12 17:00:00-04:00,Saturday,Weekend,MSFT,RMSFTUSDT,Development
2026-09-12 22:00:00+00:00,,,,,,,,True,2026-09-12 18:00:00-04:00,Saturday,Weekend,MSFT,RMSFTUSDT,Development
2026-09-12 23:00:00+00:00,1789254000000.0,494.72,495.59,494.72,495.59,0.4256,210.897613,False,2026-09-12 19:00:00-04:00,Saturday,Weekend,MSFT,RMSFTUSDT,Development
2026-09-13 00:00:00+00:00,,,,,,,,True,2026-09-12 20:00:00-04:00,Saturday,Weekend,MSFT,RMSFTUSDT,Development
2026-09-13 01:00:00+00:00,,,,,,,,True,2026-09-12 21:00:00-04:00,Saturday,Weekend,MSFT,RMSFTUSDT,Development
2026-09-13 02:00:00+00:00,1789264800000.0,495.59,495.7,495.59,495.59,0.2625,130.099888,False,2026-09-12 22:00:00-04:00,Saturday,Weekend,MSFT,RMSFTUSDT,Development
2026-09-13 03:00:00+00:00,1789268400000.0,495.71,495.71,494.72,494.72,0.7742,383.486977,False,2026-09-12 23:00:00-04:00,Saturday,Weekend,MSFT,RMSFTUSDT,Development
2026-09-13 04:00:00+00:00,,,,,,,,True,2026-09-13 00:00:00-04:00,Sunday,Weekend,MSFT,RMSFTUSDT,Development
2026-09-13 05:00:00+00:00,,,,,,,,True,2026-09-13 01:00:00-04:00,Sunday,Weekend,MSFT,RMSFTUSDT,Development
2026-09-13 06:00:00+00:00,1789279200000.0,495.68,495.68,495.68,495.68,0.1008,49.964544,False,2026-09-13 02:00:00-04:00,Sunday,Weekend,MSFT,RMSFTUSDT,Development
2026-09-13 07:00:00+00:00,,,,,,,,True,2026-09-13 03:00:00-04:00,Sunday,Weekend,MSFT,RMSFTUSDT,Development
2026-09-13 08:00:00+00:00,,,,,,,,True,2026-09-13 04:00:00-04:00,Sunday,Weekend,MSFT,RMSFTUSDT,Development
2026-09-13 09:00:00+00:00,,,,,,,,True,2026-09-13 05:00:00-04:00,Sunday,Weekend,MSFT,RMSFTUSDT,Development
2026-09-13 10:00:00+00:00,,,,,,,,True,2026-09-13 06:00:00-04:00,Sunday,Weekend,MSFT,RMSFTUSDT,Development
2026-09-13 11:00:00+00:00,1789297200000.0,495.62,495.62,492.25,492.25,27.0982,13385.598342,False,2026-09-13 07:00:00-04:00,Sunday,Weekend,MSFT,RMSFTUSDT,Development
2026-09-13 12:00:00+00:00,,,,,,,,True,2026-09-13 08:00:00-04:00,Sunday,Weekend,MSFT,RMSFTUSDT,Development
2026-09-13 13:00:00+00:00,,,,,,,,True,2026-09-13 09:00:00-04:00,Sunday,Weekend,MSFT,RMSFTUSDT,Development
2026-09-13 14:00:00+00:00,1789308000000.0,492.78,492.78,492.78,492.78,0.0487,23.998386,False,2026-09-13 10:00:00-04:00,Sunday,Weekend,MSFT,RMSFTUSDT,Development
2026-09-13 15:00:00+00:00,1789311600000.0,492.78,492.9,492.3,492.3,0.5498,270.846684,False,2026-09-13 11:00:00-04:00,Sunday,Weekend,MSFT,RMSFTUSDT,Development
2026-09-13 16:00:00+00:00,1789315200000.0,492.9,492.9,492.9,492.9,0.1571,77.43459,False,2026-09-13 12:00:00-04:00,Sunday,Weekend,MSFT,RMSFTUSDT,Development
2026-09-13 17:00:00+00:00,,,,,,,,True,2026-09-13 13:00:00-04:00,Sunday,Weekend,MSFT,RMSFTUSDT,Development
2026-09-13 18:00:00+00:00,1789322400000.0,492.3,492.3,492.3,492.3,0.2017,99.29691,False,2026-09-13 14:00:00-04:00,Sunday,Weekend,MSFT,RMSFTUSDT,Development
2026-09-13 19:00:00+00:00,1789326000000.0,492.73,492.73,492.73,492.73,0.0406,20.004838,False,2026-09-13 15:00:00-04:00,Sunday,Weekend,MSFT,RMSFTUSDT,Development
2026-09-13 20:00:00+00:00,1789329600000.0,492.73,492.73,492.73,492.73,0.0405,19.955565,False,2026-09-13 16:00:00-04:00,Sunday,Weekend,MSFT,RMSFTUSDT,Development
2026-09-13 21:00:00+00:00,,,,,,,,True,2026-09-13 17:00:00-04:00,Sunday,Weekend,MSFT,RMSFTUSDT,Development
2026-09-13 22:00:00+00:00,,,,,,,,True,2026-09-13 18:00:00-04:00,Sunday,Weekend,MSFT,RMSFTUSDT,Development
2026-09-13 23:00:00+00:00,1789340400000.0,492.73,492.73,492.73,492.73,0.0405,19.955565,False,2026-09-13 19:00:00-04:00,Sunday,Weekend,MSFT,RMSFTUSDT,Development
2026-09-14 00:00:00+00:00,1789344000000.0,492.33,493.45,492.03,492.27,9112.0,4490455.42,False,2026-09-13 20:00:00-04:00,Sunday,Weekend,MSFT,RMSFTUSDT,Development
2026-09-14 01:00:00+00:00,1789347600000.0,492.26,494.56,492.24,494.2,16642.0,8206512.36,False,2026-09-13 21:00:00-04:00,Sunday,Weekend,MSFT,RMSFTUSDT,Development
2026-09-14 02:00:00+00:00,1789351200000.0,494.02,494.02,493.4,494.01,3519.0,1737280.11,False,2026-09-13 22:00:00-04:00,Sunday,Weekend,MSFT,RMSFTUSDT,Development
2026-09-14 03:00:00+00:00,1789354800000.0,493.98,494.07,492.92,493.26,4947.0,2440809.96,False,2026-09-13 23:00:00-04:00,Sunday,Weekend,MSFT,RMSFTUSDT,Development
2026-09-14 04:00:00+00:00,1789358400000.0,493.09,493.65,493.09,493.65,1417.0,699285.3,False,2026-09-14 00:00:00-04:00,Monday,Overnight,MSFT,RMSFTUSDT,Development
2026-09-14 05:00:00+00:00,1789362000000.0,493.56,494.23,492.9,493.19,6523.0,3219547.53,False,2026-09-14 01:00:00-04:00,Monday,Overnight,MSFT,RMSFTUSDT,Development
2026-09-14 06:00:00+00:00,1789365600000.0,493.21,493.49,492.42,493.01,7783.0,3836795.14,False,2026-09-14 02:00:00-04:00,Monday,Overnight,MSFT,RMSFTUSDT,Development
2026-09-14 07:00:00+00:00,1789369200000.0,493.01,494.16,492.28,493.37,13716.0,6767640.22,False,2026-09-14 03:00:00-04:00,Monday,Overnight,MSFT,RMSFTUSDT,Development
2026-09-14 08:00:00+00:00,1789372800000.0,493.47,494.3315,490.75,490.96,109186.184574,53799222.800772205,False,2026-09-14 04:00:00-04:00,Monday,Pre-Market,MSFT,RMSFTUSDT,Development
2026-09-14 09:00:00+00:00,1789376400000.0,490.96,492.82,490.7,492.52,51554.275318,25354487.280487977,False,2026-09-14 05:00:00-04:00,Monday,Pre-Market,MSFT,RMSFTUSDT,Development
2026-09-14 10:00:00+00:00,1789380000000.0,492.61,496.03,492.36,495.4875,49143.52028,24268213.199201062,False,2026-09-14 06:00:00-04:00,Monday,Pre-Market,MSFT,RMSFTUSDT,Development
2026-09-14 11:00:00+00:00,1789383600000.0,495.21,499.11,495.0,497.9299,207605.612524,103244696.00182162,False,2026-09-14 07:00:00-04:00,Monday,Pre-Market,MSFT,RMSFTUSDT,Development
2026-09-14 12:00:00+00:00,1789387200000.0,497.4729,499.3,495.63,498.5099,205560.090106,102460033.55437286,False,2026-09-14 08:00:00-04:00,Monday,Pre-Market,MSFT,RMSFTUSDT,Development
2026-09-14 13:00:00+00:00,1789390800000.0,498.47,501.67,495.3416,501.285,3152390.652528,1570671379.7709527,False,2026-09-14 09:00:00-04:00,Monday,Transition,MSFT,RMSFTUSDT,Development
2026-09-14 14:00:00+00:00,1789394400000.0,501.395,502.4175,498.39,501.72,3050144.199102,1526027513.1046913,False,2026-09-14 10:00:00-04:00,Monday,Regular,MSFT,RMSFTUSDT,Development
2026-09-14 15:00:00+00:00,1789398000000.0,501.78,505.68,501.13,504.055,3316716.813324,1671452846.9845276,False,2026-09-14 11:00:00-04:00,Monday,Regular,MSFT,RMSFTUSDT,Development
2026-09-14 16:00:00+00:00,1789401600000.0,504.1,508.8,503.94,508.24,2900616.138197,1468449167.1002874,False,2026-09-14 12:00:00-04:00,Monday,Regular,MSFT,RMSFTUSDT,Development
2026-09-14 17:00:00+00:00,1789405200000.0,508.185,509.93,507.5,509.14,1825748.04997,928889128.174778,False,2026-09-14 13:00:00-04:00,Monday,Regular,MSFT,RMSFTUSDT,Development
2026-09-14 18:00:00+00:00,1789408800000.0,509.14,509.7,505.8,505.8,1771535.49489,899577757.0005742,False,2026-09-14 14:00:00-04:00,Monday,Regular,MSFT,RMSFTUSDT,Development
2026-09-14 19:00:00+00:00,1789412400000.0,505.85,507.665,504.7,505.41,4015995.514609,2033666508.9362807,False,2026-09-14 15:00:00-04:00,Monday,Regular,MSFT,RMSFTUSDT,Development
2026-09-14 20:00:00+00:00,1789416000000.0,505.41,506.9006,504.64,504.7,4895581.160257001,2475276013.026651,False,2026-09-14 16:00:00-04:00,Monday,After-Hours,MSFT,RMSFTUSDT,Development
2026-09-14 21:00:00+00:00,1789419600000.0,504.96,505.1,504.64,504.92,53192.463442,26856473.16592744,False,2026-09-14 17:00:00-04:00,Monday,After-Hours,MSFT,RMSFTUSDT,Development
2026-09-14 22:00:00+00:00,1789423200000.0,504.9997,505.03,504.0,504.16,17463.042978,8812009.93646499,False,2026-09-14 18:00:00-04:00,Monday,After-Hours,MSFT,RMSFTUSDT,Development
2026-09-14 23:00:00+00:00,1789426800000.0,504.17,504.6,503.56,504.0,12351.778105,6226184.732839044,False,2026-09-14 19:00:00-04:00,Monday,After-Hours,MSFT,RMSFTUSDT,Development
2026-09-15 00:00:00+00:00,1789430400000.0,504.65,504.99,503.97,504.48,5033.0,2539691.45,False,2026-09-14 20:00:00-04:00,Monday,Overnight,MSFT,RMSFTUSDT,Development
2026-09-15 01:00:00+00:00,1789434000000.0,504.43,504.49,503.67,503.71,2150.0,1083522.33,False,2026-09-14 21:00:00-04:00,Monday,Overnight,MSFT,RMSFTUSDT,Development
2026-09-15 02:00:00+00:00,1789437600000.0,503.78,503.83,503.23,503.23,1862.0,937585.08,False,2026-09-14 22:00:00-04:00,Monday,Overnight,MSFT,RMSFTUSDT,Development
2026-09-15 03:00:00+00:00,1789441200000.0,503.29,503.4,502.47,502.54,2003.0,1007495.37,False,2026-09-14 23:00:00-04:00,Monday,Overnight,MSFT,RMSFTUSDT,Development
2026-09-15 04:00:00+00:00,1789444800000.0,502.53,502.73,501.66,501.88,2362.0,1186110.68,False,2026-09-15 00:00:00-04:00,Tuesday,Overnight,MSFT,RMSFTUSDT,Development
2026-09-15 05:00:00+00:00,1789448400000.0,501.92,502.18,501.0,502.01,6416.0,3219041.43,False,2026-09-15 01:00:00-04:00,Tuesday,Overnight,MSFT,RMSFTUSDT,Development
2026-09-15 06:00:00+00:00,1789452000000.0,501.97,502.17,501.45,501.45,5251.0,2635125.12,False,2026-09-15 02:00:00-04:00,Tuesday,Overnight,MSFT,RMSFTUSDT,Development
2026-09-15 07:00:00+00:00,1789455600000.0,501.42,501.63,499.23,499.31,18199.0,9105056.56,False,2026-09-15 03:00:00-04:00,Tuesday,Overnight,MSFT,RMSFTUSDT,Development
2026-09-15 08:00:00+00:00,1789459200000.0,499.56,505.41,498.1,499.0154,69062.631661,34508968.67264891,False,2026-09-15 04:00:00-04:00,Tuesday,Pre-Market,MSFT,RMSFTUSDT,Development
2026-09-15 09:00:00+00:00,1789462800000.0,499.07,500.9555,498.5612,500.37,18770.730836,9384168.441243544,False,2026-09-15 05:00:00-04:00,Tuesday,Pre-Market,MSFT,RMSFTUSDT,Development
2026-09-15 10:00:00+00:00,1789466400000.0,500.32,500.98,499.5012,500.95,15414.137731,7711501.353358895,False,2026-09-15 06:00:00-04:00,Tuesday,Pre-Market,MSFT,RMSFTUSDT,Development
2026-09-15 11:00:00+00:00,1789470000000.0,500.78,500.99,499.2175,500.25,43114.403787,21564500.490796503,False,2026-09-15 07:00:00-04:00,Tuesday,Pre-Market,MSFT,RMSFTUSDT,Development
2026-09-15 12:00:00+00:00,1789473600000.0,500.4,501.39,500.0,500.89,39671.070382,19859233.14011044,False,2026-09-15 08:00:00-04:00,Tuesday,Pre-Market,MSFT,RMSFTUSDT,Development
2026-09-15 13:00:00+00:00,1789477200000.0,500.8509,505.9,499.1,501.25,2227852.628951,1119376056.785467,False,2026-09-15 09:00:00-04:00,Tuesday,Transition,MSFT,RMSFTUSDT,Development
2026-09-15 14:00:00+00:00,1789480800000.0,501.2,501.2,498.2,499.865,2173633.513858,1085378472.6142988,False,2026-09-15 10:00:00-04:00,Tuesday,Regular,MSFT,RMSFTUSDT,Development
2026-09-15 15:00:00+00:00,1789484400000.0,499.89,502.13,499.05,501.0307,1796487.058978,898669286.3088355,False,2026-09-15 11:00:00-04:00,Tuesday,Regular,MSFT,RMSFTUSDT,Development
2026-09-15 16:00:00+00:00,1789488000000.0,501.045,501.47,499.61,500.8,1300781.348568,651241139.7847173,False,2026-09-15 12:00:00-04:00,Tuesday,Regular,MSFT,RMSFTUSDT,Development
2026-09-15 17:00:00+00:00,1789491600000.0,500.89,501.2,498.4522,498.63,959089.783071,479152210.50125295,False,2026-09-15 13:00:00-04:00,Tuesday,Regular,MSFT,RMSFTUSDT,Development
2026-09-15 18:00:00+00:00,1789495200000.0,498.615,498.98,497.53,498.1,1278506.798441,637057836.052257,False,2026-09-15 14:00:00-04:00,Tuesday,Regular,MSFT,RMSFTUSDT,Development
2026-09-15 19:00:00+00:00,1789498800000.0,498.055,498.206,495.54,497.12,2799827.768408,1390371885.906799,False,2026-09-15 15:00:00-04:00,Tuesday,Regular,MSFT,RMSFTUSDT,Development
2026-09-15 20:00:00+00:00,1789502400000.0,497.12,498.7645,496.617,497.6624,5758827.298700001,2861745253.11814,False,2026-09-15 16:00:00-04:00,Tuesday,After-Hours,MSFT,RMSFTUSDT,Development
2026-09-15 21:00:00+00:00,1789506000000.0,497.6,498.5346,494.6608,497.45,67337.673775,33505410.51542081,False,2026-09-15 17:00:00-04:00,Tuesday,After-Hours,MSFT,RMSFTUSDT,Development
2026-09-15 22:00:00+00:00,1789509600000.0,498.0,499.0,497.32,498.7,12977.221331,6466081.481491956,False,2026-09-15 18:00:00-04:00,Tuesday,After-Hours,MSFT,RMSFTUSDT,Development
2026-09-15 23:00:00+00:00,1789513200000.0,498.7,498.8,498.16,498.8,12306.758992,6134019.053905864,False,2026-09-15 19:00:00-04:00,Tuesday,After-Hours,MSFT,RMSFTUSDT,Development
2026-09-16 00:00:00+00:00,1789516800000.0,498.3,498.67,497.69,497.94,1697.0,845139.26,False,2026-09-15 20:00:00-04:00,Tuesday,Overnight,MSFT,RMSFTUSDT,Development
2026-09-16 01:00:00+00:00,1789520400000.0,497.92,498.19,497.45,497.75,1756.0,874061.76,False,2026-09-15 21:00:00-04:00,Tuesday,Overnight,MSFT,RMSFTUSDT,Development
2026-09-16 02:00:00+00:00,1789524000000.0,497.91,498.03,497.69,497.99,987.0,491410.19,False,2026-09-15 22:00:00-04:00,Tuesday,Overnight,MSFT,RMSFTUSDT,Development
2026-09-16 03:00:00+00:00,1789527600000.0,497.95,499.01,497.92,498.47,2218.0,1105826.03,False,2026-09-15 23:00:00-04:00,Tuesday,Overnight,MSFT,RMSFTUSDT,Development
2026-09-16 04:00:00+00:00,1789531200000.0,498.56,498.62,497.8,497.81,1085.0,540401.68,False,2026-09-16 00:00:00-04:00,Wednesday,Overnight,MSFT,RMSFTUSDT,Development
2026-09-16 05:00:00+00:00,1789534800000.0,497.8,498.0,497.62,497.71,2184.0,1087149.46,False,2026-09-16 01:00:00-04:00,Wednesday,Overnight,MSFT,RMSFTUSDT,Development
2026-09-16 06:00:00+00:00,1789538400000.0,497.76,498.25,497.62,497.79,2903.0,1445550.46,False,2026-09-16 02:00:00-04:00,Wednesday,Overnight,MSFT,RMSFTUSDT,Development
2026-09-16 07:00:00+00:00,1789542000000.0,497.81,498.03,495.8,496.02,5816.0,2889081.14,False,2026-09-16 03:00:00-04:00,Wednesday,Overnight,MSFT,RMSFTUSDT,Development
2026-09-16 08:00:00+00:00,1789545600000.0,496.32,498.8725,495.21,495.72,34994.946627,17359527.964308538,False,2026-09-16 04:00:00-04:00,Wednesday,Pre-Market,MSFT,RMSFTUSDT,Development
2026-09-16 09:00:00+00:00,1789549200000.0,495.6,496.08,495.2255,495.76,8572.755488,4249281.177907429,False,2026-09-16 05:00:00-04:00,Wednesday,Pre-Market,MSFT,RMSFTUSDT,Development
2026-09-16 10:00:00+00:00,1789552800000.0,495.52,496.15,495.52,496.04,7559.602803,3748080.025591884,False,2026-09-16 06:00:00-04:00,Wednesday,Pre-Market,MSFT,RMSFTUSDT,Development
2026-09-16 11:00:00+00:00,1789556400000.0,496.043,497.12,495.37,496.27,34137.769419,16930376.6455984,False,2026-09-16 07:00:00-04:00,Wednesday,Pre-Market,MSFT,RMSFTUSDT,Development
2026-09-16 12:00:00+00:00,1789560000000.0,496.28,497.0,495.5,495.66,32852.156812,16295382.536505736,False,2026-09-16 08:00:00-04:00,Wednesday,Pre-Market,MSFT,RMSFTUSDT,Development
2026-09-16 13:00:00+00:00,1789563600000.0,495.65,495.92,491.13,495.61,1674720.293847,826782258.8528304,False,2026-09-16 09:00:00-04:00,Wednesday,Transition,MSFT,RMSFTUSDT,Development
2026-09-16 14:00:00+00:00,1789567200000.0,495.67,495.86,492.01,493.17,1704517.669213,840382486.6782182,False,2026-09-16 10:00:00-04:00,Wednesday,Regular,MSFT,RMSFTUSDT,Development
2026-09-16 15:00:00+00:00,1789570800000.0,493.17,494.88,492.72,494.04,1577593.54838,779302322.0052763,False,2026-09-16 11:00:00-04:00,Wednesday,Regular,MSFT,RMSFTUSDT,Development
2026-09-16 16:00:00+00:00,1789574400000.0,494.065,494.37,493.11,493.49,900857.291571,444775454.3506025,False,2026-09-16 12:00:00-04:00,Wednesday,Regular,MSFT,RMSFTUSDT,Development
2026-09-16 17:00:00+00:00,1789578000000.0,493.49,494.3,492.78,493.66,882688.634151,435653858.4473052,False,2026-09-16 13:00:00-04:00,Wednesday,Regular,MSFT,RMSFTUSDT,Development
2026-09-16 18:00:00+00:00,1789581600000.0,493.61,494.47,490.61,490.61,1127325.0,555590141.1591,False,2026-09-16 14:00:00-04:00,Wednesday,Regular,MSFT,RMSFTUSDT,Development
2026-09-16 19:00:00+00:00,1789585200000.0,490.665,492.25,487.23,490.3,3562381.0,1743918642.5719,False,2026-09-16 15:00:00-04:00,Wednesday,Regular,MSFT,RMSFTUSDT,Development
2026-09-16 20:00:00+00:00,1789588800000.0,490.56,491.0,487.1828,490.35,1204111.0,590374382.5889,False,2026-09-16 16:00:00-04:00,Wednesday,After-Hours,MSFT,RMSFTUSDT,Development
2026-09-16 21:00:00+00:00,1789592400000.0,490.36,491.8,487.1828,491.5999,99298.63419,48763649.58961,False,2026-09-16 17:00:00-04:00,Wednesday,After-Hours,MSFT,RMSFTUSDT,Development
2026-09-16 22:00:00+00:00,1789596000000.0,491.49,492.8,490.5055,491.89,38235.547595,18807600.76034552,False,2026-09-16 18:00:00-04:00,Wednesday,After-Hours,MSFT,RMSFTUSDT,Development
2026-09-16 23:00:00+00:00,1789599600000.0,491.89,492.8,491.5247,492.52,27118.892582,13344868.352186576,False,2026-09-16 19:00:00-04:00,Wednesday,After-Hours,MSFT,RMSFTUSDT,Development
2026-09-17 00:00:00+00:00,1789603200000.0,492.26,493.34,492.25,493.1,3432.0,1691194.26,False,2026-09-16 20:00:00-04:00,Wednesday,Overnight,MSFT,RMSFTUSDT,Development
2026-09-17 01:00:00+00:00,1789606800000.0,493.09,493.17,492.55,492.55,3261.0,1607131.68,False,2026-09-16 21:00:00-04:00,Wednesday,Overnight,MSFT,RMSFTUSDT,Development
2026-09-17 02:00:00+00:00,1789610400000.0,492.57,493.33,492.55,493.27,1616.0,796559.59,False,2026-09-16 22:00:00-04:00,Wednesday,Overnight,MSFT,RMSFTUSDT,Development
2026-09-17 03:00:00+00:00,1789614000000.0,493.35,493.64,493.26,493.6,1471.0,725890.93,False,2026-09-16 23:00:00-04:00,Wednesday,Overnight,MSFT,RMSFTUSDT,Development
2026-09-17 04:00:00+00:00,1789617600000.0,493.55,493.63,493.25,493.43,1453.0,716851.62,False,2026-09-17 00:00:00-04:00,Thursday,Overnight,MSFT,RMSFTUSDT,Development
2026-09-17 05:00:00+00:00,1789621200000.0,493.43,493.49,492.58,492.58,2230.0,1099464.02,False,2026-09-17 01:00:00-04:00,Thursday,Overnight,MSFT,RMSFTUSDT,Development
2026-09-17 06:00:00+00:00,1789624800000.0,492.57,493.99,492.51,493.81,3253.0,1605046.92,False,2026-09-17 02:00:00-04:00,Thursday,Overnight,MSFT,RMSFTUSDT,Development
2026-09-17 07:00:00+00:00,1789628400000.0,493.97,495.84,493.97,495.48,11461.0,5674504.09,False,2026-09-17 03:00:00-04:00,Thursday,Overnight,MSFT,RMSFTUSDT,Development
2026-09-17 08:00:00+00:00,1789632000000.0,495.93,495.93,490.3,494.7447,47179.220372,23317812.37046097,False,2026-09-17 04:00:00-04:00,Thursday,Pre-Market,MSFT,RMSFTUSDT,Development
2026-09-17 09:00:00+00:00,1789635600000.0,494.43,494.55,493.5612,493.5612,10429.01527,5153770.659661995,False,2026-09-17 05:00:00-04:00,Thursday,Pre-Market,MSFT,RMSFTUSDT,Development
2026-09-17 10:00:00+00:00,1789639200000.0,493.68,497.8,493.1857,494.37,72288.616138,35710210.53698851,False,2026-09-17 06:00:00-04:00,Thursday,Pre-Market,MSFT,RMSFTUSDT,Development
2026-09-17 11:00:00+00:00,1789642800000.0,494.21,496.09,493.4,495.92,73337.75622,36278891.33446033,False,2026-09-17 07:00:00-04:00,Thursday,Pre-Market,MSFT,RMSFTUSDT,Development
2026-09-17 12:00:00+00:00,1789646400000.0,495.91,496.6,495.0775,496.16,161365.279976,80019373.04777402,False,2026-09-17 08:00:00-04:00,Thursday,Pre-Market,MSFT,RMSFTUSDT,Development
2026-09-17 13:00:00+00:00,1789650000000.0,496.2,501.47,493.275,496.325,2598206.103704,1291208424.3078833,False,2026-09-17 09:00:00-04:00,Thursday,Transition,MSFT,RMSFTUSDT,Development
2026-09-17 14:00:00+00:00,1789653600000.0,496.325,499.36,494.88,496.19,1783501.885234,886971906.9098675,False,2026-09-17 10:00:00-04:00,Thursday,Regular,MSFT,RMSFTUSDT,Development
2026-09-17 15:00:00+00:00,1789657200000.0,496.19,497.6464,494.6,497.04,1650096.235839,818972846.6166346,False,2026-09-17 11:00:00-04:00,Thursday,Regular,MSFT,RMSFTUSDT,Development
2026-09-17 16:00:00+00:00,1789660800000.0,497.06,497.065,495.06,495.9202,786057.699587,389767988.0187748,False,2026-09-17 12:00:00-04:00,Thursday,Regular,MSFT,RMSFTUSDT,Development
2026-09-17 17:00:00+00:00,1789664400000.0,495.955,496.18,494.53,495.99,802590.68125,397628648.8515468,False,2026-09-17 13:00:00-04:00,Thursday,Regular,MSFT,RMSFTUSDT,Development
2026-09-17 18:00:00+00:00,1789668000000.0,495.985,495.985,494.6,495.07,851110.553645,421502359.4813794,False,2026-09-17 14:00:00-04:00,Thursday,Regular,MSFT,RMSFTUSDT,Development
2026-09-17 19:00:00+00:00,1789671600000.0,495.05,499.05,494.9801,497.75,2950127.761627,1467140367.4607725,False,2026-09-17 15:00:00-04:00,Thursday,Regular,MSFT,RMSFTUSDT,Development
2026-09-17 20:00:00+00:00,1789675200000.0,497.68,498.25,496.1,496.65,678716.0,337823317.5662,False,2026-09-17 16:00:00-04:00,Thursday,After-Hours,MSFT,RMSFTUSDT,Development
2026-09-17 21:00:00+00:00,1789678800000.0,496.63,497.25,496.33,496.97,36235.177917,17993994.535646517,False,2026-09-17 17:00:00-04:00,Thursday,After-Hours,MSFT,RMSFTUSDT,Development
2026-09-17 22:00:00+00:00,1789682400000.0,496.7,496.99,495.2,496.4752,20850.568588,10345906.120422233,False,2026-09-17 18:00:00-04:00,Thursday,After-Hours,MSFT,RMSFTUSDT,Development
2026-09-17 23:00:00+00:00,1789686000000.0,496.5337,496.75,495.9,496.75,4986.184237,2474148.34033723,False,2026-09-17 19:00:00-04:00,Thursday,After-Hours,MSFT,RMSFTUSDT,Development
2026-09-18 00:00:00+00:00,1789689600000.0,496.05,497.47,496.05,497.03,1806.0,897571.08,False,2026-09-17 20:00:00-04:00,Thursday,Overnight,MSFT,RMSFTUSDT,Development
2026-09-18 01:00:00+00:00,1789693200000.0,497.02,497.13,496.7,496.96,692.0,343869.46,False,2026-09-17 21:00:00-04:00,Thursday,Overnight,MSFT,RMSFTUSDT,Development
2026-09-18 02:00:00+00:00,1789696800000.0,496.81,497.21,496.57,496.81,2067.0,1027127.63,False,2026-09-17 22:00:00-04:00,Thursday,Overnight,MSFT,RMSFTUSDT,Development
2026-09-18 03:00:00+00:00,1789700400000.0,496.89,497.19,496.75,496.93,2428.0,1206659.93,False,2026-09-17 23:00:00-04:00,Thursday,Overnight,MSFT,RMSFTUSDT,Development
2026-09-18 04:00:00+00:00,1789704000000.0,496.91,497.32,496.43,497.32,2907.0,1444088.13,False,2026-09-18 00:00:00-04:00,Friday,Overnight,MSFT,RMSFTUSDT,Development
2026-09-18 05:00:00+00:00,1789707600000.0,497.32,498.26,497.1,498.25,4366.0,2172904.12,False,2026-09-18 01:00:00-04:00,Friday,Overnight,MSFT,RMSFTUSDT,Development
2026-09-18 06:00:00+00:00,1789711200000.0,498.4,499.31,498.28,498.95,4987.0,2488388.37,False,2026-09-18 02:00:00-04:00,Friday,Overnight,MSFT,RMSFTUSDT,Development
2026-09-18 07:00:00+00:00,1789714800000.0,498.95,499.43,498.69,499.43,4445.0,2218775.19,False,2026-09-18 03:00:00-04:00,Friday,Overnight,MSFT,RMSFTUSDT,Development
2026-09-18 08:00:00+00:00,1789718400000.0,498.76,499.45,496.45,498.0,52304.87734,26065208.60263428,False,2026-09-18 04:00:00-04:00,Friday,Pre-Market,MSFT,RMSFTUSDT,Development
2026-09-18 09:00:00+00:00,1789722000000.0,498.1859,498.2,497.0,497.275,17434.50141,8676686.879327722,False,2026-09-18 05:00:00-04:00,Friday,Pre-Market,MSFT,RMSFTUSDT,Development
2026-09-18 10:00:00+00:00,1789725600000.0,497.32,498.0,496.5168,497.21,14576.8455,7248201.013515363,False,2026-09-18 06:00:00-04:00,Friday,Pre-Market,MSFT,RMSFTUSDT,Development
2026-09-18 11:00:00+00:00,1789729200000.0,497.38,498.2425,496.7112,497.013,38784.718184,19299898.646764312,False,2026-09-18 07:00:00-04:00,Friday,Pre-Market,MSFT,RMSFTUSDT,Development
2026-09-18 12:00:00+00:00,1789732800000.0,497.0235,497.54,496.05,497.0232,34973.57363,17372193.88249921,False,2026-09-18 08:00:00-04:00,Friday,Pre-Market,MSFT,RMSFTUSDT,Development
2026-09-18 13:00:00+00:00,1789736400000.0,497.47,498.5,492.88,493.71,5529028.751767,2746075070.085194,False,2026-09-18 09:00:00-04:00,Friday,Transition,MSFT,RMSFTUSDT,Development
2026-09-18 14:00:00+00:00,1789740000000.0,493.71,494.16,491.1,493.31,2771275.177935,1364869553.1668668,False,2026-09-18 10:00:00-04:00,Friday,Regular,MSFT,RMSFTUSDT,Development
2026-09-18 15:00:00+00:00,1789743600000.0,493.325,494.3599,493.06,493.575,1607112.565646,793607833.3296117,False,2026-09-18 11:00:00-04:00,Friday,Regular,MSFT,RMSFTUSDT,Development
2026-09-18 16:00:00+00:00,1789747200000.0,493.61,494.31,492.83,493.3019,1546528.616129,762984201.943304,False,2026-09-18 12:00:00-04:00,Friday,Regular,MSFT,RMSFTUSDT,Development
2026-09-18 17:00:00+00:00,1789750800000.0,493.25,495.4499,493.17,494.665,839526.281578,415193695.1885544,False,2026-09-18 13:00:00-04:00,Friday,Regular,MSFT,RMSFTUSDT,Development
2026-09-18 18:00:00+00:00,1789754400000.0,494.62,496.9,494.43,496.0505,1418917.457364,702947063.6434832,False,2026-09-18 14:00:00-04:00,Friday,Regular,MSFT,RMSFTUSDT,Development
2026-09-18 19:00:00+00:00,1789758000000.0,496.13,496.605,492.02,493.78,3259366.303923,1611212911.242709,False,2026-09-18 15:00:00-04:00,Friday,Regular,MSFT,RMSFTUSDT,Development
2026-09-18 20:00:00+00:00,1789761600000.0,493.28,495.88,492.995,494.81,22922228.221796,11314763727.506004,False,2026-09-18 16:00:00-04:00,Friday,After-Hours,MSFT,RMSFTUSDT,Development
2026-09-18 21:00:00+00:00,1789765200000.0,495.1,496.5975,494.45,494.9867,213375.233226,105581730.21487571,False,2026-09-18 17:00:00-04:00,Friday,After-Hours,MSFT,RMSFTUSDT,Development
2026-09-18 22:00:00+00:00,1789768800000.0,494.9888,495.0,494.5,494.9425,64820.871367,32062041.84939718,False,2026-09-18 18:00:00-04:00,Friday,After-Hours,MSFT,RMSFTUSDT,Development
2026-09-18 23:00:00+00:00,1789772400000.0,494.6925,494.9499,493.78,493.99,13767.158687,6804050.920911008,False,2026-09-18 19:00:00-04:00,Friday,After-Hours,MSFT,RMSFTUSDT,Development
2026-09-19 00:00:00+00:00,1789776000000.0,493.84,493.84,493.84,493.84,0.5283,260.895672,False,2026-09-18 20:00:00-04:00,Friday,Overnight,MSFT,RMSFTUSDT,Development
2026-09-19 01:00:00+00:00,,,,,,,,True,2026-09-18 21:00:00-04:00,Friday,Overnight,MSFT,RMSFTUSDT,Development
2026-09-19 02:00:00+00:00,,,,,,,,True,2026-09-18 22:00:00-04:00,Friday,Overnight,MSFT,RMSFTUSDT,Development
2026-09-19 03:00:00+00:00,1789786800000.0,494.14,494.14,493.74,493.74,2.0098,992.440372,False,2026-09-18 23:00:00-04:00,Friday,Overnight,MSFT,RMSFTUSDT,Development
2026-09-19 04:00:00+00:00,1789790400000.0,494.09,494.09,494.09,494.09,0.3007,148.572863,False,2026-09-19 00:00:00-04:00,Saturday,Weekend,MSFT,RMSFTUSDT,Development
2026-09-19 05:00:00+00:00,,,,,,,,True,2026-09-19 01:00:00-04:00,Saturday,Weekend,MSFT,RMSFTUSDT,Development
2026-09-19 06:00:00+00:00,,,,,,,,True,2026-09-19 02:00:00-04:00,Saturday,Weekend,MSFT,RMSFTUSDT,Development
2026-09-19 07:00:00+00:00,1789801200000.0,494.19,494.19,494.19,494.19,0.1011,49.962609,False,2026-09-19 03:00:00-04:00,Saturday,Weekend,MSFT,RMSFTUSDT,Development
2026-09-19 08:00:00+00:00,,,,,,,,True,2026-09-19 04:00:00-04:00,Saturday,Weekend,MSFT,RMSFTUSDT,Development
2026-09-19 09:00:00+00:00,,,,,,,,True,2026-09-19 05:00:00-04:00,Saturday,Weekend,MSFT,RMSFTUSDT,Development
2026-09-19 10:00:00+00:00,,,,,,,,True,2026-09-19 06:00:00-04:00,Saturday,Weekend,MSFT,RMSFTUSDT,Development
2026-09-19 11:00:00+00:00,1789815600000.0,494.19,494.19,494.19,494.19,0.0505,24.956595,False,2026-09-19 07:00:00-04:00,Saturday,Weekend,MSFT,RMSFTUSDT,Development
2026-09-19 12:00:00+00:00,,,,,,,,True,2026-09-19 08:00:00-04:00,Saturday,Weekend,MSFT,RMSFTUSDT,Development
2026-09-19 13:00:00+00:00,,,,,,,,True,2026-09-19 09:00:00-04:00,Saturday,Weekend,MSFT,RMSFTUSDT,Development
2026-09-19 14:00:00+00:00,1789826400000.0,494.19,494.19,494.0,494.0,0.1514,74.807446,False,2026-09-19 10:00:00-04:00,Saturday,Weekend,MSFT,RMSFTUSDT,Development
2026-09-19 15:00:00+00:00,1789830000000.0,494.19,494.19,494.19,494.19,0.0505,24.956595,False,2026-09-19 11:00:00-04:00,Saturday,Weekend,MSFT,RMSFTUSDT,Development
2026-09-19 16:00:00+00:00,1789833600000.0,494.19,494.19,494.18,494.18,0.5924,292.755194,False,2026-09-19 12:00:00-04:00,Saturday,Weekend,MSFT,RMSFTUSDT,Development
2026-09-19 17:00:00+00:00,1789837200000.0,494.19,494.26,494.0,494.26,3.542,1750.353465,False,2026-09-19 13:00:00-04:00,Saturday,Weekend,MSFT,RMSFTUSDT,Development
2026-09-19 18:00:00+00:00,,,,,,,,True,2026-09-19 14:00:00-04:00,Saturday,Weekend,MSFT,RMSFTUSDT,Development
2026-09-19 19:00:00+00:00,1789844400000.0,494.35,494.35,494.35,494.35,0.0505,24.964675,False,2026-09-19 15:00:00-04:00,Saturday,Weekend,MSFT,RMSFTUSDT,Development
2026-09-19 20:00:00+00:00,1789848000000.0,494.4,494.53,494.4,494.53,0.3488,172.466084,False,2026-09-19 16:00:00-04:00,Saturday,Weekend,MSFT,RMSFTUSDT,Development
2026-09-19 21:00:00+00:00,,,,,,,,True,2026-09-19 17:00:00-04:00,Saturday,Weekend,MSFT,RMSFTUSDT,Development
2026-09-19 22:00:00+00:00,,,,,,,,True,2026-09-19 18:00:00-04:00,Saturday,Weekend,MSFT,RMSFTUSDT,Development
2026-09-19 23:00:00+00:00,1789858800000.0,494.54,494.54,494.54,494.54,0.0505,24.97427,False,2026-09-19 19:00:00-04:00,Saturday,Weekend,MSFT,RMSFTUSDT,Development
2026-09-20 00:00:00+00:00,,,,,,,,True,2026-09-19 20:00:00-04:00,Saturday,Weekend,MSFT,RMSFTUSDT,Development
2026-09-20 01:00:00+00:00,,,,,,,,True,2026-09-19 21:00:00-04:00,Saturday,Weekend,MSFT,RMSFTUSDT,Development
2026-09-20 02:00:00+00:00,1789869600000.0,494.57,494.57,494.57,494.57,0.03,14.8371,False,2026-09-19 22:00:00-04:00,Saturday,Weekend,MSFT,RMSFTUSDT,Development
2026-09-20 03:00:00+00:00,1789873200000.0,494.21,494.21,494.21,494.21,0.0505,24.957605,False,2026-09-19 23:00:00-04:00,Saturday,Weekend,MSFT,RMSFTUSDT,Development
2026-09-20 04:00:00+00:00,,,,,,,,True,2026-09-20 00:00:00-04:00,Sunday,Weekend,MSFT,RMSFTUSDT,Development
2026-09-20 05:00:00+00:00,,,,,,,,True,2026-09-20 01:00:00-04:00,Sunday,Weekend,MSFT,RMSFTUSDT,Development
2026-09-20 06:00:00+00:00,1789884000000.0,494.0,494.07,494.0,494.07,0.1018,50.292091,False,2026-09-20 02:00:00-04:00,Sunday,Weekend,MSFT,RMSFTUSDT,Development
2026-09-20 07:00:00+00:00,1789887600000.0,494.36,494.57,494.36,494.57,0.7572,374.477799,False,2026-09-20 03:00:00-04:00,Sunday,Weekend,MSFT,RMSFTUSDT,Development
2026-09-20 08:00:00+00:00,,,,,,,,True,2026-09-20 04:00:00-04:00,Sunday,Weekend,MSFT,RMSFTUSDT,Development
2026-09-20 09:00:00+00:00,1789894800000.0,494.0,494.0,494.0,494.0,0.3935,194.389,False,2026-09-20 05:00:00-04:00,Sunday,Weekend,MSFT,RMSFTUSDT,Development
2026-09-20 10:00:00+00:00,,,,,,,,True,2026-09-20 06:00:00-04:00,Sunday,Weekend,MSFT,RMSFTUSDT,Development
2026-09-20 11:00:00+00:00,1789902000000.0,494.16,494.16,494.16,494.16,0.0505,24.95508,False,2026-09-20 07:00:00-04:00,Sunday,Weekend,MSFT,RMSFTUSDT,Development
2026-09-20 12:00:00+00:00,1789905600000.0,494.0,494.0,494.0,494.0,1.4553,718.9182,False,2026-09-20 08:00:00-04:00,Sunday,Weekend,MSFT,RMSFTUSDT,Development
2026-09-20 13:00:00+00:00,1789909200000.0,494.14,494.14,494.14,494.14,0.0607,29.994298,False,2026-09-20 09:00:00-04:00,Sunday,Weekend,MSFT,RMSFTUSDT,Development
2026-09-20 14:00:00+00:00,1789912800000.0,494.14,494.14,494.14,494.14,0.0485,23.96579,False,2026-09-20 10:00:00-04:00,Sunday,Weekend,MSFT,RMSFTUSDT,Development
2026-09-20 15:00:00+00:00,1789916400000.0,494.14,494.14,494.0,494.14,0.2411,119.132352,False,2026-09-20 11:00:00-04:00,Sunday,Weekend,MSFT,RMSFTUSDT,Development
2026-09-20 16:00:00+00:00,1789920000000.0,494.14,494.14,494.14,494.14,1.7054,842.706356,False,2026-09-20 12:00:00-04:00,Sunday,Weekend,MSFT,RMSFTUSDT,Development
2026-09-20 17:00:00+00:00,,,,,,,,True,2026-09-20 13:00:00-04:00,Sunday,Weekend,MSFT,RMSFTUSDT,Development
2026-09-20 18:00:00+00:00,,,,,,,,True,2026-09-20 14:00:00-04:00,Sunday,Weekend,MSFT,RMSFTUSDT,Development
2026-09-20 19:00:00+00:00,1789930800000.0,494.35,494.35,494.35,494.35,0.0909,44.936415,False,2026-09-20 15:00:00-04:00,Sunday,Weekend,MSFT,RMSFTUSDT,Development
2026-09-20 20:00:00+00:00,1789934400000.0,494.37,494.37,494.37,494.37,0.0404,19.972548,False,2026-09-20 16:00:00-04:00,Sunday,Weekend,MSFT,RMSFTUSDT,Development
2026-09-20 21:00:00+00:00,,,,,,,,True,2026-09-20 17:00:00-04:00,Sunday,Weekend,MSFT,RMSFTUSDT,Development
2026-09-20 22:00:00+00:00,1789941600000.0,494.4,495.9,494.4,495.9,24.9158,12338.107971,False,2026-09-20 18:00:00-04:00,Sunday,Weekend,MSFT,RMSFTUSDT,Development
2026-09-20 23:00:00+00:00,1789945200000.0,496.03,496.03,496.0,496.0,0.0907,44.988712,False,2026-09-20 19:00:00-04:00,Sunday,Weekend,MSFT,RMSFTUSDT,Development
2026-09-21 00:00:00+00:00,1789948800000.0,494.99,495.56,494.28,494.69,6076.0,3007022.03,False,2026-09-20 20:00:00-04:00,Sunday,Weekend,MSFT,RMSFTUSDT,Development
2026-09-21 01:00:00+00:00,1789952400000.0,494.75,495.17,494.75,495.01,2772.0,1372018.13,False,2026-09-20 21:00:00-04:00,Sunday,Weekend,MSFT,RMSFTUSDT,Development
2026-09-21 02:00:00+00:00,1789956000000.0,495.01,495.01,494.4,494.54,2611.0,1291572.34,False,2026-09-20 22:00:00-04:00,Sunday,Weekend,MSFT,RMSFTUSDT,Development
2026-09-21 03:00:00+00:00,1789959600000.0,494.64,495.75,494.56,494.91,6043.0,2992659.66,False,2026-09-20 23:00:00-04:00,Sunday,Weekend,MSFT,RMSFTUSDT,Development
2026-09-21 04:00:00+00:00,1789963200000.0,494.93,495.07,494.5,494.5,1844.0,912338.46,False,2026-09-21 00:00:00-04:00,Monday,Overnight,MSFT,RMSFTUSDT,Development
2026-09-21 05:00:00+00:00,1789966800000.0,494.67,494.86,494.34,494.44,1722.0,851609.8,False,2026-09-21 01:00:00-04:00,Monday,Overnight,MSFT,RMSFTUSDT,Development
2026-09-21 06:00:00+00:00,1789970400000.0,494.5,494.93,494.0,494.0,4948.0,2446205.94,False,2026-09-21 02:00:00-04:00,Monday,Overnight,MSFT,RMSFTUSDT,Development
2026-09-21 07:00:00+00:00,1789974000000.0,494.63,494.75,493.81,494.23,6764.0,3343135.57,False,2026-09-21 03:00:00-04:00,Monday,Overnight,MSFT,RMSFTUSDT,Development
2026-09-21 08:00:00+00:00,1789977600000.0,494.0,495.8,493.7855,494.25,67991.957857,33631933.016851336,False,2026-09-21 04:00:00-04:00,Monday,Pre-Market,MSFT,RMSFTUSDT,Development
2026-09-21 09:00:00+00:00,1789981200000.0,494.2,494.812,494.0012,494.55,12145.872307,6004507.983576997,False,2026-09-21 05:00:00-04:00,Monday,Pre-Market,MSFT,RMSFTUSDT,Development
2026-09-21 10:00:00+00:00,1789984800000.0,494.45,495.58,494.37,495.36,15384.350745,7613333.313921397,False,2026-09-21 06:00:00-04:00,Monday,Pre-Market,MSFT,RMSFTUSDT,Development
2026-09-21 11:00:00+00:00,1789988400000.0,495.43,496.61,495.15,495.63,39524.965647,19596853.379478406,False,2026-09-21 07:00:00-04:00,Monday,Pre-Market,MSFT,RMSFTUSDT,Development
2026-09-21 12:00:00+00:00,1789992000000.0,495.7437,495.75,494.8,495.5472,45778.187801,22676600.616870884,False,2026-09-21 08:00:00-04:00,Monday,Pre-Market,MSFT,RMSFTUSDT,Development
2026-09-21 13:00:00+00:00,1789995600000.0,495.31,496.0,491.5,495.84,2488553.728903,1230167266.6847017,False,2026-09-21 09:00:00-04:00,Monday,Transition,MSFT,RMSFTUSDT,Development
2026-09-21 14:00:00+00:00,1789999200000.0,495.895,497.39,492.72,493.69,2860394.58079,1414411554.0393252,False,2026-09-21 10:00:00-04:00,Monday,Regular,MSFT,RMSFTUSDT,Development
2026-09-21 15:00:00+00:00,1790002800000.0,493.7625,494.06,491.33,493.99,2648453.335624,1305021999.531169,False,2026-09-21 11:00:00-04:00,Monday,Regular,MSFT,RMSFTUSDT,Development
2026-09-21 16:00:00+00:00,1790006400000.0,493.99,496.89,493.165,496.41,2016821.297097,998139952.8307376,False,2026-09-21 12:00:00-04:00,Monday,Regular,MSFT,RMSFTUSDT,Development
2026-09-21 17:00:00+00:00,1790010000000.0,496.44,498.98,496.0501,498.98,1673086.921098,832202429.2786486,False,2026-09-21 13:00:00-04:00,Monday,Regular,MSFT,RMSFTUSDT,Development
2026-09-21 18:00:00+00:00,1790013600000.0,498.955,499.48,497.48,497.91,1945994.734574,970053532.5597268,False,2026-09-21 14:00:00-04:00,Monday,Regular,MSFT,RMSFTUSDT,Development
2026-09-21 19:00:00+00:00,1790017200000.0,497.9215,501.87,497.82,501.61,3568358.737225,1785506106.0723283,False,2026-09-21 15:00:00-04:00,Monday,Regular,MSFT,RMSFTUSDT,Development
2026-09-21 20:00:00+00:00,1790020800000.0,501.61,501.95,501.02,501.25,6236082.0,3128078103.4357,False,2026-09-21 16:00:00-04:00,Monday,After-Hours,MSFT,RMSFTUSDT,Development
2026-09-21 21:00:00+00:00,1790024400000.0,501.35,501.49,501.25,501.25,1516203.536588,760537453.7229986,False,2026-09-21 17:00:00-04:00,Monday,After-Hours,MSFT,RMSFTUSDT,Development
2026-09-21 22:00:00+00:00,1790028000000.0,501.4088,502.0,501.25,501.7814,147343.311907,73941307.25860406,False,2026-09-21 18:00:00-04:00,Monday,After-Hours,MSFT,RMSFTUSDT,Development
2026-09-21 23:00:00+00:00,1790031600000.0,501.704,501.93,501.1831,501.49,14333.496759,7191096.632105238,False,2026-09-21 19:00:00-04:00,Monday,After-Hours,MSFT,RMSFTUSDT,Development
2026-09-22 00:00:00+00:00,1790035200000.0,501.58,501.98,500.87,501.07,6725.0,3373159.33,False,2026-09-21 20:00:00-04:00,Monday,Overnight,MSFT,RMSFTUSDT,Development
2026-09-22 01:00:00+00:00,1790038800000.0,501.07,501.59,500.75,501.36,2895.0,1451016.05,False,2026-09-21 21:00:00-04:00,Monday,Overnight,MSFT,RMSFTUSDT,Development
2026-09-22 02:00:00+00:00,1790042400000.0,501.4,501.59,500.66,500.69,2876.0,1441347.46,False,2026-09-21 22:00:00-04:00,Monday,Overnight,MSFT,RMSFTUSDT,Development
2026-09-22 03:00:00+00:00,1790046000000.0,500.79,501.19,500.69,501.04,1355.0,678780.06,False,2026-09-21 23:00:00-04:00,Monday,Overnight,MSFT,RMSFTUSDT,Development
2026-09-22 04:00:00+00:00,1790049600000.0,501.07,503.56,500.7,503.55,5521.0,2773134.04,False,2026-09-22 00:00:00-04:00,Tuesday,Overnight,MSFT,RMSFTUSDT,Development
2026-09-22 05:00:00+00:00,1790053200000.0,503.4,504.2,502.15,503.55,6700.0,3372256.68,False,2026-09-22 01:00:00-04:00,Tuesday,Overnight,MSFT,RMSFTUSDT,Development
2026-09-22 06:00:00+00:00,1790056800000.0,503.56,503.98,503.09,503.29,5484.0,2761278.21,False,2026-09-22 02:00:00-04:00,Tuesday,Overnight,MSFT,RMSFTUSDT,Development
2026-09-22 07:00:00+00:00,1790060400000.0,503.32,503.52,503.01,503.34,6540.0,3291711.23,False,2026-09-22 03:00:00-04:00,Tuesday,Overnight,MSFT,RMSFTUSDT,Development
2026-09-22 08:00:00+00:00,1790064000000.0,503.08,504.6988,500.67,504.38,68689.018474,34584945.17044466,False,2026-09-22 04:00:00-04:00,Tuesday,Pre-Market,MSFT,RMSFTUSDT,Development
2026-09-22 09:00:00+00:00,1790067600000.0,504.4,504.6915,502.936,503.16,21199.168242,10680212.32205794,False,2026-09-22 05:00:00-04:00,Tuesday,Pre-Market,MSFT,RMSFTUSDT,Development
2026-09-22 10:00:00+00:00,1790071200000.0,503.31,504.8,501.62,504.4,37114.2649,18693422.484552905,False,2026-09-22 06:00:00-04:00,Tuesday,Pre-Market,MSFT,RMSFTUSDT,Development
2026-09-22 11:00:00+00:00,1790074800000.0,504.39,506.83,501.61,506.51,67282.790383,34019500.60326477,False,2026-09-22 07:00:00-04:00,Tuesday,Pre-Market,MSFT,RMSFTUSDT,Development
2026-09-22 12:00:00+00:00,1790078400000.0,506.78,508.58,506.0944,507.2449,109807.972114,55729784.66326209,False,2026-09-22 08:00:00-04:00,Tuesday,Pre-Market,MSFT,RMSFTUSDT,Development
2026-09-22 13:00:00+00:00,1790082000000.0,507.28,508.5,495.9,496.42,2752481.356535,1378221336.4191642,False,2026-09-22 09:00:00-04:00,Tuesday,Transition,MSFT,RMSFTUSDT,Development
2026-09-22 14:00:00+00:00,1790085600000.0,496.42,499.78,496.01,496.765,2900714.928742,1443258939.4493313,False,2026-09-22 10:00:00-04:00,Tuesday,Regular,MSFT,RMSFTUSDT,Development
2026-09-22 15:00:00+00:00,1790089200000.0,496.775,497.42,493.65,494.31,3113561.592137,1542309200.0778174,False,2026-09-22 11:00:00-04:00,Tuesday,Regular,MSFT,RMSFTUSDT,Development
2026-09-22 16:00:00+00:00,1790092800000.0,494.32,497.01,494.2801,496.78,1683171.624372,834347064.9543356,False,2026-09-22 12:00:00-04:00,Tuesday,Regular,MSFT,RMSFTUSDT,Development
2026-09-22 17:00:00+00:00,1790096400000.0,496.755,497.65,496.13,496.6451,1224999.216468,608669615.3506298,False,2026-09-22 13:00:00-04:00,Tuesday,Regular,MSFT,RMSFTUSDT,Development
2026-09-22 18:00:00+00:00,1790100000000.0,496.68,499.2,495.9,498.24,1546434.261236,770029503.9906664,False,2026-09-22 14:00:00-04:00,Tuesday,Regular,MSFT,RMSFTUSDT,Development
2026-09-22 19:00:00+00:00,1790103600000.0,498.28,499.43,497.475,498.0,2069431.942485,1031621707.8710364,False,2026-09-22 15:00:00-04:00,Tuesday,Regular,MSFT,RMSFTUSDT,Development
2026-09-22 20:00:00+00:00,1790107200000.0,498.0,498.62,497.477,497.61,1391888.0,693154845.2765,False,2026-09-22 16:00:00-04:00,Tuesday,After-Hours,MSFT,RMSFTUSDT,Development
2026-09-22 21:00:00+00:00,1790110800000.0,497.55,501.96,497.358,500.144,1356227.841153,678987266.833357,False,2026-09-22 17:00:00-04:00,Tuesday,After-Hours,MSFT,RMSFTUSDT,Development
2026-09-22 22:00:00+00:00,1790114400000.0,500.14,500.87,499.35,499.6,29657.791849,14831935.4642523,False,2026-09-22 18:00:00-04:00,Tuesday,After-Hours,MSFT,RMSFTUSDT,Development
2026-09-22 23:00:00+00:00,1790118000000.0,499.4587,501.5,499.1,500.5301,20224.991841,10104935.6186382,False,2026-09-22 19:00:00-04:00,Tuesday,After-Hours,MSFT,RMSFTUSDT,Development
2026-09-23 00:00:00+00:00,1790121600000.0,499.83,500.86,499.19,499.48,5948.0,2973754.28,False,2026-09-22 20:00:00-04:00,Tuesday,Overnight,MSFT,RMSFTUSDT,Development
2026-09-23 01:00:00+00:00,1790125200000.0,499.49,499.91,499.48,499.86,4646.0,2321558.44,False,2026-09-22 21:00:00-04:00,Tuesday,Overnight,MSFT,RMSFTUSDT,Development
2026-09-23 02:00:00+00:00,1790128800000.0,499.86,499.96,499.61,499.84,2375.0,1186968.42,False,2026-09-22 22:00:00-04:00,Tuesday,Overnight,MSFT,RMSFTUSDT,Development
2026-09-23 03:00:00+00:00,1790132400000.0,499.84,500.6,499.76,499.93,6068.0,3035290.82,False,2026-09-22 23:00:00-04:00,Tuesday,Overnight,MSFT,RMSFTUSDT,Development
2026-09-23 04:00:00+00:00,1790136000000.0,499.95,500.36,499.93,500.09,2863.0,1431974.38,False,2026-09-23 00:00:00-04:00,Wednesday,Overnight,MSFT,RMSFTUSDT,Development
2026-09-23 05:00:00+00:00,1790139600000.0,500.11,500.98,500.07,500.66,3966.0,1984945.15,False,2026-09-23 01:00:00-04:00,Wednesday,Overnight,MSFT,RMSFTUSDT,Development
2026-09-23 06:00:00+00:00,1790143200000.0,500.67,500.85,499.75,500.3,11107.0,5557707.73,False,2026-09-23 02:00:00-04:00,Wednesday,Overnight,MSFT,RMSFTUSDT,Development
2026-09-23 07:00:00+00:00,1790146800000.0,500.14,501.49,500.14,501.49,8578.0,4294899.13,False,2026-09-23 03:00:00-04:00,Wednesday,Overnight,MSFT,RMSFTUSDT,Development
2026-09-23 08:00:00+00:00,1790150400000.0,501.46,501.9988,498.0,500.8214,65445.944234,32796687.01920237,False,2026-09-23 04:00:00-04:00,Wednesday,Pre-Market,MSFT,RMSFTUSDT,Development
2026-09-23 09:00:00+00:00,1790154000000.0,500.86,503.125,500.7203,502.39,54009.050803,27079971.982364077,False,2026-09-23 05:00:00-04:00,Wednesday,Pre-Market,MSFT,RMSFTUSDT,Development
2026-09-23 10:00:00+00:00,1790157600000.0,502.2,503.09,501.6297,502.2,34509.975989,17334277.664006814,False,2026-09-23 06:00:00-04:00,Wednesday,Pre-Market,MSFT,RMSFTUSDT,Development
2026-09-23 11:00:00+00:00,1790161200000.0,502.15,503.98,501.13,502.93,150558.813756,75678444.8389215,False,2026-09-23 07:00:00-04:00,Wednesday,Pre-Market,MSFT,RMSFTUSDT,Development
2026-09-23 12:00:00+00:00,1790164800000.0,502.8642,503.6,501.75,502.24,96643.228173,48569786.45908159,False,2026-09-23 08:00:00-04:00,Wednesday,Pre-Market,MSFT,RMSFTUSDT,Development
2026-09-23 13:00:00+00:00,1790168400000.0,502.24,509.44,500.02,504.22,4192735.390427,2116461668.0147915,False,2026-09-23 09:00:00-04:00,Wednesday,Transition,MSFT,RMSFTUSDT,Development
2026-09-23 14:00:00+00:00,1790172000000.0,504.145,504.42,495.9,500.415,2946787.530918,1470145353.591624,False,2026-09-23 10:00:00-04:00,Wednesday,Regular,MSFT,RMSFTUSDT,Development
2026-09-23 15:00:00+00:00,1790175600000.0,500.48,500.48,497.18,499.08,1674048.632193,834944744.1683058,False,2026-09-23 11:00:00-04:00,Wednesday,Regular,MSFT,RMSFTUSDT,Development
2026-09-23 16:00:00+00:00,1790179200000.0,499.085,499.38,498.05,499.31,945261.503443,471396213.1352445,False,2026-09-23 12:00:00-04:00,Wednesday,Regular,MSFT,RMSFTUSDT,Development
2026-09-23 17:00:00+00:00,1790182800000.0,499.18,500.3,499.02,499.825,1125041.679177,562046942.000371,False,2026-09-23 13:00:00-04:00,Wednesday,Regular,MSFT,RMSFTUSDT,Development
2026-09-23 18:00:00+00:00,1790186400000.0,499.87,501.15,498.91,500.67,1068436.65211,534401511.9939701,False,2026-09-23 14:00:00-04:00,Wednesday,Regular,MSFT,RMSFTUSDT,Development
2026-09-23 19:00:00+00:00,1790190000000.0,500.68,500.86,498.74,500.59,2428959.199684,1214758696.0369024,False,2026-09-23 15:00:00-04:00,Wednesday,Regular,MSFT,RMSFTUSDT,Development
2026-09-23 20:00:00+00:00,1790193600000.0,500.81,501.2,499.5921,499.92,4880236.264773001,2443094200.567492,False,2026-09-23 16:00:00-04:00,Wednesday,After-Hours,MSFT,RMSFTUSDT,Development
2026-09-23 21:00:00+00:00,1790197200000.0,499.9025,500.0192,499.0,499.9,206274.021185,103121538.73211507,False,2026-09-23 17:00:00-04:00,Wednesday,After-Hours,MSFT,RMSFTUSDT,Development
2026-09-23 22:00:00+00:00,1790200800000.0,499.81,500.4988,499.81,500.031,26256.066702,13129506.174586345,False,2026-09-23 18:00:00-04:00,Wednesday,After-Hours,MSFT,RMSFTUSDT,Development
2026-09-23 23:00:00+00:00,1790204400000.0,500.2,500.42,499.25,500.0,10487.535501,5244043.60836359,False,2026-09-23 19:00:00-04:00,Wednesday,After-Hours,MSFT,RMSFTUSDT,Development
2026-09-24 00:00:00+00:00,1790208000000.0,500.4,500.61,499.47,500.03,2500.0,1250248.62,False,2026-09-23 20:00:00-04:00,Wednesday,Overnight,MSFT,RMSFTUSDT,Development
2026-09-24 01:00:00+00:00,1790211600000.0,500.1,500.35,499.21,499.5,3561.0,1779561.55,False,2026-09-23 21:00:00-04:00,Wednesday,Overnight,MSFT,RMSFTUSDT,Development
2026-09-24 02:00:00+00:00,1790215200000.0,499.5,499.53,499.04,499.38,949.0,473899.35,False,2026-09-23 22:00:00-04:00,Wednesday,Overnight,MSFT,RMSFTUSDT,Development
2026-09-24 03:00:00+00:00,1790218800000.0,499.26,499.35,497.99,498.58,7462.0,3719031.91,False,2026-09-23 23:00:00-04:00,Wednesday,Overnight,MSFT,RMSFTUSDT,Development
2026-09-24 04:00:00+00:00,1790222400000.0,498.51,498.86,497.93,498.63,1360.0,677751.54,False,2026-09-24 00:00:00-04:00,Thursday,Overnight,MSFT,RMSFTUSDT,Development
2026-09-24 05:00:00+00:00,1790226000000.0,498.63,498.9,497.68,497.96,917.0,456839.23,False,2026-09-24 01:00:00-04:00,Thursday,Overnight,MSFT,RMSFTUSDT,Development
2026-09-24 06:00:00+00:00,1790229600000.0,497.82,498.46,497.58,497.85,4011.0,1997733.85,False,2026-09-24 02:00:00-04:00,Thursday,Overnight,MSFT,RMSFTUSDT,Development
2026-09-24 07:00:00+00:00,1790233200000.0,497.96,498.89,497.46,498.3,3465.0,1726794.49,False,2026-09-24 03:00:00-04:00,Thursday,Overnight,MSFT,RMSFTUSDT,Development
2026-09-24 08:00:00+00:00,1790236800000.0,498.81,500.59,496.75,497.96,55011.638351,27390606.314321715,False,2026-09-24 04:00:00-04:00,Thursday,Pre-Market,MSFT,RMSFTUSDT,Development
2026-09-24 09:00:00+00:00,1790240400000.0,498.06,498.9218,497.5666,498.56,16659.303511,8299646.002558549,False,2026-09-24 05:00:00-04:00,Thursday,Pre-Market,MSFT,RMSFTUSDT,Development
2026-09-24 10:00:00+00:00,1790244000000.0,498.45,499.14,498.0137,498.6568,26008.862364,12967859.786796937,False,2026-09-24 06:00:00-04:00,Thursday,Pre-Market,MSFT,RMSFTUSDT,Development
2026-09-24 11:00:00+00:00,1790247600000.0,498.9,500.59,497.0,497.55,37268.049031,18548387.36420245,False,2026-09-24 07:00:00-04:00,Thursday,Pre-Market,MSFT,RMSFTUSDT,Development
2026-09-24 12:00:00+00:00,1790251200000.0,497.44,498.94,496.8,498.6,27280.462738,13574796.141406354,False,2026-09-24 08:00:00-04:00,Thursday,Pre-Market,MSFT,RMSFTUSDT,Development
2026-09-24 13:00:00+00:00,1790254800000.0,498.6,499.3497,491.22,492.895,3059528.692737,1510108497.5989633,False,2026-09-24 09:00:00-04:00,Thursday,Transition,MSFT,RMSFTUSDT,Development
2026-09-24 14:00:00+00:00,1790258400000.0,492.92,495.605,492.05,493.815,2373111.729271,1171498334.2833283,False,2026-09-24 10:00:00-04:00,Thursday,Regular,MSFT,RMSFTUSDT,Development
2026-09-24 15:00:00+00:00,1790262000000.0,493.75,495.74,492.93,495.09,1773495.631157,877237578.4677427,False,2026-09-24 11:00:00-04:00,Thursday,Regular,MSFT,RMSFTUSDT,Development
2026-09-24 16:00:00+00:00,1790265600000.0,495.115,496.98,493.75,496.32,1390228.66624,688886186.0859172,False,2026-09-24 12:00:00-04:00,Thursday,Regular,MSFT,RMSFTUSDT,Development
2026-09-24 17:00:00+00:00,1790269200000.0,496.244,496.46,494.71,496.07,1105591.485977,548149503.9481763,False,2026-09-24 13:00:00-04:00,Thursday,Regular,MSFT,RMSFTUSDT,Development
2026-09-24 18:00:00+00:00,1790272800000.0,496.05,497.88,494.9101,497.41,1265975.736492,628691017.138157,False,2026-09-24 14:00:00-04:00,Thursday,Regular,MSFT,RMSFTUSDT,Development
2026-09-24 19:00:00+00:00,1790276400000.0,497.36,498.88,496.73,497.93,2477092.789389,1232892097.4352355,False,2026-09-24 15:00:00-04:00,Thursday,Regular,MSFT,RMSFTUSDT,Development
2026-09-24 20:00:00+00:00,1790280000000.0,497.58,498.0,496.0,497.9255,3751436.588358,1866964458.2824848,False,2026-09-24 16:00:00-04:00,Thursday,After-Hours,MSFT,RMSFTUSDT,Development
2026-09-24 21:00:00+00:00,1790283600000.0,497.7925,500.7043,497.0,497.624,23037.963801,11459478.747106468,False,2026-09-24 17:00:00-04:00,Thursday,After-Hours,MSFT,RMSFTUSDT,Development
2026-09-24 22:00:00+00:00,1790287200000.0,497.2,497.55,496.5,496.731,8614.680061,4280994.002853666,False,2026-09-24 18:00:00-04:00,Thursday,After-Hours,MSFT,RMSFTUSDT,Development
2026-09-24 23:00:00+00:00,1790290800000.0,496.73,496.9912,495.5,495.7837,15400.761968,7645643.736427646,False,2026-09-24 19:00:00-04:00,Thursday,After-Hours,MSFT,RMSFTUSDT,Development
2026-09-25 00:00:00+00:00,1790294400000.0,496.03,497.23,496.0,496.4,3526.0,1751211.65,False,2026-09-24 20:00:00-04:00,Thursday,Overnight,MSFT,RMSFTUSDT,Development
2026-09-25 01:00:00+00:00,1790298000000.0,496.4,496.71,496.13,496.41,1454.0,721877.48,False,2026-09-24 21:00:00-04:00,Thursday,Overnight,MSFT,RMSFTUSDT,Development
2026-09-25 02:00:00+00:00,1790301600000.0,496.6,497.07,496.6,497.07,1866.0,927310.82,False,2026-09-24 22:00:00-04:00,Thursday,Overnight,MSFT,RMSFTUSDT,Development
2026-09-25 03:00:00+00:00,1790305200000.0,497.01,498.0,496.92,497.26,2325.0,1156725.35,False,2026-09-24 23:00:00-04:00,Thursday,Overnight,MSFT,RMSFTUSDT,Development
2026-09-25 04:00:00+00:00,1790308800000.0,497.27,497.27,496.31,496.37,1835.0,911504.85,False,2026-09-25 00:00:00-04:00,Friday,Overnight,MSFT,RMSFTUSDT,Development
2026-09-25 05:00:00+00:00,1790312400000.0,496.66,497.95,496.66,497.5,3009.0,1497037.14,False,2026-09-25 01:00:00-04:00,Friday,Overnight,MSFT,RMSFTUSDT,Development
