datetime_utc,timestamp,open,high,low,close,volume,turnover
2026-06-29 00:00:00+00:00,1782691200000,150.01,150.01,147.08,148.65,11449.0,1695199.17
2026-06-29 01:00:00+00:00,1782694800000,148.49,148.77,147.47,148.1,3592.0,532158.0
2026-06-29 02:00:00+00:00,1782698400000,148.1,148.57,146.35,148.49,5589.0,824307.26
2026-06-29 03:00:00+00:00,1782702000000,148.72,149.84,148.72,149.5,3861.0,576921.89
2026-06-29 04:00:00+00:00,1782705600000,149.5,149.61,149.0,149.17,1905.0,284484.39
2026-06-29 05:00:00+00:00,1782709200000,149.19,150.0,148.49,150.0,9065.0,1352160.6
2026-06-29 06:00:00+00:00,1782712800000,150.0,150.4,149.75,150.12,4134.0,620462.58
2026-06-29 07:00:00+00:00,1782716400000,150.1,150.51,149.74,150.48,5951.0,893887.99
2026-06-29 08:00:00+00:00,1782720000000,149.115,150.69,149.115,149.53,47225.517736,7107591.540924754
2026-06-29 09:00:00+00:00,1782723600000,149.53,149.83,149.3,149.58,14075.882574,2106721.8613797487
2026-06-29 10:00:00+00:00,1782727200000,149.58,149.965,149.426,149.735,12724.047136,1905722.5289142688
2026-06-29 11:00:00+00:00,1782730800000,149.53,149.977,148.906,149.53,30527.661471,4563186.306466814
2026-06-29 12:00:00+00:00,1782734400000,149.99,152.01,149.375,152.01,110174.034561,16645710.11606942
2026-06-29 13:00:00+00:00,1782738000000,150.01,152.35,146.745,148.54,1130237.232861,168870214.27016473
2026-06-29 14:00:00+00:00,1782741600000,148.89,149.165,145.3,147.71,902226.5670040002,133161062.5866276
2026-06-29 15:00:00+00:00,1782745200000,147.65,148.797,146.44,148.155,684041.122654,100950515.26482823
2026-06-29 16:00:00+00:00,1782748800000,148.22,149.684,148.032,148.485,580629.2770329999,86336263.907928
2026-06-29 17:00:00+00:00,1782752400000,148.57,151.314,148.542,150.52,906966.173995,136372975.764384
2026-06-29 18:00:00+00:00,1782756000000,150.46,151.115,150.032,151.115,379818.833135,57147351.72407553
2026-06-29 19:00:00+00:00,1782759600000,151.09,151.776,150.27,151.68,1324612.118408,200429708.8605513
2026-06-29 20:00:00+00:00,1782763200000,151.635,151.64,151.25,151.498,964792.11868,146279562.01238865
2026-06-29 21:00:00+00:00,1782766800000,151.499,151.7,151.3,151.7,41346.909715,6269655.19339791
2026-06-29 22:00:00+00:00,1782770400000,151.7,151.9,151.476,151.8,5789.236669,878437.93090205
2026-06-29 23:00:00+00:00,1782774000000,151.8,151.8,151.101,151.21,5920.437165,896219.79285735
2026-06-30 00:00:00+00:00,1782777600000,150.89,151.33,149.55,150.13,7996.0,1201649.79
2026-06-30 01:00:00+00:00,1782781200000,150.07,150.9,149.84,150.7,2988.0,449826.39
2026-06-30 02:00:00+00:00,1782784800000,150.72,151.23,150.26,150.69,3111.0,468848.41
2026-06-30 03:00:00+00:00,1782788400000,150.72,151.23,150.45,150.45,1617.0,243788.88
2026-06-30 04:00:00+00:00,1782792000000,150.65,151.04,150.38,150.61,3725.0,561264.74
2026-06-30 05:00:00+00:00,1782795600000,150.58,150.93,150.27,150.63,5613.0,845210.58
2026-06-30 06:00:00+00:00,1782799200000,150.46,150.55,150.21,150.55,1452.0,218334.16
2026-06-30 07:00:00+00:00,1782802800000,150.56,151.201,150.1,150.15,3025.0,454869.98
2026-06-30 08:00:00+00:00,1782806400000,149.39,151.087,148.615,148.68,37189.86436500001,5573418.11420992
2026-06-30 09:00:00+00:00,1782810000000,149.21,149.9,148.935,149.2,7615.587798,1136576.21597203
2026-06-30 10:00:00+00:00,1782813600000,149.0,149.9,148.961,149.0,22022.497283,3288654.75526604
2026-06-30 11:00:00+00:00,1782817200000,149.4,149.724,148.406,148.69,29643.98921,4419862.4676315
2026-06-30 12:00:00+00:00,1782820800000,147.9,148.547,146.081,146.71,79216.42258299999,11666052.0425955
2026-06-30 13:00:00+00:00,1782824400000,146.31,148.85,144.35,146.83,1369452.0956010004,199591617.3446252
2026-06-30 14:00:00+00:00,1782828000000,146.74,148.093,142.59,143.04,1449906.424838,211192789.87933317
2026-06-30 15:00:00+00:00,1782831600000,143.11,145.655,142.415,145.04,1182020.783707,170159220.34348163
2026-06-30 16:00:00+00:00,1782835200000,145.095,145.861,144.629,145.18,660646.1046300001,95863581.52921988
2026-06-30 17:00:00+00:00,1782838800000,145.24,145.5,144.02,144.59,672244.117905,97213826.90994816
2026-06-30 18:00:00+00:00,1782842400000,144.65,145.217,144.13,144.95,538793.141162,77957171.40501805
2026-06-30 19:00:00+00:00,1782846000000,144.91,146.699,144.69,146.28,1517769.173787,221667000.5163264
2026-06-30 20:00:00+00:00,1782849600000,145.87,146.375,145.558,146.09,1146199.2388319997,167547507.65504968
2026-06-30 21:00:00+00:00,1782853200000,145.925,145.925,145.7,145.779,14096.454721,2054937.47021774
2026-06-30 22:00:00+00:00,1782856800000,145.78,145.78,145.2,145.2,19916.530348,2899988.22603427
2026-06-30 23:00:00+00:00,1782860400000,145.218,145.599,145.2,145.599,7765.401001,1128621.4662859866
2026-07-01 00:00:00+00:00,1782864000000,145.75,146.19,145.34,145.93,1947.0,283871.22
2026-07-01 01:00:00+00:00,1782867600000,145.83,145.95,143.82,145.29,16963.0,2454710.93
2026-07-01 02:00:00+00:00,1782871200000,145.04,146.31,144.51,146.07,7919.0,1153285.8
2026-07-01 03:00:00+00:00,1782874800000,146.16,146.62,145.6,146.32,6491.0,948706.92
2026-07-01 04:00:00+00:00,1782878400000,146.28,146.81,146.2,146.42,4879.0,714464.14
2026-07-01 05:00:00+00:00,1782882000000,146.43,146.65,145.79,146.17,2513.0,367807.93
2026-07-01 06:00:00+00:00,1782885600000,146.03,146.03,144.68,145.2,4754.0,690034.98
2026-07-01 07:00:00+00:00,1782889200000,145.21,145.52,144.7,145.38,9885.0,1434210.71
2026-07-01 08:00:00+00:00,1782892800000,145.97,146.665,145.545,145.97,48060.26065900001,7024016.70736498
2026-07-01 09:00:00+00:00,1782896400000,146.51,146.665,146.32,146.51,5427.0655830000005,795135.65976208
2026-07-01 10:00:00+00:00,1782900000000,145.79,146.5,145.485,145.74,18646.065755,2719808.38135308
2026-07-01 11:00:00+00:00,1782903600000,145.605,146.249,145.4,145.75,20958.111977,3054663.68294853
2026-07-01 12:00:00+00:00,1782907200000,146.01,146.11,144.316,144.78,39693.615633,5760837.64021793
2026-07-01 13:00:00+00:00,1782910800000,144.775,153.66,144.715,153.561,1049327.080907,157220849.69128165
2026-07-01 14:00:00+00:00,1782914400000,153.79,157.38,153.205,156.58,1847433.9474119996,287866788.19894826
2026-07-01 15:00:00+00:00,1782918000000,156.65,163.62,156.49,163.34,1846844.4091139997,297415823.6437185
2026-07-01 16:00:00+00:00,1782921600000,163.35,163.96,162.354,162.56,1038243.629744,169446655.4167325
2026-07-01 17:00:00+00:00,1782925200000,162.84,164.46,162.1,163.14,819382.3457909999,133745240.21819296
2026-07-01 18:00:00+00:00,1782928800000,163.115,163.615,160.731,160.96,961644.179111,156099853.0183722
2026-07-01 19:00:00+00:00,1782932400000,160.92,161.48,159.17,159.32,1906244.994726,305572788.27507305
2026-07-01 20:00:00+00:00,1782936000000,159.02,159.285,157.101,159.01,1962715.70473,312329697.89567155
2026-07-01 21:00:00+00:00,1782939600000,159.7,161.223,158.504,160.23,100273.5402,16072635.18422358
2026-07-01 22:00:00+00:00,1782943200000,161.41,162.521,160.2,161.0,44458.139599,7167576.83266246
2026-07-01 23:00:00+00:00,1782946800000,159.29,160.85,159.154,159.29,20286.500982,3248343.51134118
2026-07-02 00:00:00+00:00,1782950400000,159.11,159.79,158.17,159.12,7349.0,1168948.95
2026-07-02 01:00:00+00:00,1782954000000,159.07,160.99,158.95,160.34,12305.0,1968511.27
2026-07-02 02:00:00+00:00,1782957600000,160.16,160.84,159.88,160.73,4084.0,654901.95
2026-07-02 03:00:00+00:00,1782961200000,160.72,162.01,160.21,161.88,4445.0,716262.09
2026-07-02 04:00:00+00:00,1782964800000,161.89,161.89,160.64,161.02,2885.0,464706.12
2026-07-02 05:00:00+00:00,1782968400000,160.89,161.32,159.89,159.96,4752.0,763218.12
2026-07-02 06:00:00+00:00,1782972000000,159.84,160.1,158.71,158.71,4570.0,728632.45
2026-07-02 07:00:00+00:00,1782975600000,158.62,159.63,158.26,159.07,12381.0,1966444.48
2026-07-02 08:00:00+00:00,1782979200000,159.63,161.55,159.161,161.55,72658.283001,11615109.52557006
2026-07-02 09:00:00+00:00,1782982800000,162.1,164.11,160.915,162.1,24692.841144,4009734.66274787
2026-07-02 10:00:00+00:00,1782986400000,163.39,164.495,162.87,163.39,33188.260978000006,5436104.39515249
2026-07-02 11:00:00+00:00,1782990000000,164.99,165.579,163.946,164.21,81160.156115,13376532.8703279
2026-07-02 12:00:00+00:00,1782993600000,165.28,165.632,164.085,164.94,71194.425358,11743442.14893421
2026-07-02 13:00:00+00:00,1782997200000,165.48,173.0,164.609,170.09,2233050.388125,379771753.23787534
2026-07-02 14:00:00+00:00,1783000800000,169.91,173.08,166.103,167.6,1853735.555159,314451201.33073187
2026-07-02 15:00:00+00:00,1783004400000,167.34,167.806,165.347,165.63,729157.0970970002,121499301.25785372
2026-07-02 16:00:00+00:00,1783008000000,165.622,166.285,163.496,164.919,517801.009282,85319630.86340588
2026-07-02 17:00:00+00:00,1783011600000,164.845,165.129,163.245,163.62,445238.1183030001,73110592.3588151
2026-07-02 18:00:00+00:00,1783015200000,164.29,166.525,163.629,166.515,678201.200801,112191162.3620251
2026-07-02 19:00:00+00:00,1783018800000,166.535,166.68,164.4,165.43,1667571.1549579997,276108093.9821708
2026-07-02 20:00:00+00:00,1783022400000,165.457,166.149,164.902,165.775,1178240.0795199997,194967627.62246063
2026-07-02 21:00:00+00:00,1783026000000,165.775,166.4,165.4,165.499,45302.372918,7503128.50050979
2026-07-02 22:00:00+00:00,1783029600000,165.5,165.9,165.29,165.367,25776.384518,4269762.72278398
2026-07-02 23:00:00+00:00,1783033200000,165.339,165.986,163.872,165.471,12363.308296,2042030.32261871
2026-07-03 00:00:00+00:00,1783036800000,165.472,165.473,165.472,165.473,0.0,0.0
2026-07-06 00:00:00+00:00,1783296000000,171.67,174.45,169.49,170.68,27131.0,4633546.32
2026-07-06 01:00:00+00:00,1783299600000,170.69,170.9,169.18,169.62,9623.0,1639016.9
2026-07-06 02:00:00+00:00,1783303200000,169.88,170.01,168.74,169.43,7256.0,1229006.36
2026-07-06 03:00:00+00:00,1783306800000,169.31,169.58,168.42,168.99,4124.0,697138.39
2026-07-06 04:00:00+00:00,1783310400000,169.13,169.56,168.99,169.31,3125.0,528696.1
2026-07-06 05:00:00+00:00,1783314000000,169.17,169.17,168.08,168.77,3198.0,539542.39
2026-07-06 06:00:00+00:00,1783317600000,168.79,168.89,168.43,168.54,3856.0,650566.24
2026-07-06 07:00:00+00:00,1783321200000,168.6,169.55,168.28,169.41,4569.0,771919.62
2026-07-06 08:00:00+00:00,1783324800000,166.089,170.632,166.089,170.0,49327.160243,8374997.10370968
2026-07-06 09:00:00+00:00,1783328400000,170.0,170.0,168.755,168.76,20607.661198,3491401.47931815
2026-07-06 10:00:00+00:00,1783332000000,168.76,169.705,168.326,168.326,10035.97909,1694917.29623347
2026-07-06 11:00:00+00:00,1783335600000,168.0,168.717,166.94,168.17,36740.923736,6176476.27424285
2026-07-06 12:00:00+00:00,1783339200000,165.47,167.24,163.695,164.99,95896.072637,15864681.85198926
2026-07-06 13:00:00+00:00,1783342800000,163.3,165.496,160.12,164.09,921768.2443220002,149994092.31952646
2026-07-06 14:00:00+00:00,1783346400000,163.94,164.96,162.72,164.43,778323.349766,127302567.08772697
2026-07-06 15:00:00+00:00,1783350000000,164.29,169.697,164.162,169.25,831582.0543109998,138979398.19980732
2026-07-06 16:00:00+00:00,1783353600000,169.32,170.67,168.62,170.076,707027.122336,120043952.92608915
2026-07-06 17:00:00+00:00,1783357200000,170.01,171.63,168.21,168.505,652662.919421,111071154.62144493
2026-07-06 18:00:00+00:00,1783360800000,168.87,169.627,168.35,169.01,436889.065744,73857625.6757533
2026-07-06 19:00:00+00:00,1783364400000,168.98,170.68,168.58,168.85,1178373.2873639998,199776222.29722807
2026-07-06 20:00:00+00:00,1783368000000,168.837,169.635,168.503,169.501,681158.3414339998,115043216.33898324
2026-07-06 21:00:00+00:00,1783371600000,169.5,170.8,169.385,170.7,30474.384789000003,5195693.66533881
2026-07-06 22:00:00+00:00,1783375200000,170.23,170.757,169.9,170.15,30210.829471,5149994.78367716
2026-07-06 23:00:00+00:00,1783378800000,169.984,170.1,169.635,169.875,16563.855369,2813119.06382304
2026-07-07 00:00:00+00:00,1783382400000,169.47,170.31,168.9,169.47,5584.0,946570.51
2026-07-07 01:00:00+00:00,1783386000000,169.19,169.19,168.29,168.29,3291.0,555327.46
2026-07-07 02:00:00+00:00,1783389600000,168.24,168.51,167.33,167.34,6364.0,1069738.72
2026-07-07 03:00:00+00:00,1783393200000,167.32,167.61,165.73,165.9,6478.0,1079996.97
2026-07-07 04:00:00+00:00,1783396800000,165.92,166.7,165.79,166.09,4078.0,677643.22
2026-07-07 05:00:00+00:00,1783400400000,166.1,167.01,165.06,166.64,4424.0,734290.99
2026-07-07 06:00:00+00:00,1783404000000,166.83,167.08,165.81,167.0,4032.0,670638.67
2026-07-07 07:00:00+00:00,1783407600000,167.03,167.61,166.2,166.21,4158.0,694410.66
2026-07-07 08:00:00+00:00,1783411200000,169.316,169.316,165.328,166.19,56447.85424000001,9416574.59646256
2026-07-07 09:00:00+00:00,1783414800000,166.158,168.264,166.0,168.09,17823.964804999996,2981346.86186609
2026-07-07 10:00:00+00:00,1783418400000,167.66,168.245,166.96,167.66,5598.362957,940417.48820723
2026-07-07 11:00:00+00:00,1783422000000,167.117,168.6,166.947,168.6,18775.298403,3146140.4964749636
2026-07-07 12:00:00+00:00,1783425600000,168.65,169.8,168.3,168.43,26332.863694,4448247.40007252
2026-07-07 13:00:00+00:00,1783429200000,167.19,170.08,164.48,165.13,745265.897051,124641622.31934597
2026-07-07 14:00:00+00:00,1783432800000,164.91,165.6,161.71,164.33,784272.8775560003,128170657.71475466
2026-07-07 15:00:00+00:00,1783436400000,164.59,166.09,164.09,166.09,465863.6801809999,76812721.6610757
2026-07-07 16:00:00+00:00,1783440000000,166.09,168.553,166.063,167.31,467684.2655010001,78141341.8378788
2026-07-07 17:00:00+00:00,1783443600000,167.09,167.591,165.49,167.135,361099.6228120001,60155911.15391162
2026-07-07 18:00:00+00:00,1783447200000,167.16,167.366,163.655,163.865,439406.693969,72757619.49742797
2026-07-07 19:00:00+00:00,1783450800000,163.797,164.56,163.176,163.427,605051.241768,99202517.5434521
2026-07-07 20:00:00+00:00,1783454400000,163.449,163.9,163.4,163.824,686485.287039,112213228.26203845
2026-07-07 21:00:00+00:00,1783458000000,163.51,163.9,163.34,163.51,8378.446007999999,1371004.49898528
2026-07-07 22:00:00+00:00,1783461600000,163.53,163.6,162.954,163.53,27555.557602,4502506.46771703
2026-07-07 23:00:00+00:00,1783465200000,163.51,163.6,162.686,162.686,4516.319820000001,737477.08951951
2026-07-08 00:00:00+00:00,1783468800000,162.92,164.32,162.677,164.17,3383.0,553917.02
2026-07-08 01:00:00+00:00,1783472400000,164.32,164.32,162.52,162.85,5101.0,832815.81
2026-07-08 02:00:00+00:00,1783476000000,162.62,163.3,162.03,163.0,1679.0,273145.53
2026-07-08 03:00:00+00:00,1783479600000,163.34,163.62,162.54,162.69,1036.0,169042.75
2026-07-08 04:00:00+00:00,1783483200000,162.7,162.88,161.89,162.48,2843.0,461846.09
2026-07-08 05:00:00+00:00,1783486800000,162.48,162.65,161.02,161.38,7171.0,1159298.72
2026-07-08 06:00:00+00:00,1783490400000,161.47,161.6,160.79,161.04,4261.0,686992.02
2026-07-08 07:00:00+00:00,1783494000000,161.05,162.22,160.64,161.97,3652.0,589736.28
2026-07-08 08:00:00+00:00,1783497600000,160.49,162.53,156.82,158.66,77857.29772999999,12501585.22515496
2026-07-08 09:00:00+00:00,1783501200000,156.4,158.278,156.199,156.4,23001.829106,3615878.33473156
2026-07-08 10:00:00+00:00,1783504800000,158.1,159.055,157.024,158.335,7973.79441,1263064.18475338
2026-07-08 11:00:00+00:00,1783508400000,158.66,159.8,158.0,158.49,24097.602449,3826754.69338683
2026-07-08 12:00:00+00:00,1783512000000,159.26,160.193,158.813,159.26,37657.503184,6001705.9932035
2026-07-08 13:00:00+00:00,1783515600000,159.42,161.47,158.4,159.995,572746.156927,91511032.69455266
2026-07-08 14:00:00+00:00,1783519200000,159.84,160.677,156.28,158.2,889835.4084010003,140919140.38558775
2026-07-08 15:00:00+00:00,1783522800000,158.34,159.01,156.99,158.23,394174.7873379999,62289391.93412996
2026-07-08 16:00:00+00:00,1783526400000,159.27,160.323,158.575,160.03,412593.978758,65941759.91065257
2026-07-08 17:00:00+00:00,1783530000000,159.88,161.07,159.249,159.31,294027.096858,47066064.09973781
2026-07-08 18:00:00+00:00,1783533600000,159.351,160.406,159.11,159.648,309974.529987,49497760.22446211
2026-07-08 19:00:00+00:00,1783537200000,159.97,161.062,159.2,159.36,885382.861147,141639034.6737052
2026-07-08 20:00:00+00:00,1783540800000,158.98,159.924,158.847,159.87,734891.8210750001,117096046.00808416
2026-07-08 21:00:00+00:00,1783544400000,159.671,159.87,159.4,159.75,35569.99602599999,5673620.67212395
2026-07-08 22:00:00+00:00,1783548000000,159.741,159.999,159.506,159.81,21420.801,3422118.6211968
2026-07-08 23:00:00+00:00,1783551600000,159.81,160.0,159.75,159.943,5591.042333,894155.27256429
2026-07-09 00:00:00+00:00,1783555200000,159.82,160.28,159.36,159.62,4096.0,654525.28
2026-07-09 01:00:00+00:00,1783558800000,160.57,160.94,159.27,159.57,2940.0,471114.1
2026-07-09 02:00:00+00:00,1783562400000,159.38,160.15,159.1,159.3,2735.0,436532.85
2026-07-09 03:00:00+00:00,1783566000000,159.21,159.99,158.76,159.58,2162.0,344798.03
2026-07-09 04:00:00+00:00,1783569600000,159.61,160.53,159.61,160.5,2395.0,382866.15
2026-07-09 05:00:00+00:00,1783573200000,160.52,160.93,159.85,160.93,2493.0,399848.87
2026-07-09 06:00:00+00:00,1783576800000,160.94,161.45,160.03,161.0,5165.0,831528.85
2026-07-09 07:00:00+00:00,1783580400000,161.19,161.77,160.88,161.34,6441.0,1039238.76
2026-07-09 08:00:00+00:00,1783584000000,160.198,161.395,160.198,160.835,47687.12746799999,7687727.65594572
2026-07-09 09:00:00+00:00,1783587600000,160.835,160.895,160.835,160.895,3024.05332,486499.11393498
2026-07-09 10:00:00+00:00,1783591200000,159.0,160.82,157.37,159.0,40783.85973999999,6483271.51774468
2026-07-09 11:00:00+00:00,1783594800000,157.0,159.04,157.0,157.0,115090.63550000002,18164156.5296604
2026-07-09 12:00:00+00:00,1783598400000,158.21,159.021,158.2,158.21,20175.200233,3199524.47935077
2026-07-09 13:00:00+00:00,1783602000000,157.79,159.476,154.99,159.08,711604.057214,112116492.59272888
2026-07-09 14:00:00+00:00,1783605600000,158.977,159.879,156.39,159.671,802135.186608,126647605.27106564
2026-07-09 15:00:00+00:00,1783609200000,159.69,160.977,158.78,159.5,618769.5138939999,98923053.4479421
2026-07-09 16:00:00+00:00,1783612800000,159.89,160.71,159.096,159.69,259092.95818600003,41392872.36486609
2026-07-09 17:00:00+00:00,1783616400000,159.99,160.19,159.275,159.56,286579.299932,45759234.47941217
2026-07-09 18:00:00+00:00,1783620000000,159.49,160.74,158.997,159.28,391478.5866669999,62621071.31468796
2026-07-09 19:00:00+00:00,1783623600000,159.33,159.642,158.22,158.41,630880.264943,100167635.53816587
2026-07-09 20:00:00+00:00,1783627200000,158.51,158.8,158.0,158.7,1009419.144735,159894516.07388583
2026-07-09 21:00:00+00:00,1783630800000,158.69,159.0,158.649,158.939,15158.671741,2408066.411785036
2026-07-09 22:00:00+00:00,1783634400000,158.94,159.0,158.725,158.997,7390.789364,1174340.99901937
2026-07-09 23:00:00+00:00,1783638000000,158.998,159.145,158.7,158.875,9160.788618,1454740.56116929
2026-07-10 00:00:00+00:00,1783641600000,158.87,158.87,157.99,158.63,2938.0,465146.7
2026-07-10 01:00:00+00:00,1783645200000,158.52,160.58,158.03,159.8,14219.0,2270487.67
2026-07-10 02:00:00+00:00,1783648800000,159.95,160.66,159.9,160.66,10641.0,1705677.13
2026-07-10 03:00:00+00:00,1783652400000,160.73,160.77,160.31,160.45,2648.0,425049.22
2026-07-10 04:00:00+00:00,1783656000000,160.68,160.94,160.45,160.53,2626.0,421844.41
2026-07-10 05:00:00+00:00,1783659600000,160.51,160.89,160.32,160.59,2177.0,349586.3
2026-07-10 06:00:00+00:00,1783663200000,160.71,160.9,160.11,160.26,1807.0,289943.8
2026-07-10 07:00:00+00:00,1783666800000,160.08,160.34,159.81,160.23,4515.0,722429.47
2026-07-10 08:00:00+00:00,1783670400000,158.875,161.755,158.875,161.585,37897.482356,6073886.34341965
2026-07-10 09:00:00+00:00,1783674000000,162.76,163.219,160.85,162.76,24420.823532,3968344.75063235
2026-07-10 10:00:00+00:00,1783677600000,163.1,165.76,163.1,163.945,107515.585168,17708787.702197153
2026-07-10 11:00:00+00:00,1783681200000,164.99,166.593,163.945,166.0,119691.375462,19819623.0479273
2026-07-10 12:00:00+00:00,1783684800000,165.83,167.78,165.017,165.83,109666.311468,18241148.51866914
2026-07-10 13:00:00+00:00,1783688400000,165.55,167.9,161.35,161.7,1306886.2448679996,215741042.68005836
2026-07-10 14:00:00+00:00,1783692000000,161.54,163.03,159.08,160.08,1100086.51875,177511280.7693225
2026-07-10 15:00:00+00:00,1783695600000,160.3,160.931,159.103,160.0,620813.6880759998,99264135.51574868
2026-07-10 16:00:00+00:00,1783699200000,160.01,161.109,158.901,161.01,485566.594758,77596649.46853486
2026-07-10 17:00:00+00:00,1783702800000,160.9,161.25,158.735,158.75,481948.7850520001,76841576.92454135
2026-07-10 18:00:00+00:00,1783706400000,158.805,160.09,158.765,159.1,510956.27259600005,81505956.25755984
2026-07-10 19:00:00+00:00,1783710000000,159.02,159.91,158.915,159.09,762688.023785,121536243.3101992
2026-07-10 20:00:00+00:00,1783713600000,159.06,159.185,158.51,159.06,429706.1238409999,68346477.8214064
2026-07-10 21:00:00+00:00,1783717200000,159.0,159.085,158.605,159.05,85554.32634,13601944.673151556
2026-07-10 22:00:00+00:00,1783720800000,159.05,159.319,159.01,159.295,8711.567531,1386624.55969304
2026-07-10 23:00:00+00:00,1783724400000,159.295,160.05,159.24,159.725,22880.627374,3648822.771181878
2026-07-13 00:00:00+00:00,1783900800000,158.58,160.12,157.99,158.99,8908.0,1418947.3
2026-07-13 01:00:00+00:00,1783904400000,158.89,158.89,157.47,157.66,3183.0,503401.87
2026-07-13 02:00:00+00:00,1783908000000,157.44,158.02,156.9,157.35,4338.0,682910.45
2026-07-13 03:00:00+00:00,1783911600000,157.26,157.26,156.04,156.2,1678.0,262806.87
2026-07-13 04:00:00+00:00,1783915200000,156.25,156.4,155.71,156.21,3050.0,476351.74
2026-07-13 05:00:00+00:00,1783918800000,156.31,156.79,155.77,156.12,2814.0,439769.67
2026-07-13 06:00:00+00:00,1783922400000,156.34,156.71,156.12,156.36,3020.0,472331.41
2026-07-13 07:00:00+00:00,1783926000000,156.4,156.8,156.17,156.61,6591.0,1031046.62
2026-07-13 08:00:00+00:00,1783929600000,159.197,159.197,156.09,157.616,37769.49534800001,5915681.20142631
2026-07-13 09:00:00+00:00,1783933200000,157.614,157.614,156.87,156.909,5320.385746,836652.47214006
2026-07-13 10:00:00+00:00,1783936800000,156.912,156.925,156.825,156.825,8329.652242,1306578.42213221
2026-07-13 11:00:00+00:00,1783940400000,156.788,157.715,156.604,157.102,17841.159699,2806806.92616608
2026-07-13 12:00:00+00:00,1783944000000,157.15,157.35,156.336,157.15,31402.639999,4928983.49635504
2026-07-13 13:00:00+00:00,1783947600000,156.7,161.03,155.648,157.341,909523.806663,143337679.89515528
2026-07-13 14:00:00+00:00,1783951200000,157.37,161.01,156.875,158.46,1106258.0692830002,175204396.10334364
2026-07-13 15:00:00+00:00,1783954800000,158.25,158.893,157.125,157.78,386524.2884780001,61058391.49743502
2026-07-13 16:00:00+00:00,1783958400000,157.69,158.043,155.307,156.2,433217.4097369999,67754856.308939
2026-07-13 17:00:00+00:00,1783962000000,156.49,157.08,154.05,154.05,370154.92152300006,57640043.17816359
2026-07-13 18:00:00+00:00,1783965600000,154.15,157.46,154.04,156.12,453016.628911,70506602.09045023
2026-07-13 19:00:00+00:00,1783969200000,156.31,157.645,155.66,157.375,909563.649386,142534172.19704747
2026-07-13 20:00:00+00:00,1783972800000,157.17,157.405,156.655,157.17,862250.1444989999,135702134.8914549
2026-07-13 21:00:00+00:00,1783976400000,156.815,157.195,156.465,156.6,27009.148812,4235269.51331626
2026-07-13 22:00:00+00:00,1783980000000,156.583,156.989,156.265,156.4,5901.321961,924575.45506697
2026-07-13 23:00:00+00:00,1783983600000,156.4,157.099,156.1,157.099,12182.208994,1906110.0400015
2026-07-14 00:00:00+00:00,1783987200000,156.89,158.01,156.51,158.0,3902.0,613515.72
2026-07-14 01:00:00+00:00,1783990800000,157.82,158.02,157.4,157.4,3180.0,501579.91
2026-07-14 02:00:00+00:00,1783994400000,157.37,157.61,156.78,157.33,1672.0,262819.62
2026-07-14 03:00:00+00:00,1783998000000,157.4,157.41,156.21,156.99,3541.0,554326.66
2026-07-14 04:00:00+00:00,1784001600000,157.32,158.07,157.27,158.07,3123.0,491797.89
2026-07-14 05:00:00+00:00,1784005200000,157.99,158.49,157.95,158.1,2090.0,330685.51
2026-07-14 06:00:00+00:00,1784008800000,158.1,158.13,157.75,157.75,1725.0,272485.93
2026-07-14 07:00:00+00:00,1784012400000,157.62,157.84,157.36,157.61,2947.0,464340.14
2026-07-14 08:00:00+00:00,1784016000000,157.143,157.775,157.143,157.775,25316.768698,3987054.35691132
2026-07-14 09:00:00+00:00,1784019600000,157.775,158.44,157.775,158.44,5228.572926,826701.1681903
2026-07-14 10:00:00+00:00,1784023200000,158.44,158.65,157.815,158.33,12398.290188,1962145.96617877
2026-07-14 11:00:00+00:00,1784026800000,157.65,158.242,155.8,155.8,34027.60761299999,5329509.38993166
2026-07-14 12:00:00+00:00,1784030400000,156.51,161.82,156.175,161.82,123487.860177,19708353.76459876
2026-07-14 13:00:00+00:00,1784034000000,161.43,161.88,157.43,160.61,671229.5539930004,107001710.04635517
2026-07-14 14:00:00+00:00,1784037600000,160.165,160.46,157.459,160.2,754080.2549580003,119687090.21075533
2026-07-14 15:00:00+00:00,1784041200000,160.185,160.185,157.367,158.035,1028056.9838839996,162849777.75493848
2026-07-14 16:00:00+00:00,1784044800000,158.63,162.01,158.483,162.01,889091.8486200001,142096793.0668851
2026-07-14 17:00:00+00:00,1784048400000,161.97,162.246,160.3,160.98,607112.67373,98039832.96235853
2026-07-14 18:00:00+00:00,1784052000000,160.955,162.25,160.49,160.49,581203.3019259999,93875899.20675732
2026-07-14 19:00:00+00:00,1784055600000,160.725,161.625,159.46,161.6,1035001.210433,166542458.7712582
2026-07-14 20:00:00+00:00,1784059200000,161.57,161.745,160.945,161.285,1419749.3350979995,229271202.85190415
2026-07-14 21:00:00+00:00,1784062800000,161.51,161.764,161.205,161.51,9531.382321,1538758.75269926
2026-07-14 22:00:00+00:00,1784066400000,161.99,162.285,161.385,162.26,18126.63223,2933617.78542965
2026-07-14 23:00:00+00:00,1784070000000,162.87,163.25,161.69,162.87,22369.273503,3639854.3658056
2026-07-15 00:00:00+00:00,1784073600000,163.12,163.39,161.78,162.49,4428.0,719694.28
2026-07-15 01:00:00+00:00,1784077200000,162.34,162.39,161.82,162.1,1899.0,307700.89
2026-07-15 02:00:00+00:00,1784080800000,162.06,162.29,161.58,161.83,2735.0,442825.77
2026-07-15 03:00:00+00:00,1784084400000,161.83,162.71,161.83,162.52,4043.0,656340.87
2026-07-15 04:00:00+00:00,1784088000000,162.53,162.91,162.31,162.36,3084.0,501569.76
2026-07-15 05:00:00+00:00,1784091600000,162.55,163.33,162.21,163.28,4795.0,780675.88
2026-07-15 06:00:00+00:00,1784095200000,163.27,163.9,163.01,163.34,8485.0,1387708.11
2026-07-15 07:00:00+00:00,1784098800000,163.08,163.38,162.22,162.37,6724.0,1094759.96
2026-07-15 08:00:00+00:00,1784102400000,162.899,162.899,161.995,162.376,46769.45384200001,7589176.38214289
2026-07-15 09:00:00+00:00,1784106000000,162.383,162.855,162.383,162.47,6095.539319,990874.41374048
2026-07-15 10:00:00+00:00,1784109600000,162.47,162.905,161.928,162.25,4751.0153,771747.32370752
2026-07-15 11:00:00+00:00,1784113200000,162.25,162.44,162.05,162.25,16004.577135,2596504.17195444
2026-07-15 12:00:00+00:00,1784116800000,163.99,164.198,161.601,163.99,37886.868871,6178632.25103844
2026-07-15 13:00:00+00:00,1784120400000,164.03,167.16,160.384,161.5,996605.83148,163643474.8136812
2026-07-15 14:00:00+00:00,1784124000000,162.0,164.83,161.553,162.5,753982.0309449999,122987890.1272803
2026-07-15 15:00:00+00:00,1784127600000,163.06,164.835,162.0,163.843,966255.198727,158100176.17098954
2026-07-15 16:00:00+00:00,1784131200000,163.98,164.99,161.793,164.99,515121.795542,83999417.34582686
2026-07-15 17:00:00+00:00,1784134800000,164.89,166.99,164.81,165.15,687331.65743,114105784.24542937
2026-07-15 18:00:00+00:00,1784138400000,165.0,168.473,164.821,165.75,1019156.8018200002,170081779.04037035
2026-07-15 19:00:00+00:00,1784142000000,166.07,167.844,165.68,167.18,1005748.478231,167953458.4994685
2026-07-15 20:00:00+00:00,1784145600000,167.21,167.361,166.605,167.25,1699655.6660499997,284188546.1239577
2026-07-15 21:00:00+00:00,1784149200000,167.25,167.3,166.55,166.945,17489.370625,2921992.8138785004
2026-07-15 22:00:00+00:00,1784152800000,166.945,166.995,166.682,166.85,6157.365103000001,1027382.22836898
2026-07-15 23:00:00+00:00,1784156400000,166.842,167.2,166.1,166.37,4941.438577000001,823008.45445193
2026-07-16 00:00:00+00:00,1784160000000,166.74,167.24,166.01,166.31,3332.0,555021.49
2026-07-16 01:00:00+00:00,1784163600000,166.15,166.58,165.58,166.4,6362.0,1056397.15
2026-07-16 02:00:00+00:00,1784167200000,166.4,166.71,166.12,166.71,1373.0,228483.25
2026-07-16 03:00:00+00:00,1784170800000,166.5,166.87,166.35,166.87,982.0,163592.44
2026-07-16 04:00:00+00:00,1784174400000,166.86,166.88,166.2,166.21,1386.0,230591.3
2026-07-16 05:00:00+00:00,1784178000000,166.3,167.36,166.19,166.95,1638.0,273322.51
2026-07-16 06:00:00+00:00,1784181600000,167.2,167.2,166.11,166.8,3630.0,604494.76
2026-07-16 07:00:00+00:00,1784185200000,166.76,166.76,164.53,164.88,4878.0,807248.91
2026-07-16 08:00:00+00:00,1784188800000,164.01,166.998,163.653,164.9,37401.865226,6183945.85254987
2026-07-16 09:00:00+00:00,1784192400000,164.77,165.375,164.601,164.601,4476.635327,738959.98408202
2026-07-16 10:00:00+00:00,1784196000000,164.6,164.75,164.6,164.75,4269.669825,702947.76581344
2026-07-16 11:00:00+00:00,1784199600000,164.75,165.092,163.385,164.2,27181.326382,4471570.1036438
2026-07-16 12:00:00+00:00,1784203200000,164.2,164.2,162.9,163.1,27868.625548,4551796.54506761
2026-07-16 13:00:00+00:00,1784206800000,163.24,166.0,159.67,161.71,720220.6707539997,116894839.79019132
2026-07-16 14:00:00+00:00,1784210400000,161.532,164.75,161.028,163.783,975480.911603,159370219.18102628
2026-07-16 15:00:00+00:00,1784214000000,163.385,164.703,162.49,164.45,397097.6219030001,64903859.07050899
2026-07-16 16:00:00+00:00,1784217600000,164.76,165.261,162.03,164.33,540069.548352,88561468.65003832
2026-07-16 17:00:00+00:00,1784221200000,163.965,164.192,161.331,161.36,544275.446235,88529558.12771091
2026-07-16 18:00:00+00:00,1784224800000,161.78,163.23,160.115,162.86,959293.336198,154670030.26321298
2026-07-16 19:00:00+00:00,1784228400000,163.12,163.12,159.53,160.48,1154472.556747,185736278.26694
2026-07-16 20:00:00+00:00,1784232000000,160.474,161.175,160.205,160.35,1172537.432668,188120703.5807944
2026-07-16 21:00:00+00:00,1784235600000,160.35,160.974,160.125,160.525,56977.166045,9125662.33384836
2026-07-16 22:00:00+00:00,1784239200000,160.46,161.0,160.2,160.46,4298.726596,690521.2181492
2026-07-16 23:00:00+00:00,1784242800000,160.65,160.65,159.5,159.7,6376.683628999999,1019576.87279789
2026-07-17 00:00:00+00:00,1784246400000,159.96,160.13,159.14,160.13,5004.0,798732.44
2026-07-17 01:00:00+00:00,1784250000000,160.14,160.31,158.51,158.59,12751.0,2033196.51
2026-07-17 02:00:00+00:00,1784253600000,158.6,159.0,158.17,158.72,5180.0,821647.88
2026-07-17 03:00:00+00:00,1784257200000,158.77,159.4,158.66,158.7,4118.0,654778.31
2026-07-17 04:00:00+00:00,1784260800000,158.47,158.62,157.86,158.58,6123.0,968539.32
2026-07-17 05:00:00+00:00,1784264400000,158.58,158.59,156.76,157.1,8582.0,1350719.94
2026-07-17 06:00:00+00:00,1784268000000,157.11,157.53,156.71,156.98,10530.0,1654102.43
2026-07-17 07:00:00+00:00,1784271600000,157.09,157.17,156.2,156.36,12504.0,1959103.02
2026-07-17 08:00:00+00:00,1784275200000,159.162,159.162,153.625,154.895,96200.82680500002,15006136.09132762
2026-07-17 09:00:00+00:00,1784278800000,154.871,156.08,154.25,155.24,45075.579268,6984241.959438462
2026-07-17 10:00:00+00:00,1784282400000,155.49,156.145,155.24,155.81,21463.952963,3338758.66490528
2026-07-17 11:00:00+00:00,1784286000000,155.24,156.056,155.24,155.24,25811.874481000003,4015473.29619828
2026-07-17 12:00:00+00:00,1784289600000,155.1,155.967,154.01,154.01,34665.045908,5365705.39397078
2026-07-17 13:00:00+00:00,1784293200000,154.01,158.88,152.868,158.46,1200812.3855830005,186275060.66365448
2026-07-17 14:00:00+00:00,1784296800000,157.54,159.052,156.51,156.74,1028134.044223,162238729.67115405
2026-07-17 15:00:00+00:00,1784300400000,156.51,157.019,154.62,156.69,698115.7329719999,108764616.09613186
2026-07-17 16:00:00+00:00,1784304000000,156.913,159.004,156.606,158.592,567214.518213,89318427.55464022
2026-07-17 17:00:00+00:00,1784307600000,158.65,160.781,158.578,159.915,589661.737069,94296818.07451586
2026-07-17 18:00:00+00:00,1784311200000,159.61,159.874,156.57,157.95,529649.92368,83709157.76791403
2026-07-17 19:00:00+00:00,1784314800000,157.64,157.958,156.51,157.1,1082723.351738,170160477.14213857
2026-07-17 20:00:00+00:00,1784318400000,156.69,157.6,156.65,156.69,717185.4817949999,112655136.88761768
2026-07-17 21:00:00+00:00,1784322000000,157.1,157.418,157.071,157.146,5288.645419,831927.72331309
2026-07-17 22:00:00+00:00,1784325600000,157.145,157.145,157.051,157.125,3543.643807,556803.18355563
2026-07-17 23:00:00+00:00,1784329200000,157.125,157.36,156.975,157.175,6272.31027,985681.801415096
2026-07-20 00:00:00+00:00,1784505600000,159.39,159.39,157.52,157.67,11001.0,1742882.07
2026-07-20 01:00:00+00:00,1784509200000,157.66,158.6,157.49,157.72,2631.0,416335.25
2026-07-20 02:00:00+00:00,1784512800000,158.09,158.83,157.74,158.61,5315.0,842323.59
2026-07-20 03:00:00+00:00,1784516400000,158.61,158.8,158.32,158.63,1588.0,251847.66
2026-07-20 04:00:00+00:00,1784520000000,158.68,158.81,158.31,158.43,938.0,148760.71
2026-07-20 05:00:00+00:00,1784523600000,158.41,158.43,157.23,157.23,1653.0,260786.86
2026-07-20 06:00:00+00:00,1784527200000,157.37,157.4,156.85,156.96,1915.0,300791.77
2026-07-20 07:00:00+00:00,1784530800000,157.06,158.28,156.96,158.27,2451.0,385969.02
2026-07-20 08:00:00+00:00,1784534400000,157.175,158.06,156.665,156.902,18964.933833,2989903.36798793
2026-07-20 09:00:00+00:00,1784538000000,156.901,157.935,156.895,157.49,5909.622156,931064.39187242
2026-07-20 10:00:00+00:00,1784541600000,157.49,158.005,157.301,157.64,4763.282182999999,751154.83408433
2026-07-20 11:00:00+00:00,1784545200000,157.64,160.275,157.64,159.979,54982.002367,8744293.67084579
2026-07-20 12:00:00+00:00,1784548800000,159.64,159.978,158.48,159.0,25740.498566,4097972.31535247
2026-07-20 13:00:00+00:00,1784552400000,157.99,159.36,155.755,156.43,697586.9108930002,109959299.34893292
2026-07-20 14:00:00+00:00,1784556000000,156.315,158.12,155.15,158.12,470742.692696,73808594.1246527
2026-07-20 15:00:00+00:00,1784559600000,158.3,162.595,158.047,162.42,657090.914699,105412824.35421504
2026-07-20 16:00:00+00:00,1784563200000,162.61,163.145,161.59,161.91,554188.525658,89931330.93311991
2026-07-20 17:00:00+00:00,1784566800000,161.837,163.9,161.571,163.82,599090.131628,97462252.423294
2026-07-20 18:00:00+00:00,1784570400000,163.99,164.68,160.253,160.485,684382.395617,111263125.77623595
2026-07-20 19:00:00+00:00,1784574000000,160.64,160.76,159.105,160.57,906729.211675,145173512.54780692
2026-07-20 20:00:00+00:00,1784577600000,160.48,160.76,159.887,160.0,1196607.074093,192095402.0682012
2026-07-20 21:00:00+00:00,1784581200000,160.5,161.11,160.37,160.98,9237.827953,1485428.87810047
2026-07-20 22:00:00+00:00,1784584800000,160.24,160.98,160.2,160.24,18988.0,3045737.8604
2026-07-20 23:00:00+00:00,1784588400000,160.714,161.3,160.6,161.016,8274.581678999999,1332044.64105992
2026-07-21 00:00:00+00:00,1784592000000,161.03,162.24,160.51,162.19,4623.0,745946.23
2026-07-21 01:00:00+00:00,1784595600000,162.0,162.51,161.52,161.54,5153.0,834881.61
2026-07-21 02:00:00+00:00,1784599200000,161.58,162.35,161.2,162.35,3867.0,625161.5
2026-07-21 03:00:00+00:00,1784602800000,162.27,162.75,162.17,162.6,5066.0,823106.46
2026-07-21 04:00:00+00:00,1784606400000,162.75,163.25,162.75,162.82,4474.0,729072.23
2026-07-21 05:00:00+00:00,1784610000000,162.9,163.34,162.75,162.77,5372.0,875596.87
2026-07-21 06:00:00+00:00,1784613600000,162.96,163.97,162.52,163.72,14563.0,2378004.0
2026-07-21 07:00:00+00:00,1784617200000,163.97,164.61,163.49,164.3,8743.0,1433931.65
2026-07-21 08:00:00+00:00,1784620800000,166.07,166.709,161.669,165.92,116480.096921,19207474.79819536
2026-07-21 09:00:00+00:00,1784624400000,166.485,166.755,166.485,166.685,21035.665665,3505833.48966083
2026-07-21 10:00:00+00:00,1784628000000,166.685,166.685,165.615,165.82,18979.462177,3160697.28499125
2026-07-21 11:00:00+00:00,1784631600000,165.69,165.82,164.99,165.3,46635.106363,7715493.87360954
2026-07-21 12:00:00+00:00,1784635200000,167.0,169.255,165.15,168.56,130859.919953,21888938.81053831
2026-07-21 13:00:00+00:00,1784638800000,167.24,177.29,167.0,176.465,2725680.0950800003,473350327.4878971
2026-07-21 14:00:00+00:00,1784642400000,176.446,180.57,175.79,177.959,3393734.261449,606648707.2782719
2026-07-21 15:00:00+00:00,1784646000000,177.78,180.6,176.58,180.6,1265609.6153130005,226200128.44758496
2026-07-21 16:00:00+00:00,1784649600000,180.63,181.47,178.18,179.41,1129783.251646,202967255.83308136
2026-07-21 17:00:00+00:00,1784653200000,179.63,180.14,177.77,178.285,738042.5497300002,132133381.37177134
2026-07-21 18:00:00+00:00,1784656800000,178.44,179.19,175.65,176.135,1089335.551383,193596932.05889705
2026-07-21 19:00:00+00:00,1784660400000,176.08,177.055,175.43,175.8,2190732.421741999,386129733.72655773
2026-07-21 20:00:00+00:00,1784664000000,176.01,176.775,175.685,176.01,1619292.045236,284803675.78338003
2026-07-21 21:00:00+00:00,1784667600000,176.775,176.798,175.81,176.37,47253.401332,8335416.475400739
2026-07-21 22:00:00+00:00,1784671200000,176.49,176.77,175.98,176.49,17304.956575,3052147.87195037
2026-07-21 23:00:00+00:00,1784674800000,176.76,177.751,176.375,176.76,16339.468206,2890420.88065181
2026-07-22 00:00:00+00:00,1784678400000,177.71,177.91,176.77,176.97,6924.0,1227621.02
2026-07-22 01:00:00+00:00,1784682000000,177.15,177.18,175.99,176.45,3719.0,656813.05
2026-07-22 02:00:00+00:00,1784685600000,176.59,176.93,175.81,176.04,6135.0,1080918.03
2026-07-22 03:00:00+00:00,1784689200000,175.94,176.39,175.51,175.8,2766.0,486581.25
2026-07-22 04:00:00+00:00,1784692800000,175.81,176.49,175.81,175.86,3368.0,593337.2
2026-07-22 05:00:00+00:00,1784696400000,176.13,176.13,174.1,174.37,6984.0,1221250.83
2026-07-22 06:00:00+00:00,1784700000000,174.31,174.47,173.73,174.19,7818.0,1361098.93
2026-07-22 07:00:00+00:00,1784703600000,174.17,174.38,173.0,173.52,11599.0,2016935.0
2026-07-22 08:00:00+00:00,1784707200000,177.094,177.094,174.006,174.835,77536.44858,13529166.95161404
2026-07-22 09:00:00+00:00,1784710800000,173.82,174.835,173.82,173.82,9820.033238,1711534.57505434
2026-07-22 10:00:00+00:00,1784714400000,174.31,175.175,173.935,174.32,9081.243899,1585746.8309068
2026-07-22 11:00:00+00:00,1784718000000,174.18,174.999,173.4,174.18,30986.144109,5392571.33573426
2026-07-22 12:00:00+00:00,1784721600000,173.599,173.845,171.9,172.307,41527.456829,7177834.03933692
2026-07-22 13:00:00+00:00,1784725200000,172.16,174.86,171.505,173.91,804640.058997,139306689.7021034
2026-07-22 14:00:00+00:00,1784728800000,173.75,174.8,168.44,169.18,1293138.2579219996,221124961.02492663
2026-07-22 15:00:00+00:00,1784732400000,169.311,171.21,169.175,169.866,859927.612675,146287598.5520855
2026-07-22 16:00:00+00:00,1784736000000,169.88,172.358,169.48,170.62,537019.180707,91685069.91443384
2026-07-22 17:00:00+00:00,1784739600000,170.61,170.76,167.99,168.02,632144.5452340001,106902912.2613396
2026-07-22 18:00:00+00:00,1784743200000,168.02,168.165,166.362,167.3,600455.5630490002,100487259.25070736
2026-07-22 19:00:00+00:00,1784746800000,167.255,167.728,166.06,166.06,1304667.935312,217282790.08349228
2026-07-22 20:00:00+00:00,1784750400000,166.51,167.194,165.929,166.5,971256.276315,161329843.89790964
2026-07-22 21:00:00+00:00,1784754000000,166.95,166.95,166.44,166.95,19996.883117000005,3334204.30277274
2026-07-22 22:00:00+00:00,1784757600000,166.85,167.1,166.653,166.899,10249.891077,1710018.02807093
2026-07-22 23:00:00+00:00,1784761200000,167.01,167.02,166.6,167.01,7709.378409,1285856.4760912
2026-07-23 00:00:00+00:00,1784764800000,166.67,167.94,166.59,167.77,2615.0,438111.21
2026-07-23 01:00:00+00:00,1784768400000,167.75,168.25,167.54,167.92,8004.0,1343586.34
2026-07-23 02:00:00+00:00,1784772000000,167.72,167.79,167.11,167.74,3811.0,638236.01
2026-07-23 03:00:00+00:00,1784775600000,167.55,167.7,166.96,167.68,2987.0,500052.16
2026-07-23 04:00:00+00:00,1784779200000,167.55,168.1,167.22,167.74,3599.0,603661.9
2026-07-23 05:00:00+00:00,1784782800000,167.86,168.11,167.34,167.34,5059.0,849002.56
2026-07-23 06:00:00+00:00,1784786400000,167.54,167.9,167.42,167.51,1989.0,333550.11
2026-07-23 07:00:00+00:00,1784790000000,167.5,167.59,166.58,166.62,9410.0,1570281.94
2026-07-23 08:00:00+00:00,1784793600000,167.053,167.968,166.975,167.57,47355.325827,7918932.7994965
2026-07-23 09:00:00+00:00,1784797200000,167.23,167.62,167.23,167.23,4470.984528,749208.24253839
2026-07-23 10:00:00+00:00,1784800800000,167.23,167.595,167.23,167.23,6695.058209,1121906.30271601
2026-07-23 11:00:00+00:00,1784804400000,165.98,167.57,165.8,165.98,15388.861837,2563016.47783853
2026-07-23 12:00:00+00:00,1784808000000,164.99,166.722,162.969,164.04,52682.55043399999,8661959.57725741
2026-07-23 13:00:00+00:00,1784811600000,163.99,165.53,161.23,162.646,885096.705184,144649699.7765786
2026-07-23 14:00:00+00:00,1784815200000,162.39,163.765,160.256,160.31,722244.779399,117077612.12804846
2026-07-23 15:00:00+00:00,1784818800000,160.23,160.896,158.9,160.45,692427.5219609998,110680661.79134284
2026-07-23 16:00:00+00:00,1784822400000,160.31,162.912,160.057,162.82,339645.273758,54908447.50134069
2026-07-23 17:00:00+00:00,1784826000000,162.73,164.33,162.649,162.75,498738.3688839999,81549259.3084286
2026-07-23 18:00:00+00:00,1784829600000,163.01,163.337,162.202,162.58,357465.3259969999,58164184.09588465
2026-07-23 19:00:00+00:00,1784833200000,162.69,162.832,160.385,161.15,1290856.170127,208403565.24232364
2026-07-23 20:00:00+00:00,1784836800000,161.136,162.585,161.105,162.03,794648.306641,128115942.1624468
2026-07-23 21:00:00+00:00,1784840400000,162.03,162.26,161.7,162.055,9495.048125,1538261.41307244
2026-07-23 22:00:00+00:00,1784844000000,162.055,162.299,161.8,162.175,4688.889499999999,759832.19903025
2026-07-23 23:00:00+00:00,1784847600000,162.175,162.175,161.7,161.9,13959.519569,2258724.25171792
2026-07-24 00:00:00+00:00,1784851200000,162.36,163.01,161.36,162.24,4798.0,777644.42
2026-07-24 01:00:00+00:00,1784854800000,162.25,162.85,162.25,162.52,2617.0,425296.19
2026-07-24 02:00:00+00:00,1784858400000,162.49,162.74,161.64,161.76,4282.0,693389.44
2026-07-24 03:00:00+00:00,1784862000000,161.76,162.54,161.75,162.35,3763.0,610746.03
2026-07-24 04:00:00+00:00,1784865600000,162.39,162.39,162.05,162.21,837.0,135789.36
2026-07-24 05:00:00+00:00,1784869200000,162.21,162.37,161.94,162.09,839.0,136113.09
2026-07-24 06:00:00+00:00,1784872800000,162.07,162.35,161.81,162.2,2602.0,421721.39
2026-07-24 07:00:00+00:00,1784876400000,162.53,163.7,162.5,162.95,3452.0,563094.87
2026-07-24 08:00:00+00:00,1784880000000,161.9,163.5,161.9,163.326,24796.023855,4042659.42283809
2026-07-24 09:00:00+00:00,1784883600000,163.325,163.325,162.251,163.03,4859.286762,790563.19445389
2026-07-24 10:00:00+00:00,1784887200000,163.03,163.03,162.8,162.8,4678.823068000001,762129.27860576
2026-07-24 11:00:00+00:00,1784890800000,161.84,162.92,161.84,161.84,11350.748625,1841937.05774756
2026-07-24 12:00:00+00:00,1784894400000,162.36,162.786,160.865,162.36,26077.620884,4218188.17385351
2026-07-24 13:00:00+00:00,1784898000000,160.25,161.5,154.98,156.23,961152.968989,151356218.1773862
2026-07-24 14:00:00+00:00,1784901600000,156.44,157.29,153.79,156.11,888310.0975369998,138033706.5771866
2026-07-24 15:00:00+00:00,1784905200000,156.22,158.515,155.568,157.74,641388.6372590001,100841687.10440904
2026-07-24 16:00:00+00:00,1784908800000,157.515,158.88,156.99,157.66,313405.4531160001,49518813.76541549
2026-07-24 17:00:00+00:00,1784912400000,157.58,160.181,157.425,158.98,502516.6729659999,79914774.23677729
2026-07-24 18:00:00+00:00,1784916000000,158.95,159.084,157.483,157.92,359410.541508,56877616.71999477
2026-07-24 19:00:00+00:00,1784919600000,157.875,158.395,156.985,158.33,1198538.134302,188922424.88868716
2026-07-24 20:00:00+00:00,1784923200000,158.33,158.551,158.119,158.345,660231.576607,104533871.31576736
2026-07-24 21:00:00+00:00,1784926800000,158.345,158.45,158.301,158.45,7025.826497,1112733.53861127
2026-07-24 22:00:00+00:00,1784930400000,158.45,158.45,157.64,157.64,5524.998151,874476.26484712
2026-07-24 23:00:00+00:00,1784934000000,157.64,158.125,157.575,157.85,11536.32993,1819480.82429168
2026-07-27 00:00:00+00:00,1785110400000,162.53,162.59,160.67,161.34,16638.0,2691309.22
2026-07-27 01:00:00+00:00,1785114000000,161.34,161.56,160.42,161.1,5813.0,935051.35
2026-07-27 02:00:00+00:00,1785117600000,161.1,161.54,160.77,161.12,2317.0,373284.09
2026-07-27 03:00:00+00:00,1785121200000,161.14,161.73,161.13,161.49,2057.0,331986.14
2026-07-27 04:00:00+00:00,1785124800000,161.44,162.12,161.3,161.88,1962.0,317240.2
2026-07-27 05:00:00+00:00,1785128400000,161.8,162.48,161.8,162.48,2615.0,424353.91
2026-07-27 06:00:00+00:00,1785132000000,162.48,163.32,162.39,162.91,3513.0,572113.02
2026-07-27 07:00:00+00:00,1785135600000,162.83,163.24,162.32,162.48,8562.0,1394389.1
2026-07-27 08:00:00+00:00,1785139200000,157.85,163.071,157.85,162.655,49240.73864499999,7992677.91167457
2026-07-27 09:00:00+00:00,1785142800000,162.01,162.655,162.01,162.01,15892.546604,2579725.84240109
2026-07-27 10:00:00+00:00,1785146400000,162.64,162.64,162.375,162.64,7533.371064999999,1223320.02045794
2026-07-27 11:00:00+00:00,1785150000000,162.01,162.596,161.35,162.01,32287.143799,5227127.14533911
2026-07-27 12:00:00+00:00,1785153600000,161.94,162.5,161.375,162.25,21619.524402000003,3498609.80368781
2026-07-27 13:00:00+00:00,1785157200000,162.34,167.8,161.415,165.475,1332948.8874409995,219820466.57966885
2026-07-27 14:00:00+00:00,1785160800000,165.155,167.01,160.57,162.515,934858.0876089996,152992985.01213694
2026-07-27 15:00:00+00:00,1785164400000,162.53,163.815,161.636,162.48,992700.276318,161520397.7667118
2026-07-27 16:00:00+00:00,1785168000000,162.58,166.39,162.17,165.01,593565.2508030001,97749156.49358918
2026-07-27 17:00:00+00:00,1785171600000,164.69,167.29,164.632,167.23,531218.019512,88152921.12611689
2026-07-27 18:00:00+00:00,1785175200000,167.27,167.443,165.37,166.795,488697.955516,81221844.55573696
2026-07-27 19:00:00+00:00,1785178800000,166.93,167.72,166.145,167.51,1140101.3213840004,190728576.1455187
2026-07-27 20:00:00+00:00,1785182400000,167.69,167.703,167.04,167.69,921809.7596830002,154444063.10023245
2026-07-27 21:00:00+00:00,1785186000000,167.475,167.7,167.116,167.25,9784.380024,1638089.16236205
2026-07-27 22:00:00+00:00,1785189600000,167.25,167.355,165.0,165.0,21792.505965,3625678.7908167606
2026-07-27 23:00:00+00:00,1785193200000,165.0,165.075,164.023,164.645,12389.017702,2039160.45744653
2026-07-28 00:00:00+00:00,1785196800000,164.51,165.13,163.09,163.39,6309.0,1034402.3
2026-07-28 01:00:00+00:00,1785200400000,163.3,163.41,161.88,162.55,10818.0,1759545.72
2026-07-28 02:00:00+00:00,1785204000000,162.56,162.72,162.01,162.42,5854.0,950933.35
2026-07-28 03:00:00+00:00,1785207600000,162.4,163.67,162.06,163.07,3061.0,498951.16
2026-07-28 04:00:00+00:00,1785211200000,163.15,163.15,162.58,162.73,2798.0,455966.67
2026-07-28 05:00:00+00:00,1785214800000,162.7,163.0,162.25,162.55,4388.0,713848.59
2026-07-28 06:00:00+00:00,1785218400000,162.52,163.3,162.11,162.99,5117.0,831927.81
2026-07-28 07:00:00+00:00,1785222000000,163.13,163.36,162.72,162.89,3698.0,603116.89
2026-07-28 08:00:00+00:00,1785225600000,163.22,164.364,161.812,163.23,39307.646986,6403070.25572555
2026-07-28 09:00:00+00:00,1785229200000,163.22,163.525,162.105,163.22,5098.913154000001,832703.50717974
2026-07-28 10:00:00+00:00,1785232800000,162.22,163.11,161.91,162.21,6185.952539,1005260.58925527
2026-07-28 11:00:00+00:00,1785236400000,162.896,163.16,161.9,162.729,16006.372434,2599546.92788864
2026-07-28 12:00:00+00:00,1785240000000,162.75,163.383,162.35,162.75,17583.552034,2863491.99886812
2026-07-28 13:00:00+00:00,1785243600000,162.48,163.293,158.867,161.18,838721.7786190001,135037728.98912922
2026-07-28 14:00:00+00:00,1785247200000,161.84,165.193,160.8,163.7,855785.3458769999,139603407.6875691
2026-07-28 15:00:00+00:00,1785250800000,163.67,168.13,162.47,165.705,609152.769428,101083358.7963748
2026-07-28 16:00:00+00:00,1785254400000,166.26,168.055,165.329,168.03,452413.2146400002,75308613.22633152
2026-07-28 17:00:00+00:00,1785258000000,167.97,168.05,165.928,166.67,360536.5057229999,60162762.76364757
2026-07-28 18:00:00+00:00,1785261600000,167.01,167.373,164.89,165.275,405150.89513500006,67159676.07169522
2026-07-28 19:00:00+00:00,1785265200000,165.305,167.98,165.05,167.87,918681.198779,153028585.7416529
2026-07-28 20:00:00+00:00,1785268800000,168.01,168.01,166.102,168.01,507575.2223479999,85190359.41092137
2026-07-28 21:00:00+00:00,1785272400000,167.615,167.615,167.166,167.459,12099.615101,2026380.61911695
2026-07-28 22:00:00+00:00,1785276000000,167.35,167.68,166.041,167.35,5606.835948000001,937193.8423801
2026-07-28 23:00:00+00:00,1785279600000,166.62,167.88,165.97,167.88,9879.950955,1647362.27433969
2026-07-29 00:00:00+00:00,1785283200000,167.67,168.73,167.056,167.74,5035.0,845420.61
2026-07-29 01:00:00+00:00,1785286800000,167.82,167.82,166.46,166.47,3630.0,606200.93
2026-07-29 02:00:00+00:00,1785290400000,166.4,167.38,165.76,165.76,5584.0,929539.97
2026-07-29 03:00:00+00:00,1785294000000,165.94,166.2,163.84,164.12,10609.0,1749956.6
2026-07-29 04:00:00+00:00,1785297600000,164.0,165.4,163.4,165.4,14020.0,2304830.26
2026-07-29 05:00:00+00:00,1785301200000,165.35,166.42,165.02,166.14,8384.0,1389382.68
2026-07-29 06:00:00+00:00,1785304800000,166.02,167.47,165.55,167.42,4517.0,752516.49
2026-07-29 07:00:00+00:00,1785308400000,167.49,168.17,167.33,168.05,8636.0,1449357.61
2026-07-29 08:00:00+00:00,1785312000000,168.09,168.11,167.005,168.11,84570.45385,14153161.44838598
2026-07-29 09:00:00+00:00,1785315600000,168.075,168.62,167.276,168.62,16347.277834,2745722.987512056
2026-07-29 10:00:00+00:00,1785319200000,168.62,168.7,167.301,167.695,10504.122408,1765190.45994614
2026-07-29 11:00:00+00:00,1785322800000,167.695,168.25,167.2,167.5,12314.118503,2066763.47577616
2026-07-29 12:00:00+00:00,1785326400000,167.517,167.66,166.201,166.403,17082.203952,2847533.3617622
2026-07-29 13:00:00+00:00,1785330000000,166.23,169.52,165.066,168.095,776748.4116840004,130285952.9627866
2026-07-29 14:00:00+00:00,1785333600000,168.41,169.49,164.31,165.49,1142638.7275520002,189853880.87380227
2026-07-29 15:00:00+00:00,1785337200000,165.525,165.96,163.17,164.056,922189.884274,151916795.10011548
2026-07-29 16:00:00+00:00,1785340800000,164.26,164.93,163.18,164.59,354741.527796,58149018.39140364
2026-07-29 17:00:00+00:00,1785344400000,164.715,165.132,163.795,164.11,326798.48448600003,53728023.7985867
2026-07-29 18:00:00+00:00,1785348000000,165.01,166.614,162.823,166.26,758007.243139,124972350.97342968
2026-07-29 19:00:00+00:00,1785351600000,166.13,166.44,158.766,160.26,1597786.956727,257204714.03130287
2026-07-29 20:00:00+00:00,1785355200000,160.99,161.176,157.802,158.0,990377.2520420002,158618325.49842072
2026-07-29 21:00:00+00:00,1785358800000,157.48,158.185,157.4,157.48,28717.851424,4527665.07086327
2026-07-29 22:00:00+00:00,1785362400000,158.097,159.624,158.097,159.125,19841.681432,3156246.02791039
2026-07-29 23:00:00+00:00,1785366000000,159.78,160.444,159.129,159.78,13708.220267,2189996.48259336
2026-07-30 00:00:00+00:00,1785369600000,160.05,161.05,158.99,158.99,1000.0,159752.0
2026-07-30 01:00:00+00:00,1785373200000,159.53,161.63,159.45,161.0,7165.0,1150836.35
2026-07-30 02:00:00+00:00,1785376800000,161.09,161.39,160.22,160.22,3692.0,593831.51
2026-07-30 03:00:00+00:00,1785380400000,160.27,160.89,160.11,160.31,4365.0,700857.51
2026-07-30 04:00:00+00:00,1785384000000,160.43,160.47,160.0,160.0,2390.0,383203.64
2026-07-30 05:00:00+00:00,1785387600000,159.83,160.69,159.77,159.99,1306.0,209216.71
2026-07-30 06:00:00+00:00,1785391200000,160.11,160.56,159.81,159.92,3770.0,603892.98
2026-07-30 07:00:00+00:00,1785394800000,160.17,160.79,159.82,159.97,3150.0,504905.14
2026-07-30 08:00:00+00:00,1785398400000,159.751,162.015,159.751,161.5,29233.888352,4691533.33422751
2026-07-30 09:00:00+00:00,1785402000000,161.5,162.205,161.445,161.56,7865.815893,1272778.68178858
2026-07-30 10:00:00+00:00,1785405600000,161.56,162.565,161.061,162.54,19369.682056,3138347.55453673
2026-07-30 11:00:00+00:00,1785409200000,162.54,163.022,162.3,162.301,24149.950206000005,3925424.67629402
2026-07-30 12:00:00+00:00,1785412800000,162.3,162.8,161.824,162.3,52446.565187,8512999.682741331
2026-07-30 13:00:00+00:00,1785416400000,162.74,164.77,159.588,163.57,877367.0755629999,142254893.8444639
2026-07-30 14:00:00+00:00,1785420000000,163.71,163.736,159.34,161.35,1345016.851,216499023.4009938
2026-07-30 15:00:00+00:00,1785423600000,161.295,162.124,159.77,161.55,573972.160599,92458133.29844174
2026-07-30 16:00:00+00:00,1785427200000,161.67,163.65,161.652,163.38,528201.4103679999,85955800.11341573
2026-07-30 17:00:00+00:00,1785430800000,163.356,163.74,162.844,162.881,572658.745759,93517207.64155208
2026-07-30 18:00:00+00:00,1785434400000,162.84,163.14,161.802,162.53,420704.628927,68312965.88359395
2026-07-30 19:00:00+00:00,1785438000000,163.71,163.77,163.5,163.5,1561977.019255,255937099.37582225
2026-07-30 20:00:00+00:00,1785441600000,164.49,164.534,152.99,153.74,2040776.6534199992,327411186.0807762
2026-07-30 21:00:00+00:00,1785445200000,154.01,154.772,151.37,151.99,235250.44456099995,35999481.57948049
2026-07-30 22:00:00+00:00,1785448800000,153.86,155.35,153.744,154.81,97249.99260199998,15011878.4080166
2026-07-30 23:00:00+00:00,1785452400000,155.41,155.582,154.903,155.34,34070.7136,5286452.80703232
2026-07-31 00:00:00+00:00,1785456000000,155.39,156.01,154.26,155.98,25.0,3877.5
2026-07-31 01:00:00+00:00,1785459600000,156.01,156.61,155.13,155.43,21656.0,3372928.01
2026-07-31 02:00:00+00:00,1785463200000,155.57,155.6,154.88,155.17,9081.0,1409438.87
2026-07-31 03:00:00+00:00,1785466800000,155.16,155.83,154.96,155.59,3649.0,567589.57
2026-07-31 04:00:00+00:00,1785470400000,155.59,155.64,155.03,155.36,3109.0,482987.67
2026-07-31 05:00:00+00:00,1785474000000,155.4,155.79,155.32,155.72,4335.0,674367.67
2026-07-31 06:00:00+00:00,1785477600000,155.79,156.2,155.44,155.73,4293.0,669298.71
2026-07-31 07:00:00+00:00,1785481200000,155.73,156.15,155.7,155.91,6252.0,975204.99
2026-07-31 08:00:00+00:00,1785484800000,155.74,157.228,155.1,155.74,58347.89785499999,9127396.67019636
2026-07-31 09:00:00+00:00,1785488400000,156.46,156.95,155.211,155.211,38618.042141,6043094.1209796
2026-07-31 10:00:00+00:00,1785492000000,154.24,156.205,154.24,155.1,43244.341891,6715625.74952866
2026-07-31 11:00:00+00:00,1785495600000,154.23,155.668,154.004,155.04,70043.123943,10853819.44739573
2026-07-31 12:00:00+00:00,1785499200000,153.49,154.755,152.838,152.99,122752.91492,18831119.59325797
2026-07-31 13:00:00+00:00,1785502800000,155.28,155.389,142.5,142.86,3862388.091772999,567664061.3404887
2026-07-31 14:00:00+00:00,1785506400000,142.76,143.49,139.12,142.295,3993755.365992,563249703.0298034
2026-07-31 15:00:00+00:00,1785510000000,142.297,142.67,139.85,141.489,3090465.486931,435439711.927826
2026-07-31 16:00:00+00:00,1785513600000,141.39,144.34,141.37,144.083,1976337.065,283119500.86223614
2026-07-31 17:00:00+00:00,1785517200000,144.062,148.565,144.05,147.939,2603970.745839,381477979.529151
2026-07-31 18:00:00+00:00,1785520800000,147.938,151.01,147.92,150.447,2473420.190838,370068014.28148776
2026-07-31 19:00:00+00:00,1785524400000,150.5,151.6,146.06,146.265,3419642.027137,509535553.1126836
2026-07-31 20:00:00+00:00,1785528000000,145.21,146.79,144.502,146.29,1582064.899723,231209450.9116081
2026-07-31 21:00:00+00:00,1785531600000,146.199,146.425,145.725,145.933,34743.293307,5077216.163155448
2026-07-31 22:00:00+00:00,1785535200000,145.74,146.325,145.5,145.74,29668.971155,4326777.37528654
2026-07-31 23:00:00+00:00,1785538800000,146.3,146.3,145.56,145.82,13899.082047,2027390.99269386
2026-08-01 00:00:00+00:00,1785542400000,145.825,146.21,145.825,146.21,2.6811,391.845026
2026-08-01 01:00:00+00:00,1785546000000,146.11,146.11,145.49,145.49,2.7137,395.644037
2026-08-01 03:00:00+00:00,1785553200000,145.51,146.25,145.49,146.25,2.5839,377.620816
2026-08-01 04:00:00+00:00,1785556800000,146.25,146.25,146.25,146.25,3.4188,499.9995
2026-08-01 05:00:00+00:00,1785560400000,146.25,146.25,145.74,146.25,3.5978,525.975783
2026-08-01 07:00:00+00:00,1785567600000,146.25,146.25,146.25,146.25,6.7689,989.951625
2026-08-01 10:00:00+00:00,1785578400000,146.18,146.18,145.45,145.45,1.0653,155.305597
2026-08-01 11:00:00+00:00,1785582000000,145.66,146.16,145.66,146.16,1.2642,184.615046
2026-08-01 13:00:00+00:00,1785589200000,145.86,146.08,145.22,145.26,13.2083,1919.922375
2026-08-01 14:00:00+00:00,1785592800000,145.29,146.19,145.29,146.19,8.1348,1184.115293
2026-08-01 15:00:00+00:00,1785596400000,146.2,146.25,146.2,146.25,11.9152,1742.5697
2026-08-01 16:00:00+00:00,1785600000000,146.25,146.25,146.25,146.25,3.49,510.4125
2026-08-01 17:00:00+00:00,1785603600000,146.25,146.25,145.43,145.43,4.1306,601.278164
2026-08-01 18:00:00+00:00,1785607200000,145.42,145.42,144.16,144.16,49.3768,7153.573546
2026-08-01 19:00:00+00:00,1785610800000,144.33,144.45,144.33,144.45,1.0,144.335796
2026-08-01 20:00:00+00:00,1785614400000,144.27,144.27,144.24,144.24,2.4257,349.919688
2026-08-01 21:00:00+00:00,1785618000000,144.35,144.35,144.35,144.35,0.8933,128.947855
2026-08-02 01:00:00+00:00,1785632400000,144.37,144.45,144.37,144.45,1.5325,221.296697
2026-08-02 02:00:00+00:00,1785636000000,144.35,145.42,144.35,145.42,38.5052,5580.613075
2026-08-02 03:00:00+00:00,1785639600000,145.42,146.34,144.52,146.14,25.5482,3704.171174
2026-08-02 04:00:00+00:00,1785643200000,146.18,146.73,146.18,146.73,21.262,3114.192564
2026-08-02 05:00:00+00:00,1785646800000,146.6,146.6,146.6,146.6,1.1867,173.97022
2026-08-02 06:00:00+00:00,1785650400000,146.79,146.79,146.66,146.66,1.892,277.5679
2026-08-02 07:00:00+00:00,1785654000000,146.8,146.82,146.8,146.82,2.3658,347.323098
2026-08-02 08:00:00+00:00,1785657600000,146.85,146.85,146.85,146.85,0.57,83.7045
2026-08-02 09:00:00+00:00,1785661200000,146.89,146.98,146.86,146.98,4.0688,597.719109
2026-08-02 10:00:00+00:00,1785664800000,146.99,147.03,146.87,147.03,1.2239,179.891387
2026-08-02 11:00:00+00:00,1785668400000,146.91,147.03,146.86,147.03,4.7619,699.62062
2026-08-02 12:00:00+00:00,1785672000000,146.86,146.86,146.17,146.17,6.066,888.096642
2026-08-02 13:00:00+00:00,1785675600000,146.53,146.53,146.45,146.45,0.2929,42.901205
2026-08-02 14:00:00+00:00,1785679200000,146.45,146.98,146.45,146.98,1.4281,209.505804
2026-08-02 15:00:00+00:00,1785682800000,146.94,146.94,146.94,146.94,0.1723,25.317762
2026-08-02 16:00:00+00:00,1785686400000,146.82,146.93,146.81,146.92,0.4861,71.394132
2026-08-02 17:00:00+00:00,1785690000000,146.94,146.94,146.94,146.94,0.0681,10.006614
2026-08-02 22:00:00+00:00,1785708000000,146.41,146.41,146.35,146.35,4.0309,590.069529
2026-08-02 23:00:00+00:00,1785711600000,146.33,146.33,145.58,145.58,3.0359,443.500607
2026-08-03 00:00:00+00:00,1785715200000,148.68,148.99,147.49,148.17,18281.0,2706528.28
2026-08-03 01:00:00+00:00,1785718800000,148.19,148.21,147.5,147.94,6913.0,1021602.45
2026-08-03 02:00:00+00:00,1785722400000,147.84,148.1,147.7,147.71,9410.0,1391487.0
2026-08-03 03:00:00+00:00,1785726000000,147.75,147.8,147.17,147.32,10748.0,1585080.28
2026-08-03 04:00:00+00:00,1785729600000,147.3,147.49,147.0,147.01,5235.0,771092.32
2026-08-03 05:00:00+00:00,1785733200000,146.99,147.28,146.69,147.2,4796.0,704786.6
2026-08-03 06:00:00+00:00,1785736800000,146.99,147.08,146.26,146.27,4264.0,625627.03
2026-08-03 07:00:00+00:00,1785740400000,146.33,146.76,146.15,146.3,6884.0,1007922.15
2026-08-03 08:00:00+00:00,1785744000000,145.849,146.758,144.585,145.71,64317.726928,9407413.03380584
2026-08-03 09:00:00+00:00,1785747600000,145.71,145.75,143.547,144.99,37418.198181,5422345.93480507
2026-08-03 10:00:00+00:00,1785751200000,144.45,144.99,143.605,144.45,25569.95528,3694766.48612099
2026-08-03 11:00:00+00:00,1785754800000,144.39,145.35,143.764,144.39,40156.952923,5811678.87052354
2026-08-03 12:00:00+00:00,1785758400000,144.005,144.536,143.67,144.265,72115.805931,10382930.2650229
2026-08-03 13:00:00+00:00,1785762000000,144.43,147.17,141.19,146.65,1589926.6198500004,227919001.81607527
2026-08-03 14:00:00+00:00,1785765600000,146.77,149.91,144.688,149.91,1645567.7572630008,241798080.6844681
2026-08-03 15:00:00+00:00,1785769200000,150.01,150.203,147.371,149.16,937799.364292,139631198.0679102
2026-08-03 16:00:00+00:00,1785772800000,148.965,151.17,148.551,151.17,709456.9705,106293468.31110084
2026-08-03 17:00:00+00:00,1785776400000,151.11,152.289,150.32,152.129,987768.243972,149763241.62874323
2026-08-03 18:00:00+00:00,1785780000000,152.129,152.377,150.075,150.65,934134.414487,141347876.9008084
2026-08-03 19:00:00+00:00,1785783600000,150.646,151.157,146.46,146.562,2573252.096147,382354452.0407848
2026-08-03 20:00:00+00:00,1785787200000,146.29,147.925,146.213,147.8,650786.2100050002,95416907.45989212
2026-08-03 21:00:00+00:00,1785790800000,147.5,148.125,147.5,147.95,15847.012285,2342693.93541489
2026-08-03 22:00:00+00:00,1785794400000,147.957,147.99,147.3,147.895,12507.066789,1847517.64123082
2026-08-03 23:00:00+00:00,1785798000000,147.71,147.944,147.513,147.71,11098.275289,1639398.38172757
2026-08-04 00:00:00+00:00,1785801600000,147.4,148.09,146.99,146.99,8374.0,1234048.62
2026-08-04 01:00:00+00:00,1785805200000,147.06,148.51,146.87,148.21,5406.0,798408.21
2026-08-04 02:00:00+00:00,1785808800000,148.21,148.47,147.91,148.36,2790.0,413557.28
2026-08-04 03:00:00+00:00,1785812400000,148.35,148.35,147.66,148.16,3129.0,463148.64
2026-08-04 04:00:00+00:00,1785816000000,148.17,149.02,147.93,148.97,3630.0,539260.78
2026-08-04 05:00:00+00:00,1785819600000,148.69,148.71,148.35,148.45,1875.0,278391.35
2026-08-04 06:00:00+00:00,1785823200000,148.45,148.65,147.9,148.09,3117.0,462090.54
2026-08-04 07:00:00+00:00,1785826800000,147.98,148.06,147.28,147.8,15452.0,2282210.68
2026-08-04 08:00:00+00:00,1785830400000,147.86,148.519,147.501,147.86,56197.414235,8319622.55610926
2026-08-04 09:00:00+00:00,1785834000000,146.56,147.496,146.42,146.56,17281.816546000002,2536701.07261468
2026-08-04 10:00:00+00:00,1785837600000,146.975,147.394,146.2,147.295,13523.448567,1988086.23086924
2026-08-04 11:00:00+00:00,1785841200000,147.295,148.0,147.0,147.962,65866.109938,9709295.517623184
2026-08-04 12:00:00+00:00,1785844800000,147.52,147.975,147.395,147.52,29074.256432,4294648.54776566
2026-08-04 13:00:00+00:00,1785848400000,147.21,151.79,145.7,146.16,1116944.667839,165690029.30550653
2026-08-04 14:00:00+00:00,1785852000000,146.34,149.67,145.989,149.375,1261312.7986290008,186173426.8847565
2026-08-04 15:00:00+00:00,1785855600000,149.44,151.76,148.45,151.71,864608.300777,129735340.13988964
2026-08-04 16:00:00+00:00,1785859200000,151.674,151.884,149.341,150.282,994537.365094,150065397.42579758
2026-08-04 17:00:00+00:00,1785862800000,150.282,151.687,150.188,150.936,759015.260441,114546523.82509102
2026-08-04 18:00:00+00:00,1785866400000,150.932,151.794,150.643,151.679,614342.658048,92965138.55788884
2026-08-04 19:00:00+00:00,1785870000000,151.679,152.856,150.71,150.71,1504109.606736,228286154.79360348
2026-08-04 20:00:00+00:00,1785873600000,150.0,151.436,149.71,150.0,924182.66544,139323956.29094213
2026-08-04 21:00:00+00:00,1785877200000,150.75,151.01,150.0,150.6,33873.269799999995,5106100.72490274
2026-08-04 22:00:00+00:00,1785880800000,150.6,151.189,150.6,150.85,5669.392175,855203.4312124
2026-08-04 23:00:00+00:00,1785884400000,150.85,151.288,150.85,150.875,16785.227642,2535660.6090495517
2026-08-05 00:00:00+00:00,1785888000000,150.98,151.81,150.59,150.68,3910.0,590354.88
2026-08-05 01:00:00+00:00,1785891600000,150.59,151.58,150.25,151.29,6049.0,910937.93
2026-08-05 02:00:00+00:00,1785895200000,151.37,152.04,151.37,151.81,5364.0,814060.63
2026-08-05 03:00:00+00:00,1785898800000,151.6,152.23,151.11,151.62,3339.0,506411.7
2026-08-05 04:00:00+00:00,1785902400000,151.65,151.91,151.44,151.91,1226.0,185973.73
2026-08-05 05:00:00+00:00,1785906000000,151.71,152.6,151.71,152.33,2818.0,429418.99
2026-08-05 06:00:00+00:00,1785909600000,152.46,152.58,152.17,152.39,4904.0,747372.66
2026-08-05 07:00:00+00:00,1785913200000,152.44,152.45,151.61,151.78,3320.0,504233.7
2026-08-05 08:00:00+00:00,1785916800000,151.069,152.201,150.831,150.97,37510.33139500001,5692106.51542904
2026-08-05 09:00:00+00:00,1785920400000,150.97,150.97,150.81,150.81,3342.999177,504579.59237951
2026-08-05 10:00:00+00:00,1785924000000,153.29,154.284,150.81,152.99,51154.226713,7802600.23933793
2026-08-05 11:00:00+00:00,1785927600000,152.77,153.599,151.261,151.603,68847.93125,10486098.014322191
2026-08-05 12:00:00+00:00,1785931200000,152.31,153.349,151.121,151.6,83875.58230499999,12774184.08458565
2026-08-05 13:00:00+00:00,1785934800000,151.44,153.96,147.88,153.01,1085915.060872,163664014.17384174
2026-08-05 14:00:00+00:00,1785938400000,152.835,153.164,149.616,150.47,776133.7219719999,117705490.96613
2026-08-05 15:00:00+00:00,1785942000000,150.725,151.071,148.99,149.479,664046.205384,99698903.0093354
2026-08-05 16:00:00+00:00,1785945600000,149.47,151.9,149.465,150.95,543874.1228560001,82091707.45493723
2026-08-05 17:00:00+00:00,1785949200000,151.14,153.071,150.147,152.36,576136.3708720002,87333689.39226924
2026-08-05 18:00:00+00:00,1785952800000,152.295,152.48,149.65,150.04,554441.836985,83931128.06187081
2026-08-05 19:00:00+00:00,1785956400000,150.052,152.44,149.785,149.854,1582469.474568,238915469.16413373
2026-08-05 20:00:00+00:00,1785960000000,150.01,150.283,149.263,150.01,1190376.99087,178295260.881004
2026-08-05 21:00:00+00:00,1785963600000,149.55,149.915,149.51,149.55,9520.689357,1425710.85431459
2026-08-05 22:00:00+00:00,1785967200000,149.595,150.152,149.595,149.936,7618.551998999999,1142222.07442287
2026-08-05 23:00:00+00:00,1785970800000,149.935,150.2,149.761,150.113,5106.509581,766378.31945402
2026-08-06 00:00:00+00:00,1785974400000,150.11,150.59,149.64,149.77,6479.0,971987.38
2026-08-06 01:00:00+00:00,1785978000000,149.74,149.88,149.14,149.74,2341.0,350006.89
2026-08-06 02:00:00+00:00,1785981600000,149.61,150.19,149.57,150.17,1674.0,251001.96
2026-08-06 03:00:00+00:00,1785985200000,150.02,150.04,149.71,150.0,1324.0,198524.16
2026-08-06 04:00:00+00:00,1785988800000,149.89,150.6,149.8,150.49,2318.0,348107.56
2026-08-06 05:00:00+00:00,1785992400000,150.46,150.97,150.4,150.62,1934.0,291294.52
2026-08-06 06:00:00+00:00,1785996000000,150.71,150.71,150.08,150.43,1574.0,236742.22
2026-08-06 07:00:00+00:00,1785999600000,150.41,150.82,150.02,150.15,3072.0,462064.28
2026-08-06 08:00:00+00:00,1786003200000,150.224,151.294,149.775,150.76,22915.294753999995,3445981.40134124
2026-08-06 09:00:00+00:00,1786006800000,150.76,151.419,150.125,150.615,4907.553746,738932.82131209
2026-08-06 10:00:00+00:00,1786010400000,150.615,150.9,150.185,150.785,4021.556785,606030.51049397
2026-08-06 11:00:00+00:00,1786014000000,149.99,150.785,149.438,149.81,18971.160267,2842295.27640645
2026-08-06 12:00:00+00:00,1786017600000,148.96,149.6,148.257,148.91,43596.155203,6485760.77301063
2026-08-06 13:00:00+00:00,1786021200000,147.8,149.199,146.0,147.66,644320.3691680001,95307675.71121982
2026-08-06 14:00:00+00:00,1786024800000,147.732,149.881,147.277,149.404,819886.235664,121792970.30356364
2026-08-06 15:00:00+00:00,1786028400000,149.49,150.56,147.918,148.72,461570.5303239999,68824274.04902828
2026-08-06 16:00:00+00:00,1786032000000,148.7,148.707,147.395,148.11,360637.255992,53316431.60722928
2026-08-06 17:00:00+00:00,1786035600000,148.52,148.822,146.848,147.12,526576.5841880001,77683789.81657732
2026-08-06 18:00:00+00:00,1786039200000,147.035,148.753,146.18,146.435,616552.10871,90725334.52062216
2026-08-06 19:00:00+00:00,1786042800000,145.56,145.59,145.22,145.335,1831674.288664,267581119.6822924
2026-08-06 20:00:00+00:00,1786046400000,145.61,146.097,145.343,145.61,1007026.160194,146477594.34671435
2026-08-06 21:00:00+00:00,1786050000000,145.91,146.119,145.877,146.0,20256.866021,2957330.25570482
2026-08-06 22:00:00+00:00,1786053600000,146.26,146.399,145.965,146.26,10853.027428,1585955.06865913
2026-08-06 23:00:00+00:00,1786057200000,145.97,146.199,145.97,145.97,9358.524845,1366956.67489486
2026-08-07 00:00:00+00:00,1786060800000,146.27,146.35,145.5,146.11,1.0,146.125
2026-08-07 01:00:00+00:00,1786064400000,146.1,146.37,145.87,146.26,4624.0,675877.99
2026-08-07 02:00:00+00:00,1786068000000,146.44,146.59,145.86,146.25,1847.0,270021.79
2026-08-07 03:00:00+00:00,1786071600000,146.2,146.2,145.9,145.9,1546.0,225825.91
2026-08-07 04:00:00+00:00,1786075200000,145.9,146.09,145.57,145.76,1812.0,264345.45
2026-08-07 05:00:00+00:00,1786078800000,145.78,146.24,145.77,146.0,2857.0,416767.32
2026-08-07 06:00:00+00:00,1786082400000,146.14,146.33,146.0,146.14,2863.0,418537.97
2026-08-07 07:00:00+00:00,1786086000000,146.13,146.38,145.81,145.81,5238.0,765484.5
2026-08-07 08:00:00+00:00,1786089600000,146.125,147.2,146.125,146.88,35294.400119,5168294.193292747
2026-08-07 09:00:00+00:00,1786093200000,146.88,147.624,146.81,147.39,17830.158305,2626323.343867578
2026-08-07 10:00:00+00:00,1786096800000,147.39,147.53,147.241,147.255,14605.280799000002,2152952.75835595
2026-08-07 11:00:00+00:00,1786100400000,147.56,148.26,147.255,147.75,47216.279193,6981427.3712445
2026-08-07 12:00:00+00:00,1786104000000,148.35,149.72,147.725,149.61,88928.979501,13239141.75104827
2026-08-07 13:00:00+00:00,1786107600000,149.351,151.37,145.62,149.181,440268.416116,65117941.19111859
2026-08-07 14:00:00+00:00,1786111200000,148.99,155.24,148.49,153.47,1917736.3139420005,292016968.67568207
2026-08-07 15:00:00+00:00,1786114800000,152.99,153.311,151.674,151.72,654546.808665,99765500.93927236
2026-08-07 16:00:00+00:00,1786118400000,151.91,153.487,151.62,152.69,547849.5466,83571654.30114233
2026-08-07 17:00:00+00:00,1786122000000,152.32,152.546,150.56,152.17,551650.7699799997,83493667.9983209
2026-08-07 18:00:00+00:00,1786125600000,152.227,153.7,151.59,152.069,967035.822945,147473365.9400055
2026-08-07 19:00:00+00:00,1786129200000,152.385,154.132,152.091,153.62,1521582.8235100005,233559463.768291
2026-08-07 20:00:00+00:00,1786132800000,154.11,154.123,153.251,154.11,1020773.484253,156824798.93828642
2026-08-07 21:00:00+00:00,1786136400000,154.0,154.125,153.807,153.94,103415.379169,15929701.687214
2026-08-07 22:00:00+00:00,1786140000000,153.95,154.064,153.85,153.95,6990.637177999998,1076100.93774056
2026-08-07 23:00:00+00:00,1786143600000,153.85,154.115,153.751,154.021,17227.748815,2651676.771900363
2026-08-08 01:00:00+00:00,1786150800000,154.06,154.06,154.06,154.06,0.1363,20.998378
2026-08-08 03:00:00+00:00,1786158000000,153.83,154.32,153.81,154.32,0.5152,79.316778
2026-08-08 07:00:00+00:00,1786172400000,154.33,154.33,154.33,154.33,0.1295,19.985735
2026-08-08 08:00:00+00:00,1786176000000,154.33,154.33,154.33,154.33,0.0993,15.324969
2026-08-08 09:00:00+00:00,1786179600000,154.33,154.33,154.33,154.33,2.5918,399.992494
2026-08-08 11:00:00+00:00,1786186800000,154.35,154.35,154.35,154.35,0.1381,21.315735
2026-08-08 13:00:00+00:00,1786194000000,154.22,154.22,154.19,154.19,0.7081,109.190216
2026-08-08 17:00:00+00:00,1786208400000,154.19,154.43,154.19,154.43,2.9863,461.138663
2026-08-08 19:00:00+00:00,1786215600000,154.44,154.44,154.32,154.32,1.3743,212.138106
2026-08-09 07:00:00+00:00,1786258800000,154.44,154.44,154.44,154.44,0.1295,19.99998
2026-08-09 13:00:00+00:00,1786280400000,154.44,154.74,154.44,154.74,9.2379,1427.471766
2026-08-09 16:00:00+00:00,1786291200000,154.77,154.95,154.77,154.95,68.3957,10586.530499
2026-08-09 17:00:00+00:00,1786294800000,155.01,155.01,154.87,154.87,19.0068,2944.839115
2026-08-09 19:00:00+00:00,1786302000000,155.0,155.0,155.0,155.0,0.129,19.995
2026-08-09 22:00:00+00:00,1786312800000,155.0,155.0,154.71,154.77,40.5471,6277.594711
2026-08-10 00:00:00+00:00,1786320000000,153.94,155.7,153.88,154.48,10707.0,1654962.89
2026-08-10 01:00:00+00:00,1786323600000,154.31,155.02,154.05,154.59,8672.0,1339391.28
2026-08-10 02:00:00+00:00,1786327200000,154.51,154.79,154.15,154.69,2321.0,358473.48
2026-08-10 03:00:00+00:00,1786330800000,154.72,154.81,154.43,154.44,980.0,151577.65
2026-08-10 04:00:00+00:00,1786334400000,154.49,154.73,154.35,154.49,1622.0,250744.8
2026-08-10 05:00:00+00:00,1786338000000,154.61,154.9,154.61,154.9,1696.0,262534.37
2026-08-10 06:00:00+00:00,1786341600000,154.85,155.32,154.66,155.3,9264.0,1435125.05
2026-08-10 07:00:00+00:00,1786345200000,155.16,155.47,155.01,155.01,4896.0,760140.05
2026-08-10 08:00:00+00:00,1786348800000,154.023,156.215,154.023,155.69,51707.047742,8037302.13537829
2026-08-10 09:00:00+00:00,1786352400000,155.69,155.84,154.685,154.73,9370.823658,1455661.87286899
2026-08-10 10:00:00+00:00,1786356000000,154.73,155.421,154.575,155.421,10030.136637,1551978.08704797
2026-08-10 11:00:00+00:00,1786359600000,154.79,155.422,154.7,154.91,16765.227938999997,2599527.38851326
2026-08-10 12:00:00+00:00,1786363200000,155.41,155.545,153.607,154.66,35746.567483,5525207.52423413
2026-08-10 13:00:00+00:00,1786366800000,153.635,154.12,149.656,149.674,936339.058615,141872863.3203122
2026-08-10 14:00:00+00:00,1786370400000,149.655,151.29,148.965,149.369,1091787.192397,163928971.38624465
2026-08-10 15:00:00+00:00,1786374000000,149.42,149.98,147.99,149.58,990615.0636010004,147471774.84171095
2026-08-10 16:00:00+00:00,1786377600000,149.705,150.8,149.067,149.485,455091.407342,68162953.86371449
2026-08-10 17:00:00+00:00,1786381200000,149.43,149.747,148.84,149.22,350878.0235820001,52412299.50915419
2026-08-10 18:00:00+00:00,1786384800000,149.23,149.5,148.46,148.51,391866.4088050001,58326375.95255823
2026-08-10 19:00:00+00:00,1786388400000,148.61,149.713,148.47,148.58,808677.126066,120475505.22562358
2026-08-10 20:00:00+00:00,1786392000000,148.646,149.375,148.646,149.15,1328307.614559,197759548.6482648
2026-08-10 21:00:00+00:00,1786395600000,149.2,149.2,149.0,149.2,8758.145707,1305949.87754961
2026-08-10 22:00:00+00:00,1786399200000,149.03,149.37,148.707,149.03,9175.337036,1366930.70121884
2026-08-10 23:00:00+00:00,1786402800000,148.65,149.0,148.623,148.85,6628.879903,986220.88800069
2026-08-11 00:00:00+00:00,1786406400000,148.96,149.22,148.52,149.07,1001.0,149100.98
2026-08-11 01:00:00+00:00,1786410000000,149.09,149.24,148.89,149.1,3807.0,567709.75
2026-08-11 02:00:00+00:00,1786413600000,149.16,149.34,149.1,149.14,1804.0,269185.03
2026-08-11 03:00:00+00:00,1786417200000,149.24,149.51,149.24,149.25,1133.0,169177.8
2026-08-11 04:00:00+00:00,1786420800000,149.25,149.49,149.22,149.3,1007.0,150438.04
2026-08-11 05:00:00+00:00,1786424400000,149.49,149.49,148.98,148.98,1821.0,271578.5
2026-08-11 06:00:00+00:00,1786428000000,148.99,149.25,148.71,148.78,3141.0,467696.06
2026-08-11 07:00:00+00:00,1786431600000,148.8,148.98,148.5,148.57,5436.0,808749.03
2026-08-11 08:00:00+00:00,1786435200000,148.775,149.02,148.54,148.821,20987.120072,3125433.40180235
2026-08-11 09:00:00+00:00,1786438800000,148.838,149.75,148.838,149.75,4485.3898850000005,670515.55144079
2026-08-11 10:00:00+00:00,1786442400000,149.75,149.75,149.161,149.705,4799.35345,718177.64993473
2026-08-11 11:00:00+00:00,1786446000000,150.02,150.423,149.705,149.99,22435.409363,3365748.89493258
2026-08-11 12:00:00+00:00,1786449600000,149.974,150.29,149.706,149.875,24073.885885,3612173.42978059
2026-08-11 13:00:00+00:00,1786453200000,149.85,150.144,147.211,148.96,706852.252431,105015696.12439404
2026-08-11 14:00:00+00:00,1786456800000,148.944,152.81,148.725,149.713,2054302.93925,309354972.4604052
2026-08-11 15:00:00+00:00,1786460400000,149.713,149.8,147.49,147.833,819271.360931,121519430.14811645
2026-08-11 16:00:00+00:00,1786464000000,147.85,148.876,147.587,147.675,430967.46805,63831195.04734077
2026-08-11 17:00:00+00:00,1786467600000,147.61,147.87,147.01,147.425,521323.1064469999,76830618.40035436
2026-08-11 18:00:00+00:00,1786471200000,147.26,147.41,146.4,147.04,455848.618245,66988458.75154296
2026-08-11 19:00:00+00:00,1786474800000,146.99,148.77,146.283,148.58,1138807.118495,168258410.1155007
2026-08-11 20:00:00+00:00,1786478400000,148.54,148.675,148.001,148.001,931238.955835,138382529.21499282
2026-08-11 21:00:00+00:00,1786482000000,148.001,148.475,147.804,148.39,17921.405272,2656688.83106708
2026-08-11 22:00:00+00:00,1786485600000,148.392,148.5,148.392,148.415,7150.233113,1061520.03283942
2026-08-11 23:00:00+00:00,1786489200000,148.32,148.474,148.195,148.42,12614.955476,1871838.63091757
2026-08-12 00:00:00+00:00,1786492800000,148.476,148.81,148.43,148.64,1645.0,244522.96
2026-08-12 01:00:00+00:00,1786496400000,148.64,148.99,148.42,148.79,3113.0,462845.78
2026-08-12 02:00:00+00:00,1786500000000,148.84,149.01,148.73,148.74,2982.0,444086.94
2026-08-12 03:00:00+00:00,1786503600000,148.86,148.99,148.71,148.94,2711.0,403565.63
2026-08-12 04:00:00+00:00,1786507200000,148.95,149.01,148.59,148.86,1688.0,251121.44
2026-08-12 05:00:00+00:00,1786510800000,148.85,148.97,148.72,148.88,974.0,145014.14
2026-08-12 06:00:00+00:00,1786514400000,148.89,148.92,148.65,148.89,1824.0,271396.77
2026-08-12 07:00:00+00:00,1786518000000,148.9,148.99,148.67,148.92,2459.0,366099.91
2026-08-12 08:00:00+00:00,1786521600000,148.484,149.555,148.484,149.295,22379.741387,3333925.74024036
2026-08-12 09:00:00+00:00,1786525200000,149.73,151.38,149.296,150.83,43786.706504,6590372.22528224
2026-08-12 10:00:00+00:00,1786528800000,149.99,150.915,149.86,149.99,16959.253272,2552291.30079628
2026-08-12 11:00:00+00:00,1786532400000,150.21,150.275,149.765,150.21,28163.495648,4222978.17128892
2026-08-12 12:00:00+00:00,1786536000000,150.27,151.124,150.065,150.36,83073.09043899999,12494674.62595014
2026-08-12 13:00:00+00:00,1786539600000,150.01,151.435,148.27,149.5,801906.8874219999,120070079.58851723
2026-08-12 14:00:00+00:00,1786543200000,149.401,150.99,147.71,147.717,626571.443126,93018916.38344157
2026-08-12 15:00:00+00:00,1786546800000,147.6,148.67,147.52,148.219,763834.424585,113086763.0538995
2026-08-12 16:00:00+00:00,1786550400000,148.33,148.575,148.13,148.5,327026.2726,48505681.3439861
2026-08-12 17:00:00+00:00,1786554000000,148.41,148.68,148.06,148.65,313040.720137,46430856.99623212
2026-08-12 18:00:00+00:00,1786557600000,148.58,149.625,148.205,149.58,412473.813261,61442387.95502784
2026-08-12 19:00:00+00:00,1786561200000,149.566,150.5,147.99,148.997,1362181.13668,203136943.63534015
2026-08-12 20:00:00+00:00,1786564800000,149.24,149.534,148.985,149.24,1038493.3941439998,154875816.18500483
2026-08-12 21:00:00+00:00,1786568400000,149.185,149.52,149.185,149.285,10794.146073,1612324.83716783
2026-08-12 22:00:00+00:00,1786572000000,149.285,149.305,149.18,149.21,5421.610227,809272.37320281
2026-08-12 23:00:00+00:00,1786575600000,149.21,149.249,149.1,149.249,4481.799556,668645.95027902
2026-08-13 00:00:00+00:00,1786579200000,149.3,149.76,149.27,149.58,2598.0,388424.67
2026-08-13 01:00:00+00:00,1786582800000,149.49,149.5,148.99,149.33,1899.0,283334.52
2026-08-13 02:00:00+00:00,1786586400000,149.26,149.44,148.93,149.3,907.0,135315.58
2026-08-13 03:00:00+00:00,1786590000000,149.35,149.75,149.31,149.56,1258.0,188064.58
2026-08-13 04:00:00+00:00,1786593600000,149.5,149.85,149.33,149.7,2845.0,425903.39
2026-08-13 05:00:00+00:00,1786597200000,149.66,150.12,149.66,149.83,5034.0,754905.8
2026-08-13 06:00:00+00:00,1786600800000,149.82,149.95,149.46,149.94,1508.0,225746.18
2026-08-13 07:00:00+00:00,1786604400000,149.89,149.92,149.52,149.52,1804.0,270033.79
2026-08-13 08:00:00+00:00,1786608000000,149.25,149.894,149.25,149.44,30628.467935,4584995.240976336
2026-08-13 09:00:00+00:00,1786611600000,149.44,149.615,149.025,149.615,3183.8602190000006,475633.05748415
2026-08-13 10:00:00+00:00,1786615200000,149.615,149.615,148.975,149.245,6177.383826,922248.81187237
2026-08-13 11:00:00+00:00,1786618800000,149.245,149.27,148.701,149.186,18087.597139,2695205.71828668
2026-08-13 12:00:00+00:00,1786622400000,148.9,149.53,148.725,149.32,24660.39137,3676496.91343559
2026-08-13 13:00:00+00:00,1786626000000,149.01,153.11,148.765,150.99,1034794.107578,156646304.16987157
2026-08-13 14:00:00+00:00,1786629600000,150.918,151.64,149.291,149.59,1003239.7882,151177450.6935047
2026-08-13 15:00:00+00:00,1786633200000,149.99,150.218,147.57,147.62,986870.0543299998,146554347.92223316
2026-08-13 16:00:00+00:00,1786636800000,147.875,148.381,147.0,147.775,713620.5711409998,105395407.13444252
2026-08-13 17:00:00+00:00,1786640400000,147.92,149.545,147.803,149.2,403306.613453,59993189.66295814
2026-08-13 18:00:00+00:00,1786644000000,149.154,151.29,148.83,151.213,762455.828384,114488936.00369515
2026-08-13 19:00:00+00:00,1786647600000,151.31,154.42,151.229,153.878,2300229.60407,352292313.8436743
2026-08-13 20:00:00+00:00,1786651200000,153.99,154.194,153.3,154.0,948195.3393150002,145913229.42955667
2026-08-13 21:00:00+00:00,1786654800000,153.375,153.564,153.251,153.399,28015.784515,4297621.344601
2026-08-13 22:00:00+00:00,1786658400000,153.74,153.74,153.301,153.74,11246.643623,1726518.37380558
2026-08-13 23:00:00+00:00,1786662000000,153.57,153.57,153.3,153.475,9135.850715,1401984.90996869
2026-08-14 00:00:00+00:00,1786665600000,153.94,153.94,153.28,153.62,3087.0,473883.81
2026-08-14 01:00:00+00:00,1786669200000,153.62,153.9,153.54,153.8,3209.0,493202.59
2026-08-14 02:00:00+00:00,1786672800000,153.81,154.07,153.78,153.78,2271.0,349608.66
2026-08-14 03:00:00+00:00,1786676400000,153.76,153.9,153.16,153.17,1284.0,197125.83
2026-08-14 04:00:00+00:00,1786680000000,153.16,153.52,153.1,153.38,1702.0,261015.37
2026-08-14 05:00:00+00:00,1786683600000,153.46,153.55,153.17,153.45,2985.0,457784.19
2026-08-14 06:00:00+00:00,1786687200000,153.45,153.45,152.74,152.74,2484.0,380221.02
2026-08-14 07:00:00+00:00,1786690800000,152.66,152.88,152.32,152.57,6066.0,925730.56
2026-08-14 08:00:00+00:00,1786694400000,153.356,153.356,152.023,152.39,33049.19979,5044358.85250732
2026-08-14 09:00:00+00:00,1786698000000,152.39,152.534,152.075,152.092,14512.999734,2209073.69601085
2026-08-14 10:00:00+00:00,1786701600000,152.11,152.565,151.84,152.1,8952.298859999999,1361263.28867456
2026-08-14 11:00:00+00:00,1786705200000,151.955,152.75,151.865,152.4,17996.068779,2740614.1159264
2026-08-14 12:00:00+00:00,1786708800000,152.275,152.6,151.907,152.49,28674.076817,4365937.87541787
2026-08-14 13:00:00+00:00,1786712400000,151.48,152.59,149.5,150.67,748809.9064640001,112926374.61204164
2026-08-14 14:00:00+00:00,1786716000000,150.518,150.76,148.18,148.432,1252074.681744,186541476.5528644
2026-08-14 15:00:00+00:00,1786719600000,148.43,150.48,148.423,150.136,965398.542657,144230651.03286135
2026-08-14 16:00:00+00:00,1786723200000,150.27,151.271,150.115,150.95,512052.80856,77188376.52076007
2026-08-14 17:00:00+00:00,1786726800000,150.88,151.422,149.69,150.03,530711.8136029999,79915540.1736042
2026-08-14 18:00:00+00:00,1786730400000,150.04,150.073,148.56,148.56,743311.046763,110914718.79593924
2026-08-14 19:00:00+00:00,1786734000000,148.595,149.52,147.95,148.439,1712338.24109,254754504.182966
2026-08-14 20:00:00+00:00,1786737600000,148.3,148.8,148.09,148.71,1215124.843515,180396219.14339337
2026-08-14 21:00:00+00:00,1786741200000,148.73,148.745,148.411,148.635,11500.544855,1709583.5940034
2026-08-14 22:00:00+00:00,1786744800000,148.635,148.715,148.6,148.715,7927.846365,1178630.54073064
2026-08-14 23:00:00+00:00,1786748400000,148.715,148.898,148.715,148.898,12791.152227,1902859.13255176
2026-08-15 00:00:00+00:00,1786752000000,148.899,148.899,148.899,148.899,0.0,0.0
2026-08-15 02:00:00+00:00,1786759200000,149.14,149.15,149.14,149.15,4.1539,619.52428
2026-08-15 03:00:00+00:00,1786762800000,149.11,149.11,148.76,148.76,4.6694,695.810304
2026-08-15 07:00:00+00:00,1786777200000,148.83,148.91,148.83,148.91,0.1343,19.992509
2026-08-15 09:00:00+00:00,1786784400000,148.85,149.23,148.85,149.23,6.0345,899.990893
2026-08-15 10:00:00+00:00,1786788000000,149.23,149.23,149.23,149.23,6.9986,1044.401078
2026-08-15 13:00:00+00:00,1786798800000,149.23,149.23,149.23,149.23,0.4451,66.422273
2026-08-15 14:00:00+00:00,1786802400000,149.27,149.33,149.27,149.33,6.2244,929.244366
2026-08-15 15:00:00+00:00,1786806000000,149.23,149.23,149.23,149.23,1.9165,285.999295
2026-08-15 19:00:00+00:00,1786820400000,149.33,149.33,149.33,149.33,0.1339,19.995287
2026-08-15 23:00:00+00:00,1786834800000,149.35,149.35,149.35,149.35,0.0723,10.798005
2026-08-16 03:00:00+00:00,1786849200000,149.35,149.35,149.35,149.35,0.1339,19.997965
2026-08-16 05:00:00+00:00,1786856400000,149.35,149.35,149.35,149.35,0.6695,99.989825
2026-08-16 06:00:00+00:00,1786860000000,149.38,149.38,149.38,149.38,1.0041,149.992458
2026-08-16 07:00:00+00:00,1786863600000,149.42,149.42,149.42,149.42,0.1338,19.992396
2026-08-16 08:00:00+00:00,1786867200000,149.42,149.43,149.38,149.43,3.919,585.59832
2026-08-16 09:00:00+00:00,1786870800000,149.47,149.48,149.47,149.48,0.3378,50.491668
2026-08-16 13:00:00+00:00,1786885200000,149.38,149.38,149.37,149.37,1.6167,241.494673
2026-08-16 14:00:00+00:00,1786888800000,149.48,149.48,149.48,149.48,0.1337,19.985476
2026-08-16 15:00:00+00:00,1786892400000,149.48,150.52,149.48,150.52,5.0793,761.798418
2026-08-16 19:00:00+00:00,1786906800000,150.58,150.58,150.58,150.58,0.1328,19.997024
2026-08-16 20:00:00+00:00,1786910400000,150.58,150.59,150.58,150.59,0.239,35.98935
2026-08-16 23:00:00+00:00,1786921200000,150.59,150.59,150.59,150.59,0.2324,34.997116
2026-08-17 00:00:00+00:00,1786924800000,149.01,149.01,148.31,148.85,7839.0,1164820.53
2026-08-17 01:00:00+00:00,1786928400000,148.83,149.32,148.83,149.08,4300.0,641019.55
2026-08-17 02:00:00+00:00,1786932000000,149.04,149.94,148.91,149.84,5630.0,840551.74
2026-08-17 03:00:00+00:00,1786935600000,149.77,149.99,149.62,149.8,4022.0,602586.07
2026-08-17 04:00:00+00:00,1786939200000,149.9,150.0,149.78,149.82,3805.0,570388.23
2026-08-17 05:00:00+00:00,1786942800000,149.85,149.97,149.66,149.82,2413.0,361533.05
2026-08-17 06:00:00+00:00,1786946400000,149.84,150.2,149.75,150.05,9375.0,1405783.94
2026-08-17 07:00:00+00:00,1786950000000,150.14,150.25,149.64,149.8,4721.0,707790.35
2026-08-17 08:00:00+00:00,1786953600000,148.899,149.999,148.899,149.595,38047.86237800001,5699623.05123173
2026-08-17 09:00:00+00:00,1786957200000,149.595,149.595,149.2,149.25,4077.207087,608641.80446098
2026-08-17 10:00:00+00:00,1786960800000,149.23,149.975,149.027,149.2,10248.751950999997,1531984.46651067
2026-08-17 11:00:00+00:00,1786964400000,149.679,150.14,149.445,149.712,55382.427226,8290492.437524036
2026-08-17 12:00:00+00:00,1786968000000,149.57,149.938,148.742,148.76,29969.00322,4474923.61040525
2026-08-17 13:00:00+00:00,1786971600000,148.49,151.26,147.37,150.045,852767.6992040001,127624531.64871128
2026-08-17 14:00:00+00:00,1786975200000,149.91,150.63,148.915,150.2,701834.1709089999,105059171.26196128
2026-08-17 15:00:00+00:00,1786978800000,150.27,151.9,149.54,151.9,723090.2480039998,108975629.7142364
2026-08-17 16:00:00+00:00,1786982400000,152.0,152.14,149.99,150.41,628758.5737739998,95002779.71124151
2026-08-17 17:00:00+00:00,1786986000000,150.65,151.683,150.223,150.3,371706.92349500005,56074925.89391637
2026-08-17 18:00:00+00:00,1786989600000,150.396,151.71,150.184,150.757,565816.898022,85448246.69043364
2026-08-17 19:00:00+00:00,1786993200000,150.68,151.58,150.191,150.51,820267.8470610001,123810162.48718618
2026-08-17 20:00:00+00:00,1786996800000,150.31,150.989,150.28,150.39,1117174.8994290002,168186324.1269282
2026-08-17 21:00:00+00:00,1787000400000,150.415,150.72,150.342,150.65,8983.71011,1352103.17218667
2026-08-17 22:00:00+00:00,1787004000000,150.65,150.965,150.62,150.75,4481.312233,675458.7821244
2026-08-17 23:00:00+00:00,1787007600000,150.748,150.89,150.5,150.606,17588.602914,2649815.6397351064
2026-08-18 00:00:00+00:00,1787011200000,150.51,151.03,150.36,150.71,3080.0,464389.07
2026-08-18 01:00:00+00:00,1787014800000,150.74,150.74,149.76,149.93,4429.0,664947.97
2026-08-18 02:00:00+00:00,1787018400000,149.97,150.03,149.11,149.18,7102.0,1061197.0
2026-08-18 03:00:00+00:00,1787022000000,149.22,149.61,148.88,149.42,4767.0,711356.12
2026-08-18 04:00:00+00:00,1787025600000,149.43,149.64,149.26,149.49,2347.0,350888.09
2026-08-18 05:00:00+00:00,1787029200000,149.52,149.52,149.15,149.2,1313.0,196033.76
2026-08-18 06:00:00+00:00,1787032800000,149.0,149.85,148.97,149.57,4954.0,740497.76
2026-08-18 07:00:00+00:00,1787036400000,149.68,149.68,148.98,148.99,2814.0,420222.01
2026-08-18 08:00:00+00:00,1787040000000,148.79,150.601,148.345,148.79,49848.984607,7429637.22788264
2026-08-18 09:00:00+00:00,1787043600000,148.75,149.025,148.04,148.34,10937.953716,1626149.95413921
2026-08-18 10:00:00+00:00,1787047200000,148.735,148.76,148.625,148.76,11405.039803,1696496.24918431
2026-08-18 11:00:00+00:00,1787050800000,148.76,149.429,148.7,148.86,47681.884642,7105413.475605421
2026-08-18 12:00:00+00:00,1787054400000,148.69,149.38,148.292,148.7,49091.87166799999,7304517.04272239
2026-08-18 13:00:00+00:00,1787058000000,147.99,149.42,146.6,147.035,1207270.856268,178594716.67195153
2026-08-18 14:00:00+00:00,1787061600000,147.285,150.7,146.575,147.93,1352123.1330849996,201103842.61768484
2026-08-18 15:00:00+00:00,1787065200000,147.465,148.99,147.46,148.41,594002.415549,87969975.73556025
2026-08-18 16:00:00+00:00,1787068800000,148.476,149.241,147.81,148.84,492297.48538,73101929.73633401
2026-08-18 17:00:00+00:00,1787072400000,148.81,149.026,146.945,147.01,603745.800953,89358544.38707058
2026-08-18 18:00:00+00:00,1787076000000,146.93,147.627,146.76,146.8,470120.726768,69179534.26987347
2026-08-18 19:00:00+00:00,1787079600000,146.86,148.049,146.08,146.09,1194863.3503859998,175570950.46535307
2026-08-18 20:00:00+00:00,1787083200000,146.42,146.693,146.168,146.56,774071.881094,113186028.96857443
2026-08-18 21:00:00+00:00,1787086800000,146.6,146.7,146.301,146.425,15445.662121,2262673.6984712575
2026-08-18 22:00:00+00:00,1787090400000,146.5,146.554,146.4,146.5,6359.32481,931387.34760508
2026-08-18 23:00:00+00:00,1787094000000,146.45,147.114,146.251,146.739,21461.579079,3145241.62950142
2026-08-19 00:00:00+00:00,1787097600000,146.55,146.94,146.1,146.49,9.0,1320.66
2026-08-19 01:00:00+00:00,1787101200000,146.44,146.73,146.23,146.25,3894.0,570233.9
2026-08-19 02:00:00+00:00,1787104800000,146.26,146.33,146.08,146.11,3006.0,439487.07
2026-08-19 03:00:00+00:00,1787108400000,146.24,146.33,146.08,146.19,1304.0,190653.71
2026-08-19 04:00:00+00:00,1787112000000,146.15,146.23,145.85,146.01,4650.0,679005.29
2026-08-19 05:00:00+00:00,1787115600000,146.0,146.18,145.76,145.76,1258.0,183622.47
2026-08-19 06:00:00+00:00,1787119200000,145.89,146.51,145.64,146.42,9084.0,1325479.01
2026-08-19 07:00:00+00:00,1787122800000,146.42,146.48,145.84,146.01,7613.0,1113479.16
2026-08-19 08:00:00+00:00,1787126400000,147.12,147.124,145.994,147.12,50612.28986700001,7411238.5848886
2026-08-19 09:00:00+00:00,1787130000000,146.36,146.725,146.195,146.36,9918.104696,1451324.19464944
2026-08-19 10:00:00+00:00,1787133600000,146.31,146.31,146.23,146.23,4162.499866000001,608846.77414989
2026-08-19 11:00:00+00:00,1787137200000,146.66,146.798,146.032,146.38,30699.91112500001,4500140.3322759
2026-08-19 12:00:00+00:00,1787140800000,146.0,148.02,145.96,147.96,68301.537916,10057606.36274475
2026-08-19 13:00:00+00:00,1787144400000,147.904,152.34,147.302,151.872,408041.512292,60511818.80891276
2026-08-19 14:00:00+00:00,1787148000000,151.925,160.68,151.5,160.496,107830.0,16861188.63
2026-08-19 15:00:00+00:00,1787151600000,160.498,164.33,159.16,163.461,148000.0,23921599.825
2026-08-19 16:00:00+00:00,1787155200000,163.33,165.695,162.79,164.7,1659828.8626699997,273169488.74875426
2026-08-19 17:00:00+00:00,1787158800000,164.797,164.811,159.734,161.29,1133524.334285,182203514.62744927
2026-08-19 18:00:00+00:00,1787162400000,161.4,161.684,158.78,159.56,1025914.6239460004,164215896.8428636
2026-08-19 19:00:00+00:00,1787166000000,159.51,160.75,156.44,160.275,3215733.193328,512459563.26206934
2026-08-19 20:00:00+00:00,1787169600000,160.8,163.31,160.0,163.31,1554959.930863,249573712.335394
2026-08-19 21:00:00+00:00,1787173200000,163.216,166.302,163.137,164.774,261323.954288,43076024.762398146
2026-08-19 22:00:00+00:00,1787176800000,165.2,166.374,164.547,165.55,117637.476062,19443639.64842203
2026-08-19 23:00:00+00:00,1787180400000,165.5,165.991,165.0,165.59,44028.53298400001,7289051.31824686
2026-08-20 00:00:00+00:00,1787184000000,165.3,167.28,164.7,165.7,19944.0,3318643.62
2026-08-20 01:00:00+00:00,1787187600000,165.7,166.0,165.27,165.45,10685.0,1769308.56
2026-08-20 02:00:00+00:00,1787191200000,165.47,166.08,164.64,164.85,9010.0,1491407.04
2026-08-20 03:00:00+00:00,1787194800000,164.75,164.87,163.91,164.56,11313.0,1859253.33
2026-08-20 04:00:00+00:00,1787198400000,164.58,165.58,164.57,165.22,6087.0,1004497.68
2026-08-20 05:00:00+00:00,1787202000000,165.31,165.55,164.58,164.74,5908.0,975629.88
2026-08-20 06:00:00+00:00,1787205600000,164.75,165.92,164.67,165.88,9713.0,1605624.5
2026-08-20 07:00:00+00:00,1787209200000,165.83,166.37,164.9,165.22,25574.0,4235971.11
2026-08-20 08:00:00+00:00,1787212800000,168.24,172.127,165.54,171.09,298659.323114,50526616.8317126
2026-08-20 09:00:00+00:00,1787216400000,172.01,172.581,169.731,171.15,166397.57489100003,28508863.22656006
2026-08-20 10:00:00+00:00,1787220000000,172.67,174.446,171.8,173.32,150380.218718,26045462.89338893
2026-08-20 11:00:00+00:00,1787223600000,173.01,174.208,170.26,170.79,236623.812329,40765976.31090231
2026-08-20 12:00:00+00:00,1787227200000,170.399,170.551,167.943,169.62,475120.887029,80423101.32208914
2026-08-20 13:00:00+00:00,1787230800000,169.62,173.48,166.35,170.197,1253913.110613,215775106.02018455
2026-08-20 14:00:00+00:00,1787234400000,170.38,172.0,168.745,170.78,2411463.0743040005,410849404.0899326
2026-08-20 15:00:00+00:00,1787238000000,170.87,174.22,170.49,172.209,85815.0,14834025.19
2026-08-20 16:00:00+00:00,1787241600000,172.23,174.735,169.99,174.735,1361264.9243669997,234032477.3389628
2026-08-20 17:00:00+00:00,1787245200000,174.735,174.735,172.01,172.74,1272566.942777,220604951.56824687
2026-08-20 18:00:00+00:00,1787248800000,172.665,172.74,170.07,170.254,1484408.286419,254354958.0756974
2026-08-20 19:00:00+00:00,1787252400000,170.26,172.814,170.165,172.42,2251616.392,386632481.0044136
2026-08-20 20:00:00+00:00,1787256000000,173.01,173.21,172.051,173.21,1337164.14575,230459571.93793964
2026-08-20 21:00:00+00:00,1787259600000,172.505,172.605,172.166,172.25,16938.892225,2920327.69349123
2026-08-20 22:00:00+00:00,1787263200000,172.01,172.25,171.5,171.99,20942.890475,3599249.3456116
2026-08-20 23:00:00+00:00,1787266800000,171.84,173.309,171.84,172.63,52958.006549,9146213.660268793
2026-08-21 00:00:00+00:00,1787270400000,172.57,175.25,172.57,174.21,24656.0,4296378.46
2026-08-21 01:00:00+00:00,1787274000000,174.2,177.97,174.07,177.14,48507.0,8558884.97
2026-08-21 02:00:00+00:00,1787277600000,177.12,177.49,176.24,176.39,24176.0,4273257.15
2026-08-21 03:00:00+00:00,1787281200000,176.45,177.06,175.84,176.6,10375.0,1831048.16
2026-08-21 04:00:00+00:00,1787284800000,176.72,177.78,176.61,177.68,14036.0,2487034.28
2026-08-21 05:00:00+00:00,1787288400000,177.68,178.67,177.2,178.52,20031.0,3568983.45
2026-08-21 06:00:00+00:00,1787292000000,178.61,179.39,177.75,178.9,29643.0,5294111.94
2026-08-21 07:00:00+00:00,1787295600000,178.9,181.73,178.9,180.77,72219.0,13029359.25
2026-08-21 08:00:00+00:00,1787299200000,182.99,187.003,173.672,185.18,468000.0273079999,85322348.57859519
2026-08-21 09:00:00+00:00,1787302800000,183.59,186.87,182.41,184.59,214026.837737,39351295.42658143
2026-08-21 10:00:00+00:00,1787306400000,182.32,183.694,182.105,182.58,82892.70887300003,15157246.80972177
2026-08-21 11:00:00+00:00,1787310000000,182.395,182.65,179.971,181.0,430382.691225,78009112.73120497
2026-08-21 12:00:00+00:00,1787313600000,180.87,181.812,179.75,181.49,180587.36741199996,32631126.00209088
2026-08-21 13:00:00+00:00,1787317200000,180.54,189.81,179.48,189.45,5368167.951726998,994744067.76041
2026-08-21 14:00:00+00:00,1787320800000,189.43,191.355,185.08,190.73,4310861.513545001,812347796.4215984
2026-08-21 15:00:00+00:00,1787324400000,190.8,190.925,187.76,188.92,2167642.637421,410161773.38132894
2026-08-21 16:00:00+00:00,1787328000000,188.883,189.427,186.44,186.741,2230198.892277,418042570.79194576
2026-08-21 17:00:00+00:00,1787331600000,186.71,188.167,186.15,186.15,1327173.300771,248304701.6438186
2026-08-21 18:00:00+00:00,1787335200000,186.33,186.878,185.117,186.145,1107104.613752,205867431.4527209
2026-08-21 19:00:00+00:00,1787338800000,186.32,186.98,184.21,186.565,2663988.166197,495205297.02974427
2026-08-21 20:00:00+00:00,1787342400000,186.21,187.589,185.835,185.9,2775163.729793001,517259992.4323877
2026-08-21 21:00:00+00:00,1787346000000,186.501,189.474,186.266,189.265,150384.067669,28297187.754911564
2026-08-21 22:00:00+00:00,1787349600000,189.4,190.095,188.601,190.0,96131.47093,18225892.42061986
2026-08-21 23:00:00+00:00,1787353200000,189.793,190.345,188.934,189.128,96357.823122,18278727.978099357
2026-08-22 01:00:00+00:00,1787360400000,189.32,189.88,189.32,189.73,26.2443,4977.759289
2026-08-22 02:00:00+00:00,1787364000000,189.91,190.77,189.73,190.71,48.0366,9140.606007
2026-08-22 03:00:00+00:00,1787367600000,190.81,191.06,190.81,191.06,213.5107,40770.325703
2026-08-22 04:00:00+00:00,1787371200000,190.98,191.29,190.82,191.29,351.843,67223.233754
2026-08-22 05:00:00+00:00,1787374800000,191.12,191.12,189.64,189.81,315.1099,60127.767685
2026-08-22 07:00:00+00:00,1787382000000,189.87,189.87,189.87,189.87,0.1053,19.993311
2026-08-22 08:00:00+00:00,1787385600000,189.87,189.87,189.87,189.87,0.1076,20.430012
2026-08-22 09:00:00+00:00,1787389200000,189.64,189.64,189.28,189.28,10.382,1967.338387
2026-08-22 10:00:00+00:00,1787392800000,189.43,189.43,189.39,189.39,0.3501,66.314335
2026-08-22 11:00:00+00:00,1787396400000,189.45,189.52,189.28,189.52,2.1062,398.943268
2026-08-22 13:00:00+00:00,1787403600000,189.35,189.42,189.27,189.42,1.29,244.224272
2026-08-22 14:00:00+00:00,1787407200000,189.47,189.47,189.47,189.47,0.1055,19.989085
2026-08-22 15:00:00+00:00,1787410800000,189.27,189.27,189.24,189.24,2.7179,514.370662
2026-08-22 19:00:00+00:00,1787425200000,189.47,189.47,189.47,189.47,0.211,39.97817
2026-08-22 20:00:00+00:00,1787428800000,189.47,189.47,189.47,189.47,9.9234,1880.186598
2026-08-22 21:00:00+00:00,1787432400000,189.35,189.51,189.35,189.51,0.1999,37.867049
2026-08-23 01:00:00+00:00,1787446800000,189.35,189.35,189.33,189.33,1.2242,231.801162
2026-08-23 02:00:00+00:00,1787450400000,189.35,189.35,189.35,189.35,0.1056,19.99536
2026-08-23 03:00:00+00:00,1787454000000,189.33,189.35,189.31,189.31,3.998,756.898069
2026-08-23 06:00:00+00:00,1787464800000,189.32,189.33,188.23,188.23,6.8827,1302.322087
2026-08-23 07:00:00+00:00,1787468400000,188.38,188.76,188.32,188.76,1.3628,256.802727
2026-08-23 10:00:00+00:00,1787479200000,188.71,189.12,188.71,189.12,0.5093,96.188664
2026-08-23 11:00:00+00:00,1787482800000,188.34,188.34,188.32,188.32,20.6319,3885.809798
2026-08-23 12:00:00+00:00,1787486400000,188.43,188.82,188.43,188.82,8.1124,1529.568918
2026-08-23 13:00:00+00:00,1787490000000,188.82,188.82,188.82,188.82,0.9934,187.573788
2026-08-23 14:00:00+00:00,1787493600000,188.82,188.82,188.82,188.82,1.1988,226.357416
2026-08-23 15:00:00+00:00,1787497200000,188.3,188.82,188.3,188.82,0.5852,110.462052
2026-08-23 16:00:00+00:00,1787500800000,188.81,188.82,188.81,188.82,1.726,325.88742
2026-08-23 19:00:00+00:00,1787511600000,188.89,188.89,188.82,188.82,0.3456,65.271004
2026-08-23 21:00:00+00:00,1787518800000,188.94,188.99,188.94,188.99,2.8563,539.684092
2026-08-23 22:00:00+00:00,1787522400000,188.99,189.35,188.99,189.35,11.0656,2094.646239
2026-08-24 00:00:00+00:00,1787529600000,188.7,189.81,186.54,188.44,37094.0,6978754.5
2026-08-24 01:00:00+00:00,1787533200000,188.49,188.5,185.61,185.69,15621.0,2923253.94
2026-08-24 02:00:00+00:00,1787536800000,185.71,187.21,185.55,186.76,10542.0,1966559.72
2026-08-24 03:00:00+00:00,1787540400000,187.02,187.02,184.16,184.23,17126.0,3171349.77
2026-08-24 04:00:00+00:00,1787544000000,184.23,185.47,184.04,184.04,6126.0,1131197.3
2026-08-24 05:00:00+00:00,1787547600000,184.2,185.21,184.01,184.95,7621.0,1407328.82
2026-08-24 06:00:00+00:00,1787551200000,184.9,186.0,184.5,185.89,7873.0,1459478.98
2026-08-24 07:00:00+00:00,1787554800000,185.86,187.31,185.14,185.41,24215.0,4517289.26
2026-08-24 08:00:00+00:00,1787558400000,184.02,189.129,182.99,182.99,127376.66503699996,23584872.23325336
2026-08-24 09:00:00+00:00,1787562000000,183.753,185.11,183.52,185.1,18672.706034000003,3446763.0632158
2026-08-24 10:00:00+00:00,1787565600000,185.3,186.46,185.035,185.8,37081.865211,6886595.55849001
2026-08-24 11:00:00+00:00,1787569200000,185.725,188.394,183.857,188.095,193650.446633,36192639.89672812
2026-08-24 12:00:00+00:00,1787572800000,186.69,190.274,186.431,189.95,186279.324489,35158788.14650019
2026-08-24 13:00:00+00:00,1787576400000,189.89,191.78,184.91,186.4,2588322.6873700004,486249547.3528529
2026-08-24 14:00:00+00:00,1787580000000,186.76,190.1,186.0,188.06,1981419.049687,373521267.89459574
2026-08-24 15:00:00+00:00,1787583600000,188.03,188.137,183.47,183.72,1531815.289831,285148335.2912146
2026-08-24 16:00:00+00:00,1787587200000,184.41,185.84,183.894,184.28,790951.157117,146352144.54994556
2026-08-24 17:00:00+00:00,1787590800000,184.23,184.535,181.371,181.861,1335465.790828,244114911.42884117
2026-08-24 18:00:00+00:00,1787594400000,181.859,182.384,180.272,180.626,1257414.125098,227845849.37924093
2026-08-24 19:00:00+00:00,1787598000000,180.626,181.08,178.605,179.382,2175062.695313,391036414.98780835
2026-08-24 20:00:00+00:00,1787601600000,179.0,179.749,178.696,179.37,2264795.921445,406157176.5723391
2026-08-24 21:00:00+00:00,1787605200000,179.407,180.2,179.4,180.1,64882.95938700001,11683513.42659272
2026-08-24 22:00:00+00:00,1787608800000,180.1,180.1,179.406,179.5,24242.317392,4358952.270821509
2026-08-24 23:00:00+00:00,1787612400000,179.3,179.874,179.06,179.3,20279.41922,3639360.79675658
2026-08-25 00:00:00+00:00,1787616000000,180.02,182.61,178.7,182.2,12369.0,2237251.99
2026-08-25 01:00:00+00:00,1787619600000,182.19,182.66,181.38,182.19,10013.0,1822940.21
2026-08-25 02:00:00+00:00,1787623200000,182.15,185.57,181.99,184.0,47398.0,8730481.38
2026-08-25 03:00:00+00:00,1787626800000,184.03,184.94,183.69,183.98,15481.0,2854230.42
2026-08-25 04:00:00+00:00,1787630400000,183.92,184.48,183.51,184.11,13126.0,2414804.65
2026-08-25 05:00:00+00:00,1787634000000,184.15,184.69,184.14,184.46,13496.0,2489681.49
2026-08-25 06:00:00+00:00,1787637600000,184.44,185.1,184.05,184.33,8867.0,1636672.09
2026-08-25 07:00:00+00:00,1787641200000,184.49,185.29,182.48,182.81,36608.0,6731355.29
2026-08-25 08:00:00+00:00,1787644800000,180.314,184.144,180.314,182.775,162463.49349,29744882.54741874
2026-08-25 09:00:00+00:00,1787648400000,182.04,183.247,179.46,180.17,86452.42412500002,15691901.69574704
2026-08-25 10:00:00+00:00,1787652000000,178.99,181.384,178.897,178.99,53629.01530399999,9649956.74768798
2026-08-25 11:00:00+00:00,1787655600000,179.83,181.194,179.427,180.38,58943.63168800001,10623257.48568585
2026-08-25 12:00:00+00:00,1787659200000,178.09,179.848,177.761,178.22,118518.129767,21169803.15348535
2026-08-25 13:00:00+00:00,1787662800000,178.79,181.77,175.14,179.115,1867166.7144370005,332951674.7850344
2026-08-25 14:00:00+00:00,1787666400000,179.07,186.695,178.89,186.651,2573185.472744,473528189.6503181
2026-08-25 15:00:00+00:00,1787670000000,186.652,186.82,184.315,186.617,1274135.962393,236423301.92103276
2026-08-25 16:00:00+00:00,1787673600000,186.48,188.054,185.155,187.49,976059.256616,182153056.9230089
2026-08-25 17:00:00+00:00,1787677200000,187.33,188.75,187.33,188.09,802417.5303239996,150869260.1834699
2026-08-25 18:00:00+00:00,1787680800000,188.115,189.151,187.74,188.99,605935.4458690002,114151936.2730826
2026-08-25 19:00:00+00:00,1787684400000,189.146,189.243,186.26,187.219,1806802.837295,338640959.37308
2026-08-25 20:00:00+00:00,1787688000000,186.77,187.399,185.482,186.28,1605577.3236669998,300392920.44775945
2026-08-25 21:00:00+00:00,1787691600000,185.5,186.489,185.205,185.5,25460.451422999995,4732659.99977122
2026-08-25 22:00:00+00:00,1787695200000,186.44,186.87,186.056,186.7,9762.551799999996,1820657.3353892
2026-08-25 23:00:00+00:00,1787698800000,186.691,186.82,185.75,185.825,15646.735012,2914323.31117109
2026-08-26 00:00:00+00:00,1787702400000,186.1,186.24,185.15,185.77,14647.0,2716496.97
2026-08-26 01:00:00+00:00,1787706000000,185.74,186.77,185.74,186.26,2252.0,419387.17
2026-08-26 02:00:00+00:00,1787709600000,186.21,187.57,186.14,187.33,4897.0,914163.65
2026-08-26 03:00:00+00:00,1787713200000,187.32,187.41,186.72,187.34,1980.0,370421.14
2026-08-26 04:00:00+00:00,1787716800000,187.31,187.51,186.49,186.49,1149.0,214839.1
2026-08-26 05:00:00+00:00,1787720400000,186.48,187.2,186.11,186.81,3712.0,692941.63
2026-08-26 06:00:00+00:00,1787724000000,186.96,187.29,186.51,186.77,3865.0,722093.41
2026-08-26 07:00:00+00:00,1787727600000,186.67,187.03,186.34,186.39,3397.0,633832.91
2026-08-26 08:00:00+00:00,1787731200000,185.949,186.849,185.32,185.32,33028.799025,6151333.07361454
2026-08-26 09:00:00+00:00,1787734800000,185.32,185.771,184.305,184.605,15550.062016999998,2876602.86251243
2026-08-26 10:00:00+00:00,1787738400000,184.609,186.05,184.362,185.95,21647.16095,4006032.090648661
2026-08-26 11:00:00+00:00,1787742000000,185.5,185.95,184.429,184.71,22779.556892,4220990.38728399
2026-08-26 12:00:00+00:00,1787745600000,184.905,185.6,183.645,183.777,46353.76847,8542860.46771559
2026-08-26 13:00:00+00:00,1787749200000,183.11,185.243,181.33,184.7,873786.74297,160312080.91656855
2026-08-26 14:00:00+00:00,1787752800000,184.265,184.819,180.69,181.01,838938.0608720001,153602847.44117624
2026-08-26 15:00:00+00:00,1787756400000,180.939,182.279,179.89,180.845,1531826.449879,277663409.3715716
2026-08-26 16:00:00+00:00,1787760000000,180.846,181.225,179.46,180.09,808596.500781,145652237.5275476
2026-08-26 17:00:00+00:00,1787763600000,180.19,182.124,179.87,181.92,498953.4243679999,90314561.43800291
2026-08-26 18:00:00+00:00,1787767200000,181.69,182.85,181.548,182.24,553779.5285169999,100944870.68642856
2026-08-26 19:00:00+00:00,1787770800000,182.29,182.77,181.46,181.735,987132.887772,179764894.63967216
2026-08-26 20:00:00+00:00,1787774400000,181.69,181.853,180.8,181.69,684987.404045,124470088.67012303
2026-08-26 21:00:00+00:00,1787778000000,181.83,183.444,181.667,183.189,55093.050489,10076527.723056676
2026-08-26 22:00:00+00:00,1787781600000,183.19,183.854,182.891,183.3,15705.401557,2880637.63738027
2026-08-26 23:00:00+00:00,1787785200000,183.03,184.469,182.502,183.03,14666.418328999998,2693043.33364548
2026-08-27 00:00:00+00:00,1787788800000,184.48,184.48,183.0,183.1,4308.0,791050.5
2026-08-27 01:00:00+00:00,1787792400000,182.88,184.28,182.88,183.97,4578.0,840845.23
2026-08-27 02:00:00+00:00,1787796000000,183.98,184.18,183.45,183.45,10915.0,2004036.93
2026-08-27 03:00:00+00:00,1787799600000,183.57,183.86,183.19,183.35,1945.0,357040.8
2026-08-27 04:00:00+00:00,1787803200000,183.53,183.94,183.15,183.25,2249.0,412449.76
2026-08-27 05:00:00+00:00,1787806800000,183.28,183.99,182.73,183.45,3123.0,572029.14
2026-08-27 06:00:00+00:00,1787810400000,183.64,183.64,182.6,183.11,3282.0,600810.1
2026-08-27 07:00:00+00:00,1787814000000,183.12,183.94,182.81,183.63,6709.0,1228736.46
2026-08-27 08:00:00+00:00,1787817600000,184.251,186.669,183.485,186.495,62054.48577400001,11480719.02939347
2026-08-27 09:00:00+00:00,1787821200000,187.14,187.55,185.496,187.14,30410.259514,5682707.4158881
2026-08-27 10:00:00+00:00,1787824800000,186.149,187.019,184.29,185.55,30840.120061,5721929.183989869
2026-08-27 11:00:00+00:00,1787828400000,185.55,185.744,184.214,184.59,48562.420665,8974631.56965806
2026-08-27 12:00:00+00:00,1787832000000,184.65,185.319,183.804,184.51,122180.304405,22535973.87704564
2026-08-27 13:00:00+00:00,1787835600000,184.66,189.055,180.2,188.59,1377584.293287,255172969.33099625
2026-08-27 14:00:00+00:00,1787839200000,188.95,191.83,187.21,191.09,1829700.3706140004,347151612.8971132
2026-08-27 15:00:00+00:00,1787842800000,191.202,193.805,191.134,192.74,1703774.325348,327938575.1952719
2026-08-27 16:00:00+00:00,1787846400000,192.729,193.102,191.135,192.485,965437.063033,185556421.68727428
2026-08-27 17:00:00+00:00,1787850000000,192.47,193.13,190.623,190.7,642647.60754,123565839.91688256
2026-08-27 18:00:00+00:00,1787853600000,190.52,190.846,188.132,190.775,832713.2044739996,157829379.73714533
2026-08-27 19:00:00+00:00,1787857200000,190.975,191.478,189.01,190.78,1256873.070469,239248051.335301
2026-08-27 20:00:00+00:00,1787860800000,190.735,190.804,190.0,190.62,1100816.965845,209868546.89493075
2026-08-27 21:00:00+00:00,1787864400000,189.99,190.7,189.354,190.1,17917.866009999998,3407186.14542436
2026-08-27 22:00:00+00:00,1787868000000,190.46,191.425,189.902,190.93,22328.379556000004,4261665.97287274
2026-08-27 23:00:00+00:00,1787871600000,191.05,191.345,190.925,191.05,15154.30571,2896139.3642381
2026-08-28 00:00:00+00:00,1787875200000,191.35,192.25,190.68,191.94,5429.0,1039657.4
2026-08-28 01:00:00+00:00,1787878800000,192.2,194.19,191.81,191.96,17815.0,3437701.42
2026-08-28 02:00:00+00:00,1787882400000,191.96,192.08,190.29,190.51,10845.0,2074138.84
2026-08-28 03:00:00+00:00,1787886000000,190.54,190.81,190.07,190.36,2081.0,396283.41
2026-08-28 04:00:00+00:00,1787889600000,190.26,190.86,189.64,190.07,5106.0,971770.78
2026-08-28 05:00:00+00:00,1787893200000,190.12,190.5,189.71,190.0,4308.0,818651.77
2026-08-28 06:00:00+00:00,1787896800000,189.9,190.93,189.89,190.76,4247.0,808928.58
2026-08-28 07:00:00+00:00,1787900400000,190.76,190.76,189.49,189.9,4463.0,847527.5
2026-08-28 08:00:00+00:00,1787904000000,191.075,191.075,188.62,188.99,40193.559424,7635084.14170825
2026-08-28 09:00:00+00:00,1787907600000,188.99,188.99,187.215,187.225,26392.526337,4960388.31707073
2026-08-28 10:00:00+00:00,1787911200000,188.52,188.52,186.75,188.52,18654.754073000004,3496663.89272179
2026-08-28 11:00:00+00:00,1787914800000,188.61,189.4,188.108,188.61,25538.481206,4822597.40625682
2026-08-28 12:00:00+00:00,1787918400000,187.87,188.994,187.5,187.61,30933.598248,5818148.9198349
2026-08-28 13:00:00+00:00,1787922000000,187.55,189.015,185.325,188.01,1009080.005053,188316125.07099897
2026-08-28 14:00:00+00:00,1787925600000,188.0,188.0,181.938,186.705,1763982.6687900005,325083307.6417079
2026-08-28 15:00:00+00:00,1787929200000,186.602,187.21,180.115,180.115,1575413.282461,287966769.8297448
2026-08-28 16:00:00+00:00,1787932800000,180.112,180.367,177.286,177.552,1941834.140951,347001283.4895189
2026-08-28 17:00:00+00:00,1787936400000,177.59,177.74,176.509,176.74,775186.357771,137245349.30791157
2026-08-28 18:00:00+00:00,1787940000000,176.95,176.951,176.14,176.83,673856.8761590001,118976978.68288444
2026-08-28 19:00:00+00:00,1787943600000,177.0,179.41,176.8,178.54,1796888.1918409998,320851816.4686714
2026-08-28 20:00:00+00:00,1787947200000,178.556,178.786,177.406,178.123,1188182.418864,212133965.08033308
2026-08-28 21:00:00+00:00,1787950800000,178.24,178.3,178.016,178.09,21182.617444,3772651.70417908
2026-08-28 22:00:00+00:00,1787954400000,178.016,178.339,177.75,178.163,15965.590031999998,2841900.57064005
2026-08-28 23:00:00+00:00,1787958000000,178.157,178.3,177.919,178.3,19406.122586,3457218.20420623
2026-08-29 00:00:00+00:00,1787961600000,178.57,178.6,178.57,178.6,0.576,102.86334
2026-08-29 02:00:00+00:00,1787968800000,178.65,178.65,178.62,178.62,59.2335,10581.968127
2026-08-29 03:00:00+00:00,1787972400000,178.62,178.62,178.62,178.62,0.9755,174.24381
2026-08-29 04:00:00+00:00,1787976000000,178.67,178.67,178.67,178.67,0.0776,13.864792
2026-08-29 05:00:00+00:00,1787979600000,178.67,178.67,178.61,178.61,6.3407,1132.702328
2026-08-29 06:00:00+00:00,1787983200000,178.61,178.61,178.61,178.61,1.3332,238.122852
2026-08-29 07:00:00+00:00,1787986800000,178.71,178.71,178.71,178.71,0.1119,19.997649
2026-08-29 08:00:00+00:00,1787990400000,178.61,178.71,178.61,178.71,1.1831,211.369471
2026-08-29 09:00:00+00:00,1787994000000,178.64,178.81,178.62,178.81,4.4174,789.650664
2026-08-29 11:00:00+00:00,1788001200000,178.85,178.85,178.85,178.85,0.0636,11.37486
2026-08-29 12:00:00+00:00,1788004800000,178.85,178.85,178.85,178.85,1.3942,249.35267
2026-08-29 13:00:00+00:00,1788008400000,178.85,178.89,178.85,178.89,0.5101,91.242909
2026-08-29 15:00:00+00:00,1788015600000,178.89,178.93,178.89,178.93,1.6765,299.942605
2026-08-29 17:00:00+00:00,1788022800000,178.95,179.01,178.95,179.01,1.9976,357.528756
2026-08-29 19:00:00+00:00,1788030000000,179.03,179.26,179.03,179.26,321.8865,57672.551479
2026-08-29 21:00:00+00:00,1788037200000,179.24,179.24,179.21,179.21,1.3368,239.582928
2026-08-29 22:00:00+00:00,1788040800000,179.28,179.28,179.21,179.21,0.1132,20.290527
2026-08-29 23:00:00+00:00,1788044400000,179.28,179.28,179.28,179.28,0.5577,99.984456
2026-08-30 02:00:00+00:00,1788055200000,179.29,179.29,179.29,179.29,1.0806,193.740774
2026-08-30 05:00:00+00:00,1788066000000,179.23,179.23,179.23,179.23,15.1772,2720.209556
2026-08-30 06:00:00+00:00,1788069600000,179.32,179.59,179.32,179.59,111.1117,19926.544825
2026-08-30 07:00:00+00:00,1788073200000,179.62,179.62,179.62,179.62,0.1113,19.991706
2026-08-30 08:00:00+00:00,1788076800000,179.62,179.62,179.51,179.51,3.6768,660.24379
2026-08-30 12:00:00+00:00,1788091200000,179.66,180.53,179.66,180.53,25.27,4549.634013
2026-08-30 13:00:00+00:00,1788094800000,180.57,181.07,180.57,181.07,139.6822,25267.151761
2026-08-30 15:00:00+00:00,1788102000000,181.09,181.33,181.09,181.33,5.8809,1065.585802
2026-08-30 16:00:00+00:00,1788105600000,181.37,182.22,181.37,182.22,42.2105,7660.122158
2026-08-30 17:00:00+00:00,1788109200000,182.09,182.09,181.42,181.42,23.199,4220.988991
2026-08-30 18:00:00+00:00,1788112800000,181.44,181.44,181.44,181.44,0.0556,10.088064
2026-08-30 19:00:00+00:00,1788116400000,181.44,181.47,181.3,181.3,31.6057,5731.571467
2026-08-30 20:00:00+00:00,1788120000000,181.31,181.31,180.87,180.88,125.9122,22788.67287
2026-08-30 22:00:00+00:00,1788127200000,180.88,180.88,180.29,180.29,47.7911,8628.040302
2026-08-30 23:00:00+00:00,1788130800000,180.21,180.21,179.28,179.28,107.6959,19325.817032
2026-08-31 00:00:00+00:00,1788134400000,178.84,179.43,177.01,178.49,17808.0,3172942.59
2026-08-31 01:00:00+00:00,1788138000000,178.4,178.4,177.33,177.33,7909.0,1407672.51
2026-08-31 02:00:00+00:00,1788141600000,177.32,178.48,176.91,177.01,3925.0,696820.75
2026-08-31 03:00:00+00:00,1788145200000,177.2,177.94,176.99,177.6,4784.0,848919.06
2026-08-31 04:00:00+00:00,1788148800000,177.57,177.72,176.69,177.52,2324.0,411787.9
2026-08-31 05:00:00+00:00,1788152400000,177.45,179.35,177.21,179.1,6118.0,1092714.5
2026-08-31 06:00:00+00:00,1788156000000,178.82,179.48,178.64,179.29,6406.0,1147655.82
2026-08-31 07:00:00+00:00,1788159600000,179.39,180.0,178.3,180.0,5466.0,982433.6
2026-08-31 08:00:00+00:00,1788163200000,178.3,180.37,178.3,180.37,52700.59083799999,9454849.63041398
2026-08-31 09:00:00+00:00,1788166800000,180.4,181.515,180.266,181.41,23911.667965,4329341.39040385
2026-08-31 10:00:00+00:00,1788170400000,180.765,181.22,180.42,181.22,19750.502129,3571179.757126929
2026-08-31 11:00:00+00:00,1788174000000,181.3,181.3,179.6,181.3,30065.531619,5422775.62356726
2026-08-31 12:00:00+00:00,1788177600000,179.9,180.739,178.507,178.715,61576.912687,11052468.12595084
2026-08-31 13:00:00+00:00,1788181200000,178.84,179.45,176.81,177.08,781780.8299289998,139114146.13788185
2026-08-31 14:00:00+00:00,1788184800000,177.17,181.75,177.038,181.5,1051451.4735579998,188774338.06303525
2026-08-31 15:00:00+00:00,1788188400000,182.2,182.653,180.606,182.46,815111.5764279999,148241815.55907342
2026-08-31 16:00:00+00:00,1788192000000,182.26,185.534,182.17,185.22,876086.7856019997,160820885.79863796
2026-08-31 17:00:00+00:00,1788195600000,185.084,187.23,185.047,186.928,1171437.245434,218360675.11655635
2026-08-31 18:00:00+00:00,1788199200000,186.865,189.384,186.23,189.04,1012946.2350499998,190146114.16402224
2026-08-31 19:00:00+00:00,1788202800000,189.15,189.817,187.855,188.045,1728097.7970559995,326551901.12826365
2026-08-31 20:00:00+00:00,1788206400000,188.49,188.499,187.428,188.12,3308855.574277,622101576.2609504
2026-08-31 21:00:00+00:00,1788210000000,188.134,188.211,187.8,188.125,138551.46301399998,26027030.87864291
2026-08-31 22:00:00+00:00,1788213600000,187.69,188.125,187.127,187.29,24472.325852,4592244.18229073
2026-08-31 23:00:00+00:00,1788217200000,187.2,187.2,186.566,186.903,22048.615515,4119022.83035061
2026-09-01 00:00:00+00:00,1788220800000,186.904,187.93,186.57,186.66,5727.0,1072209.57
2026-09-01 01:00:00+00:00,1788224400000,187.01,187.13,186.3,186.36,4960.0,925382.13
2026-09-01 02:00:00+00:00,1788228000000,186.29,186.64,185.47,186.64,2664.0,495115.34
2026-09-01 03:00:00+00:00,1788231600000,186.33,187.33,186.07,186.99,3288.0,614752.62
2026-09-01 04:00:00+00:00,1788235200000,187.15,187.44,186.7,186.7,2768.0,517935.05
2026-09-01 05:00:00+00:00,1788238800000,186.75,188.08,186.75,187.81,3549.0,665420.03
2026-09-01 06:00:00+00:00,1788242400000,187.8,187.87,186.89,186.89,2331.0,436692.71
2026-09-01 07:00:00+00:00,1788246000000,186.86,186.95,185.82,186.2,5407.0,1007845.23
2026-09-01 08:00:00+00:00,1788249600000,186.904,186.905,183.055,183.055,118658.098852,21902470.61406494
2026-09-01 09:00:00+00:00,1788253200000,182.93,184.089,182.36,183.48,17194.525931999997,3145226.12238663
2026-09-01 10:00:00+00:00,1788256800000,183.56,184.34,182.875,183.715,18868.598497000003,3467616.31284302
2026-09-01 11:00:00+00:00,1788260400000,183.78,184.285,183.1,183.78,36060.377286,6622906.58895042
2026-09-01 12:00:00+00:00,1788264000000,183.1,183.533,182.1,182.1,46428.90894,8494479.9642629
2026-09-01 13:00:00+00:00,1788267600000,182.795,183.8,178.175,180.853,1967474.064459,355165623.90061176
2026-09-01 14:00:00+00:00,1788271200000,181.21,183.092,180.577,182.015,973066.385603,177018971.8825965
2026-09-01 15:00:00+00:00,1788274800000,181.47,181.629,179.638,180.68,769017.484843,138645393.32485965
2026-09-01 16:00:00+00:00,1788278400000,179.93,180.383,177.3,178.2,965403.327212,172241951.92286536
2026-09-01 17:00:00+00:00,1788282000000,178.09,178.44,176.455,176.486,922122.500819,163766989.8296797
2026-09-01 18:00:00+00:00,1788285600000,176.565,176.79,175.01,176.36,1017354.0817700002,179184437.97857842
2026-09-01 19:00:00+00:00,1788289200000,176.405,177.634,176.405,176.82,1131410.341383,200281127.22127727
2026-09-01 20:00:00+00:00,1788292800000,177.0,177.285,176.69,177.01,1258622.316717,222543682.51701137
2026-09-01 21:00:00+00:00,1788296400000,177.0,177.149,176.4,176.6,14658.793056,2591170.34981967
2026-09-01 22:00:00+00:00,1788300000000,176.6,176.74,176.202,176.4,24088.8697,4250660.444578515
2026-09-01 23:00:00+00:00,1788303600000,176.3,177.177,176.3,177.09,18213.943116999995,3219629.54714567
2026-09-02 00:00:00+00:00,1788307200000,176.93,177.15,176.3,176.3,4365.0,771269.34
2026-09-02 01:00:00+00:00,1788310800000,176.26,176.7,175.17,175.68,4025.0,707378.35
2026-09-02 02:00:00+00:00,1788314400000,175.72,176.97,175.41,176.69,2750.0,484961.95
2026-09-02 03:00:00+00:00,1788318000000,176.99,177.89,176.99,177.09,6052.0,1073440.69
2026-09-02 04:00:00+00:00,1788321600000,177.21,177.24,176.49,177.01,2393.0,423434.12
2026-09-02 05:00:00+00:00,1788325200000,176.99,177.89,176.65,177.49,2716.0,482464.15
2026-09-02 06:00:00+00:00,1788328800000,177.55,177.64,176.97,177.16,4063.0,720145.36
2026-09-02 07:00:00+00:00,1788332400000,177.1,177.48,176.27,176.49,4301.0,761188.28
2026-09-02 08:00:00+00:00,1788336000000,176.17,177.01,173.972,174.12,45254.27146,7970005.79787651
2026-09-02 09:00:00+00:00,1788339600000,173.971,175.085,173.456,173.845,27140.132597,4727596.69134988
2026-09-02 10:00:00+00:00,1788343200000,173.845,174.329,172.756,173.639,42821.936893,7425124.7379456125
2026-09-02 11:00:00+00:00,1788346800000,172.99,175.175,172.868,174.09,31830.828485000005,5537424.61273024
2026-09-02 12:00:00+00:00,1788350400000,174.7,176.445,174.7,174.9,45905.076835,8055418.29249812
2026-09-02 13:00:00+00:00,1788354000000,175.31,178.4,172.2,177.42,935593.0322820004,163917021.9674452
2026-09-02 14:00:00+00:00,1788357600000,177.805,178.64,176.895,177.87,763434.5027259998,135707735.48732236
2026-09-02 15:00:00+00:00,1788361200000,177.918,177.986,175.583,176.099,713715.945603,126120742.55293092
2026-09-02 16:00:00+00:00,1788364800000,176.08,176.767,175.145,175.49,447849.2259999999,78880938.15321279
2026-09-02 17:00:00+00:00,1788368400000,175.143,176.915,175.14,176.901,506857.983699,89256595.22240281
2026-09-02 18:00:00+00:00,1788372000000,176.845,177.392,176.161,176.54,332532.154522,58795908.07785203
2026-09-02 19:00:00+00:00,1788375600000,176.085,176.76,174.84,174.89,982329.084306,172456515.2458602
2026-09-02 20:00:00+00:00,1788379200000,175.19,175.629,174.515,175.1,728571.900135,127450248.20565575
2026-09-02 21:00:00+00:00,1788382800000,175.63,175.669,175.3,175.475,17055.977188,2993306.94051681
2026-09-02 22:00:00+00:00,1788386400000,175.07,175.475,174.712,175.07,12051.043618000002,2110357.06650565
2026-09-02 23:00:00+00:00,1788390000000,175.285,175.46,174.901,175.24,8274.784283,1449594.91522136
2026-09-03 00:00:00+00:00,1788393600000,174.97,175.8,174.67,174.99,2402.0,420546.46
2026-09-03 01:00:00+00:00,1788397200000,174.8,176.07,174.79,175.75,1326.0,233134.92
2026-09-03 02:00:00+00:00,1788400800000,175.71,177.17,175.48,177.05,3237.0,572066.79
2026-09-03 03:00:00+00:00,1788404400000,177.06,177.36,176.68,176.99,2918.0,516482.33
2026-09-03 04:00:00+00:00,1788408000000,176.99,177.14,176.33,176.74,1622.0,286538.36
2026-09-03 05:00:00+00:00,1788411600000,176.8,176.86,174.79,176.83,2473.0,434772.88
2026-09-03 06:00:00+00:00,1788415200000,176.81,177.0,176.63,176.76,4634.0,819464.79
2026-09-03 07:00:00+00:00,1788418800000,177.0,178.23,176.93,177.4,13039.0,2316839.39
2026-09-03 08:00:00+00:00,1788422400000,175.587,178.47,175.587,177.66,69690.639397,12384320.903255334
2026-09-03 09:00:00+00:00,1788426000000,177.66,177.875,176.87,177.105,9856.728344,1748451.92913484
2026-09-03 10:00:00+00:00,1788429600000,177.105,177.129,176.145,176.905,8399.700855,1484170.6951928828
2026-09-03 11:00:00+00:00,1788433200000,176.905,177.746,176.77,177.262,30347.632454,5381510.517488443
2026-09-03 12:00:00+00:00,1788436800000,177.256,180.122,177.138,179.671,135778.428484,24267139.12701919
2026-09-03 13:00:00+00:00,1788440400000,179.667,188.83,179.506,186.118,3294500.838171,611163823.1471452
2026-09-03 14:00:00+00:00,1788444000000,186.145,191.57,185.361,191.567,3744883.902521,707194554.5788224
2026-09-03 15:00:00+00:00,1788447600000,191.573,195.725,190.0,195.676,2678056.140431,515276287.69203186
2026-09-03 16:00:00+00:00,1788451200000,195.686,195.85,192.42,192.871,1604615.733139,310456660.6853929
2026-09-03 17:00:00+00:00,1788454800000,192.873,193.789,192.51,193.218,929345.444346,179609057.1066333
2026-09-03 18:00:00+00:00,1788458400000,193.224,193.4,191.273,191.836,1230622.833715,236512541.49502835
2026-09-03 19:00:00+00:00,1788462000000,191.836,193.108,191.63,192.724,1979678.431854,381085951.4751455
2026-09-03 20:00:00+00:00,1788465600000,192.726,192.852,191.51,191.703,1873377.735519,360925381.6648256
2026-09-03 21:00:00+00:00,1788469200000,191.691,192.79,191.0,191.875,57554.947363,11047791.173484888
2026-09-03 22:00:00+00:00,1788472800000,191.875,191.875,190.612,191.35,32884.671602,6292563.6027712235
2026-09-03 23:00:00+00:00,1788476400000,191.35,192.074,191.075,191.717,30975.847102,5940518.393997499
2026-09-04 00:00:00+00:00,1788480000000,191.713,192.49,191.04,191.11,4355.0,834331.67
2026-09-04 01:00:00+00:00,1788483600000,191.23,191.38,190.2,191.0,4156.0,792497.51
2026-09-04 02:00:00+00:00,1788487200000,191.11,191.11,190.21,190.99,3594.0,684813.88
2026-09-04 03:00:00+00:00,1788490800000,191.18,191.49,190.92,190.94,3356.0,641635.01
2026-09-04 04:00:00+00:00,1788494400000,190.92,192.31,190.76,191.71,3621.0,693966.51
2026-09-04 05:00:00+00:00,1788498000000,191.59,191.92,190.6,190.99,7567.0,1448138.16
2026-09-04 06:00:00+00:00,1788501600000,191.09,191.48,189.81,190.51,10661.0,2030306.98
2026-09-04 07:00:00+00:00,1788505200000,190.44,191.05,190.1,190.18,4988.0,950742.61
2026-09-04 08:00:00+00:00,1788508800000,191.48,191.689,189.195,190.76,121493.02989,23139180.66855058
2026-09-04 09:00:00+00:00,1788512400000,190.76,191.455,190.44,191.255,23694.940207,4524317.47856146
2026-09-04 10:00:00+00:00,1788516000000,191.255,191.404,189.795,190.886,26459.956571,5041616.987481173
2026-09-04 11:00:00+00:00,1788519600000,190.938,191.217,189.451,190.0,73567.772962,14014175.053258507
2026-09-04 12:00:00+00:00,1788523200000,190.0,190.87,184.201,185.499,336494.419147,62743339.6902285
2026-09-04 13:00:00+00:00,1788526800000,184.8697,188.9999,183.47,185.53,1952375.955915,361898765.5532741
2026-09-04 14:00:00+00:00,1788530400000,185.68,186.41,182.89,183.58,1688661.096216,311531387.26708007
2026-09-04 15:00:00+00:00,1788534000000,183.7099,187.2799,183.39,185.6575,1306219.149997,242189633.795541
2026-09-04 16:00:00+00:00,1788537600000,185.71,186.39,185.0,185.9,652851.833858,121204814.03879346
2026-09-04 17:00:00+00:00,1788541200000,185.95,185.95,183.97,184.0568,1500797.793416,277545849.905733
2026-09-04 18:00:00+00:00,1788544800000,184.0354,184.67,183.91,184.605,591674.614464,109049784.82202508
2026-09-04 19:00:00+00:00,1788548400000,184.65,185.75,183.435,184.64,1771202.427534,326605115.73712534
2026-09-04 20:00:00+00:00,1788552000000,184.64,185.0,184.1037,184.75,902933.667482,166689718.54473323
2026-09-04 21:00:00+00:00,1788555600000,184.8,185.14,184.65,184.7121,150477.423388,27817353.75375373
2026-09-04 22:00:00+00:00,1788559200000,184.5844,185.0,184.5,184.7351,17246.213506,3185295.8573938
2026-09-04 23:00:00+00:00,1788562800000,184.75,185.21,184.6,184.846,50370.670102,9320878.63363574
2026-09-05 00:00:00+00:00,1788566400000,185.13,185.13,185.13,185.13,0.2692,49.836996
2026-09-05 02:00:00+00:00,1788573600000,185.2,185.2,185.02,185.02,0.1798,33.286018
2026-09-05 03:00:00+00:00,1788577200000,185.2,185.2,183.9,184.08,6.7393,1242.636136
2026-09-05 04:00:00+00:00,1788580800000,184.69,185.21,184.6,184.95,6.5718,1216.147117
2026-09-05 07:00:00+00:00,1788591600000,185.22,185.34,184.92,184.92,7.9305,1468.375522
2026-09-05 13:00:00+00:00,1788613200000,185.21,185.24,185.21,185.24,2.8804,533.484308
2026-09-05 15:00:00+00:00,1788620400000,185.03,185.26,185.03,185.26,36.2636,6718.133908
2026-09-05 16:00:00+00:00,1788624000000,185.29,185.37,185.29,185.37,3.0592,566.974718
2026-09-05 17:00:00+00:00,1788627600000,185.38,185.92,185.38,185.76,20.2807,3763.613056
2026-09-05 18:00:00+00:00,1788631200000,185.79,185.79,185.79,185.79,1.6147,299.995113
2026-09-05 19:00:00+00:00,1788634800000,185.82,185.82,185.26,185.26,29.4649,5461.85253
2026-09-05 23:00:00+00:00,1788649200000,185.26,185.26,185.26,185.26,24.2903,4500.020978
2026-09-06 00:00:00+00:00,1788652800000,185.41,185.76,185.41,185.76,14.4421,2679.935726
2026-09-06 01:00:00+00:00,1788656400000,185.79,186.51,185.65,186.31,79.9471,14886.766119
2026-09-06 02:00:00+00:00,1788660000000,186.53,187.63,184.65,186.11,989.9512,184551.470974
2026-09-06 03:00:00+00:00,1788663600000,186.15,186.35,186.15,186.35,7.0807,1318.58823
2026-09-06 05:00:00+00:00,1788670800000,186.38,186.38,186.26,186.26,1.2977,241.738102
2026-09-06 07:00:00+00:00,1788678000000,186.35,186.35,185.65,185.66,15.3165,2848.673944
2026-09-06 08:00:00+00:00,1788681600000,185.64,185.64,185.64,185.64,0.2424,44.999136
2026-09-06 09:00:00+00:00,1788685200000,185.66,185.66,185.66,185.66,0.1932,35.869512
2026-09-06 10:00:00+00:00,1788688800000,185.66,185.66,185.66,185.66,0.934,173.40644
2026-09-06 11:00:00+00:00,1788692400000,185.7,185.76,185.7,185.76,2.0417,379.167512
2026-09-06 12:00:00+00:00,1788696000000,185.76,185.79,185.76,185.79,4.6471,863.372859
2026-09-06 13:00:00+00:00,1788699600000,185.74,185.75,185.55,185.75,7.6624,1422.919303
2026-09-06 14:00:00+00:00,1788703200000,185.54,185.54,184.41,184.72,117.615,21735.968759
2026-09-06 15:00:00+00:00,1788706800000,184.37,184.37,184.37,184.37,0.0556,10.250972
2026-09-06 16:00:00+00:00,1788710400000,184.72,184.86,184.72,184.86,10.444,1929.821991
2026-09-06 17:00:00+00:00,1788714000000,184.86,184.88,184.86,184.88,1.5966,295.178274
2026-09-06 18:00:00+00:00,1788717600000,184.88,185.39,184.59,185.39,24.4664,4523.167107
2026-09-06 19:00:00+00:00,1788721200000,185.39,185.39,185.39,185.39,0.1078,19.985042
2026-09-06 21:00:00+00:00,1788728400000,185.39,185.72,185.39,185.72,7.0226,1303.064844
2026-09-06 22:00:00+00:00,1788732000000,185.68,185.68,185.29,185.6,7.1713,1330.700228
2026-09-06 23:00:00+00:00,1788735600000,185.62,186.7,185.62,186.7,20.1009,3741.932375
2026-09-07 00:00:00+00:00,1788739200000,186.76,186.89,186.7,186.7,33.6613,6287.752886
2026-09-07 02:00:00+00:00,1788746400000,186.29,186.77,186.29,186.77,9.7058,1810.714906
2026-09-07 03:00:00+00:00,1788750000000,186.76,186.76,185.55,185.55,22.6553,4217.498203
2026-09-07 05:00:00+00:00,1788757200000,185.67,185.69,185.52,185.52,1.9829,368.084767
2026-09-07 07:00:00+00:00,1788764400000,185.7,185.71,184.13,185.04,41.1202,7595.002025
2026-09-07 09:00:00+00:00,1788771600000,185.0,185.6,185.0,185.08,17.0358,3158.718946
2026-09-07 10:00:00+00:00,1788775200000,185.08,185.08,185.08,185.08,0.154,28.50232
2026-09-07 11:00:00+00:00,1788778800000,185.59,185.85,185.59,185.85,10.0359,1863.340972
2026-09-07 12:00:00+00:00,1788782400000,185.77,186.25,185.52,186.22,29.0692,5404.663383
2026-09-07 13:00:00+00:00,1788786000000,186.18,186.18,185.83,185.83,13.9943,2603.115774
2026-09-07 14:00:00+00:00,1788789600000,185.87,185.87,184.62,184.64,18.3824,3406.491476
2026-09-07 15:00:00+00:00,1788793200000,184.64,184.69,184.4,184.4,11.6542,2150.219029
2026-09-07 17:00:00+00:00,1788800400000,184.59,184.98,184.51,184.93,8.6641,1600.540164
2026-09-07 18:00:00+00:00,1788804000000,184.93,185.01,184.93,185.01,1.5693,290.302025
2026-09-07 19:00:00+00:00,1788807600000,184.82,185.41,184.67,185.29,14.5382,2692.830447
2026-09-07 22:00:00+00:00,1788818400000,185.29,185.29,184.67,184.67,14.8116,2740.718456
2026-09-07 23:00:00+00:00,1788822000000,184.79,184.89,184.79,184.89,0.4228,78.153182
2026-09-08 00:00:00+00:00,1788825600000,183.31,185.5,182.4,185.41,16052.0,2958107.8
2026-09-08 01:00:00+00:00,1788829200000,185.42,185.45,184.82,185.39,4571.0,846185.65
2026-09-08 02:00:00+00:00,1788832800000,185.4,185.45,183.68,183.68,6180.0,1141109.21
2026-09-08 03:00:00+00:00,1788836400000,183.68,184.16,183.5,183.85,2523.0,463700.24
2026-09-08 04:00:00+00:00,1788840000000,183.88,183.89,182.9,183.06,3219.0,590523.31
2026-09-08 05:00:00+00:00,1788843600000,182.88,183.2,181.74,181.8,11751.0,2145502.57
2026-09-08 06:00:00+00:00,1788847200000,181.67,181.8,180.82,180.9,9911.0,1797566.18
2026-09-08 07:00:00+00:00,1788850800000,181.01,181.73,180.81,181.24,5371.0,973715.48
2026-09-08 08:00:00+00:00,1788854400000,181.3,184.1,180.21,181.0682,88342.994578,16025509.0415574
2026-09-08 09:00:00+00:00,1788858000000,180.76,182.43,180.35,182.37,23848.929855,4331056.723800673
2026-09-08 10:00:00+00:00,1788861600000,182.57,183.0,182.0,182.3,16974.884212,3093931.566282206
2026-09-08 11:00:00+00:00,1788865200000,182.3,182.52,181.1,182.2,42890.001485,7800145.388466883
2026-09-08 12:00:00+00:00,1788868800000,182.2542,182.568,181.1,182.09,64291.862623,11691746.375509795
2026-09-08 13:00:00+00:00,1788872400000,182.11,182.88,178.33,180.5901,1109667.940724,199573900.4359148
2026-09-08 14:00:00+00:00,1788876000000,180.79,181.98,179.665,180.495,748913.264125,135383147.8022461
2026-09-08 15:00:00+00:00,1788879600000,180.335,182.25,180.1001,181.955,709732.343258,128667918.1658865
2026-09-08 16:00:00+00:00,1788883200000,181.93,182.06,179.92,180.015,493978.717746,89346269.1851894
2026-09-08 17:00:00+00:00,1788886800000,179.99,180.5399,179.1204,179.565,489095.350096,87988696.67643528
2026-09-08 18:00:00+00:00,1788890400000,179.565,181.2998,179.03,179.366,549454.150189,98987882.406403
2026-09-08 19:00:00+00:00,1788894000000,179.31,180.005,178.6666,178.94,1179601.897883,211354231.2744105
2026-09-08 20:00:00+00:00,1788897600000,178.94,179.66,178.5,179.45,1045979.659143,187192786.5585177
2026-09-08 21:00:00+00:00,1788901200000,179.49,179.49,178.94,179.3,11158.192046,2000425.8224067728
2026-09-08 22:00:00+00:00,1788904800000,179.1603,179.42,179.1,179.3885,6591.867163,1181779.99855034
2026-09-08 23:00:00+00:00,1788908400000,179.35,179.42,178.8,178.92,15536.418898,2782218.498263234
2026-09-09 00:00:00+00:00,1788912000000,178.94,179.9,178.94,179.61,2487.0,446421.61
2026-09-09 01:00:00+00:00,1788915600000,179.87,180.5,179.62,180.49,4080.0,735183.58
2026-09-09 02:00:00+00:00,1788919200000,180.5,180.79,180.06,180.13,1740.0,313896.22
2026-09-09 03:00:00+00:00,1788922800000,180.12,180.13,179.64,179.78,2721.0,489450.79
2026-09-09 04:00:00+00:00,1788926400000,179.99,181.4,179.99,181.4,3864.0,699972.81
2026-09-09 05:00:00+00:00,1788930000000,181.28,181.97,180.5,180.79,4683.0,849399.39
2026-09-09 06:00:00+00:00,1788933600000,180.92,181.64,180.68,181.25,3913.0,709081.36
2026-09-09 07:00:00+00:00,1788937200000,181.15,181.79,181.12,181.32,5063.0,919162.09
2026-09-09 08:00:00+00:00,1788940800000,181.84,183.5,179.69,183.38,82832.671106,15104616.82891378
2026-09-09 09:00:00+00:00,1788944400000,183.38,183.38,180.53,180.7,28170.770707,5128620.9127592705
2026-09-09 10:00:00+00:00,1788948000000,180.79,181.6017,180.6282,180.86,18989.720517,3443369.74902306
2026-09-09 11:00:00+00:00,1788951600000,180.825,182.6,180.2512,182.15,55364.057686,10033065.039775444
2026-09-09 12:00:00+00:00,1788955200000,182.13,182.8,181.61,182.63,90803.453833,16553307.75281624
2026-09-09 13:00:00+00:00,1788958800000,182.63,184.8,179.12,179.41,937354.762547,170397107.54214475
2026-09-09 14:00:00+00:00,1788962400000,179.56,180.93,178.1205,179.12,1076429.213298,193200504.82228088
2026-09-09 15:00:00+00:00,1788966000000,179.23,180.42,176.52,177.635,942727.162899,167655612.35757017
2026-09-09 16:00:00+00:00,1788969600000,177.5401,179.12,177.11,177.13,424140.568521,75537173.89887676
2026-09-09 17:00:00+00:00,1788973200000,177.065,178.45,176.6201,178.1,564533.990001,100255369.70380268
2026-09-09 18:00:00+00:00,1788976800000,178.19,178.36,175.8,175.86,524667.636858,92853608.83327483
2026-09-09 19:00:00+00:00,1788980400000,175.86,177.41,174.61,174.72,1005323.472962,176866749.74711332
2026-09-09 20:00:00+00:00,1788984000000,174.707,175.5,174.0,175.16,672833.445748,117557680.08874936
2026-09-09 21:00:00+00:00,1788987600000,175.29,175.5,174.72,174.8,43194.480499,7561591.559006829
2026-09-09 22:00:00+00:00,1788991200000,175.055,175.3,174.3,174.4111,19851.422104,3468928.526739952
2026-09-09 23:00:00+00:00,1788994800000,174.4376,175.49,174.42,175.49,24679.721303,4312970.758272968
2026-09-10 00:00:00+00:00,1788998400000,176.04,176.04,175.0,175.3,6128.0,1074370.57
2026-09-10 01:00:00+00:00,1789002000000,175.28,176.02,174.46,175.16,5231.0,916492.66
2026-09-10 02:00:00+00:00,1789005600000,174.94,175.66,174.42,175.53,4205.0,735697.35
2026-09-10 03:00:00+00:00,1789009200000,175.5,175.75,175.34,175.35,2200.0,386136.23
2026-09-10 04:00:00+00:00,1789012800000,175.41,175.51,175.18,175.32,779.0,136597.76
2026-09-10 05:00:00+00:00,1789016400000,175.5,175.89,175.11,175.77,2670.0,469095.87
2026-09-10 06:00:00+00:00,1789020000000,175.76,175.84,174.86,175.59,5732.0,1004674.86
2026-09-10 07:00:00+00:00,1789023600000,175.46,175.53,174.24,174.28,6910.0,1206945.78
2026-09-10 08:00:00+00:00,1789027200000,174.97,175.99,173.8,174.09,43375.739622,7569357.44989123
2026-09-10 09:00:00+00:00,1789030800000,173.9,174.46,173.5,174.11,17447.07915,3037255.60553763
2026-09-10 10:00:00+00:00,1789034400000,173.75,174.35,173.5075,173.58,15384.677787,2675921.387945849
2026-09-10 11:00:00+00:00,1789038000000,173.95,174.0,172.8717,173.2984,34601.233374,6004572.173307138
2026-09-10 12:00:00+00:00,1789041600000,173.2453,173.46,169.82,170.16,155703.216015,26733999.007999737
2026-09-10 13:00:00+00:00,1789045200000,170.27,172.8899,170.1197,172.67,957123.387448,164014591.7470926
2026-09-10 14:00:00+00:00,1789048800000,172.7,174.46,172.01,173.815,805190.48982,139421515.42949355
2026-09-10 15:00:00+00:00,1789052400000,173.82,173.99,172.345,173.075,438761.51331,75929583.4574585
2026-09-10 16:00:00+00:00,1789056000000,173.0896,173.22,171.595,173.1651,402413.915577,69323002.3788309
2026-09-10 17:00:00+00:00,1789059600000,173.11,174.0,172.52,172.93,449229.555393,77802923.37466563
2026-09-10 18:00:00+00:00,1789063200000,172.895,173.59,171.82,173.56,514006.368896,88589009.58399919
2026-09-10 19:00:00+00:00,1789066800000,173.5,173.85,172.15,172.28,822186.09557,142295215.2524547
2026-09-10 20:00:00+00:00,1789070400000,172.28,172.8,171.6301,171.9269,599413.040427,103243432.5612914
2026-09-10 21:00:00+00:00,1789074000000,172.05,172.5,171.5,171.78,21256.840887,3655583.749365992
2026-09-10 22:00:00+00:00,1789077600000,171.78,172.0,171.0,171.18,11396.351108,1956948.7081172944
2026-09-10 23:00:00+00:00,1789081200000,171.25,171.338,170.5,170.6,25700.548476,4391149.786336133
2026-09-11 00:00:00+00:00,1789084800000,170.29,171.61,170.15,171.0,3386.0,578841.24
2026-09-11 01:00:00+00:00,1789088400000,171.36,171.87,170.82,171.52,2917.0,500247.78
2026-09-11 02:00:00+00:00,1789092000000,171.6,171.72,171.07,171.3,961.0,164657.39
2026-09-11 03:00:00+00:00,1789095600000,171.25,171.41,170.8,171.06,1948.0,333121.25
2026-09-11 04:00:00+00:00,1789099200000,171.24,171.97,171.24,171.74,2798.0,480395.76
2026-09-11 05:00:00+00:00,1789102800000,171.72,172.27,171.51,172.2,1378.0,236894.33
2026-09-11 06:00:00+00:00,1789106400000,172.21,173.0,172.18,172.63,6442.0,1111679.06
2026-09-11 07:00:00+00:00,1789110000000,172.73,173.05,172.45,172.82,4761.0,822623.54
2026-09-11 08:00:00+00:00,1789113600000,172.56,173.71,171.12,173.18,37321.375241,6444129.778670663
2026-09-11 09:00:00+00:00,1789117200000,173.2,173.52,172.31,172.66,17943.267827,3101277.328732696
2026-09-11 10:00:00+00:00,1789120800000,172.61,173.2,172.359,172.83,20052.344859,3464569.93884296
2026-09-11 11:00:00+00:00,1789124400000,172.72,173.29,172.17,172.97,31978.663117,5521727.493909181
2026-09-11 12:00:00+00:00,1789128000000,172.95,176.42,171.06,176.38,207366.06131,36158372.43868939
2026-09-11 13:00:00+00:00,1789131600000,176.34,179.77,172.8,179.405,1262986.173389,221471114.1723307
2026-09-11 14:00:00+00:00,1789135200000,179.64,182.0766,179.0598,181.34,1929569.54782,348753446.9689287
2026-09-11 15:00:00+00:00,1789138800000,181.51,181.52,177.1201,177.865,914843.278111,164608519.05303937
2026-09-11 16:00:00+00:00,1789142400000,177.88,178.88,176.9228,177.505,704874.21261,125179350.65511848
2026-09-11 17:00:00+00:00,1789146000000,177.505,178.07,175.67,175.92,374527.080035,66315188.38869932
2026-09-11 18:00:00+00:00,1789149600000,175.8501,175.88,174.07,174.72,642150.018337,112288653.42057464
2026-09-11 19:00:00+00:00,1789153200000,174.69,175.88,173.87,175.26,1093012.696652,191205015.80621073
2026-09-11 20:00:00+00:00,1789156800000,175.18,175.38,173.0,175.14,1018775.154213,178451160.53644297
2026-09-11 21:00:00+00:00,1789160400000,175.0589,175.6,175.0589,175.19,17288.576795,3032381.9615635
2026-09-11 22:00:00+00:00,1789164000000,175.15,175.6,175.0047,175.19,5581.706029,978692.8821296
2026-09-11 23:00:00+00:00,1789167600000,175.19,175.5,174.9,175.0,8180.32946,1433653.5976314533
2026-09-12 00:00:00+00:00,1789171200000,175.35,175.38,175.35,175.38,1.7117,300.172272
2026-09-12 02:00:00+00:00,1789178400000,175.39,175.39,175.39,175.39,0.114,19.99446
2026-09-12 06:00:00+00:00,1789192800000,175.39,175.39,175.39,175.39,0.0598,10.488322
2026-09-12 07:00:00+00:00,1789196400000,175.39,175.67,175.39,175.54,27.5537,4834.803818
2026-09-12 08:00:00+00:00,1789200000000,175.56,175.76,175.56,175.76,17.8401,3133.512813
2026-09-12 09:00:00+00:00,1789203600000,175.7,175.84,175.7,175.84,4.1299,726.003666
2026-09-12 11:00:00+00:00,1789210800000,175.76,175.76,175.76,175.76,5.9376,1043.592576
2026-09-12 13:00:00+00:00,1789218000000,175.62,175.92,175.62,175.92,12.4166,2183.387808
2026-09-12 15:00:00+00:00,1789225200000,175.75,176.23,175.75,176.1,12.2338,2153.706887
2026-09-12 16:00:00+00:00,1789228800000,176.12,176.16,176.09,176.16,4.521,796.19172
2026-09-12 18:00:00+00:00,1789236000000,176.03,176.03,175.72,175.72,30.7315,5406.501183
2026-09-12 19:00:00+00:00,1789239600000,175.84,175.84,175.64,175.64,7.2328,1270.569756
2026-09-13 02:00:00+00:00,1789264800000,175.75,175.75,175.75,175.75,0.1137,19.982775
2026-09-13 03:00:00+00:00,1789268400000,175.75,175.75,175.75,175.75,0.1137,19.982775
2026-09-13 06:00:00+00:00,1789279200000,175.74,175.74,174.63,174.63,32.8472,5736.26212
2026-09-13 07:00:00+00:00,1789282800000,175.42,175.42,174.47,174.47,33.5738,5861.129702
2026-09-13 09:00:00+00:00,1789290000000,174.67,174.67,172.83,173.1,56.9296,9898.223577
2026-09-13 10:00:00+00:00,1789293600000,173.1,173.11,173.01,173.06,7.0066,1212.517283
2026-09-13 12:00:00+00:00,1789300800000,173.05,173.2,173.05,173.2,0.2405,41.64548
2026-09-13 14:00:00+00:00,1789308000000,173.2,173.79,173.05,173.79,14.9301,2587.429468
2026-09-13 15:00:00+00:00,1789311600000,173.75,173.75,173.51,173.51,19.8088,3440.344797
2026-09-13 16:00:00+00:00,1789315200000,173.65,173.65,173.57,173.57,30.5443,5301.581055
2026-09-13 18:00:00+00:00,1789322400000,173.64,173.64,173.64,173.64,0.1159,20.124876
2026-09-13 19:00:00+00:00,1789326000000,173.64,173.64,173.5,173.5,4.7068,816.877399
2026-09-14 00:00:00+00:00,1789344000000,172.98,173.67,171.95,172.7,7232.0,1249353.58
2026-09-14 01:00:00+00:00,1789347600000,172.71,173.82,172.21,173.82,4540.0,784373.3
2026-09-14 02:00:00+00:00,1789351200000,173.8,176.18,173.6,175.71,8250.0,1443562.25
2026-09-14 03:00:00+00:00,1789354800000,175.78,177.38,175.62,176.63,12097.0,2137014.12
2026-09-14 04:00:00+00:00,1789358400000,176.69,177.15,176.25,177.04,9963.0,1761518.26
2026-09-14 05:00:00+00:00,1789362000000,177.03,177.06,175.81,176.14,4695.0,828514.0
2026-09-14 06:00:00+00:00,1789365600000,176.22,177.25,176.12,176.6,24764.0,4377434.86
2026-09-14 07:00:00+00:00,1789369200000,176.65,177.0,176.61,176.73,12180.0,2153963.13
2026-09-14 08:00:00+00:00,1789372800000,176.51,177.25,175.01,176.14,94117.497174,16577360.001862435
2026-09-14 09:00:00+00:00,1789376400000,176.21,178.56,174.81,177.83,41187.945971,7248962.98682641
2026-09-14 10:00:00+00:00,1789380000000,177.74,177.81,176.862,177.14,26702.824521,4733029.508292807
2026-09-14 11:00:00+00:00,1789383600000,177.07,181.0,176.21,180.2,180879.460593,32388898.356502276
2026-09-14 12:00:00+00:00,1789387200000,180.2149,181.4823,177.9,178.39,118230.519774,21329555.33501332
2026-09-14 13:00:00+00:00,1789390800000,178.41,189.4395,177.17,186.93,2315525.163325,428950699.60567653
2026-09-14 14:00:00+00:00,1789394400000,186.89,189.05,184.16,186.65,2218214.370121,414861221.54780865
2026-09-14 15:00:00+00:00,1789398000000,186.57,188.7649,185.8111,188.4,1214516.945614,227716329.91715056
2026-09-14 16:00:00+00:00,1789401600000,188.39,191.51,188.05,191.16,1370028.62971,260420798.05680487
2026-09-14 17:00:00+00:00,1789405200000,191.16,193.0,190.49,191.66,1195564.347746,229176898.1892867
2026-09-14 18:00:00+00:00,1789408800000,191.46,191.57,189.2201,189.485,1242003.917349,236311695.55715343
2026-09-14 19:00:00+00:00,1789412400000,189.45,193.2168,188.96,191.45,1971896.143563,377814762.3692976
2026-09-14 20:00:00+00:00,1789416000000,191.45,192.8,190.64,190.64,1483507.752169,283990737.2076631
2026-09-14 21:00:00+00:00,1789419600000,190.2775,190.98,189.42,189.55,45955.602725,8734000.633983305
2026-09-14 22:00:00+00:00,1789423200000,189.25,189.8,188.4,189.052,34230.819408,6472371.51418511
2026-09-14 23:00:00+00:00,1789426800000,189.0352,189.05,187.5,187.5,89595.436823,16861618.973604064
2026-09-15 00:00:00+00:00,1789430400000,187.9,188.75,187.2,187.52,11294.0,2119539.8
2026-09-15 01:00:00+00:00,1789434000000,187.4,188.13,186.6,187.61,11854.0,2220900.96
2026-09-15 02:00:00+00:00,1789437600000,187.64,188.11,186.96,187.16,3361.0,630433.64
2026-09-15 03:00:00+00:00,1789441200000,187.1,187.1,185.6,185.61,9821.0,1830949.56
2026-09-15 04:00:00+00:00,1789444800000,185.61,186.06,184.51,184.7,10845.0,2007629.58
2026-09-15 05:00:00+00:00,1789448400000,184.67,184.7,183.79,184.7,13385.0,2468347.81
2026-09-15 06:00:00+00:00,1789452000000,184.7,185.47,184.13,184.25,11666.0,2157584.66
2026-09-15 07:00:00+00:00,1789455600000,184.36,184.59,183.04,183.23,11221.0,2062859.54
2026-09-15 08:00:00+00:00,1789459200000,183.5792,186.18,181.45,183.77,118164.399039,21646257.14808504
2026-09-15 09:00:00+00:00,1789462800000,183.4,184.48,183.05,184.03,30885.609397,5666749.283633832
2026-09-15 10:00:00+00:00,1789466400000,184.0,184.48,183.42,183.93,34993.081529,6436630.840479312
2026-09-15 11:00:00+00:00,1789470000000,184.025,184.64,182.1,183.37,137661.117766,25246195.571417406
2026-09-15 12:00:00+00:00,1789473600000,183.35,185.24,182.66,184.3981,152057.220857,27919203.38990304
2026-09-15 13:00:00+00:00,1789477200000,184.3,184.7,178.75,179.51,2070159.474584,373748579.904022
2026-09-15 14:00:00+00:00,1789480800000,179.61,179.7,176.28,177.71,2061647.918972,366922661.10546327
2026-09-15 15:00:00+00:00,1789484400000,177.755,181.93,177.63,181.28,1904326.286292,343053854.27280957
2026-09-15 16:00:00+00:00,1789488000000,181.255,181.365,179.45,179.61,634254.484372,114209308.1492212
2026-09-15 17:00:00+00:00,1789491600000,179.66,180.7,178.25,178.884,761518.212441,136533531.1319599
2026-09-15 18:00:00+00:00,1789495200000,178.9,178.98,168.07,174.3,6509671.852846,1121742430.5921826
2026-09-15 19:00:00+00:00,1789498800000,174.3001,175.6,171.35,172.11,4376981.701926,758584049.5958381
2026-09-15 20:00:00+00:00,1789502400000,172.1,172.4999,171.23,172.0,1732859.363669,298097127.09965765
2026-09-15 21:00:00+00:00,1789506000000,171.63,172.11,170.5,170.5125,51588.44191,8838105.893364936
2026-09-15 22:00:00+00:00,1789509600000,170.68,171.2633,170.09,171.15,41521.46006,7091335.582401753
2026-09-15 23:00:00+00:00,1789513200000,171.14,172.11,170.72,171.13,44986.907908,7704260.466123278
2026-09-16 00:00:00+00:00,1789516800000,170.92,171.74,170.61,171.45,7946.0,1360970.41
2026-09-16 01:00:00+00:00,1789520400000,171.49,171.73,170.1,170.1,10057.0,1718289.09
2026-09-16 02:00:00+00:00,1789524000000,170.08,172.25,170.08,171.7,10849.0,1862083.01
2026-09-16 03:00:00+00:00,1789527600000,171.65,172.5,171.55,171.72,4077.0,701007.31
2026-09-16 04:00:00+00:00,1789531200000,171.83,172.14,171.48,171.58,3550.0,609972.09
2026-09-16 05:00:00+00:00,1789534800000,171.58,171.99,170.96,171.83,3353.0,574789.51
2026-09-16 06:00:00+00:00,1789538400000,171.97,172.17,171.56,172.17,8834.0,1518544.62
2026-09-16 07:00:00+00:00,1789542000000,172.17,172.47,171.3,171.31,10406.0,1789041.38
2026-09-16 08:00:00+00:00,1789545600000,171.45,172.3692,170.4,171.59,91234.606263,15618469.431319244
2026-09-16 09:00:00+00:00,1789549200000,171.58,172.3615,171.2728,172.0319,18314.540335,3148703.493700304
2026-09-16 10:00:00+00:00,1789552800000,172.0604,172.45,171.39,172.09,22281.846862,3831894.0247066896
2026-09-16 11:00:00+00:00,1789556400000,172.18,174.3197,171.89,174.04,100492.514472,17411936.43008567
2026-09-16 12:00:00+00:00,1789560000000,174.05,174.77,173.2,173.77,81054.436209,14099004.558100974
2026-09-16 13:00:00+00:00,1789563600000,173.5,174.0,169.6101,169.89,1169565.919622,200938260.51494485
2026-09-16 14:00:00+00:00,1789567200000,170.07,170.43,166.2901,167.03,2083921.577417,350141702.4002252
2026-09-16 15:00:00+00:00,1789570800000,167.03,168.2517,164.6,165.5105,2059468.566473,342080373.3649396
2026-09-16 16:00:00+00:00,1789574400000,165.53,166.25,164.58,166.0,1077778.714775,178347254.95354342
2026-09-16 17:00:00+00:00,1789578000000,166.0159,166.24,164.58,165.77,894280.590775,147880280.286013
2026-09-16 18:00:00+00:00,1789581600000,165.85,167.72,161.82,161.84,1785323.0,294234024.6364
2026-09-16 19:00:00+00:00,1789585200000,161.865,164.785,161.21,164.51,2010215.0,328041275.7522
2026-09-16 20:00:00+00:00,1789588800000,164.44,165.6433,164.0,165.2,66290.397029,10949163.785596436
2026-09-16 21:00:00+00:00,1789592400000,165.2,165.66,165.2,165.23,25643.979042,4241222.276247522
2026-09-16 22:00:00+00:00,1789596000000,165.31,165.4,164.7001,164.9192,32762.61197,5405729.655839801
2026-09-16 23:00:00+00:00,1789599600000,164.9291,166.5,164.8,166.2,36860.296224,6104030.910860518
2026-09-17 00:00:00+00:00,1789603200000,166.02,167.18,166.02,166.91,13652.0,2278086.39
2026-09-17 01:00:00+00:00,1789606800000,166.8,167.98,166.53,166.98,5910.0,989203.59
2026-09-17 02:00:00+00:00,1789610400000,166.98,167.4,166.45,167.4,1835.0,306159.77
2026-09-17 03:00:00+00:00,1789614000000,167.18,167.39,167.01,167.17,3126.0,522602.45
2026-09-17 04:00:00+00:00,1789617600000,167.21,167.55,166.59,167.55,3184.0,532050.16
2026-09-17 05:00:00+00:00,1789621200000,167.57,167.6,166.8,166.8,3150.0,526447.59
2026-09-17 06:00:00+00:00,1789624800000,166.81,167.8,166.79,167.65,3224.0,539221.44
2026-09-17 07:00:00+00:00,1789628400000,167.63,168.5,167.62,167.79,21608.0,3632698.59
2026-09-17 08:00:00+00:00,1789632000000,166.99,169.5,166.59,169.14,111808.430385,18846513.530011665
2026-09-17 09:00:00+00:00,1789635600000,169.21,169.9075,168.6,168.61,51985.646478,8803465.193438696
2026-09-17 10:00:00+00:00,1789639200000,168.6,168.75,167.91,168.26,36024.997727,6066456.537471744
2026-09-17 11:00:00+00:00,1789642800000,168.02,168.27,166.8,167.96,74902.945726,12537964.17101653
2026-09-17 12:00:00+00:00,1789646400000,167.96,170.18,167.4866,170.08,147071.843268,24911323.00743123
2026-09-17 13:00:00+00:00,1789650000000,170.27,172.0,165.7327,169.2,1719251.072797,289154401.7840636
2026-09-17 14:00:00+00:00,1789653600000,169.29,171.375,167.79,169.2201,1826300.121687,310097988.64315206
2026-09-17 15:00:00+00:00,1789657200000,169.3,169.84,167.05,169.84,996954.912525,167781240.30535436
2026-09-17 16:00:00+00:00,1789660800000,169.72,171.75,169.23,171.75,840594.528242,143189843.67412427
2026-09-17 17:00:00+00:00,1789664400000,171.76,172.7299,171.02,171.73,843063.574798,144980050.3052468
2026-09-17 18:00:00+00:00,1789668000000,171.715,173.41,171.3417,172.205,859436.467302,148072879.6073584
2026-09-17 19:00:00+00:00,1789671600000,172.2,174.15,171.95,173.97,1764797.792694,305577548.5726903
2026-09-17 20:00:00+00:00,1789675200000,174.0,174.24,173.07,173.4945,1173480.437131,204155227.39347523
2026-09-17 21:00:00+00:00,1789678800000,173.5,173.65,172.16,172.4453,26922.960461,4665660.979935859
2026-09-17 22:00:00+00:00,1789682400000,172.45,172.76,172.0,172.52,11852.366332,2043425.4306207888
2026-09-17 23:00:00+00:00,1789686000000,172.7388,173.38,172.25,173.06,11369.903163,1963528.0916813652
2026-09-18 00:00:00+00:00,1789689600000,173.28,173.38,172.14,173.38,3613.0,624273.54
2026-09-18 01:00:00+00:00,1789693200000,173.47,173.69,172.95,173.69,3629.0,628612.69
2026-09-18 02:00:00+00:00,1789696800000,173.43,174.7,173.24,174.52,5301.0,923801.79
2026-09-18 03:00:00+00:00,1789700400000,174.52,176.01,174.51,175.75,13532.0,2376553.67
2026-09-18 04:00:00+00:00,1789704000000,175.75,176.43,175.32,176.43,5687.0,999454.1
2026-09-18 05:00:00+00:00,1789707600000,176.36,177.4,176.23,176.54,18438.0,3259675.12
2026-09-18 06:00:00+00:00,1789711200000,176.74,177.3,176.74,177.07,9074.0,1607007.77
2026-09-18 07:00:00+00:00,1789714800000,176.96,178.0,176.93,177.26,20191.0,3583806.48
2026-09-18 08:00:00+00:00,1789718400000,177.42,180.1,175.3062,180.08,196963.114605,35088674.466537446
2026-09-18 09:00:00+00:00,1789722000000,179.9,180.65,178.5156,179.28,78235.129745,14066599.77378314
2026-09-18 10:00:00+00:00,1789725600000,179.157,179.6585,178.47,178.7517,32579.357568,5834295.722436801
2026-09-18 11:00:00+00:00,1789729200000,178.72,178.72,175.81,177.0,174788.302786,30898476.917393982
2026-09-18 12:00:00+00:00,1789732800000,177.0459,177.33,176.01,176.42,80661.768658,14239540.496297862
2026-09-18 13:00:00+00:00,1789736400000,176.31,186.24,175.8,185.805,2949903.498714,537589234.4156841
2026-09-18 14:00:00+00:00,1789740000000,185.88,192.7,184.4,192.7,4788503.437527,905074375.6499853
2026-09-18 15:00:00+00:00,1789743600000,192.715,192.9,191.0401,192.69,2513044.419854,483124609.7719692
2026-09-18 16:00:00+00:00,1789747200000,192.67,195.65,191.97,194.5435,2693392.995934,522565566.5394864
2026-09-18 17:00:00+00:00,1789750800000,194.492,196.21,193.8885,196.04,2081073.413529,405575714.937738
2026-09-18 18:00:00+00:00,1789754400000,196.0,196.03,192.91,194.53,1860339.530651,361438382.95821714
2026-09-18 19:00:00+00:00,1789758000000,194.5873,195.19,192.67,194.25,2961489.11618,575128317.6612388
2026-09-18 20:00:00+00:00,1789761600000,194.26,194.7499,193.36,193.9486,2612044.373137,507261038.4005355
2026-09-18 21:00:00+00:00,1789765200000,194.03,194.49,193.65,193.8637,38422.559136,7452317.712766196
2026-09-18 22:00:00+00:00,1789768800000,194.08,194.75,193.8,194.194,36265.097354,7042359.847767127
2026-09-18 23:00:00+00:00,1789772400000,194.39,194.62,193.8,194.62,28161.702031,5466885.212119295
2026-09-19 00:00:00+00:00,1789776000000,194.48,194.8,194.28,194.8,11.8836,2310.303544
2026-09-19 01:00:00+00:00,1789779600000,194.8,194.8,194.8,194.8,12.216,2379.6768
2026-09-19 02:00:00+00:00,1789783200000,194.82,194.82,194.5,194.5,0.3426,66.668532
2026-09-19 03:00:00+00:00,1789786800000,194.82,194.82,194.5,194.5,6.8993,1341.988506
2026-09-19 04:00:00+00:00,1789790400000,194.93,194.93,194.28,194.28,11.9201,2317.674865
2026-09-19 05:00:00+00:00,1789794000000,194.93,194.93,194.93,194.93,0.2,38.986
2026-09-19 06:00:00+00:00,1789797600000,194.4,194.4,194.28,194.28,1.7762,345.186708
2026-09-19 07:00:00+00:00,1789801200000,194.93,194.93,194.93,194.93,0.2058,40.116594
2026-09-19 08:00:00+00:00,1789804800000,194.93,194.93,194.24,194.41,245.8811,47772.041923
2026-09-19 09:00:00+00:00,1789808400000,194.41,194.86,194.41,194.86,116.2529,22610.899208
2026-09-19 10:00:00+00:00,1789812000000,194.8,194.8,194.8,194.8,5.1328,999.86944
2026-09-19 11:00:00+00:00,1789815600000,194.8,194.8,194.8,194.8,0.1039,20.23972
2026-09-19 12:00:00+00:00,1789819200000,194.21,194.86,194.21,194.86,0.8993,175.067081
2026-09-19 13:00:00+00:00,1789822800000,194.86,194.86,194.16,194.86,16.9623,3304.471998
2026-09-19 14:00:00+00:00,1789826400000,194.86,194.86,194.86,194.86,5.7132,1113.274152
2026-09-19 15:00:00+00:00,1789830000000,194.86,195.96,194.54,195.79,114.112,22262.027007
2026-09-19 16:00:00+00:00,1789833600000,195.75,196.64,195.75,196.64,143.2114,28101.16139
2026-09-19 17:00:00+00:00,1789837200000,196.37,196.4,196.04,196.04,102.2497,20058.638921
2026-09-19 18:00:00+00:00,1789840800000,196.04,196.04,195.71,195.71,23.3873,4580.854722
2026-09-19 19:00:00+00:00,1789844400000,195.84,195.84,195.84,195.84,0.2048,40.108032
2026-09-19 21:00:00+00:00,1789851600000,194.48,194.48,193.95,194.04,68.6206,13338.737544
2026-09-19 22:00:00+00:00,1789855200000,194.06,194.06,194.06,194.06,0.29,56.2774
2026-09-19 23:00:00+00:00,1789858800000,194.83,194.83,194.83,194.83,1.6458,320.651214
2026-09-20 00:00:00+00:00,1789862400000,194.02,194.25,194.02,194.25,84.0242,16305.22773
2026-09-20 01:00:00+00:00,1789866000000,194.3,194.4,194.3,194.4,37.517,7289.82106
2026-09-20 02:00:00+00:00,1789869600000,194.4,194.4,192.85,192.85,87.9549,17014.449435
2026-09-20 03:00:00+00:00,1789873200000,192.79,192.79,192.27,192.65,64.6304,12445.15286
2026-09-20 04:00:00+00:00,1789876800000,192.48,192.48,192.48,192.48,1.1588,223.045824
2026-09-20 05:00:00+00:00,1789880400000,192.44,192.44,192.44,192.44,19.0335,3662.80674
2026-09-20 06:00:00+00:00,1789884000000,192.42,192.42,192.22,192.22,95.6642,18403.026896
2026-09-20 07:00:00+00:00,1789887600000,192.35,192.35,192.11,192.11,10.1589,1952.464891
2026-09-20 08:00:00+00:00,1789891200000,192.23,193.04,192.23,192.72,171.8363,33082.304404
2026-09-20 09:00:00+00:00,1789894800000,192.7,192.89,192.66,192.77,35.4384,6828.173404
2026-09-20 10:00:00+00:00,1789898400000,192.64,192.77,192.59,192.59,0.66,127.1536
2026-09-20 11:00:00+00:00,1789902000000,192.57,192.57,192.05,192.4,32.537,6262.201126
2026-09-20 13:00:00+00:00,1789909200000,192.4,192.59,192.4,192.59,14.2748,2748.033094
2026-09-20 14:00:00+00:00,1789912800000,192.59,192.59,192.38,192.38,16.558,3186.055157
2026-09-20 15:00:00+00:00,1789916400000,192.52,193.42,192.52,193.42,104.9598,20244.801531
2026-09-20 16:00:00+00:00,1789920000000,193.62,194.08,193.61,194.08,40.2461,7798.502684
2026-09-20 17:00:00+00:00,1789923600000,193.89,193.89,193.89,193.89,3.739,724.95471
2026-09-20 18:00:00+00:00,1789927200000,193.93,194.01,193.84,194.01,6.2323,1208.499982
2026-09-20 19:00:00+00:00,1789930800000,194.01,194.01,193.82,193.82,7.9066,1532.774861
2026-09-20 20:00:00+00:00,1789934400000,193.93,194.03,193.93,194.03,11.004,2134.676062
2026-09-20 21:00:00+00:00,1789938000000,193.81,193.81,193.27,193.41,25.6416,4963.624227
2026-09-20 22:00:00+00:00,1789941600000,193.51,195.3,193.51,195.3,90.1159,17531.283021
2026-09-20 23:00:00+00:00,1789945200000,195.13,195.13,195.13,195.13,0.1031,20.117903
2026-09-21 00:00:00+00:00,1789948800000,194.8,197.7,194.78,196.81,47223.0,9286200.5
2026-09-21 01:00:00+00:00,1789952400000,196.9,198.24,194.09,194.09,32550.0,6394989.84
2026-09-21 02:00:00+00:00,1789956000000,194.14,195.92,194.14,195.3,13266.0,2591170.85
2026-09-21 03:00:00+00:00,1789959600000,195.31,196.12,195.21,195.57,8794.0,1721184.99
2026-09-21 04:00:00+00:00,1789963200000,195.85,195.91,195.0,195.41,5253.0,1026314.94
2026-09-21 05:00:00+00:00,1789966800000,195.41,196.45,194.89,196.02,10308.0,2019416.84
2026-09-21 06:00:00+00:00,1789970400000,196.16,197.19,196.02,196.65,17280.0,3398764.2
2026-09-21 07:00:00+00:00,1789974000000,196.65,196.95,196.12,196.75,9152.0,1798699.05
2026-09-21 08:00:00+00:00,1789977600000,196.53,202.49,194.89,201.59,338289.10934,67457266.2122753
2026-09-21 09:00:00+00:00,1789981200000,201.28,204.99,201.05,203.0243,203385.862802,41375863.04114446
2026-09-21 10:00:00+00:00,1789984800000,203.2,204.0,202.16,203.1164,123749.640505,25132313.487879585
2026-09-21 11:00:00+00:00,1789988400000,202.91,205.5,202.8,204.51,378270.970589,77266322.78374863
2026-09-21 12:00:00+00:00,1789992000000,204.47,205.4,203.66,205.03,227174.113692,46461365.92901753
2026-09-21 13:00:00+00:00,1789995600000,204.918,208.33,202.61,204.69,3626840.00464,745660680.0666466
2026-09-21 14:00:00+00:00,1789999200000,204.73,206.52,202.81,205.49,2566892.648475,525705978.76741266
2026-09-21 15:00:00+00:00,1790002800000,205.47,206.26,202.83,203.29,1564018.959351,320111906.2869374
2026-09-21 16:00:00+00:00,1790006400000,203.29,203.8,201.6816,203.1,983915.735645,199732035.5122328
2026-09-21 17:00:00+00:00,1790010000000,203.15,203.8802,201.6,203.46,793774.722831,160915322.30952096
2026-09-21 18:00:00+00:00,1790013600000,203.47,203.98,201.76,202.135,769419.873099,156128644.24680606
2026-09-21 19:00:00+00:00,1790017200000,202.23,202.75,200.655,201.05,1710496.645301,344829591.1748714
2026-09-21 20:00:00+00:00,1790020800000,200.95,203.4,200.65,202.64,1451135.505235,291897067.28298366
2026-09-21 21:00:00+00:00,1790024400000,202.74,202.74,201.5,201.86,23252.660116,4698206.28805697
2026-09-21 22:00:00+00:00,1790028000000,201.8,202.0432,201.18,201.85,30535.123662,6157056.756765015
2026-09-21 23:00:00+00:00,1790031600000,201.5226,202.3,201.5001,202.0,21971.877593,4435981.663693341
2026-09-22 00:00:00+00:00,1790035200000,202.1,202.38,199.71,199.71,9847.0,1979794.11
2026-09-22 01:00:00+00:00,1790038800000,199.79,199.95,196.79,197.46,22247.0,4404680.02
2026-09-22 02:00:00+00:00,1790042400000,197.5,198.15,197.0,197.41,9686.0,1913978.09
2026-09-22 03:00:00+00:00,1790046000000,197.5,197.54,196.5,197.36,10227.0,2014682.36
2026-09-22 04:00:00+00:00,1790049600000,197.22,197.26,196.0,196.12,12702.0,2496717.81
2026-09-22 05:00:00+00:00,1790053200000,196.26,196.47,194.77,195.87,16852.0,3292853.76
2026-09-22 06:00:00+00:00,1790056800000,195.87,196.13,194.91,195.63,11669.0,2282941.43
2026-09-22 07:00:00+00:00,1790060400000,195.57,196.48,195.1,195.36,10159.0,1986186.46
2026-09-22 08:00:00+00:00,1790064000000,195.13,198.6875,194.0251,198.14,180986.213299,35536803.97746861
2026-09-22 09:00:00+00:00,1790067600000,198.14,198.92,196.5,198.85,46684.292376,9227425.910356892
2026-09-22 10:00:00+00:00,1790071200000,198.75,198.85,197.4415,198.3683,40229.950945,7969774.420357808
2026-09-22 11:00:00+00:00,1790074800000,198.52,199.93,197.6,199.08,95350.45563,18944810.57501245
2026-09-22 12:00:00+00:00,1790078400000,198.9,199.89,198.21,198.94,93782.531738,18669075.84265079
2026-09-22 13:00:00+00:00,1790082000000,199.06,203.0,198.1125,200.6648,809399.85953,162354431.45477784
2026-09-22 14:00:00+00:00,1790085600000,200.58,200.7,197.2,199.29,1088977.284939,216561908.43304256
2026-09-22 15:00:00+00:00,1790089200000,199.29,201.04,199.0001,199.275,734654.510107,146874769.55992103
2026-09-22 16:00:00+00:00,1790092800000,199.275,199.35,197.8,198.495,593517.571963,117846287.14449568
2026-09-22 17:00:00+00:00,1790096400000,198.49,201.38,198.43,201.19,678896.476132,135891133.1698647
2026-09-22 18:00:00+00:00,1790100000000,201.13,202.1746,200.81,201.77,616960.402098,124341650.55993985
2026-09-22 19:00:00+00:00,1790103600000,201.86,202.43,201.0,201.07,972516.1447650002,196140398.532385
2026-09-22 20:00:00+00:00,1790107200000,201.04,201.53,199.6,200.59,735828.687387,147896355.5958093
2026-09-22 21:00:00+00:00,1790110800000,200.65,200.98,200.0,200.39,50364.10552,10098743.96865514
2026-09-22 22:00:00+00:00,1790114400000,200.0775,200.5,199.7,199.89,14207.538124,2842525.4410000495
2026-09-22 23:00:00+00:00,1790118000000,200.12,200.9,200.0,200.3108,13904.637352,2786666.4587075943
2026-09-23 00:00:00+00:00,1790121600000,200.21,201.99,200.05,201.06,7126.0,1432256.76
2026-09-23 01:00:00+00:00,1790125200000,201.06,202.32,200.56,200.6,10152.0,2044158.9
2026-09-23 02:00:00+00:00,1790128800000,200.98,201.78,200.7,201.78,2683.0,539964.07
2026-09-23 03:00:00+00:00,1790132400000,201.65,202.65,201.5,202.14,5760.0,1164558.18
2026-09-23 04:00:00+00:00,1790136000000,202.18,203.97,201.98,203.74,9167.0,1864274.01
2026-09-23 05:00:00+00:00,1790139600000,203.73,203.77,201.23,201.36,5096.0,1032181.98
2026-09-23 06:00:00+00:00,1790143200000,201.41,201.79,201.0,201.37,7840.0,1578638.04
2026-09-23 07:00:00+00:00,1790146800000,201.2,201.39,199.76,199.76,9024.0,1810983.6
2026-09-23 08:00:00+00:00,1790150400000,200.5,203.99,197.444,198.8,106943.088676,21369752.84099792
2026-09-23 09:00:00+00:00,1790154000000,198.93,199.55,198.0,198.58,16217.889714,3225602.9206888755
2026-09-23 10:00:00+00:00,1790157600000,198.35,199.0,197.51,199.0,27729.360274,5501758.841979561
2026-09-23 11:00:00+00:00,1790161200000,199.16,199.4648,196.531,197.4,71672.053432,14159254.655375782
2026-09-23 12:00:00+00:00,1790164800000,197.43,197.63,195.6,197.38,86338.932456,16985026.744337525
2026-09-23 13:00:00+00:00,1790168400000,197.43,204.5,196.75,202.515,1459487.504845,294347296.21649134
2026-09-23 14:00:00+00:00,1790172000000,202.52,203.21,195.64,199.2851,1764337.165247,350080693.8983228
2026-09-23 15:00:00+00:00,1790175600000,199.29,200.715,198.955,199.375,618182.56362,123545699.48179938
2026-09-23 16:00:00+00:00,1790179200000,199.315,199.9999,198.1,199.575,532766.961342,106211646.77363728
2026-09-23 17:00:00+00:00,1790182800000,199.58,199.94,198.31,199.19,381947.541223,76064731.92896393
2026-09-23 18:00:00+00:00,1790186400000,199.225,199.3,197.91,198.38,401131.054806,79729214.18045938
2026-09-23 19:00:00+00:00,1790190000000,198.42,198.77,196.9,198.13,869419.924702,172265339.81169483
2026-09-23 20:00:00+00:00,1790193600000,198.13,198.5,197.0,198.06,909038.754666,179948022.8270252
2026-09-23 21:00:00+00:00,1790197200000,198.0,198.25,197.5,198.2499,11423.064949,2259738.998715794
2026-09-23 22:00:00+00:00,1790200800000,197.7433,198.8,197.7424,198.45,16940.110698,3362728.781839988
2026-09-23 23:00:00+00:00,1790204400000,198.5,198.8,197.6,197.87,17991.369395,3566695.76649797
2026-09-24 00:00:00+00:00,1790208000000,198.03,198.49,197.18,197.51,4202.0,832267.25
2026-09-24 01:00:00+00:00,1790211600000,197.51,198.51,197.03,197.03,2742.0,541833.33
2026-09-24 02:00:00+00:00,1790215200000,197.01,198.15,195.87,198.15,4740.0,931838.14
2026-09-24 03:00:00+00:00,1790218800000,198.03,198.24,196.25,196.25,1757.0,345798.33
2026-09-24 04:00:00+00:00,1790222400000,196.31,196.73,195.78,196.73,5976.0,1172520.24
2026-09-24 05:00:00+00:00,1790226000000,196.98,198.3,196.71,196.71,1490.0,294319.01
2026-09-24 06:00:00+00:00,1790229600000,196.76,197.49,196.5,196.81,1657.0,326436.29
2026-09-24 07:00:00+00:00,1790233200000,196.5,198.02,196.32,197.66,13529.0,2673112.94
2026-09-24 08:00:00+00:00,1790236800000,196.17,198.31,193.67,194.56,84563.475866,16610629.93662462
2026-09-24 09:00:00+00:00,1790240400000,194.8,194.99,193.1,194.648,36767.550224,7138172.933728654
2026-09-24 10:00:00+00:00,1790244000000,194.34,195.62,194.3,195.5,24896.772925,4851046.017744597
2026-09-24 11:00:00+00:00,1790247600000,195.42,195.86,194.6402,195.08,36228.297827,7074473.549421536
2026-09-24 12:00:00+00:00,1790251200000,195.0,196.53,194.5001,196.0275,46228.163533,9036000.180635622
2026-09-24 13:00:00+00:00,1790254800000,196.14,202.7752,193.69,195.57,1214029.321033,239495710.35584503
2026-09-24 14:00:00+00:00,1790258400000,195.4,200.66,194.75,195.82,1513328.841125,299261219.4802205
2026-09-24 15:00:00+00:00,1790262000000,195.79,197.2999,194.83,196.7204,771848.421894,151317729.5463651
2026-09-24 16:00:00+00:00,1790265600000,196.69,200.61,195.585,197.935,1251226.374742,248605683.80745125
2026-09-24 17:00:00+00:00,1790269200000,197.75,198.8,197.3601,197.9225,426947.398322,84603483.28630432
2026-09-24 18:00:00+00:00,1790272800000,197.83,199.64,197.3,198.77,596295.029817,118348212.76250052
2026-09-24 19:00:00+00:00,1790276400000,198.6825,199.88,198.4239,199.21,779770.444382,155297652.1074094
2026-09-24 20:00:00+00:00,1790280000000,199.16,199.3,198.0201,198.63,650864.775631,129595794.19014122
2026-09-24 21:00:00+00:00,1790283600000,198.65,199.0,198.2001,198.97,13627.730462,2706009.6977677415
2026-09-24 22:00:00+00:00,1790287200000,198.83,199.0,198.04,198.31,13471.98904,2673358.0812453046
2026-09-24 23:00:00+00:00,1790290800000,198.44,198.8,198.24,198.4,22653.168724,4496639.180551659
2026-09-25 00:00:00+00:00,1790294400000,198.63,199.61,198.51,199.32,2696.0,537555.75
2026-09-25 01:00:00+00:00,1790298000000,199.27,200.09,198.65,199.0,6861.0,1369742.29
2026-09-25 02:00:00+00:00,1790301600000,199.56,200.36,198.21,198.33,9853.0,1960533.79
2026-09-25 03:00:00+00:00,1790305200000,198.34,198.92,198.08,198.49,2989.0,592763.84
2026-09-25 04:00:00+00:00,1790308800000,198.4,198.68,197.88,198.48,2456.0,486845.18
2026-09-25 05:00:00+00:00,1790312400000,198.5,198.84,198.2,198.58,1320.0,262118.28
