datetime_utc,timestamp,open,high,low,close,volume,turnover
2026-06-29 00:00:00+00:00,1782691200000,98.67,99.43,97.8,98.59,11588.0,1140656.41
2026-06-29 01:00:00+00:00,1782694800000,98.47,98.67,98.26,98.44,9648.0,950310.15
2026-06-29 02:00:00+00:00,1782698400000,98.38,98.55,98.01,98.5,6393.0,628657.89
2026-06-29 03:00:00+00:00,1782702000000,98.55,99.31,98.55,99.01,15147.0,1499850.87
2026-06-29 04:00:00+00:00,1782705600000,99.06,99.29,99.02,99.12,5656.0,560692.24
2026-06-29 05:00:00+00:00,1782709200000,99.09,99.5,98.65,99.5,8270.0,820527.04
2026-06-29 06:00:00+00:00,1782712800000,99.57,99.93,99.1,99.2,14962.0,1490581.08
2026-06-29 07:00:00+00:00,1782716400000,99.1,100.38,99.1,99.9,10482.0,1046993.19
2026-06-29 08:00:00+00:00,1782720000000,99.22,100.38,98.65,99.7,91305.436365,9102439.82318685
2026-06-29 09:00:00+00:00,1782723600000,99.78,99.9827,99.61,99.78,8268.063449,824933.6285288
2026-06-29 10:00:00+00:00,1782727200000,100.25,100.69,99.88,100.29,26329.306379,2641974.75464119
2026-06-29 11:00:00+00:00,1782730800000,100.44,100.7,100.05,100.35,86440.605755,8671557.33219067
2026-06-29 12:00:00+00:00,1782734400000,100.98,101.8,98.69,100.5,308576.074158,30843412.91638873
2026-06-29 13:00:00+00:00,1782738000000,99.99,101.58,98.98,101.37,3546502.223203,355563091.99255246
2026-06-29 14:00:00+00:00,1782741600000,101.56,101.71,98.05,100.36,4272767.657583999,427589532.3509351
2026-06-29 15:00:00+00:00,1782745200000,100.33,100.49,98.94,100.32,1834322.0790810003,182925017.8532341
2026-06-29 16:00:00+00:00,1782748800000,100.37,101.99,100.33,101.69,2026506.079808,205462385.1665336
2026-06-29 17:00:00+00:00,1782752400000,101.76,102.68,101.7,102.065,1673537.5164439995,170989177.19137123
2026-06-29 18:00:00+00:00,1782756000000,102.085,102.45,101.39,102.19,1700360.7321680002,173309097.5901502
2026-06-29 19:00:00+00:00,1782759600000,102.22,102.85,101.48,101.88,3154859.533258,322320956.50460345
2026-06-29 20:00:00+00:00,1782763200000,101.65,101.83,101.51,101.65,181890.072515,18515536.30967893
2026-06-29 21:00:00+00:00,1782766800000,101.7482,102.0,101.7191,101.9388,13225.062138,1346730.56011817
2026-06-29 22:00:00+00:00,1782770400000,101.8,102.16,101.8,102.1,15389.385865000002,1569267.98816274
2026-06-29 23:00:00+00:00,1782774000000,102.25,102.35,101.92,102.25,15165.581901,1549233.95286389
2026-06-30 00:00:00+00:00,1782777600000,102.0,102.43,101.25,101.63,6374.0,649480.1
2026-06-30 01:00:00+00:00,1782781200000,101.64,102.17,101.49,102.04,1963.0,199995.39
2026-06-30 02:00:00+00:00,1782784800000,102.02,102.4,101.67,102.21,3442.0,351523.55
2026-06-30 03:00:00+00:00,1782788400000,102.24,102.38,102.12,102.13,3268.0,334032.08
2026-06-30 04:00:00+00:00,1782792000000,102.13,102.43,102.03,102.27,3876.0,396257.92
2026-06-30 05:00:00+00:00,1782795600000,102.3,102.3,101.88,101.99,5711.0,583188.66
2026-06-30 06:00:00+00:00,1782799200000,102.02,102.02,101.83,102.02,4109.0,418914.84
2026-06-30 07:00:00+00:00,1782802800000,101.99,102.2,101.85,101.98,4262.0,434796.77
2026-06-30 08:00:00+00:00,1782806400000,102.2,102.41,101.4,101.69,51257.197319,5226983.45092342
2026-06-30 09:00:00+00:00,1782810000000,101.72,102.0,101.59,102.0,4389.6041000000005,446951.68426405
2026-06-30 10:00:00+00:00,1782813600000,101.88,102.16,101.88,102.08,11022.971896,1124392.73676553
2026-06-30 11:00:00+00:00,1782817200000,102.05,102.35,101.85,101.96,34165.100832,3488126.96756404
2026-06-30 12:00:00+00:00,1782820800000,101.49,101.9,100.157,100.5,102358.748716,10327526.89520031
2026-06-30 13:00:00+00:00,1782824400000,100.12,102.66,99.92,101.88,2714552.8140549995,276010301.02748424
2026-06-30 14:00:00+00:00,1782828000000,101.78,102.45,100.1123,100.405,2659507.767678,269983654.34670687
2026-06-30 15:00:00+00:00,1782831600000,100.415,103.06,100.34,101.46,2833291.04828,288689974.82045054
2026-06-30 16:00:00+00:00,1782835200000,101.43,101.83,100.51,101.15,1866397.349455,188839284.2218327
2026-06-30 17:00:00+00:00,1782838800000,101.09,101.29,99.94,100.16,1168029.667777,117456128.9679209
2026-06-30 18:00:00+00:00,1782842400000,100.15,100.7462,99.661,100.735,1540484.3919899997,154172602.24099433
2026-06-30 19:00:00+00:00,1782846000000,100.68,101.33,100.25,100.28,2457313.1004200005,247322666.00583205
2026-06-30 20:00:00+00:00,1782849600000,100.28,100.4,100.0,100.18,212302.257999,21283280.13417395
2026-06-30 21:00:00+00:00,1782853200000,100.1818,100.29,100.1,100.2318,22876.990251000003,2292951.58206163
2026-06-30 22:00:00+00:00,1782856800000,100.23,100.45,100.22,100.42,23025.802372,2310528.74417881
2026-06-30 23:00:00+00:00,1782860400000,100.2509,100.42,100.25,100.3,24210.79,2430070.887406
2026-07-01 00:00:00+00:00,1782864000000,100.39,100.46,100.3,100.4,3063.0,307389.75
2026-07-01 01:00:00+00:00,1782867600000,100.36,100.36,99.18,100.23,4955.0,494237.66
2026-07-01 02:00:00+00:00,1782871200000,100.09,100.33,99.62,100.22,4959.0,496179.56
2026-07-01 03:00:00+00:00,1782874800000,100.25,100.41,100.05,100.39,1675.0,167936.22
2026-07-01 04:00:00+00:00,1782878400000,100.22,100.53,100.06,100.4,2812.0,282142.64
2026-07-01 05:00:00+00:00,1782882000000,100.41,100.5,100.03,100.1,3112.0,311773.92
2026-07-01 06:00:00+00:00,1782885600000,100.1,100.1,99.68,99.84,3940.0,393544.59
2026-07-01 07:00:00+00:00,1782889200000,99.81,99.96,99.44,99.96,2699.0,268807.82
2026-07-01 08:00:00+00:00,1782892800000,100.22,100.5,99.4114,100.18,32153.2994,3214850.85583894
2026-07-01 09:00:00+00:00,1782896400000,100.04,100.14,99.7147,100.08,10709.1,1069749.13356
2026-07-01 10:00:00+00:00,1782900000000,100.1,100.2,99.98,100.19,7241.763843000001,724828.86722225
2026-07-01 11:00:00+00:00,1782903600000,100.16,100.44,100.01,100.36,29838.6192,2990551.73842464
2026-07-01 12:00:00+00:00,1782907200000,100.0,100.22,99.28,99.57,64771.667071,6459348.02148877
2026-07-01 13:00:00+00:00,1782910800000,99.69,104.57,99.65,104.51,3329087.3839870007,341733483.2361728
2026-07-01 14:00:00+00:00,1782914400000,104.57,105.87,103.765,105.39,4715396.669791,494674817.6600956
2026-07-01 15:00:00+00:00,1782918000000,105.4,108.34,105.34,108.26,4442989.781307,478025713.5606014
2026-07-01 16:00:00+00:00,1782921600000,108.21,109.09,107.73,107.88,2815537.2633740003,305218035.48233217
2026-07-01 17:00:00+00:00,1782925200000,107.84,108.97,107.49,108.2,2035433.1068470003,220331970.03659543
2026-07-01 18:00:00+00:00,1782928800000,108.16,109.1,107.56,107.94,2777206.0411090003,300262907.8259777
2026-07-01 19:00:00+00:00,1782932400000,107.96,109.53,107.81,108.68,5121716.637921001,556992318.2622106
2026-07-01 20:00:00+00:00,1782936000000,108.415,108.7,108.12,108.25,127451.301785,13821711.32467789
2026-07-01 21:00:00+00:00,1782939600000,108.35,109.0,108.28,108.88,93059.239583,10110970.13400857
2026-07-01 22:00:00+00:00,1782943200000,108.88,109.0,108.29,108.88,41625.085964,4525242.08301609
2026-07-01 23:00:00+00:00,1782946800000,108.46,108.59,108.0,108.02,35615.292095,3854012.67277177
2026-07-02 00:00:00+00:00,1782950400000,107.99,108.1,107.33,108.04,12179.0,1312186.05
2026-07-02 01:00:00+00:00,1782954000000,108.14,108.84,108.05,108.59,4509.0,488721.78
2026-07-02 02:00:00+00:00,1782957600000,108.63,109.14,108.49,108.97,9015.0,980493.42
2026-07-02 03:00:00+00:00,1782961200000,109.02,109.19,108.57,109.17,7902.0,860598.28
2026-07-02 04:00:00+00:00,1782964800000,109.2,109.29,108.49,108.96,8379.0,912536.08
2026-07-02 05:00:00+00:00,1782968400000,108.94,109.21,108.41,108.55,5203.0,566102.33
2026-07-02 06:00:00+00:00,1782972000000,108.55,108.55,107.41,107.5,17373.0,1875064.41
2026-07-02 07:00:00+00:00,1782975600000,107.5,107.73,106.85,107.62,15058.0,1615709.3
2026-07-02 08:00:00+00:00,1782979200000,108.06,109.58,106.83,109.32,186394.152159,20209189.48655267
2026-07-02 09:00:00+00:00,1782982800000,109.48,111.5,109.102,111.34,104638.12825,11561853.95141703
2026-07-02 10:00:00+00:00,1782986400000,111.49,112.81,110.5593,112.175,108712.37932400004,12173036.06109111
2026-07-02 11:00:00+00:00,1782990000000,111.66,112.3,111.54,111.89,228388.119409,25588993.15838735
2026-07-02 12:00:00+00:00,1782993600000,112.09,113.1883,111.595,112.7,340302.281014,38270088.25078153
2026-07-02 13:00:00+00:00,1782997200000,112.55,118.91,112.21,118.21,10821957.892369997,1265358508.7611513
2026-07-02 14:00:00+00:00,1783000800000,118.18,120.05,114.7801,115.61,9518403.423458004,1117466272.9560237
2026-07-02 15:00:00+00:00,1783004400000,115.675,115.675,113.1,113.53,4947163.959224001,563808487.7769225
2026-07-02 16:00:00+00:00,1783008000000,113.535,113.77,111.14,112.035,3564980.4575030003,400283492.2273976
2026-07-02 17:00:00+00:00,1783011600000,112.045,112.58,110.93,111.315,2325788.845486,259746191.47383735
2026-07-02 18:00:00+00:00,1783015200000,111.34,113.73,111.22,113.24,2793031.243311,314777972.75864166
2026-07-02 19:00:00+00:00,1783018800000,113.28,113.34,111.655,112.71,3991251.671606,449456048.1150531
2026-07-02 20:00:00+00:00,1783022400000,112.33,112.73,111.7519,111.96,216655.157094,24356979.39494734
2026-07-02 21:00:00+00:00,1783026000000,112.08,112.2,111.7599,111.9,29782.548657,3334751.97312429
2026-07-02 22:00:00+00:00,1783029600000,111.8835,111.9,111.6,111.8275,31663.305034,3538516.82242215
2026-07-02 23:00:00+00:00,1783033200000,111.74,112.0,111.62,111.96,46106.944986,5158408.11947769
2026-07-03 00:00:00+00:00,1783036800000,111.975,111.975,111.975,111.975,0.0,0.0
2026-07-03 04:00:00+00:00,1783051200000,111.96,111.96,111.96,111.96,0.0911,10.199556
2026-07-03 06:00:00+00:00,1783058400000,111.96,111.96,111.96,111.96,0.4465,49.99014
2026-07-03 07:00:00+00:00,1783062000000,111.98,112.0,111.81,111.86,7.2086,807.050687
2026-07-03 09:00:00+00:00,1783069200000,112.02,112.02,111.88,111.88,0.8422,94.296604
2026-07-03 12:00:00+00:00,1783080000000,112.03,112.03,111.92,111.92,0.664,74.364976
2026-07-03 13:00:00+00:00,1783083600000,111.92,111.92,111.6,111.6,4.9984,558.257242
2026-07-03 14:00:00+00:00,1783087200000,111.75,111.85,111.58,111.58,6.3082,704.337756
2026-07-03 16:00:00+00:00,1783094400000,111.66,111.67,111.57,111.57,1.325,147.899388
2026-07-03 17:00:00+00:00,1783098000000,111.55,111.55,111.55,111.55,0.4465,49.807075
2026-07-04 04:00:00+00:00,1783137600000,111.55,111.55,111.32,111.32,6.8233,760.551696
2026-07-04 05:00:00+00:00,1783141200000,111.46,111.52,111.26,111.26,5.5613,619.359394
2026-07-04 06:00:00+00:00,1783144800000,111.44,111.55,110.53,111.55,111.2533,12399.790613
2026-07-04 07:00:00+00:00,1783148400000,111.42,111.54,110.22,110.22,7.0661,781.199441
2026-07-04 11:00:00+00:00,1783162800000,110.39,110.39,110.39,110.39,0.135,14.90265
2026-07-04 13:00:00+00:00,1783170000000,110.39,110.39,110.39,110.39,0.1804,19.914356
2026-07-04 17:00:00+00:00,1783184400000,110.39,111.5,110.2,110.2,0.893,98.54314
2026-07-04 19:00:00+00:00,1783191600000,110.4,112.1,110.4,112.1,7.8402,876.74542
2026-07-05 00:00:00+00:00,1783209600000,112.11,112.26,112.11,112.26,41.4001,4646.817081
2026-07-05 01:00:00+00:00,1783213200000,112.5,112.55,112.5,112.55,6.9359,780.39315
2026-07-05 04:00:00+00:00,1783224000000,112.58,112.83,112.58,112.83,34.3841,3876.396243
2026-07-05 07:00:00+00:00,1783234800000,112.98,112.98,112.91,112.91,0.9028,101.966746
2026-07-05 09:00:00+00:00,1783242000000,113.0,113.02,112.83,112.83,4.5522,514.145534
2026-07-05 10:00:00+00:00,1783245600000,113.04,113.46,112.7,113.29,41.0619,4650.82345
2026-07-05 11:00:00+00:00,1783249200000,113.48,113.49,113.48,113.49,6.5194,739.862226
2026-07-05 12:00:00+00:00,1783252800000,113.53,113.58,113.43,113.47,11.3243,1285.395586
2026-07-05 13:00:00+00:00,1783256400000,113.61,113.61,113.43,113.43,3.9474,448.135685
2026-07-05 14:00:00+00:00,1783260000000,113.63,113.64,113.63,113.64,1.38,156.8175
2026-07-05 15:00:00+00:00,1783263600000,113.65,113.66,113.65,113.66,3.5275,400.918045
2026-07-05 16:00:00+00:00,1783267200000,113.67,113.67,113.09,113.09,40.8056,4621.249277
2026-07-05 20:00:00+00:00,1783281600000,113.1,113.4,113.04,113.04,4.1088,464.782686
2026-07-05 21:00:00+00:00,1783285200000,113.41,113.41,113.04,113.04,1.8205,206.340215
2026-07-05 22:00:00+00:00,1783288800000,113.04,113.46,113.02,113.46,11.7661,1334.038895
2026-07-05 23:00:00+00:00,1783292400000,113.48,113.49,113.48,113.49,2.9499,334.765191
2026-07-06 00:00:00+00:00,1783296000000,115.0,115.52,111.99,114.96,73813.0,8445260.23
2026-07-06 01:00:00+00:00,1783299600000,114.96,115.13,114.11,114.41,16503.0,1894730.73
2026-07-06 02:00:00+00:00,1783303200000,114.41,114.65,113.88,114.14,10331.0,1179150.45
2026-07-06 03:00:00+00:00,1783306800000,114.14,114.3,113.88,114.04,6020.0,687246.15
2026-07-06 04:00:00+00:00,1783310400000,114.07,114.66,114.03,114.55,8619.0,985306.06
2026-07-06 05:00:00+00:00,1783314000000,114.58,114.79,114.2,114.66,9882.0,1131838.77
2026-07-06 06:00:00+00:00,1783317600000,114.61,114.66,114.37,114.54,6751.0,772920.09
2026-07-06 07:00:00+00:00,1783321200000,114.53,114.94,114.42,114.72,11864.0,1360687.44
2026-07-06 08:00:00+00:00,1783324800000,114.79,115.16,114.09,114.75,112626.841186,12907002.21186324
2026-07-06 09:00:00+00:00,1783328400000,114.52,114.85,113.86,114.48,28092.959230000004,3213396.28574801
2026-07-06 10:00:00+00:00,1783332000000,114.01,114.76,114.0,114.2,12004.745751,1372676.65052522
2026-07-06 11:00:00+00:00,1783335600000,114.3,114.85,113.8,114.23,98822.88603900002,11306059.56992969
2026-07-06 12:00:00+00:00,1783339200000,113.26,113.944,112.51,112.7,128522.902667,14548715.4681628
2026-07-06 13:00:00+00:00,1783342800000,112.75,115.1,111.2,114.37,3659221.026141999,414918706.23213863
2026-07-06 14:00:00+00:00,1783346400000,114.3,115.51,113.83,115.19,3304436.313781,379405794.6830244
2026-07-06 15:00:00+00:00,1783350000000,115.27,118.35,115.19,118.265,3915294.966205999,457884741.11936927
2026-07-06 16:00:00+00:00,1783353600000,118.29,118.35,116.64,116.69,2599972.863191,305482771.5714813
2026-07-06 17:00:00+00:00,1783357200000,116.64,117.72,115.825,115.99,1875377.7293389996,219163955.4236999
2026-07-06 18:00:00+00:00,1783360800000,116.015,117.23,115.95,116.88,1842254.620559,214875973.3054504
2026-07-06 19:00:00+00:00,1783364400000,116.88,118.65,116.83,117.62,6035623.277006999,712801676.9535773
2026-07-06 20:00:00+00:00,1783368000000,117.37,117.75,117.25,117.36,211949.883481,24906993.82743284
2026-07-06 21:00:00+00:00,1783371600000,117.58,118.1436,117.3137,117.95,49434.233853,5823229.16229877
2026-07-06 22:00:00+00:00,1783375200000,117.64,117.75,117.39,117.64,34814.73609400001,4094174.6684447
2026-07-06 23:00:00+00:00,1783378800000,117.4,117.55,117.0589,117.16,45824.209499,5374254.12520082
2026-07-07 00:00:00+00:00,1783382400000,117.19,117.8,117.09,117.37,6642.0,780129.28
2026-07-07 01:00:00+00:00,1783386000000,117.28,117.28,116.07,116.73,11727.0,1367496.77
2026-07-07 02:00:00+00:00,1783389600000,116.73,116.9,115.81,115.83,15153.0,1762141.06
2026-07-07 03:00:00+00:00,1783393200000,115.94,116.28,114.76,115.09,25233.0,2915614.25
2026-07-07 04:00:00+00:00,1783396800000,115.13,115.28,114.66,114.82,8496.0,977054.78
2026-07-07 05:00:00+00:00,1783400400000,114.91,116.15,114.12,116.03,21714.0,2494984.69
2026-07-07 06:00:00+00:00,1783404000000,116.03,116.82,115.9,116.76,12305.0,1430735.38
2026-07-07 07:00:00+00:00,1783407600000,116.79,117.11,116.54,116.74,7369.0,861236.63
2026-07-07 08:00:00+00:00,1783411200000,117.0,117.1,114.12,116.7,123780.497619,14334177.72187258
2026-07-07 09:00:00+00:00,1783414800000,116.62,117.0,116.47,116.62,14642.033563,1710196.84117518
2026-07-07 10:00:00+00:00,1783418400000,116.79,116.99,116.2329,116.6,13515.833646,1577362.6624897
2026-07-07 11:00:00+00:00,1783422000000,116.46,116.8,116.0,116.77,81270.172067,9469259.11452416
2026-07-07 12:00:00+00:00,1783425600000,116.81,117.15,115.488,115.64,1450828.291571,170392093.45506862
2026-07-07 13:00:00+00:00,1783429200000,115.61,117.85,114.43,114.99,3723230.81735,433709105.1898946
2026-07-07 14:00:00+00:00,1783432800000,115.065,115.45,112.53,113.51,4387334.940065001,499452015.9095297
2026-07-07 15:00:00+00:00,1783436400000,113.395,114.75,113.32,114.72,2048055.1309599995,233891377.64935455
2026-07-07 16:00:00+00:00,1783440000000,114.735,116.1,114.4619,115.195,1933635.4776560003,222962866.20336705
2026-07-07 17:00:00+00:00,1783443600000,115.195,115.57,114.145,115.5,1682328.142833001,193400106.83445323
2026-07-07 18:00:00+00:00,1783447200000,115.55,115.605,113.6401,113.77,1441766.2470059996,165314648.0012043
2026-07-07 19:00:00+00:00,1783450800000,113.755,113.97,112.74,112.935,2752697.129561001,311882511.66725206
2026-07-07 20:00:00+00:00,1783454400000,112.94,113.24,112.46,112.5,155775.82306399997,17571964.59150608
2026-07-07 21:00:00+00:00,1783458000000,112.44,113.0,112.23,112.31,43299.479752,4871416.62939471
2026-07-07 22:00:00+00:00,1783461600000,112.23,112.4097,111.85,112.05,39602.30659,4440448.22871034
2026-07-07 23:00:00+00:00,1783465200000,112.18,112.38,111.15,111.26,36066.109521000006,4030777.25295458
2026-07-08 00:00:00+00:00,1783468800000,111.63,113.22,111.25,113.1,6756.0,759180.2
2026-07-08 01:00:00+00:00,1783472400000,113.1,113.21,111.51,111.51,8776.0,986081.57
2026-07-08 02:00:00+00:00,1783476000000,111.65,112.25,111.5,112.0,12446.0,1391358.11
2026-07-08 03:00:00+00:00,1783479600000,112.01,112.3,111.43,111.43,13224.0,1478920.36
2026-07-08 04:00:00+00:00,1783483200000,111.44,111.84,111.19,111.42,7980.0,889733.55
2026-07-08 05:00:00+00:00,1783486800000,111.61,111.82,111.11,111.22,10385.0,1155818.32
2026-07-08 06:00:00+00:00,1783490400000,111.18,111.3,110.71,110.99,27198.0,3020729.14
2026-07-08 07:00:00+00:00,1783494000000,110.91,111.64,110.68,111.39,9355.0,1038308.38
2026-07-08 08:00:00+00:00,1783497600000,110.8,111.99,107.63,108.19,200087.12431900005,22037295.74180819
2026-07-08 09:00:00+00:00,1783501200000,108.1,108.58,106.61,107.06,106119.97679,11401997.23421548
2026-07-08 10:00:00+00:00,1783504800000,107.32,108.7021,107.16,107.32,43883.555539,4742798.64363295
2026-07-08 11:00:00+00:00,1783508400000,108.51,109.8,108.1076,109.35,129022.46644400002,14013517.14788217
2026-07-08 12:00:00+00:00,1783512000000,109.2,110.28,108.85,109.99,124941.335288,13694444.93691182
2026-07-08 13:00:00+00:00,1783515600000,109.33,112.99,108.89,112.04,3021438.657499,336390664.35718817
2026-07-08 14:00:00+00:00,1783519200000,112.03,112.58,109.61,110.7,2804841.494600001,311813387.50223374
2026-07-08 15:00:00+00:00,1783522800000,110.79,110.9,109.09,109.55,2095441.969768,230155802.36822593
2026-07-08 16:00:00+00:00,1783526400000,109.61,111.239,109.51,110.97,1617698.1139870004,178998619.8522844
2026-07-08 17:00:00+00:00,1783530000000,110.895,112.09,110.27,111.6,1519006.8961170004,169006833.87163204
2026-07-08 18:00:00+00:00,1783533600000,111.59,112.895,111.4601,112.68,1549673.8051710003,173861933.354028
2026-07-08 19:00:00+00:00,1783537200000,112.71,114.13,112.395,113.54,3592273.7391759995,407300618.0047489
2026-07-08 20:00:00+00:00,1783540800000,113.31,113.8,111.4084,112.97,152878.508335,17341559.56306906
2026-07-08 21:00:00+00:00,1783544400000,113.1188,113.1188,112.8,113.0,8606.660000000002,972203.149604
2026-07-08 22:00:00+00:00,1783548000000,113.0,113.3885,112.8,113.2242,13483.97,1526971.956695
2026-07-08 23:00:00+00:00,1783551600000,113.36,113.7,113.1,113.36,20933.13,2374248.164478
2026-07-09 00:00:00+00:00,1783555200000,113.08,113.62,112.9,113.53,2962.0,335354.48
2026-07-09 01:00:00+00:00,1783558800000,113.63,114.31,113.27,113.28,8828.0,1005662.3
2026-07-09 02:00:00+00:00,1783562400000,113.28,113.86,112.86,112.87,7248.0,820570.38
2026-07-09 03:00:00+00:00,1783566000000,112.84,113.1,112.49,112.68,14782.0,1665093.7
2026-07-09 04:00:00+00:00,1783569600000,112.69,113.32,112.36,113.28,4627.0,521365.23
2026-07-09 05:00:00+00:00,1783573200000,113.29,114.27,113.09,114.27,8569.0,973098.17
2026-07-09 06:00:00+00:00,1783576800000,114.33,114.81,114.19,114.65,12359.0,1416869.84
2026-07-09 07:00:00+00:00,1783580400000,114.71,114.75,114.31,114.37,10819.0,1240281.55
2026-07-09 08:00:00+00:00,1783584000000,114.94,114.95,112.5,114.94,77358.722778,8834265.57490799
2026-07-09 09:00:00+00:00,1783587600000,114.3,114.5,114.1,114.32,5054.154947,577734.89242113
2026-07-09 10:00:00+00:00,1783591200000,114.39,114.64,113.41,114.39,41484.873122,4739377.10251321
2026-07-09 11:00:00+00:00,1783594800000,114.22,114.64,113.67,114.36,52760.212866,6027748.79951477
2026-07-09 12:00:00+00:00,1783598400000,113.99,114.42,112.8648,113.0,92011.098174,10455662.73878286
2026-07-09 13:00:00+00:00,1783602000000,112.96,116.88,111.63,116.72,3107292.396883,356282146.22660476
2026-07-09 14:00:00+00:00,1783605600000,116.71,117.45,114.04,115.745,3787622.251305001,438620670.90344894
2026-07-09 15:00:00+00:00,1783609200000,115.625,117.18,115.57,117.18,2237631.504643,260629024.55589527
2026-07-09 16:00:00+00:00,1783612800000,117.16,117.65,116.5,116.59,1712402.4273089992,200453828.14079145
2026-07-09 17:00:00+00:00,1783616400000,116.59,116.93,116.09,116.52,1298256.4340889996,151365275.55815735
2026-07-09 18:00:00+00:00,1783620000000,116.5,117.05,115.77,115.89,1442037.7650099995,167953850.08316165
2026-07-09 19:00:00+00:00,1783623600000,115.945,115.985,114.77,115.13,2751959.839432,317308950.17004395
2026-07-09 20:00:00+00:00,1783627200000,115.04,115.2,114.75,115.01,67990.768367,7820862.50094979
2026-07-09 21:00:00+00:00,1783630800000,115.07,115.1999,115.02,115.07,15390.434596,1771803.77529953
2026-07-09 22:00:00+00:00,1783634400000,115.1,115.2,115.0337,115.18,7393.0,851091.0316
2026-07-09 23:00:00+00:00,1783638000000,115.1735,115.25,115.13,115.25,20614.0,2374753.414
2026-07-10 00:00:00+00:00,1783641600000,114.99,115.06,114.65,114.85,2868.0,329383.87
2026-07-10 01:00:00+00:00,1783645200000,114.78,115.69,114.69,115.49,8138.0,937726.84
2026-07-10 02:00:00+00:00,1783648800000,115.49,115.87,115.27,115.86,4116.0,475544.57
2026-07-10 03:00:00+00:00,1783652400000,115.79,115.86,115.7,115.76,776.0,89816.04
2026-07-10 04:00:00+00:00,1783656000000,115.8,116.09,115.65,115.94,10893.0,1262791.2
2026-07-10 05:00:00+00:00,1783659600000,115.96,115.96,115.66,115.66,2596.0,300593.31
2026-07-10 06:00:00+00:00,1783663200000,115.72,115.78,115.41,115.56,5518.0,637795.93
2026-07-10 07:00:00+00:00,1783666800000,115.56,115.77,115.43,115.51,3102.0,358783.64
2026-07-10 08:00:00+00:00,1783670400000,115.5,116.4562,115.3572,116.3,61778.32715900001,7161436.35176202
2026-07-10 09:00:00+00:00,1783674000000,116.99,118.6,116.2387,117.99,58148.6618,6847318.92972372
2026-07-10 10:00:00+00:00,1783677600000,118.61,119.55,118.4331,118.68,92987.960977,11060676.18951561
2026-07-10 11:00:00+00:00,1783681200000,118.73,119.3,118.07,118.78,128325.047083,15232696.38894043
2026-07-10 12:00:00+00:00,1783684800000,118.47,119.25,117.9,118.68,215847.85217899995,25603850.64068776
2026-07-10 13:00:00+00:00,1783688400000,118.05,119.5,110.62,110.99,6452156.661784998,737361496.328116
2026-07-10 14:00:00+00:00,1783692000000,110.985,112.39,108.81,111.425,5707289.879248999,635028457.162495
2026-07-10 15:00:00+00:00,1783695600000,111.38,113.165,110.85,112.94,2885356.2069429997,323536722.69824266
2026-07-10 16:00:00+00:00,1783699200000,112.97,114.42,112.71,114.285,2340128.5839770003,265442891.39623672
2026-07-10 17:00:00+00:00,1783702800000,114.205,114.34,112.2501,112.485,1868355.4779260007,211676081.21381745
2026-07-10 18:00:00+00:00,1783706400000,112.51,112.8599,111.71,111.755,1412183.053756,158601996.3307256
2026-07-10 19:00:00+00:00,1783710000000,111.7,112.78,111.44,112.0,2795069.986555,313386321.4695318
2026-07-10 20:00:00+00:00,1783713600000,111.79,111.99,110.8901,111.0,187700.43525500005,20970099.09716739
2026-07-10 21:00:00+00:00,1783717200000,111.2,111.46,111.1,111.32,106061.844029,11843151.87125702
2026-07-10 22:00:00+00:00,1783720800000,111.37,111.4,111.2282,111.36,19704.106704,2194217.79598671
2026-07-10 23:00:00+00:00,1783724400000,111.27,111.6,111.21,111.46,41314.49561500001,4605921.75494091
2026-07-11 00:00:00+00:00,1783728000000,111.557,111.558,111.557,111.558,0.0,0.0
2026-07-11 05:00:00+00:00,1783746000000,111.86,111.86,111.86,111.86,0.0938,10.492468
2026-07-11 06:00:00+00:00,1783749600000,111.61,111.61,111.61,111.61,0.2239,24.989479
2026-07-11 07:00:00+00:00,1783753200000,111.61,111.61,111.61,111.61,0.1042,11.629762
2026-07-11 11:00:00+00:00,1783767600000,111.49,111.49,111.49,111.49,0.1041,11.606109
2026-07-11 12:00:00+00:00,1783771200000,111.49,111.49,111.47,111.47,6.3903,712.394019
2026-07-11 13:00:00+00:00,1783774800000,111.45,111.66,111.42,111.66,10.925,1218.500328
2026-07-11 14:00:00+00:00,1783778400000,111.84,112.0,111.84,112.0,22.8738,2558.50872
2026-07-11 15:00:00+00:00,1783782000000,112.02,112.13,112.02,112.13,12.7096,1424.274286
2026-07-11 17:00:00+00:00,1783789200000,112.04,112.04,111.39,111.48,30.7019,3433.466919
2026-07-11 18:00:00+00:00,1783792800000,111.49,111.79,111.49,111.79,12.4827,1394.354245
2026-07-11 19:00:00+00:00,1783796400000,111.72,111.72,111.72,111.72,0.0921,10.289412
2026-07-11 20:00:00+00:00,1783800000000,111.83,111.88,111.83,111.88,7.9843,893.013246
2026-07-11 22:00:00+00:00,1783807200000,111.89,112.06,111.89,112.06,13.0238,1458.495652
2026-07-12 02:00:00+00:00,1783821600000,112.11,112.11,112.11,112.11,4.5187,506.591457
2026-07-12 11:00:00+00:00,1783854000000,112.14,112.14,112.05,112.05,0.2704,30.306357
2026-07-12 13:00:00+00:00,1783861200000,112.14,112.14,112.14,112.14,0.2179,24.435306
2026-07-12 14:00:00+00:00,1783864800000,112.16,112.16,112.09,112.09,0.5356,60.054346
2026-07-12 16:00:00+00:00,1783872000000,112.16,112.22,112.16,112.22,4.0418,453.353112
2026-07-12 17:00:00+00:00,1783875600000,112.15,112.15,112.15,112.15,1.0103,113.305145
2026-07-12 18:00:00+00:00,1783879200000,112.22,112.22,112.22,112.22,0.3202,35.932844
2026-07-12 19:00:00+00:00,1783882800000,112.13,112.13,112.09,112.09,2.1666,242.92811
2026-07-12 21:00:00+00:00,1783890000000,112.13,112.13,112.13,112.13,0.0962,10.786906
2026-07-12 23:00:00+00:00,1783897200000,112.09,112.09,112.09,112.09,0.2211,24.783099
2026-07-13 00:00:00+00:00,1783900800000,111.55,112.29,111.01,111.24,16924.0,1889531.98
2026-07-13 01:00:00+00:00,1783904400000,111.22,111.32,110.3,110.4,12260.0,1360778.74
2026-07-13 02:00:00+00:00,1783908000000,110.43,110.96,110.1,110.52,8241.0,911477.99
2026-07-13 03:00:00+00:00,1783911600000,110.49,110.49,109.54,109.54,12200.0,1341098.24
2026-07-13 04:00:00+00:00,1783915200000,109.55,109.64,109.33,109.59,6525.0,714189.66
2026-07-13 05:00:00+00:00,1783918800000,109.58,109.99,109.19,109.86,15978.0,1747856.79
2026-07-13 06:00:00+00:00,1783922400000,109.91,110.11,109.57,110.02,5825.0,640322.05
2026-07-13 07:00:00+00:00,1783926000000,110.1,110.54,110.02,110.23,4445.0,490362.13
2026-07-13 08:00:00+00:00,1783929600000,110.95,111.15,109.16,110.95,83084.45942500001,9142663.76580266
2026-07-13 09:00:00+00:00,1783933200000,110.9,111.3212,110.5545,111.3212,6666.553379,739589.43183227
2026-07-13 10:00:00+00:00,1783936800000,111.3,111.3,110.59,110.78,13011.715800000002,1443929.6198997
2026-07-13 11:00:00+00:00,1783940400000,110.7004,111.73,110.7004,111.45,54264.482575,6044889.71251076
2026-07-13 12:00:00+00:00,1783944000000,111.42,111.75,111.08,111.39,78048.270352,8699377.28583945
2026-07-13 13:00:00+00:00,1783947600000,111.14,113.7,108.92,109.68,3671579.929445,408514302.1117756
2026-07-13 14:00:00+00:00,1783951200000,109.66,112.4499,109.56,111.345,3526694.5164499995,391632019.9932879
2026-07-13 15:00:00+00:00,1783954800000,111.345,111.52,110.435,110.965,1315110.7270970002,145940467.60740831
2026-07-13 16:00:00+00:00,1783958400000,110.935,111.3,109.34,109.96,1512006.7833980003,166501582.18507445
2026-07-13 17:00:00+00:00,1783962000000,109.94,110.4,109.03,109.185,1186585.519629,130158582.84348838
2026-07-13 18:00:00+00:00,1783965600000,109.17,110.45,109.125,109.65,1438955.6930029998,158058059.0219741
2026-07-13 19:00:00+00:00,1783969200000,109.655,110.22,108.84,109.84,2646532.006993001,290055673.51522166
2026-07-13 20:00:00+00:00,1783972800000,109.89,110.2,109.3416,109.92,161513.549961,17724254.7023952
2026-07-13 21:00:00+00:00,1783976400000,109.93,109.93,109.5,109.5,22163.27,2429347.053278
2026-07-13 22:00:00+00:00,1783980000000,109.6,109.7175,109.1,109.57,9472.0,1037202.944
2026-07-13 23:00:00+00:00,1783983600000,109.02,109.0951,108.3,108.35,51059.810396,5547970.07633089
2026-07-14 00:00:00+00:00,1783987200000,108.84,109.9,108.32,109.73,7316.0,797934.84
2026-07-14 01:00:00+00:00,1783990800000,109.76,109.76,109.26,109.33,5967.0,653524.09
2026-07-14 02:00:00+00:00,1783994400000,109.31,109.46,108.79,108.86,3994.0,435711.15
2026-07-14 03:00:00+00:00,1783998000000,108.81,109.51,108.59,109.51,8024.0,874090.13
2026-07-14 04:00:00+00:00,1784001600000,109.69,110.43,109.59,110.29,6972.0,767340.58
2026-07-14 05:00:00+00:00,1784005200000,110.17,110.58,110.06,110.45,2764.0,304942.61
2026-07-14 06:00:00+00:00,1784008800000,110.44,110.77,110.44,110.53,7271.0,803983.21
2026-07-14 07:00:00+00:00,1784012400000,110.68,110.93,110.62,110.73,4940.0,547467.46
2026-07-14 08:00:00+00:00,1784016000000,110.77,111.13,109.5725,110.74,53388.588052,5899663.21181582
2026-07-14 09:00:00+00:00,1784019600000,110.63,110.7899,110.6,110.6,5068.0,561235.8948
2026-07-14 10:00:00+00:00,1784023200000,110.79,110.87,110.3525,110.79,7126.631206,788901.68325243
2026-07-14 11:00:00+00:00,1784026800000,110.3,110.6091,109.14,109.39,74763.48373300002,8188754.65709501
2026-07-14 12:00:00+00:00,1784030400000,109.44,112.14,109.37,111.6,173791.5435,19334778.45154245
2026-07-14 13:00:00+00:00,1784034000000,111.61,112.72,109.095,111.96,2842671.5175669994,314763331.7971587
2026-07-14 14:00:00+00:00,1784037600000,111.92,112.3,110.45,111.095,2508817.3005830003,279099652.64660734
2026-07-14 15:00:00+00:00,1784041200000,111.06,111.115,109.35,109.86,1969150.918734,217064428.6493456
2026-07-14 16:00:00+00:00,1784044800000,109.75,111.89,109.41,111.79,1571444.649522,174109309.95504466
2026-07-14 17:00:00+00:00,1784048400000,111.76,113.19,111.3491,112.32,2173438.562206,244435985.242354
2026-07-14 18:00:00+00:00,1784052000000,112.35,113.26,111.87,112.14,1890411.649285,212733694.1289889
2026-07-14 19:00:00+00:00,1784055600000,112.14,113.69,111.79,113.48,2964155.3445450007,334986605.8753919
2026-07-14 20:00:00+00:00,1784059200000,113.59,113.74,113.35,113.59,264110.036394,29972448.24716217
2026-07-14 21:00:00+00:00,1784062800000,113.58,113.69,113.39,113.58,28565.597441,3243849.25764533
2026-07-14 22:00:00+00:00,1784066400000,113.56,114.0,113.3565,113.4,33017.203536,3756987.9697172
2026-07-14 23:00:00+00:00,1784070000000,113.94,114.5,113.8617,114.4,35103.816655,4009908.97650065
2026-07-15 00:00:00+00:00,1784073600000,114.27,114.37,113.47,114.0,4267.0,486029.3
2026-07-15 01:00:00+00:00,1784077200000,113.94,113.94,113.33,113.72,6354.0,721991.51
2026-07-15 02:00:00+00:00,1784080800000,113.74,114.03,113.72,113.84,7039.0,801541.2
2026-07-15 03:00:00+00:00,1784084400000,113.85,114.08,113.8,113.95,5239.0,596899.14
2026-07-15 04:00:00+00:00,1784088000000,113.95,114.06,113.92,113.93,2481.0,282759.4
2026-07-15 05:00:00+00:00,1784091600000,113.97,114.06,113.73,114.05,3363.0,383057.57
2026-07-15 06:00:00+00:00,1784095200000,114.07,114.49,114.01,114.01,5287.0,604208.94
2026-07-15 07:00:00+00:00,1784098800000,113.9,113.9,113.53,113.85,1526.0,173658.85
2026-07-15 08:00:00+00:00,1784102400000,113.67,114.5097,113.49,113.67,50356.845961,5741702.68352701
2026-07-15 09:00:00+00:00,1784106000000,113.79,114.25,113.79,113.968,3574.0414280000005,407433.217305
2026-07-15 10:00:00+00:00,1784109600000,113.66,113.67,113.55,113.6,2155.202942,244967.47855743
2026-07-15 11:00:00+00:00,1784113200000,113.8011,114.16,113.43,113.4598,26367.534001,2998402.58619752
2026-07-15 12:00:00+00:00,1784116800000,114.11,114.68,113.16,114.49,88074.04516099999,10042977.68085464
2026-07-15 13:00:00+00:00,1784120400000,114.58,116.6,112.12,113.21,3267607.440041,374203463.1867992
2026-07-15 14:00:00+00:00,1784124000000,113.4,114.6,112.56,113.72,3171243.9529849994,360625934.22357166
2026-07-15 15:00:00+00:00,1784127600000,113.64,115.7,113.34,114.94,2557267.263182999,293589113.9635348
2026-07-15 16:00:00+00:00,1784131200000,114.95,115.39,112.74,114.625,2985352.874576,341100448.74330455
2026-07-15 17:00:00+00:00,1784134800000,114.59,116.07,114.56,115.59,1932953.915058,223090909.6294616
2026-07-15 18:00:00+00:00,1784138400000,115.6,116.105,114.42,114.51,1538205.465158,177617815.6261664
2026-07-15 19:00:00+00:00,1784142000000,114.51,115.8,114.3301,115.52,2546611.1145660006,293393793.20359164
2026-07-15 20:00:00+00:00,1784145600000,115.59,115.98,115.1382,115.56,191415.195395,22142067.57643386
2026-07-15 21:00:00+00:00,1784149200000,115.46,115.58,115.25,115.44,44103.225859,5094107.82026311
2026-07-15 22:00:00+00:00,1784152800000,115.46,115.67,115.4,115.46,12719.65518,1469108.72560034
2026-07-15 23:00:00+00:00,1784156400000,115.45,115.67,115.45,115.663,6308.778607,729001.44876397
2026-07-16 00:00:00+00:00,1784160000000,115.51,115.67,114.89,115.31,3900.0,449922.01
2026-07-16 01:00:00+00:00,1784163600000,115.06,115.44,114.8,115.26,2323.0,267481.18
2026-07-16 02:00:00+00:00,1784167200000,115.25,115.46,114.88,115.46,2668.0,307044.59
2026-07-16 03:00:00+00:00,1784170800000,115.46,115.61,115.39,115.47,2440.0,281794.75
2026-07-16 04:00:00+00:00,1784174400000,115.49,115.61,115.31,115.34,1003.0,115786.51
2026-07-16 05:00:00+00:00,1784178000000,115.34,115.9,115.31,115.64,1961.0,226852.14
2026-07-16 06:00:00+00:00,1784181600000,115.85,115.85,115.34,115.6,1346.0,155393.52
2026-07-16 07:00:00+00:00,1784185200000,115.52,115.52,114.15,114.26,10301.0,1181946.94
2026-07-16 08:00:00+00:00,1784188800000,113.73,115.82,113.28,113.73,50585.026321,5784094.24964842
2026-07-16 09:00:00+00:00,1784192400000,113.9,114.5,113.9,114.15,6773.81791,773916.1474172
2026-07-16 10:00:00+00:00,1784196000000,114.27,114.42,114.26,114.4,9805.745056,1121367.35426306
2026-07-16 11:00:00+00:00,1784199600000,114.3,114.45,113.76,113.92,41017.380054,4680489.13622393
2026-07-16 12:00:00+00:00,1784203200000,113.39,113.97,113.02,113.42,82360.227441,9351155.51558291
2026-07-16 13:00:00+00:00,1784206800000,114.13,114.52,110.04,111.415,3613541.584538999,403932518.94452286
2026-07-16 14:00:00+00:00,1784210400000,111.71,114.5,111.31,112.48,3844109.787558,434562003.86623913
2026-07-16 15:00:00+00:00,1784214000000,112.48,112.64,109.58,110.645,3684564.708036999,409641429.74072504
2026-07-16 16:00:00+00:00,1784217600000,110.71,110.82,107.83,108.6,3563367.785189,389547366.27686155
2026-07-16 17:00:00+00:00,1784221200000,108.58,108.69,106.47,106.72,3251594.5228610006,349288234.6024424
2026-07-16 18:00:00+00:00,1784224800000,106.75,107.34,106.02,106.84,3156742.682488,337087400.88692087
2026-07-16 19:00:00+00:00,1784228400000,106.835,107.075,105.48,106.07,5002472.829894,531078023.28731966
2026-07-16 20:00:00+00:00,1784232000000,105.36,106.07,104.77,105.75,205865.789838,21693251.71023214
2026-07-16 21:00:00+00:00,1784235600000,105.86,106.0,105.64,105.86,91915.246011,9738126.18607822
2026-07-16 22:00:00+00:00,1784239200000,105.9,105.9991,105.06,105.1,39639.472726,4184449.76753292
2026-07-16 23:00:00+00:00,1784242800000,104.51,105.2,104.25,104.51,70707.621149,7402925.30677166
2026-07-17 00:00:00+00:00,1784246400000,104.52,104.88,104.18,104.78,8898.0,929463.97
2026-07-17 01:00:00+00:00,1784250000000,104.76,105.3,103.29,103.34,16378.0,1701817.62
2026-07-17 02:00:00+00:00,1784253600000,103.34,104.12,102.5,103.93,39677.0,4102528.74
2026-07-17 03:00:00+00:00,1784257200000,103.94,104.89,103.92,104.52,6082.0,635368.37
2026-07-17 04:00:00+00:00,1784260800000,104.33,104.33,103.22,103.78,10521.0,1089752.24
2026-07-17 05:00:00+00:00,1784264400000,103.76,103.77,102.12,102.4,20885.0,2146279.32
2026-07-17 06:00:00+00:00,1784268000000,102.44,103.25,102.3,102.75,11267.0,1157907.3
2026-07-17 07:00:00+00:00,1784271600000,102.83,103.08,102.57,102.58,4453.0,457612.77
2026-07-17 08:00:00+00:00,1784275200000,102.73,104.05,101.6535,102.06,230316.08579,23657008.87835417
2026-07-17 09:00:00+00:00,1784278800000,102.82,103.06,102.12,102.82,39212.28515,4023372.59658723
2026-07-17 10:00:00+00:00,1784282400000,103.45,103.7913,103.0457,103.45,35708.365406000004,3695401.60248229
2026-07-17 11:00:00+00:00,1784286000000,103.13,103.48,102.66,102.99,78922.49960000001,8128843.82930088
2026-07-17 12:00:00+00:00,1784289600000,102.71,102.98,101.57,102.29,133190.896248,13608873.05776677
2026-07-17 13:00:00+00:00,1784293200000,101.67,101.9359,96.59,100.03,6379136.83635,632997920.7889087
2026-07-17 14:00:00+00:00,1784296800000,100.24,102.14,99.67,100.22,4167555.913208,420526812.666662
2026-07-17 15:00:00+00:00,1784300400000,100.28,102.334,99.306,102.28,2822136.726731002,283336600.8766665
2026-07-17 16:00:00+00:00,1784304000000,102.26,103.675,101.59,103.5,3605630.912018001,370211759.52236027
2026-07-17 17:00:00+00:00,1784307600000,103.57,104.11,102.635,102.705,1561917.725522,161715650.78028107
2026-07-17 18:00:00+00:00,1784311200000,102.71,102.9,100.57,101.43,2216551.1333990013,225074808.42850807
2026-07-17 19:00:00+00:00,1784314800000,101.31,101.41,99.68,99.94,3981517.891726,399692636.596698
2026-07-17 20:00:00+00:00,1784318400000,99.84,100.18,99.09,99.97,169110.97207100003,16878272.76742102
2026-07-17 21:00:00+00:00,1784322000000,99.97,100.01,99.9,99.97,23438.327981,2343174.18108373
2026-07-17 22:00:00+00:00,1784325600000,99.93,100.0,99.8,99.93,23972.622048000005,2395025.55916292
2026-07-17 23:00:00+00:00,1784329200000,99.74,99.9,99.6049,99.74,22974.554316,2293156.89248748
2026-07-18 03:00:00+00:00,1784343600000,100.99,100.99,100.99,100.99,0.5914,59.725486
2026-07-18 04:00:00+00:00,1784347200000,101.0,101.11,100.9,100.93,18.3036,1848.767674
2026-07-18 05:00:00+00:00,1784350800000,101.13,101.13,101.13,101.13,0.2472,24.999336
2026-07-18 08:00:00+00:00,1784361600000,101.14,101.14,101.14,101.14,2.5705,259.98037
2026-07-18 14:00:00+00:00,1784383200000,101.16,101.19,101.16,101.19,5.5679,563.335884
2026-07-18 15:00:00+00:00,1784386800000,101.22,101.27,101.22,101.27,9.5364,965.390268
2026-07-18 17:00:00+00:00,1784394000000,101.3,101.3,101.19,101.19,0.8259,83.618262
2026-07-18 18:00:00+00:00,1784397600000,101.3,101.3,101.19,101.19,0.2944,29.806616
2026-07-18 23:00:00+00:00,1784415600000,101.3,101.38,101.3,101.38,2.4674,249.99406
2026-07-19 11:00:00+00:00,1784458800000,101.38,101.38,101.38,101.38,4.9319,499.996022
2026-07-19 13:00:00+00:00,1784466000000,101.45,101.45,101.45,101.45,0.201,20.39145
2026-07-19 16:00:00+00:00,1784476800000,101.3,101.3,101.3,101.3,0.0988,10.00844
2026-07-19 21:00:00+00:00,1784494800000,101.3,101.3,101.3,101.3,0.1356,13.73628
2026-07-20 00:00:00+00:00,1784505600000,101.04,101.12,100.14,100.2,16531.0,1663122.65
2026-07-20 01:00:00+00:00,1784509200000,100.27,100.78,99.73,99.95,8751.0,877115.29
2026-07-20 02:00:00+00:00,1784512800000,99.99,100.6,99.91,100.33,2254.0,226045.83
2026-07-20 03:00:00+00:00,1784516400000,100.36,100.62,100.17,100.4,1859.0,186674.8
2026-07-20 04:00:00+00:00,1784520000000,100.39,100.74,100.31,100.43,1452.0,145938.73
2026-07-20 05:00:00+00:00,1784523600000,100.39,100.4,99.79,99.83,3526.0,352610.64
2026-07-20 06:00:00+00:00,1784527200000,100.03,100.04,99.65,99.73,2344.0,233847.62
2026-07-20 07:00:00+00:00,1784530800000,99.78,100.44,99.7,100.32,7439.0,743693.34
2026-07-20 08:00:00+00:00,1784534400000,100.06,100.7,99.66,100.14,41861.73633699999,4193637.58128889
2026-07-20 09:00:00+00:00,1784538000000,100.4,101.33,100.36,101.22,29243.191733,2951769.75737977
2026-07-20 10:00:00+00:00,1784541600000,100.935,102.0,100.9,100.935,23408.833535,2373138.38522788
2026-07-20 11:00:00+00:00,1784545200000,101.7,102.68,101.3148,102.58,111968.261627,11426159.55616442
2026-07-20 12:00:00+00:00,1784548800000,102.16,102.6132,102.0,102.5,101611.704014,10392895.89240393
2026-07-20 13:00:00+00:00,1784552400000,102.1,102.64,98.61,99.215,3045789.099129,305538638.05803555
2026-07-20 14:00:00+00:00,1784556000000,99.155,100.86,98.64,100.76,3279121.258299,328746334.27801126
2026-07-20 15:00:00+00:00,1784559600000,100.75,101.4,100.44,101.24,1963625.442213,198189304.97019076
2026-07-20 16:00:00+00:00,1784563200000,101.23,101.765,100.6801,100.815,1754759.4187939998,177580073.8984759
2026-07-20 17:00:00+00:00,1784566800000,100.8,101.24,100.34,101.2,1216424.5763530007,122613164.44722976
2026-07-20 18:00:00+00:00,1784570400000,101.26,101.7295,99.64,99.86,1408152.73439,141890538.8669802
2026-07-20 19:00:00+00:00,1784574000000,99.87,100.295,99.1,99.3,3287246.1585110007,327554027.4940543
2026-07-20 20:00:00+00:00,1784577600000,99.18,99.58,98.75,99.02,138196.748431,13712088.67444647
2026-07-20 21:00:00+00:00,1784581200000,99.14,99.34,99.11,99.3075,16950.89784,1683205.50952438
2026-07-20 22:00:00+00:00,1784584800000,99.31,99.35,99.0,99.21,12306.0845,1220362.4040453
2026-07-20 23:00:00+00:00,1784588400000,99.13,99.44,99.0,99.23,31567.387153,3132160.34766267
2026-07-21 00:00:00+00:00,1784592000000,99.46,99.96,99.2,99.81,7696.0,766428.79
2026-07-21 01:00:00+00:00,1784595600000,99.79,100.0,99.66,99.66,3704.0,369809.14
2026-07-21 02:00:00+00:00,1784599200000,99.8,100.07,99.6,99.98,5202.0,519202.98
2026-07-21 03:00:00+00:00,1784602800000,99.98,100.53,99.98,100.53,3261.0,327010.22
2026-07-21 04:00:00+00:00,1784606400000,100.53,100.74,100.51,100.54,3008.0,302774.08
2026-07-21 05:00:00+00:00,1784610000000,100.5,100.7,100.38,100.65,2674.0,268716.02
2026-07-21 06:00:00+00:00,1784613600000,100.63,101.08,100.63,101.03,12928.0,1305006.14
2026-07-21 07:00:00+00:00,1784617200000,101.04,101.1,100.9,100.98,8761.0,884858.81
2026-07-21 08:00:00+00:00,1784620800000,102.11,102.45,100.3625,101.99,90251.710317,9143644.45183312
2026-07-21 09:00:00+00:00,1784624400000,101.96,102.38,101.79,101.96,17612.5941,1798777.75795182
2026-07-21 10:00:00+00:00,1784628000000,101.86,102.39,101.7,102.05,23636.553643,2413013.21561731
2026-07-21 11:00:00+00:00,1784631600000,101.59,101.9,101.5006,101.86,59134.138376,6014976.72026078
2026-07-21 12:00:00+00:00,1784635200000,101.55,102.824,101.427,102.15,107876.867829,11024120.51412082
2026-07-21 13:00:00+00:00,1784638800000,102.3,106.53,102.1,105.6,3757259.1592,395516527.08925414
2026-07-21 14:00:00+00:00,1784642400000,105.735,107.76,105.35,106.89,3506803.302387,375158869.330352
2026-07-21 15:00:00+00:00,1784646000000,106.785,108.1299,106.29,107.665,2132411.605914,229045742.4497922
2026-07-21 16:00:00+00:00,1784649600000,107.77,108.21,106.88,107.44,1415935.9186690005,152155765.85221145
2026-07-21 17:00:00+00:00,1784653200000,107.52,107.6399,106.33,106.51,1396681.184257,149417930.76864284
2026-07-21 18:00:00+00:00,1784656800000,106.565,107.2,105.93,106.06,1310347.417863,139666262.29724717
2026-07-21 19:00:00+00:00,1784660400000,106.085,106.81,105.86,106.395,2280660.236041,242390850.5466735
2026-07-21 20:00:00+00:00,1784664000000,106.55,106.6,106.12,106.47,170915.722903,18178493.73852934
2026-07-21 21:00:00+00:00,1784667600000,106.87,107.08,106.41,106.85,46017.692798,4916778.79407943
2026-07-21 22:00:00+00:00,1784671200000,106.98,106.98,106.64,106.8,22539.165592,2408082.19793272
2026-07-21 23:00:00+00:00,1784674800000,106.94,107.28,106.8012,107.0,29721.644407,3181603.95234281
2026-07-22 00:00:00+00:00,1784678400000,107.27,107.45,106.85,107.02,4444.0,476038.18
2026-07-22 01:00:00+00:00,1784682000000,107.01,107.12,106.62,107.08,4903.0,523778.95
2026-07-22 02:00:00+00:00,1784685600000,107.1,107.1,106.49,106.54,2107.0,224763.92
2026-07-22 03:00:00+00:00,1784689200000,106.48,106.73,106.38,106.39,4190.0,446333.48
2026-07-22 04:00:00+00:00,1784692800000,106.38,106.73,106.38,106.52,881.0,93826.7
2026-07-22 05:00:00+00:00,1784696400000,106.55,106.55,105.25,105.7,11381.0,1202435.9
2026-07-22 06:00:00+00:00,1784700000000,105.73,105.74,105.13,105.38,4714.0,496519.59
2026-07-22 07:00:00+00:00,1784703600000,105.43,105.66,105.19,105.38,3035.0,319962.04
2026-07-22 08:00:00+00:00,1784707200000,105.62,106.72,105.13,105.62,71516.775731,7554831.94125079
2026-07-22 09:00:00+00:00,1784710800000,105.84,106.1,105.2,105.87,22073.144175,2334786.82511063
2026-07-22 10:00:00+00:00,1784714400000,105.6,105.74,105.42,105.74,1871.951382,197764.55009305
2026-07-22 11:00:00+00:00,1784718000000,105.51,105.9278,104.5,105.01,59072.557346,6214893.7987465
2026-07-22 12:00:00+00:00,1784721600000,104.5,104.8126,104.01,104.51,50658.898891,5291276.39615595
2026-07-22 13:00:00+00:00,1784725200000,104.28,106.885,104.0126,106.76,1615579.113691,171095967.3405089
2026-07-22 14:00:00+00:00,1784728800000,106.69,106.8799,104.52,104.88,1891202.619679,199602063.36720887
2026-07-22 15:00:00+00:00,1784732400000,104.925,105.83,104.72,105.75,1030761.6148399996,108638872.690807
2026-07-22 16:00:00+00:00,1784736000000,105.69,106.1894,105.14,105.8,861591.4351749998,91068233.03769659
2026-07-22 17:00:00+00:00,1784739600000,105.79,106.28,105.45,105.53,975670.6812399996,103375625.95769417
2026-07-22 18:00:00+00:00,1784743200000,105.59,105.93,104.87,105.16,853967.586982,89963777.35337974
2026-07-22 19:00:00+00:00,1784746800000,105.16,105.35,104.33,104.51,2341097.1657380005,245299458.696878
2026-07-22 20:00:00+00:00,1784750400000,104.31,104.84,104.12,104.36,205789.857504,21494874.0902073
2026-07-22 21:00:00+00:00,1784754000000,104.0,104.48,103.07,103.69,63735.366232,6610211.53216591
2026-07-22 22:00:00+00:00,1784757600000,103.64,103.82,103.4484,103.82,26851.482546,2782431.17586416
2026-07-22 23:00:00+00:00,1784761200000,103.39,103.81,103.3,103.61,21209.904083,2194255.77997391
2026-07-23 00:00:00+00:00,1784764800000,103.72,105.05,103.72,104.85,4960.0,519450.8
2026-07-23 01:00:00+00:00,1784768400000,104.98,105.19,104.35,104.35,2413.0,252919.75
2026-07-23 02:00:00+00:00,1784772000000,104.32,104.33,103.54,103.99,7989.0,828689.95
2026-07-23 03:00:00+00:00,1784775600000,104.02,104.14,103.64,104.1,1594.0,165739.56
2026-07-23 04:00:00+00:00,1784779200000,103.94,104.24,103.86,103.98,2040.0,212388.53
2026-07-23 05:00:00+00:00,1784782800000,104.03,104.37,103.94,104.36,2106.0,219271.79
2026-07-23 06:00:00+00:00,1784786400000,104.26,104.49,104.23,104.28,7366.0,768599.02
2026-07-23 07:00:00+00:00,1784790000000,104.27,104.38,103.76,104.24,6262.0,651313.19
2026-07-23 08:00:00+00:00,1784793600000,103.85,104.74,103.85,104.74,36981.93853399999,3853673.31938464
2026-07-23 09:00:00+00:00,1784797200000,104.43,104.6,104.01,104.43,8772.0,915092.4084
2026-07-23 10:00:00+00:00,1784800800000,104.03,104.3,103.83,104.03,10352.440429,1077046.16210826
2026-07-23 11:00:00+00:00,1784804400000,103.7,104.25,103.42,103.7,24340.657858,2526122.15381896
2026-07-23 12:00:00+00:00,1784808000000,103.41,103.66,102.23,102.4,82824.24869600001,8528421.17065199
2026-07-23 13:00:00+00:00,1784811600000,101.91,104.12,100.9,102.525,2369996.373955,243416402.5779832
2026-07-23 14:00:00+00:00,1784815200000,102.49,103.22,100.8,101.265,2646157.3708930006,270153350.61936784
2026-07-23 15:00:00+00:00,1784818800000,101.26,101.26,99.32,100.53,2852313.176279001,285686546.8108342
2026-07-23 16:00:00+00:00,1784822400000,100.495,102.55,100.39,102.46,1708235.324271,173634946.1237852
2026-07-23 17:00:00+00:00,1784826000000,102.42,103.14,102.32,102.55,1266197.41278,130061645.70515987
2026-07-23 18:00:00+00:00,1784829600000,102.56,102.865,102.11,102.27,1048195.700896,107372136.26042192
2026-07-23 19:00:00+00:00,1784833200000,102.35,102.5,101.23,101.58,2725750.767398,277405107.0996293
2026-07-23 20:00:00+00:00,1784836800000,101.93,102.5,101.4,102.01,251647.542497,25604835.47201875
2026-07-23 21:00:00+00:00,1784840400000,101.76,102.0,101.58,101.58,271793.0,27611831.3802
2026-07-23 22:00:00+00:00,1784844000000,101.63,101.6454,101.06,101.5,9325.8346,946791.3690131
2026-07-23 23:00:00+00:00,1784847600000,101.25,101.64,101.25,101.43,14879.0,1508595.2011
2026-07-24 00:00:00+00:00,1784851200000,101.43,101.9,101.3,101.41,3351.0,339870.52
2026-07-24 01:00:00+00:00,1784854800000,101.45,101.73,101.45,101.57,2527.0,256702.93
2026-07-24 02:00:00+00:00,1784858400000,101.58,101.58,100.49,100.57,5583.0,563804.54
2026-07-24 03:00:00+00:00,1784862000000,100.57,101.12,100.57,100.89,2528.0,255135.88
2026-07-24 04:00:00+00:00,1784865600000,100.98,101.36,100.98,101.31,5391.0,545287.23
2026-07-24 05:00:00+00:00,1784869200000,101.37,101.54,101.33,101.35,3933.0,399007.9
2026-07-24 06:00:00+00:00,1784872800000,101.26,101.4,101.17,101.38,3291.0,333371.62
2026-07-24 07:00:00+00:00,1784876400000,101.39,102.2,101.39,101.61,8756.0,891467.95
2026-07-24 08:00:00+00:00,1784880000000,102.22,102.3,100.97,102.16,49834.792277,5067356.16658142
2026-07-24 09:00:00+00:00,1784883600000,102.0,102.14,101.8,102.09,11545.0,1177541.511
2026-07-24 10:00:00+00:00,1784887200000,101.85,101.97,101.4,101.44,9080.153516,922410.11896891
2026-07-24 11:00:00+00:00,1784890800000,101.87,101.99,101.451,101.65,21940.414669,2232930.8519008
2026-07-24 12:00:00+00:00,1784894400000,101.98,102.12,100.97,100.99,26412.327107,2680716.49849225
2026-07-24 13:00:00+00:00,1784898000000,100.89,101.27,94.8,95.465,4164694.7095169993,402299513.6720393
2026-07-24 14:00:00+00:00,1784901600000,95.52,96.0299,93.03,94.4,4633643.825206001,437945139.22428495
2026-07-24 15:00:00+00:00,1784905200000,94.41,95.62,93.7,95.19,2907986.5526630003,275768145.1715508
2026-07-24 16:00:00+00:00,1784908800000,95.15,95.84,94.72,94.91,1906711.859136,181644811.97245017
2026-07-24 17:00:00+00:00,1784912400000,94.81,96.21,94.58,95.51,1757951.987334001,167606834.17159706
2026-07-24 18:00:00+00:00,1784916000000,95.49,95.63,94.36,94.78,1742067.1039270002,165601944.139563
2026-07-24 19:00:00+00:00,1784919600000,94.85,95.09,94.07,94.895,3947290.853741,373164245.9819422
2026-07-24 20:00:00+00:00,1784923200000,94.98,95.1799,94.72,94.99,1215500.818385,115369260.17701228
2026-07-24 21:00:00+00:00,1784926800000,94.974,95.13,94.73,95.0,22462.23236,2133182.0516483
2026-07-24 22:00:00+00:00,1784930400000,94.83,95.09,94.6007,94.85,23879.566721,2264527.9676325
2026-07-24 23:00:00+00:00,1784934000000,94.76,94.95,94.6,94.61,23690.829252,2245033.00507068
2026-07-25 00:00:00+00:00,1784937600000,94.673,94.673,94.673,94.673,0.0,0.0
2026-07-25 01:00:00+00:00,1784941200000,94.86,94.86,94.86,94.86,0.5929,56.242494
2026-07-25 02:00:00+00:00,1784944800000,94.89,94.89,94.89,94.89,0.1106,10.494834
2026-07-25 03:00:00+00:00,1784948400000,94.61,94.81,94.61,94.81,0.1927,18.269347
2026-07-25 11:00:00+00:00,1784977200000,94.87,94.87,94.72,94.72,0.64,60.70271
2026-07-25 13:00:00+00:00,1784984400000,94.67,94.67,94.67,94.67,0.0819,7.753473
2026-07-25 14:00:00+00:00,1784988000000,94.59,94.59,94.59,94.59,0.0537,5.079483
2026-07-25 16:00:00+00:00,1784995200000,94.6,94.6,94.6,94.6,10.47,990.462
2026-07-25 17:00:00+00:00,1784998800000,94.89,94.89,94.89,94.89,1.0538,99.995082
2026-07-25 19:00:00+00:00,1785006000000,94.9,94.9,94.9,94.9,0.2638,25.03462
2026-07-26 04:00:00+00:00,1785038400000,94.9,94.98,94.9,94.98,12.1921,1157.491805
2026-07-26 09:00:00+00:00,1785056400000,94.98,94.98,94.98,94.98,3.79,359.9742
2026-07-26 12:00:00+00:00,1785067200000,95.0,95.0,95.0,95.0,0.1754,16.663
2026-07-26 13:00:00+00:00,1785070800000,94.98,95.13,94.98,95.13,12.533,1191.488033
2026-07-26 16:00:00+00:00,1785081600000,95.28,95.28,95.28,95.28,0.1089,10.375992
2026-07-26 17:00:00+00:00,1785085200000,95.17,95.17,95.17,95.17,0.1072,10.202224
2026-07-26 21:00:00+00:00,1785099600000,95.28,95.4,95.27,95.29,50.9921,4862.37398
2026-07-26 22:00:00+00:00,1785103200000,95.56,95.65,95.56,95.65,21.6925,2074.154665
2026-07-26 23:00:00+00:00,1785106800000,95.72,95.9,95.72,95.77,17.4,1666.631306
2026-07-27 00:00:00+00:00,1785110400000,96.5,97.51,96.32,96.55,17227.0,1665610.58
2026-07-27 01:00:00+00:00,1785114000000,96.51,96.75,96.21,96.72,16685.0,1611310.3
2026-07-27 02:00:00+00:00,1785117600000,96.73,97.18,96.73,97.01,11915.0,1154549.99
2026-07-27 03:00:00+00:00,1785121200000,97.04,97.22,96.93,96.99,3801.0,369028.97
2026-07-27 04:00:00+00:00,1785124800000,97.0,97.29,96.96,97.21,3325.0,322878.41
2026-07-27 05:00:00+00:00,1785128400000,97.15,97.93,97.15,97.93,13264.0,1295035.78
2026-07-27 06:00:00+00:00,1785132000000,97.93,98.12,97.87,97.99,20224.0,1981774.35
2026-07-27 07:00:00+00:00,1785135600000,98.01,98.14,97.49,97.72,9555.0,934936.88
2026-07-27 08:00:00+00:00,1785139200000,97.58,98.18,96.9514,97.88,109185.0408,10676211.55596072
2026-07-27 09:00:00+00:00,1785142800000,97.8,97.8,97.38,97.76,13712.486454,1339213.53454617
2026-07-27 10:00:00+00:00,1785146400000,97.67,97.94,97.6273,97.69,13003.086391,1271644.63545968
2026-07-27 11:00:00+00:00,1785150000000,97.66,97.81,96.55,96.99,96719.928716,9393923.0765415
2026-07-27 12:00:00+00:00,1785153600000,96.83,97.3,96.62,97.13,94359.00898,9147728.48457508
2026-07-27 13:00:00+00:00,1785157200000,97.01,99.4499,96.35,96.92,2445719.7237,239426178.0713352
2026-07-27 14:00:00+00:00,1785160800000,96.71,97.35,93.3001,94.065,3343336.5483809984,317800855.6063558
2026-07-27 15:00:00+00:00,1785164400000,94.02,94.38,93.2,93.505,1924468.3298599997,180391963.36775687
2026-07-27 16:00:00+00:00,1785168000000,93.53,95.615,93.45,94.51,1956554.0404760009,185085316.49933252
2026-07-27 17:00:00+00:00,1785171600000,94.54,94.73,94.0941,94.685,1092912.9877419996,103200057.5283187
2026-07-27 18:00:00+00:00,1785175200000,94.66,94.755,93.89,94.62,1172159.400196,110485869.60743465
2026-07-27 19:00:00+00:00,1785178800000,94.69,95.85,94.54,95.63,2829606.533970001,270015769.4253941
2026-07-27 20:00:00+00:00,1785182400000,95.65,95.85,95.3935,95.85,65265.846260000006,6241705.73365973
2026-07-27 21:00:00+00:00,1785186000000,95.9,96.0,95.73,95.86,8791.297050000001,842826.92296173
2026-07-27 22:00:00+00:00,1785189600000,95.8,95.9499,95.05,95.2,25232.166968,2411501.27754918
2026-07-27 23:00:00+00:00,1785193200000,95.06,95.19,94.5919,95.1347,17021.418253,1617150.47967912
2026-07-28 00:00:00+00:00,1785196800000,95.05,95.19,94.25,94.25,6125.0,580411.46
2026-07-28 01:00:00+00:00,1785200400000,94.26,94.39,93.45,94.0,10211.0,958937.5
2026-07-28 02:00:00+00:00,1785204000000,93.93,93.99,93.61,93.77,7873.0,738775.94
2026-07-28 03:00:00+00:00,1785207600000,93.67,94.33,93.5,94.16,15768.0,1481654.22
2026-07-28 04:00:00+00:00,1785211200000,94.28,94.3,93.82,93.96,3579.0,336612.55
2026-07-28 05:00:00+00:00,1785214800000,93.93,94.12,93.56,93.61,5635.0,528507.22
2026-07-28 06:00:00+00:00,1785218400000,93.59,94.09,93.55,94.05,4294.0,402811.99
2026-07-28 07:00:00+00:00,1785222000000,94.1,94.31,93.9,93.9,5070.0,477046.11
2026-07-28 08:00:00+00:00,1785225600000,94.07,94.45,93.35,94.07,47464.329025,4458276.96098923
2026-07-28 09:00:00+00:00,1785229200000,93.81,94.17,93.5072,93.81,5955.153946,559392.02627896
2026-07-28 10:00:00+00:00,1785232800000,93.54,93.8,93.3357,93.64,13804.902399,1291473.46825077
2026-07-28 11:00:00+00:00,1785236400000,93.49,93.7759,92.54,93.0,88893.97168,8267023.80407682
2026-07-28 12:00:00+00:00,1785240000000,93.51,94.14,93.2,93.85,67227.08859999999,6299433.66475668
2026-07-28 13:00:00+00:00,1785243600000,93.75,94.0,88.21,88.535,3504084.017992,315497913.5447493
2026-07-28 14:00:00+00:00,1785247200000,88.48,91.555,88.45,90.97,4449499.184928999,399452009.5273269
2026-07-28 15:00:00+00:00,1785250800000,90.965,93.75,90.45,93.33,3004770.313709,277771484.49535793
2026-07-28 16:00:00+00:00,1785254400000,93.37,93.7831,92.7,93.7,1272773.7898829998,118576188.25114384
2026-07-28 17:00:00+00:00,1785258000000,93.69,93.87,92.445,92.8,2481761.265389,231543362.53826287
2026-07-28 18:00:00+00:00,1785261600000,92.785,92.985,91.69,91.745,1782731.3604770002,164565001.52444816
2026-07-28 19:00:00+00:00,1785265200000,91.74,92.86,91.66,92.75,3021860.506281,278547244.63166624
2026-07-28 20:00:00+00:00,1785268800000,93.0,93.94,92.72,93.56,517303.927373,48017340.33779481
2026-07-28 21:00:00+00:00,1785272400000,93.21,93.37,93.2,93.33,16549.440712,1543306.50898906
2026-07-28 22:00:00+00:00,1785276000000,93.33,93.7,92.22,93.2,44486.58969,4141083.13654231
2026-07-28 23:00:00+00:00,1785279600000,93.6,93.75,92.12,93.6,49631.921694,4632117.472548
2026-07-29 00:00:00+00:00,1785283200000,93.61,94.14,93.4,93.5,10411.0,977202.26
2026-07-29 01:00:00+00:00,1785286800000,93.66,93.71,92.67,92.67,4571.0,425592.38
2026-07-29 02:00:00+00:00,1785290400000,92.7,93.15,92.52,92.74,4642.0,431087.19
2026-07-29 03:00:00+00:00,1785294000000,92.69,92.84,91.81,91.85,7518.0,693984.22
2026-07-29 04:00:00+00:00,1785297600000,91.81,92.39,91.05,92.33,16699.0,1529793.77
2026-07-29 05:00:00+00:00,1785301200000,92.35,92.72,92.25,92.62,3384.0,312871.14
2026-07-29 06:00:00+00:00,1785304800000,92.63,93.56,92.4,93.54,7848.0,732828.25
2026-07-29 07:00:00+00:00,1785308400000,93.54,93.84,93.44,93.72,4339.0,406147.56
2026-07-29 08:00:00+00:00,1785312000000,93.33,93.81,91.089,93.41,72077.74534899999,6667004.04264459
2026-07-29 09:00:00+00:00,1785315600000,93.3007,94.15,93.3007,94.1,17705.495662,1659098.78265641
2026-07-29 10:00:00+00:00,1785319200000,93.71,94.32,93.51,93.71,11636.27483,1093309.47420231
2026-07-29 11:00:00+00:00,1785322800000,93.19,93.8,93.1099,93.45,44192.69678699999,4132092.27716904
2026-07-29 12:00:00+00:00,1785326400000,93.22,93.4724,92.31,92.77,116435.060272,10813510.34355708
2026-07-29 13:00:00+00:00,1785330000000,92.82,93.3199,90.63,91.13,1694524.7333809996,155844931.37163052
2026-07-29 14:00:00+00:00,1785333600000,91.13,91.6483,89.26,90.15,2903838.4190159994,262228514.97466272
2026-07-29 15:00:00+00:00,1785337200000,90.15,90.44,89.11,89.55,1848946.9157669991,166077958.81493917
2026-07-29 16:00:00+00:00,1785340800000,89.56,89.82,88.83,89.72,1406632.498209,125652371.11626266
2026-07-29 17:00:00+00:00,1785344400000,89.81,90.63,89.7451,90.5,1483595.5208530005,133929953.68993168
2026-07-29 18:00:00+00:00,1785348000000,90.54,92.77,89.93,92.625,3298119.794537,301115698.7453925
2026-07-29 19:00:00+00:00,1785351600000,92.665,93.1,88.6001,89.5,5364840.008979999,484516941.66701424
2026-07-29 20:00:00+00:00,1785355200000,89.19,94.3,85.3,87.05,1902666.3703169995,169394957.74923354
2026-07-29 21:00:00+00:00,1785358800000,86.85,87.2,84.88,86.49,459084.790561,39443463.40150377
2026-07-29 22:00:00+00:00,1785362400000,87.99,89.6,86.66,89.39,292491.819563,25866250.8204163
2026-07-29 23:00:00+00:00,1785366000000,88.99,89.2,88.4372,89.0,117645.104984,10460038.04531641
2026-07-30 00:00:00+00:00,1785369600000,88.76,89.6,86.68,88.87,18593.0,1655561.73
2026-07-30 01:00:00+00:00,1785373200000,88.9,90.52,88.74,90.25,24062.0,2158786.74
2026-07-30 02:00:00+00:00,1785376800000,90.32,90.4,89.14,89.15,15400.0,1383073.48
2026-07-30 03:00:00+00:00,1785380400000,89.19,89.47,88.6,88.86,11370.0,1011361.2
2026-07-30 04:00:00+00:00,1785384000000,88.91,88.94,88.24,88.24,5300.0,469892.84
2026-07-30 05:00:00+00:00,1785387600000,88.25,88.72,88.21,88.44,2145.0,189691.56
2026-07-30 06:00:00+00:00,1785391200000,88.45,88.75,88.33,88.33,2970.0,262944.16
2026-07-30 07:00:00+00:00,1785394800000,88.45,88.94,87.69,87.69,14312.0,1262172.24
2026-07-30 08:00:00+00:00,1785398400000,89.42,90.05,87.8,89.56,74320.65465,6591996.80929466
2026-07-30 09:00:00+00:00,1785402000000,90.26,90.5,89.5,89.79,25782.269017,2322611.17375786
2026-07-30 10:00:00+00:00,1785405600000,89.71,90.2433,89.4,89.84,18774.471139,1684871.73108594
2026-07-30 11:00:00+00:00,1785409200000,89.95,90.88,89.53,90.72,217240.398168,19646396.09680088
2026-07-30 12:00:00+00:00,1785412800000,90.99,92.22,90.17,91.78,328429.36547500006,29941493.00408421
2026-07-30 13:00:00+00:00,1785416400000,91.9,92.58,86.21,89.11,7210572.773994002,638521456.1418779
2026-07-30 14:00:00+00:00,1785420000000,89.1,90.0,87.08,87.47,5158114.988977999,454068346.6682344
2026-07-30 15:00:00+00:00,1785423600000,87.52,87.98,86.56,87.035,2980144.2129760003,259628971.776784
2026-07-30 16:00:00+00:00,1785427200000,87.045,87.7588,86.73,87.16,2566486.203567,223755506.5773039
2026-07-30 17:00:00+00:00,1785430800000,87.21,87.9099,87.1201,87.57,1603739.8629329996,140522573.5219427
2026-07-30 18:00:00+00:00,1785434400000,87.585,87.8598,87.02,87.34,1843929.511502,161142290.7608178
2026-07-30 19:00:00+00:00,1785438000000,87.34,88.5916,86.47,86.565,4847139.917269001,423322541.1047296
2026-07-30 20:00:00+00:00,1785441600000,86.56,87.08,86.2,86.98,667903.0288569999,57863845.69532907
2026-07-30 21:00:00+00:00,1785445200000,87.04,87.49,86.95,87.19,110385.187729,9619903.53280076
2026-07-30 22:00:00+00:00,1785448800000,87.46,87.59,87.09,87.45,74759.012805,6533160.22542383
2026-07-30 23:00:00+00:00,1785452400000,87.55,87.61,87.25,87.4,72257.79919299998,6315049.84405135
2026-07-31 00:00:00+00:00,1785456000000,87.43,87.68,87.19,87.44,27470.0,2403836.58
2026-07-31 01:00:00+00:00,1785459600000,87.49,88.04,87.08,87.21,24306.0,2127001.14
2026-07-31 02:00:00+00:00,1785463200000,87.26,87.33,87.04,87.28,7669.0,668913.68
2026-07-31 03:00:00+00:00,1785466800000,87.24,87.55,87.15,87.53,4966.0,433774.18
2026-07-31 04:00:00+00:00,1785470400000,87.47,87.61,87.39,87.58,7343.0,642334.5
2026-07-31 05:00:00+00:00,1785474000000,87.58,87.71,87.52,87.65,9188.0,805191.5
2026-07-31 06:00:00+00:00,1785477600000,87.65,87.8,87.42,87.6,11945.0,1046540.26
2026-07-31 07:00:00+00:00,1785481200000,87.56,87.64,87.17,87.23,9623.0,840927.21
2026-07-31 08:00:00+00:00,1785484800000,87.47,88.28,87.1,88.26,127572.675426,11179805.89642242
2026-07-31 09:00:00+00:00,1785488400000,88.67,88.96,88.17,88.25,67304.135895,5960871.56050375
2026-07-31 10:00:00+00:00,1785492000000,87.99,88.45,87.99,88.16,37834.706117,3337883.71081887
2026-07-31 11:00:00+00:00,1785495600000,88.21,88.4499,87.25,87.34,353579.12041900004,30895708.18430018
2026-07-31 12:00:00+00:00,1785499200000,87.23,87.45,86.4,86.49,185632.37245,16118366.08364728
2026-07-31 13:00:00+00:00,1785502800000,86.94,89.5,85.2,85.945,4624926.401182,404422989.21023905
2026-07-31 14:00:00+00:00,1785506400000,86.05,86.2,83.68,85.305,4298282.813262001,364958597.10845
2026-07-31 15:00:00+00:00,1785510000000,85.32,85.86,84.71,85.59,2247905.676179,191447382.72313687
2026-07-31 16:00:00+00:00,1785513600000,85.605,86.44,85.43,86.1,1528918.7310789996,131408271.5581434
2026-07-31 17:00:00+00:00,1785517200000,86.05,87.3899,86.0001,86.955,1529699.8620279997,132915773.98159908
2026-07-31 18:00:00+00:00,1785520800000,86.89,88.04,86.88,88.0,1692147.3079879996,148131421.4149235
2026-07-31 19:00:00+00:00,1785524400000,88.0,88.63,86.51,86.57,4302523.240856001,376540914.70372605
2026-07-31 20:00:00+00:00,1785528000000,86.36,86.86,86.16,86.36,212385.47567,18385594.71087245
2026-07-31 21:00:00+00:00,1785531600000,86.36,86.62,86.102,86.4,36584.07498,3159956.7932125
2026-07-31 22:00:00+00:00,1785535200000,86.3,86.4913,86.02,86.3,47202.501275,4068506.31139557
2026-07-31 23:00:00+00:00,1785538800000,86.31,86.46,86.05,86.26,36722.883263,3167917.88612433
2026-08-01 00:00:00+00:00,1785542400000,86.225,86.225,86.221,86.221,0.0,0.0
2026-08-01 11:00:00+00:00,1785582000000,86.26,86.26,86.26,86.26,0.2322,20.029572
2026-08-01 13:00:00+00:00,1785589200000,86.19,86.19,86.19,86.19,0.1487,12.816453
2026-08-01 14:00:00+00:00,1785592800000,86.19,86.19,85.99,85.99,0.1946,16.750354
2026-08-01 22:00:00+00:00,1785621600000,86.27,86.27,86.09,86.09,0.2479,21.364193
2026-08-02 03:00:00+00:00,1785639600000,86.27,86.68,86.27,86.68,74.4526,6441.829972
2026-08-02 06:00:00+00:00,1785650400000,86.8,86.8,86.8,86.8,1.0,86.8
2026-08-02 07:00:00+00:00,1785654000000,86.73,86.73,86.73,86.73,1.0,86.73
2026-08-02 09:00:00+00:00,1785661200000,86.81,87.02,86.81,87.02,17.3672,1508.338161
2026-08-02 16:00:00+00:00,1785686400000,87.04,87.35,87.04,87.35,47.092,4106.190765
2026-08-02 17:00:00+00:00,1785690000000,87.41,87.49,87.41,87.49,44.7378,3913.484445
2026-08-02 20:00:00+00:00,1785700800000,87.63,87.63,87.63,87.63,5.28,462.6864
2026-08-02 21:00:00+00:00,1785704400000,87.63,87.63,87.63,87.63,100.6799,8822.579637
2026-08-02 22:00:00+00:00,1785708000000,87.63,87.87,87.63,87.87,69.8928,6132.935273
2026-08-02 23:00:00+00:00,1785711600000,88.1,88.23,88.1,88.23,44.984,3966.50424
2026-08-03 00:00:00+00:00,1785715200000,87.99,88.49,87.24,87.86,27144.0,2379846.43
2026-08-03 01:00:00+00:00,1785718800000,87.85,87.89,87.48,87.85,16734.0,1467537.68
2026-08-03 02:00:00+00:00,1785722400000,87.86,88.11,87.8,87.95,12074.0,1062228.74
2026-08-03 03:00:00+00:00,1785726000000,87.96,88.07,87.88,87.9,12166.0,1070384.97
2026-08-03 04:00:00+00:00,1785729600000,87.9,88.01,87.65,87.71,12634.0,1109822.82
2026-08-03 05:00:00+00:00,1785733200000,87.68,87.88,87.68,87.8,1781.0,156378.43
2026-08-03 06:00:00+00:00,1785736800000,87.83,87.83,87.29,87.38,5953.0,521076.17
2026-08-03 07:00:00+00:00,1785740400000,87.44,87.69,87.38,87.5,4017.0,351468.83
2026-08-03 08:00:00+00:00,1785744000000,87.05,88.0,86.6,87.05,72112.334671,6310644.15309428
2026-08-03 09:00:00+00:00,1785747600000,87.47,87.51,87.0,87.21,25758.413779,2249670.31174066
2026-08-03 10:00:00+00:00,1785751200000,87.33,87.33,86.56,87.0,26815.390613000003,2332960.43564349
2026-08-03 11:00:00+00:00,1785754800000,87.15,87.2,86.3,87.01,56569.04687099999,4911573.55314645
2026-08-03 12:00:00+00:00,1785758400000,86.46,86.91,86.35,86.76,58549.393539,5069592.91860398
2026-08-03 13:00:00+00:00,1785762000000,86.82,89.79,85.3,89.6,3058890.4263079995,266673455.58744612
2026-08-03 14:00:00+00:00,1785765600000,89.58,90.99,89.0195,90.77,4081781.170065001,367897059.5297136
2026-08-03 15:00:00+00:00,1785769200000,90.75,91.57,89.6663,91.22,2194373.62771,198931599.53213835
2026-08-03 16:00:00+00:00,1785772800000,91.29,91.81,90.74,91.58,1895288.853607,173176522.66066417
2026-08-03 17:00:00+00:00,1785776400000,91.59,92.3099,91.27,92.21,1214994.938987,111522441.45771436
2026-08-03 18:00:00+00:00,1785780000000,92.235,92.35,91.55,91.715,1357440.490992,124824933.53370944
2026-08-03 19:00:00+00:00,1785783600000,91.73,91.88,90.31,90.355,3291986.419124,299163545.4202384
2026-08-03 20:00:00+00:00,1785787200000,90.5,90.8,90.22,90.69,179679.206503,16247222.72922402
2026-08-03 21:00:00+00:00,1785790800000,90.5181,90.8,90.5,90.7,31061.492406,2815708.7558577
2026-08-03 22:00:00+00:00,1785794400000,90.7966,91.0,90.63,90.9,44109.68716,4009495.57637583
2026-08-03 23:00:00+00:00,1785798000000,90.85,91.15,90.7,91.0,31775.294018,2890890.82952243
2026-08-04 00:00:00+00:00,1785801600000,91.01,91.11,90.39,90.39,7565.0,686426.7
2026-08-04 01:00:00+00:00,1785805200000,90.4,91.45,90.3,91.38,12512.0,1139605.5
2026-08-04 02:00:00+00:00,1785808800000,91.36,91.36,90.85,91.07,5764.0,525183.29
2026-08-04 03:00:00+00:00,1785812400000,91.06,91.28,90.84,91.19,3393.0,309009.58
2026-08-04 04:00:00+00:00,1785816000000,91.19,91.39,91.0,91.23,2012.0,183507.99
2026-08-04 05:00:00+00:00,1785819600000,91.24,91.38,91.05,91.32,3413.0,311488.24
2026-08-04 06:00:00+00:00,1785823200000,91.46,91.69,91.18,91.45,7997.0,731230.94
2026-08-04 07:00:00+00:00,1785826800000,91.48,91.48,91.02,91.03,7259.0,662179.05
2026-08-04 08:00:00+00:00,1785830400000,91.51,91.7,91.0,91.1,61074.576413,5576041.64447285
2026-08-04 09:00:00+00:00,1785834000000,91.04,91.18,90.68,90.75,16572.290760000004,1505347.34564275
2026-08-04 10:00:00+00:00,1785837600000,90.81,91.53,90.75,91.53,28023.795536,2552382.0760029
2026-08-04 11:00:00+00:00,1785841200000,91.46,91.86,91.1,91.46,75852.573924,6942831.60280807
2026-08-04 12:00:00+00:00,1785844800000,91.71,91.75,91.32,91.42,66666.19098600002,6100156.47379196
2026-08-04 13:00:00+00:00,1785848400000,92.5,95.6,91.01,91.18,3730306.688936,348451305.0895318
2026-08-04 14:00:00+00:00,1785852000000,91.33,92.12,90.0717,91.77,4055695.462084,369771544.64276934
2026-08-04 15:00:00+00:00,1785855600000,91.77,92.95,91.7018,92.88,3237464.663608,298815398.4792875
2026-08-04 16:00:00+00:00,1785859200000,92.84,93.42,92.17,92.99,1977375.5366100003,183507766.08689347
2026-08-04 17:00:00+00:00,1785862800000,93.1,93.78,93.0,93.32,1775201.4948149994,165706538.5738051
2026-08-04 18:00:00+00:00,1785866400000,93.35,93.385,92.02,92.975,2074773.2488490003,192554518.2925536
2026-08-04 19:00:00+00:00,1785870000000,92.97,93.73,92.77,93.49,3290053.979944,307060408.9427755
2026-08-04 20:00:00+00:00,1785873600000,93.44,93.65,92.59,93.0,450371.5910550001,42064391.34442327
2026-08-04 21:00:00+00:00,1785877200000,92.83,93.0,92.75,92.83,71905.98104299999,6864015.5195989
2026-08-04 22:00:00+00:00,1785880800000,92.88,93.25,92.77,93.06,38517.196241,3584791.60243025
2026-08-04 23:00:00+00:00,1785884400000,93.31,93.45,93.1,93.31,34358.391703,3204782.4219365
2026-08-05 00:00:00+00:00,1785888000000,93.24,93.85,93.2,93.4,9248.0,864447.29
2026-08-05 01:00:00+00:00,1785891600000,93.34,93.68,93.13,93.6,7562.0,705753.84
2026-08-05 02:00:00+00:00,1785895200000,93.6,93.81,93.6,93.72,8810.0,825542.81
2026-08-05 03:00:00+00:00,1785898800000,93.71,93.84,93.59,93.77,7196.0,674482.59
2026-08-05 04:00:00+00:00,1785902400000,93.77,93.96,93.72,93.9,6321.0,593314.13
2026-08-05 05:00:00+00:00,1785906000000,93.93,94.39,93.9,94.12,6597.0,621118.99
2026-08-05 06:00:00+00:00,1785909600000,94.19,94.31,93.93,94.09,6761.0,636355.93
2026-08-05 07:00:00+00:00,1785913200000,94.1,94.1,93.62,93.69,7610.0,713446.47
2026-08-05 08:00:00+00:00,1785916800000,93.25,94.38,93.2,93.25,66806.677624,6273501.10428501
2026-08-05 09:00:00+00:00,1785920400000,93.5,93.7,93.5,93.7,8121.5,760427.4151
2026-08-05 10:00:00+00:00,1785924000000,93.52,94.25,93.51,93.96,10581.634874,993421.87075041
2026-08-05 11:00:00+00:00,1785927600000,93.91,94.25,93.7,94.22,47538.533679,4470566.49185347
2026-08-05 12:00:00+00:00,1785931200000,93.85,94.37,93.73,93.79,78886.511089,7418345.5070896
2026-08-05 13:00:00+00:00,1785934800000,93.52,95.55,92.3151,95.23,2334927.4839660004,220133927.78258535
2026-08-05 14:00:00+00:00,1785938400000,95.01,95.42,93.54,94.34,2869180.567153,271139858.94041216
2026-08-05 15:00:00+00:00,1785942000000,94.28,94.79,92.84,93.38,1644484.4385449996,154103978.94227648
2026-08-05 16:00:00+00:00,1785945600000,93.365,94.79,93.2801,94.265,1266815.7479789995,119354312.51158944
2026-08-05 17:00:00+00:00,1785949200000,94.36,94.475,93.79,93.9,904482.7267230004,85147732.54888523
2026-08-05 18:00:00+00:00,1785952800000,93.865,94.01,93.57,93.725,849645.9984420001,79682690.53028546
2026-08-05 19:00:00+00:00,1785956400000,93.71,94.56,92.69,92.78,2233236.549008,209063769.5644192
2026-08-05 20:00:00+00:00,1785960000000,92.54,93.28,92.25,92.56,154491.46629100002,14315797.23238923
2026-08-05 21:00:00+00:00,1785963600000,92.65,92.8,92.24,92.36,43842.05,4062058.000805
2026-08-05 22:00:00+00:00,1785967200000,92.65,92.9,92.4,92.85,25243.014934000003,2340797.39633729
2026-08-05 23:00:00+00:00,1785970800000,92.8886,92.9,92.7,92.7515,19929.81,1849390.704912
2026-08-06 00:00:00+00:00,1785974400000,92.66,92.89,92.63,92.72,3056.0,283645.98
2026-08-06 01:00:00+00:00,1785978000000,92.6,92.6,92.03,92.56,7521.0,694282.47
2026-08-06 02:00:00+00:00,1785981600000,92.57,92.82,92.46,92.68,4025.0,372880.53
2026-08-06 03:00:00+00:00,1785985200000,92.65,92.76,92.5,92.65,626.0,58002.43
2026-08-06 04:00:00+00:00,1785988800000,92.55,93.05,92.55,92.84,4534.0,421123.07
2026-08-06 05:00:00+00:00,1785992400000,92.83,93.11,92.76,92.96,3683.0,341959.81
2026-08-06 06:00:00+00:00,1785996000000,92.88,92.88,92.56,92.7,4449.0,412454.65
2026-08-06 07:00:00+00:00,1785999600000,92.68,92.83,92.56,92.71,3070.0,284553.09
2026-08-06 08:00:00+00:00,1786003200000,92.51,93.14,92.26,92.51,50838.825007,4714553.68867165
2026-08-06 09:00:00+00:00,1786006800000,92.79,92.8,92.52,92.54,3001.3408910000003,278252.21306599
2026-08-06 10:00:00+00:00,1786010400000,92.55,92.62,92.55,92.62,731.0,67679.2695
2026-08-06 11:00:00+00:00,1786014000000,92.55,92.75,91.93,92.41,51056.391996,4712719.41807718
2026-08-06 12:00:00+00:00,1786017600000,92.26,92.39,91.77,91.81,52607.502236,4842867.79033856
2026-08-06 13:00:00+00:00,1786021200000,91.49,92.6,90.21,91.76,1442792.243601,132336944.4013658
2026-08-06 14:00:00+00:00,1786024800000,91.71,92.49,91.3815,92.085,1838474.9284020003,169001256.25087535
2026-08-06 15:00:00+00:00,1786028400000,92.08,92.49,91.4001,91.65,1455481.7494279998,133746546.725738
2026-08-06 16:00:00+00:00,1786032000000,91.595,91.66,90.81,91.31,1078850.4858529998,98430973.89272156
2026-08-06 17:00:00+00:00,1786035600000,91.32,91.55,90.5701,90.945,1124926.954362,102314356.35313262
2026-08-06 18:00:00+00:00,1786039200000,90.98,91.63,90.74,90.96,973914.33308,88694865.27076213
2026-08-06 19:00:00+00:00,1786042800000,91.01,91.26,90.5096,90.735,2163876.628992,196645534.4745915
2026-08-06 20:00:00+00:00,1786046400000,90.88,91.0,90.66,90.88,52850.783353,4795759.35762625
2026-08-06 21:00:00+00:00,1786050000000,90.85,91.0,90.8,90.9,19007.283516,1727824.79564
2026-08-06 22:00:00+00:00,1786053600000,91.04,91.16,90.85,91.04,13696.21938,1246820.26541698
2026-08-06 23:00:00+00:00,1786057200000,91.17,91.25,91.0,91.15,8304.831319,756950.49443531
2026-08-07 00:00:00+00:00,1786060800000,90.87,91.27,90.73,91.1,5134.0,467357.73
2026-08-07 01:00:00+00:00,1786064400000,91.19,91.28,90.76,91.03,8135.0,740935.66
2026-08-07 02:00:00+00:00,1786068000000,90.99,91.12,90.9,91.0,2552.0,232285.46
2026-08-07 03:00:00+00:00,1786071600000,91.11,91.11,90.93,91.03,4127.0,375590.4
2026-08-07 04:00:00+00:00,1786075200000,90.89,91.13,90.86,90.86,3331.0,303092.42
2026-08-07 05:00:00+00:00,1786078800000,90.92,91.1,90.87,91.04,984.0,89520.15
2026-08-07 06:00:00+00:00,1786082400000,91.01,91.39,91.01,91.2,6013.0,548429.24
2026-08-07 07:00:00+00:00,1786086000000,91.25,91.37,90.88,90.88,2523.0,230002.39
2026-08-07 08:00:00+00:00,1786089600000,91.31,91.65,90.86,91.5,38368.82255,3502148.81019155
2026-08-07 09:00:00+00:00,1786093200000,91.62,91.9,91.59,91.85,10361.152974,950179.89463364
2026-08-07 10:00:00+00:00,1786096800000,91.85,91.8732,91.6305,91.73,17383.029536000002,1594858.19386893
2026-08-07 11:00:00+00:00,1786100400000,92.23,92.45,91.71,92.23,55975.645067000005,5155424.08144478
2026-08-07 12:00:00+00:00,1786104000000,92.03,93.44,91.91,93.14,162411.244795,15081053.44017827
2026-08-07 13:00:00+00:00,1786107600000,93.01,94.77,92.72,93.85,2215473.7920350004,208080621.7586153
2026-08-07 14:00:00+00:00,1786111200000,93.83,95.75,93.01,94.465,3615171.1038659983,342205227.86685807
2026-08-07 15:00:00+00:00,1786114800000,94.455,95.155,93.9,94.06,1564662.3394339995,147951967.3571359
2026-08-07 16:00:00+00:00,1786118400000,94.025,94.31,92.98,93.435,1174681.96944,110001331.00525464
2026-08-07 17:00:00+00:00,1786122000000,93.46,93.5,92.52,92.845,997378.6843030002,92703556.04564781
2026-08-07 18:00:00+00:00,1786125600000,92.87,93.47,92.7037,92.93,1413517.173492,131604668.32766856
2026-08-07 19:00:00+00:00,1786129200000,92.92,93.67,92.905,93.27,2187907.378825,204209647.94705868
2026-08-07 20:00:00+00:00,1786132800000,93.29,93.49,93.2,93.4,108176.08596,10096604.165468
2026-08-07 21:00:00+00:00,1786136400000,93.5,93.55,93.38,93.5,267694.352114,24976525.51868127
2026-08-07 22:00:00+00:00,1786140000000,93.38,93.55,93.38,93.55,9690.141351,905337.30924017
2026-08-07 23:00:00+00:00,1786143600000,93.5,93.65,93.4,93.65,24107.618311,2255014.56300178
2026-08-08 07:00:00+00:00,1786172400000,93.78,93.78,93.78,93.78,0.2132,19.993896
2026-08-08 13:00:00+00:00,1786194000000,93.61,93.61,93.61,93.61,0.8367,78.323487
2026-08-08 14:00:00+00:00,1786197600000,93.68,93.69,93.68,93.69,0.1793,16.796825
2026-08-08 15:00:00+00:00,1786201200000,93.74,94.2,93.66,93.66,37.1431,3497.617409
2026-08-08 16:00:00+00:00,1786204800000,94.17,94.17,94.17,94.17,0.965,90.87405
2026-08-08 19:00:00+00:00,1786215600000,94.19,94.25,94.19,94.25,12.02,1132.391809
2026-08-09 03:00:00+00:00,1786244400000,94.25,94.25,94.25,94.25,0.2264,21.3382
2026-08-09 04:00:00+00:00,1786248000000,94.22,94.22,94.22,94.22,0.2262,21.312564
2026-08-09 07:00:00+00:00,1786258800000,94.27,94.27,94.27,94.27,0.2121,19.994667
2026-08-09 11:00:00+00:00,1786273200000,94.27,94.27,94.27,94.27,1.7799,167.791173
2026-08-09 15:00:00+00:00,1786287600000,94.29,94.29,94.29,94.29,2.376,224.03304
2026-08-09 19:00:00+00:00,1786302000000,94.32,94.32,94.32,94.32,0.212,19.99584
2026-08-09 22:00:00+00:00,1786312800000,94.29,94.29,94.27,94.27,18.024,1699.47496
2026-08-10 00:00:00+00:00,1786320000000,93.88,94.19,93.38,93.69,24956.0,2344075.96
2026-08-10 01:00:00+00:00,1786323600000,93.7,93.86,93.47,93.8,6795.0,636501.37
2026-08-10 02:00:00+00:00,1786327200000,93.79,93.79,93.48,93.76,4760.0,445783.38
2026-08-10 03:00:00+00:00,1786330800000,93.77,93.97,93.74,93.9,4706.0,441632.19
2026-08-10 04:00:00+00:00,1786334400000,93.89,93.99,93.76,93.84,5904.0,554384.87
2026-08-10 05:00:00+00:00,1786338000000,93.82,93.95,93.76,93.9,2707.0,254101.1
2026-08-10 06:00:00+00:00,1786341600000,93.93,94.1,93.74,94.07,4523.0,424800.15
2026-08-10 07:00:00+00:00,1786345200000,94.07,94.25,93.93,94.24,7216.0,679304.27
2026-08-10 08:00:00+00:00,1786348800000,94.57,94.8,93.76,94.56,68522.871355,6457657.06707942
2026-08-10 09:00:00+00:00,1786352400000,94.52,94.85,94.3,94.52,16784.56032,1588547.85618989
2026-08-10 10:00:00+00:00,1786356000000,94.29,94.6,94.25,94.27,11913.69791,1124912.80131844
2026-08-10 11:00:00+00:00,1786359600000,94.49,94.87,94.0244,94.28,43897.48628999999,4141280.07710134
2026-08-10 12:00:00+00:00,1786363200000,93.9,94.3,93.2508,93.445,102901.064034,9641294.61445282
2026-08-10 13:00:00+00:00,1786366800000,93.45,94.02,92.4,93.21,1401890.0847680003,130645922.10275882
2026-08-10 14:00:00+00:00,1786370400000,93.175,94.09,92.8,93.07,2083154.982293,194751451.1930956
2026-08-10 15:00:00+00:00,1786374000000,93.12,94.245,92.93,94.205,1064060.779305,99353163.86703266
2026-08-10 16:00:00+00:00,1786377600000,94.2,94.66,93.39,93.82,1228449.0739580002,115389572.81085633
2026-08-10 17:00:00+00:00,1786381200000,93.845,94.5099,93.6,94.35,1035614.3306249998,97486312.2761876
2026-08-10 18:00:00+00:00,1786384800000,94.31,94.5,94.01,94.315,744653.1958510004,70175521.4544416
2026-08-10 19:00:00+00:00,1786388400000,94.285,95.95,94.25,94.505,1805311.559811,170732466.42791384
2026-08-10 20:00:00+00:00,1786392000000,94.52,94.68,94.27,94.5,126222.928321,11929669.75752418
2026-08-10 21:00:00+00:00,1786395600000,94.4977,94.5,94.4,94.4233,11189.363672,1056478.45811926
2026-08-10 22:00:00+00:00,1786399200000,94.475,94.55,94.4,94.475,13337.209424,1259806.12777219
2026-08-10 23:00:00+00:00,1786402800000,94.42,94.4985,94.4,94.42,6118.118176,577752.25371421
2026-08-11 00:00:00+00:00,1786406400000,94.52,94.66,93.87,94.66,3152.0,297073.76
2026-08-11 01:00:00+00:00,1786410000000,94.67,95.03,94.52,94.84,16618.0,1576187.82
2026-08-11 02:00:00+00:00,1786413600000,94.83,94.97,94.78,94.86,2737.0,259562.42
2026-08-11 03:00:00+00:00,1786417200000,94.85,94.97,94.82,94.9,4464.0,423710.38
2026-08-11 04:00:00+00:00,1786420800000,94.94,94.96,94.87,94.89,1222.0,115980.6
2026-08-11 05:00:00+00:00,1786424400000,94.89,94.94,94.68,94.75,2367.0,224398.08
2026-08-11 06:00:00+00:00,1786428000000,94.75,94.9,94.34,94.38,3138.0,296871.41
2026-08-11 07:00:00+00:00,1786431600000,94.5,94.84,94.39,94.73,1828.0,172861.58
2026-08-11 08:00:00+00:00,1786435200000,94.41,94.97,94.01,94.57,28974.124441,2740931.89023149
2026-08-11 09:00:00+00:00,1786438800000,94.43,94.67,94.25,94.43,7249.211218,685299.8329669
2026-08-11 10:00:00+00:00,1786442400000,94.64,95.0,94.49,94.9875,9679.766943,917399.91202283
2026-08-11 11:00:00+00:00,1786446000000,95.34,95.57,94.89,95.31,38896.745373,3705805.73224729
2026-08-11 12:00:00+00:00,1786449600000,95.22,95.3,94.91,95.0,43796.848214,4164913.83712819
2026-08-11 13:00:00+00:00,1786453200000,95.07,95.3,92.75,93.87,1798423.3071230005,168512623.56208655
2026-08-11 14:00:00+00:00,1786456800000,93.895,94.84,93.61,94.69,2092329.874859,197235986.44943345
2026-08-11 15:00:00+00:00,1786460400000,94.61,94.74,93.34,93.53,1273076.580886,119502170.95587176
2026-08-11 16:00:00+00:00,1786464000000,93.58,93.815,93.2,93.535,944025.610079,88327284.1942366
2026-08-11 17:00:00+00:00,1786467600000,93.54,94.06,93.445,93.6,834297.7642269998,78155179.09770404
2026-08-11 18:00:00+00:00,1786471200000,93.615,93.84,93.08,93.42,1085981.4090280002,101498103.04871586
2026-08-11 19:00:00+00:00,1786474800000,93.475,94.48,93.3,94.46,2323808.1365730003,218318753.48045585
2026-08-11 20:00:00+00:00,1786478400000,94.39,94.88,94.1854,94.41,248561.33061300003,23476319.40280112
2026-08-11 21:00:00+00:00,1786482000000,94.53,94.53,94.25,94.4,15123.616471,1426117.71181248
2026-08-11 22:00:00+00:00,1786485600000,94.3296,94.45,94.3,94.4186,11863.85478,1119934.84099174
2026-08-11 23:00:00+00:00,1786489200000,94.42,94.4392,94.3201,94.4046,11785.105958,1112479.82562792
2026-08-12 00:00:00+00:00,1786492800000,94.19,94.69,94.19,94.49,2282.0,215539.62
2026-08-12 01:00:00+00:00,1786496400000,94.52,94.68,94.46,94.6,4720.0,446583.25
2026-08-12 02:00:00+00:00,1786500000000,94.69,94.95,94.69,94.89,2823.0,267686.23
2026-08-12 03:00:00+00:00,1786503600000,94.93,95.06,94.91,94.95,2408.0,228709.79
2026-08-12 04:00:00+00:00,1786507200000,94.96,95.02,94.67,94.79,6402.0,607238.77
2026-08-12 05:00:00+00:00,1786510800000,94.66,94.78,94.55,94.66,892.0,84414.47
2026-08-12 06:00:00+00:00,1786514400000,94.74,94.81,94.6,94.81,1004.0,95100.21
2026-08-12 07:00:00+00:00,1786518000000,94.79,94.86,94.5,94.5,5030.0,476442.73
2026-08-12 08:00:00+00:00,1786521600000,94.6491,95.1,94.51,95.0,35728.015052,3387169.45739432
2026-08-12 09:00:00+00:00,1786525200000,94.95,95.5,94.9007,94.92,30770.79369000001,2929862.66074893
2026-08-12 10:00:00+00:00,1786528800000,95.28,95.45,94.98,95.28,23897.622016,2276599.79206764
2026-08-12 11:00:00+00:00,1786532400000,95.27,95.35,95.0,95.24,41707.804673,3971671.57857157
2026-08-12 12:00:00+00:00,1786536000000,95.36,96.23,94.92,95.79,284381.983203,27241831.7551633
2026-08-12 13:00:00+00:00,1786539600000,96.06,97.17,93.9141,94.1,2509847.9998310013,238641116.53513128
2026-08-12 14:00:00+00:00,1786543200000,94.09,94.855,93.41,93.65,2066285.6896120005,194561047.27672803
2026-08-12 15:00:00+00:00,1786546800000,93.65,94.5,93.55,94.26,1262628.8998460004,118847722.98158444
2026-08-12 16:00:00+00:00,1786550400000,94.23,94.58,94.1305,94.445,750878.5607040002,70859583.80721971
2026-08-12 17:00:00+00:00,1786554000000,94.39,94.7,94.22,94.545,1004323.015472,94816227.67698212
2026-08-12 18:00:00+00:00,1786557600000,94.61,95.235,94.25,95.06,1245687.4860040003,118107243.04174867
2026-08-12 19:00:00+00:00,1786561200000,95.11,95.68,94.47,94.92,2608910.122045,247912727.9113749
2026-08-12 20:00:00+00:00,1786564800000,94.99,95.69,94.7,95.61,156206.50573800004,14874045.95897466
2026-08-12 21:00:00+00:00,1786568400000,95.195,95.5002,95.0,95.07,26173.849789,2493841.79051094
2026-08-12 22:00:00+00:00,1786572000000,95.18,95.3113,95.0121,95.05,6512.0,619074.3504
2026-08-12 23:00:00+00:00,1786575600000,95.14,95.2,95.0,95.03,20386.100977,1937996.53493811
2026-08-13 00:00:00+00:00,1786579200000,95.14,95.47,95.14,95.28,4618.0,440204.46
2026-08-13 01:00:00+00:00,1786582800000,95.25,95.25,94.87,95.11,3750.0,356321.76
2026-08-13 02:00:00+00:00,1786586400000,95.11,95.2,94.98,95.19,1274.0,121133.9
2026-08-13 03:00:00+00:00,1786590000000,95.2,95.27,95.15,95.24,1913.0,182190.02
2026-08-13 04:00:00+00:00,1786593600000,95.25,95.34,95.14,95.31,3352.0,319395.16
2026-08-13 05:00:00+00:00,1786597200000,95.24,95.65,95.2,95.37,3781.0,361088.73
2026-08-13 06:00:00+00:00,1786600800000,95.39,95.46,95.27,95.46,1805.0,172137.5
2026-08-13 07:00:00+00:00,1786604400000,95.46,95.46,95.2,95.27,1967.0,187525.36
2026-08-13 08:00:00+00:00,1786608000000,95.14,95.64,95.02,95.2,31185.21029,2972708.34124705
2026-08-13 09:00:00+00:00,1786611600000,95.18,95.31,95.08,95.23,7567.508644,720308.01302309
2026-08-13 10:00:00+00:00,1786615200000,95.2,95.2517,95.09,95.2,3425.11971,326045.70799418
2026-08-13 11:00:00+00:00,1786618800000,95.21,95.25,95.01,95.21,23409.773217,2227638.90466989
2026-08-13 12:00:00+00:00,1786622400000,95.01,95.8,94.91,95.53,89516.716781,8541685.11524302
2026-08-13 13:00:00+00:00,1786626000000,95.91,100.3499,95.51,99.56,4096637.448154,404996855.43446296
2026-08-13 14:00:00+00:00,1786629600000,99.6,100.16,98.07,98.295,3215339.6016239994,319864877.3751969
2026-08-13 15:00:00+00:00,1786633200000,98.295,98.82,97.34,97.56,1929223.449372,189539065.77403632
2026-08-13 16:00:00+00:00,1786636800000,97.595,98.82,97.585,98.715,1075952.703563,105653283.32163914
2026-08-13 17:00:00+00:00,1786640400000,98.67,99.59,98.5105,98.94,1084734.141221,107387269.8264954
2026-08-13 18:00:00+00:00,1786644000000,99.03,99.03,98.24,98.945,1120638.551113,110515244.69751696
2026-08-13 19:00:00+00:00,1786647600000,98.98,99.95,98.96,99.355,2480946.096596,246635813.35480148
2026-08-13 20:00:00+00:00,1786651200000,99.39,99.62,99.0,99.47,97143.367332,9660917.59550413
2026-08-13 21:00:00+00:00,1786654800000,99.65,99.7117,99.5,99.65,27806.792446000003,2771177.6636212
2026-08-13 22:00:00+00:00,1786658400000,99.57,99.7,99.4,99.57,45081.93696400001,4488772.39795591
2026-08-13 23:00:00+00:00,1786662000000,99.57,99.75,99.5,99.57,33145.153738,3303063.72318352
2026-08-14 00:00:00+00:00,1786665600000,99.57,99.69,99.42,99.55,5037.0,501496.02
2026-08-14 01:00:00+00:00,1786669200000,99.56,99.7,99.31,99.62,3591.0,357294.19
2026-08-14 02:00:00+00:00,1786672800000,99.66,99.78,99.64,99.73,4454.0,444214.75
2026-08-14 03:00:00+00:00,1786676400000,99.65,99.73,99.56,99.56,1437.0,143187.41
2026-08-14 04:00:00+00:00,1786680000000,99.55,99.67,99.46,99.5,6489.0,646437.27
2026-08-14 05:00:00+00:00,1786683600000,99.49,99.53,99.3,99.49,2711.0,269584.12
2026-08-14 06:00:00+00:00,1786687200000,99.42,99.43,99.21,99.31,2682.0,266360.27
2026-08-14 07:00:00+00:00,1786690800000,99.27,99.4,99.22,99.33,1624.0,161253.12
2026-08-14 08:00:00+00:00,1786694400000,99.45,99.66,99.09,99.09,30171.800087,3000087.68395071
2026-08-14 09:00:00+00:00,1786698000000,99.2,99.2807,98.91,99.1,12146.022707,1203853.04060431
2026-08-14 10:00:00+00:00,1786701600000,99.15,99.4,99.1,99.35,3559.328536,353588.67982619
2026-08-14 11:00:00+00:00,1786705200000,99.44,99.66,99.24,99.44,35323.018925,3513880.93813061
2026-08-14 12:00:00+00:00,1786708800000,99.17,99.6,98.9826,99.14,45537.900055,4518425.27231729
2026-08-14 13:00:00+00:00,1786712400000,98.39,99.1,96.9001,97.6,2116250.6370440004,206595370.8153376
2026-08-14 14:00:00+00:00,1786716000000,97.57,98.1397,96.7,96.84,2580139.4917090004,251325195.55259365
2026-08-14 15:00:00+00:00,1786719600000,97.0,97.5,96.78,96.98,1202324.072023,116796645.93408708
2026-08-14 16:00:00+00:00,1786723200000,97.04,97.39,96.8,97.11,992112.40834,96377767.79578096
2026-08-14 17:00:00+00:00,1786726800000,97.12,97.33,96.16,96.44,1089321.690044,105419106.5540081
2026-08-14 18:00:00+00:00,1786730400000,96.41,96.445,95.71,95.83,1351635.8418419997,129784479.02442136
2026-08-14 19:00:00+00:00,1786734000000,95.84,96.07,95.44,95.53,2444819.444704,234061635.0331826
2026-08-14 20:00:00+00:00,1786737600000,95.49,95.61,95.33,95.41,662749.903985,63323433.7011028
2026-08-14 21:00:00+00:00,1786741200000,95.5,95.55,95.45,95.5022,23493.411653,2244623.98153908
2026-08-14 22:00:00+00:00,1786744800000,95.53,95.55,95.5,95.5353,24039.871226,2296576.97796223
2026-08-14 23:00:00+00:00,1786748400000,95.49,95.55,95.4612,95.49,33622.596286,3211613.58594058
2026-08-15 00:00:00+00:00,1786752000000,95.64,95.64,95.64,95.64,0.2093,20.017452
2026-08-15 01:00:00+00:00,1786755600000,95.67,95.76,95.67,95.76,17.1065,1637.090905
2026-08-15 02:00:00+00:00,1786759200000,95.78,95.78,95.78,95.78,1.044,99.99432
2026-08-15 03:00:00+00:00,1786762800000,95.79,95.84,95.79,95.84,7.8218,749.470912
2026-08-15 05:00:00+00:00,1786770000000,95.87,95.87,95.87,95.87,1.043,99.99241
2026-08-15 07:00:00+00:00,1786777200000,95.91,95.91,95.91,95.91,0.2085,19.997235
2026-08-15 13:00:00+00:00,1786798800000,95.8,95.8,95.8,95.8,0.3021,28.94118
2026-08-15 19:00:00+00:00,1786820400000,95.91,95.91,95.91,95.91,0.2085,19.997235
2026-08-16 01:00:00+00:00,1786842000000,95.91,95.91,95.91,95.91,1.0426,99.995766
2026-08-16 07:00:00+00:00,1786863600000,95.91,95.91,95.91,95.91,0.2085,19.997235
2026-08-16 19:00:00+00:00,1786906800000,95.91,95.91,95.91,95.91,0.8575,82.242825
2026-08-16 22:00:00+00:00,1786917600000,95.91,95.92,95.91,95.92,1.4983,143.707234
2026-08-16 23:00:00+00:00,1786921200000,95.94,96.03,95.94,95.99,1.0058,96.534462
2026-08-17 00:00:00+00:00,1786924800000,96.35,96.35,95.43,95.68,33953.0,3245368.42
2026-08-17 01:00:00+00:00,1786928400000,95.71,96.01,95.69,95.88,6338.0,607693.85
2026-08-17 02:00:00+00:00,1786932000000,95.93,96.33,95.85,96.17,5718.0,549198.05
2026-08-17 03:00:00+00:00,1786935600000,96.19,96.29,95.98,96.06,3621.0,348006.98
2026-08-17 04:00:00+00:00,1786939200000,96.06,96.19,95.95,96.06,6726.0,646206.3
2026-08-17 05:00:00+00:00,1786942800000,96.14,96.19,96.07,96.13,2027.0,194877.89
2026-08-17 06:00:00+00:00,1786946400000,96.18,96.41,96.13,96.26,5051.0,486324.72
2026-08-17 07:00:00+00:00,1786950000000,96.35,96.36,96.1,96.2,4325.0,416141.57
2026-08-17 08:00:00+00:00,1786953600000,96.07,96.4,95.85,96.07,67698.428105,6507436.93332221
2026-08-17 09:00:00+00:00,1786957200000,95.78,95.99,95.6523,95.73,17905.445423,1715404.34058238
2026-08-17 10:00:00+00:00,1786960800000,95.75,96.0,95.6,95.91,34767.449421000005,3330259.2474545
2026-08-17 11:00:00+00:00,1786964400000,95.93,96.1,95.77,95.89,57275.771827,5494132.59188751
2026-08-17 12:00:00+00:00,1786968000000,95.6,95.95,95.3,95.6,86732.57407999998,8294574.31630931
2026-08-17 13:00:00+00:00,1786971600000,95.41,96.83,93.8,96.2,1909743.959725001,182932464.15809807
2026-08-17 14:00:00+00:00,1786975200000,96.2,96.925,95.44,95.765,1575672.44664,151632159.25924113
2026-08-17 15:00:00+00:00,1786978800000,95.77,96.7899,95.55,96.58,1141343.230679,109593717.29328972
2026-08-17 16:00:00+00:00,1786982400000,96.62,96.88,95.825,96.205,1113116.02386,107327092.26699074
2026-08-17 17:00:00+00:00,1786986000000,96.22,96.9,96.197,96.28,780630.781993,75330167.89462072
2026-08-17 18:00:00+00:00,1786989600000,96.29,96.58,95.875,96.24,964639.602801,92820034.18051924
2026-08-17 19:00:00+00:00,1786993200000,96.22,96.58,96.03,96.23,1555921.6834089998,149810052.18101543
2026-08-17 20:00:00+00:00,1786996800000,96.08,96.3,95.9,96.07,889800.941128,85638090.75801735
2026-08-17 21:00:00+00:00,1787000400000,96.175,96.2017,96.05,96.19,4398.09,422950.681221
2026-08-17 22:00:00+00:00,1787004000000,96.2022,96.25,96.163,96.23,6553.0,630492.9632
2026-08-17 23:00:00+00:00,1787007600000,96.19,96.3999,96.13,96.33,10613.17,1021865.724476
2026-08-18 00:00:00+00:00,1787011200000,96.34,96.49,96.26,96.31,3140.0,302608.07
2026-08-18 01:00:00+00:00,1787014800000,96.31,96.31,95.58,95.64,3233.0,310115.25
2026-08-18 02:00:00+00:00,1787018400000,95.72,95.76,95.05,95.16,10473.0,998289.53
2026-08-18 03:00:00+00:00,1787022000000,95.15,95.16,94.64,95.12,11556.0,1097129.72
2026-08-18 04:00:00+00:00,1787025600000,95.18,95.46,95.17,95.37,4096.0,390141.0
2026-08-18 05:00:00+00:00,1787029200000,95.29,95.31,94.89,94.89,3978.0,378086.41
2026-08-18 06:00:00+00:00,1787032800000,94.91,95.26,94.69,95.21,3589.0,340734.9
2026-08-18 07:00:00+00:00,1787036400000,95.26,95.29,94.55,94.55,10460.0,992613.58
2026-08-18 08:00:00+00:00,1787040000000,94.63,95.44,94.19,94.56,59751.10502,5662630.14807691
2026-08-18 09:00:00+00:00,1787043600000,94.56,94.6,94.0141,94.28,19715.834697,1858901.55965624
2026-08-18 10:00:00+00:00,1787047200000,94.23,94.32,94.1,94.23,14623.874605,1377620.17135212
2026-08-18 11:00:00+00:00,1787050800000,94.79,94.8,94.17,94.71,63425.851,5998227.1271657
2026-08-18 12:00:00+00:00,1787054400000,94.5001,94.74,94.2549,94.45,31894.476708,3012742.70149467
2026-08-18 13:00:00+00:00,1787058000000,94.18,94.59,92.15,93.67,2456950.8166960003,229321470.03697452
2026-08-18 14:00:00+00:00,1787061600000,93.68,94.1,92.46,92.54,2559464.787169999,238660365.4374112
2026-08-18 15:00:00+00:00,1787065200000,92.5,93.362,92.2,93.29,1429350.222442,132579522.81762996
2026-08-18 16:00:00+00:00,1787068800000,93.465,93.8,92.88,93.52,755253.3052809999,70415211.13923822
2026-08-18 17:00:00+00:00,1787072400000,93.49,93.661,92.56,92.57,889696.4941080002,83028167.25349738
2026-08-18 18:00:00+00:00,1787076000000,92.59,93.088,92.49,92.82,1149769.0260559998,106723975.51347262
2026-08-18 19:00:00+00:00,1787079600000,92.77,93.01,91.44,91.47,2621947.564932,241694272.8725097
2026-08-18 20:00:00+00:00,1787083200000,91.54,91.8,91.08,91.4,153541.26124599998,14043712.87636989
2026-08-18 21:00:00+00:00,1787086800000,91.55,91.7,91.52,91.61,31796.550988000003,2913053.73738602
2026-08-18 22:00:00+00:00,1787090400000,91.54,91.67,91.15,91.15,39940.089124000006,3652764.78493346
2026-08-18 23:00:00+00:00,1787094000000,91.14,91.47,91.01,91.15,43974.78752700001,4008750.42591883
2026-08-19 00:00:00+00:00,1787097600000,91.02,91.36,90.78,91.18,12962.0,1180080.5
2026-08-19 01:00:00+00:00,1787101200000,91.14,91.5,91.02,91.29,3828.0,349686.02
2026-08-19 02:00:00+00:00,1787104800000,91.27,91.27,91.09,91.16,1217.0,110963.33
2026-08-19 03:00:00+00:00,1787108400000,91.17,91.27,90.98,91.06,6706.0,610737.28
2026-08-19 04:00:00+00:00,1787112000000,91.0,91.0,90.53,90.77,14645.0,1328313.27
2026-08-19 05:00:00+00:00,1787115600000,90.77,90.87,90.44,90.49,4168.0,377838.96
2026-08-19 06:00:00+00:00,1787119200000,90.47,91.11,90.29,91.09,5599.0,507222.13
2026-08-19 07:00:00+00:00,1787122800000,91.08,91.25,90.89,90.92,6955.0,633607.76
2026-08-19 08:00:00+00:00,1787126400000,90.59,91.65,90.29,91.6,69373.71669,6309477.09661048
2026-08-19 09:00:00+00:00,1787130000000,91.26,91.61,91.25,91.26,9253.305376,845634.59438812
2026-08-19 10:00:00+00:00,1787133600000,91.2,91.2057,91.05,91.15,6486.0,591028.9668
2026-08-19 11:00:00+00:00,1787137200000,91.4,91.4797,91.01,91.4,32195.765161000003,2936991.06570539
2026-08-19 12:00:00+00:00,1787140800000,90.96,93.25,90.76,93.15,272093.5835859999,25160221.58061382
2026-08-19 13:00:00+00:00,1787144400000,93.14,94.38,92.19,93.49,2811840.4652340007,262315753.4495404
2026-08-19 14:00:00+00:00,1787148000000,93.51,96.78,92.31,96.77,4647357.724177999,438731947.00793433
2026-08-19 15:00:00+00:00,1787151600000,96.76,98.6399,96.18,98.57,4215085.367791001,411162188.2353203
2026-08-19 16:00:00+00:00,1787155200000,98.565,99.4299,98.0,98.48,3361454.729235,331783313.12137175
2026-08-19 17:00:00+00:00,1787158800000,98.525,98.6,96.3145,96.64,1842789.8470519995,179126728.57182726
2026-08-19 18:00:00+00:00,1787162400000,96.775,97.0473,95.42,95.48,1573783.986815001,150958776.42088303
2026-08-19 19:00:00+00:00,1787166000000,95.54,96.16,95.03,95.77,4153859.256921999,396921190.5233302
2026-08-19 20:00:00+00:00,1787169600000,96.26,97.029,95.58,97.0,174229.88189199998,16759363.99206156
2026-08-19 21:00:00+00:00,1787173200000,98.01,99.01,96.9863,98.69,309448.8243449999,30437231.63816202
2026-08-19 22:00:00+00:00,1787176800000,98.36,98.72,98.1241,98.2,96273.596644,9473100.48049732
2026-08-19 23:00:00+00:00,1787180400000,98.46,98.49,98.25,98.41,40912.163907,4024914.13787232
2026-08-20 00:00:00+00:00,1787184000000,98.44,98.72,98.03,98.25,9947.0,979466.08
2026-08-20 01:00:00+00:00,1787187600000,98.27,98.52,98.04,98.32,16347.0,1606768.96
2026-08-20 02:00:00+00:00,1787191200000,98.32,98.48,97.88,97.9,10613.0,1040663.2
2026-08-20 03:00:00+00:00,1787194800000,97.91,98.05,97.6,97.99,9236.0,903641.09
2026-08-20 04:00:00+00:00,1787198400000,97.91,98.19,97.91,97.96,2940.0,288263.82
2026-08-20 05:00:00+00:00,1787202000000,98.03,98.16,97.73,97.83,5587.0,547416.77
2026-08-20 06:00:00+00:00,1787205600000,97.81,98.39,97.78,98.26,8859.0,868548.38
2026-08-20 07:00:00+00:00,1787209200000,98.24,98.41,97.85,98.01,11371.0,1116370.39
2026-08-20 08:00:00+00:00,1787212800000,98.35,101.0,97.75,100.0,295606.6102410001,29461603.24900825
2026-08-20 09:00:00+00:00,1787216400000,100.29,101.494,99.7,100.69,157122.747245,15808213.8739678
2026-08-20 10:00:00+00:00,1787220000000,101.04,101.8755,100.6185,101.24,105921.450176,10716772.19587708
2026-08-20 11:00:00+00:00,1787223600000,101.06,101.66,100.09,100.3,295862.607252,29885496.16617467
2026-08-20 12:00:00+00:00,1787227200000,100.11,100.55,97.9,100.1,472351.3527340001,46771853.0666385
2026-08-20 13:00:00+00:00,1787230800000,100.2,101.61,95.93,96.895,4463193.94851,436445024.55931646
2026-08-20 14:00:00+00:00,1787234400000,96.8,97.62,94.55,96.27,4761479.386987,456774431.3689273
2026-08-20 15:00:00+00:00,1787238000000,96.24,97.75,93.9,94.87,3537884.4019639986,336930421.0210414
2026-08-20 16:00:00+00:00,1787241600000,94.94,95.385,94.02,95.37,1951976.6057820008,185029619.24102104
2026-08-20 17:00:00+00:00,1787245200000,95.25,95.2685,94.14,94.38,1671322.0635310002,158195647.27939975
2026-08-20 18:00:00+00:00,1787248800000,94.42,94.44,93.69,93.875,2167275.849882,203795449.9919541
2026-08-20 19:00:00+00:00,1787252400000,93.86,95.15,93.65,95.115,3302679.112808,312320822.71389
2026-08-20 20:00:00+00:00,1787256000000,95.21,95.3,94.9493,95.18,215382.955777,20485740.61111338
2026-08-20 21:00:00+00:00,1787259600000,95.155,95.22,95.1,95.16,32680.05,3111846.64908
2026-08-20 22:00:00+00:00,1787263200000,95.11,95.19,94.7,94.94,32718.980830000004,3107913.82297812
2026-08-20 23:00:00+00:00,1787266800000,95.19,95.45,95.01,95.19,39969.696669,3806038.42288185
2026-08-21 00:00:00+00:00,1787270400000,95.15,95.74,95.15,95.52,14812.0,1414697.32
2026-08-21 01:00:00+00:00,1787274000000,95.56,96.86,95.56,96.51,81642.0,7841697.5
2026-08-21 02:00:00+00:00,1787277600000,96.5,96.94,96.35,96.81,25063.0,2423148.31
2026-08-21 03:00:00+00:00,1787281200000,96.82,96.83,96.51,96.75,18513.0,1789732.28
2026-08-21 04:00:00+00:00,1787284800000,96.75,96.91,96.5,96.9,8249.0,798029.44
2026-08-21 05:00:00+00:00,1787288400000,96.9,97.45,96.82,97.45,23500.0,2282999.64
2026-08-21 06:00:00+00:00,1787292000000,97.44,97.62,97.24,97.4,26196.0,2551457.25
2026-08-21 07:00:00+00:00,1787295600000,97.43,98.48,97.39,98.47,54737.0,5371867.08
2026-08-21 08:00:00+00:00,1787299200000,98.56,100.8,96.5,100.55,580188.0536820003,57337490.53676126
2026-08-21 09:00:00+00:00,1787302800000,99.88,100.5854,99.23,100.4,273640.902617,27316640.92918621
2026-08-21 10:00:00+00:00,1787306400000,100.13,100.69,99.91,100.56,143145.75900199998,14356360.14725268
2026-08-21 11:00:00+00:00,1787310000000,100.25,100.3719,98.7051,99.95,432962.702719,43126505.59616387
2026-08-21 12:00:00+00:00,1787313600000,99.8,100.38,99.5,100.01,249232.629791,24886276.85683901
2026-08-21 13:00:00+00:00,1787317200000,99.85,107.9799,98.77,107.72,13327156.499491002,1388651058.4931138
2026-08-21 14:00:00+00:00,1787320800000,107.85,109.71,105.39,107.42,11448898.276005998,1229327742.1657991
2026-08-21 15:00:00+00:00,1787324400000,107.445,107.905,105.99,107.535,3976247.471438,425415535.9711744
2026-08-21 16:00:00+00:00,1787328000000,107.54,108.24,106.23,107.92,4263779.814045999,458173413.85592234
2026-08-21 17:00:00+00:00,1787331600000,107.95,108.67,107.3,108.205,3094117.239461,334316892.4299695
2026-08-21 18:00:00+00:00,1787335200000,108.16,108.84,107.3659,107.725,3688051.146047001,398853142.51200336
2026-08-21 19:00:00+00:00,1787338800000,107.72,108.37,106.7,108.12,6401038.126828,688450853.6547319
2026-08-21 20:00:00+00:00,1787342400000,108.205,108.6192,107.92,108.2,269168.361786,29148107.31362504
2026-08-21 21:00:00+00:00,1787346000000,108.21,109.17,108.08,109.15,143918.21262499996,15654660.40282058
2026-08-21 22:00:00+00:00,1787349600000,108.81,109.25,108.55,108.79,128386.93311,13989181.45729202
2026-08-21 23:00:00+00:00,1787353200000,108.79,109.0,108.51,108.79,103907.058972,11300786.26391216
2026-08-22 00:00:00+00:00,1787356800000,108.49,108.49,108.24,108.24,103.2179,11181.870424
2026-08-22 01:00:00+00:00,1787360400000,108.29,108.29,108.29,108.29,0.5128,55.531112
2026-08-22 02:00:00+00:00,1787364000000,108.22,108.5,108.22,108.41,47.9589,5197.497356
2026-08-22 03:00:00+00:00,1787367600000,108.41,108.43,108.31,108.31,13.1882,1429.463854
2026-08-22 04:00:00+00:00,1787371200000,108.29,108.29,108.22,108.22,17.6648,1912.324146
2026-08-22 05:00:00+00:00,1787374800000,108.2,108.2,107.64,107.64,32.3547,3493.731536
2026-08-22 06:00:00+00:00,1787378400000,107.66,107.66,107.66,107.66,0.9995,107.60617
2026-08-22 07:00:00+00:00,1787382000000,107.69,107.69,107.69,107.69,0.1857,19.998033
2026-08-22 08:00:00+00:00,1787385600000,107.67,107.67,107.65,107.65,2.563,275.91595
2026-08-22 18:00:00+00:00,1787421600000,107.65,107.65,107.65,107.65,0.4094,44.07191
2026-08-22 19:00:00+00:00,1787425200000,107.75,107.75,107.65,107.72,1.5813,170.258497
2026-08-22 23:00:00+00:00,1787439600000,107.65,107.65,107.65,107.65,0.658,70.8337
2026-08-23 00:00:00+00:00,1787443200000,107.65,107.65,107.63,107.63,1.0502,113.047754
2026-08-23 05:00:00+00:00,1787461200000,107.61,107.7,107.61,107.7,0.4907,52.82094
2026-08-23 11:00:00+00:00,1787482800000,107.7,107.72,107.7,107.72,2.5135,270.727478
2026-08-23 14:00:00+00:00,1787493600000,107.74,108.24,107.74,108.14,38.1068,4116.194923
2026-08-23 15:00:00+00:00,1787497200000,108.14,108.14,108.14,108.14,1.4399,155.710786
2026-08-23 16:00:00+00:00,1787500800000,108.14,108.14,108.14,108.14,0.3305,35.74027
2026-08-23 18:00:00+00:00,1787508000000,108.14,108.18,108.14,108.16,9.5671,1034.778387
2026-08-23 19:00:00+00:00,1787511600000,108.19,108.3,108.19,108.28,13.0429,1412.200972
2026-08-23 21:00:00+00:00,1787518800000,108.3,108.37,108.3,108.37,20.3984,2210.15045
2026-08-23 22:00:00+00:00,1787522400000,108.37,109.13,108.37,109.13,81.5008,8863.264801
2026-08-23 23:00:00+00:00,1787526000000,109.09,109.31,109.09,109.31,43.182,4714.773051
2026-08-24 00:00:00+00:00,1787529600000,109.77,110.01,107.93,109.04,47474.0,5159451.07
2026-08-24 01:00:00+00:00,1787533200000,109.03,109.03,108.03,108.04,17433.0,1894582.78
2026-08-24 02:00:00+00:00,1787536800000,108.03,108.66,107.58,108.56,24333.0,2633056.32
2026-08-24 03:00:00+00:00,1787540400000,108.65,108.65,107.12,107.26,24953.0,2683141.94
2026-08-24 04:00:00+00:00,1787544000000,107.28,107.56,107.08,107.11,15488.0,1661317.07
2026-08-24 05:00:00+00:00,1787547600000,107.15,107.63,107.11,107.33,8593.0,922501.27
2026-08-24 06:00:00+00:00,1787551200000,107.32,107.52,107.08,107.44,6148.0,659669.94
2026-08-24 07:00:00+00:00,1787554800000,107.46,108.05,107.21,107.23,25430.0,2738872.65
2026-08-24 08:00:00+00:00,1787558400000,107.45,108.396,106.55,106.55,166381.25015999994,17842542.24778322
2026-08-24 09:00:00+00:00,1787562000000,106.66,107.057,106.58,107.03,34598.321902,3696861.83371841
2026-08-24 10:00:00+00:00,1787565600000,107.03,107.349,106.63,106.69,70315.203789,7526996.46239919
2026-08-24 11:00:00+00:00,1787569200000,107.13,108.084,106.125,107.99,175672.03043800002,18830601.15230401
2026-08-24 12:00:00+00:00,1787572800000,106.87,109.201,106.75,108.91,288820.162057,31286270.76272729
2026-08-24 13:00:00+00:00,1787576400000,108.95,109.09,104.43,106.41,4062448.856078,431913468.7049289
2026-08-24 14:00:00+00:00,1787580000000,106.39,107.745,106.1,107.69,3530539.917009001,378266989.46422815
2026-08-24 15:00:00+00:00,1787583600000,107.8,109.069,106.91,107.1,3199627.4205070008,346046104.7826732
2026-08-24 16:00:00+00:00,1787587200000,107.145,108.23,106.96,107.405,1492153.9472710004,160740493.3850318
2026-08-24 17:00:00+00:00,1787590800000,107.42,107.769,105.86,106.3,1330779.5457639997,142090126.73826832
2026-08-24 18:00:00+00:00,1787594400000,106.335,106.56,105.46,105.65,1466815.85189,155566968.89340886
2026-08-24 19:00:00+00:00,1787598000000,105.76,105.862,103.155,103.64,4220048.305303999,439197729.3310389
2026-08-24 20:00:00+00:00,1787601600000,103.94,104.025,103.601,103.85,1987838.769767,206121983.79529488
2026-08-24 21:00:00+00:00,1787605200000,103.766,103.79,103.741,103.76,41041.29529,4258596.65208297
2026-08-24 22:00:00+00:00,1787608800000,103.76,103.799,103.671,103.724,41433.007539,4299192.44476549
2026-08-24 23:00:00+00:00,1787612400000,103.59,103.799,103.42,103.59,37722.889166,3908838.23080309
2026-08-25 00:00:00+00:00,1787616000000,103.74,104.53,103.12,104.46,20011.0,2080751.48
2026-08-25 01:00:00+00:00,1787619600000,104.36,104.72,104.23,104.49,22060.0,2305102.52
2026-08-25 02:00:00+00:00,1787623200000,104.54,105.75,104.31,105.24,45506.0,4785496.66
2026-08-25 03:00:00+00:00,1787626800000,105.19,105.65,105.19,105.24,14412.0,1519400.07
2026-08-25 04:00:00+00:00,1787630400000,105.35,105.58,105.1,105.34,13266.0,1397290.67
2026-08-25 05:00:00+00:00,1787634000000,105.38,106.23,105.33,106.17,21648.0,2293416.31
2026-08-25 06:00:00+00:00,1787637600000,106.17,106.33,105.94,106.05,8408.0,892694.37
2026-08-25 07:00:00+00:00,1787641200000,106.12,106.44,105.33,105.46,22611.0,2396503.27
2026-08-25 08:00:00+00:00,1787644800000,105.79,106.21,103.825,105.79,150861.934816,15939378.06775841
2026-08-25 09:00:00+00:00,1787648400000,105.745,105.795,103.875,104.447,133949.51902,14064286.49114006
2026-08-25 10:00:00+00:00,1787652000000,104.09,104.85,103.815,104.83,56123.38138400001,5854297.2602227
2026-08-25 11:00:00+00:00,1787655600000,104.66,104.836,104.275,104.44,101112.29197700002,10576386.18571099
2026-08-25 12:00:00+00:00,1787659200000,104.09,104.542,103.707,103.9,134957.36641699998,14036969.66397873
2026-08-25 13:00:00+00:00,1787662800000,103.86,107.615,102.92,106.58,3572038.9520810004,377406275.90938455
2026-08-25 14:00:00+00:00,1787666400000,106.66,110.815,106.582,110.815,6226546.780439001,678562218.9307839
2026-08-25 15:00:00+00:00,1787670000000,110.79,111.67,109.08,111.552,4470867.680508,492809398.5934362
2026-08-25 16:00:00+00:00,1787673600000,111.536,111.7,110.585,110.916,2712626.723851,301205671.8077025
2026-08-25 17:00:00+00:00,1787677200000,110.919,111.52,110.46,111.261,2495151.971129,277089329.61033607
2026-08-25 18:00:00+00:00,1787680800000,111.2,112.435,110.96,112.265,2628332.6020230004,294308068.7780459
2026-08-25 19:00:00+00:00,1787684400000,112.28,112.325,111.244,112.06,3083313.369404,344888333.5734016
2026-08-25 20:00:00+00:00,1787688000000,112.09,112.352,111.401,111.515,1908109.214502,213793143.88678545
2026-08-25 21:00:00+00:00,1787691600000,111.34,111.63,111.105,111.34,39305.24625399999,4381611.28403403
2026-08-25 22:00:00+00:00,1787695200000,111.78,111.87,111.54,111.78,23854.586012,2664814.88706933
2026-08-25 23:00:00+00:00,1787698800000,111.45,111.824,110.951,111.13,53760.749558,5987861.53362013
2026-08-26 00:00:00+00:00,1787702400000,111.22,111.48,110.89,110.89,9429.0,1047662.99
2026-08-26 01:00:00+00:00,1787706000000,110.81,111.41,110.79,110.95,5415.0,601685.76
2026-08-26 02:00:00+00:00,1787709600000,111.06,111.98,110.93,111.94,5816.0,649404.17
2026-08-26 03:00:00+00:00,1787713200000,111.93,112.19,111.89,112.1,7269.0,814424.89
2026-08-26 04:00:00+00:00,1787716800000,112.02,112.16,111.57,111.63,4279.0,478797.13
2026-08-26 05:00:00+00:00,1787720400000,111.72,112.0,111.53,111.67,3094.0,345722.2
2026-08-26 06:00:00+00:00,1787724000000,111.75,111.94,111.59,111.87,2150.0,240286.76
2026-08-26 07:00:00+00:00,1787727600000,111.85,111.86,111.55,111.81,2497.0,278974.02
2026-08-26 08:00:00+00:00,1787731200000,111.264,111.71,111.13,111.13,43648.47463399999,4867053.71799641
2026-08-26 09:00:00+00:00,1787734800000,111.13,111.225,110.26,110.61,27595.748034,3052503.66878091
2026-08-26 10:00:00+00:00,1787738400000,110.61,111.205,110.595,111.15,29412.054693,3261570.39263256
2026-08-26 11:00:00+00:00,1787742000000,111.15,111.25,110.351,110.65,72928.212326,8087381.636582892
2026-08-26 12:00:00+00:00,1787745600000,110.7,111.3,109.996,110.4,88059.24681699999,9727042.01525518
2026-08-26 13:00:00+00:00,1787749200000,110.0,111.53,108.78,110.55,2576178.992031,283442547.8908156
2026-08-26 14:00:00+00:00,1787752800000,110.58,110.89,109.36,109.36,2211319.956366,243534656.98254833
2026-08-26 15:00:00+00:00,1787756400000,109.43,109.748,108.81,108.895,1488435.983745,162735915.62878397
2026-08-26 16:00:00+00:00,1787760000000,108.888,109.22,108.281,108.343,1680493.507213,182559415.45499876
2026-08-26 17:00:00+00:00,1787763600000,108.339,109.508,108.3,109.067,1849247.984529,201584639.09478825
2026-08-26 18:00:00+00:00,1787767200000,109.13,109.9,108.93,109.565,897755.5141640003,98231061.72655368
2026-08-26 19:00:00+00:00,1787770800000,109.6,109.72,108.4,108.46,1793409.2519940005,195440360.05455017
2026-08-26 20:00:00+00:00,1787774400000,108.21,108.645,108.055,108.2,1540809.832398,167193274.91350698
2026-08-26 21:00:00+00:00,1787778000000,108.65,109.32,108.526,109.23,168731.380628,18408692.80854384
2026-08-26 22:00:00+00:00,1787781600000,109.32,109.4,109.168,109.22,56038.08901899999,6123483.7242266
2026-08-26 23:00:00+00:00,1787785200000,109.33,109.75,109.237,109.5,68578.312479,7506287.19720768
2026-08-27 00:00:00+00:00,1787788800000,109.63,109.93,108.8,108.85,7207.0,787621.02
2026-08-27 01:00:00+00:00,1787792400000,108.81,109.47,108.8,109.38,3158.0,344770.78
2026-08-27 02:00:00+00:00,1787796000000,109.39,109.48,109.35,109.39,2187.0,239270.19
2026-08-27 03:00:00+00:00,1787799600000,109.38,109.5,109.18,109.19,1871.0,204469.31
2026-08-27 04:00:00+00:00,1787803200000,109.21,109.31,109.09,109.09,2081.0,227296.25
2026-08-27 05:00:00+00:00,1787806800000,109.15,109.22,108.94,109.17,3569.0,389267.85
2026-08-27 06:00:00+00:00,1787810400000,109.14,109.21,109.04,109.21,1664.0,181638.55
2026-08-27 07:00:00+00:00,1787814000000,109.22,109.79,109.22,109.67,8814.0,965137.84
2026-08-27 08:00:00+00:00,1787817600000,110.79,111.124,109.49,110.55,97186.310361,10722546.18486706
2026-08-27 09:00:00+00:00,1787821200000,111.54,112.098,110.56,111.19,59806.673154,6663336.56678365
2026-08-27 10:00:00+00:00,1787824800000,111.164,111.309,110.7,111.03,43657.12447,4851301.91105492
2026-08-27 11:00:00+00:00,1787828400000,110.99,111.095,109.999,110.0,80476.369751,8903752.64414811
2026-08-27 12:00:00+00:00,1787832000000,110.3,110.399,110.0,110.159,95359.399865,10510579.519521648
2026-08-27 13:00:00+00:00,1787835600000,110.61,111.74,107.555,111.45,2514482.536277,276941837.7182516
2026-08-27 14:00:00+00:00,1787839200000,111.48,111.76,109.94,111.17,2672672.744452,296208043.99122405
2026-08-27 15:00:00+00:00,1787842800000,111.26,112.06,110.69,111.5,1655519.3671390002,184402011.3320181
2026-08-27 16:00:00+00:00,1787846400000,111.525,111.554,110.65,110.8,893984.421102,99316752.27011614
2026-08-27 17:00:00+00:00,1787850000000,110.768,110.96,110.16,110.16,1111600.172418,122986853.84305713
2026-08-27 18:00:00+00:00,1787853600000,110.157,110.597,109.18,110.593,2110839.314651,231480736.89170405
2026-08-27 19:00:00+00:00,1787857200000,110.592,110.751,109.65,109.755,2096022.410162,230837494.0875238
2026-08-27 20:00:00+00:00,1787860800000,109.55,110.075,109.425,109.5,1724672.752966,189192806.72031367
2026-08-27 21:00:00+00:00,1787864400000,109.61,109.795,109.44,109.61,15265.642475,1673696.0362383
2026-08-27 22:00:00+00:00,1787868000000,109.615,109.934,109.521,109.636,26231.754499,2877790.318176844
2026-08-27 23:00:00+00:00,1787871600000,109.75,109.8,109.575,109.58,16244.486626,1780853.82873245
2026-08-28 00:00:00+00:00,1787875200000,109.59,110.3,109.56,110.24,5045.0,554751.51
2026-08-28 01:00:00+00:00,1787878800000,110.28,110.89,110.26,110.46,11149.0,1232796.39
2026-08-28 02:00:00+00:00,1787882400000,110.4,110.42,109.73,109.86,6584.0,724652.78
2026-08-28 03:00:00+00:00,1787886000000,109.89,109.99,109.55,109.65,4001.0,439286.74
2026-08-28 04:00:00+00:00,1787889600000,109.61,109.91,109.39,109.6,4675.0,512620.58
2026-08-28 05:00:00+00:00,1787893200000,109.61,109.61,109.02,109.02,7830.0,855404.25
2026-08-28 06:00:00+00:00,1787896800000,109.06,109.39,108.93,109.38,21071.0,2298435.71
2026-08-28 07:00:00+00:00,1787900400000,109.35,109.36,108.81,108.84,6323.0,689588.67
2026-08-28 08:00:00+00:00,1787904000000,109.532,109.617,108.685,108.73,77361.286764,8456493.77036034
2026-08-28 09:00:00+00:00,1787907600000,108.73,108.838,108.25,108.365,19452.034635,2112436.49566402
2026-08-28 10:00:00+00:00,1787911200000,108.18,108.751,107.948,108.18,20759.7334,2246784.4264152
2026-08-28 11:00:00+00:00,1787914800000,108.753,109.004,108.601,108.699,127085.285284,13826500.182658331
2026-08-28 12:00:00+00:00,1787918400000,108.8,108.969,108.45,108.59,21844.381883,2375775.31365139
2026-08-28 13:00:00+00:00,1787922000000,108.755,110.43,107.625,108.33,2186296.720186,237724787.5727045
2026-08-28 14:00:00+00:00,1787925600000,108.06,109.53,105.71,109.385,3093926.56125,332399403.42711115
2026-08-28 15:00:00+00:00,1787929200000,109.4,109.46,106.13,106.4,1638996.618804,176684491.10571873
2026-08-28 16:00:00+00:00,1787932800000,106.401,107.075,105.47,106.016,2565141.259146,272202464.05463046
2026-08-28 17:00:00+00:00,1787936400000,106.01,106.01,104.89,105.295,2156223.407314,227417974.4468864
2026-08-28 18:00:00+00:00,1787940000000,105.323,105.395,104.655,104.767,1582079.140894,165963527.23635948
2026-08-28 19:00:00+00:00,1787943600000,104.765,105.199,104.16,104.208,3967777.517873,414785557.54731506
2026-08-28 20:00:00+00:00,1787947200000,104.0,104.304,103.903,104.0,1378906.478922,143703428.15409568
2026-08-28 21:00:00+00:00,1787950800000,104.276,104.285,103.99,104.012,53759.577801,5597295.969492038
2026-08-28 22:00:00+00:00,1787954400000,103.88,104.12,103.88,103.88,24175.214621,2514490.66546629
2026-08-28 23:00:00+00:00,1787958000000,104.0,104.163,103.85,104.075,46036.226761,4788694.620864901
2026-08-29 03:00:00+00:00,1787972400000,104.12,104.15,104.08,104.15,2.0909,217.750339
2026-08-29 06:00:00+00:00,1787983200000,104.17,104.19,103.92,104.01,80.9324,8416.442997
2026-08-29 07:00:00+00:00,1787986800000,104.06,104.2,104.06,104.12,13.1301,1366.931914
2026-08-29 08:00:00+00:00,1787990400000,104.17,104.17,104.17,104.17,1.0,104.17
2026-08-29 09:00:00+00:00,1787994000000,104.19,104.24,104.19,104.24,3.1056,323.655784
2026-08-29 10:00:00+00:00,1787997600000,104.18,104.18,104.13,104.13,0.54,56.254655
2026-08-29 13:00:00+00:00,1788008400000,104.22,104.22,104.22,104.22,0.4604,47.982888
2026-08-29 14:00:00+00:00,1788012000000,104.24,104.24,104.24,104.24,1.4394,150.043056
2026-08-29 15:00:00+00:00,1788015600000,104.27,104.27,104.27,104.27,0.1918,19.998986
2026-08-29 16:00:00+00:00,1788019200000,104.27,104.29,104.2,104.2,3.0538,318.390318
2026-08-29 18:00:00+00:00,1788026400000,104.31,104.5,104.31,104.41,2.8601,298.521167
2026-08-29 19:00:00+00:00,1788030000000,104.44,104.49,104.44,104.49,4.3285,452.155254
2026-08-29 20:00:00+00:00,1788033600000,104.5,104.53,104.5,104.53,3.71,387.778
2026-08-29 21:00:00+00:00,1788037200000,104.55,104.7,104.55,104.7,13.4559,1407.687504
2026-08-29 22:00:00+00:00,1788040800000,104.58,104.58,104.58,104.58,0.19,19.8702
2026-08-29 23:00:00+00:00,1788044400000,104.74,104.8,104.73,104.8,6.0877,637.700367
2026-08-30 02:00:00+00:00,1788055200000,104.8,104.8,104.8,104.8,0.5998,62.85904
2026-08-30 03:00:00+00:00,1788058800000,104.81,105.13,104.81,104.94,5.9024,619.20271
2026-08-30 04:00:00+00:00,1788062400000,104.97,105.21,104.96,105.21,19.0908,2006.139715
2026-08-30 05:00:00+00:00,1788066000000,105.24,106.54,105.24,106.16,92.7146,9835.004321
2026-08-30 07:00:00+00:00,1788073200000,106.21,106.25,106.21,106.25,6.7133,713.206551
2026-08-30 08:00:00+00:00,1788076800000,106.27,106.36,106.27,106.36,6.8425,727.458775
2026-08-30 09:00:00+00:00,1788080400000,106.38,106.43,106.38,106.43,1.9725,209.88385
2026-08-30 10:00:00+00:00,1788084000000,106.47,106.7,106.47,106.7,21.1689,2256.659439
2026-08-30 11:00:00+00:00,1788087600000,106.72,106.72,106.72,106.72,0.1844,19.679168
2026-08-30 12:00:00+00:00,1788091200000,106.72,106.9,106.72,106.87,12.3853,1323.056714
2026-08-30 13:00:00+00:00,1788094800000,106.92,106.92,106.92,106.92,1.62,173.2104
2026-08-30 14:00:00+00:00,1788098400000,106.93,106.98,106.93,106.98,0.7881,84.295533
2026-08-30 15:00:00+00:00,1788102000000,107.01,107.07,107.01,107.07,5.0936,545.276736
2026-08-30 16:00:00+00:00,1788105600000,107.09,107.32,107.09,107.28,7.3637,789.437619
2026-08-30 18:00:00+00:00,1788112800000,107.27,107.27,107.27,107.27,0.2561,27.471847
2026-08-30 19:00:00+00:00,1788116400000,107.27,107.52,107.27,107.52,47.1511,5067.550253
2026-08-30 20:00:00+00:00,1788120000000,107.42,107.46,107.39,107.4,50.0795,5379.659576
2026-08-30 21:00:00+00:00,1788123600000,107.39,107.41,106.85,106.85,77.2719,8286.065701
2026-08-30 22:00:00+00:00,1788127200000,106.86,106.86,106.44,106.44,101.6691,10855.740785
2026-08-30 23:00:00+00:00,1788130800000,106.41,106.41,106.0,106.0,70.9467,7526.542032
2026-08-31 00:00:00+00:00,1788134400000,104.29,104.67,103.44,104.04,44866.0,4675374.77
2026-08-31 01:00:00+00:00,1788138000000,104.06,104.1,102.99,103.31,17340.0,1795396.0
2026-08-31 02:00:00+00:00,1788141600000,103.41,104.14,103.29,103.73,10414.0,1080701.56
2026-08-31 03:00:00+00:00,1788145200000,103.75,104.03,103.51,103.58,7125.0,739011.83
2026-08-31 04:00:00+00:00,1788148800000,103.58,103.6,103.18,103.54,6423.0,664166.87
2026-08-31 05:00:00+00:00,1788152400000,103.5,104.57,103.49,104.56,18924.0,1974555.83
2026-08-31 06:00:00+00:00,1788156000000,104.53,104.92,104.22,104.86,11558.0,1207780.85
2026-08-31 07:00:00+00:00,1788159600000,104.8,105.11,104.075,104.61,10782.0,1130535.47
2026-08-31 08:00:00+00:00,1788163200000,104.26,104.897,104.217,104.26,118779.49138600004,12440203.73902477
2026-08-31 09:00:00+00:00,1788166800000,104.314,105.05,104.314,104.865,21394.381991999995,2240828.31489829
2026-08-31 10:00:00+00:00,1788170400000,104.74,104.975,104.639,104.74,11544.438225000002,1210542.86561057
2026-08-31 11:00:00+00:00,1788174000000,105.03,105.15,104.6,104.83,60274.52041399999,6325967.63120238
2026-08-31 12:00:00+00:00,1788177600000,104.97,105.155,103.942,103.99,158174.237531,16548837.2448671
2026-08-31 13:00:00+00:00,1788181200000,104.015,104.393,100.68,101.305,4678885.075278,477122030.04635006
2026-08-31 14:00:00+00:00,1788184800000,101.295,102.626,101.075,102.53,2634386.463834,268047242.06323117
2026-08-31 15:00:00+00:00,1788188400000,102.55,103.39,102.44,103.19,1767773.3902409996,181882845.35245496
2026-08-31 16:00:00+00:00,1788192000000,103.23,103.875,102.773,103.8,1396385.0683930002,144287352.008994
2026-08-31 17:00:00+00:00,1788195600000,103.85,104.491,103.76,103.76,1313048.259235,136726533.49070725
2026-08-31 18:00:00+00:00,1788199200000,103.75,104.605,103.748,104.465,1458891.6047690003,152037221.47771755
2026-08-31 19:00:00+00:00,1788202800000,104.435,105.46,104.435,104.828,3510031.69449,368473975.200804
2026-08-31 20:00:00+00:00,1788206400000,104.67,105.0,104.65,104.67,1516520.1364270004,158946930.45495483
2026-08-31 21:00:00+00:00,1788210000000,104.91,104.92,104.676,104.8,40419.925224000006,4238906.27211376
2026-08-31 22:00:00+00:00,1788213600000,104.8,104.805,104.7,104.79,12715.282382,1332547.60682298
2026-08-31 23:00:00+00:00,1788217200000,104.79,105.11,104.74,105.065,41905.425596,4397194.97538411
2026-09-01 00:00:00+00:00,1788220800000,105.1,106.15,105.05,105.56,57303.0,6053723.49
2026-09-01 01:00:00+00:00,1788224400000,105.65,106.13,105.31,105.56,35939.0,3804270.28
2026-09-01 02:00:00+00:00,1788228000000,105.56,105.58,105.11,105.54,17152.0,1805334.6
2026-09-01 03:00:00+00:00,1788231600000,105.54,105.93,105.41,105.74,10949.0,1157315.0
2026-09-01 04:00:00+00:00,1788235200000,105.83,108.24,105.74,107.39,70605.0,7563851.48
2026-09-01 05:00:00+00:00,1788238800000,107.4,108.78,107.3,108.58,35272.0,3816269.75
2026-09-01 06:00:00+00:00,1788242400000,108.67,109.2,108.45,109.03,45526.0,4952461.3
2026-09-01 07:00:00+00:00,1788246000000,109.01,109.52,108.46,108.96,33108.0,3613351.33
2026-09-01 08:00:00+00:00,1788249600000,107.79,108.83,105.688,107.61,425329.304718,45933693.46060324
2026-09-01 09:00:00+00:00,1788253200000,107.09,107.586,106.592,107.49,121033.290511,12957957.21872722
2026-09-01 10:00:00+00:00,1788256800000,107.61,107.65,107.06,107.62,70627.078723,7589981.39121443
2026-09-01 11:00:00+00:00,1788260400000,107.0,107.604,106.675,106.9,219928.133613,23556942.24755566
2026-09-01 12:00:00+00:00,1788264000000,106.5,107.052,106.321,107.0,202889.954728,21647039.38477187
2026-09-01 13:00:00+00:00,1788267600000,106.875,106.91,103.375,105.245,8352641.707682,880319015.1665369
2026-09-01 14:00:00+00:00,1788271200000,105.21,106.7,104.71,106.115,3971746.300326,420193282.89076936
2026-09-01 15:00:00+00:00,1788274800000,106.09,106.76,105.26,106.42,2174164.364642,230626224.31089184
2026-09-01 16:00:00+00:00,1788278400000,106.47,106.47,104.11,104.58,2570277.974654,269490047.25330734
2026-09-01 17:00:00+00:00,1788282000000,104.602,104.73,103.65,103.86,1837450.437227,191420667.7689516
2026-09-01 18:00:00+00:00,1788285600000,103.74,103.852,102.507,103.3,1803442.388823,186192802.54925296
2026-09-01 19:00:00+00:00,1788289200000,103.25,103.84,103.06,103.505,2202325.650322001,227816713.874214
2026-09-01 20:00:00+00:00,1788292800000,103.49,103.88,103.303,103.88,1618551.9968860005,167441955.61625144
2026-09-01 21:00:00+00:00,1788296400000,103.81,103.91,103.77,103.9,67907.101945,7050278.30097457
2026-09-01 22:00:00+00:00,1788300000000,103.78,103.86,103.55,103.65,41998.57368,4357031.782716
2026-09-01 23:00:00+00:00,1788303600000,103.65,103.914,103.585,103.886,20413.224765,2117633.234639
2026-09-02 00:00:00+00:00,1788307200000,103.7,103.91,103.4,103.58,10256.0,1062162.22
2026-09-02 01:00:00+00:00,1788310800000,103.53,103.72,102.81,103.11,11297.0,1168747.49
2026-09-02 02:00:00+00:00,1788314400000,103.08,103.69,103.03,103.58,3469.0,358807.8
2026-09-02 03:00:00+00:00,1788318000000,103.67,103.98,103.59,103.67,8310.0,862602.01
2026-09-02 04:00:00+00:00,1788321600000,103.67,103.8,103.32,103.74,5190.0,537626.87
2026-09-02 05:00:00+00:00,1788325200000,103.7,104.19,103.52,103.95,5699.0,592756.22
2026-09-02 06:00:00+00:00,1788328800000,103.92,104.16,103.64,103.81,7069.0,734148.5
2026-09-02 07:00:00+00:00,1788332400000,104.05,104.11,103.76,103.76,6958.0,723765.59
2026-09-02 08:00:00+00:00,1788336000000,103.885,103.885,102.425,102.445,92991.07596499998,9634768.18430326
2026-09-02 09:00:00+00:00,1788339600000,102.6,103.195,102.05,102.12,53660.569977,5500009.87853359
2026-09-02 10:00:00+00:00,1788343200000,101.47,102.38,101.268,101.9,93353.92508,9513567.80940769
2026-09-02 11:00:00+00:00,1788346800000,101.51,102.587,101.225,101.85,69078.71497,7032151.01310253
2026-09-02 12:00:00+00:00,1788350400000,102.404,103.65,102.4,102.696,162095.832372,16706934.4894728
2026-09-02 13:00:00+00:00,1788354000000,102.9,105.205,101.935,104.31,2477985.399097,257234212.7123816
2026-09-02 14:00:00+00:00,1788357600000,104.205,107.425,103.99,106.73,3644014.243588001,386875153.4032804
2026-09-02 15:00:00+00:00,1788361200000,106.65,106.82,104.79,105.51,1959407.614068,207199321.6164733
2026-09-02 16:00:00+00:00,1788364800000,105.69,106.2,104.94,104.94,1348568.987608,142534571.72104988
2026-09-02 17:00:00+00:00,1788368400000,105.02,106.21,104.965,106.08,1378323.983687,145532680.96836415
2026-09-02 18:00:00+00:00,1788372000000,105.99,106.675,105.621,106.31,1129369.68066,119932396.80497612
2026-09-02 19:00:00+00:00,1788375600000,106.275,107.195,106.17,107.03,2874109.6890330003,306659743.72366077
2026-09-02 20:00:00+00:00,1788379200000,107.19,109.204,106.9,108.69,1318582.8514389996,141572812.44359165
2026-09-02 21:00:00+00:00,1788382800000,108.67,109.57,108.401,109.29,111318.741078,12131983.94139297
2026-09-02 22:00:00+00:00,1788386400000,109.49,109.814,108.709,109.44,114211.29097100002,12491563.0005966
2026-09-02 23:00:00+00:00,1788390000000,109.47,109.63,108.734,109.47,73721.869782,8043771.09535309
2026-09-03 00:00:00+00:00,1788393600000,108.67,109.01,108.31,108.42,15203.0,1652646.61
2026-09-03 01:00:00+00:00,1788397200000,108.4,109.8,108.23,109.5,30777.0,3364419.22
2026-09-03 02:00:00+00:00,1788400800000,109.41,110.12,109.2,109.87,22025.0,2416822.3
2026-09-03 03:00:00+00:00,1788404400000,109.86,110.2,109.74,110.13,37472.0,4125205.36
2026-09-03 04:00:00+00:00,1788408000000,110.16,110.2,109.76,109.87,8861.0,974402.14
2026-09-03 05:00:00+00:00,1788411600000,109.87,109.99,108.59,109.67,21408.0,2338013.88
2026-09-03 06:00:00+00:00,1788415200000,109.58,109.74,109.37,109.37,15671.0,1716583.81
2026-09-03 07:00:00+00:00,1788418800000,109.43,110.27,109.43,109.48,27679.0,3042823.37
2026-09-03 08:00:00+00:00,1788422400000,109.109,110.79,109.109,110.6,251775.733599,27692132.62817189
2026-09-03 09:00:00+00:00,1788426000000,110.6,110.6,109.715,109.715,86825.6663,9556745.73186694
2026-09-03 10:00:00+00:00,1788429600000,109.715,109.815,109.351,109.644,36140.686233,3958363.452842562
2026-09-03 11:00:00+00:00,1788433200000,109.659,110.16,109.575,109.711,147058.264908,16153169.305337943
2026-09-03 12:00:00+00:00,1788436800000,109.709,111.852,109.575,111.746,586870.213767,65074048.542013146
2026-09-03 13:00:00+00:00,1788440400000,111.742,122.18,111.607,119.588,18665178.180025,2215514247.8455706
2026-09-03 14:00:00+00:00,1788444000000,119.8,124.0,119.0,123.38,15241211.950543,1857330027.6378725
2026-09-03 15:00:00+00:00,1788447600000,123.316,123.755,121.185,123.437,8168443.255934,1001944392.2877547
2026-09-03 16:00:00+00:00,1788451200000,123.441,123.62,122.58,123.087,4302393.909252,529383490.2248863
2026-09-03 17:00:00+00:00,1788454800000,123.084,124.56,122.61,124.243,5532900.677465,684634962.7253479
2026-09-03 18:00:00+00:00,1788458400000,124.248,124.47,122.81,122.893,3613765.548967,447360021.71989286
2026-09-03 19:00:00+00:00,1788462000000,122.895,124.88,122.58,124.678,8912725.634006,1104208065.817843
2026-09-03 20:00:00+00:00,1788465600000,124.68,124.9,123.75,123.941,2607584.85712,325056602.2911628
2026-09-03 21:00:00+00:00,1788469200000,123.942,124.598,123.776,124.149,184001.590523,22842006.264163014
2026-09-03 22:00:00+00:00,1788472800000,124.14,124.188,123.193,123.465,281969.64689,34862358.03575443
2026-09-03 23:00:00+00:00,1788476400000,123.465,124.095,123.465,123.985,126274.799206,15636145.60239439
2026-09-04 00:00:00+00:00,1788480000000,123.91,124.49,123.59,123.74,17473.0,2166836.16
2026-09-04 01:00:00+00:00,1788483600000,123.77,123.94,123.46,123.91,9502.0,1175116.99
2026-09-04 02:00:00+00:00,1788487200000,123.92,124.61,123.6,124.61,24174.0,2998300.23
2026-09-04 03:00:00+00:00,1788490800000,124.6,125.71,124.44,124.7,37202.0,4647118.16
2026-09-04 04:00:00+00:00,1788494400000,124.72,125.46,124.57,125.2,33598.0,4206880.58
2026-09-04 05:00:00+00:00,1788498000000,125.17,125.61,124.05,124.27,14584.0,1820938.24
2026-09-04 06:00:00+00:00,1788501600000,124.28,124.62,123.73,124.49,19764.0,2454598.56
2026-09-04 07:00:00+00:00,1788505200000,124.5,125.85,124.42,124.69,50120.0,6277672.95
2026-09-04 08:00:00+00:00,1788508800000,124.116,124.806,122.874,123.665,457254.640399,56709666.88497573
2026-09-04 09:00:00+00:00,1788512400000,123.657,123.904,122.426,123.555,191271.642801,23536904.592323937
2026-09-04 10:00:00+00:00,1788516000000,123.555,123.63,122.002,122.88,183440.342854,22515902.628963128
2026-09-04 11:00:00+00:00,1788519600000,122.886,122.939,122.109,122.595,316368.565835,38768945.17130447
2026-09-04 12:00:00+00:00,1788523200000,122.595,122.796,118.79,120.361,1565631.818753,188340857.62205052
2026-09-04 13:00:00+00:00,1788526800000,120.64,123.75,118.1103,122.5134,5700231.32175,690544343.84223
2026-09-04 14:00:00+00:00,1788530400000,122.58,122.9032,121.39,122.0,4733620.120112,577897698.9776542
2026-09-04 15:00:00+00:00,1788534000000,122.05,124.6,121.94,122.96,4186057.76391,516802046.6031144
2026-09-04 16:00:00+00:00,1788537600000,122.96,124.41,122.5,124.33,2982010.43942,368553342.40412647
2026-09-04 17:00:00+00:00,1788541200000,124.33,124.35,122.71,122.79,2614463.706248,322446938.2070637
2026-09-04 18:00:00+00:00,1788544800000,122.74,123.3011,122.35,123.0,2121113.929092,260656615.48203623
2026-09-04 19:00:00+00:00,1788548400000,123.04,123.36,121.84,122.11,4262345.283237,522146957.9220756
2026-09-04 20:00:00+00:00,1788552000000,122.0,122.34,121.8,121.9985,1421822.703422,173536318.93431884
2026-09-04 21:00:00+00:00,1788555600000,121.9845,122.15,121.9,121.9,67051.075708,8180430.806014522
2026-09-04 22:00:00+00:00,1788559200000,122.0,122.13,121.81,122.0499,56227.111148,6855856.750814461
2026-09-04 23:00:00+00:00,1788562800000,122.03,122.29,121.85,122.0993,41478.273649,5058407.458110264
2026-09-05 00:00:00+00:00,1788566400000,121.95,121.95,121.0,121.0,37.4449,4543.873446
2026-09-05 02:00:00+00:00,1788573600000,120.99,120.99,120.91,120.96,14.1305,1709.36359
2026-09-05 03:00:00+00:00,1788577200000,120.96,121.52,120.96,121.36,33.3235,4035.882952
2026-09-05 04:00:00+00:00,1788580800000,121.36,121.37,121.29,121.29,6.5831,798.845541
2026-09-05 07:00:00+00:00,1788591600000,121.36,121.36,121.36,121.36,0.1647,19.987992
2026-09-05 08:00:00+00:00,1788595200000,121.26,121.36,121.22,121.36,17.4906,2121.74759
2026-09-05 09:00:00+00:00,1788598800000,121.3,121.3,121.3,121.3,2.154,261.2802
2026-09-05 11:00:00+00:00,1788606000000,121.35,121.35,121.35,121.35,0.612,74.2662
2026-09-05 12:00:00+00:00,1788609600000,121.32,121.43,121.32,121.43,11.327,1374.918572
2026-09-05 13:00:00+00:00,1788613200000,121.43,121.56,121.43,121.56,6.4346,781.673193
2026-09-05 14:00:00+00:00,1788616800000,121.56,122.25,121.56,122.25,12.2055,1487.229715
2026-09-05 15:00:00+00:00,1788620400000,122.2,122.38,122.2,122.38,14.6469,1791.236258
2026-09-05 16:00:00+00:00,1788624000000,122.4,122.52,122.38,122.52,18.1758,2224.951144
2026-09-05 17:00:00+00:00,1788627600000,122.54,123.82,122.54,123.74,16.6504,2049.532064
2026-09-05 18:00:00+00:00,1788631200000,123.79,123.79,123.68,123.68,3.8676,478.647872
2026-09-05 19:00:00+00:00,1788634800000,123.84,123.84,123.84,123.84,0.3228,39.975552
2026-09-05 20:00:00+00:00,1788638400000,123.67,123.67,123.63,123.63,3.1585,390.548149
2026-09-05 21:00:00+00:00,1788642000000,123.44,123.55,123.44,123.55,6.5921,814.026026
2026-09-05 22:00:00+00:00,1788645600000,123.56,124.48,123.56,124.33,62.2775,7720.875379
2026-09-05 23:00:00+00:00,1788649200000,124.28,125.75,124.28,125.75,97.2132,12145.113038
2026-09-06 00:00:00+00:00,1788652800000,125.68,126.76,125.6,126.57,243.6112,30609.953573
2026-09-06 02:00:00+00:00,1788660000000,126.36,127.16,126.36,127.05,32.111,4067.453177
2026-09-06 03:00:00+00:00,1788663600000,127.05,127.05,126.96,126.96,4.0021,508.356323
2026-09-06 04:00:00+00:00,1788667200000,126.96,126.98,126.79,126.91,9.2258,1170.822415
2026-09-06 05:00:00+00:00,1788670800000,126.84,126.94,126.84,126.94,7.9585,1010.14463
2026-09-06 06:00:00+00:00,1788674400000,126.95,126.95,126.81,126.9,62.3725,7910.548578
2026-09-06 07:00:00+00:00,1788678000000,126.9,126.9,125.3,125.3,54.5412,6877.587391
2026-09-06 08:00:00+00:00,1788681600000,125.41,125.48,124.89,124.9,41.0802,5145.002877
2026-09-06 10:00:00+00:00,1788688800000,124.92,125.15,124.92,125.15,12.3884,1548.649501
2026-09-06 12:00:00+00:00,1788696000000,125.17,125.21,125.14,125.14,10.2768,1286.384002
2026-09-06 13:00:00+00:00,1788699600000,125.02,125.1,124.59,124.59,60.0852,7500.937483
2026-09-06 14:00:00+00:00,1788703200000,124.59,125.23,123.9,124.87,42.5271,5290.381247
2026-09-06 15:00:00+00:00,1788706800000,124.36,124.36,124.36,124.36,0.1609,20.009524
2026-09-06 16:00:00+00:00,1788710400000,124.39,124.39,124.39,124.39,2.76,343.3164
2026-09-06 17:00:00+00:00,1788714000000,124.31,124.51,124.31,124.51,4.9376,614.474634
2026-09-06 18:00:00+00:00,1788717600000,124.53,124.85,124.53,124.85,13.1717,1642.100871
2026-09-06 19:00:00+00:00,1788721200000,124.87,124.87,124.87,124.87,0.3202,39.983374
2026-09-06 20:00:00+00:00,1788724800000,124.88,125.41,124.88,125.41,17.1131,2140.105924
2026-09-06 21:00:00+00:00,1788728400000,125.44,125.95,125.44,125.73,6.6195,831.457725
2026-09-06 22:00:00+00:00,1788732000000,125.67,125.75,125.67,125.75,2.84,357.0211
2026-09-07 00:00:00+00:00,1788739200000,125.77,126.62,125.77,126.62,7.4605,941.006959
2026-09-07 01:00:00+00:00,1788742800000,126.58,127.42,125.05,125.32,202.1233,25638.644382
2026-09-07 02:00:00+00:00,1788746400000,125.33,126.34,125.33,126.34,34.4433,4334.22929
2026-09-07 03:00:00+00:00,1788750000000,126.27,126.27,126.16,126.16,3.95,498.620049
2026-09-07 04:00:00+00:00,1788753600000,126.16,126.16,125.47,125.47,19.2231,2420.120848
2026-09-07 06:00:00+00:00,1788760800000,125.59,125.59,124.22,124.22,16.5279,2070.126665
2026-09-07 07:00:00+00:00,1788764400000,124.24,124.49,123.66,123.71,45.9015,5703.763862
2026-09-07 10:00:00+00:00,1788775200000,123.73,123.73,123.63,123.63,1.6227,200.727859
2026-09-07 11:00:00+00:00,1788778800000,123.75,123.78,123.75,123.78,2.0984,259.687544
2026-09-07 12:00:00+00:00,1788782400000,123.71,123.71,123.63,123.63,1.6802,207.81335
2026-09-07 13:00:00+00:00,1788786000000,123.78,123.78,123.51,123.51,3.3922,419.361167
2026-09-07 14:00:00+00:00,1788789600000,123.3,123.41,121.61,122.92,83.5454,10230.692202
2026-09-07 15:00:00+00:00,1788793200000,122.89,122.89,122.35,122.35,37.3368,4579.081029
2026-09-07 16:00:00+00:00,1788796800000,122.35,122.83,122.31,122.74,22.508,2759.757321
2026-09-07 17:00:00+00:00,1788800400000,122.85,123.53,122.85,123.53,60.7439,7477.188845
2026-09-07 18:00:00+00:00,1788804000000,123.55,124.26,123.55,124.26,44.8878,5561.386595
2026-09-07 19:00:00+00:00,1788807600000,124.28,124.41,124.28,124.41,6.0484,752.067386
2026-09-07 21:00:00+00:00,1788814800000,124.37,124.37,124.37,124.37,0.51,63.4287
2026-09-07 23:00:00+00:00,1788822000000,124.37,124.37,123.74,123.74,27.642,3428.121796
2026-09-08 00:00:00+00:00,1788825600000,122.54,123.68,122.2,123.27,33975.0,4180190.63
2026-09-08 01:00:00+00:00,1788829200000,123.21,123.48,122.6,123.22,21144.0,2600402.2
2026-09-08 02:00:00+00:00,1788832800000,123.3,123.43,122.8,122.8,7430.0,915326.25
2026-09-08 03:00:00+00:00,1788836400000,122.8,123.05,122.79,122.88,5221.0,641840.46
2026-09-08 04:00:00+00:00,1788840000000,122.89,123.08,122.16,122.17,13144.0,1611424.86
2026-09-08 05:00:00+00:00,1788843600000,122.13,122.3,120.99,121.03,26099.0,3172036.48
2026-09-08 06:00:00+00:00,1788847200000,121.03,121.4,120.28,120.59,48335.0,5826081.35
2026-09-08 07:00:00+00:00,1788850800000,120.59,121.07,119.87,120.29,32677.0,3929655.64
2026-09-08 08:00:00+00:00,1788854400000,120.59,123.1,119.5012,119.7,308868.268955,37181218.51666347
2026-09-08 09:00:00+00:00,1788858000000,119.78,122.64,119.6,122.6275,120754.185936,14661167.67863902
2026-09-08 10:00:00+00:00,1788861600000,122.45,123.5,122.4,122.54,118973.780503,14629860.646887353
2026-09-08 11:00:00+00:00,1788865200000,122.64,123.96,122.2,123.81,133027.483403,16355141.216487026
2026-09-08 12:00:00+00:00,1788868800000,123.6701,126.3,123.65,125.65,695118.234645,87081542.20940635
2026-09-08 13:00:00+00:00,1788872400000,125.57,126.69,120.4501,123.4,6561964.468532,807740987.8920603
2026-09-08 14:00:00+00:00,1788876000000,123.41,124.42,121.68,122.06,4173219.965451,513615117.5258519
2026-09-08 15:00:00+00:00,1788879600000,122.045,122.62,121.26,121.54,2776004.037853,338079874.0635361
2026-09-08 16:00:00+00:00,1788883200000,121.57,121.93,120.46,120.54,2330909.400189,282153151.73496085
2026-09-08 17:00:00+00:00,1788886800000,120.5599,121.0365,120.1,120.805,2001597.435554,241213035.84466296
2026-09-08 18:00:00+00:00,1788890400000,120.79,121.27,118.72,119.15,3191700.025735,383374078.67345047
2026-09-08 19:00:00+00:00,1788894000000,119.16,119.4693,117.08,117.34,4662546.638626,551107217.0377849
2026-09-08 20:00:00+00:00,1788897600000,117.34,117.9,117.0,117.62,2520363.650593,295516129.88530445
2026-09-08 21:00:00+00:00,1788901200000,117.7,117.86,117.62,117.8,94637.485429,11146399.473238967
2026-09-08 22:00:00+00:00,1788904800000,117.8,118.5,117.67,118.3347,105447.780921,12449789.716197148
2026-09-08 23:00:00+00:00,1788908400000,118.31,118.35,117.6,117.8,57908.826928,6838879.221858944
2026-09-09 00:00:00+00:00,1788912000000,117.59,118.8,117.59,118.45,12565.0,1485917.93
2026-09-09 01:00:00+00:00,1788915600000,118.43,118.59,118.22,118.45,7980.0,944675.02
2026-09-09 02:00:00+00:00,1788919200000,118.45,118.54,118.13,118.34,7449.0,881553.23
2026-09-09 03:00:00+00:00,1788922800000,118.34,118.34,117.98,118.09,8872.0,1047718.88
2026-09-09 04:00:00+00:00,1788926400000,118.29,118.96,118.29,118.95,8879.0,1053702.15
2026-09-09 05:00:00+00:00,1788930000000,118.94,118.96,118.41,118.7,6613.0,785390.35
2026-09-09 06:00:00+00:00,1788933600000,118.73,119.1,118.7,119.0,7336.0,872712.95
2026-09-09 07:00:00+00:00,1788937200000,118.98,119.48,118.92,118.97,11218.0,1336876.77
2026-09-09 08:00:00+00:00,1788940800000,118.74,120.46,118.09,120.3353,161145.307039,19248811.37653132
2026-09-09 09:00:00+00:00,1788944400000,120.3207,120.34,118.3156,118.37,80057.985495,9558772.197210962
2026-09-09 10:00:00+00:00,1788948000000,118.76,119.5,118.38,118.98,47735.562088,5675182.821814909
2026-09-09 11:00:00+00:00,1788951600000,118.99,119.5,118.24,119.24,93387.745269,11089651.939255696
2026-09-09 12:00:00+00:00,1788955200000,119.2768,120.44,119.0,120.0,279888.240411,33495836.390412193
2026-09-09 13:00:00+00:00,1788958800000,120.01,121.42,118.06,118.2,3187555.264883,380646780.183134
2026-09-09 14:00:00+00:00,1788962400000,118.205,118.83,116.25,118.19,4601400.217816,542105335.0974834
2026-09-09 15:00:00+00:00,1788966000000,118.2,118.68,116.02,116.365,2971906.987873,347181257.4572684
2026-09-09 16:00:00+00:00,1788969600000,116.355,117.18,116.33,116.705,1791971.030184,209339361.8535999
2026-09-09 17:00:00+00:00,1788973200000,116.705,117.32,115.92,117.185,1566284.374719,182483792.11318985
2026-09-09 18:00:00+00:00,1788976800000,117.185,117.4259,116.09,116.33,1403657.792728,164033293.3709945
2026-09-09 19:00:00+00:00,1788980400000,116.3301,116.71,115.09,115.28,2978185.403751,345030420.1042301
2026-09-09 20:00:00+00:00,1788984000000,115.28,115.49,115.13,115.22,1099178.489266,126711182.93695731
2026-09-09 21:00:00+00:00,1788987600000,115.2893,115.45,114.01,114.48,278216.097064,31978664.977245428
2026-09-09 22:00:00+00:00,1788991200000,114.5128,114.55,113.7,113.9076,153396.845636,17497625.591276515
2026-09-09 23:00:00+00:00,1788994800000,113.9132,114.55,113.77,114.49,94945.710917,10844501.679872677
2026-09-10 00:00:00+00:00,1788998400000,114.32,114.86,114.14,114.17,11935.0,1366943.31
2026-09-10 01:00:00+00:00,1789002000000,114.17,114.72,113.3,113.8,46369.0,5278816.55
2026-09-10 02:00:00+00:00,1789005600000,113.77,114.48,113.3,114.35,11330.0,1288299.14
2026-09-10 03:00:00+00:00,1789009200000,114.37,114.5,114.14,114.35,5064.0,579202.84
2026-09-10 04:00:00+00:00,1789012800000,114.35,114.76,114.32,114.73,7845.0,898872.33
2026-09-10 05:00:00+00:00,1789016400000,114.73,115.11,114.52,115.1,9210.0,1058536.28
2026-09-10 06:00:00+00:00,1789020000000,115.2,115.37,114.66,115.11,5327.0,612822.59
2026-09-10 07:00:00+00:00,1789023600000,115.06,115.06,113.9,114.39,14374.0,1642082.44
2026-09-10 08:00:00+00:00,1789027200000,114.71,115.42,114.0,114.3221,133828.537738,15311895.629841466
2026-09-10 09:00:00+00:00,1789030800000,114.71,115.0,114.3561,114.78,23529.579349,2699235.8126924015
2026-09-10 10:00:00+00:00,1789034400000,114.72,115.2272,114.6,114.75,26712.098529,3065167.640054657
2026-09-10 11:00:00+00:00,1789038000000,114.9,114.96,113.6,113.79,147024.858654,16798666.632626805
2026-09-10 12:00:00+00:00,1789041600000,113.57,113.88,112.01,112.11,356020.800587,40162078.48011692
2026-09-10 13:00:00+00:00,1789045200000,112.14,115.2,111.95,114.78,3776047.020604,428981915.8810107
2026-09-10 14:00:00+00:00,1789048800000,114.75,116.3,114.28,115.51,3434406.281945,396259555.7530124
2026-09-10 15:00:00+00:00,1789052400000,115.4914,115.515,114.02,114.35,1456012.816642,166855535.5688095
2026-09-10 16:00:00+00:00,1789056000000,114.325,114.4399,113.41,114.2884,1513379.963161,172360428.20273447
2026-09-10 17:00:00+00:00,1789059600000,114.27,114.8967,114.06,114.08,1331636.27935,152394127.25361755
2026-09-10 18:00:00+00:00,1789063200000,114.06,114.45,113.39,114.29,1333082.262379,151664428.2083527
2026-09-10 19:00:00+00:00,1789066800000,114.285,114.685,113.02,113.33,2658416.631914,302843275.39063805
2026-09-10 20:00:00+00:00,1789070400000,113.34,113.6,111.94,112.031,1375953.683697,155597525.1602786
2026-09-10 21:00:00+00:00,1789074000000,112.05,112.24,111.0101,111.64,169297.282115,18900555.57028089
2026-09-10 22:00:00+00:00,1789077600000,111.69,111.8,110.71,110.71,111506.432401,12407176.047339307
2026-09-10 23:00:00+00:00,1789081200000,110.88,111.0,110.17,110.4,120562.985578,13341274.872593217
2026-09-11 00:00:00+00:00,1789084800000,110.78,111.58,110.56,111.58,24557.0,2729632.13
2026-09-11 01:00:00+00:00,1789088400000,111.59,111.81,111.06,111.06,15350.0,1708691.94
2026-09-11 02:00:00+00:00,1789092000000,111.07,111.39,110.82,111.05,9518.0,1057279.5
2026-09-11 03:00:00+00:00,1789095600000,111.05,111.27,110.45,110.82,12885.0,1427365.09
2026-09-11 04:00:00+00:00,1789099200000,110.76,111.53,110.71,111.41,55022.0,6107001.61
2026-09-11 05:00:00+00:00,1789102800000,111.53,112.47,111.37,112.28,23560.0,2643096.12
2026-09-11 06:00:00+00:00,1789106400000,112.27,112.6,112.12,112.45,10616.0,1193152.64
2026-09-11 07:00:00+00:00,1789110000000,112.34,112.49,112.0,112.12,5610.0,629762.08
2026-09-11 08:00:00+00:00,1789113600000,112.29,113.2,110.7,112.89,213867.992185,23983440.083647385
2026-09-11 09:00:00+00:00,1789117200000,112.9,113.1733,112.2604,112.55,19354.896919,2179441.6981655825
2026-09-11 10:00:00+00:00,1789120800000,112.2,112.67,111.8083,112.65,96291.185164,10813698.627608508
2026-09-11 11:00:00+00:00,1789124400000,112.62,112.99,112.54,112.92,103967.754137,11712070.468545176
2026-09-11 12:00:00+00:00,1789128000000,112.94,115.84,111.88,115.68,558143.582511,63760354.809330985
2026-09-11 13:00:00+00:00,1789131600000,115.65,115.76,111.02,114.91,4634901.461508,522761814.9134874
2026-09-11 14:00:00+00:00,1789135200000,114.9,116.4,113.54,114.52,4325909.425517,496708270.4936605
2026-09-11 15:00:00+00:00,1789138800000,114.58,115.15,112.72,113.4485,2420854.556017,276289794.18259144
2026-09-11 16:00:00+00:00,1789142400000,113.45,114.11,112.74,113.17,1751534.614896,198311009.12327412
2026-09-11 17:00:00+00:00,1789146000000,113.15,113.4691,112.85,113.14,1397568.215187,158187991.97924533
2026-09-11 18:00:00+00:00,1789149600000,113.16,113.27,111.92,112.02,1518157.534145,170736330.08882865
2026-09-11 19:00:00+00:00,1789153200000,112.01,112.8204,112.0,112.57,3164431.903436,355777108.5013197
2026-09-11 20:00:00+00:00,1789156800000,112.57,113.5,112.37,112.59,1082130.765306,121845203.0805416
2026-09-11 21:00:00+00:00,1789160400000,112.59,112.71,112.4,112.4,30008.024,3378724.68817
2026-09-11 22:00:00+00:00,1789164000000,112.5,112.63,111.6,112.02,53285.348664,5982382.848921734
2026-09-11 23:00:00+00:00,1789167600000,112.0373,112.33,111.78,112.25,32985.362201,3698175.752398934
2026-09-12 00:00:00+00:00,1789171200000,112.36,112.38,112.36,112.38,2.672,300.252638
2026-09-12 03:00:00+00:00,1789182000000,112.16,112.16,112.16,112.16,1.0365,116.25384
2026-09-12 05:00:00+00:00,1789189200000,112.16,112.17,112.16,112.17,2.672,299.70488
2026-09-12 07:00:00+00:00,1789196400000,112.37,112.37,112.37,112.37,0.1779,19.990623
2026-09-12 08:00:00+00:00,1789200000000,112.37,112.37,112.16,112.37,0.6732,75.618819
2026-09-12 09:00:00+00:00,1789203600000,112.16,112.16,112.16,112.16,0.2598,29.139168
2026-09-12 10:00:00+00:00,1789207200000,112.37,112.37,112.37,112.37,0.0951,10.686387
2026-09-12 12:00:00+00:00,1789214400000,112.37,112.37,112.14,112.14,0.2608,29.269894
2026-09-12 14:00:00+00:00,1789221600000,112.37,112.37,112.14,112.14,0.3498,39.266799
2026-09-12 17:00:00+00:00,1789232400000,112.14,112.14,112.07,112.07,6.6815,749.141153
2026-09-12 19:00:00+00:00,1789239600000,112.37,112.37,111.91,111.91,9.3982,1052.439616
2026-09-12 20:00:00+00:00,1789243200000,112.0,112.0,111.5,111.5,34.7523,3883.723584
2026-09-12 21:00:00+00:00,1789246800000,111.56,112.37,111.41,111.43,11.1014,1237.531944
2026-09-13 05:00:00+00:00,1789275600000,111.43,111.43,111.35,111.35,6.5093,725.274555
2026-09-13 06:00:00+00:00,1789279200000,111.42,111.42,111.19,111.19,23.95,2666.004075
2026-09-13 07:00:00+00:00,1789282800000,111.3,111.3,110.89,110.89,21.9775,2440.670756
2026-09-13 08:00:00+00:00,1789286400000,110.97,110.97,110.25,110.25,88.626,9815.09458
2026-09-13 09:00:00+00:00,1789290000000,110.54,110.54,109.83,109.83,120.488,13272.273984
2026-09-13 10:00:00+00:00,1789293600000,109.83,109.83,109.83,109.83,2.112,231.96096
2026-09-13 11:00:00+00:00,1789297200000,109.81,109.81,109.81,109.81,4.4828,492.256268
2026-09-13 13:00:00+00:00,1789304400000,109.83,109.83,109.77,109.77,8.0146,880.081206
2026-09-13 14:00:00+00:00,1789308000000,109.86,109.86,109.86,109.86,2.7307,299.994702
2026-09-13 15:00:00+00:00,1789311600000,109.82,109.82,109.82,109.82,4.128,453.33696
2026-09-13 16:00:00+00:00,1789315200000,109.86,109.86,109.86,109.86,0.1328,14.589408
2026-09-13 17:00:00+00:00,1789318800000,109.86,109.86,109.86,109.86,0.7281,79.989066
2026-09-13 19:00:00+00:00,1789326000000,109.86,109.86,109.86,109.86,0.182,19.99452
2026-09-14 00:00:00+00:00,1789344000000,109.86,111.63,109.86,110.62,38661.1383,4290542.48743
2026-09-14 01:00:00+00:00,1789347600000,110.6,111.05,110.2,111.03,15957.0,1763044.43
2026-09-14 02:00:00+00:00,1789351200000,111.14,111.78,110.98,111.58,16046.0,1787150.51
2026-09-14 03:00:00+00:00,1789354800000,111.58,112.24,111.47,111.63,12649.0,1416850.52
2026-09-14 04:00:00+00:00,1789358400000,111.67,112.3,111.55,112.08,5909.0,661840.34
2026-09-14 05:00:00+00:00,1789362000000,112.12,112.43,111.66,111.68,7608.0,852675.0
2026-09-14 06:00:00+00:00,1789365600000,111.7,112.07,111.29,111.56,10333.0,1153877.45
2026-09-14 07:00:00+00:00,1789369200000,111.57,112.23,111.38,112.18,12342.0,1381216.64
2026-09-14 08:00:00+00:00,1789372800000,111.97,112.4477,110.977,112.12,143073.902186,15978629.698873248
2026-09-14 09:00:00+00:00,1789376400000,112.25,114.01,111.3355,113.14,84094.786282,9474001.793800237
2026-09-14 10:00:00+00:00,1789380000000,113.21,113.28,112.53,112.64,24920.861485,2810182.621399199
2026-09-14 11:00:00+00:00,1789383600000,112.555,112.99,111.7984,112.66,166020.203094,18648634.495890807
2026-09-14 12:00:00+00:00,1789387200000,112.59,113.449,111.9,112.12,171665.295521,19344519.77023212
2026-09-14 13:00:00+00:00,1789390800000,112.1932,116.34,111.36,114.34,3938962.429728,450320317.09598815
2026-09-14 14:00:00+00:00,1789394400000,114.34,115.405,113.11,114.14,2887856.43038,329806882.5751853
2026-09-14 15:00:00+00:00,1789398000000,114.1392,114.67,113.52,114.62,1767175.05519,201514173.11436957
2026-09-14 16:00:00+00:00,1789401600000,114.65,115.44,113.82,114.4627,2161879.360289,247904548.47253224
2026-09-14 17:00:00+00:00,1789405200000,114.44,115.01,113.64,114.84,1841067.0902,210501740.43371025
2026-09-14 18:00:00+00:00,1789408800000,114.83,114.89,113.66,113.97,1304188.956136,148686815.67389095
2026-09-14 19:00:00+00:00,1789412400000,113.96,115.44,113.8201,114.33,2661445.800268,305166967.96991706
2026-09-14 20:00:00+00:00,1789416000000,114.35,115.0,113.9301,114.59,1352133.049593,154581139.3147224
2026-09-14 21:00:00+00:00,1789419600000,114.5527,114.7,114.12,114.2173,35074.002334,4011659.2973251375
2026-09-14 22:00:00+00:00,1789423200000,114.2,114.35,114.0,114.1015,29862.235709,3409790.467329644
2026-09-14 23:00:00+00:00,1789426800000,114.11,114.97,113.8465,114.4351,54063.451728,6174982.351045519
2026-09-15 00:00:00+00:00,1789430400000,114.11,114.42,113.78,113.88,7668.0,873747.19
2026-09-15 01:00:00+00:00,1789434000000,113.81,113.94,113.66,113.75,3755.0,427283.52
2026-09-15 02:00:00+00:00,1789437600000,113.82,113.93,113.6,113.72,1847.0,209987.27
2026-09-15 03:00:00+00:00,1789441200000,113.69,113.7,112.93,113.07,7074.0,801703.89
2026-09-15 04:00:00+00:00,1789444800000,112.99,113.13,112.42,112.5,9426.0,1062382.33
2026-09-15 05:00:00+00:00,1789448400000,112.5,112.83,112.1,112.6,12304.0,1383345.42
2026-09-15 06:00:00+00:00,1789452000000,112.69,112.9,112.04,112.16,7587.0,853514.58
2026-09-15 07:00:00+00:00,1789455600000,112.12,112.25,111.64,111.89,10682.0,1195710.78
2026-09-15 08:00:00+00:00,1789459200000,112.11,113.23,110.5,110.98,143183.991867,15971375.03091242
2026-09-15 09:00:00+00:00,1789462800000,110.98,111.89,110.7625,111.7,30964.937446,3442571.197014814
2026-09-15 10:00:00+00:00,1789466400000,111.5003,112.2,111.5,111.9,22880.98743,2558337.956172188
2026-09-15 11:00:00+00:00,1789470000000,111.88,112.2,111.5,111.8,84104.136543,9403345.22997915
2026-09-15 12:00:00+00:00,1789473600000,111.88,112.3,111.38,111.94,81761.814676,9142183.388452627
2026-09-15 13:00:00+00:00,1789477200000,111.95,112.25,108.47,110.65,4362563.307561,478853865.33289623
2026-09-15 14:00:00+00:00,1789480800000,110.63,110.9,109.12,109.93,3745860.221342,412580088.813237
2026-09-15 15:00:00+00:00,1789484400000,109.96,112.83,109.9,112.65,3147727.879322,351699144.43621147
2026-09-15 16:00:00+00:00,1789488000000,112.67,112.8,111.6,111.74,2122058.161551,237851337.112829
2026-09-15 17:00:00+00:00,1789491600000,111.76,111.8497,110.14,110.27,2076746.728892,230066801.25586325
2026-09-15 18:00:00+00:00,1789495200000,110.3,110.7,105.8646,110.5214,6829801.486747,739958950.1375728
2026-09-15 19:00:00+00:00,1789498800000,110.58,111.16,109.51,110.45,6888638.325777,760049901.5899183
2026-09-15 20:00:00+00:00,1789502400000,110.45,110.66,109.2,109.3463,1627619.384631,179658775.70530155
2026-09-15 21:00:00+00:00,1789506000000,109.33,109.49,108.76,108.8194,111186.969305,12134682.915726133
2026-09-15 22:00:00+00:00,1789509600000,108.8,109.1,108.2,109.05,78723.867739,8558487.921309287
2026-09-15 23:00:00+00:00,1789513200000,109.0556,109.3,108.82,109.19,55513.142601,6053438.256142423
2026-09-16 00:00:00+00:00,1789516800000,109.16,109.35,108.92,109.17,5718.0,624171.96
2026-09-16 01:00:00+00:00,1789520400000,109.17,109.35,108.36,108.41,8536.0,928513.77
2026-09-16 02:00:00+00:00,1789524000000,108.35,109.89,108.35,109.57,15344.0,1677911.44
2026-09-16 03:00:00+00:00,1789527600000,109.59,110.36,109.57,109.82,8673.0,953263.82
2026-09-16 04:00:00+00:00,1789531200000,109.72,110.08,109.66,110.02,10702.0,1176510.94
2026-09-16 05:00:00+00:00,1789534800000,109.94,110.52,109.74,110.06,4847.0,533858.17
2026-09-16 06:00:00+00:00,1789538400000,110.13,110.3,109.89,110.3,11055.0,1216811.78
2026-09-16 07:00:00+00:00,1789542000000,110.25,110.33,109.94,110.17,5304.0,584131.63
2026-09-16 08:00:00+00:00,1789545600000,109.98,110.5,109.22,110.2241,90098.731584,9887903.244376488
2026-09-16 09:00:00+00:00,1789549200000,110.23,110.3,109.9,110.3,12931.148688,1424130.8765254428
2026-09-16 10:00:00+00:00,1789552800000,110.3,110.4,110.02,110.3,22746.230984,2506868.7973369285
2026-09-16 11:00:00+00:00,1789556400000,110.2,111.86,110.19,111.5694,125753.202959,13983831.102284228
2026-09-16 12:00:00+00:00,1789560000000,111.55,111.89,110.5,110.66,196653.954931,21852041.03705615
2026-09-16 13:00:00+00:00,1789563600000,110.71,111.05,106.55,107.0,3195449.854812,344737055.0808508
2026-09-16 14:00:00+00:00,1789567200000,107.0585,107.61,105.15,105.6318,4761547.124161,504873435.72993326
2026-09-16 15:00:00+00:00,1789570800000,105.615,106.755,104.44,104.9199,5145948.577613,542441578.9206328
2026-09-16 16:00:00+00:00,1789574400000,104.91,105.93,104.44,105.615,2893593.639932,304446748.959624
2026-09-16 17:00:00+00:00,1789578000000,105.63,105.7,104.79,105.33,2122877.90502,223357829.45799324
2026-09-16 18:00:00+00:00,1789581600000,105.42,105.8799,102.85,102.89,4956752.0,518071090.1533
2026-09-16 19:00:00+00:00,1789585200000,102.89,105.0,101.7045,104.42,6149922.0,634880980.0422
2026-09-16 20:00:00+00:00,1789588800000,104.44,105.18,104.32,104.9881,485829.0,50754167.7581
2026-09-16 21:00:00+00:00,1789592400000,104.9881,105.25,104.8985,105.08,97377.071166,10224714.8161212
2026-09-16 22:00:00+00:00,1789596000000,105.02,105.24,104.7,105.02,52850.200356,5552274.440374947
2026-09-16 23:00:00+00:00,1789599600000,105.02,105.8,105.01,105.71,111751.245234,11793835.00673865
2026-09-17 00:00:00+00:00,1789603200000,105.77,106.12,105.57,105.86,26693.0,2826247.48
2026-09-17 01:00:00+00:00,1789606800000,105.86,106.49,105.76,105.76,17749.0,1884658.8
2026-09-17 02:00:00+00:00,1789610400000,105.76,106.28,105.5,106.02,10944.0,1158707.69
2026-09-17 03:00:00+00:00,1789614000000,106.1,106.26,105.93,106.04,6007.0,636986.89
2026-09-17 04:00:00+00:00,1789617600000,106.05,106.19,105.77,106.19,8891.0,942770.87
2026-09-17 05:00:00+00:00,1789621200000,106.2,106.26,105.86,105.86,8106.0,860355.56
2026-09-17 06:00:00+00:00,1789624800000,105.86,106.48,105.86,106.48,4378.0,464450.79
2026-09-17 07:00:00+00:00,1789628400000,106.48,106.84,106.35,106.35,18026.0,1922926.7
2026-09-17 08:00:00+00:00,1789632000000,106.18,107.44,105.76,107.2,154873.094519,16527450.980773898
2026-09-17 09:00:00+00:00,1789635600000,107.36,107.52,107.0,107.02,48057.984366,5157243.20982322
2026-09-17 10:00:00+00:00,1789639200000,107.01,107.16,106.4,106.8038,131165.42277,14004275.917091293
2026-09-17 11:00:00+00:00,1789642800000,106.51,106.99,105.87,106.63,208659.629609,22183160.933477372
2026-09-17 12:00:00+00:00,1789646400000,106.9,107.96,106.5,107.96,322183.395058,34589408.13436575
2026-09-17 13:00:00+00:00,1789650000000,107.98,111.37,106.7833,108.485,4687170.509622,509790699.1437444
2026-09-17 14:00:00+00:00,1789653600000,108.4718,108.7395,106.68,106.85,3212419.254131,345349300.4158748
2026-09-17 15:00:00+00:00,1789657200000,106.87,107.69,106.08,107.65,2437661.92315,260373466.42467216
2026-09-17 16:00:00+00:00,1789660800000,107.6589,108.08,107.01,107.715,1899683.499938,204422554.29213047
2026-09-17 17:00:00+00:00,1789664400000,107.74,107.9,107.1301,107.545,1119930.991246,120419911.65637612
2026-09-17 18:00:00+00:00,1789668000000,107.53,107.8,107.2101,107.38,1295448.949132,139189999.32795268
2026-09-17 19:00:00+00:00,1789671600000,107.38,109.95,107.22,109.81,4857011.463223,528963596.11431485
2026-09-17 20:00:00+00:00,1789675200000,109.81,110.1,109.25,109.3182,246574.0,27071709.6292
2026-09-17 21:00:00+00:00,1789678800000,109.35,109.4,109.2,109.36,22505.579148,2460609.4982571024
2026-09-17 22:00:00+00:00,1789682400000,109.28,109.36,108.9,109.0569,46969.399394,5128144.683908736
2026-09-17 23:00:00+00:00,1789686000000,109.07,109.3,108.9,109.0501,44128.983471,4816022.163594821
2026-09-18 00:00:00+00:00,1789689600000,109.36,109.38,108.94,109.19,5160.0,563736.68
2026-09-18 01:00:00+00:00,1789693200000,109.29,109.56,109.2,109.52,6024.0,658658.83
2026-09-18 02:00:00+00:00,1789696800000,109.5,110.13,109.38,110.11,10064.0,1105024.09
2026-09-18 03:00:00+00:00,1789700400000,110.13,112.13,110.02,111.97,48493.0,5397998.04
2026-09-18 04:00:00+00:00,1789704000000,111.99,112.1,111.58,111.99,21729.0,2431119.34
2026-09-18 05:00:00+00:00,1789707600000,111.98,112.99,111.89,112.29,39367.0,4428602.83
2026-09-18 06:00:00+00:00,1789711200000,112.35,113.0,112.35,112.71,24410.0,2753791.22
2026-09-18 07:00:00+00:00,1789714800000,112.71,113.07,112.52,112.58,23808.0,2687386.18
2026-09-18 08:00:00+00:00,1789718400000,112.6,113.6,111.52,113.47,354118.190784,39898939.24281442
2026-09-18 09:00:00+00:00,1789722000000,113.5,114.16,113.11,113.6494,118346.788214,13441055.525020655
2026-09-18 10:00:00+00:00,1789725600000,113.5312,114.1306,113.4,113.75,59260.393264,6746482.711025932
2026-09-18 11:00:00+00:00,1789729200000,113.675,113.74,112.2802,112.8644,227716.304186,25695652.78465228
2026-09-18 12:00:00+00:00,1789732800000,112.7732,112.8773,111.86,112.3601,215695.883225,24235608.074153505
2026-09-18 13:00:00+00:00,1789736400000,112.4414,115.5399,111.06,115.43,6779644.84182,772074739.6773088
2026-09-18 14:00:00+00:00,1789740000000,115.39,118.3999,114.93,118.32,8256306.831627,964947361.0788915
2026-09-18 15:00:00+00:00,1789743600000,118.293,118.91,117.75,118.53,3872250.725016,458422340.7225985
2026-09-18 16:00:00+00:00,1789747200000,118.525,119.9795,118.03,119.755,4166427.324263,496033086.6936376
2026-09-18 17:00:00+00:00,1789750800000,119.755,120.5699,119.035,120.37,3186776.185622,381229639.6777519
2026-09-18 18:00:00+00:00,1789754400000,120.3891,120.46,118.93,119.33,3004589.528439,358794453.68270814
2026-09-18 19:00:00+00:00,1789758000000,119.36,120.035,118.755,119.82,4719630.827104,563790515.2591498
2026-09-18 20:00:00+00:00,1789761600000,119.82,120.35,119.54,119.94,6025059.871689,722012846.6131483
2026-09-18 21:00:00+00:00,1789765200000,119.97,120.02,119.8,119.84,74246.99593,8903062.854654413
2026-09-18 22:00:00+00:00,1789768800000,119.82,120.16,119.5,119.55,97833.020335,11733960.600846406
2026-09-18 23:00:00+00:00,1789772400000,119.69,120.02,119.55,119.99,53200.631253,6372961.770195031
2026-09-19 01:00:00+00:00,1789779600000,120.04,120.16,120.04,120.16,10.8189,1299.657854
2026-09-19 02:00:00+00:00,1789783200000,120.17,120.18,120.17,120.18,2.4986,300.269252
2026-09-19 03:00:00+00:00,1789786800000,120.19,120.21,119.84,119.84,6.9268,830.65892
2026-09-19 04:00:00+00:00,1789790400000,119.89,120.17,119.79,119.79,15.9406,1911.274741
2026-09-19 05:00:00+00:00,1789794000000,120.03,120.03,120.03,120.03,1.0508,126.127524
2026-09-19 06:00:00+00:00,1789797600000,119.78,119.78,119.66,119.66,15.1432,1812.951593
2026-09-19 07:00:00+00:00,1789801200000,119.78,119.78,119.78,119.78,0.1669,19.991282
2026-09-19 09:00:00+00:00,1789808400000,119.78,120.03,119.69,119.69,5.4288,650.379072
2026-09-19 10:00:00+00:00,1789812000000,119.7,119.7,119.67,119.67,2.8,335.1336
2026-09-19 11:00:00+00:00,1789815600000,119.68,119.7,119.68,119.7,6.2907,752.975612
2026-09-19 13:00:00+00:00,1789822800000,119.66,119.66,119.63,119.63,4.5358,542.681698
2026-09-19 14:00:00+00:00,1789826400000,119.7,119.7,119.7,119.7,39.2053,4692.87441
2026-09-19 15:00:00+00:00,1789830000000,119.7,119.7,119.7,119.7,0.7028,84.12516
2026-09-19 16:00:00+00:00,1789833600000,120.03,120.03,119.7,119.7,18.6955,2240.002686
2026-09-19 17:00:00+00:00,1789837200000,120.03,120.03,119.7,120.03,21.1854,2537.105757
2026-09-19 18:00:00+00:00,1789840800000,119.7,119.7,119.7,119.7,1.0,119.7
2026-09-19 19:00:00+00:00,1789844400000,120.03,120.03,120.03,120.03,0.1666,19.996998
2026-09-19 20:00:00+00:00,1789848000000,120.03,120.04,120.03,120.04,5.708,685.169841
2026-09-19 21:00:00+00:00,1789851600000,119.7,119.7,119.7,119.7,20.7649,2485.55853
2026-09-20 01:00:00+00:00,1789866000000,119.7,119.7,119.36,119.36,172.2452,20604.249874
2026-09-20 03:00:00+00:00,1789873200000,119.32,119.32,119.32,119.32,0.4464,53.264448
2026-09-20 04:00:00+00:00,1789876800000,119.34,119.34,118.34,118.45,240.5286,28560.635307
2026-09-20 06:00:00+00:00,1789884000000,118.45,118.45,117.3,117.33,434.788,51180.401977
2026-09-20 07:00:00+00:00,1789887600000,117.33,117.33,117.33,117.33,1.5103,177.203499
2026-09-20 09:00:00+00:00,1789894800000,117.33,117.36,117.33,117.36,0.92,107.969994
2026-09-20 10:00:00+00:00,1789898400000,117.27,117.27,117.2,117.25,16.4156,1924.79224
2026-09-20 11:00:00+00:00,1789902000000,117.18,117.31,117.13,117.31,11.0461,1294.728541
2026-09-20 13:00:00+00:00,1789909200000,117.31,117.6,117.29,117.6,128.039,15034.675271
2026-09-20 14:00:00+00:00,1789912800000,117.61,117.63,117.6,117.63,14.1893,1668.879452
2026-09-20 15:00:00+00:00,1789916400000,117.63,118.11,117.6,118.11,268.6235,31656.86022
2026-09-20 16:00:00+00:00,1789920000000,118.11,118.69,117.95,118.57,122.6527,14520.004509
2026-09-20 17:00:00+00:00,1789923600000,118.67,118.67,118.66,118.66,4.582,543.72844
2026-09-20 18:00:00+00:00,1789927200000,118.64,118.64,118.6,118.6,16.3841,1943.486416
2026-09-20 19:00:00+00:00,1789930800000,118.64,118.64,118.64,118.64,0.299,35.47336
2026-09-20 20:00:00+00:00,1789934400000,118.64,118.64,118.64,118.64,1.2642,149.984688
2026-09-20 21:00:00+00:00,1789938000000,118.57,118.57,118.35,118.39,16.9193,2003.361163
2026-09-20 22:00:00+00:00,1789941600000,118.39,119.5,118.39,119.5,248.9949,29596.227228
2026-09-21 00:00:00+00:00,1789948800000,120.09,121.12,120.08,120.64,64685.0,7799194.5
2026-09-21 01:00:00+00:00,1789952400000,120.64,121.49,119.78,119.8,44342.0,5351301.48
2026-09-21 02:00:00+00:00,1789956000000,119.84,120.64,119.84,120.42,7725.0,929179.71
2026-09-21 03:00:00+00:00,1789959600000,120.44,120.9,120.32,120.77,8436.0,1018184.09
2026-09-21 04:00:00+00:00,1789963200000,120.79,120.83,120.53,120.63,24993.0,3016517.2
2026-09-21 05:00:00+00:00,1789966800000,120.62,121.03,120.44,120.99,12597.0,1521522.6
2026-09-21 06:00:00+00:00,1789970400000,121.03,121.76,121.03,121.73,28285.0,3435219.85
2026-09-21 07:00:00+00:00,1789974000000,121.73,121.77,121.25,121.42,18542.0,2253154.57
2026-09-21 08:00:00+00:00,1789977600000,121.26,124.2,120.44,124.0,365440.538835,44798846.54847863
2026-09-21 09:00:00+00:00,1789981200000,123.9782,125.16,123.77,124.5009,197644.498976,24613470.227756526
2026-09-21 10:00:00+00:00,1789984800000,124.46,124.9,124.05,124.85,92688.892342,11531660.681052867
2026-09-21 11:00:00+00:00,1789988400000,124.75,126.64,124.5,126.1,444188.437654,55726283.660217136
2026-09-21 12:00:00+00:00,1789992000000,126.06,126.55,125.5,126.23,296246.346374,37349928.621963866
2026-09-21 13:00:00+00:00,1789995600000,126.4445,126.75,121.51,121.865,6167831.591772,762143785.9418291
2026-09-21 14:00:00+00:00,1789999200000,121.8201,124.385,121.56,123.47,5371542.963986,662152969.9492577
2026-09-21 15:00:00+00:00,1790002800000,123.47,124.75,122.75,124.54,3383894.104549,418641596.991726
2026-09-21 16:00:00+00:00,1790006400000,124.52,124.9694,123.7395,124.925,2395751.376112,298244001.31998414
2026-09-21 17:00:00+00:00,1790010000000,124.95,124.95,123.59,124.525,1959513.593995,243568274.81517136
2026-09-21 18:00:00+00:00,1790013600000,124.5308,125.26,124.25,124.55,2314278.173096,288808418.8063688
2026-09-21 19:00:00+00:00,1790017200000,124.54,124.79,123.24,123.3,3050658.548816,378310589.739702
2026-09-21 20:00:00+00:00,1790020800000,123.3,123.99,123.0,123.73,1225900.0,151148812.1026
2026-09-21 21:00:00+00:00,1790024400000,123.9,123.9,123.33,123.42,123563.731305,15252428.268604051
2026-09-21 22:00:00+00:00,1790028000000,123.49,123.57,122.03,122.642,93060.658827,11442574.66840604
2026-09-21 23:00:00+00:00,1790031600000,122.65,123.04,122.6,122.6,60068.956285,7379061.272825944
2026-09-22 00:00:00+00:00,1790035200000,122.76,123.07,122.21,122.26,29277.0,3589514.83
2026-09-22 01:00:00+00:00,1790038800000,122.28,122.32,121.19,121.66,26703.0,3252023.49
2026-09-22 02:00:00+00:00,1790042400000,121.69,122.0,121.47,121.6,25851.0,3145670.26
2026-09-22 03:00:00+00:00,1790046000000,121.55,121.63,121.1,121.35,20952.0,2543295.72
2026-09-22 04:00:00+00:00,1790049600000,121.37,121.39,120.75,120.82,17337.0,2098611.51
2026-09-22 05:00:00+00:00,1790053200000,120.87,121.29,120.38,120.99,15608.0,1884737.29
2026-09-22 06:00:00+00:00,1790056800000,120.93,121.0,120.45,120.6,3611.0,435820.54
2026-09-22 07:00:00+00:00,1790060400000,120.6,120.8,120.26,120.41,11510.0,1386566.81
2026-09-22 08:00:00+00:00,1790064000000,120.39,122.31,119.488,122.12,229477.682818,27684533.39927088
2026-09-22 09:00:00+00:00,1790067600000,121.97,122.4657,121.15,122.35,31672.844428,3858081.6926043634
2026-09-22 10:00:00+00:00,1790071200000,122.35,122.7,121.7012,122.0933,21395.726718,2613269.825226215
2026-09-22 11:00:00+00:00,1790074800000,122.21,122.6,121.83,122.06,89506.79498,10940647.241499072
2026-09-22 12:00:00+00:00,1790078400000,122.11,122.8,121.9615,122.3725,86839.406618,10625441.958310116
2026-09-22 13:00:00+00:00,1790082000000,122.5546,126.16,121.76,125.28,2652701.546101,330877966.1032344
2026-09-22 14:00:00+00:00,1790085600000,125.21,125.285,122.95,124.2,2747956.610356,340263779.5622397
2026-09-22 15:00:00+00:00,1790089200000,124.155,125.09,123.96,124.875,1517747.456369,188914714.30788347
2026-09-22 16:00:00+00:00,1790092800000,124.88,124.94,123.65,124.21,1404294.75173,174235752.86990577
2026-09-22 17:00:00+00:00,1790096400000,124.22,124.95,124.06,124.675,1081485.544255,134557901.3714595
2026-09-22 18:00:00+00:00,1790100000000,124.675,124.72,123.92,124.12,1080173.557847,134260061.21561047
2026-09-22 19:00:00+00:00,1790103600000,124.12,125.54,124.0,124.25,2833468.540642,353402327.4469728
2026-09-22 20:00:00+00:00,1790107200000,124.21,124.52,123.68,123.86,524835.0,65205916.6818
2026-09-22 21:00:00+00:00,1790110800000,123.9,124.0,123.6,123.7957,36496.571327,4519962.036235201
2026-09-22 22:00:00+00:00,1790114400000,123.71,123.88,123.6,123.75,25678.386224,3178152.8887339183
2026-09-22 23:00:00+00:00,1790118000000,123.7881,124.08,123.7,123.86,32856.074504,4069059.53057067
2026-09-23 00:00:00+00:00,1790121600000,123.74,124.32,123.64,124.02,4883.0,605340.59
2026-09-23 01:00:00+00:00,1790125200000,124.0,124.62,123.97,124.09,5262.0,654047.59
2026-09-23 02:00:00+00:00,1790128800000,124.06,124.28,123.95,124.1,1649.0,204665.12
2026-09-23 03:00:00+00:00,1790132400000,124.17,124.79,124.17,124.63,4371.0,544324.82
2026-09-23 04:00:00+00:00,1790136000000,124.52,125.42,124.52,125.19,14518.0,1814184.6
2026-09-23 05:00:00+00:00,1790139600000,125.2,125.23,124.37,124.38,5343.0,666765.94
2026-09-23 06:00:00+00:00,1790143200000,124.46,124.94,124.33,124.82,1731.0,215828.45
2026-09-23 07:00:00+00:00,1790146800000,124.78,124.81,123.75,123.75,16955.0,2104351.46
2026-09-23 08:00:00+00:00,1790150400000,124.0067,125.42,122.75,123.16,147542.563061,18266713.21802261
2026-09-23 09:00:00+00:00,1790154000000,123.19,123.4602,122.97,123.0598,21992.4375,2711197.681884061
2026-09-23 10:00:00+00:00,1790157600000,123.3174,123.62,122.5,123.62,19514.18896,2399870.9561762456
2026-09-23 11:00:00+00:00,1790161200000,123.25,123.3549,121.7735,122.24,146854.862524,17955845.138250496
2026-09-23 12:00:00+00:00,1790164800000,122.1613,122.4,121.6,122.26,96758.957681,11808534.601323895
2026-09-23 13:00:00+00:00,1790168400000,122.34,126.73,122.06,126.255,3639960.681751,455934636.39205855
2026-09-23 14:00:00+00:00,1790172000000,126.255,126.44,123.44,125.195,4123568.802976,514319053.361266
2026-09-23 15:00:00+00:00,1790175600000,125.175,126.434,125.15,125.28,2168099.779377,272651642.3440722
2026-09-23 16:00:00+00:00,1790179200000,125.28,125.625,124.92,125.14,1459264.943053,182831765.8680567
2026-09-23 17:00:00+00:00,1790182800000,125.14,125.4214,124.24,125.06,1460303.286382,182257287.27874425
2026-09-23 18:00:00+00:00,1790186400000,125.09,125.3499,124.18,124.295,941171.811451,117562881.63148196
2026-09-23 19:00:00+00:00,1790190000000,124.28,124.6488,122.28,122.7,2597126.905645,320408252.80260974
2026-09-23 20:00:00+00:00,1790193600000,122.7,123.0,122.4,122.73,2490934.833677,305623088.0700858
2026-09-23 21:00:00+00:00,1790197200000,122.7574,123.0,122.45,122.8,23147.430168,2839546.7100844877
2026-09-23 22:00:00+00:00,1790200800000,122.66,123.5399,122.66,123.16,27532.148234,3386452.700050284
2026-09-23 23:00:00+00:00,1790204400000,123.15,123.19,122.6,122.77,40589.2192,4990405.549322831
2026-09-24 00:00:00+00:00,1790208000000,122.61,122.9,122.34,122.47,2457.0,301222.89
2026-09-24 01:00:00+00:00,1790211600000,122.55,122.73,122.43,122.54,3139.0,384584.96
2026-09-24 02:00:00+00:00,1790215200000,122.48,123.1,121.7,122.91,11497.0,1409819.29
2026-09-24 03:00:00+00:00,1790218800000,122.93,122.99,122.27,122.29,2817.0,344859.1
2026-09-24 04:00:00+00:00,1790222400000,122.29,122.29,121.81,122.09,5073.0,618715.55
2026-09-24 05:00:00+00:00,1790226000000,122.19,122.87,121.74,121.74,11256.0,1376442.12
2026-09-24 06:00:00+00:00,1790229600000,121.72,122.13,121.68,121.74,6904.0,841720.5
2026-09-24 07:00:00+00:00,1790233200000,121.66,122.65,121.61,122.58,4929.0,603252.81
2026-09-24 08:00:00+00:00,1790236800000,122.01,122.91,119.5,120.1,139055.866737,16890276.206974752
2026-09-24 09:00:00+00:00,1790240400000,120.1,120.45,119.25,119.67,56683.05813,6785290.316641706
2026-09-24 10:00:00+00:00,1790244000000,119.72,120.59,119.6,120.49,30892.906478,3709586.5336323455
2026-09-24 11:00:00+00:00,1790247600000,120.53,120.85,120.0,120.29,385397.885434,46354121.77575786
2026-09-24 12:00:00+00:00,1790251200000,120.21,120.6,119.5,120.4,111161.540689,13355447.650338806
2026-09-24 13:00:00+00:00,1790254800000,120.35,123.2,119.091,120.98,3155164.508089,380683405.1685599
2026-09-24 14:00:00+00:00,1790258400000,120.95,123.5596,120.6642,121.41,2866592.733331,349724472.471215
2026-09-24 15:00:00+00:00,1790262000000,121.405,121.5395,120.28,120.46,1503585.22235,181690470.1496796
2026-09-24 16:00:00+00:00,1790265600000,120.435,122.3699,119.91,121.55,1658017.845385,201037988.1472377
2026-09-24 17:00:00+00:00,1790269200000,121.53,121.96,121.21,121.4,851440.479623,103497277.4864046
2026-09-24 18:00:00+00:00,1790272800000,121.39,121.91,121.02,121.37,1107306.161587,134469514.17234
2026-09-24 19:00:00+00:00,1790276400000,121.39,121.47,120.455,120.82,2168545.44931,262222928.48334247
2026-09-24 20:00:00+00:00,1790280000000,120.81,121.0,120.4,120.82,1518476.636409,183436850.34863448
2026-09-24 21:00:00+00:00,1790283600000,120.82,121.0,120.65,120.91,408926.530822,49448845.237698235
2026-09-24 22:00:00+00:00,1790287200000,120.9,121.0,120.7,120.9,7627.978172,921828.6122103864
2026-09-24 23:00:00+00:00,1790290800000,120.75,120.9,120.7,120.75,20296.222022,2451828.8763496866
2026-09-25 00:00:00+00:00,1790294400000,120.81,121.14,120.6,121.08,3284.0,397103.21
2026-09-25 01:00:00+00:00,1790298000000,121.07,121.58,121.07,121.42,8504.0,1032319.38
2026-09-25 02:00:00+00:00,1790301600000,121.46,121.78,120.93,121.0,6915.0,839420.22
2026-09-25 03:00:00+00:00,1790305200000,121.26,121.4,121.07,121.19,3200.0,387779.31
2026-09-25 04:00:00+00:00,1790308800000,121.19,121.31,121.05,121.1,2365.0,286542.87
2026-09-25 05:00:00+00:00,1790312400000,121.17,121.6,121.1,121.46,2459.0,298269.21
