datetime_utc,timestamp,open,high,low,close,volume,turnover
2026-06-27 06:00:00+00:00,1782540000000,152.31,153.22,152.31,152.82,13.3317,2034.484751
2026-06-27 07:00:00+00:00,1782543600000,152.82,153.2,152.71,152.71,7.6741,1173.697712
2026-06-27 08:00:00+00:00,1782547200000,152.71,153.13,152.31,152.63,14.4036,2196.589411
2026-06-27 09:00:00+00:00,1782550800000,152.45,152.88,152.45,152.73,8.128,1240.750407
2026-06-27 10:00:00+00:00,1782554400000,152.72,152.88,152.31,152.31,12.1619,1853.717805
2026-06-27 11:00:00+00:00,1782558000000,152.31,153.28,152.31,153.28,15.0879,2303.203152
2026-06-27 12:00:00+00:00,1782561600000,153.29,153.48,152.92,153.39,8.0957,1241.161804
2026-06-27 13:00:00+00:00,1782565200000,153.32,153.32,152.42,152.6,15.6115,2384.280107
2026-06-27 14:00:00+00:00,1782568800000,152.69,154.35,152.6,153.63,285.5893,43897.225715
2026-06-27 15:00:00+00:00,1782572400000,153.43,153.81,153.41,153.43,4.9893,766.095153
2026-06-27 16:00:00+00:00,1782576000000,153.43,153.82,153.4,153.8,4.6535,714.55417
2026-06-27 17:00:00+00:00,1782579600000,153.4,153.83,153.33,153.39,2.3994,368.253275
2026-06-27 18:00:00+00:00,1782583200000,153.39,153.39,153.32,153.32,0.1887,28.935019
2026-06-27 19:00:00+00:00,1782586800000,153.32,153.82,153.08,153.5,24.2343,3712.63118
2026-06-27 20:00:00+00:00,1782590400000,153.41,153.5,153.21,153.24,9.0481,1386.858393
2026-06-27 21:00:00+00:00,1782594000000,153.23,153.31,153.22,153.31,3.8107,583.929636
2026-06-27 22:00:00+00:00,1782597600000,153.44,153.44,153.3,153.3,2.9388,450.678558
2026-06-27 23:00:00+00:00,1782601200000,153.3,153.5,153.3,153.33,0.9412,144.384553
2026-06-28 00:00:00+00:00,1782604800000,153.33,153.51,153.3,153.51,2.5873,396.780093
2026-06-28 01:00:00+00:00,1782608400000,153.51,153.55,153.4,153.44,5.7051,875.626923
2026-06-28 02:00:00+00:00,1782612000000,153.44,153.45,153.32,153.32,2.2001,337.464649
2026-06-28 03:00:00+00:00,1782615600000,153.32,153.79,153.3,153.79,12.3032,1890.071298
2026-06-28 04:00:00+00:00,1782619200000,153.81,153.91,153.62,153.72,8.9397,1374.675656
2026-06-28 05:00:00+00:00,1782622800000,153.71,153.95,153.65,153.95,11.4893,1766.941433
2026-06-28 06:00:00+00:00,1782626400000,153.83,154.14,153.5,153.97,17.526,2698.378822
2026-06-28 07:00:00+00:00,1782630000000,154.03,154.21,153.28,154.15,42.0005,6461.196987
2026-06-28 08:00:00+00:00,1782633600000,154.05,154.22,153.21,153.95,21.8409,3357.168383
2026-06-28 09:00:00+00:00,1782637200000,154.02,154.26,153.23,153.31,17.7355,2727.023169
2026-06-28 10:00:00+00:00,1782640800000,153.32,154.34,153.23,153.85,12.5581,1929.941843
2026-06-28 11:00:00+00:00,1782644400000,154.23,154.23,153.23,153.28,12.7541,1957.365464
2026-06-28 12:00:00+00:00,1782648000000,153.99,154.14,153.24,153.73,6.9875,1073.676835
2026-06-28 13:00:00+00:00,1782651600000,153.32,154.09,153.24,153.81,19.2839,2962.150454
2026-06-28 14:00:00+00:00,1782655200000,153.79,154.16,153.32,154.09,19.9475,3067.958803
2026-06-28 15:00:00+00:00,1782658800000,154.09,154.18,154.09,154.09,12.5652,1936.293181
2026-06-28 16:00:00+00:00,1782662400000,154.09,154.17,153.32,153.64,16.0785,2472.770043
2026-06-28 17:00:00+00:00,1782666000000,154.07,154.29,153.64,154.14,11.139,1716.152546
2026-06-28 18:00:00+00:00,1782669600000,154.29,154.3,154.02,154.02,2.0279,312.727934
2026-06-28 19:00:00+00:00,1782673200000,154.02,154.3,153.92,154.02,10.1767,1567.466924
2026-06-28 20:00:00+00:00,1782676800000,154.2,154.32,154.19,154.19,2.0612,317.863437
2026-06-28 21:00:00+00:00,1782680400000,154.19,154.44,154.18,154.25,8.0736,1245.853471
2026-06-28 22:00:00+00:00,1782684000000,154.4,154.46,154.4,154.44,2.3502,362.940672
2026-06-28 23:00:00+00:00,1782687600000,154.46,154.91,154.34,154.91,36.4264,5635.091694
2026-06-29 00:00:00+00:00,1782691200000,155.01,156.3,153.38,154.49,246806.0,38083291.41
2026-06-29 01:00:00+00:00,1782694800000,154.48,155.23,154.05,154.68,82563.0,12762806.61
2026-06-29 02:00:00+00:00,1782698400000,154.7,155.0,154.2,154.91,43991.0,6805893.16
2026-06-29 03:00:00+00:00,1782702000000,154.91,155.92,154.88,155.5,70542.0,10957404.02
2026-06-29 04:00:00+00:00,1782705600000,155.48,155.48,154.34,154.67,30612.0,4744552.19
2026-06-29 05:00:00+00:00,1782709200000,154.72,155.59,154.3,155.54,42848.0,6641177.55
2026-06-29 06:00:00+00:00,1782712800000,155.54,155.92,155.19,155.3,64219.0,9990672.51
2026-06-29 07:00:00+00:00,1782716400000,155.3,155.9,155.16,155.53,52861.0,8226557.89
2026-06-29 08:00:00+00:00,1782720000000,155.36,155.69,153.151,155.34,497288.73593900015,77134107.72938316
2026-06-29 09:00:00+00:00,1782723600000,155.19,155.84,155.115,155.48,162640.718288,25279100.46685738
2026-06-29 10:00:00+00:00,1782727200000,155.88,157.377,155.481,157.14,376499.388866,58996136.48744116
2026-06-29 11:00:00+00:00,1782730800000,156.21,157.185,156.128,157.08,614884.01955,96336769.29779038
2026-06-29 12:00:00+00:00,1782734400000,156.99,157.126,155.733,156.32,536958.160916,83949649.75209017
2026-06-29 13:00:00+00:00,1782738000000,155.68,159.88,154.89,155.07,12263138.336298997,1931630687.6698036
2026-06-29 14:00:00+00:00,1782741600000,155.36,155.85,151.75,155.38,11392972.270444997,1750445881.3590724
2026-06-29 15:00:00+00:00,1782745200000,155.344,157.3,154.79,156.802,5988625.385998998,934556132.3371507
2026-06-29 16:00:00+00:00,1782748800000,156.73,157.99,156.095,157.25,6471568.7191510005,1016236260.3801287
2026-06-29 17:00:00+00:00,1782752400000,157.25,160.48,157.005,159.95,9054531.408411998,1440786012.207024
2026-06-29 18:00:00+00:00,1782756000000,160.05,163.17,159.51,162.835,8320472.776802001,1340293372.683818
2026-06-29 19:00:00+00:00,1782759600000,162.85,166.17,162.21,164.165,14694165.441402994,2415897128.551949
2026-06-29 20:00:00+00:00,1782763200000,163.22,165.168,163.102,164.165,9653388.850669002,1584554547.5541782
2026-06-29 21:00:00+00:00,1782766800000,164.31,164.449,163.5,163.5,949927.0343699995,155689811.18132606
2026-06-29 22:00:00+00:00,1782770400000,163.43,163.845,162.923,163.585,215127.80243299995,35127616.50143775
2026-06-29 23:00:00+00:00,1782774000000,163.625,163.759,163.199,163.44,175805.13895300005,28734804.9659371
2026-06-30 00:00:00+00:00,1782777600000,163.35,164.09,161.5,162.11,122160.0,19886365.46
2026-06-30 01:00:00+00:00,1782781200000,162.07,162.92,161.78,162.88,65694.0,10666142.35
2026-06-30 02:00:00+00:00,1782784800000,162.87,162.87,162.1,162.26,30244.0,4912727.97
2026-06-30 03:00:00+00:00,1782788400000,162.25,163.49,162.21,163.49,49447.0,8041253.54
2026-06-30 04:00:00+00:00,1782792000000,163.49,164.48,163.16,163.67,101085.0,16544779.42
2026-06-30 05:00:00+00:00,1782795600000,163.71,163.95,162.73,163.11,59080.0,9653933.72
2026-06-30 06:00:00+00:00,1782799200000,163.07,163.58,162.99,163.2,43170.0,7047452.37
2026-06-30 07:00:00+00:00,1782802800000,163.21,163.351,162.81,162.98,36801.0,6000266.58
2026-06-30 08:00:00+00:00,1782806400000,163.36,163.447,162.386,162.5,469703.5511820001,76624055.47426298
2026-06-30 09:00:00+00:00,1782810000000,162.08,162.671,162.03,162.08,91237.98167800004,14807988.29292658
2026-06-30 10:00:00+00:00,1782813600000,162.13,163.23,162.018,162.13,131056.39525199996,21319245.24535191
2026-06-30 11:00:00+00:00,1782817200000,163.3,164.67,162.914,164.55,400892.4951669999,65644382.15661749
2026-06-30 12:00:00+00:00,1782820800000,163.8,164.145,161.473,162.0,493325.762939,80371350.65103824
2026-06-30 13:00:00+00:00,1782824400000,161.51,165.87,160.459,165.5,9306606.5261,1522317925.2396286
2026-06-30 14:00:00+00:00,1782828000000,165.55,168.89,162.45,168.52,14413264.432931997,2391123094.9358926
2026-06-30 15:00:00+00:00,1782831600000,168.79,172.4,168.37,169.17,13739166.295821002,2341724112.2091756
2026-06-30 16:00:00+00:00,1782835200000,169.34,171.6,169.305,170.15,8468831.309907999,1444713177.053563
2026-06-30 17:00:00+00:00,1782838800000,170.08,170.84,168.16,170.7,7885415.464580995,1338539812.6140664
2026-06-30 18:00:00+00:00,1782842400000,170.71,171.24,168.815,170.04,7370621.098099,1251457019.1841195
2026-06-30 19:00:00+00:00,1782846000000,170.11,171.71,169.38,170.68,10834642.310784,1849409518.061195
2026-06-30 20:00:00+00:00,1782849600000,170.42,170.854,169.25,170.0,7124717.018000001,1216288941.010852
2026-06-30 21:00:00+00:00,1782853200000,170.47,170.725,170.245,170.5,134390.25826299997,22916388.10731667
2026-06-30 22:00:00+00:00,1782856800000,170.62,172.215,170.475,171.99,465326.79024599993,79844725.94812576
2026-06-30 23:00:00+00:00,1782860400000,172.26,173.263,171.924,172.73,718936.8188440003,124023143.57564151
2026-07-01 00:00:00+00:00,1782864000000,172.19,172.52,170.61,171.11,10.0,1723.69
2026-07-01 01:00:00+00:00,1782867600000,171.13,171.3,169.43,169.89,119391.0,20320931.75
2026-07-01 02:00:00+00:00,1782871200000,169.92,170.63,169.69,170.12,82049.0,13954582.53
2026-07-01 03:00:00+00:00,1782874800000,170.12,171.01,170.0,170.62,37022.0,6315190.24
2026-07-01 04:00:00+00:00,1782878400000,170.58,170.94,170.29,170.64,27739.0,4731774.34
2026-07-01 05:00:00+00:00,1782882000000,170.62,171.69,170.41,171.39,56046.0,9597673.3
2026-07-01 06:00:00+00:00,1782885600000,171.38,172.27,171.17,171.27,96024.0,16485949.36
2026-07-01 07:00:00+00:00,1782889200000,171.27,171.49,170.26,171.44,74754.0,12768594.38
2026-07-01 08:00:00+00:00,1782892800000,171.5,174.695,171.138,174.4,1102309.912579,190464051.24784887
2026-07-01 09:00:00+00:00,1782896400000,174.79,175.6,174.048,175.5,585878.054059,102335026.7634585
2026-07-01 10:00:00+00:00,1782900000000,175.69,176.105,174.897,175.35,633088.5447940001,111170095.2304085
2026-07-01 11:00:00+00:00,1782903600000,174.35,174.934,171.848,172.17,989900.081042,171734201.4196848
2026-07-01 12:00:00+00:00,1782907200000,172.6,174.587,170.944,171.05,1504831.3192919996,259800248.7709799
2026-07-01 13:00:00+00:00,1782910800000,171.108,172.091,162.49,162.71,11351080.639812,1885061803.0423048
2026-07-01 14:00:00+00:00,1782914400000,162.73,163.5,158.49,159.79,18035116.331705995,2906551972.59917
2026-07-01 15:00:00+00:00,1782918000000,159.82,161.85,157.79,158.71,14128686.212759996,2258908480.382281
2026-07-01 16:00:00+00:00,1782921600000,158.7,160.85,158.175,159.975,10272030.250435,1639360559.0060737
2026-07-01 17:00:00+00:00,1782925200000,159.99,163.11,159.375,162.33,9029791.973597,1459691155.9494812
2026-07-01 18:00:00+00:00,1782928800000,162.49,163.45,156.415,157.745,13676817.09168,2173935547.449373
2026-07-01 19:00:00+00:00,1782932400000,157.69,158.85,156.18,157.685,13860164.778706998,2183711927.396101
2026-07-01 20:00:00+00:00,1782936000000,157.37,158.29,157.202,157.6,12463876.218545,1965525859.1368656
2026-07-01 21:00:00+00:00,1782939600000,158.23,158.795,158.171,158.23,187198.804834,29659965.83670379
2026-07-01 22:00:00+00:00,1782943200000,158.015,158.629,158.015,158.015,131045.3455,20755145.2837737
2026-07-01 23:00:00+00:00,1782946800000,157.85,158.456,157.598,157.95,164665.585516,26006278.11632539
2026-07-02 00:00:00+00:00,1782950400000,161.22,164.49,156.62,157.56,97854.0,15416770.57
2026-07-02 01:00:00+00:00,1782954000000,157.51,158.49,157.44,158.29,67883.0,10713957.84
2026-07-02 02:00:00+00:00,1782957600000,158.29,159.01,158.28,158.6,75284.0,11950613.68
2026-07-02 03:00:00+00:00,1782961200000,158.58,158.85,158.01,158.74,29510.0,4672645.84
2026-07-02 04:00:00+00:00,1782964800000,158.76,158.99,158.3,158.65,35478.0,5628509.03
2026-07-02 05:00:00+00:00,1782968400000,158.59,158.91,157.66,157.66,62997.0,9973182.96
2026-07-02 06:00:00+00:00,1782972000000,157.69,157.84,155.69,156.12,117425.0,18400228.15
2026-07-02 07:00:00+00:00,1782975600000,156.15,156.72,155.23,156.46,92228.0,14376602.93
2026-07-02 08:00:00+00:00,1782979200000,156.73,157.706,155.765,157.23,590097.3619989997,92542136.81496552
2026-07-02 09:00:00+00:00,1782982800000,156.85,157.22,155.75,156.08,131665.38858399997,20591900.61336668
2026-07-02 10:00:00+00:00,1782986400000,156.0,157.255,156.0,156.8,134802.97895399996,21097785.07102631
2026-07-02 11:00:00+00:00,1782990000000,157.05,159.236,156.89,158.99,481136.694507,76216911.89052333
2026-07-02 12:00:00+00:00,1782993600000,158.36,160.427,158.289,160.22,791605.5666640003,126349431.06414776
2026-07-02 13:00:00+00:00,1782997200000,159.11,161.1,156.835,160.59,7918059.963547,1258647685.551464
2026-07-02 14:00:00+00:00,1783000800000,160.72,160.98,157.22,159.79,7724989.556875998,1228931508.6535296
2026-07-02 15:00:00+00:00,1783004400000,159.84,159.89,157.58,159.05,6221426.4131080005,986280862.8420874
2026-07-02 16:00:00+00:00,1783008000000,159.04,159.11,155.89,157.674,5790170.342494,910930689.1847181
2026-07-02 17:00:00+00:00,1783011600000,157.66,158.06,155.99,157.34,5864769.140348,921022699.5384129
2026-07-02 18:00:00+00:00,1783015200000,157.35,159.51,157.11,158.865,6247001.943604004,991293009.4169139
2026-07-02 19:00:00+00:00,1783018800000,158.88,162.15,158.15,161.83,10871356.979919,1744486430.5467763
2026-07-02 20:00:00+00:00,1783022400000,160.72,161.884,160.16,160.68,7103202.362904001,1144123459.3964918
2026-07-02 21:00:00+00:00,1783026000000,160.443,160.745,160.002,160.5,640389.3551769997,102655246.14103478
2026-07-02 22:00:00+00:00,1783029600000,160.4,160.759,160.323,160.64,155747.64016900005,25000299.70464755
2026-07-02 23:00:00+00:00,1783033200000,160.59,161.025,160.29,160.59,171026.58643500003,27475147.46824446
2026-07-03 00:00:00+00:00,1783036800000,160.9,160.9,160.9,160.9,20.0,3218.0
2026-07-03 01:00:00+00:00,1783040400000,160.81,160.81,159.99,160.0,40.4218,6487.259941
2026-07-03 02:00:00+00:00,1783044000000,160.84,160.9,159.6,159.72,30.1063,4819.005573
2026-07-03 03:00:00+00:00,1783047600000,159.72,161.14,159.72,160.6,56.5736,9081.911214
2026-07-03 04:00:00+00:00,1783051200000,160.61,161.0,159.34,161.0,38.1803,6111.059933
2026-07-03 05:00:00+00:00,1783054800000,159.34,161.1,159.34,159.34,37.4003,5975.739917
2026-07-03 06:00:00+00:00,1783058400000,161.1,161.1,159.34,160.05,25.3456,4057.242
2026-07-03 07:00:00+00:00,1783062000000,161.1,161.1,159.0,159.0,64.9641,10403.371917
2026-07-03 08:00:00+00:00,1783065600000,159.23,161.1,158.92,158.92,10.2612,1634.800422
2026-07-03 09:00:00+00:00,1783069200000,158.91,161.08,158.7,158.7,26.6843,4251.264434
2026-07-03 10:00:00+00:00,1783072800000,158.68,161.09,158.0,158.5,63.8252,10119.413435
2026-07-03 11:00:00+00:00,1783076400000,158.37,158.57,158.02,158.23,54.0048,8548.225189
2026-07-03 12:00:00+00:00,1783080000000,158.23,161.09,158.05,158.56,19.7426,3139.551622
2026-07-03 13:00:00+00:00,1783083600000,158.56,161.09,158.54,158.59,9.2394,1475.605932
2026-07-03 14:00:00+00:00,1783087200000,161.0,161.09,158.61,160.98,24.6434,3946.66863
2026-07-03 15:00:00+00:00,1783090800000,160.98,161.0,158.7,158.88,52.1678,8342.09544
2026-07-03 16:00:00+00:00,1783094400000,160.99,161.16,158.88,160.87,38.8101,6238.734319
2026-07-03 17:00:00+00:00,1783098000000,160.87,161.04,160.3,160.3,53.657,8625.498371
2026-07-03 18:00:00+00:00,1783101600000,160.42,160.51,159.46,159.46,48.7186,7791.828612
2026-07-03 19:00:00+00:00,1783105200000,159.6,160.0,159.38,159.38,13.4666,2148.447132
2026-07-03 20:00:00+00:00,1783108800000,159.47,160.14,158.78,158.78,62.2174,9906.956174
2026-07-03 21:00:00+00:00,1783112400000,158.89,159.09,158.55,159.09,13.4551,2136.332081
2026-07-03 22:00:00+00:00,1783116000000,159.04,159.12,158.55,159.12,1.904,302.699518
2026-07-03 23:00:00+00:00,1783119600000,159.11,160.0,158.55,160.0,12.5251,1988.566913
2026-07-04 00:00:00+00:00,1783123200000,158.57,160.07,158.57,158.58,8.365,1329.731241
2026-07-04 01:00:00+00:00,1783126800000,160.0,161.3,158.55,158.55,18.9294,3011.292681
2026-07-04 02:00:00+00:00,1783130400000,158.55,161.3,158.55,158.58,24.073,3844.519443
2026-07-04 03:00:00+00:00,1783134000000,160.28,160.99,158.62,158.63,15.005,2397.445456
2026-07-04 04:00:00+00:00,1783137600000,158.66,160.99,158.62,160.49,8.1162,1294.456954
2026-07-04 05:00:00+00:00,1783141200000,158.62,160.99,158.62,160.99,2.0725,330.943465
2026-07-04 06:00:00+00:00,1783144800000,158.67,160.99,158.63,160.72,13.0056,2074.955881
2026-07-04 07:00:00+00:00,1783148400000,159.3,160.99,158.61,158.66,30.0311,4794.32237
2026-07-04 08:00:00+00:00,1783152000000,160.86,161.29,158.8,158.86,4.8333,771.707698
2026-07-04 09:00:00+00:00,1783155600000,161.08,161.35,160.0,160.69,48.353,7785.627361
2026-07-04 10:00:00+00:00,1783159200000,160.81,160.88,160.42,160.42,9.8624,1583.29607
2026-07-04 11:00:00+00:00,1783162800000,160.42,160.42,159.84,159.88,25.2253,4039.012638
2026-07-04 12:00:00+00:00,1783166400000,159.9,160.4,159.76,159.76,26.3819,4222.906251
2026-07-04 13:00:00+00:00,1783170000000,159.87,161.32,159.59,160.53,75.4083,12110.093562
2026-07-04 14:00:00+00:00,1783173600000,160.34,160.45,160.22,160.22,8.3018,1330.876454
2026-07-04 15:00:00+00:00,1783177200000,160.36,160.54,158.67,158.88,171.2999,27325.875131
2026-07-04 16:00:00+00:00,1783180800000,158.88,160.76,158.62,159.45,106.193,16914.310339
2026-07-04 17:00:00+00:00,1783184400000,159.45,159.85,158.65,158.79,15.4648,2462.139776
2026-07-04 18:00:00+00:00,1783188000000,159.0,160.75,158.66,158.75,11.6344,1851.755435
2026-07-04 19:00:00+00:00,1783191600000,160.49,160.77,158.67,159.9,11.4771,1833.057531
2026-07-04 20:00:00+00:00,1783195200000,160.48,160.48,158.67,159.9,3.6883,589.164239
2026-07-04 21:00:00+00:00,1783198800000,159.9,160.5,159.2,160.2,7.6475,1223.417586
2026-07-04 22:00:00+00:00,1783202400000,159.86,160.78,158.66,159.37,6.1302,979.753303
2026-07-04 23:00:00+00:00,1783206000000,160.68,160.78,159.38,159.4,4.6165,739.126062
2026-07-05 00:00:00+00:00,1783209600000,159.4,160.62,158.62,158.62,27.2496,4327.764824
2026-07-05 01:00:00+00:00,1783213200000,158.83,160.63,158.62,158.8,12.3272,1966.359249
2026-07-05 02:00:00+00:00,1783216800000,159.97,161.0,158.6,158.71,49.9753,7969.363541
2026-07-05 03:00:00+00:00,1783220400000,159.98,160.99,158.81,160.99,26.7827,4274.124975
2026-07-05 04:00:00+00:00,1783224000000,160.99,161.0,158.97,160.2,46.6038,7464.098561
2026-07-05 05:00:00+00:00,1783227600000,160.3,160.79,158.97,159.25,54.9869,8794.120672
2026-07-05 06:00:00+00:00,1783231200000,160.4,160.9,159.02,159.4,48.1938,7704.923906
2026-07-05 07:00:00+00:00,1783234800000,160.28,160.99,159.21,159.59,101.8748,16295.997074
2026-07-05 08:00:00+00:00,1783238400000,160.45,161.56,159.25,161.37,78.6153,12630.519714
2026-07-05 09:00:00+00:00,1783242000000,161.55,162.5,161.39,161.55,88.2849,14299.925169
2026-07-05 10:00:00+00:00,1783245600000,161.5,162.5,161.39,161.95,59.5036,9644.574606
2026-07-05 11:00:00+00:00,1783249200000,161.95,162.5,161.41,161.61,115.1697,18680.248242
2026-07-05 12:00:00+00:00,1783252800000,162.2,162.46,161.4,162.03,39.2518,6351.860635
2026-07-05 13:00:00+00:00,1783256400000,162.04,162.2,161.45,161.86,53.5633,8670.491103
2026-07-05 14:00:00+00:00,1783260000000,161.86,162.4,161.41,161.69,64.8557,10493.938108
2026-07-05 15:00:00+00:00,1783263600000,161.69,161.9,161.45,161.68,75.5095,12206.987095
2026-07-05 16:00:00+00:00,1783267200000,161.82,164.06,161.5,162.87,339.4594,55111.310144
2026-07-05 17:00:00+00:00,1783270800000,163.29,163.5,162.75,162.76,47.9672,7822.741172
2026-07-05 18:00:00+00:00,1783274400000,163.36,163.5,162.71,162.78,89.8803,14656.322323
2026-07-05 19:00:00+00:00,1783278000000,163.39,163.39,162.77,162.78,32.7894,5344.987573
2026-07-05 20:00:00+00:00,1783281600000,163.1,163.83,162.73,163.83,35.7162,5832.513837
2026-07-05 21:00:00+00:00,1783285200000,163.84,164.75,163.84,164.75,46.3993,7619.673458
2026-07-05 22:00:00+00:00,1783288800000,164.75,164.9,164.75,164.9,80.9098,13330.187905
2026-07-05 23:00:00+00:00,1783292400000,164.93,165.03,164.63,164.95,46.0453,7586.997805
2026-07-06 00:00:00+00:00,1783296000000,161.49,163.5,161.15,162.66,151323.0,24616971.85
2026-07-06 01:00:00+00:00,1783299600000,162.66,163.06,161.54,161.94,91527.0,14862724.95
2026-07-06 02:00:00+00:00,1783303200000,161.96,162.18,160.71,161.39,60781.0,9800876.52
2026-07-06 03:00:00+00:00,1783306800000,161.38,162.13,161.21,162.07,38005.0,6142385.0
2026-07-06 04:00:00+00:00,1783310400000,162.13,162.8,161.99,162.65,54501.0,8853598.55
2026-07-06 05:00:00+00:00,1783314000000,162.77,162.92,162.38,162.58,32058.0,5214665.18
2026-07-06 06:00:00+00:00,1783317600000,162.58,163.01,162.58,162.72,65272.0,10631593.55
2026-07-06 07:00:00+00:00,1783321200000,162.75,163.38,162.63,163.35,43862.0,7147562.97
2026-07-06 08:00:00+00:00,1783324800000,163.25,163.39,163.25,163.39,434211.502639,70848004.36854634
2026-07-06 09:00:00+00:00,1783328400000,163.49,164.234,163.285,164.01,198344.59615500004,32454313.05599842
2026-07-06 10:00:00+00:00,1783332000000,164.25,164.985,163.896,164.98,238301.57173500003,39210116.78311973
2026-07-06 11:00:00+00:00,1783335600000,164.77,164.985,163.764,164.18,691826.341246,113690313.23178367
2026-07-06 12:00:00+00:00,1783339200000,163.39,164.192,163.009,164.01,885904.9044180001,144850147.16833645
2026-07-06 13:00:00+00:00,1783342800000,164.58,167.86,163.71,164.73,10363484.608544003,1717876081.0753143
2026-07-06 14:00:00+00:00,1783346400000,164.83,165.8,159.76,161.85,10837986.304405,1765869957.7301416
2026-07-06 15:00:00+00:00,1783350000000,161.99,162.48,159.4,160.745,6978768.637942001,1121364595.912388
2026-07-06 16:00:00+00:00,1783353600000,160.745,162.56,160.54,161.819,5501014.842868,889644071.5479835
2026-07-06 17:00:00+00:00,1783357200000,161.96,162.21,155.255,155.69,10844479.906963997,1718059502.6685758
2026-07-06 18:00:00+00:00,1783360800000,155.745,157.845,155.18,155.91,8445692.296928998,1321301533.6391916
2026-07-06 19:00:00+00:00,1783364400000,155.98,160.9,155.04,160.61,23475321.617750995,3716542492.557484
2026-07-06 20:00:00+00:00,1783368000000,159.54,160.52,157.73,158.03,109136742.43566304,17448891517.35624
2026-07-06 21:00:00+00:00,1783371600000,158.71,158.955,158.235,158.94,379282.6900309999,60178129.44838854
2026-07-06 22:00:00+00:00,1783375200000,158.34,158.751,158.101,158.14,137444.96652699992,21785480.76291903
2026-07-06 23:00:00+00:00,1783378800000,158.1,158.474,157.661,158.16,190189.648973,30057895.44609617
2026-07-07 00:00:00+00:00,1783382400000,158.25,158.25,156.67,157.43,35.0,5518.135
2026-07-07 01:00:00+00:00,1783386000000,157.44,157.59,156.0,156.87,116527.0,18265758.13
2026-07-07 02:00:00+00:00,1783389600000,156.86,157.45,156.73,156.8,43161.0,6779505.44
2026-07-07 03:00:00+00:00,1783393200000,156.77,157.0,155.8,156.19,64667.0,10108783.94
2026-07-07 04:00:00+00:00,1783396800000,156.16,156.52,155.87,155.92,73318.0,11452937.1
2026-07-07 05:00:00+00:00,1783400400000,155.92,157.34,155.69,157.2,90353.0,14143259.65
2026-07-07 06:00:00+00:00,1783404000000,157.15,158.18,157.15,158.18,89050.0,14042445.94
2026-07-07 07:00:00+00:00,1783407600000,158.19,158.86,157.8,158.0,83819.0,13271096.1
2026-07-07 08:00:00+00:00,1783411200000,157.0,158.792,156.623,157.11,713553.9445029999,112842633.82541005
2026-07-07 09:00:00+00:00,1783414800000,158.21,158.21,157.177,157.53,133616.199729,21068335.14086926
2026-07-07 10:00:00+00:00,1783418400000,157.51,159.9,157.411,158.99,538317.8343660001,85465169.66458303
2026-07-07 11:00:00+00:00,1783422000000,158.856,160.217,158.278,159.76,823837.516911,131041651.39776836
2026-07-07 12:00:00+00:00,1783425600000,160.01,161.281,159.572,159.73,1618941.212799,259754422.6640824
2026-07-07 13:00:00+00:00,1783429200000,159.81,159.902,152.07,153.11,14267533.315029,2221432109.096711
2026-07-07 14:00:00+00:00,1783432800000,153.085,153.9,150.13,151.535,15212053.816654,2305225508.143457
2026-07-07 15:00:00+00:00,1783436400000,151.43,152.21,150.54,150.955,6980667.827382001,1057483917.5005308
2026-07-07 16:00:00+00:00,1783440000000,150.89,153.07,150.44,152.0,7252302.064351002,1101675449.6893675
2026-07-07 17:00:00+00:00,1783443600000,152.0,152.43,151.43,152.06,3558353.5434120013,540839492.5935051
2026-07-07 18:00:00+00:00,1783447200000,152.165,152.52,150.76,150.94,6055788.728559002,917649411.0892398
2026-07-07 19:00:00+00:00,1783450800000,150.933,150.939,148.86,149.523,11931117.481689,1791883719.766176
2026-07-07 20:00:00+00:00,1783454400000,149.345,151.22,148.74,150.66,10613467.710038006,1591037349.3957512
2026-07-07 21:00:00+00:00,1783458000000,150.24,151.32,150.076,150.335,288946.44823299994,43548563.94543659
2026-07-07 22:00:00+00:00,1783461600000,151.08,151.294,150.301,151.1,170961.3440320001,25808187.72599551
2026-07-07 23:00:00+00:00,1783465200000,151.09,151.175,150.605,151.01,179159.071139,27054972.57586442
2026-07-08 00:00:00+00:00,1783468800000,151.04,151.7,150.66,151.53,74108.0,11209887.99
2026-07-08 01:00:00+00:00,1783472400000,151.53,151.64,149.72,150.32,94268.0,14210930.22
2026-07-08 02:00:00+00:00,1783476000000,150.3,150.73,150.0,150.66,45213.0,6794438.78
2026-07-08 03:00:00+00:00,1783479600000,150.6,151.04,150.45,150.66,42839.0,6460353.08
2026-07-08 04:00:00+00:00,1783483200000,150.64,150.68,149.85,150.16,58804.0,8831972.49
2026-07-08 05:00:00+00:00,1783486800000,150.16,150.59,149.49,149.69,65947.0,9890190.67
2026-07-08 06:00:00+00:00,1783490400000,149.68,152.44,149.27,151.57,232102.0,35117204.87
2026-07-08 07:00:00+00:00,1783494000000,151.56,151.63,150.75,151.32,74680.0,11299895.97
2026-07-08 08:00:00+00:00,1783497600000,151.49,152.534,149.374,149.76,1082984.12286,163535151.085176
2026-07-08 09:00:00+00:00,1783501200000,149.99,150.01,148.324,149.59,430268.46330000006,64189299.5094862
2026-07-08 10:00:00+00:00,1783504800000,149.48,150.423,148.938,150.2,267337.535275,40063042.63379034
2026-07-08 11:00:00+00:00,1783508400000,150.24,151.01,149.51,150.54,557533.929493,83700896.23299561
2026-07-08 12:00:00+00:00,1783512000000,150.5,151.828,150.5,151.2,628838.086765,95121004.5430817
2026-07-08 13:00:00+00:00,1783515600000,150.79,152.93,148.57,151.365,9892724.769476,1492635087.9405549
2026-07-08 14:00:00+00:00,1783519200000,151.33,151.92,149.38,149.7,6639933.529882001,1000468000.6548524
2026-07-08 15:00:00+00:00,1783522800000,149.77,150.5,147.15,147.42,7333456.972557,1091844674.741938
2026-07-08 16:00:00+00:00,1783526400000,147.37,150.16,147.36,149.36,4571847.925607002,682468999.682081
2026-07-08 17:00:00+00:00,1783530000000,149.27,149.39,145.67,146.23,7097525.974184998,1049287593.7345488
2026-07-08 18:00:00+00:00,1783533600000,146.139,146.9,145.2,145.591,6532735.233907,953329148.6542064
2026-07-08 19:00:00+00:00,1783537200000,145.62,148.43,145.225,148.32,9984571.099459,1462770618.2411518
2026-07-08 20:00:00+00:00,1783540800000,147.95,149.477,147.872,149.3,4426484.300055001,657069542.7423145
2026-07-08 21:00:00+00:00,1783544400000,149.81,149.845,149.104,149.48,271270.03626599995,40533006.05684395
2026-07-08 22:00:00+00:00,1783548000000,149.16,149.415,149.032,149.25,140715.71682399997,21000723.15339077
2026-07-08 23:00:00+00:00,1783551600000,149.12,149.205,148.825,149.12,191623.633151,28559145.5504688
2026-07-09 00:00:00+00:00,1783555200000,150.37,150.37,148.79,149.79,112421.0,16787346.27
2026-07-09 01:00:00+00:00,1783558800000,149.85,150.0,148.79,148.91,58773.0,8782822.84
2026-07-09 02:00:00+00:00,1783562400000,148.92,149.32,148.7,148.7,60466.0,9014400.55
2026-07-09 03:00:00+00:00,1783566000000,148.71,149.18,148.32,148.96,33563.0,4991353.85
2026-07-09 04:00:00+00:00,1783569600000,148.95,149.48,148.75,149.41,27757.0,4137949.29
2026-07-09 05:00:00+00:00,1783573200000,149.42,149.72,148.93,149.65,30815.0,4600664.06
2026-07-09 06:00:00+00:00,1783576800000,149.66,150.25,149.44,150.25,63709.0,9545300.77
2026-07-09 07:00:00+00:00,1783580400000,150.24,150.76,150.14,150.3,79821.0,12011503.57
2026-07-09 08:00:00+00:00,1783584000000,150.22,150.86,148.98,150.51,495585.4753820002,74486001.36443925
2026-07-09 09:00:00+00:00,1783587600000,150.69,150.802,150.116,150.34,97876.38726099997,14726999.97214254
2026-07-09 10:00:00+00:00,1783591200000,150.34,150.66,149.402,149.82,120904.27064500004,18154707.20023072
2026-07-09 11:00:00+00:00,1783594800000,149.29,150.61,149.276,150.14,469075.694785,70267726.7090709
2026-07-09 12:00:00+00:00,1783598400000,150.39,152.109,150.15,151.45,739962.132288,111809536.12434168
2026-07-09 13:00:00+00:00,1783602000000,151.22,152.031,148.38,150.43,8104762.248080999,1216323004.8569808
2026-07-09 14:00:00+00:00,1783605600000,150.42,151.61,147.6,149.599,9709196.065718,1449251727.7836852
2026-07-09 15:00:00+00:00,1783609200000,149.66,151.18,149.365,150.9,4585504.607452001,689205928.0046432
2026-07-09 16:00:00+00:00,1783612800000,150.825,151.51,149.24,150.53,4959670.017692999,745789052.3295087
2026-07-09 17:00:00+00:00,1783616400000,150.55,152.79,150.541,152.33,4472239.393502999,679676631.8585266
2026-07-09 18:00:00+00:00,1783620000000,152.34,153.51,152.195,153.06,3614332.815567,552842203.1033418
2026-07-09 19:00:00+00:00,1783623600000,153.065,153.46,149.93,152.055,7331485.351372,1114351315.4273925
2026-07-09 20:00:00+00:00,1783627200000,151.72,153.105,151.613,152.25,4911034.094112999,748093403.6255485
2026-07-09 21:00:00+00:00,1783630800000,152.764,152.865,152.345,152.345,139213.227792,21241750.10629137
2026-07-09 22:00:00+00:00,1783634400000,152.345,152.425,152.257,152.33,75614.02065899999,11519992.64385236
2026-07-09 23:00:00+00:00,1783638000000,152.26,152.4,152.214,152.25,95844.998759,14596330.70600687
2026-07-10 00:00:00+00:00,1783641600000,152.3,152.42,150.64,151.38,54243.0,8213027.7
2026-07-10 01:00:00+00:00,1783645200000,151.36,152.13,150.99,151.76,35578.0,5395092.99
2026-07-10 02:00:00+00:00,1783648800000,151.74,152.0,151.43,151.82,17179.0,2606283.34
2026-07-10 03:00:00+00:00,1783652400000,151.81,152.02,151.65,151.81,15316.0,2325366.8
2026-07-10 04:00:00+00:00,1783656000000,151.8,151.88,151.44,151.45,11587.0,1757258.59
2026-07-10 05:00:00+00:00,1783659600000,151.45,151.45,150.65,150.68,72129.0,10885076.83
2026-07-10 06:00:00+00:00,1783663200000,150.68,150.8,149.43,150.22,152241.0,22839389.27
2026-07-10 07:00:00+00:00,1783666800000,150.29,150.36,149.67,149.8,78981.0,11840763.36
2026-07-10 08:00:00+00:00,1783670400000,150.1,151.916,149.057,149.64,649266.5331510003,97401277.21032688
2026-07-10 09:00:00+00:00,1783674000000,149.65,150.335,149.367,150.15,104134.85517300002,15612189.06513065
2026-07-10 10:00:00+00:00,1783677600000,150.15,150.401,149.88,150.014,171795.246402,25798763.740841787
2026-07-10 11:00:00+00:00,1783681200000,149.96,150.808,149.96,150.7,309410.143992,46560224.11400255
2026-07-10 12:00:00+00:00,1783684800000,151.05,151.33,150.472,151.05,349962.3002280001,52837553.06203362
2026-07-10 13:00:00+00:00,1783688400000,151.22,152.342,147.91,148.16,6862760.131015999,1024839990.0250776
2026-07-10 14:00:00+00:00,1783692000000,148.21,148.75,146.77,147.93,7143603.757240995,1056355405.079382
2026-07-10 15:00:00+00:00,1783695600000,147.89,149.59,147.56,148.76,5503461.146896001,817591986.5984111
2026-07-10 16:00:00+00:00,1783699200000,148.81,149.1,147.52,148.78,3990569.228385999,592465846.34617
2026-07-10 17:00:00+00:00,1783702800000,148.73,148.93,148.255,148.91,1880855.686218,279625686.3566184
2026-07-10 18:00:00+00:00,1783706400000,148.92,149.19,148.35,148.56,2112513.73611,314312468.7408625
2026-07-10 19:00:00+00:00,1783710000000,148.5,148.573,145.12,145.37,11703105.631223,1715440053.114104
2026-07-10 20:00:00+00:00,1783713600000,145.56,145.932,145.15,145.82,5455234.582064998,793184561.9507521
2026-07-10 21:00:00+00:00,1783717200000,145.835,146.159,145.714,146.13,440834.999971,64335081.45551088
2026-07-10 22:00:00+00:00,1783720800000,146.05,146.14,145.761,146.05,197301.212129,28803155.56350056
2026-07-10 23:00:00+00:00,1783724400000,145.8,145.938,145.68,145.8,207522.780628,30257174.20428946
2026-07-11 00:00:00+00:00,1783728000000,145.93,145.93,145.93,145.93,4.0,583.72
2026-07-11 01:00:00+00:00,1783731600000,146.18,146.29,145.99,146.29,13.6915,2001.224626
2026-07-11 02:00:00+00:00,1783735200000,146.29,146.56,146.03,146.46,12.6723,1855.622876
2026-07-11 03:00:00+00:00,1783738800000,146.46,146.59,146.43,146.43,0.9882,144.767137
2026-07-11 04:00:00+00:00,1783742400000,146.43,146.6,146.43,146.5,3.4305,502.606541
2026-07-11 05:00:00+00:00,1783746000000,146.43,146.61,146.28,146.28,14.2206,2082.472881
2026-07-11 06:00:00+00:00,1783749600000,146.35,146.35,145.93,146.01,12.806,1869.772257
2026-07-11 07:00:00+00:00,1783753200000,146.06,146.15,145.94,146.15,5.545,810.026524
2026-07-11 08:00:00+00:00,1783756800000,146.16,146.2,146.16,146.2,1.1564,169.048984
2026-07-11 09:00:00+00:00,1783760400000,146.07,146.27,145.98,146.0,3.9942,583.380229
2026-07-11 10:00:00+00:00,1783764000000,146.27,146.3,146.0,146.04,5.3907,788.245637
2026-07-11 11:00:00+00:00,1783767600000,146.1,146.38,145.98,146.19,4.3901,641.960511
2026-07-11 12:00:00+00:00,1783771200000,146.42,146.56,146.27,146.56,9.2214,1350.646004
2026-07-11 13:00:00+00:00,1783774800000,146.43,146.47,145.98,146.26,13.9465,2040.425077
2026-07-11 14:00:00+00:00,1783778400000,146.5,146.54,146.21,146.37,3.3738,494.12434
2026-07-11 15:00:00+00:00,1783782000000,146.54,146.54,146.37,146.54,0.4076,59.708148
2026-07-11 16:00:00+00:00,1783785600000,146.56,146.57,146.38,146.44,3.1158,456.494519
2026-07-11 17:00:00+00:00,1783789200000,146.58,146.62,146.38,146.62,4.8582,712.004601
2026-07-11 18:00:00+00:00,1783792800000,146.5,146.65,146.42,146.52,2.3517,344.539855
2026-07-11 19:00:00+00:00,1783796400000,146.52,146.67,146.52,146.56,4.5547,667.873679
2026-07-11 20:00:00+00:00,1783800000000,146.7,146.73,146.7,146.73,0.2275,33.374943
2026-07-11 21:00:00+00:00,1783803600000,146.57,146.57,146.56,146.56,0.9796,143.577993
2026-07-11 22:00:00+00:00,1783807200000,146.56,146.56,146.4,146.4,5.3307,780.625866
2026-07-11 23:00:00+00:00,1783810800000,146.6,146.6,146.37,146.37,2.9415,431.004978
2026-07-12 00:00:00+00:00,1783814400000,146.6,146.6,145.93,145.93,4.8325,705.868361
2026-07-12 01:00:00+00:00,1783818000000,145.93,145.93,145.81,145.81,1.1825,172.471112
2026-07-12 02:00:00+00:00,1783821600000,145.89,146.58,145.81,145.81,4.1318,603.182609
2026-07-12 03:00:00+00:00,1783825200000,146.57,146.57,145.81,145.81,1.1136,162.624209
2026-07-12 04:00:00+00:00,1783828800000,146.49,146.49,145.81,145.81,1.344,196.079788
2026-07-12 05:00:00+00:00,1783832400000,146.52,146.52,145.81,145.84,2.7487,401.191756
2026-07-12 06:00:00+00:00,1783836000000,146.49,146.49,146.49,146.49,1.3991,204.954159
2026-07-12 07:00:00+00:00,1783839600000,145.85,146.48,145.84,146.48,0.4623,67.47058
2026-07-12 08:00:00+00:00,1783843200000,146.48,146.67,145.84,146.67,1.5263,222.872379
2026-07-12 09:00:00+00:00,1783846800000,146.12,146.67,145.84,145.85,1.1527,168.265451
2026-07-12 10:00:00+00:00,1783850400000,145.85,146.67,145.84,145.84,10.8667,1585.225772
2026-07-12 11:00:00+00:00,1783854000000,145.85,146.65,145.84,145.87,2.9737,434.228888
2026-07-12 12:00:00+00:00,1783857600000,146.59,146.66,145.84,145.84,2.759,403.164729
2026-07-12 13:00:00+00:00,1783861200000,145.85,146.63,145.84,145.84,5.9969,874.906984
2026-07-12 14:00:00+00:00,1783864800000,146.6,146.66,146.6,146.66,1.2045,176.605953
2026-07-12 15:00:00+00:00,1783868400000,145.87,145.87,145.87,145.87,0.8949,130.539063
2026-07-12 16:00:00+00:00,1783872000000,145.85,146.64,145.84,146.64,1.637,239.259271
2026-07-12 17:00:00+00:00,1783875600000,145.84,146.59,145.84,146.59,0.7871,114.872414
2026-07-12 20:00:00+00:00,1783886400000,146.56,146.56,146.56,146.56,0.122,17.88032
2026-07-12 21:00:00+00:00,1783890000000,146.56,146.59,146.56,146.59,1.3806,202.377366
2026-07-12 22:00:00+00:00,1783893600000,146.59,146.59,146.59,146.59,0.6179,90.577961
2026-07-12 23:00:00+00:00,1783897200000,146.59,146.67,146.59,146.59,3.6764,538.929036
2026-07-13 00:00:00+00:00,1783900800000,145.49,146.48,145.12,145.21,121501.0,17693649.01
2026-07-13 01:00:00+00:00,1783904400000,145.19,145.26,142.22,142.79,284578.0,40862528.32
2026-07-13 02:00:00+00:00,1783908000000,142.78,143.78,142.64,143.31,113819.0,16305355.42
2026-07-13 03:00:00+00:00,1783911600000,143.32,143.32,142.51,142.86,87756.0,12536797.71
2026-07-13 04:00:00+00:00,1783915200000,142.87,143.04,142.66,142.95,61535.0,8788438.9
2026-07-13 05:00:00+00:00,1783918800000,142.95,143.4,142.7,143.15,66781.0,9554142.08
2026-07-13 06:00:00+00:00,1783922400000,143.15,143.36,142.64,142.91,88042.0,12582476.54
2026-07-13 07:00:00+00:00,1783926000000,142.92,143.45,142.82,143.08,47553.0,6805493.68
2026-07-13 08:00:00+00:00,1783929600000,143.395,145.93,143.174,143.5,599451.4077949999,86034824.62039866
2026-07-13 09:00:00+00:00,1783933200000,143.535,143.94,143.118,143.29,151182.54113199995,21701361.80250591
2026-07-13 10:00:00+00:00,1783936800000,143.79,144.147,143.31,144.1,174317.4331360001,25068084.53873208
2026-07-13 11:00:00+00:00,1783940400000,144.21,144.656,143.9,144.22,430193.5703930001,62058993.13582453
2026-07-13 12:00:00+00:00,1783944000000,144.16,144.253,143.049,143.23,649234.4368670001,93160467.20246908
2026-07-13 13:00:00+00:00,1783947600000,143.246,144.86,140.12,140.533,15053085.019956,2136321942.696862
2026-07-13 14:00:00+00:00,1783951200000,140.455,140.602,137.69,139.54,15077429.235339,2098387644.1419933
2026-07-13 15:00:00+00:00,1783954800000,139.555,140.0,138.35,139.745,10044959.021426,1397032810.7818851
2026-07-13 16:00:00+00:00,1783958400000,139.7,140.21,138.15,138.88,5443717.936383,757135154.2074803
2026-07-13 17:00:00+00:00,1783962000000,138.86,139.59,137.36,137.52,6998564.193695,968980606.5866863
2026-07-13 18:00:00+00:00,1783965600000,137.55,137.95,136.78,137.85,5472281.26124,751668723.4470435
2026-07-13 19:00:00+00:00,1783969200000,137.88,139.62,137.24,139.24,11527414.772584,1593730798.5739417
2026-07-13 20:00:00+00:00,1783972800000,138.37,139.2,137.625,138.6,3263100.4650419992,453560196.4093033
2026-07-13 21:00:00+00:00,1783976400000,138.81,138.97,138.615,138.81,138520.03069500005,19227799.23673612
2026-07-13 22:00:00+00:00,1783980000000,138.7,138.914,138.42,138.7,99668.21788899998,13823583.14833274
2026-07-13 23:00:00+00:00,1783983600000,138.0,138.475,137.429,137.7,212457.280547,29293971.01919729
2026-07-14 00:00:00+00:00,1783987200000,138.99,138.99,137.71,138.64,103.0,14200.095
2026-07-14 01:00:00+00:00,1783990800000,138.67,138.75,137.89,137.97,51155.0,7079752.06
2026-07-14 02:00:00+00:00,1783994400000,137.99,138.0,137.35,137.7,72259.0,9947092.06
2026-07-14 03:00:00+00:00,1783998000000,137.69,137.71,136.72,137.38,80535.0,11044465.91
2026-07-14 04:00:00+00:00,1784001600000,137.41,138.31,137.35,138.17,46921.0,6471910.07
2026-07-14 05:00:00+00:00,1784005200000,138.16,138.82,138.0,138.29,49877.0,6907439.38
2026-07-14 06:00:00+00:00,1784008800000,138.32,138.73,138.22,138.25,37303.0,5166692.37
2026-07-14 07:00:00+00:00,1784012400000,138.25,138.43,137.99,138.38,34665.0,4791101.99
2026-07-14 08:00:00+00:00,1784016000000,138.6,139.364,137.865,138.89,460841.5214060001,63903603.4171101
2026-07-14 09:00:00+00:00,1784019600000,138.7,138.97,138.309,138.84,95226.766197,13200191.49007884
2026-07-14 10:00:00+00:00,1784023200000,138.79,139.05,138.49,138.9,92115.542077,12787313.7431534
2026-07-14 11:00:00+00:00,1784026800000,138.73,139.625,138.622,139.46,422209.2336630001,58779209.53394227
2026-07-14 12:00:00+00:00,1784030400000,139.47,140.91,139.067,140.01,882243.2146869998,123612684.84758198
2026-07-14 13:00:00+00:00,1784034000000,140.39,143.2,139.886,142.54,7753627.138836001,1098775806.1970165
2026-07-14 14:00:00+00:00,1784037600000,142.5,142.84,140.3,141.27,6106997.007943,864997499.0038497
2026-07-14 15:00:00+00:00,1784041200000,141.28,143.31,141.26,142.385,4537265.287667,646440973.4154818
2026-07-14 16:00:00+00:00,1784044800000,142.33,142.415,138.61,138.65,4046967.4537689993,568946966.4555684
2026-07-14 17:00:00+00:00,1784048400000,138.56,139.21,138.2,138.64,4220335.769291,585022100.2719644
2026-07-14 18:00:00+00:00,1784052000000,138.58,139.01,137.89,138.67,4118832.317008001,570387431.9897556
2026-07-14 19:00:00+00:00,1784055600000,138.7,138.98,135.945,136.12,9352362.587922,1281763738.344921
2026-07-14 20:00:00+00:00,1784059200000,136.26,136.834,136.078,136.78,2647505.514199999,360563246.47779506
2026-07-14 21:00:00+00:00,1784062800000,136.74,136.988,136.609,136.74,220865.85050500007,30212615.16252482
2026-07-14 22:00:00+00:00,1784066400000,136.937,137.164,136.6,136.99,190281.726717,26058587.74140368
2026-07-14 23:00:00+00:00,1784070000000,136.75,137.14,136.75,136.75,159081.24077800004,21796532.11332175
2026-07-15 00:00:00+00:00,1784073600000,141.15,141.15,136.84,137.06,74039.0,10147300.79
2026-07-15 01:00:00+00:00,1784077200000,137.03,137.31,136.93,137.29,44373.0,6083403.12
2026-07-15 02:00:00+00:00,1784080800000,137.28,137.54,137.18,137.35,48876.0,6712849.2
2026-07-15 03:00:00+00:00,1784084400000,137.36,138.02,137.31,138.0,42983.0,5919715.92
2026-07-15 04:00:00+00:00,1784088000000,138.0,138.06,137.59,137.94,28552.0,3936772.77
2026-07-15 05:00:00+00:00,1784091600000,137.95,138.01,137.42,137.9,32977.0,4542978.3
2026-07-15 06:00:00+00:00,1784095200000,137.91,138.0,137.7,137.87,32456.0,4474987.23
2026-07-15 07:00:00+00:00,1784098800000,137.88,137.97,137.25,137.8,38835.0,5344468.16
2026-07-15 08:00:00+00:00,1784102400000,137.69,137.935,137.215,137.77,341638.99945700006,47059644.76650355
2026-07-15 09:00:00+00:00,1784106000000,137.96,137.96,137.497,137.87,84038.00434399997,11576403.17439468
2026-07-15 10:00:00+00:00,1784109600000,137.69,137.69,137.29,137.63,69062.09697399999,9500382.33982466
2026-07-15 11:00:00+00:00,1784113200000,137.32,137.571,136.665,136.82,393644.0916059999,53958488.30602831
2026-07-15 12:00:00+00:00,1784116800000,137.36,137.8,136.935,137.62,384896.844532,52888290.51029759
2026-07-15 13:00:00+00:00,1784120400000,137.94,139.33,137.11,138.035,6271346.365479999,866075441.6113341
2026-07-15 14:00:00+00:00,1784124000000,138.14,138.26,136.1,136.9,5924630.533660001,811929142.2243675
2026-07-15 15:00:00+00:00,1784127600000,136.92,137.28,135.33,135.745,7679562.093352,1045075860.2331887
2026-07-15 16:00:00+00:00,1784131200000,135.745,135.84,132.21,134.15,16677877.513078,2231763521.7145433
2026-07-15 17:00:00+00:00,1784134800000,134.13,135.89,134.129,135.505,7413448.862086,1000232157.9561638
2026-07-15 18:00:00+00:00,1784138400000,135.545,136.46,134.325,134.54,5267218.949426998,713759259.6711677
2026-07-15 19:00:00+00:00,1784142000000,134.55,136.17,134.07,135.29,7194495.105864,971969094.3071203
2026-07-15 20:00:00+00:00,1784145600000,135.63,135.95,135.206,135.855,1677851.620645,226954096.11105973
2026-07-15 21:00:00+00:00,1784149200000,135.82,136.09,135.46,136.063,284899.876963,38667745.35066127
2026-07-15 22:00:00+00:00,1784152800000,136.066,136.294,135.831,135.915,128560.95000599998,17488120.31712618
2026-07-15 23:00:00+00:00,1784156400000,135.99,136.09,135.805,135.955,93941.099568,12771743.40354753
2026-07-16 00:00:00+00:00,1784160000000,135.94,136.12,134.86,135.47,31067.0,4215853.84
2026-07-16 01:00:00+00:00,1784163600000,135.5,135.77,135.17,135.58,39999.0,5417008.79
2026-07-16 02:00:00+00:00,1784167200000,135.54,135.76,135.32,135.68,22960.0,3112384.97
2026-07-16 03:00:00+00:00,1784170800000,135.68,135.94,135.62,135.94,23578.0,3200693.16
2026-07-16 04:00:00+00:00,1784174400000,135.93,136.11,135.9,136.1,18658.0,2537668.1
2026-07-16 05:00:00+00:00,1784178000000,136.11,136.63,136.03,136.24,31220.0,4255261.51
2026-07-16 06:00:00+00:00,1784181600000,136.29,136.46,136.03,136.38,24157.0,3292526.58
2026-07-16 07:00:00+00:00,1784185200000,136.37,136.38,135.57,135.66,25863.0,3517234.67
2026-07-16 08:00:00+00:00,1784188800000,135.52,135.87,134.805,135.52,338057.1030939999,45787028.74012661
2026-07-16 09:00:00+00:00,1784192400000,135.89,136.014,135.61,135.89,73556.64434,9987351.98820322
2026-07-16 10:00:00+00:00,1784196000000,135.72,135.97,135.594,135.87,70983.801998,9640608.28131677
2026-07-16 11:00:00+00:00,1784199600000,135.56,135.877,134.605,135.0,393737.18494600005,53172749.99937301
2026-07-16 12:00:00+00:00,1784203200000,134.68,135.104,133.595,133.95,466632.2298060001,62677761.12820405
2026-07-16 13:00:00+00:00,1784206800000,134.36,137.75,133.683,136.18,11430092.575539004,1559192644.340366
2026-07-16 14:00:00+00:00,1784210400000,136.142,137.03,134.03,134.89,9495865.834750002,1288051814.4710863
2026-07-16 15:00:00+00:00,1784214000000,134.75,135.81,133.72,134.385,5815598.382718999,783206407.2352688
2026-07-16 16:00:00+00:00,1784217600000,134.295,134.373,132.377,133.2,6688349.393410001,890952347.3563888
2026-07-16 17:00:00+00:00,1784221200000,133.2,133.23,130.74,131.33,6667469.796569,878577829.0697345
2026-07-16 18:00:00+00:00,1784224800000,131.355,131.99,131.09,131.2,4891895.09121,643586523.6107517
2026-07-16 19:00:00+00:00,1784228400000,131.09,132.895,131.02,131.1,8424126.164686998,1109117081.1922243
2026-07-16 20:00:00+00:00,1784232000000,131.103,131.61,130.685,131.55,3214321.138376,421476371.13359976
2026-07-16 21:00:00+00:00,1784235600000,132.0,132.521,131.496,132.45,296365.7184099999,39096535.93607535
2026-07-16 22:00:00+00:00,1784239200000,132.055,132.46,124.97,127.57,2080083.284786,265984201.78382692
2026-07-16 23:00:00+00:00,1784242800000,126.925,127.154,125.26,126.76,1755628.041336001,221855731.01596013
2026-07-17 00:00:00+00:00,1784246400000,130.52,130.52,126.4,127.09,335.0,42532.605
2026-07-17 01:00:00+00:00,1784250000000,127.07,127.18,126.02,126.46,126201.0,15982335.28
2026-07-17 02:00:00+00:00,1784253600000,126.46,126.55,124.5,125.15,253068.0,31736673.19
2026-07-17 03:00:00+00:00,1784257200000,125.19,126.85,125.19,126.41,105568.0,13313973.49
2026-07-17 04:00:00+00:00,1784260800000,126.41,126.73,125.81,125.88,77794.0,9823356.77
2026-07-17 05:00:00+00:00,1784264400000,125.87,126.06,125.0,125.15,120246.0,15096190.3
2026-07-17 06:00:00+00:00,1784268000000,125.15,125.85,124.91,125.33,132956.0,16655402.23
2026-07-17 07:00:00+00:00,1784271600000,125.33,125.82,125.09,125.16,80279.0,10068644.48
2026-07-17 08:00:00+00:00,1784275200000,125.44,126.696,124.446,124.89,1100400.104805,137949458.3386692
2026-07-17 09:00:00+00:00,1784278800000,125.004,126.85,124.895,126.58,458695.823803,57794028.06895576
2026-07-17 10:00:00+00:00,1784282400000,126.46,127.91,126.11,127.08,440562.999011,55936786.07023003
2026-07-17 11:00:00+00:00,1784286000000,126.79,127.271,125.3,125.55,861982.4863299999,108739176.84877811
2026-07-17 12:00:00+00:00,1784289600000,125.39,125.899,124.99,125.67,983326.9668990002,123360334.65141337
2026-07-17 13:00:00+00:00,1784293200000,125.66,128.04,122.12,125.43,16532510.552947996,2066307565.2049289
2026-07-17 14:00:00+00:00,1784296800000,125.47,127.05,124.14,124.31,9969297.488667,1255282099.4260075
2026-07-17 15:00:00+00:00,1784300400000,124.35,124.72,122.87,124.55,10672629.988162,1321080552.4576676
2026-07-17 16:00:00+00:00,1784304000000,124.56,126.3,123.94,125.814,10236854.391346,1277507867.8917837
2026-07-17 17:00:00+00:00,1784307600000,125.79,126.47,125.24,125.85,5360305.131570999,674961581.7097229
2026-07-17 18:00:00+00:00,1784311200000,125.805,126.08,124.915,125.84,4569656.704913999,572896033.2323861
2026-07-17 19:00:00+00:00,1784314800000,125.8,130.29,123.07,123.95,20239034.449391004,2541174711.300081
2026-07-17 20:00:00+00:00,1784318400000,123.79,124.143,123.11,123.61,4068750.745567,504173552.38589096
2026-07-17 21:00:00+00:00,1784322000000,123.98,124.16,123.9,124.04,205585.23129099995,25502519.00527848
2026-07-17 22:00:00+00:00,1784325600000,123.94,124.195,123.81,124.194,108155.63438899998,13412618.16297554
2026-07-17 23:00:00+00:00,1784329200000,124.16,124.2,124.075,124.14,160671.00266,19946822.96723102
2026-07-18 00:00:00+00:00,1784332800000,124.14,124.14,124.14,124.14,105.0,13034.7
2026-07-18 01:00:00+00:00,1784336400000,124.58,125.28,124.46,125.0,17.3895,2171.416071
2026-07-18 02:00:00+00:00,1784340000000,125.3,125.35,125.23,125.24,10.14,1270.461215
2026-07-18 03:00:00+00:00,1784343600000,125.35,125.42,125.18,125.18,3.1589,395.721374
2026-07-18 04:00:00+00:00,1784347200000,125.22,125.42,125.22,125.23,3.2889,412.286174
2026-07-18 05:00:00+00:00,1784350800000,125.23,125.81,125.23,125.7,31.3831,3941.052545
2026-07-18 06:00:00+00:00,1784354400000,125.81,125.81,125.7,125.7,0.7564,95.139848
2026-07-18 07:00:00+00:00,1784358000000,125.82,126.21,125.82,126.21,20.2991,2556.420426
2026-07-18 08:00:00+00:00,1784361600000,126.24,126.29,126.1,126.29,1.3091,165.255521
2026-07-18 09:00:00+00:00,1784365200000,126.29,126.44,126.29,126.3,5.7857,731.088433
2026-07-18 10:00:00+00:00,1784368800000,126.29,126.47,126.29,126.47,2.0147,254.524768
2026-07-18 11:00:00+00:00,1784372400000,126.47,126.48,126.23,126.35,11.0169,1391.591389
2026-07-18 12:00:00+00:00,1784376000000,126.26,126.45,125.87,125.87,10.5689,1332.583619
2026-07-18 13:00:00+00:00,1784379600000,125.87,126.62,125.8,126.54,15.0374,1900.273054
2026-07-18 14:00:00+00:00,1784383200000,126.67,126.77,126.46,126.67,11.6075,1469.311099
2026-07-18 15:00:00+00:00,1784386800000,126.79,126.87,126.67,126.87,7.2508,919.441638
2026-07-18 16:00:00+00:00,1784390400000,126.92,126.98,126.41,126.41,17.2421,2184.795141
2026-07-18 17:00:00+00:00,1784394000000,126.76,126.88,125.62,126.58,17.1148,2159.196112
2026-07-18 18:00:00+00:00,1784397600000,125.71,127.38,125.51,127.22,156.6444,19895.401505
2026-07-18 19:00:00+00:00,1784401200000,127.14,129.08,127.14,127.95,266.6231,34210.303625
2026-07-18 20:00:00+00:00,1784404800000,127.83,127.97,127.82,127.97,3.9419,504.162223
2026-07-18 21:00:00+00:00,1784408400000,128.0,128.11,127.95,127.95,6.3739,815.983719
2026-07-18 22:00:00+00:00,1784412000000,127.95,127.95,127.92,127.92,2.5467,325.819512
2026-07-18 23:00:00+00:00,1784415600000,127.92,127.92,126.0,127.01,373.2157,47595.137121
2026-07-19 00:00:00+00:00,1784419200000,126.88,127.5,125.97,127.5,82.5051,10508.39265
2026-07-19 01:00:00+00:00,1784422800000,127.36,127.87,127.12,127.76,47.9925,6108.108609
2026-07-19 02:00:00+00:00,1784426400000,127.62,127.77,126.06,127.19,44.7329,5687.099746
2026-07-19 03:00:00+00:00,1784430000000,127.39,127.72,126.0,127.42,158.6174,20204.969152
2026-07-19 04:00:00+00:00,1784433600000,127.56,128.19,127.38,128.19,75.9213,9709.071155
2026-07-19 05:00:00+00:00,1784437200000,128.09,128.64,128.09,128.64,8.4005,1080.06551
2026-07-19 06:00:00+00:00,1784440800000,128.69,129.63,128.69,128.73,150.34,19427.869625
2026-07-19 07:00:00+00:00,1784444400000,128.68,129.26,128.38,128.38,22.0033,2827.514867
2026-07-19 08:00:00+00:00,1784448000000,128.47,128.47,128.38,128.38,0.5307,68.164566
2026-07-19 09:00:00+00:00,1784451600000,128.35,128.41,127.2,127.24,63.0439,8058.193707
2026-07-19 10:00:00+00:00,1784455200000,128.22,128.23,126.71,128.0,3.2307,413.578792
2026-07-19 11:00:00+00:00,1784458800000,126.71,128.2,125.5,128.2,14.1243,1781.933859
2026-07-19 12:00:00+00:00,1784462400000,128.2,128.25,125.5,125.5,24.8535,3151.003079
2026-07-19 13:00:00+00:00,1784466000000,125.51,127.58,125.5,125.6,1.149,145.332785
2026-07-19 14:00:00+00:00,1784469600000,125.6,128.0,125.5,125.5,2.6556,336.176626
2026-07-19 15:00:00+00:00,1784473200000,127.99,128.0,125.5,126.99,11.6631,1478.391927
2026-07-19 16:00:00+00:00,1784476800000,126.99,127.0,125.52,126.99,5.8548,739.878021
2026-07-19 17:00:00+00:00,1784480400000,126.34,127.0,126.34,127.0,1.7896,226.723157
2026-07-19 18:00:00+00:00,1784484000000,127.0,127.0,126.34,127.0,72.9823,9268.648487
2026-07-19 19:00:00+00:00,1784487600000,127.0,128.33,127.0,128.33,5.1171,656.291669
2026-07-19 20:00:00+00:00,1784491200000,128.2,128.35,128.07,128.23,9.6717,1239.952066
2026-07-19 22:00:00+00:00,1784498400000,128.23,128.37,125.49,128.17,7.9997,1016.871957
2026-07-19 23:00:00+00:00,1784502000000,128.37,128.39,125.49,125.49,4.9999,640.559853
2026-07-20 00:00:00+00:00,1784505600000,125.0,126.94,124.0,125.39,174401.0,21953992.42
2026-07-20 01:00:00+00:00,1784509200000,125.42,125.84,124.8,125.24,105506.0,13217475.78
2026-07-20 02:00:00+00:00,1784512800000,125.23,125.59,124.94,125.2,45713.0,5727414.43
2026-07-20 03:00:00+00:00,1784516400000,125.24,125.78,125.1,125.6,28271.0,3546463.49
2026-07-20 04:00:00+00:00,1784520000000,125.6,125.8,125.29,125.58,19629.0,2465316.54
2026-07-20 05:00:00+00:00,1784523600000,125.59,125.6,124.91,125.26,34716.0,4347278.42
2026-07-20 06:00:00+00:00,1784527200000,125.28,125.89,124.89,125.68,80425.0,10081519.88
2026-07-20 07:00:00+00:00,1784530800000,125.7,125.96,125.43,125.89,40130.0,5044949.84
2026-07-20 08:00:00+00:00,1784534400000,125.65,126.244,124.4,125.42,407171.234793,51225072.96984991
2026-07-20 09:00:00+00:00,1784538000000,125.427,126.179,125.348,125.96,167536.309777,21070897.79493144
2026-07-20 10:00:00+00:00,1784541600000,126.37,126.37,125.96,126.2,127064.051122,16033196.0986762
2026-07-20 11:00:00+00:00,1784545200000,126.06,126.354,125.338,125.99,496598.003212,62509819.91211403
2026-07-20 12:00:00+00:00,1784548800000,125.7,125.87,124.85,125.19,467782.4097359999,58570427.40591189
2026-07-20 13:00:00+00:00,1784552400000,125.45,125.886,120.525,121.04,10292866.575736998,1266459006.358462
2026-07-20 14:00:00+00:00,1784556000000,121.04,122.42,120.09,121.57,10268755.680910995,1243358394.729361
2026-07-20 15:00:00+00:00,1784559600000,121.6,123.58,121.54,123.46,5794179.241219998,711027490.8249949
2026-07-20 16:00:00+00:00,1784563200000,123.42,124.89,122.885,122.95,5656766.987401999,702088503.2880017
2026-07-20 17:00:00+00:00,1784566800000,122.943,122.965,121.77,122.557,5746403.632232,703537626.5956746
2026-07-20 18:00:00+00:00,1784570400000,122.605,123.4,121.685,121.705,4039204.1534370007,494808163.6818474
2026-07-20 19:00:00+00:00,1784574000000,121.64,121.724,119.69,119.82,9564840.051718,1152744958.1930015
2026-07-20 20:00:00+00:00,1784577600000,120.19,120.514,119.661,120.46,4680062.029586,560713083.6964661
2026-07-20 21:00:00+00:00,1784581200000,120.2,120.54,120.073,120.2,178163.60600000003,21435237.5814326
2026-07-20 22:00:00+00:00,1784584800000,120.15,120.45,119.98,120.43,223502.547427,26871554.82536501
2026-07-20 23:00:00+00:00,1784588400000,120.365,120.604,120.13,120.295,179895.6568630001,21648643.34689343
2026-07-21 00:00:00+00:00,1784592000000,121.85,121.85,120.04,120.63,1.0,120.295
2026-07-21 01:00:00+00:00,1784595600000,120.63,120.94,120.56,120.74,47383.0,5723141.67
2026-07-21 02:00:00+00:00,1784599200000,120.75,121.01,120.25,120.98,60440.0,7297009.64
2026-07-21 03:00:00+00:00,1784602800000,120.97,121.49,120.95,121.21,91308.0,11068113.78
2026-07-21 04:00:00+00:00,1784606400000,121.21,121.7,121.18,121.39,45617.0,5542112.61
2026-07-21 05:00:00+00:00,1784610000000,121.38,121.59,121.08,121.41,28533.0,3461316.37
2026-07-21 06:00:00+00:00,1784613600000,121.4,121.85,121.35,121.72,60617.0,7372136.27
2026-07-21 07:00:00+00:00,1784617200000,121.69,121.89,121.55,121.58,47382.0,5769340.78
2026-07-21 08:00:00+00:00,1784620800000,121.85,122.253,120.538,122.06,496138.4597470002,60412944.53109115
2026-07-21 09:00:00+00:00,1784624400000,122.25,122.319,121.742,122.1,126578.045585,15446217.64030108
2026-07-21 10:00:00+00:00,1784628000000,121.5,122.11,121.49,122.0,222688.305991,27131140.68509109
2026-07-21 11:00:00+00:00,1784631600000,121.23,121.795,120.91,121.09,443324.5976179999,53775717.01566101
2026-07-21 12:00:00+00:00,1784635200000,121.78,123.125,121.475,122.73,921375.917952,112765079.433534
2026-07-21 13:00:00+00:00,1784638800000,122.49,125.64,120.35,125.29,13269577.86292,1635565704.734358
2026-07-21 14:00:00+00:00,1784642400000,125.19,128.76,125.11,127.758,21370259.493706,2715645905.8831906
2026-07-21 15:00:00+00:00,1784646000000,127.685,129.89,126.79,128.29,8551305.138437001,1097719923.9244778
2026-07-21 16:00:00+00:00,1784649600000,128.19,128.605,127.07,128.505,6033864.180850999,770961307.6613661
2026-07-21 17:00:00+00:00,1784653200000,128.62,129.09,127.54,128.02,3787744.75813,486173327.0084455
2026-07-21 18:00:00+00:00,1784656800000,127.99,128.17,123.56,123.695,7439184.001116,936519617.8188931
2026-07-21 19:00:00+00:00,1784660400000,123.67,123.97,122.16,123.48,18164836.729356,2238614497.205431
2026-07-21 20:00:00+00:00,1784664000000,123.47,124.536,123.321,124.43,3620982.119944999,447641741.9889285
2026-07-21 21:00:00+00:00,1784667600000,124.415,125.356,124.395,125.27,647211.037863,80799049.3391568
2026-07-21 22:00:00+00:00,1784671200000,124.99,125.305,124.625,124.97,235863.61719599995,29484603.19482037
2026-07-21 23:00:00+00:00,1784674800000,124.96,125.371,124.885,124.99,166907.51280399997,20878343.94139339
2026-07-22 00:00:00+00:00,1784678400000,125.14,125.55,124.89,125.27,1002.0,125274.048
2026-07-22 01:00:00+00:00,1784682000000,125.26,125.29,124.22,124.61,57210.0,7132237.65
2026-07-22 02:00:00+00:00,1784685600000,124.62,125.31,124.62,124.75,42823.0,5353154.92
2026-07-22 03:00:00+00:00,1784689200000,124.75,124.99,124.12,124.17,40306.0,5017180.19
2026-07-22 04:00:00+00:00,1784692800000,124.22,124.75,124.22,124.37,22597.0,2814230.96
2026-07-22 05:00:00+00:00,1784696400000,124.4,124.44,123.5,124.04,65817.0,8155581.46
2026-07-22 06:00:00+00:00,1784700000000,124.02,124.04,123.49,123.8,49507.0,6125659.25
2026-07-22 07:00:00+00:00,1784703600000,123.78,123.99,123.5,123.69,39639.0,4905524.6
2026-07-22 08:00:00+00:00,1784707200000,124.822,124.822,123.56,124.475,486754.938909,60339503.56256782
2026-07-22 09:00:00+00:00,1784710800000,124.61,124.94,124.256,124.44,100691.856441,12548390.32583337
2026-07-22 10:00:00+00:00,1784714400000,124.73,124.845,124.3,124.65,75741.60581199998,9438312.98344494
2026-07-22 11:00:00+00:00,1784718000000,124.51,124.788,123.7,124.33,284552.38218299986,35312552.25557523
2026-07-22 12:00:00+00:00,1784721600000,123.72,123.899,122.394,122.44,582699.052293,71703507.45076805
2026-07-22 13:00:00+00:00,1784725200000,123.12,123.825,121.64,123.7,7772543.905819,953955403.7367891
2026-07-22 14:00:00+00:00,1784728800000,123.72,123.89,121.69,123.385,7135096.557776,876209835.5652546
2026-07-22 15:00:00+00:00,1784732400000,123.326,124.76,122.93,124.558,8990702.179235,1117139536.223163
2026-07-22 16:00:00+00:00,1784736000000,124.44,124.565,120.73,121.325,8989292.393223999,1094969525.6923077
2026-07-22 17:00:00+00:00,1784739600000,121.34,121.36,118.09,118.57,16103102.425304005,1927208026.0886853
2026-07-22 18:00:00+00:00,1784743200000,118.61,119.18,116.61,116.62,12436407.173780998,1465022445.1192927
2026-07-22 19:00:00+00:00,1784746800000,116.65,117.28,115.19,115.26,22801033.255477004,2648964760.934854
2026-07-22 20:00:00+00:00,1784750400000,115.41,116.3,114.43,116.23,7727267.393537003,890968612.2828642
2026-07-22 21:00:00+00:00,1784754000000,115.79,116.26,115.49,116.01,642957.1314729999,74523232.237641
2026-07-22 22:00:00+00:00,1784757600000,116.18,116.359,115.351,115.83,544095.0305039999,63021928.87874475
2026-07-22 23:00:00+00:00,1784761200000,115.99,116.385,115.768,116.21,336546.86536799994,39068009.21155774
2026-07-23 00:00:00+00:00,1784764800000,116.47,116.84,115.59,116.69,32.752629,3797.8310957
2026-07-23 01:00:00+00:00,1784768400000,116.69,116.73,115.77,115.96,85761.0,9973105.31
2026-07-23 02:00:00+00:00,1784772000000,115.96,116.22,115.7,116.08,71634.0,8307532.77
2026-07-23 03:00:00+00:00,1784775600000,116.07,116.32,115.82,116.21,54367.0,6311400.95
2026-07-23 04:00:00+00:00,1784779200000,116.21,116.45,115.95,116.29,49053.0,5701176.84
2026-07-23 05:00:00+00:00,1784782800000,116.33,116.59,116.18,116.35,43761.0,5093831.71
2026-07-23 06:00:00+00:00,1784786400000,116.37,116.55,116.22,116.44,47091.0,5481913.44
2026-07-23 07:00:00+00:00,1784790000000,116.46,116.47,115.88,116.35,46242.0,5372751.59
2026-07-23 08:00:00+00:00,1784793600000,116.73,116.802,115.955,116.55,457264.98868,53209594.68124933
2026-07-23 09:00:00+00:00,1784797200000,116.61,116.693,116.18,116.29,133968.413117,15592463.03111582
2026-07-23 10:00:00+00:00,1784800800000,116.32,116.77,116.215,116.68,118631.681989,13824387.16554215
2026-07-23 11:00:00+00:00,1784804400000,116.21,116.513,115.525,115.84,628161.4627209998,72819052.22061545
2026-07-23 12:00:00+00:00,1784808000000,115.9,116.001,114.67,115.49,1106093.538222,127480930.38876164
2026-07-23 13:00:00+00:00,1784811600000,115.442,116.39,113.33,113.53,16048143.006916,1844937588.9949589
2026-07-23 14:00:00+00:00,1784815200000,113.58,114.21,110.87,111.52,15591802.223947998,1754041889.0490346
2026-07-23 15:00:00+00:00,1784818800000,111.55,114.62,111.125,114.56,9195243.630717006,1036604641.648531
2026-07-23 16:00:00+00:00,1784822400000,114.64,116.725,114.14,116.11,8771020.347659998,1013555429.6206506
2026-07-23 17:00:00+00:00,1784826000000,116.07,116.26,115.02,116.11,4436866.510505999,512996273.8711672
2026-07-23 18:00:00+00:00,1784829600000,116.09,117.53,116.037,117.02,6587298.011430998,769968843.932334
2026-07-23 19:00:00+00:00,1784833200000,117.07,118.48,115.73,118.27,8985958.650736,1050531352.5361092
2026-07-23 20:00:00+00:00,1784836800000,118.266,118.957,117.059,117.811,4801790.799775,567697688.5213473
2026-07-23 21:00:00+00:00,1784840400000,117.79,118.0,116.38,116.71,410904.9148350001,48010869.87816811
2026-07-23 22:00:00+00:00,1784844000000,116.19,116.6,115.031,115.11,424214.68577399984,49151931.51748453
2026-07-23 23:00:00+00:00,1784847600000,115.951,116.495,115.66,116.173,263669.800821,30582822.89440705
2026-07-24 00:00:00+00:00,1784851200000,117.49,117.49,115.83,116.26,51397.0,5970254.26
2026-07-24 01:00:00+00:00,1784854800000,116.26,116.47,115.79,115.86,29543.0,3431802.2
2026-07-24 02:00:00+00:00,1784858400000,115.88,116.05,115.17,115.42,62097.0,7178663.24
2026-07-24 03:00:00+00:00,1784862000000,115.43,116.22,115.38,115.92,35965.0,4168797.16
2026-07-24 04:00:00+00:00,1784865600000,115.95,116.39,115.79,116.33,27713.0,3216800.59
2026-07-24 05:00:00+00:00,1784869200000,116.32,116.74,116.16,116.33,32472.0,3783247.19
2026-07-24 06:00:00+00:00,1784872800000,116.34,116.34,115.81,116.0,39039.0,4529439.91
2026-07-24 07:00:00+00:00,1784876400000,115.99,116.53,115.86,116.44,43880.0,5100625.39
2026-07-24 08:00:00+00:00,1784880000000,116.28,116.63,116.062,116.38,314543.22453300003,36584176.44788625
2026-07-24 09:00:00+00:00,1784883600000,116.14,116.47,115.829,116.12,80550.45150800001,9358504.50205731
2026-07-24 10:00:00+00:00,1784887200000,116.08,116.235,115.774,115.92,89181.68907000001,10345441.57704519
2026-07-24 11:00:00+00:00,1784890800000,116.51,117.881,116.021,117.56,421190.9941109999,49251042.27618273
2026-07-24 12:00:00+00:00,1784894400000,117.3,118.009,116.764,116.98,424841.023025,49903101.08758557
2026-07-24 13:00:00+00:00,1784898000000,117.57,117.793,113.32,113.91,7363092.708562997,846249080.7063955
2026-07-24 14:00:00+00:00,1784901600000,114.08,114.51,111.42,113.27,11129082.157092003,1257142233.3733284
2026-07-24 15:00:00+00:00,1784905200000,113.27,113.42,111.955,113.355,6068215.366024999,684659748.7455758
2026-07-24 16:00:00+00:00,1784908800000,113.3,113.59,112.25,112.6,4401014.488635998,496455559.187686
2026-07-24 17:00:00+00:00,1784912400000,112.59,113.51,111.81,113.35,5620189.613287,633653898.1396561
2026-07-24 18:00:00+00:00,1784916000000,113.31,114.6,112.64,113.95,5005076.725232,567164783.8421673
2026-07-24 19:00:00+00:00,1784919600000,114.0,115.12,113.57,115.06,9930109.697924,1136427572.1156373
2026-07-24 20:00:00+00:00,1784923200000,115.006,115.055,114.612,114.99,3362723.892538,386759831.9444207
2026-07-24 21:00:00+00:00,1784926800000,114.89,115.099,114.76,114.77,254457.73368000003,29236582.90127117
2026-07-24 22:00:00+00:00,1784930400000,114.79,116.177,110.23,111.79,1346689.3693990002,153817917.0901952
2026-07-24 23:00:00+00:00,1784934000000,112.67,114.67,112.132,113.36,1186806.4616619998,134321805.8857358
2026-07-25 00:00:00+00:00,1784937600000,113.422,113.422,113.412,113.412,45.0,5103.99
2026-07-25 01:00:00+00:00,1784941200000,112.73,112.73,112.59,112.63,10.7952,1216.21954
2026-07-25 02:00:00+00:00,1784944800000,112.63,112.63,112.59,112.59,6.3665,717.048143
2026-07-25 03:00:00+00:00,1784948400000,112.59,112.63,112.59,112.63,0.5203,58.591229
2026-07-25 04:00:00+00:00,1784952000000,112.63,112.63,112.28,112.47,37.0034,4165.693244
2026-07-25 05:00:00+00:00,1784955600000,112.49,112.63,112.19,112.19,9.2668,1040.684612
2026-07-25 06:00:00+00:00,1784959200000,112.17,112.33,112.15,112.33,4.7213,529.932554
2026-07-25 07:00:00+00:00,1784962800000,112.33,113.0,112.14,112.9,57.4485,6483.332409
2026-07-25 08:00:00+00:00,1784966400000,112.82,112.9,112.82,112.9,0.5483,61.88275
2026-07-25 09:00:00+00:00,1784970000000,112.91,112.91,112.91,112.91,0.48,54.1968
2026-07-25 10:00:00+00:00,1784973600000,112.91,113.31,112.9,113.27,32.7554,3707.164555
2026-07-25 11:00:00+00:00,1784977200000,113.21,113.21,111.3,111.9,316.635,35386.908821
2026-07-25 12:00:00+00:00,1784980800000,112.21,112.21,112.19,112.19,1.4349,161.008169
2026-07-25 13:00:00+00:00,1784984400000,111.89,112.21,111.62,111.62,345.8731,38667.844548
2026-07-25 14:00:00+00:00,1784988000000,111.56,111.7,111.56,111.7,4.878,544.764898
2026-07-25 15:00:00+00:00,1784991600000,111.72,111.72,111.5,111.5,4.8032,535.936172
2026-07-25 16:00:00+00:00,1784995200000,111.61,111.64,111.61,111.64,2.0097,224.318988
2026-07-25 17:00:00+00:00,1784998800000,111.5,111.72,111.5,111.72,6.6603,743.614038
2026-07-25 18:00:00+00:00,1785002400000,111.72,113.09,111.72,111.9,47.8938,5386.005667
2026-07-25 19:00:00+00:00,1785006000000,113.27,113.27,113.27,113.27,0.0971,10.998517
2026-07-25 21:00:00+00:00,1785013200000,111.73,111.86,111.73,111.86,2.0345,227.340605
2026-07-25 22:00:00+00:00,1785016800000,111.81,111.92,111.7,111.7,1.8413,205.870148
2026-07-26 00:00:00+00:00,1785024000000,111.84,111.84,111.84,111.84,0.2043,22.848912
2026-07-26 01:00:00+00:00,1785027600000,113.27,113.98,113.27,113.47,47.8458,5443.561009
2026-07-26 02:00:00+00:00,1785031200000,113.47,113.53,113.38,113.42,5.563,631.268803
2026-07-26 03:00:00+00:00,1785034800000,113.44,113.55,113.42,113.48,2.1207,240.695745
2026-07-26 04:00:00+00:00,1785038400000,113.48,113.66,113.46,113.66,9.0338,1025.988684
2026-07-26 05:00:00+00:00,1785042000000,113.68,113.82,113.68,113.74,17.0372,1937.815248
2026-07-26 06:00:00+00:00,1785045600000,113.74,113.83,113.68,113.7,4.1433,471.081942
2026-07-26 07:00:00+00:00,1785049200000,113.83,113.97,113.66,113.86,21.1166,2402.969818
2026-07-26 08:00:00+00:00,1785052800000,113.99,114.08,113.86,114.08,11.1788,1274.417665
2026-07-26 09:00:00+00:00,1785056400000,113.98,114.11,113.97,114.11,1.3895,158.490741
2026-07-26 10:00:00+00:00,1785060000000,114.0,114.17,114.0,114.17,5.2833,602.806296
2026-07-26 11:00:00+00:00,1785063600000,114.19,114.27,114.17,114.27,5.5638,635.513436
2026-07-26 12:00:00+00:00,1785067200000,114.28,114.28,114.17,114.17,5.2314,597.294392
2026-07-26 13:00:00+00:00,1785070800000,114.17,114.37,114.17,114.37,13.3646,1527.249923
2026-07-26 14:00:00+00:00,1785074400000,114.39,114.47,114.21,114.37,5.0587,578.588533
2026-07-26 15:00:00+00:00,1785078000000,114.37,114.51,114.24,114.41,4.0104,458.782544
2026-07-26 16:00:00+00:00,1785081600000,114.51,114.54,114.37,114.37,8.0387,920.381071
2026-07-26 17:00:00+00:00,1785085200000,114.37,114.58,114.34,114.34,15.606,1785.02696
2026-07-26 18:00:00+00:00,1785088800000,114.41,114.58,114.34,114.58,1.6994,194.36097
2026-07-26 19:00:00+00:00,1785092400000,114.59,114.66,114.59,114.66,3.5855,410.990605
2026-07-26 20:00:00+00:00,1785096000000,114.56,114.56,114.5,114.54,2.2535,258.110352
2026-07-26 22:00:00+00:00,1785103200000,114.54,114.68,114.46,114.46,34.4237,3947.127493
2026-07-26 23:00:00+00:00,1785106800000,114.34,114.34,114.0,114.0,45.0195,5136.562036
2026-07-27 00:00:00+00:00,1785110400000,112.55,115.07,112.19,113.04,198728.0,22503239.69
2026-07-27 01:00:00+00:00,1785114000000,113.05,113.89,113.01,113.4,101937.0,11563832.16
2026-07-27 02:00:00+00:00,1785117600000,113.41,113.46,112.98,113.08,58634.0,6633757.0
2026-07-27 03:00:00+00:00,1785121200000,113.1,113.21,112.55,112.76,58423.0,6598101.19
2026-07-27 04:00:00+00:00,1785124800000,112.76,113.75,112.6,113.75,51906.0,5867743.25
2026-07-27 05:00:00+00:00,1785128400000,113.76,113.93,113.22,113.79,45588.0,5177215.88
2026-07-27 06:00:00+00:00,1785132000000,113.81,114.57,113.19,114.39,102533.0,11690313.68
2026-07-27 07:00:00+00:00,1785135600000,114.39,114.84,114.05,114.42,56784.0,6501641.11
2026-07-27 08:00:00+00:00,1785139200000,114.6,114.945,113.624,114.94,570388.2232849998,65372251.30951616
2026-07-27 09:00:00+00:00,1785142800000,114.31,115.9,114.231,115.61,285888.064812,32874840.3488615
2026-07-27 10:00:00+00:00,1785146400000,116.13,116.13,115.09,115.36,193311.459716,22309302.31998469
2026-07-27 11:00:00+00:00,1785150000000,115.22,115.412,114.25,114.57,474861.941483,54472078.114233
2026-07-27 12:00:00+00:00,1785153600000,114.56,114.898,112.776,113.06,766120.386746,86995727.94840059
2026-07-27 13:00:00+00:00,1785157200000,113.1,114.8,110.0,110.53,12002205.399259,1345558845.767147
2026-07-27 14:00:00+00:00,1785160800000,110.55,111.81,108.67,110.945,15047182.860588,1656527809.2209864
2026-07-27 15:00:00+00:00,1785164400000,110.938,112.635,110.51,111.52,10213237.466986,1137499457.35954
2026-07-27 16:00:00+00:00,1785168000000,111.53,112.24,110.135,110.24,6526007.683675,726970499.3298918
2026-07-27 17:00:00+00:00,1785171600000,110.23,110.6,109.72,110.5,4233928.487335001,466105566.09943306
2026-07-27 18:00:00+00:00,1785175200000,110.485,111.78,110.29,111.77,3813463.500001999,422985939.3030717
2026-07-27 19:00:00+00:00,1785178800000,111.76,113.81,111.18,113.48,8501481.082759997,957157100.812808
2026-07-27 20:00:00+00:00,1785182400000,113.48,113.557,112.661,112.92,3625860.47682,411345894.20218
2026-07-27 21:00:00+00:00,1785186000000,112.8,113.065,112.6,112.65,178609.271963,20151108.86419117
2026-07-27 22:00:00+00:00,1785189600000,112.75,112.805,112.007,112.105,300833.956305,33813630.60600403
2026-07-27 23:00:00+00:00,1785193200000,111.97,112.427,111.679,111.97,178843.05468799995,20045283.98290057
2026-07-28 00:00:00+00:00,1785196800000,112.43,112.43,111.0,111.27,2.0,224.572
2026-07-28 01:00:00+00:00,1785200400000,111.28,111.43,110.51,110.72,70047.0,7766313.52
2026-07-28 02:00:00+00:00,1785204000000,110.72,110.88,110.2,110.63,65492.0,7241349.36
2026-07-28 03:00:00+00:00,1785207600000,110.65,111.13,110.23,111.04,43753.0,4843869.96
2026-07-28 04:00:00+00:00,1785211200000,111.05,111.05,110.49,110.6,25392.0,2811433.58
2026-07-28 05:00:00+00:00,1785214800000,110.59,110.82,110.3,110.69,33462.0,3701336.93
2026-07-28 06:00:00+00:00,1785218400000,110.69,110.96,110.02,110.89,49157.0,5429292.55
2026-07-28 07:00:00+00:00,1785222000000,110.9,111.24,110.8,110.94,38067.0,4227733.55
2026-07-28 08:00:00+00:00,1785225600000,110.95,112.096,110.388,110.76,402835.154113,44689202.64128765
2026-07-28 09:00:00+00:00,1785229200000,110.78,111.24,110.424,110.485,88590.45749200002,9822024.02213804
2026-07-28 10:00:00+00:00,1785232800000,110.4,110.865,110.377,110.4,127578.715188,14113242.27321427
2026-07-28 11:00:00+00:00,1785236400000,110.49,110.764,109.354,110.4,640219.212948,70455484.16571444
2026-07-28 12:00:00+00:00,1785240000000,110.6,110.74,109.387,110.01,673265.2194780001,74057962.26518495
2026-07-28 13:00:00+00:00,1785243600000,109.51,110.34,107.0,107.3,12593252.757334,1360514580.2891302
2026-07-28 14:00:00+00:00,1785247200000,107.31,115.91,107.26,113.2,20190304.862003,2247576661.1162286
2026-07-28 15:00:00+00:00,1785250800000,113.245,117.64,113.215,116.28,12668098.593928998,1464586748.261038
2026-07-28 16:00:00+00:00,1785254400000,116.34,116.88,114.5,115.65,6336327.858477,732862848.2753791
2026-07-28 17:00:00+00:00,1785258000000,115.58,116.14,114.96,115.97,4882564.624278001,563938655.3864213
2026-07-28 18:00:00+00:00,1785261600000,116.01,116.78,115.525,116.69,4776489.392257001,555624650.9053564
2026-07-28 19:00:00+00:00,1785265200000,116.71,118.12,115.81,116.47,12517483.007283004,1462356204.0741377
2026-07-28 20:00:00+00:00,1785268800000,116.02,117.133,116.01,116.62,4670957.147043,544078693.636145
2026-07-28 21:00:00+00:00,1785272400000,116.52,116.683,116.189,116.52,124321.413759,14468389.37971729
2026-07-28 22:00:00+00:00,1785276000000,115.31,116.696,115.195,115.31,201506.32719000007,23374129.43505844
2026-07-28 23:00:00+00:00,1785279600000,115.73,116.7,114.927,116.69,239758.806551,27788669.05215793
2026-07-29 00:00:00+00:00,1785283200000,116.73,117.38,116.54,116.84,81750.0,9554622.6
2026-07-29 01:00:00+00:00,1785286800000,116.85,117.07,114.49,114.89,108425.0,12568084.26
2026-07-29 02:00:00+00:00,1785290400000,114.7,115.64,114.65,114.94,81014.0,9335109.24
2026-07-29 03:00:00+00:00,1785294000000,114.92,115.5,113.98,114.18,61653.0,7061130.34
2026-07-29 04:00:00+00:00,1785297600000,114.11,114.62,113.3,114.61,95731.0,10890859.56
2026-07-29 05:00:00+00:00,1785301200000,114.63,115.06,114.46,114.79,49255.0,5653282.45
2026-07-29 06:00:00+00:00,1785304800000,114.78,115.4,114.39,115.2,48328.0,5550049.09
2026-07-29 07:00:00+00:00,1785308400000,115.23,115.7,115.15,115.25,37809.0,4364740.69
2026-07-29 08:00:00+00:00,1785312000000,115.49,116.381,114.617,115.26,505502.9368669998,58373305.48677261
2026-07-29 09:00:00+00:00,1785315600000,115.775,116.73,115.775,116.37,193115.797132,22473836.7965214
2026-07-29 10:00:00+00:00,1785319200000,115.71,116.389,115.213,115.71,98557.91716700002,11418811.86925974
2026-07-29 11:00:00+00:00,1785322800000,115.74,116.449,115.529,116.1,194583.79273200003,22588395.78794914
2026-07-29 12:00:00+00:00,1785326400000,116.2,116.407,115.196,115.68,211585.775697,24472582.0987094
2026-07-29 13:00:00+00:00,1785330000000,115.36,115.705,112.14,113.085,5944195.243099002,677515212.871754
2026-07-29 14:00:00+00:00,1785333600000,113.15,114.49,112.26,112.79,6452092.971907,731760898.3623464
2026-07-29 15:00:00+00:00,1785337200000,112.748,113.15,111.035,111.866,6640311.616851,744531424.8431811
2026-07-29 16:00:00+00:00,1785340800000,111.85,117.105,111.29,116.279,10076642.736686,1146283058.7409525
2026-07-29 17:00:00+00:00,1785344400000,116.32,116.99,115.1,116.51,5927750.894768999,688169791.8513279
2026-07-29 18:00:00+00:00,1785348000000,116.75,117.54,114.05,115.81,6751562.823373,778714453.5473245
2026-07-29 19:00:00+00:00,1785351600000,115.8,116.14,110.38,112.59,10934777.698271,1228085976.7705855
2026-07-29 20:00:00+00:00,1785355200000,112.08,113.252,111.33,111.99,3755676.326036001,422364110.76127386
2026-07-29 21:00:00+00:00,1785358800000,111.63,112.127,111.352,111.54,215442.135142,24069906.29711021
2026-07-29 22:00:00+00:00,1785362400000,112.56,113.97,112.111,113.63,375624.271866,42568672.35717567
2026-07-29 23:00:00+00:00,1785366000000,113.24,113.673,112.914,113.16,176475.913189,19988985.49713506
2026-07-30 00:00:00+00:00,1785369600000,112.91,113.58,112.43,113.03,6.0,678.708
2026-07-30 01:00:00+00:00,1785373200000,113.01,114.16,112.97,113.69,49223.0,5596112.89
2026-07-30 02:00:00+00:00,1785376800000,113.69,113.8,112.99,112.99,30684.0,3480936.8
2026-07-30 03:00:00+00:00,1785380400000,113.01,113.2,112.55,112.91,39697.0,4477804.03
2026-07-30 04:00:00+00:00,1785384000000,112.93,113.14,112.54,112.63,20205.0,2280035.85
2026-07-30 05:00:00+00:00,1785387600000,112.59,113.0,112.32,112.71,30436.0,3429351.25
2026-07-30 06:00:00+00:00,1785391200000,112.75,112.87,112.55,112.65,18679.0,2105467.11
2026-07-30 07:00:00+00:00,1785394800000,112.65,113.18,112.56,112.64,30885.0,3484680.73
2026-07-30 08:00:00+00:00,1785398400000,112.7,113.69,112.497,113.14,294827.271428,33294342.55600261
2026-07-30 09:00:00+00:00,1785402000000,113.25,114.085,113.165,113.94,108495.979204,12336459.36820538
2026-07-30 10:00:00+00:00,1785405600000,114.07,114.92,113.834,114.49,189812.907804,21737089.48235238
2026-07-30 11:00:00+00:00,1785409200000,114.515,115.545,114.201,115.54,376411.0194810001,43206414.15333049
2026-07-30 12:00:00+00:00,1785412800000,115.3,116.323,115.3,115.892,1124367.693673,130300260.84292552
2026-07-30 13:00:00+00:00,1785416400000,116.26,118.88,114.025,117.235,10954586.368844,1274681147.1718721
2026-07-30 14:00:00+00:00,1785420000000,117.26,118.13,114.78,115.41,9402490.34342,1096302166.5717416
2026-07-30 15:00:00+00:00,1785423600000,115.48,115.68,114.21,114.43,5248688.628332,603124710.8061788
2026-07-30 16:00:00+00:00,1785427200000,114.4,114.45,111.605,111.98,6743928.715136999,762261541.9218343
2026-07-30 17:00:00+00:00,1785430800000,111.967,113.26,111.94,112.17,7333523.784071,826342101.8991754
2026-07-30 18:00:00+00:00,1785434400000,112.16,112.57,111.36,111.98,4502263.855916001,504557454.6728664
2026-07-30 19:00:00+00:00,1785438000000,112.01,112.53,111.48,112.23,8069825.996936,903951242.8379824
2026-07-30 20:00:00+00:00,1785441600000,112.2,113.048,112.12,112.8,3661374.077904001,411399680.2788572
2026-07-30 21:00:00+00:00,1785445200000,112.73,113.041,112.356,112.57,311297.0630170001,35082836.57524659
2026-07-30 22:00:00+00:00,1785448800000,112.67,112.939,112.611,112.775,214147.820459,24150648.940956
2026-07-30 23:00:00+00:00,1785452400000,112.89,113.115,112.753,112.94,182214.23858300003,20573864.34267811
2026-07-31 00:00:00+00:00,1785456000000,112.89,114.0,112.6,113.95,16.0,1805.36
2026-07-31 01:00:00+00:00,1785459600000,113.95,114.4,112.6,113.0,219214.0,24919576.34
2026-07-31 02:00:00+00:00,1785463200000,113.03,113.4,112.8,113.34,70147.0,7931601.59
2026-07-31 03:00:00+00:00,1785466800000,113.34,113.39,113.02,113.18,38256.0,4329383.51
2026-07-31 04:00:00+00:00,1785470400000,113.15,113.96,113.02,113.93,38570.0,4381495.48
2026-07-31 05:00:00+00:00,1785474000000,113.89,114.1,113.72,114.06,44931.0,5117845.9
2026-07-31 06:00:00+00:00,1785477600000,114.07,114.31,113.07,113.53,79400.0,9037711.77
2026-07-31 07:00:00+00:00,1785481200000,113.51,114.19,113.28,113.8,41596.0,4737344.93
2026-07-31 08:00:00+00:00,1785484800000,113.72,114.245,112.8,113.94,460368.3358779997,52372468.66298659
2026-07-31 09:00:00+00:00,1785488400000,114.84,114.914,114.126,114.73,212870.469898,24393955.35910228
2026-07-31 10:00:00+00:00,1785492000000,114.27,115.018,114.128,114.81,194248.99594,22272492.74998243
2026-07-31 11:00:00+00:00,1785495600000,114.82,114.82,113.722,113.9,413702.7660409999,47264258.54160951
2026-07-31 12:00:00+00:00,1785499200000,113.55,113.802,112.426,112.72,455025.3081600001,51376543.52409908
2026-07-31 13:00:00+00:00,1785502800000,112.835,113.64,109.21,109.21,8955397.018262,996664044.9564143
2026-07-31 14:00:00+00:00,1785506400000,109.13,110.252,107.81,109.51,10456887.438846,1139681522.3174112
2026-07-31 15:00:00+00:00,1785510000000,109.47,110.21,108.2,108.74,5611405.248388,611744177.368763
2026-07-31 16:00:00+00:00,1785513600000,108.74,109.23,108.32,108.82,4114369.796868,447441418.34221214
2026-07-31 17:00:00+00:00,1785517200000,108.855,109.32,108.51,108.88,3812363.498805,415387883.33914495
2026-07-31 18:00:00+00:00,1785520800000,108.855,108.92,107.84,107.94,5367213.572967001,580924654.8409417
2026-07-31 19:00:00+00:00,1785524400000,107.93,108.99,107.74,108.39,9547124.076317,1033076156.7625176
2026-07-31 20:00:00+00:00,1785528000000,108.33,108.353,107.896,108.0,8318494.048512001,900913701.688971
2026-07-31 21:00:00+00:00,1785531600000,107.991,108.165,107.815,107.864,361815.191105,39078485.94412646
2026-07-31 22:00:00+00:00,1785535200000,107.86,107.965,107.66,107.84,201110.69892300008,21680899.78595316
2026-07-31 23:00:00+00:00,1785538800000,107.76,107.934,107.715,107.85,210375.1390810001,22679912.61890537
2026-08-01 00:00:00+00:00,1785542400000,107.804,107.804,107.804,107.804,8.0,862.432
2026-08-01 01:00:00+00:00,1785546000000,108.03,108.03,108.02,108.02,4.4658,482.400685
2026-08-01 03:00:00+00:00,1785553200000,107.98,108.02,107.97,108.02,1.3943,150.584187
2026-08-01 04:00:00+00:00,1785556800000,108.13,108.49,108.0,108.1,11.455,1239.689491
2026-08-01 05:00:00+00:00,1785560400000,108.49,108.74,108.49,108.61,15.5527,1689.122606
2026-08-01 06:00:00+00:00,1785564000000,108.77,108.82,108.64,108.72,2.27,246.831535
2026-08-01 07:00:00+00:00,1785567600000,108.82,108.89,108.72,108.76,4.0524,440.963705
2026-08-01 08:00:00+00:00,1785571200000,108.91,108.96,108.77,108.85,2.2326,243.108681
2026-08-01 09:00:00+00:00,1785574800000,108.85,109.0,108.37,108.37,8.5745,931.730422
2026-08-01 10:00:00+00:00,1785578400000,108.95,108.98,108.36,108.83,2.1338,232.395828
2026-08-01 11:00:00+00:00,1785582000000,108.87,109.17,108.28,108.69,31.8235,3467.330061
2026-08-01 12:00:00+00:00,1785585600000,108.69,109.21,108.4,108.4,2.1393,232.732492
2026-08-01 13:00:00+00:00,1785589200000,108.4,109.3,107.29,108.33,120.2341,12980.029841
2026-08-01 14:00:00+00:00,1785592800000,108.48,108.53,108.29,108.53,5.7259,620.590923
2026-08-01 15:00:00+00:00,1785596400000,108.5,108.72,108.41,108.56,10.5778,1148.520777
2026-08-01 16:00:00+00:00,1785600000000,108.56,108.73,108.56,108.73,3.185,346.01452
2026-08-01 17:00:00+00:00,1785603600000,108.75,108.79,108.02,108.79,24.2395,2630.465921
2026-08-01 18:00:00+00:00,1785607200000,108.72,108.84,108.71,108.71,4.7616,517.945458
2026-08-01 19:00:00+00:00,1785610800000,108.71,108.74,108.0,108.74,14.5692,1579.160747
2026-08-01 20:00:00+00:00,1785614400000,108.62,108.62,107.65,107.85,2.6084,281.554148
2026-08-01 21:00:00+00:00,1785618000000,107.84,107.93,107.8,107.93,3.219,347.248625
2026-08-01 22:00:00+00:00,1785621600000,107.88,108.03,107.85,107.94,8.5962,928.058418
2026-08-01 23:00:00+00:00,1785625200000,108.04,108.1,107.92,107.99,5.1114,552.205827
2026-08-02 00:00:00+00:00,1785628800000,108.03,108.1,107.91,108.1,7.1223,769.066425
2026-08-02 01:00:00+00:00,1785632400000,108.06,108.15,107.91,108.1,4.98,537.996601
2026-08-02 02:00:00+00:00,1785636000000,108.1,108.34,108.04,108.21,9.4456,1022.043918
2026-08-02 03:00:00+00:00,1785639600000,108.21,108.27,108.02,108.27,12.3901,1340.005859
2026-08-02 04:00:00+00:00,1785643200000,108.2,108.3,108.2,108.3,1.6016,173.366979
2026-08-02 05:00:00+00:00,1785646800000,108.27,108.3,108.2,108.2,9.8402,1065.163455
2026-08-02 06:00:00+00:00,1785650400000,108.2,108.43,108.2,108.26,13.5909,1472.346388
2026-08-02 07:00:00+00:00,1785654000000,108.31,108.56,108.2,108.56,7.4868,811.463114
2026-08-02 08:00:00+00:00,1785657600000,108.61,108.61,108.44,108.61,1.7721,192.450781
2026-08-02 09:00:00+00:00,1785661200000,108.61,108.67,108.61,108.61,3.1378,340.824322
2026-08-02 10:00:00+00:00,1785664800000,108.61,108.69,108.61,108.69,10.0598,1092.734032
2026-08-02 11:00:00+00:00,1785668400000,108.7,108.71,108.62,108.62,2.1695,235.756542
2026-08-02 12:00:00+00:00,1785672000000,108.62,108.88,108.61,108.8,12.0854,1314.259494
2026-08-02 13:00:00+00:00,1785675600000,108.9,108.98,108.71,108.85,4.893,532.624073
2026-08-02 14:00:00+00:00,1785679200000,108.98,109.11,108.85,108.96,10.3496,1127.982188
2026-08-02 15:00:00+00:00,1785682800000,109.03,109.2,108.97,109.11,6.8767,750.504017
2026-08-02 16:00:00+00:00,1785686400000,109.11,109.22,108.85,108.86,6.9728,760.320147
2026-08-02 17:00:00+00:00,1785690000000,108.86,109.22,108.51,108.58,18.0706,1964.136422
2026-08-02 18:00:00+00:00,1785693600000,108.82,109.14,108.56,109.14,4.9671,540.407284
2026-08-02 19:00:00+00:00,1785697200000,109.04,109.19,109.03,109.16,1.9451,212.313286
2026-08-02 20:00:00+00:00,1785700800000,109.16,110.0,109.16,110.0,128.6269,14090.786167
2026-08-02 21:00:00+00:00,1785704400000,110.35,110.37,110.35,110.37,1.9028,209.992836
2026-08-02 22:00:00+00:00,1785708000000,110.28,110.28,109.25,109.48,64.5698,7081.639047
2026-08-02 23:00:00+00:00,1785711600000,109.57,109.64,109.47,109.54,8.5994,942.349098
2026-08-03 00:00:00+00:00,1785715200000,108.79,109.01,107.09,108.93,180350.0,19562109.07
2026-08-03 01:00:00+00:00,1785718800000,108.89,108.92,108.52,108.88,63403.0,6892778.26
2026-08-03 02:00:00+00:00,1785722400000,108.88,108.95,108.65,108.81,56770.0,6177559.46
2026-08-03 03:00:00+00:00,1785726000000,108.81,108.88,108.64,108.83,22753.0,2474720.03
2026-08-03 04:00:00+00:00,1785729600000,108.8,108.93,108.65,108.66,32241.0,3508092.37
2026-08-03 05:00:00+00:00,1785733200000,108.68,108.93,108.63,108.84,23656.0,2573677.9
2026-08-03 06:00:00+00:00,1785736800000,108.85,108.95,108.69,108.7,29968.0,3261078.29
2026-08-03 07:00:00+00:00,1785740400000,108.7,108.76,108.26,108.47,38044.0,4128985.86
2026-08-03 08:00:00+00:00,1785744000000,108.58,108.7,107.943,108.43,324562.52427999995,35221233.02859374
2026-08-03 09:00:00+00:00,1785747600000,108.5,108.79,108.266,108.71,93759.037205,10183140.90312389
2026-08-03 10:00:00+00:00,1785751200000,108.65,108.72,107.062,107.41,308810.89889300003,33298863.06000297
2026-08-03 11:00:00+00:00,1785754800000,107.06,107.569,105.801,106.22,860861.6075050001,91778866.38860908
2026-08-03 12:00:00+00:00,1785758400000,106.397,107.121,106.14,106.84,890026.471948,94906401.96993896
2026-08-03 13:00:00+00:00,1785762000000,106.78,110.21,104.89,109.525,10895601.936489,1170449142.4253943
2026-08-03 14:00:00+00:00,1785765600000,109.64,112.68,108.68,112.065,12670627.712444996,1404879921.8099923
2026-08-03 15:00:00+00:00,1785769200000,112.08,112.25,110.37,111.46,6837488.814082003,761980009.6745195
2026-08-03 16:00:00+00:00,1785772800000,111.48,111.89,109.34,109.395,5895893.238133003,651889458.8926803
2026-08-03 17:00:00+00:00,1785776400000,109.413,110.93,108.915,110.424,9699790.532342,1068021446.2940698
2026-08-03 18:00:00+00:00,1785780000000,110.36,111.01,109.55,109.99,5831346.059216999,642100594.1378963
2026-08-03 19:00:00+00:00,1785783600000,110.025,114.915,109.905,114.44,13233761.402877,1484489245.1108856
2026-08-03 20:00:00+00:00,1785787200000,114.08,116.01,114.064,114.44,4976581.332470999,570960687.9837314
2026-08-03 21:00:00+00:00,1785790800000,114.85,114.949,114.265,114.8,419839.715628,48148562.07530905
2026-08-03 22:00:00+00:00,1785794400000,114.87,115.447,114.446,115.33,363232.12398,41707910.69672912
2026-08-03 23:00:00+00:00,1785798000000,115.12,115.385,114.89,115.01,351240.10209699994,40444068.4161122
2026-08-04 00:00:00+00:00,1785801600000,114.86,115.08,113.15,113.84,2514.0,289243.242
2026-08-04 01:00:00+00:00,1785805200000,113.96,115.21,113.6,115.16,73812.0,8452973.93
2026-08-04 02:00:00+00:00,1785808800000,115.17,115.17,114.48,115.0,85308.0,9798073.87
2026-08-04 03:00:00+00:00,1785812400000,115.01,116.88,114.98,116.81,155001.0,17946760.52
2026-08-04 04:00:00+00:00,1785816000000,116.81,117.37,115.49,115.73,158661.0,18460987.02
2026-08-04 05:00:00+00:00,1785819600000,115.75,115.96,115.48,115.86,69059.0,7990636.28
2026-08-04 06:00:00+00:00,1785823200000,115.88,116.1,115.12,115.44,98725.0,11420313.62
2026-08-04 07:00:00+00:00,1785826800000,115.52,115.8,115.36,115.65,81073.0,9375767.07
2026-08-04 08:00:00+00:00,1785830400000,115.915,116.909,115.059,116.35,938472.565733,108918750.58994567
2026-08-04 09:00:00+00:00,1785834000000,115.51,116.375,115.377,115.91,240659.38755700004,27879427.41092823
2026-08-04 10:00:00+00:00,1785837600000,116.3,116.514,115.822,116.235,266182.8638980001,30914051.92053149
2026-08-04 11:00:00+00:00,1785841200000,116.316,118.31,116.316,118.3,2109245.89107,247378910.8730452
2026-08-04 12:00:00+00:00,1785844800000,118.49,118.536,116.145,116.32,1360195.4289249997,159594178.0275423
2026-08-04 13:00:00+00:00,1785848400000,116.63,121.79,115.74,116.39,19030684.83148,2253718366.5104346
2026-08-04 14:00:00+00:00,1785852000000,116.39,119.635,116.2,119.1,11245175.041851005,1328307064.3635411
2026-08-04 15:00:00+00:00,1785855600000,119.245,120.21,118.49,119.63,7470110.409731001,890917488.939281
2026-08-04 16:00:00+00:00,1785859200000,119.623,122.24,119.56,121.564,15558613.268572,1884942712.6749809
2026-08-04 17:00:00+00:00,1785862800000,121.572,125.34,121.15,125.12,20210171.762142,2490936148.8121066
2026-08-04 18:00:00+00:00,1785866400000,125.0,125.51,122.79,125.42,12979529.964846998,1613792984.7902973
2026-08-04 19:00:00+00:00,1785870000000,125.46,126.695,121.24,125.94,27261055.844236,3401015722.276104
2026-08-04 20:00:00+00:00,1785873600000,126.22,130.53,114.36,117.01,26347818.067981,3207240849.961123
2026-08-04 21:00:00+00:00,1785877200000,116.97,118.269,114.11,116.21,6841278.289127,794504328.7016461
2026-08-04 22:00:00+00:00,1785880800000,115.79,117.769,115.692,117.29,2345094.53431,274183059.2340962
2026-08-04 23:00:00+00:00,1785884400000,117.083,117.091,115.71,115.981,2219917.026313,258300659.26915815
2026-08-05 00:00:00+00:00,1785888000000,115.79,116.85,114.97,115.31,353.0,40942.705
2026-08-05 01:00:00+00:00,1785891600000,115.33,115.85,114.91,115.85,279996.0,32302076.97
2026-08-05 02:00:00+00:00,1785895200000,115.81,117.23,115.73,117.0,215743.0,25121787.05
2026-08-05 03:00:00+00:00,1785898800000,117.05,117.1,115.59,115.6,188845.0,21963039.8
2026-08-05 04:00:00+00:00,1785902400000,115.59,116.39,115.52,116.09,146151.0,16945307.54
2026-08-05 05:00:00+00:00,1785906000000,116.11,116.72,115.49,115.99,156707.0,18212228.35
2026-08-05 06:00:00+00:00,1785909600000,116.0,116.25,115.49,115.89,152386.0,17659425.8
2026-08-05 07:00:00+00:00,1785913200000,115.92,116.11,115.51,115.74,157720.0,18268059.69
2026-08-05 08:00:00+00:00,1785916800000,115.77,116.218,111.99,112.99,2802316.8219450014,319827017.73017204
2026-08-05 09:00:00+00:00,1785920400000,112.69,113.094,110.681,110.75,1537940.991193,172024851.6289018
2026-08-05 10:00:00+00:00,1785924000000,110.895,111.906,110.0,110.23,1912753.318798,211861913.2993591
2026-08-05 11:00:00+00:00,1785927600000,110.44,112.2,110.307,112.05,4993276.489309,555404417.1079081
2026-08-05 12:00:00+00:00,1785931200000,112.01,112.8,110.34,110.77,3341571.01408,373034943.5284152
2026-08-05 13:00:00+00:00,1785934800000,111.24,115.26,109.225,113.16,34226232.21159699,3830897677.342176
2026-08-05 14:00:00+00:00,1785938400000,113.06,116.61,112.49,114.95,27556027.327251,3163161888.100608
2026-08-05 15:00:00+00:00,1785942000000,115.47,117.51,114.12,114.327,26188793.681543,3030176591.908794
2026-08-05 16:00:00+00:00,1785945600000,114.335,116.56,114.19,114.925,12281793.530841997,1415001399.0198965
2026-08-05 17:00:00+00:00,1785949200000,114.925,114.99,110.895,111.045,18462084.033413,2073493273.668244
2026-08-05 18:00:00+00:00,1785952800000,111.065,111.065,108.13,108.37,28218729.922057003,3092623240.188861
2026-08-05 19:00:00+00:00,1785956400000,108.411,110.275,107.81,108.295,49646562.227641,5415111974.776541
2026-08-05 20:00:00+00:00,1785960000000,108.21,108.548,107.155,108.39,9334221.62282,1009957179.0561504
2026-08-05 21:00:00+00:00,1785963600000,108.51,109.178,107.741,109.01,4147820.550088,450143469.5444652
2026-08-05 22:00:00+00:00,1785967200000,109.21,109.557,108.941,108.99,726854.3396270002,79370894.80772124
2026-08-05 23:00:00+00:00,1785970800000,109.5,110.717,109.28,109.79,1236011.2045910002,136168140.78065857
2026-08-06 00:00:00+00:00,1785974400000,110.015,110.29,109.2,109.36,192312.0,21108379.7
2026-08-06 01:00:00+00:00,1785978000000,109.38,109.7,108.8,109.65,229283.0,25045094.67
2026-08-06 02:00:00+00:00,1785981600000,109.64,110.07,109.38,109.78,127953.0,14040694.36
2026-08-06 03:00:00+00:00,1785985200000,109.8,109.86,109.41,109.59,76964.0,8437275.83
2026-08-06 04:00:00+00:00,1785988800000,109.6,110.12,109.4,110.02,119511.0,13126904.37
2026-08-06 05:00:00+00:00,1785992400000,110.01,110.19,109.51,109.8,130144.0,14287663.37
2026-08-06 06:00:00+00:00,1785996000000,109.79,109.96,109.55,109.87,105848.0,11621292.88
2026-08-06 07:00:00+00:00,1785999600000,109.92,110.18,109.8,110.01,181441.0,19953135.07
2026-08-06 08:00:00+00:00,1786003200000,109.02,112.1,108.385,109.8,13167419.046801005,1442956883.2113066
2026-08-06 09:00:00+00:00,1786006800000,109.76,110.0,108.9,109.73,855044.6692740001,93666039.3045542
2026-08-06 10:00:00+00:00,1786010400000,109.6,110.34,109.319,109.9,2587449.4680200005,283920830.12583464
2026-08-06 11:00:00+00:00,1786014000000,109.92,113.11,109.72,112.27,13248036.013347007,1479850666.013306
2026-08-06 12:00:00+00:00,1786017600000,112.37,112.4,109.12,109.12,8478641.235698,938527082.1672423
2026-08-06 13:00:00+00:00,1786021200000,109.33,110.96,105.135,109.82,53450218.520629,5781293225.671978
2026-08-06 14:00:00+00:00,1786024800000,109.84,115.73,109.15,110.81,58006494.662533,6510970690.629133
2026-08-06 15:00:00+00:00,1786028400000,110.787,112.51,109.575,111.048,30009851.971587,3324370751.6373873
2026-08-06 16:00:00+00:00,1786032000000,111.085,111.1,108.43,110.526,26583212.423889,2909139875.918372
2026-08-06 17:00:00+00:00,1786035600000,110.65,111.93,109.79,110.145,17340827.719079994,1918589178.8390105
2026-08-06 18:00:00+00:00,1786039200000,110.16,110.57,109.37,110.16,11258452.703052005,1238636952.8654563
2026-08-06 19:00:00+00:00,1786042800000,114.18,114.99,114.165,114.905,44371015.536985,4990417303.711581
2026-08-06 20:00:00+00:00,1786046400000,114.415,115.019,113.719,114.2,8620465.970494002,988785549.7942
2026-08-06 21:00:00+00:00,1786050000000,114.41,114.41,113.547,114.0,582615.095195,66334457.32456
2026-08-06 22:00:00+00:00,1786053600000,114.41,114.761,113.826,114.76,541761.5749910001,61899943.9214317
2026-08-06 23:00:00+00:00,1786057200000,114.73,114.898,113.836,114.3,497630.365693,56927420.94418212
2026-08-07 00:00:00+00:00,1786060800000,114.32,114.52,113.56,114.07,3.0,343.389
2026-08-07 01:00:00+00:00,1786064400000,114.08,114.35,113.74,114.22,118655.0,13535539.44
2026-08-07 02:00:00+00:00,1786068000000,114.21,114.98,113.97,114.84,107133.0,12270101.41
2026-08-07 03:00:00+00:00,1786071600000,114.81,115.08,114.1,114.14,101641.0,11646352.36
2026-08-07 04:00:00+00:00,1786075200000,114.14,114.25,113.84,114.13,52970.0,6041016.58
2026-08-07 05:00:00+00:00,1786078800000,114.16,114.39,114.0,114.13,33672.0,3845739.37
2026-08-07 06:00:00+00:00,1786082400000,114.12,114.49,114.04,114.46,62007.0,7088402.8
2026-08-07 07:00:00+00:00,1786086000000,114.48,114.91,114.22,114.78,101182.0,11606167.52
2026-08-07 08:00:00+00:00,1786089600000,115.01,117.19,114.481,116.71,1313030.4576870005,152094883.06617367
2026-08-07 09:00:00+00:00,1786093200000,116.593,117.96,116.484,117.315,1477118.566151,173289131.22740483
2026-08-07 10:00:00+00:00,1786096800000,117.43,117.63,116.51,116.51,411061.5694619999,48047054.86503669
2026-08-07 11:00:00+00:00,1786100400000,116.51,116.805,114.94,114.99,1551721.8587430003,179993528.72675306
2026-08-07 12:00:00+00:00,1786104000000,115.29,115.574,113.91,115.22,2819845.145095001,323554389.65397614
2026-08-07 13:00:00+00:00,1786107600000,115.228,121.39,114.56,120.877,32514240.992406,3850599566.042421
2026-08-07 14:00:00+00:00,1786111200000,120.825,128.61,120.07,126.479,58011869.107045,7293420523.6076765
2026-08-07 15:00:00+00:00,1786114800000,126.55,129.855,124.59,129.645,34922992.25115,4440943894.326013
2026-08-07 16:00:00+00:00,1786118400000,129.66,130.96,127.69,129.36,26967598.76007901,3494221435.702073
2026-08-07 17:00:00+00:00,1786122000000,129.3,129.81,127.62,127.84,13411633.877525004,1725378533.912449
2026-08-07 18:00:00+00:00,1786125600000,127.846,129.59,127.79,129.281,16346627.694789,2106723667.535709
2026-08-07 19:00:00+00:00,1786129200000,129.283,133.44,129.283,133.12,45168674.649092,5928756269.15538
2026-08-07 20:00:00+00:00,1786132800000,133.25,134.404,132.508,133.78,10848761.706702003,1445572545.2661169
2026-08-07 21:00:00+00:00,1786136400000,133.94,134.339,132.08,132.44,1495038.2105279996,199368279.0000035
2026-08-07 22:00:00+00:00,1786140000000,132.85,133.26,132.626,133.25,583492.1783180002,77609361.0505919
2026-08-07 23:00:00+00:00,1786143600000,132.86,134.27,132.844,134.24,984033.897124,131685482.58431764
2026-08-08 00:00:00+00:00,1786147200000,134.089,134.093,134.089,134.093,96.5073,12923.657999
2026-08-08 01:00:00+00:00,1786150800000,133.5,133.54,133.42,133.42,5.3847,718.810468
2026-08-08 02:00:00+00:00,1786154400000,133.42,133.57,132.77,132.77,56.0594,7465.422256
2026-08-08 03:00:00+00:00,1786158000000,132.74,132.74,132.13,132.24,53.2792,7055.255092
2026-08-08 04:00:00+00:00,1786161600000,132.39,132.39,132.02,132.02,22.6262,2991.547057
2026-08-08 05:00:00+00:00,1786165200000,132.02,132.17,132.02,132.17,13.0835,1728.172857
2026-08-08 06:00:00+00:00,1786168800000,132.17,132.25,132.09,132.09,5.7017,753.74505
2026-08-08 07:00:00+00:00,1786172400000,132.15,132.4,132.02,132.33,10.5681,1397.291656
2026-08-08 08:00:00+00:00,1786176000000,132.38,132.43,132.31,132.31,3.6832,487.488466
2026-08-08 09:00:00+00:00,1786179600000,132.3,132.39,132.1,132.1,10.8998,1441.697586
2026-08-08 10:00:00+00:00,1786183200000,132.1,132.15,132.0,132.01,6.3649,840.647967
2026-08-08 11:00:00+00:00,1786186800000,132.01,132.82,132.01,132.62,45.1625,5984.49759
2026-08-08 12:00:00+00:00,1786190400000,132.61,132.64,132.52,132.52,3.5423,469.64206
2026-08-08 13:00:00+00:00,1786194000000,132.52,132.64,132.04,132.17,16.4913,2182.532733
2026-08-08 14:00:00+00:00,1786197600000,132.17,132.61,132.17,132.47,28.1113,3720.175034
2026-08-08 15:00:00+00:00,1786201200000,132.44,132.6,132.39,132.58,11.7795,1561.447805
2026-08-08 16:00:00+00:00,1786204800000,132.58,134.13,132.51,133.65,136.7113,18245.582401
2026-08-08 17:00:00+00:00,1786208400000,133.65,137.2,133.65,136.67,446.0113,60688.25437
2026-08-08 18:00:00+00:00,1786212000000,136.75,136.75,136.17,136.34,26.706,3643.527585
2026-08-08 19:00:00+00:00,1786215600000,136.35,137.43,136.2,137.1,247.6394,33889.447642
2026-08-08 20:00:00+00:00,1786219200000,137.04,137.04,134.7,134.7,188.0965,25522.489934
2026-08-08 21:00:00+00:00,1786222800000,135.04,135.06,134.77,135.06,1.8161,245.230446
2026-08-08 22:00:00+00:00,1786226400000,134.93,135.44,133.1,135.44,600.6391,80404.649383
2026-08-08 23:00:00+00:00,1786230000000,135.45,135.67,135.13,135.13,32.4709,4399.615913
2026-08-09 00:00:00+00:00,1786233600000,135.13,135.19,134.92,134.92,85.3984,11528.959927
2026-08-09 01:00:00+00:00,1786237200000,135.03,135.03,134.64,134.96,8.8797,1197.87928
2026-08-09 02:00:00+00:00,1786240800000,134.87,135.73,134.87,135.63,63.8081,8634.524202
2026-08-09 03:00:00+00:00,1786244400000,135.76,135.97,135.76,135.86,33.1105,4500.499233
2026-08-09 04:00:00+00:00,1786248000000,136.01,136.4,135.89,136.15,45.6308,6216.336061
2026-08-09 05:00:00+00:00,1786251600000,136.44,136.72,136.44,136.62,21.1339,2886.937295
2026-08-09 06:00:00+00:00,1786255200000,136.67,136.67,136.5,136.54,12.067,1647.851876
2026-08-09 07:00:00+00:00,1786258800000,136.5,136.6,136.41,136.42,4.9373,673.820622
2026-08-09 08:00:00+00:00,1786262400000,136.42,136.53,134.22,134.67,137.8916,18702.638996
2026-08-09 09:00:00+00:00,1786266000000,134.58,135.04,133.87,135.04,200.2747,26916.166549
2026-08-09 10:00:00+00:00,1786269600000,135.06,135.12,135.0,135.12,4.794,647.528808
2026-08-09 11:00:00+00:00,1786273200000,135.14,135.4,135.07,135.34,19.3157,2612.957581
2026-08-09 12:00:00+00:00,1786276800000,135.41,135.45,135.24,135.39,11.6833,1581.365558
2026-08-09 13:00:00+00:00,1786280400000,135.35,135.4,135.18,135.18,9.0399,1222.89539
2026-08-09 14:00:00+00:00,1786284000000,135.17,135.17,132.93,135.11,613.0343,82220.451679
2026-08-09 15:00:00+00:00,1786287600000,135.13,141.0,134.5,135.35,1090.5432,149547.871067
2026-08-09 16:00:00+00:00,1786291200000,135.38,135.76,135.38,135.68,17.3006,2345.366919
2026-08-09 17:00:00+00:00,1786294800000,135.68,135.71,135.48,135.48,17.5325,2377.26238
2026-08-09 18:00:00+00:00,1786298400000,135.43,135.5,135.37,135.37,5.422,734.219212
2026-08-09 19:00:00+00:00,1786302000000,135.37,135.39,135.11,135.39,18.8112,2544.454077
2026-08-09 20:00:00+00:00,1786305600000,135.43,135.8,135.43,135.75,28.1618,3818.696437
2026-08-09 21:00:00+00:00,1786309200000,135.75,136.54,135.75,136.04,30.6431,4169.245046
2026-08-09 22:00:00+00:00,1786312800000,136.04,136.04,135.27,135.27,165.4223,22410.517347
2026-08-09 23:00:00+00:00,1786316400000,135.29,135.31,135.17,135.17,9.9141,1340.66888
2026-08-10 00:00:00+00:00,1786320000000,135.25,138.0,133.5,134.13,937374.0,126975417.68999998
2026-08-10 01:00:00+00:00,1786323600000,134.13,135.26,133.8,134.47,266458.0,35904530.41
2026-08-10 02:00:00+00:00,1786327200000,134.54,134.61,133.9,134.29,164321.0,22061879.76
2026-08-10 03:00:00+00:00,1786330800000,134.29,134.32,133.51,134.07,140263.0,18786854.41
2026-08-10 04:00:00+00:00,1786334400000,134.07,134.46,133.72,133.85,70856.0,9503292.4
2026-08-10 05:00:00+00:00,1786338000000,133.82,134.87,133.81,134.79,112176.0,15079887.26
2026-08-10 06:00:00+00:00,1786341600000,134.79,135.46,134.69,135.31,177078.0,23927082.6
2026-08-10 07:00:00+00:00,1786345200000,135.32,135.9,134.96,135.78,204392.0,27659439.18
2026-08-10 08:00:00+00:00,1786348800000,135.31,136.448,134.094,136.34,2016716.9666029995,272895888.09812146
2026-08-10 09:00:00+00:00,1786352400000,136.3,137.595,136.01,136.01,1447025.5208539998,198325555.62189496
2026-08-10 10:00:00+00:00,1786356000000,136.36,137.0,135.96,136.89,626399.1729310001,85528229.8724123
2026-08-10 11:00:00+00:00,1786359600000,135.92,138.819,135.663,138.81,2878267.042847,395514763.07918614
2026-08-10 12:00:00+00:00,1786363200000,138.8,139.502,133.51,134.19,4929372.4205060005,673349807.9549094
2026-08-10 13:00:00+00:00,1786366800000,134.273,136.18,131.21,131.841,39463520.782866,5284489067.324813
2026-08-10 14:00:00+00:00,1786370400000,131.75,136.24,131.74,135.185,32508443.049558,4369294461.364276
2026-08-10 15:00:00+00:00,1786374000000,135.192,136.81,130.29,133.031,31735409.078534,4225531823.268696
2026-08-10 16:00:00+00:00,1786377600000,133.09,133.28,130.2,133.02,14781455.146031002,1947607486.332074
2026-08-10 17:00:00+00:00,1786381200000,132.985,133.17,132.24,132.88,8841419.180324001,1173726688.729388
2026-08-10 18:00:00+00:00,1786384800000,132.88,133.33,131.58,133.185,13169701.387152,1748146162.1305566
2026-08-10 19:00:00+00:00,1786388400000,133.15,139.22,132.5,138.68,33330721.163729,4554139753.133996
2026-08-10 20:00:00+00:00,1786392000000,138.662,138.695,136.951,137.329,8603443.007046,1188735773.4852474
2026-08-10 21:00:00+00:00,1786395600000,137.0,137.448,136.39,137.02,586681.7065869998,80360844.09609562
2026-08-10 22:00:00+00:00,1786399200000,136.81,137.01,135.735,135.91,453563.7803009998,61870725.98361544
2026-08-10 23:00:00+00:00,1786402800000,136.1,136.731,135.88,136.09,407121.139084,55490936.95406046
2026-08-11 00:00:00+00:00,1786406400000,136.79,137.15,136.28,136.72,98820.0,13506254.0
2026-08-11 01:00:00+00:00,1786410000000,136.72,137.22,136.43,136.71,82210.0,11248236.02
2026-08-11 02:00:00+00:00,1786413600000,136.69,136.93,136.13,136.66,62247.0,8497519.11
2026-08-11 03:00:00+00:00,1786417200000,136.62,136.84,136.53,136.67,29836.0,4077789.9
2026-08-11 04:00:00+00:00,1786420800000,136.69,137.74,136.64,137.23,70504.0,9676672.92
2026-08-11 05:00:00+00:00,1786424400000,137.22,137.25,136.88,137.1,37490.0,5139420.45
2026-08-11 06:00:00+00:00,1786428000000,137.07,137.11,136.64,136.79,42904.0,5873605.94
2026-08-11 07:00:00+00:00,1786431600000,136.78,137.48,136.69,137.36,60039.0,8229136.59
2026-08-11 08:00:00+00:00,1786435200000,137.27,137.685,136.36,136.85,543691.9215879999,74557343.11443697
2026-08-11 09:00:00+00:00,1786438800000,136.77,137.315,136.49,137.09,227825.279527,31213726.41973954
2026-08-11 10:00:00+00:00,1786442400000,136.87,137.61,136.6,137.4,226071.489155,31007807.20245739
2026-08-11 11:00:00+00:00,1786446000000,137.405,138.09,137.232,137.38,752043.808464,103503714.15451948
2026-08-11 12:00:00+00:00,1786449600000,137.3,138.472,137.295,137.94,694121.2283410002,95708350.27281614
2026-08-11 13:00:00+00:00,1786453200000,138.81,139.94,133.33,135.815,20326565.94517801,2772385047.707908
2026-08-11 14:00:00+00:00,1786456800000,135.82,137.46,133.49,134.56,22782777.559038,3088015118.4333167
2026-08-11 15:00:00+00:00,1786460400000,134.616,135.35,133.915,134.928,12542348.687143,1688507422.5802605
2026-08-11 16:00:00+00:00,1786464000000,134.9,135.21,131.35,132.194,20293865.542249,2689549935.4192863
2026-08-11 17:00:00+00:00,1786467600000,132.23,132.89,130.49,130.66,10100043.413114,1331816974.5617447
2026-08-11 18:00:00+00:00,1786471200000,130.71,131.73,130.685,131.49,8276695.224099001,1086124228.8337948
2026-08-11 19:00:00+00:00,1786474800000,131.48,133.47,131.16,133.35,17788737.90653,2355200436.843921
2026-08-11 20:00:00+00:00,1786478400000,133.367,133.448,132.646,132.798,5846340.093328,779208804.1845833
2026-08-11 21:00:00+00:00,1786482000000,132.799,132.839,132.67,132.76,258266.58805100003,34294238.8142577
2026-08-11 22:00:00+00:00,1786485600000,132.761,132.803,132.7,132.76,163576.01540600002,21716024.65326975
2026-08-11 23:00:00+00:00,1786489200000,132.6,132.988,132.422,132.69,198826.303859,26382262.25905071
2026-08-12 00:00:00+00:00,1786492800000,133.21,133.21,132.62,132.73,1.0,132.988
2026-08-12 01:00:00+00:00,1786496400000,132.72,132.91,132.18,132.24,57298.0,7592678.04
2026-08-12 02:00:00+00:00,1786500000000,132.26,132.94,132.24,132.79,47021.0,6237315.77
2026-08-12 03:00:00+00:00,1786503600000,132.81,133.51,132.47,133.12,100018.0,13298482.94
2026-08-12 04:00:00+00:00,1786507200000,133.2,133.53,133.07,133.42,43839.0,5845846.53
2026-08-12 05:00:00+00:00,1786510800000,133.42,133.78,133.26,133.47,53165.0,7099783.33
2026-08-12 06:00:00+00:00,1786514400000,133.47,133.99,133.35,133.82,62323.0,8328195.13
2026-08-12 07:00:00+00:00,1786518000000,133.84,134.35,133.79,134.25,72462.0,9713981.44
2026-08-12 08:00:00+00:00,1786521600000,134.68,134.99,133.228,134.74,768323.9206269998,103287935.95686534
2026-08-12 09:00:00+00:00,1786525200000,134.79,135.06,134.506,134.6,233936.203636,31524798.32320045
2026-08-12 10:00:00+00:00,1786528800000,134.61,134.661,134.08,134.09,191538.798257,25727548.84351972
2026-08-12 11:00:00+00:00,1786532400000,134.31,135.066,134.24,134.99,712480.446816,95926942.3984126
2026-08-12 12:00:00+00:00,1786536000000,135.2,136.019,134.37,134.73,2025712.614793,274005383.41357595
2026-08-12 13:00:00+00:00,1786539600000,134.72,138.3,134.01,137.94,18479369.148003,2519153800.678639
2026-08-12 14:00:00+00:00,1786543200000,137.94,141.49,137.31,138.341,31240560.571552,4350320104.3026085
2026-08-12 15:00:00+00:00,1786546800000,138.33,143.285,138.16,141.55,28781472.764616,4056949349.847661
2026-08-12 16:00:00+00:00,1786550400000,141.5,144.75,140.98,144.305,21991673.323303,3138675444.8182106
2026-08-12 17:00:00+00:00,1786554000000,144.305,146.11,143.69,145.48,17849680.018593997,2589003268.3609624
2026-08-12 18:00:00+00:00,1786557600000,145.54,148.91,144.52,147.965,23563706.331745,3473537732.215697
2026-08-12 19:00:00+00:00,1786561200000,145.74,147.26,145.72,146.18,35199321.592724,5186490906.671105
2026-08-12 20:00:00+00:00,1786564800000,146.16,147.44,145.401,146.02,5431067.901668999,794462586.830833
2026-08-12 21:00:00+00:00,1786568400000,146.05,146.748,145.869,145.88,626834.838863,91710011.35210952
2026-08-12 22:00:00+00:00,1786572000000,145.81,146.233,145.53,146.0,379048.2367200001,55279219.79371098
2026-08-12 23:00:00+00:00,1786575600000,145.98,147.349,145.888,147.01,458746.753273,67325214.76359221
2026-08-13 00:00:00+00:00,1786579200000,146.79,147.33,146.22,146.39,178027.0,26108696.0
2026-08-13 01:00:00+00:00,1786582800000,146.38,146.68,145.79,146.58,136608.0,19975132.87
2026-08-13 02:00:00+00:00,1786586400000,146.59,146.79,146.35,146.55,59036.0,8654151.01
2026-08-13 03:00:00+00:00,1786590000000,146.53,146.7,146.08,146.67,52681.0,7711225.16
2026-08-13 04:00:00+00:00,1786593600000,146.67,147.71,146.47,147.52,151193.0,22255504.89
2026-08-13 05:00:00+00:00,1786597200000,147.52,147.78,147.21,147.47,110001.0,16220649.69
2026-08-13 06:00:00+00:00,1786600800000,147.47,147.49,146.54,146.94,103098.0,15159919.84
2026-08-13 07:00:00+00:00,1786604400000,146.96,147.04,146.03,146.71,121697.0,17833689.23
2026-08-13 08:00:00+00:00,1786608000000,146.664,148.293,146.2,148.205,1745770.436585,256598285.84135404
2026-08-13 09:00:00+00:00,1786611600000,148.16,148.67,147.199,147.71,444164.32621300005,65681510.40166932
2026-08-13 10:00:00+00:00,1786615200000,147.83,148.141,147.28,147.57,320172.8941080001,47296708.33257963
2026-08-13 11:00:00+00:00,1786618800000,147.55,147.655,146.528,146.71,829848.6927999998,121948340.02869196
2026-08-13 12:00:00+00:00,1786622400000,146.72,146.772,144.825,145.0,1417519.8409910002,206728683.82639775
2026-08-13 13:00:00+00:00,1786626000000,144.99,145.255,141.965,142.38,19378920.943264008,2790225484.71351
2026-08-13 14:00:00+00:00,1786629600000,142.48,143.42,139.81,140.418,29071410.592178,4116418798.31574
2026-08-13 15:00:00+00:00,1786633200000,140.411,142.65,140.36,141.08,15684667.154865,2218695466.955749
2026-08-13 16:00:00+00:00,1786636800000,141.105,141.52,139.83,140.15,9312196.865629,1309235281.247497
2026-08-13 17:00:00+00:00,1786640400000,140.155,142.64,140.115,142.4,10089659.064076,1429465564.4597504
2026-08-13 18:00:00+00:00,1786644000000,142.42,143.57,141.49,143.528,13690149.642221,1948999883.6827624
2026-08-13 19:00:00+00:00,1786647600000,143.518,144.955,140.82,141.2,27363835.00071,3918609897.5797486
2026-08-13 20:00:00+00:00,1786651200000,141.53,141.88,140.99,141.54,6684512.183880001,944311009.448452
2026-08-13 21:00:00+00:00,1786654800000,141.73,141.959,141.451,141.58,321550.353854,45569633.8226581
2026-08-13 22:00:00+00:00,1786658400000,141.94,142.125,141.635,142.05,225873.31193400003,32062039.0090955
2026-08-13 23:00:00+00:00,1786662000000,142.06,142.195,141.92,142.06,223409.1577750001,31740453.95439914
2026-08-14 00:00:00+00:00,1786665600000,142.09,142.45,141.34,141.52,88678.0,12587220.59
2026-08-14 01:00:00+00:00,1786669200000,141.52,141.95,140.91,141.89,91014.0,12876348.07
2026-08-14 02:00:00+00:00,1786672800000,141.88,141.97,141.6,141.73,36116.0,5122404.54
2026-08-14 03:00:00+00:00,1786676400000,141.68,142.16,141.59,141.97,40667.0,5771065.68
2026-08-14 04:00:00+00:00,1786680000000,141.97,142.18,141.78,141.92,45643.0,6480539.84
2026-08-14 05:00:00+00:00,1786683600000,141.94,142.32,141.86,142.21,58349.0,8293536.53
2026-08-14 06:00:00+00:00,1786687200000,142.19,142.41,141.93,142.14,65565.0,9322315.72
2026-08-14 07:00:00+00:00,1786690800000,142.15,142.22,141.88,142.09,58394.0,8294777.54
2026-08-14 08:00:00+00:00,1786694400000,142.15,142.65,141.986,142.55,568507.962476,80879751.74518435
2026-08-14 09:00:00+00:00,1786698000000,142.452,142.595,142.14,142.208,215923.026431,30737844.369431797
2026-08-14 10:00:00+00:00,1786701600000,142.5,142.56,142.215,142.51,133293.78264,18987219.4794505
2026-08-14 11:00:00+00:00,1786705200000,142.495,144.141,142.331,144.09,916963.653418,131346148.80469036
2026-08-14 12:00:00+00:00,1786708800000,143.8,143.971,143.254,143.27,714692.4923470004,102601039.79358768
2026-08-14 13:00:00+00:00,1786712400000,143.0,143.99,137.26,137.57,18181858.798464,2545947505.600759
2026-08-14 14:00:00+00:00,1786716000000,137.555,138.0,135.49,135.827,22047212.363729,3012216321.04142
2026-08-14 15:00:00+00:00,1786719600000,135.87,137.32,135.77,137.049,15026751.913279,2054517140.215335
2026-08-14 16:00:00+00:00,1786723200000,137.054,138.1,136.68,137.703,10261591.432062,1411076174.9973543
2026-08-14 17:00:00+00:00,1786726800000,137.75,140.23,137.64,140.035,11321129.753891995,1576865821.996797
2026-08-14 18:00:00+00:00,1786730400000,140.065,140.13,138.94,139.86,7877521.127531,1100355783.6569126
2026-08-14 19:00:00+00:00,1786734000000,139.84,140.03,138.795,139.79,16255784.976415,2269505660.6517944
2026-08-14 20:00:00+00:00,1786737600000,139.94,141.07,139.522,139.94,4528465.224198999,634042642.8962072
2026-08-14 21:00:00+00:00,1786741200000,140.01,140.715,139.925,140.63,330898.62415100005,46390332.61284945
2026-08-14 22:00:00+00:00,1786744800000,140.636,140.664,140.3,140.392,211684.527264,29747920.77414629
2026-08-14 23:00:00+00:00,1786748400000,140.391,140.614,140.285,140.565,277293.306062,38961900.11882888
2026-08-15 00:00:00+00:00,1786752000000,140.73,140.83,140.46,140.46,6.0948,857.698857
2026-08-15 01:00:00+00:00,1786755600000,140.54,141.14,140.17,140.45,3.588,503.573432
2026-08-15 02:00:00+00:00,1786759200000,140.45,140.72,140.1,140.1,4.7955,672.669564
2026-08-15 03:00:00+00:00,1786762800000,140.28,140.28,139.83,139.83,10.9508,1533.167809
2026-08-15 04:00:00+00:00,1786766400000,139.87,139.87,139.22,139.22,28.3961,3961.534452
2026-08-15 05:00:00+00:00,1786770000000,139.35,139.35,139.1,139.26,11.9674,1666.113532
2026-08-15 06:00:00+00:00,1786773600000,139.29,139.62,139.26,139.28,17.3066,2412.56248
2026-08-15 07:00:00+00:00,1786777200000,139.26,139.4,139.23,139.4,4.8642,677.651693
2026-08-15 08:00:00+00:00,1786780800000,139.23,139.26,138.98,138.98,7.9171,1101.384531
2026-08-15 09:00:00+00:00,1786784400000,138.98,139.1,138.86,138.97,14.3206,1990.020836
2026-08-15 10:00:00+00:00,1786788000000,139.04,139.44,138.98,139.19,15.6207,2175.214606
2026-08-15 11:00:00+00:00,1786791600000,139.23,139.39,139.19,139.19,6.9186,963.651551
2026-08-15 12:00:00+00:00,1786795200000,139.23,139.44,139.02,139.4,10.7176,1493.130537
2026-08-15 13:00:00+00:00,1786798800000,139.4,139.62,139.29,139.34,31.9007,4449.035747
2026-08-15 14:00:00+00:00,1786802400000,139.32,139.47,139.02,139.04,19.5446,2720.664422
2026-08-15 15:00:00+00:00,1786806000000,139.07,141.3,139.07,140.71,118.7253,16702.138289
2026-08-15 16:00:00+00:00,1786809600000,140.71,140.98,140.71,140.98,11.2508,1585.008934
2026-08-15 17:00:00+00:00,1786813200000,140.99,141.79,140.76,141.79,160.7422,22716.862802
2026-08-15 18:00:00+00:00,1786816800000,141.75,142.0,141.75,141.82,8.2653,1172.52276
2026-08-15 19:00:00+00:00,1786820400000,141.87,141.98,141.73,141.73,13.2343,1877.277851
2026-08-15 20:00:00+00:00,1786824000000,141.73,141.84,141.73,141.77,3.4124,483.816607
2026-08-15 21:00:00+00:00,1786827600000,141.77,141.84,141.73,141.81,3.9816,564.521659
2026-08-15 22:00:00+00:00,1786831200000,141.83,141.87,141.76,141.78,2.3114,327.799249
2026-08-15 23:00:00+00:00,1786834800000,141.87,141.87,141.78,141.84,1.0622,150.637065
2026-08-16 00:00:00+00:00,1786838400000,141.83,141.95,141.76,141.91,8.6117,1221.747122
2026-08-16 01:00:00+00:00,1786842000000,141.98,142.0,141.88,141.88,5.3505,759.472515
2026-08-16 02:00:00+00:00,1786845600000,141.88,142.0,141.8,141.9,13.845,1964.546244
2026-08-16 03:00:00+00:00,1786849200000,142.0,142.0,141.85,141.88,11.4879,1629.917409
2026-08-16 04:00:00+00:00,1786852800000,141.94,142.0,141.86,142.0,11.0882,1574.322918
2026-08-16 05:00:00+00:00,1786856400000,142.0,142.0,139.64,139.75,122.3975,17222.446273
2026-08-16 06:00:00+00:00,1786860000000,139.89,140.1,139.85,139.93,15.4521,2162.283089
2026-08-16 07:00:00+00:00,1786863600000,140.0,140.04,139.92,140.0,4.936,691.106732
2026-08-16 08:00:00+00:00,1786867200000,140.04,140.1,140.0,140.07,26.3328,3687.327792
2026-08-16 09:00:00+00:00,1786870800000,140.07,140.13,140.07,140.13,13.6965,1918.917066
2026-08-16 10:00:00+00:00,1786874400000,140.13,140.15,140.12,140.12,3.1726,444.580769
2026-08-16 11:00:00+00:00,1786878000000,140.12,140.17,140.1,140.14,8.7028,1219.495386
2026-08-16 12:00:00+00:00,1786881600000,140.17,140.21,140.1,140.21,3.2468,455.043695
2026-08-16 13:00:00+00:00,1786885200000,140.1,140.27,140.1,140.1,9.2844,1301.077738
2026-08-16 14:00:00+00:00,1786888800000,140.33,140.33,140.1,140.1,27.3937,3838.947449
2026-08-16 15:00:00+00:00,1786892400000,140.1,140.31,140.1,140.19,9.7009,1360.111984
2026-08-16 16:00:00+00:00,1786896000000,140.1,140.25,140.1,140.11,4.9108,688.241004
2026-08-16 17:00:00+00:00,1786899600000,140.14,140.14,140.11,140.11,5.7695,808.368926
2026-08-16 18:00:00+00:00,1786903200000,140.14,140.39,140.1,140.39,24.5478,3440.78772
2026-08-16 19:00:00+00:00,1786906800000,140.31,140.4,139.54,139.54,85.5826,11976.432965
2026-08-16 20:00:00+00:00,1786910400000,139.54,139.54,139.42,139.42,12.0611,1682.246828
2026-08-16 21:00:00+00:00,1786914000000,139.38,139.4,139.31,139.4,3.3437,466.009474
2026-08-16 22:00:00+00:00,1786917600000,139.46,139.52,139.34,139.52,10.6495,1485.132314
2026-08-16 23:00:00+00:00,1786921200000,139.41,139.53,139.38,139.43,5.0867,709.404035
2026-08-17 00:00:00+00:00,1786924800000,141.21,141.79,139.01,141.36,254067.0,35831622.81000001
2026-08-17 01:00:00+00:00,1786928400000,141.36,141.85,141.09,141.85,114454.0,16190046.34
2026-08-17 02:00:00+00:00,1786932000000,141.85,142.37,141.59,142.22,124028.0,17603449.73
2026-08-17 03:00:00+00:00,1786935600000,142.22,143.27,142.2,142.62,206484.0,29493482.1
2026-08-17 04:00:00+00:00,1786939200000,142.62,143.44,142.38,143.17,83636.0,11958721.4
2026-08-17 05:00:00+00:00,1786942800000,143.17,143.26,142.51,142.84,83943.0,11994338.45
2026-08-17 06:00:00+00:00,1786946400000,142.87,143.3,142.8,143.27,66868.0,9565113.49
2026-08-17 07:00:00+00:00,1786950000000,143.26,143.47,142.85,143.3,99183.0,14200022.81
2026-08-17 08:00:00+00:00,1786953600000,142.67,142.744,140.99,142.21,1469341.4258450002,208821627.96795076
2026-08-17 09:00:00+00:00,1786957200000,142.05,142.113,141.104,141.24,328544.18159600004,46513938.19921714
2026-08-17 10:00:00+00:00,1786960800000,141.14,142.123,141.093,141.8,331063.88910999993,46938867.2194051
2026-08-17 11:00:00+00:00,1786964400000,141.88,141.89,139.829,139.829,2072337.743519,291325221.2322839
2026-08-17 12:00:00+00:00,1786968000000,140.1,140.298,139.54,139.76,735261.2709369999,102893785.72521144
2026-08-17 13:00:00+00:00,1786971600000,139.914,148.395,139.25,148.395,29739636.744267,4298201400.893472
2026-08-17 14:00:00+00:00,1786975200000,148.355,149.67,146.28,148.31,28402202.74472901,4207542077.6879983
2026-08-17 15:00:00+00:00,1786978800000,148.315,149.79,147.71,149.365,13432046.610388,1998192893.105811
2026-08-17 16:00:00+00:00,1786982400000,149.36,149.42,147.57,148.2,9877440.488865996,1467326380.1746569
2026-08-17 17:00:00+00:00,1786986000000,148.2,148.37,147.12,147.81,6978616.407774,1031470908.842832
2026-08-17 18:00:00+00:00,1786989600000,147.825,147.85,145.63,145.769,15142956.223014,2221108689.9968414
2026-08-17 19:00:00+00:00,1786993200000,145.73,146.81,145.02,146.25,18632055.962614,2718799533.248892
2026-08-17 20:00:00+00:00,1786996800000,146.31,146.31,145.657,145.72,3999362.4363520006,584732784.0504988
2026-08-17 21:00:00+00:00,1787000400000,145.64,145.798,145.615,145.67,222364.27201,32399074.81539143
2026-08-17 22:00:00+00:00,1787004000000,145.89,145.95,145.741,145.89,192218.878309,28039717.43255924
2026-08-17 23:00:00+00:00,1787007600000,145.935,146.195,145.626,145.88,423949.3361,61882245.12210499
2026-08-18 00:00:00+00:00,1787011200000,145.85,146.14,145.42,145.81,58062.0,8465954.71
2026-08-18 01:00:00+00:00,1787014800000,145.79,145.82,144.04,144.32,190613.0,27637767.76
2026-08-18 02:00:00+00:00,1787018400000,144.32,144.67,143.36,143.67,167343.0,24076127.4
2026-08-18 03:00:00+00:00,1787022000000,143.69,144.1,142.54,144.09,181967.0,26072374.55
2026-08-18 04:00:00+00:00,1787025600000,144.09,144.48,143.76,144.26,88727.0,12792228.81
2026-08-18 05:00:00+00:00,1787029200000,144.24,144.25,143.47,143.53,54595.0,7845276.48
2026-08-18 06:00:00+00:00,1787032800000,143.6,144.73,143.3,144.54,107309.0,15463831.43
2026-08-18 07:00:00+00:00,1787036400000,144.54,144.56,143.87,143.95,43393.0,6257618.03
2026-08-18 08:00:00+00:00,1787040000000,144.03,145.608,142.72,143.42,1031779.4220639998,148171572.88788247
2026-08-18 09:00:00+00:00,1787043600000,143.41,144.146,143.09,143.49,315676.65921700007,45331041.99289752
2026-08-18 10:00:00+00:00,1787047200000,143.3,143.51,142.476,143.16,386302.133393,55228727.51629041
2026-08-18 11:00:00+00:00,1787050800000,143.15,144.035,142.865,142.887,1098821.089307,157421560.3560173
2026-08-18 12:00:00+00:00,1787054400000,143.03,143.099,141.689,142.09,921410.9081639998,131125894.199728
2026-08-18 13:00:00+00:00,1787058000000,141.91,142.92,139.5,141.095,14618709.055361994,2064926277.1007087
2026-08-18 14:00:00+00:00,1787061600000,141.11,143.01,140.13,140.875,12200676.385911,1725296427.664036
2026-08-18 15:00:00+00:00,1787065200000,140.875,144.45,140.43,144.4,9793861.555989,1395140475.581411
2026-08-18 16:00:00+00:00,1787068800000,144.381,146.44,143.48,145.994,16029344.125936,2322874940.662617
2026-08-18 17:00:00+00:00,1787072400000,145.989,146.21,144.21,144.406,8969235.112068,1301759733.6932638
2026-08-18 18:00:00+00:00,1787076000000,144.44,144.87,142.78,143.04,8376921.263560001,1204569445.3991265
2026-08-18 19:00:00+00:00,1787079600000,142.86,143.72,141.92,143.28,11582306.623144,1654535975.8081071
2026-08-18 20:00:00+00:00,1787083200000,143.31,143.888,142.871,143.17,4841382.882994,693990450.0542164
2026-08-18 21:00:00+00:00,1787086800000,143.036,143.074,142.602,142.83,211492.265558,30212514.790260483
2026-08-18 22:00:00+00:00,1787090400000,142.83,143.035,142.615,142.615,131882.480829,18834453.60514348
2026-08-18 23:00:00+00:00,1787094000000,142.66,142.839,142.274,142.3,182082.52277599997,25950892.76884701
2026-08-19 00:00:00+00:00,1787097600000,142.26,142.97,141.59,142.36,1.0,142.293
2026-08-19 01:00:00+00:00,1787101200000,142.37,143.55,142.36,143.02,62501.0,8944416.82
2026-08-19 02:00:00+00:00,1787104800000,143.0,143.0,141.87,142.37,90442.0,12860102.85
2026-08-19 03:00:00+00:00,1787108400000,142.42,142.54,141.9,142.08,36568.0,5197435.79
2026-08-19 04:00:00+00:00,1787112000000,142.08,142.12,141.58,141.68,45516.0,6455312.35
2026-08-19 05:00:00+00:00,1787115600000,141.67,142.01,141.02,141.28,60824.0,8608701.63
2026-08-19 06:00:00+00:00,1787119200000,141.31,142.28,140.75,142.09,121151.0,17118030.88
2026-08-19 07:00:00+00:00,1787122800000,142.1,143.28,141.7,142.67,119762.0,17062914.95
2026-08-19 08:00:00+00:00,1787126400000,142.86,143.775,142.281,143.24,918889.5659540002,131338080.218241
2026-08-19 09:00:00+00:00,1787130000000,142.665,143.174,142.122,142.35,120600.154825,17194494.71408148
2026-08-19 10:00:00+00:00,1787133600000,141.99,142.712,141.829,142.43,139036.72066599998,19780351.04266189
2026-08-19 11:00:00+00:00,1787137200000,142.53,142.7,141.667,141.93,338056.06795700005,48037936.28472369
2026-08-19 12:00:00+00:00,1787140800000,141.85,144.329,141.761,144.24,1027048.530629,147145037.5735107
2026-08-19 13:00:00+00:00,1787144400000,144.228,145.367,138.25,138.785,5884712.871954,845306200.613557
2026-08-19 14:00:00+00:00,1787148000000,138.805,139.41,136.735,138.581,771034.0,106503860.685
2026-08-19 15:00:00+00:00,1787151600000,138.581,140.36,138.39,139.57,545515.0,76008753.765
2026-08-19 16:00:00+00:00,1787155200000,139.57,140.89,139.49,140.29,6079535.943916999,852690177.4428338
2026-08-19 17:00:00+00:00,1787158800000,140.308,140.31,138.92,139.765,3857916.940065,538169275.6137594
2026-08-19 18:00:00+00:00,1787162400000,139.765,140.555,139.34,139.53,6583527.193857,921039689.7195779
2026-08-19 19:00:00+00:00,1787166000000,139.49,139.78,138.43,139.67,9101727.945834002,1265533379.1181865
2026-08-19 20:00:00+00:00,1787169600000,139.54,139.72,138.901,139.16,5288743.869360002,737816262.1084188
2026-08-19 21:00:00+00:00,1787173200000,139.675,140.263,139.55,139.703,684920.248739,95873929.13214037
2026-08-19 22:00:00+00:00,1787176800000,139.51,139.813,139.321,139.49,255310.136455,35637567.52112575
2026-08-19 23:00:00+00:00,1787180400000,139.49,139.695,139.218,139.33,480445.0142960001,66997913.11007293
2026-08-20 00:00:00+00:00,1787184000000,139.46,139.63,138.0,139.29,88867.0,12333098.25
2026-08-20 01:00:00+00:00,1787187600000,139.34,139.74,138.79,139.17,48832.0,6804208.44
2026-08-20 02:00:00+00:00,1787191200000,139.22,139.53,139.09,139.31,24406.0,3400279.9
2026-08-20 03:00:00+00:00,1787194800000,139.28,139.45,138.96,139.38,26257.0,3654512.81
2026-08-20 04:00:00+00:00,1787198400000,139.37,139.73,139.34,139.43,21583.0,3011721.54
2026-08-20 05:00:00+00:00,1787202000000,139.43,139.59,139.16,139.27,23009.0,3207124.23
2026-08-20 06:00:00+00:00,1787205600000,139.26,139.89,139.26,139.82,46082.0,6437686.75
2026-08-20 07:00:00+00:00,1787209200000,139.82,139.89,139.36,139.37,53502.0,7476430.75
2026-08-20 08:00:00+00:00,1787212800000,139.08,139.637,138.02,138.02,515675.1077229998,71661616.42489903
2026-08-20 09:00:00+00:00,1787216400000,138.16,138.209,137.34,137.81,399699.18576699984,55095175.28482049
2026-08-20 10:00:00+00:00,1787220000000,137.3,138.66,137.3,138.66,258920.67202600004,35748659.34528577
2026-08-20 11:00:00+00:00,1787223600000,138.51,138.597,137.443,137.5,1218330.1158259995,168219103.24750113
2026-08-20 12:00:00+00:00,1787227200000,137.51,137.539,135.575,136.82,3094553.276304,421734499.67054015
2026-08-20 13:00:00+00:00,1787230800000,136.819,138.068,133.24,133.397,2448411.930579,334131818.5436944
2026-08-20 14:00:00+00:00,1787234400000,133.42,134.22,132.4,132.945,19103679.598909,2545742970.7748938
2026-08-20 15:00:00+00:00,1787238000000,132.95,133.38,130.49,131.91,753496.0,99222551.71
2026-08-20 16:00:00+00:00,1787241600000,131.876,132.15,130.39,131.139,3561676.101811,466060275.3304844
2026-08-20 17:00:00+00:00,1787245200000,131.125,132.655,130.52,132.475,11192260.036093,1471692656.6659408
2026-08-20 18:00:00+00:00,1787248800000,132.49,133.29,131.769,132.911,12406144.043086,1643127526.047501
2026-08-20 19:00:00+00:00,1787252400000,132.92,134.72,132.06,133.95,16411678.026344,2182536417.328693
2026-08-20 20:00:00+00:00,1787256000000,133.87,134.108,133.132,133.31,5437349.344834,728237791.1269797
2026-08-20 21:00:00+00:00,1787259600000,133.58,133.712,133.24,133.45,283317.69548900006,37814101.1674518
2026-08-20 22:00:00+00:00,1787263200000,133.3,133.9,133.231,133.9,141222.10431299996,18851399.77169201
2026-08-20 23:00:00+00:00,1787266800000,133.599,133.723,133.27,133.295,260572.877662,34782001.15327902
2026-08-21 00:00:00+00:00,1787270400000,133.57,134.2,133.26,133.98,80394.0,10757185.65
2026-08-21 01:00:00+00:00,1787274000000,133.9,134.75,133.67,134.65,112103.0,15057386.24
2026-08-21 02:00:00+00:00,1787277600000,134.66,135.29,134.6,134.69,141281.0,19058174.9
2026-08-21 03:00:00+00:00,1787281200000,134.69,134.7,134.05,134.08,69784.0,9375113.71
2026-08-21 04:00:00+00:00,1787284800000,134.07,134.38,133.57,134.29,47425.0,6352443.4
2026-08-21 05:00:00+00:00,1787288400000,134.3,134.71,134.06,134.44,34645.0,4656443.63
2026-08-21 06:00:00+00:00,1787292000000,134.47,134.87,134.45,134.64,49100.0,6612613.66
2026-08-21 07:00:00+00:00,1787295600000,134.66,135.1,134.58,135.01,57298.0,7728671.44
2026-08-21 08:00:00+00:00,1787299200000,134.94,135.17,133.537,135.17,815524.6344349999,109803133.85742629
2026-08-21 09:00:00+00:00,1787302800000,135.07,136.693,134.931,136.5,510506.8704970001,69260007.66414456
2026-08-21 10:00:00+00:00,1787306400000,136.51,136.58,135.541,136.02,258047.464199,35132542.93677977
2026-08-21 11:00:00+00:00,1787310000000,135.541,135.645,134.9,135.369,1104030.715148,149407076.94343624
2026-08-21 12:00:00+00:00,1787313600000,135.32,135.415,134.97,135.3,618856.2443879999,83694304.14790642
2026-08-21 13:00:00+00:00,1787317200000,135.07,135.243,131.23,132.37,13695857.28829,1816262418.42929
2026-08-21 14:00:00+00:00,1787320800000,132.32,135.6,131.39,135.09,14927649.787743,1992138154.358688
2026-08-21 15:00:00+00:00,1787324400000,135.09,137.315,134.985,136.8,12940711.895926002,1763171995.8199177
2026-08-21 16:00:00+00:00,1787328000000,136.803,137.33,135.685,136.027,9670285.527820002,1318238949.8723626
2026-08-21 17:00:00+00:00,1787331600000,136.008,136.46,135.115,135.56,9017986.873454,1225195854.454312
2026-08-21 18:00:00+00:00,1787335200000,135.55,136.46,135.06,136.3,5268703.568223001,715307647.421223
2026-08-21 19:00:00+00:00,1787338800000,136.315,137.21,135.75,136.9,11436606.593721,1561891644.20118
2026-08-21 20:00:00+00:00,1787342400000,136.6,136.97,136.527,136.8,3576005.9013270005,489531963.85330766
2026-08-21 21:00:00+00:00,1787346000000,136.863,137.024,136.765,136.82,229416.486603,31399253.1478398
2026-08-21 22:00:00+00:00,1787349600000,136.81,136.895,136.775,136.81,91193.133734,12478394.21586514
2026-08-21 23:00:00+00:00,1787353200000,136.83,136.84,136.358,136.69,167435.11034299998,22878986.47419785
2026-08-22 00:00:00+00:00,1787356800000,136.734,136.734,136.734,136.734,11.3477,1549.348087
2026-08-22 01:00:00+00:00,1787360400000,136.44,136.88,136.11,136.5,19.3471,2639.801804
2026-08-22 02:00:00+00:00,1787364000000,136.54,136.89,136.4,136.59,32.8612,4489.139019
2026-08-22 03:00:00+00:00,1787367600000,136.89,137.29,136.54,137.0,89.0094,12165.366665
2026-08-22 04:00:00+00:00,1787371200000,137.3,137.3,135.63,135.75,559.1826,76176.881585
2026-08-22 05:00:00+00:00,1787374800000,135.85,135.86,133.06,134.49,801.8246,107551.558136
2026-08-22 06:00:00+00:00,1787378400000,134.36,134.82,133.95,134.69,71.6335,9625.127122
2026-08-22 07:00:00+00:00,1787382000000,134.71,134.75,134.34,134.4,27.0754,3644.769102
2026-08-22 08:00:00+00:00,1787385600000,134.53,134.95,133.77,134.72,147.185,19751.508121
2026-08-22 09:00:00+00:00,1787389200000,134.65,134.92,134.45,134.45,18.8759,2541.841906
2026-08-22 10:00:00+00:00,1787392800000,134.51,135.2,134.45,134.82,45.1615,6088.859306
2026-08-22 11:00:00+00:00,1787396400000,134.91,135.07,134.72,134.96,37.8526,5107.851083
2026-08-22 12:00:00+00:00,1787400000000,135.04,135.16,134.9,135.08,19.9889,2699.548783
2026-08-22 13:00:00+00:00,1787403600000,135.15,135.36,135.0,135.16,40.0284,5410.531644
2026-08-22 14:00:00+00:00,1787407200000,135.12,135.16,134.9,134.96,19.2465,2598.942463
2026-08-22 15:00:00+00:00,1787410800000,135.0,135.0,134.62,134.66,22.3057,3007.565726
2026-08-22 16:00:00+00:00,1787414400000,134.65,134.84,134.64,134.64,13.655,1839.968371
2026-08-22 17:00:00+00:00,1787418000000,134.75,134.86,134.42,134.71,51.2162,6894.429036
2026-08-22 18:00:00+00:00,1787421600000,134.71,134.84,134.49,134.74,28.9735,3902.004995
2026-08-22 19:00:00+00:00,1787425200000,134.74,134.79,134.55,134.7,14.1226,1902.040279
2026-08-22 20:00:00+00:00,1787428800000,134.66,134.79,134.53,134.79,4.6603,627.712447
2026-08-22 21:00:00+00:00,1787432400000,134.63,134.94,134.25,134.39,57.1934,7695.284099
2026-08-22 22:00:00+00:00,1787436000000,134.59,134.65,134.42,134.5,12.3747,1664.79177
2026-08-22 23:00:00+00:00,1787439600000,134.61,135.0,134.45,134.69,17.9149,2414.454528
2026-08-23 00:00:00+00:00,1787443200000,134.73,134.93,134.61,134.7,8.7076,1173.267933
2026-08-23 01:00:00+00:00,1787446800000,134.82,134.83,134.6,134.6,7.1754,966.601167
2026-08-23 02:00:00+00:00,1787450400000,134.7,134.74,134.46,134.46,11.3638,1529.338733
2026-08-23 03:00:00+00:00,1787454000000,134.56,134.56,134.32,134.32,37.8706,5091.56047
2026-08-23 04:00:00+00:00,1787457600000,134.5,134.54,134.25,134.3,13.0985,1760.261241
2026-08-23 05:00:00+00:00,1787461200000,134.26,134.26,133.96,134.04,19.1269,2565.697492
2026-08-23 06:00:00+00:00,1787464800000,134.17,134.17,133.68,133.94,31.5172,4220.744903
2026-08-23 07:00:00+00:00,1787468400000,133.95,134.55,133.71,134.29,50.2886,6746.356707
2026-08-23 08:00:00+00:00,1787472000000,134.25,134.79,134.25,134.64,16.2278,2184.799517
2026-08-23 09:00:00+00:00,1787475600000,134.5,134.91,134.44,134.85,43.3037,5832.457457
2026-08-23 10:00:00+00:00,1787479200000,134.71,135.26,134.65,134.85,72.7223,9812.061339
2026-08-23 11:00:00+00:00,1787482800000,134.85,135.23,134.72,134.94,30.9174,4173.398686
2026-08-23 12:00:00+00:00,1787486400000,134.93,135.03,134.24,134.71,69.2449,9328.754044
2026-08-23 13:00:00+00:00,1787490000000,134.8,135.24,134.37,135.12,66.0689,8897.584317
2026-08-23 14:00:00+00:00,1787493600000,135.24,135.25,134.94,134.94,10.5119,1420.468329
2026-08-23 15:00:00+00:00,1787497200000,134.94,135.08,134.61,134.99,600.5047,81006.634546
2026-08-23 16:00:00+00:00,1787500800000,134.92,135.14,134.88,135.07,43.8723,5923.931183
2026-08-23 17:00:00+00:00,1787504400000,135.09,135.32,135.06,135.06,18.714,2529.032115
2026-08-23 18:00:00+00:00,1787508000000,135.26,135.4,135.06,135.27,18.4431,2493.087774
2026-08-23 19:00:00+00:00,1787511600000,135.39,135.4,135.21,135.22,16.582,2244.062624
2026-08-23 20:00:00+00:00,1787515200000,135.29,135.37,135.2,135.21,9.2529,1251.764138
2026-08-23 21:00:00+00:00,1787518800000,135.33,135.37,135.17,135.17,6.8192,922.275026
2026-08-23 22:00:00+00:00,1787522400000,135.13,135.26,135.09,135.09,5.688,768.722331
2026-08-23 23:00:00+00:00,1787526000000,135.09,135.22,135.01,135.06,5.6078,757.737555
2026-08-24 00:00:00+00:00,1787529600000,135.62,137.1,135.58,136.29,125573.0,17088168.95
2026-08-24 01:00:00+00:00,1787533200000,136.27,136.4,134.86,134.89,112906.0,15307224.03
2026-08-24 02:00:00+00:00,1787536800000,134.85,135.42,134.64,135.17,99600.0,13452136.03
2026-08-24 03:00:00+00:00,1787540400000,135.16,135.17,133.75,134.06,166454.0,22389315.56
2026-08-24 04:00:00+00:00,1787544000000,134.06,134.52,133.87,134.18,55328.0,7422403.35
2026-08-24 05:00:00+00:00,1787547600000,134.18,134.52,133.23,133.47,104787.0,14001978.72
2026-08-24 06:00:00+00:00,1787551200000,133.46,133.89,133.22,133.85,73126.0,9768632.09
2026-08-24 07:00:00+00:00,1787554800000,133.82,134.18,133.49,133.63,44283.0,5929885.14
2026-08-24 08:00:00+00:00,1787558400000,133.85,136.239,133.517,134.44,751437.0287290002,100751850.23125274
2026-08-24 09:00:00+00:00,1787562000000,134.57,134.633,134.265,134.55,96190.38637800002,12934557.73259282
2026-08-24 10:00:00+00:00,1787565600000,134.39,134.645,134.193,134.38,110122.83964400002,14795421.97296205
2026-08-24 11:00:00+00:00,1787569200000,134.278,134.344,133.472,134.215,944276.814024,126478242.41766135
2026-08-24 12:00:00+00:00,1787572800000,134.14,134.24,133.366,133.75,487276.6425020001,65148204.91521791
2026-08-24 13:00:00+00:00,1787576400000,133.33,138.34,133.13,135.38,15208197.730616,2067689834.437048
2026-08-24 14:00:00+00:00,1787580000000,135.23,136.61,133.37,136.405,10946545.055289997,1472901423.36949
2026-08-24 15:00:00+00:00,1787583600000,136.49,137.86,135.115,136.96,8742222.926929997,1195916863.5135844
2026-08-24 16:00:00+00:00,1787587200000,137.15,137.17,135.814,136.25,4458221.430535998,608493280.7888542
2026-08-24 17:00:00+00:00,1787590800000,136.23,136.41,135.115,135.384,6583392.142004,894618054.098065
2026-08-24 18:00:00+00:00,1787594400000,135.382,136.29,135.29,135.663,5535788.132909,751958540.9098045
2026-08-24 19:00:00+00:00,1787598000000,135.663,135.69,134.645,135.043,8696477.251594,1174443424.3616343
2026-08-24 20:00:00+00:00,1787601600000,134.91,135.109,134.53,134.68,3722126.229711,502036291.52456707
2026-08-24 21:00:00+00:00,1787605200000,135.01,135.105,134.886,134.99,117031.46364,15798557.10576452
2026-08-24 22:00:00+00:00,1787608800000,135.105,135.108,134.91,135.027,140086.389618,18916093.87569631
2026-08-24 23:00:00+00:00,1787612400000,135.05,135.075,135.01,135.05,66990.046224,9046268.85204274
2026-08-25 00:00:00+00:00,1787616000000,135.03,135.45,134.48,135.33,35583.0,4803331.37
2026-08-25 01:00:00+00:00,1787619600000,135.32,135.63,134.97,135.39,38710.0,5239524.19
2026-08-25 02:00:00+00:00,1787623200000,135.4,135.51,135.2,135.3,28731.0,3890335.81
2026-08-25 03:00:00+00:00,1787626800000,135.3,136.19,135.3,136.11,48965.0,6650735.67
2026-08-25 04:00:00+00:00,1787630400000,136.16,136.36,136.05,136.06,33062.0,4503761.81
2026-08-25 05:00:00+00:00,1787634000000,136.06,136.64,136.04,136.38,45453.0,6201579.35
2026-08-25 06:00:00+00:00,1787637600000,136.38,136.61,136.22,136.49,36509.0,4980300.62
2026-08-25 07:00:00+00:00,1787641200000,136.49,136.53,135.99,136.11,31829.0,4336670.11
2026-08-25 08:00:00+00:00,1787644800000,135.232,137.3,135.232,137.015,644366.31222,87991340.53555605
2026-08-25 09:00:00+00:00,1787648400000,136.96,137.5,136.82,137.4,255898.47307500005,35124547.64473258
2026-08-25 10:00:00+00:00,1787652000000,137.16,137.473,136.974,137.03,165337.93825799998,22689176.46300091
2026-08-25 11:00:00+00:00,1787655600000,136.79,137.317,136.666,137.24,449305.079872,61547247.61712215
2026-08-25 12:00:00+00:00,1787659200000,137.2,137.865,137.149,137.6,703419.2121190003,96720915.42749588
2026-08-25 13:00:00+00:00,1787662800000,137.41,138.16,136.11,137.96,9603678.510659,1317301047.6966057
2026-08-25 14:00:00+00:00,1787666400000,137.907,138.6,136.855,137.585,13361875.822576,1840046607.9332209
2026-08-25 15:00:00+00:00,1787670000000,137.58,139.725,136.86,138.756,12700329.030375,1757777260.820563
2026-08-25 16:00:00+00:00,1787673600000,138.7,138.78,137.81,138.631,5661008.745978,783321497.1602061
2026-08-25 17:00:00+00:00,1787677200000,138.6,138.835,138.105,138.59,3870472.7114650006,536062405.7742583
2026-08-25 18:00:00+00:00,1787680800000,138.62,138.64,137.83,138.205,3249920.776593,449495242.6422672
2026-08-25 19:00:00+00:00,1787684400000,138.2,139.09,137.56,137.944,9937433.965988,1375447591.0933385
2026-08-25 20:00:00+00:00,1787688000000,137.88,138.15,137.747,137.89,3613993.040981001,498525042.05204225
2026-08-25 21:00:00+00:00,1787691600000,137.94,138.04,137.837,137.88,122254.51558899996,16861538.39725982
2026-08-25 22:00:00+00:00,1787695200000,137.94,138.075,137.94,138.0,93257.733493,12870350.58699534
2026-08-25 23:00:00+00:00,1787698800000,138.005,138.005,137.737,137.818,98678.904305,13604811.1970782
2026-08-26 00:00:00+00:00,1787702400000,137.84,137.92,137.09,137.14,46474.0,6390094.64
2026-08-26 01:00:00+00:00,1787706000000,137.11,137.73,137.09,137.68,38668.0,5313510.43
2026-08-26 02:00:00+00:00,1787709600000,137.69,138.23,137.54,138.12,30447.0,4199967.41
2026-08-26 03:00:00+00:00,1787713200000,138.09,138.47,137.8,138.29,31839.0,4396773.36
2026-08-26 04:00:00+00:00,1787716800000,138.31,138.48,138.19,138.29,27322.0,3779432.61
2026-08-26 05:00:00+00:00,1787720400000,138.32,138.53,138.16,138.48,26333.0,3644535.51
2026-08-26 06:00:00+00:00,1787724000000,138.46,138.47,138.09,138.42,30260.0,4184349.13
2026-08-26 07:00:00+00:00,1787727600000,138.39,138.41,137.98,138.12,25724.0,3555198.07
2026-08-26 08:00:00+00:00,1787731200000,137.92,138.254,137.877,137.98,287016.7941910001,39653522.7434431
2026-08-26 09:00:00+00:00,1787734800000,138.1,138.18,137.924,138.08,72412.16415899999,9997759.23380632
2026-08-26 10:00:00+00:00,1787738400000,138.074,138.14,137.705,138.04,148926.517698,20549185.08407861
2026-08-26 11:00:00+00:00,1787742000000,137.965,138.153,137.52,137.71,205366.902856,28324613.97570523
2026-08-26 12:00:00+00:00,1787745600000,137.55,137.665,136.51,136.96,615093.6947240001,84305910.47689143
2026-08-26 13:00:00+00:00,1787749200000,136.97,139.5,135.12,138.57,10960727.079339,1504853024.357848
2026-08-26 14:00:00+00:00,1787752800000,138.615,139.05,135.57,136.13,9480737.635802004,1298909407.8668172
2026-08-26 15:00:00+00:00,1787756400000,136.127,137.13,135.835,136.475,7745262.295221,1056486495.5804904
2026-08-26 16:00:00+00:00,1787760000000,136.467,136.87,136.19,136.801,3779836.770158,516309447.9097693
2026-08-26 17:00:00+00:00,1787763600000,136.802,138.31,136.74,138.044,10494403.949475,1446640592.4278808
2026-08-26 18:00:00+00:00,1787767200000,138.04,138.96,137.61,138.87,4791508.942787999,661891378.9424257
2026-08-26 19:00:00+00:00,1787770800000,138.89,140.01,137.29,139.58,14022056.332103,1949248116.8946345
2026-08-26 20:00:00+00:00,1787774400000,139.52,139.813,138.73,139.5,3659031.373646999,510254486.3770356
2026-08-26 21:00:00+00:00,1787778000000,139.482,140.556,139.286,140.05,1578455.305482,220712014.3863161
2026-08-26 22:00:00+00:00,1787781600000,140.19,140.52,140.02,140.51,288315.79596300004,40450187.20517617
2026-08-26 23:00:00+00:00,1787785200000,140.32,140.92,140.295,140.51,366120.2036260001,51481333.41650348
2026-08-27 00:00:00+00:00,1787788800000,140.66,140.72,139.57,139.79,70258.0,9839823.66
2026-08-27 01:00:00+00:00,1787792400000,139.78,140.94,139.69,140.81,110004.0,15448660.82
2026-08-27 02:00:00+00:00,1787796000000,140.79,141.53,140.74,141.08,88592.0,12512600.13
2026-08-27 03:00:00+00:00,1787799600000,141.11,141.78,141.09,141.5,68298.0,9664850.78
2026-08-27 04:00:00+00:00,1787803200000,141.5,141.58,140.88,140.91,41618.0,5875246.05
2026-08-27 05:00:00+00:00,1787806800000,140.89,140.98,140.51,140.64,32876.0,4628944.02
2026-08-27 06:00:00+00:00,1787810400000,140.66,140.76,140.39,140.59,44887.0,6310673.15
2026-08-27 07:00:00+00:00,1787814000000,140.56,140.93,140.46,140.86,42069.0,5919991.39
2026-08-27 08:00:00+00:00,1787817600000,140.86,141.468,140.408,140.59,601023.32457,84660866.72691968
2026-08-27 09:00:00+00:00,1787821200000,140.72,140.9,140.38,140.8,172516.207835,24264732.41278764
2026-08-27 10:00:00+00:00,1787824800000,140.65,140.763,140.45,140.64,93991.525985,13213507.30687067
2026-08-27 11:00:00+00:00,1787828400000,140.682,140.86,139.99,140.218,589814.09609,82847081.7192925
2026-08-27 12:00:00+00:00,1787832000000,140.3,140.31,139.81,139.98,371597.927191,52053251.84195168
2026-08-27 13:00:00+00:00,1787835600000,140.21,140.66,138.71,138.89,7759604.676853999,1084069538.6683064
2026-08-27 14:00:00+00:00,1787839200000,138.92,140.65,138.59,140.645,9359423.355290998,1307979413.9019167
2026-08-27 15:00:00+00:00,1787842800000,140.68,141.26,139.6,141.225,9754741.220740998,1370953767.0677476
2026-08-27 16:00:00+00:00,1787846400000,141.215,142.05,140.375,140.58,9216582.217937,1300363306.1111867
2026-08-27 17:00:00+00:00,1787850000000,140.58,140.81,139.85,139.97,6069525.672956,852155069.352671
2026-08-27 18:00:00+00:00,1787853600000,139.973,140.87,139.51,139.647,6024524.468815,845089740.3765532
2026-08-27 19:00:00+00:00,1787857200000,139.647,141.24,139.195,140.93,10875032.158974,1523847273.361484
2026-08-27 20:00:00+00:00,1787860800000,140.94,140.97,140.54,140.72,2508168.0596699994,353387084.6831748
2026-08-27 21:00:00+00:00,1787864400000,140.52,140.62,140.225,140.3,125040.744316,17560259.48098507
2026-08-27 22:00:00+00:00,1787868000000,140.275,140.435,140.246,140.351,150068.406133,21062254.95651358
2026-08-27 23:00:00+00:00,1787871600000,140.3,140.385,140.097,140.11,89985.60810099999,12615082.39967919
2026-08-28 00:00:00+00:00,1787875200000,140.51,140.75,140.04,140.6,500.0,70095.0
2026-08-28 01:00:00+00:00,1787878800000,140.59,140.73,140.4,140.61,24533.0,3448334.6
2026-08-28 02:00:00+00:00,1787882400000,140.62,140.84,140.38,140.52,27319.0,3841653.86
2026-08-28 03:00:00+00:00,1787886000000,140.52,140.75,140.47,140.7,18678.0,2626878.75
2026-08-28 04:00:00+00:00,1787889600000,140.66,140.73,140.43,140.52,15951.0,2242303.05
2026-08-28 05:00:00+00:00,1787893200000,140.47,140.48,140.23,140.25,21044.0,2953008.06
2026-08-28 06:00:00+00:00,1787896800000,140.27,140.81,140.24,140.73,32255.0,4534851.69
2026-08-28 07:00:00+00:00,1787900400000,140.74,140.76,140.49,140.65,19927.0,2801924.51
2026-08-28 08:00:00+00:00,1787904000000,140.54,140.58,140.0,140.36,256619.298394,36028630.96048209
2026-08-28 09:00:00+00:00,1787907600000,140.41,140.57,140.29,140.35,83783.63218500002,11764420.06471425
2026-08-28 10:00:00+00:00,1787911200000,140.382,140.56,140.176,140.505,111274.43013,15619842.553842967
2026-08-28 11:00:00+00:00,1787914800000,140.54,140.639,140.3,140.4,146252.839858,20548129.11738138
2026-08-28 12:00:00+00:00,1787918400000,140.43,140.452,140.049,140.11,170117.07483099998,23863631.98802057
2026-08-28 13:00:00+00:00,1787922000000,140.15,143.03,139.045,141.68,9043525.994593998,1276839156.8299365
2026-08-28 14:00:00+00:00,1787925600000,141.7,143.26,141.16,142.75,11360222.905325,1616092814.2663386
2026-08-28 15:00:00+00:00,1787929200000,142.825,143.05,139.61,139.871,10661351.803741,1509023352.2218242
2026-08-28 16:00:00+00:00,1787932800000,139.868,140.315,137.94,139.573,10024611.109344,1394500475.554608
2026-08-28 17:00:00+00:00,1787936400000,139.566,140.848,139.07,140.724,5603621.707072,784926230.73986
2026-08-28 18:00:00+00:00,1787940000000,140.74,140.74,139.91,140.29,3469568.673464998,486703807.4194557
2026-08-28 19:00:00+00:00,1787943600000,140.278,141.74,140.09,141.482,11113843.052543,1567458705.7317991
2026-08-28 20:00:00+00:00,1787947200000,141.488,141.553,140.876,140.914,2196558.080426,310649036.3575083
2026-08-28 21:00:00+00:00,1787950800000,140.93,141.05,140.9,140.96,88045.86652299999,12411191.87350834
2026-08-28 22:00:00+00:00,1787954400000,140.98,141.05,140.913,141.01,55865.504212,7874935.55093363
2026-08-28 23:00:00+00:00,1787958000000,140.98,141.034,140.926,140.97,73644.648337,10382127.94395691
2026-08-29 00:00:00+00:00,1787961600000,140.96,140.96,140.96,140.96,19.0,2678.24
2026-08-29 01:00:00+00:00,1787965200000,141.26,141.35,141.18,141.35,3.1101,439.432175
2026-08-29 02:00:00+00:00,1787968800000,141.21,141.63,140.87,140.87,47.7286,6746.511549
2026-08-29 03:00:00+00:00,1787972400000,141.01,141.26,140.86,140.95,39.5856,5582.192371
2026-08-29 04:00:00+00:00,1787976000000,141.11,141.15,134.69,140.04,734.9525,102488.320173
2026-08-29 05:00:00+00:00,1787979600000,140.17,140.2,139.94,140.04,12.1318,1699.552304
2026-08-29 06:00:00+00:00,1787983200000,140.15,140.2,139.68,140.13,34.4666,4826.439359
2026-08-29 07:00:00+00:00,1787986800000,139.95,140.17,139.85,140.07,37.6177,5267.556424
2026-08-29 08:00:00+00:00,1787990400000,140.07,140.09,139.7,139.95,12.645,1769.468866
2026-08-29 09:00:00+00:00,1787994000000,139.95,140.07,139.71,139.8,33.1484,4637.589949
2026-08-29 10:00:00+00:00,1787997600000,139.8,140.23,139.8,139.84,17.0145,2381.330404
2026-08-29 11:00:00+00:00,1788001200000,139.84,140.04,139.84,139.89,25.7647,3604.898094
2026-08-29 12:00:00+00:00,1788004800000,140.04,140.1,139.84,139.86,21.3898,2993.5695
2026-08-29 13:00:00+00:00,1788008400000,139.91,140.25,139.82,139.93,16.1394,2259.913668
2026-08-29 14:00:00+00:00,1788012000000,140.0,140.24,139.61,139.64,23.423,3277.13966
2026-08-29 15:00:00+00:00,1788015600000,140.15,140.19,139.64,139.7,28.7517,4023.216474
2026-08-29 16:00:00+00:00,1788019200000,140.09,140.17,139.65,139.79,65.1075,9106.955103
2026-08-29 17:00:00+00:00,1788022800000,139.79,139.92,139.58,139.58,21.3422,2982.443092
2026-08-29 18:00:00+00:00,1788026400000,139.54,139.71,139.26,139.4,41.4208,5778.41637
2026-08-29 19:00:00+00:00,1788030000000,139.38,139.89,139.32,139.55,10.1856,1420.628442
2026-08-29 20:00:00+00:00,1788033600000,139.85,140.29,139.54,140.29,6.8662,961.052065
2026-08-29 21:00:00+00:00,1788037200000,140.29,140.29,140.01,140.01,16.2096,2271.191164
2026-08-29 22:00:00+00:00,1788040800000,140.08,140.08,139.71,139.79,17.7958,2489.496117
2026-08-29 23:00:00+00:00,1788044400000,139.79,139.97,139.7,139.78,16.7331,2340.07107
2026-08-30 00:00:00+00:00,1788048000000,139.8,140.11,139.8,140.11,11.1198,1556.658208
2026-08-30 01:00:00+00:00,1788051600000,140.11,140.15,139.87,139.94,13.0488,1827.341054
2026-08-30 02:00:00+00:00,1788055200000,140.05,140.06,139.8,139.8,16.4416,2300.132355
2026-08-30 03:00:00+00:00,1788058800000,139.8,140.37,139.8,140.03,32.3394,4532.370961
2026-08-30 04:00:00+00:00,1788062400000,140.19,140.2,139.85,139.85,16.8592,2360.17288
2026-08-30 05:00:00+00:00,1788066000000,140.0,140.01,139.71,139.82,15.976,2234.287334
2026-08-30 06:00:00+00:00,1788069600000,139.82,140.31,139.72,140.1,15.0543,2107.697029
2026-08-30 07:00:00+00:00,1788073200000,140.17,140.31,140.03,140.17,18.5764,2603.953274
2026-08-30 08:00:00+00:00,1788076800000,140.24,140.36,139.97,139.97,28.4756,3992.339235
2026-08-30 09:00:00+00:00,1788080400000,139.96,140.05,139.67,139.67,23.6386,3306.037222
2026-08-30 10:00:00+00:00,1788084000000,139.97,140.25,139.64,139.82,29.9781,4195.814248
2026-08-30 11:00:00+00:00,1788087600000,139.86,140.27,139.63,140.27,37.2709,5212.955578
2026-08-30 12:00:00+00:00,1788091200000,140.27,140.27,139.94,140.05,10.3649,1452.3145
2026-08-30 13:00:00+00:00,1788094800000,140.05,140.2,139.69,140.17,26.1978,3668.326556
2026-08-30 14:00:00+00:00,1788098400000,140.17,140.2,139.63,139.78,39.0356,5465.521839
2026-08-30 15:00:00+00:00,1788102000000,139.87,140.16,139.78,139.97,30.4894,4268.808157
2026-08-30 16:00:00+00:00,1788105600000,140.1,140.32,139.81,140.12,53.5708,7504.739979
2026-08-30 17:00:00+00:00,1788109200000,140.19,140.47,139.99,140.2,40.2303,5642.36789
2026-08-30 18:00:00+00:00,1788112800000,140.32,140.36,139.66,139.89,92.2463,12909.083287
2026-08-30 19:00:00+00:00,1788116400000,140.31,140.39,139.93,140.2,36.8922,5173.263771
2026-08-30 20:00:00+00:00,1788120000000,140.16,140.28,140.07,140.14,14.9611,2097.477085
2026-08-30 21:00:00+00:00,1788123600000,140.24,140.25,140.03,140.03,13.1819,1847.393179
2026-08-30 22:00:00+00:00,1788127200000,140.16,140.64,139.98,140.38,60.6019,8513.440322
2026-08-30 23:00:00+00:00,1788130800000,140.38,140.38,139.82,139.82,45.552,6381.332387
2026-08-31 00:00:00+00:00,1788134400000,140.86,141.43,140.07,141.05,90275.0,12712395.25
2026-08-31 01:00:00+00:00,1788138000000,141.03,141.1,140.42,140.56,59016.0,8305812.48
2026-08-31 02:00:00+00:00,1788141600000,140.57,140.85,140.1,140.21,39926.0,5606696.5
2026-08-31 03:00:00+00:00,1788145200000,140.24,140.48,140.18,140.41,19430.0,2727049.04
2026-08-31 04:00:00+00:00,1788148800000,140.39,140.59,140.29,140.44,27811.0,3905508.89
2026-08-31 05:00:00+00:00,1788152400000,140.42,140.55,140.08,140.18,54946.0,7708799.77
2026-08-31 06:00:00+00:00,1788156000000,140.19,140.65,140.15,140.46,56478.0,7929194.56
2026-08-31 07:00:00+00:00,1788159600000,140.44,140.96,140.33,140.55,29402.0,4129211.64
2026-08-31 08:00:00+00:00,1788163200000,140.49,140.91,140.385,140.6,327601.37231600005,46052923.27483125
2026-08-31 09:00:00+00:00,1788166800000,140.5,140.725,140.38,140.38,74081.09121500001,10412097.37026825
2026-08-31 10:00:00+00:00,1788170400000,140.28,140.515,140.181,140.49,64691.210232000005,9079501.92375553
2026-08-31 11:00:00+00:00,1788174000000,140.38,140.571,140.25,140.42,152649.13526600006,21426092.12946572
2026-08-31 12:00:00+00:00,1788177600000,140.35,140.711,140.081,140.12,263211.07618000003,36950123.61740838
2026-08-31 13:00:00+00:00,1788181200000,140.189,143.67,139.915,142.809,14107296.637224,2003158581.0651116
2026-08-31 14:00:00+00:00,1788184800000,142.79,143.53,141.9,142.745,9654311.417915002,1379526763.4221358
2026-08-31 15:00:00+00:00,1788188400000,142.84,143.87,142.5,142.945,6644321.511466,950813703.6373541
2026-08-31 16:00:00+00:00,1788192000000,142.95,144.135,142.685,142.77,7165883.936901,1027286789.4262536
2026-08-31 17:00:00+00:00,1788195600000,142.755,143.475,141.79,142.95,5357695.730938999,764380306.8547746
2026-08-31 18:00:00+00:00,1788199200000,142.955,143.05,142.07,142.384,5288184.794463,753746288.4288131
2026-08-31 19:00:00+00:00,1788202800000,142.29,144.01,141.97,143.68,9354924.861731,1337670996.3962636
2026-08-31 20:00:00+00:00,1788206400000,143.49,143.745,143.377,143.46,10001520.262669,1436613369.7696438
2026-08-31 21:00:00+00:00,1788210000000,143.5,143.545,143.445,143.52,88421.67097899997,12688226.83613936
2026-08-31 22:00:00+00:00,1788213600000,143.42,143.51,143.388,143.42,82213.154913,11794833.58932591
2026-08-31 23:00:00+00:00,1788217200000,143.46,143.633,143.41,143.62,90531.247391,12990871.87561894
2026-09-01 00:00:00+00:00,1788220800000,143.57,143.599,143.25,143.42,33352.0,4782867.33
2026-09-01 01:00:00+00:00,1788224400000,143.45,143.51,143.3,143.39,15782.0,2263357.78
2026-09-01 02:00:00+00:00,1788228000000,143.38,143.71,143.36,143.49,41163.0,5910273.1
2026-09-01 03:00:00+00:00,1788231600000,143.49,143.64,143.48,143.55,14950.0,2146192.71
2026-09-01 04:00:00+00:00,1788235200000,143.55,143.67,143.55,143.56,12356.0,1774311.39
2026-09-01 05:00:00+00:00,1788238800000,143.56,144.09,143.53,144.07,35236.0,5068885.99
2026-09-01 06:00:00+00:00,1788242400000,144.07,144.16,143.85,143.91,36680.0,5282387.97
2026-09-01 07:00:00+00:00,1788246000000,143.91,144.09,143.56,143.61,40984.0,5899232.08
2026-09-01 08:00:00+00:00,1788249600000,143.613,143.872,142.225,142.271,671532.927738,96095301.27405272
2026-09-01 09:00:00+00:00,1788253200000,142.23,142.379,141.932,141.97,212497.583371,30204385.2505956
2026-09-01 10:00:00+00:00,1788256800000,141.85,142.47,141.785,142.36,150804.40901700006,21434132.26240425
2026-09-01 11:00:00+00:00,1788260400000,141.99,142.3,141.705,141.91,340987.6911720002,48396042.02035082
2026-09-01 12:00:00+00:00,1788264000000,141.78,142.002,141.352,141.66,394801.1432980001,55945493.41161475
2026-09-01 13:00:00+00:00,1788267600000,141.589,143.84,141.24,142.423,12242389.605812,1744211723.5487764
2026-09-01 14:00:00+00:00,1788271200000,142.45,144.76,142.27,143.8,12602113.30767,1812089377.7931385
2026-09-01 15:00:00+00:00,1788274800000,143.79,145.19,143.65,144.635,7573973.404902,1092746373.9523435
2026-09-01 16:00:00+00:00,1788278400000,144.63,144.67,142.77,143.28,5909960.061331001,847672663.548779
2026-09-01 17:00:00+00:00,1788282000000,143.215,143.5,142.6,143.386,5464546.146739,781646685.2703758
2026-09-01 18:00:00+00:00,1788285600000,143.46,143.525,142.75,143.22,3688519.6047800006,528396294.0190357
2026-09-01 19:00:00+00:00,1788289200000,143.29,143.61,142.11,142.24,5943885.571231999,849746202.7031263
2026-09-01 20:00:00+00:00,1788292800000,142.35,142.37,141.9,142.15,2706864.380767002,384935062.995733
2026-09-01 21:00:00+00:00,1788296400000,142.16,142.225,142.053,142.2,823555.7919459998,117087315.25275944
2026-09-01 22:00:00+00:00,1788300000000,142.122,142.17,141.963,141.985,143347.741232,20363052.654184114
2026-09-01 23:00:00+00:00,1788303600000,142.0,142.15,141.955,142.15,84889.695612,12058131.34629786
2026-09-02 00:00:00+00:00,1788307200000,142.64,142.64,141.96,142.19,25065.0,3565206.85
2026-09-02 01:00:00+00:00,1788310800000,142.17,142.25,141.68,141.86,32332.0,4591254.41
2026-09-02 02:00:00+00:00,1788314400000,141.87,141.99,141.6,141.88,24466.0,3469262.17
2026-09-02 03:00:00+00:00,1788318000000,141.88,141.89,141.74,141.76,9265.0,1314018.37
2026-09-02 04:00:00+00:00,1788321600000,141.76,141.9,141.69,141.87,11071.0,1569629.66
2026-09-02 05:00:00+00:00,1788325200000,141.87,142.22,141.74,142.07,23133.0,3285499.76
2026-09-02 06:00:00+00:00,1788328800000,142.07,142.15,141.74,141.79,26048.0,3696872.03
2026-09-02 07:00:00+00:00,1788332400000,141.8,142.03,141.71,141.81,20972.0,2975298.11
2026-09-02 08:00:00+00:00,1788336000000,141.98,142.14,141.424,141.46,262932.054725,37302407.242685
2026-09-02 09:00:00+00:00,1788339600000,141.51,141.555,141.244,141.26,112443.71473,15899350.10850696
2026-09-02 10:00:00+00:00,1788343200000,141.39,141.685,141.35,141.51,82328.84743599998,11649153.19949579
2026-09-02 11:00:00+00:00,1788346800000,141.45,142.168,141.052,142.139,489872.300998,69423455.18112375
2026-09-02 12:00:00+00:00,1788350400000,142.19,142.715,142.096,142.26,474809.6308339999,67619253.87981476
2026-09-02 13:00:00+00:00,1788354000000,142.27,143.08,138.65,138.75,10242684.647155,1439983185.1472564
2026-09-02 14:00:00+00:00,1788357600000,138.69,140.85,138.16,140.015,10137401.435827002,1417060714.667652
2026-09-02 15:00:00+00:00,1788361200000,140.01,141.29,139.82,141.1,5070787.334163001,712725527.9107474
2026-09-02 16:00:00+00:00,1788364800000,141.09,141.56,140.6,140.875,4023860.3003,567872113.5121979
2026-09-02 17:00:00+00:00,1788368400000,140.89,141.035,140.285,140.65,3560762.44738,501042717.648224
2026-09-02 18:00:00+00:00,1788372000000,140.667,140.94,140.32,140.372,4727741.410834,665178152.7802027
2026-09-02 19:00:00+00:00,1788375600000,140.38,140.855,139.63,140.73,8382394.049229996,1175904869.6899168
2026-09-02 20:00:00+00:00,1788379200000,140.66,140.732,140.311,140.37,3557046.0910559995,500416270.93264025
2026-09-02 21:00:00+00:00,1788382800000,140.42,140.442,140.301,140.42,97550.93602999998,13694424.76704427
2026-09-02 22:00:00+00:00,1788386400000,140.4,140.432,140.319,140.4,61989.560731,8702410.68217751
2026-09-02 23:00:00+00:00,1788390000000,140.39,140.543,140.332,140.51,73756.68916700002,10357629.73271506
2026-09-03 00:00:00+00:00,1788393600000,140.52,140.71,140.27,140.41,25061.0,3520201.26
2026-09-03 01:00:00+00:00,1788397200000,140.38,140.79,140.36,140.54,25577.0,3595788.49
2026-09-03 02:00:00+00:00,1788400800000,140.56,140.79,140.54,140.79,18598.0,2615759.57
2026-09-03 03:00:00+00:00,1788404400000,140.81,141.02,140.76,140.88,19808.0,2791831.38
2026-09-03 04:00:00+00:00,1788408000000,140.88,141.0,140.7,140.8,12269.0,1728400.03
2026-09-03 05:00:00+00:00,1788411600000,140.79,140.84,140.33,140.81,35006.0,4920232.99
2026-09-03 06:00:00+00:00,1788415200000,140.8,140.83,140.6,140.66,16364.0,2302287.27
2026-09-03 07:00:00+00:00,1788418800000,140.65,140.93,140.62,140.8,23625.0,3325338.93
2026-09-03 08:00:00+00:00,1788422400000,140.505,141.01,140.505,140.808,267839.363659,37704410.338664256
2026-09-03 09:00:00+00:00,1788426000000,140.806,141.015,140.529,140.556,111363.048229,15680271.817844125
2026-09-03 10:00:00+00:00,1788429600000,140.555,140.664,140.451,140.545,87747.164645,12334392.742292281
2026-09-03 11:00:00+00:00,1788433200000,140.545,141.028,140.49,140.629,281791.482387,39672225.21066549
2026-09-03 12:00:00+00:00,1788436800000,140.627,141.36,140.447,141.25,522652.607112,73673631.5247036
2026-09-03 13:00:00+00:00,1788440400000,141.244,148.93,141.071,147.936,29845679.186405,4368356950.752574
2026-09-03 14:00:00+00:00,1788444000000,147.91,149.84,146.59,147.973,28387476.632795,4211710178.724805
2026-09-03 15:00:00+00:00,1788447600000,147.968,149.98,147.29,148.92,19891330.726676,2965160823.004389
2026-09-03 16:00:00+00:00,1788451200000,148.908,152.14,148.235,150.905,29564126.726922,4431820912.511768
2026-09-03 17:00:00+00:00,1788454800000,150.904,152.295,150.08,151.823,17438475.111655,2637710101.641615
2026-09-03 18:00:00+00:00,1788458400000,151.82,152.21,150.705,151.829,10643939.115072,1611135936.770723
2026-09-03 19:00:00+00:00,1788462000000,151.836,152.04,149.18,149.7,19717285.580746,2972615322.940848
2026-09-03 20:00:00+00:00,1788465600000,149.713,149.792,149.131,149.711,5614471.126851,840255748.2869473
2026-09-03 21:00:00+00:00,1788469200000,149.705,149.75,149.288,149.29,391903.773589,58620548.090652406
2026-09-03 22:00:00+00:00,1788472800000,149.29,149.588,149.266,149.45,208350.94916,31132895.83241023
2026-09-03 23:00:00+00:00,1788476400000,149.45,150.193,149.331,150.06,282819.602755,42333314.94884815
2026-09-04 00:00:00+00:00,1788480000000,150.06,150.7,149.95,150.24,95947.0,14425584.18
2026-09-04 01:00:00+00:00,1788483600000,150.26,150.57,150.19,150.35,38193.0,5742018.86
2026-09-04 02:00:00+00:00,1788487200000,150.36,150.49,150.19,150.3,32731.0,4920100.08
2026-09-04 03:00:00+00:00,1788490800000,150.3,150.49,150.19,150.26,31584.0,4746243.45
2026-09-04 04:00:00+00:00,1788494400000,150.26,150.81,150.2,150.74,46101.0,6941675.96
2026-09-04 05:00:00+00:00,1788498000000,150.74,151.41,150.69,150.99,66058.0,9976624.52
2026-09-04 06:00:00+00:00,1788501600000,150.98,151.02,150.48,150.65,39853.0,6008653.16
2026-09-04 07:00:00+00:00,1788505200000,150.64,151.28,150.59,150.97,46701.0,7051129.48
2026-09-04 08:00:00+00:00,1788508800000,150.211,151.263,150.211,150.66,689296.575519,104016114.01249091
2026-09-04 09:00:00+00:00,1788512400000,150.66,150.821,150.096,150.74,339197.307846,51042177.683266
2026-09-04 10:00:00+00:00,1788516000000,150.74,150.83,150.15,150.54,241862.935348,36382038.13328731
2026-09-04 11:00:00+00:00,1788519600000,150.45,150.523,148.921,149.486,1041668.260676,155955225.8367239
2026-09-04 12:00:00+00:00,1788523200000,149.488,150.164,147.988,148.82,1937160.867245,288372333.9591776
2026-09-04 13:00:00+00:00,1788526800000,148.803,150.8499,147.32,149.535,15728971.362222,2343000539.6932526
2026-09-04 14:00:00+00:00,1788530400000,149.5599,150.6997,148.81,149.1,13845236.089971,2073731147.6134744
2026-09-04 15:00:00+00:00,1788534000000,149.11,149.64,148.8,149.17,6318039.155225,942565960.6338371
2026-09-04 16:00:00+00:00,1788537600000,149.17,149.2999,148.27,148.92,5857323.927011,870855279.8143963
2026-09-04 17:00:00+00:00,1788541200000,148.92,148.9599,148.23,148.5,4046526.446536,601464570.6098921
2026-09-04 18:00:00+00:00,1788544800000,148.52,149.04,148.24,148.82,3864834.288415,574452084.8456084
2026-09-04 19:00:00+00:00,1788548400000,148.83,149.335,147.45,147.95,10204881.658798,1515680730.2884965
2026-09-04 20:00:00+00:00,1788552000000,147.89,148.02,147.56,147.87,2498069.650846,369452779.14556247
2026-09-04 21:00:00+00:00,1788555600000,147.87,148.13,147.76,147.8448,221231.660595,32725958.835687716
2026-09-04 22:00:00+00:00,1788559200000,147.8376,147.9,147.8,147.88,159291.332939,23547453.555573143
2026-09-04 23:00:00+00:00,1788562800000,147.86,147.9,147.7,147.8864,175046.917424,25876147.25463532
2026-09-05 00:00:00+00:00,1788566400000,147.88,147.99,147.47,147.89,5.9232,875.618147
2026-09-05 01:00:00+00:00,1788570000000,147.89,148.11,147.89,148.11,12.6228,1868.113522
2026-09-05 02:00:00+00:00,1788573600000,148.11,148.14,147.93,147.99,13.2654,1963.790324
2026-09-05 03:00:00+00:00,1788577200000,148.08,148.23,147.99,148.17,17.8886,2649.602731
2026-09-05 04:00:00+00:00,1788580800000,148.18,148.29,148.08,148.25,14.9971,2221.889276
2026-09-05 05:00:00+00:00,1788584400000,148.29,148.39,148.22,148.24,6.1195,907.613849
2026-09-05 06:00:00+00:00,1788588000000,148.37,148.37,148.21,148.21,2.2852,338.822304
2026-09-05 07:00:00+00:00,1788591600000,148.21,148.47,148.21,148.47,7.2133,1069.976095
2026-09-05 08:00:00+00:00,1788595200000,148.47,148.62,148.27,148.62,13.2287,1964.500392
2026-09-05 09:00:00+00:00,1788598800000,148.62,148.79,148.58,148.79,6.7562,1004.577765
2026-09-05 10:00:00+00:00,1788602400000,148.79,148.92,148.7,148.87,9.2548,1377.490073
2026-09-05 11:00:00+00:00,1788606000000,148.93,149.05,148.81,149.01,11.5554,1720.721396
2026-09-05 12:00:00+00:00,1788609600000,149.01,149.07,148.85,148.98,5.4652,814.167373
2026-09-05 13:00:00+00:00,1788613200000,149.07,149.16,149.03,149.03,6.5048,969.808018
2026-09-05 14:00:00+00:00,1788616800000,149.06,149.17,149.02,149.15,2.7106,404.153681
2026-09-05 15:00:00+00:00,1788620400000,149.18,149.65,149.17,149.65,55.0573,8227.511354
2026-09-05 16:00:00+00:00,1788624000000,149.66,149.72,149.48,149.48,8.7037,1302.122729
2026-09-05 17:00:00+00:00,1788627600000,149.53,149.65,149.47,149.51,3.5842,536.059467
2026-09-05 18:00:00+00:00,1788631200000,149.65,149.75,149.65,149.74,7.9488,1190.073734
2026-09-05 19:00:00+00:00,1788634800000,149.74,149.74,149.65,149.69,3.4022,509.358952
2026-09-05 21:00:00+00:00,1788642000000,149.77,149.77,149.69,149.69,1.928,288.684784
2026-09-05 22:00:00+00:00,1788645600000,149.79,149.8,149.65,149.65,0.4306,64.46899
2026-09-05 23:00:00+00:00,1788649200000,149.84,149.85,149.66,149.85,0.573,85.838315
2026-09-06 00:00:00+00:00,1788652800000,149.81,150.37,149.76,150.27,21.958,3296.036841
2026-09-06 01:00:00+00:00,1788656400000,150.38,150.45,150.26,150.37,4.2569,640.193336
2026-09-06 02:00:00+00:00,1788660000000,150.47,150.47,150.25,150.25,8.5519,1285.413183
2026-09-06 03:00:00+00:00,1788663600000,150.25,150.29,150.13,150.13,21.8458,3280.81937
2026-09-06 04:00:00+00:00,1788667200000,150.2,150.32,150.2,150.28,1.8474,277.639545
2026-09-06 05:00:00+00:00,1788670800000,150.19,150.29,149.97,150.26,23.9817,3600.858394
2026-09-06 06:00:00+00:00,1788674400000,150.27,150.5,150.15,150.41,10.9981,1653.289524
2026-09-06 07:00:00+00:00,1788678000000,150.5,150.51,150.42,150.51,1.2768,192.077618
2026-09-06 08:00:00+00:00,1788681600000,150.44,150.52,150.28,150.4,30.6476,4609.346465
2026-09-06 09:00:00+00:00,1788685200000,150.38,150.65,150.38,150.58,11.6414,1752.975769
2026-09-06 10:00:00+00:00,1788688800000,150.67,150.71,150.54,150.71,13.482,2030.643832
2026-09-06 11:00:00+00:00,1788692400000,150.72,150.72,150.54,150.55,2.4822,373.803542
2026-09-06 12:00:00+00:00,1788696000000,150.58,150.58,150.4,150.4,9.2431,1390.940441
2026-09-06 13:00:00+00:00,1788699600000,150.54,150.57,150.53,150.53,1.669,251.274962
2026-09-06 14:00:00+00:00,1788703200000,150.53,150.53,150.34,150.44,4.8932,736.066795
2026-09-06 15:00:00+00:00,1788706800000,150.43,150.43,150.1,150.31,8.508,1278.423464
2026-09-06 16:00:00+00:00,1788710400000,150.33,150.48,150.32,150.32,12.6488,1901.831196
2026-09-06 17:00:00+00:00,1788714000000,150.5,150.64,150.47,150.64,6.7839,1021.122326
2026-09-06 18:00:00+00:00,1788717600000,150.66,150.69,150.66,150.69,2.4883,374.896457
2026-09-06 19:00:00+00:00,1788721200000,150.69,150.8,150.6,150.8,9.1144,1373.517418
2026-09-06 20:00:00+00:00,1788724800000,150.83,150.91,150.82,150.91,1.5578,235.029701
2026-09-06 21:00:00+00:00,1788728400000,150.89,150.89,150.78,150.78,1.0828,163.291226
2026-09-06 22:00:00+00:00,1788732000000,150.9,151.07,150.9,150.96,5.7989,875.664602
2026-09-06 23:00:00+00:00,1788735600000,150.96,150.96,150.83,150.83,1.7126,258.457971
2026-09-07 00:00:00+00:00,1788739200000,150.83,150.83,150.65,150.65,4.981,750.739445
2026-09-07 01:00:00+00:00,1788742800000,150.71,151.28,149.87,150.49,90.5296,13656.041155
2026-09-07 02:00:00+00:00,1788746400000,150.66,150.78,150.17,150.67,2.5851,389.625637
2026-09-07 03:00:00+00:00,1788750000000,150.3,150.75,150.15,150.18,4.9255,740.954938
2026-09-07 04:00:00+00:00,1788753600000,150.78,150.8,150.18,150.8,1.7048,256.875858
2026-09-07 05:00:00+00:00,1788757200000,150.81,150.83,150.43,150.72,1.9287,290.758305
2026-09-07 06:00:00+00:00,1788760800000,150.86,150.93,150.43,150.8,7.262,1095.073613
2026-09-07 07:00:00+00:00,1788764400000,150.27,150.8,150.21,150.21,7.7534,1166.860841
2026-09-07 08:00:00+00:00,1788768000000,150.8,150.8,148.75,150.0,23.884,3584.098454
2026-09-07 09:00:00+00:00,1788771600000,150.78,150.8,150.61,150.7,5.1613,777.779832
2026-09-07 10:00:00+00:00,1788775200000,150.2,150.8,150.15,150.15,1.4445,217.06842
2026-09-07 11:00:00+00:00,1788778800000,150.21,150.8,150.2,150.2,4.9855,749.912236
2026-09-07 12:00:00+00:00,1788782400000,150.2,150.6,150.08,150.2,8.8645,1332.256881
2026-09-07 13:00:00+00:00,1788786000000,150.58,150.8,150.08,150.09,4.9658,747.546802
2026-09-07 14:00:00+00:00,1788789600000,150.08,150.4,150.08,150.09,8.8504,1328.625034
2026-09-07 15:00:00+00:00,1788793200000,150.56,150.56,149.03,149.54,8.3476,1247.074792
2026-09-07 16:00:00+00:00,1788796800000,149.6,150.08,149.17,149.47,2.8695,429.309041
2026-09-07 17:00:00+00:00,1788800400000,149.79,150.36,149.68,149.95,3.9452,590.895542
2026-09-07 18:00:00+00:00,1788804000000,150.32,150.32,150.1,150.1,2.5588,384.521594
2026-09-07 20:00:00+00:00,1788811200000,149.87,150.45,149.86,149.86,2.1459,322.262757
2026-09-07 21:00:00+00:00,1788814800000,150.45,150.45,149.73,150.45,3.8334,574.573016
2026-09-07 22:00:00+00:00,1788818400000,150.45,150.45,149.86,149.88,4.7208,707.855965
2026-09-07 23:00:00+00:00,1788822000000,150.27,150.37,149.46,149.59,11.4796,1721.326429
2026-09-08 00:00:00+00:00,1788825600000,150.12,150.12,148.42,149.37,117181.1454,17465508.027448
2026-09-08 01:00:00+00:00,1788829200000,149.37,149.76,149.0,149.76,98549.0,14716079.36
2026-09-08 02:00:00+00:00,1788832800000,149.77,149.9,149.53,149.55,41769.0,6253672.9
2026-09-08 03:00:00+00:00,1788836400000,149.56,149.99,149.51,149.91,38884.0,5826028.41
2026-09-08 04:00:00+00:00,1788840000000,149.91,149.98,149.68,149.91,37035.0,5550368.21
2026-09-08 05:00:00+00:00,1788843600000,149.91,149.93,149.05,149.11,40612.0,6068563.86
2026-09-08 06:00:00+00:00,1788847200000,149.11,149.32,148.77,149.0,76538.0,11404220.1
2026-09-08 07:00:00+00:00,1788850800000,149.0,149.27,148.72,148.88,30839.0,4594932.55
2026-09-08 08:00:00+00:00,1788854400000,148.925,149.9802,148.1,148.91,521468.270605,77555612.36317821
2026-09-08 09:00:00+00:00,1788858000000,148.9365,149.838,148.79,149.8,233290.868327,34864953.853721984
2026-09-08 10:00:00+00:00,1788861600000,149.8,149.827,149.21,149.21,197185.188166,29489254.05310809
2026-09-08 11:00:00+00:00,1788865200000,149.21,149.2899,148.46,148.8299,475547.974378,70784950.79729216
2026-09-08 12:00:00+00:00,1788868800000,148.8269,149.31,148.5,149.2136,530068.158148,78912112.60679062
2026-09-08 13:00:00+00:00,1788872400000,149.26,149.77,145.14,148.3,15840914.12103,2328769623.2805815
2026-09-08 14:00:00+00:00,1788876000000,148.28,148.88,146.9,147.67,10560743.324643,1563674502.2761848
2026-09-08 15:00:00+00:00,1788879600000,147.67,154.08,147.6,153.3601,20487740.083775,3105633686.9561195
2026-09-08 16:00:00+00:00,1788883200000,153.4,154.86,152.25,153.695,14123801.986763,2169933869.481871
2026-09-08 17:00:00+00:00,1788886800000,153.68,153.96,152.54,152.68,8560630.741566,1310792979.882419
2026-09-08 18:00:00+00:00,1788890400000,152.6951,154.08,152.69,153.8571,7022363.142839,1078127987.1562617
2026-09-08 19:00:00+00:00,1788894000000,153.88,154.64,152.93,153.47,15119163.969727,2326746901.0238824
2026-09-08 20:00:00+00:00,1788897600000,153.44,153.55,152.85,153.18,4796533.108469,735554981.2228771
2026-09-08 21:00:00+00:00,1788901200000,153.1,153.22,152.65,152.7413,299786.352018,45837122.39481828
2026-09-08 22:00:00+00:00,1788904800000,152.86,153.15,152.62,153.03,133301.430781,20366863.097802266
2026-09-08 23:00:00+00:00,1788908400000,153.0717,153.1,152.8,152.88,103769.623425,15868152.93066824
2026-09-09 00:00:00+00:00,1788912000000,152.9,153.72,152.9,153.52,46213.0,7082525.94
2026-09-09 01:00:00+00:00,1788915600000,153.49,153.57,152.91,153.0,56055.0,8590155.85
2026-09-09 02:00:00+00:00,1788919200000,153.04,153.3,153.0,153.19,38187.0,5849882.21
2026-09-09 03:00:00+00:00,1788922800000,153.17,153.23,152.93,153.04,18374.0,2812495.84
2026-09-09 04:00:00+00:00,1788926400000,153.03,153.2,152.82,153.19,29251.0,4476043.52
2026-09-09 05:00:00+00:00,1788930000000,153.19,153.2,152.96,153.18,21066.0,3225284.55
2026-09-09 06:00:00+00:00,1788933600000,153.19,153.36,153.04,153.08,34381.0,5268858.77
2026-09-09 07:00:00+00:00,1788937200000,153.11,153.28,152.98,153.11,20954.0,3208648.66
2026-09-09 08:00:00+00:00,1788940800000,153.0,153.5,152.83,153.5,352123.743236,53945546.42679629
2026-09-09 09:00:00+00:00,1788944400000,153.5,153.97,152.5,152.57,271727.365914,41700269.34417868
2026-09-09 10:00:00+00:00,1788948000000,152.56,152.98,151.8,152.0998,1394801.08087,212368629.2259692
2026-09-09 11:00:00+00:00,1788951600000,152.12,153.25,151.74,152.2,3950782.654225,601360783.4357685
2026-09-09 12:00:00+00:00,1788955200000,152.1567,152.16,151.11,151.55,939871.5513680001,142433915.0029596
2026-09-09 13:00:00+00:00,1788958800000,151.55,153.0,150.0,151.55,25162023.05899,3819738864.928981
2026-09-09 14:00:00+00:00,1788962400000,151.58,151.66,148.78,148.82,21536990.308965,3234958995.763962
2026-09-09 15:00:00+00:00,1788966000000,148.825,148.97,145.89,146.48,20328629.240027,2987887703.1495166
2026-09-09 16:00:00+00:00,1788969600000,146.475,146.99,145.71,146.285,13503276.539793,1975495318.426793
2026-09-09 17:00:00+00:00,1788973200000,146.28,147.77,145.55,147.44,11554667.812097,1691274176.3865745
2026-09-09 18:00:00+00:00,1788976800000,147.49,148.87,147.44,148.42,11453273.00364,1699472360.3973513
2026-09-09 19:00:00+00:00,1788980400000,148.425,148.425,146.61,147.55,18750686.477488,2766853012.1028366
2026-09-09 20:00:00+00:00,1788984000000,147.55,147.88,146.57,146.99,4990615.156896,736465017.1788135
2026-09-09 21:00:00+00:00,1788987600000,146.99,147.3,146.9,147.0115,261361.300148,38435900.062347084
2026-09-09 22:00:00+00:00,1788991200000,147.02,147.19,146.8,146.8224,136490.000877,20057775.13247423
2026-09-09 23:00:00+00:00,1788994800000,146.88,147.14,146.8,147.05,116332.498658,17100944.994654633
2026-09-10 00:00:00+00:00,1788998400000,147.12,147.41,146.85,146.9,28078.0,4132508.54
2026-09-10 01:00:00+00:00,1789002000000,146.93,147.01,146.35,147.01,40561.0,5952241.16
2026-09-10 02:00:00+00:00,1789005600000,147.0,147.32,146.9,147.24,20051.0,2948657.19
2026-09-10 03:00:00+00:00,1789009200000,147.25,147.25,147.0,147.2,14728.0,2167036.21
2026-09-10 04:00:00+00:00,1789012800000,147.2,147.44,147.14,147.39,14396.0,2119565.08
2026-09-10 05:00:00+00:00,1789016400000,147.39,147.5,147.18,147.35,16249.0,2394247.2
2026-09-10 06:00:00+00:00,1789020000000,147.34,147.37,147.0,147.3,15745.0,2316922.87
2026-09-10 07:00:00+00:00,1789023600000,147.28,147.33,146.85,146.91,25166.0,3700564.35
2026-09-10 08:00:00+00:00,1789027200000,146.71,147.5488,142.51,146.94,194496.860235,28606628.311218064
2026-09-10 09:00:00+00:00,1789030800000,146.96,147.95,146.9,147.55,161084.803584,23761558.279198565
2026-09-10 10:00:00+00:00,1789034400000,147.55,147.68,147.01,147.2697,87081.250749,12826186.321856877
2026-09-10 11:00:00+00:00,1789038000000,147.16,147.9,146.65,147.15,500731.317163,73774056.42116843
2026-09-10 12:00:00+00:00,1789041600000,147.1999,147.21,145.02,145.3,1164100.278468,169929376.1230938
2026-09-10 13:00:00+00:00,1789045200000,145.3,154.7,143.8,153.905,28302667.938918,4272970465.359285
2026-09-10 14:00:00+00:00,1789048800000,153.905,154.47,149.0,150.08,24522472.41347,3698609163.4344735
2026-09-10 15:00:00+00:00,1789052400000,150.075,152.02,149.34,152.0,16778848.547315,2524357008.8615375
2026-09-10 16:00:00+00:00,1789056000000,151.94,152.05,150.59,150.79,10067117.0,1525101674.1079
2026-09-10 17:00:00+00:00,1789059600000,150.785,152.0,149.91,150.185,11915277.395166,1799742627.7037022
2026-09-10 18:00:00+00:00,1789063200000,150.17,150.2,148.0601,148.675,11508065.177235,1714183505.3221097
2026-09-10 19:00:00+00:00,1789066800000,148.67,148.88,147.01,148.18,17770867.512368,2630389624.7074203
2026-09-10 20:00:00+00:00,1789070400000,148.18,148.5,147.66,148.1183,9731380.795721,1441037251.2334514
2026-09-10 21:00:00+00:00,1789074000000,148.11,148.24,147.85,148.07,136059.695431,20141764.337627664
2026-09-10 22:00:00+00:00,1789077600000,148.0588,148.35,148.0,148.01,162525.053876,24086312.12627624
2026-09-10 23:00:00+00:00,1789081200000,148.04,148.12,147.7493,147.7654,143941.036963,21291761.06314592
2026-09-11 00:00:00+00:00,1789084800000,148.0,148.84,147.81,148.38,26492.0,3925405.04
2026-09-11 01:00:00+00:00,1789088400000,148.38,148.6,148.21,148.3,36021.0,5346811.22
2026-09-11 02:00:00+00:00,1789092000000,148.31,148.55,148.09,148.24,18714.0,2775359.73
2026-09-11 03:00:00+00:00,1789095600000,148.23,148.27,147.67,147.96,24108.0,3566433.6
2026-09-11 04:00:00+00:00,1789099200000,147.98,148.5,147.89,148.33,15992.0,2371250.68
2026-09-11 05:00:00+00:00,1789102800000,148.36,149.28,148.33,149.14,43740.0,6509284.88
2026-09-11 06:00:00+00:00,1789106400000,149.13,149.4,148.95,149.25,32785.0,4891345.66
2026-09-11 07:00:00+00:00,1789110000000,149.22,149.32,149.1,149.15,40021.0,5972040.5
2026-09-11 08:00:00+00:00,1789113600000,148.32,149.76,147.9,149.61,434531.108699,64833914.523131385
2026-09-11 09:00:00+00:00,1789117200000,149.61,149.76,149.07,149.62,146650.166142,21925310.10946269
2026-09-11 10:00:00+00:00,1789120800000,149.6,149.6977,149.2552,149.4153,78069.0664,11669979.202624453
2026-09-11 11:00:00+00:00,1789124400000,149.4,149.5,149.1,149.39,247097.392664,36886637.772444636
2026-09-11 12:00:00+00:00,1789128000000,149.39,150.55,148.7,150.1,946698.3284810001,141919838.22983983
2026-09-11 13:00:00+00:00,1789131600000,150.11,150.9402,145.92,148.0888,13497313.285854,1998924010.1623251
2026-09-11 14:00:00+00:00,1789135200000,148.0401,149.52,146.4,147.24,13764309.799805,2034300917.1466744
2026-09-11 15:00:00+00:00,1789138800000,147.26,148.88,146.035,148.4336,11543962.811524,1702712980.186736
2026-09-11 16:00:00+00:00,1789142400000,148.445,148.93,148.27,148.76,5865198.564481,871820799.1928582
2026-09-11 17:00:00+00:00,1789146000000,148.77,150.25,148.74,149.1501,10279078.071673,1538848854.945971
2026-09-11 18:00:00+00:00,1789149600000,149.155,150.42,148.79,149.98,8353099.538026,1250911281.078236
2026-09-11 19:00:00+00:00,1789153200000,149.98,151.85,149.76,151.21,18667957.759138,2817715358.081465
2026-09-11 20:00:00+00:00,1789156800000,151.21,151.3022,150.54,150.9,3338116.306789,504533973.44869727
2026-09-11 21:00:00+00:00,1789160400000,150.8987,150.99,150.75,150.79,119326.309672,18001175.27999201
2026-09-11 22:00:00+00:00,1789164000000,150.79,150.81,150.62,150.67,87815.332985,13238315.499303829
2026-09-11 23:00:00+00:00,1789167600000,150.68,150.8,149.91,150.27,336067.204435,50566043.5085729
2026-09-12 00:00:00+00:00,1789171200000,150.28,150.31,150.22,150.22,2.1891,328.959819
2026-09-12 01:00:00+00:00,1789174800000,150.2,150.32,150.12,150.14,10.9677,1647.527431
2026-09-12 02:00:00+00:00,1789178400000,150.31,150.38,150.07,150.38,24.6942,3711.205246
2026-09-12 03:00:00+00:00,1789182000000,150.31,150.33,150.25,150.33,10.9903,1651.925189
2026-09-12 04:00:00+00:00,1789185600000,150.32,150.34,150.24,150.24,6.1707,927.459725
2026-09-12 05:00:00+00:00,1789189200000,150.24,150.29,150.17,150.17,4.6554,699.392855
2026-09-12 06:00:00+00:00,1789192800000,150.28,150.3,150.16,150.29,1.0879,163.454517
2026-09-12 07:00:00+00:00,1789196400000,150.31,150.31,150.08,150.12,2.2304,334.974582
2026-09-12 08:00:00+00:00,1789200000000,150.25,150.27,150.07,150.07,2.7763,416.825534
2026-09-12 09:00:00+00:00,1789203600000,150.23,150.25,150.0,150.0,11.8845,1783.248061
2026-09-12 11:00:00+00:00,1789210800000,150.28,150.31,150.01,150.01,7.5383,1131.219351
2026-09-12 12:00:00+00:00,1789214400000,150.35,150.35,150.01,150.01,4.0769,612.130518
2026-09-12 13:00:00+00:00,1789218000000,150.34,150.34,150.01,150.01,2.0506,307.930142
2026-09-12 14:00:00+00:00,1789221600000,150.06,150.35,150.01,150.25,2.2114,332.159432
2026-09-12 15:00:00+00:00,1789225200000,150.25,150.25,150.01,150.01,24.7312,3710.030802
2026-09-12 16:00:00+00:00,1789228800000,150.24,150.35,150.0,150.0,56.1333,8421.86462
2026-09-12 17:00:00+00:00,1789232400000,150.28,150.28,150.2,150.2,1.1969,179.859548
2026-09-12 18:00:00+00:00,1789236000000,150.0,150.68,150.0,150.23,52.3129,7867.823006
2026-09-12 19:00:00+00:00,1789239600000,150.23,150.32,150.11,150.32,7.4955,1125.725746
2026-09-12 20:00:00+00:00,1789243200000,150.32,150.32,150.12,150.28,1.7478,262.598648
2026-09-12 21:00:00+00:00,1789246800000,150.3,150.3,150.3,150.3,0.1363,20.48589
2026-09-12 22:00:00+00:00,1789250400000,150.11,150.26,150.11,150.11,1.0676,160.277401
2026-09-12 23:00:00+00:00,1789254000000,150.22,150.27,150.09,150.14,0.9632,144.64319
2026-09-13 00:00:00+00:00,1789257600000,150.14,150.35,150.12,150.12,5.5196,829.154574
2026-09-13 01:00:00+00:00,1789261200000,150.34,150.39,150.11,150.15,9.1377,1372.858489
2026-09-13 02:00:00+00:00,1789264800000,150.39,150.39,150.15,150.25,7.0472,1059.030004
2026-09-13 03:00:00+00:00,1789268400000,150.32,150.32,150.19,150.19,2.6124,392.517685
2026-09-13 04:00:00+00:00,1789272000000,150.31,150.37,150.17,150.17,6.2881,944.875356
2026-09-13 05:00:00+00:00,1789275600000,150.27,150.27,150.13,150.13,3.784,568.381336
2026-09-13 06:00:00+00:00,1789279200000,150.28,150.28,150.1,150.1,1.3862,208.181096
2026-09-13 07:00:00+00:00,1789282800000,150.21,150.21,150.08,150.08,6.8362,1026.353346
2026-09-13 08:00:00+00:00,1789286400000,150.13,150.13,150.03,150.03,52.9725,7948.542779
2026-09-13 09:00:00+00:00,1789290000000,150.04,150.31,150.03,150.03,4.2593,639.650084
2026-09-13 10:00:00+00:00,1789293600000,150.03,150.03,150.0,150.01,2.2994,344.917447
2026-09-13 11:00:00+00:00,1789297200000,150.02,150.41,150.0,150.0,21.9347,3291.606067
2026-09-13 12:00:00+00:00,1789300800000,150.33,150.41,150.0,150.0,10.096,1516.313956
2026-09-13 13:00:00+00:00,1789304400000,150.37,150.41,149.88,149.88,50.4315,7576.374423
2026-09-13 14:00:00+00:00,1789308000000,149.87,150.42,149.67,150.42,11.5556,1733.320399
2026-09-13 15:00:00+00:00,1789311600000,150.42,150.43,149.35,149.64,28.7973,4314.069627
2026-09-13 16:00:00+00:00,1789315200000,150.35,150.4,149.64,149.64,4.1525,622.746751
2026-09-13 17:00:00+00:00,1789318800000,149.64,150.39,149.61,149.84,3.7678,564.025148
2026-09-13 18:00:00+00:00,1789322400000,150.33,150.33,149.61,149.61,4.4019,659.027602
2026-09-13 19:00:00+00:00,1789326000000,149.83,150.33,149.55,149.63,13.2894,1989.873515
2026-09-13 20:00:00+00:00,1789329600000,149.62,149.68,149.58,149.58,5.3912,806.55082
2026-09-13 21:00:00+00:00,1789333200000,149.72,150.03,149.56,150.03,3.1965,478.423982
2026-09-13 22:00:00+00:00,1789336800000,149.61,149.61,149.6,149.6,0.7642,114.326279
2026-09-13 23:00:00+00:00,1789340400000,150.03,150.33,149.53,149.62,10.3364,1546.507448
2026-09-14 00:00:00+00:00,1789344000000,148.69,149.37,148.3,148.39,120903.0,17981707.63
2026-09-14 01:00:00+00:00,1789347600000,148.37,148.78,147.39,148.75,151145.0,22373910.61
2026-09-14 02:00:00+00:00,1789351200000,148.79,148.91,148.6,148.76,35393.0,5266406.84
2026-09-14 03:00:00+00:00,1789354800000,148.78,148.88,148.5,148.66,20102.0,2988321.17
2026-09-14 04:00:00+00:00,1789358400000,148.66,148.82,148.62,148.82,23029.0,3424908.17
2026-09-14 05:00:00+00:00,1789362000000,148.81,148.89,148.45,148.61,39879.0,5927028.41
2026-09-14 06:00:00+00:00,1789365600000,148.63,148.69,148.26,148.33,33812.0,5021898.12
2026-09-14 07:00:00+00:00,1789369200000,148.33,148.5,147.98,148.05,41046.0,6083139.19
2026-09-14 08:00:00+00:00,1789372800000,148.36,148.89,147.3,148.07,623935.592613,92327110.96504392
2026-09-14 09:00:00+00:00,1789376400000,148.07,148.15,147.02,147.72,241518.460362,35610941.16864228
2026-09-14 10:00:00+00:00,1789380000000,147.74,148.6805,147.5432,148.3601,252523.451381,37424228.89894144
2026-09-14 11:00:00+00:00,1789383600000,148.39,148.6,147.28,147.4969,669821.99735,99091324.70448495
2026-09-14 12:00:00+00:00,1789387200000,147.4413,147.7192,146.8,147.53,922450.969847,135826389.99449268
2026-09-14 13:00:00+00:00,1789390800000,147.5492,149.355,146.61,148.575,10453600.783583,1548671798.3283575
2026-09-14 14:00:00+00:00,1789394400000,148.575,149.675,147.99,148.5547,10070848.326784,1497196166.865578
2026-09-14 15:00:00+00:00,1789398000000,148.59,151.1,148.27,150.825,10687505.719456,1603939147.1488564
2026-09-14 16:00:00+00:00,1789401600000,150.81,152.56,150.2708,151.69,10627998.99114,1611933589.022472
2026-09-14 17:00:00+00:00,1789405200000,151.69,152.56,151.57,151.8604,6489735.446065,986440981.9271182
2026-09-14 18:00:00+00:00,1789408800000,151.87,152.0,150.16,150.47,5710075.437411,863182168.3367773
2026-09-14 19:00:00+00:00,1789412400000,150.48,151.32,147.03,148.15,12845309.595539,1914984046.8277967
2026-09-14 20:00:00+00:00,1789416000000,148.12,148.39,147.84,148.3401,4516678.659346001,668907088.1179824
2026-09-14 21:00:00+00:00,1789419600000,148.3497,148.59,148.3,148.57,121926.131085,18092770.997370362
2026-09-14 22:00:00+00:00,1789423200000,148.57,148.75,148.5,148.578,125870.242963,18702480.7650215
2026-09-14 23:00:00+00:00,1789426800000,148.5785,148.7,148.5,148.6331,103616.295825,15397468.060127484
2026-09-15 00:00:00+00:00,1789430400000,148.75,149.01,148.64,148.81,31799.0,4732354.44
2026-09-15 01:00:00+00:00,1789434000000,148.81,149.0,148.72,148.93,22784.0,3392241.59
2026-09-15 02:00:00+00:00,1789437600000,148.96,149.02,148.81,148.95,10907.0,1624268.76
2026-09-15 03:00:00+00:00,1789441200000,148.95,148.99,148.76,148.76,21545.0,3207201.38
2026-09-15 04:00:00+00:00,1789444800000,148.8,148.9,148.31,148.42,31345.0,4654140.11
2026-09-15 05:00:00+00:00,1789448400000,148.43,148.45,148.1,148.23,66363.0,9838341.58
2026-09-15 06:00:00+00:00,1789452000000,148.26,148.54,148.25,148.43,15179.0,2252849.66
2026-09-15 07:00:00+00:00,1789455600000,148.44,148.58,148.2,148.2,22313.0,3311034.14
2026-09-15 08:00:00+00:00,1789459200000,148.2137,148.9085,147.69,148.1717,292441.064349,43315995.56632388
2026-09-15 09:00:00+00:00,1789462800000,148.2382,148.4927,147.89,148.28,89933.974496,13326013.73758888
2026-09-15 10:00:00+00:00,1789466400000,148.3149,148.92,148.3149,148.86,127777.870901,18999733.071109906
2026-09-15 11:00:00+00:00,1789470000000,148.875,149.05,148.64,149.0198,250172.150086,37235043.87067631
2026-09-15 12:00:00+00:00,1789473600000,149.0005,149.26,148.52,148.88,404612.051834,60258026.85708139
2026-09-15 13:00:00+00:00,1789477200000,148.8485,148.99,144.22,146.075,17119126.862566,2506449556.4793296
2026-09-15 14:00:00+00:00,1789480800000,146.075,147.33,144.64,145.19,14493730.669243,2115597774.0735288
2026-09-15 15:00:00+00:00,1789484400000,145.1801,145.7,144.5,144.6148,7806512.523405,1132622613.4595249
2026-09-15 16:00:00+00:00,1789488000000,144.605,144.7,143.75,143.9664,8643010.257591,1246044555.4074795
2026-09-15 17:00:00+00:00,1789491600000,143.95,144.1699,143.02,143.5899,7177417.603988,1031642923.5446148
2026-09-15 18:00:00+00:00,1789495200000,143.59,144.78,143.47,143.99,7137607.662019,1028928175.569628
2026-09-15 19:00:00+00:00,1789498800000,144.0,144.44,142.8721,143.49,11279533.947976,1619588987.170391
2026-09-15 20:00:00+00:00,1789502400000,143.54,143.68,143.13,143.23,4049357.874963,580868838.726306
2026-09-15 21:00:00+00:00,1789506000000,143.249,143.37,142.5,142.66,940448.663904,134338679.3403539
2026-09-15 22:00:00+00:00,1789509600000,142.68,143.11,142.64,143.03,218366.136981,31200771.26803502
2026-09-15 23:00:00+00:00,1789513200000,143.0395,143.19,142.65,142.7123,174714.578962,24984017.874789946
2026-09-16 00:00:00+00:00,1789516800000,142.88,143.72,142.81,143.36,59594.0,8537481.92
2026-09-16 01:00:00+00:00,1789520400000,143.4,143.64,143.04,143.19,25805.0,3697978.1
2026-09-16 02:00:00+00:00,1789524000000,143.21,143.65,143.18,143.6,20509.0,2942121.8
2026-09-16 03:00:00+00:00,1789527600000,143.6,144.05,143.6,143.9,28789.0,4140674.02
2026-09-16 04:00:00+00:00,1789531200000,143.9,144.2,143.85,143.92,29563.0,4258358.39
2026-09-16 05:00:00+00:00,1789534800000,143.94,144.38,143.77,144.29,23101.0,3330825.26
2026-09-16 06:00:00+00:00,1789538400000,144.28,144.36,144.0,144.22,30558.0,4407045.12
2026-09-16 07:00:00+00:00,1789542000000,144.23,144.46,143.87,143.96,32819.0,4732683.86
2026-09-16 08:00:00+00:00,1789545600000,144.3,144.4782,143.41,144.22,355610.638055,51168851.9998261
2026-09-16 09:00:00+00:00,1789549200000,144.23,144.4663,144.0015,144.35,89138.780389,12856188.615687096
2026-09-16 10:00:00+00:00,1789552800000,144.38,144.3988,143.92,144.15,64298.626388,9264396.10662704
2026-09-16 11:00:00+00:00,1789556400000,144.22,144.96,144.16,144.77,525057.596856,75925997.76216875
2026-09-16 12:00:00+00:00,1789560000000,144.79,145.1297,144.34,144.58,516534.34413,74779088.2008932
2026-09-16 13:00:00+00:00,1789563600000,144.7067,150.91,144.23,150.0,22347321.732264,3316663257.9670343
2026-09-16 14:00:00+00:00,1789567200000,149.96,152.2086,149.52,152.12,23523124.056237,3553794035.019538
2026-09-16 15:00:00+00:00,1789570800000,152.1005,153.0,151.22,151.4,14499112.967949,2205692912.783758
2026-09-16 16:00:00+00:00,1789574400000,151.42,152.36,150.76,151.86,8569736.109932,1298370877.3618963
2026-09-16 17:00:00+00:00,1789578000000,151.86,151.93,149.635,151.025,10886614.796888,1641621274.6254203
2026-09-16 18:00:00+00:00,1789581600000,151.0,152.29,149.74,150.0984,14056907.0,2122228251.2058
2026-09-16 19:00:00+00:00,1789585200000,150.1399,152.47,148.95,150.88,16605661.0,2492561828.7209
2026-09-16 20:00:00+00:00,1789588800000,150.9009,151.67,150.6452,151.08,745147.185829,112567734.77698636
2026-09-16 21:00:00+00:00,1789592400000,151.077,151.4,150.94,151.3388,181048.558513,27360209.081828486
2026-09-16 22:00:00+00:00,1789596000000,151.35,151.82,151.1601,151.6001,228104.975992,34565789.515528955
2026-09-16 23:00:00+00:00,1789599600000,151.63,152.1,151.61,152.08,266873.899882,40519801.06089203
2026-09-17 00:00:00+00:00,1789603200000,152.02,152.25,151.7,152.21,63137.0,9598281.67
2026-09-17 01:00:00+00:00,1789606800000,152.14,152.45,152.06,152.37,81920.0,12477939.92
2026-09-17 02:00:00+00:00,1789610400000,152.37,152.41,152.11,152.31,50868.0,7746042.76
2026-09-17 03:00:00+00:00,1789614000000,152.31,152.4,152.22,152.32,24549.0,3739320.18
2026-09-17 04:00:00+00:00,1789617600000,152.32,152.45,152.27,152.35,22431.0,3417460.74
2026-09-17 05:00:00+00:00,1789621200000,152.35,152.35,151.98,152.0,34486.0,5245895.57
2026-09-17 06:00:00+00:00,1789624800000,151.99,152.84,151.97,152.78,68261.0,10408372.93
2026-09-17 07:00:00+00:00,1789628400000,152.79,153.61,152.66,153.0,129260.0,19798788.67
2026-09-17 08:00:00+00:00,1789632000000,152.76,153.62,151.9707,153.03,797029.004662,122035801.46485256
2026-09-17 09:00:00+00:00,1789635600000,153.03,153.33,152.91,152.98,155497.633423,23812098.553235777
2026-09-17 10:00:00+00:00,1789639200000,152.98,153.65,152.97,153.6,185434.850173,28408939.073564153
2026-09-17 11:00:00+00:00,1789642800000,153.58,153.92,153.24,153.764,653705.076522,100446556.00833756
2026-09-17 12:00:00+00:00,1789646400000,153.76,154.49,153.6,153.74,1179556.287621,181796715.75036648
2026-09-17 13:00:00+00:00,1789650000000,153.7982,154.87,152.632,154.3305,17504670.62229,2695347624.719635
2026-09-17 14:00:00+00:00,1789653600000,154.345,156.8656,153.44,154.08,23223374.002393,3598831411.177921
2026-09-17 15:00:00+00:00,1789657200000,154.085,154.57,153.6901,154.295,6617976.352763,1019686621.3675288
2026-09-17 16:00:00+00:00,1789660800000,154.3,155.112,153.95,154.66,8929246.284133,1381429318.456637
2026-09-17 17:00:00+00:00,1789664400000,154.68,155.32,154.43,154.8207,6553028.52268,1015349611.6851912
2026-09-17 18:00:00+00:00,1789668000000,154.86,155.1411,154.51,154.6499,5477208.844587,848068234.4164621
2026-09-17 19:00:00+00:00,1789671600000,154.645,155.3795,153.97,154.81,12692784.331501,1966210143.8343055
2026-09-17 20:00:00+00:00,1789675200000,154.7601,155.6,153.67,155.26,4982357.662299,771260778.3954469
2026-09-17 21:00:00+00:00,1789678800000,155.28,155.32,155.05,155.07,352698.592582,54732306.936535075
2026-09-17 22:00:00+00:00,1789682400000,155.05,155.2,154.9,155.02,121305.506304,18809444.58576308
2026-09-17 23:00:00+00:00,1789686000000,155.01,155.2,155.01,155.151,132190.392678,20505255.641833972
2026-09-18 00:00:00+00:00,1789689600000,155.18,155.18,154.3,154.49,31433.0,4863214.24
2026-09-18 01:00:00+00:00,1789693200000,154.5,154.8,154.42,154.79,26859.0,4153562.58
2026-09-18 02:00:00+00:00,1789696800000,154.8,155.06,154.72,154.91,22821.0,3535554.74
2026-09-18 03:00:00+00:00,1789700400000,154.91,155.09,154.83,155.03,27769.0,4303776.71
2026-09-18 04:00:00+00:00,1789704000000,155.05,155.41,155.03,155.38,32803.0,5092808.3
2026-09-18 05:00:00+00:00,1789707600000,155.38,155.48,155.25,155.41,27846.0,4326319.21
2026-09-18 06:00:00+00:00,1789711200000,155.41,155.81,155.37,155.66,49060.0,7633837.99
2026-09-18 07:00:00+00:00,1789714800000,155.66,155.92,155.64,155.76,55060.0,8579835.44
2026-09-18 08:00:00+00:00,1789718400000,155.57,156.3869,154.81,156.06,484210.66475,75479014.11064845
2026-09-18 09:00:00+00:00,1789722000000,156.06,156.1688,155.6212,155.95,107008.100536,16685088.271336231
2026-09-18 10:00:00+00:00,1789725600000,155.91,156.48,155.86,156.1105,149379.28966,23329789.145757545
2026-09-18 11:00:00+00:00,1789729200000,156.12,156.12,155.45,155.6,428502.767193,66746420.318534166
2026-09-18 12:00:00+00:00,1789732800000,155.6,155.66,154.87,154.969,579219.006411,89852392.8008398
2026-09-18 13:00:00+00:00,1789736400000,154.96,156.6,152.25,152.29,14493159.247073,2233397974.754573
2026-09-18 14:00:00+00:00,1789740000000,152.3,152.84,150.91,152.31,20182948.821428,3066382791.25265
2026-09-18 15:00:00+00:00,1789743600000,152.333,152.5,150.5,151.05,10641160.880919,1610091679.197064
2026-09-18 16:00:00+00:00,1789747200000,151.06,152.088,149.93,151.985,13735948.695103,2074123671.2258255
2026-09-18 17:00:00+00:00,1789750800000,151.985,152.47,151.66,152.21,6943652.519653,1055712945.5662388
2026-09-18 18:00:00+00:00,1789754400000,152.2,152.23,150.59,151.135,9273401.622013,1402060570.4368906
2026-09-18 19:00:00+00:00,1789758000000,151.1362,155.0,151.0,152.71,38145068.491289,5823232173.3055725
2026-09-18 20:00:00+00:00,1789761600000,152.81,152.82,151.8,152.42,227426681.792218,34682551697.25473
2026-09-18 21:00:00+00:00,1789765200000,152.41,152.55,152.4,152.4682,184403.648855,28111768.8908816
2026-09-18 22:00:00+00:00,1789768800000,152.43,152.69,152.4,152.69,146907.884638,22399466.025575
2026-09-18 23:00:00+00:00,1789772400000,152.681,152.85,152.5,152.64,144956.626456,22129360.533334646
2026-09-19 00:00:00+00:00,1789776000000,152.57,152.59,152.56,152.59,1.6672,254.363298
2026-09-19 01:00:00+00:00,1789779600000,152.53,152.59,152.48,152.55,2.2678,345.881271
2026-09-19 02:00:00+00:00,1789783200000,152.6,152.71,152.42,152.42,15.5535,2373.652229
2026-09-19 03:00:00+00:00,1789786800000,152.47,152.69,152.47,152.5,1.7111,261.082937
2026-09-19 04:00:00+00:00,1789790400000,152.73,152.78,152.6,152.77,5.0748,775.001737
2026-09-19 05:00:00+00:00,1789794000000,152.76,152.79,152.44,152.44,6.6046,1007.794281
2026-09-19 06:00:00+00:00,1789797600000,152.74,152.82,152.5,152.74,8.5692,1308.464179
2026-09-19 07:00:00+00:00,1789801200000,152.75,152.75,152.74,152.74,4.5888,700.927654
2026-09-19 08:00:00+00:00,1789804800000,152.77,152.88,152.58,152.69,30.2187,4615.862217
2026-09-19 09:00:00+00:00,1789808400000,152.68,152.81,152.67,152.71,0.8068,123.217714
2026-09-19 10:00:00+00:00,1789812000000,152.63,152.7,152.47,152.65,9.4558,1442.525076
2026-09-19 11:00:00+00:00,1789815600000,152.69,152.71,152.45,152.7,24.1505,3685.743855
2026-09-19 12:00:00+00:00,1789819200000,152.71,152.73,151.95,152.59,97.5157,14856.739785
2026-09-19 13:00:00+00:00,1789822800000,152.7,152.71,152.59,152.63,1.7812,271.920715
2026-09-19 14:00:00+00:00,1789826400000,152.71,152.72,152.56,152.6,5.1673,788.624602
2026-09-19 15:00:00+00:00,1789830000000,152.72,152.74,151.92,152.45,94.1532,14354.29095
2026-09-19 16:00:00+00:00,1789833600000,152.6,152.65,152.6,152.62,4.3649,666.187904
2026-09-19 17:00:00+00:00,1789837200000,152.63,152.66,152.43,152.43,4.3755,667.790214
2026-09-19 18:00:00+00:00,1789840800000,152.64,152.64,152.44,152.61,2.6834,409.505996
2026-09-19 19:00:00+00:00,1789844400000,152.63,152.63,152.62,152.62,0.5011,76.479477
2026-09-19 20:00:00+00:00,1789848000000,152.61,152.61,152.48,152.48,1.5803,240.969656
2026-09-19 21:00:00+00:00,1789851600000,152.48,152.62,152.46,152.46,1.7232,262.811294
2026-09-19 22:00:00+00:00,1789855200000,152.46,152.62,152.46,152.49,1.5863,241.905666
2026-09-19 23:00:00+00:00,1789858800000,152.5,152.5,152.44,152.44,2.389,364.21719
2026-09-20 00:00:00+00:00,1789862400000,152.45,152.45,152.45,152.45,0.0553,8.430485
2026-09-20 01:00:00+00:00,1789866000000,152.44,152.57,152.43,152.43,1.4738,224.738501
2026-09-20 02:00:00+00:00,1789869600000,152.43,152.6,152.42,152.42,3.6461,555.777944
2026-09-20 03:00:00+00:00,1789873200000,152.42,152.42,152.4,152.41,4.0648,619.498821
2026-09-20 04:00:00+00:00,1789876800000,152.41,152.56,152.03,152.03,4.3093,656.420331
2026-09-20 05:00:00+00:00,1789880400000,152.38,152.56,152.36,152.41,0.9266,141.285246
2026-09-20 06:00:00+00:00,1789884000000,152.6,152.6,152.4,152.47,1.0207,155.619533
2026-09-20 07:00:00+00:00,1789887600000,152.45,152.49,152.16,152.42,14.1873,2162.241383
2026-09-20 08:00:00+00:00,1789891200000,152.23,152.52,152.23,152.52,3.2834,499.977104
2026-09-20 09:00:00+00:00,1789894800000,152.4,152.52,152.31,152.4,2.1664,330.137533
2026-09-20 10:00:00+00:00,1789898400000,152.49,152.52,152.43,152.43,0.9476,144.488076
2026-09-20 11:00:00+00:00,1789902000000,152.47,152.52,152.27,152.52,3.4068,519.436143
2026-09-20 12:00:00+00:00,1789905600000,152.52,152.69,152.46,152.55,5.1457,784.888879
2026-09-20 13:00:00+00:00,1789909200000,152.69,152.73,152.29,152.61,7.4272,1132.830952
2026-09-20 14:00:00+00:00,1789912800000,152.74,152.79,151.83,152.73,74.0128,11267.787782
2026-09-20 15:00:00+00:00,1789916400000,152.74,152.92,152.29,152.92,285.2204,43554.676552
2026-09-20 16:00:00+00:00,1789920000000,152.95,153.1,152.78,153.0,14.4179,2205.673526
2026-09-20 17:00:00+00:00,1789923600000,153.1,153.17,153.07,153.07,6.3069,965.678417
2026-09-20 18:00:00+00:00,1789927200000,153.17,153.45,153.12,153.45,20.711,3175.473388
2026-09-20 19:00:00+00:00,1789930800000,153.24,153.25,153.24,153.25,0.3228,49.467872
2026-09-20 20:00:00+00:00,1789934400000,153.36,153.45,153.32,153.45,1.0314,158.196194
2026-09-20 21:00:00+00:00,1789938000000,153.37,153.37,153.37,153.37,0.404,61.96148
2026-09-20 22:00:00+00:00,1789941600000,153.36,153.41,153.32,153.41,13.7094,2102.457607
2026-09-20 23:00:00+00:00,1789945200000,153.32,153.33,153.32,153.32,1.6191,248.248636
2026-09-21 00:00:00+00:00,1789948800000,153.5,153.8,153.15,153.56,112941.0,17329977.89
2026-09-21 01:00:00+00:00,1789952400000,153.56,153.82,153.52,153.74,86411.0,13279780.55
2026-09-21 02:00:00+00:00,1789956000000,153.72,153.97,153.6,153.83,33677.0,5178550.71
2026-09-21 03:00:00+00:00,1789959600000,153.86,154.37,153.81,154.36,56264.0,8668778.66
2026-09-21 04:00:00+00:00,1789963200000,154.37,154.57,154.14,154.2,50530.0,7800117.85
2026-09-21 05:00:00+00:00,1789966800000,154.2,154.3,153.98,153.98,33196.0,5115580.92
2026-09-21 06:00:00+00:00,1789970400000,154.01,154.11,153.93,153.96,42327.0,6518936.39
2026-09-21 07:00:00+00:00,1789974000000,154.0,154.29,153.97,154.23,32041.0,4939052.13
2026-09-21 08:00:00+00:00,1789977600000,154.03,154.58,153.55,154.48,488777.112251,75367281.94982366
2026-09-21 09:00:00+00:00,1789981200000,154.47,154.57,154.22,154.25,115060.275541,17765094.383170348
2026-09-21 10:00:00+00:00,1789984800000,154.2247,154.5,154.0503,154.21,216241.073434,33357933.84642616
2026-09-21 11:00:00+00:00,1789988400000,154.2,154.25,153.3103,153.5,508733.461724,78196769.19650204
2026-09-21 12:00:00+00:00,1789992000000,153.53,154.0,153.2,153.24,612925.641743,94157871.0917893
2026-09-21 13:00:00+00:00,1789995600000,153.24,156.4,153.1001,155.4937,15940687.410908,2472982652.0857854
2026-09-21 14:00:00+00:00,1789999200000,155.495,158.13,154.9,156.24,16804717.261172,2630937382.667761
2026-09-21 15:00:00+00:00,1790002800000,156.23,157.0,155.0,155.17,9807491.344615,1527996936.0442452
2026-09-21 16:00:00+00:00,1790006400000,155.15,155.49,154.098,154.3693,7917835.303219,1226533166.859871
2026-09-21 17:00:00+00:00,1790010000000,154.36,154.66,153.12,153.2,6277183.381089,966627579.4713635
2026-09-21 18:00:00+00:00,1790013600000,153.21,153.63,151.88,152.52,10265132.757346,1566485224.1128526
2026-09-21 19:00:00+00:00,1790017200000,152.54,152.7,151.64,151.85,11838287.0,1800463323.3641
2026-09-21 20:00:00+00:00,1790020800000,151.86,152.4,151.4103,152.3982,5298805.520351,804687734.9156231
2026-09-21 21:00:00+00:00,1790024400000,152.3992,152.55,152.3001,152.53,522877.107549,79569434.8205635
2026-09-21 22:00:00+00:00,1790028000000,152.53,152.96,152.4015,152.96,199517.595646,30435591.841397848
2026-09-21 23:00:00+00:00,1790031600000,152.95,152.97,152.6025,152.7203,164399.063246,25118339.403361086
2026-09-22 00:00:00+00:00,1790035200000,152.81,153.06,152.7,152.93,58171.0,8895697.14
2026-09-22 01:00:00+00:00,1790038800000,152.93,152.96,152.8,152.85,41159.0,6292337.08
2026-09-22 02:00:00+00:00,1790042400000,152.87,152.98,152.82,152.95,28002.0,4281038.16
2026-09-22 03:00:00+00:00,1790046000000,152.95,153.0,152.82,152.83,19497.0,2981937.67
2026-09-22 04:00:00+00:00,1790049600000,152.87,152.9,152.18,152.27,54233.0,8272621.81
2026-09-22 05:00:00+00:00,1790053200000,152.3,152.7,152.26,152.54,41974.0,6401658.78
2026-09-22 06:00:00+00:00,1790056800000,152.55,152.55,152.16,152.2,60848.0,9269877.41
2026-09-22 07:00:00+00:00,1790060400000,152.21,152.27,152.08,152.16,38100.0,5797839.58
2026-09-22 08:00:00+00:00,1790064000000,152.23,152.95,151.81,152.7069,519598.819964,79112735.3551847
2026-09-22 09:00:00+00:00,1790067600000,152.7069,152.8569,152.34,152.72,132125.383554,20157674.193292618
2026-09-22 10:00:00+00:00,1790071200000,152.71,152.74,152.42,152.65,89334.733126,13632335.92154126
2026-09-22 11:00:00+00:00,1790074800000,152.6,152.7,151.9,152.079,406700.104385,61950210.61542727
2026-09-22 12:00:00+00:00,1790078400000,152.079,152.26,151.82,152.0008,498386.732779,75783262.5371288
2026-09-22 13:00:00+00:00,1790082000000,152.0487,154.47,150.5501,154.2195,11716278.330856,1786373802.052275
2026-09-22 14:00:00+00:00,1790085600000,154.2195,154.94,152.51,154.1523,11291160.953428,1736387559.32035
2026-09-22 15:00:00+00:00,1790089200000,154.155,154.85,152.77,152.89,8043701.356011,1236677132.5447664
2026-09-22 16:00:00+00:00,1790092800000,152.8894,153.67,152.61,153.48,4407698.70638,674729094.7333124
2026-09-22 17:00:00+00:00,1790096400000,153.46,154.22,153.33,153.775,4128144.01714,634584004.264512
2026-09-22 18:00:00+00:00,1790100000000,153.76,154.53,153.37,153.68,4795831.822599,737951033.7942097
2026-09-22 19:00:00+00:00,1790103600000,153.65,154.86,153.175,154.72,8982985.31496,1383961034.589978
2026-09-22 20:00:00+00:00,1790107200000,154.72,154.73,153.4398,154.24,4670521.165311,722171723.1463152
2026-09-22 21:00:00+00:00,1790110800000,154.2462,155.1944,154.1,154.131,1125118.771084,173426181.60588542
2026-09-22 22:00:00+00:00,1790114400000,154.13,154.3761,154.13,154.22,85854.188341,13244872.522456499
2026-09-22 23:00:00+00:00,1790118000000,154.22,154.3,154.17,154.21,105026.766765,16197063.09973908
2026-09-23 00:00:00+00:00,1790121600000,154.34,154.48,154.27,154.31,22261.0,3436449.33
2026-09-23 01:00:00+00:00,1790125200000,154.31,154.38,154.03,154.09,26181.0,4037066.3
2026-09-23 02:00:00+00:00,1790128800000,154.09,154.17,154.0,154.12,32847.0,5060726.05
2026-09-23 03:00:00+00:00,1790132400000,154.11,154.15,154.05,154.15,38771.0,5975062.7
2026-09-23 04:00:00+00:00,1790136000000,154.15,154.47,154.1,154.37,23668.0,3652651.13
2026-09-23 05:00:00+00:00,1790139600000,154.38,154.38,154.23,154.26,14112.0,2177934.81
2026-09-23 06:00:00+00:00,1790143200000,154.27,154.48,154.26,154.4,12636.0,1950669.56
2026-09-23 07:00:00+00:00,1790146800000,154.38,154.42,154.27,154.3,11522.0,1778455.46
2026-09-23 08:00:00+00:00,1790150400000,154.32,154.79,154.09,154.3972,190756.958202,29454035.39278627
2026-09-23 09:00:00+00:00,1790154000000,154.33,154.5988,154.27,154.3558,40911.516741,6316122.917603689
2026-09-23 10:00:00+00:00,1790157600000,154.3558,154.4322,154.1,154.2984,57018.117285,8799468.522088302
2026-09-23 11:00:00+00:00,1790161200000,154.3,154.3,153.21,153.79,369319.863439,56751771.36234384
2026-09-23 12:00:00+00:00,1790164800000,153.7882,153.79,153.2,153.63,250893.292406,38519391.184703276
2026-09-23 13:00:00+00:00,1790168400000,153.6087,154.26,152.3,153.68,6917810.545783,1061692351.7145798
2026-09-23 14:00:00+00:00,1790172000000,153.665,154.25,152.05,152.77,8530290.0,1304647231.2448
2026-09-23 15:00:00+00:00,1790175600000,152.77,152.95,151.88,152.08,5166444.719151,786541787.5586624
2026-09-23 16:00:00+00:00,1790179200000,152.0738,152.335,151.17,151.3267,4347036.263723,659832318.1190773
2026-09-23 17:00:00+00:00,1790182800000,151.31,151.48,149.77,149.87,8746763.0,1316146343.5721
2026-09-23 18:00:00+00:00,1790186400000,149.88,149.91,148.832,149.055,8456757.859233,1262033360.1769276
2026-09-23 19:00:00+00:00,1790190000000,149.045,149.29,147.89,148.36,14011961.743348,2080605452.4409316
2026-09-23 20:00:00+00:00,1790193600000,148.36,148.87,147.91,148.76,5892072.929289001,874111518.6938322
2026-09-23 21:00:00+00:00,1790197200000,148.77,149.11,148.74,149.0001,240115.077605,35748016.92013084
2026-09-23 22:00:00+00:00,1790200800000,149.03,149.11,148.78,148.9255,204667.135466,30488601.357854508
2026-09-23 23:00:00+00:00,1790204400000,148.929,149.05,148.7,148.76,181590.714153,27032876.469032124
2026-09-24 00:00:00+00:00,1790208000000,149.05,149.05,148.74,148.87,29015.0,4319021.05
2026-09-24 01:00:00+00:00,1790211600000,148.87,149.1,148.83,148.97,21688.0,3230961.74
2026-09-24 02:00:00+00:00,1790215200000,149.0,149.03,148.84,149.0,25955.0,3865262.51
2026-09-24 03:00:00+00:00,1790218800000,148.99,149.06,148.71,148.76,22033.0,3280769.38
2026-09-24 04:00:00+00:00,1790222400000,148.75,148.9,148.5,148.88,20634.0,3068738.86
2026-09-24 05:00:00+00:00,1790226000000,148.87,148.99,148.53,148.53,28893.0,4297990.53
2026-09-24 06:00:00+00:00,1790229600000,148.53,148.6,148.07,148.13,39837.0,5909399.15
2026-09-24 07:00:00+00:00,1790233200000,148.15,148.6,148.07,148.26,41347.0,6133068.3
2026-09-24 08:00:00+00:00,1790236800000,148.26,149.0,147.3,147.449,565001.537084,83595652.70608723
2026-09-24 09:00:00+00:00,1790240400000,147.47,147.7,147.0,147.3657,173962.712195,25629506.693680543
2026-09-24 10:00:00+00:00,1790244000000,147.38,148.28,147.2,148.05,228608.637264,33781588.55357953
2026-09-24 11:00:00+00:00,1790247600000,148.035,148.28,147.36,148.12,1224837.06445,181238684.9330912
2026-09-24 12:00:00+00:00,1790251200000,148.168,149.2,147.75,149.16,769860.87386,114316965.88090184
2026-09-24 13:00:00+00:00,1790254800000,149.2287,149.6212,145.88,146.905,18887357.727484,2785047029.0814834
2026-09-24 14:00:00+00:00,1790258400000,146.89,147.99,146.6,146.72,11198821.0,1650161198.573
2026-09-24 15:00:00+00:00,1790262000000,146.71,148.89,146.582,148.575,8560749.985275,1264107141.302564
2026-09-24 16:00:00+00:00,1790265600000,148.57,148.78,147.84,147.9892,8151245.0,1208429867.3336
2026-09-24 17:00:00+00:00,1790269200000,147.97,148.36,147.63,147.84,4914594.811439,727240355.4858042
2026-09-24 18:00:00+00:00,1790272800000,147.86,148.05,147.305,147.595,5061302.950824,747354555.6253713
2026-09-24 19:00:00+00:00,1790276400000,147.595,148.185,146.6,148.03,13197673.775568,1945931846.0090327
2026-09-24 20:00:00+00:00,1790280000000,148.03,148.18,147.5201,147.87,4732183.358995001,700502178.1986924
2026-09-24 21:00:00+00:00,1790283600000,147.8865,148.1451,147.68,147.87,85119.436678,12585263.813781653
2026-09-24 22:00:00+00:00,1790287200000,147.85,147.97,147.8,147.94,69318.822663,10249176.57121748
2026-09-24 23:00:00+00:00,1790290800000,147.9302,147.95,147.7005,147.78,70881.42002,10481386.006537694
2026-09-25 00:00:00+00:00,1790294400000,147.77,148.2,147.77,148.13,29977.0,4438293.69
2026-09-25 01:00:00+00:00,1790298000000,148.13,148.42,148.06,148.28,33983.0,5039548.49
2026-09-25 02:00:00+00:00,1790301600000,148.29,148.47,148.21,148.29,20539.0,3046660.6
2026-09-25 03:00:00+00:00,1790305200000,148.3,148.43,148.24,148.3,18716.0,2776413.22
2026-09-25 04:00:00+00:00,1790308800000,148.3,148.5,148.21,148.49,19380.0,2876231.1
2026-09-25 05:00:00+00:00,1790312400000,148.49,148.75,148.42,148.69,24218.0,3598222.86
